,,,,,,,,,,,,,,,,,,,,,,,,,,,,,,,,,,Class,1,1,1,1,NA,NA
,,,,,,,,,,,,,,,,,,,,,,,,,,,,,,,,,,File type,Sample,Sample,Sample,Sample,NA,NA
,,,,,,,,,,,,,,,,,,,,,,,,,,,,,,,,,,Injection order,1,2,3,4,NA,NA
,,,,,,,,,,,,,,,,,,,,,,,,,,,,,,,,,,Batch ID,1,1,1,1,Average,Stdev
Alignment ID,Average Rt(min),Average Mz,Metabolite name,Adduct type,Post curation result,Fill %,MS/MS assigned,Reference RT,Reference m/z,Formula,Ontology,INCHIKEY,SMILES,Annotation tag (VS1.0),RT matched,m/z matched,MS/MS matched,Comment,Manually modified for quantification,Manually modified for annotation,Isotope tracking parent ID,Isotope tracking weight number,RT similarity,m/z similarity,Simple dot product,Weighted dot product,Reverse dot product,Matched peaks count,Matched peaks percentage,Total score,S/N average,Spectrum reference file name,MS1 isotopic spectrum,MS/MS spectrum,P Sandie 100 Serum I_GD1_01_66531,P Sandie 100 Serum II_GD1_01_66532,P Sandie 100 Serum III_GD1_01_66533,P Sandie 100 Serum IV_GD1_01_66534,1,1
0,75.868,369.35092,no MS2: RIKEN P-VS1 ID-2084 from Mouse_Plasma_ApoEKO_N_F1EPA,[M+H]+,null,1.00,False,15.240,369.34921,null,Unknown,null,null,530,False,True,False,Normalized unit: Intensity; Annotation method: Msp20260116160945_NCDK_conventional_converted_dev_1,False,False,0,0,0.00,0.97,null,null,null,-1.00,-1.00,-0.141,725.49,P Sandie 100 Serum II_GD1_01_66532,369.35040:377964 370.35507:116862 371.35974:15282,null,7986497,8232519,8454510,9029086,8425652.85737498,445392.242084022
1,74.727,369.35114,no MS2: ST 27:1;O,[M+H-H2O]+,null,1.00,False,8.638,369.35159,C27H46O,ST,HVYWMOMLDIMFJA-UHFFFAOYSA-N,OC1CC2=CCC3C(CCC4(C)C(CCC34)C(C)CCCC(C)C)C2(C)CC1,530,False,True,False,Normalized unit: Intensity; Annotation method: Msp20260116160945_NCDK_conventional_converted_dev_1,False,False,1,0,0.00,1.00,null,null,null,-1.00,-1.00,-0.145,712.50,P Sandie 100 Serum IV_GD1_01_66534,369.35114:407930 370.35580:120640 371.36047:18646,null,6851812,7179809,7580760,8004402,7404195.97967188,498965.391466428
2,69.346,369.35117,no MS2: ST 27:1;O,[M+H-H2O]+,null,0.50,False,8.638,369.35159,C27H46O,ST,HVYWMOMLDIMFJA-UHFFFAOYSA-N,OC1CC2=CCC3C(CCC4(C)C(CCC34)C(C)CCCC(C)C)C2(C)CC1,530,False,True,False,Normalized unit: Intensity; Annotation method: Msp20260116160945_NCDK_conventional_converted_dev_1,False,False,2,0,0.00,1.00,null,null,null,-1.00,-1.00,-0.145,125.61,P Sandie 100 Serum IV_GD1_01_66534,369.35117:74684 370.35583:21092 371.36050:2474,null,710803,803773,878512,917115,827550.797281252,90947.165179792
3,71.033,369.35129,no MS2: ST 27:1;O,[M+H-H2O]+,null,1.00,False,8.638,369.35159,C27H46O,ST,HVYWMOMLDIMFJA-UHFFFAOYSA-N,OC1CC2=CCC3C(CCC4(C)C(CCC34)C(C)CCCC(C)C)C2(C)CC1,530,False,True,False,Normalized unit: Intensity; Annotation method: Msp20260116160945_NCDK_conventional_converted_dev_1,False,False,3,0,0.00,1.00,null,null,null,-1.00,-1.00,-0.143,616.12,P Sandie 100 Serum II_GD1_01_66532,369.35165:326052 370.35632:94784 371.36099:16716,null,4534117,5056912,5223580,5435212,5062455.27995312,384742.564828406
4,72.086,369.35187,no MS2: ST 27:1;O,[M+H-H2O]+,null,1.00,False,8.638,369.35159,C27H46O,ST,HVYWMOMLDIMFJA-UHFFFAOYSA-N,OC1CC2=CCC3C(CCC4(C)C(CCC34)C(C)CCCC(C)C)C2(C)CC1,530,False,True,False,Normalized unit: Intensity; Annotation method: Msp20260116160945_NCDK_conventional_converted_dev_1,False,False,4,0,0.00,1.00,null,null,null,-1.00,-1.00,-0.144,1380.67,P Sandie 100 Serum IV_GD1_01_66534,369.35187:752346 370.35654:216868 371.36120:32606,null,14269651,15958475,16097486,16650296,15743977.1890312,1027299.16916291
5,32.732,369.35205,no MS2: ST 27:1;O,[M+H-H2O]+,null,1.00,False,8.638,369.35159,C27H46O,ST,HVYWMOMLDIMFJA-UHFFFAOYSA-N,OC1CC2=CCC3C(CCC4(C)C(CCC34)C(C)CCCC(C)C)C2(C)CC1,530,False,True,False,Normalized unit: Intensity; Annotation method: Msp20260116160945_NCDK_conventional_converted_dev_1,False,False,5,0,0.00,1.00,null,null,null,-1.00,-1.00,-0.143,194.08,P Sandie 100 Serum II_GD1_01_66532,369.35138:113376 370.35605:35954 371.36071:5874,null,1300429,1509397,1494044,1579263,1470783.52792187,119471.855963105
6,20.539,391.28561,no MS2: Dioctyl phthalate (also known as the production of plastic),[M+H]+,null,1.00,False,7.431,391.28427,C24H38O4,Others,MQIUGAXCHLFZKX-UHFFFAOYSA-N,CCCCCCCCOC(=O)C1=C(C=CC=C1)C(=O)OCCCCCCCC,530,False,True,False,Normalized unit: Intensity; Annotation method: Msp20260116160945_NCDK_conventional_converted_dev_1,False,False,6,0,0.00,1.00,null,null,null,-1.00,-1.00,-0.143,3747.37,P Sandie 100 Serum II_GD1_01_66532,391.28430:345138 392.28897:113916 393.29364:15764,null,2954777,3114857,3354559,3352593,3194196.53021874,195296.295241494
7,32.732,409.34515,no MS2: ST 27:1;O,[M+Na]+,null,1.00,False,8.638,409.34409,C27H46O,ST,HVYWMOMLDIMFJA-UHFFFAOYSA-N,OC1CC2=CCC3C(CCC4(C)C(CCC34)C(C)CCCC(C)C)C2(C)CC1,530,False,True,False,Normalized unit: Intensity; Annotation method: Msp20260116160945_NCDK_conventional_converted_dev_1,False,False,7,0,0.00,1.00,null,null,null,-1.00,-1.00,-0.143,1211.18,P Sandie 100 Serum II_GD1_01_66532,409.34433:74466 410.34900:21874 411.35367:3016,null,824192,912592,933425,974640,911212.399749999,63484.977076973
8,20.539,413.26752,no MS2: Dioctyl phthalate (also known as the production of plastic),[M+Na]+,null,1.00,False,7.435,413.26624,C24H38O4,Others,MQIUGAXCHLFZKX-UHFFFAOYSA-N,CCCCCCCCOC(=O)C1=CC=CC=C1C(=O)OCCCCCCCC,530,False,True,False,Normalized unit: Intensity; Annotation method: Msp20260116160945_NCDK_conventional_converted_dev_1,False,False,8,0,0.00,1.00,null,null,null,-1.00,-1.00,-0.143,2651.68,P Sandie 100 Serum II_GD1_01_66532,413.26611:320750 414.27078:84518 415.27545:12946,null,3187443,3295345,3292229,3224049,3249766.69939062,52997.2182365032
9,30.472,429.37350,no MS2: NAOrn 19:0;O,[M+H]+,null,0.50,False,7.476,429.36871,C24H48N2O4,NAOrn,NLINSKFNHFZJMM-UHFFFAOYSA-N,O=C(NC(C(=O)O)CCCN)CC(O)CCCCCCCCCCCCCCCC,530,False,True,False,Normalized unit: Intensity; Annotation method: Msp20260116160945_NCDK_conventional_converted_dev_1,False,False,9,0,0.00,0.63,null,null,null,-1.00,-1.00,-0.327,665.88,P Sandie 100 Serum IV_GD1_01_66534,429.37350:63708 430.37817:20216 431.38284:3160,null,713365,765507,856862,899805,808884.859890624,84801.4360124811
10,20.539,435.32300,no MS2: NAOrn 20:4;O,[M+H]+,null,1.00,False,5.430,435.32169,C25H42N2O4,NAOrn,JTVXKANNMRGXBT-UHFFFAOYSA-N,O=C(O)C(NC(=O)CC(O)CCCCC=CCC=CCC=CCC=CCC)CCCN,530,False,True,False,Normalized unit: Intensity; Annotation method: Msp20260116160945_NCDK_conventional_converted_dev_1,False,False,10,0,0.00,1.00,null,null,null,-1.00,-1.00,-0.143,1042.02,P Sandie 100 Serum II_GD1_01_66532,435.32175:65192 436.32641:17814 437.33108:2878,null,706187,722180,763140,722028,728383.659749999,24355.6001610083
11,10.103,468.30771,no MS2: PE O-17:0|PE O-8:0_9:0,[M+H]+,null,1.00,False,6.461,468.30850,C22H46NO7P,EtherPE,IKGPZDUJSSAYQG-UHFFFAOYSA-N,O=C(OC(COCCCCCCCC)COP(=O)(O)OCCN)CCCCCCCC,530,False,True,False,Normalized unit: Intensity; Annotation method: Msp20260116160945_NCDK_conventional_converted_dev_1,False,False,11,0,0.00,1.00,null,null,null,-1.00,-1.00,-0.144,1252.72,P Sandie 100 Serum II_GD1_01_66532,468.30817:92018 469.31283:24402 470.31750:3650,null,533805,562026,594661,610933,575356.184109375,34363.7606925925
12,30.475,469.36572,no MS2: NAGly 24:3;O2|NAGly 8:0;O(FA 16:2),[M+NH4]+,null,1.00,False,6.636,469.36359,C26H45NO5,NAGly,ONCCAFAPDLKMOX-UHFFFAOYSA-N,O=C(O)CNC(=O)CCCC(OC(=O)CCCCCCCC=CCC=CCCC)CCC,530,False,True,False,Normalized unit: Intensity; Annotation method: Msp20260116160945_NCDK_conventional_converted_dev_1,False,False,12,0,0.00,1.00,null,null,null,-1.00,-1.00,-0.145,1269.11,P Sandie 100 Serum II_GD1_01_66532,469.36407:97166 470.36874:31636 471.37341:5330,null,1268902,1371805,1432738,1502588,1394008.24684375,99052.3233370895
13,13.553,478.32959,no MS2: LPC O-16:2,[M+H-H2O]+,null,1.00,False,6.160,478.32919,C24H48NO6P,EtherLPC,UOPHUBYUKOXZMA-UHFFFAOYSA-N,O=P([O-])(OCC[N+](C)(C)C)OCC(OCCCCCCCCC=CCC=CCCC)CO,530,False,True,False,Normalized unit: Intensity; Annotation method: Msp20260116160945_NCDK_conventional_converted_dev_1,False,False,13,0,0.00,1.00,null,null,null,-1.00,-1.00,-0.143,3316.22,P Sandie 100 Serum III_GD1_01_66533,478.32922:210834 479.33389:57538 480.33856:9522,null,1218391,1316398,1311757,1398896,1311360.21425,73782.0200058066
14,14.769,480.34616,no MS2: Cer 29:6;O2|Cer 12:2;O2/17:4,[M+Na]+,null,1.00,False,6.904,480.34479,C29H47NO3,Cer_NS,AVUPTUJEMLICEL-UHFFFAOYSA-N,O=C(NC(CO)C(O)C=CCCC=CCCC)CCCC=CCC=CCC=CCC=CCC,530,False,True,False,Normalized unit: Intensity; Annotation method: Msp20260116160945_NCDK_conventional_converted_dev_1,False,False,14,0,0.00,1.00,null,null,null,-1.00,-1.00,-0.143,1513.66,P Sandie 100 Serum II_GD1_01_66532,480.34485:153054 481.34952:41506 482.35418:6334,null,787092,883419,920904,952084,885874.592015627,71588.8140622846
15,11.905,482.32391,no MS2: PE O-18:0|PE O-8:0_10:0,[M+H]+,null,1.00,False,6.778,482.32410,C23H48NO7P,EtherPE,ISGKNNWWOJWCLP-UHFFFAOYSA-N,O=C(OC(COCCCCCCCC)COP(=O)(O)OCCN)CCCCCCCCC,530,False,True,False,Normalized unit: Intensity; Annotation method: Msp20260116160945_NCDK_conventional_converted_dev_1,False,False,15,0,0.00,1.00,null,null,null,-1.00,-1.00,-0.143,1038.89,P Sandie 100 Serum II_GD1_01_66532,482.32419:85030 483.32886:20886 484.33352:5038,null,470163,521180,554423,559430,526299.370671875,41093.5849144564
16,15.075,482.36169,no MS2: Cer 31:7;O3|Cer 13:2;O2/18:5;O,[M+H-H2O]+,null,1.00,False,6.851,482.36292,C31H49NO4,Cer_HS,XYGAIRNEJUZPDG-UHFFFAOYSA-N,O=C(NC(CO)C(O)C=CCCC=CCCCC)C(O)C=CCC=CCC=CCC=CCC=CCC,530,False,True,False,Normalized unit: Intensity; Annotation method: Msp20260116160945_NCDK_conventional_converted_dev_1,False,False,16,0,0.00,1.00,null,null,null,-1.00,-1.00,-0.143,2026.87,P Sandie 100 Serum I_GD1_01_66531,482.36267:166144 483.36734:45090 484.37201:7340,null,925640,1051577,1080317,1105747,1040820.14676562,79911.9227225336
17,11.215,494.32416,no MS2: PC O-16:1|PC O-8:0_8:1,[M+H]+,null,1.00,False,5.283,494.32410,C24H48NO7P,EtherPC,LGLMQQWIHREYEK-UHFFFAOYSA-N,O=C(OC(COCCCCCCCC)COP(=O)([O-])OCC[N+](C)(C)C)CCC=CCCC,530,False,True,False,Normalized unit: Intensity; Annotation method: Msp20260116160945_NCDK_conventional_converted_dev_1,False,False,17,0,0.00,1.00,null,null,null,-1.00,-1.00,-0.143,1603.33,P Sandie 100 Serum III_GD1_01_66533,494.32416:139604 495.32883:36088 496.33349:5770,null,725089,831723,852370,879228,822102.541671874,67536.4097005861
18,13.553,496.33972,no MS2: PC O-16:0|PC O-8:0_8:0,[M+H]+,null,1.00,False,5.632,496.33981,C24H50NO7P,EtherPC,GDMHMXIBVHRZGP-UHFFFAOYSA-N,O=C(OC(COCCCCCCCC)COP(=O)([O-])OCC[N+](C)(C)C)CCCCCCC,530,False,True,False,Normalized unit: Intensity; Annotation method: Msp20260116160945_NCDK_conventional_converted_dev_1,False,False,18,0,0.00,1.00,null,null,null,-1.00,-1.00,-0.143,93516.22,P Sandie 100 Serum II_GD1_01_66532,496.33984:7411466 497.34451:2352418 498.34918:443464,null,47724118,50789968,52369560,52929880,50953381.6312812,2335733.93065608
19,12.864,496.33987,no MS2: PC O-16:0|PC O-8:0_8:0,[M+H]+,null,1.00,False,5.632,496.33981,C24H50NO7P,EtherPC,GDMHMXIBVHRZGP-UHFFFAOYSA-N,O=C(OC(COCCCCCCCC)COP(=O)([O-])OCC[N+](C)(C)C)CCCCCCC,530,False,True,False,Normalized unit: Intensity; Annotation method: Msp20260116160945_NCDK_conventional_converted_dev_1,False,False,19,0,0.00,1.00,null,null,null,-1.00,-1.00,-0.143,16122.23,P Sandie 100 Serum IV_GD1_01_66534,496.33987:1366162 497.34454:409386 498.34921:69484,null,7698612,8144732,8690121,8786459,8329980.84770312,506957.263168486
20,13.553,496.46484,Unknown,[M+H]+,null,1.00,False,null,null,null,null,null,null,999,False,False,False,Normalized unit: Intensity,False,False,20,0,0.00,null,null,null,null,null,null,null,1405.28,P Sandie 100 Serum IV_GD1_01_66534,496.46484:110446 497.46951:9580 498.47418:0,null,530409,609729,608309,632685,595282.960812499,44668.8422067244
21,13.553,496.55774,Unknown,[M+H]+,null,1.00,False,null,null,null,null,null,null,999,False,False,False,Normalized unit: Intensity,False,False,21,0,0.00,null,null,null,null,null,null,null,1657.87,P Sandie 100 Serum IV_GD1_01_66534,496.55774:96370 497.56241:9010 498.56707:0,null,456687,505677,499246,551616,503306.702296874,38855.5462155931
22,13.553,496.87607,Unknown,[M+H]+,null,1.00,False,null,null,null,null,null,null,999,False,False,False,Normalized unit: Intensity,False,False,22,0,0.00,null,null,null,null,null,null,null,2485.17,P Sandie 100 Serum IV_GD1_01_66534,496.87607:254464 497.88074:39836 498.88540:1340,null,1338351,1453499,1420933,1540716,1438374.90504687,83688.5750792883
23,16.540,506.36157,no MS2: Cer 31:7;O2|Cer 12:2;O2/19:5,[M+H-H2O]+,null,1.00,False,6.957,506.36050,C31H49NO3,Cer_NS,WKHZKJNBPHMLGH-UHFFFAOYSA-N,O=C(NC(CO)C(O)C=CCCC=CCCC)CCC=CCC=CCC=CCC=CCC=CCC,530,False,True,False,Normalized unit: Intensity; Annotation method: Msp20260116160945_NCDK_conventional_converted_dev_1,False,False,23,0,0.00,1.00,null,null,null,-1.00,-1.00,-0.145,1230.39,P Sandie 100 Serum III_GD1_01_66533,506.36008:81866 507.36474:23630 508.36941:4422,null,508111,518037,544361,587641,539537.540109375,35529.8600228669
24,15.829,508.37674,no MS2: Cer 33:8;O3|Cer 15:3;O2/18:5;O,[M+H-H2O]+,null,1.00,False,6.788,508.37851,C33H51NO4,Cer_HS,RDYFHFWQUGNUIK-UHFFFAOYSA-N,O=C(NC(CO)C(O)C=CCCC=CCCC=CCC)C(O)C=CCC=CCC=CCC=CCC=CCC,530,False,True,False,Normalized unit: Intensity; Annotation method: Msp20260116160945_NCDK_conventional_converted_dev_1,False,False,24,0,0.00,0.99,null,null,null,-1.00,-1.00,-0.145,1355.36,P Sandie 100 Serum I_GD1_01_66531,508.37799:105368 509.38266:28448 510.38733:5336,null,650880,694632,718604,754258,704593.650093749,43386.5067531678
25,15.057,510.35614,no MS2: PC O-17:0|PC O-8:0_9:0,[M+H]+,null,1.00,False,6.183,510.35541,C25H52NO7P,EtherPC,UHSLTHBXDXKKEO-UHFFFAOYSA-N,O=C(OC(COCCCCCCCC)COP(=O)([O-])OCC[N+](C)(C)C)CCCCCCCC,530,False,True,False,Normalized unit: Intensity; Annotation method: Msp20260116160945_NCDK_conventional_converted_dev_1,False,False,25,0,0.00,0.99,null,null,null,-1.00,-1.00,-0.148,2806.41,P Sandie 100 Serum II_GD1_01_66532,510.35471:219076 511.35937:61334 512.36404:10688,null,1075064,1217977,1244268,1280253,1204390.34148437,89917.3341120831
26,14.738,510.35660,no MS2: PC O-17:0|PC O-8:0_9:0,[M+H]+,null,0.75,False,6.183,510.35541,C25H52NO7P,EtherPC,UHSLTHBXDXKKEO-UHFFFAOYSA-N,O=C(OC(COCCCCCCCC)COP(=O)([O-])OCC[N+](C)(C)C)CCCCCCCC,530,False,True,False,Normalized unit: Intensity; Annotation method: Msp20260116160945_NCDK_conventional_converted_dev_1,False,False,26,0,0.00,1.00,null,null,null,-1.00,-1.00,-0.144,847.60,P Sandie 100 Serum II_GD1_01_66532,510.35504:74288 511.35971:21972 512.36438:3656,null,530667,599121,616715,642977,597369.968921875,47981.4775425716
27,12.864,518.32166,no MS2: LPC 16:0,[M+Na]+,null,1.00,False,6.131,518.32172,C24H50NO7P,LPC,ASWBNKHCZGQVJV-UHFFFAOYSA-N,O=C(OCC(O)COP(=O)([O-])OCC[N+](C)(C)C)CCCCCCCCCCCCCCC,530,False,True,False,Normalized unit: Intensity; Annotation method: Msp20260116160945_NCDK_conventional_converted_dev_1,False,False,27,0,0.00,1.00,null,null,null,-1.00,-1.00,-0.143,2958.78,P Sandie 100 Serum IV_GD1_01_66534,518.32166:283638 519.32632:67980 520.33099:13820,null,1373126,1570056,1645517,1786143,1593710.47635937,172173.355972532
28,13.553,518.32178,no MS2: LPC 16:0,[M+Na]+,null,1.00,False,6.131,518.32172,C24H50NO7P,LPC,ASWBNKHCZGQVJV-UHFFFAOYSA-N,O=C(OCC(O)COP(=O)([O-])OCC[N+](C)(C)C)CCCCCCCCCCCCCCC,530,False,True,False,Normalized unit: Intensity; Annotation method: Msp20260116160945_NCDK_conventional_converted_dev_1,False,False,28,0,0.00,1.00,null,null,null,-1.00,-1.00,-0.143,16558.48,P Sandie 100 Serum IV_GD1_01_66534,518.32178:1389472 519.32645:355314 520.33111:60816,null,8887704,9654990,9912317,10366821,9705457.86056249,619532.237555626
29,12.541,520.33929,no MS2: PE O-21:2|PE O-13:1_8:1,[M+H]+,null,1.00,False,6.504,520.33978,C26H50NO7P,EtherPE,FOTOPSOAFDHFNP-UHFFFAOYSA-N,O=C(OC(COCCCCCCCCC=CCCC)COP(=O)(O)OCCN)CCC=CCCC,530,False,True,False,Normalized unit: Intensity; Annotation method: Msp20260116160945_NCDK_conventional_converted_dev_1,False,False,29,0,0.00,1.00,null,null,null,-1.00,-1.00,-0.143,20155.32,P Sandie 100 Serum IV_GD1_01_66534,520.33972:1901982 521.34439:619956 522.34906:109224,null,10538559,11156095,11873554,11882702,11362727.4895781,646340.292238173
30,11.878,520.33929,no MS2: PE O-21:2|PE O-13:1_8:1,[M+H]+,null,1.00,False,6.504,520.33978,C26H50NO7P,EtherPE,FOTOPSOAFDHFNP-UHFFFAOYSA-N,O=C(OC(COCCCCCCCCC=CCCC)COP(=O)(O)OCCN)CCC=CCCC,530,False,True,False,Normalized unit: Intensity; Annotation method: Msp20260116160945_NCDK_conventional_converted_dev_1,False,False,30,0,0.00,1.00,null,null,null,-1.00,-1.00,-0.143,2786.19,P Sandie 100 Serum II_GD1_01_66532,520.33954:235278 521.34421:67316 522.34887:11406,null,1359335,1471515,1565015,1618730,1503648.74809375,113824.823809353
31,13.784,522.35486,no MS2: PC O-18:1|PC O-8:0_10:1,[M+H]+,null,1.00,False,6.132,522.35541,C26H52NO7P,EtherPC,LJRRIGXUSMYHGY-UHFFFAOYSA-N,O=C(OC(COCCCCCCCC)COP(=O)([O-])OCC[N+](C)(C)C)CCCCC=CCCC,530,False,True,False,Normalized unit: Intensity; Annotation method: Msp20260116160945_NCDK_conventional_converted_dev_1,False,False,31,0,0.00,1.00,null,null,null,-1.00,-1.00,-0.144,2987.54,P Sandie 100 Serum IV_GD1_01_66534,522.35571:225490 523.36038:61348 524.36505:12266,null,1249826,1391554,1508787,1499239,1412351.59717188,120687.365101241
32,14.412,522.35620,no MS2: PC O-18:1|PC O-8:0_10:1,[M+H]+,null,1.00,False,6.132,522.35541,C26H52NO7P,EtherPC,LJRRIGXUSMYHGY-UHFFFAOYSA-N,O=C(OC(COCCCCCCCC)COP(=O)([O-])OCC[N+](C)(C)C)CCCCC=CCCC,530,False,True,False,Normalized unit: Intensity; Annotation method: Msp20260116160945_NCDK_conventional_converted_dev_1,False,False,32,0,0.00,1.00,null,null,null,-1.00,-1.00,-0.143,22810.17,P Sandie 100 Serum II_GD1_01_66532,522.35529:1759180 523.35995:571640 524.36462:107262,null,11040727,11973699,12942930,13179683,12284259.8741562,979532.292911078
33,14.791,522.35632,no MS2: PC O-18:1|PC O-8:0_10:1,[M+H]+,null,1.00,False,6.132,522.35541,C26H52NO7P,EtherPC,LJRRIGXUSMYHGY-UHFFFAOYSA-N,O=C(OC(COCCCCCCCC)COP(=O)([O-])OCC[N+](C)(C)C)CCCCC=CCCC,530,False,True,False,Normalized unit: Intensity; Annotation method: Msp20260116160945_NCDK_conventional_converted_dev_1,False,False,33,0,0.00,0.99,null,null,null,-1.00,-1.00,-0.146,3462.13,P Sandie 100 Serum II_GD1_01_66532,522.35480:196970 523.35947:58582 524.36413:11406,null,1610835,1758316,1893312,1985692,1812038.8611875,163431.74774539
34,15.851,524.37170,no MS2: Cer 33:8;O4|Cer 15:3;O3/18:5(2OH),[M+H-H2O]+,null,1.00,False,6.502,524.37341,C33H51NO5,Cer_AP,UDCZHJHDNKQJKN-UHFFFAOYSA-N,O=C(NC(CO)C(O)C(O)C=CCCC=CCCC=CC)C(O)C=CCC=CCC=CCC=CCC=CCC,530,False,True,False,Normalized unit: Intensity; Annotation method: Msp20260116160945_NCDK_conventional_converted_dev_1,False,False,34,0,0.00,1.00,null,null,null,-1.00,-1.00,-0.145,6667.02,P Sandie 100 Serum I_GD1_01_66531,524.37292:664716 525.37759:191566 526.38226:35506,null,4186149,4667525,4758213,4961633,4643380.07564062,328691.78742053
35,16.540,524.37201,no MS2: Cer 33:8;O4|Cer 15:3;O3/18:5(2OH),[M+H-H2O]+,null,1.00,False,6.502,524.37341,C33H51NO5,Cer_AP,UDCZHJHDNKQJKN-UHFFFAOYSA-N,O=C(NC(CO)C(O)C(O)C=CCCC=CCCC=CC)C(O)C=CCC=CCC=CCC=CCC=CCC,530,False,True,False,Normalized unit: Intensity; Annotation method: Msp20260116160945_NCDK_conventional_converted_dev_1,False,False,35,0,0.00,1.00,null,null,null,-1.00,-1.00,-0.144,47647.95,P Sandie 100 Serum I_GD1_01_66531,524.37305:4839694 525.37771:1501550 526.38238:294702,null,33408481,36396679,37074784,37663317,36135815.4512656,1890443.02456996
36,16.546,524.50079,no MS2: Cer 33:0;O3|Cer 12:0;O2/21:0;O,[M+H-H2O]+,null,0.25,False,9.140,524.50372,C33H67NO4,Cer_HDS,BCVVFTNPXYSLBJ-UHFFFAOYSA-N,O=C(NC(CO)C(O)CCCCCCCCC)C(O)CCCCCCCCCCCCCCCCCCC,530,False,True,False,Normalized unit: Intensity; Annotation method: Msp20260116160945_NCDK_conventional_converted_dev_1,False,False,36,0,0.00,0.86,null,null,null,-1.00,-1.00,-0.215,1066.78,P Sandie 100 Serum IV_GD1_01_66534,524.50079:69196 525.50546:8412 526.51013:772,null,299560,315631,323921,383163,330568.61534375,36491.9737065746
37,16.546,524.59393,Unknown,[M+H]+,null,0.25,False,null,null,null,null,null,null,999,False,False,False,Normalized unit: Intensity,False,False,37,0,0.00,null,null,null,null,null,null,null,1366.08,P Sandie 100 Serum IV_GD1_01_66534,524.59393:62840 525.59860:7440 526.60327:730,null,294303,320111,322934,366339,325921.52971875,29866.3595820934
38,16.540,524.92303,Unknown,[M+H]+,null,1.00,False,null,null,null,null,null,null,999,False,False,False,Normalized unit: Intensity,False,False,38,0,0.00,null,null,null,null,null,null,null,1198.59,P Sandie 100 Serum IV_GD1_01_66534,524.92303:167570 525.92770:22830 526.93237:1026,null,797239,894814,933504,986865,903105.492625,80033.4620859111
39,45.423,540.30353,no MS2: RIKEN P-VS1 ID-4828 from Mouse_Plasma_ApoEKO_N_Ctr,[M+H]+,null,0.25,False,6.250,540.30072,null,Unknown,null,null,530,False,True,False,Normalized unit: Intensity; Annotation method: Msp20260116160945_NCDK_conventional_converted_dev_1,False,False,39,0,0.00,0.87,null,null,null,-1.00,-1.00,-0.185,635.54,P Sandie 100 Serum IV_GD1_01_66534,540.30353:57118 541.30820:16932 542.31286:2874,null,777263,989478,1109840,1249902,1031620.87992187,200199.0504692
40,13.563,540.30371,no MS2: LPC 18:3,[M+2Na-H]+,null,0.25,False,5.524,540.30609,C26H48NO7P,LPC,WKQNRCYKYCKESD-UHFFFAOYSA-N,O=C(OCC(O)COP(=O)([O-])OCC[N+](C)(C)C)CCCCCCCC=CCC=CCC=CCC,530,False,True,False,Normalized unit: Intensity; Annotation method: Msp20260116160945_NCDK_conventional_converted_dev_1,False,False,40,0,0.00,0.91,null,null,null,-1.00,-1.00,-0.189,604.55,P Sandie 100 Serum IV_GD1_01_66534,540.30371:59604 541.30838:14226 542.31305:2606,null,365804,400933,407643,458689,408267.197453125,38295.9336722566
41,42.488,540.30426,no MS2: RIKEN P-VS1 ID-4828 from Mouse_Plasma_ApoEKO_N_Ctr,[M+H]+,null,0.75,False,6.250,540.30072,null,Unknown,null,null,530,False,True,False,Normalized unit: Intensity; Annotation method: Msp20260116160945_NCDK_conventional_converted_dev_1,False,False,41,0,0.00,0.97,null,null,null,-1.00,-1.00,-0.142,663.45,P Sandie 100 Serum II_GD1_01_66532,540.30206:58704 541.30673:14304 542.31140:2736,null,726088,1554503,1797183,1199678,1319362.83834375,465439.93310491
42,12.541,542.32135,no MS2: LPC 18:2,[M+Na]+,null,1.00,False,5.779,542.32172,C26H50NO7P,LPC,SPJFYYJXNPEZDW-UHFFFAOYSA-N,O=C(OCC(O)COP(=O)([O-])OCC[N+](C)(C)C)CCCCCCCC=CCC=CCCCCC,530,False,True,False,Normalized unit: Intensity; Annotation method: Msp20260116160945_NCDK_conventional_converted_dev_1,False,False,42,0,0.00,1.00,null,null,null,-1.00,-1.00,-0.144,1535.21,P Sandie 100 Serum IV_GD1_01_66534,542.32135:279150 543.32602:81580 544.33069:68284,null,1376913,1582173,1653947,1746227,1589815.11584375,157017.2268442
43,14.412,544.33795,no MS2: LPC 18:1,[M+Na]+,null,1.00,False,6.299,544.33740,C26H52NO7P,LPC,YAMUFBLWGFFICM-UHFFFAOYSA-N,O=C(OCC(O)COP(=O)([O-])OCC[N+](C)(C)C)CCCCCCCC=CCCCCCCCC,530,False,True,False,Normalized unit: Intensity; Annotation method: Msp20260116160945_NCDK_conventional_converted_dev_1,False,False,43,0,0.00,1.00,null,null,null,-1.00,-1.00,-0.144,4937.40,P Sandie 100 Serum II_GD1_01_66532,544.33698:337986 545.34164:93474 546.34631:18530,null,2102417,2315395,2433465,2703944,2388805.22289062,250808.05011946
44,12.009,544.33893,no MS2: PE O-23:4|PE O-8:0_15:4,[M+H]+,null,1.00,False,6.609,544.33978,C28H50NO7P,EtherPE,ORVQTMKUQPTJSK-UHFFFAOYSA-N,O=C(OC(COCCCCCCCC)COP(=O)(O)OCCN)CC=CCC=CCC=CCC=CCC,530,False,True,False,Normalized unit: Intensity; Annotation method: Msp20260116160945_NCDK_conventional_converted_dev_1,False,False,44,0,0.00,1.00,null,null,null,-1.00,-1.00,-0.143,806.84,P Sandie 100 Serum II_GD1_01_66532,544.33984:72806 545.34451:23342 546.34918:4086,null,405373,440897,457503,472079,443963.1290625,28708.0224283976
45,12.620,544.33960,no MS2: PE O-23:4|PE O-8:0_15:4,[M+H]+,null,1.00,False,6.609,544.33978,C28H50NO7P,EtherPE,ORVQTMKUQPTJSK-UHFFFAOYSA-N,O=C(OC(COCCCCCCCC)COP(=O)(O)OCCN)CC=CCC=CCC=CCC=CCC,530,False,True,False,Normalized unit: Intensity; Annotation method: Msp20260116160945_NCDK_conventional_converted_dev_1,False,False,45,0,0.00,1.00,null,null,null,-1.00,-1.00,-0.143,7576.04,P Sandie 100 Serum IV_GD1_01_66534,544.33960:651802 545.34427:213098 546.34894:38290,null,3298069,3633702,3800979,3839354,3643025.72396875,246695.540992224
46,15.855,546.35345,no MS2: LPC 18:0,[M+K]+,null,1.00,False,6.748,546.35303,C26H54NO7P,LPC,IHNKQIMGVNPMTC-UHFFFAOYSA-N,O=C(OCC(O)COP(=O)([O-])OCC[N+](C)(C)C)CCCCCCCCCCCCCCCCC,530,False,True,False,Normalized unit: Intensity; Annotation method: Msp20260116160945_NCDK_conventional_converted_dev_1,False,False,46,0,0.00,1.00,null,null,null,-1.00,-1.00,-0.144,761.21,P Sandie 100 Serum IV_GD1_01_66534,546.35345:198026 547.35812:59882 548.36279:11136,null,1015652,1141458,1264179,1391500,1203197.18871875,161412.23879078
47,16.540,546.35388,no MS2: PE O-23:3|PE O-8:0_15:3,[M+H]+,null,1.00,False,6.612,546.35541,C28H52NO7P,EtherPE,BGJKNDHQOAVPKY-UHFFFAOYSA-N,O=C(OC(COCCCCCCCC)COP(=O)(O)OCCN)CCCCC=CCC=CCC=CCC,530,False,True,False,Normalized unit: Intensity; Annotation method: Msp20260116160945_NCDK_conventional_converted_dev_1,False,False,47,0,0.00,0.99,null,null,null,-1.00,-1.00,-0.145,14144.66,P Sandie 100 Serum I_GD1_01_66531,546.35486:855894 547.35953:238884 548.36419:45064,null,6215393,6848408,7347550,7873123,7071118.44204688,707458.357870147
48,13.845,546.35449,no MS2: PE O-23:3|PE O-8:0_15:3,[M+H]+,null,1.00,False,6.612,546.35541,C28H52NO7P,EtherPE,BGJKNDHQOAVPKY-UHFFFAOYSA-N,O=C(OC(COCCCCCCCC)COP(=O)(O)OCCN)CCCCC=CCC=CCC=CCC,530,False,True,False,Normalized unit: Intensity; Annotation method: Msp20260116160945_NCDK_conventional_converted_dev_1,False,False,48,0,0.00,1.00,null,null,null,-1.00,-1.00,-0.143,765.44,P Sandie 100 Serum IV_GD1_01_66534,546.35535:203776 547.36001:64910 548.36468:11776,null,1017959,1103924,1192554,1165885,1120080.17035937,77546.3301077454
49,12.620,566.32147,no MS2: RIKEN P-VS1 ID-5239 from Mouse_Plasma_ApoEKO_N_F1DHA,[M+Na]+,null,1.00,False,6.390,566.32172,null,Unknown,null,null,530,False,True,False,Normalized unit: Intensity; Annotation method: Msp20260116160945_NCDK_conventional_converted_dev_1,False,False,49,0,0.00,1.00,null,null,null,-1.00,-1.00,-0.129,987.81,P Sandie 100 Serum IV_GD1_01_66534,566.32147:99642 567.32614:29456 568.33081:69920,null,448500,505384,548477,569998,518089.54684375,53609.5920389528
50,47.098,568.33423,no MS2: LPC 20:3,[M+Na]+,null,0.50,False,5.943,568.33740,C28H52NO7P,LPC,XUDGAAFUMTTZCO-UHFFFAOYSA-N,O=C(OCC(O)COP(=O)([O-])OCC[N+](C)(C)C)CCCCCCCCCC=CCC=CCC=CCC,530,False,True,False,Normalized unit: Intensity; Annotation method: Msp20260116160945_NCDK_conventional_converted_dev_1,False,False,50,0,0.00,0.92,null,null,null,-1.00,-1.00,-0.185,812.94,P Sandie 100 Serum III_GD1_01_66533,568.33502:55434 569.33969:14546 570.34436:2572,null,929251,1214602,1312395,1500693,1239235.09054688,238333.843969368
51,12.672,568.33966,no MS2: LPC 22:6,[M+H]+,null,1.00,False,5.888,568.33978,C30H50NO7P,LPC,LSOWKZULVQWMLY-UHFFFAOYSA-N,O=C(OCC(O)COP(=O)([O-])OCC[N+](C)(C)C)CCC=CCC=CCC=CCC=CCC=CCC=CCC,530,False,True,False,Normalized unit: Intensity; Annotation method: Msp20260116160945_NCDK_conventional_converted_dev_1,False,False,51,0,0.00,1.00,null,null,null,-1.00,-1.00,-0.143,1281.39,P Sandie 100 Serum IV_GD1_01_66534,568.33966:142322 569.34433:48302 570.34900:8892,null,722641,783495,821279,853045,795114.905218751,56059.4777857481
52,51.815,577.51862,no MS2: RIKEN P-VS1 ID-5423 from Mouse_Plasma_ApoEKO_N_F1DHA,[M+H-H2O]+,null,1.00,False,13.050,577.51569,null,Unknown,null,null,530,False,True,False,Normalized unit: Intensity; Annotation method: Msp20260116160945_NCDK_conventional_converted_dev_1,False,False,52,0,0.00,0.96,null,null,null,-1.00,-1.00,-0.148,775.84,P Sandie 100 Serum III_GD1_01_66533,577.51740:77040 578.52206:32362 579.52673:6740,null,969672,1048370,1089265,1175821,1070781.7923125,85829.9729887114
53,50.715,591.49487,no MS2: RIKEN P-VS1 ID-5627 from Mouse_AdrenalGlands_WT_N_Ctr,[M+H]+,null,0.25,False,11.480,591.49652,null,Unknown,null,null,530,False,True,False,Normalized unit: Intensity; Annotation method: Msp20260116160945_NCDK_conventional_converted_dev_1,False,False,53,0,0.00,0.96,null,null,null,-1.00,-1.00,-0.146,687.53,P Sandie 100 Serum IV_GD1_01_66534,591.49487:61024 592.49954:23772 593.50421:5332,null,718940,786825,783902,854523,786047.487578123,55369.9581364672
54,49.069,615.49438,no MS2: RIKEN P-VS1 ID-6122 from Mouse_Feces_WT_ABX_Ctr,[M+H]+,null,1.00,False,11.000,615.49432,null,Unknown,null,null,530,False,True,False,Normalized unit: Intensity; Annotation method: Msp20260116160945_NCDK_conventional_converted_dev_1,False,False,54,0,0.00,1.00,null,null,null,-1.00,-1.00,-0.129,1038.71,P Sandie 100 Serum IV_GD1_01_66534,615.49438:204862 616.49905:81876 617.50372:17276,null,2206834,2465491,2535156,2634661,2460535.56379688,182826.919411268
55,51.810,617.51086,no MS2: RIKEN P-VS1 ID-6157 from Mouse_Feces_WT_N_Ctr,[M+Na]+,null,1.00,False,12.020,617.50983,null,Unknown,null,null,530,False,True,False,Normalized unit: Intensity; Annotation method: Msp20260116160945_NCDK_conventional_converted_dev_1,False,False,55,0,0.00,1.00,null,null,null,-1.00,-1.00,-0.129,2468.48,P Sandie 100 Serum III_GD1_01_66533,617.50970:291054 618.51437:120628 619.51904:24954,null,3648956,3891213,3904732,4119509,3891102.54120314,192345.350366845
56,69.762,619.54138,no MS2: SE 28:4/15:0,[M+H]+,null,1.00,False,14.078,619.54492,C43H70O2,DEGSE,DVYIEXRFGYCTFU-UHFFFAOYSA-N,O=C(OC1CC2=CC=C3C(=CCC4(C)C3CCC4C(C=CC(C)C(C)C)C)C2(C)CC1)CCCCCCCCCCCCCC,530,False,True,False,Normalized unit: Intensity; Annotation method: Msp20260116160945_NCDK_conventional_converted_dev_1,False,False,56,0,0.00,0.90,null,null,null,-1.00,-1.00,-0.194,890.16,P Sandie 100 Serum III_GD1_01_66533,619.54205:69216 620.54672:28618 621.55139:6800,null,915498,1007543,1070114,1106459,1024903.53429687,83599.1214746758
57,47.385,639.49487,no MS2: RIKEN P-VS1 ID-6587 from Mouse_SmallIntestine_WT_N_F1AA,[M+H]+,null,1.00,False,10.910,639.49518,null,Unknown,null,null,530,False,True,False,Normalized unit: Intensity; Annotation method: Msp20260116160945_NCDK_conventional_converted_dev_1,False,False,57,0,0.00,1.00,null,null,null,-1.00,-1.00,-0.129,796.70,P Sandie 100 Serum II_GD1_01_66532,639.49518:73328 640.49985:33582 641.50451:7906,null,893815,986014,995099,956423,957837.792,45764.5088763724
58,51.807,639.56586,no MS2: NAGly 36:2;O2|NAGly 8:0;O(FA 28:1),[M+NH4]+,null,0.50,False,10.089,639.56702,C38H71NO5,NAGly,PADYNNJRHNWUGL-UHFFFAOYSA-N,O=C(O)CNC(=O)CCCC(OC(=O)CCCCCCCCCCCCCCCCCC=CCCCCCCCC)CCC,530,False,True,False,Normalized unit: Intensity; Annotation method: Msp20260116160945_NCDK_conventional_converted_dev_1,False,False,58,0,0.00,0.98,null,null,null,-1.00,-1.00,-0.151,699.05,P Sandie 100 Serum IV_GD1_01_66534,639.56586:57830 640.57052:24068 641.57519:5950,null,651566,920641,717130,809106,774610.738156249,116846.047718011
59,70.702,640.60309,no MS2: SE 28:2/15:0,[M+NH4]+,null,1.00,False,14.512,640.60272,C43H74O2,BRSE,CYVYXFRHNWNKJU-UHFFFAOYSA-N,O=C(OC1CC2=CCC3C(CCC4(C)C(CCC34)C(C=CC(C)C(C)C)C)C2(C)CC1)CCCCCCCCCCCCCC,530,False,True,False,Normalized unit: Intensity; Annotation method: Msp20260116160945_NCDK_conventional_converted_dev_1,False,False,59,0,0.00,1.00,null,null,null,-1.00,-1.00,-0.143,13186.43,P Sandie 100 Serum I_GD1_01_66531,640.60242:683266 641.60708:346770 642.61175:71196,null,9730906,10747412,11508275,11439588,10856545.2515,825360.99425456
60,50.200,641.50946,no MS2: DG 36:3,[M+Na]+,null,1.00,False,11.361,641.51147,C39H70O5,DG,PHDXFGKEFPXZKF-UHFFFAOYSA-N,O=C(OCC(OC(=O)CCCCCCCCCCCCC=CCC=CCC=CCCCCCCC)CO)CCCCCCC,530,False,True,False,Normalized unit: Intensity; Annotation method: Msp20260116160945_NCDK_conventional_converted_dev_1,False,False,60,0,0.00,0.99,null,null,null,-1.00,-1.00,-0.146,2493.95,P Sandie 100 Serum I_GD1_01_66531,641.51221:184972 642.51687:75220 643.52154:17564,null,2418748,2655390,2786384,2899969,2690122.99907812,206681.973722574
61,74.710,642.61804,no MS2: SE 28:1/15:0,[M+NH4]+,null,1.00,False,14.419,642.61841,C43H76O2,CASE,VYXJXPORGYLSCM-UHFFFAOYSA-N,O=C(OC1CC2=CCC3C(CCC4(C)C(CCC34)C(C)CCC(C)C(C)C)C2(C)CC1)CCCCCCCCCCCCCC,530,False,True,False,Normalized unit: Intensity; Annotation method: Msp20260116160945_NCDK_conventional_converted_dev_1,False,False,61,0,0.00,1.00,null,null,null,-1.00,-1.00,-0.143,14485.74,P Sandie 100 Serum IV_GD1_01_66534,642.61829:1106652 643.62295:540298 644.62762:131420,null,20400997,21758853,22655088,23316413,22032837.7364063,1261313.09657863
62,52.863,643.52698,no MS2: RIKEN P-VS1 ID-6693 from Mouse_Feces_WT_N_Ctr,[M+H]+,null,1.00,False,12.240,643.52728,null,Unknown,null,null,530,False,True,False,Normalized unit: Intensity; Annotation method: Msp20260116160945_NCDK_conventional_converted_dev_1,False,False,62,0,0.00,1.00,null,null,null,-1.00,-1.00,-0.129,1317.12,P Sandie 100 Serum IV_GD1_01_66534,643.52698:169284 644.53165:72600 645.53631:16398,null,2139345,2312113,2323958,2481557,2314243.18868751,139859.484070243
63,70.693,645.55853,no MS2: VAE 23:0,[M+Na]+,null,1.00,False,14.689,645.55811,C43H74O2,VAE,ABIKWACHXVOLTR-UHFFFAOYSA-N,O=C(OCC=C(C=CC=C(C=CC1=C(C)CCCC1(C)C)C)C)CCCCCCCCCCCCCCCCCCCCCC,530,False,True,False,Normalized unit: Intensity; Annotation method: Msp20260116160945_NCDK_conventional_converted_dev_1,False,False,63,0,0.00,1.00,null,null,null,-1.00,-1.00,-0.144,4397.60,P Sandie 100 Serum III_GD1_01_66533,645.55853:291474 646.56320:135038 647.56787:30916,null,4805972,5100901,5308144,5180225,5098810.5061875,213078.799944695
64,74.697,647.57336,no MS2: SE 28:4/17:0,[M+H]+,null,1.00,False,14.344,647.57617,C45H74O2,DEGSE,SMBKRNCNALQNLI-UHFFFAOYSA-N,O=C(OC1CC2=CC=C3C(=CCC4(C)C3CCC4C(C=CC(C)C(C)C)C)C2(C)CC1)CCCCCCCCCCCCCCCC,530,False,True,False,Normalized unit: Intensity; Annotation method: Msp20260116160945_NCDK_conventional_converted_dev_1,False,False,64,0,0.00,1.00,null,null,null,-1.00,-1.00,-0.144,3529.28,P Sandie 100 Serum I_GD1_01_66531,647.57574:236284 648.58041:109806 649.58508:25546,null,6927410,7523961,7547221,3952184,6487693.97950001,1714507.51135307
65,60.087,647.57581,no MS2: SE 28:4/17:0,[M+H]+,null,1.00,False,14.344,647.57617,C45H74O2,DEGSE,SMBKRNCNALQNLI-UHFFFAOYSA-N,O=C(OC1CC2=CC=C3C(=CCC4(C)C3CCC4C(C=CC(C)C(C)C)C)C2(C)CC1)CCCCCCCCCCCCCCCC,530,False,True,False,Normalized unit: Intensity; Annotation method: Msp20260116160945_NCDK_conventional_converted_dev_1,False,False,65,0,0.00,1.00,null,null,null,-1.00,-1.00,-0.143,1339.45,P Sandie 100 Serum II_GD1_01_66532,647.57599:100572 648.58066:46468 649.58532:11954,null,1007440,1138048,1156823,1236668,1134744.92801562,95032.1269061521
66,72.090,649.59192,no MS2: SE 28:3/17:0,[M+H]+,null,1.00,False,14.427,649.59180,C45H76O2,EGSE,VGUZMPDGGYQYST-UHFFFAOYSA-N,O=C(OC1CC2=CC=C3C(CCC4(C)C3CCC4C(C=CC(C)C(C)C)C)C2(C)CC1)CCCCCCCCCCCCCCCC,530,False,True,False,Normalized unit: Intensity; Annotation method: Msp20260116160945_NCDK_conventional_converted_dev_1,False,False,66,0,0.00,1.00,null,null,null,-1.00,-1.00,-0.143,1327.95,P Sandie 100 Serum IV_GD1_01_66534,649.59192:111004 650.59659:56012 651.60125:13200,null,2335664,2439093,2552016,2602240,2482253.115375,119184.487916559
67,45.714,663.45264,no MS2: RIKEN P-VS1 ID-7082 from Mouse_Macrophage_WT_N_F1AA,[M+H]+,null,1.00,False,9.900,663.45538,null,Unknown,null,null,530,False,True,False,Normalized unit: Intensity; Annotation method: Msp20260116160945_NCDK_conventional_converted_dev_1,False,False,67,0,0.00,0.96,null,null,null,-1.00,-1.00,-0.145,4976.83,P Sandie 100 Serum III_GD1_01_66533,663.45355:1211012 664.45822:532950 665.46289:124228,null,15529731,16242688,16762555,17488189,16505790.6304062,827234.129025391
68,58.523,663.45349,no MS2: RIKEN P-VS1 ID-7082 from Mouse_Macrophage_WT_N_F1AA,[M+H]+,null,0.25,False,9.900,663.45538,null,Unknown,null,null,530,False,True,False,Normalized unit: Intensity; Annotation method: Msp20260116160945_NCDK_conventional_converted_dev_1,False,False,68,0,0.00,0.96,null,null,null,-1.00,-1.00,-0.147,366.79,P Sandie 100 Serum II_GD1_01_66532,663.45349:100628 664.45816:43590 665.46283:9860,null,179636,1927410,74061,93268,568593.881968751,907040.380625764
69,61.258,663.57043,no MS2: RIKEN P-VS1 ID-7095 from Mouse_Muscle_WT_CTX0_Ctr,[M+H]+,null,1.00,False,12.100,663.56897,null,Unknown,null,null,530,False,True,False,Normalized unit: Intensity; Annotation method: Msp20260116160945_NCDK_conventional_converted_dev_1,False,False,69,0,0.00,1.00,null,null,null,-1.00,-1.00,-0.129,300.60,P Sandie 100 Serum II_GD1_01_66532,663.56934:75284 664.57400:37562 665.57867:9412,null,863678,944948,994244,1043780,961662.572187499,76779.3584712324
70,69.344,664.60150,no MS2: SE 28:2/17:2,[M+NH4]+,null,1.00,False,14.133,664.60272,C45H74O2,BRSE,YNGVKVHZBTYWFJ-UHFFFAOYSA-N,O=C(OC1CC2=CCC3C(CCC4(C)C(CCC34)C(C=CC(C)C(C)C)C)C2(C)CC1)CCCCCCCC=CCC=CCCCC,530,False,True,False,Normalized unit: Intensity; Annotation method: Msp20260116160945_NCDK_conventional_converted_dev_1,False,False,70,0,0.00,1.00,null,null,null,-1.00,-1.00,-0.143,4112.94,P Sandie 100 Serum III_GD1_01_66533,664.60303:869474 665.60770:444176 666.61236:106926,null,10257760,11307923,11928775,12651160,11536404.6252344,1013865.60578527
71,72.082,666.61890,no MS2: SE 28:2/17:1,[M+NH4]+,null,1.00,False,14.759,666.61841,C45H76O2,BRSE,KZVQJMDFHGPLAH-UHFFFAOYSA-N,O=C(OC1CC2=CCC3C(CCC4(C)C(CCC34)C(C=CC(C)C(C)C)C)C2(C)CC1)CCCCCCCC=CCCCCCCC,530,False,True,False,Normalized unit: Intensity; Annotation method: Msp20260116160945_NCDK_conventional_converted_dev_1,False,False,71,0,0.00,1.00,null,null,null,-1.00,-1.00,-0.144,109665.40,P Sandie 100 Serum IV_GD1_01_66534,666.61890:10970454 667.62356:6615932 668.62823:1565550,null,247144205,251971649,262370025,264594826,256520176.386375,8327036.8976853
72,72.086,666.76221,Unknown,[M+2H]2+,null,1.00,False,null,null,null,null,null,null,999,False,False,False,Normalized unit: Intensity,False,False,72,0,0.00,null,null,null,null,null,null,null,1718.33,P Sandie 100 Serum III_GD1_01_66533,666.76221:213222 667.76687:111876 668.77154:6352,null,4177185,4565454,4689630,4626662,4514732.82807812,230672.030795238
73,72.077,666.87164,Unknown,[M+H]+,null,1.00,False,null,null,null,null,null,null,999,False,False,False,Normalized unit: Intensity,False,False,73,0,0.00,null,null,null,null,null,null,null,1335.12,P Sandie 100 Serum IV_GD1_01_66534,666.87164:183898 667.87631:116418 668.88098:10000,null,3911172,4078538,4222513,4264192,4119103.687125,159817.513181275
74,72.064,666.98566,Unknown,[M+H]+,null,1.00,False,null,null,null,null,null,null,999,False,False,False,Normalized unit: Intensity,False,False,74,0,0.00,null,null,null,null,null,null,null,1483.66,P Sandie 100 Serum III_GD1_01_66533,666.98566:139890 667.99032:18492 668.99499:2322,null,1109055,1549631,2126355,1494087,1569781.98028125,419594.356135301
75,70.693,667.61292,Unknown,[M+H]+,null,1.00,False,null,null,null,null,null,null,999,False,False,False,Normalized unit: Intensity,False,False,75,0,0.00,null,null,null,null,null,null,null,2784.82,P Sandie 100 Serum IV_GD1_01_66534,667.61292:258742 668.61758:119698 669.62225:28474,null,4058437,4068057,4056804,4150678,4083493.774375,45064.0642039109
76,75.859,668.63312,no MS2: SE 28:2/17:0,[M+NH4]+,null,1.00,False,14.709,668.63397,C45H78O2,BRSE,JRHOHGAECXXOMB-UHFFFAOYSA-N,O=C(OC1CC2=CCC3C(CCC4(C)C(CCC34)C(C=CC(C)C(C)C)C)C2(C)CC1)CCCCCCCCCCCCCCCC,530,False,True,False,Normalized unit: Intensity; Annotation method: Msp20260116160945_NCDK_conventional_converted_dev_1,False,False,76,0,0.00,0.99,null,null,null,-1.00,-1.00,-0.147,56604.16,P Sandie 100 Serum IV_GD1_01_66534,668.63312:3638888 669.63779:1980988 670.64245:483840,null,74341859,79180103,80639728,82695873,79214390.8962499,3554107.53832415
77,75.879,668.77979,Unknown,[M+2H]2+,null,0.25,False,null,null,null,null,null,null,999,False,False,False,Normalized unit: Intensity,False,False,77,0,0.00,null,null,null,null,null,null,null,402.94,P Sandie 100 Serum I_GD1_01_66531,668.77979:51846 669.78445:13652 670.78912:1560,null,880135,966359,939913,1009799,949051.319312498,54230.6290471336
78,75.858,668.88177,Unknown,[M+H]+,null,0.75,False,null,null,null,null,null,null,999,False,False,False,Normalized unit: Intensity,False,False,78,0,0.00,null,null,null,null,null,null,null,470.03,P Sandie 100 Serum IV_GD1_01_66534,668.88177:62510 669.88644:20242 670.89111:1914,null,836034,958501,949312,1066312,952539.713109373,94098.9903547483
79,75.863,669.25616,Unknown,[M+H]+,null,1.00,False,null,null,null,null,null,null,999,False,False,False,Normalized unit: Intensity,False,False,79,0,0.00,null,null,null,null,null,null,null,2244.55,P Sandie 100 Serum IV_GD1_01_66534,669.25616:105274 670.26083:32510 671.26550:2380,null,1563614,1705538,1721370,1896903,1721856.310375,136563.148729825
80,69.340,669.55841,no MS2: SE 28:4/17:0,[M+Na]+,null,1.00,False,14.344,669.55811,C45H74O2,DEGSE,SMBKRNCNALQNLI-UHFFFAOYSA-N,O=C(OC1CC2=CC=C3C(=CCC4(C)C3CCC4C(C=CC(C)C(C)C)C)C2(C)CC1)CCCCCCCCCCCCCCCC,530,False,True,False,Normalized unit: Intensity; Annotation method: Msp20260116160945_NCDK_conventional_converted_dev_1,False,False,80,0,0.00,1.00,null,null,null,-1.00,-1.00,-0.143,4720.16,P Sandie 100 Serum III_GD1_01_66533,669.55841:551540 670.56308:257880 671.56775:63496,null,10050618,10542778,11233477,11044260,10717783.2838906,531746.378307377
81,74.684,669.63129,Unknown,[M+H]+,null,1.00,False,null,null,null,null,null,null,999,False,False,False,Normalized unit: Intensity,False,False,81,0,0.00,null,null,null,null,null,null,null,3278.37,P Sandie 100 Serum I_GD1_01_66531,669.63129:265340 670.63595:123276 671.64062:28096,null,7318813,7351540,6750121,7009992,7107616.3778125,283687.919786544
82,81.142,670.64832,no MS2: SE 28:1/17:0,[M+NH4]+,null,1.00,False,15.099,670.64972,C45H80O2,CASE,VQOOUCOARUDCMH-UHFFFAOYSA-N,O=C(OC1CC2=CCC3C(CCC4(C)C(CCC34)C(C)CCC(C)C(C)C)C2(C)CC1)CCCCCCCCCCCCCCCC,530,False,True,False,Normalized unit: Intensity; Annotation method: Msp20260116160945_NCDK_conventional_converted_dev_1,False,False,82,0,0.00,1.00,null,null,null,-1.00,-1.00,-0.143,1328.54,P Sandie 100 Serum I_GD1_01_66531,670.64960:62134 671.65426:28998 672.65893:7794,null,1268081,1394106,1448242,1535256,1411421.34084375,111858.820505227
83,72.312,671.57324,no MS2: SE 28:3/17:0,[M+Na]+,null,1.00,False,14.427,671.57379,C45H76O2,EGSE,VGUZMPDGGYQYST-UHFFFAOYSA-N,O=C(OC1CC2=CC=C3C(CCC4(C)C3CCC4C(C=CC(C)C(C)C)C)C2(C)CC1)CCCCCCCCCCCCCCCC,530,False,True,False,Normalized unit: Intensity; Annotation method: Msp20260116160945_NCDK_conventional_converted_dev_1,False,False,83,0,0.00,1.00,null,null,null,-1.00,-1.00,-0.144,5876.66,P Sandie 100 Serum II_GD1_01_66532,671.57343:513276 672.57809:252280 673.58276:59122,null,11830757,11817634,12851192,12051326,12137727.2751875,487574.60230757
84,71.881,671.57416,no MS2: SE 28:3/17:0,[M+Na]+,null,1.00,False,14.427,671.57379,C45H76O2,EGSE,VGUZMPDGGYQYST-UHFFFAOYSA-N,O=C(OC1CC2=CC=C3C(CCC4(C)C3CCC4C(C=CC(C)C(C)C)C)C2(C)CC1)CCCCCCCCCCCCCCCC,530,False,True,False,Normalized unit: Intensity; Annotation method: Msp20260116160945_NCDK_conventional_converted_dev_1,False,False,84,0,0.00,1.00,null,null,null,-1.00,-1.00,-0.143,5979.92,P Sandie 100 Serum IV_GD1_01_66534,671.57373:510944 672.57840:253234 673.58307:61140,null,8755238,8929052,9277526,9346304,9077030.00864062,281753.117912575
85,60.313,671.57562,no MS2: SE 28:4/19:2,[M+H]+,null,0.75,False,14.218,671.57617,C47H74O2,DEGSE,ZJTNNWFGVBBRTO-UHFFFAOYSA-N,O=C(OC1CC2=CC=C3C(=CCC4(C)C3CCC4C(C=CC(C)C(C)C)C)C2(C)CC1)CCCCCCCC=CCC=CCCCCCC,530,False,True,False,Normalized unit: Intensity; Annotation method: Msp20260116160945_NCDK_conventional_converted_dev_1,False,False,85,0,0.00,1.00,null,null,null,-1.00,-1.00,-0.143,727.40,P Sandie 100 Serum II_GD1_01_66532,671.57635:69046 672.58102:35046 673.58569:9052,null,1027029,1161781,1224091,1283416,1174079.06440625,109895.289093324
86,58.390,672.62488,no MS2: Cer 42:1;O2|Cer 12:0;O2/30:1,[M+Na]+,null,1.00,False,13.093,672.62653,C42H83NO3,Cer_NDS,DGPMLOUFNUIKOS-UHFFFAOYSA-N,O=C(NC(CO)C(O)CCCCCCCCC)CCCCCCCCCCCCCCCCCCCC=CCCCCCCCC,530,False,True,False,Normalized unit: Intensity; Annotation method: Msp20260116160945_NCDK_conventional_converted_dev_1,False,False,86,0,0.00,1.00,null,null,null,-1.00,-1.00,-0.143,1205.82,P Sandie 100 Serum II_GD1_01_66532,672.62653:108962 673.63119:49162 674.63586:11514,null,1084802,1204168,1311758,1357498,1239556.49807813,121551.498946389
87,71.028,673.59161,no MS2: SE 28:4/19:1,[M+H]+,null,1.00,False,14.541,673.59180,C47H76O2,DEGSE,MGDBSUWQPQWINH-UHFFFAOYSA-N,O=C(OC1CC2=CC=C3C(=CCC4(C)C3CCC4C(C=CC(C)C(C)C)C)C2(C)CC1)CCCCCCCC=CCCCCCCCCC,530,False,True,False,Normalized unit: Intensity; Annotation method: Msp20260116160945_NCDK_conventional_converted_dev_1,False,False,87,0,0.00,1.00,null,null,null,-1.00,-1.00,-0.143,2340.66,P Sandie 100 Serum IV_GD1_01_66534,673.59161:207744 674.59628:107378 675.60095:27018,null,2557556,2744456,2912431,3061419,2818965.29126563,217106.99414149
88,75.792,673.59180,no MS2: SE 28:4/19:1,[M+H]+,null,0.25,False,14.541,673.59180,C47H76O2,DEGSE,MGDBSUWQPQWINH-UHFFFAOYSA-N,O=C(OC1CC2=CC=C3C(=CCC4(C)C3CCC4C(C=CC(C)C(C)C)C)C2(C)CC1)CCCCCCCC=CCCCCCCCCC,530,False,True,False,Normalized unit: Intensity; Annotation method: Msp20260116160945_NCDK_conventional_converted_dev_1,False,False,88,0,0.00,1.00,null,null,null,-1.00,-1.00,-0.143,3688.16,P Sandie 100 Serum I_GD1_01_66531,673.59180:347214 674.59646:169824 675.60113:41170,null,12716579,6109738,7395599,7254285,8369050.26515624,2954984.62775023
89,33.077,675.54346,no MS2: SM 32:1;O2|SM 12:1;O2/20:0,[M+H]+,null,1.00,False,8.381,675.54358,C37H75N2O6P,SM,WVZYDPLIGWKWEU-UHFFFAOYSA-N,O=C(NC(COP(=O)([O-])OCC[N+](C)(C)C)C(O)C=CCCCCCCC)CCCCCCCCCCCCCCCCCCC,530,False,True,False,Normalized unit: Intensity; Annotation method: Msp20260116160945_NCDK_conventional_converted_dev_1,False,False,89,0,0.00,1.00,null,null,null,-1.00,-1.00,-0.143,3313.93,P Sandie 100 Serum IV_GD1_01_66534,675.54346:325270 676.54812:131080 677.55279:28006,null,3665986,4088274,4302470,4572295,4157256.1095,382730.782648899
90,81.155,675.60400,no MS2: SE 28:4/19:0,[M+H]+,null,1.00,False,14.422,675.60748,C47H78O2,DEGSE,AHNVWZPGFDBTCX-UHFFFAOYSA-N,O=C(OC1CC2=CC=C3C(=CCC4(C)C3CCC4C(C=CC(C)C(C)C)C)C2(C)CC1)CCCCCCCCCCCCCCCCCC,530,False,True,False,Normalized unit: Intensity; Annotation method: Msp20260116160945_NCDK_conventional_converted_dev_1,False,False,90,0,0.00,0.93,null,null,null,-1.00,-1.00,-0.178,696.70,P Sandie 100 Serum I_GD1_01_66531,675.60492:55388 676.60959:26882 677.61425:6984,null,1187538,1314722,1443978,1469205,1353860.68507813,129898.021410552
91,23.595,675.67621,no MS2: RIKEN P-VS1 ID-7368 from Mouse_Macrophage_WT_N_F1AA,[M+H]+,null,0.25,False,7.810,675.67859,null,Unknown,null,null,530,False,True,False,Normalized unit: Intensity; Annotation method: Msp20260116160945_NCDK_conventional_converted_dev_1,False,False,91,0,0.00,0.94,null,null,null,-1.00,-1.00,-0.156,946.31,P Sandie 100 Serum IV_GD1_01_66534,675.67621:62612 676.68088:31634 677.68554:7882,null,343602,457616,456015,569826,456764.6843125,92357.9204497238
92,45.718,680.47888,no MS2: RIKEN P-VS1 ID-7491 from Mouse_Macrophage_WT_N_F1AA,[M+H]+,null,1.00,False,9.910,680.48163,null,Unknown,null,null,530,False,True,False,Normalized unit: Intensity; Annotation method: Msp20260116160945_NCDK_conventional_converted_dev_1,False,False,92,0,0.00,0.97,null,null,null,-1.00,-1.00,-0.144,3302.10,P Sandie 100 Serum III_GD1_01_66533,680.47986:747018 681.48453:337508 682.48919:82314,null,10064505,10214966,10527871,12237681,10761255.9393281,1003027.95580966
93,58.523,680.47986,no MS2: RIKEN P-VS1 ID-7491 from Mouse_Macrophage_WT_N_F1AA,[M+NH4]+,null,0.25,False,9.910,680.48163,null,Unknown,null,null,530,False,True,False,Normalized unit: Intensity; Annotation method: Msp20260116160945_NCDK_conventional_converted_dev_1,False,False,93,0,0.00,0.97,null,null,null,-1.00,-1.00,-0.144,281.60,P Sandie 100 Serum II_GD1_01_66532,680.47986:65316 681.48453:30412 682.48919:6454,null,27380,1181917,61464,15286,321511.701000001,573936.326342564
94,70.706,681.62909,Unknown,[M+H]+,null,1.00,False,null,null,null,null,null,null,999,False,False,False,Normalized unit: Intensity,False,False,94,0,0.00,null,null,null,null,null,null,null,1405.48,P Sandie 100 Serum I_GD1_01_66531,681.62909:84960 682.63376:41500 683.63842:11012,null,1418791,1352150,1289557,1323242,1345934.74696875,54894.0142189042
95,74.660,683.64697,Unknown,[M+H]+,null,0.25,False,null,null,null,null,null,null,999,False,False,False,Normalized unit: Intensity,False,False,95,0,0.00,null,null,null,null,null,null,null,1347.31,P Sandie 100 Serum I_GD1_01_66531,683.64697:77446 684.65164:35010 685.65631:8888,null,2134160,1126212,961948,1092369,1328672.22135938,541641.718685094
96,45.714,685.43469,no MS2: SM 32:7;O2,[M+Na]+,null,1.00,False,6.300,685.43158,C37H63N2O6P,SM,XKTXCUCZGOGZTL-UHFFFAOYSA-N,O=C(NC(COP(=O)([O-])OCC[N+](C)(C)C)C(O)C=CCCC=CCCC)CCCC=CCC=CCC=CCC=CCC=CCC,530,False,True,False,Normalized unit: Intensity; Annotation method: Msp20260116160945_NCDK_conventional_converted_dev_1,False,False,96,0,0.00,0.90,null,null,null,-1.00,-1.00,-0.192,1635.09,P Sandie 100 Serum IV_GD1_01_66534,685.43469:281822 686.43936:126850 687.44403:31332,null,3818358,3862267,3960036,4206052,3961678.43309374,173344.198749575
97,69.327,685.53235,no MS2: SM 33:3;O2|SM 12:1;O2/21:2,[M+H]+,null,1.00,False,8.326,685.52789,C38H73N2O6P,SM,QCWONQKAQGDWBU-UHFFFAOYSA-N,O=C(NC(COP(=O)([O-])OCC[N+](C)(C)C)C(O)C=CCCCCCCC)CCCCCCCCCC=CCC=CCCCCCC,530,False,True,False,Normalized unit: Intensity; Annotation method: Msp20260116160945_NCDK_conventional_converted_dev_1,False,False,97,0,0.00,0.90,null,null,null,-1.00,-1.00,-0.192,1023.01,P Sandie 100 Serum II_GD1_01_66532,685.53101:135594 686.53567:64500 687.54034:21414,null,2972271,3008413,3293821,3102053,3094139.306125,143916.870169365
98,58.682,685.55182,no MS2: BA 24:1;O3;G/16:2,[M+NH4]+,null,1.00,False,8.416,685.55139,C42H69NO5,GLCAE,LXMQNVPHLGGKBS-UHFFFAOYSA-N,O=C(O)CNC(=O)CCC(C)C1CCC2C3CCC4CC(OC(=O)CCCCCCCC=CCC=CCCC)CCC4(C)C3CCC12C,530,False,True,False,Normalized unit: Intensity; Annotation method: Msp20260116160945_NCDK_conventional_converted_dev_1,False,False,98,0,0.00,1.00,null,null,null,-1.00,-1.00,-0.144,469.57,P Sandie 100 Serum IV_GD1_01_66534,685.55182:85610 686.55649:41456 687.56115:10326,null,1229566,1302223,1371669,1416194,1329913.21421875,81698.8894576977
99,61.254,685.55292,no MS2: BA 24:1;O3;G/16:2,[M+NH4]+,null,1.00,False,8.416,685.55139,C42H69NO5,GLCAE,LXMQNVPHLGGKBS-UHFFFAOYSA-N,O=C(O)CNC(=O)CCC(C)C1CCC2C3CCC4CC(OC(=O)CCCCCCCC=CCC=CCCC)CCC4(C)C3CCC12C,530,False,True,False,Normalized unit: Intensity; Annotation method: Msp20260116160945_NCDK_conventional_converted_dev_1,False,False,99,0,0.00,1.00,null,null,null,-1.00,-1.00,-0.143,655.75,P Sandie 100 Serum II_GD1_01_66532,685.55170:107278 686.55636:56786 687.56103:14402,null,1386290,1503408,1521779,1611665,1505785.5158125,92648.0513047581
100,72.380,687.54773,no MS2: SM 33:2;O2|SM 12:1;O2/21:1,[M+H]+,null,0.25,False,8.174,687.54358,C38H75N2O6P,SM,ATYPPKORCLGACB-UHFFFAOYSA-N,O=C(NC(COP(=O)([O-])OCC[N+](C)(C)C)C(O)C=CCCCCCCC)CCCCCCCCCC=CCCCCCCCCC,530,False,True,False,Normalized unit: Intensity; Annotation method: Msp20260116160945_NCDK_conventional_converted_dev_1,False,False,100,0,0.00,0.83,null,null,null,-1.00,-1.00,-0.226,509.33,P Sandie 100 Serum III_GD1_01_66533,687.54773:97410 688.55240:45370 689.55706:16156,null,1865851,1948085,2071133,2027168,1978059.17968751,90486.9158982952
101,60.087,687.56818,no MS2: BA 24:1;O3;G/16:1,[M+NH4]+,null,1.00,False,8.768,687.56702,C42H71NO5,GLCAE,WFFMHKJPNDEUHA-UHFFFAOYSA-N,O=C(O)CNC(=O)CCC(C)C1CCC2C3CCC4CC(OC(=O)CCCCCCCC=CCCCCCC)CCC4(C)C3CCC12C,530,False,True,False,Normalized unit: Intensity; Annotation method: Msp20260116160945_NCDK_conventional_converted_dev_1,False,False,101,0,0.00,0.99,null,null,null,-1.00,-1.00,-0.147,6105.33,P Sandie 100 Serum III_GD1_01_66533,687.56793:660786 688.57260:322542 689.57727:79612,null,7913955,8555219,8807695,9024581,8575362.58701562,480847.007266438
102,59.261,687.56824,no MS2: BA 24:1;O3;G/16:1,[M+NH4]+,null,1.00,False,8.768,687.56702,C42H71NO5,GLCAE,WFFMHKJPNDEUHA-UHFFFAOYSA-N,O=C(O)CNC(=O)CCC(C)C1CCC2C3CCC4CC(OC(=O)CCCCCCCC=CCCCCCC)CCC4(C)C3CCC12C,530,False,True,False,Normalized unit: Intensity; Annotation method: Msp20260116160945_NCDK_conventional_converted_dev_1,False,False,102,0,0.00,0.99,null,null,null,-1.00,-1.00,-0.148,1360.37,P Sandie 100 Serum III_GD1_01_66533,687.56799:208744 688.57266:102184 689.57733:24260,null,2088783,2209663,2392869,2368574,2264972.28185937,142819.941795202
103,68.530,688.60126,no MS2: SE 28:2/19:4,[M+NH4]+,null,1.00,False,13.944,688.60272,C47H74O2,BRSE,ZNKOFJNOJYEHQU-UHFFFAOYSA-N,O=C(OC1CC2=CCC3C(CCC4(C)C(CCC34)C(C=CC(C)C(C)C)C)C2(C)CC1)CCCCCC=CCC=CCC=CCC=CCC,530,False,True,False,Normalized unit: Intensity; Annotation method: Msp20260116160945_NCDK_conventional_converted_dev_1,False,False,103,0,0.00,1.00,null,null,null,-1.00,-1.00,-0.143,2816.35,P Sandie 100 Serum I_GD1_01_66531,688.60284:288956 689.60751:152652 690.61218:38312,null,3528459,3873811,4204103,4277009,3970845.31314064,343155.241267932
104,35.746,689.55853,no MS2: SM 33:1;O2|SM 12:1;O2/21:0,[M+H]+,null,1.00,False,8.656,689.55920,C38H77N2O6P,SM,REEYJRIAQSUMNO-UHFFFAOYSA-N,O=C(NC(COP(=O)([O-])OCC[N+](C)(C)C)C(O)C=CCCCCCCC)CCCCCCCCCCCCCCCCCCCC,530,False,True,False,Normalized unit: Intensity; Annotation method: Msp20260116160945_NCDK_conventional_converted_dev_1,False,False,104,0,0.00,1.00,null,null,null,-1.00,-1.00,-0.143,1966.65,P Sandie 100 Serum I_GD1_01_66531,689.55927:171900 690.56393:69492 691.56860:16118,null,2270819,2489097,2597639,2705637,2515798.20548438,185709.922373511
105,71.028,690.61816,no MS2: SE 28:2/19:3,[M+NH4]+,null,1.00,False,14.517,690.61841,C47H76O2,BRSE,YTEYFXJGUXEGQA-UHFFFAOYSA-N,O=C(OC1CC2=CCC3C(CCC4(C)C(CCC34)C(C=CC(C)C(C)C)C)C2(C)CC1)CCCCCCCCC=CCC=CCC=CCC,530,False,True,False,Normalized unit: Intensity; Annotation method: Msp20260116160945_NCDK_conventional_converted_dev_1,False,False,105,0,0.00,1.00,null,null,null,-1.00,-1.00,-0.143,72866.98,P Sandie 100 Serum II_GD1_01_66532,690.61841:5296422 691.62308:2808382 692.62774:733632,null,74243734,78460076,83832111,85780862,80579195.7047501,5236650.81399612
106,71.028,690.76471,Unknown,[M+2H]2+,null,1.00,False,null,null,null,null,null,null,999,False,False,False,Normalized unit: Intensity,False,False,106,0,0.00,null,null,null,null,null,null,null,1266.12,P Sandie 100 Serum IV_GD1_01_66534,690.76471:101246 691.76938:32472 692.77404:2532,null,828890,981870,1101738,1206398,1029724.08885938,162300.53139573
107,71.028,690.87372,Unknown,[M+H]+,null,1.00,False,null,null,null,null,null,null,999,False,False,False,Normalized unit: Intensity,False,False,107,0,0.00,null,null,null,null,null,null,null,702.13,P Sandie 100 Serum IV_GD1_01_66534,690.87372:99168 691.87839:42998 692.88305:2268,null,922357,1078771,1163907,1134852,1074971.81395313,107704.668963497
108,69.348,691.61414,Unknown,[M+H]+,null,1.00,False,null,null,null,null,null,null,999,False,False,False,Normalized unit: Intensity,False,False,108,0,0.00,null,null,null,null,null,null,null,4673.29,P Sandie 100 Serum I_GD1_01_66531,691.61414:410334 692.61880:207110 693.62347:50510,null,7112890,7194900,7342152,7113255,7190799.34034375,108023.89302244
109,71.025,692.25525,Unknown,[M+H]+,null,0.75,False,null,null,null,null,null,null,999,False,False,False,Normalized unit: Intensity,False,False,109,0,0.00,null,null,null,null,null,null,null,863.97,P Sandie 100 Serum IV_GD1_01_66534,692.25525:69598 693.25992:4306 694.26458:930,null,551493,623832,679954,741409,649172.007640627,80908.348457042
110,73.674,692.63336,no MS2: SE 28:2/19:2,[M+NH4]+,null,1.00,False,14.462,692.63397,C47H78O2,BRSE,UDQMRBUAOHSUHM-UHFFFAOYSA-N,O=C(OC1CC2=CCC3C(CCC4(C)C(CCC34)C(C=CC(C)C(C)C)C)C2(C)CC1)CCCCCCCC=CCC=CCCCCCC,530,False,True,False,Normalized unit: Intensity; Annotation method: Msp20260116160945_NCDK_conventional_converted_dev_1,False,False,110,0,0.00,1.00,null,null,null,-1.00,-1.00,-0.145,5274.88,P Sandie 100 Serum IV_GD1_01_66534,692.63336:376996 693.63803:199966 694.64270:50036,null,5331067,5855166,6306200,6470021,5990613.55642188,510808.169261064
111,68.530,693.55682,no MS2: SE 28:4/19:2,[M+Na]+,null,1.00,False,14.218,693.55811,C47H74O2,DEGSE,ZJTNNWFGVBBRTO-UHFFFAOYSA-N,O=C(OC1CC2=CC=C3C(=CCC4(C)C3CCC4C(C=CC(C)C(C)C)C)C2(C)CC1)CCCCCCCC=CCC=CCCCCCC,530,False,True,False,Normalized unit: Intensity; Annotation method: Msp20260116160945_NCDK_conventional_converted_dev_1,False,False,111,0,0.00,1.00,null,null,null,-1.00,-1.00,-0.144,4586.41,P Sandie 100 Serum III_GD1_01_66533,693.55847:453888 694.56314:223234 695.56781:54954,null,5977885,6427001,6753799,6981251,6534984.28776564,435527.974315023
112,72.304,693.62988,Unknown,[M+H]+,null,1.00,False,null,null,null,null,null,null,999,False,False,False,Normalized unit: Intensity,False,False,112,0,0.00,null,null,null,null,null,null,null,7453.22,P Sandie 100 Serum I_GD1_01_66531,693.62988:580400 694.63455:290708 695.63922:73746,null,10848635,10516011,9869458,10595826,10457482.615,416868.305847335
113,71.890,693.63031,Unknown,[M+H]+,null,1.00,False,null,null,null,null,null,null,999,False,False,False,Normalized unit: Intensity,False,False,113,0,0.00,null,null,null,null,null,null,null,7677.28,P Sandie 100 Serum I_GD1_01_66531,693.63031:578512 694.63498:301264 695.63965:77076,null,9144239,8523197,8847431,7542769,8514408.86623441,695641.507406063
114,71.028,695.57379,no MS2: SE 28:4/19:1,[M+Na]+,null,1.00,False,14.541,695.57379,C47H76O2,DEGSE,MGDBSUWQPQWINH-UHFFFAOYSA-N,O=C(OC1CC2=CC=C3C(=CCC4(C)C3CCC4C(C=CC(C)C(C)C)C)C2(C)CC1)CCCCCCCC=CCCCCCCCCC,530,False,True,False,Normalized unit: Intensity; Annotation method: Msp20260116160945_NCDK_conventional_converted_dev_1,False,False,114,0,0.00,1.00,null,null,null,-1.00,-1.00,-0.143,10370.54,P Sandie 100 Serum III_GD1_01_66533,695.57379:745278 696.57846:374282 697.58313:96368,null,10282065,9829632,19530922,8574348,12054241.5809061,5036529.92209322
115,75.713,695.64386,Unknown,[M+H]+,null,0.25,False,null,null,null,null,null,null,999,False,False,False,Normalized unit: Intensity,False,False,115,0,0.00,null,null,null,null,null,null,null,6295.52,P Sandie 100 Serum IV_GD1_01_66534,695.64386:408434 696.64853:213808 697.65320:53512,null,7607024,8267863,8068476,6922494,7716464.09826557,597304.824329893
116,75.792,696.65088,no MS2: Cer 43:1;O4|Cer 12:1;O3/31:0(2OH),[M+H]+,null,0.25,False,12.959,696.65009,C43H85NO5,Cer_AP,HAGPYFYLHIWRMM-UHFFFAOYSA-N,O=C(NC(CO)C(O)C(O)CCCC=CCCC)C(O)CCCCCCCCCCCCCCCCCCCCCCCCCCCCC,530,False,True,False,Normalized unit: Intensity; Annotation method: Msp20260116160945_NCDK_conventional_converted_dev_1,False,False,116,0,0.00,0.99,null,null,null,-1.00,-1.00,-0.146,3816.47,P Sandie 100 Serum I_GD1_01_66531,696.65088:237896 697.65555:62334 698.66021:10738,null,4394526,3988224,4115143,3766674,4066141.64329687,262036.55273472
117,33.077,697.52570,no MS2: SM 32:1;O2,[M+Na]+,null,1.00,False,8.381,697.52551,C37H75N2O6P,SM,WVZYDPLIGWKWEU-UHFFFAOYSA-N,O=C(NC(COP(=O)([O-])OCC[N+](C)(C)C)C(O)C=CCCCCCCC)CCCCCCCCCCCCCCCCCCC,530,False,True,False,Normalized unit: Intensity; Annotation method: Msp20260116160945_NCDK_conventional_converted_dev_1,False,False,117,0,0.00,1.00,null,null,null,-1.00,-1.00,-0.143,801.76,P Sandie 100 Serum I_GD1_01_66531,697.52539:75434 698.53006:29460 699.53473:5902,null,1071568,1342918,1500667,1702929,1404520.405875,266423.34775355
118,73.635,697.58868,no MS2: SE 28:4/19:0,[M+Na]+,null,1.00,False,14.422,697.58942,C47H78O2,DEGSE,AHNVWZPGFDBTCX-UHFFFAOYSA-N,O=C(OC1CC2=CC=C3C(=CCC4(C)C3CCC4C(C=CC(C)C(C)C)C)C2(C)CC1)CCCCCCCCCCCCCCCCCC,530,False,True,False,Normalized unit: Intensity; Annotation method: Msp20260116160945_NCDK_conventional_converted_dev_1,False,False,118,0,0.00,1.00,null,null,null,-1.00,-1.00,-0.144,2533.65,P Sandie 100 Serum IV_GD1_01_66534,697.58905:298832 698.59372:157488 699.59839:38208,null,5420601,5903673,6080258,6162592,5891780.94648438,332171.716163172
119,81.177,697.66034,no MS2: RIKEN P-VS1 ID-7906 from Mouse_Macrophage_WT_N_F1AA,[M+H]+,null,1.00,False,7.850,697.65942,null,Unknown,null,null,530,False,True,False,Normalized unit: Intensity; Annotation method: Msp20260116160945_NCDK_conventional_converted_dev_1,False,False,119,0,0.00,1.00,null,null,null,-1.00,-1.00,-0.129,633.11,P Sandie 100 Serum IV_GD1_01_66534,697.65912:76914 698.66379:39158 699.66845:10098,null,1335619,1394744,1440218,1435421,1401500.44985938,48427.6656416958
120,45.722,701.40857,Unknown,[M+K]+,null,1.00,False,null,null,null,null,null,null,999,False,False,False,Normalized unit: Intensity,False,False,120,0,0.00,null,null,null,null,null,null,null,603.92,P Sandie 100 Serum IV_GD1_01_66534,701.40857:66690 702.41324:29662 703.41790:10342,null,944862,901413,948185,949933,936098.003328123,23219.0974249415
121,34.716,701.55817,no MS2: SM 34:2;O2|SM 12:1;O2/22:1,[M+H]+,null,1.00,False,8.555,701.55920,C39H77N2O6P,SM,VYDHYGBBAHKWKG-UHFFFAOYSA-N,O=C(NC(COP(=O)([O-])OCC[N+](C)(C)C)C(O)C=CCCCCCCC)CCCCCCCCCCCC=CCCCCCCCC,530,False,True,False,Normalized unit: Intensity; Annotation method: Msp20260116160945_NCDK_conventional_converted_dev_1,False,False,121,0,0.00,1.00,null,null,null,-1.00,-1.00,-0.143,3945.92,P Sandie 100 Serum II_GD1_01_66532,701.55908:550078 702.56375:231124 703.56842:51644,null,6741803,7526875,7772077,7941767,7495630.64604688,530626.505445255
122,59.878,703.56335,no MS2: BA 24:1;O4;G/16:1,[M+NH4]+,null,1.00,False,7.779,703.56201,C42H71NO6,GDCAE,CJCUCDWRGAZUGG-UHFFFAOYSA-N,O=C(O)CNC(=O)CCC(C)C1CCC2C3CCC4CC(OC(=O)CCCCCCCC=CCCCCCC)CCC4(C)C3CC(O)C12C,530,False,True,False,Normalized unit: Intensity; Annotation method: Msp20260116160945_NCDK_conventional_converted_dev_1,False,False,122,0,0.00,0.99,null,null,null,-1.00,-1.00,-0.146,3042.98,P Sandie 100 Serum IV_GD1_01_66534,703.56274:279330 704.56741:140270 705.57208:33950,null,3226680,3311579,3139137,2948274,3156417.642,155600.126149679
123,38.355,703.57404,no MS2: SM 34:1;O2|SM 12:1;O2/22:0,[M+H]+,null,1.00,False,8.929,703.57489,C39H79N2O6P,SM,ASWNCHFNKSPKBK-UHFFFAOYSA-N,O=C(NC(COP(=O)([O-])OCC[N+](C)(C)C)C(O)C=CCCCCCCC)CCCCCCCCCCCCCCCCCCCCC,530,False,True,False,Normalized unit: Intensity; Annotation method: Msp20260116160945_NCDK_conventional_converted_dev_1,False,False,123,0,0.00,1.00,null,null,null,-1.00,-1.00,-0.144,35904.61,P Sandie 100 Serum II_GD1_01_66532,703.57434:3723364 704.57901:1736090 705.58368:409040,null,50100263,54185478,59173754,60455281,55978694.0363907,4761645.79516922
124,38.356,703.72205,Unknown,[M+2H]2+,null,0.25,False,null,null,null,null,null,null,999,False,False,False,Normalized unit: Intensity,False,False,124,0,0.00,null,null,null,null,null,null,null,869.82,P Sandie 100 Serum IV_GD1_01_66534,703.72205:60234 704.72671:8874 705.73138:0,null,441751,507085,527022,630053,526477.72265625,78065.7846460356
125,38.362,703.82910,Unknown,[M+H]+,null,0.75,False,null,null,null,null,null,null,999,False,False,False,Normalized unit: Intensity,False,False,125,0,0.00,null,null,null,null,null,null,null,542.78,P Sandie 100 Serum IV_GD1_01_66534,703.82910:65460 704.83377:10224 705.83844:0,null,511077,598774,578453,693815,595529.701437501,75486.2039855169
126,40.335,705.59100,no MS2: SM 34:0;O2|SM 12:0;O2/22:0,[M+H]+,null,1.00,False,9.170,705.59052,C39H81N2O6P,SM,JIOJUELCHJZSCJ-UHFFFAOYSA-N,O=C(NC(COP(=O)([O-])OCC[N+](C)(C)C)C(O)CCCCCCCCC)CCCCCCCCCCCCCCCCCCCCC,530,False,True,False,Normalized unit: Intensity; Annotation method: Msp20260116160945_NCDK_conventional_converted_dev_1,False,False,126,0,0.00,1.00,null,null,null,-1.00,-1.00,-0.144,1753.00,P Sandie 100 Serum IV_GD1_01_66534,705.59100:180056 706.59567:75898 707.60034:17098,null,2066446,2180270,2330106,2450145,2256741.65348438,168174.310689572
127,69.344,705.62970,Unknown,[M+H]+,null,1.00,False,null,null,null,null,null,null,999,False,False,False,Normalized unit: Intensity,False,False,127,0,0.00,null,null,null,null,null,null,null,2440.10,P Sandie 100 Serum I_GD1_01_66531,705.62970:168426 706.63437:85036 707.63904:23126,null,2914669,2697851,2665342,2684265,2740531.80154688,116854.373381176
128,39.321,706.53741,no MS2: RIKEN P-VS1 ID-8138 from Mouse_SmallIntestine_WT_N_F1,[M+H]+,null,1.00,False,13.050,706.54138,null,Unknown,null,null,530,False,True,False,Normalized unit: Intensity; Annotation method: Msp20260116160945_NCDK_conventional_converted_dev_1,False,False,128,0,0.00,0.98,null,null,null,-1.00,-1.00,-0.137,954.45,P Sandie 100 Serum I_GD1_01_66531,706.53998:86020 707.54465:34632 708.54931:7740,null,1263997,1309370,1361243,1412339,1336737.43565625,64177.2898591855
129,45.722,707.49042,Unknown,[M+H]+,null,1.00,False,null,null,null,null,null,null,999,False,False,False,Normalized unit: Intensity,False,False,129,0,0.00,null,null,null,null,null,null,null,2440.78,P Sandie 100 Serum I_GD1_01_66531,707.49042:393910 708.49509:184986 709.49975:43770,null,6084346,5860132,5817637,5899387,5915375.45246874,117489.396245924
130,61.254,707.60883,Unknown,[M+H]+,null,1.00,False,null,null,null,null,null,null,999,False,False,False,Normalized unit: Intensity,False,False,130,0,0.00,null,null,null,null,null,null,null,490.24,P Sandie 100 Serum IV_GD1_01_66534,707.60883:89606 708.61349:43654 709.61816:10634,null,1084889,1177160,1167659,1203578,1158321.51195312,51259.4701413467
131,68.530,709.53094,no MS2: RIKEN P-VS1 ID-8227 from Mouse_Adipose_WT_N_F1,[M+H]+,null,1.00,False,12.470,709.53363,null,Unknown,null,null,530,False,True,False,Normalized unit: Intensity; Annotation method: Msp20260116160945_NCDK_conventional_converted_dev_1,False,False,131,0,0.00,0.99,null,null,null,-1.00,-1.00,-0.132,1473.16,P Sandie 100 Serum III_GD1_01_66533,709.53278:136264 710.53744:69498 711.54211:24048,null,1984427,2095424,2180536,2210204,2117647.74609375,101263.980616409
132,59.265,709.62341,Unknown,[M+H]+,null,1.00,False,null,null,null,null,null,null,999,False,False,False,Normalized unit: Intensity,False,False,132,0,0.00,null,null,null,null,null,null,null,994.19,P Sandie 100 Serum IV_GD1_01_66534,709.62341:104744 710.62808:53254 711.63275:11508,null,999740,1071166,1089105,1139241,1074813.09760937,57747.662172263
133,60.087,709.62378,Unknown,[M+H]+,null,1.00,False,null,null,null,null,null,null,999,False,False,False,Normalized unit: Intensity,False,False,133,0,0.00,null,null,null,null,null,null,null,3645.87,P Sandie 100 Serum IV_GD1_01_66534,709.62378:370686 710.62845:179954 711.63311:38060,null,4029460,4347735,4238433,4617278,4308226.8390625,244714.553283774
134,35.746,711.54089,no MS2: SM 33:1;O2,[M+Na]+,null,1.00,False,8.656,711.54108,C38H77N2O6P,SM,REEYJRIAQSUMNO-UHFFFAOYSA-N,O=C(NC(COP(=O)([O-])OCC[N+](C)(C)C)C(O)C=CCCCCCCC)CCCCCCCCCCCCCCCCCCCC,530,False,True,False,Normalized unit: Intensity; Annotation method: Msp20260116160945_NCDK_conventional_converted_dev_1,False,False,134,0,0.00,1.00,null,null,null,-1.00,-1.00,-0.143,717.20,P Sandie 100 Serum IV_GD1_01_66534,711.54089:77196 712.54556:33718 713.55023:7856,null,759220,902434,951466,1098588,927926.821265626,139989.274783481
135,60.710,711.56744,no MS2: BA 24:1;O3;G/18:3,[M+NH4]+,null,1.00,False,8.950,711.56702,C44H71NO5,GLCAE,ASRPSWFUWRNZII-UHFFFAOYSA-N,O=C(O)CNC(=O)CCC(C)C1CCC2C3CCC4CC(OC(=O)CCCCCCCC=CCC=CCC=CCC)CCC4(C)C3CCC12C,530,False,True,False,Normalized unit: Intensity; Annotation method: Msp20260116160945_NCDK_conventional_converted_dev_1,False,False,135,0,0.00,1.00,null,null,null,-1.00,-1.00,-0.144,1186.11,P Sandie 100 Serum IV_GD1_01_66534,711.56744:131296 712.57211:63272 713.57678:15750,null,1127107,1259989,1300305,1396508,1270977.23098438,111709.946849973
136,59.796,711.56842,no MS2: SL 41:4;O|SL 13:1;O/28:3,[M+NH4]+,null,1.00,False,10.839,711.57037,C41H75NO5S,SL,FGTSTGQMUWVJKU-UHFFFAOYSA-N,O=C(N(CC(O)C=CCCCCCCCC)CS(=O)(=O)O)CCCCCCCCCCCCC=CCC=CCC=CCCCCCCC,530,False,True,False,Normalized unit: Intensity; Annotation method: Msp20260116160945_NCDK_conventional_converted_dev_1,False,False,136,0,0.00,0.99,null,null,null,-1.00,-1.00,-0.150,1465.80,P Sandie 100 Serum II_GD1_01_66532,711.56915:142634 712.57382:75046 713.57849:17274,null,1768990,1964194,2141911,2129425,2001130.32123437,174673.08175164
137,60.353,711.56848,no MS2: BA 24:1;O3;G/18:3,[M+NH4]+,null,1.00,False,8.950,711.56702,C44H71NO5,GLCAE,ASRPSWFUWRNZII-UHFFFAOYSA-N,O=C(O)CNC(=O)CCC(C)C1CCC2C3CCC4CC(OC(=O)CCCCCCCC=CCC=CCC=CCC)CCC4(C)C3CCC12C,530,False,True,False,Normalized unit: Intensity; Annotation method: Msp20260116160945_NCDK_conventional_converted_dev_1,False,False,137,0,0.00,0.99,null,null,null,-1.00,-1.00,-0.149,4020.06,P Sandie 100 Serum IV_GD1_01_66534,711.56812:424816 712.57278:221600 713.57745:56072,null,6562130,7176362,7606115,7569643,7228562.52137501,485021.678241375
138,73.626,713.56348,no MS2: SM 35:3;O2|SM 13:1;O2/22:2,[M+K]+,null,1.00,False,8.324,713.55920,C40H77N2O6P,SM,NNLWGANFHASYRM-UHFFFAOYSA-N,O=C(NC(COP(=O)([O-])OCC[N+](C)(C)C)C(O)C=CCCCCCCCC)CCCCCCCCCCCC=CCC=CCCCCC,530,False,True,False,Normalized unit: Intensity; Annotation method: Msp20260116160945_NCDK_conventional_converted_dev_1,False,False,138,0,0.00,0.90,null,null,null,-1.00,-1.00,-0.195,969.55,P Sandie 100 Serum II_GD1_01_66532,713.56256:92878 714.56723:42620 715.57190:17494,null,1700398,1882997,1937902,2000783,1880520.07590625,129365.068857621
139,70.245,714.61731,no MS2: SE 28:2/21:5,[M+NH4]+,null,1.00,False,13.735,714.61841,C49H76O2,BRSE,NAGKOUYLLGPXFP-UHFFFAOYSA-N,O=C(OC1CC2=CCC3C(CCC4(C)C(CCC34)C(C=CC(C)C(C)C)C)C2(C)CC1)CCCCC=CCC=CCC=CCC=CCC=CCC,530,False,True,False,Normalized unit: Intensity; Annotation method: Msp20260116160945_NCDK_conventional_converted_dev_1,False,False,139,0,0.00,1.00,null,null,null,-1.00,-1.00,-0.143,4177.32,P Sandie 100 Serum III_GD1_01_66533,714.61871:306802 715.62338:159422 716.62805:43126,null,3440427,3115661,3998899,4306518,3715376.34793753,536994.500101588
140,68.530,715.61389,Unknown,[M+H]+,null,1.00,False,null,null,null,null,null,null,999,False,False,False,Normalized unit: Intensity,False,False,140,0,0.00,null,null,null,null,null,null,null,1109.32,P Sandie 100 Serum III_GD1_01_66533,715.61389:264294 716.61856:139058 717.62323:32582,null,3420025,3592985,3698410,3662567,3593496.80893751,123652.852155151
141,40.935,717.59070,no MS2: SM 35:1;O2|SM 12:1;O2/23:0,[M+H]+,null,1.00,False,9.350,717.59052,C40H81N2O6P,SM,ASVIEZNRHGUMIU-UHFFFAOYSA-N,O=C(NC(COP(=O)([O-])OCC[N+](C)(C)C)C(O)C=CCCCCCCC)CCCCCCCCCCCCCCCCCCCCCC,530,False,True,False,Normalized unit: Intensity; Annotation method: Msp20260116160945_NCDK_conventional_converted_dev_1,False,False,141,0,0.00,1.00,null,null,null,-1.00,-1.00,-0.143,730.09,P Sandie 100 Serum IV_GD1_01_66534,717.59070:92426 718.59537:40430 719.60003:9788,null,1144308,1249729,1293309,1367371,1263679.07454687,93227.106468101
142,71.050,717.62952,Unknown,[M+H]+,null,1.00,False,null,null,null,null,null,null,999,False,False,False,Normalized unit: Intensity,False,False,142,0,0.00,null,null,null,null,null,null,null,10703.52,P Sandie 100 Serum I_GD1_01_66531,717.62952:712646 718.63418:362160 719.63885:93568,null,16952676,16452507,16061420,16053176,16379944.6875313,424861.90287553
143,46.279,718.57434,no MS2: PC O-32:1|PC O-8:0_24:1,[M+H]+,null,1.00,False,9.876,718.57452,C40H80NO7P,EtherPC,JSCQQTZMIJRPQQ-UHFFFAOYSA-N,O=C(OC(COCCCCCCCC)COP(=O)([O-])OCC[N+](C)(C)C)CCCCCCCCCCCCCC=CCCCCCCCC,530,False,True,False,Normalized unit: Intensity; Annotation method: Msp20260116160945_NCDK_conventional_converted_dev_1,False,False,143,0,0.00,1.00,null,null,null,-1.00,-1.00,-0.143,1003.86,P Sandie 100 Serum III_GD1_01_66533,718.57434:94536 719.57901:41566 720.58368:10502,null,1234998,1340755,1409746,1447099,1358149.30840625,93172.1809281032
144,59.874,719.53784,no MS2: RIKEN P-VS1 ID-8471 from Mouse_Liver_WT_N_F1DHA,[M+H]+,null,1.00,False,10.100,719.53601,null,Unknown,null,null,530,False,True,False,Normalized unit: Intensity; Annotation method: Msp20260116160945_NCDK_conventional_converted_dev_1,False,False,144,0,0.00,0.98,null,null,null,-1.00,-1.00,-0.136,791.49,P Sandie 100 Serum IV_GD1_01_66534,719.53729:77406 720.54196:36618 721.54663:12022,null,953307,1001503,955860,885187,948964.46303125,47938.3977487001
145,70.245,719.57294,no MS2: RIKEN P-VS1 ID-8477 from Mouse_Muscle_WT_CTX3_Ctr,[M+H]+,null,1.00,False,8.620,719.57471,null,Unknown,null,null,530,False,True,False,Normalized unit: Intensity; Annotation method: Msp20260116160945_NCDK_conventional_converted_dev_1,False,False,145,0,0.00,1.00,null,null,null,-1.00,-1.00,-0.130,3825.25,P Sandie 100 Serum III_GD1_01_66533,719.57410:403892 720.57876:210736 721.58343:53336,null,5673740,5883892,6264804,6392123,6053639.49989064,332816.192173704
146,73.639,719.64343,Unknown,[M+H]+,null,1.00,False,null,null,null,null,null,null,999,False,False,False,Normalized unit: Intensity,False,False,146,0,0.00,null,null,null,null,null,null,null,3097.43,P Sandie 100 Serum II_GD1_01_66532,719.64343:240292 720.64810:127544 721.65277:31426,null,4241181,4346554,4311453,4400009,4324799.27667188,66583.3985114363
147,46.936,720.59009,no MS2: PC O-32:0|PC O-8:0_24:0,[M+H]+,null,1.00,False,10.204,720.59021,C40H82NO7P,EtherPC,AXEPEEXNGOBZFB-UHFFFAOYSA-N,O=C(OC(COCCCCCCCC)COP(=O)([O-])OCC[N+](C)(C)C)CCCCCCCCCCCCCCCCCCCCCCC,530,False,True,False,Normalized unit: Intensity; Annotation method: Msp20260116160945_NCDK_conventional_converted_dev_1,False,False,147,0,0.00,1.00,null,null,null,-1.00,-1.00,-0.143,1129.10,P Sandie 100 Serum II_GD1_01_66532,720.59009:118684 721.59476:52886 722.59942:12872,null,1366853,1529425,1548562,1592501,1509335.38835938,98590.1966785376
148,45.714,721.50616,Unknown,[M+H]+,null,1.00,False,null,null,null,null,null,null,999,False,False,False,Normalized unit: Intensity,False,False,148,0,0.00,null,null,null,null,null,null,null,1397.17,P Sandie 100 Serum I_GD1_01_66531,721.50616:300464 722.51083:146684 723.51550:35050,null,4603397,3948933,3816597,3810799,4044931.48248437,377736.213646984
149,61.262,721.62476,no MS2: RIKEN P-VS1 ID-8542 from Mouse_Feces_WT_ABX_Ctr,[M+H]+,null,1.00,False,13.310,721.62720,null,Unknown,null,null,530,False,True,False,Normalized unit: Intensity; Annotation method: Msp20260116160945_NCDK_conventional_converted_dev_1,False,False,149,0,0.00,0.94,null,null,null,-1.00,-1.00,-0.154,690.63,P Sandie 100 Serum I_GD1_01_66531,721.62476:80436 722.62942:43890 723.63409:10962,null,1069741,1025088,946576,999164,1010142.23139062,51434.5781310049
150,34.716,723.54022,no MS2: SM 34:2;O2,[M+Na]+,null,1.00,False,8.555,723.54108,C39H77N2O6P,SM,VYDHYGBBAHKWKG-UHFFFAOYSA-N,O=C(NC(COP(=O)([O-])OCC[N+](C)(C)C)C(O)C=CCCCCCCC)CCCCCCCCCCCC=CCCCCCCCC,530,False,True,False,Normalized unit: Intensity; Annotation method: Msp20260116160945_NCDK_conventional_converted_dev_1,False,False,150,0,0.00,1.00,null,null,null,-1.00,-1.00,-0.143,1722.98,P Sandie 100 Serum II_GD1_01_66532,723.54114:180506 724.54581:76206 725.55047:18802,null,2007033,2572103,2630943,3013124,2555800.64810938,414810.606081448
151,60.092,723.64020,Unknown,[M+H]+,null,1.00,False,null,null,null,null,null,null,999,False,False,False,Normalized unit: Intensity,False,False,151,0,0.00,null,null,null,null,null,null,null,2434.65,P Sandie 100 Serum I_GD1_01_66531,723.64020:176908 724.64487:89748 725.64953:24672,null,2147135,2118556,2058464,2069671,2098456.49760937,41639.5741293052
152,38.364,725.55591,no MS2: RIKEN P-VS1 ID-8650 from Cell_HeLa_WT_N_Ctr,[M+H]+,null,1.00,False,9.810,725.55829,null,Unknown,null,null,530,False,True,False,Normalized unit: Intensity; Annotation method: Msp20260116160945_NCDK_conventional_converted_dev_1,False,False,152,0,0.00,1.00,null,null,null,-1.00,-1.00,-0.130,8541.14,P Sandie 100 Serum I_GD1_01_66531,725.55890:861334 726.56357:389318 727.56823:84626,null,13702531,15261980,16690532,18262396,15979359.7375938,1950777.80732623
153,59.878,725.61896,no MS2: RIKEN P-VS1 ID-8656 from Mouse_Heart_WT_N_F1,[M+H]+,null,1.00,False,9.020,725.62079,null,Unknown,null,null,530,False,True,False,Normalized unit: Intensity; Annotation method: Msp20260116160945_NCDK_conventional_converted_dev_1,False,False,153,0,0.00,0.97,null,null,null,-1.00,-1.00,-0.141,1140.74,P Sandie 100 Serum I_GD1_01_66531,725.61908:143492 726.62375:68724 727.62842:15236,null,1541627,1603437,1446387,1459938,1512847.29704687,73600.5047702981
154,40.330,727.57257,no MS2: SM 34:0;O2,[M+Na]+,null,1.00,False,9.170,727.57239,C39H81N2O6P,SM,JIOJUELCHJZSCJ-UHFFFAOYSA-N,O=C(NC(COP(=O)([O-])OCC[N+](C)(C)C)C(O)CCCCCCCCC)CCCCCCCCCCCCCCCCCCCCC,530,False,True,False,Normalized unit: Intensity; Annotation method: Msp20260116160945_NCDK_conventional_converted_dev_1,False,False,154,0,0.00,1.00,null,null,null,-1.00,-1.00,-0.143,830.51,P Sandie 100 Serum IV_GD1_01_66534,727.57257:95388 728.57724:38720 729.58191:33390,null,868090,989697,1142892,1289985,1072665.93557813,183388.735542089
155,39.961,729.58954,no MS2: SM 36:2;O2|SM 12:1;O2/24:1,[M+H]+,null,1.00,False,9.012,729.59052,C41H81N2O6P,SM,KZQWICJJTVELAN-UHFFFAOYSA-N,O=C(NC(COP(=O)([O-])OCC[N+](C)(C)C)C(O)C=CCCCCCCC)CCCCCCCCCCCCCC=CCCCCCCCC,530,False,True,False,Normalized unit: Intensity; Annotation method: Msp20260116160945_NCDK_conventional_converted_dev_1,False,False,155,0,0.00,0.99,null,null,null,-1.00,-1.00,-0.147,2492.20,P Sandie 100 Serum IV_GD1_01_66534,729.58954:416884 730.59421:189518 731.59887:45700,null,5586773,5887317,6194912,6608212,6069303.60804688,436712.787561715
156,68.530,729.62964,no MS2: RIKEN P-VS1 ID-8765 from Mouse_Feces_WT_ABX_Ctr,[M+H]+,null,1.00,False,13.510,729.63177,null,Unknown,null,null,530,False,True,False,Normalized unit: Intensity; Annotation method: Msp20260116160945_NCDK_conventional_converted_dev_1,False,False,156,0,0.00,0.96,null,null,null,-1.00,-1.00,-0.147,1616.73,P Sandie 100 Serum I_GD1_01_66531,729.62964:99030 730.63431:55522 731.63897:13758,null,1410661,1301129,1310079,1301141,1330752.59829688,53439.0253957513
157,37.472,730.53705,no MS2: NAGlySer 37:7;O2|NAGlySer 9:0;O(FA 28:6),[M+NH4]+,null,1.00,False,8.373,730.53650,C42H68N2O7,NAGlySer,ISIUMYKFBRLNPE-UHFFFAOYSA-N,O=C(OC(CCCC(=O)NCC(=O)NC(C(=O)O)CO)CCCC)CCCCCCCCC=CCC=CCC=CCC=CCC=CCC=CCC,530,False,True,False,Normalized unit: Intensity; Annotation method: Msp20260116160945_NCDK_conventional_converted_dev_1,False,False,157,0,0.00,1.00,null,null,null,-1.00,-1.00,-0.143,1428.76,P Sandie 100 Serum III_GD1_01_66533,730.53644:131514 731.54111:58808 732.54577:14914,null,1714594,1859185,1913373,2016525,1875919.3771875,125802.256247247
158,43.381,731.60657,no MS2: SM 36:1;O2|SM 12:1;O2/24:0,[M+H]+,null,1.00,False,9.598,731.60620,C41H83N2O6P,SM,IMSJPGOHOORVQA-UHFFFAOYSA-N,O=C(NC(COP(=O)([O-])OCC[N+](C)(C)C)C(O)C=CCCCCCCC)CCCCCCCCCCCCCCCCCCCCCCC,530,False,True,False,Normalized unit: Intensity; Annotation method: Msp20260116160945_NCDK_conventional_converted_dev_1,False,False,158,0,0.00,1.00,null,null,null,-1.00,-1.00,-0.143,8751.97,P Sandie 100 Serum III_GD1_01_66533,731.60632:890164 732.61099:407278 733.61566:97250,null,11371502,12154508,12946305,13594780,12516773.8097969,964274.913642692
159,71.020,731.64502,Unknown,[M+H]+,null,1.00,False,null,null,null,null,null,null,999,False,False,False,Normalized unit: Intensity,False,False,159,0,0.00,null,null,null,null,null,null,null,4822.90,P Sandie 100 Serum I_GD1_01_66531,731.64502:317930 732.64969:175104 733.65436:46074,null,4082770,3553211,3996146,6532873,4541249.78132811,1347853.64916227
160,40.713,732.55359,no MS2: DMPE 33:1|DMPE 5:0_28:1,[M+H]+,null,1.00,False,9.369,732.55377,C40H78NO8P,DMPE,OIISTJMMSRDWTO-UHFFFAOYSA-N,O=C(OCC(OC(=O)CCCCCCCCCCCCCCCCCC=CCCCCCCCC)COP(=O)(O)OCCN(C)C)CCCC,530,False,True,False,Normalized unit: Intensity; Annotation method: Msp20260116160945_NCDK_conventional_converted_dev_1,False,False,160,0,0.00,1.00,null,null,null,-1.00,-1.00,-0.143,4319.66,P Sandie 100 Serum III_GD1_01_66533,732.55371:307404 733.55838:132838 734.56305:32076,null,5323976,5715973,5915802,6250566,5801579.46510938,387328.12323986
161,60.349,733.62335,no MS2: SM 36:0;O2|SM 12:0;O2/24:0,[M+H]+,null,1.00,False,9.860,733.62183,C41H85N2O6P,SM,HHUPDMAQIBSEGQ-UHFFFAOYSA-N,O=C(NC(COP(=O)([O-])OCC[N+](C)(C)C)C(O)CCCCCCCCC)CCCCCCCCCCCCCCCCCCCCCCC,530,False,True,False,Normalized unit: Intensity; Annotation method: Msp20260116160945_NCDK_conventional_converted_dev_1,False,False,161,0,0.00,0.98,null,null,null,-1.00,-1.00,-0.154,1462.76,P Sandie 100 Serum IV_GD1_01_66534,733.62335:158834 734.62802:84780 735.63269:22100,null,2503681,2694860,2710808,2946221,2713892.21214063,181233.987412064
162,73.644,733.66150,Unknown,[M+H]+,null,1.00,False,null,null,null,null,null,null,999,False,False,False,Normalized unit: Intensity,False,False,162,0,0.00,null,null,null,null,null,null,null,1107.15,P Sandie 100 Serum I_GD1_01_66531,733.66150:91736 734.66617:50028 735.67083:13752,null,1706817,1670345,1581954,1612034,1642787.73803125,56290.1890207382
163,44.195,734.56921,no MS2: DMPE 33:0|DMPE 28:0_5:0,[M+H]+,null,1.00,False,10.672,734.56940,C40H80NO8P,DMPE,ZZNGNZPJNJRLFS-UHFFFAOYSA-N,O=C(OCC(OC(=O)CCCC)COP(=O)(O)OCCN(C)C)CCCCCCCCCCCCCCCCCCCCCCCCCCC,530,False,True,False,Normalized unit: Intensity; Annotation method: Msp20260116160945_NCDK_conventional_converted_dev_1,False,False,163,0,0.00,1.00,null,null,null,-1.00,-1.00,-0.143,8925.80,P Sandie 100 Serum III_GD1_01_66533,734.56952:741590 735.57419:330638 736.57885:80850,null,9690192,10307676,10717368,11141438,10464168.6337187,618151.483851259
164,70.245,735.54840,no MS2: SM 37:6;O2|SM 13:1;O2/24:5,[M+H]+,null,1.00,False,8.377,735.54358,C42H75N2O6P,SM,RYVVCEAQKHUEJM-UHFFFAOYSA-N,O=C(NC(COP(=O)([O-])OCC[N+](C)(C)C)C(O)C=CCCCCCCCC)CCCCCCCC=CCC=CCC=CCC=CCC=CCC,530,False,True,False,Normalized unit: Intensity; Annotation method: Msp20260116160945_NCDK_conventional_converted_dev_1,False,False,164,0,0.00,0.90,null,null,null,-1.00,-1.00,-0.191,1303.12,P Sandie 100 Serum II_GD1_01_66532,735.54688:131778 736.55154:68316 737.55621:22758,null,1894469,1977917,2124569,2014723,2002919.52579688,95436.7837115472
165,59.881,739.63483,no MS2: SE 28:4/22:0,[M+Na]+,null,0.50,False,14.999,739.63641,C50H84O2,DEGSE,JEHJSAOHOQIHJP-UHFFFAOYSA-N,O=C(OC1CC2=CC=C3C(=CCC4(C)C3CCC4C(C=CC(C)C(C)C)C)C2(C)CC1)CCCCCCCCCCCCCCCCCCCCC,530,False,True,False,Normalized unit: Intensity; Annotation method: Msp20260116160945_NCDK_conventional_converted_dev_1,False,False,165,0,0.00,0.98,null,null,null,-1.00,-1.00,-0.153,850.10,P Sandie 100 Serum II_GD1_01_66532,739.63489:66028 740.63956:34276 741.64422:9302,null,787272,763266,654967,607069,703143.364781249,86107.8873593622
166,70.245,741.62964,Unknown,[M+H]+,null,1.00,False,null,null,null,null,null,null,999,False,False,False,Normalized unit: Intensity,False,False,166,0,0.00,null,null,null,null,null,null,null,3669.24,P Sandie 100 Serum II_GD1_01_66532,741.62817:263670 742.63284:142374 743.63751:37320,null,3486492,3674978,3843750,3668918,3668534.59300001,145924.147116833
167,44.530,742.57397,no MS2: PC O-34:3|PC O-8:0_26:3,[M+H]+,null,1.00,False,9.597,742.57452,C42H80NO7P,EtherPC,MIKWCKCBCDZUNB-UHFFFAOYSA-N,O=C(OC(COCCCCCCCC)COP(=O)([O-])OCC[N+](C)(C)C)CCCCCCCCCCC=CCC=CCC=CCCCCCCC,530,False,True,False,Normalized unit: Intensity; Annotation method: Msp20260116160945_NCDK_conventional_converted_dev_1,False,False,167,0,0.00,1.00,null,null,null,-1.00,-1.00,-0.143,4943.38,P Sandie 100 Serum III_GD1_01_66533,742.57471:585294 743.57937:266830 744.58404:64828,null,7346416,7779551,8297937,8589354,8003314.42760937,551310.644401672
168,40.017,744.55298,no MS2: NAGlySer 38:7;O2|NAGlySer 10:0;O(FA 28:6),[M+NH4]+,null,1.00,False,8.105,744.55212,C43H70N2O7,NAGlySer,RIEZRNVCIJXFMX-UHFFFAOYSA-N,O=C(OC(CCC)CCCCCC(=O)NCC(=O)NC(C(=O)O)CO)CCCCCCCCC=CCC=CCC=CCC=CCC=CCC=CCC,530,False,True,False,Normalized unit: Intensity; Annotation method: Msp20260116160945_NCDK_conventional_converted_dev_1,False,False,168,0,0.00,1.00,null,null,null,-1.00,-1.00,-0.143,1253.79,P Sandie 100 Serum II_GD1_01_66532,744.55188:128014 745.55655:55512 746.56122:13384,null,1713803,1815243,1873383,2037281,1859927.7014375,135381.231392115
169,45.265,744.58948,no MS2: PC O-34:2|PC O-8:0_26:2,[M+H]+,null,1.00,False,9.905,744.59021,C42H82NO7P,EtherPC,WBAZRZTVRJLENP-UHFFFAOYSA-N,O=C(OC(COCCCCCCCC)COP(=O)([O-])OCC[N+](C)(C)C)CCCCCCCCCCCCCC=CCC=CCCCCCCC,530,False,True,False,Normalized unit: Intensity; Annotation method: Msp20260116160945_NCDK_conventional_converted_dev_1,False,False,169,0,0.00,1.00,null,null,null,-1.00,-1.00,-0.143,3151.17,P Sandie 100 Serum III_GD1_01_66533,744.59009:332756 745.59476:152250 746.59942:37686,null,4331358,4638793,4806204,4952602,4682239.63173438,266751.125704002
170,47.376,744.58948,no MS2: PC O-34:2|PC O-8:0_26:2,[M+H]+,null,1.00,False,9.905,744.59021,C42H82NO7P,EtherPC,WBAZRZTVRJLENP-UHFFFAOYSA-N,O=C(OC(COCCCCCCCC)COP(=O)([O-])OCC[N+](C)(C)C)CCCCCCCCCCCCCC=CCC=CCCCCCCC,530,False,True,False,Normalized unit: Intensity; Annotation method: Msp20260116160945_NCDK_conventional_converted_dev_1,False,False,170,0,0.00,1.00,null,null,null,-1.00,-1.00,-0.143,1463.06,P Sandie 100 Serum II_GD1_01_66532,744.58984:144780 745.59451:68738 746.59918:17580,null,1980522,2208325,2286929,2365225,2210250.3205,166007.215194505
171,45.775,745.62128,no MS2: SM 37:1;O2|SM 12:1;O2/25:0,[M+H]+,null,0.50,False,10.060,745.62183,C42H85N2O6P,SM,AWIFGOBWPWIAOU-UHFFFAOYSA-N,O=C(NC(COP(=O)([O-])OCC[N+](C)(C)C)C(O)C=CCCCCCCC)CCCCCCCCCCCCCCCCCCCCCCCC,530,False,True,False,Normalized unit: Intensity; Annotation method: Msp20260116160945_NCDK_conventional_converted_dev_1,False,False,171,0,0.00,1.00,null,null,null,-1.00,-1.00,-0.143,774.55,P Sandie 100 Serum III_GD1_01_66533,745.62164:54752 746.62631:24282 747.63098:6040,null,659280,752195,797630,832061,760291.535484374,74864.2149679985
172,43.098,746.56995,no MS2: NAGlySer 38:6;O2|NAGlySer 10:0;O(FA 28:5),[M+NH4]+,null,1.00,False,8.870,746.56781,C43H72N2O7,NAGlySer,KJHVTRJQBBLJRX-UHFFFAOYSA-N,O=C(OC(CCC)CCCCCC(=O)NCC(=O)NC(C(=O)O)CO)CCCCCCCCCCCC=CCC=CCC=CCC=CCC=CCC,530,False,True,False,Normalized unit: Intensity; Annotation method: Msp20260116160945_NCDK_conventional_converted_dev_1,False,False,172,0,0.00,1.00,null,null,null,-1.00,-1.00,-0.143,1179.68,P Sandie 100 Serum II_GD1_01_66532,746.56805:94490 747.57272:43620 748.57739:9540,null,1419331,1503229,1625435,1722948,1567735.92889063,133672.698695677
173,48.007,746.60394,no MS2: PC O-34:1|PC O-8:0_26:1,[M+H]+,null,1.00,False,10.376,746.60577,C42H84NO7P,EtherPC,DJYYQHGJOYRXDR-UHFFFAOYSA-N,O=C(OC(COCCCCCCCC)COP(=O)([O-])OCC[N+](C)(C)C)CCCCCCCCCCCCCCCC=CCCCCCCCC,530,False,True,False,Normalized unit: Intensity; Annotation method: Msp20260116160945_NCDK_conventional_converted_dev_1,False,False,173,0,0.00,1.00,null,null,null,-1.00,-1.00,-0.143,2213.77,P Sandie 100 Serum II_GD1_01_66532,746.60553:187104 747.61020:87376 748.61487:21912,null,3280317,3689437,3834114,3963976,3691961.29339063,296454.889872666
174,60.349,747.64001,no MS2: SM 37:0;O2|SM 12:0;O2/25:0,[M+H]+,null,1.00,False,10.205,747.63751,C42H87N2O6P,SM,OAVKGZSSBPPMBW-UHFFFAOYSA-N,O=C(NC(COP(=O)([O-])OCC[N+](C)(C)C)C(O)CCCCCCCCC)CCCCCCCCCCCCCCCCCCCCCCCC,530,False,True,False,Normalized unit: Intensity; Annotation method: Msp20260116160945_NCDK_conventional_converted_dev_1,False,False,174,0,0.00,0.98,null,null,null,-1.00,-1.00,-0.155,839.02,P Sandie 100 Serum IV_GD1_01_66534,747.63916:71524 748.64383:36560 749.64850:10386,null,1371397,1333945,1263489,1287086,1313979.09170313,48194.0388775728
175,39.961,751.57190,no MS2: RIKEN P-VS1 ID-9391 from Mouse_Feces_WT_N_Ctr,[M+Na]+,null,1.00,False,11.590,751.56897,null,Unknown,null,null,530,False,True,False,Normalized unit: Intensity; Annotation method: Msp20260116160945_NCDK_conventional_converted_dev_1,False,False,175,0,0.00,0.98,null,null,null,-1.00,-1.00,-0.139,1324.78,P Sandie 100 Serum II_GD1_01_66532,751.57062:118386 752.57529:50222 753.57995:12652,null,1583106,1889085,2187220,2599619,2064757.46023438,433559.673990358
176,49.238,752.55750,no MS2: RIKEN P-VS1 ID-9414 from Cell_HeLa_WT_N_Ctr,[M+H]+,null,1.00,False,11.840,752.56042,null,Unknown,null,null,530,False,True,False,Normalized unit: Intensity; Annotation method: Msp20260116160945_NCDK_conventional_converted_dev_1,False,False,176,0,0.00,0.99,null,null,null,-1.00,-1.00,-0.131,699.87,P Sandie 100 Serum I_GD1_01_66531,752.55963:58976 753.56430:25346 754.56897:8576,null,751024,821299,835675,853298,815323.932640626,44819.5678900853
177,43.372,753.58826,no MS2: SM 36:1;O2,[M+Na]+,null,1.00,False,9.598,753.58807,C41H83N2O6P,SM,IMSJPGOHOORVQA-UHFFFAOYSA-N,O=C(NC(COP(=O)([O-])OCC[N+](C)(C)C)C(O)C=CCCCCCCC)CCCCCCCCCCCCCCCCCCCCCCC,530,False,True,False,Normalized unit: Intensity; Annotation method: Msp20260116160945_NCDK_conventional_converted_dev_1,False,False,177,0,0.00,1.00,null,null,null,-1.00,-1.00,-0.143,3305.29,P Sandie 100 Serum IV_GD1_01_66534,753.58826:347306 754.59292:156484 755.59759:36518,null,3403498,4091195,4631990,5163676,4322589.8004375,753088.88675636
178,40.719,754.53571,no MS2: PC 32:1,[M+Na]+,null,0.50,False,9.089,754.53571,C40H78NO8P,PC,KXKFHTLYVUKVHF-UHFFFAOYSA-N,O=C(OCC(OC(=O)CCCCCCCCCCCCCCC=CCCCCCCCCCC)COP(=O)([O-])OCC[N+](C)(C)C)CCCC,530,False,True,False,Normalized unit: Intensity; Annotation method: Msp20260116160945_NCDK_conventional_converted_dev_1,False,False,178,0,0.00,1.00,null,null,null,-1.00,-1.00,-0.143,790.05,P Sandie 100 Serum IV_GD1_01_66534,754.53571:63736 755.54037:26106 756.54504:10406,null,921758,990099,1113168,1259650,1071168.71334375,148531.66842886
179,37.521,754.53699,no MS2: NAGlySer 39:9;O2|NAGlySer 15:2;O(FA 24:6),[M+NH4]+,null,0.25,False,7.480,754.53650,C44H68N2O7,NAGlySer,MXFFEQCNPYFLHY-UHFFFAOYSA-N,O=C(OC(C=CCC=CCCC)CCCCCC(=O)NCC(=O)NC(C(=O)O)CO)CCCCC=CCC=CCC=CCC=CCC=CCC=CCC,530,False,True,False,Normalized unit: Intensity; Annotation method: Msp20260116160945_NCDK_conventional_converted_dev_1,False,False,179,0,0.00,1.00,null,null,null,-1.00,-1.00,-0.144,701.55,P Sandie 100 Serum IV_GD1_01_66534,754.53699:53944 755.54166:24888 756.54632:7020,null,705616,781257,777565,850272,778677.554296875,59080.8815064747
180,70.245,755.64447,Unknown,[M+H]+,null,1.00,False,null,null,null,null,null,null,999,False,False,False,Normalized unit: Intensity,False,False,180,0,0.00,null,null,null,null,null,null,null,1047.47,P Sandie 100 Serum I_GD1_01_66531,755.64447:101928 756.64914:56878 757.65381:15576,null,1493978,1422102,1431384,1396732,1436048.83542188,41303.1614500183
181,44.186,756.55133,no MS2: PC 32:0,[M+Na]+,null,1.00,False,9.557,756.55139,C40H80NO8P,PC,UXYMBTVVBCRHHL-UHFFFAOYSA-N,O=C(OCC(OC(=O)CCCC)COP(=O)([O-])OCC[N+](C)(C)C)CCCCCCCCCCCCCCCCCCCCCCCCCC,530,False,True,False,Normalized unit: Intensity; Annotation method: Msp20260116160945_NCDK_conventional_converted_dev_1,False,False,181,0,0.00,1.00,null,null,null,-1.00,-1.00,-0.143,1196.68,P Sandie 100 Serum IV_GD1_01_66534,756.55133:130810 757.55600:56514 758.56067:25228,null,1485678,1692511,1824895,1969899,1743245.83915625,205712.90460904
182,38.881,756.55298,no MS2: Cer 49:13;O4|Cer 12:2;O2/37:11;O2,[M+H]+,null,1.00,False,10.463,756.55621,C49H73NO5,Cer_EOS,XTESFOOEVGZERU-UHFFFAOYSA-N,O=C(OCCC=CCC=CCC=CCC=CCC(=O)NC(CO)C(O)C=CCCC=CCCC)CCC=CCC=CCC=CCC=CCC=CCC=CCC,530,False,True,False,Normalized unit: Intensity; Annotation method: Msp20260116160945_NCDK_conventional_converted_dev_1,False,False,182,0,0.00,1.00,null,null,null,-1.00,-1.00,-0.143,1959.44,P Sandie 100 Serum I_GD1_01_66531,756.55597:184866 757.56064:86852 758.56530:21706,null,2620412,2937172,2982039,3126511,2916533.29646874,213303.492124557
183,39.765,756.55347,no MS2: DMPE 35:3|DMPE 5:0_30:3,[M+H]+,null,1.00,False,9.213,756.55377,C42H78NO8P,DMPE,ICNCFQIVQRJXQI-UHFFFAOYSA-N,O=C(OCC(OC(=O)CCCCCCCCCCCCCCC=CCC=CCC=CCCCCCCC)COP(=O)(O)OCCN(C)C)CCCC,530,False,True,False,Normalized unit: Intensity; Annotation method: Msp20260116160945_NCDK_conventional_converted_dev_1,False,False,183,0,0.00,1.00,null,null,null,-1.00,-1.00,-0.143,1483.80,P Sandie 100 Serum IV_GD1_01_66534,756.55347:198836 757.55813:91920 758.56280:22636,null,2786237,2918028,3117040,3339072,3040094.27864063,241282.456625445
184,44.843,757.62109,no MS2: SM 38:2;O2|SM 12:1;O2/26:1,[M+H]+,null,1.00,False,9.580,757.62183,C43H85N2O6P,SM,LCCGGRXCXDWGPP-UHFFFAOYSA-N,O=C(NC(COP(=O)([O-])OCC[N+](C)(C)C)C(O)C=CCCCCCCC)CCCCCCCCCCCCCCCC=CCCCCCCCC,530,False,True,False,Normalized unit: Intensity; Annotation method: Msp20260116160945_NCDK_conventional_converted_dev_1,False,False,184,0,0.00,1.00,null,null,null,-1.00,-1.00,-0.143,2486.81,P Sandie 100 Serum III_GD1_01_66533,757.62207:257708 758.62674:124576 759.63141:30426,null,3108409,3462826,3677890,3779323,3507111.92148438,296754.271457813
185,42.463,758.57147,no MS2: Cer 49:12;O4|Cer 12:1;O2/37:11;O2,[M+H]+,null,1.00,False,10.594,758.57178,C49H75NO5,Cer_EOS,YJXCZRFEUFCVMT-UHFFFAOYSA-N,O=C(OCCC=CCC=CCC=CCC=CCC(=O)NC(CO)C(O)C=CCCCCCCC)CCC=CCC=CCC=CCC=CCC=CCC=CCC,530,False,True,False,Normalized unit: Intensity; Annotation method: Msp20260116160945_NCDK_conventional_converted_dev_1,False,False,185,0,0.00,1.00,null,null,null,-1.00,-1.00,-0.143,135287.70,P Sandie 100 Serum III_GD1_01_66533,758.57159:12711216 759.57626:8850514 760.58093:2016352,null,220175025,227711682,233517534,239375388,230194907.177859,8203363.79085295
186,42.463,758.72375,Unknown,[M+2H]2+,null,1.00,False,null,null,null,null,null,null,999,False,False,False,Normalized unit: Intensity,False,False,186,0,0.00,null,null,null,null,null,null,null,1992.43,P Sandie 100 Serum IV_GD1_01_66534,758.72375:258824 759.72842:119306 760.73309:8282,null,3515837,3715233,3819932,4094457,3786364.63870312,241034.415959774
187,42.463,758.84198,Unknown,[M+H]+,null,1.00,False,null,null,null,null,null,null,999,False,False,False,Normalized unit: Intensity,False,False,187,0,0.00,null,null,null,null,null,null,null,1702.04,P Sandie 100 Serum III_GD1_01_66533,758.84198:234644 759.84665:130558 760.85132:8778,null,3550622,3566822,3736316,3900657,3688604.23225,164431.199804471
188,42.463,758.97699,Unknown,[M+H]+,null,1.00,False,null,null,null,null,null,null,999,False,False,False,Normalized unit: Intensity,False,False,188,0,0.00,null,null,null,null,null,null,null,1378.13,P Sandie 100 Serum IV_GD1_01_66534,758.97699:120796 759.98166:0 760.98633:0,null,1195631,1266052,1384946,1428260,1318722.20273437,106942.10666589
189,42.463,759.57446,no MS2: RIKEN P-VS1 ID-9678 from Mouse_Liver_WT_N_F1EPA,[M+H]+,null,1.00,False,9.340,759.57300,null,Unknown,null,null,530,False,True,False,Normalized unit: Intensity; Annotation method: Msp20260116160945_NCDK_conventional_converted_dev_1,False,False,189,0,0.00,0.99,null,null,null,-1.00,-1.00,-0.134,90240.73,P Sandie 100 Serum II_GD1_01_66532,759.57184:8274728 760.57651:2064994 761.58117:354468,null,119632951,122618338,131706477,132941112,126724719.524062,6598408.53159934
190,48.020,759.63538,no MS2: SM 38:1;O2|SM 12:1;O2/26:0,[M+H]+,null,1.00,False,10.341,759.63751,C43H87N2O6P,SM,GJBCRJRMBDUHKZ-UHFFFAOYSA-N,O=C(NC(COP(=O)([O-])OCC[N+](C)(C)C)C(O)C=CCCCCCCC)CCCCCCCCCCCCCCCCCCCCCCCCC,530,False,True,False,Normalized unit: Intensity; Annotation method: Msp20260116160945_NCDK_conventional_converted_dev_1,False,False,190,0,0.00,1.00,null,null,null,-1.00,-1.00,-0.143,7110.83,P Sandie 100 Serum I_GD1_01_66531,759.63770:462312 760.64236:220940 761.64703:52862,null,8065350,9326315,9518289,9890545,9200124.68167188,791948.399407442
191,45.413,760.58496,no MS2: DMPE 35:1|DMPE 5:0_30:1,[M+H]+,null,1.00,False,10.844,760.58508,C42H82NO8P,DMPE,HFSMUVCIGBLXRW-UHFFFAOYSA-N,O=C(OCC(OC(=O)CCCCCCCCCCCCCCCCCCCC=CCCCCCCCC)COP(=O)(O)OCCN(C)C)CCCC,530,False,True,False,Normalized unit: Intensity; Annotation method: Msp20260116160945_NCDK_conventional_converted_dev_1,False,False,191,0,0.00,1.00,null,null,null,-1.00,-1.00,-0.143,97191.05,P Sandie 100 Serum III_GD1_01_66533,760.58502:8486400 761.58969:3917136 762.59436:973506,null,123311778,135466237,143259736,146366481,137101058.100781,10272849.1115503
192,45.409,760.73846,Unknown,[M+2H]2+,null,1.00,False,null,null,null,null,null,null,999,False,False,False,Normalized unit: Intensity,False,False,192,0,0.00,null,null,null,null,null,null,null,1892.86,P Sandie 100 Serum IV_GD1_01_66534,760.73846:145952 761.74313:50370 762.74780:0,null,1703445,1852923,1978245,2084085,1904674.62376562,164085.614674816
193,45.409,760.85455,Unknown,[M+H]+,null,1.00,False,null,null,null,null,null,null,999,False,False,False,Normalized unit: Intensity,False,False,193,0,0.00,null,null,null,null,null,null,null,1136.27,P Sandie 100 Serum IV_GD1_01_66534,760.85455:149440 761.85922:69244 762.86389:2696,null,1829970,1983106,2070621,2163360,2011764.17579687,141793.1833279
194,45.440,760.97534,Unknown,[M+H]+,null,0.25,False,null,null,null,null,null,null,999,False,False,False,Normalized unit: Intensity,False,False,194,0,0.00,null,null,null,null,null,null,null,694.65,P Sandie 100 Serum IV_GD1_01_66534,760.97534:80282 761.98001:0 762.98468:1434,null,266208,304624,328547,595984,373840.69459375,150305.524346286
195,45.414,760.98755,Unknown,[M+H]+,null,0.25,False,null,null,null,null,null,null,999,False,False,False,Normalized unit: Intensity,False,False,195,0,0.00,null,null,null,null,null,null,null,698.32,P Sandie 100 Serum III_GD1_01_66533,760.98755:65836 761.99222:0 762.99688:0,null,252783,386831,354129,141616,283839.530453126,110664.639439373
196,45.413,762.25342,Unknown,[M+H]+,null,1.00,False,null,null,null,null,null,null,999,False,False,False,Normalized unit: Intensity,False,False,196,0,0.00,null,null,null,null,null,null,null,1452.72,P Sandie 100 Serum IV_GD1_01_66534,762.25342:111916 763.25809:5710 764.26275:1228,null,978334,1112677,1184424,1307967,1145850.31445312,137757.901688207
197,48.686,762.59967,no MS2: DMPE 35:0|DMPE 30:0_5:0,[M+H]+,null,1.00,False,13.068,762.60071,C42H84NO8P,DMPE,JRWXOFFZCHKSOK-UHFFFAOYSA-N,O=C(OCC(OC(=O)CCCC)COP(=O)(O)OCCN(C)C)CCCCCCCCCCCCCCCCCCCCCCCCCCCCC,530,False,True,False,Normalized unit: Intensity; Annotation method: Msp20260116160945_NCDK_conventional_converted_dev_1,False,False,197,0,0.00,1.00,null,null,null,-1.00,-1.00,-0.143,3164.34,P Sandie 100 Serum II_GD1_01_66532,762.60059:255638 763.60525:113838 764.60992:29076,null,3200379,3615488,3738629,3820028,3593630.9346875,275320.94190127
198,44.534,764.55640,no MS2: LPC 34:3,[M+Na]+,null,1.00,False,9.820,764.55652,C42H80NO7P,LPC,OWJSKPIUELIMJY-UHFFFAOYSA-N,O=C(OCC(O)COP(=O)([O-])OCC[N+](C)(C)C)CCCCCCCCCCCCCCCCCCC=CCC=CCC=CCCCCCCC,530,False,True,False,Normalized unit: Intensity; Annotation method: Msp20260116160945_NCDK_conventional_converted_dev_1,False,False,198,0,0.00,1.00,null,null,null,-1.00,-1.00,-0.143,1251.17,P Sandie 100 Serum IV_GD1_01_66534,764.55640:116642 765.56106:53764 766.56573:639992,null,1272212,1485388,1583894,1668164,1502414.5320625,170679.975634282
199,44.478,766.57379,no MS2: PC O-36:5|PC O-8:0_28:5,[M+H]+,null,1.00,False,9.545,766.57452,C44H80NO7P,EtherPC,RDKCYWXIOLUDKK-UHFFFAOYSA-N,O=C(OC(COCCCCCCCC)COP(=O)([O-])OCC[N+](C)(C)C)CCCCCCCCCCCC=CCC=CCC=CCC=CCC=CCC,530,False,True,False,Normalized unit: Intensity; Annotation method: Msp20260116160945_NCDK_conventional_converted_dev_1,False,False,199,0,0.00,1.00,null,null,null,-1.00,-1.00,-0.143,3548.86,P Sandie 100 Serum III_GD1_01_66533,766.57477:735502 767.57944:347942 768.58410:90336,null,8984277,9784312,10192055,10624063,9896176.74267188,697958.156800749
200,67.039,766.69141,no MS2: TG 44:1|TG 8:0_8:0_28:1,[M+NH4]+,null,0.50,False,13.834,766.69189,C47H88O6,TG,RPHPGMSYTPNXSG-UHFFFAOYSA-N,O=C(OCC(OC(=O)CCCCCCC)COC(=O)CCCCCCCCCCCCCCCCCC=CCCCCCCCC)CCCCCCC,530,False,True,False,Normalized unit: Intensity; Annotation method: Msp20260116160945_NCDK_conventional_converted_dev_1,False,False,200,0,0.00,1.00,null,null,null,-1.00,-1.00,-0.144,280.95,P Sandie 100 Serum IV_GD1_01_66534,766.69141:60808 767.69607:31158 768.70074:8398,null,681601,725313,785284,855007,761801.339375001,75281.8946062948
201,47.355,768.55237,no MS2: NAGlySer 40:9;O2|NAGlySer 16:2;O(FA 24:6),[M+NH4]+,null,0.25,False,7.887,768.55212,C45H70N2O7,NAGlySer,XCWHEVGTQKVZKQ-UHFFFAOYSA-N,O=C(OC(C=CCC=CCCC)CCCCCCC(=O)NCC(=O)NC(C(=O)O)CO)CCCCC=CCC=CCC=CCC=CCC=CCC=CCC,530,False,True,False,Normalized unit: Intensity; Annotation method: Msp20260116160945_NCDK_conventional_converted_dev_1,False,False,201,0,0.00,1.00,null,null,null,-1.00,-1.00,-0.143,554.92,P Sandie 100 Serum IV_GD1_01_66534,768.55237:55276 769.55704:24694 770.56170:6236,null,637784,697232,717908,766210,704783.247546876,53202.0544705094
202,40.062,768.55304,no MS2: DMPE 36:4|DMPE 6:0_30:4,[M+H]+,null,0.25,False,9.066,768.55377,C43H78NO8P,DMPE,YADWDHZNQSACMH-UHFFFAOYSA-N,O=C(OCC(OC(=O)CCCCCCCCCCCCCCCCC=CCC=CCC=CCC=CCC)COP(=O)(O)OCCN(C)C)CCCCC,530,False,True,False,Normalized unit: Intensity; Annotation method: Msp20260116160945_NCDK_conventional_converted_dev_1,False,False,202,0,0.00,1.00,null,null,null,-1.00,-1.00,-0.145,538.63,P Sandie 100 Serum IV_GD1_01_66534,768.55304:53592 769.55771:23766 770.56238:6004,null,711118,745740,768503,842756,767029.330078125,55725.6312258523
203,45.265,768.58911,no MS2: PC O-36:4|PC O-8:0_28:4,[M+H]+,null,1.00,False,9.912,768.59021,C44H82NO7P,EtherPC,AMIRMXUBGHUMRM-UHFFFAOYSA-N,O=C(OC(COCCCCCCCC)COP(=O)([O-])OCC[N+](C)(C)C)CCCCCCCCCCCCCCC=CCC=CCC=CCC=CCC,530,False,True,False,Normalized unit: Intensity; Annotation method: Msp20260116160945_NCDK_conventional_converted_dev_1,False,False,203,0,0.00,1.00,null,null,null,-1.00,-1.00,-0.143,8418.17,P Sandie 100 Serum III_GD1_01_66533,768.59003:820848 769.59469:405976 770.59936:104928,null,9924339,10811645,11276599,11474476,10871764.5830781,690019.855714962
204,46.244,768.59058,no MS2: PC O-36:4|PC O-8:0_28:4,[M+H]+,null,1.00,False,9.912,768.59021,C44H82NO7P,EtherPC,AMIRMXUBGHUMRM-UHFFFAOYSA-N,O=C(OC(COCCCCCCCC)COP(=O)([O-])OCC[N+](C)(C)C)CCCCCCCCCCCCCCC=CCC=CCC=CCC=CCC,530,False,True,False,Normalized unit: Intensity; Annotation method: Msp20260116160945_NCDK_conventional_converted_dev_1,False,False,204,0,0.00,1.00,null,null,null,-1.00,-1.00,-0.143,834.16,P Sandie 100 Serum II_GD1_01_66532,768.59009:86462 769.59476:42068 770.59942:93252,null,1211641,1342273,1438626,1499526,1373016.5193125,125560.759175325
205,69.608,768.70673,no MS2: TG 44:0|TG 8:0_8:0_28:0,[M+NH4]+,null,0.75,False,14.035,768.70758,C47H90O6,TG,PHHBNNKHOXPVFM-UHFFFAOYSA-N,O=C(OCC(OC(=O)CCCCCCC)COC(=O)CCCCCCCCCCCCCCCCCCCCCCCCCCC)CCCCCCC,530,False,True,False,Normalized unit: Intensity; Annotation method: Msp20260116160945_NCDK_conventional_converted_dev_1,False,False,205,0,0.00,1.00,null,null,null,-1.00,-1.00,-0.143,444.92,P Sandie 100 Serum II_GD1_01_66532,768.70740:59248 769.71207:31680 770.71673:7806,null,779452,897739,983291,1028323,922201.180125002,109497.996083467
206,46.331,770.60400,no MS2: RIKEN P-VS1 ID-10129 from Cell_HEK293_WT_N_Ctr,[M+H]+,null,1.00,False,11.540,770.60260,null,Unknown,null,null,530,False,True,False,Normalized unit: Intensity; Annotation method: Msp20260116160945_NCDK_conventional_converted_dev_1,False,False,206,0,0.00,0.98,null,null,null,-1.00,-1.00,-0.136,1868.49,P Sandie 100 Serum IV_GD1_01_66534,770.60400:150284 771.60867:65182 772.61334:17172,null,1855592,2044699,2130439,2167252,2049495.5650625,139092.597041577
207,48.986,770.60480,no MS2: PC O-36:3|PC O-8:0_28:3,[M+H]+,null,1.00,False,10.485,770.60577,C44H84NO7P,EtherPC,GDJAIASCRXEGBE-UHFFFAOYSA-N,O=C(OC(COCCCCCCCC)COP(=O)([O-])OCC[N+](C)(C)C)CCCCCCCCCCCCC=CCC=CCC=CCCCCCCC,530,False,True,False,Normalized unit: Intensity; Annotation method: Msp20260116160945_NCDK_conventional_converted_dev_1,False,False,207,0,0.00,1.00,null,null,null,-1.00,-1.00,-0.144,1412.98,P Sandie 100 Serum III_GD1_01_66533,770.60535:110356 771.61001:51512 772.61468:29014,null,1429012,1601060,1644853,1732042,1601741.64159375,127374.256969611
208,46.971,770.60516,no MS2: PC O-36:3|PC O-8:0_28:3,[M+H]+,null,1.00,False,10.485,770.60577,C44H84NO7P,EtherPC,GDJAIASCRXEGBE-UHFFFAOYSA-N,O=C(OC(COCCCCCCCC)COP(=O)([O-])OCC[N+](C)(C)C)CCCCCCCCCCCCC=CCC=CCC=CCCCCCCC,530,False,True,False,Normalized unit: Intensity; Annotation method: Msp20260116160945_NCDK_conventional_converted_dev_1,False,False,208,0,0.00,1.00,null,null,null,-1.00,-1.00,-0.143,1090.30,P Sandie 100 Serum III_GD1_01_66533,770.60590:89652 771.61056:44724 772.61523:10998,null,1217517,1324837,1355033,1592693,1372520.08459375,158199.959121705
209,67.042,771.64655,no MS2: TG 44:1|TG 8:0_8:0_28:1,[M+Na]+,null,1.00,False,13.834,771.64728,C47H88O6,TG,RPHPGMSYTPNXSG-UHFFFAOYSA-N,O=C(OCC(OC(=O)CCCCCCC)COC(=O)CCCCCCCCCCCCCCCCCC=CCCCCCCCC)CCCCCCC,530,False,True,False,Normalized unit: Intensity; Annotation method: Msp20260116160945_NCDK_conventional_converted_dev_1,False,False,209,0,0.00,1.00,null,null,null,-1.00,-1.00,-0.145,937.41,P Sandie 100 Serum III_GD1_01_66533,771.64801:84182 772.65268:43012 773.65735:11430,null,1074136,1162608,1244661,1272594,1188499.86176563,89396.8592163638
210,44.204,772.58521,no MS2: DMPE 36:2|DMPE 6:0_30:2,[M+H]+,null,1.00,False,10.872,772.58508,C43H82NO8P,DMPE,AQFCIVPGTXEDJL-UHFFFAOYSA-N,O=C(OCC(OC(=O)CCCCCCCCCCCCCCCCCC=CCC=CCCCCCCC)COP(=O)(O)OCCN(C)C)CCCCC,530,False,True,False,Normalized unit: Intensity; Annotation method: Msp20260116160945_NCDK_conventional_converted_dev_1,False,False,210,0,0.00,1.00,null,null,null,-1.00,-1.00,-0.143,1525.05,P Sandie 100 Serum IV_GD1_01_66534,772.58521:152922 773.58987:69206 774.59454:18276,null,2338836,2455471,2655693,2706025,2539006.36225,171811.085229524
211,44.843,772.58545,no MS2: DMPE 36:2|DMPE 6:0_30:2,[M+H]+,null,1.00,False,10.872,772.58508,C43H82NO8P,DMPE,AQFCIVPGTXEDJL-UHFFFAOYSA-N,O=C(OCC(OC(=O)CCCCCCCCCCCCCCCCCC=CCC=CCCCCCCC)COP(=O)(O)OCCN(C)C)CCCCC,530,False,True,False,Normalized unit: Intensity; Annotation method: Msp20260116160945_NCDK_conventional_converted_dev_1,False,False,211,0,0.00,1.00,null,null,null,-1.00,-1.00,-0.143,3783.37,P Sandie 100 Serum III_GD1_01_66533,772.58545:385006 773.59012:180054 774.59478:45726,null,4632509,5017552,5424334,5412500,5121723.53903126,376964.263590985
212,49.691,772.62152,no MS2: PC O-36:2|PC O-8:0_28:2,[M+H]+,null,1.00,False,11.247,772.62152,C44H86NO7P,EtherPC,MFLNWJCWDLDCLH-UHFFFAOYSA-N,O=C(OC(COCCCCCCCC)COP(=O)([O-])OCC[N+](C)(C)C)CCCCCCCCCCCCCCCC=CCC=CCCCCCCC,530,False,True,False,Normalized unit: Intensity; Annotation method: Msp20260116160945_NCDK_conventional_converted_dev_1,False,False,212,0,0.00,1.00,null,null,null,-1.00,-1.00,-0.143,1214.05,P Sandie 100 Serum II_GD1_01_66532,772.62152:90410 773.62619:44640 774.63086:10550,null,1236240,1425795,1455195,1478331,1398890.13725,110544.182952409
213,50.174,773.65131,no MS2: SM 39:1;O2|SM 12:1;O2/27:0,[M+H]+,null,1.00,False,11.110,773.65308,C44H89N2O6P,SM,LBBHHYRFVVPTSY-UHFFFAOYSA-N,O=C(NC(COP(=O)([O-])OCC[N+](C)(C)C)C(O)C=CCCCCCCC)CCCCCCCCCCCCCCCCCCCCCCCCCC,530,False,True,False,Normalized unit: Intensity; Annotation method: Msp20260116160945_NCDK_conventional_converted_dev_1,False,False,213,0,0.00,1.00,null,null,null,-1.00,-1.00,-0.143,1960.74,P Sandie 100 Serum II_GD1_01_66532,773.65277:206808 774.65744:102242 775.66211:26588,null,2910125,3254550,3351559,3535334,3262891.9115,262424.872607069
214,69.590,773.66272,no MS2: TG 44:0|TG 8:0_8:0_28:0,[M+Na]+,null,0.50,False,14.035,773.66302,C47H90O6,TG,PHHBNNKHOXPVFM-UHFFFAOYSA-N,O=C(OCC(OC(=O)CCCCCCC)COC(=O)CCCCCCCCCCCCCCCCCCCCCCCCCCC)CCCCCCC,530,False,True,False,Normalized unit: Intensity; Annotation method: Msp20260116160945_NCDK_conventional_converted_dev_1,False,False,214,0,0.00,1.00,null,null,null,-1.00,-1.00,-0.143,514.56,P Sandie 100 Serum IV_GD1_01_66534,773.66272:58536 774.66739:28564 775.67206:7338,null,622963,682698,727594,741570,693705.871671877,53432.5895424911
215,47.646,774.59888,no MS2: DMPE 36:1|DMPE 5:0_31:1,[M+H]+,null,1.00,False,12.043,774.60071,C43H84NO8P,DMPE,DPPXPNPITQVOFM-UHFFFAOYSA-N,O=C(OCC(OC(=O)CCCCCCCCCCCCCCCCCCC=CCCCCCCCCCC)COP(=O)(O)OCCN(C)C)CCCC,530,False,True,False,Normalized unit: Intensity; Annotation method: Msp20260116160945_NCDK_conventional_converted_dev_1,False,False,215,0,0.00,1.00,null,null,null,-1.00,-1.00,-0.143,1185.56,P Sandie 100 Serum II_GD1_01_66532,774.60071:115838 775.60538:53052 776.61004:14216,null,1815779,2008093,2091760,2276287,2047979.76995312,191092.69754591
216,44.848,779.60345,no MS2: SM 38:2;O2,[M+Na]+,null,1.00,False,9.580,779.60370,C43H85N2O6P,SM,LCCGGRXCXDWGPP-UHFFFAOYSA-N,O=C(NC(COP(=O)([O-])OCC[N+](C)(C)C)C(O)C=CCCCCCCC)CCCCCCCCCCCCCCCC=CCCCCCCCC,530,False,True,False,Normalized unit: Intensity; Annotation method: Msp20260116160945_NCDK_conventional_converted_dev_1,False,False,216,0,0.00,1.00,null,null,null,-1.00,-1.00,-0.143,795.32,P Sandie 100 Serum IV_GD1_01_66534,779.60345:96878 780.60812:45734 781.61279:11342,null,918601,1219047,1326703,1428496,1223211.87129688,220346.046768318
217,42.459,780.55005,no MS2: NAGlySer 41:10;O2|NAGlySer 15:3;O(FA 26:6),[M+NH4]+,null,1.00,False,8.247,780.55212,C46H70N2O7,NAGlySer,QJXPKYVYSTZUAR-UHFFFAOYSA-N,O=C(OC(C=CCC=CCC=CCC)CCCC(=O)NCC(=O)NC(C(=O)O)CO)CCCCCCC=CCC=CCC=CCC=CCC=CCC=CCC,530,False,True,False,Normalized unit: Intensity; Annotation method: Msp20260116160945_NCDK_conventional_converted_dev_1,False,False,217,0,0.00,1.00,null,null,null,-1.00,-1.00,-0.143,11860.24,P Sandie 100 Serum IV_GD1_01_66534,780.55249:1529552 781.55716:720884 782.56183:7063004,null,26214108,28462323,29439492,30481164,28649271.9722656,1820736.8101671
218,38.913,780.55273,no MS2: NAGlySer 41:10;O2|NAGlySer 15:3;O(FA 26:6),[M+NH4]+,null,0.25,False,8.247,780.55212,C46H70N2O7,NAGlySer,QJXPKYVYSTZUAR-UHFFFAOYSA-N,O=C(OC(C=CCC=CCC=CCC)CCCC(=O)NCC(=O)NC(C(=O)O)CO)CCCCCCC=CCC=CCC=CCC=CCC=CCC=CCC,530,False,True,False,Normalized unit: Intensity; Annotation method: Msp20260116160945_NCDK_conventional_converted_dev_1,False,False,218,0,0.00,1.00,null,null,null,-1.00,-1.00,-0.144,432.36,P Sandie 100 Serum IV_GD1_01_66534,780.55273:68602 781.55740:31368 782.56207:9478,null,933277,1191888,1221905,1309856,1164231.75567187,161902.647602359
219,39.878,780.55359,no MS2: DMPE 37:5|DMPE 5:0_32:5,[M+H]+,null,1.00,False,9.141,780.55377,C44H78NO8P,DMPE,UFMBOMNSZABXBI-UHFFFAOYSA-N,O=C(OCC(OC(=O)CCCCCCCCCCCCCCCC=CCC=CCC=CCC=CCC=CCC)COP(=O)(O)OCCN(C)C)CCCC,530,False,True,False,Normalized unit: Intensity; Annotation method: Msp20260116160945_NCDK_conventional_converted_dev_1,False,False,219,0,0.00,1.00,null,null,null,-1.00,-1.00,-0.143,3516.89,P Sandie 100 Serum IV_GD1_01_66534,780.55359:551664 781.55826:278278 782.56292:67528,null,7680432,7978985,8375590,8706065,8185268.00073437,449022.924894836
220,48.016,781.61761,no MS2: SM 38:1;O2,[M+Na]+,null,1.00,False,10.341,781.61938,C43H87N2O6P,SM,GJBCRJRMBDUHKZ-UHFFFAOYSA-N,O=C(NC(COP(=O)([O-])OCC[N+](C)(C)C)C(O)C=CCCCCCCC)CCCCCCCCCCCCCCCCCCCCCCCCC,530,False,True,False,Normalized unit: Intensity; Annotation method: Msp20260116160945_NCDK_conventional_converted_dev_1,False,False,220,0,0.00,1.00,null,null,null,-1.00,-1.00,-0.143,1863.27,P Sandie 100 Serum II_GD1_01_66532,781.61945:183858 782.62411:88374 783.62878:21170,null,2632073,3373337,3462865,4037715,3376497.65979688,577017.041404665
221,45.418,782.56659,no MS2: PC 34:1,[M+Na]+,null,1.00,False,9.776,782.56702,C42H82NO8P,PC,LUVCJAYPIYFSQI-UHFFFAOYSA-N,O=C(OCC(OC(=O)CCCCCCCCCCCCCCC=CCCCCCCCCCCCC)COP(=O)([O-])OCC[N+](C)(C)C)CCCC,530,False,True,False,Normalized unit: Intensity; Annotation method: Msp20260116160945_NCDK_conventional_converted_dev_1,False,False,221,0,0.00,1.00,null,null,null,-1.00,-1.00,-0.143,13096.97,P Sandie 100 Serum I_GD1_01_66531,782.56677:1071634 783.57144:493794 784.57611:134460,null,18830107,20634328,21845087,22767297,21019204.7270312,1700802.44589555
222,40.653,782.56927,no MS2: DMPE 37:4|DMPE 5:0_32:4,[M+H]+,null,1.00,False,9.233,782.56940,C44H80NO8P,DMPE,CPCUZPPRBXVYNM-UHFFFAOYSA-N,O=C(OCC(OC(=O)CCCCCCCCCCCCCCCCCCC=CCC=CCC=CCC=CCC)COP(=O)(O)OCCN(C)C)CCCC,530,False,True,False,Normalized unit: Intensity; Annotation method: Msp20260116160945_NCDK_conventional_converted_dev_1,False,False,222,0,0.00,1.00,null,null,null,-1.00,-1.00,-0.143,12416.09,P Sandie 100 Serum III_GD1_01_66533,782.56946:1170834 783.57413:554764 784.57879:144944,null,16231433,17390797,18021247,19126565,17692510.7159375,1209732.29324554
223,41.706,782.56958,no MS2: NAGlySer 41:9;O2|NAGlySer 15:2;O(FA 26:6),[M+NH4]+,null,1.00,False,7.892,782.56781,C46H72N2O7,NAGlySer,JMCCZEKHWHPGJT-UHFFFAOYSA-N,O=C(OC(C=CCC=CCCC)CCCCCC(=O)NCC(=O)NC(C(=O)O)CO)CCCCCCC=CCC=CCC=CCC=CCC=CCC=CCC,530,False,True,False,Normalized unit: Intensity; Annotation method: Msp20260116160945_NCDK_conventional_converted_dev_1,False,False,223,0,0.00,1.00,null,null,null,-1.00,-1.00,-0.143,1378.59,P Sandie 100 Serum II_GD1_01_66532,782.56781:143568 783.57248:68612 784.57715:17998,null,2376426,2547286,2611384,3040317,2643853.00134375,282300.329678133
224,42.498,782.57025,no MS2: NAGlySer 41:9;O2|NAGlySer 15:2;O(FA 26:6),[M+NH4]+,null,1.00,False,7.892,782.56781,C46H72N2O7,NAGlySer,JMCCZEKHWHPGJT-UHFFFAOYSA-N,O=C(OC(C=CCC=CCCC)CCCCCC(=O)NCC(=O)NC(C(=O)O)CO)CCCCCCC=CCC=CCC=CCC=CCC=CCC=CCC,530,False,True,False,Normalized unit: Intensity; Annotation method: Msp20260116160945_NCDK_conventional_converted_dev_1,False,False,224,0,0.00,1.00,null,null,null,-1.00,-1.00,-0.144,89478.10,P Sandie 100 Serum II_GD1_01_66532,782.56824:7626774 783.57291:3563692 784.57757:888936,null,105392983,114599604,116591851,118983807,113892061.364687,5942774.23316747
225,42.498,782.72552,no MS2: TG 45:0|TG 8:0_8:0_29:0,[M+NH4]+,null,1.00,False,14.092,782.72321,C48H92O6,TG,PRPRFFOYMLCWLQ-UHFFFAOYSA-N,O=C(OCC(OC(=O)CCCCCCC)COC(=O)CCCCCCCCCCCCCCCCCCCCCCCCCCCC)CCCCCCC,530,False,True,False,Normalized unit: Intensity; Annotation method: Msp20260116160945_NCDK_conventional_converted_dev_1,False,False,225,0,0.00,1.00,null,null,null,-1.00,-1.00,-0.143,1581.04,P Sandie 100 Serum II_GD1_01_66532,782.72351:110518 783.72818:29992 784.73285:1956,null,1373123,1358628,1435579,1713021,1470087.77571875,165361.316803837
226,42.498,782.84308,Unknown,[M+H]+,null,1.00,False,null,null,null,null,null,null,999,False,False,False,Normalized unit: Intensity,False,False,226,0,0.00,null,null,null,null,null,null,null,1048.12,P Sandie 100 Serum IV_GD1_01_66534,782.84308:129104 783.84775:44052 784.85241:1944,null,1616734,1621578,1728941,1835403,1700664.056875,103687.062060818
227,45.801,783.63708,no MS2: SM 40:3;O2|SM 12:1;O2/28:2,[M+H]+,null,1.00,False,9.891,783.63751,C45H87N2O6P,SM,VBUNUARVBOJKNX-UHFFFAOYSA-N,O=C(NC(COP(=O)([O-])OCC[N+](C)(C)C)C(O)C=CCCCCCCC)CCCCCCCCCCCCCCCC=CCC=CCCCCCCC,530,False,True,False,Normalized unit: Intensity; Annotation method: Msp20260116160945_NCDK_conventional_converted_dev_1,False,False,227,0,0.00,1.00,null,null,null,-1.00,-1.00,-0.143,556.22,P Sandie 100 Serum III_GD1_01_66533,783.63763:70778 784.64230:35000 785.64697:8490,null,942806,1039274,1085306,1096198,1040896.0039375,69892.0708413811
228,42.498,784.24835,Unknown,[M+H]+,null,1.00,False,null,null,null,null,null,null,999,False,False,False,Normalized unit: Intensity,False,False,228,0,0.00,null,null,null,null,null,null,null,1107.74,P Sandie 100 Serum IV_GD1_01_66534,784.24835:83260 785.25302:2550 786.25769:1048,null,748808,795891,800824,811543,789266.51371875,27752.5368059986
229,44.286,784.58502,no MS2: DMPE 37:3|DMPE 5:0_32:3,[M+H]+,null,1.00,False,9.841,784.58508,C44H82NO8P,DMPE,KTPQRINJOWGTIA-UHFFFAOYSA-N,O=C(OCC(OC(=O)CCCCCCCCCCCCCCCCC=CCC=CCC=CCCCCCCC)COP(=O)(O)OCCN(C)C)CCCC,530,False,True,False,Normalized unit: Intensity; Annotation method: Msp20260116160945_NCDK_conventional_converted_dev_1,False,False,229,0,0.00,1.00,null,null,null,-1.00,-1.00,-0.143,52388.55,P Sandie 100 Serum IV_GD1_01_66534,784.58502:4805654 785.58969:2398584 786.59436:606200,null,64868384,74346128,77581542,80500546,74324149.8905625,6786517.74990795
230,43.681,784.58502,no MS2: DMPE 37:3|DMPE 5:0_32:3,[M+H]+,null,1.00,False,9.841,784.58508,C44H82NO8P,DMPE,KTPQRINJOWGTIA-UHFFFAOYSA-N,O=C(OCC(OC(=O)CCCCCCCCCCCCCCCCC=CCC=CCC=CCCCCCCC)COP(=O)(O)OCCN(C)C)CCCC,530,False,True,False,Normalized unit: Intensity; Annotation method: Msp20260116160945_NCDK_conventional_converted_dev_1,False,False,230,0,0.00,1.00,null,null,null,-1.00,-1.00,-0.143,30553.62,P Sandie 100 Serum IV_GD1_01_66534,784.58502:2722176 785.58969:1337752 786.59436:340572,null,38777601,40777780,42204389,44090092,41462465.2293281,2245897.10219217
231,44.286,784.74200,Unknown,[M+2H]2+,null,1.00,False,null,null,null,null,null,null,999,False,False,False,Normalized unit: Intensity,False,False,231,0,0.00,null,null,null,null,null,null,null,693.37,P Sandie 100 Serum III_GD1_01_66533,784.74200:74412 785.74667:19714 786.75134:0,null,677083,746841,804504,793491,755479.5430625,57933.8039148372
232,44.286,784.85535,Unknown,[M+H]+,null,1.00,False,null,null,null,null,null,null,999,False,False,False,Normalized unit: Intensity,False,False,232,0,0.00,null,null,null,null,null,null,null,666.34,P Sandie 100 Serum IV_GD1_01_66534,784.85535:92868 785.86001:22278 786.86468:1462,null,765461,849341,982525,1086566,920973.201109375,142038.766739229
233,43.682,785.25977,Unknown,[M+H]+,null,0.25,False,null,null,null,null,null,null,999,False,False,False,Normalized unit: Intensity,False,False,233,0,0.00,null,null,null,null,null,null,null,1079.62,P Sandie 100 Serum IV_GD1_01_66534,785.25977:56578 786.26443:9796 787.26910:652,null,416119,427037,485131,543301,467897.071749999,58688.8528845262
234,48.729,785.65125,no MS2: SM 40:2;O2|SM 12:1;O2/28:1,[M+H]+,null,1.00,False,10.853,785.65308,C45H89N2O6P,SM,ZHZLSBZCLWXQLV-UHFFFAOYSA-N,O=C(NC(COP(=O)([O-])OCC[N+](C)(C)C)C(O)C=CCCCCCCC)CCCCCCCCCCCCCCCCCC=CCCCCCCCC,530,False,True,False,Normalized unit: Intensity; Annotation method: Msp20260116160945_NCDK_conventional_converted_dev_1,False,False,234,0,0.00,1.00,null,null,null,-1.00,-1.00,-0.143,2718.82,P Sandie 100 Serum II_GD1_01_66532,785.65332:298746 786.65799:152272 787.66266:38936,null,3474910,3952054,4063785,4212972,3925930.30595312,319112.547221471
235,49.299,785.65173,no MS2: SM 40:2;O2|SM 12:1;O2/28:1,[M+H]+,null,1.00,False,10.853,785.65308,C45H89N2O6P,SM,ZHZLSBZCLWXQLV-UHFFFAOYSA-N,O=C(NC(COP(=O)([O-])OCC[N+](C)(C)C)C(O)C=CCCCCCCC)CCCCCCCCCCCCCCCCCC=CCCCCCCCC,530,False,True,False,Normalized unit: Intensity; Annotation method: Msp20260116160945_NCDK_conventional_converted_dev_1,False,False,235,0,0.00,1.00,null,null,null,-1.00,-1.00,-0.143,9091.75,P Sandie 100 Serum II_GD1_01_66532,785.65277:832490 786.65744:405920 787.66211:107342,null,9521159,10925328,11259671,11753860,10865004.3334531,958364.108504993
236,46.567,786.59924,no MS2: NAGlySer 41:7;O2|NAGlySer 13:0;O(FA 28:6),[M+NH4]+,null,1.00,False,8.602,786.59912,C46H76N2O7,NAGlySer,PSCKMZBNPICUNB-UHFFFAOYSA-N,O=C(OC(CCCCCC(=O)NCC(=O)NC(C(=O)O)CO)CCCCCC)CCCCCCCCC=CCC=CCC=CCC=CCC=CCC=CCC,530,False,True,False,Normalized unit: Intensity; Annotation method: Msp20260116160945_NCDK_conventional_converted_dev_1,False,False,236,0,0.00,1.00,null,null,null,-1.00,-1.00,-0.143,8161.43,P Sandie 100 Serum IV_GD1_01_66534,786.59924:883834 787.60391:425456 788.60858:111586,null,12670534,13716256,15083334,13443651,13728443.6195312,1006008.20206184
237,47.093,786.60162,no MS2: DMPE 37:2|DMPE 5:0_32:2,[M+H]+,null,1.00,False,11.902,786.60071,C44H84NO8P,DMPE,XWRPWKLEUYPPTC-UHFFFAOYSA-N,O=C(OCC(OC(=O)CCCCCCCCCCCCCCCCCCCC=CCC=CCCCCCCC)COP(=O)(O)OCCN(C)C)CCCC,530,False,True,False,Normalized unit: Intensity; Annotation method: Msp20260116160945_NCDK_conventional_converted_dev_1,False,False,237,0,0.00,1.00,null,null,null,-1.00,-1.00,-0.143,141999.80,P Sandie 100 Serum IV_GD1_01_66534,786.60046:11593588 787.60513:6127888 788.60980:1507584,null,170263191,179633702,188783085,191921170,182650286.973625,9765593.13224041
238,47.093,786.75684,Unknown,[M+2H]2+,null,1.00,False,null,null,null,null,null,null,999,False,False,False,Normalized unit: Intensity,False,False,238,0,0.00,null,null,null,null,null,null,null,1515.99,P Sandie 100 Serum III_GD1_01_66533,786.75684:214094 787.76150:98866 788.76617:6640,null,2503839,2791337,2900349,2956545,2788017.66178125,201484.674398351
239,47.093,786.87482,Unknown,[M+H]+,null,1.00,False,null,null,null,null,null,null,999,False,False,False,Normalized unit: Intensity,False,False,239,0,0.00,null,null,null,null,null,null,null,1290.77,P Sandie 100 Serum IV_GD1_01_66534,786.87482:185862 787.87948:106684 788.88415:0,null,2475743,2753495,2763329,2867867,2715108.33340625,167759.367767746
240,47.093,787.00781,Unknown,[M+H]+,null,1.00,False,null,null,null,null,null,null,999,False,False,False,Normalized unit: Intensity,False,False,240,0,0.00,null,null,null,null,null,null,null,1282.39,P Sandie 100 Serum IV_GD1_01_66534,787.00781:159412 788.01248:0 789.01715:0,null,574447,673102,701378,857143,701517.524187498,117151.963760746
241,52.124,787.66809,no MS2: SM 40:1;O2|SM 12:1;O2/28:0,[M+H]+,null,1.00,False,12.194,787.66882,C45H91N2O6P,SM,QHMKUNDEIJYLPC-UHFFFAOYSA-N,O=C(NC(COP(=O)([O-])OCC[N+](C)(C)C)C(O)C=CCCCCCCC)CCCCCCCCCCCCCCCCCCCCCCCCCCC,530,False,True,False,Normalized unit: Intensity; Annotation method: Msp20260116160945_NCDK_conventional_converted_dev_1,False,False,241,0,0.00,1.00,null,null,null,-1.00,-1.00,-0.145,15466.45,P Sandie 100 Serum IV_GD1_01_66534,787.66809:1504168 788.67276:749758 789.67743:197030,null,17703146,19490646,20517349,21898130,19902317.8882188,1767046.41441923
242,47.093,788.28082,Unknown,[M+H]+,null,1.00,False,null,null,null,null,null,null,999,False,False,False,Normalized unit: Intensity,False,False,242,0,0.00,null,null,null,null,null,null,null,2982.06,P Sandie 100 Serum IV_GD1_01_66534,788.28082:175334 789.28549:10654 790.29016:1410,null,1874580,2081785,2105644,2135951,2049490.11651562,118694.634635413
243,44.478,788.55597,no MS2: RIKEN P-VS1 ID-10794 from Mouse_Brain_fads2KO_N_Ctr,[M+H]+,null,1.00,False,10.650,788.55603,null,Unknown,null,null,530,False,True,False,Normalized unit: Intensity; Annotation method: Msp20260116160945_NCDK_conventional_converted_dev_1,False,False,243,0,0.00,1.00,null,null,null,-1.00,-1.00,-0.129,1603.50,P Sandie 100 Serum IV_GD1_01_66534,788.55597:154998 789.56064:73466 790.56530:21200,null,1688746,1900566,2010680,2186661,1946663.47432813,208441.340848564
244,49.778,788.61511,no MS2: DMPE 37:1|DMPE 5:0_32:1,[M+H]+,null,1.00,False,12.658,788.61639,C44H86NO8P,DMPE,UUVHRGQBUHHGHP-UHFFFAOYSA-N,O=C(OCC(OC(=O)CCCCCCCCCCCCCCCCCCCCCC=CCCCCCCCC)COP(=O)(O)OCCN(C)C)CCCC,530,False,True,False,Normalized unit: Intensity; Annotation method: Msp20260116160945_NCDK_conventional_converted_dev_1,False,False,244,0,0.00,1.00,null,null,null,-1.00,-1.00,-0.143,26591.80,P Sandie 100 Serum II_GD1_01_66532,788.61621:2004620 789.62088:967312 790.62555:270900,null,29535869,31635837,33748813,33774848,32173841.5738125,2024195.92017209
245,45.252,790.57141,no MS2: LPC 36:4,[M+Na]+,null,1.00,False,9.934,790.57208,C44H82NO7P,LPC,NBNLVXFQTGAUGX-UHFFFAOYSA-N,O=C(OCC(O)COP(=O)([O-])OCC[N+](C)(C)C)CCCCCCCCCCCCCCCCCCCCCCC=CCC=CCC=CCC=CCC,530,False,True,False,Normalized unit: Intensity; Annotation method: Msp20260116160945_NCDK_conventional_converted_dev_1,False,False,245,0,0.00,1.00,null,null,null,-1.00,-1.00,-0.143,1632.95,P Sandie 100 Serum III_GD1_01_66533,790.57196:142034 791.57663:64946 792.58130:20500,null,1515448,1721294,1813119,1912231,1740523.06129687,169097.893036834
246,44.230,790.57520,no MS2: PC O-38:7|PC O-10:0_28:7,[M+H]+,null,1.00,False,9.837,790.57452,C46H80NO7P,EtherPC,UUNPNPNQDISOCV-UHFFFAOYSA-N,O=C(OC(COCCCCCCCCCC)COP(=O)([O-])OCC[N+](C)(C)C)CCCCCC=CCC=CCC=CCC=CCC=CCC=CCC=CCC,530,False,True,False,Normalized unit: Intensity; Annotation method: Msp20260116160945_NCDK_conventional_converted_dev_1,False,False,246,0,0.00,1.00,null,null,null,-1.00,-1.00,-0.143,929.11,P Sandie 100 Serum IV_GD1_01_66534,790.57434:74060 791.57901:38458 792.58368:11560,null,953244,1196513,1200346,1296179,1161570.4301875,146337.360489979
247,45.600,792.58905,no MS2: PC O-38:6|PC O-10:0_28:6,[M+H]+,null,1.00,False,10.050,792.59021,C46H82NO7P,EtherPC,LYVCXQZOQYYLAM-UHFFFAOYSA-N,O=C(OC(COCCCCCCCCCC)COP(=O)([O-])OCC[N+](C)(C)C)CCCCCCCCC=CCC=CCC=CCC=CCC=CCC=CCC,530,False,True,False,Normalized unit: Intensity; Annotation method: Msp20260116160945_NCDK_conventional_converted_dev_1,False,False,247,0,0.00,1.00,null,null,null,-1.00,-1.00,-0.143,1893.28,P Sandie 100 Serum II_GD1_01_66532,792.59009:159228 793.59476:82022 794.59942:21996,null,2180073,2358248,2470377,2589160,2399464.53646875,174015.908751326
248,45.026,792.58936,no MS2: PC O-38:6|PC O-10:0_28:6,[M+H]+,null,1.00,False,10.050,792.59021,C46H82NO7P,EtherPC,LYVCXQZOQYYLAM-UHFFFAOYSA-N,O=C(OC(COCCCCCCCCCC)COP(=O)([O-])OCC[N+](C)(C)C)CCCCCCCCC=CCC=CCC=CCC=CCC=CCC=CCC,530,False,True,False,Normalized unit: Intensity; Annotation method: Msp20260116160945_NCDK_conventional_converted_dev_1,False,False,248,0,0.00,1.00,null,null,null,-1.00,-1.00,-0.143,1041.27,P Sandie 100 Serum II_GD1_01_66532,792.59021:105292 793.59488:55014 794.59955:14758,null,1431955,1528448,1609117,1684070,1563397.24332813,108244.916587702
249,68.017,792.70673,no MS2: TG 46:2|TG 8:0_8:0_30:2,[M+NH4]+,null,1.00,False,13.763,792.70758,C49H90O6,TG,VNWIDJKCIMPSPM-UHFFFAOYSA-N,O=C(OCC(OC(=O)CCCCCCC)COC(=O)CCCCCCCCCCCCCCCCCC=CCC=CCCCCCCC)CCCCCCC,530,False,True,False,Normalized unit: Intensity; Annotation method: Msp20260116160945_NCDK_conventional_converted_dev_1,False,False,249,0,0.00,1.00,null,null,null,-1.00,-1.00,-0.145,627.66,P Sandie 100 Serum III_GD1_01_66533,792.70837:91138 793.71304:48644 794.71771:14764,null,1413462,1514031,1661150,1410954,1499899.07764063,117734.727262421
250,44.843,794.56622,no MS2: NAGlySer 42:10;O2|NAGlySer 16:3;O(FA 26:6),[M+Na]+,null,1.00,False,8.172,794.56781,C47H72N2O7,NAGlySer,WBYUWLPUFOFVOY-UHFFFAOYSA-N,O=C(OC(C=CCC=CCC)C=CCCCCCC(=O)NCC(=O)NC(C(=O)O)CO)CCCCCCC=CCC=CCC=CCC=CCC=CCC=CCC,530,False,True,False,Normalized unit: Intensity; Annotation method: Msp20260116160945_NCDK_conventional_converted_dev_1,False,False,250,0,0.00,1.00,null,null,null,-1.00,-1.00,-0.143,720.42,P Sandie 100 Serum III_GD1_01_66533,794.56775:72466 795.57242:35386 796.57708:164542,null,780618,926346,985418,1093402,946445.936140626,130406.64644361
251,48.921,794.60425,no MS2: PC O-38:5|PC O-10:0_28:5,[M+H]+,null,1.00,False,10.330,794.60577,C46H84NO7P,EtherPC,XDRAHGUDUSFGRJ-UHFFFAOYSA-N,O=C(OC(COCCCCCCCCCC)COP(=O)([O-])OCC[N+](C)(C)C)CCCCCCCCCCCC=CCC=CCC=CCC=CCC=CCC,530,False,True,False,Normalized unit: Intensity; Annotation method: Msp20260116160945_NCDK_conventional_converted_dev_1,False,False,251,0,0.00,1.00,null,null,null,-1.00,-1.00,-0.143,1846.17,P Sandie 100 Serum II_GD1_01_66532,794.60577:168718 795.61044:86070 796.61511:32258,null,2179735,2420001,2517652,2602352,2429935.09565625,182684.635836823
252,46.314,794.60437,no MS2: PC O-38:5|PC O-10:0_28:5,[M+H]+,null,1.00,False,10.330,794.60577,C46H84NO7P,EtherPC,XDRAHGUDUSFGRJ-UHFFFAOYSA-N,O=C(OC(COCCCCCCCCCC)COP(=O)([O-])OCC[N+](C)(C)C)CCCCCCCCCCCC=CCC=CCC=CCC=CCC=CCC,530,False,True,False,Normalized unit: Intensity; Annotation method: Msp20260116160945_NCDK_conventional_converted_dev_1,False,False,252,0,0.00,1.00,null,null,null,-1.00,-1.00,-0.143,7316.15,P Sandie 100 Serum III_GD1_01_66533,794.60590:694414 795.61056:345994 796.61523:91588,null,8615554,9246794,9601687,9943299,9351833.49392189,567273.846920319
253,70.506,794.72351,no MS2: TG 46:1|TG 8:0_8:0_30:1,[M+NH4]+,null,1.00,False,14.163,794.72321,C49H92O6,TG,NMHMTWQHQHBCQY-UHFFFAOYSA-N,O=C(OCC(OC(=O)CCCCCCC)COC(=O)CCCCCCCCCCCCCCCCCCCC=CCCCCCCCC)CCCCCCC,530,False,True,False,Normalized unit: Intensity; Annotation method: Msp20260116160945_NCDK_conventional_converted_dev_1,False,False,253,0,0.00,1.00,null,null,null,-1.00,-1.00,-0.143,1457.29,P Sandie 100 Serum II_GD1_01_66532,794.72314:184950 795.72781:101640 796.73248:27874,null,3125535,3502414,3831495,3931757,3597800.12849999,364359.423018147
254,50.174,795.63348,no MS2: RIKEN P-VS1 ID-11095 from Mouse_Brain_WT_N_F1EPA,[M+Na]+,null,1.00,False,13.110,795.63751,null,Unknown,null,null,530,False,True,False,Normalized unit: Intensity; Annotation method: Msp20260116160945_NCDK_conventional_converted_dev_1,False,False,254,0,0.00,1.00,null,null,null,-1.00,-1.00,-0.130,727.36,P Sandie 100 Serum I_GD1_01_66531,795.63684:57190 796.64151:28478 797.64618:8448,null,864472,1018808,1084500,1338196,1076493.8049375,197343.10221653
255,32.727,795.70007,no MS2: SE 28:4/26:0,[M+Na]+,null,1.00,False,15.820,795.69897,C54H92O2,DEGSE,FLMWKPJEQMRGLO-UHFFFAOYSA-N,O=C(OC1CC2=CC=C3C(=CCC4(C)C3CCC4C(C=CC(C)C(C)C)C)C2(C)CC1)CCCCCCCCCCCCCCCCCCCCCCCCC,530,False,True,False,Normalized unit: Intensity; Annotation method: Msp20260116160945_NCDK_conventional_converted_dev_1,False,False,255,0,0.00,1.00,null,null,null,-1.00,-1.00,-0.143,857.15,P Sandie 100 Serum I_GD1_01_66531,795.69922:94904 796.70389:57148 797.70855:16360,null,1132838,1218276,1266550,1304714,1230594.52971875,74149.8516540849
256,44.861,796.58386,no MS2: DMPE 38:4|DMPE 6:0_32:4,[M+H]+,null,1.00,False,9.585,796.58508,C45H82NO8P,DMPE,VRIKPFFYPTVQSF-UHFFFAOYSA-N,O=C(OCC(OC(=O)CCCCCCCCCCCCCCCCCCC=CCC=CCC=CCC=CCC)COP(=O)(O)OCCN(C)C)CCCCC,530,False,True,False,Normalized unit: Intensity; Annotation method: Msp20260116160945_NCDK_conventional_converted_dev_1,False,False,256,0,0.00,1.00,null,null,null,-1.00,-1.00,-0.143,1236.47,P Sandie 100 Serum III_GD1_01_66533,796.58490:166748 797.58957:78030 798.59424:21474,null,2009857,2163610,2337135,2486342,2249236.14864063,207025.904004565
257,44.225,796.58392,no MS2: DMPE 38:4|DMPE 6:0_32:4,[M+H]+,null,1.00,False,9.585,796.58508,C45H82NO8P,DMPE,VRIKPFFYPTVQSF-UHFFFAOYSA-N,O=C(OCC(OC(=O)CCCCCCCCCCCCCCCCCCC=CCC=CCC=CCC=CCC)COP(=O)(O)OCCN(C)C)CCCCC,530,False,True,False,Normalized unit: Intensity; Annotation method: Msp20260116160945_NCDK_conventional_converted_dev_1,False,False,257,0,0.00,1.00,null,null,null,-1.00,-1.00,-0.143,478.68,P Sandie 100 Serum III_GD1_01_66533,796.58496:67356 797.58963:30796 798.59430:8138,null,1078627,1120554,1208305,1295502,1175747.05189063,96401.7746583149
258,49.665,796.62085,no MS2: RIKEN P-VS1 ID-11139 from Cell_HeLa_WT_N_Ctr,[M+H]+,null,1.00,False,11.590,796.61792,null,Unknown,null,null,530,False,True,False,Normalized unit: Intensity; Annotation method: Msp20260116160945_NCDK_conventional_converted_dev_1,False,False,258,0,0.00,0.96,null,null,null,-1.00,-1.00,-0.144,3721.90,P Sandie 100 Serum IV_GD1_01_66534,796.62006:344866 797.62472:179188 798.62939:48308,null,4400803,4834581,4889640,4961683,4771676.64207812,252667.034819386
259,48.751,796.62103,no MS2: PC O-38:4|PC O-10:0_28:4,[M+H]+,null,1.00,False,10.425,796.62152,C46H86NO7P,EtherPC,JZNRQLVUHAJDFY-UHFFFAOYSA-N,O=C(OC(COCCCCCCCCCC)COP(=O)([O-])OCC[N+](C)(C)C)CCCCCCCCCCCCCCC=CCC=CCC=CCC=CCC,530,False,True,False,Normalized unit: Intensity; Annotation method: Msp20260116160945_NCDK_conventional_converted_dev_1,False,False,259,0,0.00,1.00,null,null,null,-1.00,-1.00,-0.144,538.62,P Sandie 100 Serum II_GD1_01_66532,796.62103:83372 797.62570:40298 798.63037:11752,null,1346168,1563909,1553563,1642869,1526627.30857813,126745.126524052
260,73.848,796.73895,no MS2: TG 46:0|TG 8:0_8:0_30:0,[M+NH4]+,null,1.00,False,14.486,796.73889,C49H94O6,TG,RBULVXCVDAPDHO-UHFFFAOYSA-N,O=C(OCC(OC(=O)CCCCCCC)COC(=O)CCCCCCCCCCCCCCCCCCCCCCCCCCCCC)CCCCCCC,530,False,True,False,Normalized unit: Intensity; Annotation method: Msp20260116160945_NCDK_conventional_converted_dev_1,False,False,260,0,0.00,1.00,null,null,null,-1.00,-1.00,-0.143,943.51,P Sandie 100 Serum IV_GD1_01_66534,796.73895:139434 797.74362:78078 798.74829:21034,null,2074695,2278414,2418457,2598572,2342534.46910937,221486.578440349
261,68.017,797.66199,no MS2: TG 46:2|TG 8:0_8:0_30:2,[M+Na]+,null,1.00,False,13.763,797.66302,C49H90O6,TG,VNWIDJKCIMPSPM-UHFFFAOYSA-N,O=C(OCC(OC(=O)CCCCCCC)COC(=O)CCCCCCCCCCCCCCCCCC=CCC=CCCCCCCC)CCCCCCC,530,False,True,False,Normalized unit: Intensity; Annotation method: Msp20260116160945_NCDK_conventional_converted_dev_1,False,False,261,0,0.00,1.00,null,null,null,-1.00,-1.00,-0.145,668.18,P Sandie 100 Serum III_GD1_01_66533,797.66370:138842 798.66836:73590 799.67303:20056,null,2274349,2454104,2646372,2707784,2520652.015375,196568.380377243
262,45.423,798.54077,no MS2: SHexCer 34:0;O3|SHexCer 12:0;O2/22:0;O,[M+K]+,null,0.25,False,8.523,798.53961,C40H79NO12S,SHexCer,CFUSSZHFLWVLET-UHFFFAOYSA-N,O=C(NC(COC1OC(CO)C(O)C(OS(=O)(=O)O)C1O)C(O)CCCCCCCCC)C(O)CCCCCCCCCCCCCCCCCCCC,530,False,True,False,Normalized unit: Intensity; Annotation method: Msp20260116160945_NCDK_conventional_converted_dev_1,False,False,262,0,0.00,0.99,null,null,null,-1.00,-1.00,-0.148,630.02,P Sandie 100 Serum IV_GD1_01_66534,798.54077:57668 799.54544:26520 800.55011:9562,null,923180,1023268,1071112,1139943,1039375.6275625,91071.1836635173
263,31.042,798.56470,no MS2: TG 48:13|TG 15:4_15:4_18:5,[M+NH4]+,null,1.00,False,12.087,798.56671,C51H72O6,TG,RLWVOESMQPXHOK-UHFFFAOYSA-N,O=C(OCC(OC(=O)CC=CCC=CCC=CCC=CCC)COC(=O)CC=CCC=CCC=CCC=CCC)CC=CCC=CCC=CCC=CCC=CCC,530,False,True,False,Normalized unit: Intensity; Annotation method: Msp20260116160945_NCDK_conventional_converted_dev_1,False,False,263,0,0.00,0.99,null,null,null,-1.00,-1.00,-0.146,738.81,P Sandie 100 Serum III_GD1_01_66533,798.56586:68980 799.57052:34196 800.57519:14072,null,901337,939004,1016128,1045228,975424.206609376,66695.2155756901
264,32.190,798.56500,no MS2: TG 48:13|TG 15:4_15:4_18:5,[M+NH4]+,null,1.00,False,12.087,798.56671,C51H72O6,TG,RLWVOESMQPXHOK-UHFFFAOYSA-N,O=C(OCC(OC(=O)CC=CCC=CCC=CCC=CCC)COC(=O)CC=CCC=CCC=CCC=CCC)CC=CCC=CCC=CCC=CCC=CCC,530,False,True,False,Normalized unit: Intensity; Annotation method: Msp20260116160945_NCDK_conventional_converted_dev_1,False,False,264,0,0.00,0.98,null,null,null,-1.00,-1.00,-0.154,804.91,P Sandie 100 Serum IV_GD1_01_66534,798.56500:79830 799.56967:37064 800.57434:23086,null,1034949,1086871,1158257,1180596,1115167.96982812,66766.447889149
265,33.239,798.56531,no MS2: TG 48:13|TG 15:4_15:4_18:5,[M+NH4]+,null,1.00,False,12.087,798.56671,C51H72O6,TG,RLWVOESMQPXHOK-UHFFFAOYSA-N,O=C(OCC(OC(=O)CC=CCC=CCC=CCC=CCC)COC(=O)CC=CCC=CCC=CCC=CCC)CC=CCC=CCC=CCC=CCC=CCC,530,False,True,False,Normalized unit: Intensity; Annotation method: Msp20260116160945_NCDK_conventional_converted_dev_1,False,False,265,0,0.00,0.98,null,null,null,-1.00,-1.00,-0.151,1034.22,P Sandie 100 Serum IV_GD1_01_66534,798.56531:98512 799.56998:46508 800.57464:31514,null,1164622,1273691,1340446,1371370,1287532.38329687,91518.8906531799
266,32.693,798.56555,no MS2: TG 48:13|TG 15:4_15:4_18:5,[M+NH4]+,null,0.75,False,12.087,798.56671,C51H72O6,TG,RLWVOESMQPXHOK-UHFFFAOYSA-N,O=C(OCC(OC(=O)CC=CCC=CCC=CCC=CCC)COC(=O)CC=CCC=CCC=CCC=CCC)CC=CCC=CCC=CCC=CCC=CCC,530,False,True,False,Normalized unit: Intensity; Annotation method: Msp20260116160945_NCDK_conventional_converted_dev_1,False,False,266,0,0.00,1.00,null,null,null,-1.00,-1.00,-0.145,707.48,P Sandie 100 Serum III_GD1_01_66533,798.56592:68554 799.57059:33358 800.57525:12258,null,764370,836665,891037,924659,854182.587578123,69996.0884020902
267,20.535,798.58765,no MS2: RIKEN P-VS1 ID-11218 from Mouse_Heart_WT_N_F1,[M+H]+,null,1.00,False,10.700,798.58521,null,Unknown,null,null,530,False,True,False,Normalized unit: Intensity; Annotation method: Msp20260116160945_NCDK_conventional_converted_dev_1,False,False,267,0,0.00,0.98,null,null,null,-1.00,-1.00,-0.137,1293.31,P Sandie 100 Serum II_GD1_01_66532,798.58673:123066 799.59140:66154 800.59607:17472,null,799209,846629,894822,915618,864069.409609373,52006.5554297353
268,46.567,798.59937,no MS2: DMPE 38:3|DMPE 6:0_32:3,[M+H]+,null,0.75,False,10.877,798.60071,C45H84NO8P,DMPE,AKGDHADIUCDJGB-UHFFFAOYSA-N,O=C(OCC(OC(=O)CCCCCCCCCCCCCCCCC=CCC=CCC=CCCCCCCC)COP(=O)(O)OCCN(C)C)CCCCC,530,False,True,False,Normalized unit: Intensity; Annotation method: Msp20260116160945_NCDK_conventional_converted_dev_1,False,False,268,0,0.00,1.00,null,null,null,-1.00,-1.00,-0.143,390.61,P Sandie 100 Serum III_GD1_01_66533,798.60077:64798 799.60544:31662 800.61010:7756,null,812883,930250,969160,993853,926536.544640623,80164.7096086391
269,51.362,799.66785,no MS2: SM 41:2;O2|SM 12:1;O2/29:1,[M+H]+,null,1.00,False,11.389,799.66882,C46H91N2O6P,SM,MUJUIOOFUNCSJZ-UHFFFAOYSA-N,O=C(NC(COP(=O)([O-])OCC[N+](C)(C)C)C(O)C=CCCCCCCC)CCCCCCCCCCCCCCC=CCCCCCCCCCCCC,530,False,True,False,Normalized unit: Intensity; Annotation method: Msp20260116160945_NCDK_conventional_converted_dev_1,False,False,269,0,0.00,0.99,null,null,null,-1.00,-1.00,-0.147,2034.50,P Sandie 100 Serum IV_GD1_01_66534,799.66785:352538 800.67251:177360 801.67718:46406,null,3938814,4248214,4594937,4852305,4408567.46075001,399173.540993389
270,50.757,799.66803,no MS2: SM 41:2;O2|SM 12:1;O2/29:1,[M+H]+,null,1.00,False,11.389,799.66882,C46H91N2O6P,SM,MUJUIOOFUNCSJZ-UHFFFAOYSA-N,O=C(NC(COP(=O)([O-])OCC[N+](C)(C)C)C(O)C=CCCCCCCC)CCCCCCCCCCCCCCC=CCCCCCCCCCCCC,530,False,True,False,Normalized unit: Intensity; Annotation method: Msp20260116160945_NCDK_conventional_converted_dev_1,False,False,270,0,0.00,1.00,null,null,null,-1.00,-1.00,-0.145,1119.08,P Sandie 100 Serum IV_GD1_01_66534,799.66803:192682 800.67270:96778 801.67737:23986,null,2058731,2219281,2320734,2458761,2264376.5541875,168606.893718709
271,70.475,799.67865,no MS2: TG 46:1|TG 8:0_8:0_30:1,[M+Na]+,null,1.00,False,14.163,799.67859,C49H92O6,TG,NMHMTWQHQHBCQY-UHFFFAOYSA-N,O=C(OCC(OC(=O)CCCCCCC)COC(=O)CCCCCCCCCCCCCCCCCCCC=CCCCCCCCC)CCCCCCC,530,False,True,False,Normalized unit: Intensity; Annotation method: Msp20260116160945_NCDK_conventional_converted_dev_1,False,False,271,0,0.00,1.00,null,null,null,-1.00,-1.00,-0.143,1209.67,P Sandie 100 Serum IV_GD1_01_66534,799.67865:211486 800.68332:111442 801.68799:32318,null,2535234,2745344,2914666,3036068,2807827.74906249,217347.217604496
272,54.043,801.68372,no MS2: SM 41:1;O2|SM 12:1;O2/29:0,[M+H]+,null,1.00,False,12.823,801.68439,C46H93N2O6P,SM,BLDDOFPGXMISDI-UHFFFAOYSA-N,O=C(NC(COP(=O)([O-])OCC[N+](C)(C)C)C(O)C=CCCCCCCC)CCCCCCCCCCCCCCCCCCCCCCCCCCCC,530,False,True,False,Normalized unit: Intensity; Annotation method: Msp20260116160945_NCDK_conventional_converted_dev_1,False,False,272,0,0.00,1.00,null,null,null,-1.00,-1.00,-0.145,4941.69,P Sandie 100 Serum IV_GD1_01_66534,801.68372:695136 802.68838:340678 803.69305:94936,null,7655598,8136952,8642368,9288336,8430813.46323438,699383.983033956
273,73.883,801.69440,no MS2: TG 46:0|TG 8:0_8:0_30:0,[M+Na]+,null,1.00,False,14.486,801.69427,C49H94O6,TG,RBULVXCVDAPDHO-UHFFFAOYSA-N,O=C(OCC(OC(=O)CCCCCCC)COC(=O)CCCCCCCCCCCCCCCCCCCCCCCCCCCCC)CCCCCCC,530,False,True,False,Normalized unit: Intensity; Annotation method: Msp20260116160945_NCDK_conventional_converted_dev_1,False,False,273,0,0.00,1.00,null,null,null,-1.00,-1.00,-0.143,645.97,P Sandie 100 Serum IV_GD1_01_66534,801.69440:86230 802.69906:46094 803.70373:12120,null,1240739,1348922,1380401,1454788,1356212.2366875,88862.1611905345
274,39.878,802.53595,no MS2: DMPE 39:8|DMPE 15:2_24:6,[M+Na]+,null,1.00,False,8.493,802.53809,C46H76NO8P,DMPE,GHBZWONPCLHJBK-UHFFFAOYSA-N,O=C(OCC(OC(=O)CCCCC=CCC=CCC=CCC=CCC=CCC=CCC)COP(=O)(O)OCCN(C)C)CCCCCCC=CCC=CCCC,530,False,True,False,Normalized unit: Intensity; Annotation method: Msp20260116160945_NCDK_conventional_converted_dev_1,False,False,274,0,0.00,1.00,null,null,null,-1.00,-1.00,-0.143,1018.84,P Sandie 100 Serum I_GD1_01_66531,802.53802:98362 803.54269:47914 804.54736:13926,null,1455500,1580959,1717107,1857454,1652755.14629687,173307.990811554
275,35.301,802.59625,no MS2: RIKEN P-VS1 ID-11369 from Mouse_AdrenalGlands_fads2KO_N_Ctr,[M+H]+,null,0.25,False,8.110,802.59460,null,Unknown,null,null,530,False,True,False,Normalized unit: Intensity; Annotation method: Msp20260116160945_NCDK_conventional_converted_dev_1,False,False,275,0,0.00,0.98,null,null,null,-1.00,-1.00,-0.138,675.87,P Sandie 100 Serum II_GD1_01_66532,802.59625:64844 803.60092:32148 804.60559:8184,null,755690,832509,875781,918360,845584.961468751,69426.5513928413
276,42.446,802.60901,no MS2: SL 48:7;O2|SL 12:1;O/36:6;O,[M+H]+,null,1.00,False,11.535,802.60138,C48H83NO6S,SL,MPLXKFDGTYYHIU-UHFFFAOYSA-N,O=C(N(CC(O)C=CCCCCCCC)CS(=O)(=O)O)C(O)CCCCCCCCCCCCCCCC=CCC=CCC=CCC=CCC=CCC=CCC,530,False,True,False,Normalized unit: Intensity; Annotation method: Msp20260116160945_NCDK_conventional_converted_dev_1,False,False,276,0,0.00,0.88,null,null,null,-1.00,-1.00,-0.204,1157.03,P Sandie 100 Serum II_GD1_01_66532,802.60547:122828 803.61014:56308 804.61480:4968,null,2263837,2228731,2300232,2328216,2280254.01354687,43296.2154057942
277,20.535,803.54388,no MS2: RIKEN P-VS1 ID-11405 from Cell_C2C12_WT_N_4h10DHA,[M+H]+,null,1.00,False,7.370,803.53680,null,Unknown,null,null,530,False,True,False,Normalized unit: Intensity; Annotation method: Msp20260116160945_NCDK_conventional_converted_dev_1,False,False,277,0,0.00,0.81,null,null,null,-1.00,-1.00,-0.215,4127.86,P Sandie 100 Serum II_GD1_01_66532,803.54205:492488 804.54672:254660 805.55139:71986,null,3397420,3487819,3629275,3667715,3545557.26824999,125445.29068548
278,40.648,804.55164,no MS2: PC 36:4,[M+Na]+,null,1.00,False,9.134,804.55139,C44H80NO8P,PC,ROAWVQALUMGMDA-UHFFFAOYSA-N,O=C(OCC(OC(=O)CCCCCCCCCCCCCCCCC=CCC=CCC=CCC=CCC)COP(=O)([O-])OCC[N+](C)(C)C)CCCCC,530,False,True,False,Normalized unit: Intensity; Annotation method: Msp20260116160945_NCDK_conventional_converted_dev_1,False,False,278,0,0.00,1.00,null,null,null,-1.00,-1.00,-0.143,2425.05,P Sandie 100 Serum III_GD1_01_66533,804.55145:219676 805.55612:103632 806.56079:339884,null,2881351,3114444,3466288,3840509,3325647.79898437,419073.516869744
279,42.533,804.55249,no MS2: NAGlySer 43:12;O2|NAGlySer 19:5;O(FA 24:6),[M+NH4]+,null,1.00,False,8.425,804.55212,C48H70N2O7,NAGlySer,OGYJQVVOLIBTIU-UHFFFAOYSA-N,O=C(OC(C=CCC=CCC=CCC=CCC=CCC)CC(=O)NCC(=O)NC(C(=O)O)CO)CCCCC=CCC=CCC=CCC=CCC=CCC=CCC,530,False,True,False,Normalized unit: Intensity; Annotation method: Msp20260116160945_NCDK_conventional_converted_dev_1,False,False,279,0,0.00,1.00,null,null,null,-1.00,-1.00,-0.143,7002.88,P Sandie 100 Serum III_GD1_01_66533,804.55206:650338 805.55673:317916 806.56140:163218,null,11433601,12448223,13084478,13455026,12605331.9784687,884910.284169977
280,45.418,804.62207,no MS2: RIKEN P-VS1 ID-11454 from Mouse_Brain_WT_N_F1EPA,[M+H]+,null,1.00,False,11.100,804.62830,null,Unknown,null,null,530,False,True,False,Normalized unit: Intensity; Annotation method: Msp20260116160945_NCDK_conventional_converted_dev_1,False,False,280,0,0.00,0.78,null,null,null,-1.00,-1.00,-0.230,1029.52,P Sandie 100 Serum I_GD1_01_66531,804.62256:89084 805.62723:41416 806.63189:10958,null,1453221,1602253,1671890,1700313,1606919.32509375,110436.133922734
281,44.286,806.56677,no MS2: NAGlySer 43:11;O2|NAGlySer 15:4;O(FA 28:6),[M+NH4]+,null,1.00,False,8.463,806.56781,C48H72N2O7,NAGlySer,QESQZFHZPIQFIJ-UHFFFAOYSA-N,O=C(OC(C=CCC=CCC=CCC)C=CCC(=O)NCC(=O)NC(C(=O)O)CO)CCCCCCCCC=CCC=CCC=CCC=CCC=CCC=CCC,530,False,True,False,Normalized unit: Intensity; Annotation method: Msp20260116160945_NCDK_conventional_converted_dev_1,False,False,281,0,0.00,1.00,null,null,null,-1.00,-1.00,-0.143,6484.89,P Sandie 100 Serum III_GD1_01_66533,806.56769:768108 807.57236:366476 808.57702:159304,null,10037878,11371176,13721798,14606593,12434361.3137656,2101553.56084514
282,43.681,806.56708,no MS2: PC 36:3,[M+Na]+,null,1.00,False,9.689,806.56702,C44H82NO8P,PC,WSXZDAPARWPHLV-UHFFFAOYSA-N,O=C(OCC(OC(=O)CCCCCCCCCCCCCCC=CCC=CCC=CCCCCCCC)COP(=O)([O-])OCC[N+](C)(C)C)CCCCC,530,False,True,False,Normalized unit: Intensity; Annotation method: Msp20260116160945_NCDK_conventional_converted_dev_1,False,False,282,0,0.00,1.00,null,null,null,-1.00,-1.00,-0.143,4431.14,P Sandie 100 Serum IV_GD1_01_66534,806.56708:467382 807.57175:225092 808.57641:1700396,null,6340712,6927460,7749906,8137688,7288941.40360937,808840.209914931
283,42.280,806.56995,no MS2: NAGlySer 43:11;O2|NAGlySer 15:4;O(FA 28:6),[M+NH4]+,null,1.00,False,8.463,806.56781,C48H72N2O7,NAGlySer,QESQZFHZPIQFIJ-UHFFFAOYSA-N,O=C(OC(C=CCC=CCC=CCC)C=CCC(=O)NCC(=O)NC(C(=O)O)CO)CCCCCCCCC=CCC=CCC=CCC=CCC=CCC=CCC,530,False,True,False,Normalized unit: Intensity; Annotation method: Msp20260116160945_NCDK_conventional_converted_dev_1,False,False,283,0,0.00,1.00,null,null,null,-1.00,-1.00,-0.143,35839.86,P Sandie 100 Serum II_GD1_01_66532,806.56781:3197740 807.57248:1661126 808.57715:444982,null,39625017,42345819,43268450,45092338,42582906.0469532,2278342.78333972
284,42.290,806.84271,Unknown,[M+H]+,null,0.25,False,null,null,null,null,null,null,999,False,False,False,Normalized unit: Intensity,False,False,284,0,0.00,null,null,null,null,null,null,null,384.72,P Sandie 100 Serum IV_GD1_01_66534,806.84271:58636 807.84738:9938 808.85205:914,null,304750,292133,337887,474785,352388.524625002,83847.7740425778
285,42.285,807.25397,Unknown,[M+H]+,null,1.00,False,null,null,null,null,null,null,999,False,False,False,Normalized unit: Intensity,False,False,285,0,0.00,null,null,null,null,null,null,null,1311.18,P Sandie 100 Serum IV_GD1_01_66534,807.25397:92988 808.25864:13042 809.26330:790,null,587447,630520,650909,788732,664402.131031253,87005.8240160281
286,48.725,807.63373,no MS2: RIKEN P-VS1 ID-11605 from Mouse_Brain_WT_N_F1AA,[M+Na]+,null,1.00,False,12.480,807.63660,null,Unknown,null,null,530,False,True,False,Normalized unit: Intensity; Annotation method: Msp20260116160945_NCDK_conventional_converted_dev_1,False,False,286,0,0.00,1.00,null,null,null,-1.00,-1.00,-0.129,684.94,P Sandie 100 Serum I_GD1_01_66531,807.63672:67964 808.64139:33614 809.64605:9148,null,939278,1145891,1178247,1400604,1166004.95151562,188852.836554835
287,49.299,807.63385,no MS2: RIKEN P-VS1 ID-11605 from Mouse_Brain_WT_N_F1AA,[M+H]+,null,1.00,False,12.480,807.63660,null,Unknown,null,null,530,False,True,False,Normalized unit: Intensity; Annotation method: Msp20260116160945_NCDK_conventional_converted_dev_1,False,False,287,0,0.00,1.00,null,null,null,-1.00,-1.00,-0.129,3027.46,P Sandie 100 Serum I_GD1_01_66531,807.63617:242720 808.64084:119086 809.64550:30850,null,3206560,3843012,4143391,4840119,4008270.55398438,678301.738347208
288,46.572,808.58112,no MS2: PC 36:2,[M+Na]+,null,0.25,False,9.772,808.58270,C44H84NO8P,PC,ANCOIGUVGMVZMF-UHFFFAOYSA-N,O=C(OCC(OC(=O)CCCCCCCCCCCCCCCCCC=CCC=CCCCCCCC)COP(=O)([O-])OCC[N+](C)(C)C)CCCCC,530,False,True,False,Normalized unit: Intensity; Annotation method: Msp20260116160945_NCDK_conventional_converted_dev_1,False,False,288,0,0.00,0.98,null,null,null,-1.00,-1.00,-0.152,1924.07,P Sandie 100 Serum IV_GD1_01_66534,808.58112:184900 809.58578:85322 810.59045:57308,null,2745129,3061899,3248912,3581638,3159394.27771875,349963.605338921
289,44.177,808.58234,no MS2: NAGlySer 43:10;O2|NAGlySer 15:3;O(FA 28:6),[M+NH4]+,null,1.00,False,8.251,808.58337,C48H74N2O7,NAGlySer,GBANVCZVXXRIAQ-UHFFFAOYSA-N,O=C(OC(C=CCC=CCC=CCC)CCCC(=O)NCC(=O)NC(C(=O)O)CO)CCCCCCCCC=CCC=CCC=CCC=CCC=CCC=CCC,530,False,True,False,Normalized unit: Intensity; Annotation method: Msp20260116160945_NCDK_conventional_converted_dev_1,False,False,289,0,0.00,1.00,null,null,null,-1.00,-1.00,-0.143,1616.81,P Sandie 100 Serum III_GD1_01_66533,808.58344:208678 809.58810:94082 810.59277:25712,null,3500244,3798303,3979288,4157792,3858906.97190625,280556.290206484
290,47.093,808.58295,no MS2: NAGlySer 43:10;O2|NAGlySer 15:3;O(FA 28:6),[M+NH4]+,null,1.00,False,8.251,808.58337,C48H74N2O7,NAGlySer,GBANVCZVXXRIAQ-UHFFFAOYSA-N,O=C(OC(C=CCC=CCC=CCC)CCCC(=O)NCC(=O)NC(C(=O)O)CO)CCCCCCCCC=CCC=CCC=CCC=CCC=CCC=CCC,530,False,True,False,Normalized unit: Intensity; Annotation method: Msp20260116160945_NCDK_conventional_converted_dev_1,False,False,290,0,0.00,1.00,null,null,null,-1.00,-1.00,-0.143,14191.43,P Sandie 100 Serum II_GD1_01_66532,808.58325:1257546 809.58792:612056 810.59259:6010896,null,20662639,23502889,24575983,25158270,23474945.3523437,1996305.90954043
291,44.752,808.58441,no MS2: DMPE 39:5|DMPE 5:0_34:5,[M+H]+,null,1.00,False,10.202,808.58508,C46H82NO8P,DMPE,BPZOUFRZDZCMRY-UHFFFAOYSA-N,O=C(OCC(OC(=O)CCCCCCCCCCCCCCCCCC=CCC=CCC=CCC=CCC=CCC)COP(=O)(O)OCCN(C)C)CCCC,530,False,True,False,Normalized unit: Intensity; Annotation method: Msp20260116160945_NCDK_conventional_converted_dev_1,False,False,291,0,0.00,1.00,null,null,null,-1.00,-1.00,-0.144,6587.51,P Sandie 100 Serum III_GD1_01_66533,808.58569:557264 809.59036:287366 810.59503:82442,null,10132961,10878424,11283165,11843207,11034439.1734375,719484.107743075
292,43.668,808.58472,no MS2: DMPE 39:5|DMPE 5:0_34:5,[M+H]+,null,1.00,False,10.202,808.58508,C46H82NO8P,DMPE,BPZOUFRZDZCMRY-UHFFFAOYSA-N,O=C(OCC(OC(=O)CCCCCCCCCCCCCCCCCC=CCC=CCC=CCC=CCC=CCC)COP(=O)(O)OCCN(C)C)CCCC,530,False,True,False,Normalized unit: Intensity; Annotation method: Msp20260116160945_NCDK_conventional_converted_dev_1,False,False,292,0,0.00,1.00,null,null,null,-1.00,-1.00,-0.143,19114.87,P Sandie 100 Serum IV_GD1_01_66534,808.58472:1700396 809.58938:854542 810.59405:237388,null,23549414,24601061,25421635,26108290,24920099.9035312,1102103.97966017
293,52.119,809.65009,no MS2: SM 42:4;O2|SM 12:1;O2/30:3,[M+H]+,null,1.00,False,10.201,809.65308,C47H89N2O6P,SM,BPIDPBMVWUMKNC-UHFFFAOYSA-N,O=C(NC(COP(=O)([O-])OCC[N+](C)(C)C)C(O)C=CCCCCCCC)CCCCCCCCCCCCCCC=CCC=CCC=CCCCCCCC,530,False,True,False,Normalized unit: Intensity; Annotation method: Msp20260116160945_NCDK_conventional_converted_dev_1,False,False,293,0,0.00,1.00,null,null,null,-1.00,-1.00,-0.144,5799.75,P Sandie 100 Serum I_GD1_01_66531,809.65265:405076 810.65732:206748 811.66198:52806,null,6045061,6673040,7566252,8911283,7298909.1019375,1242989.77372503
294,47.076,809.65338,no MS2: SM 42:4;O2|SM 12:1;O2/30:3,[M+H]+,null,0.25,False,10.201,809.65308,C47H89N2O6P,SM,BPIDPBMVWUMKNC-UHFFFAOYSA-N,O=C(NC(COP(=O)([O-])OCC[N+](C)(C)C)C(O)C=CCCCCCCC)CCCCCCCCCCCCCCC=CCC=CCC=CCCCCCCC,530,False,True,False,Normalized unit: Intensity; Annotation method: Msp20260116160945_NCDK_conventional_converted_dev_1,False,False,294,0,0.00,1.00,null,null,null,-1.00,-1.00,-0.143,801.13,P Sandie 100 Serum IV_GD1_01_66534,809.65338:67296 810.65805:2704 811.66272:0,null,816195,857961,890166,925041,872340.859234374,46383.1411166527
295,49.778,810.59778,no MS2: PC 36:1,[M+Na]+,null,1.00,False,10.628,810.59833,C44H86NO8P,PC,BKACBHCGNYBKHD-UHFFFAOYSA-N,O=C(OCC(OC(=O)CCCCCCCCCCCCCCCCCCC=CCCCCCCCCCC)COP(=O)([O-])OCC[N+](C)(C)C)CCCC,530,False,True,False,Normalized unit: Intensity; Annotation method: Msp20260116160945_NCDK_conventional_converted_dev_1,False,False,295,0,0.00,1.00,null,null,null,-1.00,-1.00,-0.143,2700.61,P Sandie 100 Serum II_GD1_01_66532,810.59827:375414 811.60293:178864 812.60760:65238,null,5362900,6067036,6336272,6693140,6114836.92742188,563075.278491686
296,46.157,810.59906,no MS2: NAGlySer 43:9;O2|NAGlySer 15:2;O(FA 28:6),[M+NH4]+,null,1.00,False,8.181,810.59912,C48H76N2O7,NAGlySer,LNUXQXMKLJJQDM-UHFFFAOYSA-N,O=C(OC(C=CCC=CCCC)CCCCCC(=O)NCC(=O)NC(C(=O)O)CO)CCCCCCCCC=CCC=CCC=CCC=CCC=CCC=CCC,530,False,True,False,Normalized unit: Intensity; Annotation method: Msp20260116160945_NCDK_conventional_converted_dev_1,False,False,296,0,0.00,1.00,null,null,null,-1.00,-1.00,-0.143,2712.63,P Sandie 100 Serum IV_GD1_01_66534,810.59906:426448 811.60373:214972 812.60840:56274,null,8172406,8761145,9261942,9601819,8949327.93981251,622493.086438156
297,45.439,810.59998,no MS2: DMPE 39:4|DMPE 5:0_34:4,[M+H]+,null,1.00,False,10.938,810.60071,C46H84NO8P,DMPE,YZBROJFPJKNUJO-UHFFFAOYSA-N,O=C(OCC(OC(=O)CCCCCCCCCCCCCCCCCCCCC=CCC=CCC=CCC=CCC)COP(=O)(O)OCCN(C)C)CCCC,530,False,True,False,Normalized unit: Intensity; Annotation method: Msp20260116160945_NCDK_conventional_converted_dev_1,False,False,297,0,0.00,1.00,null,null,null,-1.00,-1.00,-0.143,1832.96,P Sandie 100 Serum III_GD1_01_66533,810.60071:297434 811.60538:156274 812.61004:38996,null,4746733,4988453,5204948,5403828,5085990.5636875,282713.277227897
298,47.102,810.60071,no MS2: DMPE 39:4|DMPE 5:0_34:4,[M+H]+,null,1.00,False,10.938,810.60071,C46H84NO8P,DMPE,YZBROJFPJKNUJO-UHFFFAOYSA-N,O=C(OCC(OC(=O)CCCCCCCCCCCCCCCCCCCCC=CCC=CCC=CCC=CCC)COP(=O)(O)OCCN(C)C)CCCC,530,False,True,False,Normalized unit: Intensity; Annotation method: Msp20260116160945_NCDK_conventional_converted_dev_1,False,False,298,0,0.00,1.00,null,null,null,-1.00,-1.00,-0.143,43382.95,P Sandie 100 Serum III_GD1_01_66533,810.60071:5928808 811.60538:2962872 812.61004:806328,null,81222812,83550175,87328226,88927142,85257088.8197343,3509408.33778617
299,47.102,810.87592,Unknown,[M+H]+,null,1.00,False,null,null,null,null,null,null,999,False,False,False,Normalized unit: Intensity,False,False,299,0,0.00,null,null,null,null,null,null,null,740.34,P Sandie 100 Serum IV_GD1_01_66534,810.87592:111866 811.88058:32036 812.88525:1642,null,1038595,1217559,1199664,1274027,1182461.22967187,101011.08219569
300,47.102,811.28790,Unknown,[M+H]+,null,1.00,False,null,null,null,null,null,null,999,False,False,False,Normalized unit: Intensity,False,False,300,0,0.00,null,null,null,null,null,null,null,3026.69,P Sandie 100 Serum III_GD1_01_66533,811.28790:178390 812.29257:59144 813.29724:1884,null,1775262,1969393,2020055,2078495,1960801.30621875,131480.451301246
301,49.948,811.66760,no MS2: RIKEN P-VS1 ID-11826 from Mouse_Kidney_WT_N_F1,[M+H]+,null,1.00,False,12.770,811.66669,null,Unknown,null,null,530,False,True,False,Normalized unit: Intensity; Annotation method: Msp20260116160945_NCDK_conventional_converted_dev_1,False,False,301,0,0.00,0.99,null,null,null,-1.00,-1.00,-0.131,6071.71,P Sandie 100 Serum IV_GD1_01_66534,811.66760:1294618 812.67227:663626 813.67694:178060,null,16016458,17388275,19805005,20431729,18410366.8685156,2066107.08708752
302,47.968,812.61401,no MS2: PC 36:0,[M+Na]+,null,1.00,False,11.906,812.61401,C44H88NO8P,PC,OPWBXNVTBMDWQW-UHFFFAOYSA-N,O=C(OCC(OC(=O)CCCC)COP(=O)([O-])OCC[N+](C)(C)C)CCCCCCCCCCCCCCCCCCCCCCCCCCCCCC,530,False,True,False,Normalized unit: Intensity; Annotation method: Msp20260116160945_NCDK_conventional_converted_dev_1,False,False,302,0,0.00,1.00,null,null,null,-1.00,-1.00,-0.143,980.25,P Sandie 100 Serum IV_GD1_01_66534,812.61401:145380 813.61868:69974 814.62335:20802,null,2402108,2729824,2694199,2861365,2671874.2028125,193681.115571049
303,48.733,812.61664,no MS2: NAGlySer 43:8;O2|NAGlySer 15:1;O(FA 28:6),[M+NH4]+,null,1.00,False,9.063,812.61469,C48H78N2O7,NAGlySer,KUZPIEVYOYJJNW-UHFFFAOYSA-N,O=C(OC(C=CCCCCC)CCCCCCC(=O)NCC(=O)NC(C(=O)O)CO)CCCCCCCCC=CCC=CCC=CCC=CCC=CCC=CCC,530,False,True,False,Normalized unit: Intensity; Annotation method: Msp20260116160945_NCDK_conventional_converted_dev_1,False,False,303,0,0.00,1.00,null,null,null,-1.00,-1.00,-0.143,20576.45,P Sandie 100 Serum IV_GD1_01_66534,812.61475:2762180 813.61941:1465144 814.62408:387418,null,35737156,40612770,40710149,41219280,39569838.8616719,2568925.04470279
304,48.747,813.30115,Unknown,[M+H]+,null,0.25,False,null,null,null,null,null,null,999,False,False,False,Normalized unit: Intensity,False,False,304,0,0.00,null,null,null,null,null,null,null,777.86,P Sandie 100 Serum IV_GD1_01_66534,813.30115:59342 814.30582:10046 815.31048:1008,null,322883,424668,387174,485322,405011.887765626,68067.0840657348
305,52.685,813.68317,no MS2: SM 42:2;O2|SM 12:1;O2/30:1,[M+H]+,null,1.00,False,12.174,813.68439,C47H93N2O6P,SM,OQOXDFBSXXNVGR-UHFFFAOYSA-N,O=C(NC(COP(=O)([O-])OCC[N+](C)(C)C)C(O)C=CCCCCCCC)CCCCCCCCCCCCCCCCCCCC=CCCCCCCCC,530,False,True,False,Normalized unit: Intensity; Annotation method: Msp20260116160945_NCDK_conventional_converted_dev_1,False,False,305,0,0.00,1.00,null,null,null,-1.00,-1.00,-0.143,15682.19,P Sandie 100 Serum IV_GD1_01_66534,813.68463:2277728 814.68930:1250320 815.69397:338176,null,25436248,28122638,29231018,29660897,28112700.416875,1898336.57586922
306,53.320,813.68451,no MS2: SM 42:2;O2|SM 12:1;O2/30:1,[M+H]+,null,1.00,False,12.174,813.68439,C47H93N2O6P,SM,OQOXDFBSXXNVGR-UHFFFAOYSA-N,O=C(NC(COP(=O)([O-])OCC[N+](C)(C)C)C(O)C=CCCCCCCC)CCCCCCCCCCCCCCCCCCCC=CCCCCCCCC,530,False,True,False,Normalized unit: Intensity; Annotation method: Msp20260116160945_NCDK_conventional_converted_dev_1,False,False,306,0,0.00,1.00,null,null,null,-1.00,-1.00,-0.143,5171.20,P Sandie 100 Serum IV_GD1_01_66534,813.68451:723884 814.68918:392786 815.69384:105002,null,8731478,9322997,9959977,10387724,9600544.08884375,725982.685612823
307,50.997,814.63110,no MS2: NAGlySer 43:7;O2|NAGlySer 15:0;O(FA 28:6),[M+NH4]+,null,1.00,False,9.829,814.63037,C48H80N2O7,NAGlySer,BEKJFZDMLLDTEE-UHFFFAOYSA-N,O=C(OC(CCCCCCC(=O)NCC(=O)NC(C(=O)O)CO)CCCCCCC)CCCCCCCCC=CCC=CCC=CCC=CCC=CCC=CCC,530,False,True,False,Normalized unit: Intensity; Annotation method: Msp20260116160945_NCDK_conventional_converted_dev_1,False,False,307,0,0.00,1.00,null,null,null,-1.00,-1.00,-0.143,1721.18,P Sandie 100 Serum III_GD1_01_66533,814.63062:207100 815.63528:105338 816.63995:29662,null,2701079,2981965,3003021,3129660,2953931.33665625,180748.793391073
308,55.862,815.69995,no MS2: SM 42:1;O2|SM 12:1;O2/30:0,[M+H]+,null,1.00,False,13.070,815.70007,C47H95N2O6P,SM,SJKQWVPGRUTFNL-UHFFFAOYSA-N,O=C(NC(COP(=O)([O-])OCC[N+](C)(C)C)C(O)C=CCCCCCCC)CCCCCCCCCCCCCCCCCCCCCCCCCCCCC,530,False,True,False,Normalized unit: Intensity; Annotation method: Msp20260116160945_NCDK_conventional_converted_dev_1,False,False,308,0,0.00,1.00,null,null,null,-1.00,-1.00,-0.143,7831.82,P Sandie 100 Serum III_GD1_01_66533,815.69995:1108348 816.70462:575710 817.70929:158210,null,11871628,12629805,13592995,13839451,12983469.5725,906549.685311389
309,46.314,816.58673,no MS2: RIKEN P-VS1 ID-12029 from Mouse_Testis_WT_N_Ctr,[M+H]+,null,1.00,False,10.030,816.58862,null,Unknown,null,null,530,False,True,False,Normalized unit: Intensity; Annotation method: Msp20260116160945_NCDK_conventional_converted_dev_1,False,False,309,0,0.00,1.00,null,null,null,-1.00,-1.00,-0.129,1169.54,P Sandie 100 Serum III_GD1_01_66533,816.58820:129060 817.59286:63780 818.59753:17344,null,1425713,1709429,1841459,1905515,1720529.05051563,212824.899350426
310,42.459,816.62463,no MS2: RIKEN P-VS1 ID-12036 from Mouse_Macrophage_WT_N_F1,[M+H]+,null,1.00,False,9.130,816.62610,null,Unknown,null,null,530,False,True,False,Normalized unit: Intensity; Annotation method: Msp20260116160945_NCDK_conventional_converted_dev_1,False,False,310,0,0.00,0.98,null,null,null,-1.00,-1.00,-0.136,910.60,P Sandie 100 Serum I_GD1_01_66531,816.62463:140060 817.62930:67734 818.63397:17750,null,2200753,1943979,1916694,1953707,2003783.041125,132244.492939609
311,49.656,818.60278,no MS2: LPC 38:4,[M+Na]+,null,1.00,False,10.775,818.60339,C46H86NO7P,LPC,YAXLRNAVRKNGDD-UHFFFAOYSA-N,O=C(OCC(O)COP(=O)([O-])OCC[N+](C)(C)C)CCCCCCCCCCCCCCCCCCCCCCCCC=CCC=CCC=CCC=CCC,530,False,True,False,Normalized unit: Intensity; Annotation method: Msp20260116160945_NCDK_conventional_converted_dev_1,False,False,311,0,0.00,1.00,null,null,null,-1.00,-1.00,-0.143,712.69,P Sandie 100 Serum II_GD1_01_66532,818.60321:66184 819.60788:33056 820.61255:14230,null,809388,923242,945418,1019724,924443.2098125,87096.6906175665
312,46.053,818.60583,no MS2: PC O-40:7|PC O-12:0_28:7,[M+H]+,null,1.00,False,9.720,818.60577,C48H84NO7P,EtherPC,VQFHSIDWVIVATB-UHFFFAOYSA-N,O=C(OC(COCCCCCCCCCCCC)COP(=O)([O-])OCC[N+](C)(C)C)CCCCCC=CCC=CCC=CCC=CCC=CCC=CCC=CCC,530,False,True,False,Normalized unit: Intensity; Annotation method: Msp20260116160945_NCDK_conventional_converted_dev_1,False,False,312,0,0.00,1.00,null,null,null,-1.00,-1.00,-0.143,623.49,P Sandie 100 Serum III_GD1_01_66533,818.60583:68166 819.61050:33470 820.61517:9564,null,891378,955938,1123530,1155130,1031493.97279688,127929.151942004
313,45.418,818.63824,no MS2: RIKEN P-VS1 ID-12123 from Mouse_Macrophage_WT_N_F1,[M+H]+,null,1.00,False,9.670,818.63812,null,Unknown,null,null,530,False,True,False,Normalized unit: Intensity; Annotation method: Msp20260116160945_NCDK_conventional_converted_dev_1,False,False,313,0,0.00,1.00,null,null,null,-1.00,-1.00,-0.129,816.77,P Sandie 100 Serum II_GD1_01_66532,818.63818:71550 819.64285:32566 820.64752:8852,null,1113989,1066164,1038894,1085096,1076035.58601562,31620.5084898722
314,68.791,818.72308,no MS2: SE 24:1;O4/27:0;O,[M+NH4]+,null,1.00,False,13.837,818.72321,C51H92O6,DCAE,VFKXZTNFVYAFDK-UHFFFAOYSA-N,O=C(O)CCC(C)C1CCC2C3CCC4CC(OC(=O)CCCCCCCC(O)CCCCCCCCCCCCCCCCCC)CCC4(C)C3CC(O)C12C,530,False,True,False,Normalized unit: Intensity; Annotation method: Msp20260116160945_NCDK_conventional_converted_dev_1,False,False,314,0,0.00,1.00,null,null,null,-1.00,-1.00,-0.143,1082.65,P Sandie 100 Serum IV_GD1_01_66534,818.72308:162490 819.72775:93868 820.73242:26226,null,2226344,2463678,2629855,2707103,2506745.08173437,212743.095419776
315,71.416,820.73877,no MS2: TG 48:2|TG 8:0_8:0_32:2,[M+NH4]+,null,1.00,False,14.167,820.73889,C51H94O6,TG,XJRNFRCYKQXMGQ-UHFFFAOYSA-N,O=C(OCC(OC(=O)CCCCCCC)COC(=O)CCCCCCCCCCCCCCCCCCCC=CCC=CCCCCCCC)CCCCCCC,530,False,True,False,Normalized unit: Intensity; Annotation method: Msp20260116160945_NCDK_conventional_converted_dev_1,False,False,315,0,0.00,1.00,null,null,null,-1.00,-1.00,-0.143,1512.02,P Sandie 100 Serum IV_GD1_01_66534,820.73877:246742 821.74344:139794 822.74811:39118,null,3433998,3716058,4076535,4280508,3876774.69996877,376291.334822779
316,71.812,820.73877,no MS2: TG 48:2|TG 8:0_8:0_32:2,[M+NH4]+,null,1.00,False,14.167,820.73889,C51H94O6,TG,XJRNFRCYKQXMGQ-UHFFFAOYSA-N,O=C(OCC(OC(=O)CCCCCCC)COC(=O)CCCCCCCCCCCCCCCCCCCC=CCC=CCCCCCCC)CCCCCCC,530,False,True,False,Normalized unit: Intensity; Annotation method: Msp20260116160945_NCDK_conventional_converted_dev_1,False,False,316,0,0.00,1.00,null,null,null,-1.00,-1.00,-0.143,2699.02,P Sandie 100 Serum IV_GD1_01_66534,820.73877:427688 821.74344:246828 822.74811:70634,null,6625355,7333497,7887626,8171410,7504472.22707811,681589.34374571
317,51.362,821.65002,no MS2: SM 43:5;O2|SM 13:1;O2/30:4,[M+Na]+,null,1.00,False,10.895,821.65308,C48H89N2O6P,SM,IROFYNCBMKOTOF-UHFFFAOYSA-N,O=C(NC(COP(=O)([O-])OCC[N+](C)(C)C)C(O)C=CCCCCCCCC)CCCCCCCCCCCCCCCCC=CCC=CCC=CCC=CCC,530,False,True,False,Normalized unit: Intensity; Annotation method: Msp20260116160945_NCDK_conventional_converted_dev_1,False,False,317,0,0.00,1.00,null,null,null,-1.00,-1.00,-0.144,1425.12,P Sandie 100 Serum I_GD1_01_66531,821.65253:107146 822.65719:55622 823.66186:14286,null,1425535,1603899,1821942,2226482,1769464.49415625,345117.472817118
318,50.766,821.65015,no MS2: SM 41:2;O2,[M+Na]+,null,1.00,False,11.389,821.65070,C46H91N2O6P,SM,MUJUIOOFUNCSJZ-UHFFFAOYSA-N,O=C(NC(COP(=O)([O-])OCC[N+](C)(C)C)C(O)C=CCCCCCCC)CCCCCCCCCCCCCCC=CCCCCCCCCCCCC,530,False,True,False,Normalized unit: Intensity; Annotation method: Msp20260116160945_NCDK_conventional_converted_dev_1,False,False,318,0,0.00,1.00,null,null,null,-1.00,-1.00,-0.144,685.90,P Sandie 100 Serum IV_GD1_01_66534,821.65015:85226 822.65481:44470 823.65948:13592,null,723850,840532,906226,1130314,900230.500828124,170927.342092362
319,66.641,821.66394,no MS2: TG 48:4|TG 8:0_8:0_32:4,[M+Na]+,null,0.75,False,13.928,821.66302,C51H90O6,TG,PHPXQGCOMVJDIK-UHFFFAOYSA-N,O=C(OCC(OC(=O)CCCCCCC)COC(=O)CCCCCCCCCCCCCCCCCCC=CCC=CCC=CCC=CCC)CCCCCCC,530,False,True,False,Normalized unit: Intensity; Annotation method: Msp20260116160945_NCDK_conventional_converted_dev_1,False,False,319,0,0.00,0.99,null,null,null,-1.00,-1.00,-0.146,569.44,P Sandie 100 Serum III_GD1_01_66533,821.66394:64522 822.66861:36212 823.67328:11700,null,671832,727091,772043,801450,743103.992359375,56503.0183845469
320,70.475,821.73444,Unknown,[M+H]+,null,1.00,False,null,null,null,null,null,null,999,False,False,False,Normalized unit: Intensity,False,False,320,0,0.00,null,null,null,null,null,null,null,695.48,P Sandie 100 Serum IV_GD1_01_66534,821.73444:97478 822.73910:52576 823.74377:14348,null,1186175,1288002,1341322,1433241,1312185.25646874,103226.047565633
321,74.932,822.75354,no MS2: TG 48:1|TG 8:0_8:0_32:1,[M+NH4]+,null,1.00,False,14.440,822.75452,C51H96O6,TG,HWMSPIVEAFDGBF-UHFFFAOYSA-N,O=C(OCC(OC(=O)CCCCCCC)COC(=O)CCCCCCCCCCCCCCCCCCCCCC=CCCCCCCCC)CCCCCCC,530,False,True,False,Normalized unit: Intensity; Annotation method: Msp20260116160945_NCDK_conventional_converted_dev_1,False,False,321,0,0.00,0.99,null,null,null,-1.00,-1.00,-0.146,6035.71,P Sandie 100 Serum IV_GD1_01_66534,822.75354:899712 823.75821:532030 824.76288:156742,null,15030917,16137736,17123477,17990655,16570696.2410938,1275437.77829241
322,54.043,823.66577,no MS2: SM 43:4;O2|SM 13:1;O2/30:3,[M+H]+,null,1.00,False,10.838,823.66882,C48H91N2O6P,SM,ADGYTQXIEKZHRF-UHFFFAOYSA-N,O=C(NC(COP(=O)([O-])OCC[N+](C)(C)C)C(O)C=CCCCCCCCC)CCCCCCCCCCCCCCC=CCC=CCC=CCCCCCCC,530,False,True,False,Normalized unit: Intensity; Annotation method: Msp20260116160945_NCDK_conventional_converted_dev_1,False,False,322,0,0.00,1.00,null,null,null,-1.00,-1.00,-0.143,2556.06,P Sandie 100 Serum I_GD1_01_66531,823.66870:208598 824.67337:102090 825.67804:26954,null,2751515,3187717,3796598,4146164,3470498.62603125,621762.873348459
323,68.796,823.67847,no MS2: TG 48:3|TG 8:0_8:0_32:3,[M+Na]+,null,1.00,False,13.957,823.67859,C51H92O6,TG,SVUUFERWFZNDEK-UHFFFAOYSA-N,O=C(OCC(OC(=O)CCCCCCC)COC(=O)CCCCCCCCCCCCCCCCC=CCC=CCC=CCCCCCCC)CCCCCCC,530,False,True,False,Normalized unit: Intensity; Annotation method: Msp20260116160945_NCDK_conventional_converted_dev_1,False,False,323,0,0.00,1.00,null,null,null,-1.00,-1.00,-0.143,2170.62,P Sandie 100 Serum IV_GD1_01_66534,823.67847:222374 824.68313:123896 825.68780:33386,null,3264335,3521839,3753447,3864181,3600950.44860938,265903.708590287
324,79.449,824.76837,no MS2: TG 48:0|TG 8:0_8:0_32:0,[M+NH4]+,null,1.00,False,14.998,824.77020,C51H98O6,TG,JZFABHSXSAWMSE-UHFFFAOYSA-N,O=C(OCC(OC(=O)CCCCCCC)COC(=O)CCCCCCCCCCCCCCCCCCCCCCCCCCCCCCC)CCCCCCC,530,False,True,False,Normalized unit: Intensity; Annotation method: Msp20260116160945_NCDK_conventional_converted_dev_1,False,False,324,0,0.00,1.00,null,null,null,-1.00,-1.00,-0.144,1922.95,P Sandie 100 Serum III_GD1_01_66533,824.77063:235448 825.77530:129928 826.77997:35056,null,4321074,4676465,5272990,5412866,4920848.7423125,511708.685321726
325,71.747,825.69427,no MS2: TG 48:2|TG 8:0_8:0_32:2,[M+Na]+,null,1.00,False,14.167,825.69427,C51H94O6,TG,XJRNFRCYKQXMGQ-UHFFFAOYSA-N,O=C(OCC(OC(=O)CCCCCCC)COC(=O)CCCCCCCCCCCCCCCCCCCC=CCC=CCCCCCCC)CCCCCCC,530,False,True,False,Normalized unit: Intensity; Annotation method: Msp20260116160945_NCDK_conventional_converted_dev_1,False,False,325,0,0.00,1.00,null,null,null,-1.00,-1.00,-0.143,2629.19,P Sandie 100 Serum IV_GD1_01_66534,825.69427:355754 826.69894:194654 827.70361:56676,null,4679429,4938479,5269775,5407978,5073915.28073439,328593.744483659
326,38.287,826.59534,no MS2: TG 50:13|TG 15:4_15:4_20:5,[M+NH4]+,null,0.75,False,12.134,826.59802,C53H76O6,TG,CKZLXIHGFRGPRX-UHFFFAOYSA-N,O=C(OCC(OC(=O)CC=CCC=CCC=CCC=CCC)COC(=O)CCCC=CCC=CCC=CCC=CCC=CCC)CC=CCC=CCC=CCC=CCC,530,False,True,False,Normalized unit: Intensity; Annotation method: Msp20260116160945_NCDK_conventional_converted_dev_1,False,False,326,0,0.00,0.95,null,null,null,-1.00,-1.00,-0.166,459.33,P Sandie 100 Serum II_GD1_01_66532,826.59546:54878 827.60013:27454 828.60479:16300,null,717388,768868,787542,854204,782000.370718751,56543.1439789769
327,42.533,826.60895,no MS2: SL 50:9;O2|SL 16:3;O/34:6;O,[M+H]+,null,1.00,False,11.709,826.60138,C50H83NO6S,SL,XWFDEAWGAPVDRQ-UHFFFAOYSA-N,O=C(N(CC(O)C=CCCC=CCCC=CCCC)CS(=O)(=O)O)C(O)CCCCCCCCCCCCCC=CCC=CCC=CCC=CCC=CCC=CCC,530,False,True,False,Normalized unit: Intensity; Annotation method: Msp20260116160945_NCDK_conventional_converted_dev_1,False,False,327,0,0.00,0.89,null,null,null,-1.00,-1.00,-0.196,582.45,P Sandie 100 Serum II_GD1_01_66532,826.60529:62784 827.60995:31492 828.61462:7142,null,1069288,1064580,1129790,1129102,1098190.24320312,36143.6358208302
328,53.960,827.70020,no MS2: SM 43:2;O2|SM 12:1;O2/31:1,[M+H]+,null,1.00,False,12.985,827.70007,C48H95N2O6P,SM,VKNUJKMHSZNGMX-UHFFFAOYSA-N,O=C(NC(COP(=O)([O-])OCC[N+](C)(C)C)C(O)C=CCCCCCCC)CCCCCCCCCCCCCCCCCCC=CCCCCCCCCCC,530,False,True,False,Normalized unit: Intensity; Annotation method: Msp20260116160945_NCDK_conventional_converted_dev_1,False,False,328,0,0.00,1.00,null,null,null,-1.00,-1.00,-0.143,485.86,P Sandie 100 Serum IV_GD1_01_66534,827.70020:70390 828.70486:35632 829.70953:10192,null,679623,723910,779139,832347,753754.794765626,66350.9800710817
329,75.010,827.70905,no MS2: TG 48:1|TG 8:0_8:0_32:1,[M+Na]+,null,1.00,False,14.440,827.70990,C51H96O6,TG,HWMSPIVEAFDGBF-UHFFFAOYSA-N,O=C(OCC(OC(=O)CCCCCCC)COC(=O)CCCCCCCCCCCCCCCCCCCCCC=CCCCCCCCC)CCCCCCC,530,False,True,False,Normalized unit: Intensity; Annotation method: Msp20260116160945_NCDK_conventional_converted_dev_1,False,False,329,0,0.00,1.00,null,null,null,-1.00,-1.00,-0.144,3159.08,P Sandie 100 Serum III_GD1_01_66533,827.70929:401344 828.71396:226994 829.71863:61736,null,6580787,7054400,7422001,7657778,7178741.5355,469631.764440596
330,40.649,828.55188,no MS2: PC 38:6,[M+Na]+,null,0.50,False,8.900,828.55139,C46H80NO8P,PC,KKVDMSZJVFAMDW-UHFFFAOYSA-N,O=C(OCC(OC(=O)CCCCCCCCCCCCC=CCC=CCC=CCC=CCC=CCC=CCC)COP(=O)([O-])OCC[N+](C)(C)C)CCCCC,530,False,True,False,Normalized unit: Intensity; Annotation method: Msp20260116160945_NCDK_conventional_converted_dev_1,False,False,330,0,0.00,1.00,null,null,null,-1.00,-1.00,-0.144,619.25,P Sandie 100 Serum IV_GD1_01_66534,828.55188:66678 829.55655:32994 830.56122:12900,null,892462,931154,1025452,1151392,1000115.28270312,115284.475085222
331,42.263,828.55225,no MS2: PC 38:6,[M+Na]+,null,1.00,False,8.900,828.55139,C46H80NO8P,PC,KKVDMSZJVFAMDW-UHFFFAOYSA-N,O=C(OCC(OC(=O)CCCCCCCCCCCCC=CCC=CCC=CCC=CCC=CCC=CCC)COP(=O)([O-])OCC[N+](C)(C)C)CCCCC,530,False,True,False,Normalized unit: Intensity; Annotation method: Msp20260116160945_NCDK_conventional_converted_dev_1,False,False,331,0,0.00,1.00,null,null,null,-1.00,-1.00,-0.143,4972.83,P Sandie 100 Serum III_GD1_01_66533,828.55145:509234 829.55612:267466 830.56079:70784,null,5708257,6267641,6611029,7094192,6420279.93298438,583328.731288607
332,44.291,828.62244,no MS2: RIKEN P-VS1 ID-12526 from Mouse_Liver_WT_N_Ctr,[M+H]+,null,1.00,False,9.780,828.62457,null,Unknown,null,null,530,False,True,False,Normalized unit: Intensity; Annotation method: Msp20260116160945_NCDK_conventional_converted_dev_1,False,False,332,0,0.00,0.98,null,null,null,-1.00,-1.00,-0.139,600.54,P Sandie 100 Serum III_GD1_01_66533,828.62280:65820 829.62747:33858 830.63214:8572,null,882237,1022965,1008934,1140096,1013558.13623438,105462.658542286
333,79.502,829.72363,no MS2: TG 48:0|TG 8:0_8:0_32:0,[M+Na]+,null,1.00,False,14.998,829.72559,C51H98O6,TG,JZFABHSXSAWMSE-UHFFFAOYSA-N,O=C(OCC(OC(=O)CCCCCCC)COC(=O)CCCCCCCCCCCCCCCCCCCCCCCCCCCCCCC)CCCCCCC,530,False,True,False,Normalized unit: Intensity; Annotation method: Msp20260116160945_NCDK_conventional_converted_dev_1,False,False,333,0,0.00,1.00,null,null,null,-1.00,-1.00,-0.144,1166.28,P Sandie 100 Serum III_GD1_01_66533,829.72614:138894 830.73080:77718 831.73547:20844,null,3007744,3169154,3430354,3610732,3304496.10804688,268328.118680583
334,44.752,830.56671,no MS2: PC 38:5,[M+Na]+,null,1.00,False,9.639,830.56702,C46H82NO8P,PC,CANZVNSRAPPYKG-UHFFFAOYSA-N,O=C(OCC(OC(=O)CCCCCCCCCCCCCCCC=CCC=CCC=CCC=CCC=CCC)COP(=O)([O-])OCC[N+](C)(C)C)CCCCC,530,False,True,False,Normalized unit: Intensity; Annotation method: Msp20260116160945_NCDK_conventional_converted_dev_1,False,False,334,0,0.00,1.00,null,null,null,-1.00,-1.00,-0.143,1047.06,P Sandie 100 Serum IV_GD1_01_66534,830.56671:126108 831.57138:62392 832.57605:16560,null,1873079,2159661,2359389,2540242,2233092.60742188,285944.696185217
335,43.673,830.56696,no MS2: PC 38:5,[M+Na]+,null,1.00,False,9.639,830.56702,C46H82NO8P,PC,CANZVNSRAPPYKG-UHFFFAOYSA-N,O=C(OCC(OC(=O)CCCCCCCCCCCCCCCC=CCC=CCC=CCC=CCC=CCC)COP(=O)([O-])OCC[N+](C)(C)C)CCCCC,530,False,True,False,Normalized unit: Intensity; Annotation method: Msp20260116160945_NCDK_conventional_converted_dev_1,False,False,335,0,0.00,1.00,null,null,null,-1.00,-1.00,-0.143,2452.95,P Sandie 100 Serum IV_GD1_01_66534,830.56696:291030 831.57162:155372 832.57629:47512,null,3871136,4240310,4613671,4839344,4391115.36879687,425660.452338799
336,47.093,830.63824,no MS2: RIKEN P-VS1 ID-12610 from Mouse_Heart_WT_N_F1,[M+H]+,null,1.00,False,8.830,830.63397,null,Unknown,null,null,530,False,True,False,Normalized unit: Intensity; Annotation method: Msp20260116160945_NCDK_conventional_converted_dev_1,False,False,336,0,0.00,0.94,null,null,null,-1.00,-1.00,-0.156,1048.78,P Sandie 100 Serum IV_GD1_01_66534,830.63690:111168 831.64157:67512 832.64624:7622,null,1894388,2021446,2030205,2147124,2023290.79189063,103282.329843705
337,46.153,832.58167,no MS2: NAGlySer 45:12;O2|NAGlySer 19:5;O(FA 26:6),[M+Na]+,null,1.00,False,8.632,832.58337,C50H74N2O7,NAGlySer,RKZUWXMDVDKJAJ-UHFFFAOYSA-N,O=C(OC(C=CCC=CCC=CCC=CCC=CCC)CC(=O)NCC(=O)NC(C(=O)O)CO)CCCCCCC=CCC=CCC=CCC=CCC=CCC=CCC,530,False,True,False,Normalized unit: Intensity; Annotation method: Msp20260116160945_NCDK_conventional_converted_dev_1,False,False,337,0,0.00,1.00,null,null,null,-1.00,-1.00,-0.143,818.32,P Sandie 100 Serum I_GD1_01_66531,832.58350:66004 833.58816:33962 834.59283:9498,null,1391033,1693293,1814119,1955254,1713424.97895313,240112.595241171
338,47.106,832.58197,no MS2: PC 38:4,[M+Na]+,null,1.00,False,9.783,832.58270,C46H84NO8P,PC,FJQQQTLUYGFYFW-UHFFFAOYSA-N,O=C(OCC(OC(=O)CCCCCCCCCCCCCCCCCCC=CCC=CCC=CCC=CCC)COP(=O)([O-])OCC[N+](C)(C)C)CCCCC,530,False,True,False,Normalized unit: Intensity; Annotation method: Msp20260116160945_NCDK_conventional_converted_dev_1,False,False,338,0,0.00,1.00,null,null,null,-1.00,-1.00,-0.143,5905.24,P Sandie 100 Serum III_GD1_01_66533,832.58276:617682 833.58743:311450 834.59210:127382,null,9480733,10654047,11067627,11562791,10691299.5031406,888440.119548428
339,43.468,832.58545,no MS2: NAGlySer 45:12;O2|NAGlySer 19:5;O(FA 26:6),[M+NH4]+,null,1.00,False,8.632,832.58337,C50H74N2O7,NAGlySer,RKZUWXMDVDKJAJ-UHFFFAOYSA-N,O=C(OC(C=CCC=CCC=CCC=CCC=CCC)CC(=O)NCC(=O)NC(C(=O)O)CO)CCCCCCC=CCC=CCC=CCC=CCC=CCC=CCC,530,False,True,False,Normalized unit: Intensity; Annotation method: Msp20260116160945_NCDK_conventional_converted_dev_1,False,False,339,0,0.00,1.00,null,null,null,-1.00,-1.00,-0.143,1491.40,P Sandie 100 Serum II_GD1_01_66532,832.58325:135848 833.58792:67470 834.59259:19134,null,2346461,2487228,2666918,2749337,2562485.98340625,180877.196687109
340,49.948,833.64972,no MS2: SM 42:3;O2,[M+Na]+,null,1.00,False,10.722,833.65070,C47H91N2O6P,SM,OSQDHYJRSISFIL-UHFFFAOYSA-N,O=C(NC(COP(=O)([O-])OCC[N+](C)(C)C)C(O)C=CCCCCCCC)CCCCCCCCCCCCCCCCCC=CCC=CCCCCCCC,530,False,True,False,Normalized unit: Intensity; Annotation method: Msp20260116160945_NCDK_conventional_converted_dev_1,False,False,340,0,0.00,1.00,null,null,null,-1.00,-1.00,-0.144,3515.49,P Sandie 100 Serum II_GD1_01_66532,833.65009:351922 834.65475:178292 835.65942:48970,null,4887002,5522154,5966983,6644034,5755042.89398437,740035.195163413
341,48.733,834.59637,no MS2: PC 38:3,[M+Na]+,null,1.00,False,10.314,834.59833,C46H86NO8P,PC,RSFPKBHSGZGCAF-UHFFFAOYSA-N,O=C(OCC(OC(=O)CCCCCCCCCCCCCCCCC=CCC=CCC=CCCCCCCC)COP(=O)([O-])OCC[N+](C)(C)C)CCCCC,530,False,True,False,Normalized unit: Intensity; Annotation method: Msp20260116160945_NCDK_conventional_converted_dev_1,False,False,341,0,0.00,1.00,null,null,null,-1.00,-1.00,-0.143,4288.78,P Sandie 100 Serum II_GD1_01_66532,834.59839:465702 835.60306:242676 836.60772:66492,null,6363329,7267076,7788657,8375758,7448704.96940625,853624.735085359
342,46.875,834.59937,no MS2: DMPE 41:6|DMPE 5:0_36:6,[M+H]+,null,1.00,False,9.792,834.60071,C48H84NO8P,DMPE,HKKYVOXALIOUIL-UHFFFAOYSA-N,O=C(OCC(OC(=O)CCCCCCCCCCCCCCCCC=CCC=CCC=CCC=CCC=CCC=CCC)COP(=O)(O)OCCN(C)C)CCCC,530,False,True,False,Normalized unit: Intensity; Annotation method: Msp20260116160945_NCDK_conventional_converted_dev_1,False,False,342,0,0.00,1.00,null,null,null,-1.00,-1.00,-0.143,12644.40,P Sandie 100 Serum II_GD1_01_66532,834.60083:1476912 835.60550:759132 836.61017:216664,null,17126281,19135908,19703413,20182209,19036952.7556563,1343656.42441784
343,52.685,835.66650,no MS2: SM 42:2;O2,[M+Na]+,null,1.00,False,12.174,835.66632,C47H93N2O6P,SM,OQOXDFBSXXNVGR-UHFFFAOYSA-N,O=C(NC(COP(=O)([O-])OCC[N+](C)(C)C)C(O)C=CCCCCCCC)CCCCCCCCCCCCCCCCCCCC=CCCCCCCCC,530,False,True,False,Normalized unit: Intensity; Annotation method: Msp20260116160945_NCDK_conventional_converted_dev_1,False,False,343,0,0.00,1.00,null,null,null,-1.00,-1.00,-0.143,6615.50,P Sandie 100 Serum IV_GD1_01_66534,835.66650:752204 836.67117:387474 837.67584:105042,null,7309643,8388683,9504552,10613685,8954140.50175,1423745.81683677
344,53.320,835.66663,no MS2: SM 44:5;O2|SM 12:1;O2/32:4,[M+H]+,null,1.00,False,10.500,835.66882,C49H91N2O6P,SM,USPCAOTZRJEWBS-UHFFFAOYSA-N,O=C(NC(COP(=O)([O-])OCC[N+](C)(C)C)C(O)C=CCCCCCCC)CCCCCCCCCCCCCCCCCCC=CCC=CCC=CCC=CCC,530,False,True,False,Normalized unit: Intensity; Annotation method: Msp20260116160945_NCDK_conventional_converted_dev_1,False,False,344,0,0.00,1.00,null,null,null,-1.00,-1.00,-0.143,2612.66,P Sandie 100 Serum I_GD1_01_66531,835.66858:222648 836.67325:113102 837.67791:29760,null,3098372,3511202,4188612,4749514,3886925.06928125,729853.467276004
345,70.475,835.74994,Unknown,[M+H]+,null,1.00,False,null,null,null,null,null,null,999,False,False,False,Normalized unit: Intensity,False,False,345,0,0.00,null,null,null,null,null,null,null,599.74,P Sandie 100 Serum I_GD1_01_66531,835.74994:77908 836.75461:44754 837.75927:10794,null,1171076,1154601,1153375,1184064,1165779.19179687,14619.9827658321
346,49.204,836.61475,no MS2: NAGlySer 45:10;O2|NAGlySer 17:3;O(FA 28:6),[M+NH4]+,null,1.00,False,9.430,836.61469,C50H78N2O7,NAGlySer,OOHNUDYIIZLLPF-UHFFFAOYSA-N,O=C(OC(CC=CCC=CCC=CCC)CCCCC(=O)NCC(=O)NC(C(=O)O)CO)CCCCCCCCC=CCC=CCC=CCC=CCC=CCC=CCC,530,False,True,False,Normalized unit: Intensity; Annotation method: Msp20260116160945_NCDK_conventional_converted_dev_1,False,False,346,0,0.00,1.00,null,null,null,-1.00,-1.00,-0.143,1928.41,P Sandie 100 Serum IV_GD1_01_66534,836.61475:190442 837.61941:100720 838.62408:28742,null,2232271,2571672,2575223,2737622,2529196.79885938,212546.825325755
347,48.124,836.61664,no MS2: DMPE 41:5|DMPE 5:0_36:5,[M+H]+,null,1.00,False,10.950,836.61639,C48H86NO8P,DMPE,QOYHFZQVPRPDHD-UHFFFAOYSA-N,O=C(OCC(OC(=O)CCCCCCCCCCCCCCCCCCCC=CCC=CCC=CCC=CCC=CCC)COP(=O)(O)OCCN(C)C)CCCC,530,False,True,False,Normalized unit: Intensity; Annotation method: Msp20260116160945_NCDK_conventional_converted_dev_1,False,False,347,0,0.00,1.00,null,null,null,-1.00,-1.00,-0.143,4291.51,P Sandie 100 Serum II_GD1_01_66532,836.61664:427130 837.62131:220520 838.62597:66420,null,5471246,6226437,6226717,6508089,6108122.1904375,444840.145669956
348,77.756,836.77106,no MS2: TG 49:1|TG 8:0_8:0_33:1,[M+NH4]+,null,1.00,False,14.378,836.77020,C52H98O6,TG,VCEFMDOXMKROQX-UHFFFAOYSA-N,O=C(OCC(OC(=O)CCCCCCC)COC(=O)CCCCCCCCCCCCCCCCCCCCC=CCCCCCCCCCC)CCCCCCC,530,False,True,False,Normalized unit: Intensity; Annotation method: Msp20260116160945_NCDK_conventional_converted_dev_1,False,False,348,0,0.00,0.99,null,null,null,-1.00,-1.00,-0.145,498.29,P Sandie 100 Serum III_GD1_01_66533,836.77106:71210 837.77572:39628 838.78039:10834,null,1301920,1343397,1502288,1496786,1411097.88121875,103539.887064558
349,55.862,837.68115,no MS2: SM 42:1;O2,[M+Na]+,null,1.00,False,13.070,837.68201,C47H95N2O6P,SM,SJKQWVPGRUTFNL-UHFFFAOYSA-N,O=C(NC(COP(=O)([O-])OCC[N+](C)(C)C)C(O)C=CCCCCCCC)CCCCCCCCCCCCCCCCCCCCCCCCCCCCC,530,False,True,False,Normalized unit: Intensity; Annotation method: Msp20260116160945_NCDK_conventional_converted_dev_1,False,False,349,0,0.00,1.00,null,null,null,-1.00,-1.00,-0.143,3861.45,P Sandie 100 Serum III_GD1_01_66533,837.68201:436178 838.68667:224998 839.69134:61618,null,4009394,4813262,5723541,5951422,5124404.84009376,891250.17527227
350,50.400,838.63080,no MS2: RIKEN P-VS1 ID-12943 from Mouse_SmallIntestine_WT_N_F1AA,[M+H]+,null,1.00,False,1.690,838.63263,null,Unknown,null,null,530,False,True,False,Normalized unit: Intensity; Annotation method: Msp20260116160945_NCDK_conventional_converted_dev_1,False,False,350,0,0.00,0.99,null,null,null,-1.00,-1.00,-0.132,2076.45,P Sandie 100 Serum I_GD1_01_66531,838.63373:208620 839.63840:109856 840.64306:30276,null,2861189,3193051,3197528,3450394,3175540.47399999,241627.407040391
351,42.511,840.62512,no MS2: RIKEN P-VS1 ID-13010 from Mouse_SmallIntestine_WT_N_F1AA,[M+H]+,null,1.00,False,9.300,840.62421,null,Unknown,null,null,530,False,True,False,Normalized unit: Intensity; Annotation method: Msp20260116160945_NCDK_conventional_converted_dev_1,False,False,351,0,0.00,1.00,null,null,null,-1.00,-1.00,-0.130,540.07,P Sandie 100 Serum IV_GD1_01_66534,840.62366:54306 841.62832:26824 842.63299:7272,null,946364,836209,830778,865274,869655.983359375,53334.0056564673
352,75.010,843.68329,no MS2: DG 51:7,[M+K]+,null,1.00,False,14.011,843.68372,C54H92O5,DG,PBSSTAQWZPBBJM-UHFFFAOYSA-N,O=C(OCC(OC(=O)CCCCCCCCCCCCCCCC=CCC=CCC=CCC=CCC=CCC=CCC=CCC)CO)CCCCCCCCCCCC,530,False,True,False,Normalized unit: Intensity; Annotation method: Msp20260116160945_NCDK_conventional_converted_dev_1,False,False,352,0,0.00,1.00,null,null,null,-1.00,-1.00,-0.143,789.30,P Sandie 100 Serum III_GD1_01_66533,843.68353:98380 844.68820:49922 845.69287:20128,null,1607410,1707538,1747589,1824508,1721761.39995313,90373.9614148437
353,47.093,844.65411,no MS2: SL 51:7;O2|SL 15:1;O/36:6;O,[M+H]+,null,1.00,False,12.682,844.64832,C51H89NO6S,SL,JDDAOBCUVILWKX-UHFFFAOYSA-N,O=C(N(CC(O)C=CCCCCCCCCCC)CS(=O)(=O)O)C(O)CCCCCCCCCCCCCCCC=CCC=CCC=CCC=CCC=CCC=CCC,530,False,True,False,Normalized unit: Intensity; Annotation method: Msp20260116160945_NCDK_conventional_converted_dev_1,False,False,353,0,0.00,0.87,null,null,null,-1.00,-1.00,-0.208,1136.41,P Sandie 100 Serum IV_GD1_01_66534,844.65277:105306 845.65744:54046 846.66211:14538,null,1780662,1652099,1595884,1627629,1664068.53114062,81064.4151024334
354,69.901,844.73816,no MS2: TG 50:4|TG 8:0_8:0_34:4,[M+NH4]+,null,1.00,False,13.930,844.73889,C53H94O6,TG,NBOUVXSQNXDJHU-UHFFFAOYSA-N,O=C(OCC(OC(=O)CCCCCCC)COC(=O)CCCCCCCCCCCCCCCCCCCCC=CCC=CCC=CCC=CCC)CCCCCCC,530,False,True,False,Normalized unit: Intensity; Annotation method: Msp20260116160945_NCDK_conventional_converted_dev_1,False,False,354,0,0.00,1.00,null,null,null,-1.00,-1.00,-0.143,1425.01,P Sandie 100 Serum II_GD1_01_66532,844.73883:187918 845.74350:111122 846.74817:31032,null,2858891,3184632,3503282,3636947,3295937.77217186,347696.270744739
355,68.791,845.73413,no MS2: BA 24:1;O4;G/26:0,[M+NH4]+,null,1.00,False,13.573,845.73407,C52H93NO6,GDCAE,HTLJIGPMOBZBIL-UHFFFAOYSA-N,O=C(O)CNC(=O)CCC(C)C1CCC2C3CCC4CC(OC(=O)CCCCCCCCCCCCCCCCCCCCCCCCC)CCC4(C)C3CC(O)C12C,530,False,True,False,Normalized unit: Intensity; Annotation method: Msp20260116160945_NCDK_conventional_converted_dev_1,False,False,355,0,0.00,1.00,null,null,null,-1.00,-1.00,-0.143,646.85,P Sandie 100 Serum IV_GD1_01_66534,845.73413:92064 846.73880:51744 847.74347:14386,null,1253070,1403216,1483609,1585122,1431254.33420312,140181.160734303
356,72.739,846.75470,no MS2: TG 50:3|TG 8:0_8:0_34:3,[M+NH4]+,null,1.00,False,13.920,846.75452,C53H96O6,TG,JLQAKOSOIVPICE-UHFFFAOYSA-N,O=C(OCC(OC(=O)CCCCCCC)COC(=O)CCCCCCCCCCCCCCCCCCC=CCC=CCC=CCCCCCCC)CCCCCCC,530,False,True,False,Normalized unit: Intensity; Annotation method: Msp20260116160945_NCDK_conventional_converted_dev_1,False,False,356,0,0.00,1.00,null,null,null,-1.00,-1.00,-0.143,6836.90,P Sandie 100 Serum IV_GD1_01_66534,846.75470:1163740 847.75937:700000 848.76404:205460,null,17279992,18656376,19871654,21495644,19325916.2889375,1792543.4412114
357,71.710,847.74976,no MS2: SL 49:0;O2|SL 13:0;O/36:0;O,[M+NH4]+,null,0.25,False,13.610,847.75311,C49H99NO6S,SL,TZYMEBQZDAIJCL-UHFFFAOYSA-N,O=C(N(CC(O)CCCCCCCCCC)CS(=O)(=O)O)C(O)CCCCCCCCCCCCCCCCCCCCCCCCCCCCCCCCCC,530,False,True,False,Normalized unit: Intensity; Annotation method: Msp20260116160945_NCDK_conventional_converted_dev_1,False,False,357,0,0.00,0.92,null,null,null,-1.00,-1.00,-0.181,1176.04,P Sandie 100 Serum IV_GD1_01_66534,847.74976:139098 848.75442:80570 849.75909:24124,null,1735931,1909516,1872458,2096638,1903635.81985936,148752.203593788
358,42.446,848.53766,no MS2: PS 39:4,[M+Na]+,null,1.00,False,9.094,848.54120,C45H80NO10P,PS,HJBIAFFEWYOQTF-UHFFFAOYSA-N,O=C(OCC(OC(=O)CCCCCCCCCCCCCCCCCCCCC=CCC=CCC=CCC=CCC)COP(=O)(O)OCC(N)C(=O)O)CCCC,530,False,True,False,Normalized unit: Intensity; Annotation method: Msp20260116160945_NCDK_conventional_converted_dev_1,False,False,358,0,0.00,1.00,null,null,null,-1.00,-1.00,-0.143,895.27,P Sandie 100 Serum I_GD1_01_66531,848.54156:89496 849.54623:41636 850.55090:11970,null,1790076,1834010,1813249,1831848,1817295.9088125,20399.8165084053
359,76.647,848.76831,no MS2: TG 50:2|TG 8:0_8:0_34:2,[M+NH4]+,null,1.00,False,14.271,848.77020,C53H98O6,TG,VZLKOMBMLGTLFF-UHFFFAOYSA-N,O=C(OCC(OC(=O)CCCCCCC)COC(=O)CCCCCCCCCCCCCCCCCCCCCC=CCC=CCCCCCCC)CCCCCCC,530,False,True,False,Normalized unit: Intensity; Annotation method: Msp20260116160945_NCDK_conventional_converted_dev_1,False,False,359,0,0.00,1.00,null,null,null,-1.00,-1.00,-0.143,9910.45,P Sandie 100 Serum III_GD1_01_66533,848.77026:1133668 849.77493:622408 850.77960:187686,null,19347624,20531207,22730193,22719965,21332247.0747344,1679326.06824898
360,76.111,848.76855,no MS2: TG 50:2|TG 8:0_8:0_34:2,[M+NH4]+,null,1.00,False,14.271,848.77020,C53H98O6,TG,VZLKOMBMLGTLFF-UHFFFAOYSA-N,O=C(OCC(OC(=O)CCCCCCC)COC(=O)CCCCCCCCCCCCCCCCCCCCCC=CCC=CCCCCCCC)CCCCCCC,530,False,True,False,Normalized unit: Intensity; Annotation method: Msp20260116160945_NCDK_conventional_converted_dev_1,False,False,360,0,0.00,1.00,null,null,null,-1.00,-1.00,-0.143,20034.36,P Sandie 100 Serum III_GD1_01_66533,848.76978:1798314 849.77444:1042534 850.77911:303604,null,31077350,34736698,36004307,37467460,34821453.5873749,2734104.81890047
361,69.901,849.69366,no MS2: TG 50:4|TG 8:0_8:0_34:4,[M+Na]+,null,1.00,False,13.930,849.69427,C53H94O6,TG,NBOUVXSQNXDJHU-UHFFFAOYSA-N,O=C(OCC(OC(=O)CCCCCCC)COC(=O)CCCCCCCCCCCCCCCCCCCCC=CCC=CCC=CCC=CCC)CCCCCCC,530,False,True,False,Normalized unit: Intensity; Annotation method: Msp20260116160945_NCDK_conventional_converted_dev_1,False,False,361,0,0.00,1.00,null,null,null,-1.00,-1.00,-0.143,2025.16,P Sandie 100 Serum I_GD1_01_66531,849.69452:225534 850.69919:133434 851.70385:39336,null,4131611,4604375,4859425,4940296,4633926.63453127,364191.507343859
362,75.010,849.76459,Unknown,[M+H]+,null,1.00,False,null,null,null,null,null,null,999,False,False,False,Normalized unit: Intensity,False,False,362,0,0.00,null,null,null,null,null,null,null,1863.26,P Sandie 100 Serum IV_GD1_01_66534,849.76459:213614 850.76926:125628 851.77392:36700,null,3527241,3600005,3506566,3782910,3604180.5218125,125711.45407592
363,45.413,850.55438,no MS2: PS 39:3,[M+Na]+,null,1.00,False,9.286,850.55688,C45H82NO10P,PS,GJONODZYCQRUOW-UHFFFAOYSA-N,O=C(OCC(OC(=O)CCCCCCCCCCCCCCCCCCC=CCC=CCC=CCCCCCCC)COP(=O)(O)OCC(N)C(=O)O)CCCC,530,False,True,False,Normalized unit: Intensity; Annotation method: Msp20260116160945_NCDK_conventional_converted_dev_1,False,False,363,0,0.00,0.97,null,null,null,-1.00,-1.00,-0.156,1133.35,P Sandie 100 Serum I_GD1_01_66531,850.55493:98168 851.55960:46290 852.56427:12682,null,1767347,1789338,1944676,1977133,1869623.5080625,106610.692470892
364,54.249,850.66815,no MS2: RIKEN P-VS1 ID-13398 from Mouse_Brain_WT_N_F1,[M+H]+,null,0.25,False,13.560,850.66687,null,Unknown,null,null,530,False,True,False,Normalized unit: Intensity; Annotation method: Msp20260116160945_NCDK_conventional_converted_dev_1,False,False,364,0,0.00,0.99,null,null,null,-1.00,-1.00,-0.134,614.88,P Sandie 100 Serum IV_GD1_01_66534,850.66815:59658 851.67282:30684 852.67749:9610,null,808990,826005,884086,931113,862548.32725,55883.161199559
365,80.881,850.78461,no MS2: TG 50:1|TG 8:0_8:0_34:1,[M+NH4]+,null,1.00,False,14.765,850.78583,C53H100O6,TG,WLEHGRAGAYLVMG-UHFFFAOYSA-N,O=C(OCC(OC(=O)CCCCCCC)COC(=O)CCCCCCCCCCCCCCCCCCCCCCCC=CCCCCCCCC)CCCCCCC,530,False,True,False,Normalized unit: Intensity; Annotation method: Msp20260116160945_NCDK_conventional_converted_dev_1,False,False,365,0,0.00,1.00,null,null,null,-1.00,-1.00,-0.143,14075.70,P Sandie 100 Serum I_GD1_01_66531,850.78577:1697880 851.79043:989508 852.79510:293260,null,36003225,39285318,41483102,43637883,40102381.8060937,3259695.28582912
366,72.739,851.70990,no MS2: TG 50:3|TG 8:0_8:0_34:3,[M+Na]+,null,1.00,False,13.920,851.70990,C53H96O6,TG,JLQAKOSOIVPICE-UHFFFAOYSA-N,O=C(OCC(OC(=O)CCCCCCC)COC(=O)CCCCCCCCCCCCCCCCCCC=CCC=CCC=CCCCCCCC)CCCCCCC,530,False,True,False,Normalized unit: Intensity; Annotation method: Msp20260116160945_NCDK_conventional_converted_dev_1,False,False,366,0,0.00,1.00,null,null,null,-1.00,-1.00,-0.143,5615.98,P Sandie 100 Serum IV_GD1_01_66534,851.70990:799952 852.71457:472644 853.71924:141556,null,16297055,17353072,18395061,18588080,17658317.0245,1057270.25223951
367,79.502,851.78235,no MS2: RIKEN P-VS1 ID-13448 from Mouse_Ear_fads2KO_N_Ctr,[M+H]+,null,1.00,False,15.710,851.78552,null,Unknown,null,null,530,False,True,False,Normalized unit: Intensity; Annotation method: Msp20260116160945_NCDK_conventional_converted_dev_1,False,False,367,0,0.00,0.94,null,null,null,-1.00,-1.00,-0.155,533.44,P Sandie 100 Serum I_GD1_01_66531,851.78253:68170 852.78720:38452 853.79187:10888,null,1731363,1707708,1863903,1763915,1766722.39629688,68762.9236236618
368,83.767,852.80151,no MS2: TG 50:0|TG 8:0_8:0_34:0,[M+NH4]+,null,1.00,False,15.279,852.80151,C53H102O6,TG,VQYLXXPIAZUCDF-UHFFFAOYSA-N,O=C(OCC(OC(=O)CCCCCCC)COC(=O)CCCCCCCCCCCCCCCCCCCCCCCCCCCCCCCCC)CCCCCCC,530,False,True,False,Normalized unit: Intensity; Annotation method: Msp20260116160945_NCDK_conventional_converted_dev_1,False,False,368,0,0.00,1.00,null,null,null,-1.00,-1.00,-0.143,2591.51,P Sandie 100 Serum IV_GD1_01_66534,852.80151:433322 853.80618:265876 854.81085:78108,null,3346368,3687849,4008936,4212096,3813812.13784375,379066.683747188
369,76.655,853.72363,no MS2: TG 50:2|TG 8:0_8:0_34:2,[M+Na]+,null,1.00,False,14.271,853.72559,C53H98O6,TG,VZLKOMBMLGTLFF-UHFFFAOYSA-N,O=C(OCC(OC(=O)CCCCCCC)COC(=O)CCCCCCCCCCCCCCCCCCCCCC=CCC=CCCCCCCC)CCCCCCC,530,False,True,False,Normalized unit: Intensity; Annotation method: Msp20260116160945_NCDK_conventional_converted_dev_1,False,False,369,0,0.00,1.00,null,null,null,-1.00,-1.00,-0.143,6135.96,P Sandie 100 Serum III_GD1_01_66533,853.72559:746186 854.73025:443648 855.73492:131022,null,16276805,17985006,18106117,19419916,17946961.0406094,1289159.71683659
370,76.203,853.72369,no MS2: TG 50:2|TG 8:0_8:0_34:2,[M+Na]+,null,1.00,False,14.271,853.72559,C53H98O6,TG,VZLKOMBMLGTLFF-UHFFFAOYSA-N,O=C(OCC(OC(=O)CCCCCCC)COC(=O)CCCCCCCCCCCCCCCCCCCCCC=CCC=CCCCCCCC)CCCCCCC,530,False,True,False,Normalized unit: Intensity; Annotation method: Msp20260116160945_NCDK_conventional_converted_dev_1,False,False,370,0,0.00,1.00,null,null,null,-1.00,-1.00,-0.144,5254.42,P Sandie 100 Serum III_GD1_01_66533,853.72491:640234 854.72958:369296 855.73425:110440,null,11243966,12290768,12753587,13089145,12344366.6680781,803307.939515107
371,47.111,854.63879,no MS2: RIKEN P-VS1 ID-13569 from Mouse_Muscle_WT_N_F1AA,[M+H]+,null,1.00,False,9.700,854.63239,null,Unknown,null,null,530,False,True,False,Normalized unit: Intensity; Annotation method: Msp20260116160945_NCDK_conventional_converted_dev_1,False,False,371,0,0.00,0.81,null,null,null,-1.00,-1.00,-0.213,333.56,P Sandie 100 Serum IV_GD1_01_66534,854.63788:57378 855.64255:30068 856.64721:8676,null,947540,980926,999427,1025418,988327.702343749,32748.0226708015
372,80.864,855.74146,no MS2: TG 50:1|TG 8:0_8:0_34:1,[M+Na]+,null,1.00,False,14.765,855.74121,C53H100O6,TG,WLEHGRAGAYLVMG-UHFFFAOYSA-N,O=C(OCC(OC(=O)CCCCCCC)COC(=O)CCCCCCCCCCCCCCCCCCCCCCCC=CCCCCCCCC)CCCCCCC,530,False,True,False,Normalized unit: Intensity; Annotation method: Msp20260116160945_NCDK_conventional_converted_dev_1,False,False,372,0,0.00,1.00,null,null,null,-1.00,-1.00,-0.143,5701.77,P Sandie 100 Serum I_GD1_01_66531,855.74109:784780 856.74576:453560 857.75042:132976,null,21078802,22140387,23969279,23138520,22581746.7037656,1250184.45521135
373,46.867,856.58142,no MS2: PC 40:6,[M+Na]+,null,1.00,False,9.286,856.58270,C48H84NO8P,PC,ITSVFHIEQXZXCM-UHFFFAOYSA-N,O=C(OCC(OC(=O)CCCCCCCCCCCCCCC=CCC=CCC=CCC=CCC=CCC=CCC)COP(=O)([O-])OCC[N+](C)(C)C)CCCCC,530,False,True,False,Normalized unit: Intensity; Annotation method: Msp20260116160945_NCDK_conventional_converted_dev_1,False,False,373,0,0.00,1.00,null,null,null,-1.00,-1.00,-0.143,3032.01,P Sandie 100 Serum II_GD1_01_66532,856.58289:272912 857.58755:144934 858.59222:41830,null,2728435,3307828,3423087,3587202,3261637.96098438,373495.694327607
374,83.767,857.75702,no MS2: TG 50:0|TG 8:0_8:0_34:0,[M+Na]+,null,1.00,False,15.279,857.75690,C53H102O6,TG,VQYLXXPIAZUCDF-UHFFFAOYSA-N,O=C(OCC(OC(=O)CCCCCCC)COC(=O)CCCCCCCCCCCCCCCCCCCCCCCCCCCCCCCCC)CCCCCCC,530,False,True,False,Normalized unit: Intensity; Annotation method: Msp20260116160945_NCDK_conventional_converted_dev_1,False,False,374,0,0.00,1.00,null,null,null,-1.00,-1.00,-0.143,2100.01,P Sandie 100 Serum III_GD1_01_66533,857.75684:268318 858.76150:157528 859.76617:44446,null,2335034,2612384,2867091,2919378,2683471.792,268222.645895441
375,48.129,858.59668,no MS2: PC 40:5,[M+Na]+,null,1.00,False,10.071,858.59833,C48H86NO8P,PC,HNCLFWCLQUEVGH-UHFFFAOYSA-N,O=C(OCC(OC(=O)CCCCCCCCCCCCCCCCCC=CCC=CCC=CCC=CCC=CCC)COP(=O)([O-])OCC[N+](C)(C)C)CCCCC,530,False,True,False,Normalized unit: Intensity; Annotation method: Msp20260116160945_NCDK_conventional_converted_dev_1,False,False,375,0,0.00,1.00,null,null,null,-1.00,-1.00,-0.145,730.04,P Sandie 100 Serum II_GD1_01_66532,858.59906:87000 859.60373:43604 860.60840:14410,null,1066827,1286186,1334751,1479559,1291830.84859375,171019.361876911
376,68.787,859.75128,no MS2: BA 24:1;O4;G/27:0,[M+NH4]+,null,1.00,False,13.615,859.74982,C53H95NO6,GDCAE,MVJJWQAQALYJOS-UHFFFAOYSA-N,O=C(O)CNC(=O)CCC(C)C1CCC2C3CCC4CC(OC(=O)CCCCCCCCCCCCCCCCCCCCCCCCCC)CCC4(C)C3CC(O)C12C,530,False,True,False,Normalized unit: Intensity; Annotation method: Msp20260116160945_NCDK_conventional_converted_dev_1,False,False,376,0,0.00,1.00,null,null,null,-1.00,-1.00,-0.143,563.27,P Sandie 100 Serum IV_GD1_01_66534,859.74969:66894 860.75436:39474 861.75903:11516,null,1187260,1162202,1179063,1138018,1166635.65865625,21744.4294616255
377,75.141,860.77020,no MS2: TG 51:3|TG 8:0_9:0_34:3,[M+NH4]+,null,1.00,False,14.212,860.77020,C54H98O6,TG,CXEFTXACLQXSHA-UHFFFAOYSA-N,O=C(OCC(OC(=O)CCCCCCCC)COC(=O)CCCCCCCCCCCCCCCCCCC=CCC=CCC=CCCCCCCC)CCCCCCC,530,False,True,False,Normalized unit: Intensity; Annotation method: Msp20260116160945_NCDK_conventional_converted_dev_1,False,False,377,0,0.00,1.00,null,null,null,-1.00,-1.00,-0.143,699.85,P Sandie 100 Serum IV_GD1_01_66534,860.77020:111078 861.77487:65472 862.77954:18774,null,2254720,2453086,2596749,2790122,2523669.0613125,226313.64342511
378,45.722,862.51996,no MS2: SHexCer 41:9;O2|SHexCer 15:3;O2/26:6,[M+H]+,null,1.00,False,8.523,862.51343,C47H75NO11S,SHexCer,KGGBIEBTACFBIO-UHFFFAOYSA-N,O=C(NC(COC1OC(CO)C(O)C(OS(=O)(=O)O)C1O)C(O)C=CCCC=CCCC=CCC)CCCCCCC=CCC=CCC=CCC=CCC=CCC=CCC,530,False,True,False,Normalized unit: Intensity; Annotation method: Msp20260116160945_NCDK_conventional_converted_dev_1,False,False,378,0,0.00,0.77,null,null,null,-1.00,-1.00,-0.256,804.67,P Sandie 100 Serum IV_GD1_01_66534,862.51959:78074 863.52426:47536 864.52893:15484,null,1295201,1214288,1120770,1150119,1195094.55660937,77322.977317379
379,79.101,862.78363,no MS2: TG 51:2|TG 8:0_8:1_35:1,[M+NH4]+,null,1.00,False,14.615,862.78583,C54H100O6,TG,QSFMDQGXOXRHNU-UHFFFAOYSA-N,O=C(OCC(OC(=O)CCC=CCCC)COC(=O)CCCCCCCCCCCCCCCCCCCCCCC=CCCCCCCCCCC)CCCCCCC,530,False,True,False,Normalized unit: Intensity; Annotation method: Msp20260116160945_NCDK_conventional_converted_dev_1,False,False,379,0,0.00,1.00,null,null,null,-1.00,-1.00,-0.144,581.65,P Sandie 100 Serum III_GD1_01_66533,862.78650:92004 863.79117:50758 864.79583:14800,null,2124417,2255561,2506256,2555194,2360356.96364063,204855.835529542
380,75.006,863.78357,no MS2: RIKEN P-VS1 ID-13892 from Mouse_Muscle_WT_CTX0_Ctr,[M+H]+,null,1.00,False,14.380,863.78552,null,Unknown,null,null,530,False,True,False,Normalized unit: Intensity; Annotation method: Msp20260116160945_NCDK_conventional_converted_dev_1,False,False,380,0,0.00,0.97,null,null,null,-1.00,-1.00,-0.140,1611.65,P Sandie 100 Serum I_GD1_01_66531,863.78357:186936 864.78824:107700 865.79290:28104,null,3478323,3279412,3038846,3251537,3262029.55954687,179819.930449797
381,82.961,864.80157,no MS2: TG 51:1|TG 8:0_8:0_35:1,[M+NH4]+,null,1.00,False,14.871,864.80151,C54H102O6,TG,OVVKXWWCKQETBC-UHFFFAOYSA-N,O=C(OCC(OC(=O)CCCCCCC)COC(=O)CCCCCCCCCCCCCCCCCCCCCCC=CCCCCCCCCCC)CCCCCCC,530,False,True,False,Normalized unit: Intensity; Annotation method: Msp20260116160945_NCDK_conventional_converted_dev_1,False,False,381,0,0.00,1.00,null,null,null,-1.00,-1.00,-0.143,618.80,P Sandie 100 Serum IV_GD1_01_66534,864.80157:106176 865.80624:61086 866.81091:18940,null,1098817,1244307,1306166,1377722,1256753.07164063,118566.426521787
382,75.141,865.72589,no MS2: TG 51:3|TG 8:0_9:0_34:3,[M+Na]+,null,1.00,False,14.212,865.72559,C54H98O6,TG,CXEFTXACLQXSHA-UHFFFAOYSA-N,O=C(OCC(OC(=O)CCCCCCCC)COC(=O)CCCCCCCCCCCCCCCCCCC=CCC=CCC=CCCCCCCC)CCCCCCC,530,False,True,False,Normalized unit: Intensity; Annotation method: Msp20260116160945_NCDK_conventional_converted_dev_1,False,False,382,0,0.00,1.00,null,null,null,-1.00,-1.00,-0.143,686.32,P Sandie 100 Serum IV_GD1_01_66534,865.72589:101046 866.73056:56804 867.73523:16752,null,1790006,1867038,1981573,2029467,1917020.7909375,108692.750238853
383,79.497,865.79773,no MS2: RIKEN P-VS1 ID-13962 from Mouse_Adipose_WT_N_F1EPA,[M+H]+,null,1.00,False,15.790,865.79077,null,Unknown,null,null,530,False,True,False,Normalized unit: Intensity; Annotation method: Msp20260116160945_NCDK_conventional_converted_dev_1,False,False,383,0,0.00,0.88,null,null,null,-1.00,-1.00,-0.183,451.10,P Sandie 100 Serum II_GD1_01_66532,865.79517:62600 866.79983:35452 867.80450:10678,null,1605520,1486695,1523562,1469216,1521248.21232813,60576.2563641522
384,72.743,867.68353,no MS2: DG 53:9,[M+Na]+,null,1.00,False,13.671,867.68372,C56H92O5,DG,ZHHCUQRPGCIVNX-UHFFFAOYSA-N,O=C(OCC(OC(=O)CCCCCCCCCC=CCC=CCC=CCC=CCC=CCC=CCC=CCC=CCC=CCC)CO)CCCCCCCCCCCCCC,530,False,True,False,Normalized unit: Intensity; Annotation method: Msp20260116160945_NCDK_conventional_converted_dev_1,False,False,384,0,0.00,1.00,null,null,null,-1.00,-1.00,-0.143,1507.38,P Sandie 100 Serum III_GD1_01_66533,867.68353:203138 868.68820:112264 869.69287:41440,null,4146700,4444732,4671305,4424732,4421867.20154688,214838.921662668
385,79.053,867.73895,no MS2: TG 51:2|TG 8:0_8:1_35:1,[M+Na]+,null,1.00,False,14.615,867.74121,C54H100O6,TG,QSFMDQGXOXRHNU-UHFFFAOYSA-N,O=C(OCC(OC(=O)CCC=CCCC)COC(=O)CCCCCCCCCCCCCCCCCCCCCCC=CCCCCCCCCCC)CCCCCCC,530,False,True,False,Normalized unit: Intensity; Annotation method: Msp20260116160945_NCDK_conventional_converted_dev_1,False,False,385,0,0.00,0.99,null,null,null,-1.00,-1.00,-0.146,581.99,P Sandie 100 Serum III_GD1_01_66533,867.74213:75970 868.74679:44192 869.75146:14200,null,1942429,2000891,2173235,2285657,2100553.0446875,157566.749524838
386,47.102,868.65466,no MS2: RIKEN P-VS1 ID-14050 from Mouse_Macrophage_WT_N_F1AA,[M+H]+,null,1.00,False,9.900,868.65570,null,Unknown,null,null,530,False,True,False,Normalized unit: Intensity; Annotation method: Msp20260116160945_NCDK_conventional_converted_dev_1,False,False,386,0,0.00,0.99,null,null,null,-1.00,-1.00,-0.132,535.71,P Sandie 100 Serum I_GD1_01_66531,868.65466:61562 869.65933:33122 870.66400:9620,null,841952,805968,771170,778157,799311.814874999,32155.7578890136
387,76.183,869.69763,no MS2: RIKEN P-VS1 ID-14090 from Mouse_Feces_WT_ABX_Ctr,[M+K]+,null,0.25,False,13.710,869.69647,null,Unknown,null,null,530,False,True,False,Normalized unit: Intensity; Annotation method: Msp20260116160945_NCDK_conventional_converted_dev_1,False,False,387,0,0.00,0.99,null,null,null,-1.00,-1.00,-0.133,1273.69,P Sandie 100 Serum IV_GD1_01_66534,869.69763:166076 870.70230:96742 871.70697:33610,null,2802048,2881342,2936673,3192311,2953093.28156249,168777.502715543
388,76.647,869.69781,no MS2: RIKEN P-VS1 ID-14090 from Mouse_Feces_WT_ABX_Ctr,[M+K]+,null,1.00,False,13.710,869.69647,null,Unknown,null,null,530,False,True,False,Normalized unit: Intensity; Annotation method: Msp20260116160945_NCDK_conventional_converted_dev_1,False,False,388,0,0.00,0.99,null,null,null,-1.00,-1.00,-0.132,1454.72,P Sandie 100 Serum II_GD1_01_66532,869.69757:186700 870.70224:106740 871.70691:38130,null,4312528,4700404,4476077,4904938,4598486.68760938,258879.791272776
389,82.943,869.75702,no MS2: TG 51:1|TG 8:0_8:0_35:1,[M+Na]+,null,0.75,False,14.871,869.75690,C54H102O6,TG,OVVKXWWCKQETBC-UHFFFAOYSA-N,O=C(OCC(OC(=O)CCCCCCC)COC(=O)CCCCCCCCCCCCCCCCCCCCCCC=CCCCCCCCCCC)CCCCCCC,530,False,True,False,Normalized unit: Intensity; Annotation method: Msp20260116160945_NCDK_conventional_converted_dev_1,False,False,389,0,0.00,1.00,null,null,null,-1.00,-1.00,-0.143,484.38,P Sandie 100 Serum III_GD1_01_66533,869.75696:59134 870.76163:35344 871.76629:10324,null,641665,696495,748248,745124,707882.821062503,50102.2624112925
390,71.041,870.75427,no MS2: TG 52:5|TG 8:0_8:0_36:5,[M+NH4]+,null,1.00,False,13.969,870.75452,C55H96O6,TG,OXXCYSJBSYMWQA-UHFFFAOYSA-N,O=C(OCC(OC(=O)CCCCCCC)COC(=O)CCCCCCCCCCCCCCCCCCCC=CCC=CCC=CCC=CCC=CCC)CCCCCCC,530,False,True,False,Normalized unit: Intensity; Annotation method: Msp20260116160945_NCDK_conventional_converted_dev_1,False,False,390,0,0.00,1.00,null,null,null,-1.00,-1.00,-0.143,1782.74,P Sandie 100 Serum IV_GD1_01_66534,870.75427:282688 871.75894:167036 872.76361:51250,null,5945560,6530557,6950346,4735607,6040517.38468752,962589.339445239
391,71.433,870.75439,no MS2: TG 52:5|TG 8:0_8:0_36:5,[M+NH4]+,null,1.00,False,13.969,870.75452,C55H96O6,TG,OXXCYSJBSYMWQA-UHFFFAOYSA-N,O=C(OCC(OC(=O)CCCCCCC)COC(=O)CCCCCCCCCCCCCCCCCCCC=CCC=CCC=CCC=CCC=CCC)CCCCCCC,530,False,True,False,Normalized unit: Intensity; Annotation method: Msp20260116160945_NCDK_conventional_converted_dev_1,False,False,391,0,0.00,1.00,null,null,null,-1.00,-1.00,-0.143,1413.38,P Sandie 100 Serum IV_GD1_01_66534,870.75439:337802 871.75906:213896 872.76373:65868,null,4220460,4841350,5272484,5259661,4898488.54762498,494403.739152902
392,72.295,870.75439,no MS2: TG 52:5|TG 8:0_8:0_36:5,[M+NH4]+,null,1.00,False,13.969,870.75452,C55H96O6,TG,OXXCYSJBSYMWQA-UHFFFAOYSA-N,O=C(OCC(OC(=O)CCCCCCC)COC(=O)CCCCCCCCCCCCCCCCCCCC=CCC=CCC=CCC=CCC=CCC)CCCCCCC,530,False,True,False,Normalized unit: Intensity; Annotation method: Msp20260116160945_NCDK_conventional_converted_dev_1,False,False,392,0,0.00,1.00,null,null,null,-1.00,-1.00,-0.143,788.74,P Sandie 100 Serum II_GD1_01_66532,870.75452:120692 871.75918:70610 872.76385:22966,null,1963361,2163885,2218961,2282527,2157183.62114062,138009.130786397
393,71.801,870.75470,no MS2: TG 52:5|TG 8:0_8:0_36:5,[M+NH4]+,null,0.50,False,13.969,870.75452,C55H96O6,TG,OXXCYSJBSYMWQA-UHFFFAOYSA-N,O=C(OCC(OC(=O)CCCCCCC)COC(=O)CCCCCCCCCCCCCCCCCCCC=CCC=CCC=CCC=CCC=CCC)CCCCCCC,530,False,True,False,Normalized unit: Intensity; Annotation method: Msp20260116160945_NCDK_conventional_converted_dev_1,False,False,393,0,0.00,1.00,null,null,null,-1.00,-1.00,-0.143,878.23,P Sandie 100 Serum IV_GD1_01_66534,870.75470:170414 871.75937:104612 872.76404:32540,null,2537879,2743055,2944694,3035182,2815202.5578594,221564.682928942
394,80.846,871.71594,no MS2: DG 53:7,[M+Na]+,null,1.00,False,13.900,871.71503,C56H96O5,DG,UWZDRFZWHVTAKG-UHFFFAOYSA-N,O=C(OCC(OC(=O)CCCCCCCCCCCCCCCC=CCC=CCC=CCC=CCC=CCC=CCC=CCC)CO)CCCCCCCCCCCCCC,530,False,True,False,Normalized unit: Intensity; Annotation method: Msp20260116160945_NCDK_conventional_converted_dev_1,False,False,394,0,0.00,1.00,null,null,null,-1.00,-1.00,-0.145,1405.94,P Sandie 100 Serum I_GD1_01_66531,871.71576:164824 872.72043:96602 873.72509:33550,null,4790703,4864442,5179540,5088661,4980836.73085937,183309.731146418
395,69.912,871.75000,no MS2: BA 24:1;O4;G/28:1,[M+NH4]+,null,0.50,False,13.509,871.74982,C54H95NO6,GDCAE,IVHKGEPSPRAOMQ-UHFFFAOYSA-N,O=C(O)CNC(=O)CCC(C)C1CCC2C3CCC4CC(OC(=O)CCCCCCCCCCCCCCCCCC=CCCCCCCCC)CCC4(C)C3CC(O)C12C,530,False,True,False,Normalized unit: Intensity; Annotation method: Msp20260116160945_NCDK_conventional_converted_dev_1,False,False,395,0,0.00,1.00,null,null,null,-1.00,-1.00,-0.143,854.95,P Sandie 100 Serum IV_GD1_01_66534,871.75000:102982 872.75467:59240 873.75934:18002,null,1629229,1757482,1791907,1894490,1768277.05232814,109451.482727948
396,76.098,872.76855,no MS2: TG 52:4|TG 8:0_8:0_36:4,[M+NH4]+,null,1.00,False,14.237,872.77020,C55H98O6,TG,TVCXNLFXLACFHK-UHFFFAOYSA-N,O=C(OCC(OC(=O)CCCCCCC)COC(=O)CCCCCCCCCCCCCCCCCCCCCCC=CCC=CCC=CCC=CCC)CCCCCCC,530,False,True,False,Normalized unit: Intensity; Annotation method: Msp20260116160945_NCDK_conventional_converted_dev_1,False,False,396,0,0.00,1.00,null,null,null,-1.00,-1.00,-0.143,806.20,P Sandie 100 Serum III_GD1_01_66533,872.76990:92644 873.77457:57868 874.77923:19074,null,1766237,1917259,1997516,2103821,1946208.1083125,142246.226704923
397,74.205,872.77075,no MS2: TG 52:4|TG 8:0_8:0_36:4,[M+NH4]+,null,1.00,False,14.237,872.77020,C55H98O6,TG,TVCXNLFXLACFHK-UHFFFAOYSA-N,O=C(OCC(OC(=O)CCCCCCC)COC(=O)CCCCCCCCCCCCCCCCCCCCCCC=CCC=CCC=CCC=CCC)CCCCCCC,530,False,True,False,Normalized unit: Intensity; Annotation method: Msp20260116160945_NCDK_conventional_converted_dev_1,False,False,397,0,0.00,1.00,null,null,null,-1.00,-1.00,-0.143,22363.82,P Sandie 100 Serum III_GD1_01_66533,872.76990:2862814 873.77457:1740104 874.77923:533030,null,43861261,49488438,51920430,53739834,49752490.4874533,4296323.24007058
398,74.204,873.48114,Unknown,[M+H]+,null,0.75,False,null,null,null,null,null,null,999,False,False,False,Normalized unit: Intensity,False,False,398,0,0.00,null,null,null,null,null,null,null,535.43,P Sandie 100 Serum III_GD1_01_66533,873.48114:61430 874.48581:14388 875.49048:1508,null,469713,579542,649956,631641,582713.232062501,81023.787844094
399,72.747,873.76544,no MS2: BA 24:1;O4;G/28:0,[M+NH4]+,null,1.00,False,13.978,873.76538,C54H97NO6,GDCAE,PWBYXHZFJVAEQL-UHFFFAOYSA-N,O=C(O)CNC(=O)CCC(C)C1CCC2C3CCC4CC(OC(=O)CCCCCCCCCCCCCCCCCCCCCCCCCCC)CCC4(C)C3CC(O)C12C,530,False,True,False,Normalized unit: Intensity; Annotation method: Msp20260116160945_NCDK_conventional_converted_dev_1,False,False,399,0,0.00,1.00,null,null,null,-1.00,-1.00,-0.143,3302.98,P Sandie 100 Serum IV_GD1_01_66534,873.76544:409716 874.77011:251646 875.77478:76306,null,8010543,8297480,8143792,8694355,8286542.65579689,296076.767578614
400,44.292,874.55481,no MS2: PS 41:5,[M+Na]+,null,0.25,False,9.285,874.55688,C47H82NO10P,PS,PDFMZAYTARJELV-UHFFFAOYSA-N,O=C(OCC(OC(=O)CCCCCCCCCCCCCCCCCCCC=CCC=CCC=CCC=CCC=CCC)COP(=O)(O)OCC(N)C(=O)O)CCCC,530,False,True,False,Normalized unit: Intensity; Annotation method: Msp20260116160945_NCDK_conventional_converted_dev_1,False,False,400,0,0.00,0.97,null,null,null,-1.00,-1.00,-0.157,717.29,P Sandie 100 Serum IV_GD1_01_66534,874.55481:60744 875.55948:28382 876.56415:7978,null,843485,877583,1018521,1090355,957485.97053125,116562.277640496
401,77.917,874.78308,no MS2: TG 52:3|TG 8:0_8:0_36:3,[M+NH4]+,null,1.00,False,14.469,874.78583,C55H100O6,TG,SMVJWGZQUSFCNG-UHFFFAOYSA-N,O=C(OCC(OC(=O)CCCCCCC)COC(=O)CCCCCCCCCCCCCCCCCCCCC=CCC=CCC=CCCCCCCC)CCCCCCC,530,False,True,False,Normalized unit: Intensity; Annotation method: Msp20260116160945_NCDK_conventional_converted_dev_1,False,False,401,0,0.00,0.99,null,null,null,-1.00,-1.00,-0.146,47467.25,P Sandie 100 Serum III_GD1_01_66533,874.78687:7046566 875.79153:4279036 876.79620:1299586,null,140920165,146805246,158435771,166647851,153202258.303078,11546214.6085026
402,77.917,875.07062,Unknown,[M+H]+,null,1.00,False,null,null,null,null,null,null,999,False,False,False,Normalized unit: Intensity,False,False,402,0,0.00,null,null,null,null,null,null,null,872.26,P Sandie 100 Serum III_GD1_01_66533,875.07489:127012 876.07956:86740 877.08423:4148,null,2072848,2104747,2317394,2365805,2215198.31493751,147862.08105004
403,77.917,875.49707,Unknown,[M+H]+,null,1.00,False,null,null,null,null,null,null,999,False,False,False,Normalized unit: Intensity,False,False,403,0,0.00,null,null,null,null,null,null,null,2306.92,P Sandie 100 Serum IV_GD1_01_66534,875.49707:206064 876.50174:121182 877.50641:7396,null,3176689,3309576,3569636,3755834,3452933.75921876,259634.810217743
404,70.815,875.70953,no MS2: TG 52:5|TG 8:0_8:0_36:5,[M+Na]+,null,1.00,False,13.969,875.70990,C55H96O6,TG,OXXCYSJBSYMWQA-UHFFFAOYSA-N,O=C(OCC(OC(=O)CCCCCCC)COC(=O)CCCCCCCCCCCCCCCCCCCC=CCC=CCC=CCC=CCC=CCC)CCCCCCC,530,False,True,False,Normalized unit: Intensity; Annotation method: Msp20260116160945_NCDK_conventional_converted_dev_1,False,False,404,0,0.00,1.00,null,null,null,-1.00,-1.00,-0.143,1300.34,P Sandie 100 Serum II_GD1_01_66532,875.70978:162082 876.71445:98686 877.71911:29276,null,2326457,2536991,2653674,2813316,2582609.67390626,204915.305848283
405,71.433,875.71033,no MS2: TG 52:5|TG 8:0_8:0_36:5,[M+Na]+,null,1.00,False,13.969,875.70990,C55H96O6,TG,OXXCYSJBSYMWQA-UHFFFAOYSA-N,O=C(OCC(OC(=O)CCCCCCC)COC(=O)CCCCCCCCCCCCCCCCCCCC=CCC=CCC=CCC=CCC=CCC)CCCCCCC,530,False,True,False,Normalized unit: Intensity; Annotation method: Msp20260116160945_NCDK_conventional_converted_dev_1,False,False,405,0,0.00,1.00,null,null,null,-1.00,-1.00,-0.143,1787.30,P Sandie 100 Serum IV_GD1_01_66534,875.70984:322688 876.71451:194808 877.71917:58902,null,5811337,6036936,6557010,6821648,6306732.75123439,464034.216981585
406,76.211,875.77899,no MS2: SL 51:0;O2|SL 15:0;O/36:0;O,[M+NH4]+,null,1.00,False,13.622,875.78442,C51H103NO6S,SL,HQCNNIZFSUNUME-UHFFFAOYSA-N,O=C(N(CC(O)CCCCCCCCCCCC)CS(=O)(=O)O)C(O)CCCCCCCCCCCCCCCCCCCCCCCCCCCCCCCCCC,530,False,True,False,Normalized unit: Intensity; Annotation method: Msp20260116160945_NCDK_conventional_converted_dev_1,False,False,406,0,0.00,0.98,null,null,null,-1.00,-1.00,-0.152,2808.40,P Sandie 100 Serum I_GD1_01_66531,875.78271:337692 876.78738:201134 877.79205:56802,null,6476592,6292226,6582892,6751670,6525844.89292185,192574.917962218
407,76.651,875.77917,no MS2: SL 51:0;O2|SL 15:0;O/36:0;O,[M+NH4]+,null,1.00,False,13.622,875.78442,C51H103NO6S,SL,HQCNNIZFSUNUME-UHFFFAOYSA-N,O=C(N(CC(O)CCCCCCCCCCCC)CS(=O)(=O)O)C(O)CCCCCCCCCCCCCCCCCCCCCCCCCCCCCCCCCC,530,False,True,False,Normalized unit: Intensity; Annotation method: Msp20260116160945_NCDK_conventional_converted_dev_1,False,False,407,0,0.00,0.98,null,null,null,-1.00,-1.00,-0.154,2742.31,P Sandie 100 Serum I_GD1_01_66531,875.78253:376568 876.78720:229168 877.79187:73388,null,8560330,8486084,8753193,8853764,8663342.77364064,169672.002145938
408,47.084,876.57056,no MS2: DGDG 30:3|DGDG 8:0_22:3,[M+NH4]+,null,1.00,False,8.415,876.56787,C45H78O15,DGDG,GYWCXMVSOLKXST-UHFFFAOYSA-N,O=C(OCC(OC(=O)CCCCCCCCC=CCC=CCC=CCCCCC)COC1OC(COC2OC(CO)C(O)C(O)C2O)C(O)C(O)C1O)CCCCCCC,530,False,True,False,Normalized unit: Intensity; Annotation method: Msp20260116160945_NCDK_conventional_converted_dev_1,False,False,408,0,0.00,0.99,null,null,null,-1.00,-1.00,-0.148,1000.98,P Sandie 100 Serum IV_GD1_01_66534,876.56915:91654 877.57382:42736 878.57849:12528,null,1744218,1880929,2045840,2024635,1923905.4263125,140414.650370788
409,55.333,876.68243,no MS2: PC O-44:6|PC O-16:0_28:6,[M+H]+,null,0.50,False,12.408,876.68408,C52H94NO7P,EtherPC,IYYVNINVOLHLIG-UHFFFAOYSA-N,O=C(OC(COCCCCCCCCCCCCCCCC)COP(=O)([O-])OCC[N+](C)(C)C)CCCCCCCCC=CCC=CCC=CCC=CCC=CCC=CCC,530,False,True,False,Normalized unit: Intensity; Annotation method: Msp20260116160945_NCDK_conventional_converted_dev_1,False,False,409,0,0.00,1.00,null,null,null,-1.00,-1.00,-0.143,466.67,P Sandie 100 Serum IV_GD1_01_66534,876.68390:56024 877.68857:31040 878.69323:8772,null,780273,835063,870930,1002484,872187.4461875,94525.7421380666
410,81.926,876.80127,no MS2: TG 52:2|TG 8:0_8:0_36:2,[M+NH4]+,null,1.00,False,14.765,876.80151,C55H102O6,TG,RNPAKTRKCHCWDH-UHFFFAOYSA-N,O=C(OCC(OC(=O)CCCCCCC)COC(=O)CCCCCCCCCCCCCCCCCCCCCCCC=CCC=CCCCCCCC)CCCCCCC,530,False,True,False,Normalized unit: Intensity; Annotation method: Msp20260116160945_NCDK_conventional_converted_dev_1,False,False,410,0,0.00,1.00,null,null,null,-1.00,-1.00,-0.143,58006.00,P Sandie 100 Serum IV_GD1_01_66534,876.80127:8898636 877.80594:5362550 878.81061:1668396,null,120158565,128323141,133629421,138974281,130271351.980563,8022501.47061717
411,81.930,876.96576,Unknown,[M+H]+,null,1.00,False,null,null,null,null,null,null,999,False,False,False,Normalized unit: Intensity,False,False,411,0,0.00,null,null,null,null,null,null,null,1062.33,P Sandie 100 Serum II_GD1_01_66532,876.96515:141270 877.96982:66342 878.97448:4348,null,1662005,1867880,2009373,1961269,1875131.5675625,153748.831428875
412,81.930,877.09015,Unknown,[M+H]+,null,1.00,False,null,null,null,null,null,null,999,False,False,False,Normalized unit: Intensity,False,False,412,0,0.00,null,null,null,null,null,null,null,2284.23,P Sandie 100 Serum IV_GD1_01_66534,877.09015:150356 878.09482:99332 879.09948:6314,null,1759079,1956213,2052663,2224845,1998199.89146875,194315.972387151
413,81.930,877.51727,Unknown,[M+H]+,null,1.00,False,null,null,null,null,null,null,999,False,False,False,Normalized unit: Intensity,False,False,413,0,0.00,null,null,null,null,null,null,null,2314.81,P Sandie 100 Serum III_GD1_01_66533,877.51727:253328 878.52194:148308 879.52661:10952,null,2904014,3185616,3367902,3413813,3217836.46560938,231263.898453747
414,74.205,877.72504,no MS2: TG 52:4|TG 8:0_8:0_36:4,[M+Na]+,null,1.00,False,14.237,877.72559,C55H98O6,TG,TVCXNLFXLACFHK-UHFFFAOYSA-N,O=C(OCC(OC(=O)CCCCCCC)COC(=O)CCCCCCCCCCCCCCCCCCCCCCC=CCC=CCC=CCC=CCC)CCCCCCC,530,False,True,False,Normalized unit: Intensity; Annotation method: Msp20260116160945_NCDK_conventional_converted_dev_1,False,False,414,0,0.00,1.00,null,null,null,-1.00,-1.00,-0.143,9256.19,P Sandie 100 Serum IV_GD1_01_66534,877.72589:1231134 878.73056:772412 879.73523:233840,null,36636868,34793103,37215071,36974810,36404962.8810781,1100435.21446206
415,80.872,877.79669,no MS2: RIKEN P-VS1 ID-14438 from Mouse_Plasma_WT_N_Ctr,[M+H]+,null,1.00,False,14.550,877.79492,null,Unknown,null,null,530,False,True,False,Normalized unit: Intensity; Annotation method: Msp20260116160945_NCDK_conventional_converted_dev_1,False,False,415,0,0.00,1.00,null,null,null,-1.00,-1.00,-0.129,4160.38,P Sandie 100 Serum II_GD1_01_66532,877.79486:522058 878.79953:308080 879.80420:92098,null,12912329,13181338,13121409,13498351,13178356.6027187,242500.071566863
416,42.429,878.55066,no MS2: RIKEN P-VS1 ID-14458 from Mouse_Plasma_ApoEKO_N_F1EPA,[M+H]+,null,0.25,False,9.360,878.55042,null,Unknown,null,null,530,False,True,False,Normalized unit: Intensity; Annotation method: Msp20260116160945_NCDK_conventional_converted_dev_1,False,False,416,0,0.00,1.00,null,null,null,-1.00,-1.00,-0.129,670.90,P Sandie 100 Serum IV_GD1_01_66534,878.55066:56320 879.55533:27088 880.55999:7352,null,995786,1097756,1259190,1508968,1215425.23659375,223733.646937616
417,57.672,878.69934,no MS2: PC O-44:5|PC O-16:0_28:5,[M+H]+,null,1.00,False,12.917,878.69971,C52H96NO7P,EtherPC,NKGFQIYBEVOJQB-UHFFFAOYSA-N,O=C(OC(COCCCCCCCCCCCCCCCC)COP(=O)([O-])OCC[N+](C)(C)C)CCCCCCCCCCCC=CCC=CCC=CCC=CCC=CCC,530,False,True,False,Normalized unit: Intensity; Annotation method: Msp20260116160945_NCDK_conventional_converted_dev_1,False,False,417,0,0.00,1.00,null,null,null,-1.00,-1.00,-0.143,526.65,P Sandie 100 Serum II_GD1_01_66532,878.69934:83510 879.70401:43588 880.70868:13140,null,1121974,1268832,1318967,1319130,1257225.54545312,93223.3909288655
418,84.280,878.81696,no MS2: TG 52:1|TG 8:0_8:0_36:1,[M+NH4]+,null,1.00,False,15.104,878.81708,C55H104O6,TG,SQUKIHAMTAEABK-UHFFFAOYSA-N,O=C(OCC(OC(=O)CCCCCCC)COC(=O)CCCCCCCCCCCCCCCCCCCCCCCC=CCCCCCCCCCC)CCCCCCC,530,False,True,False,Normalized unit: Intensity; Annotation method: Msp20260116160945_NCDK_conventional_converted_dev_1,False,False,418,0,0.00,1.00,null,null,null,-1.00,-1.00,-0.143,14152.37,P Sandie 100 Serum III_GD1_01_66533,878.81696:2431530 879.82162:1458872 880.82629:442060,null,16531685,18471307,20800219,20832451,19158915.5057029,2071211.29144392
419,77.917,879.73822,no MS2: TG 52:3|TG 8:0_8:0_36:3,[M+Na]+,null,1.00,False,14.469,879.74121,C55H100O6,TG,SMVJWGZQUSFCNG-UHFFFAOYSA-N,O=C(OCC(OC(=O)CCCCCCC)COC(=O)CCCCCCCCCCCCCCCCCCCCC=CCC=CCC=CCCCCCCC)CCCCCCC,530,False,True,False,Normalized unit: Intensity; Annotation method: Msp20260116160945_NCDK_conventional_converted_dev_1,False,False,419,0,0.00,1.00,null,null,null,-1.00,-1.00,-0.144,17326.63,P Sandie 100 Serum III_GD1_01_66533,879.74176:1415924 880.74643:839890 881.75110:258006,null,54870869,56078202,58405665,58829180,57045978.9166407,1888230.53751884
420,83.767,879.81268,Unknown,[M+H]+,null,1.00,False,null,null,null,null,null,null,999,False,False,False,Normalized unit: Intensity,False,False,420,0,0.00,null,null,null,null,null,null,null,1544.47,P Sandie 100 Serum IV_GD1_01_66534,879.81268:210374 880.81735:124476 881.82202:39532,null,1937341,2106012,2173698,2204291,2105335.48067187,119287.160669449
421,45.418,880.56433,no MS2: SHexCer 42:7;O2|SHexCer 14:1;O2/28:6,[M+H]+,null,0.75,False,8.328,880.56030,C48H81NO11S,SHexCer,NJHGIZOLRMNMKN-UHFFFAOYSA-N,O=C(NC(COC1OC(CO)C(O)C(OS(=O)(=O)O)C1O)C(O)C=CCCCCCCCCC)CCCCCCCCC=CCC=CCC=CCC=CCC=CCC=CCC,530,False,True,False,Normalized unit: Intensity; Annotation method: Msp20260116160945_NCDK_conventional_converted_dev_1,False,False,421,0,0.00,0.90,null,null,null,-1.00,-1.00,-0.193,691.55,P Sandie 100 Serum IV_GD1_01_66534,880.56433:67894 881.56900:30356 882.57367:9026,null,853505,1100494,1188798,1382236,1131258.15201562,219388.447610054
422,85.808,880.83209,no MS2: TG 52:0|TG 8:0_8:0_36:0,[M+NH4]+,null,1.00,False,15.344,880.83282,C55H106O6,TG,BSJPVRXTJVRYDO-UHFFFAOYSA-N,O=C(OCC(OC(=O)CCCCCCC)COC(=O)CCCCCCCCCCCCCCCCCCCCCCCCCCCCCCCCCCC)CCCCCCC,530,False,True,False,Normalized unit: Intensity; Annotation method: Msp20260116160945_NCDK_conventional_converted_dev_1,False,False,422,0,0.00,1.00,null,null,null,-1.00,-1.00,-0.143,1137.96,P Sandie 100 Serum III_GD1_01_66533,880.83301:190672 881.83768:116170 882.84234:32102,null,1203458,1290017,1400991,1449562,1336006.91553124,110757.937764883
423,81.917,881.75751,no MS2: TG 52:2|TG 8:0_8:0_36:2,[M+Na]+,null,1.00,False,14.765,881.75690,C55H102O6,TG,RNPAKTRKCHCWDH-UHFFFAOYSA-N,O=C(OCC(OC(=O)CCCCCCC)COC(=O)CCCCCCCCCCCCCCCCCCCCCCCC=CCC=CCCCCCCC)CCCCCCC,530,False,True,False,Normalized unit: Intensity; Annotation method: Msp20260116160945_NCDK_conventional_converted_dev_1,False,False,423,0,0.00,1.00,null,null,null,-1.00,-1.00,-0.143,12874.95,P Sandie 100 Serum I_GD1_01_66531,881.75714:1209570 882.76181:723300 883.76648:229256,null,32557382,32983161,36005534,33895825,33860475.4926094,1535171.77535099
424,84.280,883.77216,no MS2: TG 52:1|TG 8:0_8:0_36:1,[M+Na]+,null,1.00,False,15.104,883.77252,C55H104O6,TG,SQUKIHAMTAEABK-UHFFFAOYSA-N,O=C(OCC(OC(=O)CCCCCCC)COC(=O)CCCCCCCCCCCCCCCCCCCCCCCC=CCCCCCCCCCC)CCCCCCC,530,False,True,False,Normalized unit: Intensity; Annotation method: Msp20260116160945_NCDK_conventional_converted_dev_1,False,False,424,0,0.00,1.00,null,null,null,-1.00,-1.00,-0.143,5533.75,P Sandie 100 Serum IV_GD1_01_66534,883.77216:616466 884.77682:373272 885.78149:117634,null,5820889,6599620,7111855,7284269,6704157.96065619,656718.416523845
425,72.747,887.78149,no MS2: SL 52:1;O2|SL 16:1;O/36:0;O,[M+NH4]+,null,1.00,False,13.348,887.78442,C52H103NO6S,SL,OTPOJKKXGSCVFS-UHFFFAOYSA-N,O=C(N(CC(O)C=CCCCCCCCCCCC)CS(=O)(=O)O)C(O)CCCCCCCCCCCCCCCCCCCCCCCCCCCCCCCCCC,530,False,True,False,Normalized unit: Intensity; Annotation method: Msp20260116160945_NCDK_conventional_converted_dev_1,False,False,425,0,0.00,0.95,null,null,null,-1.00,-1.00,-0.169,2332.24,P Sandie 100 Serum I_GD1_01_66531,887.78149:301872 888.78616:185834 889.79083:53868,null,6652300,6501732,6057679,6401847,6403389.50739063,252418.755507977
426,81.047,888.80084,no MS2: TG 53:3|TG 8:0_9:0_36:3,[M+NH4]+,null,1.00,False,14.452,888.80151,C56H102O6,TG,PROAZUBDFFEGFS-UHFFFAOYSA-N,O=C(OCC(OC(=O)CCCCCCCC)COC(=O)CCCCCCCCCCCCCCCCCCCCC=CCC=CCC=CCCCCCCC)CCCCCCC,530,False,True,False,Normalized unit: Intensity; Annotation method: Msp20260116160945_NCDK_conventional_converted_dev_1,False,False,426,0,0.00,1.00,null,null,null,-1.00,-1.00,-0.143,545.26,P Sandie 100 Serum I_GD1_01_66531,888.80182:69930 889.80649:42186 890.81115:12564,null,1899331,2107584,2296458,2369569,2168235.6238125,210526.635379207
427,76.194,889.79846,no MS2: SL 52:0;O2|SL 16:0;O/36:0;O,[M+NH4]+,null,1.00,False,13.492,889.80011,C52H105NO6S,SL,KUTAXGAHVKPUNJ-UHFFFAOYSA-N,O=C(N(CC(O)CCCCCCCCCCCCC)CS(=O)(=O)O)C(O)CCCCCCCCCCCCCCCCCCCCCCCCCCCCCCCCCC,530,False,True,False,Normalized unit: Intensity; Annotation method: Msp20260116160945_NCDK_conventional_converted_dev_1,False,False,427,0,0.00,0.98,null,null,null,-1.00,-1.00,-0.151,2311.41,P Sandie 100 Serum I_GD1_01_66531,889.79846:313076 890.80313:184520 891.80780:56998,null,6119906,5541772,5447725,5590439,5674960.56310936,302487.247855714
428,76.647,889.79871,no MS2: SL 52:0;O2|SL 16:0;O/36:0;O,[M+NH4]+,null,1.00,False,13.492,889.80011,C52H105NO6S,SL,KUTAXGAHVKPUNJ-UHFFFAOYSA-N,O=C(N(CC(O)CCCCCCCCCCCCC)CS(=O)(=O)O)C(O)CCCCCCCCCCCCCCCCCCCCCCCCCCCCCCCCCC,530,False,True,False,Normalized unit: Intensity; Annotation method: Msp20260116160945_NCDK_conventional_converted_dev_1,False,False,428,0,0.00,0.99,null,null,null,-1.00,-1.00,-0.149,2298.50,P Sandie 100 Serum I_GD1_01_66531,889.79871:319246 890.80337:191598 891.80804:57884,null,7608428,6850450,6763869,6552289,6943759.17284376,460471.094130508
429,83.588,890.81677,no MS2: TG 53:2|TG 8:0_8:1_37:1,[M+NH4]+,null,1.00,False,15.003,890.81708,C56H104O6,TG,PYYLIQYOBHNTCW-UHFFFAOYSA-N,O=C(OCC(OC(=O)CCC=CCCC)COC(=O)CCCCCCCCCCCCCCCCCCCCCCCCC=CCCCCCCCCCC)CCCCCCC,530,False,True,False,Normalized unit: Intensity; Annotation method: Msp20260116160945_NCDK_conventional_converted_dev_1,False,False,429,0,0.00,1.00,null,null,null,-1.00,-1.00,-0.143,748.63,P Sandie 100 Serum III_GD1_01_66533,890.81708:122746 891.82175:74866 892.82641:25614,null,1402816,1544216,1629347,1786342,1590680.206125,160447.931158787
430,71.437,891.68427,no MS2: RIKEN P-VS1 ID-14882 from Mouse_Spleen_WT_N_F1,[M+K]+,null,0.75,False,14.000,891.68628,null,Unknown,null,null,530,False,True,False,Normalized unit: Intensity; Annotation method: Msp20260116160945_NCDK_conventional_converted_dev_1,False,False,430,0,0.00,0.97,null,null,null,-1.00,-1.00,-0.140,607.62,P Sandie 100 Serum III_GD1_01_66533,891.68427:81618 892.68893:50456 893.69360:17828,null,1731164,1492391,1931302,1531187,1671511.26085938,202340.310167636
431,80.872,891.81213,no MS2: RIKEN P-VS1 ID-14892 from Mouse_Plasma_ApoEKO_N_F1DHA,[M+H]+,null,1.00,False,14.840,891.81812,null,Unknown,null,null,530,False,True,False,Normalized unit: Intensity; Annotation method: Msp20260116160945_NCDK_conventional_converted_dev_1,False,False,431,0,0.00,0.83,null,null,null,-1.00,-1.00,-0.206,3238.96,P Sandie 100 Serum III_GD1_01_66533,891.81262:425098 892.81729:259778 893.82196:74930,null,11911990,11069682,11093548,10893486,11242176.3053594,455368.157895997
432,74.214,893.69977,no MS2: DG 55:10,[M+Na]+,null,1.00,False,13.426,893.69928,C58H94O5,DG,NBDAMURSQTXDDU-UHFFFAOYSA-N,O=C(OCC(OC(=O)CCCCCCC=CCC=CCC=CCC=CCC=CCC=CCC=CCC=CCC=CCC=CCC)CO)CCCCCCCCCCCCCCCC,530,False,True,False,Normalized unit: Intensity; Annotation method: Msp20260116160945_NCDK_conventional_converted_dev_1,False,False,432,0,0.00,1.00,null,null,null,-1.00,-1.00,-0.143,2009.91,P Sandie 100 Serum III_GD1_01_66533,893.69946:285726 894.70413:169894 895.70880:60478,null,8202878,9052740,8965209,9162581,8845852.21315625,436188.767658014
433,83.767,893.82733,Unknown,[M+H]+,null,1.00,False,null,null,null,null,null,null,999,False,False,False,Normalized unit: Intensity,False,False,433,0,0.00,null,null,null,null,null,null,null,1836.57,P Sandie 100 Serum II_GD1_01_66532,893.82733:280620 894.83200:169166 895.83667:51608,null,2988460,3029980,2912649,2926028,2964279.18915625,54863.9338633551
434,69.675,894.75403,no MS2: TG 54:7|TG 8:0_8:0_38:7,[M+NH4]+,null,1.00,False,13.258,894.75452,C57H96O6,TG,VGEWCLLUPAZUPL-UHFFFAOYSA-N,O=C(OCC(OC(=O)CCCCCCC)COC(=O)CCCCCCCCCCCCCCCC=CCC=CCC=CCC=CCC=CCC=CCC=CCC)CCCCCCC,530,False,True,False,Normalized unit: Intensity; Annotation method: Msp20260116160945_NCDK_conventional_converted_dev_1,False,False,434,0,0.00,1.00,null,null,null,-1.00,-1.00,-0.143,732.84,P Sandie 100 Serum III_GD1_01_66533,894.75470:107776 895.75937:71558 896.76404:24238,null,1594872,1429639,1908357,2005383,1734562.70467188,268353.100152427
435,71.098,894.75488,no MS2: TG 54:7|TG 8:0_8:0_38:7,[M+NH4]+,null,1.00,False,13.258,894.75452,C57H96O6,TG,VGEWCLLUPAZUPL-UHFFFAOYSA-N,O=C(OCC(OC(=O)CCCCCCC)COC(=O)CCCCCCCCCCCCCCCC=CCC=CCC=CCC=CCC=CCC=CCC=CCC)CCCCCCC,530,False,True,False,Normalized unit: Intensity; Annotation method: Msp20260116160945_NCDK_conventional_converted_dev_1,False,False,435,0,0.00,1.00,null,null,null,-1.00,-1.00,-0.143,480.40,P Sandie 100 Serum II_GD1_01_66532,894.75464:80700 895.75931:48418 896.76397:15750,null,1178309,1275765,1377993,1399184,1307813.00882813,101771.289506532
436,78.002,895.71686,no MS2: BA 24:1;O4;T/26:0,[M+NH4]+,null,0.25,False,14.165,895.71680,C52H95NO7S,TDCAE,UPSNDPCBNBSCER-UHFFFAOYSA-N,O=C(OC1CCC2(C)C(CCC3C4CCC(C(C)CCC(O)=NCCS(=O)(=O)O)C4(C)C(O)CC32)C1)CCCCCCCCCCCCCCCCCCCCCCCCC,530,False,True,False,Normalized unit: Intensity; Annotation method: Msp20260116160945_NCDK_conventional_converted_dev_1,False,False,436,0,0.00,1.00,null,null,null,-1.00,-1.00,-0.143,1876.72,P Sandie 100 Serum I_GD1_01_66531,895.71686:277204 896.72153:158108 897.72619:62084,null,13003334,6008237,6661017,6041269,7928464.32782819,3396542.47226753
437,64.566,895.73761,no MS2: RIKEN P-VS1 ID-15029 from Mouse_Adipose_WT_N_F1AA,[M+H]+,null,1.00,False,13.390,895.73962,null,Unknown,null,null,530,False,True,False,Normalized unit: Intensity; Annotation method: Msp20260116160945_NCDK_conventional_converted_dev_1,False,False,437,0,0.00,0.99,null,null,null,-1.00,-1.00,-0.132,837.33,P Sandie 100 Serum I_GD1_01_66531,895.73853:106154 896.74319:65776 897.74786:18452,null,1681510,1837986,1878556,2028366,1856604.42789062,142581.397463613
438,83.579,895.77234,no MS2: TG 53:2|TG 8:0_8:1_37:1,[M+Na]+,null,1.00,False,15.003,895.77252,C56H104O6,TG,PYYLIQYOBHNTCW-UHFFFAOYSA-N,O=C(OCC(OC(=O)CCC=CCCC)COC(=O)CCCCCCCCCCCCCCCCCCCCCCCCC=CCCCCCCCCCC)CCCCCCC,530,False,True,False,Normalized unit: Intensity; Annotation method: Msp20260116160945_NCDK_conventional_converted_dev_1,False,False,438,0,0.00,1.00,null,null,null,-1.00,-1.00,-0.143,771.02,P Sandie 100 Serum IV_GD1_01_66534,895.77234:117244 896.77701:71200 897.78167:21824,null,1376732,1486096,1617151,1659098,1534769.37584375,128567.880799932
439,73.757,896.77039,no MS2: TG 54:6|TG 8:0_8:0_38:6,[M+NH4]+,null,1.00,False,13.776,896.77020,C57H98O6,TG,MPJPHTZTJJUBFS-UHFFFAOYSA-N,O=C(OCC(OC(=O)CCCCCCC)COC(=O)CCCCCCCCCCCCCCCCCCC=CCC=CCC=CCC=CCC=CCC=CCC)CCCCCCC,530,False,True,False,Normalized unit: Intensity; Annotation method: Msp20260116160945_NCDK_conventional_converted_dev_1,False,False,439,0,0.00,1.00,null,null,null,-1.00,-1.00,-0.143,2013.72,P Sandie 100 Serum IV_GD1_01_66534,896.77039:237258 897.77505:152408 898.77972:47566,null,3501676,3758821,4004908,4202993,3867099.22178125,303904.660853746
440,71.433,897.76544,no MS2: SL 53:3;O2|SL 17:1;O/36:2;O,[M+NH4]+,null,1.00,False,13.080,897.76880,C53H101NO6S,SL,PKJHCKJBQVHREW-UHFFFAOYSA-N,O=C(N(CC(O)C=CCCCCCCCCCCCC)CS(=O)(=O)O)C(O)CCCCCCCCCCCCCCCCCCCCCCC=CCC=CCCCCCCC,530,False,True,False,Normalized unit: Intensity; Annotation method: Msp20260116160945_NCDK_conventional_converted_dev_1,False,False,440,0,0.00,0.96,null,null,null,-1.00,-1.00,-0.162,1328.07,P Sandie 100 Serum I_GD1_01_66531,897.76630:140334 898.77096:84024 899.77563:23402,null,2617790,2720807,2746192,2929262,2753512.70771876,129655.758564294
441,72.327,897.77362,no MS2: SM 48:2;O2|SM 12:1;O2/36:1,[M+H]+,null,0.50,False,13.274,897.77832,C53H105N2O6P,SM,VMTKMZXPTGHAGL-UHFFFAOYSA-N,O=C(NC(COP(=O)([O-])OCC[N+](C)(C)C)C(O)C=CCCCCCCC)CCCCCCCCCCCCCCCCCCCCCCCC=CCCCCCCCCCC,530,False,True,False,Normalized unit: Intensity; Annotation method: Msp20260116160945_NCDK_conventional_converted_dev_1,False,False,441,0,0.00,0.88,null,null,null,-1.00,-1.00,-0.201,1920.07,P Sandie 100 Serum II_GD1_01_66532,897.77386:252420 898.77853:81710 899.78320:19622,null,3825848,3919315,4039997,4272802,4014490.55004688,193235.355196603
442,72.154,897.77472,no MS2: SM 48:2;O2|SM 12:1;O2/36:1,[M+H]+,null,0.25,False,13.274,897.77832,C53H105N2O6P,SM,VMTKMZXPTGHAGL-UHFFFAOYSA-N,O=C(NC(COP(=O)([O-])OCC[N+](C)(C)C)C(O)C=CCCCCCCC)CCCCCCCCCCCCCCCCCCCCCCCC=CCCCCCCCCCC,530,False,True,False,Normalized unit: Intensity; Annotation method: Msp20260116160945_NCDK_conventional_converted_dev_1,False,False,442,0,0.00,0.92,null,null,null,-1.00,-1.00,-0.182,1930.08,P Sandie 100 Serum III_GD1_01_66533,897.77472:233466 898.77939:76578 899.78405:15986,null,2766988,3185418,3411215,3478892,3210628.32596874,321275.065745793
443,77.387,898.78430,no MS2: TG 54:5|TG 8:0_8:0_38:5,[M+NH4]+,null,1.00,False,14.112,898.78583,C57H100O6,TG,QEUNXFKXMXOSEM-UHFFFAOYSA-N,O=C(OCC(OC(=O)CCCCCCC)COC(=O)CCCCCCCCCCCCCCCCCCCCCC=CCC=CCC=CCC=CCC=CCC)CCCCCCC,530,False,True,False,Normalized unit: Intensity; Annotation method: Msp20260116160945_NCDK_conventional_converted_dev_1,False,False,443,0,0.00,1.00,null,null,null,-1.00,-1.00,-0.145,1362.00,P Sandie 100 Serum III_GD1_01_66533,898.78656:218612 899.79123:137570 900.79590:40782,null,4367713,4686705,5121333,5314586,4872584.27998438,426883.053096823
444,75.350,898.78540,no MS2: TG 54:5|TG 8:0_8:0_38:5,[M+NH4]+,null,1.00,False,14.112,898.78583,C57H100O6,TG,QEUNXFKXMXOSEM-UHFFFAOYSA-N,O=C(OCC(OC(=O)CCCCCCC)COC(=O)CCCCCCCCCCCCCCCCCCCCCC=CCC=CCC=CCC=CCC=CCC)CCCCCCC,530,False,True,False,Normalized unit: Intensity; Annotation method: Msp20260116160945_NCDK_conventional_converted_dev_1,False,False,444,0,0.00,1.00,null,null,null,-1.00,-1.00,-0.143,6743.19,P Sandie 100 Serum IV_GD1_01_66534,898.78540:991296 899.79007:632078 900.79474:204442,null,16148970,16979937,18616758,19219220,17741221.5101876,1421954.27940751
445,69.675,899.70941,no MS2: TG 54:7|TG 8:0_8:0_38:7,[M+Na]+,null,1.00,False,13.258,899.70990,C57H96O6,TG,VGEWCLLUPAZUPL-UHFFFAOYSA-N,O=C(OCC(OC(=O)CCCCCCC)COC(=O)CCCCCCCCCCCCCCCC=CCC=CCC=CCC=CCC=CCC=CCC=CCC)CCCCCCC,530,False,True,False,Normalized unit: Intensity; Annotation method: Msp20260116160945_NCDK_conventional_converted_dev_1,False,False,445,0,0.00,1.00,null,null,null,-1.00,-1.00,-0.143,995.78,P Sandie 100 Serum III_GD1_01_66533,899.70996:129844 900.71463:84166 901.71930:23896,null,2131401,2291565,2455494,2469405,2336966.18634375,159067.077472882
446,74.210,899.78149,no MS2: SL 53:2;O2|SL 17:1;O/36:1;O,[M+NH4]+,null,1.00,False,13.025,899.78442,C53H103NO6S,SL,DHVOQCZSBREZNK-UHFFFAOYSA-N,O=C(N(CC(O)C=CCCCCCCCCCCCC)CS(=O)(=O)O)C(O)CCCCCCCCCCCCCCCCCCCCCCC=CCCCCCCCCCC,530,False,True,False,Normalized unit: Intensity; Annotation method: Msp20260116160945_NCDK_conventional_converted_dev_1,False,False,446,0,0.00,0.99,null,null,null,-1.00,-1.00,-0.150,5097.00,P Sandie 100 Serum I_GD1_01_66531,899.78290:623186 900.78757:385628 901.79223:118598,null,15472299,15496569,15427403,16295842,15673028.3707187,416196.663300014
447,79.319,900.79840,no MS2: TG 54:4|TG 8:0_8:0_38:4,[M+NH4]+,null,1.00,False,14.090,900.80151,C57H102O6,TG,SDHHDMYGROQKNA-UHFFFAOYSA-N,O=C(OCC(OC(=O)CCCCCCC)COC(=O)CCCCCCCCCCCCCCCCCCCCCCCCC=CCC=CCC=CCC=CCC)CCCCCCC,530,False,True,False,Normalized unit: Intensity; Annotation method: Msp20260116160945_NCDK_conventional_converted_dev_1,False,False,447,0,0.00,1.00,null,null,null,-1.00,-1.00,-0.144,9035.16,P Sandie 100 Serum III_GD1_01_66533,900.80200:1282158 901.80667:803544 902.81134:270486,null,27047022,29743916,31165061,33476016,30358003.9287343,2690293.85916233
448,79.924,900.79913,no MS2: TG 54:4|TG 8:0_8:0_38:4,[M+NH4]+,null,1.00,False,14.090,900.80151,C57H102O6,TG,SDHHDMYGROQKNA-UHFFFAOYSA-N,O=C(OCC(OC(=O)CCCCCCC)COC(=O)CCCCCCCCCCCCCCCCCCCCCCCCC=CCC=CCC=CCC=CCC)CCCCCCC,530,False,True,False,Normalized unit: Intensity; Annotation method: Msp20260116160945_NCDK_conventional_converted_dev_1,False,False,448,0,0.00,0.99,null,null,null,-1.00,-1.00,-0.146,1584.70,P Sandie 100 Serum I_GD1_01_66531,900.80255:225590 901.80722:142130 902.81189:43612,null,6503748,6951543,7594602,7920102,7242499.00051561,636011.068366783
449,72.408,901.72528,no MS2: TG 54:6|TG 8:0_8:0_38:6,[M+Na]+,null,1.00,False,13.776,901.72559,C57H98O6,TG,MPJPHTZTJJUBFS-UHFFFAOYSA-N,O=C(OCC(OC(=O)CCCCCCC)COC(=O)CCCCCCCCCCCCCCCCCCC=CCC=CCC=CCC=CCC=CCC=CCC)CCCCCCC,530,False,True,False,Normalized unit: Intensity; Annotation method: Msp20260116160945_NCDK_conventional_converted_dev_1,False,False,449,0,0.00,1.00,null,null,null,-1.00,-1.00,-0.143,2010.01,P Sandie 100 Serum III_GD1_01_66533,901.72540:273358 902.73007:170344 903.73474:54136,null,4951369,5383130,5619103,5828949,5445637.67129687,376486.68953077
450,73.753,901.72577,no MS2: TG 54:6|TG 8:0_8:0_38:6,[M+Na]+,null,1.00,False,13.776,901.72559,C57H98O6,TG,MPJPHTZTJJUBFS-UHFFFAOYSA-N,O=C(OCC(OC(=O)CCCCCCC)COC(=O)CCCCCCCCCCCCCCCCCCC=CCC=CCC=CCC=CCC=CCC=CCC)CCCCCCC,530,False,True,False,Normalized unit: Intensity; Annotation method: Msp20260116160945_NCDK_conventional_converted_dev_1,False,False,450,0,0.00,1.00,null,null,null,-1.00,-1.00,-0.143,1243.17,P Sandie 100 Serum IV_GD1_01_66534,901.72577:203258 902.73044:123052 903.73510:38762,null,3553006,3820818,3992075,4105177,3867769.08429688,240204.32924651
451,77.922,901.79840,no MS2: SL 53:1;O2|SL 17:1;O/36:0;O,[M+NH4]+,null,1.00,False,13.403,901.80011,C53H105NO6S,SL,NCGZLJNHILSLNJ-UHFFFAOYSA-N,O=C(N(CC(O)C=CCCCCCCCCCCCC)CS(=O)(=O)O)C(O)CCCCCCCCCCCCCCCCCCCCCCCCCCCCCCCCCC,530,False,True,False,Normalized unit: Intensity; Annotation method: Msp20260116160945_NCDK_conventional_converted_dev_1,False,False,451,0,0.00,0.98,null,null,null,-1.00,-1.00,-0.152,6983.93,P Sandie 100 Serum I_GD1_01_66531,901.79840:897924 902.80307:539124 903.80774:168616,null,31629111,30720809,31372782,31435510,31289553.2791875,394546.073140341
452,82.770,902.81635,no MS2: TG 54:3|TG 8:0_8:0_38:3,[M+NH4]+,null,1.00,False,14.407,902.81708,C57H104O6,TG,RCSKZUBNPPWQCB-UHFFFAOYSA-N,O=C(OCC(OC(=O)CCCCCCC)COC(=O)CCCCCCCCCCCCCCCCCCCCCCC=CCC=CCC=CCCCCCCC)CCCCCCC,530,False,True,False,Normalized unit: Intensity; Annotation method: Msp20260116160945_NCDK_conventional_converted_dev_1,False,False,452,0,0.00,1.00,null,null,null,-1.00,-1.00,-0.143,13436.53,P Sandie 100 Serum III_GD1_01_66533,902.81726:2186510 903.82193:1339676 904.82660:423442,null,23449602,25508663,28203468,27954179,26278977.9869216,2244156.55875971
453,83.053,902.81708,no MS2: TG 54:3|TG 8:0_8:0_38:3,[M+NH4]+,null,1.00,False,14.407,902.81708,C57H104O6,TG,RCSKZUBNPPWQCB-UHFFFAOYSA-N,O=C(OCC(OC(=O)CCCCCCC)COC(=O)CCCCCCCCCCCCCCCCCCCCCCC=CCC=CCC=CCCCCCCC)CCCCCCC,530,False,True,False,Normalized unit: Intensity; Annotation method: Msp20260116160945_NCDK_conventional_converted_dev_1,False,False,453,0,0.00,1.00,null,null,null,-1.00,-1.00,-0.143,8798.86,P Sandie 100 Serum IV_GD1_01_66534,902.81708:1523820 903.82175:947736 904.82641:303356,null,14265354,15889388,16588372,18636969,16345020.8758283,1811524.50326972
454,75.363,903.74036,no MS2: TG 54:5|TG 8:0_8:0_38:5,[M+Na]+,null,1.00,False,14.112,903.74121,C57H100O6,TG,QEUNXFKXMXOSEM-UHFFFAOYSA-N,O=C(OCC(OC(=O)CCCCCCC)COC(=O)CCCCCCCCCCCCCCCCCCCCCC=CCC=CCC=CCC=CCC=CCC)CCCCCCC,530,False,True,False,Normalized unit: Intensity; Annotation method: Msp20260116160945_NCDK_conventional_converted_dev_1,False,False,454,0,0.00,1.00,null,null,null,-1.00,-1.00,-0.144,6106.28,P Sandie 100 Serum III_GD1_01_66533,903.74054:690718 904.74521:418406 905.74988:138208,null,15566112,17006655,17455364,17958508,16996659.7235157,1029907.15541279
455,77.369,903.74121,no MS2: TG 54:5|TG 8:0_8:0_38:5,[M+Na]+,null,1.00,False,14.112,903.74121,C57H100O6,TG,QEUNXFKXMXOSEM-UHFFFAOYSA-N,O=C(OCC(OC(=O)CCCCCCC)COC(=O)CCCCCCCCCCCCCCCCCCCCCC=CCC=CCC=CCC=CCC=CCC)CCCCCCC,530,False,True,False,Normalized unit: Intensity; Annotation method: Msp20260116160945_NCDK_conventional_converted_dev_1,False,False,455,0,0.00,1.00,null,null,null,-1.00,-1.00,-0.143,1572.30,P Sandie 100 Serum III_GD1_01_66533,903.74121:204062 904.74588:122152 905.75055:41078,null,4711170,4895514,5100672,5195193,4975637.38439063,216179.791719321
456,81.930,903.81110,no MS2: SL 53:0;O2|SL 17:0;O/36:0;O,[M+NH4]+,null,1.00,False,13.516,903.81567,C53H107NO6S,SL,RCVXRKUUOMNFJX-UHFFFAOYSA-N,O=C(N(CC(O)CCCCCCCCCCCCCC)CS(=O)(=O)O)C(O)CCCCCCCCCCCCCCCCCCCCCCCCCCCCCCCCCC,530,False,True,False,Normalized unit: Intensity; Annotation method: Msp20260116160945_NCDK_conventional_converted_dev_1,False,False,456,0,0.00,0.96,null,null,null,-1.00,-1.00,-0.161,6630.30,P Sandie 100 Serum I_GD1_01_66531,903.81323:808282 904.81790:508340 905.82257:154200,null,20029019,20281650,20671031,20013139,20248709.6641406,307244.616185589
457,84.737,904.83246,no MS2: TG 54:2|TG 8:0_8:0_38:2,[M+NH4]+,null,1.00,False,14.863,904.83282,C57H106O6,TG,CJABAEYPPMEUSO-UHFFFAOYSA-N,O=C(OCC(OC(=O)CCCCCCC)COC(=O)CCCCCCCCCCCCCCCCCCCCCCCCCC=CCC=CCCCCCCC)CCCCCCC,530,False,True,False,Normalized unit: Intensity; Annotation method: Msp20260116160945_NCDK_conventional_converted_dev_1,False,False,457,0,0.00,1.00,null,null,null,-1.00,-1.00,-0.143,12680.31,P Sandie 100 Serum IV_GD1_01_66534,904.83289:2084650 905.83755:1294970 906.84222:422282,null,16611707,18208267,20046785,19945975,18703183.5840312,1629827.41124124
458,79.924,905.75421,no MS2: TG 54:4|TG 8:0_8:0_38:4,[M+Na]+,null,1.00,False,14.090,905.75690,C57H102O6,TG,SDHHDMYGROQKNA-UHFFFAOYSA-N,O=C(OCC(OC(=O)CCCCCCC)COC(=O)CCCCCCCCCCCCCCCCCCCCCCCCC=CCC=CCC=CCC=CCC)CCCCCCC,530,False,True,False,Normalized unit: Intensity; Annotation method: Msp20260116160945_NCDK_conventional_converted_dev_1,False,False,458,0,0.00,1.00,null,null,null,-1.00,-1.00,-0.145,2902.54,P Sandie 100 Serum I_GD1_01_66531,905.75775:256996 906.76242:160786 907.76709:48940,null,8058238,8454308,8991572,9042273,8636597.91899999,468440.175627486
459,79.297,905.75433,no MS2: TG 54:4|TG 8:0_8:0_38:4,[M+Na]+,null,1.00,False,14.090,905.75690,C57H102O6,TG,SDHHDMYGROQKNA-UHFFFAOYSA-N,O=C(OCC(OC(=O)CCCCCCC)COC(=O)CCCCCCCCCCCCCCCCCCCCCCCCC=CCC=CCC=CCC=CCC)CCCCCCC,530,False,True,False,Normalized unit: Intensity; Annotation method: Msp20260116160945_NCDK_conventional_converted_dev_1,False,False,459,0,0.00,1.00,null,null,null,-1.00,-1.00,-0.144,6344.85,P Sandie 100 Serum III_GD1_01_66533,905.75757:727444 906.76224:464016 907.76690:148554,null,19946439,20916064,21308982,22692356,21215960.235625,1138715.64694398
460,84.285,905.82690,Unknown,[M+H]+,null,1.00,False,null,null,null,null,null,null,999,False,False,False,Normalized unit: Intensity,False,False,460,0,0.00,null,null,null,null,null,null,null,4855.80,P Sandie 100 Serum II_GD1_01_66532,905.82690:631484 906.83157:387558 907.83624:127148,null,6853876,7041464,7078865,6848168,6955593.49498431,121732.386813019
461,86.165,906.84741,no MS2: TG 54:1|TG 8:0_8:0_38:1,[M+NH4]+,null,1.00,False,15.126,906.84839,C57H108O6,TG,LELWTXMKFFCBDE-UHFFFAOYSA-N,O=C(OCC(OC(=O)CCCCCCC)COC(=O)CCCCCCCCCCCCCCCCCCCCCCCCCC=CCCCCCCCCCC)CCCCCCC,530,False,True,False,Normalized unit: Intensity; Annotation method: Msp20260116160945_NCDK_conventional_converted_dev_1,False,False,461,0,0.00,1.00,null,null,null,-1.00,-1.00,-0.143,1795.20,P Sandie 100 Serum III_GD1_01_66533,906.84802:324296 907.85269:201754 908.85736:61312,null,1993363,2182734,2342730,2350314,2217285.53976564,168095.010055836
462,83.053,907.77252,no MS2: TG 54:3|TG 8:0_8:0_38:3,[M+Na]+,null,1.00,False,14.407,907.77252,C57H104O6,TG,RCSKZUBNPPWQCB-UHFFFAOYSA-N,O=C(OCC(OC(=O)CCCCCCC)COC(=O)CCCCCCCCCCCCCCCCCCCCCCC=CCC=CCC=CCCCCCCC)CCCCCCC,530,False,True,False,Normalized unit: Intensity; Annotation method: Msp20260116160945_NCDK_conventional_converted_dev_1,False,False,462,0,0.00,1.00,null,null,null,-1.00,-1.00,-0.143,5909.78,P Sandie 100 Serum III_GD1_01_66533,907.77252:782942 908.77719:479412 909.78186:153728,null,9715747,10577260,11808533,11607074,10927153.5706407,971090.780847031
463,82.765,907.77271,no MS2: TG 54:3|TG 8:0_8:0_38:3,[M+Na]+,null,1.00,False,14.407,907.77252,C57H104O6,TG,RCSKZUBNPPWQCB-UHFFFAOYSA-N,O=C(OCC(OC(=O)CCCCCCC)COC(=O)CCCCCCCCCCCCCCCCCCCCCCC=CCC=CCC=CCCCCCCC)CCCCCCC,530,False,True,False,Normalized unit: Intensity; Annotation method: Msp20260116160945_NCDK_conventional_converted_dev_1,False,False,463,0,0.00,1.00,null,null,null,-1.00,-1.00,-0.143,6686.18,P Sandie 100 Serum III_GD1_01_66533,907.77271:865888 908.77737:540786 909.78204:173048,null,13304099,13956168,14642136,14430122,14083131.0283593,593267.94522999
464,85.799,907.84320,Unknown,[M+H]+,null,0.75,False,null,null,null,null,null,null,999,False,False,False,Normalized unit: Intensity,False,False,464,0,0.00,null,null,null,null,null,null,null,542.63,P Sandie 100 Serum IV_GD1_01_66534,907.84320:84168 908.84787:51628 909.85254:15754,null,448551,525788,602668,624930,550484.174843745,80136.5523504688
465,84.733,909.78815,no MS2: TG 54:2|TG 8:0_8:0_38:2,[M+Na]+,null,1.00,False,14.863,909.78821,C57H106O6,TG,CJABAEYPPMEUSO-UHFFFAOYSA-N,O=C(OCC(OC(=O)CCCCCCC)COC(=O)CCCCCCCCCCCCCCCCCCCCCCCCCC=CCC=CCCCCCCC)CCCCCCC,530,False,True,False,Normalized unit: Intensity; Annotation method: Msp20260116160945_NCDK_conventional_converted_dev_1,False,False,465,0,0.00,1.00,null,null,null,-1.00,-1.00,-0.143,3482.35,P Sandie 100 Serum IV_GD1_01_66534,909.78815:479226 910.79281:304810 911.79748:95604,null,4452009,5278560,5731143,5944231,5351485.85724999,660773.142470909
466,71.433,911.78204,no MS2: SL 54:3;O2|SL 18:1;O/36:2;O,[M+NH4]+,null,1.00,False,13.129,911.78442,C54H103NO6S,SL,LUERMGCSBBAQHE-UHFFFAOYSA-N,O=C(N(CC(O)C=CCCCCCCCCCCCCC)CS(=O)(=O)O)C(O)CCCCCCCCCCCCCCCCCCCCCCC=CCC=CCCCCCCC,530,False,True,False,Normalized unit: Intensity; Annotation method: Msp20260116160945_NCDK_conventional_converted_dev_1,False,False,466,0,0.00,0.97,null,null,null,-1.00,-1.00,-0.159,818.63,P Sandie 100 Serum II_GD1_01_66532,911.78210:110288 912.78677:68156 913.79144:21192,null,2728502,2225545,2523963,2114653,2398165.64839063,279955.129821098
467,74.205,913.79852,no MS2: SL 54:2;O2|SL 18:1;O/36:1;O,[M+NH4]+,null,1.00,False,13.305,913.80011,C54H105NO6S,SL,RKZQMLBZUOEOMF-UHFFFAOYSA-N,O=C(N(CC(O)C=CCCCCCCCCCCCCC)CS(=O)(=O)O)C(O)CCCCCCCCCCCCCCCCCCCCCCC=CCCCCCCCCCC,530,False,True,False,Normalized unit: Intensity; Annotation method: Msp20260116160945_NCDK_conventional_converted_dev_1,False,False,467,0,0.00,0.99,null,null,null,-1.00,-1.00,-0.150,3974.82,P Sandie 100 Serum I_GD1_01_66531,913.79852:545494 914.80319:337524 915.80786:107780,null,15020645,12478352,13162787,12136874,13199664.3044375,1286746.07423596
468,77.913,915.81396,no MS2: RIKEN P-VS1 ID-15692 from Mouse_Adipose_WT_N_F1,[M+H]+,null,1.00,False,14.190,915.81299,null,Unknown,null,null,530,False,True,False,Normalized unit: Intensity; Annotation method: Msp20260116160945_NCDK_conventional_converted_dev_1,False,False,468,0,0.00,1.00,null,null,null,-1.00,-1.00,-0.130,5548.50,P Sandie 100 Serum III_GD1_01_66533,915.81219:658666 916.81686:417440 917.82153:138070,null,27501816,24791519,24122663,23781040,25049259.5307031,1688038.77926919
469,83.579,917.82770,no MS2: SL 54:0;O2|SL 18:0;O/36:0;O,[M+NH4]+,null,1.00,False,13.738,917.83142,C54H109NO6S,SL,ZCFCOQUQAMEYLD-UHFFFAOYSA-N,O=C(N(CC(O)CCCCCCCCCCCCCCC)CS(=O)(=O)O)C(O)CCCCCCCCCCCCCCCCCCCCCCCCCCCCCCCCCC,530,False,True,False,Normalized unit: Intensity; Annotation method: Msp20260116160945_NCDK_conventional_converted_dev_1,False,False,469,0,0.00,0.97,null,null,null,-1.00,-1.00,-0.155,472.39,P Sandie 100 Serum I_GD1_01_66531,917.82935:66172 918.83401:41906 919.83868:12880,null,958008,954424,1070714,1102644,1021447.32229688,76456.4587086624
470,81.939,917.82825,no MS2: SL 54:0;O2|SL 18:0;O/36:0;O,[M+NH4]+,null,1.00,False,13.738,917.83142,C54H109NO6S,SL,ZCFCOQUQAMEYLD-UHFFFAOYSA-N,O=C(N(CC(O)CCCCCCCCCCCCCCC)CS(=O)(=O)O)C(O)CCCCCCCCCCCCCCCCCCCCCCCCCCCCCCCCCC,530,False,True,False,Normalized unit: Intensity; Annotation method: Msp20260116160945_NCDK_conventional_converted_dev_1,False,False,470,0,0.00,0.96,null,null,null,-1.00,-1.00,-0.163,5950.39,P Sandie 100 Serum III_GD1_01_66533,917.82880:776072 918.83346:476038 919.83813:151582,null,20313948,19211351,19560781,18276581,19340665.2823281,845523.070576128
471,77.352,919.71295,no MS2: BA 24:1;O4;T/28:2,[M+K]+,null,1.00,False,13.797,919.71680,C54H95NO7S,TDCAE,HMUBMGQVROWXOC-UHFFFAOYSA-N,O=C(OC1CCC2(C)C(CCC3C4CCC(C(C)CCC(O)=NCCS(=O)(=O)O)C4(C)C(O)CC32)C1)CCCCCCCCCCCCCCCC=CCC=CCCCCCCC,530,False,True,False,Normalized unit: Intensity; Annotation method: Msp20260116160945_NCDK_conventional_converted_dev_1,False,False,471,0,0.00,1.00,null,null,null,-1.00,-1.00,-0.143,534.97,P Sandie 100 Serum I_GD1_01_66531,919.71698:57278 920.72165:33634 921.72632:12692,null,1389565,1430082,1367782,1399806,1396808.67845312,25891.5412301554
472,75.358,919.71429,no MS2: DG 57:11,[M+Na]+,null,1.00,False,13.301,919.71503,C60H96O5,DG,IJZUVOQDQKNCNW-UHFFFAOYSA-N,O=C(OCC(OC(=O)CCCCCCC=CCC=CCC=CCC=CCC=CCC=CCC=CCC=CCC=CCC=CCC)CO)CCCCCCCC=CCCCCCCCCC,530,False,True,False,Normalized unit: Intensity; Annotation method: Msp20260116160945_NCDK_conventional_converted_dev_1,False,False,472,0,0.00,1.00,null,null,null,-1.00,-1.00,-0.144,1433.08,P Sandie 100 Serum III_GD1_01_66533,919.71436:179204 920.71902:110968 921.72369:40344,null,3779297,4012974,4055731,4032905,3970226.68489064,128479.62663167
473,84.285,919.84473,Unknown,[M+H]+,null,1.00,False,null,null,null,null,null,null,999,False,False,False,Normalized unit: Intensity,False,False,473,0,0.00,null,null,null,null,null,null,null,6160.51,P Sandie 100 Serum I_GD1_01_66531,919.84473:804986 920.84939:512044 921.85406:173092,null,9619194,9396664,9074654,8887035,9244386.62893743,326689.629649424
474,73.033,920.77020,no MS2: TG 56:8|TG 8:0_10:0_38:8,[M+NH4]+,null,0.25,False,13.038,920.77020,C59H98O6,TG,IGKHUCZLFYVCFZ-UHFFFAOYSA-N,O=C(OCC(OC(=O)CCCCCCCCC)COC(=O)CCCCCCCCCCCCC=CCC=CCC=CCC=CCC=CCC=CCC=CCC=CCC)CCCCCCC,530,False,True,False,Normalized unit: Intensity; Annotation method: Msp20260116160945_NCDK_conventional_converted_dev_1,False,False,474,0,0.00,1.00,null,null,null,-1.00,-1.00,-0.143,441.37,P Sandie 100 Serum IV_GD1_01_66534,920.77020:66994 921.77487:40732 922.77954:13000,null,1128648,1246146,1239331,1452011,1266533.7173125,134870.368483759
475,79.297,921.72845,no MS2: BA 24:1;O4;T/28:1,[M+NH4]+,null,1.00,False,14.013,921.73242,C54H97NO7S,TDCAE,WZJSCWTUVIXDDI-UHFFFAOYSA-N,O=C(OC1CCC2(C)C(CCC3C4CCC(C(C)CCC(O)=NCCS(=O)(=O)O)C4(C)C(O)CC32)C1)CCCCCCCCCCCCCCCCCC=CCCCCCCCC,530,False,True,False,Normalized unit: Intensity; Annotation method: Msp20260116160945_NCDK_conventional_converted_dev_1,False,False,475,0,0.00,1.00,null,null,null,-1.00,-1.00,-0.143,1443.78,P Sandie 100 Serum III_GD1_01_66533,921.73206:190354 922.73672:114962 923.74139:43736,null,5666596,5563314,5813977,5766440,5702581.71767187,111321.235595945
476,85.808,921.85779,Unknown,[M+H]+,null,1.00,False,null,null,null,null,null,null,999,False,False,False,Normalized unit: Intensity,False,False,476,0,0.00,null,null,null,null,null,null,null,1679.27,P Sandie 100 Serum II_GD1_01_66532,921.85779:257072 922.86246:155740 923.86712:52380,null,1878777,1925124,1844711,1869856,1879617.06609373,33592.0792629332
477,74.797,922.78540,no MS2: RIKEN P-VS1 ID-15887 from Mouse_SmallIntestine_WT_N_F1AA,[M+H]+,null,1.00,False,15.040,922.78387,null,Unknown,null,null,530,False,True,False,Normalized unit: Intensity; Annotation method: Msp20260116160945_NCDK_conventional_converted_dev_1,False,False,477,0,0.00,1.00,null,null,null,-1.00,-1.00,-0.130,1679.32,P Sandie 100 Serum II_GD1_01_66532,922.78473:240898 923.78940:165050 924.79406:51518,null,4831214,5126050,5660230,5543729,5290305.68500001,382453.604183359
478,72.443,923.78125,no MS2: SL 55:4;O2|SL 19:1;O/36:3;O,[M+NH4]+,null,1.00,False,13.115,923.78442,C55H103NO6S,SL,RKMJEAHFPKCJPX-UHFFFAOYSA-N,O=C(N(CC(O)C=CCCCCCCCCCCCCCC)CS(=O)(=O)O)C(O)CCCCCCCCCCCCCCCCCCCC=CCC=CCC=CCCCCCCC,530,False,True,False,Normalized unit: Intensity; Annotation method: Msp20260116160945_NCDK_conventional_converted_dev_1,False,False,478,0,0.00,0.97,null,null,null,-1.00,-1.00,-0.158,649.50,P Sandie 100 Serum I_GD1_01_66531,923.78210:79170 924.78677:53586 925.79144:14666,null,1892737,1906680,1920079,2229549,1987260.96545312,161910.359196574
479,73.770,923.78192,no MS2: SL 55:4;O2|SL 19:1;O/36:3;O,[M+NH4]+,null,1.00,False,13.115,923.78442,C55H103NO6S,SL,RKMJEAHFPKCJPX-UHFFFAOYSA-N,O=C(N(CC(O)C=CCCCCCCCCCCCCCC)CS(=O)(=O)O)C(O)CCCCCCCCCCCCCCCCCCCC=CCC=CCC=CCCCCCCC,530,False,True,False,Normalized unit: Intensity; Annotation method: Msp20260116160945_NCDK_conventional_converted_dev_1,False,False,479,0,0.00,1.00,null,null,null,-1.00,-1.00,-0.143,544.34,P Sandie 100 Serum I_GD1_01_66531,923.78406:84714 924.78873:52112 925.79339:18142,null,1690670,1687938,1668404,1844867,1722969.5434375,81867.3413127766
480,78.596,924.79852,no MS2: TG 56:6|TG 8:0_10:0_38:6,[M+NH4]+,null,1.00,False,13.927,924.80151,C59H102O6,TG,NBELXFIZZACUET-UHFFFAOYSA-N,O=C(OCC(OC(=O)CCCCCCCCC)COC(=O)CCCCCCCCCCCCCCCCCCC=CCC=CCC=CCC=CCC=CCC=CCC)CCCCCCC,530,False,True,False,Normalized unit: Intensity; Annotation method: Msp20260116160945_NCDK_conventional_converted_dev_1,False,False,480,0,0.00,0.99,null,null,null,-1.00,-1.00,-0.146,555.40,P Sandie 100 Serum III_GD1_01_66533,924.80255:99520 925.80722:68176 926.81189:24172,null,2533063,2712647,2973294,3012438,2807860.30485938,226420.861833575
481,79.357,924.79968,no MS2: TG 56:6|TG 8:0_10:0_38:6,[M+NH4]+,null,0.50,False,13.927,924.80151,C59H102O6,TG,NBELXFIZZACUET-UHFFFAOYSA-N,O=C(OCC(OC(=O)CCCCCCCCC)COC(=O)CCCCCCCCCCCCCCCCCCC=CCC=CCC=CCC=CCC=CCC=CCC)CCCCCCC,530,False,True,False,Normalized unit: Intensity; Annotation method: Msp20260116160945_NCDK_conventional_converted_dev_1,False,False,481,0,0.00,1.00,null,null,null,-1.00,-1.00,-0.145,381.06,P Sandie 100 Serum III_GD1_01_66533,924.80231:65124 925.80697:41320 926.81164:13968,null,1313855,1376022,1535170,1597288,1455583.75567187,132703.868560047
482,73.056,925.72595,no MS2: TG 56:8|TG 8:0_10:0_38:8,[M+Na]+,null,0.75,False,13.038,925.72559,C59H98O6,TG,IGKHUCZLFYVCFZ-UHFFFAOYSA-N,O=C(OCC(OC(=O)CCCCCCCCC)COC(=O)CCCCCCCCCCCCC=CCC=CCC=CCC=CCC=CCC=CCC=CCC=CCC)CCCCCCC,530,False,True,False,Normalized unit: Intensity; Annotation method: Msp20260116160945_NCDK_conventional_converted_dev_1,False,False,482,0,0.00,1.00,null,null,null,-1.00,-1.00,-0.143,508.83,P Sandie 100 Serum III_GD1_01_66533,925.72552:63462 926.73019:42648 927.73486:12136,null,1202025,1338705,1384269,1521474,1361617.92579687,131734.486116636
483,75.350,925.79645,no MS2: SL 55:3;O2|SL 19:1;O/36:2;O,[M+NH4]+,null,1.00,False,13.086,925.80011,C55H105NO6S,SL,BJQQWDMWCSIMCW-UHFFFAOYSA-N,O=C(N(CC(O)C=CCCCCCCCCCCCCCC)CS(=O)(=O)O)C(O)CCCCCCCCCCCCCCCCCCCCCCC=CCC=CCCCCCCC,530,False,True,False,Normalized unit: Intensity; Annotation method: Msp20260116160945_NCDK_conventional_converted_dev_1,False,False,483,0,0.00,1.00,null,null,null,-1.00,-1.00,-0.143,2687.63,P Sandie 100 Serum I_GD1_01_66531,925.79968:357070 926.80435:228582 927.80902:72668,null,7822912,7828672,7747915,8187728,7896806.98637502,197405.316429958
484,77.365,925.79779,no MS2: SL 55:3;O2|SL 19:1;O/36:2;O,[M+NH4]+,null,1.00,False,13.086,925.80011,C55H105NO6S,SL,BJQQWDMWCSIMCW-UHFFFAOYSA-N,O=C(N(CC(O)C=CCCCCCCCCCCCCCC)CS(=O)(=O)O)C(O)CCCCCCCCCCCCCCCCCCCCCCC=CCC=CCCCCCCC,530,False,True,False,Normalized unit: Intensity; Annotation method: Msp20260116160945_NCDK_conventional_converted_dev_1,False,False,484,0,0.00,0.99,null,null,null,-1.00,-1.00,-0.146,791.67,P Sandie 100 Serum I_GD1_01_66531,925.79913:108566 926.80380:66140 927.80847:22958,null,2774757,2765385,2921411,3024545,2871524.51790625,124543.459265728
485,81.991,926.81635,no MS2: TG 56:5|TG 8:0_10:0_38:5,[M+NH4]+,null,1.00,False,14.139,926.81708,C59H104O6,TG,PSNIIMQPZCNEHN-UHFFFAOYSA-N,O=C(OCC(OC(=O)CCCCCCCCC)COC(=O)CCCCCCCCCCCCCCCCCCCCCC=CCC=CCC=CCC=CCC=CCC)CCCCCCC,530,False,True,False,Normalized unit: Intensity; Annotation method: Msp20260116160945_NCDK_conventional_converted_dev_1,False,False,485,0,0.00,1.00,null,null,null,-1.00,-1.00,-0.144,736.98,P Sandie 100 Serum IV_GD1_01_66534,926.81635:114664 927.82101:92336 928.82568:35312,null,1996627,2200389,2315358,2324668,2209260.72114062,152607.995144563
486,82.787,926.81683,no MS2: TG 56:5|TG 8:0_10:0_38:5,[M+NH4]+,null,1.00,False,14.139,926.81708,C59H104O6,TG,PSNIIMQPZCNEHN-UHFFFAOYSA-N,O=C(OCC(OC(=O)CCCCCCCCC)COC(=O)CCCCCCCCCCCCCCCCCCCCCC=CCC=CCC=CCC=CCC=CCC)CCCCCCC,530,False,True,False,Normalized unit: Intensity; Annotation method: Msp20260116160945_NCDK_conventional_converted_dev_1,False,False,486,0,0.00,1.00,null,null,null,-1.00,-1.00,-0.143,1477.65,P Sandie 100 Serum IV_GD1_01_66534,926.81683:235046 927.82150:152012 928.82617:52088,null,2347285,2656672,2783632,2884954,2668135.55923436,233399.646730734
487,76.485,927.73938,no MS2: TG 56:7|TG 8:0_10:0_38:7,[M+Na]+,null,0.75,False,13.654,927.74121,C59H100O6,TG,DPXKFRNDOAFPMY-UHFFFAOYSA-N,O=C(OCC(OC(=O)CCCCCCCCC)COC(=O)CCCCCCCCCCCCCCCC=CCC=CCC=CCC=CCC=CCC=CCC=CCC)CCCCCCC,530,False,True,False,Normalized unit: Intensity; Annotation method: Msp20260116160945_NCDK_conventional_converted_dev_1,False,False,487,0,0.00,1.00,null,null,null,-1.00,-1.00,-0.143,452.46,P Sandie 100 Serum III_GD1_01_66533,927.74164:54232 928.74631:36450 929.75097:11210,null,1258999,1343686,1323761,1448520,1343741.599125,78653.4431181835
488,74.862,927.74091,no MS2: TG 56:7|TG 8:0_10:0_38:7,[M+Na]+,null,1.00,False,13.654,927.74121,C59H100O6,TG,DPXKFRNDOAFPMY-UHFFFAOYSA-N,O=C(OCC(OC(=O)CCCCCCCCC)COC(=O)CCCCCCCCCCCCCCCC=CCC=CCC=CCC=CCC=CCC=CCC=CCC)CCCCCCC,530,False,True,False,Normalized unit: Intensity; Annotation method: Msp20260116160945_NCDK_conventional_converted_dev_1,False,False,488,0,0.00,1.00,null,null,null,-1.00,-1.00,-0.143,876.96,P Sandie 100 Serum IV_GD1_01_66534,927.74091:120954 928.74557:78122 929.75024:24804,null,2652210,2868651,2780163,3101698,2850680.270625,189469.338764758
489,79.310,927.80933,no MS2: RIKEN P-VS1 ID-16007 from Mouse_Aorta_ApoEKO_N_F1DHA,[M+H]+,null,1.00,False,14.630,927.80823,null,Unknown,null,null,530,False,True,False,Normalized unit: Intensity; Annotation method: Msp20260116160945_NCDK_conventional_converted_dev_1,False,False,489,0,0.00,0.99,null,null,null,-1.00,-1.00,-0.132,3319.41,P Sandie 100 Serum IV_GD1_01_66534,927.80933:427082 928.81399:271530 929.81866:84122,null,12139894,11780766,12864173,12557030,12335465.7115313,474187.426340824
490,83.570,928.83246,no MS2: TG 56:4|TG 8:0_10:0_38:4,[M+NH4]+,null,0.50,False,14.334,928.83282,C59H106O6,TG,CUJMGXOPUGXHPB-UHFFFAOYSA-N,O=C(OCC(OC(=O)CCCCCCCCC)COC(=O)CCCCCCCCCCCCCCCCCCCCCCCCC=CCC=CCC=CCC=CCC)CCCCCCC,530,False,True,False,Normalized unit: Intensity; Annotation method: Msp20260116160945_NCDK_conventional_converted_dev_1,False,False,490,0,0.00,1.00,null,null,null,-1.00,-1.00,-0.143,551.81,P Sandie 100 Serum III_GD1_01_66533,928.83295:84984 929.83761:57810 930.84228:20308,null,977562,1076596,1155060,1228389,1109401.59601563,107549.248463809
491,78.601,929.75403,no MS2: TG 56:6|TG 8:0_10:0_38:6,[M+Na]+,null,1.00,False,13.927,929.75690,C59H102O6,TG,NBELXFIZZACUET-UHFFFAOYSA-N,O=C(OCC(OC(=O)CCCCCCCCC)COC(=O)CCCCCCCCCCCCCCCCCCC=CCC=CCC=CCC=CCC=CCC=CCC)CCCCCCC,530,False,True,False,Normalized unit: Intensity; Annotation method: Msp20260116160945_NCDK_conventional_converted_dev_1,False,False,491,0,0.00,1.00,null,null,null,-1.00,-1.00,-0.143,943.44,P Sandie 100 Serum III_GD1_01_66533,929.75732:114350 930.76199:75534 931.76666:24732,null,3372382,3574685,3704348,3898523,3637484.43242187,221234.971217749
492,82.770,929.82709,no MS2: SL 55:1;O2|SL 19:1;O/36:0;O,[M+NH4]+,null,1.00,False,13.362,929.83142,C55H109NO6S,SL,CWPSANVPCMEPPZ-UHFFFAOYSA-N,O=C(N(CC(O)C=CCCCCCCCCCCCCCC)CS(=O)(=O)O)C(O)CCCCCCCCCCCCCCCCCCCCCCCCCCCCCCCCCC,530,False,True,False,Normalized unit: Intensity; Annotation method: Msp20260116160945_NCDK_conventional_converted_dev_1,False,False,492,0,0.00,0.95,null,null,null,-1.00,-1.00,-0.168,3777.72,P Sandie 100 Serum I_GD1_01_66531,929.82843:498704 930.83310:323452 931.83777:88626,null,8310386,8705242,8584325,8582302,8545563.58303119,166990.839190564
493,83.053,929.82782,no MS2: SL 55:1;O2|SL 19:1;O/36:0;O,[M+NH4]+,null,1.00,False,13.362,929.83142,C55H109NO6S,SL,CWPSANVPCMEPPZ-UHFFFAOYSA-N,O=C(N(CC(O)C=CCCCCCCCCCCCCCC)CS(=O)(=O)O)C(O)CCCCCCCCCCCCCCCCCCCCCCCCCCCCCCCCCC,530,False,True,False,Normalized unit: Intensity; Annotation method: Msp20260116160945_NCDK_conventional_converted_dev_1,False,False,493,0,0.00,0.95,null,null,null,-1.00,-1.00,-0.168,3074.78,P Sandie 100 Serum I_GD1_01_66531,929.82843:419444 930.83310:272146 931.83777:97008,null,5897750,6319540,6637930,6679914,6383783.14684378,361773.227474627
494,85.091,930.84851,no MS2: TG 56:3|TG 8:0_10:0_38:3,[M+NH4]+,null,0.75,False,14.826,930.84839,C59H108O6,TG,NOVXGRSLICIXCX-UHFFFAOYSA-N,O=C(OCC(OC(=O)CCCCCCCCC)COC(=O)CCCCCCCCCCCCCCCCCCCCCCC=CCC=CCC=CCCCCCCC)CCCCCCC,530,False,True,False,Normalized unit: Intensity; Annotation method: Msp20260116160945_NCDK_conventional_converted_dev_1,False,False,494,0,0.00,1.00,null,null,null,-1.00,-1.00,-0.143,627.06,P Sandie 100 Serum III_GD1_01_66533,930.84851:109896 931.85318:74308 932.85785:25718,null,833776,1553857,1011628,1010335,1102399.22920312,312350.347905013
495,82.795,931.77289,no MS2: TG 56:5|TG 8:0_10:0_38:5,[M+Na]+,null,0.50,False,14.139,931.77252,C59H104O6,TG,PSNIIMQPZCNEHN-UHFFFAOYSA-N,O=C(OCC(OC(=O)CCCCCCCCC)COC(=O)CCCCCCCCCCCCCCCCCCCCCC=CCC=CCC=CCC=CCC=CCC)CCCCCCC,530,False,True,False,Normalized unit: Intensity; Annotation method: Msp20260116160945_NCDK_conventional_converted_dev_1,False,False,495,0,0.00,1.00,null,null,null,-1.00,-1.00,-0.143,748.29,P Sandie 100 Serum IV_GD1_01_66534,931.77258:99194 932.77725:63718 933.78192:20494,null,1402534,1501582,1616087,1533577,1513444.75942187,88284.7462059597
496,84.742,931.84302,no MS2: SL 55:0;O2|SL 19:0;O/36:0;O,[M+NH4]+,null,1.00,False,13.897,931.84698,C55H111NO6S,SL,GGYZFEAOQHKSAV-UHFFFAOYSA-N,O=C(N(CC(O)CCCCCCCCCCCCCCCC)CS(=O)(=O)O)C(O)CCCCCCCCCCCCCCCCCCCCCCCCCCCCCCCCCC,530,False,True,False,Normalized unit: Intensity; Annotation method: Msp20260116160945_NCDK_conventional_converted_dev_1,False,False,496,0,0.00,0.98,null,null,null,-1.00,-1.00,-0.154,4641.09,P Sandie 100 Serum I_GD1_01_66531,931.84503:646568 932.84970:421804 933.85437:135024,null,7565837,7801767,7811664,7616309,7698894.08117186,126259.316136479
497,83.579,931.84344,no MS2: SL 55:0;O2|SL 19:0;O/36:0;O,[M+NH4]+,null,1.00,False,13.897,931.84698,C55H111NO6S,SL,GGYZFEAOQHKSAV-UHFFFAOYSA-N,O=C(N(CC(O)CCCCCCCCCCCCCCCC)CS(=O)(=O)O)C(O)CCCCCCCCCCCCCCCCCCCCCCCCCCCCCCCCCC,530,False,True,False,Normalized unit: Intensity; Annotation method: Msp20260116160945_NCDK_conventional_converted_dev_1,False,False,497,0,0.00,0.97,null,null,null,-1.00,-1.00,-0.159,695.29,P Sandie 100 Serum I_GD1_01_66531,931.84460:98042 932.84927:61156 933.85394:15654,null,1436301,1516191,1407622,1477338,1459363.0625,47474.4572697973
498,83.571,933.78778,no MS2: TG 56:4|TG 8:0_10:0_38:4,[M+Na]+,null,1.00,False,14.334,933.78821,C59H106O6,TG,CUJMGXOPUGXHPB-UHFFFAOYSA-N,O=C(OCC(OC(=O)CCCCCCCCC)COC(=O)CCCCCCCCCCCCCCCCCCCCCCCCC=CCC=CCC=CCC=CCC)CCCCCCC,530,False,True,False,Normalized unit: Intensity; Annotation method: Msp20260116160945_NCDK_conventional_converted_dev_1,False,False,498,0,0.00,1.00,null,null,null,-1.00,-1.00,-0.143,541.96,P Sandie 100 Serum III_GD1_01_66533,933.78845:75714 934.79312:48322 935.79779:15442,null,890850,974548,1046856,1044692,989236.415218752,73691.0278609606
499,86.160,933.85925,Unknown,[M+H]+,null,1.00,False,null,null,null,null,null,null,999,False,False,False,Normalized unit: Intensity,False,False,499,0,0.00,null,null,null,null,null,null,null,564.01,P Sandie 100 Serum III_GD1_01_66533,933.85925:98206 934.86392:58450 935.86859:18078,null,515577,638865,736689,727082,654553.225875004,102578.654520127
500,72.430,937.79614,no MS2: SL 56:4;O2|SL 20:1;O/36:3;O,[M+NH4]+,null,1.00,False,13.014,937.80011,C56H105NO6S,SL,JUSBJBFGGMEXHL-UHFFFAOYSA-N,O=C(N(CC(O)C=CCCCCCCCCCCCCCCC)CS(=O)(=O)O)C(O)CCCCCCCCCCCCCCCCCCCC=CCC=CCC=CCCCCCCC,530,False,True,False,Normalized unit: Intensity; Annotation method: Msp20260116160945_NCDK_conventional_converted_dev_1,False,False,500,0,0.00,0.97,null,null,null,-1.00,-1.00,-0.160,520.51,P Sandie 100 Serum I_GD1_01_66531,937.79767:68356 938.80234:44216 939.80700:12798,null,1500251,1448315,1156755,1607939,1428315.044125,192859.670316584
501,77.365,939.81476,no MS2: RIKEN P-VS1 ID-16357 from Mouse_Plasma_ApoEKO_N_Ctr,[M+H]+,null,1.00,False,14.550,939.81110,null,Unknown,null,null,530,False,True,False,Normalized unit: Intensity; Annotation method: Msp20260116160945_NCDK_conventional_converted_dev_1,False,False,501,0,0.00,1.00,null,null,null,-1.00,-1.00,-0.129,654.62,P Sandie 100 Serum IV_GD1_01_66534,939.81055:73198 940.81521:48174 941.81988:15272,null,1996549,1815257,1742730,1801394,1838982.44776563,109647.544325215
502,75.354,939.81543,no MS2: RIKEN P-VS1 ID-16357 from Mouse_Plasma_ApoEKO_N_Ctr,[M+H]+,null,1.00,False,14.550,939.81110,null,Unknown,null,null,530,False,True,False,Normalized unit: Intensity; Annotation method: Msp20260116160945_NCDK_conventional_converted_dev_1,False,False,502,0,0.00,1.00,null,null,null,-1.00,-1.00,-0.129,2339.88,P Sandie 100 Serum II_GD1_01_66532,939.81128:276102 940.81595:174568 941.82061:56326,null,6449590,6009877,5596686,5938970,5998780.86462501,350527.984427555
503,79.306,941.82904,no MS2: RIKEN P-VS1 ID-16410 from Mouse_Plasma_ApoEKO_N_Ctr,[M+H]+,null,1.00,False,14.590,941.83038,null,Unknown,null,null,530,False,True,False,Normalized unit: Intensity; Annotation method: Msp20260116160945_NCDK_conventional_converted_dev_1,False,False,503,0,0.00,0.99,null,null,null,-1.00,-1.00,-0.133,2525.37,P Sandie 100 Serum I_GD1_01_66531,941.82904:323110 942.83371:215914 943.83838:68432,null,9597379,8712637,8823828,8680349,8953548.54729688,433597.898404323
504,82.770,943.84387,no MS2: SL 56:1;O2|SL 20:1;O/36:0;O,[M+NH4]+,null,1.00,False,13.488,943.84698,C56H111NO6S,SL,UXHYRBQZQNMJJU-UHFFFAOYSA-N,O=C(N(CC(O)C=CCCCCCCCCCCCCCCC)CS(=O)(=O)O)C(O)CCCCCCCCCCCCCCCCCCCCCCCCCCCCCCCCCC,530,False,True,False,Normalized unit: Intensity; Annotation method: Msp20260116160945_NCDK_conventional_converted_dev_1,False,False,504,0,0.00,0.95,null,null,null,-1.00,-1.00,-0.169,3756.57,P Sandie 100 Serum I_GD1_01_66531,943.84387:544248 944.84854:356258 945.85321:115662,null,9362458,8898016,8464617,8460042,8796283.30156244,429714.799674053
505,83.053,943.84406,no MS2: SL 56:1;O2|SL 20:1;O/36:0;O,[M+NH4]+,null,1.00,False,13.488,943.84698,C56H111NO6S,SL,UXHYRBQZQNMJJU-UHFFFAOYSA-N,O=C(N(CC(O)C=CCCCCCCCCCCCCCCC)CS(=O)(=O)O)C(O)CCCCCCCCCCCCCCCCCCCCCCCCCCCCCCCCCC,530,False,True,False,Normalized unit: Intensity; Annotation method: Msp20260116160945_NCDK_conventional_converted_dev_1,False,False,505,0,0.00,0.95,null,null,null,-1.00,-1.00,-0.166,3478.33,P Sandie 100 Serum I_GD1_01_66531,943.84406:480096 944.84872:321728 945.85339:108478,null,7399625,7240303,7154078,7310973,7276244.56720315,104315.369263976
506,84.742,945.86072,no MS2: SL 56:0;O2|SL 20:0;O/36:0;O,[M+NH4]+,null,1.00,False,13.958,945.86267,C56H113NO6S,SL,OTFVMQGHXVTRRN-UHFFFAOYSA-N,O=C(N(CC(O)CCCCCCCCCCCCCCCCC)CS(=O)(=O)O)C(O)CCCCCCCCCCCCCCCCCCCCCCCCCCCCCCCCCC,530,False,True,False,Normalized unit: Intensity; Annotation method: Msp20260116160945_NCDK_conventional_converted_dev_1,False,False,506,0,0.00,0.98,null,null,null,-1.00,-1.00,-0.153,6225.38,P Sandie 100 Serum I_GD1_01_66531,945.86072:898918 946.86539:588214 947.87005:204406,null,11583205,11421767,10902231,10608559,11128940.5487812,452510.954657102
507,86.165,947.87384,Unknown,[M+H]+,null,1.00,False,null,null,null,null,null,null,999,False,False,False,Normalized unit: Intensity,False,False,507,0,0.00,null,null,null,null,null,null,null,2865.64,P Sandie 100 Serum IV_GD1_01_66534,947.87384:407688 948.87851:270190 949.88318:91578,null,3298994,3351353,3364655,3380017,3348754.99395314,35180.4624604497
508,78.599,951.80927,no MS2: RIKEN P-VS1 ID-16649 from Mouse_Testis_WT_N_Ctr,[M+H]+,null,0.50,False,13.960,951.81598,null,Unknown,null,null,530,False,True,False,Normalized unit: Intensity; Annotation method: Msp20260116160945_NCDK_conventional_converted_dev_1,False,False,508,0,0.00,0.96,null,null,null,-1.00,-1.00,-0.147,500.74,P Sandie 100 Serum III_GD1_01_66533,951.81323:67120 952.81790:41726 953.82257:13058,null,1979902,1933502,2134459,2076344,2031051.75901563,91061.5724845787
509,82.796,953.82886,no MS2: RIKEN P-VS1 ID-16694 from Mouse_Testis_WT_N_Ctr,[M+H]+,null,1.00,False,14.180,953.82617,null,Unknown,null,null,530,False,True,False,Normalized unit: Intensity; Annotation method: Msp20260116160945_NCDK_conventional_converted_dev_1,False,False,509,0,0.00,0.96,null,null,null,-1.00,-1.00,-0.146,582.14,P Sandie 100 Serum IV_GD1_01_66534,953.82886:76048 954.83353:45086 955.83819:15216,null,1248666,1327389,1329658,1387174,1323221.91112499,56883.5738768851
510,85.096,957.85944,no MS2: SL 57:1;O2|SL 21:1;O/36:0;O,[M+NH4]+,null,0.75,False,13.601,957.86267,C57H113NO6S,SL,YRINHVZIUJGOKU-UHFFFAOYSA-N,O=C(N(CC(O)C=CCCCCCCCCCCCCCCCC)CS(=O)(=O)O)C(O)CCCCCCCCCCCCCCCCCCCCCCCCCCCCCCCCCC,530,False,True,False,Normalized unit: Intensity; Annotation method: Msp20260116160945_NCDK_conventional_converted_dev_1,False,False,510,0,0.00,0.94,null,null,null,-1.00,-1.00,-0.171,520.53,P Sandie 100 Serum IV_GD1_01_66534,957.85944:64928 958.86410:42832 959.86877:13524,null,870513,981940,662577,1017662,883173.203,159859.237541437
511,85.103,971.87384,no MS2: SL 58:1;O2|SL 22:1;O/36:0;O,[M+NH4]+,null,1.00,False,14.016,971.87830,C58H115NO6S,SL,RTFCKASHDWFTBJ-UHFFFAOYSA-N,O=C(N(CC(O)C=CCCCCCCCCCCCCCCCCC)CS(=O)(=O)O)C(O)CCCCCCCCCCCCCCCCCCCCCCCCCCCCCCCCCC,530,False,True,False,Normalized unit: Intensity; Annotation method: Msp20260116160945_NCDK_conventional_converted_dev_1,False,False,511,0,0.00,1.00,null,null,null,-1.00,-1.00,-0.145,1014.74,P Sandie 100 Serum I_GD1_01_66531,971.87744:114078 972.88211:75074 973.88678:24732,null,1883338,1898595,1786743,1845733,1853602.44421875,49801.5689606982
512,86.496,973.89020,no MS2: SL 58:0;O2|SL 22:0;O/36:0;O,[M+NH4]+,null,1.00,False,14.273,973.89398,C58H117NO6S,SL,WHQHSOUGAKTNPD-UHFFFAOYSA-N,O=C(N(CC(O)CCCCCCCCCCCCCCCCCCC)CS(=O)(=O)O)C(O)CCCCCCCCCCCCCCCCCCCCCCCCCCCCCCCCCC,530,False,True,False,Normalized unit: Intensity; Annotation method: Msp20260116160945_NCDK_conventional_converted_dev_1,False,False,512,0,0.00,1.00,null,null,null,-1.00,-1.00,-0.144,937.94,P Sandie 100 Serum I_GD1_01_66531,973.89343:85642 974.89810:59046 975.90277:21550,null,1243327,1041207,1081701,1092447,1114670.65915625,88563.1424873635
513,13.553,991.67297,no MS2: TG 62:17|TG 15:4_15:4_32:9,[M+Na]+,null,1.00,False,13.131,991.67859,C65H92O6,TG,UFOXRNXLLJBQLM-UHFFFAOYSA-N,O=C(OCC(OC(=O)CC=CCC=CCC=CCC=CCC)COC(=O)CCCC=CCC=CCC=CCC=CCC=CCC=CCC=CCC=CCC=CCC)CC=CCC=CCC=CCC=CCC,530,False,True,False,Normalized unit: Intensity; Annotation method: Msp20260116160945_NCDK_conventional_converted_dev_1,False,False,513,0,0.00,0.94,null,null,null,-1.00,-1.00,-0.172,1417.24,P Sandie 100 Serum I_GD1_01_66531,991.67517:210262 992.67984:112834 993.68451:32568,null,824617,867716,891654,913566,874388.249874998,38099.2821556258
514,70.694,991.92102,Unknown,[M+H]+,null,0.75,False,null,null,null,null,null,null,999,False,False,False,Normalized unit: Intensity,False,False,514,0,0.00,null,null,null,null,null,null,null,518.64,P Sandie 100 Serum IV_GD1_01_66534,991.92102:67454 992.92569:52478 993.93036:18990,null,550500,627387,697908,774102,662474.126375002,95717.5218676503
515,74.714,993.93610,Unknown,[M+H]+,null,1.00,False,null,null,null,null,null,null,999,False,False,False,Normalized unit: Intensity,False,False,515,0,0.00,null,null,null,null,null,null,null,1631.20,P Sandie 100 Serum IV_GD1_01_66534,993.93610:206980 994.94076:155770 995.94543:60242,null,2955882,3201716,3301099,3534483,3248294.72246875,239699.01061695
516,13.553,1013.65399,no MS2: RIKEN P-VS1 ID-17726 from Mouse_Muscle_WT_CTX1_Ctr,[M+H]+,null,1.00,False,6.220,1013.65289,null,Unknown,null,null,530,False,True,False,Normalized unit: Intensity; Annotation method: Msp20260116160945_NCDK_conventional_converted_dev_1,False,False,516,0,0.00,0.99,null,null,null,-1.00,-1.00,-0.131,2028.26,P Sandie 100 Serum II_GD1_01_66532,1013.65393:252864 1014.65860:138200 1015.66327:40274,null,1144286,1243416,1274364,1276010,1234518.66728125,61995.3041396719
517,72.086,1017.93695,Unknown,[M+H]+,null,1.00,False,null,null,null,null,null,null,999,False,False,False,Normalized unit: Intensity,False,False,517,0,0.00,null,null,null,null,null,null,null,2260.44,P Sandie 100 Serum IV_GD1_01_66534,1017.93695:237598 1018.94162:199614 1019.94629:72518,null,4360493,4633380,4751889,4895538,4660325.30210938,226814.663508489
518,75.859,1019.95087,Unknown,[M+H]+,null,1.00,False,null,null,null,null,null,null,999,False,False,False,Normalized unit: Intensity,False,False,518,0,0.00,null,null,null,null,null,null,null,2778.27,P Sandie 100 Serum IV_GD1_01_66534,1019.95087:295668 1020.95553:233378 1021.96020:92320,null,4800983,5174691,5290114,5697377,5240791.11653124,369099.585347781
519,16.541,1069.71875,Unknown,[2M+Na]+,null,0.50,False,null,null,null,null,null,null,999,False,False,False,Normalized unit: Intensity,False,False,519,0,0.00,null,null,null,null,null,null,null,1026.90,P Sandie 100 Serum IV_GD1_01_66534,1069.71875:75388 1070.72342:43716 1071.72809:14000,null,256135,293055,331190,369708,312521.93225,48912.4744311127
520,69.753,1216.09485,Unknown,[M+H]+,null,1.00,False,null,null,null,null,null,null,999,False,False,False,Normalized unit: Intensity,False,False,520,0,0.00,null,null,null,null,null,null,null,1135.94,P Sandie 100 Serum IV_GD1_01_66534,1216.09485:80106 1217.09952:71844 1218.10418:30244,null,776518,811245,893434,911242,848109.794671874,64612.9101667957
521,74.710,1250.17554,Unknown,[M+H]+,null,1.00,False,null,null,null,null,null,null,999,False,False,False,Normalized unit: Intensity,False,False,521,0,0.00,null,null,null,null,null,null,null,7839.92,P Sandie 100 Serum IV_GD1_01_66534,1250.17554:486924 1251.18020:472960 1252.18487:223822,null,7801333,7755965,7890713,8223992,7918000.97535938,211535.72096606
522,70.698,1263.17175,no MS2: RIKEN P-VS1 ID-19263 from Mouse_Testis_fads2KO_N_Ctr,[M+H]+,null,1.00,False,14.350,1263.16809,null,Unknown,null,null,530,False,True,False,Normalized unit: Intensity; Annotation method: Msp20260116160945_NCDK_conventional_converted_dev_1,False,False,522,0,0.00,0.98,null,null,null,-1.00,-1.00,-0.138,7464.01,P Sandie 100 Serum II_GD1_01_66532,1263.17065:405838 1264.17532:382662 1265.17999:183138,null,4472857,4685930,5082336,5227141,4867065.93882814,348427.803667173
523,74.710,1267.20166,no MS2: RIKEN P-VS1 ID-19271 from Mouse_AdrenalGlands_fads2KO_N_Ctr,[M+H]+,null,1.00,False,14.700,1267.20154,null,Unknown,null,null,530,False,True,False,Normalized unit: Intensity; Annotation method: Msp20260116160945_NCDK_conventional_converted_dev_1,False,False,523,0,0.00,1.00,null,null,null,-1.00,-1.00,-0.129,24800.93,P Sandie 100 Serum IV_GD1_01_66534,1267.20166:1491618 1268.20633:1434606 1269.21100:646636,null,23447984,23058777,23962774,24551708,23755310.887125,647276.159840262
524,70.689,1268.12585,no MS2: RIKEN P-VS1 ID-19275 from Mouse_Liver_fads2KO_N_Ctr,[M+H]+,null,1.00,False,14.340,1268.13794,null,Unknown,null,null,530,False,True,False,Normalized unit: Intensity; Annotation method: Msp20260116160945_NCDK_conventional_converted_dev_1,False,False,524,0,0.00,0.72,null,null,null,-1.00,-1.00,-0.254,4347.45,P Sandie 100 Serum III_GD1_01_66533,1268.12769:266742 1269.13235:255182 1270.13702:118956,null,3784872,3565416,3655197,3728154,3683409.69945313,94894.7643490421
525,74.710,1272.16052,Unknown,[M+H]+,null,1.00,False,null,null,null,null,null,null,999,False,False,False,Normalized unit: Intensity,False,False,525,0,0.00,null,null,null,null,null,null,null,4521.83,P Sandie 100 Serum I_GD1_01_66531,1272.16052:301512 1273.16519:280492 1274.16986:130388,null,7125197,6811614,6662926,6689150,6822221.77975001,212123.856183199
526,72.086,1298.17725,Unknown,[M+H]+,null,1.00,False,null,null,null,null,null,null,999,False,False,False,Normalized unit: Intensity,False,False,526,0,0.00,null,null,null,null,null,null,null,2755.02,P Sandie 100 Serum IV_GD1_01_66534,1298.17725:153822 1299.18191:151510 1300.18658:73898,null,2832341,2799453,2839061,2905301,2844039.14848437,44356.5416219216
527,75.855,1302.20593,Unknown,[M+H]+,null,1.00,False,null,null,null,null,null,null,999,False,False,False,Normalized unit: Intensity,False,False,527,0,0.00,null,null,null,null,null,null,null,3654.54,P Sandie 100 Serum IV_GD1_01_66534,1302.20593:200534 1303.21060:195818 1304.21527:98202,null,3560671,3438273,3440958,3548916,3497204.52651562,66679.8712647344
528,69.340,1311.17004,no MS2: AHexCer 77:3;O3|AHexCer (O-28:0)13:1;O2/36:2;O,[M+H-H2O]+,null,1.00,False,15.110,1311.17749,C83H157NO10,AHexCer,WDJWRWUGWLUCMJ-UHFFFAOYSA-N,O=C(OCC1OC(OCC(NC(=O)C(O)CCCCCCCCCCCCCCCCCCCCCCC=CCC=CCCCCCCC)C(O)C=CCCCCCCCC)C(O)C(O)C1O)CCCCCCCCCCCCCCCCCCCCCCCCCCC,530,False,True,False,Normalized unit: Intensity; Annotation method: Msp20260116160945_NCDK_conventional_converted_dev_1,False,False,528,0,0.00,0.95,null,null,null,-1.00,-1.00,-0.166,2334.70,P Sandie 100 Serum I_GD1_01_66531,1311.17346:123864 1312.17813:123748 1313.18280:59038,null,1246226,1378741,1487737,1614324,1431756.71551563,156734.308532319
529,70.863,1313.18787,no MS2: RIKEN P-VS1 ID-19438 from Mouse_AdrenalGlands_fads2KO_N_Ctr,[M+H]+,null,1.00,False,14.310,1313.19287,null,Unknown,null,null,530,False,True,False,Normalized unit: Intensity; Annotation method: Msp20260116160945_NCDK_conventional_converted_dev_1,False,False,529,0,0.00,0.93,null,null,null,-1.00,-1.00,-0.160,1614.93,P Sandie 100 Serum III_GD1_01_66533,1313.18787:95404 1314.19253:95380 1315.19720:47192,null,1214914,1189371,1325152,1272755,1250547.74010938,60749.1550790702
530,72.082,1315.20313,no MS2: RIKEN P-VS1 ID-19445 from Mouse_AdrenalGlands_fads2KO_N_Ctr,[M+H]+,null,1.00,False,14.420,1315.20972,null,Unknown,null,null,530,False,True,False,Normalized unit: Intensity; Annotation method: Msp20260116160945_NCDK_conventional_converted_dev_1,False,False,530,0,0.00,0.90,null,null,null,-1.00,-1.00,-0.173,154316.80,P Sandie 100 Serum I_GD1_01_66531,1315.20374:8127410 1316.20840:8146622 1317.21307:3907832,null,154154487,146292371,154677370,146431773,150389000.225609,4655141.440746
531,72.090,1315.40088,Unknown,[M+H]+,null,1.00,False,null,null,null,null,null,null,999,False,False,False,Normalized unit: Intensity,False,False,531,0,0.00,null,null,null,null,null,null,null,2647.20,P Sandie 100 Serum II_GD1_01_66532,1315.40088:150042 1316.40555:124414 1317.41021:43344,null,2701096,2694139,2699183,2681398,2693954.10592187,8870.22380534901
532,72.086,1315.55701,Unknown,[M+2H]2+,null,1.00,False,null,null,null,null,null,null,999,False,False,False,Normalized unit: Intensity,False,False,532,0,0.00,null,null,null,null,null,null,null,2717.57,P Sandie 100 Serum IV_GD1_01_66534,1315.55701:139476 1316.56167:135394 1317.56634:76424,null,2637608,2591141,2626903,2564647,2605074.70357812,33483.4820210524
533,69.340,1316.12549,Unknown,[M+H]+,null,1.00,False,null,null,null,null,null,null,999,False,False,False,Normalized unit: Intensity,False,False,533,0,0.00,null,null,null,null,null,null,null,4225.66,P Sandie 100 Serum IV_GD1_01_66534,1316.12549:258754 1317.13016:241476 1318.13482:121368,null,3160411,3135573,3270292,3344242,3227629.67673437,97316.3920343966
534,70.837,1318.14197,Unknown,[M+H]+,null,1.00,False,null,null,null,null,null,null,999,False,False,False,Normalized unit: Intensity,False,False,534,0,0.00,null,null,null,null,null,null,null,2594.77,P Sandie 100 Serum I_GD1_01_66531,1318.14197:162418 1319.14664:166088 1320.15130:80728,null,1870707,1765148,1867113,1788124,1822772.86554688,54114.0760073589
535,75.855,1319.23181,no MS2: RIKEN P-VS1 ID-19454 from Mouse_AdrenalGlands_fads2KO_N_Ctr,[M+H]+,null,1.00,False,14.750,1319.23706,null,Unknown,null,null,530,False,True,False,Normalized unit: Intensity; Annotation method: Msp20260116160945_NCDK_conventional_converted_dev_1,False,False,535,0,0.00,1.00,null,null,null,-1.00,-1.00,-0.130,53305.91,P Sandie 100 Serum I_GD1_01_66531,1319.23596:3082784 1320.24063:3075234 1321.24530:1498012,null,55209697,53512991,52150903,54945419,53954752.5654686,1414842.03501851
536,75.835,1319.43225,Unknown,[M+H]+,null,0.25,False,null,null,null,null,null,null,999,False,False,False,Normalized unit: Intensity,False,False,536,0,0.00,null,null,null,null,null,null,null,936.82,P Sandie 100 Serum IV_GD1_01_66534,1319.43225:53022 1320.43692:44920 1321.44159:7450,null,648111,598059,539825,706102,623024.246859372,70890.849475852
537,75.863,1319.58557,Unknown,[M+2H]2+,null,1.00,False,null,null,null,null,null,null,999,False,False,False,Normalized unit: Intensity,False,False,537,0,0.00,null,null,null,null,null,null,null,1078.34,P Sandie 100 Serum I_GD1_01_66531,1319.58557:62074 1320.59024:56632 1321.59491:7804,null,784519,721160,684133,762552,738091.027984372,44542.1094342703
538,72.195,1320.15857,Unknown,[M+H]+,null,1.00,False,null,null,null,null,null,null,999,False,False,False,Normalized unit: Intensity,False,False,538,0,0.00,null,null,null,null,null,null,null,13847.70,P Sandie 100 Serum I_GD1_01_66531,1320.15857:896398 1321.16324:836120 1322.16790:413170,null,13044556,23542536,24660965,23343568,21147906.1983906,5433263.11133301
539,71.997,1321.16077,no MS2: AHexCer 78:5;O3|AHexCer (O-28:0)12:1;O2/38:4;O,[M+H-H2O]+,null,0.25,False,15.208,1321.16174,C84H155NO10,AHexCer,QITBSHLXIOGJFM-UHFFFAOYSA-N,O=C(OCC1OC(OCC(NC(=O)C(O)CCCCCCCCCCCCCCCCCCCCCCCC=CCC=CCC=CCC=CCC)C(O)C=CCCCCCCC)C(O)C(O)C1O)CCCCCCCCCCCCCCCCCCCCCCCCCCC,530,False,True,False,Normalized unit: Intensity; Annotation method: Msp20260116160945_NCDK_conventional_converted_dev_1,False,False,539,0,0.00,1.00,null,null,null,-1.00,-1.00,-0.144,15292.82,P Sandie 100 Serum III_GD1_01_66533,1321.16077:795406 1322.16543:377760 1323.17010:123462,null,11499512,9356663,11831942,9715333,10600862.4874374,1245702.28232235
540,72.197,1322.16284,Unknown,[M+H]+,null,0.25,False,null,null,null,null,null,null,999,False,False,False,Normalized unit: Intensity,False,False,540,0,0.00,null,null,null,null,null,null,null,6445.01,P Sandie 100 Serum IV_GD1_01_66534,1322.16284:358346 1323.16751:115878 1324.17218:25942,null,6210543,5397777,6174013,4335750,5529520.89692188,879698.3571045
541,71.971,1323.16711,no MS2: AHexCer 78:4;O3|AHexCer (O-28:0)12:1;O2/38:3;O,[M+H-H2O]+,null,0.25,False,15.221,1323.17749,C84H157NO10,AHexCer,PXPNJFZOGXMHKY-UHFFFAOYSA-N,O=C(OCC1OC(OCC(NC(=O)C(O)CCCCCCCCCCCCCCCCCCCCCC=CCC=CCC=CCCCCCCC)C(O)C=CCCCCCCC)C(O)C(O)C1O)CCCCCCCCCCCCCCCCCCCCCCCCCCC,530,False,True,False,Normalized unit: Intensity; Annotation method: Msp20260116160945_NCDK_conventional_converted_dev_1,False,False,541,0,0.00,0.74,null,null,null,-1.00,-1.00,-0.275,2262.28,P Sandie 100 Serum IV_GD1_01_66534,1323.16711:123576 1324.17178:27356 1325.17645:6816,null,2010968,1746315,1996406,1959494,1928295.89506251,123239.732048333
542,45.709,1342.92542,no MS2: RIKEN P-VS1 ID-19541 from Mouse_AdrenalGlands_fads2KO_N_Ctr,[M+H]+,null,1.00,False,9.910,1342.92664,null,Unknown,null,null,530,False,True,False,Normalized unit: Intensity; Annotation method: Msp20260116160945_NCDK_conventional_converted_dev_1,False,False,542,0,0.00,1.00,null,null,null,-1.00,-1.00,-0.129,1060.50,P Sandie 100 Serum III_GD1_01_66533,1342.92676:60126 1343.93143:56562 1344.93609:25386,null,619592,652385,580718,705473,639542.106187498,52820.5314119054
543,60.087,1352.14807,no MS2: TG 87:12|TG 11:0_38:2_38:10,[M+Na]+,null,1.00,False,16.534,1352.14807,C90H152O6,TG,CYOYCULGPKWXLD-UHFFFAOYSA-N,O=C(OCC(OC(=O)CCCCCCCCCCCCCCCCCCCCCCCCCC=CCC=CCCCCCCC)COC(=O)CCCCCCCCCC)CCCCCCC=CCC=CCC=CCC=CCC=CCC=CCC=CCC=CCC=CCC=CCC,530,False,True,False,Normalized unit: Intensity; Annotation method: Msp20260116160945_NCDK_conventional_converted_dev_1,False,False,543,0,0.00,1.00,null,null,null,-1.00,-1.00,-0.143,2304.25,P Sandie 100 Serum IV_GD1_01_66534,1352.14807:158238 1353.15274:156382 1354.15741:78554,null,1177891,1248156,1299901,1384207,1277538.69039062,86931.5945851514
544,71.028,1363.20190,no MS2: RIKEN P-VS1 ID-19625 from Mouse_AdrenalGlands_WT_N_Ctr,[M+H]+,null,1.00,False,14.270,1363.20703,null,Unknown,null,null,530,False,True,False,Normalized unit: Intensity; Annotation method: Msp20260116160945_NCDK_conventional_converted_dev_1,False,False,544,0,0.00,0.95,null,null,null,-1.00,-1.00,-0.151,25185.53,P Sandie 100 Serum III_GD1_01_66533,1363.20264:1476392 1364.20730:1517198 1365.21197:759942,null,17165341,16051812,16995230,17235634,16862004.3987344,549476.3027272
545,68.521,1364.12781,no MS2: RIKEN P-VS1 ID-19628 from Mouse_Feces_WT_N_Ctr,[M+H]+,null,1.00,False,10.420,1364.13403,null,Unknown,null,null,530,False,True,False,Normalized unit: Intensity; Annotation method: Msp20260116160945_NCDK_conventional_converted_dev_1,False,False,545,0,0.00,0.91,null,null,null,-1.00,-1.00,-0.168,1090.39,P Sandie 100 Serum I_GD1_01_66531,1364.12817:58820 1365.13284:59490 1366.13751:29956,null,587796,570970,639720,647971,611614.354578127,37995.8550954232
546,71.033,1368.15747,Unknown,[M+H]+,null,1.00,False,null,null,null,null,null,null,999,False,False,False,Normalized unit: Intensity,False,False,546,0,0.00,null,null,null,null,null,null,null,13197.91,P Sandie 100 Serum I_GD1_01_66531,1368.15747:745040 1369.16214:777486 1370.16681:394124,null,11727265,10608316,11047115,11045534,11107057.6839375,462160.92011662
547,71.031,1384.13135,Unknown,[M+H]+,null,0.75,False,null,null,null,null,null,null,999,False,False,False,Normalized unit: Intensity,False,False,547,0,0.00,null,null,null,null,null,null,null,1013.80,P Sandie 100 Serum I_GD1_01_66531,1384.13135:55524 1385.13602:56438 1386.14068:28808,null,937229,859342,887015,884420,892001.566234376,32631.9126035184
548,74.921,1453.30151,no MS2: PC 82:2,[M+Na]+,null,0.25,False,15.698,1453.30261,C90H176NO8P,PC,DNUUSIGQYXDTGD-UHFFFAOYSA-N,O=C(OCC(OC(=O)CCCCCCCCCCCCCCCCCCCCCCCCCCCCCCCC=CCC=CCCCCCCC)COP(=O)([O-])OCC[N+](C)(C)C)CCCCCCCCCCCCCCCCCCCCCCCCCCCCCCCCCCCCC,530,False,True,False,Normalized unit: Intensity; Annotation method: Msp20260116160945_NCDK_conventional_converted_dev_1,False,False,548,0,0.00,1.00,null,null,null,-1.00,-1.00,-0.144,1149.25,P Sandie 100 Serum I_GD1_01_66531,1453.30151:52192 1454.30618:26638 1455.31085:10198,null,736684,663619,698355,727392,706512.673500002,32927.524224414
