,,,,,,,,,,,,,,,,,,,,,,,,,,,,,,,,,,Class,1,1,1,1,NA,NA
,,,,,,,,,,,,,,,,,,,,,,,,,,,,,,,,,,File type,Sample,Sample,Sample,Sample,NA,NA
,,,,,,,,,,,,,,,,,,,,,,,,,,,,,,,,,,Injection order,1,2,3,4,NA,NA
,,,,,,,,,,,,,,,,,,,,,,,,,,,,,,,,,,Batch ID,1,1,1,1,Average,Stdev
Alignment ID,Average Rt(min),Average Mz,Metabolite name,Adduct type,Post curation result,Fill %,MS/MS assigned,Reference RT,Reference m/z,Formula,Ontology,INCHIKEY,SMILES,Annotation tag (VS1.0),RT matched,m/z matched,MS/MS matched,Comment,Manually modified for quantification,Manually modified for annotation,Isotope tracking parent ID,Isotope tracking weight number,RT similarity,m/z similarity,Simple dot product,Weighted dot product,Reverse dot product,Matched peaks count,Matched peaks percentage,Total score,S/N average,Spectrum reference file name,MS1 isotopic spectrum,MS/MS spectrum,P Sandie 100 Mix 4p4 2xdil 1_GC1_01_66536,P Sandie 100 Mix 4p4 2xdil 2_GC1_01_66537,P Sandie 100 Mix 4p4 2xdil 3_GC1_01_66538,P Sandie 100 Mix 4p4 2xdil 4_GC1_01_66539,1,1
0,68.537,369.35037,no MS2: RIKEN P-VS1 ID-2084 from Mouse_Plasma_ApoEKO_N_F1EPA,[M+H]+,null,1.00,False,15.240,369.34921,null,Unknown,null,null,530,False,True,False,Normalized unit: Intensity; Annotation method: Msp20260116160945_NCDK_conventional_converted_dev_1,False,False,0,0,0.00,0.98,null,null,null,-1.00,-1.00,-0.139,551.45,P Sandie 100 Mix 4p4 2xdil 4_GC1_01_66539,369.35031:302336 370.35498:86588 371.35965:14046,null,4161956,4370432,4315037,4066247,4228418.11946875,139507.900068181
1,75.867,369.35068,no MS2: ST 27:1;O,[M+H-H2O]+,null,1.00,False,8.638,369.35159,C27H46O,ST,HVYWMOMLDIMFJA-UHFFFAOYSA-N,OC1CC2=CCC3C(CCC4(C)C(CCC34)C(C)CCCC(C)C)C2(C)CC1,530,False,True,False,Normalized unit: Intensity; Annotation method: Msp20260116160945_NCDK_conventional_converted_dev_1,False,False,1,0,0.00,1.00,null,null,null,-1.00,-1.00,-0.143,1045.85,P Sandie 100 Mix 4p4 2xdil 1_GC1_01_66536,369.35135:587598 370.35602:174422 371.36068:25806,null,14445610,14854479,15169544,14693504,14790784.3046406,303383.833445632
2,47.079,369.35092,no MS2: ST 27:1;O,[M+H-H2O]+,null,1.00,False,8.638,369.35159,C27H46O,ST,HVYWMOMLDIMFJA-UHFFFAOYSA-N,OC1CC2=CCC3C(CCC4(C)C(CCC34)C(C)CCCC(C)C)C2(C)CC1,530,False,True,False,Normalized unit: Intensity; Annotation method: Msp20260116160945_NCDK_conventional_converted_dev_1,False,False,2,0,0.00,1.00,null,null,null,-1.00,-1.00,-0.143,147.46,P Sandie 100 Mix 4p4 2xdil 1_GC1_01_66536,369.35147:80558 370.35614:25412 371.36081:3834,null,2620865,2588269,2831109,2529372,2642403.94029688,131377.865681502
3,72.128,369.35165,no MS2: RIKEN P-VS1 ID-2084 from Mouse_Plasma_ApoEKO_N_F1EPA,[M+H]+,null,1.00,False,15.240,369.34921,null,Unknown,null,null,530,False,True,False,Normalized unit: Intensity; Annotation method: Msp20260116160945_NCDK_conventional_converted_dev_1,False,False,3,0,0.00,0.97,null,null,null,-1.00,-1.00,-0.142,605.56,P Sandie 100 Mix 4p4 2xdil 1_GC1_01_66536,369.35046:330808 370.35513:94646 371.35980:14312,null,5629666,6076814,5853914,5882933,5860832.06415624,183141.356510714
4,59.888,369.35196,no MS2: RIKEN P-VS1 ID-2084 from Mouse_Plasma_ApoEKO_N_F1EPA,[M+H]+,null,1.00,False,15.240,369.34921,null,Unknown,null,null,530,False,True,False,Normalized unit: Intensity; Annotation method: Msp20260116160945_NCDK_conventional_converted_dev_1,False,False,4,0,0.00,1.00,null,null,null,-1.00,-1.00,-0.130,109.11,P Sandie 100 Mix 4p4 2xdil 1_GC1_01_66536,369.34955:62214 370.35422:19974 371.35888:2480,null,1054975,1123530,1092854,1107616,1094743.53648438,29322.7752102112
5,3.587,454.25644,no MS2: DMPE 13:0|DMPE 5:0_8:0,[M+H]+,null,1.00,False,4.835,454.25641,C20H40NO8P,DMPE,HKWAESFLQVAVHA-UHFFFAOYSA-N,O=C(OCC(OC(=O)CCCCCCC)COP(=O)(O)OCCN(C)C)CCCC,530,False,True,False,Normalized unit: Intensity; Annotation method: Msp20260116160945_NCDK_conventional_converted_dev_1,False,False,5,0,0.00,1.00,null,null,null,-1.00,-1.00,-0.143,90768.89,P Sandie 100 Mix 4p4 2xdil 1_GC1_01_66536,454.25644:4721606 455.26111:1288968 456.26577:236458,null,24658007,25198937,24955153,23948940,24690259.2638437,541453.708873268
6,3.591,455.25977,Unknown,[M+H]+,null,1.00,False,null,null,null,null,null,null,999,False,False,False,Normalized unit: Intensity,False,False,6,0,0.00,null,null,null,null,null,null,null,22624.14,P Sandie 100 Mix 4p4 2xdil 1_GC1_01_66536,455.25977:1288968 456.26443:236458 457.26910:29554,null,6645995,6779284,6655475,6621875,6675657.37929688,70517.4360072998
7,19.370,470.22479,Unknown,[M+H]+,null,0.50,False,null,null,null,null,null,null,999,False,False,False,Normalized unit: Intensity,False,False,7,0,0.00,null,null,null,null,null,null,null,763.34,P Sandie 100 Mix 4p4 2xdil 4_GC1_01_66539,470.22479:54940 471.22946:11218 472.23413:1818,null,521830,591845,656201,695823,616424.955984375,76242.0050295476
8,3.591,476.23831,no MS2: PC 12:0,[M+Na]+,null,1.00,False,3.582,476.23840,C20H40NO8P,PC,KNXKLGNRVBJSIQ-UHFFFAOYSA-N,O=C(OCC(OC(=O)CCCCCC)COP(=O)([O-])OCC[N+](C)(C)C)CCCC,530,False,True,False,Normalized unit: Intensity; Annotation method: Msp20260116160945_NCDK_conventional_converted_dev_1,False,False,8,0,0.00,1.00,null,null,null,-1.00,-1.00,-0.143,7381.96,P Sandie 100 Mix 4p4 2xdil 1_GC1_01_66536,476.23831:506148 477.24298:107790 478.24765:19040,null,2608622,2617719,2541291,2443726,2552839.2393125,80332.9239690059
9,6.766,482.28867,no MS2: DMPE 15:0|DMPE 10:0_5:0,[M+H]+,null,1.00,False,5.211,482.28769,C22H44NO8P,DMPE,KOISGDAZRNZPME-UHFFFAOYSA-N,O=C(OCC(OC(=O)CCCC)COP(=O)(O)OCCN(C)C)CCCCCCCCC,530,False,True,False,Normalized unit: Intensity; Annotation method: Msp20260116160945_NCDK_conventional_converted_dev_1,False,False,9,0,0.00,1.00,null,null,null,-1.00,-1.00,-0.143,54027.84,P Sandie 100 Mix 4p4 2xdil 3_GC1_01_66538,482.28754:4288182 483.29220:1240498 484.29687:231358,null,27596314,27928584,27807430,27712556,27761221.041125,141077.248663724
10,6.775,482.81696,Unknown,[M+H]+,null,1.00,False,null,null,null,null,null,null,999,False,False,False,Normalized unit: Intensity,False,False,10,0,0.00,null,null,null,null,null,null,null,2375.94,P Sandie 100 Mix 4p4 2xdil 2_GC1_01_66537,482.81696:139596 483.82162:16508 484.82629:892,null,756560,756962,704179,717179,733719.952078125,27130.4438325104
11,23.670,484.23993,Unknown,[M+H]+,null,0.50,False,null,null,null,null,null,null,999,False,False,False,Normalized unit: Intensity,False,False,11,0,0.00,null,null,null,null,null,null,null,970.03,P Sandie 100 Mix 4p4 2xdil 4_GC1_01_66539,484.23993:51004 485.24460:10764 486.24926:1682,null,797659,853732,853640,900199,851307.288234375,41951.7861117214
12,13.565,496.33920,no MS2: PC O-16:0|PC O-8:0_8:0,[M+H]+,null,1.00,False,5.632,496.33981,C24H50NO7P,EtherPC,GDMHMXIBVHRZGP-UHFFFAOYSA-N,O=C(OC(COCCCCCCCC)COP(=O)([O-])OCC[N+](C)(C)C)CCCCCCC,530,False,True,False,Normalized unit: Intensity; Annotation method: Msp20260116160945_NCDK_conventional_converted_dev_1,False,False,12,0,0.00,1.00,null,null,null,-1.00,-1.00,-0.143,1256.89,P Sandie 100 Mix 4p4 2xdil 2_GC1_01_66537,496.33984:101932 497.34451:27858 498.34918:5150,null,568330,608910,606505,568598,588085.817546874,22678.9765832704
13,28.714,498.25729,no MS2: LPC 15:3,[M+Na]+,null,1.00,False,4.421,498.25909,C23H42NO7P,LPC,BWNVBKCLGXHLHO-UHFFFAOYSA-N,O=C(OCC(O)COP(=O)([O-])OCC[N+](C)(C)C)CCCCC=CCC=CCC=CCC,530,False,True,False,Normalized unit: Intensity; Annotation method: Msp20260116160945_NCDK_conventional_converted_dev_1,False,False,13,0,0.00,0.94,null,null,null,-1.00,-1.00,-0.174,1165.03,P Sandie 100 Mix 4p4 2xdil 3_GC1_01_66538,498.25729:67316 499.26196:14046 500.26663:2758,null,986009,1151083,1290503,1281567,1177290.43692187,142555.417930425
14,6.775,504.27060,no MS2: PC 14:0,[M+Na]+,null,1.00,False,4.315,504.26971,C22H44NO8P,PC,OIFRTCQOIDCXAI-UHFFFAOYSA-N,O=C(OCC(OC(=O)CCCCCCCC)COP(=O)([O-])OCC[N+](C)(C)C)CCCC,530,False,True,False,Normalized unit: Intensity; Annotation method: Msp20260116160945_NCDK_conventional_converted_dev_1,False,False,14,0,0.00,1.00,null,null,null,-1.00,-1.00,-0.145,5355.05,P Sandie 100 Mix 4p4 2xdil 4_GC1_01_66539,504.26923:422366 505.27389:95844 506.27856:17126,null,2588606,2765202,2672360,2679268,2676359.07010937,72152.85908832
15,10.257,510.31879,no MS2: DMPE 17:0|DMPE 12:0_5:0,[M+H]+,null,1.00,False,5.911,510.31900,C24H48NO8P,DMPE,NAWXXKZUWNAVLJ-UHFFFAOYSA-N,O=C(OCC(OC(=O)CCCC)COP(=O)(O)OCCN(C)C)CCCCCCCCCCC,530,False,True,False,Normalized unit: Intensity; Annotation method: Msp20260116160945_NCDK_conventional_converted_dev_1,False,False,15,0,0.00,1.00,null,null,null,-1.00,-1.00,-0.143,72870.00,P Sandie 100 Mix 4p4 2xdil 2_GC1_01_66537,510.31879:5766486 511.32345:1825802 512.32812:359290,null,36030981,39053299,38705854,37833150,37905821.04825,1351180.24159334
16,10.257,510.44656,Unknown,[M+H]+,null,1.00,False,null,null,null,null,null,null,999,False,False,False,Normalized unit: Intensity,False,False,16,0,0.00,null,null,null,null,null,null,null,830.88,P Sandie 100 Mix 4p4 2xdil 3_GC1_01_66538,510.44656:79232 511.45123:8012 512.45590:800,null,393278,425362,445209,391132,413745.323640625,26173.4123212835
17,10.256,510.54044,Unknown,[M+H]+,null,0.75,False,null,null,null,null,null,null,999,False,False,False,Normalized unit: Intensity,False,False,17,0,0.00,null,null,null,null,null,null,null,1089.02,P Sandie 100 Mix 4p4 2xdil 3_GC1_01_66538,510.54044:69272 511.54510:6770 512.54977:0,null,357631,362722,368636,329308,354574.245578125,17433.8512855398
18,10.257,510.86310,Unknown,[M+H]+,null,1.00,False,null,null,null,null,null,null,999,False,False,False,Normalized unit: Intensity,False,False,18,0,0.00,null,null,null,null,null,null,null,4171.27,P Sandie 100 Mix 4p4 2xdil 3_GC1_01_66538,510.86310:187576 511.86777:24858 512.87243:1404,null,972605,1034112,1075778,935835,1004582.34560937,62421.9489021503
19,39.367,512.27216,no MS2: LPC 16:3,[M+Na]+,null,1.00,False,4.375,512.27478,C24H44NO7P,LPC,MXMRHTIUADTCDH-UHFFFAOYSA-N,O=C(OCC(O)COP(=O)([O-])OCC[N+](C)(C)C)CCCCCC=CCC=CCC=CCC,530,False,True,False,Normalized unit: Intensity; Annotation method: Msp20260116160945_NCDK_conventional_converted_dev_1,False,False,19,0,0.00,0.90,null,null,null,-1.00,-1.00,-0.192,904.87,P Sandie 100 Mix 4p4 2xdil 2_GC1_01_66537,512.27246:64552 513.27713:14640 514.28180:2462,null,1188778,1353662,1555107,1637722,1433817.09679688,202284.955532109
20,34.086,512.27319,no MS2: LPC 16:3,[M+Na]+,null,1.00,False,4.375,512.27478,C24H44NO7P,LPC,MXMRHTIUADTCDH-UHFFFAOYSA-N,O=C(OCC(O)COP(=O)([O-])OCC[N+](C)(C)C)CCCCCC=CCC=CCC=CCC,530,False,True,False,Normalized unit: Intensity; Annotation method: Msp20260116160945_NCDK_conventional_converted_dev_1,False,False,20,0,0.00,0.95,null,null,null,-1.00,-1.00,-0.166,964.84,P Sandie 100 Mix 4p4 2xdil 2_GC1_01_66537,512.27319:76348 513.27786:16606 514.28253:3046,null,1294214,1459348,1469191,1512773,1433881.53821875,95961.8836991179
21,10.257,532.30157,no MS2: PC 16:0,[M+Na]+,null,1.00,False,5.422,532.30103,C24H48NO8P,PC,BBSHYEVDGJSJEB-UHFFFAOYSA-N,O=C(OCC(OC(=O)CCCC)COP(=O)([O-])OCC[N+](C)(C)C)CCCCCCCCCC,530,False,True,False,Normalized unit: Intensity; Annotation method: Msp20260116160945_NCDK_conventional_converted_dev_1,False,False,21,0,0.00,1.00,null,null,null,-1.00,-1.00,-0.145,7218.25,P Sandie 100 Mix 4p4 2xdil 2_GC1_01_66537,532.30054:685474 533.30520:184810 534.30987:30390,null,4358617,4503553,4619436,4311560,4448291.69582812,140334.27112198
22,13.382,538.34973,no MS2: DMPE 19:0|DMPE 14:0_5:0,[M+H]+,null,1.00,False,6.318,538.35028,C26H52NO8P,DMPE,QIRNOKORVQUESQ-UHFFFAOYSA-N,O=C(OCC(OC(=O)CCCC)COP(=O)(O)OCCN(C)C)CCCCCCCCCCCCC,530,False,True,False,Normalized unit: Intensity; Annotation method: Msp20260116160945_NCDK_conventional_converted_dev_1,False,False,22,0,0.00,1.00,null,null,null,-1.00,-1.00,-0.143,95889.98,P Sandie 100 Mix 4p4 2xdil 2_GC1_01_66537,538.35034:5823060 539.35501:1887450 540.35968:361342,null,34894226,36999451,37693206,36035318,36405550.3225937,1215449.06442465
23,13.382,538.48004,no MS2: CAR 26:1,[M+H]+,null,1.00,False,8.191,538.48297,C33H63NO4,CAR,IEXHCKQROJJVJL-UHFFFAOYSA-N,O=C([O-])CC(OC(=O)CCCCCCCCCCCCCCCC=CCCCCCCCC)C[N+](C)(C)C,530,False,True,False,Normalized unit: Intensity; Annotation method: Msp20260116160945_NCDK_conventional_converted_dev_1,False,False,23,0,0.00,0.91,null,null,null,-1.00,-1.00,-0.189,992.55,P Sandie 100 Mix 4p4 2xdil 2_GC1_01_66537,538.48059:81438 539.48526:10046 540.48993:974,null,405780,406918,434821,394431,410487.2814375,17174.098363837
24,13.382,538.57562,Unknown,[M+H]+,null,1.00,False,null,null,null,null,null,null,999,False,False,False,Normalized unit: Intensity,False,False,24,0,0.00,null,null,null,null,null,null,null,1438.89,P Sandie 100 Mix 4p4 2xdil 3_GC1_01_66538,538.57562:81422 539.58029:10026 540.58496:0,null,395606,417352,426127,399068,409538.344484375,14605.8515807658
25,13.382,538.90863,Unknown,[M+H]+,null,1.00,False,null,null,null,null,null,null,999,False,False,False,Normalized unit: Intensity,False,False,25,0,0.00,null,null,null,null,null,null,null,1618.56,P Sandie 100 Mix 4p4 2xdil 2_GC1_01_66537,538.90863:191164 539.91330:28884 540.91797:1188,null,964688,995157,974014,945424,969820.69096875,20664.4446417354
26,44.712,549.42651,no MS2: BA 24:1;O3;G/6:0,[M+NH4]+,null,1.00,False,6.745,549.42621,C32H53NO5,GLCAE,SYPQNQVRVIZXSI-UHFFFAOYSA-N,O=C(O)CNC(=O)CCC(C)C1CCC2C3CCC4CC(OC(=O)CCCCC)CCC4(C)C3CCC12C,530,False,True,False,Normalized unit: Intensity; Annotation method: Msp20260116160945_NCDK_conventional_converted_dev_1,False,False,26,0,0.00,1.00,null,null,null,-1.00,-1.00,-0.144,704.43,P Sandie 100 Mix 4p4 2xdil 3_GC1_01_66538,549.42651:77262 550.43118:30304 551.43585:5996,null,1968777,2120813,2169633,2102949,2090543.22834375,85930.9891830841
27,43.050,557.45557,no MS2: NAGlySer 26:0;O,[M+H]+,null,0.25,False,8.313,557.45239,C31H60N2O6,NAGlySer,GBJCWKUBOQEHCA-UHFFFAOYSA-N,O=C(NC(C(=O)O)CO)CNC(=O)CC(O)CCCCCCCCCCCCCCCCCCCCCCC,530,False,True,False,Normalized unit: Intensity; Annotation method: Msp20260116160945_NCDK_conventional_converted_dev_1,False,False,27,0,0.00,0.85,null,null,null,-1.00,-1.00,-0.218,501.00,P Sandie 100 Mix 4p4 2xdil 3_GC1_01_66538,557.45557:55560 558.46023:21342 559.46490:4322,null,647707,682795,693113,656035,669912.561125,21524.5058719073
28,47.079,558.48871,no MS2: Cer 34:2;O2|Cer 12:0;O2/22:2,[M+Na]+,null,1.00,False,8.773,558.48572,C34H65NO3,Cer_NDS,MROINBULWYVHDD-UHFFFAOYSA-N,O=C(NC(CO)C(O)CCCCCCCCC)CCCCCCCCCCCC=CCC=CCCCCC,530,False,True,False,Normalized unit: Intensity; Annotation method: Msp20260116160945_NCDK_conventional_converted_dev_1,False,False,28,0,0.00,1.00,null,null,null,-1.00,-1.00,-0.144,2008.41,P Sandie 100 Mix 4p4 2xdil 3_GC1_01_66538,558.48608:308328 559.49075:122404 560.49542:23908,null,9206962,9513163,9379630,8929626,9257345.1174375,251882.580530625
29,13.382,560.33209,no MS2: PC 18:0,[M+Na]+,null,1.00,False,6.185,560.33228,C26H52NO8P,PC,RRUAPWUSGRCXJR-UHFFFAOYSA-N,O=C(OCC(OC(=O)CCCC)COP(=O)([O-])OCC[N+](C)(C)C)CCCCCCCCCCCC,530,False,True,False,Normalized unit: Intensity; Annotation method: Msp20260116160945_NCDK_conventional_converted_dev_1,False,False,29,0,0.00,1.00,null,null,null,-1.00,-1.00,-0.143,9612.10,P Sandie 100 Mix 4p4 2xdil 2_GC1_01_66537,560.33209:757632 561.33676:201964 562.34143:37214,null,4904520,5077558,5099128,5034493,5028924.8215625,87180.141413561
30,47.088,563.44385,no MS2: BA 24:1;O3;G/7:0,[M+NH4]+,null,1.00,False,7.853,563.44177,C33H55NO5,GLCAE,JOTFXMUWTSTUTA-UHFFFAOYSA-N,O=C(O)CNC(=O)CCC(C)C1CCC2C3CCC4CC(OC(=O)CCCCCC)CCC4(C)C3CCC12C,530,False,True,False,Normalized unit: Intensity; Annotation method: Msp20260116160945_NCDK_conventional_converted_dev_1,False,False,30,0,0.00,1.00,null,null,null,-1.00,-1.00,-0.143,1700.33,P Sandie 100 Mix 4p4 2xdil 3_GC1_01_66538,563.44171:367418 564.44638:136846 565.45105:26434,null,13156445,13308624,14068972,13835070,13592277.8272188,430733.836846676
31,16.078,566.38031,no MS2: NAGlySer 25:5;O2|NAGlySer 8:0;O(FA 17:4),[M+NH4]+,null,1.00,False,6.126,566.38000,C30H48N2O7,NAGlySer,SZTDRRBBYJVDFM-UHFFFAOYSA-N,O=C(OC(CCC)CCCC(=O)NCC(=O)NC(C(=O)O)CO)CCCC=CCC=CCC=CCC=CCC,530,False,True,False,Normalized unit: Intensity; Annotation method: Msp20260116160945_NCDK_conventional_converted_dev_1,False,False,31,0,0.00,1.00,null,null,null,-1.00,-1.00,-0.144,52000.72,P Sandie 100 Mix 4p4 2xdil 1_GC1_01_66536,566.38031:5691814 567.38498:1832846 568.38965:382122,null,38727861,38904185,38563904,37687542,38470873.0880469,540389.792879288
32,16.090,566.51483,no MS2: CAR 28:1,[M+H]+,null,0.25,False,8.293,566.51428,C35H67NO4,CAR,CEFGXBJUHZCUJB-UHFFFAOYSA-N,O=C([O-])CC(OC(=O)CCCCCCCCCCCCCCCCCC=CCCCCCCCC)C[N+](C)(C)C,530,False,True,False,Normalized unit: Intensity; Annotation method: Msp20260116160945_NCDK_conventional_converted_dev_1,False,False,32,0,0.00,1.00,null,null,null,-1.00,-1.00,-0.145,921.45,P Sandie 100 Mix 4p4 2xdil 2_GC1_01_66537,566.51483:85402 567.51950:9716 568.52417:802,null,418369,445294,425368,404168,423299.915203125,17111.1972603625
33,16.083,566.61163,Unknown,[M+H]+,null,1.00,False,null,null,null,null,null,null,999,False,False,False,Normalized unit: Intensity,False,False,33,0,0.00,null,null,null,null,null,null,null,954.76,P Sandie 100 Mix 4p4 2xdil 3_GC1_01_66538,566.61163:85380 567.61630:9002 568.62097:930,null,444812,453462,454382,426540,444799.170953125,12913.7233067301
34,16.083,566.95453,Unknown,[M+H]+,null,1.00,False,null,null,null,null,null,null,999,False,False,False,Normalized unit: Intensity,False,False,34,0,0.00,null,null,null,null,null,null,null,1368.11,P Sandie 100 Mix 4p4 2xdil 2_GC1_01_66537,566.95453:190338 567.95920:31682 568.96386:1376,null,988291,1048401,1022567,957492,1004187.6255,39689.8240642564
35,49.866,568.33484,no MS2: LPC 20:3,[M+Na]+,null,0.50,False,5.943,568.33740,C28H52NO7P,LPC,XUDGAAFUMTTZCO-UHFFFAOYSA-N,O=C(OCC(O)COP(=O)([O-])OCC[N+](C)(C)C)CCCCCCCCCC=CCC=CCC=CCC,530,False,True,False,Normalized unit: Intensity; Annotation method: Msp20260116160945_NCDK_conventional_converted_dev_1,False,False,35,0,0.00,0.90,null,null,null,-1.00,-1.00,-0.191,534.83,P Sandie 100 Mix 4p4 2xdil 4_GC1_01_66539,568.33484:56502 569.33951:16836 570.34417:2856,null,855437,972926,1128488,1200434,1039321.18901562,155058.838755675
36,52.789,568.33490,no MS2: LPC 20:3,[M+Na]+,null,1.00,False,5.943,568.33740,C28H52NO7P,LPC,XUDGAAFUMTTZCO-UHFFFAOYSA-N,O=C(OCC(O)COP(=O)([O-])OCC[N+](C)(C)C)CCCCCCCCCC=CCC=CCC=CCC,530,False,True,False,Normalized unit: Intensity; Annotation method: Msp20260116160945_NCDK_conventional_converted_dev_1,False,False,36,0,0.00,0.91,null,null,null,-1.00,-1.00,-0.189,577.05,P Sandie 100 Mix 4p4 2xdil 3_GC1_01_66538,568.33490:63286 569.33957:18648 570.34424:2770,null,1215596,1341745,1507286,1514533,1394790.21259375,143664.012251272
37,48.053,570.48846,no MS2: Cer 37:5;O3|Cer 13:0;O2/24:5;O,[M+H-H2O]+,null,0.25,False,8.331,570.48810,C37H65NO4,Cer_HDS,NDGMITMDBJPZEE-UHFFFAOYSA-N,O=C(NC(CO)C(O)CCCCCCCCCC)C(O)CCCCCCC=CCC=CCC=CCC=CCC=CCC,530,False,True,False,Normalized unit: Intensity; Annotation method: Msp20260116160945_NCDK_conventional_converted_dev_1,False,False,37,0,0.00,1.00,null,null,null,-1.00,-1.00,-0.144,531.65,P Sandie 100 Mix 4p4 2xdil 2_GC1_01_66537,570.48846:57008 571.49313:22658 572.49780:5780,null,791391,831992,793994,751486,792215.7868125,32888.0143359325
38,43.062,574.48163,no MS2: Cer 36:4;O4|Cer 12:1;O3/24:3(2OH),[M+H-H2O]+,null,1.00,False,8.266,574.48297,C36H65NO5,Cer_AP,DBUJMPXYWFGVIW-UHFFFAOYSA-N,O=C(NC(CO)C(O)C(O)CCCC=CCCC)C(O)CCCCCCCC=CCC=CCC=CCCCCCCC,530,False,True,False,Normalized unit: Intensity; Annotation method: Msp20260116160945_NCDK_conventional_converted_dev_1,False,False,38,0,0.00,1.00,null,null,null,-1.00,-1.00,-0.143,734.99,P Sandie 100 Mix 4p4 2xdil 2_GC1_01_66537,574.48273:80282 575.48739:32214 576.49206:7338,null,942709,1021268,1040714,970780,993867.81175,45076.0751836402
39,48.041,575.44397,no MS2: BA 24:1;O3;G/8:1,[M+NH4]+,null,1.00,False,7.521,575.44177,C34H55NO5,GLCAE,BBMVZGXEPHNBRF-UHFFFAOYSA-N,O=C(O)CNC(=O)CCC(C)C1CCC2C3CCC4CC(OC(=O)CCC=CCCC)CCC4(C)C3CCC12C,530,False,True,False,Normalized unit: Intensity; Annotation method: Msp20260116160945_NCDK_conventional_converted_dev_1,False,False,39,0,0.00,1.00,null,null,null,-1.00,-1.00,-0.143,595.23,P Sandie 100 Mix 4p4 2xdil 1_GC1_01_66536,575.44165:69948 576.44632:26880 577.45099:6092,null,992157,1052954,1023618,959972,1007175.37184375,40082.2297315663
40,43.058,579.43732,no MS2: BA 24:1;O4;G/7:0,[M+NH4]+,null,1.00,False,7.622,579.43683,C33H55NO6,GDCAE,DXFGXQXKMJHPQN-UHFFFAOYSA-N,O=C(O)CNC(=O)CCC(C)C1CCC2C3CCC4CC(OC(=O)CCCCCC)CCC4(C)C3CC(O)C12C,530,False,True,False,Normalized unit: Intensity; Annotation method: Msp20260116160945_NCDK_conventional_converted_dev_1,False,False,40,0,0.00,1.00,null,null,null,-1.00,-1.00,-0.144,863.58,P Sandie 100 Mix 4p4 2xdil 1_GC1_01_66536,579.43719:148406 580.44186:58574 581.44653:12316,null,1974401,2191614,2178260,2150100,2123593.948375,100956.059382419
41,41.121,579.43860,no MS2: BA 24:1;O4;G/7:0,[M+NH4]+,null,1.00,False,7.622,579.43683,C33H55NO6,GDCAE,DXFGXQXKMJHPQN-UHFFFAOYSA-N,O=C(O)CNC(=O)CCC(C)C1CCC2C3CCC4CC(OC(=O)CCCCCC)CCC4(C)C3CC(O)C12C,530,False,True,False,Normalized unit: Intensity; Annotation method: Msp20260116160945_NCDK_conventional_converted_dev_1,False,False,41,0,0.00,1.00,null,null,null,-1.00,-1.00,-0.143,341.97,P Sandie 100 Mix 4p4 2xdil 2_GC1_01_66537,579.43701:61602 580.44168:24196 581.44635:5172,null,1129082,1217186,1226751,1165963,1184745.51832813,45709.4914421555
42,54.630,579.53381,no MS2: RIKEN P-VS1 ID-5453 from Mouse_Macrophage_WT_N_F1AA,[M+H]+,null,1.00,False,12.890,579.53418,null,Unknown,null,null,530,False,True,False,Normalized unit: Intensity; Annotation method: Msp20260116160945_NCDK_conventional_converted_dev_1,False,False,42,0,0.00,1.00,null,null,null,-1.00,-1.00,-0.129,15772.58,P Sandie 100 Mix 4p4 2xdil 2_GC1_01_66537,579.53448:1915940 580.53915:712140 581.54382:152922,null,34565717,37185097,37259999,34208285,35804774.5759219,1643878.63110108
43,44.703,581.45239,no MS2: NAGlySer 28:2;O,[M+H]+,null,1.00,False,7.864,581.45239,C33H60N2O6,NAGlySer,YCEIDZPTWKWRDH-UHFFFAOYSA-N,O=C(O)C(NC(=O)CNC(=O)CC(O)CCCCCCCCCCCCCC=CCC=CCCCCCCC)CO,530,False,True,False,Normalized unit: Intensity; Annotation method: Msp20260116160945_NCDK_conventional_converted_dev_1,False,False,43,0,0.00,1.00,null,null,null,-1.00,-1.00,-0.143,652.59,P Sandie 100 Mix 4p4 2xdil 3_GC1_01_66538,581.45239:88930 582.45706:32672 583.46173:7064,null,2203812,2358898,2422482,2428073,2353316.2029375,104490.995198402
44,50.330,584.50256,no MS2: Cer 36:3;O2|Cer 12:0;O2/24:3,[M+Na]+,null,1.00,False,9.301,584.50128,C36H67NO3,Cer_NDS,KZYVQLWXEPIOMD-UHFFFAOYSA-N,O=C(NC(CO)C(O)CCCCCCCCC)CCCCCCCCC=CCC=CCC=CCCCCCCC,530,False,True,False,Normalized unit: Intensity; Annotation method: Msp20260116160945_NCDK_conventional_converted_dev_1,False,False,44,0,0.00,1.00,null,null,null,-1.00,-1.00,-0.143,496.16,P Sandie 100 Mix 4p4 2xdil 1_GC1_01_66536,584.50146:70604 585.50613:29162 586.51080:7620,null,1108747,1176661,1179648,1116922,1145494.19373437,37879.5134268557
45,47.092,585.49933,Unknown,[M+H]+,null,1.00,False,null,null,null,null,null,null,999,False,False,False,Normalized unit: Intensity,False,False,45,0,0.00,null,null,null,null,null,null,null,1220.57,P Sandie 100 Mix 4p4 2xdil 2_GC1_01_66537,585.49933:209830 586.50400:83780 587.50866:18408,null,6849381,7891699,7323060,6184588,7062181.97075,723789.04960154
46,16.083,588.36346,no MS2: PC 20:0,[M+Na]+,null,1.00,False,6.882,588.36359,C28H56NO8P,PC,FQFCSQCHUFDFJL-UHFFFAOYSA-N,O=C(OCC(OC(=O)CCCC)COP(=O)([O-])OCC[N+](C)(C)C)CCCCCCCCCCCCCC,530,False,True,False,Normalized unit: Intensity; Annotation method: Msp20260116160945_NCDK_conventional_converted_dev_1,False,False,46,0,0.00,1.00,null,null,null,-1.00,-1.00,-0.143,7691.88,P Sandie 100 Mix 4p4 2xdil 2_GC1_01_66537,588.36346:906476 589.36813:268216 590.37280:53092,null,6321656,6747380,6810527,6687105,6641667.09107812,219210.95993508
47,50.330,589.45831,no MS2: NAGly 33:6;O2|NAGly 9:0;O(FA 24:5),[M+NH4]+,null,1.00,False,7.904,589.45752,C35H57NO5,NAGly,YKQJRUKURBWRJA-UHFFFAOYSA-N,O=C(O)CNC(=O)CCCC(OC(=O)CCCCCCCC=CCC=CCC=CCC=CCC=CCC)CCCC,530,False,True,False,Normalized unit: Intensity; Annotation method: Msp20260116160945_NCDK_conventional_converted_dev_1,False,False,47,0,0.00,1.00,null,null,null,-1.00,-1.00,-0.145,1021.34,P Sandie 100 Mix 4p4 2xdil 3_GC1_01_66538,589.45807:122444 590.46274:50420 591.46740:11198,null,1936259,2077359,1884665,1825380,1930915.81776562,107627.858328016
48,50.991,593.45300,no MS2: BA 24:1;O4;G/8:0,[M+NH4]+,null,1.00,False,7.380,593.45239,C34H57NO6,GDCAE,CXDAWZGXAOHCNC-UHFFFAOYSA-N,O=C(O)CNC(=O)CCC(C)C1CCC2C3CCC4CC(OC(=O)CCCCCCC)CCC4(C)C3CC(O)C12C,530,False,True,False,Normalized unit: Intensity; Annotation method: Msp20260116160945_NCDK_conventional_converted_dev_1,False,False,48,0,0.00,0.99,null,null,null,-1.00,-1.00,-0.145,630.80,P Sandie 100 Mix 4p4 2xdil 2_GC1_01_66537,593.45300:76166 594.45767:29996 595.46234:16706,null,1030222,1165070,1100362,1070677,1091582.61326563,56802.7902257749
49,43.454,593.45337,no MS2: BA 24:1;O4;G/8:0,[M+NH4]+,null,1.00,False,7.380,593.45239,C34H57NO6,GDCAE,CXDAWZGXAOHCNC-UHFFFAOYSA-N,O=C(O)CNC(=O)CCC(C)C1CCC2C3CCC4CC(OC(=O)CCCCCCC)CCC4(C)C3CC(O)C12C,530,False,True,False,Normalized unit: Intensity; Annotation method: Msp20260116160945_NCDK_conventional_converted_dev_1,False,False,49,0,0.00,1.00,null,null,null,-1.00,-1.00,-0.143,2942.49,P Sandie 100 Mix 4p4 2xdil 1_GC1_01_66536,593.45239:338312 594.45706:131832 595.46173:28698,null,6082637,6291680,6260821,6152132,6196817.52928125,96832.258190553
50,19.357,594.41315,no MS2: DMPE 23:0|DMPE 18:0_5:0,[M+H]+,null,1.00,False,7.439,594.41290,C30H60NO8P,DMPE,BIDVNWJRCAHERY-UHFFFAOYSA-N,O=C(OCC(OC(=O)CCCC)COP(=O)(O)OCCN(C)C)CCCCCCCCCCCCCCCCC,530,False,True,False,Normalized unit: Intensity; Annotation method: Msp20260116160945_NCDK_conventional_converted_dev_1,False,False,50,0,0.00,1.00,null,null,null,-1.00,-1.00,-0.143,76914.58,P Sandie 100 Mix 4p4 2xdil 2_GC1_01_66537,594.41284:6414248 595.41751:2179450 596.42218:463634,null,59614283,62141497,62937315,59955547,61162160.7240625,1629122.02255993
51,19.357,594.54938,no MS2: Cer 37:1;O4|Cer 12:1;O3/25:0(2OH),[M+H-H2O]+,null,1.00,False,9.844,594.54559,C37H73NO5,Cer_AP,RUEOUTPJRGEUDQ-UHFFFAOYSA-N,O=C(NC(CO)C(O)C(O)CCCC=CCCC)C(O)CCCCCCCCCCCCCCCCCCCCCCC,530,False,True,False,Normalized unit: Intensity; Annotation method: Msp20260116160945_NCDK_conventional_converted_dev_1,False,False,51,0,0.00,0.98,null,null,null,-1.00,-1.00,-0.154,1048.23,P Sandie 100 Mix 4p4 2xdil 1_GC1_01_66536,594.54688:90968 595.55154:16486 596.55621:1174,null,653055,737390,766245,688990,711420.0504375,50298.6909923887
52,19.357,594.64972,Unknown,[M+H]+,null,1.00,False,null,null,null,null,null,null,999,False,False,False,Normalized unit: Intensity,False,False,52,0,0.00,null,null,null,null,null,null,null,1593.64,P Sandie 100 Mix 4p4 2xdil 3_GC1_01_66538,594.64972:98840 595.65439:18482 596.65905:0,null,727387,765758,799403,730717,755816.535765626,33847.0204657028
53,19.357,595.00024,Unknown,[M+H]+,null,1.00,False,null,null,null,null,null,null,999,False,False,False,Normalized unit: Intensity,False,False,53,0,0.00,null,null,null,null,null,null,null,1490.73,P Sandie 100 Mix 4p4 2xdil 3_GC1_01_66538,595.00024:209162 596.00491:45214 597.00958:2026,null,1509081,1619437,1626543,1549469,1576132.35676563,56637.5160314686
54,47.031,595.46710,no MS2: SL 31:0;O2|SL 12:0;O/19:0;O,[M+NH4]+,null,1.00,False,8.038,595.47137,C31H63NO6S,SL,NASMRBIRMOZDRH-UHFFFAOYSA-N,O=C(N(CC(O)CCCCCCCCC)CS(=O)(=O)O)C(O)CCCCCCCCCCCCCCCCC,530,False,True,False,Normalized unit: Intensity; Annotation method: Msp20260116160945_NCDK_conventional_converted_dev_1,False,False,54,0,0.00,0.97,null,null,null,-1.00,-1.00,-0.158,1402.23,P Sandie 100 Mix 4p4 2xdil 2_GC1_01_66537,595.46991:330026 596.47458:138620 597.47925:27036,null,12796237,15041632,14982488,13556796,14094288.2831875,1104565.57159255
55,54.617,597.54480,Unknown,[M+H]+,null,1.00,False,null,null,null,null,null,null,999,False,False,False,Normalized unit: Intensity,False,False,55,0,0.00,null,null,null,null,null,null,null,10130.39,P Sandie 100 Mix 4p4 2xdil 3_GC1_01_66538,597.54480:811620 598.54947:331022 599.55414:71568,null,10263832,11081029,10947795,10668705,10740340.5676094,361154.580345825
56,58.408,607.56451,no MS2: RIKEN P-VS1 ID-5931 from Mouse_Macrophage_WT_N_F1AA,[M+H]+,null,1.00,False,13.200,607.56232,null,Unknown,null,null,530,False,True,False,Normalized unit: Intensity; Annotation method: Msp20260116160945_NCDK_conventional_converted_dev_1,False,False,56,0,0.00,0.97,null,null,null,-1.00,-1.00,-0.140,34643.47,P Sandie 100 Mix 4p4 2xdil 1_GC1_01_66536,607.56372:2162746 608.56839:902752 609.57306:198388,null,34459473,35684336,35892017,33614783,34912652.4278594,1071523.47108431
57,50.338,611.51355,Unknown,[M+H]+,null,1.00,False,null,null,null,null,null,null,999,False,False,False,Normalized unit: Intensity,False,False,57,0,0.00,null,null,null,null,null,null,null,320.63,P Sandie 100 Mix 4p4 2xdil 2_GC1_01_66537,611.51355:62118 612.51822:27186 613.52289:6772,null,1043075,1105309,1029798,945908,1031022.36579687,65599.0054883997
58,45.508,612.49695,no MS2: Cer 39:6;O4|Cer 13:1;O3/26:5(2OH),[M+H-H2O]+,null,1.00,False,9.126,612.49860,C39H67NO5,Cer_AP,HPBWSLZHQNQFGH-UHFFFAOYSA-N,O=C(NC(CO)C(O)C(O)CCCC=CCCCC)C(O)CCCCCCCCC=CCC=CCC=CCC=CCC=CCC,530,False,True,False,Normalized unit: Intensity; Annotation method: Msp20260116160945_NCDK_conventional_converted_dev_1,False,False,58,0,0.00,1.00,null,null,null,-1.00,-1.00,-0.144,490.61,P Sandie 100 Mix 4p4 2xdil 2_GC1_01_66537,612.49896:71816 613.50363:30862 614.50830:6836,null,1207864,1254361,1483147,1255396,1300192.01289062,123968.046236326
59,54.613,614.57111,no MS2: Cer 37:0;O4|Cer 12:0;O3/25:0(2OH),[M+H]+,null,1.00,False,9.921,614.57178,C37H75NO5,Cer_AP,NUDZJDBCWPEIMF-UHFFFAOYSA-N,O=C(NC(CO)C(O)C(O)CCCCCCCC)C(O)CCCCCCCCCCCCCCCCCCCCCCC,530,False,True,False,Normalized unit: Intensity; Annotation method: Msp20260116160945_NCDK_conventional_converted_dev_1,False,False,59,0,0.00,1.00,null,null,null,-1.00,-1.00,-0.143,78458.83,P Sandie 100 Mix 4p4 2xdil 2_GC1_01_66537,614.57172:4659706 615.57638:1931414 616.58105:422950,null,56781428,60777989,60775905,57082959,58854570.1210312,2223180.25201409
60,54.613,614.70966,Unknown,[M+H]+,null,1.00,False,null,null,null,null,null,null,999,False,False,False,Normalized unit: Intensity,False,False,60,0,0.00,null,null,null,null,null,null,null,1524.60,P Sandie 100 Mix 4p4 2xdil 3_GC1_01_66538,614.70966:72020 615.71432:14122 616.71899:1554,null,698588,718234,753532,722668,723255.54365625,22735.8928304669
61,54.617,614.81232,Unknown,[M+H]+,null,1.00,False,null,null,null,null,null,null,999,False,False,False,Normalized unit: Intensity,False,False,61,0,0.00,null,null,null,null,null,null,null,525.65,P Sandie 100 Mix 4p4 2xdil 3_GC1_01_66538,614.81232:69074 615.81698:15256 616.82165:0,null,675887,666211,692117,639273,668371.999578124,22148.8019817813
62,54.621,615.16852,Unknown,[M+H]+,null,1.00,False,null,null,null,null,null,null,999,False,False,False,Normalized unit: Intensity,False,False,62,0,0.00,null,null,null,null,null,null,null,2811.72,P Sandie 100 Mix 4p4 2xdil 3_GC1_01_66538,615.16852:135682 616.17319:36744 617.17785:1864,null,1299485,1397833,1423452,1306947,1356929.21965625,62972.3110081055
63,19.357,616.39496,no MS2: PC 22:0,[M+Na]+,null,1.00,False,7.456,616.39490,C30H60NO8P,PC,ILDZIBMDHOBSCW-UHFFFAOYSA-N,O=C(OCC(OC(=O)CCCC)COP(=O)([O-])OCC[N+](C)(C)C)CCCCCCCCCCCCCCCC,530,False,True,False,Normalized unit: Intensity; Annotation method: Msp20260116160945_NCDK_conventional_converted_dev_1,False,False,63,0,0.00,1.00,null,null,null,-1.00,-1.00,-0.143,5616.34,P Sandie 100 Mix 4p4 2xdil 3_GC1_01_66538,616.39496:888586 617.39963:295446 618.40429:54846,null,8924508,9527617,9676706,9686193,9453756.13204688,360228.140442878
64,47.036,617.52582,no MS2: VAE 21:0,[M+Na]+,null,1.00,False,14.147,617.52679,C41H70O2,VAE,ANKAJSHLVWFYHS-UHFFFAOYSA-N,O=C(OCC=C(C=CC=C(C=CC1=C(C)CCCC1(C)C)C)C)CCCCCCCCCCCCCCCCCCCC,530,False,True,False,Normalized unit: Intensity; Annotation method: Msp20260116160945_NCDK_conventional_converted_dev_1,False,False,64,0,0.00,0.99,null,null,null,-1.00,-1.00,-0.149,494.58,P Sandie 100 Mix 4p4 2xdil 2_GC1_01_66537,617.52582:113694 618.53049:46170 619.53515:10292,null,4014531,3998533,4070201,3611315,3923644.89996875,210473.508313397
65,44.459,619.46942,no MS2: BA 24:1;O4;G/10:1,[M+NH4]+,null,1.00,False,7.557,619.46808,C36H59NO6,GDCAE,WEQZOSWNACFEPJ-UHFFFAOYSA-N,O=C(O)CNC(=O)CCC(C)C1CCC2C3CCC4CC(OC(=O)CCCCC=CCCC)CCC4(C)C3CC(O)C12C,530,False,True,False,Normalized unit: Intensity; Annotation method: Msp20260116160945_NCDK_conventional_converted_dev_1,False,False,65,0,0.00,1.00,null,null,null,-1.00,-1.00,-0.143,421.73,P Sandie 100 Mix 4p4 2xdil 4_GC1_01_66539,619.46777:68946 620.47244:30630 621.47711:5998,null,1329979,1343318,1371337,1216919,1315388.21807813,67870.7126197165
66,54.745,619.52570,no MS2: DG 34:0,[M+Na]+,null,0.75,False,12.929,619.52722,C37H72O5,DG,SSJMMYPUZPYGQU-UHFFFAOYSA-N,O=C(OCC(OC(=O)CCCCCCC)CO)CCCCCCCCCCCCCCCCCCCCCCCCC,530,False,True,False,Normalized unit: Intensity; Annotation method: Msp20260116160945_NCDK_conventional_converted_dev_1,False,False,66,0,0.00,1.00,null,null,null,-1.00,-1.00,-0.143,5930.52,P Sandie 100 Mix 4p4 2xdil 2_GC1_01_66537,619.52704:913898 620.53171:353240 621.53637:77732,null,15093980,17836259,16193069,17872327,16748908.7239063,1353039.3017844
67,23.647,622.44409,no MS2: DMPE 25:0|DMPE 20:0_5:0,[M+H]+,null,1.00,False,7.591,622.44421,C32H64NO8P,DMPE,KMJQEIDGTJZSPO-UHFFFAOYSA-N,O=C(OCC(OC(=O)CCCC)COP(=O)(O)OCCN(C)C)CCCCCCCCCCCCCCCCCCC,530,False,True,False,Normalized unit: Intensity; Annotation method: Msp20260116160945_NCDK_conventional_converted_dev_1,False,False,67,0,0.00,1.00,null,null,null,-1.00,-1.00,-0.143,54645.03,P Sandie 100 Mix 4p4 2xdil 2_GC1_01_66537,622.44409:5785276 623.44876:2133402 624.45343:478866,null,71318894,74821780,75437838,71312346,73222714.5684218,2216440.55091313
68,23.643,622.68604,Unknown,[M+H]+,null,1.00,False,null,null,null,null,null,null,999,False,False,False,Normalized unit: Intensity,False,False,68,0,0.00,null,null,null,null,null,null,null,1442.03,P Sandie 100 Mix 4p4 2xdil 2_GC1_01_66537,622.68604:96572 623.69070:16926 624.69537:0,null,957045,981925,990587,893631,955796.812828124,43814.7257471438
69,23.647,623.04492,Unknown,[M+H]+,null,1.00,False,null,null,null,null,null,null,999,False,False,False,Normalized unit: Intensity,False,False,69,0,0.00,null,null,null,null,null,null,null,2304.37,P Sandie 100 Mix 4p4 2xdil 2_GC1_01_66537,623.04492:179234 624.04959:38254 625.05426:1974,null,1679835,1797426,1791207,1592527,1715248.66685937,98043.2829928887
70,45.282,623.46246,no MS2: BA 24:1;O4;G/9:0;O,[M+NH4]+,null,1.00,False,7.172,623.46301,C35H59NO7,GDCAE,ZLZZXZMASSWLRD-UHFFFAOYSA-N,O=C(O)CNC(=O)CCC(C)C1CCC2C3CCC4CC(OC(=O)CCCC(O)CCCC)CCC4(C)C3CC(O)C12C,530,False,True,False,Normalized unit: Intensity; Annotation method: Msp20260116160945_NCDK_conventional_converted_dev_1,False,False,70,0,0.00,1.00,null,null,null,-1.00,-1.00,-0.143,1430.60,P Sandie 100 Mix 4p4 2xdil 1_GC1_01_66536,623.46313:186738 624.46780:77378 625.47247:17682,null,3733530,3927727,4031110,3965834,3914550.30775,128007.916415693
71,58.268,625.57727,Unknown,[M+H]+,null,1.00,False,null,null,null,null,null,null,999,False,False,False,Normalized unit: Intensity,False,False,71,0,0.00,null,null,null,null,null,null,null,9975.29,P Sandie 100 Mix 4p4 2xdil 2_GC1_01_66537,625.57727:615428 626.58194:269642 627.58661:60424,null,8823033,9505615,9232355,8842598,9100900.18453126,329142.704945774
72,45.917,632.52576,no MS2: Cer 39:5;O4|Cer 13:1;O3/26:4(2OH),[M+H]+,null,1.00,False,9.018,632.52490,C39H69NO5,Cer_AP,GVHMHYYBWFDZGS-UHFFFAOYSA-N,O=C(NC(CO)C(O)C(O)CCCC=CCCCC)C(O)CCCCCCCCCCCC=CCC=CCC=CCC=CCC,530,False,True,False,Normalized unit: Intensity; Annotation method: Msp20260116160945_NCDK_conventional_converted_dev_1,False,False,72,0,0.00,0.99,null,null,null,-1.00,-1.00,-0.147,559.97,P Sandie 100 Mix 4p4 2xdil 2_GC1_01_66537,632.52576:75902 633.53042:31004 634.53509:8244,null,1400936,1498589,1461625,1478171,1459830.12851562,42073.1100539758
73,44.867,635.46338,no MS2: RIKEN P-VS1 ID-6484 from Mouse_Feces_WT_ABX_Ctr,[M+H]+,null,0.50,False,9.210,635.46198,null,Unknown,null,null,530,False,True,False,Normalized unit: Intensity; Annotation method: Msp20260116160945_NCDK_conventional_converted_dev_1,False,False,73,0,0.00,0.98,null,null,null,-1.00,-1.00,-0.139,342.22,P Sandie 100 Mix 4p4 2xdil 1_GC1_01_66536,635.46338:71218 636.46805:28034 637.47271:10488,null,1075532,1036773,943591,851182,976769.605578125,100378.324696067
74,45.922,637.48108,no MS2: RIKEN P-VS1 ID-6532 from Mouse_Feces_WT_N_Ctr,[M+H]+,null,1.00,False,9.690,637.47961,null,Unknown,null,null,530,False,True,False,Normalized unit: Intensity; Annotation method: Msp20260116160945_NCDK_conventional_converted_dev_1,False,False,74,0,0.00,0.99,null,null,null,-1.00,-1.00,-0.135,1733.08,P Sandie 100 Mix 4p4 2xdil 1_GC1_01_66536,637.47852:242214 638.48318:98680 639.48785:23436,null,5167058,5909951,5740046,5579211,5599066.5760625,318093.097565892
75,54.669,641.58173,no MS2: NAGly 36:1;O2|NAGly 8:0;O(FA 28:0),[M+NH4]+,null,1.00,False,11.737,641.58270,C38H73NO5,NAGly,PPSRXUPCRPPAKT-UHFFFAOYSA-N,O=C(O)CNC(=O)CCCC(OC(=O)CCCCCCCCCCCCCCCCCCCCCCCCCCC)CCC,530,False,True,False,Normalized unit: Intensity; Annotation method: Msp20260116160945_NCDK_conventional_converted_dev_1,False,False,75,0,0.00,1.00,null,null,null,-1.00,-1.00,-0.143,2307.53,P Sandie 100 Mix 4p4 2xdil 2_GC1_01_66537,641.58295:290714 642.58761:117724 643.59228:25546,null,7130375,7198246,4457938,6745053,6382902.92657811,1298735.7455153
76,58.268,642.60382,no MS2: Cer 39:0;O4|Cer 12:0;O3/27:0(2OH),[M+H]+,null,1.00,False,10.890,642.60309,C39H79NO5,Cer_AP,UVJIZYHAMUHMSR-UHFFFAOYSA-N,O=C(NC(CO)C(O)C(O)CCCCCCCC)C(O)CCCCCCCCCCCCCCCCCCCCCCCCC,530,False,True,False,Normalized unit: Intensity; Annotation method: Msp20260116160945_NCDK_conventional_converted_dev_1,False,False,76,0,0.00,0.99,null,null,null,-1.00,-1.00,-0.146,68736.42,P Sandie 100 Mix 4p4 2xdil 2_GC1_01_66537,642.60382:5433030 643.60849:2407514 644.61316:547330,null,68716020,74771029,70034561,69392451,70728515.1250001,2748253.78798152
77,58.268,642.74512,Unknown,[M+2H]2+,null,1.00,False,null,null,null,null,null,null,999,False,False,False,Normalized unit: Intensity,False,False,77,0,0.00,null,null,null,null,null,null,null,1194.74,P Sandie 100 Mix 4p4 2xdil 2_GC1_01_66537,642.74512:89998 643.74978:20926 644.75445:1294,null,861375,1008126,876508,799348,886339.303593751,87786.1743775234
78,58.268,642.84961,Unknown,[M+H]+,null,1.00,False,null,null,null,null,null,null,999,False,False,False,Normalized unit: Intensity,False,False,78,0,0.00,null,null,null,null,null,null,null,616.84,P Sandie 100 Mix 4p4 2xdil 2_GC1_01_66537,642.84961:86452 643.85428:23550 644.85894:1490,null,883841,956410,894135,845661,895011.789203126,45937.4407108869
79,23.647,644.42572,no MS2: PC 24:0,[M+Na]+,null,1.00,False,7.648,644.42621,C32H64NO8P,PC,OAWBCSUVFHGGHW-UHFFFAOYSA-N,O=C(OCC(OC(=O)CCCC)COP(=O)([O-])OCC[N+](C)(C)C)CCCCCCCCCCCCCCCCCC,530,False,True,False,Normalized unit: Intensity; Annotation method: Msp20260116160945_NCDK_conventional_converted_dev_1,False,False,79,0,0.00,1.00,null,null,null,-1.00,-1.00,-0.144,7767.88,P Sandie 100 Mix 4p4 2xdil 2_GC1_01_66537,644.42572:852970 645.43039:291020 646.43506:62422,null,10934342,11654048,11526982,11469402,11396193.4061875,317417.348769547
80,58.429,647.55695,no MS2: RIKEN P-VS1 ID-6769 from Mouse_Macrophage_WT_N_F1,[M+H]+,null,1.00,False,13.200,647.55670,null,Unknown,null,null,530,False,True,False,Normalized unit: Intensity; Annotation method: Msp20260116160945_NCDK_conventional_converted_dev_1,False,False,80,0,0.00,1.00,null,null,null,-1.00,-1.00,-0.129,7817.29,P Sandie 100 Mix 4p4 2xdil 4_GC1_01_66539,647.55676:967794 648.56143:404894 649.56610:93382,null,17884025,18409579,18087194,17828356,18052288.5564532,262890.13427064
81,48.661,649.56396,Unknown,[M+H]+,null,0.25,False,null,null,null,null,null,null,999,False,False,False,Normalized unit: Intensity,False,False,81,0,0.00,null,null,null,null,null,null,null,409.27,P Sandie 100 Mix 4p4 2xdil 1_GC1_01_66536,649.56396:79174 650.56863:35212 651.57330:8492,null,1478648,1675052,95747,20571,817504.581125,881009.776814597
82,48.971,649.56543,Unknown,[M+H]+,null,0.25,False,null,null,null,null,null,null,999,False,False,False,Normalized unit: Intensity,False,False,82,0,0.00,null,null,null,null,null,null,null,370.93,P Sandie 100 Mix 4p4 2xdil 4_GC1_01_66539,649.56543:81052 650.57010:35618 651.57477:8756,null,31080,89187,249245,1578083,486898.731390626,733282.077595532
83,48.797,649.56635,Unknown,[M+H]+,null,0.50,False,null,null,null,null,null,null,999,False,False,False,Normalized unit: Intensity,False,False,83,0,0.00,null,null,null,null,null,null,null,417.17,P Sandie 100 Mix 4p4 2xdil 2_GC1_01_66537,649.56635:87562 650.57101:39786 651.57568:10318,null,182890,1660092,1638042,144681,906426.346624997,857716.808668544
84,72.122,649.59229,no MS2: SE 28:3/17:0,[M+H]+,null,0.25,False,14.427,649.59180,C45H76O2,EGSE,VGUZMPDGGYQYST-UHFFFAOYSA-N,O=C(OC1CC2=CC=C3C(CCC4(C)C3CCC4C(C=CC(C)C(C)C)C)C2(C)CC1)CCCCCCCCCCCCCCCC,530,False,True,False,Normalized unit: Intensity; Annotation method: Msp20260116160945_NCDK_conventional_converted_dev_1,False,False,84,0,0.00,1.00,null,null,null,-1.00,-1.00,-0.144,623.73,P Sandie 100 Mix 4p4 2xdil 2_GC1_01_66537,649.59229:52262 650.59695:27142 651.60162:5784,null,896480,974094,950737,933212,938631.017953124,32712.0400837798
85,28.709,650.47565,no MS2: DMPE 27:0|DMPE 22:0_5:0,[M+H]+,null,1.00,False,8.318,650.47552,C34H68NO8P,DMPE,UEFONBQBHFDUCB-UHFFFAOYSA-N,O=C(OCC(OC(=O)CCCC)COP(=O)(O)OCCN(C)C)CCCCCCCCCCCCCCCCCCCCC,530,False,True,False,Normalized unit: Intensity; Annotation method: Msp20260116160945_NCDK_conventional_converted_dev_1,False,False,85,0,0.00,1.00,null,null,null,-1.00,-1.00,-0.143,31965.59,P Sandie 100 Mix 4p4 2xdil 2_GC1_01_66537,650.47565:5069976 651.48031:1993988 652.48498:460598,null,74541191,79136015,78274649,76671974,77155957.1415625,2020176.51568418
86,28.709,650.72253,Unknown,[M+H]+,null,1.00,False,null,null,null,null,null,null,999,False,False,False,Normalized unit: Intensity,False,False,86,0,0.00,null,null,null,null,null,null,null,1083.55,P Sandie 100 Mix 4p4 2xdil 2_GC1_01_66537,650.72253:89042 651.72720:21088 652.73187:0,null,831496,998538,968916,923168,930529.754562501,72939.573842048
87,28.709,651.09015,Unknown,[M+H]+,null,1.00,False,null,null,null,null,null,null,999,False,False,False,Normalized unit: Intensity,False,False,87,0,0.00,null,null,null,null,null,null,null,1825.33,P Sandie 100 Mix 4p4 2xdil 2_GC1_01_66537,651.09015:163374 652.09482:26824 653.09948:1738,null,1664927,1886382,1808763,1699897,1764991.93353125,101491.861180923
88,54.711,655.59875,no MS2: NAGly 37:1;O2|NAGly 9:0;O(FA 28:0),[M+NH4]+,null,0.75,False,12.485,655.59839,C39H75NO5,NAGly,RTPCJAFNLXOFFU-UHFFFAOYSA-N,O=C(O)CNC(=O)CCCC(OC(=O)CCCCCCCCCCCCCCCCCCCCCCCCCCC)CCCC,530,False,True,False,Normalized unit: Intensity; Annotation method: Msp20260116160945_NCDK_conventional_converted_dev_1,False,False,88,0,0.00,1.00,null,null,null,-1.00,-1.00,-0.144,620.53,P Sandie 100 Mix 4p4 2xdil 2_GC1_01_66537,655.59875:68876 656.60342:30306 657.60809:6160,null,1012131,1637775,1587735,991489,1307282.6129375,353420.934359577
89,45.922,659.53687,no MS2: BA 24:1;O3;G/14:1,[M+NH4]+,null,1.00,False,8.544,659.53571,C40H67NO5,GLCAE,XZGJZFIVVPJEIM-UHFFFAOYSA-N,O=C(O)CNC(=O)CCC(C)C1CCC2C3CCC4CC(OC(=O)CCCCCCCC=CCCCC)CCC4(C)C3CCC12C,530,False,True,False,Normalized unit: Intensity; Annotation method: Msp20260116160945_NCDK_conventional_converted_dev_1,False,False,89,0,0.00,0.98,null,null,null,-1.00,-1.00,-0.151,870.83,P Sandie 100 Mix 4p4 2xdil 2_GC1_01_66537,659.53687:109124 660.54153:47770 661.54620:11870,null,2105462,2187237,2221675,1962922,2119323.80254688,115096.587451513
90,45.721,663.45154,no MS2: RIKEN P-VS1 ID-7082 from Mouse_Macrophage_WT_N_F1AA,[M+H]+,null,1.00,False,9.900,663.45538,null,Unknown,null,null,530,False,True,False,Normalized unit: Intensity; Annotation method: Msp20260116160945_NCDK_conventional_converted_dev_1,False,False,90,0,0.00,1.00,null,null,null,-1.00,-1.00,-0.129,3896.56,P Sandie 100 Mix 4p4 2xdil 2_GC1_01_66537,663.45502:1125580 664.45968:519424 665.46435:125572,null,17740568,17846050,17180933,16246382,17253483.2654375,732098.350512271
91,48.831,663.45245,no MS2: RIKEN P-VS1 ID-7082 from Mouse_Macrophage_WT_N_F1AA,[M+H]+,null,0.25,False,9.900,663.45538,null,Unknown,null,null,530,False,True,False,Normalized unit: Intensity; Annotation method: Msp20260116160945_NCDK_conventional_converted_dev_1,False,False,91,0,0.00,0.91,null,null,null,-1.00,-1.00,-0.170,281.42,P Sandie 100 Mix 4p4 2xdil 4_GC1_01_66539,663.45245:95570 664.45712:41854 665.46179:10906,null,44420,513162,125431,1479072,540521.535984375,658291.2200144
92,61.246,663.57019,no MS2: RIKEN P-VS1 ID-7095 from Mouse_Muscle_WT_CTX0_Ctr,[M+H]+,null,1.00,False,12.100,663.56897,null,Unknown,null,null,530,False,True,False,Normalized unit: Intensity; Annotation method: Msp20260116160945_NCDK_conventional_converted_dev_1,False,False,92,0,0.00,1.00,null,null,null,-1.00,-1.00,-0.130,2566.82,P Sandie 100 Mix 4p4 2xdil 1_GC1_01_66536,663.56836:771122 664.57303:388864 665.57769:96036,null,10757307,11498189,11277875,10957202,11122643.4160469,329632.710415846
93,59.884,663.57117,no MS2: RIKEN P-VS1 ID-7094 from Mouse_Plasma_ApoEKO_N_F1EPA,[M+H]+,null,1.00,False,13.620,663.56750,null,Unknown,null,null,530,False,True,False,Normalized unit: Intensity; Annotation method: Msp20260116160945_NCDK_conventional_converted_dev_1,False,False,93,0,0.00,1.00,null,null,null,-1.00,-1.00,-0.129,662.42,P Sandie 100 Mix 4p4 2xdil 1_GC1_01_66536,663.56787:205068 664.57254:98266 665.57721:25684,null,2302700,2485105,2352348,2284053,2356051.51501562,90735.3986917405
94,69.220,664.60107,no MS2: SE 28:2/17:2,[M+NH4]+,null,1.00,False,14.133,664.60272,C45H74O2,BRSE,YNGVKVHZBTYWFJ-UHFFFAOYSA-N,O=C(OC1CC2=CCC3C(CCC4(C)C(CCC34)C(C=CC(C)C(C)C)C)C2(C)CC1)CCCCCCCC=CCC=CCCCC,530,False,True,False,Normalized unit: Intensity; Annotation method: Msp20260116160945_NCDK_conventional_converted_dev_1,False,False,94,0,0.00,1.00,null,null,null,-1.00,-1.00,-0.143,243.01,P Sandie 100 Mix 4p4 2xdil 2_GC1_01_66537,664.60291:62426 665.60757:31024 666.61224:7946,null,886904,978430,932224,894433,922997.762890628,41939.0342810776
95,72.111,666.61847,no MS2: SE 28:2/17:1,[M+NH4]+,null,1.00,False,14.759,666.61841,C45H76O2,BRSE,KZVQJMDFHGPLAH-UHFFFAOYSA-N,O=C(OC1CC2=CCC3C(CCC4(C)C(CCC34)C(C=CC(C)C(C)C)C)C2(C)CC1)CCCCCCCC=CCCCCCCC,530,False,True,False,Normalized unit: Intensity; Annotation method: Msp20260116160945_NCDK_conventional_converted_dev_1,False,False,95,0,0.00,1.00,null,null,null,-1.00,-1.00,-0.143,62863.13,P Sandie 100 Mix 4p4 2xdil 2_GC1_01_66537,666.61847:5958916 667.62314:2993462 668.62780:754784,null,98330436,104928325,101424277,101306562,101497400.170203,2698312.70312971
96,72.115,666.76184,Unknown,[M+2H]2+,null,1.00,False,null,null,null,null,null,null,999,False,False,False,Normalized unit: Intensity,False,False,96,0,0.00,null,null,null,null,null,null,null,1129.07,P Sandie 100 Mix 4p4 2xdil 3_GC1_01_66538,666.76184:106268 667.76651:34952 668.77118:2244,null,1393749,1526017,1481923,1462810,1466124.55675,55032.8048220469
97,72.115,666.86945,Unknown,[M+H]+,null,1.00,False,null,null,null,null,null,null,999,False,False,False,Normalized unit: Intensity,False,False,97,0,0.00,null,null,null,null,null,null,null,786.32,P Sandie 100 Mix 4p4 2xdil 2_GC1_01_66537,666.86945:104076 667.87411:40802 668.87878:2594,null,1324734,1482022,1422400,1424569,1413431.36342187,65259.3481984357
98,72.124,668.24438,Unknown,[M+H]+,null,1.00,False,null,null,null,null,null,null,999,False,False,False,Normalized unit: Intensity,False,False,98,0,0.00,null,null,null,null,null,null,null,1049.47,P Sandie 100 Mix 4p4 2xdil 3_GC1_01_66538,668.24438:69142 669.24905:4074 670.25372:0,null,865653,921282,893703,901880,895629.369062498,23090.1098751469
99,75.858,668.63251,no MS2: SE 28:2/17:0,[M+NH4]+,null,1.00,False,14.709,668.63397,C45H78O2,BRSE,JRHOHGAECXXOMB-UHFFFAOYSA-N,O=C(OC1CC2=CCC3C(CCC4(C)C(CCC34)C(C=CC(C)C(C)C)C)C2(C)CC1)CCCCCCCCCCCCCCCC,530,False,True,False,Normalized unit: Intensity; Annotation method: Msp20260116160945_NCDK_conventional_converted_dev_1,False,False,99,0,0.00,1.00,null,null,null,-1.00,-1.00,-0.143,85610.16,P Sandie 100 Mix 4p4 2xdil 1_GC1_01_66536,668.63397:5317124 669.63864:2734868 670.64331:640948,null,132263498,134529424,139507730,134298152,135149700.959437,3078552.69796504
100,75.861,668.77679,Unknown,[M+2H]2+,null,0.75,False,null,null,null,null,null,null,999,False,False,False,Normalized unit: Intensity,False,False,100,0,0.00,null,null,null,null,null,null,null,781.24,P Sandie 100 Mix 4p4 2xdil 4_GC1_01_66539,668.77679:96722 669.78146:33646 670.78613:1386,null,1950472,2018584,2035923,2024761,2007434.80685937,38647.2649827333
101,75.862,668.88593,Unknown,[M+H]+,null,1.00,False,null,null,null,null,null,null,999,False,False,False,Normalized unit: Intensity,False,False,101,0,0.00,null,null,null,null,null,null,null,716.61,P Sandie 100 Mix 4p4 2xdil 2_GC1_01_66537,668.88593:98710 669.89059:33814 670.89526:2602,null,1966340,2078685,1957736,1949847,1988152.03581249,60729.6303899757
102,69.220,669.55646,no MS2: SE 28:4/17:0,[M+Na]+,null,1.00,False,14.344,669.55811,C45H74O2,DEGSE,SMBKRNCNALQNLI-UHFFFAOYSA-N,O=C(OC1CC2=CC=C3C(=CCC4(C)C3CCC4C(C=CC(C)C(C)C)C)C2(C)CC1)CCCCCCCCCCCCCCCC,530,False,True,False,Normalized unit: Intensity; Annotation method: Msp20260116160945_NCDK_conventional_converted_dev_1,False,False,102,0,0.00,1.00,null,null,null,-1.00,-1.00,-0.144,859.11,P Sandie 100 Mix 4p4 2xdil 2_GC1_01_66537,669.55853:121858 670.56320:60740 671.56787:16932,null,1832430,2045240,1987597,1934894,1950040.47662501,90434.0628449418
103,58.414,669.61163,no MS2: NAGly 38:1;O2|NAGly 10:0;O(FA 28:0),[M+NH4]+,null,0.75,False,12.373,669.61401,C40H77NO5,NAGly,JPEJTVAOJATUIU-UHFFFAOYSA-N,O=C(O)CNC(=O)CCCCCC(OC(=O)CCCCCCCCCCCCCCCCCCCCCCCCCCC)CCC,530,False,True,False,Normalized unit: Intensity; Annotation method: Msp20260116160945_NCDK_conventional_converted_dev_1,False,False,103,0,0.00,1.00,null,null,null,-1.00,-1.00,-0.144,1989.86,P Sandie 100 Mix 4p4 2xdil 2_GC1_01_66537,669.61438:336024 670.61905:143538 671.62372:31678,null,7959071,8032287,5263013,4635525,6472473.92800001,1777654.35793956
104,75.867,670.25989,Unknown,[M+H]+,null,1.00,False,null,null,null,null,null,null,999,False,False,False,Normalized unit: Intensity,False,False,104,0,0.00,null,null,null,null,null,null,null,848.37,P Sandie 100 Mix 4p4 2xdil 4_GC1_01_66539,670.25989:59382 671.26456:3338 672.26922:0,null,1083421,1156499,1188031,1207465,1158854.20210937,54497.5553179105
105,68.524,671.57733,no MS2: SE 28:3/17:0,[M+Na]+,null,1.00,False,14.427,671.57379,C45H76O2,EGSE,VGUZMPDGGYQYST-UHFFFAOYSA-N,O=C(OC1CC2=CC=C3C(CCC4(C)C3CCC4C(C=CC(C)C(C)C)C)C2(C)CC1)CCCCCCCCCCCCCCCC,530,False,True,False,Normalized unit: Intensity; Annotation method: Msp20260116160945_NCDK_conventional_converted_dev_1,False,False,105,0,0.00,1.00,null,null,null,-1.00,-1.00,-0.145,1480.37,P Sandie 100 Mix 4p4 2xdil 4_GC1_01_66539,671.57446:192470 672.57913:104654 673.58380:24918,null,2592269,2807522,2719242,2600606,2679909.7025,102959.578752006
106,28.709,672.45740,no MS2: PC 26:0,[M+Na]+,null,1.00,False,8.173,672.45752,C34H68NO8P,PC,GVHACYORHXGAEG-UHFFFAOYSA-N,O=C(OCC(OC(=O)CCCC)COP(=O)([O-])OCC[N+](C)(C)C)CCCCCCCCCCCCCCCCCCCC,530,False,True,False,Normalized unit: Intensity; Annotation method: Msp20260116160945_NCDK_conventional_converted_dev_1,False,False,106,0,0.00,1.00,null,null,null,-1.00,-1.00,-0.143,6301.04,P Sandie 100 Mix 4p4 2xdil 2_GC1_01_66537,672.45740:815884 673.46207:291420 674.46673:62526,null,12477728,13528795,13823128,13611725,13360344.0533906,601317.707783649
107,72.000,672.57678,no MS2: TG 36:0;O|TG 8:0_8:0_20:0;O,[M+NH4]+,null,0.25,False,11.203,672.57727,C39H74O7,OxTG,DGRRIEODOWJKOW-UHFFFAOYSA-N,O=C(OCC(OC(=O)CCCCCCC)COC(=O)CCCCCCCC(O)CCCCCCCCCCC)CCCCCCC,530,False,True,False,Normalized unit: Intensity; Annotation method: Msp20260116160945_NCDK_conventional_converted_dev_1,False,False,107,0,0.00,1.00,null,null,null,-1.00,-1.00,-0.144,2148.51,P Sandie 100 Mix 4p4 2xdil 3_GC1_01_66538,672.57678:262958 673.58145:60740 674.58612:10326,null,4773635,4727139,4792315,5246083,4884793.0443125,242414.101186018
108,76.075,673.58801,no MS2: VAE 25:0,[M+Na]+,null,0.50,False,14.642,673.58942,C45H78O2,VAE,HJYFPBYXTPMOIB-UHFFFAOYSA-N,O=C(OCC=C(C=CC=C(C=CC1=C(C)CCCC1(C)C)C)C)CCCCCCCCCCCCCCCCCCCCCCCC,530,False,True,False,Normalized unit: Intensity; Annotation method: Msp20260116160945_NCDK_conventional_converted_dev_1,False,False,108,0,0.00,1.00,null,null,null,-1.00,-1.00,-0.143,2963.98,P Sandie 100 Mix 4p4 2xdil 2_GC1_01_66537,673.58960:359120 674.59427:175174 675.59894:41508,null,8387817,8499413,9208910,9135889,8808007.34850006,424271.485063915
109,75.669,673.58899,no MS2: VAE 25:0,[M+Na]+,null,0.75,False,14.642,673.58942,C45H78O2,VAE,HJYFPBYXTPMOIB-UHFFFAOYSA-N,O=C(OCC=C(C=CC=C(C=CC1=C(C)CCCC1(C)C)C)C)CCCCCCCCCCCCCCCCCCCCCCCC,530,False,True,False,Normalized unit: Intensity; Annotation method: Msp20260116160945_NCDK_conventional_converted_dev_1,False,False,109,0,0.00,1.00,null,null,null,-1.00,-1.00,-0.144,2657.64,P Sandie 100 Mix 4p4 2xdil 1_GC1_01_66536,673.58899:361252 674.59366:176022 675.59832:45026,null,7862230,8315811,7517792,7709967,7851450.17326557,340143.11489987
110,61.556,675.58936,no MS2: RIKEN P-VS1 ID-7361 from Mouse_Macrophage_WT_N_F1DHA,[M+H]+,null,1.00,False,13.380,675.58582,null,Unknown,null,null,530,False,True,False,Normalized unit: Intensity; Annotation method: Msp20260116160945_NCDK_conventional_converted_dev_1,False,False,110,0,0.00,0.97,null,null,null,-1.00,-1.00,-0.143,585.32,P Sandie 100 Mix 4p4 2xdil 1_GC1_01_66536,675.58752:82620 676.59219:36408 677.59686:9812,null,1177367,1270855,1259643,1237854,1236429.72826563,41690.7109192573
111,34.081,678.50555,no MS2: DMPE 29:0|DMPE 24:0_5:0,[M+H]+,null,1.00,False,8.668,678.50677,C36H72NO8P,DMPE,QPDHMTGOUFFHHI-UHFFFAOYSA-N,O=C(OCC(OC(=O)CCCC)COP(=O)(O)OCCN(C)C)CCCCCCCCCCCCCCCCCCCCCCC,530,False,True,False,Normalized unit: Intensity; Annotation method: Msp20260116160945_NCDK_conventional_converted_dev_1,False,False,111,0,0.00,1.00,null,null,null,-1.00,-1.00,-0.143,21187.75,P Sandie 100 Mix 4p4 2xdil 2_GC1_01_66537,678.50708:4756578 679.51175:1940930 680.51642:463686,null,78664227,81702068,80447106,79206699,80005024.9500938,1355292.46832289
112,34.081,678.65283,Unknown,[M+2H]2+,null,1.00,False,null,null,null,null,null,null,999,False,False,False,Normalized unit: Intensity,False,False,112,0,0.00,null,null,null,null,null,null,null,483.96,P Sandie 100 Mix 4p4 2xdil 2_GC1_01_66537,678.65283:78576 679.65750:15184 680.66217:0,null,905963,941116,907319,779847,883561.093406251,71029.3845080329
113,34.081,678.75916,Unknown,[M+H]+,null,1.00,False,null,null,null,null,null,null,999,False,False,False,Normalized unit: Intensity,False,False,113,0,0.00,null,null,null,null,null,null,null,1249.01,P Sandie 100 Mix 4p4 2xdil 2_GC1_01_66537,678.75916:97128 679.76382:21472 680.76849:1364,null,1057916,1212852,1145514,870750,1071758.10585938,148260.539396367
114,56.997,679.56342,no MS2: SL 37:0;O2|SL 12:0;O/25:0;O,[M+NH4]+,null,0.50,False,9.618,679.56531,C37H75NO6S,SL,HRKHLLMYVHITRH-UHFFFAOYSA-N,O=C(N(CC(O)CCCCCCCCC)CS(=O)(=O)O)C(O)CCCCCCCCCCCCCCCCCCCCCCC,530,False,True,False,Normalized unit: Intensity; Annotation method: Msp20260116160945_NCDK_conventional_converted_dev_1,False,False,114,0,0.00,0.99,null,null,null,-1.00,-1.00,-0.149,404.94,P Sandie 100 Mix 4p4 2xdil 2_GC1_01_66537,679.56641:92056 680.57107:45932 681.57574:13578,null,1374843,1465289,1467463,1425127,1433180.65893751,43490.7478832447
115,55.849,679.56653,no MS2: SL 37:0;O2|SL 12:0;O/25:0;O,[M+NH4]+,null,1.00,False,9.618,679.56531,C37H75NO6S,SL,HRKHLLMYVHITRH-UHFFFAOYSA-N,O=C(N(CC(O)CCCCCCCCC)CS(=O)(=O)O)C(O)CCCCCCCCCCCCCCCCCCCCCCC,530,False,True,False,Normalized unit: Intensity; Annotation method: Msp20260116160945_NCDK_conventional_converted_dev_1,False,False,115,0,0.00,1.00,null,null,null,-1.00,-1.00,-0.143,281.28,P Sandie 100 Mix 4p4 2xdil 1_GC1_01_66536,679.56531:65652 680.56998:31696 681.57464:9298,null,1841049,2064008,2071931,1969902,1986722.58492187,107606.451165814
116,45.721,680.47784,no MS2: RIKEN P-VS1 ID-7491 from Mouse_Macrophage_WT_N_F1AA,[M+H]+,null,1.00,False,9.910,680.48163,null,Unknown,null,null,530,False,True,False,Normalized unit: Intensity; Annotation method: Msp20260116160945_NCDK_conventional_converted_dev_1,False,False,116,0,0.00,1.00,null,null,null,-1.00,-1.00,-0.129,2611.24,P Sandie 100 Mix 4p4 2xdil 2_GC1_01_66537,680.48132:700818 681.48599:330552 682.49066:76448,null,11115249,10967165,10663366,10158797,10726143.9543125,422420.729009871
117,59.884,680.59784,no MS2: Cer 45:6;O3|Cer 13:0;O2/32:6;O,[M+H-H2O]+,null,1.00,False,12.094,680.59760,C45H79NO4,Cer_HDS,IMKVRXPFYIJVDT-UHFFFAOYSA-N,O=C(NC(CO)C(O)CCCCCCCCCC)C(O)CCCCCCCCCCCC=CCC=CCC=CCC=CCC=CCC=CCC,530,False,True,False,Normalized unit: Intensity; Annotation method: Msp20260116160945_NCDK_conventional_converted_dev_1,False,False,117,0,0.00,1.00,null,null,null,-1.00,-1.00,-0.143,791.51,P Sandie 100 Mix 4p4 2xdil 2_GC1_01_66537,680.59784:245006 681.60251:123326 682.60717:31790,null,2345593,2500312,2413884,2372303,2408022.87857812,67639.0570147694
118,55.204,681.58148,Unknown,[M+H]+,null,1.00,False,null,null,null,null,null,null,999,False,False,False,Normalized unit: Intensity,False,False,118,0,0.00,null,null,null,null,null,null,null,428.18,P Sandie 100 Mix 4p4 2xdil 2_GC1_01_66537,681.58148:100156 682.58615:45724 683.59082:11206,null,1261977,1358505,1309296,1305645,1308855.66390625,39468.2586240207
119,64.089,682.61188,no MS2: Cer 43:3;O2|Cer 13:0;O2/30:3,[M+Na]+,null,1.00,False,12.806,682.61090,C43H81NO3,Cer_NDS,YUVLLUVJYGDHFD-UHFFFAOYSA-N,O=C(NC(CO)C(O)CCCCCCCCCC)CCCCCCCCCCCCCCC=CCC=CCC=CCCCCCCC,530,False,True,False,Normalized unit: Intensity; Annotation method: Msp20260116160945_NCDK_conventional_converted_dev_1,False,False,119,0,0.00,1.00,null,null,null,-1.00,-1.00,-0.144,1509.95,P Sandie 100 Mix 4p4 2xdil 1_GC1_01_66536,682.61133:202822 683.61600:103676 684.62066:27258,null,2867770,3000582,3131540,2952872,2988190.83720313,110228.569673515
120,65.537,684.62726,no MS2: Cer 45:4;O3|Cer 13:0;O2/32:4;O,[M+H-H2O]+,null,0.75,False,12.951,684.62891,C45H83NO4,Cer_HDS,MMCKNJGGLAFKBU-UHFFFAOYSA-N,O=C(NC(CO)C(O)CCCCCCCCCC)C(O)CCCCCCCCCCCCCCCCCC=CCC=CCC=CCC=CCC,530,False,True,False,Normalized unit: Intensity; Annotation method: Msp20260116160945_NCDK_conventional_converted_dev_1,False,False,120,0,0.00,1.00,null,null,null,-1.00,-1.00,-0.143,457.84,P Sandie 100 Mix 4p4 2xdil 2_GC1_01_66537,684.62891:54924 685.63357:27274 686.63824:6924,null,762092,770637,811833,719942,766126.171656251,37677.3034722622
121,45.717,685.43384,no MS2: SM 32:7;O2,[M+Na]+,null,1.00,False,6.300,685.43158,C37H63N2O6P,SM,XKTXCUCZGOGZTL-UHFFFAOYSA-N,O=C(NC(COP(=O)([O-])OCC[N+](C)(C)C)C(O)C=CCCC=CCCC)CCCC=CCC=CCC=CCC=CCC=CCC,530,False,True,False,Normalized unit: Intensity; Annotation method: Msp20260116160945_NCDK_conventional_converted_dev_1,False,False,121,0,0.00,0.95,null,null,null,-1.00,-1.00,-0.167,965.02,P Sandie 100 Mix 4p4 2xdil 3_GC1_01_66538,685.43372:227936 686.43838:107104 687.44305:26640,null,3710785,3777098,3688483,3467115,3660870.47570313,134540.977938559
122,61.246,685.55231,no MS2: BA 24:1;O3;G/16:2,[M+NH4]+,null,1.00,False,8.416,685.55139,C42H69NO5,GLCAE,LXMQNVPHLGGKBS-UHFFFAOYSA-N,O=C(O)CNC(=O)CCC(C)C1CCC2C3CCC4CC(OC(=O)CCCCCCCC=CCC=CCCC)CCC4(C)C3CCC12C,530,False,True,False,Normalized unit: Intensity; Annotation method: Msp20260116160945_NCDK_conventional_converted_dev_1,False,False,122,0,0.00,0.99,null,null,null,-1.00,-1.00,-0.147,5924.34,P Sandie 100 Mix 4p4 2xdil 2_GC1_01_66537,685.55231:853208 686.55697:406648 687.56164:105086,null,10969471,11885495,11353360,12805769,11753523.7773906,795719.269599874
123,64.084,687.56738,no MS2: BA 24:1;O3;G/16:1,[M+NH4]+,null,1.00,False,8.768,687.56702,C42H71NO5,GLCAE,WFFMHKJPNDEUHA-UHFFFAOYSA-N,O=C(O)CNC(=O)CCC(C)C1CCC2C3CCC4CC(OC(=O)CCCCCCCC=CCCCCCC)CCC4(C)C3CCC12C,530,False,True,False,Normalized unit: Intensity; Annotation method: Msp20260116160945_NCDK_conventional_converted_dev_1,False,False,123,0,0.00,1.00,null,null,null,-1.00,-1.00,-0.143,3015.93,P Sandie 100 Mix 4p4 2xdil 1_GC1_01_66536,687.56683:416462 688.57150:200052 689.57617:54062,null,6460586,6554003,6778288,6598356,6597808.13371877,133319.104777319
124,60.093,687.56812,no MS2: BA 24:1;O3;G/16:1,[M+NH4]+,null,1.00,False,8.768,687.56702,C42H71NO5,GLCAE,WFFMHKJPNDEUHA-UHFFFAOYSA-N,O=C(O)CNC(=O)CCC(C)C1CCC2C3CCC4CC(OC(=O)CCCCCCCC=CCCCCCC)CCC4(C)C3CCC12C,530,False,True,False,Normalized unit: Intensity; Annotation method: Msp20260116160945_NCDK_conventional_converted_dev_1,False,False,124,0,0.00,1.00,null,null,null,-1.00,-1.00,-0.144,2579.22,P Sandie 100 Mix 4p4 2xdil 3_GC1_01_66538,687.56744:373316 688.57211:175744 689.57678:44928,null,6954065,7391023,7183468,7177371,7176481.66365625,178462.656314179
125,62.470,687.56824,no MS2: BA 24:1;O3;G/16:1,[M+NH4]+,null,1.00,False,8.768,687.56702,C42H71NO5,GLCAE,WFFMHKJPNDEUHA-UHFFFAOYSA-N,O=C(O)CNC(=O)CCC(C)C1CCC2C3CCC4CC(OC(=O)CCCCCCCC=CCCCCCC)CCC4(C)C3CCC12C,530,False,True,False,Normalized unit: Intensity; Annotation method: Msp20260116160945_NCDK_conventional_converted_dev_1,False,False,125,0,0.00,1.00,null,null,null,-1.00,-1.00,-0.144,735.13,P Sandie 100 Mix 4p4 2xdil 1_GC1_01_66536,687.56744:115260 688.57211:54534 689.57678:15192,null,2706048,2925450,2932368,2901939,2866451.3350625,107725.673676851
126,68.520,688.60364,no MS2: SE 28:2/19:4,[M+NH4]+,null,1.00,False,13.944,688.60272,C47H74O2,BRSE,ZNKOFJNOJYEHQU-UHFFFAOYSA-N,O=C(OC1CC2=CCC3C(CCC4(C)C(CCC34)C(C=CC(C)C(C)C)C)C2(C)CC1)CCCCCC=CCC=CCC=CCC=CCC,530,False,True,False,Normalized unit: Intensity; Annotation method: Msp20260116160945_NCDK_conventional_converted_dev_1,False,False,126,0,0.00,0.99,null,null,null,-1.00,-1.00,-0.147,55519.29,P Sandie 100 Mix 4p4 2xdil 2_GC1_01_66537,688.60364:7860916 689.60831:4034952 690.61297:1065118,null,92178614,101881968,95564360,95327180,96238030.8083905,4066791.3608423
127,68.520,688.74976,Unknown,[M+2H]2+,null,1.00,False,null,null,null,null,null,null,999,False,False,False,Normalized unit: Intensity,False,False,127,0,0.00,null,null,null,null,null,null,null,1986.58,P Sandie 100 Mix 4p4 2xdil 2_GC1_01_66537,688.74976:132092 689.75442:57244 690.75909:3574,null,1373722,1484542,1411439,1297542,1391811.16015625,77884.7487421288
128,68.520,688.85992,Unknown,[M+H]+,null,1.00,False,null,null,null,null,null,null,999,False,False,False,Normalized unit: Intensity,False,False,128,0,0.00,null,null,null,null,null,null,null,1056.90,P Sandie 100 Mix 4p4 2xdil 2_GC1_01_66537,688.85992:135640 689.86459:64766 690.86926:3144,null,1354235,1522194,1403003,1376590,1414005.3984375,74829.3560511035
129,68.526,688.98718,Unknown,[M+H]+,null,0.50,False,null,null,null,null,null,null,999,False,False,False,Normalized unit: Intensity,False,False,129,0,0.00,null,null,null,null,null,null,null,576.14,P Sandie 100 Mix 4p4 2xdil 2_GC1_01_66537,688.98718:67546 689.99185:6376 690.99652:1438,null,221338,450670,411682,159138,310706.9991875,142297.680213713
130,65.556,689.58276,no MS2: RIKEN P-VS1 ID-7710 from Mouse_Plasma_ApoEKO_N_F1DHA,[M+H]+,null,1.00,False,13.650,689.58600,null,Unknown,null,null,530,False,True,False,Normalized unit: Intensity; Annotation method: Msp20260116160945_NCDK_conventional_converted_dev_1,False,False,130,0,0.00,0.98,null,null,null,-1.00,-1.00,-0.139,951.10,P Sandie 100 Mix 4p4 2xdil 2_GC1_01_66537,689.58453:132838 690.58920:67640 691.59387:15254,null,1993189,1957668,2095391,1894237,1985121.0956875,84138.9453692287
131,61.616,689.58313,no MS2: BA 24:1;O3;G/16:0,[M+NH4]+,null,1.00,False,9.029,689.58270,C42H73NO5,GLCAE,MWFDDGQQCFCTNE-UHFFFAOYSA-N,O=C(O)CNC(=O)CCC(C)C1CCC2C3CCC4CC(OC(=O)CCCCCCCCCCCCCCC)CCC4(C)C3CCC12C,530,False,True,False,Normalized unit: Intensity; Annotation method: Msp20260116160945_NCDK_conventional_converted_dev_1,False,False,131,0,0.00,1.00,null,null,null,-1.00,-1.00,-0.144,702.38,P Sandie 100 Mix 4p4 2xdil 2_GC1_01_66537,689.58313:106000 690.58780:50862 691.59247:12922,null,2791842,2941120,2894049,2804490,2857874.981375,71760.2422394424
132,68.520,690.23749,Unknown,[M+H]+,null,1.00,False,null,null,null,null,null,null,999,False,False,False,Normalized unit: Intensity,False,False,132,0,0.00,null,null,null,null,null,null,null,1490.03,P Sandie 100 Mix 4p4 2xdil 3_GC1_01_66538,690.23749:113238 691.24216:6294 692.24682:800,null,1026191,1115440,1083577,1002581,1056947.30298437,51743.7530192217
133,66.561,691.54346,no MS2: RIKEN P-VS1 ID-7759 from Mouse_Ear_fads2KO_N_Ctr,[M+H]+,null,1.00,False,8.140,691.54327,null,Unknown,null,null,530,False,True,False,Normalized unit: Intensity; Annotation method: Msp20260116160945_NCDK_conventional_converted_dev_1,False,False,133,0,0.00,1.00,null,null,null,-1.00,-1.00,-0.129,618.73,P Sandie 100 Mix 4p4 2xdil 2_GC1_01_66537,691.54346:89236 692.54812:45188 693.55279:12166,null,1485105,1599295,1547293,1491768,1530865.11234375,53463.4650848365
134,69.231,691.61389,Unknown,[M+H]+,null,0.25,False,null,null,null,null,null,null,999,False,False,False,Normalized unit: Intensity,False,False,134,0,0.00,null,null,null,null,null,null,null,382.86,P Sandie 100 Mix 4p4 2xdil 2_GC1_01_66537,691.61389:57028 692.61856:29116 693.62323:5928,null,841408,915749,844341,816453,854487.661453128,42714.5206139179
135,68.472,693.55908,no MS2: SE 28:4/19:2,[M+Na]+,null,1.00,False,14.218,693.55811,C47H74O2,DEGSE,ZJTNNWFGVBBRTO-UHFFFAOYSA-N,O=C(OC1CC2=CC=C3C(=CCC4(C)C3CCC4C(C=CC(C)C(C)C)C)C2(C)CC1)CCCCCCCC=CCC=CCCCCCC,530,False,True,False,Normalized unit: Intensity; Annotation method: Msp20260116160945_NCDK_conventional_converted_dev_1,False,False,135,0,0.00,0.99,null,null,null,-1.00,-1.00,-0.148,8792.13,P Sandie 100 Mix 4p4 2xdil 2_GC1_01_66537,693.55908:1147870 694.56375:592392 695.56842:147590,null,29587065,31767532,29384009,30821750,30390088.8907343,1116650.45522043
136,72.041,694.63123,no MS2: Cer 43:2;O4|Cer 12:1;O3/31:1(2OH),[M+H]+,null,0.25,False,12.757,694.63440,C43H83NO5,Cer_AP,UAFQOLNRTBKTCO-UHFFFAOYSA-N,O=C(NC(CO)C(O)C(O)CCCC=CCCC)C(O)CCCCCCCCCCCCCCCCCC=CCCCCCCCCCC,530,False,True,False,Normalized unit: Intensity; Annotation method: Msp20260116160945_NCDK_conventional_converted_dev_1,False,False,136,0,0.00,0.90,null,null,null,-1.00,-1.00,-0.192,4103.49,P Sandie 100 Mix 4p4 2xdil 1_GC1_01_66536,694.63123:264622 695.63589:64250 696.64056:10556,null,3860021,4277949,3743683,4220917,4025642.64082814,263768.93252452
137,72.035,695.63574,no MS2: NAGly 40:2;O2|NAGly 12:0;O(FA 28:1),[M+NH4]+,null,0.25,False,12.878,695.62970,C42H79NO5,NAGly,APJFTJUBTSLRSC-UHFFFAOYSA-N,O=C(O)CNC(=O)CCCCCC(OC(=O)CCCCCCCCCCCCCCCCCC=CCCCCCCCC)CCCCC,530,False,True,False,Normalized unit: Intensity; Annotation method: Msp20260116160945_NCDK_conventional_converted_dev_1,False,False,137,0,0.00,0.69,null,null,null,-1.00,-1.00,-0.300,465.15,P Sandie 100 Mix 4p4 2xdil 3_GC1_01_66538,695.63574:61418 696.64041:10450 697.64508:1508,null,907607,1059980,1065152,1051336,1021018.96953126,75822.1582153978
138,76.089,695.64447,Unknown,[M+H]+,null,1.00,False,null,null,null,null,null,null,999,False,False,False,Normalized unit: Intensity,False,False,138,0,0.00,null,null,null,null,null,null,null,5555.98,P Sandie 100 Mix 4p4 2xdil 1_GC1_01_66536,695.64447:402468 696.64914:203766 697.65381:48638,null,8248525,8120967,8022341,7648039,8009967.94465626,258441.165139692
139,75.653,695.64478,Unknown,[M+H]+,null,1.00,False,null,null,null,null,null,null,999,False,False,False,Normalized unit: Intensity,False,False,139,0,0.00,null,null,null,null,null,null,null,5534.36,P Sandie 100 Mix 4p4 2xdil 1_GC1_01_66536,695.64478:407824 696.64944:216552 697.65411:53664,null,7726194,7601102,7325125,7259273,7477923.35298437,222086.21791719
140,58.591,696.59082,no MS2: Cer 45:6;O4|Cer 13:1;O3/32:5(2OH),[M+H-H2O]+,null,1.00,False,12.035,696.59253,C45H79NO5,Cer_AP,LSTVUEMPZUXCSH-UHFFFAOYSA-N,O=C(NC(CO)C(O)C(O)CCCC=CCCCC)C(O)CCCCCCCCCCCCCCC=CCC=CCC=CCC=CCC=CCC,530,False,True,False,Normalized unit: Intensity; Annotation method: Msp20260116160945_NCDK_conventional_converted_dev_1,False,False,140,0,0.00,1.00,null,null,null,-1.00,-1.00,-0.143,690.97,P Sandie 100 Mix 4p4 2xdil 2_GC1_01_66537,696.59277:129964 697.59744:60992 698.60211:28314,null,2902004,3287093,3298939,3181958,3167498.69228125,184639.983736775
141,55.853,696.59247,no MS2: Cer 45:6;O4|Cer 13:1;O3/32:5(2OH),[M+H-H2O]+,null,1.00,False,12.035,696.59253,C45H79NO5,Cer_AP,LSTVUEMPZUXCSH-UHFFFAOYSA-N,O=C(NC(CO)C(O)C(O)CCCC=CCCCC)C(O)CCCCCCCCCCCCCCC=CCC=CCC=CCC=CCC=CCC,530,False,True,False,Normalized unit: Intensity; Annotation method: Msp20260116160945_NCDK_conventional_converted_dev_1,False,False,141,0,0.00,1.00,null,null,null,-1.00,-1.00,-0.143,1530.39,P Sandie 100 Mix 4p4 2xdil 2_GC1_01_66537,696.59247:232622 697.59714:115076 698.60180:29338,null,4301232,4754821,4126304,4500707,4420766.01615625,270172.27128353
142,57.015,696.59302,no MS2: Cer 45:6;O4|Cer 13:1;O3/32:5(2OH),[M+H-H2O]+,null,1.00,False,12.035,696.59253,C45H79NO5,Cer_AP,LSTVUEMPZUXCSH-UHFFFAOYSA-N,O=C(NC(CO)C(O)C(O)CCCC=CCCCC)C(O)CCCCCCCCCCCCCCC=CCC=CCC=CCC=CCC=CCC,530,False,True,False,Normalized unit: Intensity; Annotation method: Msp20260116160945_NCDK_conventional_converted_dev_1,False,False,142,0,0.00,1.00,null,null,null,-1.00,-1.00,-0.144,636.90,P Sandie 100 Mix 4p4 2xdil 2_GC1_01_66537,696.59302:140138 697.59769:69000 698.60235:22118,null,2108647,2324692,2160452,2185524,2194828.86926562,92304.0678348398
143,56.623,698.60529,no MS2: RIKEN P-VS1 ID-7928 from Mouse_AdrenalGlands_fads2KO_N_Ctr,[M+H]+,null,1.00,False,13.140,698.60577,null,Unknown,null,null,530,False,True,False,Normalized unit: Intensity; Annotation method: Msp20260116160945_NCDK_conventional_converted_dev_1,False,False,143,0,0.00,1.00,null,null,null,-1.00,-1.00,-0.130,734.39,P Sandie 100 Mix 4p4 2xdil 3_GC1_01_66538,698.60529:107856 699.60995:48520 700.61462:12288,null,1808818,1806337,1855915,1749270,1805084.89146875,43644.4253313469
144,55.170,698.60663,no MS2: RIKEN P-VS1 ID-7928 from Mouse_AdrenalGlands_fads2KO_N_Ctr,[M+H]+,null,1.00,False,13.140,698.60577,null,Unknown,null,null,530,False,True,False,Normalized unit: Intensity; Annotation method: Msp20260116160945_NCDK_conventional_converted_dev_1,False,False,144,0,0.00,1.00,null,null,null,-1.00,-1.00,-0.129,980.13,P Sandie 100 Mix 4p4 2xdil 4_GC1_01_66539,698.60541:134698 699.61008:59074 700.61474:16648,null,2267685,2409564,2392315,2336884,2351611.90065625,63968.4404824878
145,59.884,698.60840,no MS2: RIKEN P-VS1 ID-7928 from Mouse_AdrenalGlands_fads2KO_N_Ctr,[M+H]+,null,1.00,False,13.140,698.60577,null,Unknown,null,null,530,False,True,False,Normalized unit: Intensity; Annotation method: Msp20260116160945_NCDK_conventional_converted_dev_1,False,False,145,0,0.00,0.99,null,null,null,-1.00,-1.00,-0.132,1730.56,P Sandie 100 Mix 4p4 2xdil 1_GC1_01_66536,698.60492:221672 699.60959:104134 700.61425:25096,null,3125606,3291215,3169962,3108137,3173729.88434375,82533.5786811517
146,53.533,699.53174,no MS2: BA 24:1;O4;G/16:3,[M+NH4]+,null,1.00,False,7.339,699.53070,C42H67NO6,GDCAE,QIVHNFJHEGDBSV-UHFFFAOYSA-N,O=C(O)CNC(=O)CCC(C)C1CCC2C3CCC4CC(OC(=O)CCCCCC=CCC=CCC=CCC)CCC4(C)C3CC(O)C12C,530,False,True,False,Normalized unit: Intensity; Annotation method: Msp20260116160945_NCDK_conventional_converted_dev_1,False,False,146,0,0.00,1.00,null,null,null,-1.00,-1.00,-0.143,425.01,P Sandie 100 Mix 4p4 2xdil 4_GC1_01_66539,699.53058:77994 700.53525:36734 701.53991:27154,null,1153808,1216901,1222724,1210606,1201009.6133125,31854.4323132471
147,34.081,700.48871,no MS2: PC 28:0,[M+Na]+,null,1.00,False,8.322,700.48877,C36H72NO8P,PC,ZSAAJXQMYINYJW-UHFFFAOYSA-N,O=C(OCC(OC(=O)CCCC)COP(=O)([O-])OCC[N+](C)(C)C)CCCCCCCCCCCCCCCCCCCCCC,530,False,True,False,Normalized unit: Intensity; Annotation method: Msp20260116160945_NCDK_conventional_converted_dev_1,False,False,147,0,0.00,1.00,null,null,null,-1.00,-1.00,-0.143,6929.18,P Sandie 100 Mix 4p4 2xdil 2_GC1_01_66537,700.48871:850846 701.49338:331266 702.49804:71596,null,13665876,15142137,14991560,14677949,14619380.7525625,664427.802644637
148,61.247,701.52649,no MS2: SE 28:4/20:5,[M+Na]+,null,0.75,False,13.894,701.52679,C48H70O2,DEGSE,CKOUYHHHLAUDNU-UHFFFAOYSA-N,O=C(OC1CC2=CC=C3C(=CCC4(C)C3CCC4C(C=CC(C)C(C)C)C)C2(C)CC1)CCCC=CCC=CCC=CCC=CCC=CCC,530,False,True,False,Normalized unit: Intensity; Annotation method: Msp20260116160945_NCDK_conventional_converted_dev_1,False,False,148,0,0.00,1.00,null,null,null,-1.00,-1.00,-0.143,282.89,P Sandie 100 Mix 4p4 2xdil 3_GC1_01_66538,701.52698:54604 702.53165:28048 703.53631:9170,null,780661,820595,783271,735560,780021.715593749,34804.3305193307
149,57.002,701.54547,no MS2: BA 24:1;O4;G/16:2,[M+NH4]+,null,1.00,False,7.500,701.54633,C42H69NO6,GDCAE,IPDYQZPKMAWZLM-UHFFFAOYSA-N,O=C(O)CNC(=O)CCC(C)C1CCC2C3CCC4CC(OC(=O)CCCCCCCC=CCC=CCCC)CCC4(C)C3CC(O)C12C,530,False,True,False,Normalized unit: Intensity; Annotation method: Msp20260116160945_NCDK_conventional_converted_dev_1,False,False,149,0,0.00,1.00,null,null,null,-1.00,-1.00,-0.143,1389.10,P Sandie 100 Mix 4p4 2xdil 1_GC1_01_66536,701.54626:365308 702.55093:181806 703.55560:69150,null,6225962,6423912,6471902,6235033,6339202.26849997,127095.005252267
150,56.693,701.54578,no MS2: BA 24:1;O4;G/16:2,[M+NH4]+,null,1.00,False,7.500,701.54633,C42H69NO6,GDCAE,IPDYQZPKMAWZLM-UHFFFAOYSA-N,O=C(O)CNC(=O)CCC(C)C1CCC2C3CCC4CC(OC(=O)CCCCCCCC=CCC=CCCC)CCC4(C)C3CC(O)C12C,530,False,True,False,Normalized unit: Intensity; Annotation method: Msp20260116160945_NCDK_conventional_converted_dev_1,False,False,150,0,0.00,1.00,null,null,null,-1.00,-1.00,-0.143,827.56,P Sandie 100 Mix 4p4 2xdil 1_GC1_01_66536,701.54663:226322 702.55130:113136 703.55597:311668,null,3166622,3199781,3246936,3088617,3175489.05232815,66633.3758345001
151,55.866,701.54590,no MS2: BA 24:1;O4;G/16:2,[M+NH4]+,null,1.00,False,7.500,701.54633,C42H69NO6,GDCAE,IPDYQZPKMAWZLM-UHFFFAOYSA-N,O=C(O)CNC(=O)CCC(C)C1CCC2C3CCC4CC(OC(=O)CCCCCCCC=CCC=CCCC)CCC4(C)C3CC(O)C12C,530,False,True,False,Normalized unit: Intensity; Annotation method: Msp20260116160945_NCDK_conventional_converted_dev_1,False,False,151,0,0.00,1.00,null,null,null,-1.00,-1.00,-0.144,839.86,P Sandie 100 Mix 4p4 2xdil 3_GC1_01_66538,701.54590:203264 702.55057:93900 703.55523:36528,null,6790295,7268673,7459300,7240570,7189709.46426562,283451.062492467
152,58.634,701.54620,no MS2: BA 24:1;O4;G/16:2,[M+NH4]+,null,1.00,False,7.500,701.54633,C42H69NO6,GDCAE,IPDYQZPKMAWZLM-UHFFFAOYSA-N,O=C(O)CNC(=O)CCC(C)C1CCC2C3CCC4CC(OC(=O)CCCCCCCC=CCC=CCCC)CCC4(C)C3CC(O)C12C,530,False,True,False,Normalized unit: Intensity; Annotation method: Msp20260116160945_NCDK_conventional_converted_dev_1,False,False,152,0,0.00,1.00,null,null,null,-1.00,-1.00,-0.143,624.09,P Sandie 100 Mix 4p4 2xdil 3_GC1_01_66538,701.54620:141770 702.55087:68352 703.55554:32734,null,1921088,2025771,2039379,1946034,1983067.87543749,58330.9583643488
153,64.089,703.54169,no MS2: SE 28:4/20:4,[M+Na]+,null,1.00,False,14.030,703.54248,C48H72O2,DEGSE,OJOARSZKSDLZLT-UHFFFAOYSA-N,O=C(OC1CC2=CC=C3C(=CCC4(C)C3CCC4C(C=CC(C)C(C)C)C)C2(C)CC1)CCCCCCC=CCC=CCC=CCC=CCC,530,False,True,False,Normalized unit: Intensity; Annotation method: Msp20260116160945_NCDK_conventional_converted_dev_1,False,False,153,0,0.00,1.00,null,null,null,-1.00,-1.00,-0.145,365.93,P Sandie 100 Mix 4p4 2xdil 2_GC1_01_66537,703.54181:61754 704.54648:30394 705.55114:10808,null,906692,936266,974264,909045,931566.827343752,31470.2730873155
154,55.187,703.56189,no MS2: BA 24:1;O4;G/16:1,[M+NH4]+,null,1.00,False,7.779,703.56201,C42H71NO6,GDCAE,CJCUCDWRGAZUGG-UHFFFAOYSA-N,O=C(O)CNC(=O)CCC(C)C1CCC2C3CCC4CC(OC(=O)CCCCCCCC=CCCCCCC)CCC4(C)C3CC(O)C12C,530,False,True,False,Normalized unit: Intensity; Annotation method: Msp20260116160945_NCDK_conventional_converted_dev_1,False,False,154,0,0.00,1.00,null,null,null,-1.00,-1.00,-0.143,5294.28,P Sandie 100 Mix 4p4 2xdil 1_GC1_01_66536,703.56195:813124 704.56662:410638 705.57129:108676,null,15979886,17074738,17092786,16827458,16743716.9585781,523410.04149652
155,59.870,703.56390,no MS2: BA 24:1;O4;G/16:1,[M+NH4]+,null,1.00,False,7.779,703.56201,C42H71NO6,GDCAE,CJCUCDWRGAZUGG-UHFFFAOYSA-N,O=C(O)CNC(=O)CCC(C)C1CCC2C3CCC4CC(OC(=O)CCCCCCCC=CCCCCCC)CCC4(C)C3CC(O)C12C,530,False,True,False,Normalized unit: Intensity; Annotation method: Msp20260116160945_NCDK_conventional_converted_dev_1,False,False,155,0,0.00,0.99,null,null,null,-1.00,-1.00,-0.146,5206.42,P Sandie 100 Mix 4p4 2xdil 4_GC1_01_66539,703.56274:817664 704.56741:424210 705.57208:105224,null,16062676,16384147,15966757,15281889,15923867.5189844,463717.347253145
156,56.619,703.56421,no MS2: BA 24:1;O4;G/16:1,[M+NH4]+,null,1.00,False,7.779,703.56201,C42H71NO6,GDCAE,CJCUCDWRGAZUGG-UHFFFAOYSA-N,O=C(O)CNC(=O)CCC(C)C1CCC2C3CCC4CC(OC(=O)CCCCCCCC=CCCCCCC)CCC4(C)C3CC(O)C12C,530,False,True,False,Normalized unit: Intensity; Annotation method: Msp20260116160945_NCDK_conventional_converted_dev_1,False,False,156,0,0.00,1.00,null,null,null,-1.00,-1.00,-0.143,2095.46,P Sandie 100 Mix 4p4 2xdil 1_GC1_01_66536,703.56183:370022 704.56650:184944 705.57116:55600,null,8667970,9055107,8863473,8665012,8812890.47075,186276.995048967
157,61.464,705.57849,no MS2: RIKEN P-VS1 ID-8119 from Mouse_Aorta_WT_N_Ctr,[M+H]+,null,1.00,False,15.390,705.57758,null,Unknown,null,null,530,False,True,False,Normalized unit: Intensity; Annotation method: Msp20260116160945_NCDK_conventional_converted_dev_1,False,False,157,0,0.00,1.00,null,null,null,-1.00,-1.00,-0.130,1295.58,P Sandie 100 Mix 4p4 2xdil 1_GC1_01_66536,705.57697:164106 706.58163:78068 707.58630:0,null,2913662,2957834,2985506,3337441,3048610.73232813,194813.142416415
158,39.359,706.53778,no MS2: DMPE 31:0|DMPE 26:0_5:0,[M+H]+,null,1.00,False,9.669,706.53809,C38H76NO8P,DMPE,DWEKJNHYPZSNIT-UHFFFAOYSA-N,O=C(OCC(OC(=O)CCCC)COP(=O)(O)OCCN(C)C)CCCCCCCCCCCCCCCCCCCCCCCCC,530,False,True,False,Normalized unit: Intensity; Annotation method: Msp20260116160945_NCDK_conventional_converted_dev_1,False,False,158,0,0.00,1.00,null,null,null,-1.00,-1.00,-0.143,43508.63,P Sandie 100 Mix 4p4 2xdil 2_GC1_01_66537,706.53778:5334002 707.54245:2320878 708.54712:545590,null,84910471,89372713,87734648,86599863,87154423.6783906,1879745.74541564
159,39.359,706.79401,Unknown,[M+H]+,null,1.00,False,null,null,null,null,null,null,999,False,False,False,Normalized unit: Intensity,False,False,159,0,0.00,null,null,null,null,null,null,null,1032.56,P Sandie 100 Mix 4p4 2xdil 2_GC1_01_66537,706.79401:96632 707.79867:21642 708.80334:0,null,1059688,1222356,1200164,1119802,1150502.25728125,74875.2196355264
160,39.359,707.17877,Unknown,[M+H]+,null,1.00,False,null,null,null,null,null,null,999,False,False,False,Normalized unit: Intensity,False,False,160,0,0.00,null,null,null,null,null,null,null,2900.87,P Sandie 100 Mix 4p4 2xdil 2_GC1_01_66537,707.17877:162598 708.18344:34310 709.18811:2074,null,1831657,2043652,1991516,1899962,1941696.70645312,94388.1572766774
161,45.726,707.48987,Unknown,[M+H]+,null,1.00,False,null,null,null,null,null,null,999,False,False,False,Normalized unit: Intensity,False,False,161,0,0.00,null,null,null,null,null,null,null,1916.09,P Sandie 100 Mix 4p4 2xdil 1_GC1_01_66536,707.48987:338368 708.49454:163222 709.49920:39566,null,4836579,5533901,5173586,4389448,4983378.3970625,487701.332974546
162,61.246,707.60779,Unknown,[M+H]+,null,1.00,False,null,null,null,null,null,null,999,False,False,False,Normalized unit: Intensity,False,False,162,0,0.00,null,null,null,null,null,null,null,2611.19,P Sandie 100 Mix 4p4 2xdil 2_GC1_01_66537,707.60779:519520 708.61246:251892 709.61712:64190,null,8330764,8928105,8222432,7789650,8317737.75234374,469282.389296061
163,62.428,709.55280,no MS2: BA 24:1;O3;G/18:4,[M+NH4]+,null,0.50,False,8.631,709.55139,C44H69NO5,GLCAE,AIHUJGGYTJJOOL-UHFFFAOYSA-N,O=C(O)CNC(=O)CCC(C)C1CCC2C3CCC4CC(OC(=O)CCCCC=CCC=CCC=CCC=CCC)CCC4(C)C3CCC12C,530,False,True,False,Normalized unit: Intensity; Annotation method: Msp20260116160945_NCDK_conventional_converted_dev_1,False,False,163,0,0.00,1.00,null,null,null,-1.00,-1.00,-0.144,473.85,P Sandie 100 Mix 4p4 2xdil 1_GC1_01_66536,709.55188:58362 710.55655:30532 711.56122:8562,null,1097304,1069552,1173537,972893,1078321.26496875,82902.4391787954
164,64.084,709.62238,Unknown,[M+H]+,null,1.00,False,null,null,null,null,null,null,999,False,False,False,Normalized unit: Intensity,False,False,164,0,0.00,null,null,null,null,null,null,null,3291.03,P Sandie 100 Mix 4p4 2xdil 1_GC1_01_66536,709.62238:300824 710.62704:149598 711.63171:39494,null,4211472,4152585,4198965,3912582,4118900.88989064,139859.005857368
165,60.084,709.62323,Unknown,[M+H]+,null,1.00,False,null,null,null,null,null,null,999,False,False,False,Normalized unit: Intensity,False,False,165,0,0.00,null,null,null,null,null,null,null,1820.29,P Sandie 100 Mix 4p4 2xdil 2_GC1_01_66537,709.62323:179520 710.62790:87910 711.63257:23042,null,3242987,3418045,3332423,3181699,3293788.49860938,103404.166859375
166,62.484,709.62384,Unknown,[M+H]+,null,0.75,False,null,null,null,null,null,null,999,False,False,False,Normalized unit: Intensity,False,False,166,0,0.00,null,null,null,null,null,null,null,471.80,P Sandie 100 Mix 4p4 2xdil 2_GC1_01_66537,709.62384:70730 710.62851:36330 711.63318:9852,null,1739212,1755248,1782391,1674299,1737787.45767188,45924.2853832279
167,65.543,711.63873,Unknown,[M+H]+,null,1.00,False,null,null,null,null,null,null,999,False,False,False,Normalized unit: Intensity,False,False,167,0,0.00,null,null,null,null,null,null,null,740.45,P Sandie 100 Mix 4p4 2xdil 3_GC1_01_66538,711.63824:101256 712.64291:51596 713.64758:12750,null,1503598,1439132,1482245,1326320,1437823.51665625,79023.9880494799
168,55.309,714.60138,no MS2: Cer 45:6;O4|Cer 13:1;O3/32:5(2OH),[M+NH4]+,null,1.00,False,12.035,714.60309,C45H79NO5,Cer_AP,LSTVUEMPZUXCSH-UHFFFAOYSA-N,O=C(NC(CO)C(O)C(O)CCCC=CCCCC)C(O)CCCCCCCCCCCCCCC=CCC=CCC=CCC=CCC=CCC,530,False,True,False,Normalized unit: Intensity; Annotation method: Msp20260116160945_NCDK_conventional_converted_dev_1,False,False,168,0,0.00,1.00,null,null,null,-1.00,-1.00,-0.145,800.99,P Sandie 100 Mix 4p4 2xdil 2_GC1_01_66537,714.60370:123308 715.60837:61418 716.61303:17760,null,2380394,2352071,2288468,2077868,2274700.2285625,136735.822628897
169,54.895,714.60162,no MS2: Cer 45:6;O4|Cer 13:1;O3/32:5(2OH),[M+H]+,null,1.00,False,12.035,714.60309,C45H79NO5,Cer_AP,LSTVUEMPZUXCSH-UHFFFAOYSA-N,O=C(NC(CO)C(O)C(O)CCCC=CCCCC)C(O)CCCCCCCCCCCCCCC=CCC=CCC=CCC=CCC=CCC,530,False,True,False,Normalized unit: Intensity; Annotation method: Msp20260116160945_NCDK_conventional_converted_dev_1,False,False,169,0,0.00,1.00,null,null,null,-1.00,-1.00,-0.143,1797.65,P Sandie 100 Mix 4p4 2xdil 2_GC1_01_66537,714.60309:318694 715.60776:155426 716.61242:40260,null,4066020,4049887,3881439,3625813,3905789.65759376,204464.899078852
170,68.489,715.61200,Unknown,[M+H]+,null,1.00,False,null,null,null,null,null,null,999,False,False,False,Normalized unit: Intensity,False,False,170,0,0.00,null,null,null,null,null,null,null,2705.18,P Sandie 100 Mix 4p4 2xdil 1_GC1_01_66536,715.61200:678080 716.61667:364106 717.62134:93612,null,8714136,17947423,7934419,16081721,12669424.8548125,5084801.37365686
171,52.188,717.54077,no MS2: BA 24:1;O4;G/16:2;O,[M+NH4]+,null,1.00,False,7.410,717.54120,C42H69NO7,GDCAE,LIIUHLZAKPEZHP-UHFFFAOYSA-N,O=C(O)CNC(=O)CCC(C)C1CCC2C3CCC4CC(OC(=O)CCCCCCC(O)C=CCC=CCCC)CCC4(C)C3CC(O)C12C,530,False,True,False,Normalized unit: Intensity; Annotation method: Msp20260116160945_NCDK_conventional_converted_dev_1,False,False,171,0,0.00,1.00,null,null,null,-1.00,-1.00,-0.143,840.65,P Sandie 100 Mix 4p4 2xdil 2_GC1_01_66537,717.54102:214168 718.54568:106118 719.55035:51816,null,4183766,4142200,4105716,4039950,4117908.15948438,60974.175073284
172,59.849,719.53540,no MS2: RIKEN P-VS1 ID-8471 from Mouse_Liver_WT_N_F1DHA,[M+H]+,null,1.00,False,10.100,719.53601,null,Unknown,null,null,530,False,True,False,Normalized unit: Intensity; Annotation method: Msp20260116160945_NCDK_conventional_converted_dev_1,False,False,172,0,0.00,1.00,null,null,null,-1.00,-1.00,-0.130,937.24,P Sandie 100 Mix 4p4 2xdil 1_GC1_01_66536,719.53540:180938 720.54007:87526 721.54474:30368,null,3665781,3602232,3396157,3284687,3487214.42809376,177410.567896028
173,56.353,719.55695,no MS2: BA 24:1;O4;G/16:1;O,[M+NH4]+,null,1.00,False,7.421,719.55688,C42H71NO7,GDCAE,NUHQOVOWTPMRBB-UHFFFAOYSA-N,O=C(O)CNC(=O)CCC(C)C1CCC2C3CCC4CC(OC(=O)CCCCCCC(O)C=CCCCCCC)CCC4(C)C3CC(O)C12C,530,False,True,False,Normalized unit: Intensity; Annotation method: Msp20260116160945_NCDK_conventional_converted_dev_1,False,False,173,0,0.00,1.00,null,null,null,-1.00,-1.00,-0.143,725.12,P Sandie 100 Mix 4p4 2xdil 1_GC1_01_66536,719.55695:140406 720.56161:67812 721.56628:18846,null,3352176,2625790,2490380,2370657,2709750.70253125,440782.263812197
174,54.948,719.55737,no MS2: DG 42:6,[M+Na]+,null,1.00,False,12.889,719.55847,C45H76O5,DG,DWNBNJDZOMMNHN-UHFFFAOYSA-N,O=C(OCC(OC(=O)CCCCCCCCCCCCCCC=CCC=CCC=CCC=CCC=CCC=CCC)CO)CCCCCCC,530,False,True,False,Normalized unit: Intensity; Annotation method: Msp20260116160945_NCDK_conventional_converted_dev_1,False,False,174,0,0.00,1.00,null,null,null,-1.00,-1.00,-0.143,1283.72,P Sandie 100 Mix 4p4 2xdil 2_GC1_01_66537,719.55829:258112 720.56296:123098 721.56762:32272,null,3211709,3222807,3179368,3016645,3157632.3265,95780.6476725645
175,49.000,719.55750,no MS2: DG 42:6,[M+Na]+,null,0.75,False,12.889,719.55847,C45H76O5,DG,DWNBNJDZOMMNHN-UHFFFAOYSA-N,O=C(OCC(OC(=O)CCCCCCCCCCCCCCC=CCC=CCC=CCC=CCC=CCC=CCC)CO)CCCCCCC,530,False,True,False,Normalized unit: Intensity; Annotation method: Msp20260116160945_NCDK_conventional_converted_dev_1,False,False,175,0,0.00,1.00,null,null,null,-1.00,-1.00,-0.143,280.32,P Sandie 100 Mix 4p4 2xdil 2_GC1_01_66537,719.55823:79822 720.56290:35650 721.56756:32032,null,1804346,1718153,1764491,2068731,1838930.20617188,157196.856124333
176,49.634,719.55768,no MS2: BA 24:1;O4;G/16:1;O,[M+NH4]+,null,1.00,False,7.421,719.55688,C42H71NO7,GDCAE,NUHQOVOWTPMRBB-UHFFFAOYSA-N,O=C(O)CNC(=O)CCC(C)C1CCC2C3CCC4CC(OC(=O)CCCCCCC(O)C=CCCCCCC)CCC4(C)C3CC(O)C12C,530,False,True,False,Normalized unit: Intensity; Annotation method: Msp20260116160945_NCDK_conventional_converted_dev_1,False,False,176,0,0.00,1.00,null,null,null,-1.00,-1.00,-0.144,366.55,P Sandie 100 Mix 4p4 2xdil 3_GC1_01_66538,719.55725:98354 720.56192:45852 721.56659:15902,null,1484589,1698753,1811387,1880207,1718733.97398437,173090.759374065
177,55.305,719.55823,no MS2: DG 42:6,[M+Na]+,null,1.00,False,12.889,719.55847,C45H76O5,DG,DWNBNJDZOMMNHN-UHFFFAOYSA-N,O=C(OCC(OC(=O)CCCCCCCCCCCCCCC=CCC=CCC=CCC=CCC=CCC=CCC)CO)CCCCCCC,530,False,True,False,Normalized unit: Intensity; Annotation method: Msp20260116160945_NCDK_conventional_converted_dev_1,False,False,177,0,0.00,1.00,null,null,null,-1.00,-1.00,-0.143,878.18,P Sandie 100 Mix 4p4 2xdil 2_GC1_01_66537,719.55823:193654 720.56290:95194 721.56756:25492,null,3984587,3972732,3870868,3792880,3905266.69625001,90658.951901144
178,45.721,721.50549,Unknown,[M+H]+,null,1.00,False,null,null,null,null,null,null,999,False,False,False,Normalized unit: Intensity,False,False,178,0,0.00,null,null,null,null,null,null,null,1228.05,P Sandie 100 Mix 4p4 2xdil 1_GC1_01_66536,721.50549:209608 722.51016:108194 723.51483:26950,null,3681798,3560262,3185453,2806607,3308529.95821875,395715.933263401
179,61.251,721.62341,no MS2: RIKEN P-VS1 ID-8542 from Mouse_Feces_WT_ABX_Ctr,[M+H]+,null,1.00,False,13.310,721.62720,null,Unknown,null,null,530,False,True,False,Normalized unit: Intensity; Annotation method: Msp20260116160945_NCDK_conventional_converted_dev_1,False,False,179,0,0.00,0.91,null,null,null,-1.00,-1.00,-0.167,2174.13,P Sandie 100 Mix 4p4 2xdil 4_GC1_01_66539,721.62415:359038 722.62881:180354 723.63348:48696,null,6497362,6729411,6248592,5817590,6323238.6694375,390105.951853496
180,56.998,723.60388,no MS2: SE 28:4/21:1,[M+Na]+,null,1.00,False,14.882,723.60510,C49H80O2,DEGSE,HZDQZTPXFFJCPM-UHFFFAOYSA-N,O=C(OC1CC2=CC=C3C(=CCC4(C)C3CCC4C(C=CC(C)C(C)C)C)C2(C)CC1)CCCCCCCCCC=CCCCCCCCCC,530,False,True,False,Normalized unit: Intensity; Annotation method: Msp20260116160945_NCDK_conventional_converted_dev_1,False,False,180,0,0.00,0.99,null,null,null,-1.00,-1.00,-0.150,774.38,P Sandie 100 Mix 4p4 2xdil 2_GC1_01_66537,723.60388:233482 724.60855:121286 725.61322:37436,null,3833270,3885583,3824033,3507787,3762668.37389061,172068.545101682
181,55.857,723.60455,no MS2: SE 28:4/21:1,[M+Na]+,null,1.00,False,14.882,723.60510,C49H80O2,DEGSE,HZDQZTPXFFJCPM-UHFFFAOYSA-N,O=C(OC1CC2=CC=C3C(=CCC4(C)C3CCC4C(C=CC(C)C(C)C)C)C2(C)CC1)CCCCCCCCCC=CCCCCCCCCC,530,False,True,False,Normalized unit: Intensity; Annotation method: Msp20260116160945_NCDK_conventional_converted_dev_1,False,False,181,0,0.00,1.00,null,null,null,-1.00,-1.00,-0.144,502.03,P Sandie 100 Mix 4p4 2xdil 2_GC1_01_66537,723.60455:129634 724.60922:64456 725.61389:21922,null,4350344,4567411,4538285,4225740,4420444.927375,161564.452246276
182,64.084,723.63812,Unknown,[M+H]+,null,1.00,False,null,null,null,null,null,null,999,False,False,False,Normalized unit: Intensity,False,False,182,0,0.00,null,null,null,null,null,null,null,1485.73,P Sandie 100 Mix 4p4 2xdil 1_GC1_01_66536,723.63812:190012 724.64279:96224 725.64746:27710,null,2673129,2561885,2546689,2345936,2531909.46635938,136193.459048923
183,60.084,723.63898,Unknown,[M+H]+,null,1.00,False,null,null,null,null,null,null,999,False,False,False,Normalized unit: Intensity,False,False,183,0,0.00,null,null,null,null,null,null,null,440.07,P Sandie 100 Mix 4p4 2xdil 2_GC1_01_66537,723.63898:81486 724.64364:37320 725.64831:0,null,1471353,1492857,1389710,1340643,1423640.76401562,70962.8000423588
184,55.187,725.61890,no MS2: RIKEN P-VS1 ID-8656 from Mouse_Heart_WT_N_F1,[M+H]+,null,1.00,False,9.020,725.62079,null,Unknown,null,null,530,False,True,False,Normalized unit: Intensity; Annotation method: Msp20260116160945_NCDK_conventional_converted_dev_1,False,False,184,0,0.00,0.97,null,null,null,-1.00,-1.00,-0.144,1713.61,P Sandie 100 Mix 4p4 2xdil 2_GC1_01_66537,725.61890:245902 726.62356:118594 727.62823:31500,null,5332765,5544925,5263650,5129515,5317713.7805625,173390.979978122
185,59.875,725.61932,no MS2: RIKEN P-VS1 ID-8656 from Mouse_Heart_WT_N_F1,[M+H]+,null,1.00,False,9.020,725.62079,null,Unknown,null,null,530,False,True,False,Normalized unit: Intensity; Annotation method: Msp20260116160945_NCDK_conventional_converted_dev_1,False,False,185,0,0.00,0.98,null,null,null,-1.00,-1.00,-0.138,3839.00,P Sandie 100 Mix 4p4 2xdil 2_GC1_01_66537,725.61932:546468 726.62399:272416 727.62866:72456,null,8645981,8702967,8466384,8020991,8459080.65779688,308970.473308192
186,56.615,725.61969,no MS2: RIKEN P-VS1 ID-8656 from Mouse_Heart_WT_N_F1,[M+H]+,null,1.00,False,9.020,725.62079,null,Unknown,null,null,530,False,True,False,Normalized unit: Intensity; Annotation method: Msp20260116160945_NCDK_conventional_converted_dev_1,False,False,186,0,0.00,0.99,null,null,null,-1.00,-1.00,-0.134,837.07,P Sandie 100 Mix 4p4 2xdil 2_GC1_01_66537,725.61969:130422 726.62436:60304 727.62903:18512,null,2552522,2739927,2530025,2473560,2574008.67690625,115491.835744965
187,65.551,725.65460,Unknown,[M+H]+,null,1.00,False,null,null,null,null,null,null,999,False,False,False,Normalized unit: Intensity,False,False,187,0,0.00,null,null,null,null,null,null,null,518.80,P Sandie 100 Mix 4p4 2xdil 1_GC1_01_66536,725.65460:71612 726.65927:39098 727.66394:9474,null,1111583,1026679,1060370,895931,1023640.70164063,92018.2636971271
188,61.477,727.63416,no MS2: SE 28:3/21:0,[M+Na]+,null,1.00,False,15.237,727.63641,C49H84O2,EGSE,VKQXTSWVYRHTST-UHFFFAOYSA-N,O=C(OC1CC2=CC=C3C(CCC4(C)C3CCC4C(C=CC(C)C(C)C)C)C2(C)CC1)CCCCCCCCCCCCCCCCCCCC,530,False,True,False,Normalized unit: Intensity; Annotation method: Msp20260116160945_NCDK_conventional_converted_dev_1,False,False,188,0,0.00,0.97,null,null,null,-1.00,-1.00,-0.159,681.48,P Sandie 100 Mix 4p4 2xdil 4_GC1_01_66539,727.63452:75202 728.63919:35140 729.64386:9046,null,1267865,1115011,1287827,1219415,1222529.46960938,77220.3678730085
189,39.359,728.51978,no MS2: PC 30:0,[M+Na]+,null,1.00,False,8.986,728.52008,C38H76NO8P,PC,YONWAODRNYHKSU-UHFFFAOYSA-N,O=C(OCC(OC(=O)CCCC)COP(=O)([O-])OCC[N+](C)(C)C)CCCCCCCCCCCCCCCCCCCCCCCC,530,False,True,False,Normalized unit: Intensity; Annotation method: Msp20260116160945_NCDK_conventional_converted_dev_1,False,False,189,0,0.00,1.00,null,null,null,-1.00,-1.00,-0.143,7134.98,P Sandie 100 Mix 4p4 2xdil 2_GC1_01_66537,728.51978:938928 729.52444:383194 730.52911:83868,null,15393282,16525791,17029828,16989825,16484681.4416094,762714.136804834
190,68.546,729.62762,no MS2: RIKEN P-VS1 ID-8765 from Mouse_Feces_WT_ABX_Ctr,[M+H]+,null,1.00,False,13.510,729.63177,null,Unknown,null,null,530,False,True,False,Normalized unit: Intensity; Annotation method: Msp20260116160945_NCDK_conventional_converted_dev_1,False,False,190,0,0.00,0.97,null,null,null,-1.00,-1.00,-0.140,3205.87,P Sandie 100 Mix 4p4 2xdil 2_GC1_01_66537,729.63013:290942 730.63479:153230 731.63946:41850,null,3927328,3867692,3603154,3658145,3764079.58323438,157590.881150348
191,44.302,734.56879,no MS2: NAGlySer 37:5;O2|NAGlySer 9:0;O(FA 28:4),[M+NH4]+,null,1.00,False,8.754,734.56781,C42H72N2O7,NAGlySer,SCKVGBYLAMSWQB-UHFFFAOYSA-N,O=C(OC(CCCC(=O)NCC(=O)NC(C(=O)O)CO)CCCC)CCCCCCCCCCCCCCC=CCC=CCC=CCC=CCC,530,False,True,False,Normalized unit: Intensity; Annotation method: Msp20260116160945_NCDK_conventional_converted_dev_1,False,False,191,0,0.00,1.00,null,null,null,-1.00,-1.00,-0.143,1202.95,P Sandie 100 Mix 4p4 2xdil 3_GC1_01_66538,734.56793:151242 735.57260:71114 736.57727:16440,null,2663723,2788973,2740483,2661738,2713729.43717188,62131.8143354834
192,50.082,735.55090,no MS2: RIKEN P-VS1 ID-8952 from Mouse_AdrenalGlands_WT_N_Ctr,[M+H]+,null,1.00,False,13.020,735.55518,null,Unknown,null,null,530,False,True,False,Normalized unit: Intensity; Annotation method: Msp20260116160945_NCDK_conventional_converted_dev_1,False,False,192,0,0.00,0.98,null,null,null,-1.00,-1.00,-0.138,525.15,P Sandie 100 Mix 4p4 2xdil 4_GC1_01_66539,735.55365:106630 736.55832:54154 737.56299:15562,null,2278100,2249760,2109674,1979415,2154237.1788125,137859.076727874
193,51.919,735.55182,no MS2: TG 42:5|TG 8:0_8:0_26:5,[M+Na]+,null,1.00,False,12.718,735.55341,C45H76O6,TG,CRKKAJYKPVQATM-UHFFFAOYSA-N,O=C(OCC(OC(=O)CCCCCCC)COC(=O)CCCCCCCCCC=CCC=CCC=CCC=CCC=CCC)CCCCCCC,530,False,True,False,Normalized unit: Intensity; Annotation method: Msp20260116160945_NCDK_conventional_converted_dev_1,False,False,193,0,0.00,1.00,null,null,null,-1.00,-1.00,-0.143,544.18,P Sandie 100 Mix 4p4 2xdil 4_GC1_01_66539,735.55316:112834 736.55783:51154 737.56250:15978,null,1773370,1730615,1703699,1794311,1750498.69546875,40939.8497791772
194,48.437,737.56921,no MS2: TG 42:4|TG 8:0_8:0_26:4,[M+Na]+,null,1.00,False,13.222,737.56909,C45H78O6,TG,PLWAZRAVTWSEOQ-UHFFFAOYSA-N,O=C(OCC(OC(=O)CCCCCCC)COC(=O)CCCCCCCCCCCCC=CCC=CCC=CCC=CCC)CCCCCCC,530,False,True,False,Normalized unit: Intensity; Annotation method: Msp20260116160945_NCDK_conventional_converted_dev_1,False,False,194,0,0.00,1.00,null,null,null,-1.00,-1.00,-0.143,389.63,P Sandie 100 Mix 4p4 2xdil 2_GC1_01_66537,737.56921:81194 738.57388:39138 739.57855:0,null,1184544,1320649,1220557,1171700,1224362.65004687,67439.9983553957
195,57.006,737.61737,no MS2: SE 28:4/22:1,[M+Na]+,null,1.00,False,14.901,737.62073,C50H82O2,DEGSE,OTEOVAABRKLKPH-UHFFFAOYSA-N,O=C(OC1CC2=CC=C3C(=CCC4(C)C3CCC4C(C=CC(C)C(C)C)C)C2(C)CC1)CCCCCCCCCCCC=CCCCCCCCC,530,False,True,False,Normalized unit: Intensity; Annotation method: Msp20260116160945_NCDK_conventional_converted_dev_1,False,False,195,0,0.00,0.99,null,null,null,-1.00,-1.00,-0.147,465.69,P Sandie 100 Mix 4p4 2xdil 2_GC1_01_66537,737.61981:127364 738.62448:64756 739.62915:22528,null,2043166,1996165,1928069,1735005,1925601.37276562,135565.552434409
196,55.851,737.61823,no MS2: SE 28:4/22:1,[M+Na]+,null,0.25,False,14.901,737.62073,C50H82O2,DEGSE,OTEOVAABRKLKPH-UHFFFAOYSA-N,O=C(OC1CC2=CC=C3C(=CCC4(C)C3CCC4C(C=CC(C)C(C)C)C)C2(C)CC1)CCCCCCCCCCCC=CCCCCCCCC,530,False,True,False,Normalized unit: Intensity; Annotation method: Msp20260116160945_NCDK_conventional_converted_dev_1,False,False,196,0,0.00,0.94,null,null,null,-1.00,-1.00,-0.171,454.06,P Sandie 100 Mix 4p4 2xdil 1_GC1_01_66536,737.61823:71432 738.62289:36346 739.62756:13146,null,2309768,2310749,2286578,2046076,2238292.79335937,128630.57516063
197,52.197,739.59662,no MS2: BA 24:1;O3;G/20:3,[M+NH4]+,null,1.00,False,9.539,739.59839,C46H75NO5,GLCAE,FKOWUHFBTAIKBW-UHFFFAOYSA-N,O=C(O)CNC(=O)CCC(C)C1CCC2C3CCC4CC(OC(=O)CCCCCCCCCC=CCC=CCC=CCC)CCC4(C)C3CCC12C,530,False,True,False,Normalized unit: Intensity; Annotation method: Msp20260116160945_NCDK_conventional_converted_dev_1,False,False,197,0,0.00,1.00,null,null,null,-1.00,-1.00,-0.144,526.54,P Sandie 100 Mix 4p4 2xdil 3_GC1_01_66538,739.59790:76658 740.60257:36666 741.60724:16602,null,1728540,1646412,1427288,1426833,1557268.03523438,154044.319152671
198,55.204,739.63495,no MS2: SE 28:4/22:0,[M+Na]+,null,1.00,False,14.999,739.63641,C50H84O2,DEGSE,JEHJSAOHOQIHJP-UHFFFAOYSA-N,O=C(OC1CC2=CC=C3C(=CCC4(C)C3CCC4C(C=CC(C)C(C)C)C)C2(C)CC1)CCCCCCCCCCCCCCCCCCCCC,530,False,True,False,Normalized unit: Intensity; Annotation method: Msp20260116160945_NCDK_conventional_converted_dev_1,False,False,198,0,0.00,0.98,null,null,null,-1.00,-1.00,-0.153,587.52,P Sandie 100 Mix 4p4 2xdil 2_GC1_01_66537,739.63495:112804 740.63962:55362 741.64428:0,null,2360366,2416037,1968735,2039770,2196226.90646875,224714.442991307
199,59.875,739.63507,no MS2: SE 28:4/22:0,[M+Na]+,null,1.00,False,14.999,739.63641,C50H84O2,DEGSE,JEHJSAOHOQIHJP-UHFFFAOYSA-N,O=C(OC1CC2=CC=C3C(=CCC4(C)C3CCC4C(C=CC(C)C(C)C)C)C2(C)CC1)CCCCCCCCCCCCCCCCCCCCC,530,False,True,False,Normalized unit: Intensity; Annotation method: Msp20260116160945_NCDK_conventional_converted_dev_1,False,False,199,0,0.00,0.98,null,null,null,-1.00,-1.00,-0.151,2804.69,P Sandie 100 Mix 4p4 2xdil 2_GC1_01_66537,739.63507:297480 740.63974:157638 741.64441:38158,null,3993878,4065466,3789470,3569776,3854647.55879688,223032.084832964
200,54.917,741.61279,no MS2: BA 24:1;O3;G/20:2,[M+NH4]+,null,1.00,False,9.956,741.61401,C46H77NO5,GLCAE,QTIISWVDXAIDSY-UHFFFAOYSA-N,O=C(O)CNC(=O)CCC(C)C1CCC2C3CCC4CC(OC(=O)CCCCCCCCCC=CCC=CCCCCC)CCC4(C)C3CCC12C,530,False,True,False,Normalized unit: Intensity; Annotation method: Msp20260116160945_NCDK_conventional_converted_dev_1,False,False,200,0,0.00,1.00,null,null,null,-1.00,-1.00,-0.144,1072.47,P Sandie 100 Mix 4p4 2xdil 2_GC1_01_66537,741.61456:178408 742.61923:89272 743.62390:21974,null,2433793,2364424,2218193,2092004,2277103.52223438,152653.016981877
201,55.338,741.61292,no MS2: BA 24:1;O3;G/20:2,[M+NH4]+,null,0.50,False,9.956,741.61401,C46H77NO5,GLCAE,QTIISWVDXAIDSY-UHFFFAOYSA-N,O=C(O)CNC(=O)CCC(C)C1CCC2C3CCC4CC(OC(=O)CCCCCCCCCC=CCC=CCCCCC)CCC4(C)C3CCC12C,530,False,True,False,Normalized unit: Intensity; Annotation method: Msp20260116160945_NCDK_conventional_converted_dev_1,False,False,201,0,0.00,1.00,null,null,null,-1.00,-1.00,-0.145,551.62,P Sandie 100 Mix 4p4 2xdil 2_GC1_01_66537,741.61462:87592 742.61929:47296 743.62396:12176,null,1677263,1664933,1549244,1499246,1597671.18442188,87353.2696254276
202,39.366,750.57550,no MS2: SL 44:5;O2|SL 12:1;O/32:4;O,[M+H]+,null,0.25,False,10.962,750.57013,C44H79NO6S,SL,UBLMCJGHLLMYIE-UHFFFAOYSA-N,O=C(N(CC(O)C=CCCCCCCC)CS(=O)(=O)O)C(O)CCCCCCCCCCCCCCCCCC=CCC=CCC=CCC=CCC,530,False,True,False,Normalized unit: Intensity; Annotation method: Msp20260116160945_NCDK_conventional_converted_dev_1,False,False,202,0,0.00,0.77,null,null,null,-1.00,-1.00,-0.256,465.73,P Sandie 100 Mix 4p4 2xdil 2_GC1_01_66537,750.57550:52702 751.58017:23186 752.58484:5104,null,857092,922753,933219,880301,898341.365078125,35774.0752179425
203,54.909,755.62866,no MS2: BA 24:1;O3;G/21:2,[M+NH4]+,null,0.75,False,10.648,755.62970,C47H79NO5,GLCAE,NTPZIMSSYURRBJ-UHFFFAOYSA-N,O=C(O)CNC(=O)CCC(C)C1CCC2C3CCC4CC(OC(=O)CCCCCCCCCC=CCC=CCCCCCC)CCC4(C)C3CCC12C,530,False,True,False,Normalized unit: Intensity; Annotation method: Msp20260116160945_NCDK_conventional_converted_dev_1,False,False,203,0,0.00,0.99,null,null,null,-1.00,-1.00,-0.146,547.50,P Sandie 100 Mix 4p4 2xdil 2_GC1_01_66537,755.63055:71352 756.63522:35728 757.63989:9964,null,1026480,940396,892636,818225,919434.591296876,87291.9769776452
204,42.518,758.56940,no MS2: DMPE 35:2|DMPE 5:0_30:2,[M+H]+,null,1.00,False,9.467,758.56940,C42H80NO8P,DMPE,WAZBQZUKCFBZHP-UHFFFAOYSA-N,O=C(OCC(OC(=O)CCCCCCCCCCCCCCCCCC=CCC=CCCCCCCC)COP(=O)(O)OCCN(C)C)CCCC,530,False,True,False,Normalized unit: Intensity; Annotation method: Msp20260116160945_NCDK_conventional_converted_dev_1,False,False,204,0,0.00,1.00,null,null,null,-1.00,-1.00,-0.143,56117.76,P Sandie 100 Mix 4p4 2xdil 2_GC1_01_66537,758.56940:6426970 759.57406:2971798 760.57873:774284,null,101328935,112084613,111320217,106467247,107800252.982234,4979984.91289705
205,42.518,758.72284,Unknown,[M+2H]2+,null,1.00,False,null,null,null,null,null,null,999,False,False,False,Normalized unit: Intensity,False,False,205,0,0.00,null,null,null,null,null,null,null,961.01,P Sandie 100 Mix 4p4 2xdil 3_GC1_01_66538,758.72284:110154 759.72751:22000 760.73217:1540,null,1190913,1357968,1467934,1243542,1315088.82535937,123475.772582565
206,42.522,758.83746,Unknown,[M+H]+,null,1.00,False,null,null,null,null,null,null,999,False,False,False,Normalized unit: Intensity,False,False,206,0,0.00,null,null,null,null,null,null,null,914.17,P Sandie 100 Mix 4p4 2xdil 3_GC1_01_66538,758.83746:117976 759.84213:33716 760.84680:0,null,1491916,1521364,1586858,1499627,1524941.15096875,43119.9543377713
207,42.522,760.23627,Unknown,[M+H]+,null,1.00,False,null,null,null,null,null,null,999,False,False,False,Normalized unit: Intensity,False,False,207,0,0.00,null,null,null,null,null,null,null,956.63,P Sandie 100 Mix 4p4 2xdil 3_GC1_01_66538,760.23627:62732 761.24093:2712 762.24560:720,null,655781,687082,695345,671308,677378.988281249,17514.6649698928
208,45.482,760.58435,no MS2: NAGlySer 39:6;O2|NAGlySer 11:0;O(FA 28:5),[M+NH4]+,null,1.00,False,8.979,760.58337,C44H74N2O7,NAGlySer,JOIWKRXUJIHUKD-UHFFFAOYSA-N,O=C(OC(CCCC)CCCCCC(=O)NCC(=O)NC(C(=O)O)CO)CCCCCCCCCCCC=CCC=CCC=CCC=CCC=CCC,530,False,True,False,Normalized unit: Intensity; Annotation method: Msp20260116160945_NCDK_conventional_converted_dev_1,False,False,208,0,0.00,1.00,null,null,null,-1.00,-1.00,-0.143,57600.06,P Sandie 100 Mix 4p4 2xdil 4_GC1_01_66539,760.58362:5164638 761.58829:2451702 762.59295:626090,null,94963308,97100504,100347160,94079786,96622689.572625,2788063.19467231
209,45.482,760.73969,Unknown,[M+2H]2+,null,1.00,False,null,null,null,null,null,null,999,False,False,False,Normalized unit: Intensity,False,False,209,0,0.00,null,null,null,null,null,null,null,1080.95,P Sandie 100 Mix 4p4 2xdil 2_GC1_01_66537,760.73969:99004 761.74435:19646 762.74902:1682,null,1181071,1242150,1178537,1043654,1161353.10840625,83795.8793387833
210,45.482,760.85419,Unknown,[M+H]+,null,1.00,False,null,null,null,null,null,null,999,False,False,False,Normalized unit: Intensity,False,False,210,0,0.00,null,null,null,null,null,null,null,848.16,P Sandie 100 Mix 4p4 2xdil 2_GC1_01_66537,760.85419:110466 761.85885:26964 762.86352:1460,null,1351567,1380565,1316203,1257163,1326374.63673438,53119.3117533669
211,45.467,762.25201,Unknown,[M+H]+,null,0.50,False,null,null,null,null,null,null,999,False,False,False,Normalized unit: Intensity,False,False,211,0,0.00,null,null,null,null,null,null,null,875.09,P Sandie 100 Mix 4p4 2xdil 1_GC1_01_66536,762.25201:57784 763.25668:2480 764.26135:836,null,584854,583547,560522,496768,556422.752015625,41310.1756038519
212,42.518,780.55090,no MS2: PC 34:2,[M+Na]+,null,1.00,False,9.322,780.55139,C42H80NO8P,PC,DMKGBZJOEARPBA-UHFFFAOYSA-N,O=C(OCC(OC(=O)CCCCCCCCCCCCCCCC=CCC=CCCCCCCC)COP(=O)([O-])OCC[N+](C)(C)C)CCCCC,530,False,True,False,Normalized unit: Intensity; Annotation method: Msp20260116160945_NCDK_conventional_converted_dev_1,False,False,212,0,0.00,1.00,null,null,null,-1.00,-1.00,-0.143,8302.19,P Sandie 100 Mix 4p4 2xdil 3_GC1_01_66538,780.55103:989534 781.55569:477408 782.56036:114772,null,18147838,19174718,19365799,19686771,19093781.389125,665079.0417649
213,45.482,782.56787,no MS2: NAGlySer 41:9;O2|NAGlySer 15:2;O(FA 26:6),[M+NH4]+,null,1.00,False,7.892,782.56781,C46H72N2O7,NAGlySer,JMCCZEKHWHPGJT-UHFFFAOYSA-N,O=C(OC(C=CCC=CCCC)CCCCCC(=O)NCC(=O)NC(C(=O)O)CO)CCCCCCC=CCC=CCC=CCC=CCC=CCC=CCC,530,False,True,False,Normalized unit: Intensity; Annotation method: Msp20260116160945_NCDK_conventional_converted_dev_1,False,False,213,0,0.00,1.00,null,null,null,-1.00,-1.00,-0.143,8872.90,P Sandie 100 Mix 4p4 2xdil 2_GC1_01_66537,782.56787:931072 783.57254:418520 784.57721:107318,null,14676997,16110579,15778511,15561710,15531949.155,613034.488210431
214,46.666,786.60211,no MS2: NAGlySer 41:7;O2|NAGlySer 13:0;O(FA 28:6),[M+NH4]+,null,1.00,False,8.602,786.59912,C46H76N2O7,NAGlySer,PSCKMZBNPICUNB-UHFFFAOYSA-N,O=C(OC(CCCCCC(=O)NCC(=O)NC(C(=O)O)CO)CCCCCC)CCCCCCCCC=CCC=CCC=CCC=CCC=CCC=CCC,530,False,True,False,Normalized unit: Intensity; Annotation method: Msp20260116160945_NCDK_conventional_converted_dev_1,False,False,214,0,0.00,1.00,null,null,null,-1.00,-1.00,-0.143,883.80,P Sandie 100 Mix 4p4 2xdil 3_GC1_01_66538,786.59924:82208 787.60391:40708 788.60858:11440,null,1492586,1501873,1471398,1420699,1471639.05014062,36276.1718345153
215,49.851,788.61639,no MS2: DMPE 37:1|DMPE 5:0_32:1,[M+H]+,null,1.00,False,12.658,788.61639,C44H86NO8P,DMPE,UUVHRGQBUHHGHP-UHFFFAOYSA-N,O=C(OCC(OC(=O)CCCCCCCCCCCCCCCCCCCCCC=CCCCCCCCC)COP(=O)(O)OCCN(C)C)CCCC,530,False,True,False,Normalized unit: Intensity; Annotation method: Msp20260116160945_NCDK_conventional_converted_dev_1,False,False,215,0,0.00,1.00,null,null,null,-1.00,-1.00,-0.143,62598.73,P Sandie 100 Mix 4p4 2xdil 2_GC1_01_66537,788.61639:6134948 789.62106:3002490 790.62573:757548,null,89867100,97714073,93974097,90156053,92927830.7476718,3699261.78244099
216,49.851,788.88599,Unknown,[M+H]+,null,1.00,False,null,null,null,null,null,null,999,False,False,False,Normalized unit: Intensity,False,False,216,0,0.00,null,null,null,null,null,null,null,821.60,P Sandie 100 Mix 4p4 2xdil 1_GC1_01_66536,788.88599:109660 789.89065:28000 790.89532:0,null,1213533,1293063,1263653,1227805,1249513.68453125,35880.8522256761
217,49.851,789.29401,Unknown,[M+H]+,null,1.00,False,null,null,null,null,null,null,999,False,False,False,Normalized unit: Intensity,False,False,217,0,0.00,null,null,null,null,null,null,null,3249.04,P Sandie 100 Mix 4p4 2xdil 2_GC1_01_66537,789.29401:179106 790.29867:56152 791.30334:2066,null,1953208,2203965,2107389,1962738,2056824.84709375,120824.614772874
218,52.793,790.63123,no MS2: DMPE 37:0|DMPE 32:0_5:0,[M+H]+,null,1.00,False,13.404,790.63202,C44H88NO8P,DMPE,UWPCIDYITBMELO-UHFFFAOYSA-N,O=C(OCC(OC(=O)CCCC)COP(=O)(O)OCCN(C)C)CCCCCCCCCCCCCCCCCCCCCCCCCCCCCCC,530,False,True,False,Normalized unit: Intensity; Annotation method: Msp20260116160945_NCDK_conventional_converted_dev_1,False,False,218,0,0.00,1.00,null,null,null,-1.00,-1.00,-0.143,57429.55,P Sandie 100 Mix 4p4 2xdil 3_GC1_01_66538,790.63226:5795098 791.63693:2960502 792.64160:750716,null,97067249,104072227,100840823,100346456,100581688.793266,2866916.43479733
219,52.793,790.78772,Unknown,[M+2H]2+,null,1.00,False,null,null,null,null,null,null,999,False,False,False,Normalized unit: Intensity,False,False,219,0,0.00,null,null,null,null,null,null,null,757.95,P Sandie 100 Mix 4p4 2xdil 2_GC1_01_66537,790.78772:101788 791.79239:28580 792.79706:1930,null,1211012,1243339,1241364,1160609,1214081.279625,38596.5810907337
220,52.793,790.90295,Unknown,[M+H]+,null,1.00,False,null,null,null,null,null,null,999,False,False,False,Normalized unit: Intensity,False,False,220,0,0.00,null,null,null,null,null,null,null,965.33,P Sandie 100 Mix 4p4 2xdil 1_GC1_01_66536,790.90295:113092 791.90762:34242 792.91229:0,null,1375694,1321904,1385915,1306352,1347466.17326563,39238.4464299605
221,52.785,792.31152,Unknown,[M+H]+,null,0.75,False,null,null,null,null,null,null,999,False,False,False,Normalized unit: Intensity,False,False,221,0,0.00,null,null,null,null,null,null,null,779.19,P Sandie 100 Mix 4p4 2xdil 1_GC1_01_66536,792.31152:63372 793.31619:2764 794.32086:0,null,615164,572145,557779,515839,565232.0013125,40972.3891681522
222,39.363,796.50787,no MS2: DGDG 24:1|DGDG 8:0_16:1,[M+NH4]+,null,1.00,False,6.892,796.50531,C39H70O15,DGDG,NJSSKRWSTHZJNR-UHFFFAOYSA-N,O=C(OCC(OC(=O)CCCCCCCC=CCCCCCC)COC1OC(COC2OC(CO)C(O)C(O)C2O)C(O)C(O)C1O)CCCCCCC,530,False,True,False,Normalized unit: Intensity; Annotation method: Msp20260116160945_NCDK_conventional_converted_dev_1,False,False,222,0,0.00,1.00,null,null,null,-1.00,-1.00,-0.143,462.50,P Sandie 100 Mix 4p4 2xdil 1_GC1_01_66536,796.50549:57792 797.51016:23334 798.51483:6506,null,1056984,1170520,1110582,1096085,1108542.69790625,47112.6576058393
223,42.518,802.60663,no MS2: SL 48:7;O2|SL 12:1;O/36:6;O,[M+H]+,null,1.00,False,11.535,802.60138,C48H83NO6S,SL,MPLXKFDGTYYHIU-UHFFFAOYSA-N,O=C(N(CC(O)C=CCCCCCCC)CS(=O)(=O)O)C(O)CCCCCCCCCCCCCCCC=CCC=CCC=CCC=CCC=CCC=CCC,530,False,True,False,Normalized unit: Intensity; Annotation method: Msp20260116160945_NCDK_conventional_converted_dev_1,False,False,223,0,0.00,0.93,null,null,null,-1.00,-1.00,-0.179,674.47,P Sandie 100 Mix 4p4 2xdil 4_GC1_01_66539,802.60449:65004 803.60916:33202 804.61383:8506,null,1208523,1257288,1257398,1186474,1227420.53785937,35704.338325593
224,45.482,804.62323,no MS2: SL 48:6;O2|SL 12:1;O/36:5;O,[M+H]+,null,1.00,False,12.268,804.61700,C48H85NO6S,SL,MXPVIWHHRQPEHE-UHFFFAOYSA-N,O=C(N(CC(O)C=CCCCCCCC)CS(=O)(=O)O)C(O)CCCCCCCCCCCCCCCCCCC=CCC=CCC=CCC=CCC=CCC,530,False,True,False,Normalized unit: Intensity; Annotation method: Msp20260116160945_NCDK_conventional_converted_dev_1,False,False,224,0,0.00,0.90,null,null,null,-1.00,-1.00,-0.194,669.24,P Sandie 100 Mix 4p4 2xdil 4_GC1_01_66539,804.62073:54086 805.62540:25860 806.63006:7268,null,995306,1019108,955670,920354,972609.541296874,43569.3310094461
225,49.851,810.59808,no MS2: PC 36:1,[M+Na]+,null,1.00,False,10.628,810.59833,C44H86NO8P,PC,BKACBHCGNYBKHD-UHFFFAOYSA-N,O=C(OCC(OC(=O)CCCCCCCCCCCCCCCCCCC=CCCCCCCCCCC)COP(=O)([O-])OCC[N+](C)(C)C)CCCC,530,False,True,False,Normalized unit: Intensity; Annotation method: Msp20260116160945_NCDK_conventional_converted_dev_1,False,False,225,0,0.00,1.00,null,null,null,-1.00,-1.00,-0.143,6939.18,P Sandie 100 Mix 4p4 2xdil 4_GC1_01_66539,810.59814:884430 811.60281:430898 812.60748:108424,null,14751133,16539222,16683926,16724960,16174810.0007187,952455.794015382
226,52.793,812.61285,no MS2: PC 36:0,[M+Na]+,null,1.00,False,11.906,812.61401,C44H88NO8P,PC,OPWBXNVTBMDWQW-UHFFFAOYSA-N,O=C(OCC(OC(=O)CCCC)COP(=O)([O-])OCC[N+](C)(C)C)CCCCCCCCCCCCCCCCCCCCCCCCCCCCCC,530,False,True,False,Normalized unit: Intensity; Annotation method: Msp20260116160945_NCDK_conventional_converted_dev_1,False,False,226,0,0.00,1.00,null,null,null,-1.00,-1.00,-0.143,8153.07,P Sandie 100 Mix 4p4 2xdil 3_GC1_01_66538,812.61395:973536 813.61862:476534 814.62329:118036,null,17289288,18279628,18506420,18574807,18162535.5586875,595677.859356597
227,56.523,818.66229,no MS2: NAGlySer 43:5;O2|NAGlySer 15:0;O(FA 28:4),[M+NH4]+,null,1.00,False,11.658,818.66168,C48H84N2O7,NAGlySer,FGVPYXXPTGQILS-UHFFFAOYSA-N,O=C(OC(CCCCCCC(=O)NCC(=O)NC(C(=O)O)CO)CCCCCCC)CCCCCCCCCCCCCCC=CCC=CCC=CCC=CCC,530,False,True,False,Normalized unit: Intensity; Annotation method: Msp20260116160945_NCDK_conventional_converted_dev_1,False,False,227,0,0.00,1.00,null,null,null,-1.00,-1.00,-0.143,714.38,P Sandie 100 Mix 4p4 2xdil 3_GC1_01_66538,818.66168:61014 819.66635:30930 820.67102:7978,null,1271713,1388658,1317942,1273399,1312928.123875,54837.4479141692
228,39.368,826.51770,no MS2: SHexCer 38:6;O2|SHexCer 12:1;O2/26:5,[M+H]+,null,0.75,False,7.909,826.51343,C44H75NO11S,SHexCer,PERFWAPFGBCURV-UHFFFAOYSA-N,O=C(NC(COC1OC(CO)C(O)C(OS(=O)(=O)O)C1O)C(O)C=CCCCCCCC)CCCCCCCCCC=CCC=CCC=CCC=CCC=CCC,530,False,True,False,Normalized unit: Intensity; Annotation method: Msp20260116160945_NCDK_conventional_converted_dev_1,False,False,228,0,0.00,0.87,null,null,null,-1.00,-1.00,-0.205,699.78,P Sandie 100 Mix 4p4 2xdil 4_GC1_01_66539,826.51770:62566 827.52237:25634 828.52704:7044,null,891986,1056365,1160502,1256931,1091445.73865625,156171.771485658
229,49.851,832.65356,no MS2: RIKEN P-VS1 ID-12699 from Mouse_Spleen_WT_N_F1AA,[M+H]+,null,1.00,False,12.680,832.65588,null,Unknown,null,null,530,False,True,False,Normalized unit: Intensity; Annotation method: Msp20260116160945_NCDK_conventional_converted_dev_1,False,False,229,0,0.00,0.97,null,null,null,-1.00,-1.00,-0.141,744.24,P Sandie 100 Mix 4p4 2xdil 4_GC1_01_66539,832.65393:58770 833.65860:29032 834.66327:8476,null,1093176,1117471,1102279,1068320,1095311.44739062,20596.8330893668
230,52.789,834.66821,no MS2: RIKEN P-VS1 ID-12795 from Mouse_Brain_WT_N_Ctr,[M+H]+,null,1.00,False,12.210,834.66577,null,Unknown,null,null,530,False,True,False,Normalized unit: Intensity; Annotation method: Msp20260116160945_NCDK_conventional_converted_dev_1,False,False,230,0,0.00,0.96,null,null,null,-1.00,-1.00,-0.147,804.28,P Sandie 100 Mix 4p4 2xdil 1_GC1_01_66536,834.66821:72632 835.67288:37354 836.67755:9124,null,1201901,1190052,1217030,1158926,1191977.100125,24645.5739587872
231,42.522,848.53650,no MS2: DGDG 28:3|DGDG 8:0_20:3,[M+NH4]+,null,1.00,False,7.185,848.53662,C43H74O15,DGDG,CGASEBJZEIZHTN-UHFFFAOYSA-N,O=C(OCC(OC(=O)CCCCCCCCCC=CCC=CCC=CCC)COC1OC(COC2OC(CO)C(O)C(O)C2O)C(O)C(O)C1O)CCCCCCC,530,False,True,False,Normalized unit: Intensity; Annotation method: Msp20260116160945_NCDK_conventional_converted_dev_1,False,False,231,0,0.00,1.00,null,null,null,-1.00,-1.00,-0.143,777.15,P Sandie 100 Mix 4p4 2xdil 4_GC1_01_66539,848.53650:67706 849.54117:34748 850.54583:8154,null,1230264,1276180,1385113,1371869,1315856.30434375,74909.0473132751
232,52.770,848.68384,no MS2: RIKEN P-VS1 ID-13314 from Mouse_Brain_WT_N_F1,[M+H]+,null,0.25,False,13.210,848.68030,null,Unknown,null,null,530,False,True,False,Normalized unit: Intensity; Annotation method: Msp20260116160945_NCDK_conventional_converted_dev_1,False,False,232,0,0.00,0.92,null,null,null,-1.00,-1.00,-0.166,354.15,P Sandie 100 Mix 4p4 2xdil 1_GC1_01_66536,848.68384:53730 849.68851:24572 850.69317:7160,null,766024,732863,738283,695776,733236.76475,28889.9763171797
233,45.482,850.55322,no MS2: DGDG 28:2|DGDG 8:0_20:2,[M+NH4]+,null,1.00,False,7.777,850.55219,C43H76O15,DGDG,OLSWAQPRLRUCAG-UHFFFAOYSA-N,O=C(OCC(OC(=O)CCCCCCCCCC=CCC=CCCCCC)COC1OC(COC2OC(CO)C(O)C(O)C2O)C(O)C(O)C1O)CCCCCCC,530,False,True,False,Normalized unit: Intensity; Annotation method: Msp20260116160945_NCDK_conventional_converted_dev_1,False,False,233,0,0.00,1.00,null,null,null,-1.00,-1.00,-0.145,940.51,P Sandie 100 Mix 4p4 2xdil 4_GC1_01_66539,850.55292:73192 851.55759:33788 852.56225:9104,null,1290077,1366769,1444993,1418916,1380188.68646875,68312.3257605105
234,80.855,850.78479,no MS2: TG 50:1|TG 8:0_8:0_34:1,[M+NH4]+,null,1.00,False,14.765,850.78583,C53H100O6,TG,WLEHGRAGAYLVMG-UHFFFAOYSA-N,O=C(OCC(OC(=O)CCCCCCC)COC(=O)CCCCCCCCCCCCCCCCCCCCCCCC=CCCCCCCCC)CCCCCCC,530,False,True,False,Normalized unit: Intensity; Annotation method: Msp20260116160945_NCDK_conventional_converted_dev_1,False,False,234,0,0.00,1.00,null,null,null,-1.00,-1.00,-0.143,22073.23,P Sandie 100 Mix 4p4 2xdil 2_GC1_01_66537,850.78601:2833358 851.79068:1643260 852.79535:461746,null,50303482,54786281,53464687,52092670,52661779.6740782,1918647.08523397
235,80.844,851.48724,Unknown,[M+H]+,null,0.50,False,null,null,null,null,null,null,999,False,False,False,Normalized unit: Intensity,False,False,235,0,0.00,null,null,null,null,null,null,null,701.25,P Sandie 100 Mix 4p4 2xdil 3_GC1_01_66538,851.48724:61854 852.49191:11514 853.49658:1090,null,579053,711049,708305,568437,641710.886187501,78608.127434482
236,80.846,855.73889,no MS2: TG 50:1|TG 8:0_8:0_34:1,[M+Na]+,null,1.00,False,14.765,855.74121,C53H100O6,TG,WLEHGRAGAYLVMG-UHFFFAOYSA-N,O=C(OCC(OC(=O)CCCCCCC)COC(=O)CCCCCCCCCCCCCCCCCCCCCCCC=CCCCCCCCC)CCCCCCC,530,False,True,False,Normalized unit: Intensity; Annotation method: Msp20260116160945_NCDK_conventional_converted_dev_1,False,False,236,0,0.00,1.00,null,null,null,-1.00,-1.00,-0.143,6631.84,P Sandie 100 Mix 4p4 2xdil 2_GC1_01_66537,855.74115:974196 856.74582:568916 857.75049:170398,null,26763531,27558334,26743209,26950101,27003793.7565157,381238.244290467
237,45.719,862.51947,no MS2: SHexCer 41:9;O2|SHexCer 15:3;O2/26:6,[M+H]+,null,0.25,False,8.523,862.51343,C47H75NO11S,SHexCer,KGGBIEBTACFBIO-UHFFFAOYSA-N,O=C(NC(COC1OC(CO)C(O)C(OS(=O)(=O)O)C1O)C(O)C=CCCC=CCCC=CCC)CCCCCCC=CCC=CCC=CCC=CCC=CCC=CCC,530,False,True,False,Normalized unit: Intensity; Annotation method: Msp20260116160945_NCDK_conventional_converted_dev_1,False,False,237,0,0.00,0.78,null,null,null,-1.00,-1.00,-0.252,673.49,P Sandie 100 Mix 4p4 2xdil 1_GC1_01_66536,862.51947:63538 863.52414:37932 864.52881:13474,null,885091,787618,894136,751855,829675.343484376,70830.6215840794
238,80.837,871.71527,no MS2: RIKEN P-VS1 ID-14156 from Mouse_Kidney_WT_N_F1AA,[M+H]+,null,1.00,False,14.750,871.71100,null,Unknown,null,null,530,False,True,False,Normalized unit: Intensity; Annotation method: Msp20260116160945_NCDK_conventional_converted_dev_1,False,False,238,0,0.00,0.98,null,null,null,-1.00,-1.00,-0.140,1620.78,P Sandie 100 Mix 4p4 2xdil 1_GC1_01_66536,871.71295:192594 872.71762:112182 873.72229:41548,null,5443003,6053519,5475505,5502083,5618527.22428125,290998.853595593
239,80.855,877.79657,no MS2: RIKEN P-VS1 ID-14438 from Mouse_Plasma_WT_N_Ctr,[M+H]+,null,1.00,False,14.550,877.79492,null,Unknown,null,null,530,False,True,False,Normalized unit: Intensity; Annotation method: Msp20260116160945_NCDK_conventional_converted_dev_1,False,False,239,0,0.00,1.00,null,null,null,-1.00,-1.00,-0.129,4602.18,P Sandie 100 Mix 4p4 2xdil 1_GC1_01_66536,877.79437:542534 878.79904:332144 879.80371:96044,null,13705698,14544032,13612726,12731529,13648496.4693906,741027.321643767
240,42.509,878.54797,no MS2: RIKEN P-VS1 ID-14458 from Mouse_Plasma_ApoEKO_N_F1EPA,[M+H]+,null,1.00,False,9.360,878.55042,null,Unknown,null,null,530,False,True,False,Normalized unit: Intensity; Annotation method: Msp20260116160945_NCDK_conventional_converted_dev_1,False,False,240,0,0.00,1.00,null,null,null,-1.00,-1.00,-0.130,805.36,P Sandie 100 Mix 4p4 2xdil 3_GC1_01_66538,878.54974:62810 879.55441:30478 880.55908:8788,null,1178315,1254461,1362689,1414221,1302421.13885937,106197.794233652
241,49.851,878.58588,no MS2: DGDG 30:2|DGDG 8:0_22:2,[M+NH4]+,null,1.00,False,7.959,878.58350,C45H80O15,DGDG,PXRBDQZYTCGWDT-UHFFFAOYSA-N,O=C(OCC(OC(=O)CCCCCCCCCCCC=CCC=CCCCCC)COC1OC(COC2OC(CO)C(O)C(O)C2O)C(O)C(O)C1O)CCCCCCC,530,False,True,False,Normalized unit: Intensity; Annotation method: Msp20260116160945_NCDK_conventional_converted_dev_1,False,False,241,0,0.00,1.00,null,null,null,-1.00,-1.00,-0.143,968.90,P Sandie 100 Mix 4p4 2xdil 1_GC1_01_66536,878.58392:95892 879.58859:45028 880.59326:11858,null,1617844,1800119,1686805,1750816,1713896.2026875,79072.2465826495
242,45.473,880.56317,no MS2: SHexCer 42:7;O2|SHexCer 14:1;O2/28:6,[M+H]+,null,1.00,False,8.328,880.56030,C48H81NO11S,SHexCer,NJHGIZOLRMNMKN-UHFFFAOYSA-N,O=C(NC(COC1OC(CO)C(O)C(OS(=O)(=O)O)C1O)C(O)C=CCCCCCCCCC)CCCCCCCCC=CCC=CCC=CCC=CCC=CCC=CCC,530,False,True,False,Normalized unit: Intensity; Annotation method: Msp20260116160945_NCDK_conventional_converted_dev_1,False,False,242,0,0.00,0.95,null,null,null,-1.00,-1.00,-0.169,805.65,P Sandie 100 Mix 4p4 2xdil 4_GC1_01_66539,880.56317:62670 881.56784:28176 882.57251:7862,null,1030085,1123822,1113408,1233153,1125116.99492187,83349.9872003699
243,52.798,880.60168,no MS2: DGDG 30:1|DGDG 8:0_22:1,[M+NH4]+,null,1.00,False,8.635,880.59918,C45H82O15,DGDG,MHDWFJVAEZDQIL-UHFFFAOYSA-N,O=C(OCC(OC(=O)CCCCCCCCCCCC=CCCCCCCCC)COC1OC(COC2OC(CO)C(O)C(O)C2O)C(O)C(O)C1O)CCCCCCC,530,False,True,False,Normalized unit: Intensity; Annotation method: Msp20260116160945_NCDK_conventional_converted_dev_1,False,False,243,0,0.00,0.99,null,null,null,-1.00,-1.00,-0.147,1363.16,P Sandie 100 Mix 4p4 2xdil 1_GC1_01_66536,880.60028:116448 881.60495:58596 882.60962:15512,null,2182598,2380762,2570001,2590662,2431005.74659375,190648.511930348
244,80.859,891.80975,no MS2: RIKEN P-VS1 ID-14892 from Mouse_Plasma_ApoEKO_N_F1DHA,[M+H]+,null,1.00,False,14.840,891.81812,null,Unknown,null,null,530,False,True,False,Normalized unit: Intensity; Annotation method: Msp20260116160945_NCDK_conventional_converted_dev_1,False,False,244,0,0.00,0.79,null,null,null,-1.00,-1.00,-0.224,3673.76,P Sandie 100 Mix 4p4 2xdil 2_GC1_01_66537,891.81195:446948 892.81662:266424 893.82129:82152,null,11168075,11469597,10769260,9884135,10822766.5482656,688360.343388598
245,84.912,904.83313,no MS2: TG 54:2|TG 8:0_8:0_38:2,[M+NH4]+,null,1.00,False,14.863,904.83282,C57H106O6,TG,CJABAEYPPMEUSO-UHFFFAOYSA-N,O=C(OCC(OC(=O)CCCCCCC)COC(=O)CCCCCCCCCCCCCCCCCCCCCCCCCC=CCC=CCCCCCCC)CCCCCCC,530,False,True,False,Normalized unit: Intensity; Annotation method: Msp20260116160945_NCDK_conventional_converted_dev_1,False,False,245,0,0.00,1.00,null,null,null,-1.00,-1.00,-0.143,50150.86,P Sandie 100 Mix 4p4 2xdil 4_GC1_01_66539,904.83289:6968312 905.83755:4581442 906.84222:1465286,null,52156803,56929767,56834164,53856817,54944387.6710002,2342820.54516067
246,84.916,905.00049,Unknown,[M+H]+,null,1.00,False,null,null,null,null,null,null,999,False,False,False,Normalized unit: Intensity,False,False,246,0,0.00,null,null,null,null,null,null,null,1338.87,P Sandie 100 Mix 4p4 2xdil 3_GC1_01_66538,905.00049:132620 906.00516:60214 907.00982:4338,null,797483,867342,912268,797165,843564.569500003,56456.1932935386
247,84.916,905.12573,Unknown,[M+H]+,null,1.00,False,null,null,null,null,null,null,999,False,False,False,Normalized unit: Intensity,False,False,247,0,0.00,null,null,null,null,null,null,null,2103.71,P Sandie 100 Mix 4p4 2xdil 2_GC1_01_66537,905.12573:132368 906.13040:82100 907.13507:5048,null,841670,927283,908877,934058,902972.035781252,42230.0989949681
248,84.912,905.55920,Unknown,[M+H]+,null,1.00,False,null,null,null,null,null,null,999,False,False,False,Normalized unit: Intensity,False,False,248,0,0.00,null,null,null,null,null,null,null,2272.15,P Sandie 100 Mix 4p4 2xdil 2_GC1_01_66537,905.55920:211858 906.56387:125360 907.56854:8482,null,1293284,1436867,1417852,1417960,1391490.78685938,66078.5197632305
249,3.578,907.50549,Unknown,[M+H]+,null,1.00,False,null,null,null,null,null,null,999,False,False,False,Normalized unit: Intensity,False,False,249,0,0.00,null,null,null,null,null,null,null,1439.95,P Sandie 100 Mix 4p4 2xdil 2_GC1_01_66537,907.50549:226362 908.51016:96286 909.51483:26134,null,654456,704156,700132,666606,681337.584,24587.1450378453
250,49.851,908.59650,no MS2: RIKEN P-VS1 ID-15471 from Mouse_Plasma_ApoEKO_N_F1DHA,[M+H]+,null,1.00,False,9.910,908.59302,null,Unknown,null,null,530,False,True,False,Normalized unit: Intensity; Annotation method: Msp20260116160945_NCDK_conventional_converted_dev_1,False,False,250,0,0.00,0.99,null,null,null,-1.00,-1.00,-0.134,737.16,P Sandie 100 Mix 4p4 2xdil 1_GC1_01_66536,908.59448:56066 909.59915:27540 910.60382:7394,null,999950,1169188,1332119,1457171,1239606.87914062,198567.073888715
251,84.912,909.78809,no MS2: TG 54:2|TG 8:0_8:0_38:2,[M+Na]+,null,1.00,False,14.863,909.78821,C57H106O6,TG,CJABAEYPPMEUSO-UHFFFAOYSA-N,O=C(OCC(OC(=O)CCCCCCC)COC(=O)CCCCCCCCCCCCCCCCCCCCCCCCCC=CCC=CCCCCCCC)CCCCCCC,530,False,True,False,Normalized unit: Intensity; Annotation method: Msp20260116160945_NCDK_conventional_converted_dev_1,False,False,251,0,0.00,1.00,null,null,null,-1.00,-1.00,-0.143,6712.87,P Sandie 100 Mix 4p4 2xdil 3_GC1_01_66538,909.78809:787776 910.79275:482868 911.79742:156328,null,7999714,8348642,8707191,8613445,8417248.00489065,317070.945632718
252,52.798,910.61218,no MS2: SHexCer 44:6;O2|SHexCer 16:1;O2/28:5,[M+H]+,null,1.00,False,8.235,910.60730,C50H87NO11S,SHexCer,NQUZRYKPBOKVOJ-UHFFFAOYSA-N,O=C(NC(COC1OC(CO)C(O)C(OS(=O)(=O)O)C1O)C(O)C=CCCCCCCCCCCC)CCCCCCCCCCCC=CCC=CCC=CCC=CCC=CCC,530,False,True,False,Normalized unit: Intensity; Annotation method: Msp20260116160945_NCDK_conventional_converted_dev_1,False,False,252,0,0.00,0.92,null,null,null,-1.00,-1.00,-0.184,570.28,P Sandie 100 Mix 4p4 2xdil 2_GC1_01_66537,910.61108:71576 911.61575:36384 912.62042:9634,null,1305638,1447650,1608556,1680376,1510555.171125,167721.52039494
253,84.916,931.84332,no MS2: SL 55:0;O2|SL 19:0;O/36:0;O,[M+NH4]+,null,1.00,False,13.897,931.84698,C55H111NO6S,SL,GGYZFEAOQHKSAV-UHFFFAOYSA-N,O=C(N(CC(O)CCCCCCCCCCCCCCCC)CS(=O)(=O)O)C(O)CCCCCCCCCCCCCCCCCCCCCCCCCCCCCCCCCC,530,False,True,False,Normalized unit: Intensity; Annotation method: Msp20260116160945_NCDK_conventional_converted_dev_1,False,False,253,0,0.00,0.95,null,null,null,-1.00,-1.00,-0.167,8159.87,P Sandie 100 Mix 4p4 2xdil 3_GC1_01_66538,931.84406:901682 932.84872:589934 933.85339:192410,null,10353484,10094199,9775065,9045408,9817039.00710941,566205.827229279
254,68.990,936.82080,no MS2: AHexCer 51:0;O2|AHexCer (O-26:0)12:0;O2/13:0,[M+H-H2O]+,null,1.00,False,13.574,936.82257,C57H111NO9,AHexCer,CXADNKATNWLIQK-UHFFFAOYSA-N,O=C(OCC1OC(OCC(NC(=O)CCCCCCCCCCCC)C(O)CCCCCCCCC)C(O)C(O)C1O)CCCCCCCCCCCCCCCCCCCCCCCCC,530,False,True,False,Normalized unit: Intensity; Annotation method: Msp20260116160945_NCDK_conventional_converted_dev_1,False,False,254,0,0.00,1.00,null,null,null,-1.00,-1.00,-0.145,513.73,P Sandie 100 Mix 4p4 2xdil 2_GC1_01_66537,936.82343:64402 937.82809:41704 938.83276:13360,null,803376,819870,832013,827419,820669.335999997,12568.8037770892
255,68.990,941.77844,no MS2: SL 58:8;O|SL 22:2;O/36:6,[M+NH4]+,null,1.00,False,13.421,941.77393,C58H101NO5S,SL,PIWHTKOHSHZSNL-UHFFFAOYSA-N,O=C(N(CC(O)C=CCCC=CCCCCCCCCCCCCC)CS(=O)(=O)O)CCCCCCCCCCCCCCCCC=CCC=CCC=CCC=CCC=CCC=CCC,530,False,True,False,Normalized unit: Intensity; Annotation method: Msp20260116160945_NCDK_conventional_converted_dev_1,False,False,255,0,0.00,0.99,null,null,null,-1.00,-1.00,-0.147,1505.75,P Sandie 100 Mix 4p4 2xdil 4_GC1_01_66539,941.77515:167338 942.77981:102228 943.78448:31990,null,2168637,2345492,2271662,2196756,2245636.50035937,79512.2677840624
256,84.925,945.85889,no MS2: SL 56:0;O2|SL 20:0;O/36:0;O,[M+NH4]+,null,1.00,False,13.958,945.86267,C56H113NO6S,SL,OTFVMQGHXVTRRN-UHFFFAOYSA-N,O=C(N(CC(O)CCCCCCCCCCCCCCCCC)CS(=O)(=O)O)C(O)CCCCCCCCCCCCCCCCCCCCCCCCCCCCCCCCCC,530,False,True,False,Normalized unit: Intensity; Annotation method: Msp20260116160945_NCDK_conventional_converted_dev_1,False,False,256,0,0.00,0.98,null,null,null,-1.00,-1.00,-0.155,9255.04,P Sandie 100 Mix 4p4 2xdil 3_GC1_01_66538,945.86060:1006724 946.86526:644314 947.86993:217412,null,12185819,11761104,10556981,11146955,11412714.6230625,712267.199230438
257,72.115,1017.93585,Unknown,[M+H]+,null,1.00,False,null,null,null,null,null,null,999,False,False,False,Normalized unit: Intensity,False,False,257,0,0.00,null,null,null,null,null,null,null,852.25,P Sandie 100 Mix 4p4 2xdil 3_GC1_01_66538,1017.93585:93266 1018.94052:73210 1019.94519:26892,null,1321863,1422998,1413010,1355251,1378280.49245312,48024.3477481871
258,75.867,1019.94983,Unknown,[M+H]+,null,1.00,False,null,null,null,null,null,null,999,False,False,False,Normalized unit: Intensity,False,False,258,0,0.00,null,null,null,null,null,null,null,4780.72,P Sandie 100 Mix 4p4 2xdil 3_GC1_01_66538,1019.94983:501090 1020.95450:383028 1021.95916:149728,null,10444149,11005369,11115907,10742625,10827012.6577812,299431.067342635
259,47.066,1103.89917,no MS2: TG 69:10|TG 8:0_23:0_38:10,[M+Na]+,null,1.00,False,15.238,1103.89771,C72H120O6,TG,KBZOGIQOHDZDRU-UHFFFAOYSA-N,O=C(OCC(OC(=O)CCCCCCCCCCCCCCCCCCCCCC)COC(=O)CCCCCCC)CCCCCCC=CCC=CCC=CCC=CCC=CCC=CCC=CCC=CCC=CCC=CCC,530,False,True,False,Normalized unit: Intensity; Annotation method: Msp20260116160945_NCDK_conventional_converted_dev_1,False,False,259,0,0.00,0.99,null,null,null,-1.00,-1.00,-0.147,775.52,P Sandie 100 Mix 4p4 2xdil 2_GC1_01_66537,1103.89917:71018 1104.90384:54358 1105.90851:21812,null,1482033,1574143,1496459,1362606,1478810.1069375,87395.1319992331
260,47.062,1135.92505,no MS2: SM 65:10;O3|SM 48:7;O2(FA 17:2),[M+H]+,null,1.00,False,13.427,1135.91406,C70H123N2O7P,ASM,QWTLGKMNMLZJAQ-UHFFFAOYSA-N,O=C(OC(C=CCCCCCCC)C(NC(=O)CCCCCCCCCCCCCCCCC=CCC=CCC=CCC=CCC=CCC=CCC)COP(=O)([O-])OCC[N+](C)(C)C)CCCCCCCC=CCC=CCCCC,530,False,True,False,Normalized unit: Intensity; Annotation method: Msp20260116160945_NCDK_conventional_converted_dev_1,False,False,260,0,0.00,0.82,null,null,null,-1.00,-1.00,-0.234,1653.75,P Sandie 100 Mix 4p4 2xdil 4_GC1_01_66539,1135.92126:104334 1136.92593:84280 1137.93060:33014,null,2251026,2374687,2335734,2141641,2275771.93207812,103252.522348333
261,58.408,1160.01477,no MS2: SM 66:5;O3|SM 38:4;O2(FA 28:0),[M+H]+,null,1.00,False,14.211,1160.00806,C71H135N2O7P,ASM,YDTRKWKVMNFIIP-UHFFFAOYSA-N,O=C(OC(C=CCCCCCCC)C(NC(=O)CCCCCCCCCCC=CCC=CCC=CCCCCCCC)COP(=O)([O-])OCC[N+](C)(C)C)CCCCCCCCCCCCCCCCCCCCCCCCCCC,530,False,True,False,Normalized unit: Intensity; Annotation method: Msp20260116160945_NCDK_conventional_converted_dev_1,False,False,261,0,0.00,0.85,null,null,null,-1.00,-1.00,-0.220,1056.82,P Sandie 100 Mix 4p4 2xdil 1_GC1_01_66536,1160.01477:75064 1161.01944:63030 1162.02411:25078,null,895830,900668,821119,795692,853327.386812501,52936.5711622078
262,47.033,1167.95117,Unknown,[M+H]+,null,0.75,False,null,null,null,null,null,null,999,False,False,False,Normalized unit: Intensity,False,False,262,0,0.00,null,null,null,null,null,null,null,739.37,P Sandie 100 Mix 4p4 2xdil 2_GC1_01_66537,1167.95117:58020 1168.95584:44724 1169.96051:18790,null,1154809,1251481,1250647,1247152,1226022.378,47512.5169199446
263,54.613,1211.10925,no MS2: RIKEN P-VS1 ID-18979 from Mouse_Macrophage_WT_N_F1AA,[M+H]+,null,1.00,False,12.900,1211.11206,null,Unknown,null,null,530,False,True,False,Normalized unit: Intensity; Annotation method: Msp20260116160945_NCDK_conventional_converted_dev_1,False,False,263,0,0.00,0.98,null,null,null,-1.00,-1.00,-0.136,21268.91,P Sandie 100 Mix 4p4 2xdil 2_GC1_01_66537,1211.10986:1331660 1212.11453:1122510 1213.11920:468760,null,12999777,13059776,13422061,12827890,13077375.9906562,249921.699362255
264,54.626,1216.06409,no MS2: RIKEN P-VS1 ID-19012 from Mouse_Macrophage_WT_N_F1AA,[M+H]+,null,1.00,False,12.890,1216.06641,null,Unknown,null,null,530,False,True,False,Normalized unit: Intensity; Annotation method: Msp20260116160945_NCDK_conventional_converted_dev_1,False,False,264,0,0.00,0.99,null,null,null,-1.00,-1.00,-0.132,51043.02,P Sandie 100 Mix 4p4 2xdil 2_GC1_01_66537,1216.06482:3271570 1217.06949:2554738 1218.07415:1055408,null,54792497,55119293,56617922,56096814,55656631.4157969,847211.235938359
265,54.621,1216.40027,Unknown,[M+2H]2+,null,1.00,False,null,null,null,null,null,null,999,False,False,False,Normalized unit: Intensity,False,False,265,0,0.00,null,null,null,null,null,null,null,1075.97,P Sandie 100 Mix 4p4 2xdil 1_GC1_01_66536,1216.40027:62074 1217.40494:35386 1218.40960:3694,null,759641,740832,749639,734888,746249.963062499,10789.4313689638
266,54.623,1217.90747,Unknown,[M+H]+,null,0.75,False,null,null,null,null,null,null,999,False,False,False,Normalized unit: Intensity,False,False,266,0,0.00,null,null,null,null,null,null,null,727.23,P Sandie 100 Mix 4p4 2xdil 1_GC1_01_66536,1217.90747:55614 1218.91214:5192 1219.91681:1318,null,613754,571644,602765,621179,602335.672578125,21814.4104787439
267,54.626,1232.03662,Unknown,[M+H]+,null,1.00,False,null,null,null,null,null,null,999,False,False,False,Normalized unit: Intensity,False,False,267,0,0.00,null,null,null,null,null,null,null,2015.00,P Sandie 100 Mix 4p4 2xdil 1_GC1_01_66536,1232.03662:132200 1233.04129:106428 1234.04596:48550,null,2289372,2310087,2299390,2259695,2289636.22728125,21678.7487463903
268,58.268,1267.17310,no MS2: Cer 85:10;O4|Cer 19:3;O2/66:7;O2,[M+H]+,null,1.00,False,16.452,1267.16650,C85H151NO5,Cer_EOS,WYIBOKAUWGAEDN-UHFFFAOYSA-N,O=C(OCCC=CCC=CCC=CCC=CCC=CCC=CCCCCCCCCCCCCCCCCCCC(=O)NC(CO)C(O)C=CCCC=CCCC=CCCCCCC)CCCCCCCCCCCCCCCCCCCCCCCCCCC,530,False,True,False,Normalized unit: Intensity; Annotation method: Msp20260116160945_NCDK_conventional_converted_dev_1,False,False,268,0,0.00,0.97,null,null,null,-1.00,-1.00,-0.158,22105.61,P Sandie 100 Mix 4p4 2xdil 1_GC1_01_66536,1267.16968:1463506 1268.17435:1238728 1269.17901:537004,null,14908085,15526106,14491302,13838218,14690927.6394063,709846.3221856
269,58.273,1272.12463,no MS2: SM 74:5;O3|SM 46:4;O2(FA 28:0),[M+H]+,null,1.00,False,15.301,1272.13318,C79H151N2O7P,ASM,SOFNHZHFBRUQAX-UHFFFAOYSA-N,O=C(OC(C=CCCCCCCC)C(NC(=O)CCCCCCCCCCCCCCCCCCC=CCC=CCC=CCCCCCCC)COP(=O)([O-])OCC[N+](C)(C)C)CCCCCCCCCCCCCCCCCCCCCCCCCCC,530,False,True,False,Normalized unit: Intensity; Annotation method: Msp20260116160945_NCDK_conventional_converted_dev_1,False,False,269,0,0.00,0.92,null,null,null,-1.00,-1.00,-0.182,39342.66,P Sandie 100 Mix 4p4 2xdil 2_GC1_01_66537,1272.12805:2633936 1273.13272:2257902 1274.13739:1007546,null,48469008,49029992,48249835,45851572,47900101.8873594,1404646.27473182
270,58.268,1272.98462,no MS2: TG 83:21|TG 11:1_36:10_36:10,[M+NH4]+,null,1.00,False,15.334,1272.98926,C86H126O6,TG,ZYYVUEBVQGFNHN-UHFFFAOYSA-N,O=C(OCC(OC(=O)CCCCC=CCC=CCC=CCC=CCC=CCC=CCC=CCC=CCC=CCC=CCC)COC(=O)CCCCCC=CCCC)CCCCC=CCC=CCC=CCC=CCC=CCC=CCC=CCC=CCC=CCC=CCC,530,False,True,False,Normalized unit: Intensity; Annotation method: Msp20260116160945_NCDK_conventional_converted_dev_1,False,False,270,0,0.00,0.99,null,null,null,-1.00,-1.00,-0.146,1034.25,P Sandie 100 Mix 4p4 2xdil 2_GC1_01_66537,1272.98779:57964 1273.99246:44732 1274.99713:2246,null,858577,849696,826737,801308,834079.593406251,25637.7734518246
271,58.260,1288.09839,Unknown,[M+H]+,null,1.00,False,null,null,null,null,null,null,999,False,False,False,Normalized unit: Intensity,False,False,271,0,0.00,null,null,null,null,null,null,null,1652.90,P Sandie 100 Mix 4p4 2xdil 1_GC1_01_66536,1288.09839:105838 1289.10306:88762 1290.10772:41638,null,1932191,1904270,1754543,1801494,1848124.50504688,83967.2547779666
272,54.870,1300.09985,no MS2: RIKEN P-VS1 ID-19392 from Mouse_AdrenalGlands_WT_N_Ctr,[M+H]+,null,0.25,False,12.100,1300.10425,null,Unknown,null,null,530,False,True,False,Normalized unit: Intensity; Annotation method: Msp20260116160945_NCDK_conventional_converted_dev_1,False,False,272,0,0.00,0.94,null,null,null,-1.00,-1.00,-0.154,857.90,P Sandie 100 Mix 4p4 2xdil 3_GC1_01_66538,1300.09985:57976 1301.10452:50124 1302.10919:23798,null,828717,859362,867986,768921,831246.559921877,44837.0981769596
273,75.858,1302.20959,Unknown,[M+H]+,null,1.00,False,null,null,null,null,null,null,999,False,False,False,Normalized unit: Intensity,False,False,273,0,0.00,null,null,null,null,null,null,null,6299.60,P Sandie 100 Mix 4p4 2xdil 2_GC1_01_66537,1302.20959:369616 1303.21426:357512 1304.21893:175772,null,7626760,7837261,7801343,7571550,7709228.61799999,129915.300466406
274,72.119,1315.20276,no MS2: RIKEN P-VS1 ID-19444 from Mouse_Liver_fads2KO_N_Ctr,[M+H]+,null,1.00,False,14.430,1315.19409,null,Unknown,null,null,530,False,True,False,Normalized unit: Intensity; Annotation method: Msp20260116160945_NCDK_conventional_converted_dev_1,False,False,274,0,0.00,0.88,null,null,null,-1.00,-1.00,-0.182,39712.43,P Sandie 100 Mix 4p4 2xdil 1_GC1_01_66536,1315.20068:2290820 1316.20535:2288418 1317.21002:1099718,null,31966720,33518079,32151791,32035063,32417913.1667187,737413.254440786
275,54.874,1316.09436,no MS2: RIKEN P-VS1 ID-19448 from Mouse_AdrenalGlands_WT_N_Ctr,[M+H]+,null,1.00,False,12.320,1316.08862,null,Unknown,null,null,530,False,True,False,Normalized unit: Intensity; Annotation method: Msp20260116160945_NCDK_conventional_converted_dev_1,False,False,275,0,0.00,0.92,null,null,null,-1.00,-1.00,-0.166,1936.62,P Sandie 100 Mix 4p4 2xdil 4_GC1_01_66539,1316.09412:123006 1317.09878:104348 1318.10345:49646,null,1530380,1443927,1433609,1371582,1444874.58296875,65347.0001696466
276,75.851,1319.23328,no MS2: RIKEN P-VS1 ID-19454 from Mouse_AdrenalGlands_fads2KO_N_Ctr,[M+H]+,null,0.50,False,14.750,1319.23706,null,Unknown,null,null,530,False,True,False,Normalized unit: Intensity; Annotation method: Msp20260116160945_NCDK_conventional_converted_dev_1,False,False,276,0,0.00,0.99,null,null,null,-1.00,-1.00,-0.132,105530.60,P Sandie 100 Mix 4p4 2xdil 2_GC1_01_66537,1319.23547:5744774 1320.24014:5777078 1321.24481:2792488,null,122655327,120153171,123705844,116651444,120791446.528609,3136600.26198376
277,75.862,1319.43494,Unknown,[M+H]+,null,1.00,False,null,null,null,null,null,null,999,False,False,False,Normalized unit: Intensity,False,False,277,0,0.00,null,null,null,null,null,null,null,2130.29,P Sandie 100 Mix 4p4 2xdil 2_GC1_01_66537,1319.43494:121240 1320.43960:98970 1321.44427:23378,null,2039712,2156596,2097575,2049388,2085817.91943749,53543.4179959013
278,75.859,1319.58655,Unknown,[M+2H]2+,null,0.50,False,null,null,null,null,null,null,999,False,False,False,Normalized unit: Intensity,False,False,278,0,0.00,null,null,null,null,null,null,null,2268.65,P Sandie 100 Mix 4p4 2xdil 1_GC1_01_66536,1319.58655:113558 1320.59122:108022 1321.59588:42704,null,2160036,2166642,2082646,2047255,2114144.89546874,58675.2441908179
279,72.119,1320.15430,Unknown,[M+H]+,null,1.00,False,null,null,null,null,null,null,999,False,False,False,Normalized unit: Intensity,False,False,279,0,0.00,null,null,null,null,null,null,null,10827.77,P Sandie 100 Mix 4p4 2xdil 1_GC1_01_66536,1320.15430:682622 1321.15896:668796 1322.16363:329730,null,14670814,15292303,14466074,14625680,14763717.718,363170.941502981
280,75.859,1322.11890,Unknown,[M+H]+,null,0.50,False,null,null,null,null,null,null,999,False,False,False,Normalized unit: Intensity,False,False,280,0,0.00,null,null,null,null,null,null,null,971.08,P Sandie 100 Mix 4p4 2xdil 2_GC1_01_66537,1322.11890:58840 1323.12356:2862 1324.12823:0,null,850737,888501,799962,770077,827319.272265623,52651.6945231648
281,75.943,1324.18555,Unknown,[M+H]+,null,0.50,False,null,null,null,null,null,null,999,False,False,False,Normalized unit: Intensity,False,False,281,0,0.00,null,null,null,null,null,null,null,6988.78,P Sandie 100 Mix 4p4 2xdil 3_GC1_01_66538,1324.18555:421494 1325.19021:404920 1326.19488:194086,null,6175918,5490990,6867518,14351667,8221523.26199999,4125219.71094957
282,72.128,1336.13159,Unknown,[M+H]+,null,1.00,False,null,null,null,null,null,null,999,False,False,False,Normalized unit: Intensity,False,False,282,0,0.00,null,null,null,null,null,null,null,1015.98,P Sandie 100 Mix 4p4 2xdil 2_GC1_01_66537,1336.13159:60130 1337.13626:61210 1338.14093:32632,null,1424220,1509290,1407381,1426306,1441799.37915625,45784.5766658909
283,45.717,1342.92480,no MS2: RIKEN P-VS1 ID-19541 from Mouse_AdrenalGlands_fads2KO_N_Ctr,[M+H]+,null,1.00,False,9.910,1342.92664,null,Unknown,null,null,530,False,True,False,Normalized unit: Intensity; Annotation method: Msp20260116160945_NCDK_conventional_converted_dev_1,False,False,283,0,0.00,0.99,null,null,null,-1.00,-1.00,-0.133,945.96,P Sandie 100 Mix 4p4 2xdil 1_GC1_01_66536,1342.92480:63482 1343.92947:60120 1344.93414:25956,null,594070,552929,544568,573493,566264.957437502,22165.9473738739
284,61.246,1343.16174,no MS2: TG 87:14|TG 11:0_38:4_38:10,[M+NH4]+,null,1.00,False,16.512,1343.16138,C90H148O6,TG,COAQZOPVCDDPOU-UHFFFAOYSA-N,O=C(OCC(OC(=O)CCCCCCCCCCCCCCCCCCCCCCCCC=CCC=CCC=CCC=CCC)COC(=O)CCCCCCCCCC)CCCCCCC=CCC=CCC=CCC=CCC=CCC=CCC=CCC=CCC=CCC=CCC,530,False,True,False,Normalized unit: Intensity; Annotation method: Msp20260116160945_NCDK_conventional_converted_dev_1,False,False,284,0,0.00,1.00,null,null,null,-1.00,-1.00,-0.143,1058.63,P Sandie 100 Mix 4p4 2xdil 3_GC1_01_66538,1343.16174:76072 1344.16641:75702 1345.17108:37762,null,632246,675311,680788,665154,663374.773390623,21739.7141109411
285,61.246,1348.11633,no MS2: TG 87:14|TG 11:0_38:4_38:10,[M+Na]+,null,1.00,False,16.512,1348.11682,C90H148O6,TG,COAQZOPVCDDPOU-UHFFFAOYSA-N,O=C(OCC(OC(=O)CCCCCCCCCCCCCCCCCCCCCCCCC=CCC=CCC=CCC=CCC)COC(=O)CCCCCCCCCC)CCCCCCC=CCC=CCC=CCC=CCC=CCC=CCC=CCC=CCC=CCC=CCC,530,False,True,False,Normalized unit: Intensity; Annotation method: Msp20260116160945_NCDK_conventional_converted_dev_1,False,False,285,0,0.00,1.00,null,null,null,-1.00,-1.00,-0.143,1126.16,P Sandie 100 Mix 4p4 2xdil 3_GC1_01_66538,1348.11707:73828 1349.12173:74318 1350.12640:36512,null,677791,742292,723523,679578,705796.274109373,32238.1865033483
286,68.524,1359.17200,no MS2: RIKEN P-VS1 ID-19602 from Mouse_AdrenalGlands_WT_N_Ctr,[M+H]+,null,1.00,False,14.050,1359.17676,null,Unknown,null,null,530,False,True,False,Normalized unit: Intensity; Annotation method: Msp20260116160945_NCDK_conventional_converted_dev_1,False,False,286,0,0.00,0.94,null,null,null,-1.00,-1.00,-0.155,17421.15,P Sandie 100 Mix 4p4 2xdil 2_GC1_01_66537,1359.17200:1019172 1360.17666:1075362 1361.18133:549606,null,10107716,10558287,9984736,9482652,10033347.6104531,442236.89437603
287,68.524,1364.12415,no MS2: RIKEN P-VS1 ID-19628 from Mouse_Feces_WT_N_Ctr,[M+H]+,null,1.00,False,10.420,1364.13403,null,Unknown,null,null,530,False,True,False,Normalized unit: Intensity; Annotation method: Msp20260116160945_NCDK_conventional_converted_dev_1,False,False,287,0,0.00,0.88,null,null,null,-1.00,-1.00,-0.182,11443.72,P Sandie 100 Mix 4p4 2xdil 2_GC1_01_66537,1364.12720:699498 1365.13187:748730 1366.13653:378520,null,10783463,10746674,10335399,10440293,10576457.1384062,222467.473190486
288,59.975,1368.14246,no MS2: SM 82:13;O3|SM 60:6;O2(FA 22:6),[M+H]+,null,1.00,False,14.696,1368.13318,C87H151N2O7P,ASM,YDCZZXGXCVLSFX-UHFFFAOYSA-N,O=C(OC(C=CCCCCCCCCCCCCCCCCC)C(NC(=O)CCCCCCCCCCCCCCCCCCCCCC=CCC=CCC=CCC=CCC=CCC)COP(=O)([O-])OCC[N+](C)(C)C)CCC=CCC=CCC=CCC=CCC=CCC=CCC,530,False,True,False,Normalized unit: Intensity; Annotation method: Msp20260116160945_NCDK_conventional_converted_dev_1,False,False,288,0,0.00,0.93,null,null,null,-1.00,-1.00,-0.178,1227.20,P Sandie 100 Mix 4p4 2xdil 1_GC1_01_66536,1368.13843:75418 1369.14310:70912 1370.14776:35402,null,1444849,1568921,1553023,1498277,1516267.37614063,56414.2061830113
289,59.870,1379.18311,no MS2: TG 87:12;O2|TG 15:0_22:5_22:6;O(FA 28:0),[M+NH4]+,null,1.00,False,16.453,1379.18250,C90H152O8,TG_EST,PSDXNPZRATWHCV-UHFFFAOYSA-N,O=C(OCC(OC(=O)CCCCCC=CCC=CCC=CCC=CCC=CCC)COC(=O)CC(OC(=O)CCCCCCCCCCCCCCCCCCCCCCCCCCC)C=CCC=CCC=CCC=CCC=CCC=CCC)CCCCCCCCCCCCCC,530,False,True,False,Normalized unit: Intensity; Annotation method: Msp20260116160945_NCDK_conventional_converted_dev_1,False,False,289,0,0.00,1.00,null,null,null,-1.00,-1.00,-0.143,1631.39,P Sandie 100 Mix 4p4 2xdil 4_GC1_01_66539,1379.18237:88110 1380.18704:87774 1381.19171:42390,null,688924,733867,729664,684910,709341.22546875,26001.9384550644
290,59.870,1384.13660,Unknown,[M+H]+,null,1.00,False,null,null,null,null,null,null,999,False,False,False,Normalized unit: Intensity,False,False,290,0,0.00,null,null,null,null,null,null,null,6008.42,P Sandie 100 Mix 4p4 2xdil 3_GC1_01_66538,1384.13660:406486 1385.14126:408594 1386.14593:199786,null,4025603,4036092,4111734,4054317,4056936.60817187,38409.369107703
