,,,,,,,,,,,,,,,,,,,,,,,,,,,,,,,,,1,1,1,1,NA,NA
,,,,,,,,,,,,,,,,,,,,,,,,,,,,,,,,,Sample,Sample,Sample,Sample,NA,NA
,,,,,,,,,,,,,,,,,,,,,,,,,,,,,,,,,1,2,3,4,NA,NA
,,,,,,,,,,,,,,,,,,,,,,,,,,,,,,,,,1,1,1,1,Average,Stdev
Alignment ID,Average Rt(min),Average Mz,Metabolite name,Adduct type,Post curation result,Fill %,MS/MS assigned,Reference RT,Reference m/z,Formula,Ontology,INCHIKEY,SMILES,Annotation tag (VS1.0),RT matched,m/z matched,MS/MS matched,Comment,Manually modified for quantification,Manually modified for annotation,Isotope tracking parent ID,Isotope tracking weight number,RT similarity,m/z similarity,Simple dot product,Weighted dot product,Reverse dot product,Matched peaks count,Matched peaks percentage,Total score,S/N average,Spectrum reference file name,P Carly RT Mix 4p4 2Xdil 1_GC1_01_66461,P Carly RT Mix 4p4 2Xdil 2_GC1_01_66462,P Carly RT Mix 4p4 2Xdil 3_GC1_01_66463,P Carly RT Mix 4p4 2Xdil 4_GC1_01_66464,1,1
0,17.995,341.30453,Unknown,[M+H]+,null,0.75,False,null,null,null,null,null,null,999,False,False,False,Normalized unit: Intensity,False,False,0,0,0.00,null,null,null,null,null,null,null,1430.04,P Carly RT Mix 4p4 2Xdil 4_GC1_01_66464,325673,435870,421402,437072,405004.41909375,53364.5807050515
1,4.921,354.41016,Unknown,[M+H]+,null,1.00,False,null,null,null,null,null,null,999,False,False,False,Normalized unit: Intensity,False,False,1,0,0.00,null,null,null,null,null,null,null,4641.34,P Carly RT Mix 4p4 2Xdil 2_GC1_01_66462,648290,783218,752883,753694,734521.263562501,59194.3452069984
2,18.203,367.33594,no MS2: ST 27:2;O,[M+H-H2O]+,null,1.00,False,7.592,367.33591,C27H44O,ST,AVSXSVCZWQODGV-UHFFFAOYSA-N,OC1CC2=CCC3C(CCC4(C)C(CCC34)C(C)CCC=C(C)C)C2(C)CC1,530,False,True,False,Normalized unit: Intensity; Annotation method: Msp20260116160945_NCDK_conventional_converted_dev_1,False,False,2,0,0.00,1.00,null,null,null,-1.00,-1.00,-0.143,202.51,P Carly RT Mix 4p4 2Xdil 2_GC1_01_66462,779475,1063250,1000997,1007432,962788.72740625,125365.243496952
3,20.489,369.35141,no MS2: ST 27:1;O,[M+H-H2O]+,null,1.00,False,8.638,369.35159,C27H46O,ST,HVYWMOMLDIMFJA-UHFFFAOYSA-N,OC1CC2=CCC3C(CCC4(C)C(CCC34)C(C)CCCC(C)C)C2(C)CC1,530,False,True,False,Normalized unit: Intensity; Annotation method: Msp20260116160945_NCDK_conventional_converted_dev_1,False,False,3,0,0.00,1.00,null,null,null,-1.00,-1.00,-0.143,258.06,P Carly RT Mix 4p4 2Xdil 4_GC1_01_66464,3137597,4118589,3987974,3956656,3800203.79079688,447270.273669529
4,21.164,369.35144,no MS2: ST 27:1;O,[M+H-H2O]+,null,1.00,False,8.638,369.35159,C27H46O,ST,HVYWMOMLDIMFJA-UHFFFAOYSA-N,OC1CC2=CCC3C(CCC4(C)C(CCC34)C(C)CCCC(C)C)C2(C)CC1,530,False,True,False,Normalized unit: Intensity; Annotation method: Msp20260116160945_NCDK_conventional_converted_dev_1,False,False,4,0,0.00,1.00,null,null,null,-1.00,-1.00,-0.143,348.29,P Carly RT Mix 4p4 2Xdil 3_GC1_01_66463,4249449,5385113,5373717,5224027,5058076.53131251,544058.901334211
5,21.627,369.35159,no MS2: ST 27:1;O,[M+H-H2O]+,null,1.00,False,8.638,369.35159,C27H46O,ST,HVYWMOMLDIMFJA-UHFFFAOYSA-N,OC1CC2=CCC3C(CCC4(C)C(CCC34)C(C)CCCC(C)C)C2(C)CC1,530,False,True,False,Normalized unit: Intensity; Annotation method: Msp20260116160945_NCDK_conventional_converted_dev_1,False,False,5,0,0.00,1.00,null,null,null,-1.00,-1.00,-0.143,814.33,P Carly RT Mix 4p4 2Xdil 2_GC1_01_66462,11212613,13201492,12453271,12636836,12376053.0363437,838433.528234308
6,18.185,369.35159,no MS2: ST 27:1;O,[M+H-H2O]+,null,1.00,False,8.638,369.35159,C27H46O,ST,HVYWMOMLDIMFJA-UHFFFAOYSA-N,OC1CC2=CCC3C(CCC4(C)C(CCC34)C(C)CCCC(C)C)C2(C)CC1,530,False,True,False,Normalized unit: Intensity; Annotation method: Msp20260116160945_NCDK_conventional_converted_dev_1,False,False,6,0,0.00,1.00,null,null,null,-1.00,-1.00,-0.143,177.77,P Carly RT Mix 4p4 2Xdil 2_GC1_01_66462,2407279,3263731,3081017,3167465,2979873.07189063,388955.83658994
7,13.375,369.35315,no MS2: ST 27:1;O,[M+H-H2O]+,null,1.00,False,8.638,369.35159,C27H46O,ST,HVYWMOMLDIMFJA-UHFFFAOYSA-N,OC1CC2=CCC3C(CCC4(C)C(CCC34)C(C)CCCC(C)C)C2(C)CC1,530,False,True,False,Normalized unit: Intensity; Annotation method: Msp20260116160945_NCDK_conventional_converted_dev_1,False,False,7,0,0.00,0.99,null,null,null,-1.00,-1.00,-0.149,44.62,P Carly RT Mix 4p4 2Xdil 4_GC1_01_66464,1050738,1475889,1374064,1450503,1337798.6245,196205.668377172
8,1.455,454.25827,no MS2: DMPE 13:0|DMPE 5:0_8:0,[M+H]+,null,1.00,False,4.835,454.25641,C20H40NO8P,DMPE,HKWAESFLQVAVHA-UHFFFAOYSA-N,O=C(OCC(OC(=O)CCCCCCC)COP(=O)(O)OCCN(C)C)CCCC,530,False,True,False,Normalized unit: Intensity; Annotation method: Msp20260116160945_NCDK_conventional_converted_dev_1,False,False,8,0,0.00,1.00,null,null,null,-1.00,-1.00,-0.145,60159.41,P Carly RT Mix 4p4 2Xdil 4_GC1_01_66464,28160918,36018222,34887394,34676279,33435703.3782031,3565538.5307293
9,1.459,454.37875,Unknown,[M+H]+,null,0.50,False,null,null,null,null,null,null,999,False,False,False,Normalized unit: Intensity,False,False,9,0,0.00,null,null,null,null,null,null,null,843.80,P Carly RT Mix 4p4 2Xdil 2_GC1_01_66462,301270,417140,389009,404092,377877.550203125,52349.0463385715
10,1.455,455.26031,Unknown,[M+H]+,null,1.00,False,null,null,null,null,null,null,999,False,False,False,Normalized unit: Intensity,False,False,10,0,0.00,null,null,null,null,null,null,null,21539.90,P Carly RT Mix 4p4 2Xdil 4_GC1_01_66464,7781055,9911646,9696695,9803311,9298176.59245313,1015214.01983476
11,15.571,475.41626,Unknown,[M+H]+,null,0.75,False,null,null,null,null,null,null,999,False,False,False,Normalized unit: Intensity,False,False,11,0,0.00,null,null,null,null,null,null,null,440.82,P Carly RT Mix 4p4 2Xdil 3_GC1_01_66463,500493,509425,514218,506608,507686.1704375,5732.63171267972
12,1.455,476.24023,no MS2: PC 12:0,[M+Na]+,null,1.00,False,3.582,476.23840,C20H40NO8P,PC,KNXKLGNRVBJSIQ-UHFFFAOYSA-N,O=C(OCC(OC(=O)CCCCCC)COP(=O)([O-])OCC[N+](C)(C)C)CCCC,530,False,True,False,Normalized unit: Intensity; Annotation method: Msp20260116160945_NCDK_conventional_converted_dev_1,False,False,12,0,0.00,0.99,null,null,null,-1.00,-1.00,-0.146,4254.02,P Carly RT Mix 4p4 2Xdil 4_GC1_01_66464,2005899,2553634,2475549,2488030,2380778.39714063,252255.15465118
13,2.149,482.28970,no MS2: DMPE 15:0|DMPE 10:0_5:0,[M+H]+,null,1.00,False,5.211,482.28769,C22H44NO8P,DMPE,KOISGDAZRNZPME-UHFFFAOYSA-N,O=C(OCC(OC(=O)CCCC)COP(=O)(O)OCCN(C)C)CCCCCCCCC,530,False,True,False,Normalized unit: Intensity; Annotation method: Msp20260116160945_NCDK_conventional_converted_dev_1,False,False,13,0,0.00,0.98,null,null,null,-1.00,-1.00,-0.151,43031.81,P Carly RT Mix 4p4 2Xdil 4_GC1_01_66464,24937507,32223220,30419993,31255599,29709079.9736094,3265268.05437005
14,2.100,482.41342,Unknown,[M+H]+,null,0.25,False,null,null,null,null,null,null,999,False,False,False,Normalized unit: Intensity,False,False,14,0,0.00,null,null,null,null,null,null,null,597.26,P Carly RT Mix 4p4 2Xdil 2_GC1_01_66462,219772,328411,298178,314912,290318.163109375,48629.4345162339
15,2.153,482.81760,Unknown,[M+H]+,null,1.00,False,null,null,null,null,null,null,999,False,False,False,Normalized unit: Intensity,False,False,15,0,0.00,null,null,null,null,null,null,null,2356.68,P Carly RT Mix 4p4 2Xdil 2_GC1_01_66462,631173,878425,800515,836612,786681.006125,108450.063869385
16,18.194,491.46146,Unknown,[M+H]+,null,1.00,False,null,null,null,null,null,null,999,False,False,False,Normalized unit: Intensity,False,False,16,0,0.00,null,null,null,null,null,null,null,769.77,P Carly RT Mix 4p4 2Xdil 4_GC1_01_66464,605108,803080,785981,817743,752978.08815625,99430.6259687127
17,4.461,496.34119,no MS2: PC O-16:0|PC O-8:0_8:0,[M+H]+,null,1.00,False,5.632,496.33981,C24H50NO7P,EtherPC,GDMHMXIBVHRZGP-UHFFFAOYSA-N,O=C(OC(COCCCCCCCC)COP(=O)([O-])OCC[N+](C)(C)C)CCCCCCC,530,False,True,False,Normalized unit: Intensity; Annotation method: Msp20260116160945_NCDK_conventional_converted_dev_1,False,False,17,0,0.00,1.00,null,null,null,-1.00,-1.00,-0.143,983.65,P Carly RT Mix 4p4 2Xdil 2_GC1_01_66462,507258,689384,663458,675268,633842.156250001,85052.1382907502
18,2.149,504.27045,no MS2: PC 14:0,[M+Na]+,null,1.00,False,4.315,504.26971,C22H44NO8P,PC,OIFRTCQOIDCXAI-UHFFFAOYSA-N,O=C(OCC(OC(=O)CCCCCCCC)COP(=O)([O-])OCC[N+](C)(C)C)CCCC,530,False,True,False,Normalized unit: Intensity; Annotation method: Msp20260116160945_NCDK_conventional_converted_dev_1,False,False,18,0,0.00,0.99,null,null,null,-1.00,-1.00,-0.148,2075.82,P Carly RT Mix 4p4 2Xdil 4_GC1_01_66464,1231946,1589671,1571018,1608960,1500398.8919375,179637.528193128
19,3.186,510.32056,no MS2: DMPE 17:0|DMPE 12:0_5:0,[M+H]+,null,1.00,False,5.911,510.31900,C24H48NO8P,DMPE,NAWXXKZUWNAVLJ-UHFFFAOYSA-N,O=C(OCC(OC(=O)CCCC)COP(=O)(O)OCCN(C)C)CCCCCCCCCCC,530,False,True,False,Normalized unit: Intensity; Annotation method: Msp20260116160945_NCDK_conventional_converted_dev_1,False,False,19,0,0.00,0.98,null,null,null,-1.00,-1.00,-0.155,55407.54,P Carly RT Mix 4p4 2Xdil 1_GC1_01_66461,30174036,38486762,36795796,37593754,35762587.021625,3789182.81233831
20,3.190,510.44724,no MS2: CAR 24:1,[M+H]+,null,1.00,False,7.731,510.45169,C31H59NO4,CAR,QGIHQXKFCAACHN-UHFFFAOYSA-N,O=C([O-])CC(OC(=O)CCCCCCCCCCCCCC=CCCCCCCCC)C[N+](C)(C)C,530,False,True,False,Normalized unit: Intensity; Annotation method: Msp20260116160945_NCDK_conventional_converted_dev_1,False,False,20,0,0.00,0.75,null,null,null,-1.00,-1.00,-0.266,772.40,P Carly RT Mix 4p4 2Xdil 3_GC1_01_66463,312485,436950,417454,419516,396601.287671875,56755.4163837045
21,3.186,510.54041,Unknown,[M+H]+,null,1.00,False,null,null,null,null,null,null,999,False,False,False,Normalized unit: Intensity,False,False,21,0,0.00,null,null,null,null,null,null,null,1151.58,P Carly RT Mix 4p4 2Xdil 2_GC1_01_66462,288885,408044,389746,393802,370119.39896875,54721.4680283916
22,3.186,510.86334,Unknown,[M+H]+,null,1.00,False,null,null,null,null,null,null,999,False,False,False,Normalized unit: Intensity,False,False,22,0,0.00,null,null,null,null,null,null,null,4050.68,P Carly RT Mix 4p4 2Xdil 2_GC1_01_66462,826362,1124204,1056016,1086838,1023354.98695313,134255.267889974
23,1.459,512.31116,no MS2: LPE O-22:6,[M+H]+,null,1.00,False,6.360,512.31360,C27H46NO6P,EtherLPE,AQONSCSEICWUPS-UHFFFAOYSA-N,O=P(O)(OCCN)OCC(O)COCCCC=CCC=CCC=CCC=CCC=CCC=CCC,530,False,True,False,Normalized unit: Intensity; Annotation method: Msp20260116160945_NCDK_conventional_converted_dev_1,False,False,23,0,0.00,0.89,null,null,null,-1.00,-1.00,-0.197,1561.23,P Carly RT Mix 4p4 2Xdil 2_GC1_01_66462,1131468,1429170,1374549,1354350,1322384.05496875,131142.828064888
24,3.190,532.30231,no MS2: PC 16:0,[M+Na]+,null,1.00,False,5.422,532.30103,C24H48NO8P,PC,BBSHYEVDGJSJEB-UHFFFAOYSA-N,O=C(OCC(OC(=O)CCCC)COP(=O)([O-])OCC[N+](C)(C)C)CCCCCCCCCC,530,False,True,False,Normalized unit: Intensity; Annotation method: Msp20260116160945_NCDK_conventional_converted_dev_1,False,False,24,0,0.00,0.99,null,null,null,-1.00,-1.00,-0.150,4212.31,P Carly RT Mix 4p4 2Xdil 2_GC1_01_66462,1689098,2207292,2130270,2178395,2051263.8235625,243525.16586335
25,4.118,538.35132,no MS2: DMPE 19:0|DMPE 14:0_5:0,[M+H]+,null,1.00,False,6.318,538.35028,C26H52NO8P,DMPE,QIRNOKORVQUESQ-UHFFFAOYSA-N,O=C(OCC(OC(=O)CCCC)COP(=O)(O)OCCN(C)C)CCCCCCCCCCCCC,530,False,True,False,Normalized unit: Intensity; Annotation method: Msp20260116160945_NCDK_conventional_converted_dev_1,False,False,25,0,0.00,0.99,null,null,null,-1.00,-1.00,-0.147,93337.28,P Carly RT Mix 4p4 2Xdil 1_GC1_01_66461,28985214,37878046,36330870,36562906,34939259.2355625,4027403.37706038
26,4.118,538.48145,no MS2: CAR 26:1,[M+H]+,null,1.00,False,8.191,538.48297,C33H63NO4,CAR,IEXHCKQROJJVJL-UHFFFAOYSA-N,O=C([O-])CC(OC(=O)CCCCCCCCCCCCCCCC=CCCCCCCCC)C[N+](C)(C)C,530,False,True,False,Normalized unit: Intensity; Annotation method: Msp20260116160945_NCDK_conventional_converted_dev_1,False,False,26,0,0.00,0.98,null,null,null,-1.00,-1.00,-0.154,917.76,P Carly RT Mix 4p4 2Xdil 4_GC1_01_66464,294311,452618,426182,425939,399762.479859375,71407.3742591302
27,4.114,538.57721,Unknown,[M+H]+,null,0.75,False,null,null,null,null,null,null,999,False,False,False,Normalized unit: Intensity,False,False,27,0,0.00,null,null,null,null,null,null,null,1331.07,P Carly RT Mix 4p4 2Xdil 2_GC1_01_66462,268536,401247,376781,392371,359733.8195625,61633.8438426761
28,4.123,538.90900,Unknown,[M+H]+,null,1.00,False,null,null,null,null,null,null,999,False,False,False,Normalized unit: Intensity,False,False,28,0,0.00,null,null,null,null,null,null,null,1886.70,P Carly RT Mix 4p4 2Xdil 2_GC1_01_66462,725917,1026293,1007432,1001205,940211.687703125,143260.882326796
29,2.153,540.34241,no MS2: LPE O-24:6,[M+H]+,null,1.00,False,6.958,540.34491,C29H50NO6P,EtherLPE,ORDMYECXBWBTFI-UHFFFAOYSA-N,O=P(O)(OCCN)OCC(O)COCCCCCC=CCC=CCC=CCC=CCC=CCC=CCC,530,False,True,False,Normalized unit: Intensity; Annotation method: Msp20260116160945_NCDK_conventional_converted_dev_1,False,False,29,0,0.00,0.90,null,null,null,-1.00,-1.00,-0.194,1720.81,P Carly RT Mix 4p4 2Xdil 2_GC1_01_66462,813140,1070161,1010976,1045113,984847.406984375,117013.743302819
30,18.186,540.47742,no MS2: SE 28:2/8:1,[M+NH4]+,null,0.75,False,12.310,540.47748,C36H58O2,BRSE,PJKYPVQDEZHKRL-UHFFFAOYSA-N,O=C(OC1CC2=CCC3C(CCC4(C)C(CCC34)C(C=CC(C)C(C)C)C)C2(C)CC1)CCC=CCCC,530,False,True,False,Normalized unit: Intensity; Annotation method: Msp20260116160945_NCDK_conventional_converted_dev_1,False,False,30,0,0.00,1.00,null,null,null,-1.00,-1.00,-0.143,702.73,P Carly RT Mix 4p4 2Xdil 2_GC1_01_66462,385773,515651,489623,509522,475142.208046875,60606.6956103156
31,15.570,548.50433,no MS2: Cer 35:2;O3|Cer 13:0;O2/22:2;O,[M+H-H2O]+,null,1.00,False,9.029,548.50372,C35H67NO4,Cer_HDS,VKOOPZWKDVJCLX-UHFFFAOYSA-N,O=C(NC(CO)C(O)CCCCCCCCCC)C(O)CCCCCCCCCCC=CCC=CCCCCC,530,False,True,False,Normalized unit: Intensity; Annotation method: Msp20260116160945_NCDK_conventional_converted_dev_1,False,False,31,0,0.00,0.99,null,null,null,-1.00,-1.00,-0.145,894.10,P Carly RT Mix 4p4 2Xdil 1_GC1_01_66461,1458728,1446627,1424532,1438840,1442181.84778125,14332.2668823097
32,13.362,557.45728,no MS2: NAGlySer 26:0;O,[M+H]+,null,1.00,False,8.313,557.45239,C31H60N2O6,NAGlySer,GBJCWKUBOQEHCA-UHFFFAOYSA-N,O=C(NC(C(=O)O)CO)CNC(=O)CC(O)CCCCCCCCCCCCCCCCCCCCCCC,530,False,True,False,Normalized unit: Intensity; Annotation method: Msp20260116160945_NCDK_conventional_converted_dev_1,False,False,32,0,0.00,0.79,null,null,null,-1.00,-1.00,-0.246,759.63,P Carly RT Mix 4p4 2Xdil 4_GC1_01_66464,780939,1133133,1077844,1086455,1019592.62526562,160945.925398066
33,14.627,558.48920,no MS2: Cer 36:4;O3|Cer 12:0;O2/24:4;O,[M+H-H2O]+,null,1.00,False,8.063,558.48810,C36H65NO4,Cer_HDS,AYICWSMDHURIRF-UHFFFAOYSA-N,O=C(NC(CO)C(O)CCCCCCCCC)C(O)CCCCCCCCCC=CCC=CCC=CCC=CCC,530,False,True,False,Normalized unit: Intensity; Annotation method: Msp20260116160945_NCDK_conventional_converted_dev_1,False,False,33,0,0.00,1.00,null,null,null,-1.00,-1.00,-0.143,970.27,P Carly RT Mix 4p4 2Xdil 4_GC1_01_66464,4075596,3627555,5242497,5443668,4597328.83317187,884156.71150056
34,4.123,560.33282,no MS2: PC 18:0,[M+Na]+,null,1.00,False,6.185,560.33228,C26H52NO8P,PC,RRUAPWUSGRCXJR-UHFFFAOYSA-N,O=C(OCC(OC(=O)CCCC)COP(=O)([O-])OCC[N+](C)(C)C)CCCCCCCCCCCC,530,False,True,False,Normalized unit: Intensity; Annotation method: Msp20260116160945_NCDK_conventional_converted_dev_1,False,False,34,0,0.00,1.00,null,null,null,-1.00,-1.00,-0.145,2381.68,P Carly RT Mix 4p4 2Xdil 1_GC1_01_66461,1354675,1867265,1791426,1798180,1702886.45109375,234656.606541983
35,14.653,563.44464,no MS2: NATau 28:1;O,[M+NH4]+,null,0.75,False,8.598,563.44519,C30H59NO5S,NATau,PPAXWBIIHAURHW-UHFFFAOYSA-N,O=C(NCCS(=O)(=O)O)CC(O)CCCCCCCCCCCCCC=CCCCCCCCCCC,530,False,True,False,Normalized unit: Intensity; Annotation method: Msp20260116160945_NCDK_conventional_converted_dev_1,False,False,35,0,0.00,1.00,null,null,null,-1.00,-1.00,-0.145,391.20,P Carly RT Mix 4p4 2Xdil 2_GC1_01_66462,2641474,3309763,3099349,3179023,3057402.4073125,290535.980844336
36,18.181,563.48230,no MS2: VAE 19:2,[M+H]+,null,1.00,False,13.554,563.48230,C39H62O2,VAE,CYZIVBLWNMJHRQ-UHFFFAOYSA-N,O=C(OCC=C(C=CC=C(C=CC1=C(C)CCCC1(C)C)C)C)CCCCCCCC=CCC=CCCCCCC,530,False,True,False,Normalized unit: Intensity; Annotation method: Msp20260116160945_NCDK_conventional_converted_dev_1,False,False,36,0,0.00,1.00,null,null,null,-1.00,-1.00,-0.143,255.51,P Carly RT Mix 4p4 2Xdil 2_GC1_01_66462,543853,731217,713852,721146,677516.84740625,89393.2603443106
37,4.938,566.38251,no MS2: DMPE 21:0|DMPE 16:0_5:0,[M+H]+,null,1.00,False,7.048,566.38159,C28H56NO8P,DMPE,CMFPEMGUXLZBKX-UHFFFAOYSA-N,O=C(OCC(OC(=O)CCCC)COP(=O)(O)OCCN(C)C)CCCCCCCCCCCCCCC,530,False,True,False,Normalized unit: Intensity; Annotation method: Msp20260116160945_NCDK_conventional_converted_dev_1,False,False,37,0,0.00,1.00,null,null,null,-1.00,-1.00,-0.144,51420.57,P Carly RT Mix 4p4 2Xdil 1_GC1_01_66461,29407808,38092576,37208489,38095946,35701204.9436719,4216325.07734518
38,4.938,566.51575,no MS2: CAR 28:1,[M+H]+,null,1.00,False,8.293,566.51428,C35H67NO4,CAR,CEFGXBJUHZCUJB-UHFFFAOYSA-N,O=C([O-])CC(OC(=O)CCCCCCCCCCCCCCCCCC=CCCCCCCCC)C[N+](C)(C)C,530,False,True,False,Normalized unit: Intensity; Annotation method: Msp20260116160945_NCDK_conventional_converted_dev_1,False,False,38,0,0.00,0.99,null,null,null,-1.00,-1.00,-0.150,688.48,P Carly RT Mix 4p4 2Xdil 1_GC1_01_66461,337645,470082,462908,479342,437494.193890626,66905.4351275857
39,4.938,566.61359,Unknown,[M+H]+,null,1.00,False,null,null,null,null,null,null,999,False,False,False,Normalized unit: Intensity,False,False,39,0,0.00,null,null,null,null,null,null,null,920.24,P Carly RT Mix 4p4 2Xdil 2_GC1_01_66462,309797,450132,437481,451992,412350.392031251,68672.3442928189
40,4.938,566.95502,Unknown,[M+H]+,null,1.00,False,null,null,null,null,null,null,999,False,False,False,Normalized unit: Intensity,False,False,40,0,0.00,null,null,null,null,null,null,null,1401.39,P Carly RT Mix 4p4 2Xdil 4_GC1_01_66464,810961,1102466,1084898,1118526,1029212.73201563,146148.086362078
41,3.190,568.37286,no MS2: LPE O-26:6,[M+H]+,null,1.00,False,6.731,568.37622,C31H54NO6P,EtherLPE,JQQCVNYOIOVSGF-UHFFFAOYSA-N,O=P(O)(OCCN)OCC(O)COCCCCCCCC=CCC=CCC=CCC=CCC=CCC=CCC,530,False,True,False,Normalized unit: Intensity; Annotation method: Msp20260116160945_NCDK_conventional_converted_dev_1,False,False,41,0,0.00,0.89,null,null,null,-1.00,-1.00,-0.198,1682.02,P Carly RT Mix 4p4 2Xdil 3_GC1_01_66463,964946,1254227,1148057,1215633,1145715.61498438,128252.745097758
42,14.774,570.48907,no MS2: Cer 37:5;O3|Cer 13:0;O2/24:5;O,[M+H-H2O]+,null,1.00,False,8.331,570.48810,C37H65NO4,Cer_HDS,NDGMITMDBJPZEE-UHFFFAOYSA-N,O=C(NC(CO)C(O)CCCCCCCCCC)C(O)CCCCCCC=CCC=CCC=CCC=CCC=CCC,530,False,True,False,Normalized unit: Intensity; Annotation method: Msp20260116160945_NCDK_conventional_converted_dev_1,False,False,42,0,0.00,1.00,null,null,null,-1.00,-1.00,-0.143,489.83,P Carly RT Mix 4p4 2Xdil 4_GC1_01_66464,427458,605359,550157,583661,541658.871015624,79448.2029825013
43,13.371,574.48328,no MS2: Cer 36:4;O4|Cer 12:1;O3/24:3(2OH),[M+H-H2O]+,null,1.00,False,8.266,574.48297,C36H65NO5,Cer_AP,DBUJMPXYWFGVIW-UHFFFAOYSA-N,O=C(NC(CO)C(O)C(O)CCCC=CCCC)C(O)CCCCCCCC=CCC=CCC=CCCCCCCC,530,False,True,False,Normalized unit: Intensity; Annotation method: Msp20260116160945_NCDK_conventional_converted_dev_1,False,False,43,0,0.00,1.00,null,null,null,-1.00,-1.00,-0.143,1292.76,P Carly RT Mix 4p4 2Xdil 4_GC1_01_66464,1162263,1667814,1533736,1610963,1493694.07464062,227683.587027158
44,21.285,577.51837,no MS2: RIKEN P-VS1 ID-5423 from Mouse_Plasma_ApoEKO_N_F1DHA,[M+H]+,null,1.00,False,13.050,577.51569,null,Unknown,null,null,530,False,True,False,Normalized unit: Intensity; Annotation method: Msp20260116160945_NCDK_conventional_converted_dev_1,False,False,44,0,0.00,0.93,null,null,null,-1.00,-1.00,-0.158,490.36,P Carly RT Mix 4p4 2Xdil 1_GC1_01_66461,373470,547053,526055,541298,496969.001875001,82807.892042691
45,13.358,579.43933,no MS2: SL 30:1;O2|SL 12:1;O/18:0;O,[M+Na]+,null,1.00,False,7.551,579.44012,C30H59NO6S,SL,RVIKRDHQZKUVIK-UHFFFAOYSA-N,O=C(N(CC(O)C=CCCCCCCC)CS(=O)(=O)O)C(O)CCCCCCCCCCCCCCCC,530,False,True,False,Normalized unit: Intensity; Annotation method: Msp20260116160945_NCDK_conventional_converted_dev_1,False,False,45,0,0.00,0.99,null,null,null,-1.00,-1.00,-0.148,313.88,P Carly RT Mix 4p4 2Xdil 2_GC1_01_66462,926407,1338099,1251235,1276412,1198038.18910937,184727.700668909
46,12.267,579.48859,Unknown,[M+H]+,null,1.00,False,null,null,null,null,null,null,999,False,False,False,Normalized unit: Intensity,False,False,46,0,0.00,null,null,null,null,null,null,null,532.43,P Carly RT Mix 4p4 2Xdil 2_GC1_01_66462,613882,878049,813319,843222,787117.865390625,118481.255205778
47,16.982,579.53448,no MS2: RIKEN P-VS1 ID-5453 from Mouse_Macrophage_WT_N_F1AA,[M+H]+,null,1.00,False,12.890,579.53418,null,Unknown,null,null,530,False,True,False,Normalized unit: Intensity; Annotation method: Msp20260116160945_NCDK_conventional_converted_dev_1,False,False,47,0,0.00,1.00,null,null,null,-1.00,-1.00,-0.129,15745.20,P Carly RT Mix 4p4 2Xdil 2_GC1_01_66462,30546721,41392335,39520640,40717185,38044220.1603594,5057895.45932966
48,16.982,579.66895,Unknown,[M+H]+,null,1.00,False,null,null,null,null,null,null,999,False,False,False,Normalized unit: Intensity,False,False,48,0,0.00,null,null,null,null,null,null,null,1442.06,P Carly RT Mix 4p4 2Xdil 2_GC1_01_66462,362280,619252,563126,597071,535432.4941875,117720.037246534
49,16.982,579.76697,Unknown,[M+H-H2O]+,null,1.00,False,null,null,null,null,null,null,999,False,False,False,Normalized unit: Intensity,False,False,49,0,0.00,null,null,null,null,null,null,null,1273.63,P Carly RT Mix 4p4 2Xdil 2_GC1_01_66462,372085,602666,571450,593005,534801.394984375,109259.635482888
50,16.982,580.11444,Unknown,[M+H]+,null,1.00,False,null,null,null,null,null,null,999,False,False,False,Normalized unit: Intensity,False,False,50,0,0.00,null,null,null,null,null,null,null,2379.80,P Carly RT Mix 4p4 2Xdil 2_GC1_01_66462,573827,910074,850360,895602,807465.819015625,157822.371427007
51,15.536,584.50427,no MS2: Cer 38:5;O3|Cer 12:0;O2/26:5;O,[M+H-H2O]+,null,1.00,False,8.606,584.50372,C38H67NO4,Cer_HDS,YKOKEEGMJPEQKO-UHFFFAOYSA-N,O=C(NC(CO)C(O)CCCCCCCCC)C(O)CCCCCCCCC=CCC=CCC=CCC=CCC=CCC,530,False,True,False,Normalized unit: Intensity; Annotation method: Msp20260116160945_NCDK_conventional_converted_dev_1,False,False,51,0,0.00,1.00,null,null,null,-1.00,-1.00,-0.144,834.49,P Carly RT Mix 4p4 2Xdil 4_GC1_01_66464,631382,877409,802766,821388,783236.329203125,106089.89255293
52,14.653,585.50012,Unknown,[M+H]+,null,0.75,False,null,null,null,null,null,null,999,False,False,False,Normalized unit: Intensity,False,False,52,0,0.00,null,null,null,null,null,null,null,268.00,P Carly RT Mix 4p4 2Xdil 2_GC1_01_66462,1598336,2331204,2132342,2214927,2069202.37148437,324336.265189999
53,4.938,588.36383,no MS2: PC 20:0,[M+Na]+,null,1.00,False,6.882,588.36359,C28H56NO8P,PC,FQFCSQCHUFDFJL-UHFFFAOYSA-N,O=C(OCC(OC(=O)CCCC)COP(=O)([O-])OCC[N+](C)(C)C)CCCCCCCCCCCCCC,530,False,True,False,Normalized unit: Intensity; Annotation method: Msp20260116160945_NCDK_conventional_converted_dev_1,False,False,53,0,0.00,1.00,null,null,null,-1.00,-1.00,-0.143,1925.50,P Carly RT Mix 4p4 2Xdil 1_GC1_01_66461,1409199,1921773,1862429,1905951,1774838.06429688,245047.361874493
54,13.093,588.49994,no MS2: Cer 37:4;O4|Cer 13:1;O3/24:3(2OH),[M+H-H2O]+,null,0.25,False,8.523,588.49860,C37H67NO5,Cer_AP,GGNPIEIGNCJILT-UHFFFAOYSA-N,O=C(NC(CO)C(O)C(O)CCCC=CCCCC)C(O)CCCCCCCC=CCC=CCC=CCCCCCCC,530,False,True,False,Normalized unit: Intensity; Annotation method: Msp20260116160945_NCDK_conventional_converted_dev_1,False,False,54,0,0.00,0.97,null,null,null,-1.00,-1.00,-0.156,327.15,P Carly RT Mix 4p4 2Xdil 2_GC1_01_66462,350846,494328,473792,483667,450658.371578125,67067.9790570421
55,15.570,589.53064,Unknown,[M+H]+,null,1.00,False,null,null,null,null,null,null,999,False,False,False,Normalized unit: Intensity,False,False,55,0,0.00,null,null,null,null,null,null,null,501.27,P Carly RT Mix 4p4 2Xdil 1_GC1_01_66461,898395,866083,848433,861885,868699.046281249,21180.4465344707
56,13.077,593.45526,no MS2: SL 31:1;O2|SL 12:1;O/19:0;O,[M+NH4]+,null,0.75,False,7.771,593.45581,C31H61NO6S,SL,GOKYMVJWAYZSHR-UHFFFAOYSA-N,O=C(N(CC(O)C=CCCCCCCC)CS(=O)(=O)O)C(O)CCCCCCCCCCCCCCCCC,530,False,True,False,Normalized unit: Intensity; Annotation method: Msp20260116160945_NCDK_conventional_converted_dev_1,False,False,56,0,0.00,1.00,null,null,null,-1.00,-1.00,-0.145,324.32,P Carly RT Mix 4p4 2Xdil 2_GC1_01_66462,487959,651993,605197,640658,596451.7131875,75024.7263798705
57,5.806,594.41339,no MS2: DMPE 23:0|DMPE 18:0_5:0,[M+H]+,null,1.00,False,7.439,594.41290,C30H60NO8P,DMPE,BIDVNWJRCAHERY-UHFFFAOYSA-N,O=C(OCC(OC(=O)CCCC)COP(=O)(O)OCCN(C)C)CCCCCCCCCCCCCCCCC,530,False,True,False,Normalized unit: Intensity; Annotation method: Msp20260116160945_NCDK_conventional_converted_dev_1,False,False,57,0,0.00,1.00,null,null,null,-1.00,-1.00,-0.143,70783.75,P Carly RT Mix 4p4 2Xdil 1_GC1_01_66461,41995338,53818323,51958955,53317331,50272486.4926719,5573729.9647729
58,5.806,594.54956,no MS2: Cer 37:1;O4|Cer 12:1;O3/25:0(2OH),[M+H-H2O]+,null,1.00,False,9.844,594.54559,C37H73NO5,Cer_AP,RUEOUTPJRGEUDQ-UHFFFAOYSA-N,O=C(NC(CO)C(O)C(O)CCCC=CCCC)C(O)CCCCCCCCCCCCCCCCCCCCCCC,530,False,True,False,Normalized unit: Intensity; Annotation method: Msp20260116160945_NCDK_conventional_converted_dev_1,False,False,58,0,0.00,0.82,null,null,null,-1.00,-1.00,-0.235,1179.55,P Carly RT Mix 4p4 2Xdil 1_GC1_01_66461,526752,715300,694895,712989,662484.264406251,90946.888281629
59,5.806,594.65143,Unknown,[M+H]+,null,1.00,False,null,null,null,null,null,null,999,False,False,False,Normalized unit: Intensity,False,False,59,0,0.00,null,null,null,null,null,null,null,1660.00,P Carly RT Mix 4p4 2Xdil 2_GC1_01_66462,522238,713362,678390,694962,652237.930171876,87835.8296581589
60,5.806,595.00012,Unknown,[M+H]+,null,1.00,False,null,null,null,null,null,null,999,False,False,False,Normalized unit: Intensity,False,False,60,0,0.00,null,null,null,null,null,null,null,2295.26,P Carly RT Mix 4p4 2Xdil 2_GC1_01_66462,1197784,1581182,1528857,1556591,1466103.67842188,180152.240469504
61,14.359,595.47046,no MS2: SL 31:0;O2|SL 12:0;O/19:0;O,[M+NH4]+,null,0.75,False,8.038,595.47137,C31H63NO6S,SL,NASMRBIRMOZDRH-UHFFFAOYSA-N,O=C(N(CC(O)CCCCCCCCC)CS(=O)(=O)O)C(O)CCCCCCCCCCCCCCCCC,530,False,True,False,Normalized unit: Intensity; Annotation method: Msp20260116160945_NCDK_conventional_converted_dev_1,False,False,61,0,0.00,0.99,null,null,null,-1.00,-1.00,-0.149,207.03,P Carly RT Mix 4p4 2Xdil 2_GC1_01_66462,1480586,1261957,1189206,1850825,1445643.80509375,297149.854308783
62,4.123,596.40369,no MS2: LPE O-28:6,[M+H]+,null,1.00,False,7.107,596.40747,C33H58NO6P,EtherLPE,UICLDFAWUHSXMO-UHFFFAOYSA-N,O=P(O)(OCCN)OCC(O)COCCCCCCCCCC=CCC=CCC=CCC=CCC=CCC=CCC,530,False,True,False,Normalized unit: Intensity; Annotation method: Msp20260116160945_NCDK_conventional_converted_dev_1,False,False,62,0,0.00,0.89,null,null,null,-1.00,-1.00,-0.200,1106.52,P Carly RT Mix 4p4 2Xdil 4_GC1_01_66464,794616,1097361,1027170,1050154,992325.157593749,135005.911324451
63,16.990,597.54510,Unknown,[M+H]+,null,1.00,False,null,null,null,null,null,null,999,False,False,False,Normalized unit: Intensity,False,False,63,0,0.00,null,null,null,null,null,null,null,11755.51,P Carly RT Mix 4p4 2Xdil 2_GC1_01_66462,9285776,12298602,11776868,12138600,11374961.6622031,1409784.99914357
64,14.657,599.51544,Unknown,[M+H]+,null,1.00,False,null,null,null,null,null,null,999,False,False,False,Normalized unit: Intensity,False,False,64,0,0.00,null,null,null,null,null,null,null,829.15,P Carly RT Mix 4p4 2Xdil 2_GC1_01_66462,9541128,8973872,11980113,12154430,10662385.595125,1640213.03976003
65,13.150,604.49445,no MS2: RIKEN P-VS1 ID-5876 from Mouse_Feces_WT_N_Ctr,[M+NH4]+,null,1.00,False,8.390,604.49408,null,Unknown,null,null,530,False,True,False,Normalized unit: Intensity; Annotation method: Msp20260116160945_NCDK_conventional_converted_dev_1,False,False,65,0,0.00,1.00,null,null,null,-1.00,-1.00,-0.129,452.79,P Carly RT Mix 4p4 2Xdil 2_GC1_01_66462,663690,953877,902262,927658,861871.766609375,133791.02310997
66,17.990,607.56592,no MS2: RIKEN P-VS1 ID-5931 from Mouse_Macrophage_WT_N_F1AA,[M+H]+,null,1.00,False,13.200,607.56232,null,Unknown,null,null,530,False,True,False,Normalized unit: Intensity; Annotation method: Msp20260116160945_NCDK_conventional_converted_dev_1,False,False,66,0,0.00,0.85,null,null,null,-1.00,-1.00,-0.194,54042.59,P Carly RT Mix 4p4 2Xdil 4_GC1_01_66464,32493104,44690355,42303999,43747478,40808733.8116093,5629941.25211741
67,17.995,607.70300,Unknown,[M+H]+,null,1.00,False,null,null,null,null,null,null,999,False,False,False,Normalized unit: Intensity,False,False,67,0,0.00,null,null,null,null,null,null,null,1662.12,P Carly RT Mix 4p4 2Xdil 2_GC1_01_66462,453133,721414,660222,695778,632637.093765624,122271.170890198
68,17.995,607.80450,Unknown,[M+H]+,null,1.00,False,null,null,null,null,null,null,999,False,False,False,Normalized unit: Intensity,False,False,68,0,0.00,null,null,null,null,null,null,null,1258.73,P Carly RT Mix 4p4 2Xdil 2_GC1_01_66462,466940,686945,663332,688872,626522.403234374,107019.840992587
69,17.990,608.16003,Unknown,[M+H]+,null,1.00,False,null,null,null,null,null,null,999,False,False,False,Normalized unit: Intensity,False,False,69,0,0.00,null,null,null,null,null,null,null,2417.79,P Carly RT Mix 4p4 2Xdil 2_GC1_01_66462,692519,1053084,995530,1044808,946485.176828124,171206.145601365
70,13.163,609.44977,no MS2: DG 34:5,[M+Na]+,null,1.00,False,9.111,609.44891,C37H62O5,DG,ISLIFCNTWVJFNJ-UHFFFAOYSA-N,O=C(OCC(OC(=O)CCCCCCCCCC=CCC=CCC=CCC=CCC=CCC)CO)CCCCCCC,530,False,True,False,Normalized unit: Intensity; Annotation method: Msp20260116160945_NCDK_conventional_converted_dev_1,False,False,70,0,0.00,1.00,null,null,null,-1.00,-1.00,-0.143,494.57,P Carly RT Mix 4p4 2Xdil 3_GC1_01_66463,655485,894269,822438,854937,806782.346828125,105053.555079053
71,14.774,611.51538,Unknown,[M+H]+,null,1.00,False,null,null,null,null,null,null,999,False,False,False,Normalized unit: Intensity,False,False,71,0,0.00,null,null,null,null,null,null,null,210.95,P Carly RT Mix 4p4 2Xdil 2_GC1_01_66462,610422,827715,798320,808133,761147.253890624,101223.774451767
72,13.579,612.49933,no MS2: Cer 39:6;O4|Cer 13:1;O3/26:5(2OH),[M+H-H2O]+,null,0.75,False,9.126,612.49860,C39H67NO5,Cer_AP,HPBWSLZHQNQFGH-UHFFFAOYSA-N,O=C(NC(CO)C(O)C(O)CCCC=CCCCC)C(O)CCCCCCCCC=CCC=CCC=CCC=CCC=CCC,530,False,True,False,Normalized unit: Intensity; Annotation method: Msp20260116160945_NCDK_conventional_converted_dev_1,False,False,72,0,0.00,1.00,null,null,null,-1.00,-1.00,-0.145,290.66,P Carly RT Mix 4p4 2Xdil 3_GC1_01_66463,487339,688251,655184,651883,620664.163171875,90387.4596851188
73,14.856,612.49976,no MS2: Cer 39:6;O4|Cer 13:1;O3/26:5(2OH),[M+H-H2O]+,null,1.00,False,9.126,612.49860,C39H67NO5,Cer_AP,HPBWSLZHQNQFGH-UHFFFAOYSA-N,O=C(NC(CO)C(O)C(O)CCCC=CCCCC)C(O)CCCCCCCCC=CCC=CCC=CCC=CCC=CCC,530,False,True,False,Normalized unit: Intensity; Annotation method: Msp20260116160945_NCDK_conventional_converted_dev_1,False,False,73,0,0.00,1.00,null,null,null,-1.00,-1.00,-0.143,521.36,P Carly RT Mix 4p4 2Xdil 4_GC1_01_66464,519566,759099,699405,738119,679047.076609376,109157.903905055
74,14.895,613.52985,Unknown,[M+H]+,null,1.00,False,null,null,null,null,null,null,999,False,False,False,Normalized unit: Intensity,False,False,74,0,0.00,null,null,null,null,null,null,null,662.74,P Carly RT Mix 4p4 2Xdil 4_GC1_01_66464,606281,842358,779201,833951,765447.750984375,109743.765345822
75,12.332,614.52576,Unknown,[M+H]+,null,1.00,False,null,null,null,null,null,null,999,False,False,False,Normalized unit: Intensity,False,False,75,0,0.00,null,null,null,null,null,null,null,337.17,P Carly RT Mix 4p4 2Xdil 2_GC1_01_66462,724900,1010828,935485,962425,908409.73659375,126248.405571463
76,16.990,614.57190,no MS2: Cer 37:0;O4|Cer 12:0;O3/25:0(2OH),[M+H]+,null,1.00,False,9.921,614.57178,C37H75NO5,Cer_AP,NUDZJDBCWPEIMF-UHFFFAOYSA-N,O=C(NC(CO)C(O)C(O)CCCCCCCC)C(O)CCCCCCCCCCCCCCCCCCCCCCC,530,False,True,False,Normalized unit: Intensity; Annotation method: Msp20260116160945_NCDK_conventional_converted_dev_1,False,False,76,0,0.00,1.00,null,null,null,-1.00,-1.00,-0.143,80504.05,P Carly RT Mix 4p4 2Xdil 2_GC1_01_66462,52596682,67114458,65221932,66611403,62886118.6220625,6906159.9152079
77,16.990,614.71069,Unknown,[M+NH4]+,null,1.00,False,null,null,null,null,null,null,999,False,False,False,Normalized unit: Intensity,False,False,77,0,0.00,null,null,null,null,null,null,null,2093.14,P Carly RT Mix 4p4 2Xdil 4_GC1_01_66464,734656,1036308,997272,1040650,952221.24084375,146349.525426255
78,16.990,614.81409,Unknown,[M+NH4]+,null,1.00,False,null,null,null,null,null,null,999,False,False,False,Normalized unit: Intensity,False,False,78,0,0.00,null,null,null,null,null,null,null,1211.76,P Carly RT Mix 4p4 2Xdil 2_GC1_01_66462,700394,937260,900946,933019,867904.740984375,112844.323748532
79,16.990,615.16925,Unknown,[M+H]+,null,1.00,False,null,null,null,null,null,null,999,False,False,False,Normalized unit: Intensity,False,False,79,0,0.00,null,null,null,null,null,null,null,4335.34,P Carly RT Mix 4p4 2Xdil 4_GC1_01_66464,1363830,1842994,1784918,1851678,1710854.89825,233240.757896299
80,13.367,615.51019,no MS2: SE 28:3/13:0,[M+Na]+,null,1.00,False,13.837,615.51123,C41H68O2,EGSE,XJVFESQHVSZTEG-UHFFFAOYSA-N,O=C(OC1CC2=CC=C3C(CCC4(C)C3CCC4C(C=CC(C)C(C)C)C)C2(C)CC1)CCCCCCCCCCCC,530,False,True,False,Normalized unit: Intensity; Annotation method: Msp20260116160945_NCDK_conventional_converted_dev_1,False,False,80,0,0.00,0.99,null,null,null,-1.00,-1.00,-0.150,237.87,P Carly RT Mix 4p4 2Xdil 2_GC1_01_66462,728692,1063318,995153,1027957,953780.008296875,152618.101298645
81,5.806,616.39502,no MS2: PC 22:0,[M+Na]+,null,1.00,False,7.456,616.39490,C30H60NO8P,PC,ILDZIBMDHOBSCW-UHFFFAOYSA-N,O=C(OCC(OC(=O)CCCC)COP(=O)([O-])OCC[N+](C)(C)C)CCCCCCCCCCCCCCCC,530,False,True,False,Normalized unit: Intensity; Annotation method: Msp20260116160945_NCDK_conventional_converted_dev_1,False,False,81,0,0.00,1.00,null,null,null,-1.00,-1.00,-0.143,2150.38,P Carly RT Mix 4p4 2Xdil 2_GC1_01_66462,2046033,2774409,2668078,2719276,2551948.97909375,340060.622639753
82,16.990,619.52734,no MS2: DG 34:0,[M+Na]+,null,1.00,False,12.929,619.52722,C37H72O5,DG,SSJMMYPUZPYGQU-UHFFFAOYSA-N,O=C(OCC(OC(=O)CCCCCCC)CO)CCCCCCCCCCCCCCCCCCCCCCCCC,530,False,True,False,Normalized unit: Intensity; Annotation method: Msp20260116160945_NCDK_conventional_converted_dev_1,False,False,82,0,0.00,1.00,null,null,null,-1.00,-1.00,-0.143,4698.42,P Carly RT Mix 4p4 2Xdil 4_GC1_01_66464,7297751,7634217,7631902,7742572,7576610.44350001,192943.359017174
83,6.847,622.44440,no MS2: DMPE 25:0|DMPE 20:0_5:0,[M+H]+,null,1.00,False,7.591,622.44421,C32H64NO8P,DMPE,KMJQEIDGTJZSPO-UHFFFAOYSA-N,O=C(OCC(OC(=O)CCCC)COP(=O)(O)OCCN(C)C)CCCCCCCCCCCCCCCCCCC,530,False,True,False,Normalized unit: Intensity; Annotation method: Msp20260116160945_NCDK_conventional_converted_dev_1,False,False,83,0,0.00,1.00,null,null,null,-1.00,-1.00,-0.143,67150.30,P Carly RT Mix 4p4 2Xdil 2_GC1_01_66462,48693517,61555094,59581350,60246748,57519177.4320626,5940625.92833011
84,6.844,622.58368,Unknown,[M+H]+,null,0.75,False,null,null,null,null,null,null,999,False,False,False,Normalized unit: Intensity,False,False,84,0,0.00,null,null,null,null,null,null,null,1372.16,P Carly RT Mix 4p4 2Xdil 2_GC1_01_66462,577026,833653,789235,813482,753349.062812501,118942.870963004
85,6.847,622.68781,Unknown,[M+H]+,null,1.00,False,null,null,null,null,null,null,999,False,False,False,Normalized unit: Intensity,False,False,85,0,0.00,null,null,null,null,null,null,null,1587.04,P Carly RT Mix 4p4 2Xdil 4_GC1_01_66464,623903,814144,775011,819567,758156.356296876,91676.9729062982
86,6.847,623.04510,Unknown,[M+H]+,null,1.00,False,null,null,null,null,null,null,999,False,False,False,Normalized unit: Intensity,False,False,86,0,0.00,null,null,null,null,null,null,null,4292.62,P Carly RT Mix 4p4 2Xdil 4_GC1_01_66464,1249137,1722028,1643667,1725937,1585192.23782813,227218.999906587
87,4.938,624.43512,Unknown,[M+H]+,null,1.00,False,null,null,null,null,null,null,999,False,False,False,Normalized unit: Intensity,False,False,87,0,0.00,null,null,null,null,null,null,null,2322.81,P Carly RT Mix 4p4 2Xdil 3_GC1_01_66463,822471,1151238,1105237,1132533,1052869.99435938,154756.110663977
88,15.536,625.53088,Unknown,[M+H]+,null,1.00,False,null,null,null,null,null,null,999,False,False,False,Normalized unit: Intensity,False,False,88,0,0.00,null,null,null,null,null,null,null,1325.69,P Carly RT Mix 4p4 2Xdil 2_GC1_01_66462,1815603,2496901,2321095,2348759,2245589.688375,296867.481402385
89,17.995,625.57648,Unknown,[M+H]+,null,1.00,False,null,null,null,null,null,null,999,False,False,False,Normalized unit: Intensity,False,False,89,0,0.00,null,null,null,null,null,null,null,15649.54,P Carly RT Mix 4p4 2Xdil 2_GC1_01_66462,8532753,11456653,10961029,11240624,10547764.7321875,1358576.88537325
90,15.756,629.52606,no MS2: SE 28:3/14:0,[M+Na]+,null,1.00,False,14.079,629.52679,C42H70O2,EGSE,ZMSIDIYWEIWYIZ-UHFFFAOYSA-N,O=C(OC1CC2=CC=C3C(CCC4(C)C3CCC4C(C=CC(C)C(C)C)C)C2(C)CC1)CCCCCCCCCCCCC,530,False,True,False,Normalized unit: Intensity; Annotation method: Msp20260116160945_NCDK_conventional_converted_dev_1,False,False,90,0,0.00,0.99,null,null,null,-1.00,-1.00,-0.146,582.22,P Carly RT Mix 4p4 2Xdil 3_GC1_01_66463,791889,1010841,961061,987655,937861.521015626,99417.4128832223
91,13.427,630.50958,no MS2: Cer 39:6;O4|Cer 13:1;O3/26:5(2OH),[M+NH4]+,null,1.00,False,9.126,630.50922,C39H67NO5,Cer_AP,HPBWSLZHQNQFGH-UHFFFAOYSA-N,O=C(NC(CO)C(O)C(O)CCCC=CCCCC)C(O)CCCCCCCCC=CCC=CCC=CCC=CCC=CCC,530,False,True,False,Normalized unit: Intensity; Annotation method: Msp20260116160945_NCDK_conventional_converted_dev_1,False,False,91,0,0.00,1.00,null,null,null,-1.00,-1.00,-0.143,446.88,P Carly RT Mix 4p4 2Xdil 4_GC1_01_66464,683649,963085,915022,928815,872642.91246875,127605.692909265
92,14.446,631.54175,no MS2: VAE 22:0,[M+Na]+,null,0.50,False,14.412,631.54248,C42H72O2,VAE,YYLPDZSLHKPIGI-UHFFFAOYSA-N,O=C(OCC=C(C=CC=C(C=CC1=C(C)CCCC1(C)C)C)C)CCCCCCCCCCCCCCCCCCCCC,530,False,True,False,Normalized unit: Intensity; Annotation method: Msp20260116160945_NCDK_conventional_converted_dev_1,False,False,92,0,0.00,1.00,null,null,null,-1.00,-1.00,-0.145,215.96,P Carly RT Mix 4p4 2Xdil 3_GC1_01_66463,924616,1239936,1130871,1904946,1300092.328875,423904.635983384
93,14.861,634.48145,no MS2: PC O-26:1|PC O-8:0_18:1,[M+H]+,null,0.75,False,7.937,634.48059,C34H68NO7P,EtherPC,AWODWRAAWVAUGL-UHFFFAOYSA-N,O=C(OC(COCCCCCCCC)COP(=O)([O-])OCC[N+](C)(C)C)CCCCCCCC=CCCCCCCCC,530,False,True,False,Normalized unit: Intensity; Annotation method: Msp20260116160945_NCDK_conventional_converted_dev_1,False,False,93,0,0.00,1.00,null,null,null,-1.00,-1.00,-0.143,119.91,P Carly RT Mix 4p4 2Xdil 4_GC1_01_66464,486281,629123,578012,592124,571385.062546875,60691.5362119267
94,13.427,635.46490,no MS2: DG 36:6,[M+Na]+,null,1.00,False,9.151,635.46460,C39H64O5,DG,MIZLVTMVPBPVTL-UHFFFAOYSA-N,O=C(OCC(OC(=O)CCCCCCCCC=CCC=CCC=CCC=CCC=CCC=CCC)CO)CCCCCCC,530,False,True,False,Normalized unit: Intensity; Annotation method: Msp20260116160945_NCDK_conventional_converted_dev_1,False,False,94,0,0.00,1.00,null,null,null,-1.00,-1.00,-0.143,236.57,P Carly RT Mix 4p4 2Xdil 3_GC1_01_66463,654534,821895,765851,774768,754262.16334375,70886.7488538036
95,17.233,638.55017,no MS2: Cer 42:6;O3|Cer 12:0;O2/30:6;O,[M+H-H2O]+,null,1.00,False,10.838,638.55072,C42H73NO4,Cer_HDS,RFQLSHVIAAYHFN-UHFFFAOYSA-N,O=C(NC(CO)C(O)CCCCCCCCC)C(O)CCCCCCCCCC=CCC=CCC=CCC=CCC=CCC=CCC,530,False,True,False,Normalized unit: Intensity; Annotation method: Msp20260116160945_NCDK_conventional_converted_dev_1,False,False,95,0,0.00,1.00,null,null,null,-1.00,-1.00,-0.143,394.49,P Carly RT Mix 4p4 2Xdil 1_GC1_01_66461,394311,540443,510263,523002,492004.646625,66293.7948195492
96,14.466,640.53064,no MS2: Cer 41:6;O4|Cer 13:1;O3/28:5(2OH),[M+H-H2O]+,null,1.00,False,9.463,640.52991,C41H71NO5,Cer_AP,RUFAUONCBRDHJF-UHFFFAOYSA-N,O=C(NC(CO)C(O)C(O)CCCC=CCCCC)C(O)CCCCCCCCCCC=CCC=CCC=CCC=CCC=CCC,530,False,True,False,Normalized unit: Intensity; Annotation method: Msp20260116160945_NCDK_conventional_converted_dev_1,False,False,96,0,0.00,0.99,null,null,null,-1.00,-1.00,-0.146,503.24,P Carly RT Mix 4p4 2Xdil 4_GC1_01_66464,817210,967989,945169,1153991,971089.80065625,138820.68722092
97,16.990,641.58319,no MS2: NAGly 36:1;O2|NAGly 8:0;O(FA 28:0),[M+NH4]+,null,1.00,False,11.737,641.58270,C38H73NO5,NAGly,PPSRXUPCRPPAKT-UHFFFAOYSA-N,O=C(O)CNC(=O)CCCC(OC(=O)CCCCCCCCCCCCCCCCCCCCCCCCCCC)CCC,530,False,True,False,Normalized unit: Intensity; Annotation method: Msp20260116160945_NCDK_conventional_converted_dev_1,False,False,97,0,0.00,1.00,null,null,null,-1.00,-1.00,-0.143,2350.59,P Carly RT Mix 4p4 2Xdil 2_GC1_01_66462,3772709,3968905,3954090,4030598,3931575.52804688,110972.045514631
98,17.995,642.60345,no MS2: Cer 39:0;O4|Cer 12:0;O3/27:0(2OH),[M+H]+,null,1.00,False,10.890,642.60309,C39H79NO5,Cer_AP,UVJIZYHAMUHMSR-UHFFFAOYSA-N,O=C(NC(CO)C(O)C(O)CCCCCCCC)C(O)CCCCCCCCCCCCCCCCCCCCCCCCC,530,False,True,False,Normalized unit: Intensity; Annotation method: Msp20260116160945_NCDK_conventional_converted_dev_1,False,False,98,0,0.00,1.00,null,null,null,-1.00,-1.00,-0.144,59431.45,P Carly RT Mix 4p4 2Xdil 2_GC1_01_66462,66277956,82618539,79907536,81194935,77499741.7183124,7562682.27206061
99,17.995,642.74451,Unknown,[M+H]+,null,1.00,False,null,null,null,null,null,null,999,False,False,False,Normalized unit: Intensity,False,False,99,0,0.00,null,null,null,null,null,null,null,1859.57,P Carly RT Mix 4p4 2Xdil 2_GC1_01_66462,998948,1361933,1284469,1339314,1246166.03635937,167990.312119248
100,17.995,642.85132,Unknown,[M+H]+,null,1.00,False,null,null,null,null,null,null,999,False,False,False,Normalized unit: Intensity,False,False,100,0,0.00,null,null,null,null,null,null,null,1475.64,P Carly RT Mix 4p4 2Xdil 2_GC1_01_66462,941453,1231045,1172345,1201136,1136494.93132812,132217.757371914
101,17.995,642.96167,Unknown,[M+H]+,null,0.75,False,null,null,null,null,null,null,999,False,False,False,Normalized unit: Intensity,False,False,101,0,0.00,null,null,null,null,null,null,null,962.62,P Carly RT Mix 4p4 2Xdil 2_GC1_01_66462,269611,429599,406348,424898,382613.860734375,76001.1719958859
102,17.995,643.21375,Unknown,[M+H]+,null,1.00,False,null,null,null,null,null,null,999,False,False,False,Normalized unit: Intensity,False,False,102,0,0.00,null,null,null,null,null,null,null,5696.16,P Carly RT Mix 4p4 2Xdil 2_GC1_01_66462,1836859,2514089,2348810,2445946,2286425.75154687,307289.005919017
103,6.847,644.42603,no MS2: PC 24:0,[M+Na]+,null,1.00,False,7.648,644.42621,C32H64NO8P,PC,OAWBCSUVFHGGHW-UHFFFAOYSA-N,O=C(OCC(OC(=O)CCCC)COP(=O)([O-])OCC[N+](C)(C)C)CCCCCCCCCCCCCCCCCC,530,False,True,False,Normalized unit: Intensity; Annotation method: Msp20260116160945_NCDK_conventional_converted_dev_1,False,False,103,0,0.00,1.00,null,null,null,-1.00,-1.00,-0.143,6017.54,P Carly RT Mix 4p4 2Xdil 3_GC1_01_66463,2484610,3441369,3306520,3350299,3145699.59203125,444290.926203225
104,18.185,645.56049,no MS2: SE 28:4/17:1,[M+H]+,null,1.00,False,14.333,645.56049,C45H72O2,DEGSE,PWVHPMJHUOHTEN-UHFFFAOYSA-N,O=C(OC1CC2=CC=C3C(=CCC4(C)C3CCC4C(C=CC(C)C(C)C)C)C2(C)CC1)CCCCCCCC=CCCCCCCC,530,False,True,False,Normalized unit: Intensity; Annotation method: Msp20260116160945_NCDK_conventional_converted_dev_1,False,False,104,0,0.00,1.00,null,null,null,-1.00,-1.00,-0.143,1181.36,P Carly RT Mix 4p4 2Xdil 2_GC1_01_66462,907400,1232521,1163660,1226587,1132542.2025,153294.450758284
105,16.662,645.56055,no MS2: SE 28:4/17:1,[M+H]+,null,0.75,False,14.333,645.56049,C45H72O2,DEGSE,PWVHPMJHUOHTEN-UHFFFAOYSA-N,O=C(OC1CC2=CC=C3C(=CCC4(C)C3CCC4C(C=CC(C)C(C)C)C)C2(C)CC1)CCCCCCCC=CCCCCCCC,530,False,True,False,Normalized unit: Intensity; Annotation method: Msp20260116160945_NCDK_conventional_converted_dev_1,False,False,105,0,0.00,1.00,null,null,null,-1.00,-1.00,-0.143,273.65,P Carly RT Mix 4p4 2Xdil 2_GC1_01_66462,445017,628142,597040,595837,566508.908562501,82363.6374494676
106,17.254,647.45807,Unknown,[M+H]+,null,1.00,False,null,null,null,null,null,null,999,False,False,False,Normalized unit: Intensity,False,False,106,0,0.00,null,null,null,null,null,null,null,224.79,P Carly RT Mix 4p4 2Xdil 1_GC1_01_66461,864540,792548,846825,830003,833479.09715625,30715.6075779314
107,17.995,647.55835,no MS2: RIKEN P-VS1 ID-6769 from Mouse_Macrophage_WT_N_F1,[M+H]+,null,1.00,False,13.200,647.55670,null,Unknown,null,null,530,False,True,False,Normalized unit: Intensity; Annotation method: Msp20260116160945_NCDK_conventional_converted_dev_1,False,False,107,0,0.00,0.97,null,null,null,-1.00,-1.00,-0.141,2118.04,P Carly RT Mix 4p4 2Xdil 2_GC1_01_66462,7681344,8332227,8199136,8319408,8133028.95804687,307032.413854737
108,18.186,647.57562,no MS2: SE 28:4/17:0,[M+H]+,null,0.75,False,14.344,647.57617,C45H74O2,DEGSE,SMBKRNCNALQNLI-UHFFFAOYSA-N,O=C(OC1CC2=CC=C3C(=CCC4(C)C3CCC4C(C=CC(C)C(C)C)C)C2(C)CC1)CCCCCCCCCCCCCCCC,530,False,True,False,Normalized unit: Intensity; Annotation method: Msp20260116160945_NCDK_conventional_converted_dev_1,False,False,108,0,0.00,1.00,null,null,null,-1.00,-1.00,-0.143,733.06,P Carly RT Mix 4p4 2Xdil 3_GC1_01_66463,2029044,2777222,2681159,2760967,2562097.98139062,357840.279307509
109,13.514,649.56702,Unknown,[M+H]+,null,1.00,False,null,null,null,null,null,null,999,False,False,False,Normalized unit: Intensity,False,False,109,0,0.00,null,null,null,null,null,null,null,826.15,P Carly RT Mix 4p4 2Xdil 2_GC1_01_66462,1257879,1790793,1712777,1739064,1625128.33196875,246968.703404772
110,18.653,649.59100,no MS2: SE 28:3/17:0,[M+H]+,null,0.50,False,14.427,649.59180,C45H76O2,EGSE,VGUZMPDGGYQYST-UHFFFAOYSA-N,O=C(OC1CC2=CC=C3C(CCC4(C)C3CCC4C(C=CC(C)C(C)C)C)C2(C)CC1)CCCCCCCCCCCCCCCC,530,False,True,False,Normalized unit: Intensity; Annotation method: Msp20260116160945_NCDK_conventional_converted_dev_1,False,False,110,0,0.00,0.99,null,null,null,-1.00,-1.00,-0.147,269.18,P Carly RT Mix 4p4 2Xdil 2_GC1_01_66462,406625,587514,550687,578432,530814.47790625,84261.8283754223
111,21.155,649.59161,no MS2: SE 28:3/17:0,[M+H]+,null,1.00,False,14.427,649.59180,C45H76O2,EGSE,VGUZMPDGGYQYST-UHFFFAOYSA-N,O=C(OC1CC2=CC=C3C(CCC4(C)C3CCC4C(C=CC(C)C(C)C)C)C2(C)CC1)CCCCCCCCCCCCCCCC,530,False,True,False,Normalized unit: Intensity; Annotation method: Msp20260116160945_NCDK_conventional_converted_dev_1,False,False,111,0,0.00,1.00,null,null,null,-1.00,-1.00,-0.143,544.34,P Carly RT Mix 4p4 2Xdil 3_GC1_01_66463,662443,841005,821834,851536,794204.419890626,88696.982230375
112,8.093,650.47601,no MS2: DMPE 27:0|DMPE 22:0_5:0,[M+H]+,null,1.00,False,8.318,650.47552,C34H68NO8P,DMPE,UEFONBQBHFDUCB-UHFFFAOYSA-N,O=C(OCC(OC(=O)CCCC)COP(=O)(O)OCCN(C)C)CCCCCCCCCCCCCCCCCCCCC,530,False,True,False,Normalized unit: Intensity; Annotation method: Msp20260116160945_NCDK_conventional_converted_dev_1,False,False,112,0,0.00,1.00,null,null,null,-1.00,-1.00,-0.143,40282.82,P Carly RT Mix 4p4 2Xdil 4_GC1_01_66464,50347807,65595470,63758392,64850376,61138011.3090156,7232922.06941377
113,8.093,650.61829,Unknown,[M+2H]2+,null,1.00,False,null,null,null,null,null,null,999,False,False,False,Normalized unit: Intensity,False,False,113,0,0.00,null,null,null,null,null,null,null,892.98,P Carly RT Mix 4p4 2Xdil 2_GC1_01_66462,563023,839632,798074,816700,754356.965921875,128683.501590539
114,8.093,650.72522,Unknown,[M+H]+,null,1.00,False,null,null,null,null,null,null,999,False,False,False,Normalized unit: Intensity,False,False,114,0,0.00,null,null,null,null,null,null,null,1511.18,P Carly RT Mix 4p4 2Xdil 2_GC1_01_66462,608038,854397,825242,847756,783858.18190625,117875.887329759
115,21.597,651.60718,no MS2: VAE 25:0,[M+H]+,null,1.00,False,14.642,651.60748,C45H78O2,VAE,HJYFPBYXTPMOIB-UHFFFAOYSA-N,O=C(OCC=C(C=CC=C(C=CC1=C(C)CCCC1(C)C)C)C)CCCCCCCCCCCCCCCCCCCCCCCC,530,False,True,False,Normalized unit: Intensity; Annotation method: Msp20260116160945_NCDK_conventional_converted_dev_1,False,False,115,0,0.00,1.00,null,null,null,-1.00,-1.00,-0.143,315.53,P Carly RT Mix 4p4 2Xdil 1_GC1_01_66461,545540,641877,640625,634535,615644.313374999,46846.0003634195
116,8.089,652.09363,Unknown,[M+H]+,null,0.75,False,null,null,null,null,null,null,999,False,False,False,Normalized unit: Intensity,False,False,116,0,0.00,null,null,null,null,null,null,null,1224.72,P Carly RT Mix 4p4 2Xdil 2_GC1_01_66462,228945,399982,379678,381153,347439.500203125,79535.2340196506
117,5.806,652.46649,no MS2: SL 37:5;O2|SL 13:1;O/24:4;O,[M+H]+,null,1.00,False,8.607,652.46051,C37H65NO6S,SL,LPWZXROKWALVIN-UHFFFAOYSA-N,O=C(N(CC(O)C=CCCCCCCCC)CS(=O)(=O)O)C(O)CCCCCCCCCC=CCC=CCC=CCC=CCC,530,False,True,False,Normalized unit: Intensity; Annotation method: Msp20260116160945_NCDK_conventional_converted_dev_1,False,False,117,0,0.00,0.71,null,null,null,-1.00,-1.00,-0.289,826.12,P Carly RT Mix 4p4 2Xdil 1_GC1_01_66461,1474296,2060045,1953763,2017605,1876427.05698438,271623.090347915
118,17.722,652.56598,no MS2: RIKEN P-VS1 ID-6861 from Mouse_AdrenalGlands_WT_N_Ctr,[M+H]+,null,1.00,False,13.440,652.56500,null,Unknown,null,null,530,False,True,False,Normalized unit: Intensity; Annotation method: Msp20260116160945_NCDK_conventional_converted_dev_1,False,False,118,0,0.00,0.99,null,null,null,-1.00,-1.00,-0.132,911.76,P Carly RT Mix 4p4 2Xdil 1_GC1_01_66461,1308793,1814664,1732739,1788604,1661200.30326563,237410.816367924
119,13.579,653.52600,no MS2: SE 28:4/16:1,[M+Na]+,null,1.00,False,13.967,653.52679,C44H70O2,DEGSE,QAVIHJZUVLMUKS-UHFFFAOYSA-N,O=C(OC1CC2=CC=C3C(=CCC4(C)C3CCC4C(C=CC(C)C(C)C)C)C2(C)CC1)CCCCCCCC=CCCCCCC,530,False,True,False,Normalized unit: Intensity; Annotation method: Msp20260116160945_NCDK_conventional_converted_dev_1,False,False,119,0,0.00,0.99,null,null,null,-1.00,-1.00,-0.147,1836.25,P Carly RT Mix 4p4 2Xdil 2_GC1_01_66462,2187437,2973325,2777407,2909850,2712004.94073438,359109.880655137
120,16.990,655.59833,no MS2: NAGly 37:1;O2|NAGly 9:0;O(FA 28:0),[M+NH4]+,null,1.00,False,12.485,655.59839,C39H75NO5,NAGly,RTPCJAFNLXOFFU-UHFFFAOYSA-N,O=C(O)CNC(=O)CCCC(OC(=O)CCCCCCCCCCCCCCCCCCCCCCCCCCC)CCCC,530,False,True,False,Normalized unit: Intensity; Annotation method: Msp20260116160945_NCDK_conventional_converted_dev_1,False,False,120,0,0.00,1.00,null,null,null,-1.00,-1.00,-0.143,4296.65,P Carly RT Mix 4p4 2Xdil 2_GC1_01_66462,6540029,7202356,7061398,7118410,6980548.37923438,299331.576983211
121,13.094,663.45520,no MS2: RIKEN P-VS1 ID-7082 from Mouse_Macrophage_WT_N_F1AA,[M+H]+,null,1.00,False,9.900,663.45538,null,Unknown,null,null,530,False,True,False,Normalized unit: Intensity; Annotation method: Msp20260116160945_NCDK_conventional_converted_dev_1,False,False,121,0,0.00,1.00,null,null,null,-1.00,-1.00,-0.129,1750.06,P Carly RT Mix 4p4 2Xdil 2_GC1_01_66462,14095614,13856631,15028125,15536103,14629118.3227656,788075.972582757
122,18.484,663.57019,no MS2: RIKEN P-VS1 ID-7095 from Mouse_Muscle_WT_CTX0_Ctr,[M+H]+,null,1.00,False,12.100,663.56897,null,Unknown,null,null,530,False,True,False,Normalized unit: Intensity; Annotation method: Msp20260116160945_NCDK_conventional_converted_dev_1,False,False,122,0,0.00,0.98,null,null,null,-1.00,-1.00,-0.136,1702.35,P Carly RT Mix 4p4 2Xdil 2_GC1_01_66462,7992391,11078466,10436693,10680540,10047022.5286719,1395059.46523752
123,18.185,663.57117,no MS2: SL 37:0;O|SL 12:0;O/25:0,[M+NH4]+,null,1.00,False,10.979,663.57037,C37H75NO5S,SL,GERSZGWKMLRVRK-UHFFFAOYSA-N,O=C(N(CC(O)CCCCCCCCC)CS(=O)(=O)O)CCCCCCCCCCCCCCCCCCCCCCCC,530,False,True,False,Normalized unit: Intensity; Annotation method: Msp20260116160945_NCDK_conventional_converted_dev_1,False,False,123,0,0.00,0.99,null,null,null,-1.00,-1.00,-0.146,628.80,P Carly RT Mix 4p4 2Xdil 2_GC1_01_66462,3145849,4280763,4060865,4189406,3919220.79667188,523411.868360821
124,16.666,663.57117,no MS2: SL 37:0;O|SL 12:0;O/25:0,[M+NH4]+,null,1.00,False,10.979,663.57037,C37H75NO5S,SL,GERSZGWKMLRVRK-UHFFFAOYSA-N,O=C(N(CC(O)CCCCCCCCC)CS(=O)(=O)O)CCCCCCCCCCCCCCCCCCCCCCCC,530,False,True,False,Normalized unit: Intensity; Annotation method: Msp20260116160945_NCDK_conventional_converted_dev_1,False,False,124,0,0.00,0.99,null,null,null,-1.00,-1.00,-0.146,101.33,P Carly RT Mix 4p4 2Xdil 2_GC1_01_66462,816301,1162492,1095431,1124919,1049785.629125,158057.454018715
125,20.696,664.60107,no MS2: SE 28:2/17:2,[M+NH4]+,null,1.00,False,14.133,664.60272,C45H74O2,BRSE,YNGVKVHZBTYWFJ-UHFFFAOYSA-N,O=C(OC1CC2=CCC3C(CCC4(C)C(CCC34)C(C=CC(C)C(C)C)C)C2(C)CC1)CCCCCCCC=CCC=CCCCC,530,False,True,False,Normalized unit: Intensity; Annotation method: Msp20260116160945_NCDK_conventional_converted_dev_1,False,False,125,0,0.00,1.00,null,null,null,-1.00,-1.00,-0.144,411.67,P Carly RT Mix 4p4 2Xdil 3_GC1_01_66463,1117786,1658341,1559505,1596568,1483049.925125,246898.200509367
126,19.311,665.58514,no MS2: NAGly 38:3;O2|NAGly 10:0;O(FA 28:2),[M+NH4]+,null,0.75,False,10.892,665.58270,C40H73NO5,NAGly,FCLGARUURSJBIN-UHFFFAOYSA-N,O=C(O)CNC(=O)CCCCCC(OC(=O)CCCCCCCCCCCCCCCC=CCC=CCCCCCCC)CCC,530,False,True,False,Normalized unit: Intensity; Annotation method: Msp20260116160945_NCDK_conventional_converted_dev_1,False,False,126,0,0.00,0.93,null,null,null,-1.00,-1.00,-0.175,140.05,P Carly RT Mix 4p4 2Xdil 2_GC1_01_66462,374177,525320,490648,495640,471446.365953125,66627.480649709
127,18.849,665.58514,no MS2: NAGly 38:3;O2|NAGly 10:0;O(FA 28:2),[M+NH4]+,null,0.75,False,10.892,665.58270,C40H73NO5,NAGly,FCLGARUURSJBIN-UHFFFAOYSA-N,O=C(O)CNC(=O)CCCCCC(OC(=O)CCCCCCCCCCCCCCCC=CCC=CCCCCCCC)CCC,530,False,True,False,Normalized unit: Intensity; Annotation method: Msp20260116160945_NCDK_conventional_converted_dev_1,False,False,127,0,0.00,0.93,null,null,null,-1.00,-1.00,-0.175,154.49,P Carly RT Mix 4p4 2Xdil 2_GC1_01_66462,442108,628349,581577,606107,564535.436906251,83823.5491426195
128,21.160,666.61853,no MS2: SE 28:2/17:1,[M+NH4]+,null,1.00,False,14.759,666.61841,C45H76O2,BRSE,KZVQJMDFHGPLAH-UHFFFAOYSA-N,O=C(OC1CC2=CCC3C(CCC4(C)C(CCC34)C(C=CC(C)C(C)C)C)C2(C)CC1)CCCCCCCC=CCCCCCCC,530,False,True,False,Normalized unit: Intensity; Annotation method: Msp20260116160945_NCDK_conventional_converted_dev_1,False,False,128,0,0.00,1.00,null,null,null,-1.00,-1.00,-0.143,24855.78,P Carly RT Mix 4p4 2Xdil 2_GC1_01_66462,70338593,86450320,83666496,84908447,81340964.0020157,7422774.14988723
129,21.160,666.76196,Unknown,[M+2H]2+,null,1.00,False,null,null,null,null,null,null,999,False,False,False,Normalized unit: Intensity,False,False,129,0,0.00,null,null,null,null,null,null,null,1708.04,P Carly RT Mix 4p4 2Xdil 2_GC1_01_66462,1101976,1436348,1387291,1420053,1336417.14629688,157619.576422945
130,21.160,666.87073,Unknown,[M+H]+,null,1.00,False,null,null,null,null,null,null,999,False,False,False,Normalized unit: Intensity,False,False,130,0,0.00,null,null,null,null,null,null,null,1326.41,P Carly RT Mix 4p4 2Xdil 2_GC1_01_66462,1039904,1271488,1238975,1261419,1202946.40590625,109541.361491222
131,21.159,666.98352,Unknown,[M+H]+,null,0.75,False,null,null,null,null,null,null,999,False,False,False,Normalized unit: Intensity,False,False,131,0,0.00,null,null,null,null,null,null,null,985.89,P Carly RT Mix 4p4 2Xdil 4_GC1_01_66464,240781,428838,478780,456368,401191.547921876,108873.155140481
132,17.709,668.56104,no MS2: Cer 43:6;O4|Cer 13:1;O3/30:5(2OH),[M+H-H2O]+,null,0.50,False,10.883,668.56122,C43H75NO5,Cer_AP,ZONIEZPNUFUHOV-UHFFFAOYSA-N,O=C(NC(CO)C(O)C(O)CCCC=CCCCC)C(O)CCCCCCCCCCCCC=CCC=CCC=CCC=CCC=CCC,530,False,True,False,Normalized unit: Intensity; Annotation method: Msp20260116160945_NCDK_conventional_converted_dev_1,False,False,132,0,0.00,1.00,null,null,null,-1.00,-1.00,-0.143,274.40,P Carly RT Mix 4p4 2Xdil 2_GC1_01_66462,808243,1139807,807109,1126239,970349.269,187921.433762015
133,21.614,668.63483,no MS2: SE 28:2/17:0,[M+NH4]+,null,1.00,False,14.709,668.63397,C45H78O2,BRSE,JRHOHGAECXXOMB-UHFFFAOYSA-N,O=C(OC1CC2=CCC3C(CCC4(C)C(CCC34)C(C=CC(C)C(C)C)C)C2(C)CC1)CCCCCCCCCCCCCCCC,530,False,True,False,Normalized unit: Intensity; Annotation method: Msp20260116160945_NCDK_conventional_converted_dev_1,False,False,133,0,0.00,1.00,null,null,null,-1.00,-1.00,-0.143,96526.13,P Carly RT Mix 4p4 2Xdil 4_GC1_01_66464,83183488,95415916,95084293,94471199,92038723.7792968,5916447.6763811
134,21.614,668.77679,Unknown,[M+2H]2+,null,1.00,False,null,null,null,null,null,null,999,False,False,False,Normalized unit: Intensity,False,False,134,0,0.00,null,null,null,null,null,null,null,2183.87,P Carly RT Mix 4p4 2Xdil 2_GC1_01_66462,1473998,1722777,1677496,1687779,1640512.36940625,112688.920011729
135,21.614,668.88666,Unknown,[M+H]+,null,1.00,False,null,null,null,null,null,null,999,False,False,False,Normalized unit: Intensity,False,False,135,0,0.00,null,null,null,null,null,null,null,1683.54,P Carly RT Mix 4p4 2Xdil 4_GC1_01_66464,1284958,1466891,1470808,1477218,1424968.584375,93437.6001206526
136,21.619,668.99908,Unknown,[M+H]+,null,1.00,False,null,null,null,null,null,null,999,False,False,False,Normalized unit: Intensity,False,False,136,0,0.00,null,null,null,null,null,null,null,893.81,P Carly RT Mix 4p4 2Xdil 3_GC1_01_66463,371820,462912,583799,578767,499324.243312499,101702.496905482
137,20.696,669.55786,no MS2: SE 28:4/17:0,[M+Na]+,null,1.00,False,14.344,669.55811,C45H74O2,DEGSE,SMBKRNCNALQNLI-UHFFFAOYSA-N,O=C(OC1CC2=CC=C3C(=CCC4(C)C3CCC4C(C=CC(C)C(C)C)C)C2(C)CC1)CCCCCCCCCCCCCCCC,530,False,True,False,Normalized unit: Intensity; Annotation method: Msp20260116160945_NCDK_conventional_converted_dev_1,False,False,137,0,0.00,1.00,null,null,null,-1.00,-1.00,-0.143,359.00,P Carly RT Mix 4p4 2Xdil 3_GC1_01_66463,446456,551544,552791,543718,523627.170593749,51604.1802458353
138,17.995,669.61414,no MS2: NAGly 38:1;O2|NAGly 10:0;O(FA 28:0),[M+NH4]+,null,1.00,False,12.373,669.61401,C40H77NO5,NAGly,JPEJTVAOJATUIU-UHFFFAOYSA-N,O=C(O)CNC(=O)CCCCCC(OC(=O)CCCCCCCCCCCCCCCCCCCCCCCCCCC)CCC,530,False,True,False,Normalized unit: Intensity; Annotation method: Msp20260116160945_NCDK_conventional_converted_dev_1,False,False,138,0,0.00,1.00,null,null,null,-1.00,-1.00,-0.143,4040.13,P Carly RT Mix 4p4 2Xdil 2_GC1_01_66462,5857771,6489668,6279987,6419161,6261646.78560937,282993.695627294
139,14.852,670.55334,no MS2: SE 28:4/18:4,[M+NH4]+,null,1.00,False,13.063,670.55579,C46H68O2,DEGSE,JGSBSYSJTCBIMB-UHFFFAOYSA-N,O=C(OC1CC2=CC=C3C(=CCC4(C)C3CCC4C(C=CC(C)C(C)C)C)C2(C)CC1)CCCCC=CCC=CCC=CCC=CCC,530,False,True,False,Normalized unit: Intensity; Annotation method: Msp20260116160945_NCDK_conventional_converted_dev_1,False,False,139,0,0.00,0.94,null,null,null,-1.00,-1.00,-0.175,780.37,P Carly RT Mix 4p4 2Xdil 2_GC1_01_66462,955056,1314952,1245052,1284337,1199848.94709375,165684.248976568
140,18.826,670.63330,no MS2: Cer 41:0;O4|Cer 12:0;O3/29:0(2OH),[M+H]+,null,1.00,False,12.642,670.63440,C41H83NO5,Cer_AP,BOJNERMWPCTWPY-UHFFFAOYSA-N,O=C(NC(CO)C(O)C(O)CCCCCCCC)C(O)CCCCCCCCCCCCCCCCCCCCCCCCCCC,530,False,True,False,Normalized unit: Intensity; Annotation method: Msp20260116160945_NCDK_conventional_converted_dev_1,False,False,140,0,0.00,1.00,null,null,null,-1.00,-1.00,-0.143,414.39,P Carly RT Mix 4p4 2Xdil 3_GC1_01_66463,379018,551370,513370,532290,494011.771046877,78216.3166054782
141,21.155,671.57336,no MS2: SE 28:3/17:0,[M+Na]+,null,1.00,False,14.427,671.57379,C45H76O2,EGSE,VGUZMPDGGYQYST-UHFFFAOYSA-N,O=C(OC1CC2=CC=C3C(CCC4(C)C3CCC4C(C=CC(C)C(C)C)C)C2(C)CC1)CCCCCCCCCCCCCCCC,530,False,True,False,Normalized unit: Intensity; Annotation method: Msp20260116160945_NCDK_conventional_converted_dev_1,False,False,141,0,0.00,1.00,null,null,null,-1.00,-1.00,-0.143,1886.38,P Carly RT Mix 4p4 2Xdil 3_GC1_01_66463,3710198,3926250,3931897,3937137,3876370.5361875,110871.082307622
142,20.476,671.57593,no MS2: SE 28:4/19:2,[M+H]+,null,1.00,False,14.218,671.57617,C47H74O2,DEGSE,ZJTNNWFGVBBRTO-UHFFFAOYSA-N,O=C(OC1CC2=CC=C3C(=CCC4(C)C3CCC4C(C=CC(C)C(C)C)C)C2(C)CC1)CCCCCCCC=CCC=CCCCCCC,530,False,True,False,Normalized unit: Intensity; Annotation method: Msp20260116160945_NCDK_conventional_converted_dev_1,False,False,142,0,0.00,1.00,null,null,null,-1.00,-1.00,-0.143,1600.08,P Carly RT Mix 4p4 2Xdil 3_GC1_01_66463,2144436,2867287,2751714,2806678,2642528.9075,335399.847274162
143,8.093,672.45776,no MS2: PC 26:0,[M+Na]+,null,1.00,False,8.173,672.45752,C34H68NO8P,PC,GVHACYORHXGAEG-UHFFFAOYSA-N,O=C(OCC(OC(=O)CCCC)COP(=O)([O-])OCC[N+](C)(C)C)CCCCCCCCCCCCCCCCCCCC,530,False,True,False,Normalized unit: Intensity; Annotation method: Msp20260116160945_NCDK_conventional_converted_dev_1,False,False,143,0,0.00,1.00,null,null,null,-1.00,-1.00,-0.143,1593.89,P Carly RT Mix 4p4 2Xdil 4_GC1_01_66464,2230767,3066362,3004309,2967669,2817276.71485937,393122.296927231
144,13.735,673.55298,no MS2: BA 24:1;O3;G/15:1,[M+NH4]+,null,0.75,False,8.600,673.55139,C41H69NO5,GLCAE,QOVSRTINJJJJSR-UHFFFAOYSA-N,O=C(O)CNC(=O)CCC(C)C1CCC2C3CCC4CC(OC(=O)CCCCCCCC=CCCCCC)CCC4(C)C3CCC12C,530,False,True,False,Normalized unit: Intensity; Annotation method: Msp20260116160945_NCDK_conventional_converted_dev_1,False,False,144,0,0.00,1.00,null,null,null,-1.00,-1.00,-0.143,409.82,P Carly RT Mix 4p4 2Xdil 3_GC1_01_66463,1157181,1672041,1553471,1579733,1490606.44775,228024.908567875
145,21.610,673.58881,no MS2: VAE 25:0,[M+Na]+,null,1.00,False,14.642,673.58942,C45H78O2,VAE,HJYFPBYXTPMOIB-UHFFFAOYSA-N,O=C(OCC=C(C=CC=C(C=CC1=C(C)CCCC1(C)C)C)C)CCCCCCCCCCCCCCCCCCCCCCCC,530,False,True,False,Normalized unit: Intensity; Annotation method: Msp20260116160945_NCDK_conventional_converted_dev_1,False,False,145,0,0.00,1.00,null,null,null,-1.00,-1.00,-0.144,1798.93,P Carly RT Mix 4p4 2Xdil 3_GC1_01_66463,3726224,4000543,3946791,3952394,3906488.15564062,122573.896069591
146,9.513,678.50708,no MS2: DMPE 29:0|DMPE 24:0_5:0,[M+H]+,null,1.00,False,8.668,678.50677,C36H72NO8P,DMPE,QPDHMTGOUFFHHI-UHFFFAOYSA-N,O=C(OCC(OC(=O)CCCC)COP(=O)(O)OCCN(C)C)CCCCCCCCCCCCCCCCCCCCCCC,530,False,True,False,Normalized unit: Intensity; Annotation method: Msp20260116160945_NCDK_conventional_converted_dev_1,False,False,146,0,0.00,1.00,null,null,null,-1.00,-1.00,-0.143,17180.78,P Carly RT Mix 4p4 2Xdil 4_GC1_01_66464,48701433,66146237,64057969,65647089,61138182.0081875,8338839.53275363
147,9.513,678.65259,Unknown,[M+2H]2+,null,1.00,False,null,null,null,null,null,null,999,False,False,False,Normalized unit: Intensity,False,False,147,0,0.00,null,null,null,null,null,null,null,1229.02,P Carly RT Mix 4p4 2Xdil 2_GC1_01_66462,544080,844504,788948,818492,749006.0225625,138489.753353102
148,9.513,678.76099,Unknown,[M+H]+,null,1.00,False,null,null,null,null,null,null,999,False,False,False,Normalized unit: Intensity,False,False,148,0,0.00,null,null,null,null,null,null,null,1229.76,P Carly RT Mix 4p4 2Xdil 2_GC1_01_66462,552219,817753,777420,816465,740964.38784375,127214.353877088
149,17.077,679.56573,no MS2: SL 37:0;O2|SL 12:0;O/25:0;O,[M+NH4]+,null,1.00,False,9.618,679.56531,C37H75NO6S,SL,HRKHLLMYVHITRH-UHFFFAOYSA-N,O=C(N(CC(O)CCCCCCCCC)CS(=O)(=O)O)C(O)CCCCCCCCCCCCCCCCCCCCCCC,530,False,True,False,Normalized unit: Intensity; Annotation method: Msp20260116160945_NCDK_conventional_converted_dev_1,False,False,149,0,0.00,1.00,null,null,null,-1.00,-1.00,-0.144,362.96,P Carly RT Mix 4p4 2Xdil 2_GC1_01_66462,1081105,1466312,1375169,1417143,1334932.35092188,173269.284773228
150,16.713,679.56653,no MS2: SL 37:0;O2|SL 12:0;O/25:0;O,[M+NH4]+,null,1.00,False,9.618,679.56531,C37H75NO6S,SL,HRKHLLMYVHITRH-UHFFFAOYSA-N,O=C(N(CC(O)CCCCCCCCC)CS(=O)(=O)O)C(O)CCCCCCCCCCCCCCCCCCCCCCC,530,False,True,False,Normalized unit: Intensity; Annotation method: Msp20260116160945_NCDK_conventional_converted_dev_1,False,False,150,0,0.00,0.98,null,null,null,-1.00,-1.00,-0.151,256.95,P Carly RT Mix 4p4 2Xdil 2_GC1_01_66462,745450,1031709,978363,1009688,941302.350343752,132390.339586211
151,13.458,679.57806,Unknown,[M+H]+,null,0.75,False,null,null,null,null,null,null,999,False,False,False,Normalized unit: Intensity,False,False,151,0,0.00,null,null,null,null,null,null,null,140.58,P Carly RT Mix 4p4 2Xdil 2_GC1_01_66462,391210,586125,532395,543931,513415.042984375,84680.3825663416
152,9.510,680.13788,Unknown,[M+H]+,null,0.75,False,null,null,null,null,null,null,999,False,False,False,Normalized unit: Intensity,False,False,152,0,0.00,null,null,null,null,null,null,null,841.49,P Carly RT Mix 4p4 2Xdil 2_GC1_01_66462,261137,464942,431042,461249,404592.147171875,96835.0788710211
153,13.094,680.48157,no MS2: RIKEN P-VS1 ID-7491 from Mouse_Macrophage_WT_N_F1AA,[M+H]+,null,1.00,False,9.910,680.48163,null,Unknown,null,null,530,False,True,False,Normalized unit: Intensity; Annotation method: Msp20260116160945_NCDK_conventional_converted_dev_1,False,False,153,0,0.00,1.00,null,null,null,-1.00,-1.00,-0.129,1228.64,P Carly RT Mix 4p4 2Xdil 2_GC1_01_66462,8276920,8271541,8315763,8382227,8311612.58957812,51032.3397088573
154,6.847,680.49762,no MS2: SL 39:5;O2|SL 13:1;O/26:4;O,[M+H]+,null,1.00,False,8.688,680.49182,C39H69NO6S,SL,RSDVLXRSZDSPSK-UHFFFAOYSA-N,O=C(N(CC(O)C=CCCCCCCCC)CS(=O)(=O)O)C(O)CCCCCCCCCCCC=CCC=CCC=CCC=CCC,530,False,True,False,Normalized unit: Intensity; Annotation method: Msp20260116160945_NCDK_conventional_converted_dev_1,False,False,154,0,0.00,0.78,null,null,null,-1.00,-1.00,-0.254,636.56,P Carly RT Mix 4p4 2Xdil 1_GC1_01_66461,1889848,2713942,2590819,2671539,2466536.80339063,387836.414606309
155,18.185,680.59766,no MS2: Cer 45:6;O3|Cer 13:0;O2/32:6;O,[M+H-H2O]+,null,1.00,False,12.094,680.59760,C45H79NO4,Cer_HDS,IMKVRXPFYIJVDT-UHFFFAOYSA-N,O=C(NC(CO)C(O)CCCCCCCCCC)C(O)CCCCCCCCCCCC=CCC=CCC=CCC=CCC=CCC=CCC,530,False,True,False,Normalized unit: Intensity; Annotation method: Msp20260116160945_NCDK_conventional_converted_dev_1,False,False,155,0,0.00,1.00,null,null,null,-1.00,-1.00,-0.143,1182.43,P Carly RT Mix 4p4 2Xdil 2_GC1_01_66462,4935260,6831334,6500077,6664182,6232713.28082812,875477.326310658
156,16.666,681.58148,Unknown,[M+H]+,null,1.00,False,null,null,null,null,null,null,999,False,False,False,Normalized unit: Intensity,False,False,156,0,0.00,null,null,null,null,null,null,null,390.87,P Carly RT Mix 4p4 2Xdil 2_GC1_01_66462,1066255,1531113,1456652,1487000,1385255.30685938,214852.686167054
157,19.315,682.61163,no MS2: Cer 45:5;O3|Cer 13:0;O2/32:5;O,[M+H-H2O]+,null,1.00,False,12.237,682.61328,C45H81NO4,Cer_HDS,GYCYIPZNYODISX-UHFFFAOYSA-N,O=C(NC(CO)C(O)CCCCCCCCCC)C(O)CCCCCCCCCCCCCCC=CCC=CCC=CCC=CCC=CCC,530,False,True,False,Normalized unit: Intensity; Annotation method: Msp20260116160945_NCDK_conventional_converted_dev_1,False,False,157,0,0.00,1.00,null,null,null,-1.00,-1.00,-0.143,1389.75,P Carly RT Mix 4p4 2Xdil 3_GC1_01_66463,1959027,2763566,2649096,2724021,2523927.44803125,379580.350120025
158,17.995,683.62988,no MS2: NAGly 39:1;O2|NAGly 11:0;O(FA 28:0),[M+NH4]+,null,1.00,False,13.004,683.62970,C41H79NO5,NAGly,VLHNZSQCINXSOW-UHFFFAOYSA-N,O=C(O)CNC(=O)CCCCCC(OC(=O)CCCCCCCCCCCCCCCCCCCCCCCCCCC)CCCC,530,False,True,False,Normalized unit: Intensity; Annotation method: Msp20260116160945_NCDK_conventional_converted_dev_1,False,False,158,0,0.00,1.00,null,null,null,-1.00,-1.00,-0.143,13883.43,P Carly RT Mix 4p4 2Xdil 4_GC1_01_66464,10411733,11877866,11429442,11758351,11369347.9211562,665970.640943205
159,19.710,684.62756,no MS2: Cer 45:4;O3|Cer 13:0;O2/32:4;O,[M+H-H2O]+,null,0.75,False,12.951,684.62891,C45H83NO4,Cer_HDS,MMCKNJGGLAFKBU-UHFFFAOYSA-N,O=C(NC(CO)C(O)CCCCCCCCCC)C(O)CCCCCCCCCCCCCCCCCC=CCC=CCC=CCC=CCC,530,False,True,False,Normalized unit: Intensity; Annotation method: Msp20260116160945_NCDK_conventional_converted_dev_1,False,False,159,0,0.00,1.00,null,null,null,-1.00,-1.00,-0.143,262.82,P Carly RT Mix 4p4 2Xdil 3_GC1_01_66463,368523,510039,493080,508737,470094.5754375,68151.2935086664
160,13.094,685.43616,no MS2: SM 32:7;O2,[M+Na]+,null,1.00,False,6.300,685.43158,C37H63N2O6P,SM,XKTXCUCZGOGZTL-UHFFFAOYSA-N,O=C(NC(COP(=O)([O-])OCC[N+](C)(C)C)C(O)C=CCCC=CCCC)CCCC=CCC=CCC=CCC=CCC=CCC,530,False,True,False,Normalized unit: Intensity; Annotation method: Msp20260116160945_NCDK_conventional_converted_dev_1,False,False,160,0,0.00,0.82,null,null,null,-1.00,-1.00,-0.233,410.23,P Carly RT Mix 4p4 2Xdil 4_GC1_01_66464,1702878,1562127,1785250,1597678,1661983.27234375,101609.418994492
161,18.480,685.55231,no MS2: BA 24:1;O3;G/16:2,[M+NH4]+,null,1.00,False,8.416,685.55139,C42H69NO5,GLCAE,LXMQNVPHLGGKBS-UHFFFAOYSA-N,O=C(O)CNC(=O)CCC(C)C1CCC2C3CCC4CC(OC(=O)CCCCCCCC=CCC=CCCC)CCC4(C)C3CCC12C,530,False,True,False,Normalized unit: Intensity; Annotation method: Msp20260116160945_NCDK_conventional_converted_dev_1,False,False,161,0,0.00,0.99,null,null,null,-1.00,-1.00,-0.147,1215.66,P Carly RT Mix 4p4 2Xdil 2_GC1_01_66462,3331361,3996234,3875051,3933560,3784051.68784375,305823.389918865
162,20.073,686.58569,no MS2: SE 28:2/19:5,[M+NH4]+,null,1.00,False,14.078,686.58710,C47H72O2,BRSE,NXXNDKYCZMDEJZ-UHFFFAOYSA-N,O=C(OC1CC2=CCC3C(CCC4(C)C(CCC34)C(C=CC(C)C(C)C)C)C2(C)CC1)CCC=CCC=CCC=CCC=CCC=CCC,530,False,True,False,Normalized unit: Intensity; Annotation method: Msp20260116160945_NCDK_conventional_converted_dev_1,False,False,162,0,0.00,0.99,null,null,null,-1.00,-1.00,-0.148,321.46,P Carly RT Mix 4p4 2Xdil 3_GC1_01_66463,566776,854517,773995,826265,755388.307015625,130090.65858115
163,19.311,687.56708,no MS2: BA 24:1;O3;G/16:1,[M+NH4]+,null,1.00,False,8.768,687.56702,C42H71NO5,GLCAE,WFFMHKJPNDEUHA-UHFFFAOYSA-N,O=C(O)CNC(=O)CCC(C)C1CCC2C3CCC4CC(OC(=O)CCCCCCCC=CCCCCCC)CCC4(C)C3CCC12C,530,False,True,False,Normalized unit: Intensity; Annotation method: Msp20260116160945_NCDK_conventional_converted_dev_1,False,False,163,0,0.00,1.00,null,null,null,-1.00,-1.00,-0.143,936.85,P Carly RT Mix 4p4 2Xdil 2_GC1_01_66462,1633273,2090391,1985723,2007836,1929305.79807812,202429.86926746
164,18.861,687.56750,no MS2: BA 24:1;O3;G/16:1,[M+NH4]+,null,0.75,False,8.768,687.56702,C42H71NO5,GLCAE,WFFMHKJPNDEUHA-UHFFFAOYSA-N,O=C(O)CNC(=O)CCC(C)C1CCC2C3CCC4CC(OC(=O)CCCCCCCC=CCCCCCC)CCC4(C)C3CCC12C,530,False,True,False,Normalized unit: Intensity; Annotation method: Msp20260116160945_NCDK_conventional_converted_dev_1,False,False,164,0,0.00,1.00,null,null,null,-1.00,-1.00,-0.144,262.55,P Carly RT Mix 4p4 2Xdil 2_GC1_01_66462,493729,616109,604094,611397,581332.191750002,58611.0061279504
165,18.298,687.56805,no MS2: BA 24:1;O3;G/16:1,[M+NH4]+,null,1.00,False,8.768,687.56702,C42H71NO5,GLCAE,WFFMHKJPNDEUHA-UHFFFAOYSA-N,O=C(O)CNC(=O)CCC(C)C1CCC2C3CCC4CC(OC(=O)CCCCCCCC=CCCCCCC)CCC4(C)C3CCC12C,530,False,True,False,Normalized unit: Intensity; Annotation method: Msp20260116160945_NCDK_conventional_converted_dev_1,False,False,165,0,0.00,0.99,null,null,null,-1.00,-1.00,-0.149,370.53,P Carly RT Mix 4p4 2Xdil 4_GC1_01_66464,668247,757095,754198,755750,733822.587156251,43733.165172357
166,14.029,687.56836,no MS2: BA 24:1;O3;G/16:1,[M+NH4]+,null,0.50,False,8.768,687.56702,C42H71NO5,GLCAE,WFFMHKJPNDEUHA-UHFFFAOYSA-N,O=C(O)CNC(=O)CCC(C)C1CCC2C3CCC4CC(OC(=O)CCCCCCCC=CCCCCCC)CCC4(C)C3CCC12C,530,False,True,False,Normalized unit: Intensity; Annotation method: Msp20260116160945_NCDK_conventional_converted_dev_1,False,False,166,0,0.00,1.00,null,null,null,-1.00,-1.00,-0.143,240.89,P Carly RT Mix 4p4 2Xdil 4_GC1_01_66464,506941,772351,693362,731461,676028.704359376,117249.093971515
167,20.476,688.60272,no MS2: SE 28:2/19:4,[M+NH4]+,null,1.00,False,13.944,688.60272,C47H74O2,BRSE,ZNKOFJNOJYEHQU-UHFFFAOYSA-N,O=C(OC1CC2=CCC3C(CCC4(C)C(CCC34)C(C=CC(C)C(C)C)C)C2(C)CC1)CCCCCC=CCC=CCC=CCC=CCC,530,False,True,False,Normalized unit: Intensity; Annotation method: Msp20260116160945_NCDK_conventional_converted_dev_1,False,False,167,0,0.00,1.00,null,null,null,-1.00,-1.00,-0.143,46475.62,P Carly RT Mix 4p4 2Xdil 2_GC1_01_66462,73427885,91603243,88510430,90159249,85925201.7089689,8426815.14014206
168,20.476,688.74872,Unknown,[M+2H]2+,null,1.00,False,null,null,null,null,null,null,999,False,False,False,Normalized unit: Intensity,False,False,168,0,0.00,null,null,null,null,null,null,null,2042.97,P Carly RT Mix 4p4 2Xdil 4_GC1_01_66464,1097921,1438327,1382140,1431227,1337404.02515625,161598.121831963
169,20.476,688.85992,Unknown,[M+H]+,null,1.00,False,null,null,null,null,null,null,999,False,False,False,Normalized unit: Intensity,False,False,169,0,0.00,null,null,null,null,null,null,null,1494.06,P Carly RT Mix 4p4 2Xdil 2_GC1_01_66462,993616,1287105,1253365,1273291,1201844.614875,139508.076328427
170,20.472,688.98901,Unknown,[M+H]+,null,0.75,False,null,null,null,null,null,null,999,False,False,False,Normalized unit: Intensity,False,False,170,0,0.00,null,null,null,null,null,null,null,828.19,P Carly RT Mix 4p4 2Xdil 2_GC1_01_66462,249280,418810,404425,400678,368298.369593751,79729.7633891372
171,20.069,691.54132,no MS2: RIKEN P-VS1 ID-7759 from Mouse_Ear_fads2KO_N_Ctr,[M+Na]+,null,1.00,False,8.140,691.54327,null,Unknown,null,null,530,False,True,False,Normalized unit: Intensity; Annotation method: Msp20260116160945_NCDK_conventional_converted_dev_1,False,False,171,0,0.00,0.98,null,null,null,-1.00,-1.00,-0.136,382.17,P Carly RT Mix 4p4 2Xdil 3_GC1_01_66463,447586,605047,581804,595350,557446.823984375,73858.573033037
172,20.697,691.61298,Unknown,[M+H]+,null,0.75,False,null,null,null,null,null,null,999,False,False,False,Normalized unit: Intensity,False,False,172,0,0.00,null,null,null,null,null,null,null,301.79,P Carly RT Mix 4p4 2Xdil 2_GC1_01_66462,393133,582706,562032,568282,526538.549234374,89357.1342444912
173,20.454,693.55811,no MS2: SE 28:4/19:2,[M+Na]+,null,1.00,False,14.218,693.55811,C47H74O2,DEGSE,ZJTNNWFGVBBRTO-UHFFFAOYSA-N,O=C(OC1CC2=CC=C3C(=CCC4(C)C3CCC4C(C=CC(C)C(C)C)C)C2(C)CC1)CCCCCCCC=CCC=CCCCCCC,530,False,True,False,Normalized unit: Intensity; Annotation method: Msp20260116160945_NCDK_conventional_converted_dev_1,False,False,173,0,0.00,1.00,null,null,null,-1.00,-1.00,-0.143,1814.91,P Carly RT Mix 4p4 2Xdil 3_GC1_01_66463,5759421,6179372,6191364,6095586,6056435.81904688,202541.500255824
174,21.160,693.62939,Unknown,[M+H]+,null,1.00,False,null,null,null,null,null,null,999,False,False,False,Normalized unit: Intensity,False,False,174,0,0.00,null,null,null,null,null,null,null,10512.98,P Carly RT Mix 4p4 2Xdil 3_GC1_01_66463,10254665,10864472,10850858,10760332,10682581.5203125,288997.75822583
175,15.523,695.56152,no MS2: DG 40:4,[M+Na]+,null,1.00,False,12.801,695.55847,C43H76O5,DG,VKHXVQHJSQUHDB-UHFFFAOYSA-N,O=C(OCC(OC(=O)CCCCCCCCCCCCCCCCCCC=CCC=CCC=CCC=CCC)CO)CCCCCCC,530,False,True,False,Normalized unit: Intensity; Annotation method: Msp20260116160945_NCDK_conventional_converted_dev_1,False,False,175,0,0.00,0.91,null,null,null,-1.00,-1.00,-0.189,1422.94,P Carly RT Mix 4p4 2Xdil 2_GC1_01_66462,1836498,2697896,2471927,2560233,2391638.64396875,381595.310908796
176,21.658,695.64429,Unknown,[M+H]+,null,1.00,False,null,null,null,null,null,null,999,False,False,False,Normalized unit: Intensity,False,False,176,0,0.00,null,null,null,null,null,null,null,6753.21,P Carly RT Mix 4p4 2Xdil 1_GC1_01_66461,8517643,4909370,5285702,5468678,6045348.20753125,1664561.66406524
177,17.077,696.59210,no MS2: Cer 45:6;O4|Cer 13:1;O3/32:5(2OH),[M+H-H2O]+,null,1.00,False,12.035,696.59253,C45H79NO5,Cer_AP,LSTVUEMPZUXCSH-UHFFFAOYSA-N,O=C(NC(CO)C(O)C(O)CCCC=CCCCC)C(O)CCCCCCCCCCCCCCC=CCC=CCC=CCC=CCC=CCC,530,False,True,False,Normalized unit: Intensity; Annotation method: Msp20260116160945_NCDK_conventional_converted_dev_1,False,False,177,0,0.00,1.00,null,null,null,-1.00,-1.00,-0.143,1160.04,P Carly RT Mix 4p4 2Xdil 4_GC1_01_66464,1874956,2758760,2593338,2656852,2470976.681375,403146.755387672
178,16.713,696.59290,no MS2: Cer 45:6;O4|Cer 13:1;O3/32:5(2OH),[M+H-H2O]+,null,1.00,False,12.035,696.59253,C45H79NO5,Cer_AP,LSTVUEMPZUXCSH-UHFFFAOYSA-N,O=C(NC(CO)C(O)C(O)CCCC=CCCCC)C(O)CCCCCCCCCCCCCCC=CCC=CCC=CCC=CCC=CCC,530,False,True,False,Normalized unit: Intensity; Annotation method: Msp20260116160945_NCDK_conventional_converted_dev_1,False,False,178,0,0.00,1.00,null,null,null,-1.00,-1.00,-0.143,2891.76,P Carly RT Mix 4p4 2Xdil 4_GC1_01_66464,2706537,3801872,3651202,3695112,3463680.67234375,508711.951294673
179,17.731,696.59338,no MS2: Cer 45:6;O4|Cer 13:1;O3/32:5(2OH),[M+H-H2O]+,null,1.00,False,12.035,696.59253,C45H79NO5,Cer_AP,LSTVUEMPZUXCSH-UHFFFAOYSA-N,O=C(NC(CO)C(O)C(O)CCCC=CCCCC)C(O)CCCCCCCCCCCCCCC=CCC=CCC=CCC=CCC=CCC,530,False,True,False,Normalized unit: Intensity; Annotation method: Msp20260116160945_NCDK_conventional_converted_dev_1,False,False,179,0,0.00,1.00,null,null,null,-1.00,-1.00,-0.144,583.90,P Carly RT Mix 4p4 2Xdil 2_GC1_01_66462,762398,1047046,997385,1044655,962870.927,135590.949883417
180,17.129,698.60687,no MS2: RIKEN P-VS1 ID-7928 from Mouse_AdrenalGlands_fads2KO_N_Ctr,[M+H]+,null,1.00,False,13.140,698.60577,null,Unknown,null,null,530,False,True,False,Normalized unit: Intensity; Annotation method: Msp20260116160945_NCDK_conventional_converted_dev_1,False,False,180,0,0.00,0.99,null,null,null,-1.00,-1.00,-0.134,895.22,P Carly RT Mix 4p4 2Xdil 2_GC1_01_66462,1545619,2203637,2108569,2138746,1999142.58273438,304939.780312717
181,18.791,698.60724,no MS2: RIKEN P-VS1 ID-7928 from Mouse_AdrenalGlands_fads2KO_N_Ctr,[M+H]+,null,1.00,False,13.140,698.60577,null,Unknown,null,null,530,False,True,False,Normalized unit: Intensity; Annotation method: Msp20260116160945_NCDK_conventional_converted_dev_1,False,False,181,0,0.00,0.98,null,null,null,-1.00,-1.00,-0.138,807.14,P Carly RT Mix 4p4 2Xdil 2_GC1_01_66462,838668,1224709,1135716,1172832,1092981.3503125,173425.987304144
182,16.661,698.60760,no MS2: RIKEN P-VS1 ID-7928 from Mouse_AdrenalGlands_fads2KO_N_Ctr,[M+H]+,null,1.00,False,13.140,698.60577,null,Unknown,null,null,530,False,True,False,Normalized unit: Intensity; Annotation method: Msp20260116160945_NCDK_conventional_converted_dev_1,False,False,182,0,0.00,0.97,null,null,null,-1.00,-1.00,-0.140,1666.93,P Carly RT Mix 4p4 2Xdil 1_GC1_01_66461,2175966,3154908,2914663,3036656,2820548.380125,440773.087296492
183,18.185,698.60803,no MS2: Cer 45:5;O4|Cer 13:1;O3/32:4(2OH),[M+H-H2O]+,null,1.00,False,12.285,698.60822,C45H81NO5,Cer_AP,KIOIIZLWLIMLQP-UHFFFAOYSA-N,O=C(NC(CO)C(O)C(O)CCCC=CCCCC)C(O)CCCCCCCCCCCCCCCCCC=CCC=CCC=CCC=CCC,530,False,True,False,Normalized unit: Intensity; Annotation method: Msp20260116160945_NCDK_conventional_converted_dev_1,False,False,183,0,0.00,1.00,null,null,null,-1.00,-1.00,-0.143,9421.57,P Carly RT Mix 4p4 2Xdil 1_GC1_01_66461,10340475,13961442,13415994,13654880,12843197.7305,1683351.41896328
184,9.518,700.48877,no MS2: PC 28:0,[M+Na]+,null,1.00,False,8.322,700.48877,C36H72NO8P,PC,ZSAAJXQMYINYJW-UHFFFAOYSA-N,O=C(OCC(OC(=O)CCCC)COP(=O)([O-])OCC[N+](C)(C)C)CCCCCCCCCCCCCCCCCCCCCC,530,False,True,False,Normalized unit: Intensity; Annotation method: Msp20260116160945_NCDK_conventional_converted_dev_1,False,False,184,0,0.00,1.00,null,null,null,-1.00,-1.00,-0.143,3613.78,P Carly RT Mix 4p4 2Xdil 2_GC1_01_66462,2084398,2957924,2835781,2942518,2705155.28303125,417387.157899791
185,20.194,700.60162,no MS2: RIKEN P-VS1 ID-7984 from Mouse_Feces_WT_N_Ctr,[M+H]+,null,1.00,False,10.210,700.60413,null,Unknown,null,null,530,False,True,False,Normalized unit: Intensity; Annotation method: Msp20260116160945_NCDK_conventional_converted_dev_1,False,False,185,0,0.00,0.97,null,null,null,-1.00,-1.00,-0.144,522.27,P Carly RT Mix 4p4 2Xdil 4_GC1_01_66464,775688,1098568,1029257,1060078,990897.776218749,146247.863738011
186,18.640,700.62280,no MS2: Cer 45:4;O4|Cer 13:1;O3/32:3(2OH),[M+H-H2O]+,null,1.00,False,12.223,700.62378,C45H83NO5,Cer_AP,UXXLMQXJNIJJLZ-UHFFFAOYSA-N,O=C(NC(CO)C(O)C(O)CCCC=CCCCC)C(O)CCCCCCCCCCCCCCCC=CCC=CCC=CCCCCCCC,530,False,True,False,Normalized unit: Intensity; Annotation method: Msp20260116160945_NCDK_conventional_converted_dev_1,False,False,186,0,0.00,1.00,null,null,null,-1.00,-1.00,-0.143,2016.21,P Carly RT Mix 4p4 2Xdil 3_GC1_01_66463,1688999,2477249,2310498,2387342,2216022.23785938,357896.063253429
187,17.727,701.54803,no MS2: SL 39:3;O2|SL 13:1;O/26:2;O,[M+NH4]+,null,0.50,False,9.664,701.54968,C39H73NO6S,SL,XCZPJFQTPUXKEP-UHFFFAOYSA-N,O=C(N(CC(O)C=CCCCCCCCC)CS(=O)(=O)O)C(O)CCCCCCCCCCCCC=CCC=CCCCCCCC,530,False,True,False,Normalized unit: Intensity; Annotation method: Msp20260116160945_NCDK_conventional_converted_dev_1,False,False,187,0,0.00,0.99,null,null,null,-1.00,-1.00,-0.147,322.13,P Carly RT Mix 4p4 2Xdil 3_GC1_01_66463,520676,670124,662032,663287,629029.60996875,72323.5371624334
188,17.094,701.54834,no MS2: SL 39:3;O2|SL 13:1;O/26:2;O,[M+NH4]+,null,1.00,False,9.664,701.54968,C39H73NO6S,SL,XCZPJFQTPUXKEP-UHFFFAOYSA-N,O=C(N(CC(O)C=CCCCCCCCC)CS(=O)(=O)O)C(O)CCCCCCCCCCCCC=CCC=CCCCCCCC,530,False,True,False,Normalized unit: Intensity; Annotation method: Msp20260116160945_NCDK_conventional_converted_dev_1,False,False,188,0,0.00,1.00,null,null,null,-1.00,-1.00,-0.145,410.00,P Carly RT Mix 4p4 2Xdil 3_GC1_01_66463,643531,794750,765935,802570,751696.287015625,73810.9271962787
189,16.722,701.54858,no MS2: SL 39:3;O2|SL 13:1;O/26:2;O,[M+NH4]+,null,1.00,False,9.664,701.54968,C39H73NO6S,SL,XCZPJFQTPUXKEP-UHFFFAOYSA-N,O=C(N(CC(O)C=CCCCCCCCC)CS(=O)(=O)O)C(O)CCCCCCCCCCCCC=CCC=CCCCCCCC,530,False,True,False,Normalized unit: Intensity; Annotation method: Msp20260116160945_NCDK_conventional_converted_dev_1,False,False,189,0,0.00,1.00,null,null,null,-1.00,-1.00,-0.143,526.49,P Carly RT Mix 4p4 2Xdil 3_GC1_01_66463,797977,979191,943469,951236,917968.323734376,81451.6513912092
190,20.714,702.61713,no MS2: SE 28:2/20:4,[M+NH4]+,null,0.75,False,14.136,702.61841,C48H76O2,BRSE,PSLXJVRNKMGRNH-UHFFFAOYSA-N,O=C(OC1CC2=CCC3C(CCC4(C)C(CCC34)C(C=CC(C)C(C)C)C)C2(C)CC1)CCCCCCC=CCC=CCC=CCC=CCC,530,False,True,False,Normalized unit: Intensity; Annotation method: Msp20260116160945_NCDK_conventional_converted_dev_1,False,False,190,0,0.00,1.00,null,null,null,-1.00,-1.00,-0.145,197.13,P Carly RT Mix 4p4 2Xdil 3_GC1_01_66463,432181,631647,599269,620973,571017.455703124,93533.1557221409
191,19.311,703.54150,no MS2: SE 28:4/20:4,[M+Na]+,null,1.00,False,14.030,703.54248,C48H72O2,DEGSE,OJOARSZKSDLZLT-UHFFFAOYSA-N,O=C(OC1CC2=CC=C3C(=CCC4(C)C3CCC4C(C=CC(C)C(C)C)C)C2(C)CC1)CCCCCCC=CCC=CCC=CCC=CCC,530,False,True,False,Normalized unit: Intensity; Annotation method: Msp20260116160945_NCDK_conventional_converted_dev_1,False,False,191,0,0.00,1.00,null,null,null,-1.00,-1.00,-0.143,240.92,P Carly RT Mix 4p4 2Xdil 4_GC1_01_66464,437187,524571,505126,505039,492980.71940625,38313.5677790063
192,17.146,703.56287,no MS2: BA 24:1;O4;G/16:1,[M+NH4]+,null,1.00,False,7.779,703.56201,C42H71NO6,GDCAE,CJCUCDWRGAZUGG-UHFFFAOYSA-N,O=C(O)CNC(=O)CCC(C)C1CCC2C3CCC4CC(OC(=O)CCCCCCCC=CCCCCCC)CCC4(C)C3CC(O)C12C,530,False,True,False,Normalized unit: Intensity; Annotation method: Msp20260116160945_NCDK_conventional_converted_dev_1,False,False,192,0,0.00,0.99,null,null,null,-1.00,-1.00,-0.147,551.31,P Carly RT Mix 4p4 2Xdil 2_GC1_01_66462,1260756,1563285,1552305,1533672,1477504.54015625,145015.012187752
193,18.185,703.56366,no MS2: SL 39:2;O2|SL 12:1;O/27:1;O,[M+NH4]+,null,1.00,False,9.495,703.56531,C39H75NO6S,SL,RIUPWCLRDKXJJK-UHFFFAOYSA-N,O=C(N(CC(O)C=CCCCCCCC)CS(=O)(=O)O)C(O)CCCCCCCCCCCCCC=CCCCCCCCCCC,530,False,True,False,Normalized unit: Intensity; Annotation method: Msp20260116160945_NCDK_conventional_converted_dev_1,False,False,193,0,0.00,0.99,null,null,null,-1.00,-1.00,-0.146,2439.51,P Carly RT Mix 4p4 2Xdil 3_GC1_01_66463,6347541,7047590,6934779,6996237,6831536.72059376,325942.799805911
194,16.648,703.56378,no MS2: SL 39:2;O2|SL 12:1;O/27:1;O,[M+NH4]+,null,1.00,False,9.495,703.56531,C39H75NO6S,SL,RIUPWCLRDKXJJK-UHFFFAOYSA-N,O=C(N(CC(O)C=CCCCCCCC)CS(=O)(=O)O)C(O)CCCCCCCCCCCCCC=CCCCCCCCCCC,530,False,True,False,Normalized unit: Intensity; Annotation method: Msp20260116160945_NCDK_conventional_converted_dev_1,False,False,194,0,0.00,1.00,null,null,null,-1.00,-1.00,-0.143,1816.45,P Carly RT Mix 4p4 2Xdil 3_GC1_01_66463,4044105,4845817,4748617,4770380,4602229.71907813,374407.06902469
195,18.636,705.57861,no MS2: RIKEN P-VS1 ID-8119 from Mouse_Aorta_WT_N_Ctr,[M+H]+,null,1.00,False,15.390,705.57758,null,Unknown,null,null,530,False,True,False,Normalized unit: Intensity; Annotation method: Msp20260116160945_NCDK_conventional_converted_dev_1,False,False,195,0,0.00,0.99,null,null,null,-1.00,-1.00,-0.132,774.57,P Carly RT Mix 4p4 2Xdil 4_GC1_01_66464,1353041,1689612,1648358,1673709,1591179.97857813,159665.386820103
196,20.697,705.62805,Unknown,[M+H]+,null,0.75,False,null,null,null,null,null,null,999,False,False,False,Normalized unit: Intensity,False,False,196,0,0.00,null,null,null,null,null,null,null,344.92,P Carly RT Mix 4p4 2Xdil 2_GC1_01_66462,370187,532189,502852,520390,481404.421031249,75117.9889300163
197,11.076,706.53912,no MS2: DMPE 31:0|DMPE 26:0_5:0,[M+H]+,null,1.00,False,9.669,706.53809,C38H76NO8P,DMPE,DWEKJNHYPZSNIT-UHFFFAOYSA-N,O=C(OCC(OC(=O)CCCC)COP(=O)(O)OCCN(C)C)CCCCCCCCCCCCCCCCCCCCCCCCC,530,False,True,False,Normalized unit: Intensity; Annotation method: Msp20260116160945_NCDK_conventional_converted_dev_1,False,False,197,0,0.00,1.00,null,null,null,-1.00,-1.00,-0.143,53668.15,P Carly RT Mix 4p4 2Xdil 4_GC1_01_66464,53121947,71460620,68105489,70291707,65744940.7257344,8529443.82262472
198,11.067,706.68732,Unknown,[M+2H]2+,null,0.25,False,null,null,null,null,null,null,999,False,False,False,Normalized unit: Intensity,False,False,198,0,0.00,null,null,null,null,null,null,null,1252.33,P Carly RT Mix 4p4 2Xdil 2_GC1_01_66462,573413,868578,807170,846289,773862.437015626,136022.286597775
199,11.076,706.79822,Unknown,[M+H]+,null,1.00,False,null,null,null,null,null,null,999,False,False,False,Normalized unit: Intensity,False,False,199,0,0.00,null,null,null,null,null,null,null,1193.93,P Carly RT Mix 4p4 2Xdil 2_GC1_01_66462,647665,940809,862869,900541,837970.928203126,130801.255526204
200,13.094,707.49176,Unknown,[M+H]+,null,1.00,False,null,null,null,null,null,null,999,False,False,False,Normalized unit: Intensity,False,False,200,0,0.00,null,null,null,null,null,null,null,205.39,P Carly RT Mix 4p4 2Xdil 3_GC1_01_66463,1849291,1912433,2415868,2390214,2141951.49153125,302761.563722089
201,18.480,707.60779,Unknown,[M+H]+,null,1.00,False,null,null,null,null,null,null,999,False,False,False,Normalized unit: Intensity,False,False,201,0,0.00,null,null,null,null,null,null,null,560.76,P Carly RT Mix 4p4 2Xdil 2_GC1_01_66462,3397376,4486054,4308930,4410476,4150708.98715624,507438.101068798
202,21.160,707.64490,Unknown,[M+H]+,null,1.00,False,null,null,null,null,null,null,999,False,False,False,Normalized unit: Intensity,False,False,202,0,0.00,null,null,null,null,null,null,null,14317.01,P Carly RT Mix 4p4 2Xdil 2_GC1_01_66462,14170935,15863667,15590416,15615614,15310158.15675,769425.84505798
203,11.074,708.18292,Unknown,[M+H]+,null,0.75,False,null,null,null,null,null,null,999,False,False,False,Normalized unit: Intensity,False,False,203,0,0.00,null,null,null,null,null,null,null,965.02,P Carly RT Mix 4p4 2Xdil 2_GC1_01_66462,244481,474613,409083,435903,391020.185796875,101328.3223868
204,8.093,708.52893,no MS2: SL 41:5;O2|SL 13:1;O/28:4;O,[M+H]+,null,1.00,False,9.631,708.52307,C41H73NO6S,SL,WFZYPZCXRLADKM-UHFFFAOYSA-N,O=C(N(CC(O)C=CCCCCCCCC)CS(=O)(=O)O)C(O)CCCCCCCCCCCCCC=CCC=CCC=CCC=CCC,530,False,True,False,Normalized unit: Intensity; Annotation method: Msp20260116160945_NCDK_conventional_converted_dev_1,False,False,204,0,0.00,0.81,null,null,null,-1.00,-1.00,-0.237,2038.11,P Carly RT Mix 4p4 2Xdil 1_GC1_01_66461,1743994,2570831,2477668,2450850,2310835.92914062,381376.462658756
205,19.311,709.62274,Unknown,[M+H]+,null,1.00,False,null,null,null,null,null,null,999,False,False,False,Normalized unit: Intensity,False,False,205,0,0.00,null,null,null,null,null,null,null,1956.82,P Carly RT Mix 4p4 2Xdil 2_GC1_01_66462,1413239,1922777,1809198,1855769,1750245.96575,229456.800436666
206,18.861,709.62323,Unknown,[M+H]+,null,0.75,False,null,null,null,null,null,null,999,False,False,False,Normalized unit: Intensity,False,False,206,0,0.00,null,null,null,null,null,null,null,217.01,P Carly RT Mix 4p4 2Xdil 2_GC1_01_66462,438403,618979,573696,599560,557659.358359376,81639.5303002971
207,18.272,709.62360,Unknown,[M+H]+,null,1.00,False,null,null,null,null,null,null,999,False,False,False,Normalized unit: Intensity,False,False,207,0,0.00,null,null,null,null,null,null,null,326.97,P Carly RT Mix 4p4 2Xdil 2_GC1_01_66462,434884,617331,593836,605817,562967.147578125,85925.85037538
208,21.610,709.66034,no MS2: RIKEN P-VS1 ID-8236 from Mouse_AdrenalGlands_WT_N_Ctr,[M+H]+,null,1.00,False,8.410,709.65637,null,Unknown,null,null,530,False,True,False,Normalized unit: Intensity; Annotation method: Msp20260116160945_NCDK_conventional_converted_dev_1,False,False,208,0,0.00,0.86,null,null,null,-1.00,-1.00,-0.190,12556.95,P Carly RT Mix 4p4 2Xdil 4_GC1_01_66464,14978447,15770523,15772119,15619814,15535225.7016406,377994.790867405
209,17.722,710.61926,Unknown,[M+H]+,null,1.00,False,null,null,null,null,null,null,999,False,False,False,Normalized unit: Intensity,False,False,209,0,0.00,null,null,null,null,null,null,null,409.72,P Carly RT Mix 4p4 2Xdil 2_GC1_01_66462,568572,768777,727928,734049,699831.76490625,89336.0358398759
210,17.198,711.60333,no MS2: RIKEN P-VS1 ID-8280 from Mouse_Feces_WT_ABX_Ctr,[M+H]+,null,0.50,False,14.540,711.60492,null,Unknown,null,null,530,False,True,False,Normalized unit: Intensity; Annotation method: Msp20260116160945_NCDK_conventional_converted_dev_1,False,False,210,0,0.00,0.99,null,null,null,-1.00,-1.00,-0.132,245.32,P Carly RT Mix 4p4 2Xdil 4_GC1_01_66464,346790,461803,443063,467784,429859.9870625,56372.6115384427
211,19.710,711.63892,no MS2: RIKEN P-VS1 ID-8281 from Cell_HeLa_WT_N_Ctr,[M+H]+,null,0.75,False,7.800,711.64539,null,Unknown,null,null,530,False,True,False,Normalized unit: Intensity; Annotation method: Msp20260116160945_NCDK_conventional_converted_dev_1,False,False,211,0,0.00,0.75,null,null,null,-1.00,-1.00,-0.240,388.71,P Carly RT Mix 4p4 2Xdil 3_GC1_01_66463,316841,444538,419032,434744,403788.73271875,58909.4342652438
212,15.570,712.58893,no MS2: RIKEN P-VS1 ID-8299 from Mouse_AdrenalGlands_fads2KO_N_Ctr,[M+H]+,null,0.25,False,12.140,712.58807,null,Unknown,null,null,530,False,True,False,Normalized unit: Intensity; Annotation method: Msp20260116160945_NCDK_conventional_converted_dev_1,False,False,212,0,0.00,0.99,null,null,null,-1.00,-1.00,-0.132,180.76,P Carly RT Mix 4p4 2Xdil 2_GC1_01_66462,673482,986891,893328,925834,869883.861875,136558.471542603
213,16.544,714.60339,no MS2: Cer 45:6;O4|Cer 13:1;O3/32:5(2OH),[M+H]+,null,1.00,False,12.035,714.60309,C45H79NO5,Cer_AP,LSTVUEMPZUXCSH-UHFFFAOYSA-N,O=C(NC(CO)C(O)C(O)CCCC=CCCCC)C(O)CCCCCCCCCCCCCCC=CCC=CCC=CCC=CCC=CCC,530,False,True,False,Normalized unit: Intensity; Annotation method: Msp20260116160945_NCDK_conventional_converted_dev_1,False,False,213,0,0.00,1.00,null,null,null,-1.00,-1.00,-0.143,3971.27,P Carly RT Mix 4p4 2Xdil 2_GC1_01_66462,7950536,11709099,10883866,11345322,10472205.4936875,1714693.11066332
214,17.012,714.60339,no MS2: Cer 45:6;O4|Cer 13:1;O3/32:5(2OH),[M+H]+,null,1.00,False,12.035,714.60309,C45H79NO5,Cer_AP,LSTVUEMPZUXCSH-UHFFFAOYSA-N,O=C(NC(CO)C(O)C(O)CCCC=CCCCC)C(O)CCCCCCCCCCCCCCC=CCC=CCC=CCC=CCC=CCC,530,False,True,False,Normalized unit: Intensity; Annotation method: Msp20260116160945_NCDK_conventional_converted_dev_1,False,False,214,0,0.00,1.00,null,null,null,-1.00,-1.00,-0.143,1466.05,P Carly RT Mix 4p4 2Xdil 2_GC1_01_66462,3639252,5151282,5011397,5061192,4715780.75878125,720016.923766417
215,16.713,714.60352,no MS2: Cer 45:6;O4|Cer 13:1;O3/32:5(2OH),[M+H]+,null,1.00,False,12.035,714.60309,C45H79NO5,Cer_AP,LSTVUEMPZUXCSH-UHFFFAOYSA-N,O=C(NC(CO)C(O)C(O)CCCC=CCCCC)C(O)CCCCCCCCCCCCCCC=CCC=CCC=CCC=CCC=CCC,530,False,True,False,Normalized unit: Intensity; Annotation method: Msp20260116160945_NCDK_conventional_converted_dev_1,False,False,215,0,0.00,1.00,null,null,null,-1.00,-1.00,-0.143,1755.47,P Carly RT Mix 4p4 2Xdil 4_GC1_01_66464,4900774,6829452,6305751,6620856,6164208.19201564,869363.059171324
216,20.476,715.61340,Unknown,[M+H]+,null,1.00,False,null,null,null,null,null,null,999,False,False,False,Normalized unit: Intensity,False,False,216,0,0.00,null,null,null,null,null,null,null,7257.73,P Carly RT Mix 4p4 2Xdil 2_GC1_01_66462,12802259,14580481,14161284,14364669,13977173.3995313,801759.211369968
217,15.523,717.54382,no MS2: DG 42:7,[M+Na]+,null,1.00,False,11.617,717.54279,C45H74O5,DG,AIRGHYYBGWIEJK-UHFFFAOYSA-N,O=C(OCC(OC(=O)CCCCCCCCCCCC=CCC=CCC=CCC=CCC=CCC=CCC=CCC)CO)CCCCCCC,530,False,True,False,Normalized unit: Intensity; Annotation method: Msp20260116160945_NCDK_conventional_converted_dev_1,False,False,217,0,0.00,0.99,null,null,null,-1.00,-1.00,-0.148,769.29,P Carly RT Mix 4p4 2Xdil 2_GC1_01_66462,1371737,1835150,1710607,1726402,1660974.03489062,200615.155408541
218,17.083,719.55872,no MS2: DG 42:6,[M+Na]+,null,0.75,False,12.889,719.55847,C45H76O5,DG,DWNBNJDZOMMNHN-UHFFFAOYSA-N,O=C(OCC(OC(=O)CCCCCCCCCCCCCCC=CCC=CCC=CCC=CCC=CCC=CCC)CO)CCCCCCC,530,False,True,False,Normalized unit: Intensity; Annotation method: Msp20260116160945_NCDK_conventional_converted_dev_1,False,False,218,0,0.00,1.00,null,null,null,-1.00,-1.00,-0.143,241.94,P Carly RT Mix 4p4 2Xdil 4_GC1_01_66464,533270,669769,665254,678441,636683.447921876,69159.0508406476
219,16.540,719.55878,no MS2: DG 42:6,[M+Na]+,null,1.00,False,12.889,719.55847,C45H76O5,DG,DWNBNJDZOMMNHN-UHFFFAOYSA-N,O=C(OCC(OC(=O)CCCCCCCCCCCCCCC=CCC=CCC=CCC=CCC=CCC=CCC)CO)CCCCCCC,530,False,True,False,Normalized unit: Intensity; Annotation method: Msp20260116160945_NCDK_conventional_converted_dev_1,False,False,219,0,0.00,1.00,null,null,null,-1.00,-1.00,-0.143,1243.77,P Carly RT Mix 4p4 2Xdil 2_GC1_01_66462,2604636,3344236,3195093,3272676,3104160.48029687,338539.481252684
220,13.094,721.50726,Unknown,[M+H]+,null,1.00,False,null,null,null,null,null,null,999,False,False,False,Normalized unit: Intensity,False,False,220,0,0.00,null,null,null,null,null,null,null,3190.24,P Carly RT Mix 4p4 2Xdil 3_GC1_01_66463,27685882,27097878,27877882,27383364,27511251.8238594,342610.804955722
221,18.480,721.62384,no MS2: RIKEN P-VS1 ID-8542 from Mouse_Feces_WT_ABX_Ctr,[M+H]+,null,1.00,False,13.310,721.62720,null,Unknown,null,null,530,False,True,False,Normalized unit: Intensity; Annotation method: Msp20260116160945_NCDK_conventional_converted_dev_1,False,False,221,0,0.00,0.93,null,null,null,-1.00,-1.00,-0.160,16045.97,P Carly RT Mix 4p4 2Xdil 3_GC1_01_66463,18422299,22950166,22201523,22772444,21586608.0770937,2133578.2850742
222,17.060,723.60358,no MS2: SE 28:4/21:1,[M+Na]+,null,1.00,False,14.882,723.60510,C49H80O2,DEGSE,HZDQZTPXFFJCPM-UHFFFAOYSA-N,O=C(OC1CC2=CC=C3C(=CCC4(C)C3CCC4C(C=CC(C)C(C)C)C)C2(C)CC1)CCCCCCCCCC=CCCCCCCCCC,530,False,True,False,Normalized unit: Intensity; Annotation method: Msp20260116160945_NCDK_conventional_converted_dev_1,False,False,222,0,0.00,1.00,null,null,null,-1.00,-1.00,-0.144,358.39,P Carly RT Mix 4p4 2Xdil 3_GC1_01_66463,1032742,1456663,1386492,1412990,1322221.70778125,195143.187053941
223,16.713,723.60413,no MS2: SE 28:4/21:1,[M+Na]+,null,1.00,False,14.882,723.60510,C49H80O2,DEGSE,HZDQZTPXFFJCPM-UHFFFAOYSA-N,O=C(OC1CC2=CC=C3C(=CCC4(C)C3CCC4C(C=CC(C)C(C)C)C)C2(C)CC1)CCCCCCCCCC=CCCCCCCCCC,530,False,True,False,Normalized unit: Intensity; Annotation method: Msp20260116160945_NCDK_conventional_converted_dev_1,False,False,223,0,0.00,1.00,null,null,null,-1.00,-1.00,-0.143,359.33,P Carly RT Mix 4p4 2Xdil 3_GC1_01_66463,936100,1313395,1231494,1253063,1183513.15090625,168544.727423267
224,19.311,723.63824,Unknown,[M+H]+,null,1.00,False,null,null,null,null,null,null,999,False,False,False,Normalized unit: Intensity,False,False,224,0,0.00,null,null,null,null,null,null,null,6573.42,P Carly RT Mix 4p4 2Xdil 2_GC1_01_66462,5917140,7639795,7425749,7523785,7126617.07875,811050.341434167
225,18.861,723.63849,Unknown,[M+H]+,null,1.00,False,null,null,null,null,null,null,999,False,False,False,Normalized unit: Intensity,False,False,225,0,0.00,null,null,null,null,null,null,null,2318.08,P Carly RT Mix 4p4 2Xdil 2_GC1_01_66462,2260502,3020727,2915533,2946459,2785805.48670313,352973.724413136
226,18.272,723.63977,Unknown,[M+H]+,null,1.00,False,null,null,null,null,null,null,999,False,False,False,Normalized unit: Intensity,False,False,226,0,0.00,null,null,null,null,null,null,null,1630.02,P Carly RT Mix 4p4 2Xdil 4_GC1_01_66464,1553917,2100452,1983251,2103309,1935232.20867188,260291.031637553
227,18.787,725.61877,no MS2: RIKEN P-VS1 ID-8656 from Mouse_Heart_WT_N_F1,[M+H]+,null,1.00,False,9.020,725.62079,null,Unknown,null,null,530,False,True,False,Normalized unit: Intensity; Annotation method: Msp20260116160945_NCDK_conventional_converted_dev_1,False,False,227,0,0.00,0.99,null,null,null,-1.00,-1.00,-0.132,451.56,P Carly RT Mix 4p4 2Xdil 3_GC1_01_66463,530072,762220,696808,713884,675746.132140626,100989.791020362
228,16.666,725.61920,no MS2: RIKEN P-VS1 ID-8656 from Mouse_Heart_WT_N_F1,[M+H]+,null,1.00,False,9.020,725.62079,null,Unknown,null,null,530,False,True,False,Normalized unit: Intensity; Annotation method: Msp20260116160945_NCDK_conventional_converted_dev_1,False,False,228,0,0.00,1.00,null,null,null,-1.00,-1.00,-0.130,701.96,P Carly RT Mix 4p4 2Xdil 3_GC1_01_66463,1001424,1560552,1457502,1505728,1381301.66117188,256726.727068674
229,18.185,725.61926,no MS2: RIKEN P-VS1 ID-8656 from Mouse_Heart_WT_N_F1,[M+H]+,null,1.00,False,9.020,725.62079,null,Unknown,null,null,530,False,True,False,Normalized unit: Intensity; Annotation method: Msp20260116160945_NCDK_conventional_converted_dev_1,False,False,229,0,0.00,1.00,null,null,null,-1.00,-1.00,-0.130,3913.60,P Carly RT Mix 4p4 2Xdil 3_GC1_01_66463,6022391,7100733,6937585,7042459,6775791.87717188,506783.089619985
230,19.709,725.65424,Unknown,[M+H]+,null,1.00,False,null,null,null,null,null,null,999,False,False,False,Normalized unit: Intensity,False,False,230,0,0.00,null,null,null,null,null,null,null,1430.87,P Carly RT Mix 4p4 2Xdil 2_GC1_01_66462,1255969,1727214,1633715,1695910,1578201.65739062,218308.283169973
231,18.636,727.63452,no MS2: SE 28:3/21:0,[M+Na]+,null,0.75,False,15.237,727.63641,C49H84O2,EGSE,VKQXTSWVYRHTST-UHFFFAOYSA-N,O=C(OC1CC2=CC=C3C(CCC4(C)C3CCC4C(C=CC(C)C(C)C)C)C2(C)CC1)CCCCCCCCCCCCCCCCCCCC,530,False,True,False,Normalized unit: Intensity; Annotation method: Msp20260116160945_NCDK_conventional_converted_dev_1,False,False,231,0,0.00,0.99,null,null,null,-1.00,-1.00,-0.148,382.44,P Carly RT Mix 4p4 2Xdil 3_GC1_01_66463,408884,632363,582023,602071,556335.093953126,100455.410547468
232,11.076,728.52094,no MS2: PC 30:0,[M+Na]+,null,1.00,False,8.986,728.52008,C38H76NO8P,PC,YONWAODRNYHKSU-UHFFFAOYSA-N,O=C(OCC(OC(=O)CCCC)COP(=O)([O-])OCC[N+](C)(C)C)CCCCCCCCCCCCCCCCCCCCCCCC,530,False,True,False,Normalized unit: Intensity; Annotation method: Msp20260116160945_NCDK_conventional_converted_dev_1,False,False,232,0,0.00,1.00,null,null,null,-1.00,-1.00,-0.143,2374.64,P Carly RT Mix 4p4 2Xdil 4_GC1_01_66464,2199318,3208944,2997132,3116345,2880434.627375,462280.779002485
233,20.476,729.62903,no MS2: RIKEN P-VS1 ID-8765 from Mouse_Feces_WT_ABX_Ctr,[M+H]+,null,1.00,False,13.510,729.63177,null,Unknown,null,null,530,False,True,False,Normalized unit: Intensity; Annotation method: Msp20260116160945_NCDK_conventional_converted_dev_1,False,False,233,0,0.00,0.93,null,null,null,-1.00,-1.00,-0.158,18921.35,P Carly RT Mix 4p4 2Xdil 2_GC1_01_66462,16156830,19202683,18773345,19253463,18346580.5801094,1475633.59985625
234,16.718,730.59875,no MS2: SE 24:1;O4/21:2;O,[M+NH4]+,null,1.00,False,9.374,730.59802,C45H76O6,DCAE,NKPGBBWESBYUIJ-UHFFFAOYSA-N,O=C(O)CCC(C)C1CCC2C3CCC4CC(OC(=O)CCCCCCCCC(O)C=CCC=CCCCCCC)CCC4(C)C3CC(O)C12C,530,False,True,False,Normalized unit: Intensity; Annotation method: Msp20260116160945_NCDK_conventional_converted_dev_1,False,False,234,0,0.00,1.00,null,null,null,-1.00,-1.00,-0.144,615.53,P Carly RT Mix 4p4 2Xdil 4_GC1_01_66464,1660357,2405492,2258585,2344882,2167329.19326563,343314.605707807
235,15.553,730.59924,no MS2: SE 24:1;O4/21:2;O,[M+NH4]+,null,1.00,False,9.374,730.59802,C45H76O6,DCAE,NKPGBBWESBYUIJ-UHFFFAOYSA-N,O=C(O)CCC(C)C1CCC2C3CCC4CC(OC(=O)CCCCCCCCC(O)C=CCC=CCCCCCC)CCC4(C)C3CC(O)C12C,530,False,True,False,Normalized unit: Intensity; Annotation method: Msp20260116160945_NCDK_conventional_converted_dev_1,False,False,235,0,0.00,1.00,null,null,null,-1.00,-1.00,-0.145,1087.71,P Carly RT Mix 4p4 2Xdil 4_GC1_01_66464,2460066,3507888,3288700,3386575,3160807.52003125,475686.067170021
236,14.748,730.59961,no MS2: SE 24:1;O4/21:2;O,[M+NH4]+,null,1.00,False,9.374,730.59802,C45H76O6,DCAE,NKPGBBWESBYUIJ-UHFFFAOYSA-N,O=C(O)CCC(C)C1CCC2C3CCC4CC(OC(=O)CCCCCCCCC(O)C=CCC=CCCCCCC)CCC4(C)C3CC(O)C12C,530,False,True,False,Normalized unit: Intensity; Annotation method: Msp20260116160945_NCDK_conventional_converted_dev_1,False,False,236,0,0.00,1.00,null,null,null,-1.00,-1.00,-0.144,712.26,P Carly RT Mix 4p4 2Xdil 4_GC1_01_66464,3384500,4930018,4613835,4778465,4426704.69804687,706698.509297297
237,12.687,734.57025,no MS2: DMPE 33:0|DMPE 28:0_5:0,[M+H]+,null,1.00,False,10.672,734.56940,C40H80NO8P,DMPE,ZZNGNZPJNJRLFS-UHFFFAOYSA-N,O=C(OCC(OC(=O)CCCC)COP(=O)(O)OCCN(C)C)CCCCCCCCCCCCCCCCCCCCCCCCCCC,530,False,True,False,Normalized unit: Intensity; Annotation method: Msp20260116160945_NCDK_conventional_converted_dev_1,False,False,237,0,0.00,1.00,null,null,null,-1.00,-1.00,-0.143,1148.24,P Carly RT Mix 4p4 2Xdil 3_GC1_01_66463,1538515,2123907,1977676,2069061,1927289.91870312,266108.90265238
238,15.553,735.55493,no MS2: RIKEN P-VS1 ID-8952 from Mouse_AdrenalGlands_WT_N_Ctr,[M+Na]+,null,1.00,False,13.020,735.55518,null,Unknown,null,null,530,False,True,False,Normalized unit: Intensity; Annotation method: Msp20260116160945_NCDK_conventional_converted_dev_1,False,False,238,0,0.00,1.00,null,null,null,-1.00,-1.00,-0.129,462.52,P Carly RT Mix 4p4 2Xdil 2_GC1_01_66462,804426,1099737,1022745,1048470,993844.543968749,130271.108391704
239,14.743,735.55542,no MS2: RIKEN P-VS1 ID-8952 from Mouse_AdrenalGlands_WT_N_Ctr,[M+Na]+,null,1.00,False,13.020,735.55518,null,Unknown,null,null,530,False,True,False,Normalized unit: Intensity; Annotation method: Msp20260116160945_NCDK_conventional_converted_dev_1,False,False,239,0,0.00,1.00,null,null,null,-1.00,-1.00,-0.129,333.26,P Carly RT Mix 4p4 2Xdil 2_GC1_01_66462,1529009,1968271,1868836,1883433,1812387.23403125,193938.701399988
240,15.865,735.60510,no MS2: SE 28:4/22:2,[M+Na]+,null,0.50,False,14.606,735.60510,C50H80O2,DEGSE,XPDPWMNMSXKWSK-UHFFFAOYSA-N,O=C(OC1CC2=CC=C3C(=CCC4(C)C3CCC4C(C=CC(C)C(C)C)C)C2(C)CC1)CCCCCCCCCCCC=CCC=CCCCCC,530,False,True,False,Normalized unit: Intensity; Annotation method: Msp20260116160945_NCDK_conventional_converted_dev_1,False,False,240,0,0.00,1.00,null,null,null,-1.00,-1.00,-0.143,280.38,P Carly RT Mix 4p4 2Xdil 2_GC1_01_66462,380068,521852,492564,514317,477200.253421875,65934.6702862943
241,9.513,736.56000,no MS2: RIKEN P-VS1 ID-8981 from Mouse_Lung_WT_N_F1,[M+H]+,null,1.00,False,9.200,736.56030,null,Unknown,null,null,530,False,True,False,Normalized unit: Intensity; Annotation method: Msp20260116160945_NCDK_conventional_converted_dev_1,False,False,241,0,0.00,1.00,null,null,null,-1.00,-1.00,-0.129,1320.19,P Carly RT Mix 4p4 2Xdil 3_GC1_01_66463,1719884,2608714,2465332,2569935,2340966.42689062,418459.672689942
242,17.068,737.61871,no MS2: SE 28:4/22:1,[M+Na]+,null,1.00,False,14.901,737.62073,C50H82O2,DEGSE,OTEOVAABRKLKPH-UHFFFAOYSA-N,O=C(OC1CC2=CC=C3C(=CCC4(C)C3CCC4C(C=CC(C)C(C)C)C)C2(C)CC1)CCCCCCCCCCCC=CCCCCCCCC,530,False,True,False,Normalized unit: Intensity; Annotation method: Msp20260116160945_NCDK_conventional_converted_dev_1,False,False,242,0,0.00,1.00,null,null,null,-1.00,-1.00,-0.145,3671.42,P Carly RT Mix 4p4 2Xdil 3_GC1_01_66463,6624144,8474259,8541210,8294381,7983498.52575,912209.792071301
243,17.726,737.61914,no MS2: SE 28:4/22:1,[M+Na]+,null,1.00,False,14.901,737.62073,C50H82O2,DEGSE,OTEOVAABRKLKPH-UHFFFAOYSA-N,O=C(OC1CC2=CC=C3C(=CCC4(C)C3CCC4C(C=CC(C)C(C)C)C)C2(C)CC1)CCCCCCCCCCCC=CCCCCCCCC,530,False,True,False,Normalized unit: Intensity; Annotation method: Msp20260116160945_NCDK_conventional_converted_dev_1,False,False,243,0,0.00,1.00,null,null,null,-1.00,-1.00,-0.145,778.60,P Carly RT Mix 4p4 2Xdil 3_GC1_01_66463,2289532,3094527,2948812,3040611,2843370.55123437,374093.445282626
244,16.938,737.61932,no MS2: SE 28:4/22:1,[M+Na]+,null,1.00,False,14.901,737.62073,C50H82O2,DEGSE,OTEOVAABRKLKPH-UHFFFAOYSA-N,O=C(OC1CC2=CC=C3C(=CCC4(C)C3CCC4C(C=CC(C)C(C)C)C)C2(C)CC1)CCCCCCCCCCCC=CCCCCCCCC,530,False,True,False,Normalized unit: Intensity; Annotation method: Msp20260116160945_NCDK_conventional_converted_dev_1,False,False,244,0,0.00,1.00,null,null,null,-1.00,-1.00,-0.145,1371.15,P Carly RT Mix 4p4 2Xdil 3_GC1_01_66463,3067975,3818654,3362923,3805032,3513646.02168751,364817.67210441
245,18.064,737.61938,no MS2: SE 28:4/22:1,[M+Na]+,null,0.50,False,14.901,737.62073,C50H82O2,DEGSE,OTEOVAABRKLKPH-UHFFFAOYSA-N,O=C(OC1CC2=CC=C3C(=CCC4(C)C3CCC4C(C=CC(C)C(C)C)C)C2(C)CC1)CCCCCCCCCCCC=CCCCCCCCC,530,False,True,False,Normalized unit: Intensity; Annotation method: Msp20260116160945_NCDK_conventional_converted_dev_1,False,False,245,0,0.00,0.99,null,null,null,-1.00,-1.00,-0.147,158.78,P Carly RT Mix 4p4 2Xdil 2_GC1_01_66462,431249,574494,559363,570752,533964.168671875,68778.6544340416
246,16.718,737.61957,no MS2: SE 28:4/22:1,[M+Na]+,null,1.00,False,14.901,737.62073,C50H82O2,DEGSE,OTEOVAABRKLKPH-UHFFFAOYSA-N,O=C(OC1CC2=CC=C3C(=CCC4(C)C3CCC4C(C=CC(C)C(C)C)C)C2(C)CC1)CCCCCCCCCCCC=CCCCCCCCC,530,False,True,False,Normalized unit: Intensity; Annotation method: Msp20260116160945_NCDK_conventional_converted_dev_1,False,False,246,0,0.00,1.00,null,null,null,-1.00,-1.00,-0.143,2659.44,P Carly RT Mix 4p4 2Xdil 3_GC1_01_66463,6077785,7969800,7611116,7721703,7345100.80831251,858085.536577883
247,15.536,739.60010,no MS2: BA 24:1;O3;G/20:3,[M+NH4]+,null,0.75,False,9.539,739.59839,C46H75NO5,GLCAE,FKOWUHFBTAIKBW-UHFFFAOYSA-N,O=C(O)CNC(=O)CCC(C)C1CCC2C3CCC4CC(OC(=O)CCCCCCCCCC=CCC=CCC=CCC)CCC4(C)C3CCC12C,530,False,True,False,Normalized unit: Intensity; Annotation method: Msp20260116160945_NCDK_conventional_converted_dev_1,False,False,247,0,0.00,0.98,null,null,null,-1.00,-1.00,-0.153,462.00,P Carly RT Mix 4p4 2Xdil 4_GC1_01_66464,355848,573231,518184,547660,498730.8824375,97874.3992744072
248,18.787,739.63385,no MS2: SE 28:4/22:0,[M+Na]+,null,1.00,False,14.999,739.63641,C50H84O2,DEGSE,JEHJSAOHOQIHJP-UHFFFAOYSA-N,O=C(OC1CC2=CC=C3C(=CCC4(C)C3CCC4C(C=CC(C)C(C)C)C)C2(C)CC1)CCCCCCCCCCCCCCCCCCCCC,530,False,True,False,Normalized unit: Intensity; Annotation method: Msp20260116160945_NCDK_conventional_converted_dev_1,False,False,248,0,0.00,0.99,null,null,null,-1.00,-1.00,-0.150,2534.26,P Carly RT Mix 4p4 2Xdil 3_GC1_01_66463,2806340,3823523,3589055,3721332,3485062.24578125,462550.135346193
249,17.580,739.63452,no MS2: SE 28:4/22:0,[M+Na]+,null,0.75,False,14.999,739.63641,C50H84O2,DEGSE,JEHJSAOHOQIHJP-UHFFFAOYSA-N,O=C(OC1CC2=CC=C3C(=CCC4(C)C3CCC4C(C=CC(C)C(C)C)C)C2(C)CC1)CCCCCCCCCCCCCCCCCCCCC,530,False,True,False,Normalized unit: Intensity; Annotation method: Msp20260116160945_NCDK_conventional_converted_dev_1,False,False,249,0,0.00,0.99,null,null,null,-1.00,-1.00,-0.148,206.50,P Carly RT Mix 4p4 2Xdil 3_GC1_01_66463,933343,1287219,1211022,1264724,1174076.93939063,163641.787571182
250,18.185,739.63464,no MS2: SE 28:4/22:0,[M+Na]+,null,1.00,False,14.999,739.63641,C50H84O2,DEGSE,JEHJSAOHOQIHJP-UHFFFAOYSA-N,O=C(OC1CC2=CC=C3C(=CCC4(C)C3CCC4C(C=CC(C)C(C)C)C)C2(C)CC1)CCCCCCCCCCCCCCCCCCCCC,530,False,True,False,Normalized unit: Intensity; Annotation method: Msp20260116160945_NCDK_conventional_converted_dev_1,False,False,250,0,0.00,0.99,null,null,null,-1.00,-1.00,-0.146,18015.69,P Carly RT Mix 4p4 2Xdil 3_GC1_01_66463,20040943,25382169,24614972,25034681,23768191.230125,2504552.0334405
251,16.661,739.63470,no MS2: SE 28:4/22:0,[M+Na]+,null,1.00,False,14.999,739.63641,C50H84O2,DEGSE,JEHJSAOHOQIHJP-UHFFFAOYSA-N,O=C(OC1CC2=CC=C3C(=CCC4(C)C3CCC4C(C=CC(C)C(C)C)C)C2(C)CC1)CCCCCCCCCCCCCCCCCCCCC,530,False,True,False,Normalized unit: Intensity; Annotation method: Msp20260116160945_NCDK_conventional_converted_dev_1,False,False,251,0,0.00,1.00,null,null,null,-1.00,-1.00,-0.145,5498.21,P Carly RT Mix 4p4 2Xdil 3_GC1_01_66463,7043155,9724306,9250630,9455828,8868479.58118751,1232242.63184115
252,18.186,740.28955,Unknown,[M+H]+,null,0.75,False,null,null,null,null,null,null,999,False,False,False,Normalized unit: Intensity,False,False,252,0,0.00,null,null,null,null,null,null,null,723.81,P Carly RT Mix 4p4 2Xdil 4_GC1_01_66464,226417,373725,344637,376936,330429.02303125,70846.8388067224
253,16.546,741.61462,no MS2: BA 24:1;O3;G/20:2,[M+NH4]+,null,0.75,False,9.956,741.61401,C46H77NO5,GLCAE,QTIISWVDXAIDSY-UHFFFAOYSA-N,O=C(O)CNC(=O)CCC(C)C1CCC2C3CCC4CC(OC(=O)CCCCCCCCCC=CCC=CCCCCC)CCC4(C)C3CCC12C,530,False,True,False,Normalized unit: Intensity; Annotation method: Msp20260116160945_NCDK_conventional_converted_dev_1,False,False,253,0,0.00,1.00,null,null,null,-1.00,-1.00,-0.145,749.08,P Carly RT Mix 4p4 2Xdil 2_GC1_01_66462,815521,1399687,1216276,1313287,1186192.79640625,258221.446684613
254,17.038,741.61462,no MS2: BA 24:1;O3;G/20:2,[M+NH4]+,null,1.00,False,9.956,741.61401,C46H77NO5,GLCAE,QTIISWVDXAIDSY-UHFFFAOYSA-N,O=C(O)CNC(=O)CCC(C)C1CCC2C3CCC4CC(OC(=O)CCCCCCCCCC=CCC=CCCCCC)CCC4(C)C3CCC12C,530,False,True,False,Normalized unit: Intensity; Annotation method: Msp20260116160945_NCDK_conventional_converted_dev_1,False,False,254,0,0.00,1.00,null,null,null,-1.00,-1.00,-0.145,872.57,P Carly RT Mix 4p4 2Xdil 2_GC1_01_66462,1304141,1636557,1588813,1581616,1527782.03964063,151074.117498584
255,18.640,741.64984,no MS2: SE 28:3/22:0,[M+Na]+,null,1.00,False,15.377,741.65198,C50H86O2,EGSE,YEUGXZDTWDCHPF-UHFFFAOYSA-N,O=C(OC1CC2=CC=C3C(CCC4(C)C3CCC4C(C=CC(C)C(C)C)C)C2(C)CC1)CCCCCCCCCCCCCCCCCCCCC,530,False,True,False,Normalized unit: Intensity; Annotation method: Msp20260116160945_NCDK_conventional_converted_dev_1,False,False,255,0,0.00,0.99,null,null,null,-1.00,-1.00,-0.150,1003.74,P Carly RT Mix 4p4 2Xdil 3_GC1_01_66463,1434905,2079290,1941802,2009954,1866487.7275625,293145.927737114
256,16.371,746.59375,no MS2: RIKEN P-VS1 ID-9259 from Mouse_SmallIntestine_WT_N_F1,[M+H]+,null,1.00,False,9.110,746.59338,null,Unknown,null,null,530,False,True,False,Normalized unit: Intensity; Annotation method: Msp20260116160945_NCDK_conventional_converted_dev_1,False,False,256,0,0.00,1.00,null,null,null,-1.00,-1.00,-0.129,675.74,P Carly RT Mix 4p4 2Xdil 2_GC1_01_66462,678747,1013432,937002,964753,898483.437296876,149858.44718506
257,15.536,753.61548,no MS2: BA 24:1;O3;G/21:3,[M+NH4]+,null,1.00,False,9.747,753.61401,C47H77NO5,GLCAE,XMZJJVSEYQSAKW-UHFFFAOYSA-N,O=C(O)CNC(=O)CCC(C)C1CCC2C3CCC4CC(OC(=O)CCCCCCCC=CCC=CCC=CCCCCC)CCC4(C)C3CCC12C,530,False,True,False,Normalized unit: Intensity; Annotation method: Msp20260116160945_NCDK_conventional_converted_dev_1,False,False,257,0,0.00,0.99,null,null,null,-1.00,-1.00,-0.149,1675.76,P Carly RT Mix 4p4 2Xdil 1_GC1_01_66461,2419031,3698418,3407481,3530114,3263761.13171875,575643.121517755
258,16.540,755.63000,no MS2: BA 24:1;O3;G/21:2,[M+NH4]+,null,1.00,False,10.648,755.62970,C47H79NO5,GLCAE,NTPZIMSSYURRBJ-UHFFFAOYSA-N,O=C(O)CNC(=O)CCC(C)C1CCC2C3CCC4CC(OC(=O)CCCCCCCCCC=CCC=CCCCCCC)CCC4(C)C3CCC12C,530,False,True,False,Normalized unit: Intensity; Annotation method: Msp20260116160945_NCDK_conventional_converted_dev_1,False,False,258,0,0.00,1.00,null,null,null,-1.00,-1.00,-0.143,3113.03,P Carly RT Mix 4p4 2Xdil 2_GC1_01_66462,4701520,7092240,6326317,6860144,6245055.52090624,1077831.39648925
259,17.029,755.63007,no MS2: BA 24:1;O3;G/21:2,[M+NH4]+,null,1.00,False,10.648,755.62970,C47H79NO5,GLCAE,NTPZIMSSYURRBJ-UHFFFAOYSA-N,O=C(O)CNC(=O)CCC(C)C1CCC2C3CCC4CC(OC(=O)CCCCCCCCCC=CCC=CCCCCCC)CCC4(C)C3CCC12C,530,False,True,False,Normalized unit: Intensity; Annotation method: Msp20260116160945_NCDK_conventional_converted_dev_1,False,False,259,0,0.00,1.00,null,null,null,-1.00,-1.00,-0.143,2989.38,P Carly RT Mix 4p4 2Xdil 2_GC1_01_66462,5955745,7414900,7191168,7347209,6977255.49901563,687420.364259048
260,16.731,755.63013,no MS2: BA 24:1;O3;G/21:2,[M+NH4]+,null,0.75,False,10.648,755.62970,C47H79NO5,GLCAE,NTPZIMSSYURRBJ-UHFFFAOYSA-N,O=C(O)CNC(=O)CCC(C)C1CCC2C3CCC4CC(OC(=O)CCCCCCCCCC=CCC=CCCCCCC)CCC4(C)C3CCC12C,530,False,True,False,Normalized unit: Intensity; Annotation method: Msp20260116160945_NCDK_conventional_converted_dev_1,False,False,260,0,0.00,1.00,null,null,null,-1.00,-1.00,-0.144,682.97,P Carly RT Mix 4p4 2Xdil 2_GC1_01_66462,1537071,2103464,2082135,1996278,1929736.8798125,265845.161282193
261,11.726,758.57117,no MS2: DMPE 35:2|DMPE 5:0_30:2,[M+H]+,null,1.00,False,9.467,758.56940,C42H80NO8P,DMPE,WAZBQZUKCFBZHP-UHFFFAOYSA-N,O=C(OCC(OC(=O)CCCCCCCCCCCCCCCCCC=CCC=CCCCCCCC)COP(=O)(O)OCCN(C)C)CCCC,530,False,True,False,Normalized unit: Intensity; Annotation method: Msp20260116160945_NCDK_conventional_converted_dev_1,False,False,261,0,0.00,1.00,null,null,null,-1.00,-1.00,-0.143,72908.31,P Carly RT Mix 4p4 2Xdil 4_GC1_01_66464,62082251,86251314,79866626,82640888,77710269.80075,10741590.0203289
262,11.726,758.72485,Unknown,[M+2H]2+,null,1.00,False,null,null,null,null,null,null,999,False,False,False,Normalized unit: Intensity,False,False,262,0,0.00,null,null,null,null,null,null,null,1373.09,P Carly RT Mix 4p4 2Xdil 2_GC1_01_66462,731837,1115147,1002069,1064096,978287.392874999,170681.759847414
263,11.726,758.84064,Unknown,[M+H]+,null,1.00,False,null,null,null,null,null,null,999,False,False,False,Normalized unit: Intensity,False,False,263,0,0.00,null,null,null,null,null,null,null,1482.07,P Carly RT Mix 4p4 2Xdil 2_GC1_01_66462,798991,1147229,1053231,1117056,1029126.737625,158348.735250863
264,11.726,758.97412,Unknown,[M+H]+,null,0.25,False,null,null,null,null,null,null,999,False,False,False,Normalized unit: Intensity,False,False,264,0,0.00,null,null,null,null,null,null,null,606.29,P Carly RT Mix 4p4 2Xdil 4_GC1_01_66464,44808,308469,253944,274006,220307.00228125,119146.207688956
265,11.726,760.23883,Unknown,[M+H]+,null,1.00,False,null,null,null,null,null,null,999,False,False,False,Normalized unit: Intensity,False,False,265,0,0.00,null,null,null,null,null,null,null,1112.41,P Carly RT Mix 4p4 2Xdil 2_GC1_01_66462,408390,777213,650316,697283,633300.443328125,158827.707036087
266,12.903,760.58734,no MS2: Cer 49:11;O4|Cer 12:1;O2/37:10;O2,[M+H]+,null,1.00,False,10.908,760.58752,C49H77NO5,Cer_EOS,DDLJIZBIJAEWSX-UHFFFAOYSA-N,O=C(OCCC=CCC=CCC=CCCCCC(=O)NC(CO)C(O)C=CCCCCCCC)CCC=CCC=CCC=CCC=CCC=CCC=CCC,530,False,True,False,Normalized unit: Intensity; Annotation method: Msp20260116160945_NCDK_conventional_converted_dev_1,False,False,266,0,0.00,1.00,null,null,null,-1.00,-1.00,-0.143,63423.74,P Carly RT Mix 4p4 2Xdil 2_GC1_01_66462,57054822,77331561,72375624,75293508,70513878.7640313,9200325.50848589
267,12.903,760.74115,Unknown,[M+2H]2+,null,1.00,False,null,null,null,null,null,null,999,False,False,False,Normalized unit: Intensity,False,False,267,0,0.00,null,null,null,null,null,null,null,1100.05,P Carly RT Mix 4p4 2Xdil 2_GC1_01_66462,686762,1053299,929641,993106,915702.040578126,160760.968111689
268,12.903,760.85699,Unknown,[M+H]+,null,1.00,False,null,null,null,null,null,null,999,False,False,False,Normalized unit: Intensity,False,False,268,0,0.00,null,null,null,null,null,null,null,1245.12,P Carly RT Mix 4p4 2Xdil 2_GC1_01_66462,723788,1044403,976611,1006127,937732.443281251,145304.501000038
269,12.903,762.25574,Unknown,[M+H]+,null,1.00,False,null,null,null,null,null,null,999,False,False,False,Normalized unit: Intensity,False,False,269,0,0.00,null,null,null,null,null,null,null,1159.77,P Carly RT Mix 4p4 2Xdil 2_GC1_01_66462,334322,664948,561979,612032,543320.166203125,145536.645920643
270,14.289,762.60193,no MS2: DMPE 35:0|DMPE 30:0_5:0,[M+H]+,null,0.75,False,13.068,762.60071,C42H84NO8P,DMPE,JRWXOFFZCHKSOK-UHFFFAOYSA-N,O=C(OCC(OC(=O)CCCC)COP(=O)(O)OCCN(C)C)CCCCCCCCCCCCCCCCCCCCCCCCCCCCC,530,False,True,False,Normalized unit: Intensity; Annotation method: Msp20260116160945_NCDK_conventional_converted_dev_1,False,False,270,0,0.00,1.00,null,null,null,-1.00,-1.00,-0.143,393.20,P Carly RT Mix 4p4 2Xdil 4_GC1_01_66464,394070,552080,514296,530558,497750.991359375,70831.6049475302
271,11.076,764.59222,no MS2: RIKEN P-VS1 ID-9926 from Mouse_Macrophage_WT_N_F1EPA,[M+H]+,null,1.00,False,8.960,764.58649,null,Unknown,null,null,530,False,True,False,Normalized unit: Intensity; Annotation method: Msp20260116160945_NCDK_conventional_converted_dev_1,False,False,271,0,0.00,0.82,null,null,null,-1.00,-1.00,-0.210,1066.75,P Carly RT Mix 4p4 2Xdil 4_GC1_01_66464,1815700,2926257,2633832,2766489,2535569.6356875,494580.093083461
272,16.731,771.62555,no MS2: BA 24:1;O4;G/21:2,[M+NH4]+,null,1.00,False,8.425,771.62457,C47H79NO6,GDCAE,HUKRAFNNXRIPNQ-UHFFFAOYSA-N,O=C(O)CNC(=O)CCC(C)C1CCC2C3CCC4CC(OC(=O)CCCCCCCCCC=CCC=CCCCCCC)CCC4(C)C3CC(O)C12C,530,False,True,False,Normalized unit: Intensity; Annotation method: Msp20260116160945_NCDK_conventional_converted_dev_1,False,False,272,0,0.00,0.99,null,null,null,-1.00,-1.00,-0.147,642.09,P Carly RT Mix 4p4 2Xdil 2_GC1_01_66462,1137436,1697789,1580735,1630575,1511633.77626563,254033.720578933
273,15.536,771.62616,no MS2: BA 24:1;O4;G/21:2,[M+NH4]+,null,0.50,False,8.425,771.62457,C47H79NO6,GDCAE,HUKRAFNNXRIPNQ-UHFFFAOYSA-N,O=C(O)CNC(=O)CCC(C)C1CCC2C3CCC4CC(OC(=O)CCCCCCCCCC=CCC=CCCCCCC)CCC4(C)C3CC(O)C12C,530,False,True,False,Normalized unit: Intensity; Annotation method: Msp20260116160945_NCDK_conventional_converted_dev_1,False,False,273,0,0.00,0.99,null,null,null,-1.00,-1.00,-0.150,284.62,P Carly RT Mix 4p4 2Xdil 4_GC1_01_66464,401862,616336,547737,599019,541238.541390625,97376.0541046379
274,11.726,780.55298,no MS2: NAGlySer 41:10;O2|NAGlySer 15:3;O(FA 26:6),[M+NH4]+,null,1.00,False,8.247,780.55212,C46H70N2O7,NAGlySer,QJXPKYVYSTZUAR-UHFFFAOYSA-N,O=C(OC(C=CCC=CCC=CCC)CCCC(=O)NCC(=O)NC(C(=O)O)CO)CCCCCCC=CCC=CCC=CCC=CCC=CCC=CCC,530,False,True,False,Normalized unit: Intensity; Annotation method: Msp20260116160945_NCDK_conventional_converted_dev_1,False,False,274,0,0.00,1.00,null,null,null,-1.00,-1.00,-0.143,1983.76,P Carly RT Mix 4p4 2Xdil 1_GC1_01_66461,2541104,3697788,3399147,3474340,3278094.96489062,507432.720447521
275,12.903,782.56909,no MS2: NAGlySer 41:9;O2|NAGlySer 15:2;O(FA 26:6),[M+NH4]+,null,1.00,False,7.892,782.56781,C46H72N2O7,NAGlySer,JMCCZEKHWHPGJT-UHFFFAOYSA-N,O=C(OC(C=CCC=CCCC)CCCCCC(=O)NCC(=O)NC(C(=O)O)CO)CCCCCCC=CCC=CCC=CCC=CCC=CCC=CCC,530,False,True,False,Normalized unit: Intensity; Annotation method: Msp20260116160945_NCDK_conventional_converted_dev_1,False,False,275,0,0.00,1.00,null,null,null,-1.00,-1.00,-0.143,2956.80,P Carly RT Mix 4p4 2Xdil 3_GC1_01_66463,2156145,3113426,3030580,3037362,2834378.28620313,453712.786225004
276,13.111,786.60291,no MS2: Cer 51:12;O4|Cer 12:1;O2/39:11;O2,[M+H]+,null,1.00,False,11.046,786.60309,C51H79NO5,Cer_EOS,MLGJHRAHIPLDHN-UHFFFAOYSA-N,O=C(OCCC=CCC=CCC=CCC=CCCCC(=O)NC(CO)C(O)C=CCCCCCCC)CCC=CCC=CCC=CCC=CCC=CCC=CCC,530,False,True,False,Normalized unit: Intensity; Annotation method: Msp20260116160945_NCDK_conventional_converted_dev_1,False,False,276,0,0.00,1.00,null,null,null,-1.00,-1.00,-0.143,736.65,P Carly RT Mix 4p4 2Xdil 2_GC1_01_66462,779949,1073210,1004087,1042020,974816.370578125,132950.920630024
277,14.510,788.61865,no MS2: Cer 51:11;O4|Cer 12:1;O2/39:10;O2,[M+H]+,null,1.00,False,11.494,788.61877,C51H81NO5,Cer_EOS,UWYOHPVGSOMAKF-UHFFFAOYSA-N,O=C(OCCC=CCC=CCC=CCCCCCCC(=O)NC(CO)C(O)C=CCCCCCCC)CCC=CCC=CCC=CCC=CCC=CCC=CCC,530,False,True,False,Normalized unit: Intensity; Annotation method: Msp20260116160945_NCDK_conventional_converted_dev_1,False,False,277,0,0.00,1.00,null,null,null,-1.00,-1.00,-0.143,56605.98,P Carly RT Mix 4p4 2Xdil 2_GC1_01_66462,51947139,72375559,68066865,69497607,65471792.5097813,9192747.76343152
278,14.510,788.89276,Unknown,[M+H]+,null,1.00,False,null,null,null,null,null,null,999,False,False,False,Normalized unit: Intensity,False,False,278,0,0.00,null,null,null,null,null,null,null,1354.28,P Carly RT Mix 4p4 2Xdil 2_GC1_01_66462,686154,1027023,936770,976728,906668.6523125,151576.669234476
279,14.510,789.29620,Unknown,[M+2H]2+,null,1.00,False,null,null,null,null,null,null,999,False,False,False,Normalized unit: Intensity,False,False,279,0,0.00,null,null,null,null,null,null,null,3071.52,P Carly RT Mix 4p4 2Xdil 2_GC1_01_66462,1204885,1807200,1601200,1679688,1573243.2334375,259830.390281212
280,15.813,790.63385,no MS2: Cer 51:10;O4|Cer 12:1;O2/39:9;O2,[M+H]+,null,1.00,False,12.338,790.63440,C51H83NO5,Cer_EOS,JYFNGOFQIOBAIX-UHFFFAOYSA-N,O=C(OCCCCC=CCC=CCCCCCCCC(=O)NC(CO)C(O)C=CCCCCCCC)CCC=CCC=CCC=CCC=CCC=CCC=CCC,530,False,True,False,Normalized unit: Intensity; Annotation method: Msp20260116160945_NCDK_conventional_converted_dev_1,False,False,280,0,0.00,1.00,null,null,null,-1.00,-1.00,-0.143,69259.08,P Carly RT Mix 4p4 2Xdil 3_GC1_01_66463,60140937,80740722,77153597,79896810,74483016.5287969,9683237.68920804
281,15.813,790.79089,Unknown,[M+2H]2+,null,1.00,False,null,null,null,null,null,null,999,False,False,False,Normalized unit: Intensity,False,False,281,0,0.00,null,null,null,null,null,null,null,1480.73,P Carly RT Mix 4p4 2Xdil 2_GC1_01_66462,771117,1142588,1024264,1100156,1009531.280875,166308.232395815
282,15.813,790.90887,Unknown,[M+H]+,null,1.00,False,null,null,null,null,null,null,999,False,False,False,Normalized unit: Intensity,False,False,282,0,0.00,null,null,null,null,null,null,null,1880.59,P Carly RT Mix 4p4 2Xdil 2_GC1_01_66462,835130,1154421,1070226,1101586,1040340.71665625,141149.625174791
283,14.510,810.60046,no MS2: DMPE 39:4|DMPE 5:0_34:4,[M+H]+,null,1.00,False,10.938,810.60071,C46H84NO8P,DMPE,YZBROJFPJKNUJO-UHFFFAOYSA-N,O=C(OCC(OC(=O)CCCCCCCCCCCCCCCCCCCCC=CCC=CCC=CCC=CCC)COP(=O)(O)OCCN(C)C)CCCC,530,False,True,False,Normalized unit: Intensity; Annotation method: Msp20260116160945_NCDK_conventional_converted_dev_1,False,False,283,0,0.00,1.00,null,null,null,-1.00,-1.00,-0.143,2233.58,P Carly RT Mix 4p4 2Xdil 2_GC1_01_66462,1888822,2728259,2460685,2553026,2407697.85585938,363281.364077878
284,15.813,812.61597,no MS2: DMPE 39:3|DMPE 5:0_34:3,[M+H]+,null,1.00,False,11.616,812.61639,C46H86NO8P,DMPE,PWBLIPDTDTZCDQ-UHFFFAOYSA-N,O=C(OCC(OC(=O)CCCCCCCCCCCCCCCCCCC=CCC=CCC=CCCCCCCC)COP(=O)(O)OCCN(C)C)CCCC,530,False,True,False,Normalized unit: Intensity; Annotation method: Msp20260116160945_NCDK_conventional_converted_dev_1,False,False,284,0,0.00,1.00,null,null,null,-1.00,-1.00,-0.143,3303.82,P Carly RT Mix 4p4 2Xdil 3_GC1_01_66463,2349360,3313286,3109940,3256484,3007267.5998125,446892.904994312
285,11.726,816.62415,no MS2: RIKEN P-VS1 ID-12036 from Mouse_Macrophage_WT_N_F1,[M+H]+,null,1.00,False,9.130,816.62610,null,Unknown,null,null,530,False,True,False,Normalized unit: Intensity; Annotation method: Msp20260116160945_NCDK_conventional_converted_dev_1,False,False,285,0,0.00,0.97,null,null,null,-1.00,-1.00,-0.141,3762.71,P Carly RT Mix 4p4 2Xdil 2_GC1_01_66462,2504357,4120579,3656077,3816060,3524268.29692187,706711.292627251
286,12.903,818.64032,no MS2: RIKEN P-VS1 ID-12124 from Mouse_Brain_WT_N_F1AA,[M+H]+,null,1.00,False,11.750,818.64038,null,Unknown,null,null,530,False,True,False,Normalized unit: Intensity; Annotation method: Msp20260116160945_NCDK_conventional_converted_dev_1,False,False,286,0,0.00,1.00,null,null,null,-1.00,-1.00,-0.129,3359.17,P Carly RT Mix 4p4 2Xdil 2_GC1_01_66462,1965902,3257185,2988459,3128379,2834981.0515625,589687.057418717
287,16.990,818.66406,no MS2: Cer 53:10;O4|Cer 12:1;O2/41:9;O2,[M+H]+,null,1.00,False,12.329,818.66571,C53H87NO5,Cer_EOS,XRCDUNNTDVWWCV-UHFFFAOYSA-N,O=C(OCCCCCCC=CCC=CCCCCCCCC(=O)NC(CO)C(O)C=CCCCCCCC)CCC=CCC=CCC=CCC=CCC=CCC=CCC,530,False,True,False,Normalized unit: Intensity; Annotation method: Msp20260116160945_NCDK_conventional_converted_dev_1,False,False,287,0,0.00,1.00,null,null,null,-1.00,-1.00,-0.143,950.01,P Carly RT Mix 4p4 2Xdil 3_GC1_01_66463,810811,1097874,1048739,1063260,1005171.02498438,131202.482946879
288,14.510,846.67163,no MS2: RIKEN P-VS1 ID-13237 from Mouse_Lung_WT_N_F1,[M+H]+,null,1.00,False,10.970,846.67212,null,Unknown,null,null,530,False,True,False,Normalized unit: Intensity; Annotation method: Msp20260116160945_NCDK_conventional_converted_dev_1,False,False,288,0,0.00,1.00,null,null,null,-1.00,-1.00,-0.129,2725.96,P Carly RT Mix 4p4 2Xdil 2_GC1_01_66462,1565673,2517434,2345049,2451433,2219897.37760938,441893.158003353
289,15.808,848.68707,no MS2: RIKEN P-VS1 ID-13314 from Mouse_Brain_WT_N_F1,[M+H]+,null,1.00,False,13.210,848.68030,null,Unknown,null,null,530,False,True,False,Normalized unit: Intensity; Annotation method: Msp20260116160945_NCDK_conventional_converted_dev_1,False,False,289,0,0.00,0.78,null,null,null,-1.00,-1.00,-0.226,2980.55,P Carly RT Mix 4p4 2Xdil 1_GC1_01_66461,1737882,2914018,2702236,2851173,2551327.10246875,549520.627486903
290,20.945,848.77032,no MS2: TG 50:2|TG 8:0_8:0_34:2,[M+NH4]+,null,0.75,False,14.271,848.77020,C53H98O6,TG,VZLKOMBMLGTLFF-UHFFFAOYSA-N,O=C(OCC(OC(=O)CCCCCCC)COC(=O)CCCCCCCCCCCCCCCCCCCCCC=CCC=CCCCCCCC)CCCCCCC,530,False,True,False,Normalized unit: Intensity; Annotation method: Msp20260116160945_NCDK_conventional_converted_dev_1,False,False,290,0,0.00,1.00,null,null,null,-1.00,-1.00,-0.143,443.52,P Carly RT Mix 4p4 2Xdil 2_GC1_01_66462,612318,721668,708109,697581,684919.169609374,49394.6084911858
291,21.285,850.78583,no MS2: TG 50:1|TG 8:0_8:0_34:1,[M+NH4]+,null,1.00,False,14.765,850.78583,C53H100O6,TG,WLEHGRAGAYLVMG-UHFFFAOYSA-N,O=C(OCC(OC(=O)CCCCCCC)COC(=O)CCCCCCCCCCCCCCCCCCCCCCCC=CCCCCCCCC)CCCCCCC,530,False,True,False,Normalized unit: Intensity; Annotation method: Msp20260116160945_NCDK_conventional_converted_dev_1,False,False,291,0,0.00,1.00,null,null,null,-1.00,-1.00,-0.143,65618.64,P Carly RT Mix 4p4 2Xdil 2_GC1_01_66462,51488736,69860034,66927187,68377361,64163329.5520157,8534141.76284104
292,21.285,850.94769,Unknown,[M+2H]2+,null,1.00,False,null,null,null,null,null,null,999,False,False,False,Normalized unit: Intensity,False,False,292,0,0.00,null,null,null,null,null,null,null,2002.16,P Carly RT Mix 4p4 2Xdil 4_GC1_01_66464,717809,1037402,1005570,1047623,952100.986171877,157218.158067622
293,21.285,851.07117,Unknown,[M+H]+,null,1.00,False,null,null,null,null,null,null,999,False,False,False,Normalized unit: Intensity,False,False,293,0,0.00,null,null,null,null,null,null,null,2233.83,P Carly RT Mix 4p4 2Xdil 2_GC1_01_66462,749003,1024358,982308,1009107,941194.148765627,129300.692462067
294,21.285,852.49329,no MS2: RIKEN P-VS1 ID-13462 from Mouse_Heart_WT_N_F1DHA,[M+H]+,null,1.00,False,8.850,852.49402,null,Unknown,null,null,530,False,True,False,Normalized unit: Intensity; Annotation method: Msp20260116160945_NCDK_conventional_converted_dev_1,False,False,294,0,0.00,1.00,null,null,null,-1.00,-1.00,-0.129,1281.01,P Carly RT Mix 4p4 2Xdil 3_GC1_01_66463,564919,894389,845927,891468,799175.703750002,157739.639742507
295,21.298,855.74023,no MS2: TG 50:1|TG 8:0_8:0_34:1,[M+Na]+,null,1.00,False,14.765,855.74121,C53H100O6,TG,WLEHGRAGAYLVMG-UHFFFAOYSA-N,O=C(OCC(OC(=O)CCCCCCC)COC(=O)CCCCCCCCCCCCCCCCCCCCCCCC=CCCCCCCCC)CCCCCCC,530,False,True,False,Normalized unit: Intensity; Annotation method: Msp20260116160945_NCDK_conventional_converted_dev_1,False,False,295,0,0.00,1.00,null,null,null,-1.00,-1.00,-0.143,4076.28,P Carly RT Mix 4p4 2Xdil 3_GC1_01_66463,3918017,4461527,4347055,4362378,4272244.28975001,241541.022709772
296,21.320,871.71423,no MS2: DG 53:7,[M+Na]+,null,1.00,False,13.900,871.71503,C56H96O5,DG,UWZDRFZWHVTAKG-UHFFFAOYSA-N,O=C(OCC(OC(=O)CCCCCCCCCCCCCCCC=CCC=CCC=CCC=CCC=CCC=CCC=CCC)CO)CCCCCCCCCCCCCC,530,False,True,False,Normalized unit: Intensity; Annotation method: Msp20260116160945_NCDK_conventional_converted_dev_1,False,False,296,0,0.00,1.00,null,null,null,-1.00,-1.00,-0.143,506.50,P Carly RT Mix 4p4 2Xdil 4_GC1_01_66464,517935,499114,500491,485135,500668.789375001,13439.675701181
297,20.575,872.76947,no MS2: TG 52:4|TG 8:0_8:0_36:4,[M+NH4]+,null,1.00,False,14.237,872.77020,C55H98O6,TG,TVCXNLFXLACFHK-UHFFFAOYSA-N,O=C(OCC(OC(=O)CCCCCCC)COC(=O)CCCCCCCCCCCCCCCCCCCCCCC=CCC=CCC=CCC=CCC)CCCCCCC,530,False,True,False,Normalized unit: Intensity; Annotation method: Msp20260116160945_NCDK_conventional_converted_dev_1,False,False,297,0,0.00,1.00,null,null,null,-1.00,-1.00,-0.143,1061.38,P Carly RT Mix 4p4 2Xdil 3_GC1_01_66463,2224977,2370400,2334348,2338974,2317174.8705625,63517.41336434
298,20.965,874.78467,no MS2: TG 52:3|TG 8:0_8:0_36:3,[M+NH4]+,null,1.00,False,14.469,874.78583,C55H100O6,TG,SMVJWGZQUSFCNG-UHFFFAOYSA-N,O=C(OCC(OC(=O)CCCCCCC)COC(=O)CCCCCCCCCCCCCCCCCCCCC=CCC=CCC=CCCCCCCC)CCCCCCC,530,False,True,False,Normalized unit: Intensity; Annotation method: Msp20260116160945_NCDK_conventional_converted_dev_1,False,False,298,0,0.00,1.00,null,null,null,-1.00,-1.00,-0.143,1194.36,P Carly RT Mix 4p4 2Xdil 3_GC1_01_66463,1605914,1627615,1630151,1631388,1623766.93703125,12005.3527087349
299,21.350,876.80060,no MS2: TG 52:2|TG 8:0_8:0_36:2,[M+NH4]+,null,1.00,False,14.765,876.80151,C55H102O6,TG,RNPAKTRKCHCWDH-UHFFFAOYSA-N,O=C(OCC(OC(=O)CCCCCCC)COC(=O)CCCCCCCCCCCCCCCCCCCCCCCC=CCC=CCCCCCCC)CCCCCCC,530,False,True,False,Normalized unit: Intensity; Annotation method: Msp20260116160945_NCDK_conventional_converted_dev_1,False,False,299,0,0.00,1.00,null,null,null,-1.00,-1.00,-0.143,582.02,P Carly RT Mix 4p4 2Xdil 3_GC1_01_66463,838182,841748,844640,843802,842093.261093749,2876.56847221982
300,21.285,877.79626,no MS2: RIKEN P-VS1 ID-14438 from Mouse_Plasma_WT_N_Ctr,[M+H]+,null,1.00,False,14.550,877.79492,null,Unknown,null,null,530,False,True,False,Normalized unit: Intensity; Annotation method: Msp20260116160945_NCDK_conventional_converted_dev_1,False,False,300,0,0.00,1.00,null,null,null,-1.00,-1.00,-0.131,10694.33,P Carly RT Mix 4p4 2Xdil 1_GC1_01_66461,6607643,7921592,7670441,7770330,7492501.26371876,598872.43759956
301,21.285,891.81171,no MS2: RIKEN P-VS1 ID-14892 from Mouse_Plasma_ApoEKO_N_F1DHA,[M+H]+,null,1.00,False,14.840,891.81812,null,Unknown,null,null,530,False,True,False,Normalized unit: Intensity; Annotation method: Msp20260116160945_NCDK_conventional_converted_dev_1,False,False,301,0,0.00,0.85,null,null,null,-1.00,-1.00,-0.196,18808.14,P Carly RT Mix 4p4 2Xdil 3_GC1_01_66463,13013537,16475019,15661320,16001591,15287866.7713594,1552500.76875408
302,19.796,894.75458,no MS2: TG 54:7|TG 8:0_8:0_38:7,[M+NH4]+,null,1.00,False,13.258,894.75452,C57H96O6,TG,VGEWCLLUPAZUPL-UHFFFAOYSA-N,O=C(OCC(OC(=O)CCCCCCC)COC(=O)CCCCCCCCCCCCCCCC=CCC=CCC=CCC=CCC=CCC=CCC=CCC)CCCCCCC,530,False,True,False,Normalized unit: Intensity; Annotation method: Msp20260116160945_NCDK_conventional_converted_dev_1,False,False,302,0,0.00,1.00,null,null,null,-1.00,-1.00,-0.143,350.75,P Carly RT Mix 4p4 2Xdil 3_GC1_01_66463,870532,883107,870387,848448,868118.672359374,14405.619742105
303,20.211,896.76947,no MS2: TG 54:6|TG 8:0_8:0_38:6,[M+NH4]+,null,1.00,False,13.776,896.77020,C57H98O6,TG,MPJPHTZTJJUBFS-UHFFFAOYSA-N,O=C(OCC(OC(=O)CCCCCCC)COC(=O)CCCCCCCCCCCCCCCCCCC=CCC=CCC=CCC=CCC=CCC=CCC)CCCCCCC,530,False,True,False,Normalized unit: Intensity; Annotation method: Msp20260116160945_NCDK_conventional_converted_dev_1,False,False,303,0,0.00,1.00,null,null,null,-1.00,-1.00,-0.143,1569.05,P Carly RT Mix 4p4 2Xdil 4_GC1_01_66464,2201390,2237226,2174140,2183615,2199092.89226562,27818.8605964844
304,20.610,898.78467,no MS2: TG 54:5|TG 8:0_8:0_38:5,[M+NH4]+,null,1.00,False,14.112,898.78583,C57H100O6,TG,QEUNXFKXMXOSEM-UHFFFAOYSA-N,O=C(OCC(OC(=O)CCCCCCC)COC(=O)CCCCCCCCCCCCCCCCCCCCCC=CCC=CCC=CCC=CCC=CCC)CCCCCCC,530,False,True,False,Normalized unit: Intensity; Annotation method: Msp20260116160945_NCDK_conventional_converted_dev_1,False,False,304,0,0.00,1.00,null,null,null,-1.00,-1.00,-0.144,2105.86,P Carly RT Mix 4p4 2Xdil 3_GC1_01_66463,3227448,3413627,3350646,3399710,3347857.73984375,84696.7458242721
305,21.043,900.80029,no MS2: TG 54:4|TG 8:0_8:0_38:4,[M+NH4]+,null,1.00,False,14.090,900.80151,C57H102O6,TG,SDHHDMYGROQKNA-UHFFFAOYSA-N,O=C(OCC(OC(=O)CCCCCCC)COC(=O)CCCCCCCCCCCCCCCCCCCCCCCCC=CCC=CCC=CCC=CCC)CCCCCCC,530,False,True,False,Normalized unit: Intensity; Annotation method: Msp20260116160945_NCDK_conventional_converted_dev_1,False,False,305,0,0.00,1.00,null,null,null,-1.00,-1.00,-0.143,1193.89,P Carly RT Mix 4p4 2Xdil 3_GC1_01_66463,2543446,2621819,2604276,2671475,2610254.11004688,52854.1803390393
306,20.211,901.72522,no MS2: TG 54:6|TG 8:0_8:0_38:6,[M+Na]+,null,1.00,False,13.776,901.72559,C57H98O6,TG,MPJPHTZTJJUBFS-UHFFFAOYSA-N,O=C(OCC(OC(=O)CCCCCCC)COC(=O)CCCCCCCCCCCCCCCCCCC=CCC=CCC=CCC=CCC=CCC=CCC)CCCCCCC,530,False,True,False,Normalized unit: Intensity; Annotation method: Msp20260116160945_NCDK_conventional_converted_dev_1,False,False,306,0,0.00,1.00,null,null,null,-1.00,-1.00,-0.143,455.28,P Carly RT Mix 4p4 2Xdil 4_GC1_01_66464,755289,739181,723317,732263,737512.384515624,13513.77596012
307,21.389,902.81659,no MS2: TG 54:3|TG 8:0_8:0_38:3,[M+NH4]+,null,1.00,False,14.407,902.81708,C57H104O6,TG,RCSKZUBNPPWQCB-UHFFFAOYSA-N,O=C(OCC(OC(=O)CCCCCCC)COC(=O)CCCCCCCCCCCCCCCCCCCCCCC=CCC=CCC=CCCCCCCC)CCCCCCC,530,False,True,False,Normalized unit: Intensity; Annotation method: Msp20260116160945_NCDK_conventional_converted_dev_1,False,False,307,0,0.00,1.00,null,null,null,-1.00,-1.00,-0.144,515.04,P Carly RT Mix 4p4 2Xdil 3_GC1_01_66463,1100146,1142646,1147529,1132118,1130609.65398437,21302.9741575235
308,20.627,903.74054,no MS2: TG 54:5|TG 8:0_8:0_38:5,[M+Na]+,null,0.50,False,14.112,903.74121,C57H100O6,TG,QEUNXFKXMXOSEM-UHFFFAOYSA-N,O=C(OCC(OC(=O)CCCCCCC)COC(=O)CCCCCCCCCCCCCCCCCCCCCC=CCC=CCC=CCC=CCC=CCC)CCCCCCC,530,False,True,False,Normalized unit: Intensity; Annotation method: Msp20260116160945_NCDK_conventional_converted_dev_1,False,False,308,0,0.00,1.00,null,null,null,-1.00,-1.00,-0.144,369.26,P Carly RT Mix 4p4 2Xdil 1_GC1_01_66461,764175,708477,717089,712328,725517.157984375,26011.2775170517
309,21.779,904.83173,no MS2: TG 54:2|TG 8:0_8:0_38:2,[M+NH4]+,null,1.00,False,14.863,904.83282,C57H106O6,TG,CJABAEYPPMEUSO-UHFFFAOYSA-N,O=C(OCC(OC(=O)CCCCCCC)COC(=O)CCCCCCCCCCCCCCCCCCCCCCCCCC=CCC=CCCCCCCC)CCCCCCC,530,False,True,False,Normalized unit: Intensity; Annotation method: Msp20260116160945_NCDK_conventional_converted_dev_1,False,False,309,0,0.00,1.00,null,null,null,-1.00,-1.00,-0.143,37394.17,P Carly RT Mix 4p4 2Xdil 3_GC1_01_66463,29981060,42494279,41437097,41708391,38905206.6190312,5966298.36368857
310,21.774,904.99933,Unknown,[M+H]+,null,1.00,False,null,null,null,null,null,null,999,False,False,False,Normalized unit: Intensity,False,False,310,0,0.00,null,null,null,null,null,null,null,1008.86,P Carly RT Mix 4p4 2Xdil 2_GC1_01_66462,314564,580791,507046,541235,485908.685765624,118137.553938671
311,21.774,905.12354,Unknown,[M+H]+,null,1.00,False,null,null,null,null,null,null,999,False,False,False,Normalized unit: Intensity,False,False,311,0,0.00,null,null,null,null,null,null,null,1164.13,P Carly RT Mix 4p4 2Xdil 4_GC1_01_66464,399631,644987,614672,634173,573365.886265624,116500.291575171
312,21.774,905.55750,Unknown,[M+H]+,null,1.00,False,null,null,null,null,null,null,999,False,False,False,Normalized unit: Intensity,False,False,312,0,0.00,null,null,null,null,null,null,null,1667.84,P Carly RT Mix 4p4 2Xdil 4_GC1_01_66464,635316,980276,948568,978166,885581.548859374,167470.143263939
313,1.442,907.50800,Unknown,[M+H]+,null,1.00,False,null,null,null,null,null,null,999,False,False,False,Normalized unit: Intensity,False,False,313,0,0.00,null,null,null,null,null,null,null,2183.08,P Carly RT Mix 4p4 2Xdil 2_GC1_01_66462,1005396,1803303,1466284,1708496,1495869.83879688,356447.760357648
314,21.783,909.78687,no MS2: TG 54:2|TG 8:0_8:0_38:2,[M+Na]+,null,1.00,False,14.863,909.78821,C57H106O6,TG,CJABAEYPPMEUSO-UHFFFAOYSA-N,O=C(OCC(OC(=O)CCCCCCC)COC(=O)CCCCCCCCCCCCCCCCCCCCCCCCCC=CCC=CCCCCCCC)CCCCCCC,530,False,True,False,Normalized unit: Intensity; Annotation method: Msp20260116160945_NCDK_conventional_converted_dev_1,False,False,314,0,0.00,1.00,null,null,null,-1.00,-1.00,-0.143,5617.57,P Carly RT Mix 4p4 2Xdil 3_GC1_01_66463,3216458,3713788,3670419,3692100,3573191.03592187,238480.246609541
315,20.588,913.79614,no MS2: SL 54:2;O2|SL 18:1;O/36:1;O,[M+NH4]+,null,1.00,False,13.305,913.80011,C54H105NO6S,SL,RKZQMLBZUOEOMF-UHFFFAOYSA-N,O=C(N(CC(O)C=CCCCCCCCCCCCCC)CS(=O)(=O)O)C(O)CCCCCCCCCCCCCCCCCCCCCCC=CCCCCCCCCCC,530,False,True,False,Normalized unit: Intensity; Annotation method: Msp20260116160945_NCDK_conventional_converted_dev_1,False,False,315,0,0.00,0.92,null,null,null,-1.00,-1.00,-0.184,972.25,P Carly RT Mix 4p4 2Xdil 3_GC1_01_66463,1283430,1316546,1307716,1321434,1307281.46690625,16883.6791415976
316,20.965,915.81128,no MS2: RIKEN P-VS1 ID-15692 from Mouse_Adipose_WT_N_F1,[M+H]+,null,1.00,False,14.190,915.81299,null,Unknown,null,null,530,False,True,False,Normalized unit: Intensity; Annotation method: Msp20260116160945_NCDK_conventional_converted_dev_1,False,False,316,0,0.00,1.00,null,null,null,-1.00,-1.00,-0.130,421.11,P Carly RT Mix 4p4 2Xdil 3_GC1_01_66463,794324,790711,789893,740125,778763.149375,25830.585383714
317,23.381,915.85303,no MS2: SL 55:0;O|SL 19:0;O/36:0,[M+NH4]+,null,0.50,False,14.077,915.85211,C55H111NO5S,SL,XTVIHKJNYSEQCJ-UHFFFAOYSA-N,O=C(N(CC(O)CCCCCCCCCCCCCCCC)CS(=O)(=O)O)CCCCCCCCCCCCCCCCCCCCCCCCCCCCCCCCCCC,530,False,True,False,Normalized unit: Intensity; Annotation method: Msp20260116160945_NCDK_conventional_converted_dev_1,False,False,317,0,0.00,1.00,null,null,null,-1.00,-1.00,-0.145,334.34,P Carly RT Mix 4p4 2Xdil 2_GC1_01_66462,293757,423410,399073,411298,381884.3599375,59586.0401701414
318,21.787,925.76105,no MS2: DG 57:8,[M+K]+,null,1.00,False,13.677,925.76190,C60H102O5,DG,HLUWBWSLQDTFFG-UHFFFAOYSA-N,O=C(OCC(OC(=O)CCCCCCCCCCCCC=CCC=CCC=CCC=CCC=CCC=CCC=CCC=CCC)CO)CCCCCCCCCCCCCCCCCC,530,False,True,False,Normalized unit: Intensity; Annotation method: Msp20260116160945_NCDK_conventional_converted_dev_1,False,False,318,0,0.00,1.00,null,null,null,-1.00,-1.00,-0.143,466.92,P Carly RT Mix 4p4 2Xdil 3_GC1_01_66463,522500,521543,513324,534919,523071.572828125,8907.74139926309
319,20.614,925.79596,no MS2: SL 55:3;O2|SL 19:1;O/36:2;O,[M+NH4]+,null,1.00,False,13.086,925.80011,C55H105NO6S,SL,BJQQWDMWCSIMCW-UHFFFAOYSA-N,O=C(N(CC(O)C=CCCCCCCCCCCCCCC)CS(=O)(=O)O)C(O)CCCCCCCCCCCCCCCCCCCCCCC=CCC=CCCCCCCC,530,False,True,False,Normalized unit: Intensity; Annotation method: Msp20260116160945_NCDK_conventional_converted_dev_1,False,False,319,0,0.00,0.90,null,null,null,-1.00,-1.00,-0.191,423.88,P Carly RT Mix 4p4 2Xdil 4_GC1_01_66464,824587,858588,841938,812785,834474.543578125,20044.4142751242
320,1.436,929.49036,Unknown,[2M+Na]+,null,0.75,False,null,null,null,null,null,null,999,False,False,False,Normalized unit: Intensity,False,False,320,0,0.00,null,null,null,null,null,null,null,718.15,P Carly RT Mix 4p4 2Xdil 2_GC1_01_66462,249564,446686,363292,414503,368511.522765625,86414.316893184
321,21.783,931.84338,no MS2: SL 55:0;O2|SL 19:0;O/36:0;O,[M+NH4]+,null,1.00,False,13.897,931.84698,C55H111NO6S,SL,GGYZFEAOQHKSAV-UHFFFAOYSA-N,O=C(N(CC(O)CCCCCCCCCCCCCCCC)CS(=O)(=O)O)C(O)CCCCCCCCCCCCCCCCCCCCCCCCCCCCCCCCCC,530,False,True,False,Normalized unit: Intensity; Annotation method: Msp20260116160945_NCDK_conventional_converted_dev_1,False,False,321,0,0.00,0.93,null,null,null,-1.00,-1.00,-0.179,7446.35,P Carly RT Mix 4p4 2Xdil 3_GC1_01_66463,5159138,6518749,6472924,6403227,6138509.41982813,654639.377838782
322,23.376,932.87854,no MS2: Cer 63:6;O3|Cer 25:0;O2/38:6;O,[M+H-H2O]+,null,1.00,False,14.192,932.87927,C63H115NO4,Cer_HDS,XEVBCDWLGUIGFJ-UHFFFAOYSA-N,O=C(NC(CO)C(O)CCCCCCCCCCCCCCCCCCCCCC)C(O)CCCCCCCCCCCCCCCCCC=CCC=CCC=CCC=CCC=CCC=CCC,530,False,True,False,Normalized unit: Intensity; Annotation method: Msp20260116160945_NCDK_conventional_converted_dev_1,False,False,322,0,0.00,1.00,null,null,null,-1.00,-1.00,-0.143,2824.78,P Carly RT Mix 4p4 2Xdil 4_GC1_01_66464,1337207,1977500,1824499,1863810,1750754.048,283228.412218948
323,19.727,936.82129,no MS2: AHexCer 51:0;O2|AHexCer (O-26:0)12:0;O2/13:0,[M+H-H2O]+,null,1.00,False,13.574,936.82257,C57H111NO9,AHexCer,CXADNKATNWLIQK-UHFFFAOYSA-N,O=C(OCC1OC(OCC(NC(=O)CCCCCCCCCCCC)C(O)CCCCCCCCC)C(O)C(O)C1O)CCCCCCCCCCCCCCCCCCCCCCCCC,530,False,True,False,Normalized unit: Intensity; Annotation method: Msp20260116160945_NCDK_conventional_converted_dev_1,False,False,323,0,0.00,1.00,null,null,null,-1.00,-1.00,-0.144,2477.31,P Carly RT Mix 4p4 2Xdil 3_GC1_01_66463,1743511,2480000,2317621,2389701,2232708.46232812,332828.378418976
324,20.211,937.79578,no MS2: SL 56:4;O2|SL 20:1;O/36:3;O,[M+NH4]+,null,1.00,False,13.014,937.80011,C56H105NO6S,SL,JUSBJBFGGMEXHL-UHFFFAOYSA-N,O=C(N(CC(O)C=CCCCCCCCCCCCCCCC)CS(=O)(=O)O)C(O)CCCCCCCCCCCCCCCCCCCC=CCC=CCC=CCCCCCCC,530,False,True,False,Normalized unit: Intensity; Annotation method: Msp20260116160945_NCDK_conventional_converted_dev_1,False,False,324,0,0.00,0.94,null,null,null,-1.00,-1.00,-0.175,1225.89,P Carly RT Mix 4p4 2Xdil 4_GC1_01_66464,1727457,1744152,1718291,1732899,1730699.7335625,10805.8304541556
325,23.375,937.83423,no MS2: RIKEN P-VS1 ID-16308 from Mouse_Heart_WT_N_F1,[M+H]+,null,0.75,False,14.060,937.83160,null,Unknown,null,null,530,False,True,False,Normalized unit: Intensity; Annotation method: Msp20260116160945_NCDK_conventional_converted_dev_1,False,False,325,0,0.00,0.96,null,null,null,-1.00,-1.00,-0.146,368.06,P Carly RT Mix 4p4 2Xdil 2_GC1_01_66462,390693,515826,493604,509868,477497.716374999,58627.0585314693
326,20.614,939.81122,no MS2: RIKEN P-VS1 ID-16357 from Mouse_Plasma_ApoEKO_N_Ctr,[M+H]+,null,1.00,False,14.550,939.81110,null,Unknown,null,null,530,False,True,False,Normalized unit: Intensity; Annotation method: Msp20260116160945_NCDK_conventional_converted_dev_1,False,False,326,0,0.00,1.00,null,null,null,-1.00,-1.00,-0.129,1257.71,P Carly RT Mix 4p4 2Xdil 1_GC1_01_66461,2016320,2021661,2001559,2004930,2011117.61404687,9449.27541640867
327,19.727,941.77692,no MS2: SL 58:8;O|SL 22:2;O/36:6,[M+NH4]+,null,1.00,False,13.421,941.77393,C58H101NO5S,SL,PIWHTKOHSHZSNL-UHFFFAOYSA-N,O=C(N(CC(O)C=CCCC=CCCCCCCCCCCCCC)CS(=O)(=O)O)CCCCCCCCCCCCCCCCC=CCC=CCC=CCC=CCC=CCC=CCC,530,False,True,False,Normalized unit: Intensity; Annotation method: Msp20260116160945_NCDK_conventional_converted_dev_1,False,False,327,0,0.00,0.95,null,null,null,-1.00,-1.00,-0.167,1035.78,P Carly RT Mix 4p4 2Xdil 2_GC1_01_66462,854979,1120355,1074020,1091915,1035317.09989062,121729.89811613
328,21.025,941.82697,no MS2: RIKEN P-VS1 ID-16410 from Mouse_Plasma_ApoEKO_N_Ctr,[M+H]+,null,1.00,False,14.590,941.83038,null,Unknown,null,null,530,False,True,False,Normalized unit: Intensity; Annotation method: Msp20260116160945_NCDK_conventional_converted_dev_1,False,False,328,0,0.00,0.96,null,null,null,-1.00,-1.00,-0.145,670.21,P Carly RT Mix 4p4 2Xdil 3_GC1_01_66463,1062201,1036211,1049083,1063848,1052835.561,12902.6369785243
329,21.779,945.85797,no MS2: SL 56:0;O2|SL 20:0;O/36:0;O,[M+NH4]+,null,1.00,False,13.958,945.86267,C56H113NO6S,SL,OTFVMQGHXVTRRN-UHFFFAOYSA-N,O=C(N(CC(O)CCCCCCCCCCCCCCCCC)CS(=O)(=O)O)C(O)CCCCCCCCCCCCCCCCCCCCCCCCCCCCCCCCCC,530,False,True,False,Normalized unit: Intensity; Annotation method: Msp20260116160945_NCDK_conventional_converted_dev_1,False,False,329,0,0.00,0.92,null,null,null,-1.00,-1.00,-0.181,11973.60,P Carly RT Mix 4p4 2Xdil 3_GC1_01_66463,8444857,11072632,10368231,10872797,10189629.2154531,1200352.8466394
330,20.091,959.83826,no MS2: DG 59:5,[M+Na]+,null,0.75,False,14.483,959.84021,C62H112O5,DG,WGTVSJCUOSYERN-UHFFFAOYSA-N,O=C(OCC(OC(=O)CCCCCCCCCCCCCCCCCCCCCC=CCC=CCC=CCC=CCC=CCC)CO)CCCCCCCCCCCCCCCCCCCC,530,False,True,False,Normalized unit: Intensity; Annotation method: Msp20260116160945_NCDK_conventional_converted_dev_1,False,False,330,0,0.00,0.98,null,null,null,-1.00,-1.00,-0.153,453.61,P Carly RT Mix 4p4 2Xdil 2_GC1_01_66462,455417,633036,602154,615336,576485.620796875,81698.3140938473
331,23.376,959.88983,Unknown,[M+H]+,null,1.00,False,null,null,null,null,null,null,999,False,False,False,Normalized unit: Intensity,False,False,331,0,0.00,null,null,null,null,null,null,null,1118.46,P Carly RT Mix 4p4 2Xdil 2_GC1_01_66462,644142,852536,801790,821237,779926.406531249,92905.1655197673
332,2.136,963.57117,Unknown,[2M+H]+,null,0.75,False,null,null,null,null,null,null,999,False,False,False,Normalized unit: Intensity,False,False,332,0,0.00,null,null,null,null,null,null,null,762.89,P Carly RT Mix 4p4 2Xdil 2_GC1_01_66462,224091,451738,364422,394315,358641.428046875,96741.480555161
333,21.974,972.81555,no MS2: AHexCer 54:3;O2|AHexCer (O-28:0)12:1;O2/14:2,[M+H-H2O]+,null,1.00,False,13.865,972.82257,C60H111NO9,AHexCer,BBGLWILTMXNCLG-UHFFFAOYSA-N,O=C(OCC1OC(OCC(NC(=O)CCC=CCCCC=CCCCC)C(O)C=CCCCCCCC)C(O)C(O)C1O)CCCCCCCCCCCCCCCCCCCCCCCCCCC,530,False,True,False,Normalized unit: Intensity; Annotation method: Msp20260116160945_NCDK_conventional_converted_dev_1,False,False,333,0,0.00,0.82,null,null,null,-1.00,-1.00,-0.232,728.12,P Carly RT Mix 4p4 2Xdil 3_GC1_01_66463,443584,647538,607639,628575,581834.027671875,93596.1571976274
334,23.372,973.90625,Unknown,[M+H]+,null,1.00,False,null,null,null,null,null,null,999,False,False,False,Normalized unit: Intensity,False,False,334,0,0.00,null,null,null,null,null,null,null,778.07,P Carly RT Mix 4p4 2Xdil 1_GC1_01_66461,449109,579096,553804,575675,539421.196546874,61241.4374347134
335,19.727,977.84802,no MS2: TG 59:3|TG 8:0_13:0_38:3,[M+Na]+,null,1.00,False,15.270,977.85083,C62H114O6,TG,QJTWANKZAXBWSH-UHFFFAOYSA-N,O=C(OCC(OC(=O)CCCCCCCCCCCC)COC(=O)CCCCCCCCCCCCCCCCCCCCCCC=CCC=CCC=CCCCCCCC)CCCCCCC,530,False,True,False,Normalized unit: Intensity; Annotation method: Msp20260116160945_NCDK_conventional_converted_dev_1,False,False,335,0,0.00,1.00,null,null,null,-1.00,-1.00,-0.145,638.95,P Carly RT Mix 4p4 2Xdil 3_GC1_01_66463,692739,998364,918903,967449,894363.637437499,138337.721221513
336,3.181,1019.63281,Unknown,[M+H]+,null,1.00,False,null,null,null,null,null,null,999,False,False,False,Normalized unit: Intensity,False,False,336,0,0.00,null,null,null,null,null,null,null,1283.75,P Carly RT Mix 4p4 2Xdil 2_GC1_01_66462,282793,562510,531090,536757,478287.644140625,131045.140386538
337,21.614,1019.95166,Unknown,[M+H]+,null,1.00,False,null,null,null,null,null,null,999,False,False,False,Normalized unit: Intensity,False,False,337,0,0.00,null,null,null,null,null,null,null,1568.25,P Carly RT Mix 4p4 2Xdil 4_GC1_01_66464,871631,1090378,1081323,1095090,1034605.44990625,108799.951852726
338,21.424,1089.93079,no MS2: SM 61:5;O3|SM 33:4;O2(FA 28:0),[M+H]+,null,0.75,False,13.986,1089.92969,C66H125N2O7P,ASM,XFCOZBNVRGMEKK-UHFFFAOYSA-N,O=C(OC(C=CCCCCCCC)C(NC(=O)CCCCCCCC=CCC=CCC=CCCCCC)COP(=O)([O-])OCC[N+](C)(C)C)CCCCCCCCCCCCCCCCCCCCCCCCCCC,530,False,True,False,Normalized unit: Intensity; Annotation method: Msp20260116160945_NCDK_conventional_converted_dev_1,False,False,338,0,0.00,0.99,null,null,null,-1.00,-1.00,-0.145,853.86,P Carly RT Mix 4p4 2Xdil 2_GC1_01_66462,400579,545491,531118,538612,503949.901265624,69163.3076738099
339,22.653,1092.93079,no MS2: Cer 73:13;O4|Cer 13:1;O2/60:12;O2,[M+H]+,null,1.00,False,14.614,1092.93176,C73H121NO5,Cer_EOS,QOJFQIUXNLEGRY-UHFFFAOYSA-N,O=C(OCCC=CCC=CCC=CCC=CCC=CCCCCCCCCCCCCCCCCCCCCCC(=O)NC(CO)C(O)C=CCCCCCCCC)CCC=CCC=CCC=CCC=CCC=CCC=CCC,530,False,True,False,Normalized unit: Intensity; Annotation method: Msp20260116160945_NCDK_conventional_converted_dev_1,False,False,339,0,0.00,1.00,null,null,null,-1.00,-1.00,-0.143,1528.87,P Carly RT Mix 4p4 2Xdil 3_GC1_01_66463,675460,950183,877067,878721,845357.657531249,118282.618181995
340,5.796,1187.81873,Unknown,[2M+H]+,null,0.25,False,null,null,null,null,null,null,999,False,False,False,Normalized unit: Intensity,False,False,340,0,0.00,null,null,null,null,null,null,null,710.15,P Carly RT Mix 4p4 2Xdil 2_GC1_01_66462,124517,272882,227538,242664,216900.18228125,64409.2183925344
341,16.982,1211.10962,no MS2: RIKEN P-VS1 ID-18979 from Mouse_Macrophage_WT_N_F1AA,[M+H]+,null,1.00,False,12.900,1211.11206,null,Unknown,null,null,530,False,True,False,Normalized unit: Intensity; Annotation method: Msp20260116160945_NCDK_conventional_converted_dev_1,False,False,341,0,0.00,1.00,null,null,null,-1.00,-1.00,-0.129,39062.36,P Carly RT Mix 4p4 2Xdil 3_GC1_01_66463,11358889,17534438,15707418,16339595,15235084.8567344,2692889.4943891
342,16.973,1211.94983,no MS2: SM 71:14;O3|SM 49:7;O2(FA 22:6),[M+H]+,null,0.75,False,13.932,1211.94543,C76H127N2O7P,ASM,AWRUKNQKRGFDGL-UHFFFAOYSA-N,O=C(OC(C=CCCCCCCCC)C(NC(=O)CCCCCCCCCCCCCCCCC=CCC=CCC=CCC=CCC=CCC=CCC)COP(=O)([O-])OCC[N+](C)(C)C)CCC=CCC=CCC=CCC=CCC=CCC=CCC,530,False,True,False,Normalized unit: Intensity; Annotation method: Msp20260116160945_NCDK_conventional_converted_dev_1,False,False,342,0,0.00,0.94,null,null,null,-1.00,-1.00,-0.173,744.19,P Carly RT Mix 4p4 2Xdil 4_GC1_01_66464,153272,324711,277102,298828,263478.186484375,76004.5082404346
343,16.982,1216.06458,no MS2: RIKEN P-VS1 ID-19012 from Mouse_Macrophage_WT_N_F1AA,[M+H]+,null,1.00,False,12.890,1216.06641,null,Unknown,null,null,530,False,True,False,Normalized unit: Intensity; Annotation method: Msp20260116160945_NCDK_conventional_converted_dev_1,False,False,343,0,0.00,1.00,null,null,null,-1.00,-1.00,-0.129,14969.91,P Carly RT Mix 4p4 2Xdil 3_GC1_01_66463,8538994,9188908,8745109,8981684,8863673.78468751,282357.860533347
344,17.990,1267.17212,no MS2: Cer 85:10;O4|Cer 19:3;O2/66:7;O2,[M+H]+,null,1.00,False,16.452,1267.16650,C85H151NO5,Cer_EOS,WYIBOKAUWGAEDN-UHFFFAOYSA-N,O=C(OCCC=CCC=CCC=CCC=CCC=CCC=CCCCCCCCCCCCCCCCCCCC(=O)NC(CO)C(O)C=CCCC=CCCC=CCCCCCC)CCCCCCCCCCCCCCCCCCCCCCCCCCC,530,False,True,False,Normalized unit: Intensity; Annotation method: Msp20260116160945_NCDK_conventional_converted_dev_1,False,False,344,0,0.00,0.93,null,null,null,-1.00,-1.00,-0.177,40725.13,P Carly RT Mix 4p4 2Xdil 4_GC1_01_66464,13224065,19717646,17488357,18305839,17183976.4402656,2795925.68497483
345,17.989,1267.36890,Unknown,[M+H]+,null,0.75,False,null,null,null,null,null,null,999,False,False,False,Normalized unit: Intensity,False,False,345,0,0.00,null,null,null,null,null,null,null,1109.73,P Carly RT Mix 4p4 2Xdil 2_GC1_01_66462,179320,371877,326940,348172,306577.132640624,86800.9112868811
346,17.986,1267.51416,Unknown,[M+2H]2+,null,0.50,False,null,null,null,null,null,null,999,False,False,False,Normalized unit: Intensity,False,False,346,0,0.00,null,null,null,null,null,null,null,966.57,P Carly RT Mix 4p4 2Xdil 2_GC1_01_66462,157818,319866,274237,290293,260553.397281249,71049.7183589388
347,17.994,1269.03491,no MS2: AHexCer 75:10;O3|AHexCer (O-22:6)15:1;O2/38:3;O,[M+H-H2O]+,null,0.25,False,14.815,1269.03662,C81H139NO10,AHexCer,ZFRTZFWEZLGSBW-UHFFFAOYSA-N,O=C(OCC1OC(OCC(NC(=O)C(O)CCCCCCCCCCCCCCCCCCCCCC=CCC=CCC=CCCCCCCC)C(O)C=CCCCCCCCCCC)C(O)C(O)C1O)CCC=CCC=CCC=CCC=CCC=CCC=CCC,530,False,True,False,Normalized unit: Intensity; Annotation method: Msp20260116160945_NCDK_conventional_converted_dev_1,False,False,347,0,0.00,0.99,null,null,null,-1.00,-1.00,-0.147,657.55,P Carly RT Mix 4p4 2Xdil 2_GC1_01_66462,125226,292743,249178,266996,233536.007499999,74388.1283155662
348,17.995,1272.12695,no MS2: SM 74:5;O3|SM 46:4;O2(FA 28:0),[M+H]+,null,1.00,False,15.301,1272.13318,C79H151N2O7P,ASM,SOFNHZHFBRUQAX-UHFFFAOYSA-N,O=C(OC(C=CCCCCCCC)C(NC(=O)CCCCCCCCCCCCCCCCCCC=CCC=CCC=CCCCCCCC)COP(=O)([O-])OCC[N+](C)(C)C)CCCCCCCCCCCCCCCCCCCCCCCCCCC,530,False,True,False,Normalized unit: Intensity; Annotation method: Msp20260116160945_NCDK_conventional_converted_dev_1,False,False,348,0,0.00,0.94,null,null,null,-1.00,-1.00,-0.175,13991.97,P Carly RT Mix 4p4 2Xdil 3_GC1_01_66463,7566739,8277283,7652038,7609751,7776452.8335,335697.625131587
349,16.990,1293.13000,no MS2: AHexCer 76:5;O3|AHexCer (O-28:0)12:1;O2/36:4;O,[M+H-H2O]+,null,1.00,False,15.151,1293.13049,C82H151NO10,AHexCer,WBUHJFAQSXGRCJ-UHFFFAOYSA-N,O=C(OCC1OC(OCC(NC(=O)C(O)CCCCCCCCCCCCCCCCCCCCCC=CCC=CCC=CCC=CCC)C(O)C=CCCCCCCC)C(O)C(O)C1O)CCCCCCCCCCCCCCCCCCCCCCCCCCC,530,False,True,False,Normalized unit: Intensity; Annotation method: Msp20260116160945_NCDK_conventional_converted_dev_1,False,False,349,0,0.00,1.00,null,null,null,-1.00,-1.00,-0.143,1463.84,P Carly RT Mix 4p4 2Xdil 4_GC1_01_66464,588016,939085,823048,871331,805370.320187501,152518.662583389
350,21.601,1293.21716,no MS2: Cer 88:9;O4|Cer 22:2;O2/66:7;O2,[M+H-H2O]+,null,1.00,False,16.498,1293.21851,C88H159NO5,Cer_EOS,LKZDSMPBAUYSDE-UHFFFAOYSA-N,O=C(OCCC=CCC=CCC=CCC=CCC=CCC=CCCCCCCCCCCCCCCCCCCC(=O)NC(CO)C(O)C=CCCC=CCCCCCCCCCCCCC)CCCCCCCCCCCCCCCCCCCCCCCCCCC,530,False,True,False,Normalized unit: Intensity; Annotation method: Msp20260116160945_NCDK_conventional_converted_dev_1,False,False,350,0,0.00,1.00,null,null,null,-1.00,-1.00,-0.143,1668.32,P Carly RT Mix 4p4 2Xdil 3_GC1_01_66463,569880,680417,653052,659931,640819.993999999,48700.9612295049
351,17.994,1294.18237,Unknown,[M+H]+,null,0.25,False,null,null,null,null,null,null,999,False,False,False,Normalized unit: Intensity,False,False,351,0,0.00,null,null,null,null,null,null,null,956.11,P Carly RT Mix 4p4 2Xdil 2_GC1_01_66462,331346,369330,335117,344644,345109.378265625,17089.3024873238
352,17.054,1298.08557,Unknown,[M+H]+,null,0.75,False,null,null,null,null,null,null,999,False,False,False,Normalized unit: Intensity,False,False,352,0,0.00,null,null,null,null,null,null,null,905.95,P Carly RT Mix 4p4 2Xdil 4_GC1_01_66464,381503,445310,397837,408234,408221.132875001,27063.6440725338
353,21.614,1302.20654,Unknown,[M+H]+,null,1.00,False,null,null,null,null,null,null,999,False,False,False,Normalized unit: Intensity,False,False,353,0,0.00,null,null,null,null,null,null,null,7004.52,P Carly RT Mix 4p4 2Xdil 2_GC1_01_66462,2215931,2677795,2636408,2634236,2541092.80035937,217698.960844168
354,16.990,1311.14014,no MS2: RIKEN P-VS1 ID-19429 from Mouse_AdrenalGlands_WT_N_Ctr,[M+H]+,null,1.00,False,12.290,1311.14270,null,Unknown,null,null,530,False,True,False,Normalized unit: Intensity; Annotation method: Msp20260116160945_NCDK_conventional_converted_dev_1,False,False,354,0,0.00,1.00,null,null,null,-1.00,-1.00,-0.130,1637.63,P Carly RT Mix 4p4 2Xdil 1_GC1_01_66461,587164,956699,839214,880614,815922.744375,160078.914206888
355,21.155,1315.20142,no MS2: RIKEN P-VS1 ID-19444 from Mouse_Liver_fads2KO_N_Ctr,[M+H]+,null,1.00,False,14.430,1315.19409,null,Unknown,null,null,530,False,True,False,Normalized unit: Intensity; Annotation method: Msp20260116160945_NCDK_conventional_converted_dev_1,False,False,355,0,0.00,0.88,null,null,null,-1.00,-1.00,-0.184,81373.41,P Carly RT Mix 4p4 2Xdil 1_GC1_01_66461,27456687,38913401,35208855,36766899,34586460.6580313,4989915.39834745
356,21.155,1315.40051,Unknown,[M+H]+,null,1.00,False,null,null,null,null,null,null,999,False,False,False,Normalized unit: Intensity,False,False,356,0,0.00,null,null,null,null,null,null,null,2211.67,P Carly RT Mix 4p4 2Xdil 2_GC1_01_66462,459364,681481,635575,634682,602775.268156251,98073.5406616988
357,21.155,1315.55481,Unknown,[M+2H]2+,null,1.00,False,null,null,null,null,null,null,999,False,False,False,Normalized unit: Intensity,False,False,357,0,0.00,null,null,null,null,null,null,null,1984.08,P Carly RT Mix 4p4 2Xdil 2_GC1_01_66462,433364,621354,583398,592742,557714.407031251,84458.2032492738
358,17.025,1316.09558,no MS2: SM 78:11;O3|SM 56:4;O2(FA 22:6),[M+H]+,null,1.00,False,14.743,1316.10193,C83H147N2O7P,ASM,OATPSYVIOGMTKR-UHFFFAOYSA-N,O=C(OC(C=CCCCCCCCCCCCCC)C(NC(=O)CCCCCCCCCCCCCCCCCCCCCCC=CCC=CCC=CCCCCCCC)COP(=O)([O-])OCC[N+](C)(C)C)CCC=CCC=CCC=CCC=CCC=CCC=CCC,530,False,True,False,Normalized unit: Intensity; Annotation method: Msp20260116160945_NCDK_conventional_converted_dev_1,False,False,358,0,0.00,0.92,null,null,null,-1.00,-1.00,-0.181,1503.49,P Carly RT Mix 4p4 2Xdil 3_GC1_01_66463,686347,803570,731146,763767,746207.687906251,49695.4756567532
359,21.614,1319.23206,no MS2: RIKEN P-VS1 ID-19454 from Mouse_AdrenalGlands_fads2KO_N_Ctr,[M+H]+,null,1.00,False,14.750,1319.23706,null,Unknown,null,null,530,False,True,False,Normalized unit: Intensity; Annotation method: Msp20260116160945_NCDK_conventional_converted_dev_1,False,False,359,0,0.00,0.97,null,null,null,-1.00,-1.00,-0.142,158998.50,P Carly RT Mix 4p4 2Xdil 3_GC1_01_66463,71386342,81937725,78769788,79168960,77815703.623953,4511811.49430111
360,21.614,1319.42957,Unknown,[M+H]+,null,1.00,False,null,null,null,null,null,null,999,False,False,False,Normalized unit: Intensity,False,False,360,0,0.00,null,null,null,null,null,null,null,3798.48,P Carly RT Mix 4p4 2Xdil 2_GC1_01_66462,1199051,1414695,1373418,1356367,1335882.72382812,94450.5532992133
361,21.614,1319.58691,Unknown,[M+2H]2+,null,1.00,False,null,null,null,null,null,null,999,False,False,False,Normalized unit: Intensity,False,False,361,0,0.00,null,null,null,null,null,null,null,3876.46,P Carly RT Mix 4p4 2Xdil 4_GC1_01_66464,1145098,1316806,1297598,1312930,1268108.04079687,82424.8308887706
362,21.614,1321.23828,Unknown,[M+H]+,null,1.00,False,null,null,null,null,null,null,999,False,False,False,Normalized unit: Intensity,False,False,362,0,0.00,null,null,null,null,null,null,null,96592.56,P Carly RT Mix 4p4 2Xdil 2_GC1_01_66462,34640627,41603757,40826564,40224058,39323751.4779999,3172752.74740886
363,21.160,1342.21130,no MS2: SM 79:5;O3|SM 51:4;O2(FA 28:0),[M+H]+,null,1.00,False,15.078,1342.21143,C84H161N2O7P,ASM,UPKUNKQPMFRKKU-UHFFFAOYSA-N,O=C(OC(C=CCCCCCCCC)C(NC(=O)CCCCCCCCCCCCCCCCCCCCCCC=CCC=CCC=CCCCCCCC)COP(=O)([O-])OCC[N+](C)(C)C)CCCCCCCCCCCCCCCCCCCCCCCCCCC,530,False,True,False,Normalized unit: Intensity; Annotation method: Msp20260116160945_NCDK_conventional_converted_dev_1,False,False,363,0,0.00,1.00,null,null,null,-1.00,-1.00,-0.143,5684.84,P Carly RT Mix 4p4 2Xdil 2_GC1_01_66462,2196438,2389526,2231534,2252453,2267487.81873438,84577.4675408335
364,18.480,1343.16028,no MS2: TG 87:14|TG 11:0_38:4_38:10,[M+NH4]+,null,0.75,False,16.512,1343.16138,C90H148O6,TG,COAQZOPVCDDPOU-UHFFFAOYSA-N,O=C(OCC(OC(=O)CCCCCCCCCCCCCCCCCCCCCCCCC=CCC=CCC=CCC=CCC)COC(=O)CCCCCCCCCC)CCCCCCC=CCC=CCC=CCC=CCC=CCC=CCC=CCC=CCC=CCC=CCC,530,False,True,False,Normalized unit: Intensity; Annotation method: Msp20260116160945_NCDK_conventional_converted_dev_1,False,False,364,0,0.00,1.00,null,null,null,-1.00,-1.00,-0.143,784.86,P Carly RT Mix 4p4 2Xdil 4_GC1_01_66464,208270,360332,312806,327048,302113.962078125,65656.0094325221
365,21.632,1346.24036,no MS2: SM 79:3;O3|SM 51:2;O2(FA 28:0),[M+H]+,null,1.00,False,15.253,1346.24268,C84H165N2O7P,ASM,XBKXDKSQMPEXLM-UHFFFAOYSA-N,O=C(OC(C=CCCCCCCCC)C(NC(=O)CCCCCCCCCCCCCCCCCCCCCCCCCC=CCCCCCCCCCC)COP(=O)([O-])OCC[N+](C)(C)C)CCCCCCCCCCCCCCCCCCCCCCCCCCC,530,False,True,False,Normalized unit: Intensity; Annotation method: Msp20260116160945_NCDK_conventional_converted_dev_1,False,False,365,0,0.00,1.00,null,null,null,-1.00,-1.00,-0.143,6290.21,P Carly RT Mix 4p4 2Xdil 3_GC1_01_66463,3862254,3807613,3805434,3744668,3804992.22923437,48045.1356953229
366,18.480,1348.11572,no MS2: TG 87:14|TG 11:0_38:4_38:10,[M+Na]+,null,1.00,False,16.512,1348.11682,C90H148O6,TG,COAQZOPVCDDPOU-UHFFFAOYSA-N,O=C(OCC(OC(=O)CCCCCCCCCCCCCCCCCCCCCCCCC=CCC=CCC=CCC=CCC)COC(=O)CCCCCCCCCC)CCCCCCC=CCC=CCC=CCC=CCC=CCC=CCC=CCC=CCC=CCC=CCC,530,False,True,False,Normalized unit: Intensity; Annotation method: Msp20260116160945_NCDK_conventional_converted_dev_1,False,False,366,0,0.00,1.00,null,null,null,-1.00,-1.00,-0.143,962.01,P Carly RT Mix 4p4 2Xdil 4_GC1_01_66464,432153,580087,527125,540536,519975.0733125,62716.3629159615
367,21.160,1356.22742,no MS2: SM 80:5;O3|SM 52:4;O2(FA 28:0),[M+H]+,null,1.00,False,15.089,1356.22705,C85H163N2O7P,ASM,DZZPYNUJSOYVAK-UHFFFAOYSA-N,O=C(OC(C=CCCCCCCCCC)C(NC(=O)CCCCCCCCCCCCCCCCCCCCCCC=CCC=CCC=CCCCCCCC)COP(=O)([O-])OCC[N+](C)(C)C)CCCCCCCCCCCCCCCCCCCCCCCCCCC,530,False,True,False,Normalized unit: Intensity; Annotation method: Msp20260116160945_NCDK_conventional_converted_dev_1,False,False,367,0,0.00,1.00,null,null,null,-1.00,-1.00,-0.143,1976.18,P Carly RT Mix 4p4 2Xdil 4_GC1_01_66464,769659,889836,836991,853821,837576.661593751,50359.2391518944
368,20.471,1359.16907,no MS2: RIKEN P-VS1 ID-19602 from Mouse_AdrenalGlands_WT_N_Ctr,[M+H]+,null,1.00,False,14.050,1359.17676,null,Unknown,null,null,530,False,True,False,Normalized unit: Intensity; Annotation method: Msp20260116160945_NCDK_conventional_converted_dev_1,False,False,368,0,0.00,0.88,null,null,null,-1.00,-1.00,-0.182,39843.21,P Carly RT Mix 4p4 2Xdil 3_GC1_01_66463,11808578,17364497,15454039,16274711,15225456.0523907,2408577.63005298
369,20.472,1360.05933,no MS2: PI 70:3,[M+Na]+,null,0.75,False,13.931,1360.06274,C79H149O13P,PI,SAEIKYBDBKHLKY-UHFFFAOYSA-N,O=C(OCC(OC(=O)CCCCCCCCCCCCCCCCCCCCCCC=CCC=CCC=CCCCCCCC)COP(=O)(O)OC1C(O)C(O)C(O)C(O)C1O)CCCCCCCCCCCCCCCCCCCCCCCCCCCCCCC,530,False,True,False,Normalized unit: Intensity; Annotation method: Msp20260116160945_NCDK_conventional_converted_dev_1,False,False,369,0,0.00,0.98,null,null,null,-1.00,-1.00,-0.152,989.22,P Carly RT Mix 4p4 2Xdil 3_GC1_01_66463,169994,332915,284923,307282,273778.569109376,71914.1459652899
370,21.623,1360.25647,no MS2: SM 80:3;O3|SM 52:2;O2(FA 28:0),[M+H]+,null,1.00,False,15.322,1360.25842,C85H167N2O7P,ASM,RGJPYGYAOUVFJX-UHFFFAOYSA-N,O=C(OC(C=CCCCCCCCCC)C(NC(=O)CCCCCCCCCCCCCCCCCCCCCCCCCC=CCCCCCCCCCC)COP(=O)([O-])OCC[N+](C)(C)C)CCCCCCCCCCCCCCCCCCCCCCCCCCC,530,False,True,False,Normalized unit: Intensity; Annotation method: Msp20260116160945_NCDK_conventional_converted_dev_1,False,False,370,0,0.00,1.00,null,null,null,-1.00,-1.00,-0.143,4679.27,P Carly RT Mix 4p4 2Xdil 3_GC1_01_66463,2182170,2302097,2219797,2227008,2232767.84723437,50226.3580059198
371,20.471,1360.37537,Unknown,[M+H]+,null,0.25,False,null,null,null,null,null,null,999,False,False,False,Normalized unit: Intensity,False,False,371,0,0.00,null,null,null,null,null,null,null,1001.62,P Carly RT Mix 4p4 2Xdil 2_GC1_01_66462,144911,286842,243739,255868,232839.899718751,61364.562973685
372,24.229,1361.17273,no MS2: PS 75:0,[M+Na]+,null,0.25,False,14.149,1361.16724,C81H160NO10P,PS,QFVLAIKXLCVYFJ-UHFFFAOYSA-N,O=C(OCC(OC(=O)CCCCCCCCCCCCCCCCCCCCCCCCCCCCCCCCCCCCC)COP(=O)(O)OCC(N)C(=O)O)CCCCCCCCCCCCCCCCCCCCCCCCCCCCCCCCCCCC,530,False,True,False,Normalized unit: Intensity; Annotation method: Msp20260116160945_NCDK_conventional_converted_dev_1,False,False,372,0,0.00,0.92,null,null,null,-1.00,-1.00,-0.182,1065.88,P Carly RT Mix 4p4 2Xdil 2_GC1_01_66462,410593,546552,486287,498682,485528.486578125,56310.9032672702
373,18.177,1379.18103,no MS2: TG 87:12;O2|TG 15:0_22:5_22:6;O(FA 28:0),[M+NH4]+,null,1.00,False,16.453,1379.18250,C90H152O8,TG_EST,PSDXNPZRATWHCV-UHFFFAOYSA-N,O=C(OCC(OC(=O)CCCCCC=CCC=CCC=CCC=CCC=CCC)COC(=O)CC(OC(=O)CCCCCCCCCCCCCCCCCCCCCCCCCCC)C=CCC=CCC=CCC=CCC=CCC=CCC)CCCCCCCCCCCCCC,530,False,True,False,Normalized unit: Intensity; Annotation method: Msp20260116160945_NCDK_conventional_converted_dev_1,False,False,373,0,0.00,1.00,null,null,null,-1.00,-1.00,-0.143,8599.38,P Carly RT Mix 4p4 2Xdil 3_GC1_01_66463,2274224,3730045,3268873,3442147,3178822.27873437,632348.403078566
374,13.094,1383.95398,Unknown,[M+H]+,null,1.00,False,null,null,null,null,null,null,999,False,False,False,Normalized unit: Intensity,False,False,374,0,0.00,null,null,null,null,null,null,null,2118.05,P Carly RT Mix 4p4 2Xdil 1_GC1_01_66461,1443147,1400769,1281248,1279855,1351254.72989062,83456.1159600098
375,18.177,1384.13623,Unknown,[M+H]+,null,1.00,False,null,null,null,null,null,null,999,False,False,False,Normalized unit: Intensity,False,False,375,0,0.00,null,null,null,null,null,null,null,3212.65,P Carly RT Mix 4p4 2Xdil 2_GC1_01_66462,2108052,2424765,2192444,2303149,2257102.3384375,137389.762996563
376,18.480,1384.18616,Unknown,[M+H]+,null,1.00,False,null,null,null,null,null,null,999,False,False,False,Normalized unit: Intensity,False,False,376,0,0.00,null,null,null,null,null,null,null,986.71,P Carly RT Mix 4p4 2Xdil 2_GC1_01_66462,432476,578828,518152,528633,514522.199515625,60770.3414791886
377,20.476,1386.17944,Unknown,[M+H]+,null,1.00,False,null,null,null,null,null,null,999,False,False,False,Normalized unit: Intensity,False,False,377,0,0.00,null,null,null,null,null,null,null,2543.16,P Carly RT Mix 4p4 2Xdil 2_GC1_01_66462,966425,1090212,1018779,1027967,1025845.90807813,50755.1053374864
378,23.151,1393.15967,Unknown,[M+H]+,null,1.00,False,null,null,null,null,null,null,999,False,False,False,Normalized unit: Intensity,False,False,378,0,0.00,null,null,null,null,null,null,null,1192.69,P Carly RT Mix 4p4 2Xdil 2_GC1_01_66462,695743,957354,871847,881476,851604.929234375,110721.584158917
379,18.185,1406.19128,Unknown,[M+H]+,null,1.00,False,null,null,null,null,null,null,999,False,False,False,Normalized unit: Intensity,False,False,379,0,0.00,null,null,null,null,null,null,null,1835.91,P Carly RT Mix 4p4 2Xdil 2_GC1_01_66462,694786,791109,729297,752120,741827.683890625,40433.1513411134
380,22.943,1411.17102,no MS2: PI 74:3,[M+NH4]+,null,1.00,False,13.873,1411.17004,C83H157O13P,PI,XLIPBZFRWVDBRT-UHFFFAOYSA-N,O=C(OCC(OC(=O)CCCCCCCCCCCCCCCCCCCCCCC=CCC=CCC=CCCCCCCC)COP(=O)(O)OC1C(O)C(O)C(O)C(O)C1O)CCCCCCCCCCCCCCCCCCCCCCCCCCCCCCCCCCC,530,False,True,False,Normalized unit: Intensity; Annotation method: Msp20260116160945_NCDK_conventional_converted_dev_1,False,False,380,0,0.00,1.00,null,null,null,-1.00,-1.00,-0.143,5046.76,P Carly RT Mix 4p4 2Xdil 4_GC1_01_66464,2486600,3430434,3069342,3124380,3027689.04770313,394151.190324851
381,18.177,1420.20667,Unknown,[M+H]+,null,1.00,False,null,null,null,null,null,null,999,False,False,False,Normalized unit: Intensity,False,False,381,0,0.00,null,null,null,null,null,null,null,2471.12,P Carly RT Mix 4p4 2Xdil 2_GC1_01_66462,928761,1131202,1023705,1044395,1032015.79071875,83109.8702189616
382,21.701,1443.15625,Unknown,[M+H]+,null,1.00,False,null,null,null,null,null,null,999,False,False,False,Normalized unit: Intensity,False,False,382,0,0.00,null,null,null,null,null,null,null,1187.86,P Carly RT Mix 4p4 2Xdil 2_GC1_01_66462,1279314,1216216,1557313,1575639,1407120.45357813,185952.656325928
