,,,,,,,,,,,,,,,,,,,,,,,,,,,,,,,,,1,1,1,1,NA,NA
,,,,,,,,,,,,,,,,,,,,,,,,,,,,,,,,,Sample,Sample,Sample,Sample,NA,NA
,,,,,,,,,,,,,,,,,,,,,,,,,,,,,,,,,1,2,3,4,NA,NA
,,,,,,,,,,,,,,,,,,,,,,,,,,,,,,,,,1,1,1,1,Average,Stdev
Alignment ID,Average Rt(min),Average Mz,Metabolite name,Adduct type,Post curation result,Fill %,MS/MS assigned,Reference RT,Reference m/z,Formula,Ontology,INCHIKEY,SMILES,Annotation tag (VS1.0),RT matched,m/z matched,MS/MS matched,Comment,Manually modified for quantification,Manually modified for annotation,Isotope tracking parent ID,Isotope tracking weight number,RT similarity,m/z similarity,Simple dot product,Weighted dot product,Reverse dot product,Matched peaks count,Matched peaks percentage,Total score,S/N average,Spectrum reference file name,P Carly Serum 1_GD1_01_66465,P Carly Serum 2_GD1_01_66466,P Carly Serum 3_GD1_01_66467,P Carly Serum 4_GD1_01_66468,1,1
0,18.287,367.33740,no MS2: ST 27:2;O,[M+H-H2O]+,null,1.00,False,7.592,367.33591,C27H44O,ST,AVSXSVCZWQODGV-UHFFFAOYSA-N,OC1CC2=CCC3C(CCC4(C)C(CCC34)C(C)CCC=C(C)C)C2(C)CC1,530,False,True,False,Normalized unit: Intensity; Annotation method: Msp20260116160945_NCDK_conventional_converted_dev_1,False,False,0,0,0.00,0.99,null,null,null,-1.00,-1.00,-0.150,1442.88,P Carly Serum 1_GD1_01_66465,804716,785601,782173,828572,800265.421484375,21318.5378853679
1,20.738,369.35101,no MS2: ST 27:1;O,[M+H-H2O]+,null,1.00,False,8.638,369.35159,C27H46O,ST,HVYWMOMLDIMFJA-UHFFFAOYSA-N,OC1CC2=CCC3C(CCC4(C)C(CCC34)C(C)CCCC(C)C)C2(C)CC1,530,False,True,False,Normalized unit: Intensity; Annotation method: Msp20260116160945_NCDK_conventional_converted_dev_1,False,False,1,0,0.00,1.00,null,null,null,-1.00,-1.00,-0.143,1153.05,P Carly Serum 4_GD1_01_66468,1386579,1286558,1407844,1370751,1362932.85035938,53136.2840676023
2,20.487,369.35135,no MS2: ST 27:1;O,[M+H-H2O]+,null,0.50,False,8.638,369.35159,C27H46O,ST,HVYWMOMLDIMFJA-UHFFFAOYSA-N,OC1CC2=CCC3C(CCC4(C)C(CCC34)C(C)CCCC(C)C)C2(C)CC1,530,False,True,False,Normalized unit: Intensity; Annotation method: Msp20260116160945_NCDK_conventional_converted_dev_1,False,False,2,0,0.00,1.00,null,null,null,-1.00,-1.00,-0.143,285.03,P Carly Serum 4_GD1_01_66468,370318,366171,369578,375143,370302.501125,3697.91580207121
3,22.119,369.35150,no MS2: ST 27:1;O,[M+H-H2O]+,null,1.00,False,8.638,369.35159,C27H46O,ST,HVYWMOMLDIMFJA-UHFFFAOYSA-N,OC1CC2=CCC3C(CCC4(C)C(CCC34)C(C)CCCC(C)C)C2(C)CC1,530,False,True,False,Normalized unit: Intensity; Annotation method: Msp20260116160945_NCDK_conventional_converted_dev_1,False,False,3,0,0.00,1.00,null,null,null,-1.00,-1.00,-0.143,607.48,P Carly Serum 1_GD1_01_66465,733372,675042,728853,723858,715281.471359375,27106.2423315569
4,21.625,369.35165,no MS2: ST 27:1;O,[M+H-H2O]+,null,1.00,False,8.638,369.35159,C27H46O,ST,HVYWMOMLDIMFJA-UHFFFAOYSA-N,OC1CC2=CCC3C(CCC4(C)C(CCC34)C(C)CCCC(C)C)C2(C)CC1,530,False,True,False,Normalized unit: Intensity; Annotation method: Msp20260116160945_NCDK_conventional_converted_dev_1,False,False,4,0,0.00,1.00,null,null,null,-1.00,-1.00,-0.143,9003.94,P Carly Serum 3_GD1_01_66467,11417029,11222899,11778386,11373309,11447905.8339062,235487.64117605
5,21.166,369.35172,no MS2: ST 27:1;O,[M+H-H2O]+,null,1.00,False,8.638,369.35159,C27H46O,ST,HVYWMOMLDIMFJA-UHFFFAOYSA-N,OC1CC2=CCC3C(CCC4(C)C(CCC34)C(C)CCCC(C)C)C2(C)CC1,530,False,True,False,Normalized unit: Intensity; Annotation method: Msp20260116160945_NCDK_conventional_converted_dev_1,False,False,5,0,0.00,1.00,null,null,null,-1.00,-1.00,-0.143,10175.34,P Carly Serum 1_GD1_01_66465,15995927,15020151,15707475,15224639,15487048.1503125,445120.919290507
6,20.928,369.35175,no MS2: ST 27:1;O,[M+H-H2O]+,null,1.00,False,8.638,369.35159,C27H46O,ST,HVYWMOMLDIMFJA-UHFFFAOYSA-N,OC1CC2=CCC3C(CCC4(C)C(CCC34)C(C)CCCC(C)C)C2(C)CC1,530,False,True,False,Normalized unit: Intensity; Annotation method: Msp20260116160945_NCDK_conventional_converted_dev_1,False,False,6,0,0.00,1.00,null,null,null,-1.00,-1.00,-0.143,3019.19,P Carly Serum 4_GD1_01_66468,3988396,4118477,4117573,4244355,4117200.40465624,104499.618704781
7,11.122,369.35184,no MS2: ST 27:1;O,[M+H-H2O]+,null,1.00,False,8.638,369.35159,C27H46O,ST,HVYWMOMLDIMFJA-UHFFFAOYSA-N,OC1CC2=CCC3C(CCC4(C)C(CCC34)C(C)CCCC(C)C)C2(C)CC1,530,False,True,False,Normalized unit: Intensity; Annotation method: Msp20260116160945_NCDK_conventional_converted_dev_1,False,False,7,0,0.00,1.00,null,null,null,-1.00,-1.00,-0.143,348.46,P Carly Serum 1_GD1_01_66465,454214,434076,442346,430517,440288.263703125,10523.3025408072
8,18.231,369.35251,no MS2: ST 27:1;O,[M+H-H2O]+,null,1.00,False,8.638,369.35159,C27H46O,ST,HVYWMOMLDIMFJA-UHFFFAOYSA-N,OC1CC2=CCC3C(CCC4(C)C(CCC34)C(C)CCCC(C)C)C2(C)CC1,530,False,True,False,Normalized unit: Intensity; Annotation method: Msp20260116160945_NCDK_conventional_converted_dev_1,False,False,8,0,0.00,0.98,null,null,null,-1.00,-1.00,-0.151,498.04,P Carly Serum 4_GD1_01_66468,1300265,1316536,1303120,1339616,1314884.25707813,17948.6897336349
9,6.664,391.28485,no MS2: Dioctyl phthalate (also known as the production of plastic),[M+H]+,null,1.00,False,7.431,391.28427,C24H38O4,Others,MQIUGAXCHLFZKX-UHFFFAOYSA-N,CCCCCCCCOC(=O)C1=C(C=CC=C1)C(=O)OCCCCCCCC,530,False,True,False,Normalized unit: Intensity; Annotation method: Msp20260116160945_NCDK_conventional_converted_dev_1,False,False,9,0,0.00,0.99,null,null,null,-1.00,-1.00,-0.146,6711.04,P Carly Serum 3_GD1_01_66467,3539161,3448047,3506410,3532931,3506637.08845313,41561.5240780544
10,6.664,413.26724,no MS2: Dioctyl phthalate (also known as the production of plastic),[M+Na]+,null,1.00,False,7.435,413.26624,C24H38O4,Others,MQIUGAXCHLFZKX-UHFFFAOYSA-N,CCCCCCCCOC(=O)C1=CC=CC=C1C(=O)OCCCCCCCC,530,False,True,False,Normalized unit: Intensity; Annotation method: Msp20260116160945_NCDK_conventional_converted_dev_1,False,False,10,0,0.00,0.99,null,null,null,-1.00,-1.00,-0.147,2413.46,P Carly Serum 3_GD1_01_66467,1910529,1856958,1894227,1895992,1889426.4195,22844.9721123076
11,6.664,429.24118,Unknown,[M+K]+,null,1.00,False,null,null,null,null,null,null,999,False,False,False,Normalized unit: Intensity,False,False,11,0,0.00,null,null,null,null,null,null,null,790.03,P Carly Serum 4_GD1_01_66468,442257,431140,432616,434262,435068.861015625,4958.61328910527
12,12.468,429.37387,Unknown,[M+H]+,null,1.00,False,null,null,null,null,null,null,999,False,False,False,Normalized unit: Intensity,False,False,12,0,0.00,null,null,null,null,null,null,null,242.39,P Carly Serum 4_GD1_01_66468,372657,368838,367406,382411,372828.08853125,6762.07930689743
13,12.139,429.37402,Unknown,[M+H]+,null,1.00,False,null,null,null,null,null,null,999,False,False,False,Normalized unit: Intensity,False,False,13,0,0.00,null,null,null,null,null,null,null,241.53,P Carly Serum 4_GD1_01_66468,392063,395230,404902,414880,401768.696125,10306.7261316441
14,6.664,435.32224,no MS2: NAOrn 20:4;O,[M+H]+,null,1.00,False,5.430,435.32169,C25H42N2O4,NAOrn,JTVXKANNMRGXBT-UHFFFAOYSA-N,O=C(O)C(NC(=O)CC(O)CCCCC=CCC=CCC=CCC=CCC)CCCN,530,False,True,False,Normalized unit: Intensity; Annotation method: Msp20260116160945_NCDK_conventional_converted_dev_1,False,False,14,0,0.00,1.00,null,null,null,-1.00,-1.00,-0.145,624.71,P Carly Serum 3_GD1_01_66467,370716,352423,355809,360702,359912.58628125,7963.62059522847
15,6.664,449.33856,no MS2: VAE 9:0,[M+Na]+,null,1.00,False,9.888,449.33899,C29H46O2,VAE,YAOMXJLUGJPFQR-UHFFFAOYSA-N,O=C(OCC=C(C=CC=C(C=CC1=C(C)CCCC1(C)C)C)C)CCCCCCCC,530,False,True,False,Normalized unit: Intensity; Annotation method: Msp20260116160945_NCDK_conventional_converted_dev_1,False,False,15,0,0.00,1.00,null,null,null,-1.00,-1.00,-0.145,1425.27,P Carly Serum 4_GD1_01_66468,1173553,1172283,1147404,1167478,1165179.545125,12135.7331307452
16,3.423,468.30917,no MS2: PE O-17:0|PE O-8:0_9:0,[M+H]+,null,1.00,False,6.461,468.30850,C22H46NO7P,EtherPE,IKGPZDUJSSAYQG-UHFFFAOYSA-N,O=C(OC(COCCCCCCCC)COP(=O)(O)OCCN)CCCCCCCC,530,False,True,False,Normalized unit: Intensity; Annotation method: Msp20260116160945_NCDK_conventional_converted_dev_1,False,False,16,0,0.00,0.99,null,null,null,-1.00,-1.00,-0.147,1022.03,P Carly Serum 2_GD1_01_66466,714358,723973,722102,721702,720533.901515625,4234.25581828711
17,9.183,469.36526,no MS2: NAGly 24:3;O2|NAGly 8:0;O(FA 16:2),[M+NH4]+,null,1.00,False,6.636,469.36359,C26H45NO5,NAGly,ONCCAFAPDLKMOX-UHFFFAOYSA-N,O=C(O)CNC(=O)CCCC(OC(=O)CCCCCCCC=CCC=CCCC)CCC,530,False,True,False,Normalized unit: Intensity; Annotation method: Msp20260116160945_NCDK_conventional_converted_dev_1,False,False,17,0,0.00,0.95,null,null,null,-1.00,-1.00,-0.167,262.57,P Carly Serum 2_GD1_01_66466,322962,307215,311671,317494,314835.360453125,6860.23893696783
18,15.568,475.41632,Unknown,[M+H]+,null,1.00,False,null,null,null,null,null,null,999,False,False,False,Normalized unit: Intensity,False,False,18,0,0.00,null,null,null,null,null,null,null,449.63,P Carly Serum 3_GD1_01_66467,563673,549474,542588,545332,550266.746078125,9374.89430455879
19,4.456,478.33105,no MS2: LPC O-16:2,[M+H]+,null,1.00,False,6.160,478.32919,C24H48NO6P,EtherLPC,UOPHUBYUKOXZMA-UHFFFAOYSA-N,O=P([O-])(OCC[N+](C)(C)C)OCC(OCCCCCCCCC=CCC=CCCC)CO,530,False,True,False,Normalized unit: Intensity; Annotation method: Msp20260116160945_NCDK_conventional_converted_dev_1,False,False,19,0,0.00,0.97,null,null,null,-1.00,-1.00,-0.158,3439.34,P Carly Serum 2_GD1_01_66466,1558187,1537994,1531853,1570474,1549627.01776563,17880.1989701901
20,4.820,480.34628,no MS2: LPC O-16:1,[M+H]+,null,1.00,False,6.571,480.34491,C24H50NO6P,EtherLPC,KPOMNOXBHDPKBF-UHFFFAOYSA-N,O=P([O-])(OCC[N+](C)(C)C)OCC(OCCCCCCCCC=CCCCCCC)CO,530,False,True,False,Normalized unit: Intensity; Annotation method: Msp20260116160945_NCDK_conventional_converted_dev_1,False,False,20,0,0.00,0.99,null,null,null,-1.00,-1.00,-0.146,2029.38,P Carly Serum 1_GD1_01_66465,1123933,1100727,1117396,1108999,1112763.57109375,10087.6870580397
21,3.953,482.32510,no MS2: PE O-18:0|PE O-8:0_10:0,[M+H]+,null,1.00,False,6.778,482.32410,C23H48NO7P,EtherPE,ISGKNNWWOJWCLP-UHFFFAOYSA-N,O=C(OC(COCCCCCCCC)COP(=O)(O)OCCN)CCCCCCCCC,530,False,True,False,Normalized unit: Intensity; Annotation method: Msp20260116160945_NCDK_conventional_converted_dev_1,False,False,21,0,0.00,0.98,null,null,null,-1.00,-1.00,-0.153,1102.50,P Carly Serum 1_GD1_01_66465,621969,597938,606625,612440,609742.971171875,10096.8445765055
22,4.924,482.36176,no MS2: Cer 29:5;O2|Cer 12:1;O2/17:4,[M+Na]+,null,1.00,False,6.882,482.36050,C29H49NO3,Cer_NS,MJZZTRKAMZIQEW-UHFFFAOYSA-N,O=C(NC(CO)C(O)C=CCCCCCCC)CCCC=CCC=CCC=CCC=CCC,530,False,True,False,Normalized unit: Intensity; Annotation method: Msp20260116160945_NCDK_conventional_converted_dev_1,False,False,22,0,0.00,0.99,null,null,null,-1.00,-1.00,-0.146,2938.53,P Carly Serum 1_GD1_01_66465,1354119,1344598,1344161,1327972,1342712.59779687,10848.0952687491
23,3.684,494.32547,no MS2: PC O-16:1|PC O-8:0_8:1,[M+H]+,null,1.00,False,5.283,494.32410,C24H48NO7P,EtherPC,LGLMQQWIHREYEK-UHFFFAOYSA-N,O=C(OC(COCCCCCCCC)COP(=O)([O-])OCC[N+](C)(C)C)CCC=CCCC,530,False,True,False,Normalized unit: Intensity; Annotation method: Msp20260116160945_NCDK_conventional_converted_dev_1,False,False,23,0,0.00,0.98,null,null,null,-1.00,-1.00,-0.155,2324.20,P Carly Serum 2_GD1_01_66466,1810848,1772816,1757159,1712490,1763328.02975,40705.2415302007
24,4.243,496.34052,no MS2: PC O-16:0|PC O-8:0_8:0,[M+H]+,null,1.00,False,5.632,496.33981,C24H50NO7P,EtherPC,GDMHMXIBVHRZGP-UHFFFAOYSA-N,O=C(OC(COCCCCCCCC)COP(=O)([O-])OCC[N+](C)(C)C)CCCCCCC,530,False,True,False,Normalized unit: Intensity; Annotation method: Msp20260116160945_NCDK_conventional_converted_dev_1,False,False,24,0,0.00,0.99,null,null,null,-1.00,-1.00,-0.148,13029.42,P Carly Serum 1_GD1_01_66465,9468928,9250042,9265944,9300425,9321334.89664064,100617.791439039
25,4.456,496.34119,no MS2: PC O-16:0|PC O-8:0_8:0,[M+H]+,null,1.00,False,5.632,496.33981,C24H50NO7P,EtherPC,GDMHMXIBVHRZGP-UHFFFAOYSA-N,O=C(OC(COCCCCCCCC)COP(=O)([O-])OCC[N+](C)(C)C)CCCCCCC,530,False,True,False,Normalized unit: Intensity; Annotation method: Msp20260116160945_NCDK_conventional_converted_dev_1,False,False,25,0,0.00,0.96,null,null,null,-1.00,-1.00,-0.161,70274.09,P Carly Serum 2_GD1_01_66466,53565519,53934103,52645408,53438634,53395915.8706407,542677.905137147
26,4.456,496.46637,Unknown,[M+H]+,null,1.00,False,null,null,null,null,null,null,999,False,False,False,Normalized unit: Intensity,False,False,26,0,0.00,null,null,null,null,null,null,null,1287.75,P Carly Serum 4_GD1_01_66468,702844,700304,704199,721352,707174.403859376,9588.37380978819
27,4.456,496.56006,Unknown,[M+H]+,null,1.00,False,null,null,null,null,null,null,999,False,False,False,Normalized unit: Intensity,False,False,27,0,0.00,null,null,null,null,null,null,null,2186.80,P Carly Serum 4_GD1_01_66468,610865,613822,632437,638716,623960.083343751,13709.7737007831
28,4.456,496.87775,Unknown,[M+H]+,null,1.00,False,null,null,null,null,null,null,999,False,False,False,Normalized unit: Intensity,False,False,28,0,0.00,null,null,null,null,null,null,null,3681.87,P Carly Serum 4_GD1_01_66468,1710243,1670870,1717431,1723976,1705629.98615625,23842.3504868073
29,5.397,506.36212,no MS2: Cer 31:7;O2|Cer 12:2;O2/19:5,[M+H-H2O]+,null,1.00,False,6.957,506.36050,C31H49NO3,Cer_NS,WKHZKJNBPHMLGH-UHFFFAOYSA-N,O=C(NC(CO)C(O)C=CCCC=CCCC)CCC=CCC=CCC=CCC=CCC=CCC,530,False,True,False,Normalized unit: Intensity; Annotation method: Msp20260116160945_NCDK_conventional_converted_dev_1,False,False,29,0,0.00,1.00,null,null,null,-1.00,-1.00,-0.144,1404.10,P Carly Serum 1_GD1_01_66465,588573,583580,590924,589938,588253.546234375,3261.25977703867
30,5.080,508.37717,no MS2: LPC O-18:1,[M+H]+,null,1.00,False,6.725,508.37619,C26H54NO6P,EtherLPC,LGYDTKYITBAFRQ-UHFFFAOYSA-N,O=P([O-])(OCC[N+](C)(C)C)OCC(OCCCCCCCCC=CCCCCCCCC)CO,530,False,True,False,Normalized unit: Intensity; Annotation method: Msp20260116160945_NCDK_conventional_converted_dev_1,False,False,30,0,0.00,1.00,null,null,null,-1.00,-1.00,-0.144,1358.27,P Carly Serum 2_GD1_01_66466,895608,890531,916277,921492,905977.245828126,15197.4885004423
31,4.929,510.35651,no MS2: PC O-17:0|PC O-8:0_9:0,[M+H]+,null,1.00,False,6.183,510.35541,C25H52NO7P,EtherPC,UHSLTHBXDXKKEO-UHFFFAOYSA-N,O=C(OC(COCCCCCCCC)COP(=O)([O-])OCC[N+](C)(C)C)CCCCCCCC,530,False,True,False,Normalized unit: Intensity; Annotation method: Msp20260116160945_NCDK_conventional_converted_dev_1,False,False,31,0,0.00,1.00,null,null,null,-1.00,-1.00,-0.145,3281.90,P Carly Serum 1_GD1_01_66465,1511157,1517094,1552980,1503937,1521292.0855625,21799.6601881056
32,5.935,510.39182,no MS2: Cer 31:5;O2|Cer 12:0;O2/19:5,[M+Na]+,null,1.00,False,7.492,510.39182,C31H53NO3,Cer_NDS,PNNCTFCDPBLOAP-UHFFFAOYSA-N,O=C(NC(CO)C(O)CCCCCCCCC)CCC=CCC=CCC=CCC=CCC=CCC,530,False,True,False,Normalized unit: Intensity; Annotation method: Msp20260116160945_NCDK_conventional_converted_dev_1,False,False,32,0,0.00,1.00,null,null,null,-1.00,-1.00,-0.143,490.24,P Carly Serum 2_GD1_01_66466,355299,355790,352787,362428,356575.976390625,4116.94694279266
33,4.243,518.32239,no MS2: GPNAE 21:3,[M+Na]+,null,1.00,False,6.548,518.32410,C26H48NO7P,GPNAE,RRHJUUSRKJJYIC-UHFFFAOYSA-N,O=C(NCCOP(=O)(O)OCC(O)CO)CCCCCCCC=CCC=CCC=CCCCCC,530,False,True,False,Normalized unit: Intensity; Annotation method: Msp20260116160945_NCDK_conventional_converted_dev_1,False,False,33,0,0.00,1.00,null,null,null,-1.00,-1.00,-0.143,1022.99,P Carly Serum 3_GD1_01_66467,619192,590463,588332,609281,601817.065921876,14926.187079648
34,4.460,518.32275,no MS2: GPNAE 21:3,[M+H]+,null,1.00,False,6.548,518.32410,C26H48NO7P,GPNAE,RRHJUUSRKJJYIC-UHFFFAOYSA-N,O=C(NCCOP(=O)(O)OCC(O)CO)CCCCCCCC=CCC=CCC=CCCCCC,530,False,True,False,Normalized unit: Intensity; Annotation method: Msp20260116160945_NCDK_conventional_converted_dev_1,False,False,34,0,0.00,0.99,null,null,null,-1.00,-1.00,-0.148,6171.30,P Carly Serum 4_GD1_01_66468,3968435,4033028,3898348,3994640,3973612.489125,56756.6113928715
35,3.987,520.34052,no MS2: PE O-21:2|PE O-13:1_8:1,[M+H]+,null,1.00,False,6.504,520.33978,C26H50NO7P,EtherPE,FOTOPSOAFDHFNP-UHFFFAOYSA-N,O=C(OC(COCCCCCCCCC=CCCC)COP(=O)(O)OCCN)CCC=CCCC,530,False,True,False,Normalized unit: Intensity; Annotation method: Msp20260116160945_NCDK_conventional_converted_dev_1,False,False,35,0,0.00,0.99,null,null,null,-1.00,-1.00,-0.148,19321.19,P Carly Serum 1_GD1_01_66465,13065125,12734204,12599952,12674885,12768541.578,205211.023796192
36,3.792,520.34088,no MS2: PE O-21:2|PE O-13:1_8:1,[M+H]+,null,1.00,False,6.504,520.33978,C26H50NO7P,EtherPE,FOTOPSOAFDHFNP-UHFFFAOYSA-N,O=C(OC(COCCCCCCCCC=CCCC)COP(=O)(O)OCCN)CCC=CCCC,530,False,True,False,Normalized unit: Intensity; Annotation method: Msp20260116160945_NCDK_conventional_converted_dev_1,False,False,36,0,0.00,1.00,null,null,null,-1.00,-1.00,-0.145,3256.03,P Carly Serum 2_GD1_01_66466,1668857,1682810,1683139,1681089,1678974.02359375,6804.08985379015
37,3.992,520.88959,Unknown,[M+H]+,null,1.00,False,null,null,null,null,null,null,999,False,False,False,Normalized unit: Intensity,False,False,37,0,0.00,null,null,null,null,null,null,null,411.68,P Carly Serum 4_GD1_01_66468,223312,220534,224069,228180,224023.448140625,3160.28924369269
38,4.642,522.35614,no MS2: PC O-18:1|PC O-8:0_10:1,[M+H]+,null,1.00,False,6.132,522.35541,C26H52NO7P,EtherPC,LJRRIGXUSMYHGY-UHFFFAOYSA-N,O=C(OC(COCCCCCCCC)COP(=O)([O-])OCC[N+](C)(C)C)CCCCC=CCCC,530,False,True,False,Normalized unit: Intensity; Annotation method: Msp20260116160945_NCDK_conventional_converted_dev_1,False,False,38,0,0.00,0.99,null,null,null,-1.00,-1.00,-0.146,22082.94,P Carly Serum 2_GD1_01_66466,15965727,15631893,15405582,15692665,15673966.8632969,230415.996661916
39,4.439,522.35736,no MS2: PC O-18:1|PC O-8:0_10:1,[M+H]+,null,1.00,False,6.132,522.35541,C26H52NO7P,EtherPC,LJRRIGXUSMYHGY-UHFFFAOYSA-N,O=C(OC(COCCCCCCCC)COP(=O)([O-])OCC[N+](C)(C)C)CCCCC=CCCC,530,False,True,False,Normalized unit: Intensity; Annotation method: Msp20260116160945_NCDK_conventional_converted_dev_1,False,False,39,0,0.00,0.97,null,null,null,-1.00,-1.00,-0.156,2498.76,P Carly Serum 2_GD1_01_66466,1137809,1076827,1159791,1153987,1132103.63773438,38006.535675486
40,4.651,522.90631,Unknown,[M+H]+,null,0.25,False,null,null,null,null,null,null,999,False,False,False,Normalized unit: Intensity,False,False,40,0,0.00,null,null,null,null,null,null,null,381.64,P Carly Serum 4_GD1_01_66468,224007,219272,230951,233348,226894.53496875,6443.44868245062
41,5.401,524.37140,no MS2: PC O-18:0|PC O-8:0_10:0,[M+H]+,null,1.00,False,6.232,524.37109,C26H54NO7P,EtherPC,LIRQQTBXFZSLII-UHFFFAOYSA-N,O=C(OC(COCCCCCCCC)COP(=O)([O-])OCC[N+](C)(C)C)CCCCCCCCC,530,False,True,False,Normalized unit: Intensity; Annotation method: Msp20260116160945_NCDK_conventional_converted_dev_1,False,False,41,0,0.00,1.00,null,null,null,-1.00,-1.00,-0.144,47299.82,P Carly Serum 1_GD1_01_66465,40026001,39262993,39016733,39567384,39468277.8876094,434707.413582372
42,5.184,524.37274,no MS2: PC O-18:0|PC O-8:0_10:0,[M+H]+,null,1.00,False,6.232,524.37109,C26H54NO7P,EtherPC,LIRQQTBXFZSLII-UHFFFAOYSA-N,O=C(OC(COCCCCCCCC)COP(=O)([O-])OCC[N+](C)(C)C)CCCCCCCCC,530,False,True,False,Normalized unit: Intensity; Annotation method: Msp20260116160945_NCDK_conventional_converted_dev_1,False,False,42,0,0.00,1.00,null,null,null,-1.00,-1.00,-0.143,6687.01,P Carly Serum 1_GD1_01_66465,5328584,5291349,5304002,5383969,5326976.11432813,41019.8473050588
43,5.401,524.50128,no MS2: Cer 33:0;O3|Cer 12:0;O2/21:0;O,[M+H-H2O]+,null,1.00,False,9.140,524.50372,C33H67NO4,Cer_HDS,BCVVFTNPXYSLBJ-UHFFFAOYSA-N,O=C(NC(CO)C(O)CCCCCCCCC)C(O)CCCCCCCCCCCCCCCCCCC,530,False,True,False,Normalized unit: Intensity; Annotation method: Msp20260116160945_NCDK_conventional_converted_dev_1,False,False,43,0,0.00,0.92,null,null,null,-1.00,-1.00,-0.180,1041.35,P Carly Serum 3_GD1_01_66467,429715,423460,427316,437827,429579.368953125,6072.04602908238
44,5.401,524.59418,Unknown,[M+H]+,null,1.00,False,null,null,null,null,null,null,999,False,False,False,Normalized unit: Intensity,False,False,44,0,0.00,null,null,null,null,null,null,null,1926.36,P Carly Serum 1_GD1_01_66465,435204,421489,423970,427936,427149.715171875,5989.92484439303
45,5.406,524.92200,Unknown,[M+H]+,null,1.00,False,null,null,null,null,null,null,999,False,False,False,Normalized unit: Intensity,False,False,45,0,0.00,null,null,null,null,null,null,null,2015.62,P Carly Serum 1_GD1_01_66465,1090680,1046545,1068644,1071555,1069355.88164063,18077.6497235041
46,3.987,542.32324,no MS2: LPC 18:2,[M+Na]+,null,1.00,False,5.779,542.32172,C26H50NO7P,LPC,SPJFYYJXNPEZDW-UHFFFAOYSA-N,O=C(OCC(O)COP(=O)([O-])OCC[N+](C)(C)C)CCCCCCCC=CCC=CCCCCC,530,False,True,False,Normalized unit: Intensity; Annotation method: Msp20260116160945_NCDK_conventional_converted_dev_1,False,False,46,0,0.00,1.00,null,null,null,-1.00,-1.00,-0.145,825.24,P Carly Serum 1_GD1_01_66465,626604,617789,622867,629328,624147.124062499,4997.98022422342
47,4.642,544.33862,no MS2: LPC 18:1,[M+Na]+,null,1.00,False,6.299,544.33740,C26H52NO7P,LPC,YAMUFBLWGFFICM-UHFFFAOYSA-N,O=C(OCC(O)COP(=O)([O-])OCC[N+](C)(C)C)CCCCCCCC=CCCCCCCCC,530,False,True,False,Normalized unit: Intensity; Annotation method: Msp20260116160945_NCDK_conventional_converted_dev_1,False,False,47,0,0.00,1.00,null,null,null,-1.00,-1.00,-0.143,1166.51,P Carly Serum 2_GD1_01_66466,790026,772687,794257,818735,793926.258984376,18990.5766255453
48,3.744,544.34088,no MS2: PE O-23:4|PE O-8:0_15:4,[M+H]+,null,1.00,False,6.609,544.33978,C28H50NO7P,EtherPE,ORVQTMKUQPTJSK-UHFFFAOYSA-N,O=C(OC(COCCCCCCCC)COP(=O)(O)OCCN)CC=CCC=CCC=CCC=CCC,530,False,True,False,Normalized unit: Intensity; Annotation method: Msp20260116160945_NCDK_conventional_converted_dev_1,False,False,48,0,0.00,1.00,null,null,null,-1.00,-1.00,-0.144,1035.98,P Carly Serum 2_GD1_01_66466,512706,502384,501470,510875,506858.507109375,5755.57921554612
49,3.918,544.34113,no MS2: PE O-23:4|PE O-8:0_15:4,[M+H]+,null,1.00,False,6.609,544.33978,C28H50NO7P,EtherPE,ORVQTMKUQPTJSK-UHFFFAOYSA-N,O=C(OC(COCCCCCCCC)COP(=O)(O)OCCN)CC=CCC=CCC=CCC=CCC,530,False,True,False,Normalized unit: Intensity; Annotation method: Msp20260116160945_NCDK_conventional_converted_dev_1,False,False,49,0,0.00,1.00,null,null,null,-1.00,-1.00,-0.143,10543.66,P Carly Serum 1_GD1_01_66465,4139561,4093335,4168185,4145820,4136725.56046875,31428.1287566205
50,5.406,546.35437,no MS2: LPC 18:0,[M+Na]+,null,1.00,False,6.748,546.35303,C26H54NO7P,LPC,IHNKQIMGVNPMTC-UHFFFAOYSA-N,O=C(OCC(O)COP(=O)([O-])OCC[N+](C)(C)C)CCCCCCCCCCCCCCCCC,530,False,True,False,Normalized unit: Intensity; Annotation method: Msp20260116160945_NCDK_conventional_converted_dev_1,False,False,50,0,0.00,1.00,null,null,null,-1.00,-1.00,-0.143,1021.68,P Carly Serum 1_GD1_01_66465,2678994,2621234,2708330,2708876,2679358.45645313,41187.2782660427
51,5.188,546.35461,no MS2: PE O-23:3|PE O-8:0_15:3,[M+H]+,null,0.25,False,6.612,546.35541,C28H52NO7P,EtherPE,BGJKNDHQOAVPKY-UHFFFAOYSA-N,O=C(OC(COCCCCCCCC)COP(=O)(O)OCCN)CCCCC=CCC=CCC=CCC,530,False,True,False,Normalized unit: Intensity; Annotation method: Msp20260116160945_NCDK_conventional_converted_dev_1,False,False,51,0,0.00,0.99,null,null,null,-1.00,-1.00,-0.148,106.91,P Carly Serum 4_GD1_01_66468,304982,290102,302264,305282,300657.720390625,7166.65327849263
52,4.330,546.35596,no MS2: PE O-23:3|PE O-8:0_15:3,[M+H]+,null,1.00,False,6.612,546.35541,C28H52NO7P,EtherPE,BGJKNDHQOAVPKY-UHFFFAOYSA-N,O=C(OC(COCCCCCCCC)COP(=O)(O)OCCN)CCCCC=CCC=CCC=CCC,530,False,True,False,Normalized unit: Intensity; Annotation method: Msp20260116160945_NCDK_conventional_converted_dev_1,False,False,52,0,0.00,0.99,null,null,null,-1.00,-1.00,-0.145,489.22,P Carly Serum 1_GD1_01_66465,1334520,1330159,1332003,1346527,1335801.98453125,7369.9794156717
53,4.872,548.37115,no MS2: PE O-23:2|PE O-8:0_15:2,[M+H]+,null,1.00,False,7.107,548.37109,C28H54NO7P,EtherPE,PJFKIDKQFBLEBG-UHFFFAOYSA-N,O=C(OC(COCCCCCCCC)COP(=O)(O)OCCN)CCCCCCC=CCC=CCCC,530,False,True,False,Normalized unit: Intensity; Annotation method: Msp20260116160945_NCDK_conventional_converted_dev_1,False,False,53,0,0.00,1.00,null,null,null,-1.00,-1.00,-0.143,359.14,P Carly Serum 1_GD1_01_66465,363773,359271,360779,363669,361873.000546875,2221.65358804421
54,15.568,548.50488,no MS2: Cer 35:2;O3|Cer 13:0;O2/22:2;O,[M+H-H2O]+,null,1.00,False,9.029,548.50372,C35H67NO4,Cer_HDS,VKOOPZWKDVJCLX-UHFFFAOYSA-N,O=C(NC(CO)C(O)CCCCCCCCCC)C(O)CCCCCCCCCCC=CCC=CCCCCC,530,False,True,False,Normalized unit: Intensity; Annotation method: Msp20260116160945_NCDK_conventional_converted_dev_1,False,False,54,0,0.00,1.00,null,null,null,-1.00,-1.00,-0.143,790.51,P Carly Serum 2_GD1_01_66466,1560115,1518389,1506587,1531486,1529144.10504688,23015.9718010359
55,5.532,550.38727,no MS2: PC O-20:1|PC O-8:0_12:1,[M+H]+,null,1.00,False,6.545,550.38672,C28H56NO7P,EtherPC,XOSKOSSFPZUHCB-UHFFFAOYSA-N,O=C(OC(COCCCCCCCC)COP(=O)([O-])OCC[N+](C)(C)C)CCCCCCC=CCCC,530,False,True,False,Normalized unit: Intensity; Annotation method: Msp20260116160945_NCDK_conventional_converted_dev_1,False,False,55,0,0.00,1.00,null,null,null,-1.00,-1.00,-0.143,590.91,P Carly Serum 2_GD1_01_66466,369588,359684,383079,367105,369864.21365625,9763.11654508755
56,21.275,551.50195,Unknown,[M+H]+,null,1.00,False,null,null,null,null,null,null,999,False,False,False,Normalized unit: Intensity,False,False,56,0,0.00,null,null,null,null,null,null,null,411.63,P Carly Serum 3_GD1_01_66467,340510,331264,342471,339048,338323.37615625,4910.76160619858
57,15.672,551.50452,Unknown,[M+H-H2O]+,null,1.00,False,null,null,null,null,null,null,999,False,False,False,Normalized unit: Intensity,False,False,57,0,0.00,null,null,null,null,null,null,null,335.44,P Carly Serum 4_GD1_01_66468,361675,362093,363307,368370,363861.321546875,3084.42823469226
58,15.568,553.46033,no MS2: NAGly 30:3;O2|NAGly 8:0;O(FA 22:2),[M+NH4]+,null,1.00,False,8.003,553.45752,C32H57NO5,NAGly,NZXVOXOUAINEMH-UHFFFAOYSA-N,O=C(O)CNC(=O)CCCC(OC(=O)CCCCCCCCCCCC=CCC=CCCCCC)CCC,530,False,True,False,Normalized unit: Intensity; Annotation method: Msp20260116160945_NCDK_conventional_converted_dev_1,False,False,58,0,0.00,0.92,null,null,null,-1.00,-1.00,-0.181,466.57,P Carly Serum 2_GD1_01_66466,640352,634201,611066,619828,626361.548734375,13339.6533219603
59,4.460,554.39447,Unknown,[M+H]+,null,1.00,False,null,null,null,null,null,null,999,False,False,False,Normalized unit: Intensity,False,False,59,0,0.00,null,null,null,null,null,null,null,1821.02,P Carly Serum 4_GD1_01_66468,1413313,1390864,1400101,1427561,1407959.82379688,15988.3120923453
60,3.818,568.34064,no MS2: LPC 22:6,[M+H]+,null,1.00,False,5.888,568.33978,C30H50NO7P,LPC,LSOWKZULVQWMLY-UHFFFAOYSA-N,O=C(OCC(O)COP(=O)([O-])OCC[N+](C)(C)C)CCC=CCC=CCC=CCC=CCC=CCC=CCC,530,False,True,False,Normalized unit: Intensity; Annotation method: Msp20260116160945_NCDK_conventional_converted_dev_1,False,False,60,0,0.00,1.00,null,null,null,-1.00,-1.00,-0.143,2016.88,P Carly Serum 2_GD1_01_66466,864537,868928,880924,871832,871555.105125,6928.37144961984
61,15.568,569.43317,no MS2: VAE 18:3,[M+Na]+,null,1.00,False,12.806,569.43292,C38H58O2,VAE,WGYRYGOQDJJQIQ-UHFFFAOYSA-N,O=C(OCC=C(C=CC=C(C=CC1=C(C)CCCC1(C)C)C)C)CCCCCCCC=CCC=CCC=CCC,530,False,True,False,Normalized unit: Intensity; Annotation method: Msp20260116160945_NCDK_conventional_converted_dev_1,False,False,61,0,0.00,1.00,null,null,null,-1.00,-1.00,-0.143,338.39,P Carly Serum 2_GD1_01_66466,441133,451168,427099,419790,434797.60346875,14054.9429302064
62,20.928,575.50305,Unknown,[M+H]+,null,1.00,False,null,null,null,null,null,null,999,False,False,False,Normalized unit: Intensity,False,False,62,0,0.00,null,null,null,null,null,null,null,346.04,P Carly Serum 1_GD1_01_66465,591408,577203,570792,580192,579898.628515625,8616.85235954842
63,14.668,575.50476,Unknown,[M+H-H2O]+,null,1.00,False,null,null,null,null,null,null,999,False,False,False,Normalized unit: Intensity,False,False,63,0,0.00,null,null,null,null,null,null,null,444.58,P Carly Serum 4_GD1_01_66468,769461,740575,780110,767602,764436.936453125,16835.3791422236
64,20.936,577.51764,no MS2: RIKEN P-VS1 ID-5423 from Mouse_Plasma_ApoEKO_N_F1DHA,[M+H]+,null,0.75,False,13.050,577.51569,null,Unknown,null,null,530,False,True,False,Normalized unit: Intensity; Annotation method: Msp20260116160945_NCDK_conventional_converted_dev_1,False,False,64,0,0.00,0.95,null,null,null,-1.00,-1.00,-0.152,278.84,P Carly Serum 4_GD1_01_66468,457220,461657,467692,469651,464054.72084375,5686.63221781896
65,21.301,577.51770,no MS2: RIKEN P-VS1 ID-5423 from Mouse_Plasma_ApoEKO_N_F1DHA,[M+H]+,null,1.00,False,13.050,577.51569,null,Unknown,null,null,530,False,True,False,Normalized unit: Intensity; Annotation method: Msp20260116160945_NCDK_conventional_converted_dev_1,False,False,65,0,0.00,0.95,null,null,null,-1.00,-1.00,-0.152,785.11,P Carly Serum 3_GD1_01_66467,955836,947126,943415,951561,949484.31015625,5386.80552948824
66,15.845,577.52039,no MS2: RIKEN P-VS1 ID-5423 from Mouse_Plasma_ApoEKO_N_F1DHA,[M+H]+,null,1.00,False,13.050,577.51569,null,Unknown,null,null,530,False,True,False,Normalized unit: Intensity; Annotation method: Msp20260116160945_NCDK_conventional_converted_dev_1,False,False,66,0,0.00,0.78,null,null,null,-1.00,-1.00,-0.226,1392.44,P Carly Serum 2_GD1_01_66466,1578953,1575192,1571978,1605610,1582933.03378125,15384.2421067778
67,5.406,582.42548,Unknown,[M+H]+,null,1.00,False,null,null,null,null,null,null,999,False,False,False,Normalized unit: Intensity,False,False,67,0,0.00,null,null,null,null,null,null,null,1755.65,P Carly Serum 4_GD1_01_66468,837535,815318,815408,846130,828597.57953125,15679.6110996161
68,15.568,589.53107,Unknown,[M+H]+,null,1.00,False,null,null,null,null,null,null,999,False,False,False,Normalized unit: Intensity,False,False,68,0,0.00,null,null,null,null,null,null,null,610.28,P Carly Serum 1_GD1_01_66465,1092052,1087025,1082402,1077526,1084751.4356875,6223.32624594927
69,15.681,591.49658,no MS2: RIKEN P-VS1 ID-5627 from Mouse_AdrenalGlands_WT_N_Ctr,[M+Na]+,null,1.00,False,11.480,591.49652,null,Unknown,null,null,530,False,True,False,Normalized unit: Intensity; Annotation method: Msp20260116160945_NCDK_conventional_converted_dev_1,False,False,69,0,0.00,1.00,null,null,null,-1.00,-1.00,-0.129,143.86,P Carly Serum 3_GD1_01_66467,345370,333905,341867,339935,340269.163578125,4802.58286170788
70,20.963,601.51880,no MS2: RIKEN P-VS1 ID-5826 from Mouse_Feces_WT_N_Ctr,[M+H]+,null,1.00,False,12.880,601.51538,null,Unknown,null,null,530,False,True,False,Normalized unit: Intensity; Annotation method: Msp20260116160945_NCDK_conventional_converted_dev_1,False,False,70,0,0.00,0.91,null,null,null,-1.00,-1.00,-0.171,444.86,P Carly Serum 3_GD1_01_66467,446874,435686,446648,443983,443297.78503125,5241.78072286241
71,14.871,601.52002,no MS2: RIKEN P-VS1 ID-5826 from Mouse_Feces_WT_N_Ctr,[M+H-H2O]+,null,1.00,False,12.880,601.51538,null,Unknown,null,null,530,False,True,False,Normalized unit: Intensity; Annotation method: Msp20260116160945_NCDK_conventional_converted_dev_1,False,False,71,0,0.00,0.82,null,null,null,-1.00,-1.00,-0.209,539.53,P Carly Serum 2_GD1_01_66466,589396,577184,595384,587846,587452.363,7578.13281426321
72,21.327,603.53455,no MS2: RIKEN P-VS1 ID-5863 from Mouse_Adipose_WT_N_F1AA,[M+H]+,null,1.00,False,14.760,603.53430,null,Unknown,null,null,530,False,True,False,Normalized unit: Intensity; Annotation method: Msp20260116160945_NCDK_conventional_converted_dev_1,False,False,72,0,0.00,1.00,null,null,null,-1.00,-1.00,-0.129,508.86,P Carly Serum 4_GD1_01_66468,497655,485340,476476,491854,487831.058046875,9089.09123299809
73,16.014,603.53564,no MS2: RIKEN P-VS1 ID-5863 from Mouse_Adipose_WT_N_F1AA,[M+H]+,null,1.00,False,14.760,603.53430,null,Unknown,null,null,530,False,True,False,Normalized unit: Intensity; Annotation method: Msp20260116160945_NCDK_conventional_converted_dev_1,False,False,73,0,0.00,0.99,null,null,null,-1.00,-1.00,-0.133,677.42,P Carly Serum 2_GD1_01_66466,589492,580935,579596,603301,588331.026796875,10900.4968068844
74,14.672,610.54034,no MS2: Cer 37:2;O4|Cer 12:1;O3/25:1(2OH),[M+H]+,null,1.00,False,9.412,610.54053,C37H71NO5,Cer_AP,KHGKWTNERDCOKC-UHFFFAOYSA-N,O=C(NC(CO)C(O)C(O)CCCC=CCCC)C(O)CCCCCCCCCCCC=CCCCCCCCCCC,530,False,True,False,Normalized unit: Intensity; Annotation method: Msp20260116160945_NCDK_conventional_converted_dev_1,False,False,74,0,0.00,1.00,null,null,null,-1.00,-1.00,-0.143,1550.73,P Carly Serum 3_GD1_01_66467,1170282,1177921,1204211,1195639,1187012.90423438,15628.5708715689
75,15.854,612.55756,no MS2: Cer 37:1;O4|Cer 12:1;O3/25:0(2OH),[M+H]+,null,1.00,False,9.844,612.55621,C37H73NO5,Cer_AP,RUEOUTPJRGEUDQ-UHFFFAOYSA-N,O=C(NC(CO)C(O)C(O)CCCC=CCCC)C(O)CCCCCCCCCCCCCCCCCCCCCCC,530,False,True,False,Normalized unit: Intensity; Annotation method: Msp20260116160945_NCDK_conventional_converted_dev_1,False,False,75,0,0.00,0.99,null,null,null,-1.00,-1.00,-0.147,3419.49,P Carly Serum 2_GD1_01_66466,1659437,1629746,1632026,1649569,1642694.52575,14248.4764006489
76,21.045,614.58679,no MS2: SE 28:1/13:0,[M+NH4]+,null,1.00,False,13.987,614.58710,C41H72O2,CASE,IZISIMGNZGDQOF-UHFFFAOYSA-N,O=C(OC1CC2=CCC3C(CCC4(C)C(CCC34)C(C)CCC(C)C(C)C)C2(C)CC1)CCCCCCCCCCCC,530,False,True,False,Normalized unit: Intensity; Annotation method: Msp20260116160945_NCDK_conventional_converted_dev_1,False,False,76,0,0.00,1.00,null,null,null,-1.00,-1.00,-0.143,1299.34,P Carly Serum 4_GD1_01_66468,596310,583320,609791,607370,599197.7805625,12102.9361400512
77,14.676,615.49628,no MS2: DG 34:2,[M+Na]+,null,1.00,False,11.009,615.49591,C37H68O5,DG,DPWHHRVJHABNSH-UHFFFAOYSA-N,O=C(OCC(OC(=O)CCCCCCCCCCCCCC=CCC=CCCCCCCC)CO)CCCCCCC,530,False,True,False,Normalized unit: Intensity; Annotation method: Msp20260116160945_NCDK_conventional_converted_dev_1,False,False,77,0,0.00,1.00,null,null,null,-1.00,-1.00,-0.144,536.46,P Carly Serum 3_GD1_01_66467,968289,952858,963435,953814,959598.751421875,7508.80734711298
78,15.845,617.51270,no MS2: RIKEN P-VS1 ID-6160 from Mouse_BAT_fads2KO_N_Ctr,[M+H]+,null,1.00,False,11.650,617.51489,null,Unknown,null,null,530,False,True,False,Normalized unit: Intensity; Annotation method: Msp20260116160945_NCDK_conventional_converted_dev_1,False,False,78,0,0.00,0.96,null,null,null,-1.00,-1.00,-0.148,939.28,P Carly Serum 4_GD1_01_66468,1126931,1108459,1106502,1111155,1113261.63339063,9310.56925351342
79,18.175,632.63458,no MS2: Cer 42:1;O2|Cer 12:0;O2/30:1,[M+H-H2O]+,null,1.00,False,13.093,632.63397,C42H83NO3,Cer_NDS,DGPMLOUFNUIKOS-UHFFFAOYSA-N,O=C(NC(CO)C(O)CCCCCCCCC)CCCCCCCCCCCCCCCCCCCC=CCCCCCCCC,530,False,True,False,Normalized unit: Intensity; Annotation method: Msp20260116160945_NCDK_conventional_converted_dev_1,False,False,79,0,0.00,1.00,null,null,null,-1.00,-1.00,-0.143,417.46,P Carly Serum 3_GD1_01_66467,355599,352133,347486,356875,353023.0454375,4199.96299486598
80,13.629,634.53992,no MS2: Cer 39:4;O4|Cer 13:1;O3/26:3(2OH),[M+H]+,null,1.00,False,9.357,634.54053,C39H71NO5,Cer_AP,QRNZDMXRMRCBNE-UHFFFAOYSA-N,O=C(NC(CO)C(O)C(O)CCCC=CCCCC)C(O)CCCCCCCCCC=CCC=CCC=CCCCCCCC,530,False,True,False,Normalized unit: Intensity; Annotation method: Msp20260116160945_NCDK_conventional_converted_dev_1,False,False,80,0,0.00,1.00,null,null,null,-1.00,-1.00,-0.144,150.63,P Carly Serum 3_GD1_01_66467,628182,642613,631029,637078,634725.373234375,6435.01776673615
81,14.871,636.55573,no MS2: Cer 39:3;O4|Cer 13:1;O3/26:2(2OH),[M+H]+,null,1.00,False,10.444,636.55621,C39H73NO5,Cer_AP,RNLOLCADZMWTBL-UHFFFAOYSA-N,O=C(NC(CO)C(O)C(O)CCCC=CCCCC)C(O)CCCCCCCCCCCCC=CCC=CCCCCCCC,530,False,True,False,Normalized unit: Intensity; Annotation method: Msp20260116160945_NCDK_conventional_converted_dev_1,False,False,81,0,0.00,1.00,null,null,null,-1.00,-1.00,-0.144,976.58,P Carly Serum 2_GD1_01_66466,1438328,1559738,1453094,1454270,1476357.34054687,56058.1187525368
82,16.019,638.57220,no MS2: Cer 39:2;O4|Cer 12:1;O3/27:1(2OH),[M+H]+,null,1.00,False,10.761,638.57178,C39H75NO5,Cer_AP,QMYJSYAMPMHEJN-UHFFFAOYSA-N,O=C(NC(CO)C(O)C(O)CCCC=CCCC)C(O)CCCCCCCCCCCCCC=CCCCCCCCCCC,530,False,True,False,Normalized unit: Intensity; Annotation method: Msp20260116160945_NCDK_conventional_converted_dev_1,False,False,82,0,0.00,1.00,null,null,null,-1.00,-1.00,-0.144,1413.07,P Carly Serum 2_GD1_01_66466,1142019,1136543,1145476,1167172,1147802.56867188,13426.3577596582
83,13.629,639.49658,no MS2: RIKEN P-VS1 ID-6588 from Mouse_Feces_WT_N_Ctr,[M+H]+,null,1.00,False,10.350,639.49658,null,Unknown,null,null,530,False,True,False,Normalized unit: Intensity; Annotation method: Msp20260116160945_NCDK_conventional_converted_dev_1,False,False,83,0,0.00,1.00,null,null,null,-1.00,-1.00,-0.129,445.40,P Carly Serum 3_GD1_01_66467,565938,566088,570092,571958,568519.317546875,2993.0077705886
84,21.062,640.60175,no MS2: SE 28:2/15:0,[M+NH4]+,null,1.00,False,14.512,640.60272,C43H74O2,BRSE,CYVYXFRHNWNKJU-UHFFFAOYSA-N,O=C(OC1CC2=CCC3C(CCC4(C)C(CCC34)C(C=CC(C)C(C)C)C)C2(C)CC1)CCCCCCCCCCCCCC,530,False,True,False,Normalized unit: Intensity; Annotation method: Msp20260116160945_NCDK_conventional_converted_dev_1,False,False,84,0,0.00,1.00,null,null,null,-1.00,-1.00,-0.143,18191.21,P Carly Serum 4_GD1_01_66468,9179868,8905442,9260762,9281021,9156773.26820314,173158.716898902
85,14.876,641.51147,no MS2: DG 36:3,[M+Na]+,null,1.00,False,11.361,641.51147,C39H70O5,DG,PHDXFGKEFPXZKF-UHFFFAOYSA-N,O=C(OCC(OC(=O)CCCCCCCCCCCCC=CCC=CCC=CCCCCCCC)CO)CCCCCCC,530,False,True,False,Normalized unit: Intensity; Annotation method: Msp20260116160945_NCDK_conventional_converted_dev_1,False,False,85,0,0.00,1.00,null,null,null,-1.00,-1.00,-0.143,1365.20,P Carly Serum 2_GD1_01_66466,1392566,1363302,1332067,1374722,1365664.29332812,25430.0125046585
86,21.608,642.61792,no MS2: SE 28:1/15:0,[M+NH4]+,null,1.00,False,14.419,642.61841,C43H76O2,CASE,VYXJXPORGYLSCM-UHFFFAOYSA-N,O=C(OC1CC2=CCC3C(CCC4(C)C(CCC34)C(C)CCC(C)C(C)C)C2(C)CC1)CCCCCCCCCCCCCC,530,False,True,False,Normalized unit: Intensity; Annotation method: Msp20260116160945_NCDK_conventional_converted_dev_1,False,False,86,0,0.00,1.00,null,null,null,-1.00,-1.00,-0.143,16196.02,P Carly Serum 2_GD1_01_66466,12702749,12540286,13178668,12639291,12765248.4066719,283604.743513544
87,16.014,643.52820,no MS2: RIKEN P-VS1 ID-6693 from Mouse_Feces_WT_N_Ctr,[M+H]+,null,1.00,False,12.240,643.52728,null,Unknown,null,null,530,False,True,False,Normalized unit: Intensity; Annotation method: Msp20260116160945_NCDK_conventional_converted_dev_1,False,False,87,0,0.00,1.00,null,null,null,-1.00,-1.00,-0.130,1043.26,P Carly Serum 2_GD1_01_66466,918972,898498,913813,911948,910807.668875,8727.75412472143
88,21.058,645.55682,no MS2: VAE 23:0,[M+Na]+,null,1.00,False,14.689,645.55811,C43H74O2,VAE,ABIKWACHXVOLTR-UHFFFAOYSA-N,O=C(OCC=C(C=CC=C(C=CC1=C(C)CCCC1(C)C)C)C)CCCCCCCCCCCCCCCCCCCCCC,530,False,True,False,Normalized unit: Intensity; Annotation method: Msp20260116160945_NCDK_conventional_converted_dev_1,False,False,88,0,0.00,1.00,null,null,null,-1.00,-1.00,-0.143,1178.07,P Carly Serum 4_GD1_01_66468,617037,588167,604277,615705,606296.54378125,13374.374958695
89,17.261,647.45886,no MS2: DG 37:7,[M+Na]+,null,1.00,False,9.244,647.46460,C40H64O5,DG,HWGDKLDOTMWARD-UHFFFAOYSA-N,O=C(OCC(OC(=O)CCCCCC=CCC=CCC=CCC=CCC=CCC=CCC=CCC)CO)CCCCCCCC,530,False,True,False,Normalized unit: Intensity; Annotation method: Msp20260116160945_NCDK_conventional_converted_dev_1,False,False,89,0,0.00,0.74,null,null,null,-1.00,-1.00,-0.272,585.50,P Carly Serum 4_GD1_01_66468,839615,802465,763564,873451,819773.521484375,47378.0327185539
90,21.591,647.57318,no MS2: SE 28:4/17:0,[M+H]+,null,1.00,False,14.344,647.57617,C45H74O2,DEGSE,SMBKRNCNALQNLI-UHFFFAOYSA-N,O=C(OC1CC2=CC=C3C(=CCC4(C)C3CCC4C(C=CC(C)C(C)C)C)C2(C)CC1)CCCCCCCCCCCCCCCC,530,False,True,False,Normalized unit: Intensity; Annotation method: Msp20260116160945_NCDK_conventional_converted_dev_1,False,False,90,0,0.00,0.95,null,null,null,-1.00,-1.00,-0.166,706.65,P Carly Serum 4_GD1_01_66468,1075214,1080602,1078843,1086155,1080203.082625,4557.93715402362
91,20.738,647.57629,no MS2: SE 28:4/17:0,[M+H]+,null,1.00,False,14.344,647.57617,C45H74O2,DEGSE,SMBKRNCNALQNLI-UHFFFAOYSA-N,O=C(OC1CC2=CC=C3C(=CCC4(C)C3CCC4C(C=CC(C)C(C)C)C)C2(C)CC1)CCCCCCCCCCCCCCCC,530,False,True,False,Normalized unit: Intensity; Annotation method: Msp20260116160945_NCDK_conventional_converted_dev_1,False,False,91,0,0.00,1.00,null,null,null,-1.00,-1.00,-0.143,325.56,P Carly Serum 2_GD1_01_66466,397957,393023,402857,410326,401040.723,7377.95045841623
92,18.283,647.57709,no MS2: SE 28:4/17:0,[M+H]+,null,1.00,False,14.344,647.57617,C45H74O2,DEGSE,SMBKRNCNALQNLI-UHFFFAOYSA-N,O=C(OC1CC2=CC=C3C(=CCC4(C)C3CCC4C(C=CC(C)C(C)C)C)C2(C)CC1)CCCCCCCCCCCCCCCC,530,False,True,False,Normalized unit: Intensity; Annotation method: Msp20260116160945_NCDK_conventional_converted_dev_1,False,False,92,0,0.00,1.00,null,null,null,-1.00,-1.00,-0.143,1568.86,P Carly Serum 2_GD1_01_66466,1840556,1809301,1814563,1890514,1838733.54901563,37126.106630849
93,21.162,649.59167,no MS2: SE 28:3/17:0,[M+H]+,null,1.00,False,14.427,649.59180,C45H76O2,EGSE,VGUZMPDGGYQYST-UHFFFAOYSA-N,O=C(OC1CC2=CC=C3C(CCC4(C)C3CCC4C(C=CC(C)C(C)C)C)C2(C)CC1)CCCCCCCCCCCCCCCC,530,False,True,False,Normalized unit: Intensity; Annotation method: Msp20260116160945_NCDK_conventional_converted_dev_1,False,False,93,0,0.00,1.00,null,null,null,-1.00,-1.00,-0.143,1511.38,P Carly Serum 1_GD1_01_66465,1656606,1623081,1638876,1644015,1640644.52173437,13877.059858604
94,18.179,650.64459,no MS2: Cer 42:0;O3|Cer 12:0;O2/30:0;O,[M+H]+,null,1.00,False,12.825,650.64459,C42H85NO4,Cer_HDS,RBLKHLIBCHJHCL-UHFFFAOYSA-N,O=C(NC(CO)C(O)CCCCCCCCC)C(O)CCCCCCCCCCCCCCCCCCCCCCCCCCCC,530,False,True,False,Normalized unit: Intensity; Annotation method: Msp20260116160945_NCDK_conventional_converted_dev_1,False,False,94,0,0.00,1.00,null,null,null,-1.00,-1.00,-0.143,604.83,P Carly Serum 4_GD1_01_66468,478989,463290,471025,469553,470714.444218751,6455.88524045493
95,15.850,653.58386,no MS2: NAGly 37:2;O2|NAGly 9:0;O(FA 28:1),[M+NH4]+,null,1.00,False,11.669,653.58270,C39H73NO5,NAGly,ZEMUIADJWIPWGA-UHFFFAOYSA-N,O=C(O)CNC(=O)CCCC(OC(=O)CCCCCCCCCCCCCCCCCC=CCCCCCCCC)CCCC,530,False,True,False,Normalized unit: Intensity; Annotation method: Msp20260116160945_NCDK_conventional_converted_dev_1,False,False,95,0,0.00,0.99,null,null,null,-1.00,-1.00,-0.148,626.60,P Carly Serum 2_GD1_01_66466,590646,581518,583439,585102,585176.254734375,3929.60426816273
96,21.357,654.61774,no MS2: SE 28:2/16:0,[M+NH4]+,null,1.00,False,14.649,654.61841,C44H76O2,BRSE,XUWJSXVZHANHCZ-UHFFFAOYSA-N,O=C(OC1CC2=CCC3C(CCC4(C)C(CCC34)C(C=CC(C)C(C)C)C)C2(C)CC1)CCCCCCCCCCCCCCC,530,False,True,False,Normalized unit: Intensity; Annotation method: Msp20260116160945_NCDK_conventional_converted_dev_1,False,False,96,0,0.00,1.00,null,null,null,-1.00,-1.00,-0.143,1054.75,P Carly Serum 4_GD1_01_66468,848564,839747,833535,837870,839928.953625,6317.33267257443
97,21.777,656.63361,no MS2: SE 28:1/16:0,[M+NH4]+,null,1.00,False,15.355,656.63397,C44H78O2,CASE,BHGYUIZFHKUJAB-UHFFFAOYSA-N,O=C(OC1CC2=CCC3C(CCC4(C)C(CCC34)C(C)CCC(C)C(C)C)C2(C)CC1)CCCCCCCCCCCCCCC,530,False,True,False,Normalized unit: Intensity; Annotation method: Msp20260116160945_NCDK_conventional_converted_dev_1,False,False,97,0,0.00,1.00,null,null,null,-1.00,-1.00,-0.144,627.83,P Carly Serum 4_GD1_01_66468,619589,614711,617438,618657,617598.819624999,2116.89981062371
98,14.871,657.48737,no MS2: SL 36:4;O2|SL 12:1;O/24:3;O,[M+K]+,null,1.00,False,8.276,657.48712,C36H65NO6S,SL,IDWMMDPRULBCTH-UHFFFAOYSA-N,O=C(N(CC(O)C=CCCCCCCC)CS(=O)(=O)O)C(O)CCCCCCCC=CCC=CCC=CCCCCCCC,530,False,True,False,Normalized unit: Intensity; Annotation method: Msp20260116160945_NCDK_conventional_converted_dev_1,False,False,98,0,0.00,1.00,null,null,null,-1.00,-1.00,-0.143,360.67,P Carly Serum 1_GD1_01_66465,402310,418372,419160,429510,417338.0766875,11230.877697481
99,13.092,663.45361,no MS2: RIKEN P-VS1 ID-7082 from Mouse_Macrophage_WT_N_F1AA,[M+H]+,null,1.00,False,9.900,663.45538,null,Unknown,null,null,530,False,True,False,Normalized unit: Intensity; Annotation method: Msp20260116160945_NCDK_conventional_converted_dev_1,False,False,99,0,0.00,1.00,null,null,null,-1.00,-1.00,-0.130,1880.93,P Carly Serum 3_GD1_01_66467,11931785,11956825,11779133,11613677,11820355.2064687,158593.743248421
100,18.495,663.57092,no MS2: RIKEN P-VS1 ID-7095 from Mouse_Muscle_WT_CTX0_Ctr,[M+H]+,null,1.00,False,12.100,663.56897,null,Unknown,null,null,530,False,True,False,Normalized unit: Intensity; Annotation method: Msp20260116160945_NCDK_conventional_converted_dev_1,False,False,100,0,0.00,0.99,null,null,null,-1.00,-1.00,-0.133,201.82,P Carly Serum 3_GD1_01_66467,1018158,991975,1031658,1044608,1021599.68160937,22509.1986697273
101,18.183,663.57129,no MS2: SL 37:0;O|SL 12:0;O/25:0,[M+NH4]+,null,1.00,False,10.979,663.57037,C37H75NO5S,SL,GERSZGWKMLRVRK-UHFFFAOYSA-N,O=C(N(CC(O)CCCCCCCCC)CS(=O)(=O)O)CCCCCCCCCCCCCCCCCCCCCCCC,530,False,True,False,Normalized unit: Intensity; Annotation method: Msp20260116160945_NCDK_conventional_converted_dev_1,False,False,101,0,0.00,0.99,null,null,null,-1.00,-1.00,-0.147,85.00,P Carly Serum 2_GD1_01_66466,432913,427887,436044,435873,433179.451703126,3809.78739863028
102,20.729,664.60162,no MS2: SE 28:2/17:2,[M+NH4]+,null,1.00,False,14.133,664.60272,C45H74O2,BRSE,YNGVKVHZBTYWFJ-UHFFFAOYSA-N,O=C(OC1CC2=CCC3C(CCC4(C)C(CCC34)C(C=CC(C)C(C)C)C)C2(C)CC1)CCCCCCCC=CCC=CCCCC,530,False,True,False,Normalized unit: Intensity; Annotation method: Msp20260116160945_NCDK_conventional_converted_dev_1,False,False,102,0,0.00,1.00,null,null,null,-1.00,-1.00,-0.145,4037.25,P Carly Serum 2_GD1_01_66466,16378261,15821939,16475692,16441271,16279290.7238594,307558.2303345
103,21.158,666.61908,no MS2: SE 28:2/17:1,[M+NH4]+,null,1.00,False,14.759,666.61841,C45H76O2,BRSE,KZVQJMDFHGPLAH-UHFFFAOYSA-N,O=C(OC1CC2=CCC3C(CCC4(C)C(CCC34)C(C=CC(C)C(C)C)C)C2(C)CC1)CCCCCCCC=CCCCCCCC,530,False,True,False,Normalized unit: Intensity; Annotation method: Msp20260116160945_NCDK_conventional_converted_dev_1,False,False,103,0,0.00,1.00,null,null,null,-1.00,-1.00,-0.143,66043.83,P Carly Serum 1_GD1_01_66465,141961501,138526865,139912493,140354804,140188915.916984,1415203.42410756
104,21.158,666.76190,Unknown,[M+2H]2+,null,1.00,False,null,null,null,null,null,null,999,False,False,False,Normalized unit: Intensity,False,False,104,0,0.00,null,null,null,null,null,null,null,3388.97,P Carly Serum 2_GD1_01_66466,3069471,3084533,3042693,3095462,3073039.98045312,22865.5564217524
105,21.158,666.87225,Unknown,[M+H]+,null,1.00,False,null,null,null,null,null,null,999,False,False,False,Normalized unit: Intensity,False,False,105,0,0.00,null,null,null,null,null,null,null,2315.01,P Carly Serum 1_GD1_01_66465,2523138,2462843,2502911,2503073,2497991.12260937,25283.5477445881
106,21.162,667.00079,Unknown,[M+H]+,null,1.00,False,null,null,null,null,null,null,999,False,False,False,Normalized unit: Intensity,False,False,106,0,0.00,null,null,null,null,null,null,null,2036.15,P Carly Serum 4_GD1_01_66468,1110139,1109391,1037496,1137099,1098531.26117187,42682.5185220467
107,21.158,667.62177,Unknown,[M+H]+,null,1.00,False,null,null,null,null,null,null,999,False,False,False,Normalized unit: Intensity,False,False,107,0,0.00,null,null,null,null,null,null,null,64920.61,P Carly Serum 1_GD1_01_66465,99476034,95710506,98439967,97648862,97818842.1956249,1592279.0544803
108,21.421,668.63324,no MS2: SE 28:2/17:0,[M+NH4]+,null,0.25,False,14.709,668.63397,C45H78O2,BRSE,JRHOHGAECXXOMB-UHFFFAOYSA-N,O=C(OC1CC2=CCC3C(CCC4(C)C(CCC34)C(C=CC(C)C(C)C)C)C2(C)CC1)CCCCCCCCCCCCCCCC,530,False,True,False,Normalized unit: Intensity; Annotation method: Msp20260116160945_NCDK_conventional_converted_dev_1,False,False,108,0,0.00,0.99,null,null,null,-1.00,-1.00,-0.146,444.90,P Carly Serum 4_GD1_01_66468,684633,659951,623954,623576,648028.460046875,29774.4423504887
109,21.625,668.63440,no MS2: SE 28:2/17:0,[M+NH4]+,null,1.00,False,14.709,668.63397,C45H78O2,BRSE,JRHOHGAECXXOMB-UHFFFAOYSA-N,O=C(OC1CC2=CCC3C(CCC4(C)C(CCC34)C(C=CC(C)C(C)C)C)C2(C)CC1)CCCCCCCCCCCCCCCC,530,False,True,False,Normalized unit: Intensity; Annotation method: Msp20260116160945_NCDK_conventional_converted_dev_1,False,False,109,0,0.00,1.00,null,null,null,-1.00,-1.00,-0.143,65648.23,P Carly Serum 3_GD1_01_66467,57712242,57421156,57588475,57517199,57559767.967375,122607.128387681
110,21.625,668.77686,Unknown,[M+2H]2+,null,1.00,False,null,null,null,null,null,null,999,False,False,False,Normalized unit: Intensity,False,False,110,0,0.00,null,null,null,null,null,null,null,1433.08,P Carly Serum 3_GD1_01_66467,1003647,996843,1023407,1010744,1008660.45628125,11351.5499477014
111,21.625,668.88538,Unknown,[M+H]+,null,1.00,False,null,null,null,null,null,null,999,False,False,False,Normalized unit: Intensity,False,False,111,0,0.00,null,null,null,null,null,null,null,1119.59,P Carly Serum 4_GD1_01_66468,922125,925546,923382,941730,928195.71434375,9132.86103060131
112,20.738,669.55792,no MS2: SE 28:4/17:0,[M+Na]+,null,1.00,False,14.344,669.55811,C45H74O2,DEGSE,SMBKRNCNALQNLI-UHFFFAOYSA-N,O=C(OC1CC2=CC=C3C(=CCC4(C)C3CCC4C(C=CC(C)C(C)C)C)C2(C)CC1)CCCCCCCCCCCCCCCC,530,False,True,False,Normalized unit: Intensity; Annotation method: Msp20260116160945_NCDK_conventional_converted_dev_1,False,False,112,0,0.00,1.00,null,null,null,-1.00,-1.00,-0.143,1479.34,P Carly Serum 4_GD1_01_66468,1713558,1729897,1718100,1721943,1720874.41032812,6923.17057891193
113,22.110,670.64825,no MS2: SE 28:1/17:0,[M+NH4]+,null,1.00,False,15.099,670.64972,C45H80O2,CASE,VQOOUCOARUDCMH-UHFFFAOYSA-N,O=C(OC1CC2=CCC3C(CCC4(C)C(CCC34)C(C)CCC(C)C(C)C)C2(C)CC1)CCCCCCCCCCCCCCCC,530,False,True,False,Normalized unit: Intensity; Annotation method: Msp20260116160945_NCDK_conventional_converted_dev_1,False,False,113,0,0.00,0.99,null,null,null,-1.00,-1.00,-0.150,5533.28,P Carly Serum 2_GD1_01_66466,2902577,2724836,2790907,2838572,2814222.815375,75128.613765208
114,21.175,671.57318,no MS2: SE 28:3/17:0,[M+Na]+,null,1.00,False,14.427,671.57379,C45H76O2,EGSE,VGUZMPDGGYQYST-UHFFFAOYSA-N,O=C(OC1CC2=CC=C3C(CCC4(C)C3CCC4C(C=CC(C)C(C)C)C)C2(C)CC1)CCCCCCCCCCCCCCCC,530,False,True,False,Normalized unit: Intensity; Annotation method: Msp20260116160945_NCDK_conventional_converted_dev_1,False,False,114,0,0.00,1.00,null,null,null,-1.00,-1.00,-0.143,1873.86,P Carly Serum 2_GD1_01_66466,3550246,3439236,3468196,3513698,3492843.96590625,49027.8543486104
115,18.222,671.57678,no MS2: SE 28:4/19:2,[M+H]+,null,1.00,False,14.218,671.57617,C47H74O2,DEGSE,ZJTNNWFGVBBRTO-UHFFFAOYSA-N,O=C(OC1CC2=CC=C3C(=CCC4(C)C3CCC4C(C=CC(C)C(C)C)C)C2(C)CC1)CCCCCCCC=CCC=CCCCCCC,530,False,True,False,Normalized unit: Intensity; Annotation method: Msp20260116160945_NCDK_conventional_converted_dev_1,False,False,115,0,0.00,1.00,null,null,null,-1.00,-1.00,-0.143,1075.35,P Carly Serum 3_GD1_01_66467,2515435,2483933,2530683,2545841,2518972.89523438,26453.4087189947
116,21.638,673.58917,no MS2: VAE 25:0,[M+Na]+,null,1.00,False,14.642,673.58942,C45H78O2,VAE,HJYFPBYXTPMOIB-UHFFFAOYSA-N,O=C(OCC=C(C=CC=C(C=CC1=C(C)CCCC1(C)C)C)C)CCCCCCCCCCCCCCCCCCCCCCCC,530,False,True,False,Normalized unit: Intensity; Annotation method: Msp20260116160945_NCDK_conventional_converted_dev_1,False,False,116,0,0.00,1.00,null,null,null,-1.00,-1.00,-0.143,1710.90,P Carly Serum 3_GD1_01_66467,2135568,2108394,2125276,2084413,2113412.79996875,22344.021900106
117,20.915,673.59174,no MS2: SE 28:4/19:1,[M+H]+,null,1.00,False,14.541,673.59180,C47H76O2,DEGSE,MGDBSUWQPQWINH-UHFFFAOYSA-N,O=C(OC1CC2=CC=C3C(=CCC4(C)C3CCC4C(C=CC(C)C(C)C)C)C2(C)CC1)CCCCCCCC=CCCCCCCCCC,530,False,True,False,Normalized unit: Intensity; Annotation method: Msp20260116160945_NCDK_conventional_converted_dev_1,False,False,117,0,0.00,1.00,null,null,null,-1.00,-1.00,-0.143,2620.21,P Carly Serum 4_GD1_01_66468,2026295,1986411,2008291,2012350,2008336.98092187,16526.2019132377
118,9.473,675.54352,no MS2: SM 32:1;O2|SM 12:1;O2/20:0,[M+H]+,null,1.00,False,8.381,675.54358,C37H75N2O6P,SM,WVZYDPLIGWKWEU-UHFFFAOYSA-N,O=C(NC(COP(=O)([O-])OCC[N+](C)(C)C)C(O)C=CCCCCCCC)CCCCCCCCCCCCCCCCCCC,530,False,True,False,Normalized unit: Intensity; Annotation method: Msp20260116160945_NCDK_conventional_converted_dev_1,False,False,118,0,0.00,1.00,null,null,null,-1.00,-1.00,-0.143,3159.29,P Carly Serum 4_GD1_01_66468,3545827,3485721,3576911,3644489,3563236.96642187,66082.8604652765
119,22.110,675.60400,no MS2: SE 28:4/19:0,[M+H]+,null,1.00,False,14.422,675.60748,C47H78O2,DEGSE,AHNVWZPGFDBTCX-UHFFFAOYSA-N,O=C(OC1CC2=CC=C3C(=CCC4(C)C3CCC4C(C=CC(C)C(C)C)C)C2(C)CC1)CCCCCCCCCCCCCCCCCC,530,False,True,False,Normalized unit: Intensity; Annotation method: Msp20260116160945_NCDK_conventional_converted_dev_1,False,False,119,0,0.00,0.89,null,null,null,-1.00,-1.00,-0.197,523.88,P Carly Serum 4_GD1_01_66468,733737,710459,724789,712931,720479.059421875,10828.1374455698
120,14.876,677.58435,no MS2: NAGly 39:4;O2|NAGly 11:0;O(FA 28:3),[M+NH4]+,null,1.00,False,10.725,677.58270,C41H73NO5,NAGly,RSFJHDIOAMRYQL-UHFFFAOYSA-N,O=C(O)CNC(=O)CCCCCC(OC(=O)CCCCCCCCCCCCC=CCC=CCC=CCCCCCCC)CCCC,530,False,True,False,Normalized unit: Intensity; Annotation method: Msp20260116160945_NCDK_conventional_converted_dev_1,False,False,120,0,0.00,1.00,null,null,null,-1.00,-1.00,-0.143,233.91,P Carly Serum 2_GD1_01_66466,419058,444600,448120,428042,434954.961109375,13745.9332051125
121,13.092,680.48004,no MS2: RIKEN P-VS1 ID-7491 from Mouse_Macrophage_WT_N_F1AA,[M+H]+,null,1.00,False,9.910,680.48163,null,Unknown,null,null,530,False,True,False,Normalized unit: Intensity; Annotation method: Msp20260116160945_NCDK_conventional_converted_dev_1,False,False,121,0,0.00,1.00,null,null,null,-1.00,-1.00,-0.129,1321.18,P Carly Serum 3_GD1_01_66467,7270606,7186225,7224653,6985989,7166868.00514062,125422.773326248
122,18.183,680.59827,no MS2: Cer 45:6;O3|Cer 13:0;O2/32:6;O,[M+H-H2O]+,null,1.00,False,12.094,680.59760,C45H79NO4,Cer_HDS,IMKVRXPFYIJVDT-UHFFFAOYSA-N,O=C(NC(CO)C(O)CCCCCCCCCC)C(O)CCCCCCCCCCCC=CCC=CCC=CCC=CCC=CCC=CCC,530,False,True,False,Normalized unit: Intensity; Annotation method: Msp20260116160945_NCDK_conventional_converted_dev_1,False,False,122,0,0.00,1.00,null,null,null,-1.00,-1.00,-0.143,151.63,P Carly Serum 3_GD1_01_66467,623268,624972,629049,643968,630314.261296876,9420.09058670233
123,21.357,680.63306,no MS2: SE 28:2/18:1,[M+NH4]+,null,1.00,False,14.736,680.63397,C46H78O2,BRSE,CGYFMWDHSCHCSL-UHFFFAOYSA-N,O=C(OC1CC2=CCC3C(CCC4(C)C(CCC34)C(C=CC(C)C(C)C)C)C2(C)CC1)CCCCCCCC=CCCCCCCCC,530,False,True,False,Normalized unit: Intensity; Annotation method: Msp20260116160945_NCDK_conventional_converted_dev_1,False,False,123,0,0.00,1.00,null,null,null,-1.00,-1.00,-0.143,1520.33,P Carly Serum 4_GD1_01_66468,1089774,1073867,1110278,1075611,1087382.35878125,16843.9189352135
124,21.058,681.62921,Unknown,[M+H]+,null,1.00,False,null,null,null,null,null,null,999,False,False,False,Normalized unit: Intensity,False,False,124,0,0.00,null,null,null,null,null,null,null,4455.40,P Carly Serum 4_GD1_01_66468,1882080,1828843,1903654,1981994,1899142.93151563,63555.6231281663
125,18.287,682.61420,no MS2: Cer 45:5;O3|Cer 13:0;O2/32:5;O,[M+H-H2O]+,null,1.00,False,12.237,682.61328,C45H81NO4,Cer_HDS,GYCYIPZNYODISX-UHFFFAOYSA-N,O=C(NC(CO)C(O)CCCCCCCCCC)C(O)CCCCCCCCCCCCCCC=CCC=CCC=CCC=CCC=CCC,530,False,True,False,Normalized unit: Intensity; Annotation method: Msp20260116160945_NCDK_conventional_converted_dev_1,False,False,125,0,0.00,1.00,null,null,null,-1.00,-1.00,-0.143,352.18,P Carly Serum 3_GD1_01_66467,637207,625801,652011,650801,641454.93325,12407.5846222249
126,21.586,683.64435,Unknown,[M+H]+,null,1.00,False,null,null,null,null,null,null,999,False,False,False,Normalized unit: Intensity,False,False,126,0,0.00,null,null,null,null,null,null,null,5197.53,P Carly Serum 3_GD1_01_66467,3652516,3595867,3634770,3515120,3599568.43651562,61067.7261308705
127,13.663,684.20386,Unknown,[M+H]+,null,1.00,False,null,null,null,null,null,null,999,False,False,False,Normalized unit: Intensity,False,False,127,0,0.00,null,null,null,null,null,null,null,985.43,P Carly Serum 4_GD1_01_66468,564863,570739,587098,603798,581624.6503125,17521.9142736807
128,13.092,685.43597,no MS2: SM 32:7;O2,[M+Na]+,null,1.00,False,6.300,685.43158,C37H63N2O6P,SM,XKTXCUCZGOGZTL-UHFFFAOYSA-N,O=C(NC(COP(=O)([O-])OCC[N+](C)(C)C)C(O)C=CCCC=CCCC)CCCC=CCC=CCC=CCC=CCC=CCC,530,False,True,False,Normalized unit: Intensity; Annotation method: Msp20260116160945_NCDK_conventional_converted_dev_1,False,False,128,0,0.00,0.84,null,null,null,-1.00,-1.00,-0.224,481.09,P Carly Serum 2_GD1_01_66466,1335332,1311601,1312400,1289097,1312107.58275,18878.4231643246
129,18.491,685.55328,no MS2: BA 24:1;O3;G/16:2,[M+NH4]+,null,1.00,False,8.416,685.55139,C42H69NO5,GLCAE,LXMQNVPHLGGKBS-UHFFFAOYSA-N,O=C(O)CNC(=O)CCC(C)C1CCC2C3CCC4CC(OC(=O)CCCCCCCC=CCC=CCCC)CCC4(C)C3CCC12C,530,False,True,False,Normalized unit: Intensity; Annotation method: Msp20260116160945_NCDK_conventional_converted_dev_1,False,False,129,0,0.00,0.98,null,null,null,-1.00,-1.00,-0.151,278.21,P Carly Serum 3_GD1_01_66467,612788,611616,618512,619560,615619.057328124,3997.37807331459
130,17.850,685.55359,no MS2: SL 39:3;O|SL 13:1;O/26:2,[M+NH4]+,null,1.00,False,9.476,685.55481,C39H73NO5S,SL,WPBKTIFSQZDBPN-UHFFFAOYSA-N,O=C(N(CC(O)C=CCCCCCCCC)CS(=O)(=O)O)CCCCCCCCCCCCCC=CCC=CCCCCCCC,530,False,True,False,Normalized unit: Intensity; Annotation method: Msp20260116160945_NCDK_conventional_converted_dev_1,False,False,130,0,0.00,0.98,null,null,null,-1.00,-1.00,-0.151,162.01,P Carly Serum 4_GD1_01_66468,536444,488614,486408,488113,499894.8234375,24384.3179207227
131,18.292,687.56891,no MS2: SL 39:2;O|SL 12:1;O/27:1,[M+NH4]+,null,1.00,False,10.758,687.57037,C39H75NO5S,SL,CBWSNIPGEHXIIN-UHFFFAOYSA-N,O=C(N(CC(O)C=CCCCCCCC)CS(=O)(=O)O)CCCCCCCCCCCCCCC=CCCCCCCCCCC,530,False,True,False,Normalized unit: Intensity; Annotation method: Msp20260116160945_NCDK_conventional_converted_dev_1,False,False,131,0,0.00,0.99,null,null,null,-1.00,-1.00,-0.147,1351.20,P Carly Serum 4_GD1_01_66468,2652914,2625985,2642254,2637838,2639747.974,11145.7430506597
132,18.014,687.56946,no MS2: SL 39:2;O|SL 12:1;O/27:1,[M+NH4]+,null,1.00,False,10.758,687.57037,C39H75NO5S,SL,CBWSNIPGEHXIIN-UHFFFAOYSA-N,O=C(N(CC(O)C=CCCCCCCC)CS(=O)(=O)O)CCCCCCCCCCCCCCC=CCCCCCCCCCC,530,False,True,False,Normalized unit: Intensity; Annotation method: Msp20260116160945_NCDK_conventional_converted_dev_1,False,False,132,0,0.00,0.99,null,null,null,-1.00,-1.00,-0.147,312.14,P Carly Serum 4_GD1_01_66468,646825,654681,643538,654847,649972.7730625,5692.98752173258
133,20.482,688.60278,no MS2: SE 28:2/19:4,[M+NH4]+,null,1.00,False,13.944,688.60272,C47H74O2,BRSE,ZNKOFJNOJYEHQU-UHFFFAOYSA-N,O=C(OC1CC2=CCC3C(CCC4(C)C(CCC34)C(C=CC(C)C(C)C)C)C2(C)CC1)CCCCCC=CCC=CCC=CCC=CCC,530,False,True,False,Normalized unit: Intensity; Annotation method: Msp20260116160945_NCDK_conventional_converted_dev_1,False,False,133,0,0.00,1.00,null,null,null,-1.00,-1.00,-0.143,3612.78,P Carly Serum 4_GD1_01_66468,6134470,5915341,6224858,6128524,6100798.1791875,131259.940356272
134,10.248,689.55981,no MS2: SM 33:1;O2|SM 12:1;O2/21:0,[M+H]+,null,1.00,False,8.656,689.55920,C38H77N2O6P,SM,REEYJRIAQSUMNO-UHFFFAOYSA-N,O=C(NC(COP(=O)([O-])OCC[N+](C)(C)C)C(O)C=CCCCCCCC)CCCCCCCCCCCCCCCCCCCC,530,False,True,False,Normalized unit: Intensity; Annotation method: Msp20260116160945_NCDK_conventional_converted_dev_1,False,False,134,0,0.00,1.00,null,null,null,-1.00,-1.00,-0.143,2208.04,P Carly Serum 3_GD1_01_66467,2186389,2189121,2209192,2215744,2200111.44367187,14559.4067536052
135,20.920,690.61847,no MS2: SE 28:2/19:3,[M+NH4]+,null,1.00,False,14.517,690.61841,C47H76O2,BRSE,YTEYFXJGUXEGQA-UHFFFAOYSA-N,O=C(OC1CC2=CCC3C(CCC4(C)C(CCC34)C(C=CC(C)C(C)C)C)C2(C)CC1)CCCCCCCCC=CCC=CCC=CCC,530,False,True,False,Normalized unit: Intensity; Annotation method: Msp20260116160945_NCDK_conventional_converted_dev_1,False,False,135,0,0.00,1.00,null,null,null,-1.00,-1.00,-0.143,55412.02,P Carly Serum 1_GD1_01_66465,58717546,56395728,58185783,58156012,57863767.3738594,1012122.97761997
136,20.920,690.76324,Unknown,[M+2H]2+,null,1.00,False,null,null,null,null,null,null,999,False,False,False,Normalized unit: Intensity,False,False,136,0,0.00,null,null,null,null,null,null,null,1797.68,P Carly Serum 1_GD1_01_66465,1196002,1155582,1172764,1182793,1176785.13940625,17040.1273463359
137,20.920,690.87408,Unknown,[M+H]+,null,1.00,False,null,null,null,null,null,null,999,False,False,False,Normalized unit: Intensity,False,False,137,0,0.00,null,null,null,null,null,null,null,1361.72,P Carly Serum 4_GD1_01_66468,1011170,991827,998043,1010715,1002938.72701562,9586.03831526333
138,20.918,690.98712,Unknown,[M+H]+,null,0.50,False,null,null,null,null,null,null,999,False,False,False,Normalized unit: Intensity,False,False,138,0,0.00,null,null,null,null,null,null,null,480.97,P Carly Serum 4_GD1_01_66468,239580,243136,243277,248896,243722.357125,3850.20302150841
139,20.738,691.61365,Unknown,[M+H]+,null,1.00,False,null,null,null,null,null,null,999,False,False,False,Normalized unit: Intensity,False,False,139,0,0.00,null,null,null,null,null,null,null,2727.95,P Carly Serum 4_GD1_01_66468,3095000,2876844,3136306,2992732,3025220.57728124,115873.6460439
140,21.262,692.63342,no MS2: SE 28:2/19:2,[M+NH4]+,null,1.00,False,14.462,692.63397,C47H78O2,BRSE,UDQMRBUAOHSUHM-UHFFFAOYSA-N,O=C(OC1CC2=CCC3C(CCC4(C)C(CCC34)C(C=CC(C)C(C)C)C)C2(C)CC1)CCCCCCCC=CCC=CCCCCCC,530,False,True,False,Normalized unit: Intensity; Annotation method: Msp20260116160945_NCDK_conventional_converted_dev_1,False,False,140,0,0.00,1.00,null,null,null,-1.00,-1.00,-0.144,12345.25,P Carly Serum 4_GD1_01_66468,7145634,6885860,7146325,7195529,7093337.03621874,140276.688489706
141,20.478,693.55829,no MS2: SE 28:4/19:2,[M+Na]+,null,1.00,False,14.218,693.55811,C47H74O2,DEGSE,ZJTNNWFGVBBRTO-UHFFFAOYSA-N,O=C(OC1CC2=CC=C3C(=CCC4(C)C3CCC4C(C=CC(C)C(C)C)C)C2(C)CC1)CCCCCCCC=CCC=CCCCCCC,530,False,True,False,Normalized unit: Intensity; Annotation method: Msp20260116160945_NCDK_conventional_converted_dev_1,False,False,141,0,0.00,1.00,null,null,null,-1.00,-1.00,-0.143,663.85,P Carly Serum 2_GD1_01_66466,650159,653093,637857,634018,643781.693,9270.2275924443
142,21.526,694.64856,no MS2: SE 28:2/19:1,[M+NH4]+,null,1.00,False,15.181,694.64972,C47H80O2,BRSE,QTNZXJRFGQVHFQ-UHFFFAOYSA-N,O=C(OC1CC2=CCC3C(CCC4(C)C(CCC34)C(C=CC(C)C(C)C)C)C2(C)CC1)CCCCCCCC=CCCCCCCCCC,530,False,True,False,Normalized unit: Intensity; Annotation method: Msp20260116160945_NCDK_conventional_converted_dev_1,False,False,142,0,0.00,0.99,null,null,null,-1.00,-1.00,-0.150,1077.75,P Carly Serum 4_GD1_01_66468,718615,710566,715217,709126,713380.960328127,4351.23684104594
143,20.907,695.57355,no MS2: SE 28:4/19:1,[M+Na]+,null,1.00,False,14.541,695.57379,C47H76O2,DEGSE,MGDBSUWQPQWINH-UHFFFAOYSA-N,O=C(OC1CC2=CC=C3C(=CCC4(C)C3CCC4C(C=CC(C)C(C)C)C)C2(C)CC1)CCCCCCCC=CCCCCCCCCC,530,False,True,False,Normalized unit: Intensity; Annotation method: Msp20260116160945_NCDK_conventional_converted_dev_1,False,False,143,0,0.00,1.00,null,null,null,-1.00,-1.00,-0.143,1794.21,P Carly Serum 2_GD1_01_66466,1602804,1561003,1571273,1598820,1583475.19665625,20518.0284783144
144,21.647,695.64465,Unknown,[M+H]+,null,1.00,False,null,null,null,null,null,null,999,False,False,False,Normalized unit: Intensity,False,False,144,0,0.00,null,null,null,null,null,null,null,6182.38,P Carly Serum 3_GD1_01_66467,6013856,5970852,5923762,5753150,5915405.17401562,114256.273987163
145,22.110,697.65997,no MS2: RIKEN P-VS1 ID-7906 from Mouse_Macrophage_WT_N_F1AA,[M+H]+,null,1.00,False,7.850,697.65942,null,Unknown,null,null,530,False,True,False,Normalized unit: Intensity; Annotation method: Msp20260116160945_NCDK_conventional_converted_dev_1,False,False,145,0,0.00,1.00,null,null,null,-1.00,-1.00,-0.129,1840.69,P Carly Serum 3_GD1_01_66467,1418214,1415539,1422000,1437478,1423307.74345313,9811.68520240558
146,18.188,698.60846,no MS2: Cer 45:5;O4|Cer 13:1;O3/32:4(2OH),[M+H-H2O]+,null,1.00,False,12.285,698.60822,C45H81NO5,Cer_AP,KIOIIZLWLIMLQP-UHFFFAOYSA-N,O=C(NC(CO)C(O)C(O)CCCC=CCCCC)C(O)CCCCCCCCCCCCCCCCCC=CCC=CCC=CCC=CCC,530,False,True,False,Normalized unit: Intensity; Annotation method: Msp20260116160945_NCDK_conventional_converted_dev_1,False,False,146,0,0.00,1.00,null,null,null,-1.00,-1.00,-0.143,1462.60,P Carly Serum 2_GD1_01_66466,1224903,1216186,1217912,1240793,1224948.51785938,11215.6509658058
147,13.083,701.40991,Unknown,[M+K]+,null,1.00,False,null,null,null,null,null,null,999,False,False,False,Normalized unit: Intensity,False,False,147,0,0.00,null,null,null,null,null,null,null,257.66,P Carly Serum 1_GD1_01_66465,497135,488762,466765,478747,482852.31509375,13096.7832144988
148,9.750,701.55902,no MS2: SM 34:2;O2|SM 12:1;O2/22:1,[M+H]+,null,1.00,False,8.555,701.55920,C39H77N2O6P,SM,VYDHYGBBAHKWKG-UHFFFAOYSA-N,O=C(NC(COP(=O)([O-])OCC[N+](C)(C)C)C(O)C=CCCCCCCC)CCCCCCCCCCCC=CCCCCCCCC,530,False,True,False,Normalized unit: Intensity; Annotation method: Msp20260116160945_NCDK_conventional_converted_dev_1,False,False,148,0,0.00,1.00,null,null,null,-1.00,-1.00,-0.143,7621.88,P Carly Serum 4_GD1_01_66468,6865496,6768705,6866642,6916780,6854405.61384376,61935.0974895727
149,18.179,703.56378,no MS2: SL 39:2;O2|SL 12:1;O/27:1;O,[M+NH4]+,null,1.00,False,9.495,703.56531,C39H75NO6S,SL,RIUPWCLRDKXJJK-UHFFFAOYSA-N,O=C(N(CC(O)C=CCCCCCCC)CS(=O)(=O)O)C(O)CCCCCCCCCCCCCC=CCCCCCCCCCC,530,False,True,False,Normalized unit: Intensity; Annotation method: Msp20260116160945_NCDK_conventional_converted_dev_1,False,False,149,0,0.00,0.99,null,null,null,-1.00,-1.00,-0.149,1844.11,P Carly Serum 4_GD1_01_66468,1458618,1461694,1456797,1443890,1455250.04584375,7838.2528888579
150,11.057,703.57556,no MS2: SM 34:1;O2|SM 12:1;O2/22:0,[M+H]+,null,1.00,False,8.929,703.57489,C39H79N2O6P,SM,ASWNCHFNKSPKBK-UHFFFAOYSA-N,O=C(NC(COP(=O)([O-])OCC[N+](C)(C)C)C(O)C=CCCCCCCC)CCCCCCCCCCCCCCCCCCCCC,530,False,True,False,Normalized unit: Intensity; Annotation method: Msp20260116160945_NCDK_conventional_converted_dev_1,False,False,150,0,0.00,1.00,null,null,null,-1.00,-1.00,-0.145,70485.29,P Carly Serum 1_GD1_01_66465,92502427,90737195,89184743,90320187,90686137.9587499,1377149.32974487
151,11.057,703.72296,Unknown,[M+2H]2+,null,1.00,False,null,null,null,null,null,null,999,False,False,False,Normalized unit: Intensity,False,False,151,0,0.00,null,null,null,null,null,null,null,2312.72,P Carly Serum 2_GD1_01_66466,1309304,1288184,1253014,1261080,1277895.72929687,25782.4208435491
152,11.057,703.83673,Unknown,[M+H]+,null,1.00,False,null,null,null,null,null,null,999,False,False,False,Normalized unit: Intensity,False,False,152,0,0.00,null,null,null,null,null,null,null,1823.49,P Carly Serum 4_GD1_01_66468,1312316,1292382,1283863,1301200,1297440.36034375,12184.0073001685
153,11.061,703.96619,Unknown,[M+H]+,null,1.00,False,null,null,null,null,null,null,999,False,False,False,Normalized unit: Intensity,False,False,153,0,0.00,null,null,null,null,null,null,null,757.57,P Carly Serum 3_GD1_01_66467,300378,301302,400530,318201,330102.986390625,47660.781423164
154,11.655,705.59119,no MS2: SM 34:0;O2|SM 12:0;O2/22:0,[M+H]+,null,1.00,False,9.170,705.59052,C39H81N2O6P,SM,JIOJUELCHJZSCJ-UHFFFAOYSA-N,O=C(NC(COP(=O)([O-])OCC[N+](C)(C)C)C(O)CCCCCCCCC)CCCCCCCCCCCCCCCCCCCCC,530,False,True,False,Normalized unit: Intensity; Annotation method: Msp20260116160945_NCDK_conventional_converted_dev_1,False,False,154,0,0.00,1.00,null,null,null,-1.00,-1.00,-0.143,1423.60,P Carly Serum 1_GD1_01_66465,1853310,1825323,1891970,1844389,1853748.08723437,28027.9513311468
155,20.738,705.62921,Unknown,[M+H]+,null,1.00,False,null,null,null,null,null,null,999,False,False,False,Normalized unit: Intensity,False,False,155,0,0.00,null,null,null,null,null,null,null,5821.61,P Carly Serum 4_GD1_01_66468,3711179,3652971,3700163,3813009,3719330.61207812,67362.3985400438
156,11.087,706.53876,no MS2: RIKEN P-VS1 ID-8138 from Mouse_SmallIntestine_WT_N_F1,[M+H]+,null,1.00,False,13.050,706.54138,null,Unknown,null,null,530,False,True,False,Normalized unit: Intensity; Annotation method: Msp20260116160945_NCDK_conventional_converted_dev_1,False,False,156,0,0.00,0.97,null,null,null,-1.00,-1.00,-0.141,1759.98,P Carly Serum 3_GD1_01_66467,2021624,1967992,1896978,1949636,1959057.35979687,51435.8285592297
157,18.253,706.61420,no MS2: Cer 47:7;O3|Cer 13:1;O2/34:6;O,[M+H-H2O]+,null,1.00,False,12.532,706.61328,C47H81NO4,Cer_HS,CRMQMMSGODIILK-UHFFFAOYSA-N,O=C(NC(CO)C(O)C=CCCCCCCCC)C(O)CCCCCCCCCCCCCC=CCC=CCC=CCC=CCC=CCC=CCC,530,False,True,False,Normalized unit: Intensity; Annotation method: Msp20260116160945_NCDK_conventional_converted_dev_1,False,False,157,0,0.00,1.00,null,null,null,-1.00,-1.00,-0.143,765.50,P Carly Serum 1_GD1_01_66465,952165,944039,943483,967127,951703.751218751,11021.3706866014
158,13.092,707.49127,Unknown,[M+H]+,null,1.00,False,null,null,null,null,null,null,999,False,False,False,Normalized unit: Intensity,False,False,158,0,0.00,null,null,null,null,null,null,null,210.39,P Carly Serum 2_GD1_01_66466,1822617,1805152,1785065,1770381,1795804.02351562,22861.8525839771
159,18.491,707.60889,Unknown,[M+H]+,null,1.00,False,null,null,null,null,null,null,999,False,False,False,Normalized unit: Intensity,False,False,159,0,0.00,null,null,null,null,null,null,null,74.49,P Carly Serum 4_GD1_01_66468,609665,589831,602043,611163,603175.525890624,9751.77534007118
160,21.179,707.64429,Unknown,[M+H]+,null,1.00,False,null,null,null,null,null,null,999,False,False,False,Normalized unit: Intensity,False,False,160,0,0.00,null,null,null,null,null,null,null,14930.69,P Carly Serum 1_GD1_01_66465,16048291,15191454,15675695,15857504,15693236.133625,367487.348054235
161,17.646,709.55408,no MS2: SL 41:5;O|SL 13:1;O/28:4,[M+NH4]+,null,1.00,False,9.764,709.55481,C41H73NO5S,SL,OZFIHWDUIITGIB-UHFFFAOYSA-N,O=C(N(CC(O)C=CCCCCCCCC)CS(=O)(=O)O)CCCCCCCCCCCCCCC=CCC=CCC=CCC=CCC,530,False,True,False,Normalized unit: Intensity; Annotation method: Msp20260116160945_NCDK_conventional_converted_dev_1,False,False,161,0,0.00,0.99,null,null,null,-1.00,-1.00,-0.146,187.64,P Carly Serum 4_GD1_01_66468,575021,572953,575173,579207,575588.23725,2616.17477402222
162,18.283,709.62549,Unknown,[M+H]+,null,1.00,False,null,null,null,null,null,null,999,False,False,False,Normalized unit: Intensity,False,False,162,0,0.00,null,null,null,null,null,null,null,2295.34,P Carly Serum 4_GD1_01_66468,1585092,1567050,1572787,1620093,1586255.16553125,23780.7655892919
163,21.630,709.66040,no MS2: RIKEN P-VS1 ID-8236 from Mouse_AdrenalGlands_WT_N_Ctr,[M+H]+,null,1.00,False,8.410,709.65637,null,Unknown,null,null,530,False,True,False,Normalized unit: Intensity; Annotation method: Msp20260116160945_NCDK_conventional_converted_dev_1,False,False,163,0,0.00,0.86,null,null,null,-1.00,-1.00,-0.194,10267.42,P Carly Serum 2_GD1_01_66466,9136665,9157975,9203473,8906301,9101103.628125,132823.623071406
164,18.222,711.56897,no MS2: SL 41:4;O|SL 13:1;O/28:3,[M+NH4]+,null,1.00,False,10.839,711.57037,C41H75NO5S,SL,FGTSTGQMUWVJKU-UHFFFAOYSA-N,O=C(N(CC(O)C=CCCCCCCCC)CS(=O)(=O)O)CCCCCCCCCCCCC=CCC=CCC=CCCCCCCC,530,False,True,False,Normalized unit: Intensity; Annotation method: Msp20260116160945_NCDK_conventional_converted_dev_1,False,False,164,0,0.00,0.99,null,null,null,-1.00,-1.00,-0.146,1594.50,P Carly Serum 4_GD1_01_66468,2656119,2648997,2637746,2601372,2636058.43892188,24329.6379756933
165,22.110,711.67462,Unknown,[M+H]+,null,1.00,False,null,null,null,null,null,null,999,False,False,False,Normalized unit: Intensity,False,False,165,0,0.00,null,null,null,null,null,null,null,2367.69,P Carly Serum 3_GD1_01_66467,1677617,1666592,1713542,1678530,1684070.49132813,20382.8247557069
166,20.703,714.61786,no MS2: SE 28:2/21:5,[M+NH4]+,null,1.00,False,13.735,714.61841,C49H76O2,BRSE,NAGKOUYLLGPXFP-UHFFFAOYSA-N,O=C(OC1CC2=CCC3C(CCC4(C)C(CCC34)C(C=CC(C)C(C)C)C)C2(C)CC1)CCCCC=CCC=CCC=CCC=CCC=CCC,530,False,True,False,Normalized unit: Intensity; Annotation method: Msp20260116160945_NCDK_conventional_converted_dev_1,False,False,166,0,0.00,1.00,null,null,null,-1.00,-1.00,-0.143,9578.91,P Carly Serum 2_GD1_01_66466,6641571,6509792,6627399,6749125,6631971.70732812,97921.2705121165
167,20.478,715.61334,Unknown,[M+H]+,null,1.00,False,null,null,null,null,null,null,999,False,False,False,Normalized unit: Intensity,False,False,167,0,0.00,null,null,null,null,null,null,null,1074.95,P Carly Serum 3_GD1_01_66467,810160,808764,817667,820123,814178.373203125,5567.00177123039
168,12.062,716.52307,no MS2: DMPE 32:2|DMPE 6:0_26:2,[M+H]+,null,0.50,False,9.376,716.52252,C39H74NO8P,DMPE,BUABBFNIDAWFIN-UHFFFAOYSA-N,O=C(OCC(OC(=O)CCCCCCCCCCCCCC=CCC=CCCCCCCC)COP(=O)(O)OCCN(C)C)CCCCC,530,False,True,False,Normalized unit: Intensity; Annotation method: Msp20260116160945_NCDK_conventional_converted_dev_1,False,False,168,0,0.00,1.00,null,null,null,-1.00,-1.00,-0.143,364.31,P Carly Serum 1_GD1_01_66465,337458,334645,325837,335092,333258.204578125,5098.99360084611
169,11.871,717.59076,no MS2: SM 35:1;O2|SM 12:1;O2/23:0,[M+H]+,null,1.00,False,9.350,717.59052,C40H81N2O6P,SM,ASVIEZNRHGUMIU-UHFFFAOYSA-N,O=C(NC(COP(=O)([O-])OCC[N+](C)(C)C)C(O)C=CCCCCCCC)CCCCCCCCCCCCCCCCCCCCCC,530,False,True,False,Normalized unit: Intensity; Annotation method: Msp20260116160945_NCDK_conventional_converted_dev_1,False,False,169,0,0.00,1.00,null,null,null,-1.00,-1.00,-0.143,1032.02,P Carly Serum 3_GD1_01_66467,1113754,1109734,1124675,1111110,1114818.09098437,6779.48144036536
170,20.902,717.62933,Unknown,[M+H]+,null,1.00,False,null,null,null,null,null,null,999,False,False,False,Normalized unit: Intensity,False,False,170,0,0.00,null,null,null,null,null,null,null,5179.42,P Carly Serum 4_GD1_01_66468,3480295,3404593,3410472,3433891,3432312.69985938,34400.194856771
171,13.516,718.57599,no MS2: PC O-32:1|PC O-8:0_24:1,[M+H]+,null,1.00,False,9.876,718.57452,C40H80NO7P,EtherPC,JSCQQTZMIJRPQQ-UHFFFAOYSA-N,O=C(OC(COCCCCCCCC)COP(=O)([O-])OCC[N+](C)(C)C)CCCCCCCCCCCCCC=CCCCCCCCC,530,False,True,False,Normalized unit: Intensity; Annotation method: Msp20260116160945_NCDK_conventional_converted_dev_1,False,False,171,0,0.00,1.00,null,null,null,-1.00,-1.00,-0.144,1001.39,P Carly Serum 2_GD1_01_66466,1082755,1069620,1083057,1089889,1081330.12845313,8473.15805870189
172,20.694,719.57404,no MS2: RIKEN P-VS1 ID-8477 from Mouse_Muscle_WT_CTX3_Ctr,[M+H]+,null,1.00,False,8.620,719.57471,null,Unknown,null,null,530,False,True,False,Normalized unit: Intensity; Annotation method: Msp20260116160945_NCDK_conventional_converted_dev_1,False,False,172,0,0.00,1.00,null,null,null,-1.00,-1.00,-0.131,569.79,P Carly Serum 2_GD1_01_66466,597633,604854,590367,599002,597964.201625,5954.73758223349
173,21.262,719.64478,Unknown,[M+H]+,null,1.00,False,null,null,null,null,null,null,999,False,False,False,Normalized unit: Intensity,False,False,173,0,0.00,null,null,null,null,null,null,null,906.92,P Carly Serum 4_GD1_01_66468,598287,604587,651417,628473,620690.882828124,24261.8499899771
174,13.707,720.59137,no MS2: PC O-32:0|PC O-8:0_24:0,[M+H]+,null,1.00,False,10.204,720.59021,C40H82NO7P,EtherPC,AXEPEEXNGOBZFB-UHFFFAOYSA-N,O=C(OC(COCCCCCCCC)COP(=O)([O-])OCC[N+](C)(C)C)CCCCCCCCCCCCCCCCCCCCCCC,530,False,True,False,Normalized unit: Intensity; Annotation method: Msp20260116160945_NCDK_conventional_converted_dev_1,False,False,174,0,0.00,1.00,null,null,null,-1.00,-1.00,-0.143,903.42,P Carly Serum 2_GD1_01_66466,1361554,1338939,1334958,1359140,1348647.86953125,13642.1350403912
175,21.487,721.50519,Unknown,[M+H]+,null,1.00,False,null,null,null,null,null,null,999,False,False,False,Normalized unit: Intensity,False,False,175,0,0.00,null,null,null,null,null,null,null,72.73,P Carly Serum 1_GD1_01_66465,1094202,1060612,1066115,859453,1020095.53098438,108100.515051139
176,13.555,721.50665,Unknown,[M+H]+,null,1.00,False,null,null,null,null,null,null,999,False,False,False,Normalized unit: Intensity,False,False,176,0,0.00,null,null,null,null,null,null,null,171.18,P Carly Serum 2_GD1_01_66466,3753084,2603932,5800447,6024513,4545494.12539062,1649240.17937785
177,13.092,721.50677,Unknown,[M+H]+,null,1.00,False,null,null,null,null,null,null,999,False,False,False,Normalized unit: Intensity,False,False,177,0,0.00,null,null,null,null,null,null,null,2737.98,P Carly Serum 2_GD1_01_66466,19502735,19600336,18793602,18745988,19160665.4270156,453510.429544204
178,18.491,721.62433,no MS2: RIKEN P-VS1 ID-8542 from Mouse_Feces_WT_ABX_Ctr,[M+H]+,null,1.00,False,13.310,721.62720,null,Unknown,null,null,530,False,True,False,Normalized unit: Intensity; Annotation method: Msp20260116160945_NCDK_conventional_converted_dev_1,False,False,178,0,0.00,0.93,null,null,null,-1.00,-1.00,-0.161,4552.77,P Carly Serum 2_GD1_01_66466,3922733,3912043,3855525,3920800,3902775.33959375,31841.9151488496
179,18.097,722.60883,no MS2: Cer 47:7;O4|Cer 13:1;O3/34:6(2OH),[M+H-H2O]+,null,1.00,False,12.196,722.60822,C47H81NO5,Cer_AP,XPGNKNYSXUKUBU-UHFFFAOYSA-N,O=C(NC(CO)C(O)C(O)CCCC=CCCCC)C(O)CCCCCCCCCCCCCC=CCC=CCC=CCC=CCC=CCC=CCC,530,False,True,False,Normalized unit: Intensity; Annotation method: Msp20260116160945_NCDK_conventional_converted_dev_1,False,False,179,0,0.00,1.00,null,null,null,-1.00,-1.00,-0.143,62.70,P Carly Serum 2_GD1_01_66466,638599,632848,630319,645740,636876.52021875,6849.64763796082
180,18.014,723.64056,Unknown,[M+H]+,null,1.00,False,null,null,null,null,null,null,999,False,False,False,Normalized unit: Intensity,False,False,180,0,0.00,null,null,null,null,null,null,null,1280.38,P Carly Serum 4_GD1_01_66468,1092695,1063683,1081935,1112467,1087694.92098438,20399.4532374817
181,18.283,723.64111,Unknown,[M+H]+,null,1.00,False,null,null,null,null,null,null,999,False,False,False,Normalized unit: Intensity,False,False,181,0,0.00,null,null,null,null,null,null,null,7244.65,P Carly Serum 4_GD1_01_66468,5429655,5379125,5325964,5466781,5400381.23540625,61252.4134012852
182,12.676,724.52905,no MS2: PC O-33:5|PC O-9:0_24:5,[M+H]+,null,1.00,False,8.990,724.52759,C41H74NO7P,EtherPC,DJDJEENEQLJKCQ-UHFFFAOYSA-N,O=C(OC(COCCCCCCCCC)COP(=O)([O-])OCC[N+](C)(C)C)CCCCCCCC=CCC=CCC=CCC=CCC=CCC,530,False,True,False,Normalized unit: Intensity; Annotation method: Msp20260116160945_NCDK_conventional_converted_dev_1,False,False,182,0,0.00,1.00,null,null,null,-1.00,-1.00,-0.143,562.13,P Carly Serum 1_GD1_01_66465,911484,898852,922950,921205,913622.926953125,11064.2185574333
183,11.040,725.55713,no MS2: RIKEN P-VS1 ID-8650 from Cell_HeLa_WT_N_Ctr,[M+H]+,null,1.00,False,9.810,725.55829,null,Unknown,null,null,530,False,True,False,Normalized unit: Intensity; Annotation method: Msp20260116160945_NCDK_conventional_converted_dev_1,False,False,183,0,0.00,1.00,null,null,null,-1.00,-1.00,-0.129,2324.47,P Carly Serum 3_GD1_01_66467,5180551,5085488,5068506,5041648,5094048.024625,60426.6448955057
184,18.183,725.61969,no MS2: RIKEN P-VS1 ID-8656 from Mouse_Heart_WT_N_F1,[M+H]+,null,1.00,False,9.020,725.62079,null,Unknown,null,null,530,False,True,False,Normalized unit: Intensity; Annotation method: Msp20260116160945_NCDK_conventional_converted_dev_1,False,False,184,0,0.00,0.99,null,null,null,-1.00,-1.00,-0.132,398.00,P Carly Serum 4_GD1_01_66468,775432,768307,778284,754124,769036.532640626,10791.0530654127
185,18.079,727.56384,no MS2: BA 24:1;O4;G/18:3,[M+NH4]+,null,1.00,False,7.785,727.56201,C44H71NO6,GDCAE,SYGDUMLBHRZTIL-UHFFFAOYSA-N,O=C(O)CNC(=O)CCC(C)C1CCC2C3CCC4CC(OC(=O)CCCCCCCC=CCC=CCC=CCC)CCC4(C)C3CC(O)C12C,530,False,True,False,Normalized unit: Intensity; Annotation method: Msp20260116160945_NCDK_conventional_converted_dev_1,False,False,185,0,0.00,0.99,null,null,null,-1.00,-1.00,-0.149,516.21,P Carly Serum 1_GD1_01_66465,845209,846793,865634,853226,852715.495625,9283.92170905971
186,14.516,728.56091,no MS2: Cer 48:11;O4|Cer 12:1;O2/36:10;O2,[M+H-H2O]+,null,1.00,False,10.460,728.56122,C48H75NO5,Cer_EOS,KCXAYTIEIKJVFA-UHFFFAOYSA-N,O=C(OCCC=CCC=CCC=CCC=CCCC(=O)NC(CO)C(O)C=CCCCCCCC)CCCC=CCC=CCC=CCC=CCC=CCC,530,False,True,False,Normalized unit: Intensity; Annotation method: Msp20260116160945_NCDK_conventional_converted_dev_1,False,False,186,0,0.00,1.00,null,null,null,-1.00,-1.00,-0.143,295.77,P Carly Serum 4_GD1_01_66468,437026,446111,446820,440861,442704.341015625,4625.69845048511
187,11.347,729.59137,no MS2: SM 36:2;O2|SM 12:1;O2/24:1,[M+H]+,null,1.00,False,9.012,729.59052,C41H81N2O6P,SM,KZQWICJJTVELAN-UHFFFAOYSA-N,O=C(NC(COP(=O)([O-])OCC[N+](C)(C)C)C(O)C=CCCCCCCC)CCCCCCCCCCCCCC=CCCCCCCCC,530,False,True,False,Normalized unit: Intensity; Annotation method: Msp20260116160945_NCDK_conventional_converted_dev_1,False,False,187,0,0.00,1.00,null,null,null,-1.00,-1.00,-0.143,2419.02,P Carly Serum 1_GD1_01_66465,5248616,5117982,5229235,5273916,5217437.1861875,68780.6753168514
188,20.478,729.62927,no MS2: RIKEN P-VS1 ID-8765 from Mouse_Feces_WT_ABX_Ctr,[M+H]+,null,1.00,False,13.510,729.63177,null,Unknown,null,null,530,False,True,False,Normalized unit: Intensity; Annotation method: Msp20260116160945_NCDK_conventional_converted_dev_1,False,False,188,0,0.00,0.97,null,null,null,-1.00,-1.00,-0.143,1544.33,P Carly Serum 2_GD1_01_66466,779907,763852,790780,776048,777646.63809375,11112.1448759005
189,10.161,730.53699,no MS2: DMPE 33:2|DMPE 5:0_28:2,[M+H]+,null,1.00,False,9.485,730.53809,C40H76NO8P,DMPE,CIMMRNSOHYKOSL-UHFFFAOYSA-N,O=C(OCC(OC(=O)CCCCCCCCCCCCCCCC=CCC=CCCCCCCC)COP(=O)(O)OCCN(C)C)CCCC,530,False,True,False,Normalized unit: Intensity; Annotation method: Msp20260116160945_NCDK_conventional_converted_dev_1,False,False,189,0,0.00,1.00,null,null,null,-1.00,-1.00,-0.144,1191.12,P Carly Serum 3_GD1_01_66467,1639596,1589074,1575608,1598576,1600713.25857813,27581.2790210784
190,12.694,731.60614,no MS2: SM 36:1;O2|SM 12:1;O2/24:0,[M+H]+,null,1.00,False,9.598,731.60620,C41H83N2O6P,SM,IMSJPGOHOORVQA-UHFFFAOYSA-N,O=C(NC(COP(=O)([O-])OCC[N+](C)(C)C)C(O)C=CCCCCCCC)CCCCCCCCCCCCCCCCCCCCCCC,530,False,True,False,Normalized unit: Intensity; Annotation method: Msp20260116160945_NCDK_conventional_converted_dev_1,False,False,190,0,0.00,1.00,null,null,null,-1.00,-1.00,-0.143,12176.78,P Carly Serum 2_GD1_01_66466,11012296,10946603,10773827,11007794,10935129.8903125,111631.631195075
191,20.911,731.64471,Unknown,[M+H]+,null,1.00,False,null,null,null,null,null,null,999,False,False,False,Normalized unit: Intensity,False,False,191,0,0.00,null,null,null,null,null,null,null,7741.95,P Carly Serum 1_GD1_01_66465,4854216,4736053,4672228,4776239,4759684.00839063,76195.5680423129
192,11.326,732.55457,no MS2: DMPE 33:1|DMPE 5:0_28:1,[M+H]+,null,1.00,False,9.369,732.55377,C40H78NO8P,DMPE,OIISTJMMSRDWTO-UHFFFAOYSA-N,O=C(OCC(OC(=O)CCCCCCCCCCCCCCCCCC=CCCCCCCCC)COP(=O)(O)OCCN(C)C)CCCC,530,False,True,False,Normalized unit: Intensity; Annotation method: Msp20260116160945_NCDK_conventional_converted_dev_1,False,False,192,0,0.00,1.00,null,null,null,-1.00,-1.00,-0.143,3179.35,P Carly Serum 1_GD1_01_66465,4762833,4716172,4655598,4767131,4725433.6145625,51962.0105318659
193,13.304,733.62292,no MS2: SM 36:0;O2|SM 12:0;O2/24:0,[M+H]+,null,1.00,False,9.860,733.62183,C41H85N2O6P,SM,HHUPDMAQIBSEGQ-UHFFFAOYSA-N,O=C(NC(COP(=O)([O-])OCC[N+](C)(C)C)C(O)CCCCCCCCC)CCCCCCCCCCCCCCCCCCCCCCC,530,False,True,False,Normalized unit: Intensity; Annotation method: Msp20260116160945_NCDK_conventional_converted_dev_1,False,False,193,0,0.00,1.00,null,null,null,-1.00,-1.00,-0.144,588.55,P Carly Serum 2_GD1_01_66466,465284,445552,449344,451337,452879.113890625,8610.74126745947
194,18.222,733.62494,no MS2: SM 36:0;O2|SM 12:0;O2/24:0,[M+H]+,null,1.00,False,9.860,733.62183,C41H85N2O6P,SM,HHUPDMAQIBSEGQ-UHFFFAOYSA-N,O=C(NC(COP(=O)([O-])OCC[N+](C)(C)C)C(O)CCCCCCCCC)CCCCCCCCCCCCCCCCCCCCCCC,530,False,True,False,Normalized unit: Intensity; Annotation method: Msp20260116160945_NCDK_conventional_converted_dev_1,False,False,194,0,0.00,0.93,null,null,null,-1.00,-1.00,-0.178,617.24,P Carly Serum 3_GD1_01_66467,1090864,1062207,1078262,1088224,1079889.14878125,12977.029549076
195,21.257,733.66016,Unknown,[M+H]+,null,1.00,False,null,null,null,null,null,null,999,False,False,False,Normalized unit: Intensity,False,False,195,0,0.00,null,null,null,null,null,null,null,854.16,P Carly Serum 4_GD1_01_66468,722402,707836,706981,751994,722302.919703123,21020.9273838712
196,12.689,734.57019,no MS2: DMPE 33:0|DMPE 28:0_5:0,[M+H]+,null,1.00,False,10.672,734.56940,C40H80NO8P,DMPE,ZZNGNZPJNJRLFS-UHFFFAOYSA-N,O=C(OCC(OC(=O)CCCC)COP(=O)(O)OCCN(C)C)CCCCCCCCCCCCCCCCCCCCCCCCCCC,530,False,True,False,Normalized unit: Intensity; Annotation method: Msp20260116160945_NCDK_conventional_converted_dev_1,False,False,196,0,0.00,1.00,null,null,null,-1.00,-1.00,-0.143,7227.78,P Carly Serum 2_GD1_01_66466,9071109,8908959,8736174,9012399,8932160.20573437,146849.290041539
197,18.183,739.63531,no MS2: SE 28:4/22:0,[M+Na]+,null,1.00,False,14.999,739.63641,C50H84O2,DEGSE,JEHJSAOHOQIHJP-UHFFFAOYSA-N,O=C(OC1CC2=CC=C3C(=CCC4(C)C3CCC4C(C=CC(C)C(C)C)C)C2(C)CC1)CCCCCCCCCCCCCCCCCCCCC,530,False,True,False,Normalized unit: Intensity; Annotation method: Msp20260116160945_NCDK_conventional_converted_dev_1,False,False,197,0,0.00,0.99,null,null,null,-1.00,-1.00,-0.148,4047.89,P Carly Serum 4_GD1_01_66468,2558472,2546370,2542760,2580506,2557026.80970313,17033.694031829
198,11.875,740.52374,no MS2: DMPE 34:4|DMPE 6:0_28:4,[M+H]+,null,1.00,False,8.961,740.52252,C41H74NO8P,DMPE,CSPDWTCNNRVKRC-UHFFFAOYSA-N,O=C(OCC(OC(=O)CCCCCCCCCCCCCCC=CCC=CCC=CCC=CCC)COP(=O)(O)OCCN(C)C)CCCCC,530,False,True,False,Normalized unit: Intensity; Annotation method: Msp20260116160945_NCDK_conventional_converted_dev_1,False,False,198,0,0.00,1.00,null,null,null,-1.00,-1.00,-0.143,200.99,P Carly Serum 2_GD1_01_66466,394765,394361,402932,395821,396969.76621875,4022.23738854085
199,19.707,740.67645,no MS2: TG 42:0|TG 8:0_8:0_26:0,[M+NH4]+,null,1.00,False,13.851,740.67627,C45H86O6,TG,DIXITASRIXUPEG-UHFFFAOYSA-N,O=C(OCC(OC(=O)CCCCCCC)COC(=O)CCCCCCCCCCCCCCCCCCCCCCCCC)CCCCCCC,530,False,True,False,Normalized unit: Intensity; Annotation method: Msp20260116160945_NCDK_conventional_converted_dev_1,False,False,199,0,0.00,1.00,null,null,null,-1.00,-1.00,-0.143,241.58,P Carly Serum 2_GD1_01_66466,458749,444528,448141,452303,450930.543374999,6104.09022188048
200,20.712,741.62903,Unknown,[M+H]+,null,1.00,False,null,null,null,null,null,null,999,False,False,False,Normalized unit: Intensity,False,False,200,0,0.00,null,null,null,null,null,null,null,2135.56,P Carly Serum 4_GD1_01_66468,1441523,1436357,1443275,1461696,1445712.77532812,11052.8490978253
201,12.516,742.57410,no MS2: PC O-34:3|PC O-8:0_26:3,[M+H]+,null,1.00,False,9.597,742.57452,C42H80NO7P,EtherPC,MIKWCKCBCDZUNB-UHFFFAOYSA-N,O=C(OC(COCCCCCCCC)COP(=O)([O-])OCC[N+](C)(C)C)CCCCCCCCCCC=CCC=CCC=CCCCCCCC,530,False,True,False,Normalized unit: Intensity; Annotation method: Msp20260116160945_NCDK_conventional_converted_dev_1,False,False,201,0,0.00,1.00,null,null,null,-1.00,-1.00,-0.143,4846.52,P Carly Serum 1_GD1_01_66465,6233614,6200567,6060307,6185192,6169919.88270312,75816.6546684814
202,10.945,744.55469,no MS2: DMPE 34:2|DMPE 6:0_28:2,[M+H]+,null,1.00,False,9.726,744.55377,C41H78NO8P,DMPE,JDJIDZCZEYWKIZ-UHFFFAOYSA-N,O=C(OCC(OC(=O)CCCCCCCCCCCCCCCC=CCC=CCCCCCCC)COP(=O)(O)OCCN(C)C)CCCCC,530,False,True,False,Normalized unit: Intensity; Annotation method: Msp20260116160945_NCDK_conventional_converted_dev_1,False,False,202,0,0.00,1.00,null,null,null,-1.00,-1.00,-0.143,1754.74,P Carly Serum 1_GD1_01_66465,1572168,1560087,1548453,1593173,1568470.33614063,19103.8036867859
203,12.728,744.59070,no MS2: PC O-34:2|PC O-8:0_26:2,[M+H]+,null,1.00,False,9.905,744.59021,C42H82NO7P,EtherPC,WBAZRZTVRJLENP-UHFFFAOYSA-N,O=C(OC(COCCCCCCCC)COP(=O)([O-])OCC[N+](C)(C)C)CCCCCCCCCCCCCC=CCC=CCCCCCCC,530,False,True,False,Normalized unit: Intensity; Annotation method: Msp20260116160945_NCDK_conventional_converted_dev_1,False,False,203,0,0.00,1.00,null,null,null,-1.00,-1.00,-0.143,4457.42,P Carly Serum 2_GD1_01_66466,3970289,3891731,3838896,3904428,3901335.9818125,54021.7560637591
204,13.707,744.59070,no MS2: PC O-34:2|PC O-8:0_26:2,[M+H]+,null,1.00,False,9.905,744.59021,C42H82NO7P,EtherPC,WBAZRZTVRJLENP-UHFFFAOYSA-N,O=C(OC(COCCCCCCCC)COP(=O)([O-])OCC[N+](C)(C)C)CCCCCCCCCCCCCC=CCC=CCCCCCCC,530,False,True,False,Normalized unit: Intensity; Annotation method: Msp20260116160945_NCDK_conventional_converted_dev_1,False,False,204,0,0.00,1.00,null,null,null,-1.00,-1.00,-0.143,1868.76,P Carly Serum 2_GD1_01_66466,1708564,1702747,1673673,1726347,1702832.75496875,21878.9245436544
205,13.525,745.62299,no MS2: SM 37:1;O2|SM 12:1;O2/25:0,[M+H]+,null,1.00,False,10.060,745.62183,C42H85N2O6P,SM,AWIFGOBWPWIAOU-UHFFFAOYSA-N,O=C(NC(COP(=O)([O-])OCC[N+](C)(C)C)C(O)C=CCCCCCCC)CCCCCCCCCCCCCCCCCCCCCCCC,530,False,True,False,Normalized unit: Intensity; Annotation method: Msp20260116160945_NCDK_conventional_converted_dev_1,False,False,205,0,0.00,1.00,null,null,null,-1.00,-1.00,-0.143,826.00,P Carly Serum 2_GD1_01_66466,568429,584652,582407,583123,579652.78553125,7540.72490233636
206,18.335,745.62476,no MS2: SM 37:1;O2|SM 12:1;O2/25:0,[M+H]+,null,1.00,False,10.060,745.62183,C42H85N2O6P,SM,AWIFGOBWPWIAOU-UHFFFAOYSA-N,O=C(NC(COP(=O)([O-])OCC[N+](C)(C)C)C(O)C=CCCCCCCC)CCCCCCCCCCCCCCCCCCCCCCCC,530,False,True,False,Normalized unit: Intensity; Annotation method: Msp20260116160945_NCDK_conventional_converted_dev_1,False,False,206,0,0.00,0.94,null,null,null,-1.00,-1.00,-0.173,378.15,P Carly Serum 2_GD1_01_66466,551873,564537,572499,565308,563554.252890625,8573.31076076425
207,12.105,746.56989,no MS2: DMPE 34:1|DMPE 5:0_29:1,[M+H]+,null,1.00,False,10.127,746.56940,C41H80NO8P,DMPE,KHJUHSUCVYWNIE-UHFFFAOYSA-N,O=C(OCC(OC(=O)CCCCCCCCCCCCCCC=CCCCCCCCCCCCC)COP(=O)(O)OCCN(C)C)CCCC,530,False,True,False,Normalized unit: Intensity; Annotation method: Msp20260116160945_NCDK_conventional_converted_dev_1,False,False,207,0,0.00,1.00,null,null,null,-1.00,-1.00,-0.143,859.05,P Carly Serum 2_GD1_01_66466,1268867,1222894,1251038,1272247,1253761.51928125,22584.1457295215
208,13.880,746.60736,no MS2: RIKEN P-VS1 ID-9263 from Mouse_Feces_WT_N_Ctr,[M+H]+,null,1.00,False,11.590,746.60919,null,Unknown,null,null,530,False,True,False,Normalized unit: Intensity; Annotation method: Msp20260116160945_NCDK_conventional_converted_dev_1,False,False,208,0,0.00,0.97,null,null,null,-1.00,-1.00,-0.142,1695.22,P Carly Serum 4_GD1_01_66468,3031747,2991911,2989461,3081185,3023575.91489063,43019.7038853922
209,18.218,747.64038,no MS2: SM 37:0;O2|SM 12:0;O2/25:0,[M+H]+,null,1.00,False,10.205,747.63751,C42H87N2O6P,SM,OAVKGZSSBPPMBW-UHFFFAOYSA-N,O=C(NC(COP(=O)([O-])OCC[N+](C)(C)C)C(O)CCCCCCCCC)CCCCCCCCCCCCCCCCCCCCCCCC,530,False,True,False,Normalized unit: Intensity; Annotation method: Msp20260116160945_NCDK_conventional_converted_dev_1,False,False,209,0,0.00,0.95,null,null,null,-1.00,-1.00,-0.169,2923.63,P Carly Serum 3_GD1_01_66467,3878346,3854691,3813807,3851180,3849505.92271875,26682.4328482711
210,12.330,748.52844,no MS2: PC O-35:7|PC O-9:0_26:7,[M+H]+,null,1.00,False,8.336,748.52759,C43H74NO7P,EtherPC,DWNHKQDVGGFONK-UHFFFAOYSA-N,O=C(OC(COCCCCCCCCC)COP(=O)([O-])OCC[N+](C)(C)C)CCCC=CCC=CCC=CCC=CCC=CCC=CCC=CCC,530,False,True,False,Normalized unit: Intensity; Annotation method: Msp20260116160945_NCDK_conventional_converted_dev_1,False,False,210,0,0.00,1.00,null,null,null,-1.00,-1.00,-0.144,185.04,P Carly Serum 1_GD1_01_66465,415544,399544,400897,415528,407878.30584375,8859.64793645316
211,12.858,750.54407,no MS2: PC O-35:6|PC O-9:0_26:6,[M+H]+,null,1.00,False,9.089,750.54321,C43H76NO7P,EtherPC,BTZZRCNLJXQFPB-UHFFFAOYSA-N,O=C(OC(COCCCCCCCCC)COP(=O)([O-])OCC[N+](C)(C)C)CCCCCCC=CCC=CCC=CCC=CCC=CCC=CCC,530,False,True,False,Normalized unit: Intensity; Annotation method: Msp20260116160945_NCDK_conventional_converted_dev_1,False,False,211,0,0.00,0.99,null,null,null,-1.00,-1.00,-0.146,446.25,P Carly Serum 2_GD1_01_66466,873252,855304,840257,850614,854856.87184375,13781.0444105359
212,14.304,752.56018,no MS2: RIKEN P-VS1 ID-9414 from Cell_HeLa_WT_N_Ctr,[M+H]+,null,1.00,False,11.840,752.56042,null,Unknown,null,null,530,False,True,False,Normalized unit: Intensity; Annotation method: Msp20260116160945_NCDK_conventional_converted_dev_1,False,False,212,0,0.00,1.00,null,null,null,-1.00,-1.00,-0.129,1211.64,P Carly Serum 2_GD1_01_66466,1466462,1479582,1461840,1468159,1469010.567875,7536.66968795839
213,12.694,753.58948,no MS2: SM 36:1;O2,[M+Na]+,null,1.00,False,9.598,753.58807,C41H83N2O6P,SM,IMSJPGOHOORVQA-UHFFFAOYSA-N,O=C(NC(COP(=O)([O-])OCC[N+](C)(C)C)C(O)C=CCCCCCCC)CCCCCCCCCCCCCCCCCCCCCCC,530,False,True,False,Normalized unit: Intensity; Annotation method: Msp20260116160945_NCDK_conventional_converted_dev_1,False,False,213,0,0.00,1.00,null,null,null,-1.00,-1.00,-0.143,644.02,P Carly Serum 2_GD1_01_66466,564183,546377,564146,569863,561142.062609375,10203.5800322003
214,9.983,754.53882,no MS2: DMPE 35:4|DMPE 5:0_30:4,[M+H]+,null,1.00,False,8.689,754.53809,C42H76NO8P,DMPE,KXPWJMPURDZCQI-UHFFFAOYSA-N,O=C(OCC(OC(=O)CCCCCCCCCCCCCCCCC=CCC=CCC=CCC=CCC)COP(=O)(O)OCCN(C)C)CCCC,530,False,True,False,Normalized unit: Intensity; Annotation method: Msp20260116160945_NCDK_conventional_converted_dev_1,False,False,214,0,0.00,1.00,null,null,null,-1.00,-1.00,-0.143,605.54,P Carly Serum 3_GD1_01_66467,581771,591274,567843,598850,584934.5985625,13366.3231822225
215,20.712,755.64465,Unknown,[M+H]+,null,1.00,False,null,null,null,null,null,null,999,False,False,False,Normalized unit: Intensity,False,False,215,0,0.00,null,null,null,null,null,null,null,2124.62,P Carly Serum 4_GD1_01_66468,1513663,1485368,1521170,1537196,1514349.2119375,21671.1855720729
216,12.694,756.55316,no MS2: NAGlySer 39:8;O2|NAGlySer 13:1;O(FA 26:6),[M+Na]+,null,1.00,False,7.990,756.55212,C44H70N2O7,NAGlySer,ZQYLSYCCGMINJL-UHFFFAOYSA-N,O=C(OC(C=CCCC)CCCCCCC(=O)NCC(=O)NC(C(=O)O)CO)CCCCCCC=CCC=CCC=CCC=CCC=CCC=CCC,530,False,True,False,Normalized unit: Intensity; Annotation method: Msp20260116160945_NCDK_conventional_converted_dev_1,False,False,216,0,0.00,1.00,null,null,null,-1.00,-1.00,-0.143,340.80,P Carly Serum 1_GD1_01_66465,360259,348273,367322,360629,359120.92934375,7926.89315440106
217,10.390,756.55328,no MS2: DMPE 35:3|DMPE 5:0_30:3,[M+H]+,null,1.00,False,9.213,756.55377,C42H78NO8P,DMPE,ICNCFQIVQRJXQI-UHFFFAOYSA-N,O=C(OCC(OC(=O)CCCCCCCCCCCCCCC=CCC=CCC=CCCCCCCC)COP(=O)(O)OCCN(C)C)CCCC,530,False,True,False,Normalized unit: Intensity; Annotation method: Msp20260116160945_NCDK_conventional_converted_dev_1,False,False,217,0,0.00,1.00,null,null,null,-1.00,-1.00,-0.143,2069.41,P Carly Serum 2_GD1_01_66466,2397930,2485641,2357144,2451923,2423159.61153125,56938.0146515211
218,10.719,756.55469,no MS2: DMPE 35:3|DMPE 5:0_30:3,[M+H]+,null,1.00,False,9.213,756.55377,C42H78NO8P,DMPE,ICNCFQIVQRJXQI-UHFFFAOYSA-N,O=C(OCC(OC(=O)CCCCCCCCCCCCCCC=CCC=CCC=CCCCCCCC)COP(=O)(O)OCCN(C)C)CCCC,530,False,True,False,Normalized unit: Intensity; Annotation method: Msp20260116160945_NCDK_conventional_converted_dev_1,False,False,218,0,0.00,1.00,null,null,null,-1.00,-1.00,-0.143,1582.50,P Carly Serum 1_GD1_01_66465,3582961,3419822,3544915,3461830,3502382.13873437,74749.6162563964
219,12.992,757.62250,no MS2: SM 38:2;O2|SM 12:1;O2/26:1,[M+H]+,null,1.00,False,9.580,757.62183,C43H85N2O6P,SM,LCCGGRXCXDWGPP-UHFFFAOYSA-N,O=C(NC(COP(=O)([O-])OCC[N+](C)(C)C)C(O)C=CCCCCCCC)CCCCCCCCCCCCCCCC=CCCCCCCCC,530,False,True,False,Normalized unit: Intensity; Annotation method: Msp20260116160945_NCDK_conventional_converted_dev_1,False,False,219,0,0.00,1.00,null,null,null,-1.00,-1.00,-0.145,3113.72,P Carly Serum 1_GD1_01_66465,3229253,3084452,3119587,3088167,3130364.78482813,67783.303417734
220,11.732,758.57288,no MS2: Cer 49:12;O4|Cer 12:1;O2/37:11;O2,[M+H]+,null,1.00,False,10.594,758.57178,C49H75NO5,Cer_EOS,YJXCZRFEUFCVMT-UHFFFAOYSA-N,O=C(OCCC=CCC=CCC=CCC=CCC(=O)NC(CO)C(O)C=CCCCCCCC)CCC=CCC=CCC=CCC=CCC=CCC=CCC,530,False,True,False,Normalized unit: Intensity; Annotation method: Msp20260116160945_NCDK_conventional_converted_dev_1,False,False,220,0,0.00,1.00,null,null,null,-1.00,-1.00,-0.143,87110.56,P Carly Serum 1_GD1_01_66465,157979502,156258237,157227315,156791720,157064193.323063,727600.039536524
221,11.732,758.72333,Unknown,[M+2H]2+,null,1.00,False,null,null,null,null,null,null,999,False,False,False,Normalized unit: Intensity,False,False,221,0,0.00,null,null,null,null,null,null,null,3760.89,P Carly Serum 1_GD1_01_66465,2947839,2881861,2812352,2817808,2864964.80315625,63627.6942170308
222,11.732,758.84326,Unknown,[M+H]+,null,1.00,False,null,null,null,null,null,null,999,False,False,False,Normalized unit: Intensity,False,False,222,0,0.00,null,null,null,null,null,null,null,3117.11,P Carly Serum 4_GD1_01_66468,2638629,2609001,2639155,2660673,2636864.54073438,21225.7444397792
223,11.732,758.97980,Unknown,[M+H]+,null,1.00,False,null,null,null,null,null,null,999,False,False,False,Normalized unit: Intensity,False,False,223,0,0.00,null,null,null,null,null,null,null,2022.47,P Carly Serum 3_GD1_01_66467,1232863,1213805,1264611,1228000,1234819.74492188,21443.3881233973
224,11.732,759.57544,no MS2: RIKEN P-VS1 ID-9678 from Mouse_Liver_WT_N_F1EPA,[M+H]+,null,1.00,False,9.340,759.57300,null,Unknown,null,null,530,False,True,False,Normalized unit: Intensity; Annotation method: Msp20260116160945_NCDK_conventional_converted_dev_1,False,False,224,0,0.00,0.99,null,null,null,-1.00,-1.00,-0.132,77883.94,P Carly Serum 2_GD1_01_66466,108247553,106533281,107114459,107095457,107247687.609969,719034.133749728
225,14.347,759.63934,no MS2: SM 38:1;O2|SM 12:1;O2/26:0,[M+H]+,null,1.00,False,10.341,759.63751,C43H87N2O6P,SM,GJBCRJRMBDUHKZ-UHFFFAOYSA-N,O=C(NC(COP(=O)([O-])OCC[N+](C)(C)C)C(O)C=CCCCCCCC)CCCCCCCCCCCCCCCCCCCCCCCCC,530,False,True,False,Normalized unit: Intensity; Annotation method: Msp20260116160945_NCDK_conventional_converted_dev_1,False,False,225,0,0.00,0.99,null,null,null,-1.00,-1.00,-0.146,8893.86,P Carly Serum 2_GD1_01_66466,8191356,7992034,7941862,8174792,8075010.90262501,126631.222889463
226,12.901,760.58673,no MS2: Cer 49:11;O4|Cer 12:1;O2/37:10;O2,[M+H]+,null,1.00,False,10.908,760.58752,C49H77NO5,Cer_EOS,DDLJIZBIJAEWSX-UHFFFAOYSA-N,O=C(OCCC=CCC=CCC=CCCCCC(=O)NC(CO)C(O)C=CCCCCCCC)CCC=CCC=CCC=CCC=CCC=CCC=CCC,530,False,True,False,Normalized unit: Intensity; Annotation method: Msp20260116160945_NCDK_conventional_converted_dev_1,False,False,226,0,0.00,1.00,null,null,null,-1.00,-1.00,-0.143,67000.39,P Carly Serum 3_GD1_01_66467,111485047,109955698,108870998,108887376,109799779.729844,1232822.69329826
227,12.901,760.74005,Unknown,[M+2H]2+,null,1.00,False,null,null,null,null,null,null,999,False,False,False,Normalized unit: Intensity,False,False,227,0,0.00,null,null,null,null,null,null,null,1832.01,P Carly Serum 1_GD1_01_66465,1538589,1467985,1538736,1478461,1505942.92582813,38022.7692359042
228,12.901,760.85675,Unknown,[M+H]+,null,1.00,False,null,null,null,null,null,null,999,False,False,False,Normalized unit: Intensity,False,False,228,0,0.00,null,null,null,null,null,null,null,1660.93,P Carly Serum 2_GD1_01_66466,1519913,1505004,1523486,1529572,1519493.75570313,10450.836621198
229,12.901,760.99249,Unknown,[M+H]+,null,1.00,False,null,null,null,null,null,null,999,False,False,False,Normalized unit: Intensity,False,False,229,0,0.00,null,null,null,null,null,null,null,600.04,P Carly Serum 3_GD1_01_66467,377643,369659,393836,386722,381964.9516875,10546.3627053278
230,11.732,761.24103,Unknown,[M+H]+,null,1.00,False,null,null,null,null,null,null,999,False,False,False,Normalized unit: Intensity,False,False,230,0,0.00,null,null,null,null,null,null,null,663.35,P Carly Serum 1_GD1_01_66465,310539,293727,302868,291284,299604.562406251,8831.66254356268
231,11.031,761.63055,no MS2: RIKEN P-VS1 ID-9790 from Mouse_Spleen_WT_N_F1,[M+H]+,null,1.00,False,8.990,761.62262,null,Unknown,null,null,530,False,True,False,Normalized unit: Intensity; Annotation method: Msp20260116160945_NCDK_conventional_converted_dev_1,False,False,231,0,0.00,0.74,null,null,null,-1.00,-1.00,-0.244,405.48,P Carly Serum 2_GD1_01_66466,291322,291819,297879,296277,294324.165484375,3252.87194108218
232,14.295,762.60199,no MS2: Cer 49:10;O4|Cer 12:1;O2/37:9;O2,[M+H]+,null,1.00,False,11.407,762.60309,C49H79NO5,Cer_EOS,HQGIXWALYLECLV-UHFFFAOYSA-N,O=C(OCCCC=CCC=CCCCCCCC(=O)NC(CO)C(O)C=CCCCCCCC)CCC=CCC=CCC=CCC=CCC=CCC=CCC,530,False,True,False,Normalized unit: Intensity; Annotation method: Msp20260116160945_NCDK_conventional_converted_dev_1,False,False,232,0,0.00,1.00,null,null,null,-1.00,-1.00,-0.143,2482.01,P Carly Serum 4_GD1_01_66468,2959191,2956228,2938379,2944090,2949471.97996875,9867.93392585362
233,18.084,763.63580,no MS2: SE 28:4/24:2,[M+Na]+,null,1.00,False,14.871,763.63641,C52H84O2,DEGSE,YCCYOOQWWBRBOM-UHFFFAOYSA-N,O=C(OC1CC2=CC=C3C(=CCC4(C)C3CCC4C(C=CC(C)C(C)C)C)C2(C)CC1)CCCCCCCCCCCC=CCC=CCCCCCCC,530,False,True,False,Normalized unit: Intensity; Annotation method: Msp20260116160945_NCDK_conventional_converted_dev_1,False,False,233,0,0.00,1.00,null,null,null,-1.00,-1.00,-0.144,251.15,P Carly Serum 3_GD1_01_66467,688451,685702,699360,706652,695041.307,9731.47342018772
234,11.551,764.52350,no MS2: DMPE 36:6|DMPE 6:0_30:6,[M+H-H2O]+,null,1.00,False,8.893,764.52252,C43H74NO8P,DMPE,DWTDKYBSYMRQOH-UHFFFAOYSA-N,O=C(OCC(OC(=O)CCCCCCCCCCC=CCC=CCC=CCC=CCC=CCC=CCC)COP(=O)(O)OCCN(C)C)CCCCC,530,False,True,False,Normalized unit: Intensity; Annotation method: Msp20260116160945_NCDK_conventional_converted_dev_1,False,False,234,0,0.00,0.99,null,null,null,-1.00,-1.00,-0.147,217.03,P Carly Serum 1_GD1_01_66465,561191,535594,546421,552661,548966.62259375,10776.6127381781
235,19.240,764.67645,no MS2: TG 44:2|TG 8:0_8:0_28:2,[M+NH4]+,null,1.00,False,13.523,764.67627,C47H86O6,TG,QBENZTIGQCMGBK-UHFFFAOYSA-N,O=C(OCC(OC(=O)CCCCCCC)COC(=O)CCCCCCCCCCCCCCCC=CCC=CCCCCCCC)CCCCCCC,530,False,True,False,Normalized unit: Intensity; Annotation method: Msp20260116160945_NCDK_conventional_converted_dev_1,False,False,235,0,0.00,1.00,null,null,null,-1.00,-1.00,-0.143,171.41,P Carly Serum 2_GD1_01_66466,503858,505078,507842,522403,509795.21715625,8568.99353514455
236,12.295,766.57489,no MS2: PC O-36:5|PC O-8:0_28:5,[M+H]+,null,1.00,False,9.545,766.57452,C44H80NO7P,EtherPC,RDKCYWXIOLUDKK-UHFFFAOYSA-N,O=C(OC(COCCCCCCCC)COP(=O)([O-])OCC[N+](C)(C)C)CCCCCCCCCCCC=CCC=CCC=CCC=CCC=CCC,530,False,True,False,Normalized unit: Intensity; Annotation method: Msp20260116160945_NCDK_conventional_converted_dev_1,False,False,236,0,0.00,1.00,null,null,null,-1.00,-1.00,-0.143,1894.64,P Carly Serum 1_GD1_01_66465,7773311,7563785,7670209,7684466,7672942.68964063,85886.458380978
237,19.759,766.69165,no MS2: TG 44:1|TG 8:0_8:0_28:1,[M+NH4]+,null,1.00,False,13.834,766.69189,C47H88O6,TG,RPHPGMSYTPNXSG-UHFFFAOYSA-N,O=C(OCC(OC(=O)CCCCCCC)COC(=O)CCCCCCCCCCCCCCCCCC=CCCCCCCCC)CCCCCCC,530,False,True,False,Normalized unit: Intensity; Annotation method: Msp20260116160945_NCDK_conventional_converted_dev_1,False,False,237,0,0.00,1.00,null,null,null,-1.00,-1.00,-0.143,240.95,P Carly Serum 2_GD1_01_66466,992623,979494,1010338,1015779,999558.347390623,16632.8513070159
238,10.758,768.55487,no MS2: DMPE 36:4|DMPE 6:0_30:4,[M+H]+,null,1.00,False,9.066,768.55377,C43H78NO8P,DMPE,YADWDHZNQSACMH-UHFFFAOYSA-N,O=C(OCC(OC(=O)CCCCCCCCCCCCCCCCC=CCC=CCC=CCC=CCC)COP(=O)(O)OCCN(C)C)CCCCC,530,False,True,False,Normalized unit: Intensity; Annotation method: Msp20260116160945_NCDK_conventional_converted_dev_1,False,False,238,0,0.00,1.00,null,null,null,-1.00,-1.00,-0.143,375.05,P Carly Serum 2_GD1_01_66466,536815,532186,532257,545901,536789.664687499,6448.64327188037
239,13.490,768.55566,no MS2: NAGly 48:13;O2|NAGly 22:6;O(FA 26:6),[M+H]+,null,1.00,False,10.344,768.55621,C50H73NO5,NAGly,XGIFZGFYNYGKHE-UHFFFAOYSA-N,O=C(O)CNC(=O)CC(OC(=O)CCCCCCC=CCC=CCC=CCC=CCC=CCC=CCC)C=CCC=CCC=CCC=CCC=CCC=CCC,530,False,True,False,Normalized unit: Intensity; Annotation method: Msp20260116160945_NCDK_conventional_converted_dev_1,False,False,239,0,0.00,1.00,null,null,null,-1.00,-1.00,-0.144,891.19,P Carly Serum 4_GD1_01_66468,1175164,1157170,1175436,1179699,1171867.25495312,10015.8331267626
240,12.538,768.59113,no MS2: PC O-36:4|PC O-8:0_28:4,[M+H]+,null,1.00,False,9.912,768.59021,C44H82NO7P,EtherPC,AMIRMXUBGHUMRM-UHFFFAOYSA-N,O=C(OC(COCCCCCCCC)COP(=O)([O-])OCC[N+](C)(C)C)CCCCCCCCCCCCCCC=CCC=CCC=CCC=CCC,530,False,True,False,Normalized unit: Intensity; Annotation method: Msp20260116160945_NCDK_conventional_converted_dev_1,False,False,240,0,0.00,1.00,null,null,null,-1.00,-1.00,-0.143,5999.78,P Carly Serum 2_GD1_01_66466,10226437,9944330,10079289,10257614,10126917.3515312,144443.981159581
241,12.971,768.59149,no MS2: PC O-36:4|PC O-8:0_28:4,[M+H]+,null,1.00,False,9.912,768.59021,C44H82NO7P,EtherPC,AMIRMXUBGHUMRM-UHFFFAOYSA-N,O=C(OC(COCCCCCCCC)COP(=O)([O-])OCC[N+](C)(C)C)CCCCCCCCCCCCCCC=CCC=CCC=CCC=CCC,530,False,True,False,Normalized unit: Intensity; Annotation method: Msp20260116160945_NCDK_conventional_converted_dev_1,False,False,241,0,0.00,1.00,null,null,null,-1.00,-1.00,-0.143,713.12,P Carly Serum 1_GD1_01_66465,1136355,1115371,1122729,1154066,1132130.15551563,17012.7873418399
242,20.283,768.70721,no MS2: TG 44:0|TG 8:0_8:0_28:0,[M+NH4]+,null,1.00,False,14.035,768.70758,C47H90O6,TG,PHHBNNKHOXPVFM-UHFFFAOYSA-N,O=C(OCC(OC(=O)CCCCCCC)COC(=O)CCCCCCCCCCCCCCCCCCCCCCCCCCC)CCCCCCC,530,False,True,False,Normalized unit: Intensity; Annotation method: Msp20260116160945_NCDK_conventional_converted_dev_1,False,False,242,0,0.00,1.00,null,null,null,-1.00,-1.00,-0.143,1910.12,P Carly Serum 3_GD1_01_66467,1301811,1256235,1281858,1288790,1282173.24809375,19168.5461987204
243,11.139,770.57019,no MS2: Cer 50:13;O4|Cer 12:2;O2/38:11;O2,[M+H]+,null,1.00,False,10.824,770.57178,C50H75NO5,Cer_EOS,OBRWGBAFBIBYJT-UHFFFAOYSA-N,O=C(OCCC=CCC=CCC=CCC=CCCC(=O)NC(CO)C(O)C=CCCC=CCCC)CCC=CCC=CCC=CCC=CCC=CCC=CCC,530,False,True,False,Normalized unit: Intensity; Annotation method: Msp20260116160945_NCDK_conventional_converted_dev_1,False,False,243,0,0.00,1.00,null,null,null,-1.00,-1.00,-0.143,539.75,P Carly Serum 3_GD1_01_66467,492187,482561,481460,471985,482048.064984375,8259.45958493253
244,12.884,770.60663,no MS2: PC O-36:3|PC O-8:0_28:3,[M+H]+,null,1.00,False,10.485,770.60577,C44H84NO7P,EtherPC,GDJAIASCRXEGBE-UHFFFAOYSA-N,O=C(OC(COCCCCCCCC)COP(=O)([O-])OCC[N+](C)(C)C)CCCCCCCCCCCCC=CCC=CCC=CCCCCCCC,530,False,True,False,Normalized unit: Intensity; Annotation method: Msp20260116160945_NCDK_conventional_converted_dev_1,False,False,244,0,0.00,1.00,null,null,null,-1.00,-1.00,-0.143,1459.07,P Carly Serum 2_GD1_01_66466,1547858,1495426,1530990,1511368,1521410.3068125,22856.7622306338
245,13.200,770.60687,no MS2: PC O-36:3|PC O-8:0_28:3,[M+H]+,null,1.00,False,10.485,770.60577,C44H84NO7P,EtherPC,GDJAIASCRXEGBE-UHFFFAOYSA-N,O=C(OC(COCCCCCCCC)COP(=O)([O-])OCC[N+](C)(C)C)CCCCCCCCCCCCC=CCC=CCC=CCCCCCCC,530,False,True,False,Normalized unit: Intensity; Annotation method: Msp20260116160945_NCDK_conventional_converted_dev_1,False,False,245,0,0.00,1.00,null,null,null,-1.00,-1.00,-0.144,1188.72,P Carly Serum 2_GD1_01_66466,1271449,1245596,1249000,1258778,1256205.82790625,11596.8373249272
246,14.131,770.60773,no MS2: PC O-36:3|PC O-8:0_28:3,[M+H]+,null,1.00,False,10.485,770.60577,C44H84NO7P,EtherPC,GDJAIASCRXEGBE-UHFFFAOYSA-N,O=C(OC(COCCCCCCCC)COP(=O)([O-])OCC[N+](C)(C)C)CCCCCCCCCCCCC=CCC=CCC=CCCCCCCC,530,False,True,False,Normalized unit: Intensity; Annotation method: Msp20260116160945_NCDK_conventional_converted_dev_1,False,False,246,0,0.00,1.00,null,null,null,-1.00,-1.00,-0.143,1189.20,P Carly Serum 2_GD1_01_66466,1187807,1191479,1184160,1201153,1191149.6151875,7307.53507576556
247,12.278,772.58643,no MS2: DMPE 36:2|DMPE 6:0_30:2,[M+H]+,null,1.00,False,10.872,772.58508,C43H82NO8P,DMPE,AQFCIVPGTXEDJL-UHFFFAOYSA-N,O=C(OCC(OC(=O)CCCCCCCCCCCCCCCCCC=CCC=CCCCCCCC)COP(=O)(O)OCCN(C)C)CCCCC,530,False,True,False,Normalized unit: Intensity; Annotation method: Msp20260116160945_NCDK_conventional_converted_dev_1,False,False,247,0,0.00,1.00,null,null,null,-1.00,-1.00,-0.143,1903.84,P Carly Serum 1_GD1_01_66465,2037557,2043304,2037205,2076062,2048531.9954375,18565.0118784771
248,12.538,772.58649,no MS2: DMPE 36:2|DMPE 6:0_30:2,[M+H]+,null,1.00,False,10.872,772.58508,C43H82NO8P,DMPE,AQFCIVPGTXEDJL-UHFFFAOYSA-N,O=C(OCC(OC(=O)CCCCCCCCCCCCCCCCCC=CCC=CCCCCCCC)COP(=O)(O)OCCN(C)C)CCCCC,530,False,True,False,Normalized unit: Intensity; Annotation method: Msp20260116160945_NCDK_conventional_converted_dev_1,False,False,248,0,0.00,1.00,null,null,null,-1.00,-1.00,-0.143,2529.56,P Carly Serum 2_GD1_01_66466,4028134,3951555,4073838,4050675,4026050.51657812,53053.3758359049
249,14.356,772.62360,no MS2: Cer 51:10;O4|Cer 12:1;O2/39:9;O2,[M+H-H2O]+,null,1.00,False,12.338,772.62378,C51H83NO5,Cer_EOS,JYFNGOFQIOBAIX-UHFFFAOYSA-N,O=C(OCCCCC=CCC=CCCCCCCCC(=O)NC(CO)C(O)C=CCCCCCCC)CCC=CCC=CCC=CCC=CCC=CCC=CCC,530,False,True,False,Normalized unit: Intensity; Annotation method: Msp20260116160945_NCDK_conventional_converted_dev_1,False,False,249,0,0.00,1.00,null,null,null,-1.00,-1.00,-0.143,1247.37,P Carly Serum 4_GD1_01_66468,1125404,1072228,1111371,1130185,1109797.26954688,26287.9263869533
250,15.153,773.65430,no MS2: SM 39:1;O2|SM 12:1;O2/27:0,[M+H]+,null,1.00,False,11.110,773.65308,C44H89N2O6P,SM,LBBHHYRFVVPTSY-UHFFFAOYSA-N,O=C(NC(COP(=O)([O-])OCC[N+](C)(C)C)C(O)C=CCCCCCCC)CCCCCCCCCCCCCCCCCCCCCCCCCC,530,False,True,False,Normalized unit: Intensity; Annotation method: Msp20260116160945_NCDK_conventional_converted_dev_1,False,False,250,0,0.00,0.99,null,null,null,-1.00,-1.00,-0.149,1124.57,P Carly Serum 2_GD1_01_66466,2663573,2643298,2638530,2642812,2647053.30989063,11219.5444761609
251,7.671,774.56433,no MS2: TG 46:11|TG 8:1_16:4_22:6,[M+NH4]+,null,1.00,False,11.665,774.56671,C49H72O6,TG,YEILBZXUULCYAC-UHFFFAOYSA-N,O=C(OCC(OC(=O)CCC=CCC=CCC=CCC=CCC)COC(=O)CCC=CCCC)CCC=CCC=CCC=CCC=CCC=CCC=CCC,530,False,True,False,Normalized unit: Intensity; Annotation method: Msp20260116160945_NCDK_conventional_converted_dev_1,False,False,251,0,0.00,0.99,null,null,null,-1.00,-1.00,-0.147,1089.70,P Carly Serum 4_GD1_01_66468,1287285,1254328,1260172,1254138,1263980.87917188,15786.6486077516
252,7.844,774.56531,no MS2: TG 46:11|TG 8:1_16:4_22:6,[M+NH4]+,null,1.00,False,11.665,774.56671,C49H72O6,TG,YEILBZXUULCYAC-UHFFFAOYSA-N,O=C(OCC(OC(=O)CCC=CCC=CCC=CCC=CCC)COC(=O)CCC=CCCC)CCC=CCC=CCC=CCC=CCC=CCC=CCC,530,False,True,False,Normalized unit: Intensity; Annotation method: Msp20260116160945_NCDK_conventional_converted_dev_1,False,False,252,0,0.00,0.98,null,null,null,-1.00,-1.00,-0.151,948.64,P Carly Serum 4_GD1_01_66468,1214740,1208202,1198702,1221740,1210845.96571875,9803.6711958837
253,13.707,774.60242,no MS2: DMPE 36:1|DMPE 5:0_31:1,[M+H]+,null,1.00,False,12.043,774.60071,C43H84NO8P,DMPE,DPPXPNPITQVOFM-UHFFFAOYSA-N,O=C(OCC(OC(=O)CCCCCCCCCCCCCCCCCCC=CCCCCCCCCCC)COP(=O)(O)OCCN(C)C)CCCC,530,False,True,False,Normalized unit: Intensity; Annotation method: Msp20260116160945_NCDK_conventional_converted_dev_1,False,False,253,0,0.00,1.00,null,null,null,-1.00,-1.00,-0.144,1186.49,P Carly Serum 2_GD1_01_66466,1601457,1616320,1580295,1617299,1603842.56604687,17291.2789119628
254,13.945,776.56079,no MS2: PC O-37:7|PC O-9:0_28:7,[M+H-H2O]+,null,1.00,False,9.575,776.55890,C45H78NO7P,EtherPC,JNVLVKHBDFWUGW-UHFFFAOYSA-N,O=C(OC(COCCCCCCCCC)COP(=O)([O-])OCC[N+](C)(C)C)CCCCCC=CCC=CCC=CCC=CCC=CCC=CCC=CCC,530,False,True,False,Normalized unit: Intensity; Annotation method: Msp20260116160945_NCDK_conventional_converted_dev_1,False,False,254,0,0.00,1.00,null,null,null,-1.00,-1.00,-0.145,419.71,P Carly Serum 2_GD1_01_66466,365624,355114,359148,365107,361248.363078125,5035.95081650355
255,11.087,776.58075,no MS2: TG 46:10|TG 8:0_16:4_22:6,[M+NH4]+,null,1.00,False,11.987,776.58240,C49H74O6,TG,YQVBJOCXQWDCKE-UHFFFAOYSA-N,O=C(OCC(OC(=O)CCC=CCC=CCC=CCC=CCC)COC(=O)CCCCCCC)CCC=CCC=CCC=CCC=CCC=CCC=CCC,530,False,True,False,Normalized unit: Intensity; Annotation method: Msp20260116160945_NCDK_conventional_converted_dev_1,False,False,255,0,0.00,1.00,null,null,null,-1.00,-1.00,-0.143,468.99,P Carly Serum 4_GD1_01_66468,503486,485665,485293,495147,492397.782562499,8685.75833770736
256,11.741,780.55194,no MS2: NAGlySer 41:10;O2|NAGlySer 15:3;O(FA 26:6),[M+NH4]+,null,1.00,False,8.247,780.55212,C46H70N2O7,NAGlySer,QJXPKYVYSTZUAR-UHFFFAOYSA-N,O=C(OC(C=CCC=CCC=CCC)CCCC(=O)NCC(=O)NC(C(=O)O)CO)CCCCCCC=CCC=CCC=CCC=CCC=CCC=CCC,530,False,True,False,Normalized unit: Intensity; Annotation method: Msp20260116160945_NCDK_conventional_converted_dev_1,False,False,256,0,0.00,1.00,null,null,null,-1.00,-1.00,-0.143,2946.07,P Carly Serum 1_GD1_01_66465,9117573,8934646,9030892,8888208,8992829.94084376,102210.142297982
257,10.209,780.55353,no MS2: DMPE 37:5|DMPE 5:0_32:5,[M+H]+,null,1.00,False,9.141,780.55377,C44H78NO8P,DMPE,UFMBOMNSZABXBI-UHFFFAOYSA-N,O=C(OCC(OC(=O)CCCCCCCCCCCCCCCC=CCC=CCC=CCC=CCC=CCC)COP(=O)(O)OCCN(C)C)CCCC,530,False,True,False,Normalized unit: Intensity; Annotation method: Msp20260116160945_NCDK_conventional_converted_dev_1,False,False,257,0,0.00,1.00,null,null,null,-1.00,-1.00,-0.143,253.41,P Carly Serum 2_GD1_01_66466,933465,900963,908113,892934,908868.567765626,17530.9324253599
258,9.789,780.55426,no MS2: DMPE 37:5|DMPE 5:0_32:5,[M+H]+,null,1.00,False,9.141,780.55377,C44H78NO8P,DMPE,UFMBOMNSZABXBI-UHFFFAOYSA-N,O=C(OCC(OC(=O)CCCCCCCCCCCCCCCC=CCC=CCC=CCC=CCC=CCC)COP(=O)(O)OCCN(C)C)CCCC,530,False,True,False,Normalized unit: Intensity; Annotation method: Msp20260116160945_NCDK_conventional_converted_dev_1,False,False,258,0,0.00,1.00,null,null,null,-1.00,-1.00,-0.143,156.47,P Carly Serum 2_GD1_01_66466,411745,417355,401763,414294,411289.344578125,6752.52351262342
259,10.572,780.55481,no MS2: DMPE 37:5|DMPE 5:0_32:5,[M+H]+,null,1.00,False,9.141,780.55377,C44H78NO8P,DMPE,UFMBOMNSZABXBI-UHFFFAOYSA-N,O=C(OCC(OC(=O)CCCCCCCCCCCCCCCC=CCC=CCC=CCC=CCC=CCC)COP(=O)(O)OCCN(C)C)CCCC,530,False,True,False,Normalized unit: Intensity; Annotation method: Msp20260116160945_NCDK_conventional_converted_dev_1,False,False,259,0,0.00,1.00,null,null,null,-1.00,-1.00,-0.143,2407.55,P Carly Serum 2_GD1_01_66466,6184300,6021292,6160145,6105457,6117798.41293751,72299.2809911235
260,11.741,781.55627,no MS2: RIKEN P-VS1 ID-10479 from Mouse_Plasma_WT_N_Ctr,[M+H]+,null,1.00,False,8.870,781.55432,null,Unknown,null,null,530,False,True,False,Normalized unit: Intensity; Annotation method: Msp20260116160945_NCDK_conventional_converted_dev_1,False,False,260,0,0.00,0.99,null,null,null,-1.00,-1.00,-0.131,1699.68,P Carly Serum 2_GD1_01_66466,4172333,4054540,4160383,4051973,4109806.9865625,65489.5870272521
261,14.347,781.62201,no MS2: SM 40:4;O2|SM 12:1;O2/28:3,[M+Na]+,null,1.00,False,9.503,781.62183,C45H85N2O6P,SM,FDDBMIIEJLUCQV-UHFFFAOYSA-N,O=C(NC(COP(=O)([O-])OCC[N+](C)(C)C)C(O)C=CCCCCCCC)CCCCCCCCCCCCC=CCC=CCC=CCCCCCCC,530,False,True,False,Normalized unit: Intensity; Annotation method: Msp20260116160945_NCDK_conventional_converted_dev_1,False,False,261,0,0.00,1.00,null,null,null,-1.00,-1.00,-0.143,363.45,P Carly Serum 4_GD1_01_66468,384276,366435,375864,383102,377419.3315625,8213.64053212417
262,12.901,782.56769,no MS2: NAGlySer 41:9;O2|NAGlySer 15:2;O(FA 26:6),[M+NH4]+,null,1.00,False,7.892,782.56781,C46H72N2O7,NAGlySer,JMCCZEKHWHPGJT-UHFFFAOYSA-N,O=C(OC(C=CCC=CCCC)CCCCCC(=O)NCC(=O)NC(C(=O)O)CO)CCCCCCC=CCC=CCC=CCC=CCC=CCC=CCC,530,False,True,False,Normalized unit: Intensity; Annotation method: Msp20260116160945_NCDK_conventional_converted_dev_1,False,False,262,0,0.00,1.00,null,null,null,-1.00,-1.00,-0.143,4153.32,P Carly Serum 2_GD1_01_66466,5405988,5383643,5281756,5298446,5342458.4065625,61520.0611766731
263,10.780,782.56909,no MS2: DMPE 37:4|DMPE 5:0_32:4,[M+H]+,null,1.00,False,9.233,782.56940,C44H80NO8P,DMPE,CPCUZPPRBXVYNM-UHFFFAOYSA-N,O=C(OCC(OC(=O)CCCCCCCCCCCCCCCCCCC=CCC=CCC=CCC=CCC)COP(=O)(O)OCCN(C)C)CCCC,530,False,True,False,Normalized unit: Intensity; Annotation method: Msp20260116160945_NCDK_conventional_converted_dev_1,False,False,263,0,0.00,1.00,null,null,null,-1.00,-1.00,-0.143,13372.88,P Carly Serum 1_GD1_01_66465,13696914,13636358,13312150,13554684,13550026.6619062,168953.764723181
264,11.170,782.57111,no MS2: DMPE 37:4|DMPE 5:0_32:4,[M+H]+,null,1.00,False,9.233,782.56940,C44H80NO8P,DMPE,CPCUZPPRBXVYNM-UHFFFAOYSA-N,O=C(OCC(OC(=O)CCCCCCCCCCCCCCCCCCC=CCC=CCC=CCC=CCC)COP(=O)(O)OCCN(C)C)CCCC,530,False,True,False,Normalized unit: Intensity; Annotation method: Msp20260116160945_NCDK_conventional_converted_dev_1,False,False,264,0,0.00,1.00,null,null,null,-1.00,-1.00,-0.143,1757.41,P Carly Serum 2_GD1_01_66466,3373298,3345919,3330837,3465924,3378994.52865625,60558.9919402304
265,11.551,782.57220,no MS2: DMPE 37:4|DMPE 5:0_32:4,[M+H]+,null,1.00,False,9.233,782.56940,C44H80NO8P,DMPE,CPCUZPPRBXVYNM-UHFFFAOYSA-N,O=C(OCC(OC(=O)CCCCCCCCCCCCCCCCCCC=CCC=CCC=CCC=CCC)COP(=O)(O)OCCN(C)C)CCCC,530,False,True,False,Normalized unit: Intensity; Annotation method: Msp20260116160945_NCDK_conventional_converted_dev_1,False,False,265,0,0.00,0.99,null,null,null,-1.00,-1.00,-0.150,105813.50,P Carly Serum 1_GD1_01_66465,104376381,102321953,101626936,103467018,102948072.160484,1217483.05429497
266,11.551,782.72607,no MS2: TG 45:0|TG 8:0_8:0_29:0,[M+NH4]+,null,1.00,False,14.092,782.72321,C48H92O6,TG,PRPRFFOYMLCWLQ-UHFFFAOYSA-N,O=C(OCC(OC(=O)CCCCCCC)COC(=O)CCCCCCCCCCCCCCCCCCCCCCCCCCCC)CCCCCCC,530,False,True,False,Normalized unit: Intensity; Annotation method: Msp20260116160945_NCDK_conventional_converted_dev_1,False,False,266,0,0.00,0.94,null,null,null,-1.00,-1.00,-0.175,2126.11,P Carly Serum 1_GD1_01_66465,1572730,1511499,1523772,1560025,1542006.6484375,29050.8834464916
267,11.551,782.84583,Unknown,[M+H]+,null,1.00,False,null,null,null,null,null,null,999,False,False,False,Normalized unit: Intensity,False,False,267,0,0.00,null,null,null,null,null,null,null,1953.66,P Carly Serum 3_GD1_01_66467,1472948,1442601,1456950,1459702,1458050.13914063,12444.3230067935
268,11.551,782.98248,Unknown,[M+H]+,null,1.00,False,null,null,null,null,null,null,999,False,False,False,Normalized unit: Intensity,False,False,268,0,0.00,null,null,null,null,null,null,null,846.91,P Carly Serum 4_GD1_01_66468,382867,369942,384183,383679,380167.867515625,6838.54801247855
269,13.088,783.63916,no MS2: SM 40:3;O2|SM 12:1;O2/28:2,[M+H]+,null,1.00,False,9.891,783.63751,C45H87N2O6P,SM,VBUNUARVBOJKNX-UHFFFAOYSA-N,O=C(NC(COP(=O)([O-])OCC[N+](C)(C)C)C(O)C=CCCCCCCC)CCCCCCCCCCCCCCCC=CCC=CCCCCCCC,530,False,True,False,Normalized unit: Intensity; Annotation method: Msp20260116160945_NCDK_conventional_converted_dev_1,False,False,269,0,0.00,1.00,null,null,null,-1.00,-1.00,-0.144,644.68,P Carly Serum 2_GD1_01_66466,934988,905342,936728,913646,922676.001640625,15610.473361146
270,11.932,784.58527,no MS2: DMPE 37:3|DMPE 5:0_32:3,[M+H]+,null,1.00,False,9.841,784.58508,C44H82NO8P,DMPE,KTPQRINJOWGTIA-UHFFFAOYSA-N,O=C(OCC(OC(=O)CCCCCCCCCCCCCCCCC=CCC=CCC=CCCCCCCC)COP(=O)(O)OCCN(C)C)CCCC,530,False,True,False,Normalized unit: Intensity; Annotation method: Msp20260116160945_NCDK_conventional_converted_dev_1,False,False,270,0,0.00,1.00,null,null,null,-1.00,-1.00,-0.143,35900.91,P Carly Serum 2_GD1_01_66466,34108472,34080892,33810874,34407504,34101935.6543906,243976.733174614
271,12.200,784.58624,no MS2: DMPE 37:3|DMPE 5:0_32:3,[M+H]+,null,1.00,False,9.841,784.58508,C44H82NO8P,DMPE,KTPQRINJOWGTIA-UHFFFAOYSA-N,O=C(OCC(OC(=O)CCCCCCCCCCCCCCCCC=CCC=CCC=CCCCCCCC)COP(=O)(O)OCCN(C)C)CCCC,530,False,True,False,Normalized unit: Intensity; Annotation method: Msp20260116160945_NCDK_conventional_converted_dev_1,False,False,271,0,0.00,1.00,null,null,null,-1.00,-1.00,-0.144,60508.45,P Carly Serum 2_GD1_01_66466,62505580,60555318,60993976,61629908,61421195.4385312,846898.765627351
272,12.663,784.58685,no MS2: DMPE 37:3|DMPE 5:0_32:3,[M+H]+,null,1.00,False,9.841,784.58508,C44H82NO8P,DMPE,KTPQRINJOWGTIA-UHFFFAOYSA-N,O=C(OCC(OC(=O)CCCCCCCCCCCCCCCCC=CCC=CCC=CCCCCCCC)COP(=O)(O)OCCN(C)C)CCCC,530,False,True,False,Normalized unit: Intensity; Annotation method: Msp20260116160945_NCDK_conventional_converted_dev_1,False,False,272,0,0.00,1.00,null,null,null,-1.00,-1.00,-0.144,1145.30,P Carly Serum 1_GD1_01_66465,1523455,1464013,1523032,1505761,1504065.38432812,27944.8545632377
273,11.932,784.74268,Unknown,[M+2H]2+,null,0.75,False,null,null,null,null,null,null,999,False,False,False,Normalized unit: Intensity,False,False,273,0,0.00,null,null,null,null,null,null,null,277.36,P Carly Serum 4_GD1_01_66468,286728,273147,286286,297001,285790.49928125,9774.87019851182
274,12.200,784.74298,Unknown,[M+2H]2+,null,1.00,False,null,null,null,null,null,null,999,False,False,False,Normalized unit: Intensity,False,False,274,0,0.00,null,null,null,null,null,null,null,695.18,P Carly Serum 3_GD1_01_66467,740113,694509,744840,727248,726677.515671874,22697.4046736237
275,11.932,784.85498,Unknown,[M+H]+,null,1.00,False,null,null,null,null,null,null,999,False,False,False,Normalized unit: Intensity,False,False,275,0,0.00,null,null,null,null,null,null,null,538.46,P Carly Serum 4_GD1_01_66468,312461,294532,312047,318734,309443.29559375,10401.2452866112
276,12.200,784.85870,Unknown,[M+H]+,null,1.00,False,null,null,null,null,null,null,999,False,False,False,Normalized unit: Intensity,False,False,276,0,0.00,null,null,null,null,null,null,null,1256.62,P Carly Serum 4_GD1_01_66468,769468,743665,789539,795668,774584.882156249,23454.1727023205
277,14.620,785.65509,no MS2: SM 40:2;O2|SM 12:1;O2/28:1,[M+H]+,null,1.00,False,10.853,785.65308,C45H89N2O6P,SM,ZHZLSBZCLWXQLV-UHFFFAOYSA-N,O=C(NC(COP(=O)([O-])OCC[N+](C)(C)C)C(O)C=CCCCCCCC)CCCCCCCCCCCCCCCCCC=CCCCCCCCC,530,False,True,False,Normalized unit: Intensity; Annotation method: Msp20260116160945_NCDK_conventional_converted_dev_1,False,False,277,0,0.00,1.00,null,null,null,-1.00,-1.00,-0.145,7483.02,P Carly Serum 2_GD1_01_66466,9392145,9314734,9297332,9366132,9342585.42642187,44098.854006097
278,14.356,785.65521,no MS2: SM 40:2;O2|SM 12:1;O2/28:1,[M+H]+,null,1.00,False,10.853,785.65308,C45H89N2O6P,SM,ZHZLSBZCLWXQLV-UHFFFAOYSA-N,O=C(NC(COP(=O)([O-])OCC[N+](C)(C)C)C(O)C=CCCCCCCC)CCCCCCCCCCCCCCCCCC=CCCCCCCCC,530,False,True,False,Normalized unit: Intensity; Annotation method: Msp20260116160945_NCDK_conventional_converted_dev_1,False,False,278,0,0.00,0.99,null,null,null,-1.00,-1.00,-0.148,2256.35,P Carly Serum 2_GD1_01_66466,3351691,3241964,3268916,3395535,3314526.47046875,71389.0217094455
279,12.200,786.26440,Unknown,[M+H]+,null,1.00,False,null,null,null,null,null,null,999,False,False,False,Normalized unit: Intensity,False,False,279,0,0.00,null,null,null,null,null,null,null,953.95,P Carly Serum 4_GD1_01_66468,384287,364050,388330,392790,382364.296046875,12693.8407349318
280,13.118,786.60150,no MS2: Cer 51:12;O4|Cer 12:1;O2/39:11;O2,[M+H]+,null,1.00,False,11.046,786.60309,C51H79NO5,Cer_EOS,MLGJHRAHIPLDHN-UHFFFAOYSA-N,O=C(OCCC=CCC=CCC=CCC=CCCCC(=O)NC(CO)C(O)C=CCCCCCCC)CCC=CCC=CCC=CCC=CCC=CCC=CCC,530,False,True,False,Normalized unit: Intensity; Annotation method: Msp20260116160945_NCDK_conventional_converted_dev_1,False,False,280,0,0.00,1.00,null,null,null,-1.00,-1.00,-0.144,7891.95,P Carly Serum 3_GD1_01_66467,11294697,11982904,11014230,11810837,11525666.8888125,449185.167742081
281,13.343,786.60254,no MS2: Cer 51:12;O4|Cer 12:1;O2/39:11;O2,[M+H]+,null,1.00,False,11.046,786.60309,C51H79NO5,Cer_EOS,MLGJHRAHIPLDHN-UHFFFAOYSA-N,O=C(OCCC=CCC=CCC=CCC=CCCCC(=O)NC(CO)C(O)C=CCCCCCCC)CCC=CCC=CCC=CCC=CCC=CCC=CCC,530,False,True,False,Normalized unit: Intensity; Annotation method: Msp20260116160945_NCDK_conventional_converted_dev_1,False,False,281,0,0.00,1.00,null,null,null,-1.00,-1.00,-0.143,77424.23,P Carly Serum 1_GD1_01_66465,137138538,133572503,134308134,132988008,134501795.546531,1838935.70104711
282,13.343,786.75818,Unknown,[M+2H]2+,null,1.00,False,null,null,null,null,null,null,999,False,False,False,Normalized unit: Intensity,False,False,282,0,0.00,null,null,null,null,null,null,null,2820.53,P Carly Serum 1_GD1_01_66465,2176178,2113833,2123139,2111762,2131228.11857813,30372.3299407488
283,13.343,786.87836,Unknown,[M+H]+,null,1.00,False,null,null,null,null,null,null,999,False,False,False,Normalized unit: Intensity,False,False,283,0,0.00,null,null,null,null,null,null,null,2287.20,P Carly Serum 4_GD1_01_66468,2031767,1988586,2042532,2043352,2026559.4286875,25859.9137468645
284,13.352,787.01691,Unknown,[M+H]+,null,1.00,False,null,null,null,null,null,null,999,False,False,False,Normalized unit: Intensity,False,False,284,0,0.00,null,null,null,null,null,null,null,1512.58,P Carly Serum 4_GD1_01_66468,695684,681797,704383,713436,698824.879265626,13468.4914888703
285,15.863,787.67029,no MS2: SM 40:1;O2|SM 12:1;O2/28:0,[M+H]+,null,1.00,False,12.194,787.66882,C45H91N2O6P,SM,QHMKUNDEIJYLPC-UHFFFAOYSA-N,O=C(NC(COP(=O)([O-])OCC[N+](C)(C)C)C(O)C=CCCCCCCC)CCCCCCCCCCCCCCCCCCCCCCCCCCC,530,False,True,False,Normalized unit: Intensity; Annotation method: Msp20260116160945_NCDK_conventional_converted_dev_1,False,False,285,0,0.00,0.99,null,null,null,-1.00,-1.00,-0.150,11186.87,P Carly Serum 2_GD1_01_66466,18367326,17936829,18204974,18225305,18183608.7294531,179673.179415756
286,14.508,788.61682,no MS2: Cer 51:11;O4|Cer 12:1;O2/39:10;O2,[M+H]+,null,1.00,False,11.494,788.61877,C51H81NO5,Cer_EOS,UWYOHPVGSOMAKF-UHFFFAOYSA-N,O=C(OCCC=CCC=CCC=CCCCCCCC(=O)NC(CO)C(O)C=CCCCCCCC)CCC=CCC=CCC=CCC=CCC=CCC=CCC,530,False,True,False,Normalized unit: Intensity; Annotation method: Msp20260116160945_NCDK_conventional_converted_dev_1,False,False,286,0,0.00,1.00,null,null,null,-1.00,-1.00,-0.143,23882.18,P Carly Serum 4_GD1_01_66468,25559681,26168299,25032182,25215695,25493964.1849219,499907.602855198
287,14.512,789.29413,Unknown,[M+H]+,null,1.00,False,null,null,null,null,null,null,999,False,False,False,Normalized unit: Intensity,False,False,287,0,0.00,null,null,null,null,null,null,null,697.68,P Carly Serum 4_GD1_01_66468,288572,297596,308599,302234,299250.2595625,8427.561659234
288,7.671,790.56116,no MS2: TG 46:11;O|TG 8:1_16:4_22:6;O,[M+NH4]+,null,1.00,False,10.660,790.56158,C49H72O7,OxTG,ZWCXDEPCOBCXJV-UHFFFAOYSA-N,O=C(OCC(OC(=O)CCC=CCC=CCC=CCC=CCC)COC(=O)CCC=CCCC)CCC=CC=CC(O)CC=CCC=CCC=CCC=CCC,530,False,True,False,Normalized unit: Intensity; Annotation method: Msp20260116160945_NCDK_conventional_converted_dev_1,False,False,288,0,0.00,1.00,null,null,null,-1.00,-1.00,-0.144,351.10,P Carly Serum 4_GD1_01_66468,493470,493305,481383,490387,489636.25734375,5681.53687827991
289,11.949,790.57556,no MS2: PC O-38:7|PC O-10:0_28:7,[M+H]+,null,1.00,False,9.837,790.57452,C46H80NO7P,EtherPC,UUNPNPNQDISOCV-UHFFFAOYSA-N,O=C(OC(COCCCCCCCCCC)COP(=O)([O-])OCC[N+](C)(C)C)CCCCCC=CCC=CCC=CCC=CCC=CCC=CCC=CCC,530,False,True,False,Normalized unit: Intensity; Annotation method: Msp20260116160945_NCDK_conventional_converted_dev_1,False,False,289,0,0.00,1.00,null,null,null,-1.00,-1.00,-0.143,838.20,P Carly Serum 1_GD1_01_66465,798557,785016,795905,801437,795228.7379375,7173.67640913274
290,12.473,792.59070,no MS2: PC O-38:6|PC O-10:0_28:6,[M+H]+,null,1.00,False,10.050,792.59021,C46H82NO7P,EtherPC,LYVCXQZOQYYLAM-UHFFFAOYSA-N,O=C(OC(COCCCCCCCCCC)COP(=O)([O-])OCC[N+](C)(C)C)CCCCCCCCC=CCC=CCC=CCC=CCC=CCC=CCC,530,False,True,False,Normalized unit: Intensity; Annotation method: Msp20260116160945_NCDK_conventional_converted_dev_1,False,False,290,0,0.00,1.00,null,null,null,-1.00,-1.00,-0.143,1726.70,P Carly Serum 2_GD1_01_66466,1840695,1820005,1793205,1823572,1819369.06685938,19641.7992760786
291,12.191,792.59131,no MS2: PC O-38:6|PC O-10:0_28:6,[M+H]+,null,1.00,False,10.050,792.59021,C46H82NO7P,EtherPC,LYVCXQZOQYYLAM-UHFFFAOYSA-N,O=C(OC(COCCCCCCCCCC)COP(=O)([O-])OCC[N+](C)(C)C)CCCCCCCCC=CCC=CCC=CCC=CCC=CCC=CCC,530,False,True,False,Normalized unit: Intensity; Annotation method: Msp20260116160945_NCDK_conventional_converted_dev_1,False,False,291,0,0.00,1.00,null,null,null,-1.00,-1.00,-0.143,1280.66,P Carly Serum 2_GD1_01_66466,1070879,1054765,1084451,1076991,1071771.395375,12623.2888042721
292,12.693,792.62347,no MS2: SL 47:5;O2|SL 13:1;O/34:4;O,[M+H]+,null,0.25,False,12.690,792.61700,C47H85NO6S,SL,DHYFPDVKPGYSIG-UHFFFAOYSA-N,O=C(N(CC(O)C=CCCCCCCCC)CS(=O)(=O)O)C(O)CCCCCCCCCCCCCCCCCCCC=CCC=CCC=CCC=CCC,530,False,True,False,Normalized unit: Intensity; Annotation method: Msp20260116160945_NCDK_conventional_converted_dev_1,False,False,292,0,0.00,0.72,null,null,null,-1.00,-1.00,-0.285,356.39,P Carly Serum 4_GD1_01_66468,296883,277953,282600,296009,288361.39734375,9532.79952325978
293,19.863,792.70782,no MS2: TG 46:2|TG 8:0_8:0_30:2,[M+NH4]+,null,1.00,False,13.763,792.70758,C49H90O6,TG,VNWIDJKCIMPSPM-UHFFFAOYSA-N,O=C(OCC(OC(=O)CCCCCCC)COC(=O)CCCCCCCCCCCCCCCCCC=CCC=CCCCCCCC)CCCCCCC,530,False,True,False,Normalized unit: Intensity; Annotation method: Msp20260116160945_NCDK_conventional_converted_dev_1,False,False,293,0,0.00,1.00,null,null,null,-1.00,-1.00,-0.143,2667.37,P Carly Serum 4_GD1_01_66468,2210106,2150770,2183964,2200962,2186450.6570625,26137.0435122522
294,12.694,794.60687,no MS2: PC O-38:5|PC O-10:0_28:5,[M+H]+,null,1.00,False,10.330,794.60577,C46H84NO7P,EtherPC,XDRAHGUDUSFGRJ-UHFFFAOYSA-N,O=C(OC(COCCCCCCCCCC)COP(=O)([O-])OCC[N+](C)(C)C)CCCCCCCCCCCC=CCC=CCC=CCC=CCC=CCC,530,False,True,False,Normalized unit: Intensity; Annotation method: Msp20260116160945_NCDK_conventional_converted_dev_1,False,False,294,0,0.00,1.00,null,null,null,-1.00,-1.00,-0.143,6064.75,P Carly Serum 2_GD1_01_66466,7571277,7175660,7355451,7553263,7413912.96435938,186515.484254606
295,13.482,794.60693,no MS2: Cer 53:13;O4|Cer 12:1;O2/41:12;O2,[M+H-H2O]+,null,1.00,False,11.457,794.60822,C53H81NO5,Cer_EOS,YEVFKSXFLMDVFI-UHFFFAOYSA-N,O=C(OCCC=CCC=CCC=CCC=CCC=CCCC(=O)NC(CO)C(O)C=CCCCCCCC)CCC=CCC=CCC=CCC=CCC=CCC=CCC,530,False,True,False,Normalized unit: Intensity; Annotation method: Msp20260116160945_NCDK_conventional_converted_dev_1,False,False,295,0,0.00,1.00,null,null,null,-1.00,-1.00,-0.143,452.07,P Carly Serum 4_GD1_01_66468,599028,586525,589232,594755,592385.0989375,5598.64696051767
296,13.914,794.60754,no MS2: Cer 53:13;O4|Cer 12:1;O2/41:12;O2,[M+H-H2O]+,null,1.00,False,11.457,794.60822,C53H81NO5,Cer_EOS,YEVFKSXFLMDVFI-UHFFFAOYSA-N,O=C(OCCC=CCC=CCC=CCC=CCC=CCCC(=O)NC(CO)C(O)C=CCCCCCCC)CCC=CCC=CCC=CCC=CCC=CCC=CCC,530,False,True,False,Normalized unit: Intensity; Annotation method: Msp20260116160945_NCDK_conventional_converted_dev_1,False,False,296,0,0.00,1.00,null,null,null,-1.00,-1.00,-0.143,1411.06,P Carly Serum 1_GD1_01_66465,1726700,1705795,1677149,1729266,1709727.46476562,24129.1704457929
297,20.322,794.72260,no MS2: TG 46:1|TG 8:0_8:0_30:1,[M+NH4]+,null,1.00,False,14.163,794.72321,C49H92O6,TG,NMHMTWQHQHBCQY-UHFFFAOYSA-N,O=C(OCC(OC(=O)CCCCCCC)COC(=O)CCCCCCCCCCCCCCCCCCCC=CCCCCCCCC)CCCCCCC,530,False,True,False,Normalized unit: Intensity; Annotation method: Msp20260116160945_NCDK_conventional_converted_dev_1,False,False,297,0,0.00,1.00,null,null,null,-1.00,-1.00,-0.143,5517.24,P Carly Serum 2_GD1_01_66466,4472101,4411511,4394035,4458577,4434056.01507813,37232.0442563234
298,12.096,796.58582,no MS2: DMPE 38:4|DMPE 6:0_32:4,[M+H]+,null,1.00,False,9.585,796.58508,C45H82NO8P,DMPE,VRIKPFFYPTVQSF-UHFFFAOYSA-N,O=C(OCC(OC(=O)CCCCCCCCCCCCCCCCCCC=CCC=CCC=CCC=CCC)COP(=O)(O)OCCN(C)C)CCCCC,530,False,True,False,Normalized unit: Intensity; Annotation method: Msp20260116160945_NCDK_conventional_converted_dev_1,False,False,298,0,0.00,1.00,null,null,null,-1.00,-1.00,-0.143,357.90,P Carly Serum 2_GD1_01_66466,856345,821167,848168,852833,844628.16359375,15995.4998391471
299,12.356,796.58624,no MS2: DMPE 38:4|DMPE 6:0_32:4,[M+H]+,null,1.00,False,9.585,796.58508,C45H82NO8P,DMPE,VRIKPFFYPTVQSF-UHFFFAOYSA-N,O=C(OCC(OC(=O)CCCCCCCCCCCCCCCCCCC=CCC=CCC=CCC=CCC)COP(=O)(O)OCCN(C)C)CCCCC,530,False,True,False,Normalized unit: Intensity; Annotation method: Msp20260116160945_NCDK_conventional_converted_dev_1,False,False,299,0,0.00,1.00,null,null,null,-1.00,-1.00,-0.143,837.51,P Carly Serum 2_GD1_01_66466,1605944,1584815,1618322,1647798,1614219.9291875,26315.0848709891
300,13.353,796.62299,no MS2: Cer 53:12;O4|Cer 12:1;O2/41:11;O2,[M+H-H2O]+,null,0.25,False,11.719,796.62378,C53H83NO5,Cer_EOS,YDMGEUIMAAJUJM-UHFFFAOYSA-N,O=C(OCCC=CCC=CCC=CCC=CCCCCCC(=O)NC(CO)C(O)C=CCCCCCCC)CCC=CCC=CCC=CCC=CCC=CCC=CCC,530,False,True,False,Normalized unit: Intensity; Annotation method: Msp20260116160945_NCDK_conventional_converted_dev_1,False,False,300,0,0.00,1.00,null,null,null,-1.00,-1.00,-0.145,352.82,P Carly Serum 3_GD1_01_66467,757283,655610,762585,735022,727624.872046875,49472.9013521361
301,14.166,796.62366,no MS2: Cer 53:12;O4|Cer 12:1;O2/41:11;O2,[M+H-H2O]+,null,1.00,False,11.719,796.62378,C53H83NO5,Cer_EOS,YDMGEUIMAAJUJM-UHFFFAOYSA-N,O=C(OCCC=CCC=CCC=CCC=CCCCCCC(=O)NC(CO)C(O)C=CCCCCCCC)CCC=CCC=CCC=CCC=CCC=CCC=CCC,530,False,True,False,Normalized unit: Intensity; Annotation method: Msp20260116160945_NCDK_conventional_converted_dev_1,False,False,301,0,0.00,1.00,null,null,null,-1.00,-1.00,-0.143,2894.14,P Carly Serum 4_GD1_01_66468,3668513,3543004,3555929,3621312,3597189.23814063,58615.7813408631
302,13.715,796.62366,no MS2: Cer 53:12;O4|Cer 12:1;O2/41:11;O2,[M+Na]+,null,1.00,False,11.719,796.62378,C53H83NO5,Cer_EOS,YDMGEUIMAAJUJM-UHFFFAOYSA-N,O=C(OCCC=CCC=CCC=CCC=CCCCCCC(=O)NC(CO)C(O)C=CCCCCCCC)CCC=CCC=CCC=CCC=CCC=CCC=CCC,530,False,True,False,Normalized unit: Intensity; Annotation method: Msp20260116160945_NCDK_conventional_converted_dev_1,False,False,302,0,0.00,1.00,null,null,null,-1.00,-1.00,-0.143,292.29,P Carly Serum 1_GD1_01_66465,937109,922216,909365,920980,922417.711765625,11377.1283121974
303,20.798,796.73834,no MS2: TG 46:0|TG 8:0_8:0_30:0,[M+NH4]+,null,1.00,False,14.486,796.73889,C49H94O6,TG,RBULVXCVDAPDHO-UHFFFAOYSA-N,O=C(OCC(OC(=O)CCCCCCC)COC(=O)CCCCCCCCCCCCCCCCCCCCCCCCCCCCC)CCCCCCC,530,False,True,False,Normalized unit: Intensity; Annotation method: Msp20260116160945_NCDK_conventional_converted_dev_1,False,False,303,0,0.00,1.00,null,null,null,-1.00,-1.00,-0.143,5687.36,P Carly Serum 4_GD1_01_66468,3599887,3477731,3585987,3617227,3570207.95425,62962.0677287015
304,19.863,797.66333,no MS2: TG 46:2|TG 8:0_8:0_30:2,[M+Na]+,null,1.00,False,13.763,797.66302,C49H90O6,TG,VNWIDJKCIMPSPM-UHFFFAOYSA-N,O=C(OCC(OC(=O)CCCCCCC)COC(=O)CCCCCCCCCCCCCCCCCC=CCC=CCCCCCCC)CCCCCCC,530,False,True,False,Normalized unit: Intensity; Annotation method: Msp20260116160945_NCDK_conventional_converted_dev_1,False,False,304,0,0.00,1.00,null,null,null,-1.00,-1.00,-0.143,282.65,P Carly Serum 4_GD1_01_66468,596720,595720,595506,590689,594658.919718751,2698.91766117673
305,8.221,798.56519,no MS2: TG 48:13|TG 15:4_15:4_18:5,[M+NH4]+,null,1.00,False,12.087,798.56671,C51H72O6,TG,RLWVOESMQPXHOK-UHFFFAOYSA-N,O=C(OCC(OC(=O)CC=CCC=CCC=CCC=CCC)COC(=O)CC=CCC=CCC=CCC=CCC)CC=CCC=CCC=CCC=CCC=CCC,530,False,True,False,Normalized unit: Intensity; Annotation method: Msp20260116160945_NCDK_conventional_converted_dev_1,False,False,305,0,0.00,0.98,null,null,null,-1.00,-1.00,-0.152,723.51,P Carly Serum 4_GD1_01_66468,869804,892898,888285,931723,895677.651937499,26019.9216282121
306,8.611,798.56537,no MS2: TG 48:13|TG 15:4_15:4_18:5,[M+NH4]+,null,1.00,False,12.087,798.56671,C51H72O6,TG,RLWVOESMQPXHOK-UHFFFAOYSA-N,O=C(OCC(OC(=O)CC=CCC=CCC=CCC=CCC)COC(=O)CC=CCC=CCC=CCC=CCC)CC=CCC=CCC=CCC=CCC=CCC,530,False,True,False,Normalized unit: Intensity; Annotation method: Msp20260116160945_NCDK_conventional_converted_dev_1,False,False,306,0,0.00,0.99,null,null,null,-1.00,-1.00,-0.150,906.54,P Carly Serum 3_GD1_01_66467,1082982,1089423,1100742,1119601,1098187.013625,16052.7780576486
307,7.853,798.56586,no MS2: TG 48:13|TG 15:4_15:4_18:5,[M+NH4]+,null,1.00,False,12.087,798.56671,C51H72O6,TG,RLWVOESMQPXHOK-UHFFFAOYSA-N,O=C(OCC(OC(=O)CC=CCC=CCC=CCC=CCC)COC(=O)CC=CCC=CCC=CCC=CCC)CC=CCC=CCC=CCC=CCC=CCC,530,False,True,False,Normalized unit: Intensity; Annotation method: Msp20260116160945_NCDK_conventional_converted_dev_1,False,False,307,0,0.00,0.99,null,null,null,-1.00,-1.00,-0.146,688.66,P Carly Serum 4_GD1_01_66468,717644,712639,715344,721656,716820.910234375,3817.70198729862
308,6.659,798.58856,no MS2: AHexCer 42:6;O2|AHexCer (O-15:1)12:1;O2/15:4,[M+H-H2O]+,null,1.00,False,9.857,798.58783,C48H81NO9,AHexCer,OIPDOVMQYVEGLA-UHFFFAOYSA-N,O=C(OCC1OC(OCC(NC(=O)CC=CCC=CCC=CCC=CCC)C(O)C=CCCCCCCC)C(O)C(O)C1O)CCCCCCCC=CCCCCC,530,False,True,False,Normalized unit: Intensity; Annotation method: Msp20260116160945_NCDK_conventional_converted_dev_1,False,False,308,0,0.00,1.00,null,null,null,-1.00,-1.00,-0.143,1591.44,P Carly Serum 2_GD1_01_66466,1229710,1200196,1222761,1255069,1226933.87251563,22594.8286158878
309,13.005,798.60211,no MS2: Cer 52:13;O4|Cer 12:1;O2/40:12;O2,[M+H]+,null,1.00,False,10.709,798.60309,C52H79NO5,Cer_EOS,MDXNGOJHJBEEHA-UHFFFAOYSA-N,O=C(OCCC=CCC=CCC=CCC=CCC=CCC(=O)NC(CO)C(O)C=CCCCCCCC)CCC=CCC=CCC=CCC=CCC=CCC=CCC,530,False,True,False,Normalized unit: Intensity; Annotation method: Msp20260116160945_NCDK_conventional_converted_dev_1,False,False,309,0,0.00,1.00,null,null,null,-1.00,-1.00,-0.144,333.12,P Carly Serum 3_GD1_01_66467,767251,741176,768375,751464,757066.749015625,13108.4225483868
310,12.728,798.60358,no MS2: Cer 52:13;O4|Cer 12:1;O2/40:12;O2,[M+H]+,null,0.50,False,10.709,798.60309,C52H79NO5,Cer_EOS,MDXNGOJHJBEEHA-UHFFFAOYSA-N,O=C(OCCC=CCC=CCC=CCC=CCC=CCC(=O)NC(CO)C(O)C=CCCCCCCC)CCC=CCC=CCC=CCC=CCC=CCC=CCC,530,False,True,False,Normalized unit: Intensity; Annotation method: Msp20260116160945_NCDK_conventional_converted_dev_1,False,False,310,0,0.00,1.00,null,null,null,-1.00,-1.00,-0.144,330.52,P Carly Serum 3_GD1_01_66467,548061,543004,575240,551318,554405.812515625,14304.5345914217
311,15.404,799.67133,no MS2: SM 41:2;O2|SM 12:1;O2/29:1,[M+H]+,null,1.00,False,11.389,799.66882,C46H91N2O6P,SM,MUJUIOOFUNCSJZ-UHFFFAOYSA-N,O=C(NC(COP(=O)([O-])OCC[N+](C)(C)C)C(O)C=CCCCCCCC)CCCCCCCCCCCCCCC=CCCCCCCCCCCCC,530,False,True,False,Normalized unit: Intensity; Annotation method: Msp20260116160945_NCDK_conventional_converted_dev_1,False,False,311,0,0.00,0.99,null,null,null,-1.00,-1.00,-0.150,1499.34,P Carly Serum 2_GD1_01_66466,3668361,3520208,3635671,3613834,3609518.36182812,63616.9263710192
312,15.127,799.67163,no MS2: SM 41:2;O2|SM 12:1;O2/29:1,[M+H]+,null,1.00,False,11.389,799.66882,C46H91N2O6P,SM,MUJUIOOFUNCSJZ-UHFFFAOYSA-N,O=C(NC(COP(=O)([O-])OCC[N+](C)(C)C)C(O)C=CCCCCCCC)CCCCCCCCCCCCCCC=CCCCCCCCCCCCC,530,False,True,False,Normalized unit: Intensity; Annotation method: Msp20260116160945_NCDK_conventional_converted_dev_1,False,False,312,0,0.00,0.98,null,null,null,-1.00,-1.00,-0.151,346.50,P Carly Serum 2_GD1_01_66466,1812569,1769131,1804629,1820528,1801713.97315625,22671.0539158541
313,20.322,799.67834,no MS2: TG 46:1|TG 8:0_8:0_30:1,[M+Na]+,null,1.00,False,14.163,799.67859,C49H92O6,TG,NMHMTWQHQHBCQY-UHFFFAOYSA-N,O=C(OCC(OC(=O)CCCCCCC)COC(=O)CCCCCCCCCCCCCCCCCCCC=CCCCCCCCC)CCCCCCC,530,False,True,False,Normalized unit: Intensity; Annotation method: Msp20260116160945_NCDK_conventional_converted_dev_1,False,False,313,0,0.00,1.00,null,null,null,-1.00,-1.00,-0.143,140.52,P Carly Serum 4_GD1_01_66468,648743,632563,649506,654628,646360.019578125,9561.73456326176
314,14.148,800.61902,no MS2: Cer 52:12;O4|Cer 12:1;O2/40:11;O2,[M+H]+,null,1.00,False,11.080,800.61877,C52H81NO5,Cer_EOS,DJYFNPJBEQQTCT-UHFFFAOYSA-N,O=C(OCCC=CCC=CCC=CCC=CCCCCC(=O)NC(CO)C(O)C=CCCCCCCC)CCC=CCC=CCC=CCC=CCC=CCC=CCC,530,False,True,False,Normalized unit: Intensity; Annotation method: Msp20260116160945_NCDK_conventional_converted_dev_1,False,False,314,0,0.00,1.00,null,null,null,-1.00,-1.00,-0.143,125.75,P Carly Serum 4_GD1_01_66468,612698,594662,599928,605089,603094.296015625,7688.80989710748
315,16.503,801.68634,no MS2: SM 41:1;O2|SM 12:1;O2/29:0,[M+H]+,null,1.00,False,12.823,801.68439,C46H93N2O6P,SM,BLDDOFPGXMISDI-UHFFFAOYSA-N,O=C(NC(COP(=O)([O-])OCC[N+](C)(C)C)C(O)C=CCCCCCCC)CCCCCCCCCCCCCCCCCCCCCCCCCCCC,530,False,True,False,Normalized unit: Intensity; Annotation method: Msp20260116160945_NCDK_conventional_converted_dev_1,False,False,315,0,0.00,0.99,null,null,null,-1.00,-1.00,-0.149,3138.84,P Carly Serum 2_GD1_01_66466,7467642,7289493,7416859,7481797,7413947.76410936,87529.4144631694
316,8.953,802.59521,no MS2: RIKEN P-VS1 ID-11369 from Mouse_AdrenalGlands_fads2KO_N_Ctr,[M+H]+,null,1.00,False,8.110,802.59460,null,Unknown,null,null,530,False,True,False,Normalized unit: Intensity; Annotation method: Msp20260116160945_NCDK_conventional_converted_dev_1,False,False,316,0,0.00,1.00,null,null,null,-1.00,-1.00,-0.130,622.71,P Carly Serum 1_GD1_01_66465,668168,644096,657828,650575,655166.623265625,10323.7531446571
317,9.161,802.59674,no MS2: RIKEN P-VS1 ID-11369 from Mouse_AdrenalGlands_fads2KO_N_Ctr,[M+H]+,null,1.00,False,8.110,802.59460,null,Unknown,null,null,530,False,True,False,Normalized unit: Intensity; Annotation method: Msp20260116160945_NCDK_conventional_converted_dev_1,False,False,317,0,0.00,1.00,null,null,null,-1.00,-1.00,-0.130,565.09,P Carly Serum 1_GD1_01_66465,636477,637254,632059,641467,636814.05215625,3854.40347680863
318,11.741,802.60895,no MS2: RIKEN P-VS1 ID-11372 from Mouse_Feces_WT_N_Ctr,[M+H]+,null,1.00,False,3.780,802.61481,null,Unknown,null,null,530,False,True,False,Normalized unit: Intensity; Annotation method: Msp20260116160945_NCDK_conventional_converted_dev_1,False,False,318,0,0.00,0.79,null,null,null,-1.00,-1.00,-0.223,655.34,P Carly Serum 4_GD1_01_66468,1092489,1085507,1089853,1055447,1080823.73151563,17161.0641235541
319,6.659,803.54340,no MS2: RIKEN P-VS1 ID-11405 from Cell_C2C12_WT_N_4h10DHA,[M+H]+,null,1.00,False,7.370,803.53680,null,Unknown,null,null,530,False,True,False,Normalized unit: Intensity; Annotation method: Msp20260116160945_NCDK_conventional_converted_dev_1,False,False,319,0,0.00,0.73,null,null,null,-1.00,-1.00,-0.249,4961.84,P Carly Serum 2_GD1_01_66466,4550652,4410058,4480851,4485910,4481867.6468125,57460.6663439078
320,11.551,804.55176,no MS2: NAGlySer 43:12;O2|NAGlySer 19:5;O(FA 24:6),[M+NH4]+,null,1.00,False,8.425,804.55212,C48H70N2O7,NAGlySer,OGYJQVVOLIBTIU-UHFFFAOYSA-N,O=C(OC(C=CCC=CCC=CCC=CCC=CCC)CC(=O)NCC(=O)NC(C(=O)O)CO)CCCCC=CCC=CCC=CCC=CCC=CCC=CCC,530,False,True,False,Normalized unit: Intensity; Annotation method: Msp20260116160945_NCDK_conventional_converted_dev_1,False,False,320,0,0.00,1.00,null,null,null,-1.00,-1.00,-0.143,4073.36,P Carly Serum 2_GD1_01_66466,5093765,4943290,4940103,4973739,4987724.38959375,72301.3299001926
321,10.776,804.55243,no MS2: PC 36:4,[M+Na]+,null,1.00,False,9.134,804.55139,C44H80NO8P,PC,ROAWVQALUMGMDA-UHFFFAOYSA-N,O=C(OCC(OC(=O)CCCCCCCCCCCCCCCCC=CCC=CCC=CCC=CCC)COP(=O)([O-])OCC[N+](C)(C)C)CCCCC,530,False,True,False,Normalized unit: Intensity; Annotation method: Msp20260116160945_NCDK_conventional_converted_dev_1,False,False,321,0,0.00,1.00,null,null,null,-1.00,-1.00,-0.143,316.12,P Carly Serum 2_GD1_01_66466,419399,411034,423125,417387,417736.302,5061.22484975645
322,12.901,804.62384,no MS2: RIKEN P-VS1 ID-11454 from Mouse_Brain_WT_N_F1EPA,[M+H]+,null,1.00,False,11.100,804.62830,null,Unknown,null,null,530,False,True,False,Normalized unit: Intensity; Annotation method: Msp20260116160945_NCDK_conventional_converted_dev_1,False,False,322,0,0.00,0.91,null,null,null,-1.00,-1.00,-0.170,478.70,P Carly Serum 3_GD1_01_66467,581105,574190,571546,576331,575793.06815625,4046.40870918398
323,12.204,806.56799,no MS2: NAGlySer 43:11;O2|NAGlySer 15:4;O(FA 28:6),[M+NH4]+,null,1.00,False,8.463,806.56781,C48H72N2O7,NAGlySer,QESQZFHZPIQFIJ-UHFFFAOYSA-N,O=C(OC(C=CCC=CCC=CCC)C=CCC(=O)NCC(=O)NC(C(=O)O)CO)CCCCCCCCC=CCC=CCC=CCC=CCC=CCC=CCC,530,False,True,False,Normalized unit: Intensity; Annotation method: Msp20260116160945_NCDK_conventional_converted_dev_1,False,False,323,0,0.00,1.00,null,null,null,-1.00,-1.00,-0.143,2557.77,P Carly Serum 4_GD1_01_66468,2520737,2465798,2584477,2538224,2527309.09853125,49037.6329279815
324,11.932,806.56830,no MS2: PC 36:3,[M+Na]+,null,1.00,False,9.689,806.56702,C44H82NO8P,PC,WSXZDAPARWPHLV-UHFFFAOYSA-N,O=C(OCC(OC(=O)CCCCCCCCCCCCCCC=CCC=CCC=CCCCCCCC)COP(=O)([O-])OCC[N+](C)(C)C)CCCCC,530,False,True,False,Normalized unit: Intensity; Annotation method: Msp20260116160945_NCDK_conventional_converted_dev_1,False,False,324,0,0.00,1.00,null,null,null,-1.00,-1.00,-0.143,1219.66,P Carly Serum 2_GD1_01_66466,1376964,1381249,1380163,1414481,1388214.44282812,17605.3602598936
325,10.585,806.56915,no MS2: DMPE 39:6|DMPE 5:0_34:6,[M+H]+,null,1.00,False,9.378,806.56940,C46H80NO8P,DMPE,SEJOVQNZGAADLK-UHFFFAOYSA-N,O=C(OCC(OC(=O)CCCCCCCCCCCCCCC=CCC=CCC=CCC=CCC=CCC=CCC)COP(=O)(O)OCCN(C)C)CCCC,530,False,True,False,Normalized unit: Intensity; Annotation method: Msp20260116160945_NCDK_conventional_converted_dev_1,False,False,325,0,0.00,1.00,null,null,null,-1.00,-1.00,-0.143,3415.26,P Carly Serum 1_GD1_01_66465,4110607,4093987,4116952,4139722,4115316.97871876,18933.4069896029
326,11.239,806.56927,no MS2: DMPE 39:6|DMPE 5:0_34:6,[M+H]+,null,1.00,False,9.378,806.56940,C46H80NO8P,DMPE,SEJOVQNZGAADLK-UHFFFAOYSA-N,O=C(OCC(OC(=O)CCCCCCCCCCCCCCC=CCC=CCC=CCC=CCC=CCC=CCC)COP(=O)(O)OCCN(C)C)CCCC,530,False,True,False,Normalized unit: Intensity; Annotation method: Msp20260116160945_NCDK_conventional_converted_dev_1,False,False,326,0,0.00,1.00,null,null,null,-1.00,-1.00,-0.143,48175.13,P Carly Serum 2_GD1_01_66466,39570509,39941491,38561347,38938543,39252972.6419688,619703.799154104
327,11.239,806.72919,no MS2: TG 47:2|TG 8:0_8:1_31:1,[M+NH4]+,null,1.00,False,14.191,806.72321,C50H92O6,TG,YBQAFKGWHATJDV-UHFFFAOYSA-N,O=C(OCC(OC(=O)CCC=CCCC)COC(=O)CCCCCCCCCCCCCCCCCCC=CCCCCCCCCCC)CCCCCCC,530,False,True,False,Normalized unit: Intensity; Annotation method: Msp20260116160945_NCDK_conventional_converted_dev_1,False,False,327,0,0.00,0.85,null,null,null,-1.00,-1.00,-0.219,377.95,P Carly Serum 2_GD1_01_66466,385326,370341,378672,388106,380611.145921875,7908.43999867685
328,11.230,806.84540,Unknown,[M+H]+,null,1.00,False,null,null,null,null,null,null,999,False,False,False,Normalized unit: Intensity,False,False,328,0,0.00,null,null,null,null,null,null,null,644.95,P Carly Serum 3_GD1_01_66467,445430,435328,477228,452999,452746.40796875,17854.5372394083
329,14.616,807.63782,no MS2: RIKEN P-VS1 ID-11605 from Mouse_Brain_WT_N_F1AA,[M+Na]+,null,1.00,False,12.480,807.63660,null,Unknown,null,null,530,False,True,False,Normalized unit: Intensity; Annotation method: Msp20260116160945_NCDK_conventional_converted_dev_1,False,False,329,0,0.00,1.00,null,null,null,-1.00,-1.00,-0.129,322.11,P Carly Serum 2_GD1_01_66466,452287,437054,440564,462474,448094.58078125,11589.3689534661
330,19.759,807.71820,Unknown,[M+H]+,null,1.00,False,null,null,null,null,null,null,999,False,False,False,Normalized unit: Intensity,False,False,330,0,0.00,null,null,null,null,null,null,null,559.93,P Carly Serum 4_GD1_01_66468,563143,558884,566074,573971,565517.723031249,6361.84057504453
331,13.352,808.58398,no MS2: NAGlySer 43:10;O2|NAGlySer 15:3;O(FA 28:6),[M+NH4]+,null,1.00,False,8.251,808.58337,C48H74N2O7,NAGlySer,GBANVCZVXXRIAQ-UHFFFAOYSA-N,O=C(OC(C=CCC=CCC=CCC)CCCC(=O)NCC(=O)NC(C(=O)O)CO)CCCCCCCCC=CCC=CCC=CCC=CCC=CCC=CCC,530,False,True,False,Normalized unit: Intensity; Annotation method: Msp20260116160945_NCDK_conventional_converted_dev_1,False,False,331,0,0.00,1.00,null,null,null,-1.00,-1.00,-0.143,3898.43,P Carly Serum 2_GD1_01_66466,7053919,6900029,7002399,6813393,6942435.11323438,107198.175384848
332,12.200,808.58527,no MS2: DMPE 39:5|DMPE 5:0_34:5,[M+H]+,null,1.00,False,10.202,808.58508,C46H82NO8P,DMPE,BPZOUFRZDZCMRY-UHFFFAOYSA-N,O=C(OCC(OC(=O)CCCCCCCCCCCCCCCCCC=CCC=CCC=CCC=CCC=CCC)COP(=O)(O)OCCN(C)C)CCCC,530,False,True,False,Normalized unit: Intensity; Annotation method: Msp20260116160945_NCDK_conventional_converted_dev_1,False,False,332,0,0.00,1.00,null,null,null,-1.00,-1.00,-0.143,6529.89,P Carly Serum 2_GD1_01_66466,8925994,8646870,8773513,8835215,8795397.7085,117161.073388162
333,11.724,808.58582,no MS2: DMPE 39:5|DMPE 5:0_34:5,[M+H]+,null,1.00,False,10.202,808.58508,C46H82NO8P,DMPE,BPZOUFRZDZCMRY-UHFFFAOYSA-N,O=C(OCC(OC(=O)CCCCCCCCCCCCCCCCCC=CCC=CCC=CCC=CCC=CCC)COP(=O)(O)OCCN(C)C)CCCC,530,False,True,False,Normalized unit: Intensity; Annotation method: Msp20260116160945_NCDK_conventional_converted_dev_1,False,False,333,0,0.00,1.00,null,null,null,-1.00,-1.00,-0.145,13570.34,P Carly Serum 2_GD1_01_66466,16566407,16345420,16241247,15982599,16283918.217375,242347.143324678
334,20.582,808.73962,no MS2: TG 47:1|TG 8:0_8:0_31:1,[M+NH4]+,null,1.00,False,14.345,808.73889,C50H94O6,TG,BXESBGJPQKVTOD-UHFFFAOYSA-N,O=C(OCC(OC(=O)CCCCCCC)COC(=O)CCCCCCCCCCCCCCCCCCC=CCCCCCCCCCC)CCCCCCC,530,False,True,False,Normalized unit: Intensity; Annotation method: Msp20260116160945_NCDK_conventional_converted_dev_1,False,False,334,0,0.00,1.00,null,null,null,-1.00,-1.00,-0.143,453.98,P Carly Serum 1_GD1_01_66465,704446,689569,699617,703151,699195.998015625,6734.45253907591
335,13.347,809.58679,no MS2: RIKEN P-VS1 ID-11705 from Mouse_Macrophage_WT_N_F1AA,[M+H]+,null,1.00,False,9.880,809.58990,null,Unknown,null,null,530,False,True,False,Normalized unit: Intensity; Annotation method: Msp20260116160945_NCDK_conventional_converted_dev_1,False,False,335,0,0.00,0.97,null,null,null,-1.00,-1.00,-0.143,838.82,P Carly Serum 4_GD1_01_66468,3511062,3418569,3437137,3410284,3444263.15571875,45926.4139646044
336,15.863,809.65283,no MS2: SM 42:4;O2|SM 12:1;O2/30:3,[M+H]+,null,1.00,False,10.201,809.65308,C47H89N2O6P,SM,BPIDPBMVWUMKNC-UHFFFAOYSA-N,O=C(NC(COP(=O)([O-])OCC[N+](C)(C)C)C(O)C=CCCCCCCC)CCCCCCCCCCCCCCC=CCC=CCC=CCCCCCCC,530,False,True,False,Normalized unit: Intensity; Annotation method: Msp20260116160945_NCDK_conventional_converted_dev_1,False,False,336,0,0.00,1.00,null,null,null,-1.00,-1.00,-0.143,280.56,P Carly Serum 1_GD1_01_66465,1027382,1011031,1024328,1033524,1024066.44634375,9494.26344196661
337,13.352,809.65546,no MS2: SM 42:4;O2|SM 12:1;O2/30:3,[M+H]+,null,1.00,False,10.201,809.65308,C47H89N2O6P,SM,BPIDPBMVWUMKNC-UHFFFAOYSA-N,O=C(NC(COP(=O)([O-])OCC[N+](C)(C)C)C(O)C=CCCCCCCC)CCCCCCCCCCCCCCC=CCC=CCC=CCCCCCCC,530,False,True,False,Normalized unit: Intensity; Annotation method: Msp20260116160945_NCDK_conventional_converted_dev_1,False,False,337,0,0.00,0.99,null,null,null,-1.00,-1.00,-0.150,743.62,P Carly Serum 2_GD1_01_66466,1020059,1007559,1024583,993460,1011415.39770313,13968.5734392969
338,20.279,809.73492,Unknown,[M+H]+,null,1.00,False,null,null,null,null,null,null,999,False,False,False,Normalized unit: Intensity,False,False,338,0,0.00,null,null,null,null,null,null,null,518.41,P Carly Serum 2_GD1_01_66466,486547,502098,494608,493669,494230.426781249,6361.33229015166
339,14.512,810.60077,no MS2: DMPE 39:4|DMPE 5:0_34:4,[M+Na]+,null,1.00,False,10.938,810.60071,C46H84NO8P,DMPE,YZBROJFPJKNUJO-UHFFFAOYSA-N,O=C(OCC(OC(=O)CCCCCCCCCCCCCCCCCCCCC=CCC=CCC=CCC=CCC)COP(=O)(O)OCCN(C)C)CCCC,530,False,True,False,Normalized unit: Intensity; Annotation method: Msp20260116160945_NCDK_conventional_converted_dev_1,False,False,339,0,0.00,1.00,null,null,null,-1.00,-1.00,-0.143,252.41,P Carly Serum 3_GD1_01_66467,1078914,1049186,1094391,1062760,1071312.86975,19605.4111850785
340,13.161,810.60175,no MS2: Cer 53:14;O4|Cer 12:2;O2/41:12;O2,[M+H]+,null,1.00,False,11.258,810.60309,C53H79NO5,Cer_EOS,YORWMDJEVOZALX-UHFFFAOYSA-N,O=C(OCCC=CCC=CCC=CCC=CCC=CCCC(=O)NC(CO)C(O)C=CCCC=CCCC)CCC=CCC=CCC=CCC=CCC=CCC=CCC,530,False,True,False,Normalized unit: Intensity; Annotation method: Msp20260116160945_NCDK_conventional_converted_dev_1,False,False,340,0,0.00,1.00,null,null,null,-1.00,-1.00,-0.143,18761.06,P Carly Serum 3_GD1_01_66467,74975042,74909139,73605337,73803334,74323212.7719999,719678.177063369
341,12.399,810.60193,no MS2: DMPE 39:4|DMPE 5:0_34:4,[M+H]+,null,1.00,False,10.938,810.60071,C46H84NO8P,DMPE,YZBROJFPJKNUJO-UHFFFAOYSA-N,O=C(OCC(OC(=O)CCCCCCCCCCCCCCCCCCCCC=CCC=CCC=CCC=CCC)COP(=O)(O)OCCN(C)C)CCCC,530,False,True,False,Normalized unit: Intensity; Annotation method: Msp20260116160945_NCDK_conventional_converted_dev_1,False,False,341,0,0.00,1.00,null,null,null,-1.00,-1.00,-0.143,646.47,P Carly Serum 2_GD1_01_66466,4340532,4309866,4224092,4343343,4304458.43584375,55681.4492316761
342,12.728,810.60199,no MS2: Cer 53:14;O4|Cer 12:2;O2/41:12;O2,[M+H]+,null,1.00,False,11.258,810.60309,C53H79NO5,Cer_EOS,YORWMDJEVOZALX-UHFFFAOYSA-N,O=C(OCCC=CCC=CCC=CCC=CCC=CCCC(=O)NC(CO)C(O)C=CCCC=CCCC)CCC=CCC=CCC=CCC=CCC=CCC=CCC,530,False,True,False,Normalized unit: Intensity; Annotation method: Msp20260116160945_NCDK_conventional_converted_dev_1,False,False,342,0,0.00,1.00,null,null,null,-1.00,-1.00,-0.143,1105.20,P Carly Serum 3_GD1_01_66467,6698102,6690542,6474829,6760543,6656004.00764063,124790.444787385
343,21.036,810.75531,no MS2: TG 47:0|TG 8:0_8:0_31:0,[M+NH4]+,null,1.00,False,14.599,810.75452,C50H96O6,TG,PYDYTVPPCAOBMK-UHFFFAOYSA-N,O=C(OCC(OC(=O)CCCCCCC)COC(=O)CCCCCCCCCCCCCCCCCCCCCCCCCCCCCC)CCCCCCC,530,False,True,False,Normalized unit: Intensity; Annotation method: Msp20260116160945_NCDK_conventional_converted_dev_1,False,False,343,0,0.00,1.00,null,null,null,-1.00,-1.00,-0.143,139.46,P Carly Serum 3_GD1_01_66467,574081,561352,571376,580641,571862.54459375,8014.47785792648
344,13.161,810.76111,no MS2: TG 47:0|TG 8:0_8:0_31:0,[M+NH4]+,null,1.00,False,14.599,810.75452,C50H96O6,TG,PYDYTVPPCAOBMK-UHFFFAOYSA-N,O=C(OCC(OC(=O)CCCCCCC)COC(=O)CCCCCCCCCCCCCCCCCCCCCCCCCCCCCC)CCCCCCC,530,False,True,False,Normalized unit: Intensity; Annotation method: Msp20260116160945_NCDK_conventional_converted_dev_1,False,False,344,0,0.00,0.78,null,null,null,-1.00,-1.00,-0.252,1357.25,P Carly Serum 2_GD1_01_66466,1094882,1064804,1071541,1094707,1081483.62207812,15614.2612990576
345,13.161,810.88141,Unknown,[M+H]+,null,1.00,False,null,null,null,null,null,null,999,False,False,False,Normalized unit: Intensity,False,False,345,0,0.00,null,null,null,null,null,null,null,1565.26,P Carly Serum 3_GD1_01_66467,1050463,1040104,1085031,1081120,1064179.74196875,22282.7857053739
346,14.620,811.66949,no MS2: RIKEN P-VS1 ID-11829 from Blank,[M+H]+,null,1.00,False,9.290,811.67230,null,Unknown,null,null,530,False,True,False,Normalized unit: Intensity; Annotation method: Msp20260116160945_NCDK_conventional_converted_dev_1,False,False,346,0,0.00,0.98,null,null,null,-1.00,-1.00,-0.136,6034.20,P Carly Serum 4_GD1_01_66468,15735945,16076664,15872550,15879863,15891255.6291094,140210.751157127
347,13.161,812.29303,Unknown,[M+H]+,null,1.00,False,null,null,null,null,null,null,999,False,False,False,Normalized unit: Intensity,False,False,347,0,0.00,null,null,null,null,null,null,null,1703.93,P Carly Serum 3_GD1_01_66467,759489,748216,766518,758990,758303.344046874,7552.42157750709
348,13.434,812.61731,no MS2: DMPE 39:3|DMPE 5:0_34:3,[M+H]+,null,1.00,False,11.616,812.61639,C46H86NO8P,DMPE,PWBLIPDTDTZCDQ-UHFFFAOYSA-N,O=C(OCC(OC(=O)CCCCCCCCCCCCCCCCCCC=CCC=CCC=CCCCCCCC)COP(=O)(O)OCCN(C)C)CCCC,530,False,True,False,Normalized unit: Intensity; Annotation method: Msp20260116160945_NCDK_conventional_converted_dev_1,False,False,348,0,0.00,1.00,null,null,null,-1.00,-1.00,-0.143,606.29,P Carly Serum 2_GD1_01_66466,1947876,1855508,1932251,1879231,1903716.59667188,43542.4410951377
349,13.806,812.61798,no MS2: Cer 53:13;O4|Cer 12:1;O2/41:12;O2,[M+H]+,null,1.00,False,11.457,812.61877,C53H81NO5,Cer_EOS,YEVFKSXFLMDVFI-UHFFFAOYSA-N,O=C(OCCC=CCC=CCC=CCC=CCC=CCCC(=O)NC(CO)C(O)C=CCCCCCCC)CCC=CCC=CCC=CCC=CCC=CCC=CCC,530,False,True,False,Normalized unit: Intensity; Annotation method: Msp20260116160945_NCDK_conventional_converted_dev_1,False,False,349,0,0.00,1.00,null,null,null,-1.00,-1.00,-0.145,11271.04,P Carly Serum 1_GD1_01_66465,31912729,30937765,30691308,31681650,31305862.9331563,583859.677600182
350,14.270,812.61914,no MS2: Cer 53:13;O4|Cer 12:1;O2/41:12;O2,[M+H]+,null,1.00,False,11.457,812.61877,C53H81NO5,Cer_EOS,YEVFKSXFLMDVFI-UHFFFAOYSA-N,O=C(OCCC=CCC=CCC=CCC=CCC=CCCC(=O)NC(CO)C(O)C=CCCCCCCC)CCC=CCC=CCC=CCC=CCC=CCC=CCC,530,False,True,False,Normalized unit: Intensity; Annotation method: Msp20260116160945_NCDK_conventional_converted_dev_1,False,False,350,0,0.00,1.00,null,null,null,-1.00,-1.00,-0.143,304.25,P Carly Serum 4_GD1_01_66468,859627,842844,863510,867176,858289.283374999,10748.2197050115
351,13.811,813.30493,Unknown,[M+H]+,null,1.00,False,null,null,null,null,null,null,999,False,False,False,Normalized unit: Intensity,False,False,351,0,0.00,null,null,null,null,null,null,null,983.41,P Carly Serum 4_GD1_01_66468,448722,441846,455233,471212,454252.798625,12557.8126099558
352,15.845,813.68561,no MS2: SM 42:2;O2|SM 12:1;O2/30:1,[M+H]+,null,1.00,False,12.174,813.68439,C47H93N2O6P,SM,OQOXDFBSXXNVGR-UHFFFAOYSA-N,O=C(NC(COP(=O)([O-])OCC[N+](C)(C)C)C(O)C=CCCCCCCC)CCCCCCCCCCCCCCCCCCCC=CCCCCCCCC,530,False,True,False,Normalized unit: Intensity; Annotation method: Msp20260116160945_NCDK_conventional_converted_dev_1,False,False,352,0,0.00,0.99,null,null,null,-1.00,-1.00,-0.148,12981.69,P Carly Serum 2_GD1_01_66466,24031432,24178575,23712531,24167551,24022522.3206875,217224.903855171
353,16.105,813.68597,no MS2: SM 42:2;O2|SM 12:1;O2/30:1,[M+H]+,null,1.00,False,12.174,813.68439,C47H93N2O6P,SM,OQOXDFBSXXNVGR-UHFFFAOYSA-N,O=C(NC(COP(=O)([O-])OCC[N+](C)(C)C)C(O)C=CCCCCCCC)CCCCCCCCCCCCCCCCCCCC=CCCCCCCCC,530,False,True,False,Normalized unit: Intensity; Annotation method: Msp20260116160945_NCDK_conventional_converted_dev_1,False,False,353,0,0.00,0.99,null,null,null,-1.00,-1.00,-0.149,4464.69,P Carly Serum 2_GD1_01_66466,7946937,7986928,8098463,8301239,8083391.70631249,158755.324853857
354,15.845,814.37360,Unknown,[M+H]+,null,1.00,False,null,null,null,null,null,null,999,False,False,False,Normalized unit: Intensity,False,False,354,0,0.00,null,null,null,null,null,null,null,989.43,P Carly Serum 3_GD1_01_66467,386386,372826,396134,395081,387606.854,10778.7082580674
355,14.772,814.63416,no MS2: Cer 53:12;O4|Cer 12:1;O2/41:11;O2,[M+H]+,null,1.00,False,11.719,814.63440,C53H83NO5,Cer_EOS,YDMGEUIMAAJUJM-UHFFFAOYSA-N,O=C(OCCC=CCC=CCC=CCC=CCCCCCC(=O)NC(CO)C(O)C=CCCCCCCC)CCC=CCC=CCC=CCC=CCC=CCC=CCC,530,False,True,False,Normalized unit: Intensity; Annotation method: Msp20260116160945_NCDK_conventional_converted_dev_1,False,False,355,0,0.00,1.00,null,null,null,-1.00,-1.00,-0.143,1708.21,P Carly Serum 4_GD1_01_66468,2951297,2940518,2933318,3143453,2992146.72926562,101141.23402209
356,16.336,815.70093,no MS2: SM 42:1;O2|SM 12:1;O2/30:0,[M+H]+,null,0.75,False,13.070,815.70007,C47H95N2O6P,SM,SJKQWVPGRUTFNL-UHFFFAOYSA-N,O=C(NC(COP(=O)([O-])OCC[N+](C)(C)C)C(O)C=CCCCCCCC)CCCCCCCCCCCCCCCCCCCCCCCCCCCCC,530,False,True,False,Normalized unit: Intensity; Annotation method: Msp20260116160945_NCDK_conventional_converted_dev_1,False,False,356,0,0.00,0.99,null,null,null,-1.00,-1.00,-0.146,528.18,P Carly Serum 1_GD1_01_66465,536789,468128,518786,520430,511033.254468752,29735.766909707
357,17.058,815.70190,no MS2: SM 42:1;O2|SM 12:1;O2/30:0,[M+H]+,null,1.00,False,13.070,815.70007,C47H95N2O6P,SM,SJKQWVPGRUTFNL-UHFFFAOYSA-N,O=C(NC(COP(=O)([O-])OCC[N+](C)(C)C)C(O)C=CCCCCCCC)CCCCCCCCCCCCCCCCCCCCCCCCCCCCC,530,False,True,False,Normalized unit: Intensity; Annotation method: Msp20260116160945_NCDK_conventional_converted_dev_1,False,False,357,0,0.00,0.99,null,null,null,-1.00,-1.00,-0.146,14630.42,P Carly Serum 3_GD1_01_66467,11794606,11557939,11561572,11758454,11668142.6807031,126030.672005999
358,11.741,816.62415,no MS2: RIKEN P-VS1 ID-12036 from Mouse_Macrophage_WT_N_F1,[M+H]+,null,1.00,False,9.130,816.62610,null,Unknown,null,null,530,False,True,False,Normalized unit: Intensity; Annotation method: Msp20260116160945_NCDK_conventional_converted_dev_1,False,False,358,0,0.00,0.98,null,null,null,-1.00,-1.00,-0.137,8425.53,P Carly Serum 4_GD1_01_66468,12343349,12270698,12496786,12157696,12317132.4368906,142055.331316412
359,19.443,816.70795,no MS2: SE 24:1;O4/27:1;O,[M+NH4]+,null,1.00,False,13.660,816.70758,C51H90O6,DCAE,KETQVFQTNGVDNW-UHFFFAOYSA-N,O=C(O)CCC(C)C1CCC2C3CCC4CC(OC(=O)CCCCCCCC(O)CCCCCCCCC=CCCCCCCCC)CCC4(C)C3CC(O)C12C,530,False,True,False,Normalized unit: Intensity; Annotation method: Msp20260116160945_NCDK_conventional_converted_dev_1,False,False,359,0,0.00,1.00,null,null,null,-1.00,-1.00,-0.143,739.36,P Carly Serum 2_GD1_01_66466,812928,810539,829338,851364,826042.337921875,18836.0787080472
360,12.347,818.60669,no MS2: PC O-40:7|PC O-12:0_28:7,[M+Na]+,null,1.00,False,9.720,818.60577,C48H84NO7P,EtherPC,VQFHSIDWVIVATB-UHFFFAOYSA-N,O=C(OC(COCCCCCCCCCCCC)COP(=O)([O-])OCC[N+](C)(C)C)CCCCCC=CCC=CCC=CCC=CCC=CCC=CCC=CCC,530,False,True,False,Normalized unit: Intensity; Annotation method: Msp20260116160945_NCDK_conventional_converted_dev_1,False,False,360,0,0.00,1.00,null,null,null,-1.00,-1.00,-0.144,506.14,P Carly Serum 2_GD1_01_66466,656224,634835,624307,646215,640395.030921875,13834.4542211345
361,12.901,818.63940,no MS2: RIKEN P-VS1 ID-12124 from Mouse_Brain_WT_N_F1AA,[M+H]+,null,1.00,False,11.750,818.64038,null,Unknown,null,null,530,False,True,False,Normalized unit: Intensity; Annotation method: Msp20260116160945_NCDK_conventional_converted_dev_1,False,False,361,0,0.00,1.00,null,null,null,-1.00,-1.00,-0.129,6289.67,P Carly Serum 3_GD1_01_66467,6740740,6538819,6520528,6601366,6600363.21190625,99779.7022911904
362,19.915,818.72260,no MS2: SE 24:1;O4/27:0;O,[M+NH4]+,null,1.00,False,13.837,818.72321,C51H92O6,DCAE,VFKXZTNFVYAFDK-UHFFFAOYSA-N,O=C(O)CCC(C)C1CCC2C3CCC4CC(OC(=O)CCCCCCCC(O)CCCCCCCCCCCCCCCCCC)CCC4(C)C3CC(O)C12C,530,False,True,False,Normalized unit: Intensity; Annotation method: Msp20260116160945_NCDK_conventional_converted_dev_1,False,False,362,0,0.00,1.00,null,null,null,-1.00,-1.00,-0.144,3911.84,P Carly Serum 1_GD1_01_66465,4157088,4046734,4065330,4231203,4125088.59796875,85624.8833084568
363,12.036,820.58551,no MS2: DMPE 40:6|DMPE 6:0_34:6,[M+H]+,null,1.00,False,9.619,820.58508,C47H82NO8P,DMPE,QQOCPYLCTDSPDU-UHFFFAOYSA-N,O=C(OCC(OC(=O)CCCCCCCCCCCCCCC=CCC=CCC=CCC=CCC=CCC=CCC)COP(=O)(O)OCCN(C)C)CCCCC,530,False,True,False,Normalized unit: Intensity; Annotation method: Msp20260116160945_NCDK_conventional_converted_dev_1,False,False,363,0,0.00,1.00,null,null,null,-1.00,-1.00,-0.144,360.80,P Carly Serum 2_GD1_01_66466,386616,391614,381860,389380,387367.479609375,4202.17954777585
364,13.806,820.62347,no MS2: Cer 55:14;O4|Cer 12:2;O2/43:12;O2,[M+H-H2O]+,null,1.00,False,11.301,820.62378,C55H83NO5,Cer_EOS,BAZIKPVUPCOOKC-UHFFFAOYSA-N,O=C(OCCC=CCC=CCC=CCC=CCC=CCCCCC(=O)NC(CO)C(O)C=CCCC=CCCC)CCC=CCC=CCC=CCC=CCC=CCC=CCC,530,False,True,False,Normalized unit: Intensity; Annotation method: Msp20260116160945_NCDK_conventional_converted_dev_1,False,False,364,0,0.00,1.00,null,null,null,-1.00,-1.00,-0.143,273.03,P Carly Serum 4_GD1_01_66468,498712,488141,555857,504704,511853.3848125,30124.6377011351
365,20.400,820.73846,no MS2: TG 48:2|TG 8:0_8:0_32:2,[M+NH4]+,null,1.00,False,14.167,820.73889,C51H94O6,TG,XJRNFRCYKQXMGQ-UHFFFAOYSA-N,O=C(OCC(OC(=O)CCCCCCC)COC(=O)CCCCCCCCCCCCCCCCCCCC=CCC=CCCCCCCC)CCCCCCC,530,False,True,False,Normalized unit: Intensity; Annotation method: Msp20260116160945_NCDK_conventional_converted_dev_1,False,False,365,0,0.00,1.00,null,null,null,-1.00,-1.00,-0.143,12855.25,P Carly Serum 4_GD1_01_66468,13919843,13441593,13853229,13997618,13803070.8643906,248103.631913566
366,8.555,822.56543,no MS2: RIKEN P-VS1 ID-12270 from Mouse_Kidney_WT_N_F1AA,[M+H]+,null,1.00,False,9.550,822.56042,null,Unknown,null,null,530,False,True,False,Normalized unit: Intensity; Annotation method: Msp20260116160945_NCDK_conventional_converted_dev_1,False,False,366,0,0.00,0.90,null,null,null,-1.00,-1.00,-0.174,506.30,P Carly Serum 2_GD1_01_66466,486812,487884,498263,496835,492448.61384375,5934.36305154548
367,14.235,822.63916,no MS2: Cer 55:13;O4|Cer 12:1;O2/43:12;O2,[M+H-H2O]+,null,1.00,False,12.060,822.63953,C55H85NO5,Cer_EOS,XYOJGTCOSLTDQK-UHFFFAOYSA-N,O=C(OCCC=CCC=CCC=CCC=CCC=CCCCCC(=O)NC(CO)C(O)C=CCCCCCCC)CCC=CCC=CCC=CCC=CCC=CCC=CCC,530,False,True,False,Normalized unit: Intensity; Annotation method: Msp20260116160945_NCDK_conventional_converted_dev_1,False,False,367,0,0.00,1.00,null,null,null,-1.00,-1.00,-0.143,427.52,P Carly Serum 4_GD1_01_66468,776222,764166,783991,760740,771279.628640625,10765.8181421978
368,20.833,822.75464,no MS2: TG 48:1|TG 8:0_8:0_32:1,[M+NH4]+,null,1.00,False,14.440,822.75452,C51H96O6,TG,HWMSPIVEAFDGBF-UHFFFAOYSA-N,O=C(OCC(OC(=O)CCCCCCC)COC(=O)CCCCCCCCCCCCCCCCCCCCCC=CCCCCCCCC)CCCCCCC,530,False,True,False,Normalized unit: Intensity; Annotation method: Msp20260116160945_NCDK_conventional_converted_dev_1,False,False,368,0,0.00,1.00,null,null,null,-1.00,-1.00,-0.143,18441.75,P Carly Serum 1_GD1_01_66465,18738494,18107999,18322669,18334587,18375937.3689844,263176.334562763
369,19.915,823.67828,no MS2: TG 48:3|TG 8:0_8:0_32:3,[M+Na]+,null,1.00,False,13.957,823.67859,C51H92O6,TG,SVUUFERWFZNDEK-UHFFFAOYSA-N,O=C(OCC(OC(=O)CCCCCCC)COC(=O)CCCCCCCCCCCCCCCCC=CCC=CCC=CCCCCCCC)CCCCCCC,530,False,True,False,Normalized unit: Intensity; Annotation method: Msp20260116160945_NCDK_conventional_converted_dev_1,False,False,369,0,0.00,1.00,null,null,null,-1.00,-1.00,-0.143,258.45,P Carly Serum 3_GD1_01_66467,1021907,1002396,1035082,1037719,1024276.08509375,16143.3971201508
370,15.707,824.65460,no MS2: RIKEN P-VS1 ID-12386 from Mouse_Brain_WT_N_F1DHA,[M+H]+,null,1.00,False,12.680,824.65350,null,Unknown,null,null,530,False,True,False,Normalized unit: Intensity; Annotation method: Msp20260116160945_NCDK_conventional_converted_dev_1,False,False,370,0,0.00,0.99,null,null,null,-1.00,-1.00,-0.133,151.67,P Carly Serum 3_GD1_01_66467,563512,551306,581733,565049,565399.848828125,12504.2927796656
371,21.262,824.76953,no MS2: TG 48:0|TG 8:0_8:0_32:0,[M+NH4]+,null,1.00,False,14.998,824.77020,C51H98O6,TG,JZFABHSXSAWMSE-UHFFFAOYSA-N,O=C(OCC(OC(=O)CCCCCCC)COC(=O)CCCCCCCCCCCCCCCCCCCCCCCCCCCCCCC)CCCCCCC,530,False,True,False,Normalized unit: Intensity; Annotation method: Msp20260116160945_NCDK_conventional_converted_dev_1,False,False,371,0,0.00,1.00,null,null,null,-1.00,-1.00,-0.143,9904.04,P Carly Serum 4_GD1_01_66468,6918399,6755927,6915821,6935016,6881290.63573436,84007.6056147553
372,20.383,825.69440,no MS2: TG 48:2|TG 8:0_8:0_32:2,[M+Na]+,null,1.00,False,14.167,825.69427,C51H94O6,TG,XJRNFRCYKQXMGQ-UHFFFAOYSA-N,O=C(OCC(OC(=O)CCCCCCC)COC(=O)CCCCCCCCCCCCCCCCCCCC=CCC=CCCCCCCC)CCCCCCC,530,False,True,False,Normalized unit: Intensity; Annotation method: Msp20260116160945_NCDK_conventional_converted_dev_1,False,False,372,0,0.00,1.00,null,null,null,-1.00,-1.00,-0.143,2180.73,P Carly Serum 4_GD1_01_66468,1604849,1590484,1588533,1618768,1600658.45664062,14095.3717745263
373,9.177,826.59601,no MS2: TG 50:13|TG 15:4_15:4_20:5,[M+NH4]+,null,0.25,False,12.134,826.59802,C53H76O6,TG,CKZLXIHGFRGPRX-UHFFFAOYSA-N,O=C(OCC(OC(=O)CC=CCC=CCC=CCC=CCC)COC(=O)CCCC=CCC=CCC=CCC=CCC=CCC)CC=CCC=CCC=CCC=CCC,530,False,True,False,Normalized unit: Intensity; Annotation method: Msp20260116160945_NCDK_conventional_converted_dev_1,False,False,373,0,0.00,0.97,null,null,null,-1.00,-1.00,-0.157,169.96,P Carly Serum 4_GD1_01_66468,439755,438729,431380,441460,437831.099015625,4445.67913329038
374,9.593,826.59637,no MS2: TG 50:13|TG 15:4_15:4_20:5,[M+NH4]+,null,0.25,False,12.134,826.59802,C53H76O6,TG,CKZLXIHGFRGPRX-UHFFFAOYSA-N,O=C(OCC(OC(=O)CC=CCC=CCC=CCC=CCC)COC(=O)CCCC=CCC=CCC=CCC=CCC=CCC)CC=CCC=CCC=CCC=CCC,530,False,True,False,Normalized unit: Intensity; Annotation method: Msp20260116160945_NCDK_conventional_converted_dev_1,False,False,374,0,0.00,0.98,null,null,null,-1.00,-1.00,-0.153,185.93,P Carly Serum 4_GD1_01_66468,474016,470474,482164,453103,469939.28596875,12245.0618198141
375,10.031,826.59686,no MS2: TG 50:13|TG 15:4_15:4_20:5,[M+NH4]+,null,1.00,False,12.134,826.59802,C53H76O6,TG,CKZLXIHGFRGPRX-UHFFFAOYSA-N,O=C(OCC(OC(=O)CC=CCC=CCC=CCC=CCC)COC(=O)CCCC=CCC=CCC=CCC=CCC=CCC)CC=CCC=CCC=CCC=CCC,530,False,True,False,Normalized unit: Intensity; Annotation method: Msp20260116160945_NCDK_conventional_converted_dev_1,False,False,375,0,0.00,0.99,null,null,null,-1.00,-1.00,-0.148,215.54,P Carly Serum 4_GD1_01_66468,596868,611037,606042,625977,609980.912312501,12171.6498144325
376,11.551,826.60760,no MS2: SL 50:9;O2|SL 16:3;O/34:6;O,[M+H]+,null,1.00,False,11.709,826.60138,C50H83NO6S,SL,XWFDEAWGAPVDRQ-UHFFFAOYSA-N,O=C(N(CC(O)C=CCCC=CCCC=CCCC)CS(=O)(=O)O)C(O)CCCCCCCCCCCCCC=CCC=CCC=CCC=CCC=CCC=CCC,530,False,True,False,Normalized unit: Intensity; Annotation method: Msp20260116160945_NCDK_conventional_converted_dev_1,False,False,376,0,0.00,0.75,null,null,null,-1.00,-1.00,-0.266,284.28,P Carly Serum 1_GD1_01_66465,667868,650764,649388,654410,655607.294296875,8443.85212962061
377,16.231,827.70197,no MS2: SM 43:2;O2|SM 12:1;O2/31:1,[M+H]+,null,1.00,False,12.985,827.70007,C48H95N2O6P,SM,VKNUJKMHSZNGMX-UHFFFAOYSA-N,O=C(NC(COP(=O)([O-])OCC[N+](C)(C)C)C(O)C=CCCCCCCC)CCCCCCCCCCCCCCCCCCC=CCCCCCCCCCC,530,False,True,False,Normalized unit: Intensity; Annotation method: Msp20260116160945_NCDK_conventional_converted_dev_1,False,False,377,0,0.00,0.99,null,null,null,-1.00,-1.00,-0.149,838.58,P Carly Serum 1_GD1_01_66465,612763,605805,612366,625707,614160.462781248,8332.5445911576
378,20.816,827.71014,no MS2: TG 48:1|TG 8:0_8:0_32:1,[M+Na]+,null,1.00,False,14.440,827.70990,C51H96O6,TG,HWMSPIVEAFDGBF-UHFFFAOYSA-N,O=C(OCC(OC(=O)CCCCCCC)COC(=O)CCCCCCCCCCCCCCCCCCCCCC=CCCCCCCCC)CCCCCCC,530,False,True,False,Normalized unit: Intensity; Annotation method: Msp20260116160945_NCDK_conventional_converted_dev_1,False,False,378,0,0.00,1.00,null,null,null,-1.00,-1.00,-0.143,1376.51,P Carly Serum 1_GD1_01_66465,963242,960293,963563,978735,966458.391328125,8315.92791344675
379,11.226,828.55261,no MS2: PC 38:6,[M+Na]+,null,1.00,False,8.900,828.55139,C46H80NO8P,PC,KKVDMSZJVFAMDW-UHFFFAOYSA-N,O=C(OCC(OC(=O)CCCCCCCCCCCCC=CCC=CCC=CCC=CCC=CCC=CCC)COP(=O)([O-])OCC[N+](C)(C)C)CCCCC,530,False,True,False,Normalized unit: Intensity; Annotation method: Msp20260116160945_NCDK_conventional_converted_dev_1,False,False,379,0,0.00,1.00,null,null,null,-1.00,-1.00,-0.143,1070.70,P Carly Serum 2_GD1_01_66466,1692184,1684586,1673031,1700833,1687658.48373438,11796.1964083443
380,11.706,830.56915,no MS2: DMPE 41:8|DMPE 15:2_26:6,[M+Na]+,null,1.00,False,8.705,830.56940,C48H80NO8P,DMPE,NZDJAGSWGZEJEJ-UHFFFAOYSA-N,O=C(OCC(OC(=O)CCCCCCC=CCC=CCC=CCC=CCC=CCC=CCC)COP(=O)(O)OCCN(C)C)CCCCCCC=CCC=CCCC,530,False,True,False,Normalized unit: Intensity; Annotation method: Msp20260116160945_NCDK_conventional_converted_dev_1,False,False,380,0,0.00,1.00,null,null,null,-1.00,-1.00,-0.143,359.41,P Carly Serum 3_GD1_01_66467,567704,544626,562608,575577,562628.59196875,13133.8963387997
381,10.312,830.57031,no MS2: DMPE 41:8|DMPE 15:2_26:6,[M+H]+,null,1.00,False,8.705,830.56940,C48H80NO8P,DMPE,NZDJAGSWGZEJEJ-UHFFFAOYSA-N,O=C(OCC(OC(=O)CCCCCCC=CCC=CCC=CCC=CCC=CCC=CCC)COP(=O)(O)OCCN(C)C)CCCCCCC=CCC=CCCC,530,False,True,False,Normalized unit: Intensity; Annotation method: Msp20260116160945_NCDK_conventional_converted_dev_1,False,False,381,0,0.00,1.00,null,null,null,-1.00,-1.00,-0.143,345.78,P Carly Serum 1_GD1_01_66465,501176,519632,547415,501331,517388.587875,21812.2895480307
382,13.347,830.63977,no MS2: RIKEN P-VS1 ID-12610 from Mouse_Heart_WT_N_F1,[M+H]+,null,1.00,False,8.830,830.63397,null,Unknown,null,null,530,False,True,False,Normalized unit: Intensity; Annotation method: Msp20260116160945_NCDK_conventional_converted_dev_1,False,False,382,0,0.00,0.82,null,null,null,-1.00,-1.00,-0.212,914.48,P Carly Serum 2_GD1_01_66466,1039971,995920,999282,1001568,1009185.324625,20654.2061785407
383,13.161,832.58453,no MS2: NAGlySer 45:12;O2|NAGlySer 19:5;O(FA 26:6),[M+NH4]+,null,1.00,False,8.632,832.58337,C50H74N2O7,NAGlySer,RKZUWXMDVDKJAJ-UHFFFAOYSA-N,O=C(OC(C=CCC=CCC=CCC=CCC=CCC)CC(=O)NCC(=O)NC(C(=O)O)CO)CCCCCCC=CCC=CCC=CCC=CCC=CCC=CCC,530,False,True,False,Normalized unit: Intensity; Annotation method: Msp20260116160945_NCDK_conventional_converted_dev_1,False,False,383,0,0.00,1.00,null,null,null,-1.00,-1.00,-0.143,3931.10,P Carly Serum 2_GD1_01_66466,2959254,2914210,2967354,2933124,2943485.63853125,24377.4197741297
384,11.048,832.58624,no MS2: DMPE 41:7|DMPE 11:1_30:6,[M+H]+,null,0.75,False,9.331,832.58508,C48H82NO8P,DMPE,LJMXYOIPOFQCJE-UHFFFAOYSA-N,O=C(OCC(OC(=O)CCCCCCCCCCC=CCC=CCC=CCC=CCC=CCC=CCC)COP(=O)(O)OCCN(C)C)CCCCCC=CCCC,530,False,True,False,Normalized unit: Intensity; Annotation method: Msp20260116160945_NCDK_conventional_converted_dev_1,False,False,384,0,0.00,0.99,null,null,null,-1.00,-1.00,-0.148,466.29,P Carly Serum 1_GD1_01_66465,466819,465952,468347,471441,468139.71040625,2413.41254805724
385,11.421,832.58630,no MS2: DMPE 41:7|DMPE 11:1_30:6,[M+H]+,null,1.00,False,9.331,832.58508,C48H82NO8P,DMPE,LJMXYOIPOFQCJE-UHFFFAOYSA-N,O=C(OCC(OC(=O)CCCCCCCCCCC=CCC=CCC=CCC=CCC=CCC=CCC)COP(=O)(O)OCCN(C)C)CCCCCC=CCCC,530,False,True,False,Normalized unit: Intensity; Annotation method: Msp20260116160945_NCDK_conventional_converted_dev_1,False,False,385,0,0.00,1.00,null,null,null,-1.00,-1.00,-0.143,1633.59,P Carly Serum 2_GD1_01_66466,1608296,1576454,1577534,1587768,1587513.02354687,14763.4917561714
386,20.197,832.73859,no MS2: SE 24:1;O4/28:0;O,[M+NH4]+,null,1.00,False,13.773,832.73889,C52H94O6,DCAE,TXZXBSAYOVJZOM-UHFFFAOYSA-N,O=C(O)CCC(C)C1CCC2C3CCC4CC(OC(=O)CCCCCCCC(O)CCCCCCCCCCCCCCCCCCC)CCC4(C)C3CC(O)C12C,530,False,True,False,Normalized unit: Intensity; Annotation method: Msp20260116160945_NCDK_conventional_converted_dev_1,False,False,386,0,0.00,1.00,null,null,null,-1.00,-1.00,-0.143,462.83,P Carly Serum 3_GD1_01_66467,610795,597823,592984,610449,603012.699390625,9006.83311673293
387,14.616,833.65350,no MS2: SM 44:6;O2|SM 12:1;O2/32:5,[M+H]+,null,1.00,False,10.608,833.65308,C49H89N2O6P,SM,IAOITDSKDMXMOH-UHFFFAOYSA-N,O=C(NC(COP(=O)([O-])OCC[N+](C)(C)C)C(O)C=CCCCCCCC)CCCCCCCCCCCCCCCC=CCC=CCC=CCC=CCC=CCC,530,False,True,False,Normalized unit: Intensity; Annotation method: Msp20260116160945_NCDK_conventional_converted_dev_1,False,False,387,0,0.00,1.00,null,null,null,-1.00,-1.00,-0.143,544.55,P Carly Serum 1_GD1_01_66465,791988,766868,789356,793536,785436.9975,12498.9952319578
388,19.859,833.73334,no MS2: SL 48:0;O2|SL 12:0;O/36:0;O,[M+NH4]+,null,1.00,False,13.687,833.73749,C48H97NO6S,SL,QPXKRMQCYMLEHO-UHFFFAOYSA-N,O=C(N(CC(O)CCCCCCCCC)CS(=O)(=O)O)C(O)CCCCCCCCCCCCCCCCCCCCCCCCCCCCCCCCCC,530,False,True,False,Normalized unit: Intensity; Annotation method: Msp20260116160945_NCDK_conventional_converted_dev_1,False,False,388,0,0.00,0.95,null,null,null,-1.00,-1.00,-0.166,1259.57,P Carly Serum 2_GD1_01_66466,1168432,1167896,1207948,1182638,1181728.30739063,18765.3625826446
389,13.811,834.60022,no MS2: NAGlySer 45:11;O2|NAGlySer 17:4;O(FA 28:6),[M+NH4]+,null,1.00,False,8.489,834.59912,C50H76N2O7,NAGlySer,KTACFGIKOYJQQO-UHFFFAOYSA-N,O=C(OC(C=CCC=CCC=CCC=CCC)CCC(=O)NCC(=O)NC(C(=O)O)CO)CCCCCCCCC=CCC=CCC=CCC=CCC=CCC=CCC,530,False,True,False,Normalized unit: Intensity; Annotation method: Msp20260116160945_NCDK_conventional_converted_dev_1,False,False,389,0,0.00,1.00,null,null,null,-1.00,-1.00,-0.143,847.62,P Carly Serum 2_GD1_01_66466,1128472,1129943,1143301,1148142,1137464.5665,9755.65663668368
390,12.832,834.60187,no MS2: RIKEN P-VS1 ID-12781 from Mouse_Feces_WT_N_Ctr,[M+H]+,null,1.00,False,12.850,834.60413,null,Unknown,null,null,530,False,True,False,Normalized unit: Intensity; Annotation method: Msp20260116160945_NCDK_conventional_converted_dev_1,False,False,390,0,0.00,0.99,null,null,null,-1.00,-1.00,-0.135,11441.96,P Carly Serum 3_GD1_01_66467,14577476,14261646,14197576,14112107,14287201.2446094,202980.618393074
391,20.651,834.75494,no MS2: TG 49:2|TG 8:0_8:1_33:1,[M+NH4]+,null,1.00,False,13.816,834.75452,C52H96O6,TG,WBJXEWVFNZCCAP-UHFFFAOYSA-N,O=C(OCC(OC(=O)CCC=CCCC)COC(=O)CCCCCCCCCCCCCCCCCCCCC=CCCCCCCCCCC)CCCCCCC,530,False,True,False,Normalized unit: Intensity; Annotation method: Msp20260116160945_NCDK_conventional_converted_dev_1,False,False,391,0,0.00,1.00,null,null,null,-1.00,-1.00,-0.143,1328.31,P Carly Serum 3_GD1_01_66467,2251882,2234542,2289460,2277327,2263302.60579688,24755.4130755691
392,15.845,835.66858,no MS2: SM 44:5;O2|SM 12:1;O2/32:4,[M+H]+,null,1.00,False,10.500,835.66882,C49H91N2O6P,SM,USPCAOTZRJEWBS-UHFFFAOYSA-N,O=C(NC(COP(=O)([O-])OCC[N+](C)(C)C)C(O)C=CCCCCCCC)CCCCCCCCCCCCCCCCCCC=CCC=CCC=CCC=CCC,530,False,True,False,Normalized unit: Intensity; Annotation method: Msp20260116160945_NCDK_conventional_converted_dev_1,False,False,392,0,0.00,1.00,null,null,null,-1.00,-1.00,-0.143,1428.02,P Carly Serum 4_GD1_01_66468,1371936,1325690,1368609,1375313,1360387.05551563,23292.4062030213
393,20.322,835.74915,Unknown,[M+H]+,null,1.00,False,null,null,null,null,null,null,999,False,False,False,Normalized unit: Intensity,False,False,393,0,0.00,null,null,null,null,null,null,null,1878.54,P Carly Serum 4_GD1_01_66468,1689147,1631325,1689614,1688640,1674681.41376562,28907.1315906977
394,13.300,836.61786,no MS2: DMPE 41:5|DMPE 5:0_36:5,[M+H]+,null,1.00,False,10.950,836.61639,C48H86NO8P,DMPE,QOYHFZQVPRPDHD-UHFFFAOYSA-N,O=C(OCC(OC(=O)CCCCCCCCCCCCCCCCCCCC=CCC=CCC=CCC=CCC=CCC)COP(=O)(O)OCCN(C)C)CCCC,530,False,True,False,Normalized unit: Intensity; Annotation method: Msp20260116160945_NCDK_conventional_converted_dev_1,False,False,394,0,0.00,1.00,null,null,null,-1.00,-1.00,-0.144,3093.59,P Carly Serum 2_GD1_01_66466,4463497,4387185,4487821,4391378,4432470.46784375,50878.0252075525
395,21.062,836.77100,no MS2: TG 49:1|TG 8:0_8:0_33:1,[M+NH4]+,null,1.00,False,14.378,836.77020,C52H98O6,TG,VCEFMDOXMKROQX-UHFFFAOYSA-N,O=C(OCC(OC(=O)CCCCCCC)COC(=O)CCCCCCCCCCCCCCCCCCCCC=CCCCCCCCCCC)CCCCCCC,530,False,True,False,Normalized unit: Intensity; Annotation method: Msp20260116160945_NCDK_conventional_converted_dev_1,False,False,395,0,0.00,1.00,null,null,null,-1.00,-1.00,-0.143,2050.84,P Carly Serum 2_GD1_01_66466,2729555,2733138,2760595,2814533,2759455.2046875,39249.2406476308
396,17.058,837.68420,no MS2: SM 44:4;O2|SM 12:1;O2/32:3,[M+Na]+,null,1.00,False,11.321,837.68439,C49H93N2O6P,SM,KCGBEBOOWUSSKS-UHFFFAOYSA-N,O=C(NC(COP(=O)([O-])OCC[N+](C)(C)C)C(O)C=CCCCCCCC)CCCCCCCCCCCCCCCCC=CCC=CCC=CCCCCCCC,530,False,True,False,Normalized unit: Intensity; Annotation method: Msp20260116160945_NCDK_conventional_converted_dev_1,False,False,396,0,0.00,1.00,null,null,null,-1.00,-1.00,-0.143,380.16,P Carly Serum 4_GD1_01_66468,552676,553467,555702,565797,556910.442843751,6061.41034525875
397,20.790,837.76453,no MS2: RIKEN P-VS1 ID-12915 from Mouse_Ear_fads2KO_N_Ctr,[M+H]+,null,1.00,False,15.550,837.76727,null,Unknown,null,null,530,False,True,False,Normalized unit: Intensity; Annotation method: Msp20260116160945_NCDK_conventional_converted_dev_1,False,False,397,0,0.00,0.97,null,null,null,-1.00,-1.00,-0.141,1174.49,P Carly Serum 4_GD1_01_66468,1128851,1099674,1141768,1126987,1124319.778375,17696.2803920279
398,14.317,838.63501,no MS2: RIKEN P-VS1 ID-12943 from Mouse_SmallIntestine_WT_N_F1AA,[M+H]+,null,1.00,False,1.690,838.63263,null,Unknown,null,null,530,False,True,False,Normalized unit: Intensity; Annotation method: Msp20260116160945_NCDK_conventional_converted_dev_1,False,False,398,0,0.00,1.00,null,null,null,-1.00,-1.00,-0.130,1966.36,P Carly Serum 2_GD1_01_66466,2408962,2378763,2418451,2433063,2409809.69132813,22949.135722111
399,21.469,838.78491,no MS2: TG 49:0|TG 8:0_8:0_33:0,[M+NH4]+,null,1.00,False,14.722,838.78583,C52H100O6,TG,BPOBZWBSUWAXCF-UHFFFAOYSA-N,O=C(OCC(OC(=O)CCCCCCC)COC(=O)CCCCCCCCCCCCCCCCCCCCCCCCCCCCCCCC)CCCCCCC,530,False,True,False,Normalized unit: Intensity; Annotation method: Msp20260116160945_NCDK_conventional_converted_dev_1,False,False,399,0,0.00,1.00,null,null,null,-1.00,-1.00,-0.143,495.65,P Carly Serum 2_GD1_01_66466,731517,708048,732731,724517,724203.047312501,11362.2492408948
400,11.551,840.62299,no MS2: RIKEN P-VS1 ID-13010 from Mouse_SmallIntestine_WT_N_F1AA,[M+H]+,null,1.00,False,9.300,840.62421,null,Unknown,null,null,530,False,True,False,Normalized unit: Intensity; Annotation method: Msp20260116160945_NCDK_conventional_converted_dev_1,False,False,400,0,0.00,1.00,null,null,null,-1.00,-1.00,-0.129,6726.33,P Carly Serum 3_GD1_01_66467,8119288,7850319,7825685,7847155,7910611.66995313,139547.296583812
401,10.780,840.62329,no MS2: RIKEN P-VS1 ID-13010 from Mouse_SmallIntestine_WT_N_F1AA,[M+H]+,null,0.50,False,9.300,840.62421,null,Unknown,null,null,530,False,True,False,Normalized unit: Intensity; Annotation method: Msp20260116160945_NCDK_conventional_converted_dev_1,False,False,401,0,0.00,1.00,null,null,null,-1.00,-1.00,-0.130,211.79,P Carly Serum 3_GD1_01_66467,329452,332865,334743,346281,335835.11078125,7300.14297720255
402,12.204,842.63910,no MS2: RIKEN P-VS1 ID-13091 from Mouse_Macrophage_WT_N_F1DHA,[M+H]+,null,1.00,False,9.430,842.64532,null,Unknown,null,null,530,False,True,False,Normalized unit: Intensity; Annotation method: Msp20260116160945_NCDK_conventional_converted_dev_1,False,False,402,0,0.00,0.80,null,null,null,-1.00,-1.00,-0.218,1613.70,P Carly Serum 3_GD1_01_66467,2858773,2741590,2858055,2832623,2822760.12979687,55462.9822435779
403,11.932,842.63934,no MS2: RIKEN P-VS1 ID-13091 from Mouse_Macrophage_WT_N_F1DHA,[M+H]+,null,1.00,False,9.430,842.64532,null,Unknown,null,null,530,False,True,False,Normalized unit: Intensity; Annotation method: Msp20260116160945_NCDK_conventional_converted_dev_1,False,False,403,0,0.00,0.78,null,null,null,-1.00,-1.00,-0.229,877.91,P Carly Serum 4_GD1_01_66468,1317005,1287510,1334482,1345297,1321073.49632812,25229.7535385452
404,19.616,842.72351,no MS2: TG 50:5|TG 8:0_8:0_34:5,[M+NH4]+,null,1.00,False,13.968,842.72321,C53H92O6,TG,YXKXYJLCCLIVPY-UHFFFAOYSA-N,O=C(OCC(OC(=O)CCCCCCC)COC(=O)CCCCCCCCCCCCCCCCCC=CCC=CCC=CCC=CCC=CCC)CCCCCCC,530,False,True,False,Normalized unit: Intensity; Annotation method: Msp20260116160945_NCDK_conventional_converted_dev_1,False,False,404,0,0.00,1.00,null,null,null,-1.00,-1.00,-0.143,770.93,P Carly Serum 3_GD1_01_66467,1101150,1099732,1095230,1116133,1103061.22426562,9072.42522558627
405,13.347,844.65460,no MS2: RIKEN P-VS1 ID-13159 from Mouse_Spleen_WT_N_F1,[M+H]+,null,1.00,False,10.210,844.66241,null,Unknown,null,null,530,False,True,False,Normalized unit: Intensity; Annotation method: Msp20260116160945_NCDK_conventional_converted_dev_1,False,False,405,0,0.00,0.71,null,null,null,-1.00,-1.00,-0.258,6802.15,P Carly Serum 4_GD1_01_66468,10601599,10454713,10321281,10271406,10412249.749625,148063.677012213
406,20.036,844.73877,no MS2: TG 50:4|TG 8:0_8:0_34:4,[M+NH4]+,null,1.00,False,13.930,844.73889,C53H94O6,TG,NBOUVXSQNXDJHU-UHFFFAOYSA-N,O=C(OCC(OC(=O)CCCCCCC)COC(=O)CCCCCCCCCCCCCCCCCCCCC=CCC=CCC=CCC=CCC)CCCCCCC,530,False,True,False,Normalized unit: Intensity; Annotation method: Msp20260116160945_NCDK_conventional_converted_dev_1,False,False,406,0,0.00,1.00,null,null,null,-1.00,-1.00,-0.143,4063.65,P Carly Serum 2_GD1_01_66466,6691211,6483958,6676917,6654214,6626574.64950001,96290.5408895973
407,14.516,846.67230,no MS2: RIKEN P-VS1 ID-13238 from Mouse_Macrophage_WT_N_F1AA,[M+H]+,null,1.00,False,10.680,846.67242,null,Unknown,null,null,530,False,True,False,Normalized unit: Intensity; Annotation method: Msp20260116160945_NCDK_conventional_converted_dev_1,False,False,407,0,0.00,1.00,null,null,null,-1.00,-1.00,-0.129,313.61,P Carly Serum 4_GD1_01_66468,762205,753194,771538,778453,766347.5915,11010.0375374134
408,20.461,846.75500,no MS2: TG 50:3|TG 8:0_8:0_34:3,[M+NH4]+,null,1.00,False,13.920,846.75452,C53H96O6,TG,JLQAKOSOIVPICE-UHFFFAOYSA-N,O=C(OCC(OC(=O)CCCCCCC)COC(=O)CCCCCCCCCCCCCCCCCCC=CCC=CCC=CCCCCCCC)CCCCCCC,530,False,True,False,Normalized unit: Intensity; Annotation method: Msp20260116160945_NCDK_conventional_converted_dev_1,False,False,408,0,0.00,1.00,null,null,null,-1.00,-1.00,-0.143,25045.45,P Carly Serum 3_GD1_01_66467,32819057,31709207,32755597,33046421,32582570.2932344,595478.92599927
409,20.461,846.91730,Unknown,[M+2H]2+,null,1.00,False,null,null,null,null,null,null,999,False,False,False,Normalized unit: Intensity,False,False,409,0,0.00,null,null,null,null,null,null,null,702.36,P Carly Serum 4_GD1_01_66468,383586,377439,391671,397158,387463.29178125,8702.58841916767
410,20.461,847.03613,no MS2: GM1 44:1;O2|GM1 16:1;O2/28:0,[M+2NH4]2+,null,1.00,False,9.502,847.03479,C81H147N3O31,GM1,GVRVJGRGNITMOU-UHFFFAOYSA-N,O=C(O)C1(OC2C(O)C(OC(CO)C2OC3OC(CO)C(O)C(OC4OC(CO)C(O)C(O)C4O)C3NC(=O)C)OC5C(O)C(O)C(OCC(NC(=O)CCCCCCCCCCCCCCCCCCCCCCCCCCC)C(O)C=CCCCCCCCCCCC)OC5CO)OC(C(O)C(O)CO)C(NC(=O)C)C(O)C1,530,False,True,False,Normalized unit: Intensity; Annotation method: Msp20260116160945_NCDK_conventional_converted_dev_1,False,False,410,0,0.00,1.00,null,null,null,-1.00,-1.00,-0.143,764.83,P Carly Serum 1_GD1_01_66465,308550,305878,325503,328590,317130.385234375,11570.9357837103
411,11.760,848.53998,no MS2: PS 39:4,[M+Na]+,null,0.50,False,9.094,848.54120,C45H80NO10P,PS,HJBIAFFEWYOQTF-UHFFFAOYSA-N,O=C(OCC(OC(=O)CCCCCCCCCCCCCCCCCCCCC=CCC=CCC=CCC=CCC)COP(=O)(O)OCC(N)C(=O)O)CCCC,530,False,True,False,Normalized unit: Intensity; Annotation method: Msp20260116160945_NCDK_conventional_converted_dev_1,False,False,411,0,0.00,1.00,null,null,null,-1.00,-1.00,-0.143,186.68,P Carly Serum 3_GD1_01_66467,478273,458231,477799,470703,471251.718484375,9345.29656419502
412,20.881,848.77039,no MS2: TG 50:2|TG 8:0_8:0_34:2,[M+NH4]+,null,1.00,False,14.271,848.77020,C53H98O6,TG,VZLKOMBMLGTLFF-UHFFFAOYSA-N,O=C(OCC(OC(=O)CCCCCCC)COC(=O)CCCCCCCCCCCCCCCCCCCCCC=CCC=CCCCCCCC)CCCCCCC,530,False,True,False,Normalized unit: Intensity; Annotation method: Msp20260116160945_NCDK_conventional_converted_dev_1,False,False,412,0,0.00,1.00,null,null,null,-1.00,-1.00,-0.143,45042.08,P Carly Serum 4_GD1_01_66468,66262585,63728590,66480829,66730038,65800510.6144844,1394420.13223462
413,20.894,848.93170,Unknown,[M+2H]2+,null,1.00,False,null,null,null,null,null,null,999,False,False,False,Normalized unit: Intensity,False,False,413,0,0.00,null,null,null,null,null,null,null,2067.36,P Carly Serum 1_GD1_01_66465,1351780,1335384,1345564,1334963,1341922.7685,8197.93964269584
414,20.894,849.05377,Unknown,[M+H]+,null,1.00,False,null,null,null,null,null,null,999,False,False,False,Normalized unit: Intensity,False,False,414,0,0.00,null,null,null,null,null,null,null,2246.30,P Carly Serum 3_GD1_01_66467,1151734,1123439,1158431,1157802,1147851.338625,16552.6816217524
415,20.028,849.69366,no MS2: TG 50:4|TG 8:0_8:0_34:4,[M+Na]+,null,1.00,False,13.930,849.69427,C53H94O6,TG,NBOUVXSQNXDJHU-UHFFFAOYSA-N,O=C(OCC(OC(=O)CCCCCCC)COC(=O)CCCCCCCCCCCCCCCCCCCCC=CCC=CCC=CCC=CCC)CCCCCCC,530,False,True,False,Normalized unit: Intensity; Annotation method: Msp20260116160945_NCDK_conventional_converted_dev_1,False,False,415,0,0.00,1.00,null,null,null,-1.00,-1.00,-0.143,1324.43,P Carly Serum 1_GD1_01_66465,1488166,1482120,1474736,1498437,1485864.50092188,10020.5761947906
416,15.707,850.67053,no MS2: Cer 57:13;O4|Cer 13:1;O2/44:12;O2,[M+H-H2O]+,null,1.00,False,12.276,850.67078,C57H89NO5,Cer_EOS,HXNJHUHNRARPTL-UHFFFAOYSA-N,O=C(OCCC=CCC=CCC=CCC=CCC=CCCCCCC(=O)NC(CO)C(O)C=CCCCCCCCC)CCC=CCC=CCC=CCC=CCC=CCC=CCC,530,False,True,False,Normalized unit: Intensity; Annotation method: Msp20260116160945_NCDK_conventional_converted_dev_1,False,False,416,0,0.00,1.00,null,null,null,-1.00,-1.00,-0.143,261.60,P Carly Serum 1_GD1_01_66465,754182,729557,751426,757387,748137.771125,12624.7289240207
417,21.288,850.78583,no MS2: TG 50:1|TG 8:0_8:0_34:1,[M+NH4]+,null,1.00,False,14.765,850.78583,C53H100O6,TG,WLEHGRAGAYLVMG-UHFFFAOYSA-N,O=C(OCC(OC(=O)CCCCCCC)COC(=O)CCCCCCCCCCCCCCCCCCCCCCCC=CCCCCCCCC)CCCCCCC,530,False,True,False,Normalized unit: Intensity; Annotation method: Msp20260116160945_NCDK_conventional_converted_dev_1,False,False,417,0,0.00,1.00,null,null,null,-1.00,-1.00,-0.143,50599.73,P Carly Serum 1_GD1_01_66465,52690735,50876766,51683127,52501616,51938061.1235156,831755.444037266
418,21.292,850.94690,Unknown,[M+2H]2+,null,1.00,False,null,null,null,null,null,null,999,False,False,False,Normalized unit: Intensity,False,False,418,0,0.00,null,null,null,null,null,null,null,1806.26,P Carly Serum 4_GD1_01_66468,1038383,1004855,1030857,1048826,1030730.23839062,18758.03874968
419,21.292,851.07104,Unknown,[M+H]+,null,1.00,False,null,null,null,null,null,null,999,False,False,False,Normalized unit: Intensity,False,False,419,0,0.00,null,null,null,null,null,null,null,2132.79,P Carly Serum 4_GD1_01_66468,942252,938381,957044,962844,950130.067984375,11684.1196083977
420,20.452,851.70953,no MS2: TG 50:3|TG 8:0_8:0_34:3,[M+Na]+,null,1.00,False,13.920,851.70990,C53H96O6,TG,JLQAKOSOIVPICE-UHFFFAOYSA-N,O=C(OCC(OC(=O)CCCCCCC)COC(=O)CCCCCCCCCCCCCCCCCCC=CCC=CCC=CCCCCCCC)CCCCCCC,530,False,True,False,Normalized unit: Intensity; Annotation method: Msp20260116160945_NCDK_conventional_converted_dev_1,False,False,420,0,0.00,1.00,null,null,null,-1.00,-1.00,-0.143,2856.56,P Carly Serum 3_GD1_01_66467,2565727,2546528,2558471,2562037,2558190.83404688,8320.1050238334
421,12.693,852.66119,no MS2: RIKEN P-VS1 ID-13486 from Mouse_Spleen_WT_N_F1AA,[M+H]+,null,0.50,False,9.870,852.65942,null,Unknown,null,null,530,False,True,False,Normalized unit: Intensity; Annotation method: Msp20260116160945_NCDK_conventional_converted_dev_1,False,False,421,0,0.00,1.00,null,null,null,-1.00,-1.00,-0.129,266.86,P Carly Serum 2_GD1_01_66466,320117,318352,324430,327956,322713.593109375,4327.80709444848
422,21.695,852.80023,no MS2: TG 50:0|TG 8:0_8:0_34:0,[M+NH4]+,null,1.00,False,15.279,852.80151,C53H102O6,TG,VQYLXXPIAZUCDF-UHFFFAOYSA-N,O=C(OCC(OC(=O)CCCCCCC)COC(=O)CCCCCCCCCCCCCCCCCCCCCCCCCCCCCCCCC)CCCCCCC,530,False,True,False,Normalized unit: Intensity; Annotation method: Msp20260116160945_NCDK_conventional_converted_dev_1,False,False,422,0,0.00,1.00,null,null,null,-1.00,-1.00,-0.143,9878.32,P Carly Serum 4_GD1_01_66468,5864431,5685804,5814262,5821165,5796415.82259374,77011.0401517711
423,20.850,853.72516,no MS2: TG 50:2|TG 8:0_8:0_34:2,[M+Na]+,null,1.00,False,14.271,853.72559,C53H98O6,TG,VZLKOMBMLGTLFF-UHFFFAOYSA-N,O=C(OCC(OC(=O)CCCCCCC)COC(=O)CCCCCCCCCCCCCCCCCCCCCC=CCC=CCCCCCCC)CCCCCCC,530,False,True,False,Normalized unit: Intensity; Annotation method: Msp20260116160945_NCDK_conventional_converted_dev_1,False,False,423,0,0.00,1.00,null,null,null,-1.00,-1.00,-0.143,2435.10,P Carly Serum 1_GD1_01_66465,1852038,1815135,1828530,1865262,1840241.26548438,22602.9412312128
424,13.161,854.63977,no MS2: RIKEN P-VS1 ID-13569 from Mouse_Muscle_WT_N_F1AA,[M+H]+,null,1.00,False,9.700,854.63239,null,Unknown,null,null,530,False,True,False,Normalized unit: Intensity; Annotation method: Msp20260116160945_NCDK_conventional_converted_dev_1,False,False,424,0,0.00,0.77,null,null,null,-1.00,-1.00,-0.233,241.12,P Carly Serum 2_GD1_01_66466,375807,371661,378134,379265,376216.5916875,3361.25419489284
425,21.288,855.74139,no MS2: TG 50:1|TG 8:0_8:0_34:1,[M+Na]+,null,1.00,False,14.765,855.74121,C53H100O6,TG,WLEHGRAGAYLVMG-UHFFFAOYSA-N,O=C(OCC(OC(=O)CCCCCCC)COC(=O)CCCCCCCCCCCCCCCCCCCCCCCC=CCCCCCCCC)CCCCCCC,530,False,True,False,Normalized unit: Intensity; Annotation method: Msp20260116160945_NCDK_conventional_converted_dev_1,False,False,425,0,0.00,1.00,null,null,null,-1.00,-1.00,-0.143,1549.72,P Carly Serum 4_GD1_01_66468,1141752,1098835,1142441,1139964,1130747.91367187,21301.1824272074
426,12.832,856.58417,no MS2: DMPE 43:9|DMPE 15:3_28:6,[M+H]+,null,1.00,False,8.790,856.58508,C50H82NO8P,DMPE,BPTVEDMZJSFMEN-UHFFFAOYSA-N,O=C(OCC(OC(=O)CCCCCCCCC=CCC=CCC=CCC=CCC=CCC=CCC)COP(=O)(O)OCCN(C)C)CCCCC=CCC=CCC=CCC,530,False,True,False,Normalized unit: Intensity; Annotation method: Msp20260116160945_NCDK_conventional_converted_dev_1,False,False,426,0,0.00,1.00,null,null,null,-1.00,-1.00,-0.143,365.71,P Carly Serum 3_GD1_01_66467,590981,590381,577534,584692,585897.06296875,6254.22272006752
427,19.443,857.73370,no MS2: BA 24:1;O4;G/27:1,[M+NH4]+,null,1.00,False,13.146,857.73407,C53H93NO6,GDCAE,FAZKWXYLMFWOEG-UHFFFAOYSA-N,O=C(O)CNC(=O)CCC(C)C1CCC2C3CCC4CC(OC(=O)CCCCCCCCCCCCCCC=CCCCCCCCCCC)CCC4(C)C3CC(O)C12C,530,False,True,False,Normalized unit: Intensity; Annotation method: Msp20260116160945_NCDK_conventional_converted_dev_1,False,False,427,0,0.00,1.00,null,null,null,-1.00,-1.00,-0.143,198.40,P Carly Serum 2_GD1_01_66466,551218,562134,559243,563004,558900.0639375,5367.49528294431
428,20.309,858.75403,no MS2: TG 51:4|TG 8:0_9:0_34:4,[M+NH4]+,null,1.00,False,13.952,858.75452,C54H96O6,TG,JONYMDUNQJVTAE-UHFFFAOYSA-N,O=C(OCC(OC(=O)CCCCCCCC)COC(=O)CCCCCCCCCCCCCCCCCCCCC=CCC=CCC=CCC=CCC)CCCCCCC,530,False,True,False,Normalized unit: Intensity; Annotation method: Msp20260116160945_NCDK_conventional_converted_dev_1,False,False,428,0,0.00,1.00,null,null,null,-1.00,-1.00,-0.143,554.47,P Carly Serum 2_GD1_01_66466,1258214,1202347,1261078,1295771,1254352.52159375,38644.4610565695
429,19.915,859.75024,no MS2: BA 24:1;O4;G/27:0,[M+NH4]+,null,1.00,False,13.615,859.74982,C53H95NO6,GDCAE,MVJJWQAQALYJOS-UHFFFAOYSA-N,O=C(O)CNC(=O)CCC(C)C1CCC2C3CCC4CC(OC(=O)CCCCCCCCCCCCCCCCCCCCCCCCCC)CCC4(C)C3CC(O)C12C,530,False,True,False,Normalized unit: Intensity; Annotation method: Msp20260116160945_NCDK_conventional_converted_dev_1,False,False,429,0,0.00,1.00,null,null,null,-1.00,-1.00,-0.143,2015.16,P Carly Serum 2_GD1_01_66466,2180844,2171453,2139282,2180592,2168042.84921875,19665.2282327563
430,20.712,860.77002,no MS2: TG 51:3|TG 8:0_9:0_34:3,[M+NH4]+,null,1.00,False,14.212,860.77020,C54H98O6,TG,CXEFTXACLQXSHA-UHFFFAOYSA-N,O=C(OCC(OC(=O)CCCCCCCC)COC(=O)CCCCCCCCCCCCCCCCCCC=CCC=CCC=CCCCCCCC)CCCCCCC,530,False,True,False,Normalized unit: Intensity; Annotation method: Msp20260116160945_NCDK_conventional_converted_dev_1,False,False,430,0,0.00,1.00,null,null,null,-1.00,-1.00,-0.143,3245.01,P Carly Serum 3_GD1_01_66467,4485447,4303043,4505680,4547295,4460366.069125,107996.019932744
431,20.400,861.76556,no MS2: RIKEN P-VS1 ID-13820 from Mouse_Feces_WT_N_Ctr,[M+H]+,null,1.00,False,8.880,861.76428,null,Unknown,null,null,530,False,True,False,Normalized unit: Intensity; Annotation method: Msp20260116160945_NCDK_conventional_converted_dev_1,False,False,431,0,0.00,1.00,null,null,null,-1.00,-1.00,-0.129,4605.43,P Carly Serum 3_GD1_01_66467,4712248,4631973,4679740,4775678,4699909.86610937,60319.3727787172
432,21.084,862.78632,no MS2: TG 51:2|TG 8:0_8:1_35:1,[M+NH4]+,null,1.00,False,14.615,862.78583,C54H100O6,TG,QSFMDQGXOXRHNU-UHFFFAOYSA-N,O=C(OCC(OC(=O)CCC=CCCC)COC(=O)CCCCCCCCCCCCCCCCCCCCCCC=CCCCCCCCCCC)CCCCCCC,530,False,True,False,Normalized unit: Intensity; Annotation method: Msp20260116160945_NCDK_conventional_converted_dev_1,False,False,432,0,0.00,1.00,null,null,null,-1.00,-1.00,-0.143,7603.09,P Carly Serum 2_GD1_01_66466,5144824,4974812,5151710,5196045,5116848.00303126,97372.7616295219
433,20.824,863.78046,no MS2: RIKEN P-VS1 ID-13892 from Mouse_Muscle_WT_CTX0_Ctr,[M+H]+,null,1.00,False,14.380,863.78552,null,Unknown,null,null,530,False,True,False,Normalized unit: Intensity; Annotation method: Msp20260116160945_NCDK_conventional_converted_dev_1,False,False,433,0,0.00,0.88,null,null,null,-1.00,-1.00,-0.185,5408.29,P Carly Serum 2_GD1_01_66466,4625007,4533932,4555663,4606483,4580271.29870313,42588.0766007928
434,11.235,864.62384,no MS2: SHexCer 40:1;O2|SHexCer 12:1;O2/28:0,[M+H]+,null,1.00,False,9.352,864.62292,C46H89NO11S,SHexCer,QOLPJRGLDWCGJQ-UHFFFAOYSA-N,O=C(NC(COC1OC(CO)C(O)C(OS(=O)(=O)O)C1O)C(O)C=CCCCCCCC)CCCCCCCCCCCCCCCCCCCCCCCCCCC,530,False,True,False,Normalized unit: Intensity; Annotation method: Msp20260116160945_NCDK_conventional_converted_dev_1,False,False,434,0,0.00,1.00,null,null,null,-1.00,-1.00,-0.143,1492.17,P Carly Serum 1_GD1_01_66465,1776536,1706684,1743700,1771739,1749664.70835938,32105.1758558784
435,21.500,864.80054,no MS2: TG 51:1|TG 8:0_8:0_35:1,[M+NH4]+,null,1.00,False,14.871,864.80151,C54H102O6,TG,OVVKXWWCKQETBC-UHFFFAOYSA-N,O=C(OCC(OC(=O)CCCCCCC)COC(=O)CCCCCCCCCCCCCCCCCCCCCCC=CCCCCCCCCCC)CCCCCCC,530,False,True,False,Normalized unit: Intensity; Annotation method: Msp20260116160945_NCDK_conventional_converted_dev_1,False,False,435,0,0.00,0.99,null,null,null,-1.00,-1.00,-0.146,3139.93,P Carly Serum 2_GD1_01_66466,2826367,2757909,2814918,2816420,2803903.77903125,31080.9472449633
436,20.019,865.66827,no MS2: DG 53:10,[M+K]+,null,1.00,False,13.502,865.66803,C56H90O5,DG,FFYURHJCEVBYAZ-UHFFFAOYSA-N,O=C(OCC(OC(=O)CCCCCCC=CCC=CCC=CCC=CCC=CCC=CCC=CCC=CCC=CCC=CCC)CO)CCCCCCCCCCCCCC,530,False,True,False,Normalized unit: Intensity; Annotation method: Msp20260116160945_NCDK_conventional_converted_dev_1,False,False,436,0,0.00,1.00,null,null,null,-1.00,-1.00,-0.143,487.14,P Carly Serum 3_GD1_01_66467,514739,530865,521824,528037,523866.211031251,7161.52113081777
437,21.262,865.79639,no MS2: RIKEN P-VS1 ID-13962 from Mouse_Adipose_WT_N_F1EPA,[M+H]+,null,1.00,False,15.790,865.79077,null,Unknown,null,null,530,False,True,False,Normalized unit: Intensity; Annotation method: Msp20260116160945_NCDK_conventional_converted_dev_1,False,False,437,0,0.00,0.88,null,null,null,-1.00,-1.00,-0.183,2210.24,P Carly Serum 3_GD1_01_66467,1191368,1142566,1153551,1197081,1171141.45354687,27128.8635106216
438,12.198,866.63959,no MS2: SHexCer 40:0;O2|SHexCer 12:0;O2/28:0,[M+H]+,null,0.75,False,9.458,866.63861,C46H91NO11S,SHexCer,JFIJVBLCFOYOJT-UHFFFAOYSA-N,O=C(NC(COC1OC(CO)C(O)C(OS(=O)(=O)O)C1O)C(O)CCCCCCCCC)CCCCCCCCCCCCCCCCCCCCCCCCCCC,530,False,True,False,Normalized unit: Intensity; Annotation method: Msp20260116160945_NCDK_conventional_converted_dev_1,False,False,438,0,0.00,1.00,null,null,null,-1.00,-1.00,-0.144,244.51,P Carly Serum 1_GD1_01_66465,374229,350097,381225,373490,369760.097859375,13564.218716535
439,11.706,866.63995,no MS2: SHexCer 40:0;O2|SHexCer 12:0;O2/28:0,[M+H]+,null,1.00,False,9.458,866.63861,C46H91NO11S,SHexCer,JFIJVBLCFOYOJT-UHFFFAOYSA-N,O=C(NC(COC1OC(CO)C(O)C(OS(=O)(=O)O)C1O)C(O)CCCCCCCCC)CCCCCCCCCCCCCCCCCCCCCCCCCCC,530,False,True,False,Normalized unit: Intensity; Annotation method: Msp20260116160945_NCDK_conventional_converted_dev_1,False,False,439,0,0.00,1.00,null,null,null,-1.00,-1.00,-0.144,536.28,P Carly Serum 2_GD1_01_66466,971766,955272,975248,949358,962910.948375001,12552.1106102692
440,20.453,867.68396,no MS2: DG 53:9,[M+K]+,null,0.25,False,13.671,867.68372,C56H92O5,DG,ZHHCUQRPGCIVNX-UHFFFAOYSA-N,O=C(OCC(OC(=O)CCCCCCCCCC=CCC=CCC=CCC=CCC=CCC=CCC=CCC=CCC=CCC)CO)CCCCCCCCCCCCCC,530,False,True,False,Normalized unit: Intensity; Annotation method: Msp20260116160945_NCDK_conventional_converted_dev_1,False,False,440,0,0.00,1.00,null,null,null,-1.00,-1.00,-0.143,486.50,P Carly Serum 3_GD1_01_66467,362064,384323,381518,381249,377288.452125,10244.6268008305
441,13.161,868.65570,no MS2: RIKEN P-VS1 ID-14050 from Mouse_Macrophage_WT_N_F1AA,[M+H]+,null,1.00,False,9.900,868.65570,null,Unknown,null,null,530,False,True,False,Normalized unit: Intensity; Annotation method: Msp20260116160945_NCDK_conventional_converted_dev_1,False,False,441,0,0.00,1.00,null,null,null,-1.00,-1.00,-0.129,3445.81,P Carly Serum 3_GD1_01_66467,4039938,3894602,4045798,4014786,3998780.90621875,70743.5762356926
442,19.863,868.73932,no MS2: TG 52:6|TG 8:0_8:0_36:6,[M+NH4]+,null,1.00,False,13.840,868.73889,C55H94O6,TG,CURGLEGXZYHDPR-UHFFFAOYSA-N,O=C(OCC(OC(=O)CCCCCCC)COC(=O)CCCCCCCCCCCCCCCCC=CCC=CCC=CCC=CCC=CCC=CCC)CCCCCCC,530,False,True,False,Normalized unit: Intensity; Annotation method: Msp20260116160945_NCDK_conventional_converted_dev_1,False,False,442,0,0.00,1.00,null,null,null,-1.00,-1.00,-0.143,489.53,P Carly Serum 4_GD1_01_66468,1806539,1778792,1169285,1163449,1479516.23184375,361778.885029923
443,13.811,870.67133,no MS2: RIKEN P-VS1 ID-14121 from Mouse_Macrophage_WT_N_F1,[M+H]+,null,1.00,False,10.330,870.67731,null,Unknown,null,null,530,False,True,False,Normalized unit: Intensity; Annotation method: Msp20260116160945_NCDK_conventional_converted_dev_1,False,False,443,0,0.00,0.79,null,null,null,-1.00,-1.00,-0.223,1030.04,P Carly Serum 4_GD1_01_66468,994946,992023,1017944,1042681,1011898.88585938,23569.1907983476
444,20.192,870.75482,no MS2: TG 52:5|TG 8:0_8:0_36:5,[M+NH4]+,null,1.00,False,13.969,870.75452,C55H96O6,TG,OXXCYSJBSYMWQA-UHFFFAOYSA-N,O=C(OCC(OC(=O)CCCCCCC)COC(=O)CCCCCCCCCCCCCCCCCCCC=CCC=CCC=CCC=CCC=CCC)CCCCCCC,530,False,True,False,Normalized unit: Intensity; Annotation method: Msp20260116160945_NCDK_conventional_converted_dev_1,False,False,444,0,0.00,1.00,null,null,null,-1.00,-1.00,-0.143,8204.70,P Carly Serum 2_GD1_01_66466,16729643,16189868,16419015,16423896,16440605.575125,221477.699205765
445,15.850,871.73877,no MS2: RIKEN P-VS1 ID-14160 from Mouse_Adipose_WT_N_F1DHA,[M+H]+,null,1.00,False,13.470,871.73572,null,Unknown,null,null,530,False,True,False,Normalized unit: Intensity; Annotation method: Msp20260116160945_NCDK_conventional_converted_dev_1,False,False,445,0,0.00,0.94,null,null,null,-1.00,-1.00,-0.155,342.94,P Carly Serum 2_GD1_01_66466,311440,317560,311746,319243,314997.381109375,3992.40734809384
446,20.556,872.77051,no MS2: TG 52:4|TG 8:0_8:0_36:4,[M+NH4]+,null,1.00,False,14.237,872.77020,C55H98O6,TG,TVCXNLFXLACFHK-UHFFFAOYSA-N,O=C(OCC(OC(=O)CCCCCCC)COC(=O)CCCCCCCCCCCCCCCCCCCCCCC=CCC=CCC=CCC=CCC)CCCCCCC,530,False,True,False,Normalized unit: Intensity; Annotation method: Msp20260116160945_NCDK_conventional_converted_dev_1,False,False,446,0,0.00,1.00,null,null,null,-1.00,-1.00,-0.143,40205.77,P Carly Serum 1_GD1_01_66465,89541040,87515464,89105220,89438744,88900117.2256406,941671.148257638
447,20.560,872.93420,no MS2: RIKEN P-VS1 ID-14223 from Mouse_SmallIntestine_WT_N_F1,[M+H]+,null,1.00,False,14.290,872.94012,null,Unknown,null,null,530,False,True,False,Normalized unit: Intensity; Annotation method: Msp20260116160945_NCDK_conventional_converted_dev_1,False,False,447,0,0.00,0.82,null,null,null,-1.00,-1.00,-0.209,2276.88,P Carly Serum 2_GD1_01_66466,1375163,1283225,1376623,1390145,1356289.02732812,49173.9374704531
448,20.560,873.05920,Unknown,[M+H]+,null,1.00,False,null,null,null,null,null,null,999,False,False,False,Normalized unit: Intensity,False,False,448,0,0.00,null,null,null,null,null,null,null,2532.18,P Carly Serum 3_GD1_01_66467,1264389,1268643,1277862,1280729,1272905.94553125,7669.85117602074
449,20.556,873.18646,Unknown,[M+H]+,null,1.00,False,null,null,null,null,null,null,999,False,False,False,Normalized unit: Intensity,False,False,449,0,0.00,null,null,null,null,null,null,null,961.41,P Carly Serum 3_GD1_01_66467,363877,384780,437850,375683,390547.5318125,32675.510465925
450,20.556,873.48322,Unknown,[M+H]+,null,1.00,False,null,null,null,null,null,null,999,False,False,False,Normalized unit: Intensity,False,False,450,0,0.00,null,null,null,null,null,null,null,3267.98,P Carly Serum 3_GD1_01_66467,2098691,2066407,2115783,2124908,2101447.1455625,25764.017992668
451,20.950,874.78802,no MS2: TG 52:3|TG 8:0_8:0_36:3,[M+NH4]+,null,1.00,False,14.469,874.78583,C55H100O6,TG,SMVJWGZQUSFCNG-UHFFFAOYSA-N,O=C(OCC(OC(=O)CCCCCCC)COC(=O)CCCCCCCCCCCCCCCCCCCCC=CCC=CCC=CCCCCCCC)CCCCCCC,530,False,True,False,Normalized unit: Intensity; Annotation method: Msp20260116160945_NCDK_conventional_converted_dev_1,False,False,451,0,0.00,0.99,null,null,null,-1.00,-1.00,-0.146,129925.90,P Carly Serum 3_GD1_01_66467,126027210,123553975,123897600,124159889,124409668.43925,1106534.50288441
452,20.950,874.94958,Unknown,[M+H]+,null,1.00,False,null,null,null,null,null,null,999,False,False,False,Normalized unit: Intensity,False,False,452,0,0.00,null,null,null,null,null,null,null,4402.45,P Carly Serum 3_GD1_01_66467,2624842,2544142,2622178,2627261,2604605.89864062,40362.4814537844
453,20.950,875.07837,Unknown,[M+H]+,null,1.00,False,null,null,null,null,null,null,999,False,False,False,Normalized unit: Intensity,False,False,453,0,0.00,null,null,null,null,null,null,null,3961.23,P Carly Serum 4_GD1_01_66468,2172144,2132555,2178682,2147136,2157629.36235937,21546.6068292064
454,20.950,875.22308,Unknown,[M+H]+,null,1.00,False,null,null,null,null,null,null,999,False,False,False,Normalized unit: Intensity,False,False,454,0,0.00,null,null,null,null,null,null,null,1995.58,P Carly Serum 3_GD1_01_66467,833626,741307,836537,760395,792966.419749999,49265.3188719683
455,20.950,875.33905,Unknown,[M+H]+,null,1.00,False,null,null,null,null,null,null,999,False,False,False,Normalized unit: Intensity,False,False,455,0,0.00,null,null,null,null,null,null,null,1210.93,P Carly Serum 4_GD1_01_66468,445134,449382,462291,474317,457780.676187499,13219.4798301407
456,20.950,875.50037,Unknown,[M+H]+,null,1.00,False,null,null,null,null,null,null,999,False,False,False,Normalized unit: Intensity,False,False,456,0,0.00,null,null,null,null,null,null,null,8103.70,P Carly Serum 4_GD1_01_66468,4405882,4228567,4361331,4354526,4337576.4201875,76158.4626002713
457,20.184,875.70953,no MS2: TG 52:5|TG 8:0_8:0_36:5,[M+Na]+,null,1.00,False,13.969,875.70990,C55H96O6,TG,OXXCYSJBSYMWQA-UHFFFAOYSA-N,O=C(OCC(OC(=O)CCCCCCC)COC(=O)CCCCCCCCCCCCCCCCCCCC=CCC=CCC=CCC=CCC=CCC)CCCCCCC,530,False,True,False,Normalized unit: Intensity; Annotation method: Msp20260116160945_NCDK_conventional_converted_dev_1,False,False,457,0,0.00,1.00,null,null,null,-1.00,-1.00,-0.143,1448.58,P Carly Serum 4_GD1_01_66468,2774956,2738984,2785407,2802827,2775543.687875,26948.3328638717
458,13.352,876.57196,no MS2: PS 41:4,[M+Na]+,null,1.00,False,9.198,876.57251,C47H84NO10P,PS,MGLPASSKJRCVLL-UHFFFAOYSA-N,O=C(OCC(OC(=O)CCCCCCCCCCCCCCCCCCCCCCC=CCC=CCC=CCC=CCC)COP(=O)(O)OCC(N)C(=O)O)CCCC,530,False,True,False,Normalized unit: Intensity; Annotation method: Msp20260116160945_NCDK_conventional_converted_dev_1,False,False,458,0,0.00,1.00,null,null,null,-1.00,-1.00,-0.143,566.64,P Carly Serum 3_GD1_01_66467,498547,480707,481771,476134,484289.756312501,9814.57176627348
459,15.945,876.68628,no MS2: RIKEN P-VS1 ID-14391 from Mouse_SmallIntestine_WT_N_F1,[M+H]+,null,1.00,False,8.280,876.68793,null,Unknown,null,null,530,False,True,False,Normalized unit: Intensity; Annotation method: Msp20260116160945_NCDK_conventional_converted_dev_1,False,False,459,0,0.00,0.98,null,null,null,-1.00,-1.00,-0.136,523.17,P Carly Serum 4_GD1_01_66468,743415,665561,675045,688263,693071.045531251,34829.6423622785
460,21.318,876.80164,no MS2: TG 52:2|TG 8:0_8:0_36:2,[M+NH4]+,null,1.00,False,14.765,876.80151,C55H102O6,TG,RNPAKTRKCHCWDH-UHFFFAOYSA-N,O=C(OCC(OC(=O)CCCCCCC)COC(=O)CCCCCCCCCCCCCCCCCCCCCCCC=CCC=CCCCCCCC)CCCCCCC,530,False,True,False,Normalized unit: Intensity; Annotation method: Msp20260116160945_NCDK_conventional_converted_dev_1,False,False,460,0,0.00,1.00,null,null,null,-1.00,-1.00,-0.143,145894.10,P Carly Serum 3_GD1_01_66467,116550662,113600866,115035256,115214962,115100436.424484,1206818.03000726
461,21.314,876.96417,Unknown,[M+H]+,null,1.00,False,null,null,null,null,null,null,999,False,False,False,Normalized unit: Intensity,False,False,461,0,0.00,null,null,null,null,null,null,null,3528.51,P Carly Serum 3_GD1_01_66467,2092641,2029291,2108324,2024881,2063784.36920313,42894.1394962065
462,21.318,877.09290,Unknown,[M+H]+,null,1.00,False,null,null,null,null,null,null,999,False,False,False,Normalized unit: Intensity,False,False,462,0,0.00,null,null,null,null,null,null,null,3970.19,P Carly Serum 4_GD1_01_66468,1915754,1885803,1905251,1935674,1910620.56707813,20806.8573248123
463,21.314,877.23804,Unknown,[M+H]+,null,1.00,False,null,null,null,null,null,null,999,False,False,False,Normalized unit: Intensity,False,False,463,0,0.00,null,null,null,null,null,null,null,1771.99,P Carly Serum 1_GD1_01_66465,652998,637391,640006,644302,643674.119562501,6837.66920021973
464,21.314,877.35266,Unknown,[M+H]+,null,1.00,False,null,null,null,null,null,null,999,False,False,False,Normalized unit: Intensity,False,False,464,0,0.00,null,null,null,null,null,null,null,1057.08,P Carly Serum 3_GD1_01_66467,372630,372215,381095,379719,376414.7373125,4647.02991371341
465,21.314,877.51501,Unknown,[M+H]+,null,1.00,False,null,null,null,null,null,null,999,False,False,False,Normalized unit: Intensity,False,False,465,0,0.00,null,null,null,null,null,null,null,6280.00,P Carly Serum 3_GD1_01_66467,3634814,3542181,3659813,3570160,3601742.04542188,54805.4222160212
466,20.556,877.72559,no MS2: TG 52:4|TG 8:0_8:0_36:4,[M+Na]+,null,1.00,False,14.237,877.72559,C55H98O6,TG,TVCXNLFXLACFHK-UHFFFAOYSA-N,O=C(OCC(OC(=O)CCCCCCC)COC(=O)CCCCCCCCCCCCCCCCCCCCCCC=CCC=CCC=CCC=CCC)CCCCCCC,530,False,True,False,Normalized unit: Intensity; Annotation method: Msp20260116160945_NCDK_conventional_converted_dev_1,False,False,466,0,0.00,1.00,null,null,null,-1.00,-1.00,-0.143,3993.72,P Carly Serum 4_GD1_01_66468,5358102,5250329,5258518,5321138,5297021.95271875,51559.3257770546
467,16.897,878.70190,no MS2: Cer 59:13;O4|Cer 13:1;O2/46:12;O2,[M+H-H2O]+,null,1.00,False,12.183,878.70209,C59H93NO5,Cer_EOS,ANCLIXHJRHMOLC-UHFFFAOYSA-N,O=C(OCCC=CCC=CCC=CCC=CCC=CCCCCCCCC(=O)NC(CO)C(O)C=CCCCCCCCC)CCC=CCC=CCC=CCC=CCC=CCC=CCC,530,False,True,False,Normalized unit: Intensity; Annotation method: Msp20260116160945_NCDK_conventional_converted_dev_1,False,False,467,0,0.00,1.00,null,null,null,-1.00,-1.00,-0.143,1123.74,P Carly Serum 4_GD1_01_66468,951082,947414,955997,969884,956094.500031251,9842.9406267451
468,21.712,878.81531,no MS2: TG 52:1|TG 8:0_8:0_36:1,[M+NH4]+,null,1.00,False,15.104,878.81708,C55H104O6,TG,SQUKIHAMTAEABK-UHFFFAOYSA-N,O=C(OCC(OC(=O)CCCCCCC)COC(=O)CCCCCCCCCCCCCCCCCCCCCCCC=CCCCCCCCCCC)CCCCCCC,530,False,True,False,Normalized unit: Intensity; Annotation method: Msp20260116160945_NCDK_conventional_converted_dev_1,False,False,468,0,0.00,1.00,null,null,null,-1.00,-1.00,-0.143,32502.30,P Carly Serum 4_GD1_01_66468,21975679,21085595,21451897,21335077,21462062.2492656,374948.190559121
469,21.715,878.98206,Unknown,[M+H]+,null,0.25,False,null,null,null,null,null,null,999,False,False,False,Normalized unit: Intensity,False,False,469,0,0.00,null,null,null,null,null,null,null,512.32,P Carly Serum 4_GD1_01_66468,229838,216416,219636,236330,225555.01221875,9183.12956761556
470,21.703,879.10199,Unknown,[M+H]+,null,1.00,False,null,null,null,null,null,null,999,False,False,False,Normalized unit: Intensity,False,False,470,0,0.00,null,null,null,null,null,null,null,661.91,P Carly Serum 4_GD1_01_66468,237432,225228,232678,244883,235055.201125,8255.25990512854
471,21.708,879.53235,Unknown,[M+H]+,null,1.00,False,null,null,null,null,null,null,999,False,False,False,Normalized unit: Intensity,False,False,471,0,0.00,null,null,null,null,null,null,null,692.52,P Carly Serum 4_GD1_01_66468,374368,357347,360751,375619,367021.271796874,9324.01258362311
472,20.971,879.74072,no MS2: TG 52:3|TG 8:0_8:0_36:3,[M+Na]+,null,1.00,False,14.469,879.74121,C55H100O6,TG,SMVJWGZQUSFCNG-UHFFFAOYSA-N,O=C(OCC(OC(=O)CCCCCCC)COC(=O)CCCCCCCCCCCCCCCCCCCCC=CCC=CCC=CCCCCCCC)CCCCCCC,530,False,True,False,Normalized unit: Intensity; Annotation method: Msp20260116160945_NCDK_conventional_converted_dev_1,False,False,472,0,0.00,1.00,null,null,null,-1.00,-1.00,-0.143,3094.97,P Carly Serum 2_GD1_01_66466,3251685,3195815,3132614,3167400,3186878.65210937,50345.1175649458
473,11.685,880.59210,no MS2: MGDG 43:11|MGDG 21:5_22:6,[M+NH4]+,null,1.00,False,10.228,880.59332,C52H78O10,MGDG,LNGJZNKLOBIKNA-UHFFFAOYSA-N,O=C(OCC(OC(=O)CCC=CCC=CCC=CCC=CCC=CCC=CCC)COC1OC(CO)C(O)C(O)C1O)CCCCC=CCC=CCC=CCC=CCC=CCC,530,False,True,False,Normalized unit: Intensity; Annotation method: Msp20260116160945_NCDK_conventional_converted_dev_1,False,False,473,0,0.00,1.00,null,null,null,-1.00,-1.00,-0.144,474.81,P Carly Serum 3_GD1_01_66467,498538,484921,488989,486463,489727.730484375,6108.45646820771
474,19.902,880.71735,no MS2: Cer 59:12;O4|Cer 13:1;O2/46:11;O2,[M+K]+,null,1.00,False,12.495,880.71771,C59H95NO5,Cer_EOS,AIIUQNKADIAVHY-UHFFFAOYSA-N,O=C(OCCC=CCC=CCC=CCC=CCCCCCCCCCCC(=O)NC(CO)C(O)C=CCCCCCCCC)CCC=CCC=CCC=CCC=CCC=CCC=CCC,530,False,True,False,Normalized unit: Intensity; Annotation method: Msp20260116160945_NCDK_conventional_converted_dev_1,False,False,474,0,0.00,1.00,null,null,null,-1.00,-1.00,-0.143,509.61,P Carly Serum 3_GD1_01_66467,413784,417112,404617,422277,414447.384171875,7426.59520926134
475,22.084,880.83228,no MS2: TG 52:0|TG 8:0_8:0_36:0,[M+NH4]+,null,1.00,False,15.344,880.83282,C55H106O6,TG,BSJPVRXTJVRYDO-UHFFFAOYSA-N,O=C(OCC(OC(=O)CCCCCCC)COC(=O)CCCCCCCCCCCCCCCCCCCCCCCCCCCCCCCCCCC)CCCCCCC,530,False,True,False,Normalized unit: Intensity; Annotation method: Msp20260116160945_NCDK_conventional_converted_dev_1,False,False,475,0,0.00,1.00,null,null,null,-1.00,-1.00,-0.144,1805.19,P Carly Serum 4_GD1_01_66468,1437531,1388160,1421974,1435981,1420911.37735938,22928.1337453452
476,21.331,881.75580,no MS2: TG 52:2|TG 8:0_8:0_36:2,[M+Na]+,null,1.00,False,14.765,881.75690,C55H102O6,TG,RNPAKTRKCHCWDH-UHFFFAOYSA-N,O=C(OCC(OC(=O)CCCCCCC)COC(=O)CCCCCCCCCCCCCCCCCCCCCCCC=CCC=CCCCCCCC)CCCCCCC,530,False,True,False,Normalized unit: Intensity; Annotation method: Msp20260116160945_NCDK_conventional_converted_dev_1,False,False,476,0,0.00,1.00,null,null,null,-1.00,-1.00,-0.143,3758.21,P Carly Serum 4_GD1_01_66468,3782872,3650193,3719696,3680725,3708371.564875,57235.6166516672
477,19.612,883.75006,no MS2: RIKEN P-VS1 ID-14640 from Mouse_Aorta_ApoEKO_N_F1DHA,[M+H]+,null,1.00,False,6.710,883.75031,null,Unknown,null,null,530,False,True,False,Normalized unit: Intensity; Annotation method: Msp20260116160945_NCDK_conventional_converted_dev_1,False,False,477,0,0.00,1.00,null,null,null,-1.00,-1.00,-0.129,339.00,P Carly Serum 2_GD1_01_66466,637767,762973,655403,662753,679723.853624999,56481.1020661112
478,21.734,883.77106,no MS2: TG 52:1|TG 8:0_8:0_36:1,[M+Na]+,null,1.00,False,15.104,883.77252,C55H104O6,TG,SQUKIHAMTAEABK-UHFFFAOYSA-N,O=C(OCC(OC(=O)CCCCCCC)COC(=O)CCCCCCCCCCCCCCCCCCCCCCCC=CCCCCCCCCCC)CCCCCCC,530,False,True,False,Normalized unit: Intensity; Annotation method: Msp20260116160945_NCDK_conventional_converted_dev_1,False,False,478,0,0.00,1.00,null,null,null,-1.00,-1.00,-0.143,1179.10,P Carly Serum 4_GD1_01_66468,1022689,980685,984134,998299,996451.811546872,19080.1124268428
479,20.036,885.76532,no MS2: SL 52:2;O2|SL 16:1;O/36:1;O,[M+NH4]+,null,1.00,False,13.025,885.76880,C52H101NO6S,SL,TXEQYFIONRTKEL-UHFFFAOYSA-N,O=C(N(CC(O)C=CCCCCCCCCCCC)CS(=O)(=O)O)C(O)CCCCCCCCCCCCCCCCCCCCCCC=CCCCCCCCCCC,530,False,True,False,Normalized unit: Intensity; Annotation method: Msp20260116160945_NCDK_conventional_converted_dev_1,False,False,479,0,0.00,0.93,null,null,null,-1.00,-1.00,-0.178,2611.58,P Carly Serum 2_GD1_01_66466,3265270,3236400,3256664,3222451,3245196.19110938,19400.6682231262
480,20.764,886.78546,no MS2: TG 53:4|TG 8:0_9:0_36:4,[M+NH4]+,null,1.00,False,14.667,886.78583,C56H100O6,TG,DKDMJQMLAKSNCB-UHFFFAOYSA-N,O=C(OCC(OC(=O)CCCCCCCC)COC(=O)CCCCCCCCCCCCCCCCCCCCCCC=CCC=CCC=CCC=CCC)CCCCCCC,530,False,True,False,Normalized unit: Intensity; Annotation method: Msp20260116160945_NCDK_conventional_converted_dev_1,False,False,480,0,0.00,1.00,null,null,null,-1.00,-1.00,-0.143,3043.26,P Carly Serum 4_GD1_01_66468,2600232,2556469,2584516,2571521,2578184.30915625,18638.0653124229
481,11.529,887.56683,no MS2: RIKEN P-VS1 ID-14751 from Mouse_Feces_WT_ABX_Ctr,[M+H]+,null,1.00,False,12.780,887.56549,null,Unknown,null,null,530,False,True,False,Normalized unit: Intensity; Annotation method: Msp20260116160945_NCDK_conventional_converted_dev_1,False,False,481,0,0.00,1.00,null,null,null,-1.00,-1.00,-0.129,681.19,P Carly Serum 2_GD1_01_66466,465387,452962,466902,463875,462281.425734375,6334.46973796058
482,20.461,887.78143,no MS2: SL 52:1;O2|SL 16:1;O/36:0;O,[M+NH4]+,null,1.00,False,13.348,887.78442,C52H103NO6S,SL,OTPOJKKXGSCVFS-UHFFFAOYSA-N,O=C(N(CC(O)C=CCCCCCCCCCCC)CS(=O)(=O)O)C(O)CCCCCCCCCCCCCCCCCCCCCCCCCCCCCCCCCC,530,False,True,False,Normalized unit: Intensity; Annotation method: Msp20260116160945_NCDK_conventional_converted_dev_1,False,False,482,0,0.00,0.94,null,null,null,-1.00,-1.00,-0.170,14531.18,P Carly Serum 4_GD1_01_66468,8844708,9033369,8906279,9136099,8980113.69757813,130325.006664391
483,18.179,888.76672,no MS2: RIKEN P-VS1 ID-14798 from Mouse_AdrenalGlands_WT_N_Ctr,[M+H]+,null,1.00,False,13.500,888.76819,null,Unknown,null,null,530,False,True,False,Normalized unit: Intensity; Annotation method: Msp20260116160945_NCDK_conventional_converted_dev_1,False,False,483,0,0.00,0.99,null,null,null,-1.00,-1.00,-0.135,494.05,P Carly Serum 4_GD1_01_66468,940054,917582,929736,990895,944566.701484376,32222.2352237014
484,21.132,888.80280,no MS2: TG 53:3|TG 8:0_9:0_36:3,[M+NH4]+,null,1.00,False,14.452,888.80151,C56H102O6,TG,PROAZUBDFFEGFS-UHFFFAOYSA-N,O=C(OCC(OC(=O)CCCCCCCC)COC(=O)CCCCCCCCCCCCCCCCCCCCC=CCC=CCC=CCCCCCCC)CCCCCCC,530,False,True,False,Normalized unit: Intensity; Annotation method: Msp20260116160945_NCDK_conventional_converted_dev_1,False,False,484,0,0.00,1.00,null,null,null,-1.00,-1.00,-0.143,3259.09,P Carly Serum 3_GD1_01_66467,3284309,3236328,3255651,3336896,3278295.85085937,43757.6572419853
485,20.868,889.79633,no MS2: SL 52:0;O2|SL 16:0;O/36:0;O,[M+NH4]+,null,1.00,False,13.492,889.80011,C52H105NO6S,SL,KUTAXGAHVKPUNJ-UHFFFAOYSA-N,O=C(N(CC(O)CCCCCCCCCCCCC)CS(=O)(=O)O)C(O)CCCCCCCCCCCCCCCCCCCCCCCCCCCCCCCCCC,530,False,True,False,Normalized unit: Intensity; Annotation method: Msp20260116160945_NCDK_conventional_converted_dev_1,False,False,485,0,0.00,0.93,null,null,null,-1.00,-1.00,-0.178,17746.80,P Carly Serum 2_GD1_01_66466,11703062,11398436,11385129,11518638,11501316.284125,147292.200540431
486,18.720,890.78113,no MS2: HexCer 49:2;O2|HexCer 17:0;O2/32:2,[M+H-H2O]+,null,1.00,False,13.323,890.78070,C55H105NO8,HexCer_NDS,XEOYQQVKZHAWGC-UHFFFAOYSA-N,O=C(NC(COC1OC(CO)C(O)C(O)C1O)C(O)CCCCCCCCCCCCCC)CCCCCCCCCCCCCCCCCCCC=CCC=CCCCCCCC,530,False,True,False,Normalized unit: Intensity; Annotation method: Msp20260116160945_NCDK_conventional_converted_dev_1,False,False,486,0,0.00,1.00,null,null,null,-1.00,-1.00,-0.143,627.91,P Carly Serum 3_GD1_01_66467,739142,707614,713220,731609,722896.18396875,14911.1229476421
487,21.530,890.81677,no MS2: TG 53:2|TG 8:0_8:1_37:1,[M+NH4]+,null,1.00,False,15.003,890.81708,C56H104O6,TG,PYYLIQYOBHNTCW-UHFFFAOYSA-N,O=C(OCC(OC(=O)CCC=CCCC)COC(=O)CCCCCCCCCCCCCCCCCCCCCCCCC=CCCCCCCCCCC)CCCCCCC,530,False,True,False,Normalized unit: Intensity; Annotation method: Msp20260116160945_NCDK_conventional_converted_dev_1,False,False,487,0,0.00,1.00,null,null,null,-1.00,-1.00,-0.143,4011.54,P Carly Serum 4_GD1_01_66468,3440920,3402942,3438422,3450160,3433111.13334376,20736.3417070713
488,20.166,891.68433,no MS2: RIKEN P-VS1 ID-14882 from Mouse_Spleen_WT_N_F1,[M+K]+,null,1.00,False,14.000,891.68628,null,Unknown,null,null,530,False,True,False,Normalized unit: Intensity; Annotation method: Msp20260116160945_NCDK_conventional_converted_dev_1,False,False,488,0,0.00,0.98,null,null,null,-1.00,-1.00,-0.139,566.74,P Carly Serum 2_GD1_01_66466,818452,822800,808975,825055,818820.309890625,7112.83264812941
489,21.279,891.81085,no MS2: RIKEN P-VS1 ID-14892 from Mouse_Plasma_ApoEKO_N_F1DHA,[M+H]+,null,1.00,False,14.840,891.81812,null,Unknown,null,null,530,False,True,False,Normalized unit: Intensity; Annotation method: Msp20260116160945_NCDK_conventional_converted_dev_1,False,False,489,0,0.00,0.77,null,null,null,-1.00,-1.00,-0.233,11317.09,P Carly Serum 4_GD1_01_66468,7267228,7008769,7281246,7321017,7219565.02928125,142365.590347972
490,12.849,892.65503,no MS2: RIKEN P-VS1 ID-14917 from Mouse_Eye_WT_N_Ctr,[M+H]+,null,1.00,False,9.800,892.65253,null,Unknown,null,null,530,False,True,False,Normalized unit: Intensity; Annotation method: Msp20260116160945_NCDK_conventional_converted_dev_1,False,False,490,0,0.00,0.97,null,null,null,-1.00,-1.00,-0.141,1126.49,P Carly Serum 1_GD1_01_66465,851705,822982,841006,848152,840961.17203125,12785.5859731977
491,20.543,893.70044,no MS2: DG 55:10,[M+K]+,null,1.00,False,13.426,893.69928,C58H94O5,DG,NBDAMURSQTXDDU-UHFFFAOYSA-N,O=C(OCC(OC(=O)CCCCCCC=CCC=CCC=CCC=CCC=CCC=CCC=CCC=CCC=CCC=CCC)CO)CCCCCCCCCCCCCCCC,530,False,True,False,Normalized unit: Intensity; Annotation method: Msp20260116160945_NCDK_conventional_converted_dev_1,False,False,491,0,0.00,1.00,null,null,null,-1.00,-1.00,-0.144,446.36,P Carly Serum 3_GD1_01_66467,690303,696708,668044,694417,687368.064953125,13152.2560159984
492,21.699,893.82672,Unknown,[M+H]+,null,1.00,False,null,null,null,null,null,null,999,False,False,False,Normalized unit: Intensity,False,False,492,0,0.00,null,null,null,null,null,null,null,1183.25,P Carly Serum 1_GD1_01_66465,1235095,1217245,1219791,1227591,1224930.32829687,8080.35553848546
493,20.075,894.75366,no MS2: TG 54:7|TG 8:0_8:0_38:7,[M+NH4]+,null,1.00,False,13.258,894.75452,C57H96O6,TG,VGEWCLLUPAZUPL-UHFFFAOYSA-N,O=C(OCC(OC(=O)CCCCCCC)COC(=O)CCCCCCCCCCCCCCCC=CCC=CCC=CCC=CCC=CCC=CCC=CCC)CCCCCCC,530,False,True,False,Normalized unit: Intensity; Annotation method: Msp20260116160945_NCDK_conventional_converted_dev_1,False,False,493,0,0.00,1.00,null,null,null,-1.00,-1.00,-0.143,739.19,P Carly Serum 3_GD1_01_66467,1793072,1745754,1767880,1847094,1788450.12773438,43614.2153821684
494,19.794,894.75433,no MS2: TG 54:7|TG 8:0_8:0_38:7,[M+NH4]+,null,1.00,False,13.258,894.75452,C57H96O6,TG,VGEWCLLUPAZUPL-UHFFFAOYSA-N,O=C(OCC(OC(=O)CCCCCCC)COC(=O)CCCCCCCCCCCCCCCC=CCC=CCC=CCC=CCC=CCC=CCC=CCC)CCCCCCC,530,False,True,False,Normalized unit: Intensity; Annotation method: Msp20260116160945_NCDK_conventional_converted_dev_1,False,False,494,0,0.00,1.00,null,null,null,-1.00,-1.00,-0.143,1558.64,P Carly Serum 2_GD1_01_66466,3049271,2985373,3044051,3032724,3027854.955625,29151.1298123526
495,20.210,896.76923,no MS2: TG 54:6|TG 8:0_8:0_38:6,[M+NH4]+,null,1.00,False,13.776,896.77020,C57H98O6,TG,MPJPHTZTJJUBFS-UHFFFAOYSA-N,O=C(OCC(OC(=O)CCCCCCC)COC(=O)CCCCCCCCCCCCCCCCCCC=CCC=CCC=CCC=CCC=CCC=CCC)CCCCCCC,530,False,True,False,Normalized unit: Intensity; Annotation method: Msp20260116160945_NCDK_conventional_converted_dev_1,False,False,495,0,0.00,1.00,null,null,null,-1.00,-1.00,-0.143,4999.55,P Carly Serum 2_GD1_01_66466,14365501,13662544,14243097,14451847,14180747.2282031,355926.411376809
496,20.452,896.77026,no MS2: TG 54:6|TG 8:0_8:0_38:6,[M+NH4]+,null,1.00,False,13.776,896.77020,C57H98O6,TG,MPJPHTZTJJUBFS-UHFFFAOYSA-N,O=C(OCC(OC(=O)CCCCCCC)COC(=O)CCCCCCCCCCCCCCCCCCC=CCC=CCC=CCC=CCC=CCC=CCC)CCCCCCC,530,False,True,False,Normalized unit: Intensity; Annotation method: Msp20260116160945_NCDK_conventional_converted_dev_1,False,False,496,0,0.00,1.00,null,null,null,-1.00,-1.00,-0.143,2766.99,P Carly Serum 4_GD1_01_66468,8447239,8227080,8403920,8632194,8427608.6395156,166346.390958113
497,20.842,898.78516,no MS2: TG 54:5|TG 8:0_8:0_38:5,[M+NH4]+,null,1.00,False,14.112,898.78583,C57H100O6,TG,QEUNXFKXMXOSEM-UHFFFAOYSA-N,O=C(OCC(OC(=O)CCCCCCC)COC(=O)CCCCCCCCCCCCCCCCCCCCCC=CCC=CCC=CCC=CCC=CCC)CCCCCCC,530,False,True,False,Normalized unit: Intensity; Annotation method: Msp20260116160945_NCDK_conventional_converted_dev_1,False,False,497,0,0.00,1.00,null,null,null,-1.00,-1.00,-0.143,12886.23,P Carly Serum 1_GD1_01_66465,10133341,9336665,10107096,9814242,9847836.05631251,370203.806524016
498,20.608,898.78589,no MS2: TG 54:5|TG 8:0_8:0_38:5,[M+NH4]+,null,1.00,False,14.112,898.78583,C57H100O6,TG,QEUNXFKXMXOSEM-UHFFFAOYSA-N,O=C(OCC(OC(=O)CCCCCCC)COC(=O)CCCCCCCCCCCCCCCCCCCCCC=CCC=CCC=CCC=CCC=CCC)CCCCCCC,530,False,True,False,Normalized unit: Intensity; Annotation method: Msp20260116160945_NCDK_conventional_converted_dev_1,False,False,498,0,0.00,1.00,null,null,null,-1.00,-1.00,-0.143,43100.71,P Carly Serum 4_GD1_01_66468,39566710,39049241,39149841,39946951,39428185.7830625,412060.373232663
499,20.592,898.95361,Unknown,[M+H]+,null,0.25,False,null,null,null,null,null,null,999,False,False,False,Normalized unit: Intensity,False,False,499,0,0.00,null,null,null,null,null,null,null,755.67,P Carly Serum 3_GD1_01_66467,416629,440496,436589,420934,428662.145078125,11653.5406623097
500,20.608,899.07422,Unknown,[M+H]+,null,1.00,False,null,null,null,null,null,null,999,False,False,False,Normalized unit: Intensity,False,False,500,0,0.00,null,null,null,null,null,null,null,952.91,P Carly Serum 4_GD1_01_66468,444343,448618,452754,452860,449643.72709375,4048.66892307082
501,20.608,899.50903,Unknown,[M+H]+,null,1.00,False,null,null,null,null,null,null,999,False,False,False,Normalized unit: Intensity,False,False,501,0,0.00,null,null,null,null,null,null,null,983.21,P Carly Serum 4_GD1_01_66468,719901,683975,717214,726703,711948.490359375,19071.4635643252
502,19.794,899.71106,no MS2: TG 54:7|TG 8:0_8:0_38:7,[M+Na]+,null,1.00,False,13.258,899.70990,C57H96O6,TG,VGEWCLLUPAZUPL-UHFFFAOYSA-N,O=C(OCC(OC(=O)CCCCCCC)COC(=O)CCCCCCCCCCCCCCCC=CCC=CCC=CCC=CCC=CCC=CCC=CCC)CCCCCCC,530,False,True,False,Normalized unit: Intensity; Annotation method: Msp20260116160945_NCDK_conventional_converted_dev_1,False,False,502,0,0.00,1.00,null,null,null,-1.00,-1.00,-0.143,585.97,P Carly Serum 4_GD1_01_66468,861812,883770,851413,886440,870858.829750001,17024.0357728723
503,20.997,900.80060,no MS2: TG 54:4|TG 8:0_8:0_38:4,[M+NH4]+,null,1.00,False,14.090,900.80151,C57H102O6,TG,SDHHDMYGROQKNA-UHFFFAOYSA-N,O=C(OCC(OC(=O)CCCCCCC)COC(=O)CCCCCCCCCCCCCCCCCCCCCCCCC=CCC=CCC=CCC=CCC)CCCCCCC,530,False,True,False,Normalized unit: Intensity; Annotation method: Msp20260116160945_NCDK_conventional_converted_dev_1,False,False,503,0,0.00,1.00,null,null,null,-1.00,-1.00,-0.143,72286.27,P Carly Serum 4_GD1_01_66468,62538313,58235022,62567281,61813772,61288597.3715625,2065345.13581625
504,20.997,900.96710,Unknown,[M+H]+,null,1.00,False,null,null,null,null,null,null,999,False,False,False,Normalized unit: Intensity,False,False,504,0,0.00,null,null,null,null,null,null,null,1755.64,P Carly Serum 3_GD1_01_66467,999188,986532,999886,997580,995796.282828125,6251.3625074074
505,20.997,901.09229,Unknown,[M+H]+,null,1.00,False,null,null,null,null,null,null,999,False,False,False,Normalized unit: Intensity,False,False,505,0,0.00,null,null,null,null,null,null,null,1808.94,P Carly Serum 3_GD1_01_66467,916215,918752,932004,937960,926232.77490625,10442.5211337229
506,20.997,901.52515,Unknown,[M+H]+,null,1.00,False,null,null,null,null,null,null,999,False,False,False,Normalized unit: Intensity,False,False,506,0,0.00,null,null,null,null,null,null,null,2097.49,P Carly Serum 3_GD1_01_66467,1353508,1359072,1361630,1373930,1362034.82542187,8624.70906592365
507,20.210,901.72485,no MS2: TG 54:6|TG 8:0_8:0_38:6,[M+Na]+,null,1.00,False,13.776,901.72559,C57H98O6,TG,MPJPHTZTJJUBFS-UHFFFAOYSA-N,O=C(OCC(OC(=O)CCCCCCC)COC(=O)CCCCCCCCCCCCCCCCCCC=CCC=CCC=CCC=CCC=CCC=CCC)CCCCCCC,530,False,True,False,Normalized unit: Intensity; Annotation method: Msp20260116160945_NCDK_conventional_converted_dev_1,False,False,507,0,0.00,1.00,null,null,null,-1.00,-1.00,-0.143,1974.00,P Carly Serum 2_GD1_01_66466,2283193,2311433,2287219,2339658,2305375.6726875,26036.4672087562
508,20.703,902.79980,no MS2: MGDG O-44:0|MGDG O-16:0_28:0,[M+NH4]+,null,1.00,False,13.330,902.80188,C53H104O9,EtherMGDG,HCOMETCRCZWWNZ-UHFFFAOYSA-N,O=C(OC(COCCCCCCCCCCCCCCCC)COC1OC(CO)C(O)C(O)C1O)CCCCCCCCCCCCCCCCCCCCCCCCCCC,530,False,True,False,Normalized unit: Intensity; Annotation method: Msp20260116160945_NCDK_conventional_converted_dev_1,False,False,508,0,0.00,0.99,null,null,null,-1.00,-1.00,-0.149,931.01,P Carly Serum 2_GD1_01_66466,1339529,1313567,1344568,1348552,1336554.16390625,15763.0514257847
509,21.365,902.81580,no MS2: TG 54:3|TG 8:0_8:0_38:3,[M+NH4]+,null,1.00,False,14.407,902.81708,C57H104O6,TG,RCSKZUBNPPWQCB-UHFFFAOYSA-N,O=C(OCC(OC(=O)CCCCCCC)COC(=O)CCCCCCCCCCCCCCCCCCCCCCC=CCC=CCC=CCCCCCCC)CCCCCCC,530,False,True,False,Normalized unit: Intensity; Annotation method: Msp20260116160945_NCDK_conventional_converted_dev_1,False,False,509,0,0.00,1.00,null,null,null,-1.00,-1.00,-0.143,49542.52,P Carly Serum 4_GD1_01_66468,53199022,51236663,53506739,51665175,52401899.6323907,1119019.22031503
510,21.365,902.98267,Unknown,[M+H]+,null,1.00,False,null,null,null,null,null,null,999,False,False,False,Normalized unit: Intensity,False,False,510,0,0.00,null,null,null,null,null,null,null,1454.25,P Carly Serum 3_GD1_01_66467,741048,732718,736626,731539,735482.752109375,4300.54091696569
511,21.365,903.10791,Unknown,[M+H]+,null,1.00,False,null,null,null,null,null,null,999,False,False,False,Normalized unit: Intensity,False,False,511,0,0.00,null,null,null,null,null,null,null,1621.53,P Carly Serum 3_GD1_01_66467,723189,711672,746399,746491,731937.649171875,17398.5556613678
512,21.365,903.54272,Unknown,[M+H]+,null,1.00,False,null,null,null,null,null,null,999,False,False,False,Normalized unit: Intensity,False,False,512,0,0.00,null,null,null,null,null,null,null,2114.83,P Carly Serum 4_GD1_01_66468,1110066,1085284,1109500,1125287,1107534.02395313,16537.9465532759
513,20.625,903.74139,no MS2: TG 54:5|TG 8:0_8:0_38:5,[M+Na]+,null,1.00,False,14.112,903.74121,C57H100O6,TG,QEUNXFKXMXOSEM-UHFFFAOYSA-N,O=C(OCC(OC(=O)CCCCCCC)COC(=O)CCCCCCCCCCCCCCCCCCCCCC=CCC=CCC=CCC=CCC=CCC)CCCCCCC,530,False,True,False,Normalized unit: Intensity; Annotation method: Msp20260116160945_NCDK_conventional_converted_dev_1,False,False,513,0,0.00,1.00,null,null,null,-1.00,-1.00,-0.143,2099.54,P Carly Serum 3_GD1_01_66467,2497482,2422107,2445013,2468343,2458236.28870313,32261.903732435
514,11.533,904.59186,no MS2: TG 51:13;O4|TG 15:4_16:4_20:5;O4,[M+NH4]+,null,1.00,False,9.610,904.59332,C54H78O10,OxTG,OLKZZFUSLLZFHS-UHFFFAOYSA-N,O=C(OCC(OC(=O)CCC=CCC=CCC=CCC=CCC)COC(=O)CCC(O)C=CCC=CCC(O)C=CC=CC=CC(O)C(O)C)CC=CCC=CCC=CCC=CCC,530,False,True,False,Normalized unit: Intensity; Annotation method: Msp20260116160945_NCDK_conventional_converted_dev_1,False,False,514,0,0.00,1.00,null,null,null,-1.00,-1.00,-0.143,1606.25,P Carly Serum 4_GD1_01_66468,1645835,1594028,1573577,1606173,1604903.399125,30422.8692106834
515,18.049,904.76141,no MS2: AHexCer 49:2;O2|AHexCer (O-24:0)12:1;O2/13:1,[M+H-H2O]+,null,1.00,False,13.362,904.76001,C55H103NO9,AHexCer,ZJVXDAYHDIUFTI-UHFFFAOYSA-N,O=C(OCC1OC(OCC(NC(=O)CCCCCCCC=CCCC)C(O)C=CCCCCCCC)C(O)C(O)C1O)CCCCCCCCCCCCCCCCCCCCCCC,530,False,True,False,Normalized unit: Intensity; Annotation method: Msp20260116160945_NCDK_conventional_converted_dev_1,False,False,515,0,0.00,0.99,null,null,null,-1.00,-1.00,-0.147,363.50,P Carly Serum 1_GD1_01_66465,820099,811054,833058,839119,825832.5761875,12649.1395335362
516,21.729,904.83215,no MS2: TG 54:2|TG 8:0_8:0_38:2,[M+NH4]+,null,1.00,False,14.863,904.83282,C57H106O6,TG,CJABAEYPPMEUSO-UHFFFAOYSA-N,O=C(OCC(OC(=O)CCCCCCC)COC(=O)CCCCCCCCCCCCCCCCCCCCCCCCCC=CCC=CCCCCCCC)CCCCCCC,530,False,True,False,Normalized unit: Intensity; Annotation method: Msp20260116160945_NCDK_conventional_converted_dev_1,False,False,516,0,0.00,1.00,null,null,null,-1.00,-1.00,-0.144,19739.19,P Carly Serum 4_GD1_01_66468,18146492,17899360,17967730,18309910,18080873.371375,184853.17998209
517,21.019,905.75586,no MS2: TG 54:4|TG 8:0_8:0_38:4,[M+Na]+,null,1.00,False,14.090,905.75690,C57H102O6,TG,SDHHDMYGROQKNA-UHFFFAOYSA-N,O=C(OCC(OC(=O)CCCCCCC)COC(=O)CCCCCCCCCCCCCCCCCCCCCCCCC=CCC=CCC=CCC=CCC)CCCCCCC,530,False,True,False,Normalized unit: Intensity; Annotation method: Msp20260116160945_NCDK_conventional_converted_dev_1,False,False,517,0,0.00,1.00,null,null,null,-1.00,-1.00,-0.143,1535.64,P Carly Serum 4_GD1_01_66468,1521972,1463090,1500878,1515840,1500444.97257812,26432.4631599773
518,18.599,906.77734,no MS2: AHexCer 49:1;O2|AHexCer (O-24:0)12:1;O2/13:0,[M+H-H2O]+,null,1.00,False,13.913,906.77557,C55H105NO9,AHexCer,USVSSNODPBOSEV-UHFFFAOYSA-N,O=C(OCC1OC(OCC(NC(=O)CCCCCCCCCCCC)C(O)C=CCCCCCCC)C(O)C(O)C1O)CCCCCCCCCCCCCCCCCCCCCCC,530,False,True,False,Normalized unit: Intensity; Annotation method: Msp20260116160945_NCDK_conventional_converted_dev_1,False,False,518,0,0.00,1.00,null,null,null,-1.00,-1.00,-0.144,560.99,P Carly Serum 3_GD1_01_66467,698462,688882,690284,707234,696215.457421875,8473.76384051751
519,22.093,906.84766,no MS2: TG 54:1|TG 8:0_8:0_38:1,[M+NH4]+,null,1.00,False,15.126,906.84839,C57H108O6,TG,LELWTXMKFFCBDE-UHFFFAOYSA-N,O=C(OCC(OC(=O)CCCCCCC)COC(=O)CCCCCCCCCCCCCCCCCCCCCCCCCC=CCCCCCCCCCC)CCCCCCC,530,False,True,False,Normalized unit: Intensity; Annotation method: Msp20260116160945_NCDK_conventional_converted_dev_1,False,False,519,0,0.00,1.00,null,null,null,-1.00,-1.00,-0.144,2905.39,P Carly Serum 4_GD1_01_66468,2401706,2289953,2366003,2390032,2361923.6085625,50230.1371831707
520,21.404,907.77118,no MS2: TG 54:3|TG 8:0_8:0_38:3,[M+Na]+,null,1.00,False,14.407,907.77252,C57H104O6,TG,RCSKZUBNPPWQCB-UHFFFAOYSA-N,O=C(OCC(OC(=O)CCCCCCC)COC(=O)CCCCCCCCCCCCCCCCCCCCCCC=CCC=CCC=CCCCCCCC)CCCCCCC,530,False,True,False,Normalized unit: Intensity; Annotation method: Msp20260116160945_NCDK_conventional_converted_dev_1,False,False,520,0,0.00,1.00,null,null,null,-1.00,-1.00,-0.144,2749.87,P Carly Serum 2_GD1_01_66466,2371000,2303209,2308870,2334135,2329303.56851563,30878.0619038678
521,21.755,909.78632,no MS2: TG 54:2|TG 8:0_8:0_38:2,[M+Na]+,null,1.00,False,14.863,909.78821,C57H106O6,TG,CJABAEYPPMEUSO-UHFFFAOYSA-N,O=C(OCC(OC(=O)CCCCCCC)COC(=O)CCCCCCCCCCCCCCCCCCCCCCCCCC=CCC=CCCCCCCC)CCCCCCC,530,False,True,False,Normalized unit: Intensity; Annotation method: Msp20260116160945_NCDK_conventional_converted_dev_1,False,False,521,0,0.00,1.00,null,null,null,-1.00,-1.00,-0.143,1830.96,P Carly Serum 4_GD1_01_66468,1206080,1169272,1183113,1183944,1185602.2485625,15220.1431613746
522,20.188,911.78058,no MS2: SL 54:3;O2|SL 18:1;O/36:2;O,[M+NH4]+,null,1.00,False,13.129,911.78442,C54H103NO6S,SL,LUERMGCSBBAQHE-UHFFFAOYSA-N,O=C(N(CC(O)C=CCCCCCCCCCCCCC)CS(=O)(=O)O)C(O)CCCCCCCCCCCCCCCCCCCCCCC=CCC=CCCCCCCC,530,False,True,False,Normalized unit: Intensity; Annotation method: Msp20260116160945_NCDK_conventional_converted_dev_1,False,False,522,0,0.00,0.94,null,null,null,-1.00,-1.00,-0.172,6071.20,P Carly Serum 1_GD1_01_66465,6838632,6705103,6809286,6843590,6799152.77520313,64501.5206770245
523,20.556,913.79645,no MS2: SL 54:2;O2|SL 18:1;O/36:1;O,[M+NH4]+,null,1.00,False,13.305,913.80011,C54H105NO6S,SL,RKZQMLBZUOEOMF-UHFFFAOYSA-N,O=C(N(CC(O)C=CCCCCCCCCCCCCC)CS(=O)(=O)O)C(O)CCCCCCCCCCCCCCCCCCCCCCC=CCCCCCCCCCC,530,False,True,False,Normalized unit: Intensity; Annotation method: Msp20260116160945_NCDK_conventional_converted_dev_1,False,False,523,0,0.00,0.95,null,null,null,-1.00,-1.00,-0.168,32136.59,P Carly Serum 2_GD1_01_66466,22000989,21677738,22122207,22127820,21982188.6945156,211232.318434861
524,20.950,915.81195,no MS2: RIKEN P-VS1 ID-15692 from Mouse_Adipose_WT_N_F1,[M+H]+,null,1.00,False,14.190,915.81299,null,Unknown,null,null,530,False,True,False,Normalized unit: Intensity; Annotation method: Msp20260116160945_NCDK_conventional_converted_dev_1,False,False,524,0,0.00,1.00,null,null,null,-1.00,-1.00,-0.129,20292.25,P Carly Serum 4_GD1_01_66468,24215254,23344196,23481369,23927094,23741978.3336719,401831.528625976
525,20.210,917.69995,no MS2: DG 57:12,[M+K]+,null,1.00,False,13.248,917.69928,C60H94O5,DG,TZXIPIBDSSTJFX-UHFFFAOYSA-N,O=C(OCC(OC(=O)CCCCCCC=CCC=CCC=CCC=CCC=CCC=CCC=CCC=CCC=CCC=CCC)CO)CCCCCCCC=CCC=CCCCCCC,530,False,True,False,Normalized unit: Intensity; Annotation method: Msp20260116160945_NCDK_conventional_converted_dev_1,False,False,525,0,0.00,1.00,null,null,null,-1.00,-1.00,-0.143,451.32,P Carly Serum 3_GD1_01_66467,791838,812106,794175,782014,795033.28496875,12542.5193936962
526,21.322,917.82654,no MS2: SL 54:0;O2|SL 18:0;O/36:0;O,[M+NH4]+,null,1.00,False,13.738,917.83142,C54H109NO6S,SL,ZCFCOQUQAMEYLD-UHFFFAOYSA-N,O=C(N(CC(O)CCCCCCCCCCCCCCC)CS(=O)(=O)O)C(O)CCCCCCCCCCCCCCCCCCCCCCCCCCCCCCCCCC,530,False,True,False,Normalized unit: Intensity; Annotation method: Msp20260116160945_NCDK_conventional_converted_dev_1,False,False,526,0,0.00,0.93,null,null,null,-1.00,-1.00,-0.179,15179.56,P Carly Serum 4_GD1_01_66468,19971905,19201640,19962114,19414345,19637501.0871406,390287.37528785
527,21.716,919.84161,Unknown,[M+H]+,null,1.00,False,null,null,null,null,null,null,999,False,False,False,Normalized unit: Intensity,False,False,527,0,0.00,null,null,null,null,null,null,null,4937.85,P Carly Serum 1_GD1_01_66465,4578402,4452897,4525209,4470019,4506631.80831249,56932.4432620671
528,20.279,920.76965,no MS2: TG 56:8|TG 8:0_10:0_38:8,[M+NH4]+,null,1.00,False,13.038,920.77020,C59H98O6,TG,IGKHUCZLFYVCFZ-UHFFFAOYSA-N,O=C(OCC(OC(=O)CCCCCCCCC)COC(=O)CCCCCCCCCCCCC=CCC=CCC=CCC=CCC=CCC=CCC=CCC=CCC)CCCCCCC,530,False,True,False,Normalized unit: Intensity; Annotation method: Msp20260116160945_NCDK_conventional_converted_dev_1,False,False,528,0,0.00,1.00,null,null,null,-1.00,-1.00,-0.143,1951.83,P Carly Serum 3_GD1_01_66467,1816560,1673948,1822396,1809083,1780496.58564062,71241.1626746029
529,20.088,920.76996,no MS2: TG 56:8|TG 8:0_10:0_38:8,[M+NH4]+,null,1.00,False,13.038,920.77020,C59H98O6,TG,IGKHUCZLFYVCFZ-UHFFFAOYSA-N,O=C(OCC(OC(=O)CCCCCCCCC)COC(=O)CCCCCCCCCCCCC=CCC=CCC=CCC=CCC=CCC=CCC=CCC=CCC)CCCCCCC,530,False,True,False,Normalized unit: Intensity; Annotation method: Msp20260116160945_NCDK_conventional_converted_dev_1,False,False,529,0,0.00,1.00,null,null,null,-1.00,-1.00,-0.143,1640.73,P Carly Serum 2_GD1_01_66466,1424490,1465180,1466821,1646340,1500707.8564375,99042.8564391387
530,22.076,921.85852,Unknown,[M+H]+,null,1.00,False,null,null,null,null,null,null,999,False,False,False,Normalized unit: Intensity,False,False,530,0,0.00,null,null,null,null,null,null,null,503.34,P Carly Serum 1_GD1_01_66465,600100,575206,589958,587313,588144.271109376,10236.018103367
531,19.906,922.74872,no MS2: RIKEN P-VS1 ID-15881 from Mouse_AdrenalGlands_WT_N_Ctr,[M+H]+,null,1.00,False,7.590,922.74683,null,Unknown,null,null,530,False,True,False,Normalized unit: Intensity; Annotation method: Msp20260116160945_NCDK_conventional_converted_dev_1,False,False,531,0,0.00,0.98,null,null,null,-1.00,-1.00,-0.137,342.46,P Carly Serum 3_GD1_01_66467,344728,359462,343802,360006,351999.41728125,8941.89897948604
532,20.686,922.78589,no MS2: RIKEN P-VS1 ID-15887 from Mouse_SmallIntestine_WT_N_F1AA,[M+H]+,null,1.00,False,15.040,922.78387,null,Unknown,null,null,530,False,True,False,Normalized unit: Intensity; Annotation method: Msp20260116160945_NCDK_conventional_converted_dev_1,False,False,532,0,0.00,0.99,null,null,null,-1.00,-1.00,-0.131,3163.83,P Carly Serum 1_GD1_01_66465,3332729,3312372,3286073,3441244,3343104.792625,68156.8885891201
533,20.478,922.78607,no MS2: RIKEN P-VS1 ID-15887 from Mouse_SmallIntestine_WT_N_F1AA,[M+H]+,null,1.00,False,15.040,922.78387,null,Unknown,null,null,530,False,True,False,Normalized unit: Intensity; Annotation method: Msp20260116160945_NCDK_conventional_converted_dev_1,False,False,533,0,0.00,0.99,null,null,null,-1.00,-1.00,-0.134,6922.75,P Carly Serum 1_GD1_01_66465,5457707,5273206,5437953,5416719,5396396.0759375,83814.8811633387
534,21.434,923.74634,no MS2: DG 57:9,[M+K]+,null,0.75,False,13.490,923.74628,C60H100O5,DG,AFLNCWHCYVMIFE-UHFFFAOYSA-N,O=C(OCC(OC(=O)CCCCCCCCCC=CCC=CCC=CCC=CCC=CCC=CCC=CCC=CCC=CCC)CO)CCCCCCCCCCCCCCCCCC,530,False,True,False,Normalized unit: Intensity; Annotation method: Msp20260116160945_NCDK_conventional_converted_dev_1,False,False,534,0,0.00,1.00,null,null,null,-1.00,-1.00,-0.143,370.95,P Carly Serum 4_GD1_01_66468,328400,307693,328802,324336,322307.734359375,9949.71406594303
535,20.210,923.78137,no MS2: SL 55:4;O2|SL 19:1;O/36:3;O,[M+NH4]+,null,1.00,False,13.115,923.78442,C55H103NO6S,SL,RKMJEAHFPKCJPX-UHFFFAOYSA-N,O=C(N(CC(O)C=CCCCCCCCCCCCCCC)CS(=O)(=O)O)C(O)CCCCCCCCCCCCCCCCCCCC=CCC=CCC=CCCCCCCC,530,False,True,False,Normalized unit: Intensity; Annotation method: Msp20260116160945_NCDK_conventional_converted_dev_1,False,False,535,0,0.00,0.95,null,null,null,-1.00,-1.00,-0.169,3358.78,P Carly Serum 1_GD1_01_66465,2881457,2766670,2844481,2812779,2826346.86543751,48687.4025586318
536,20.863,924.80096,no MS2: TG 56:6|TG 8:0_10:0_38:6,[M+NH4]+,null,1.00,False,13.927,924.80151,C59H102O6,TG,NBELXFIZZACUET-UHFFFAOYSA-N,O=C(OCC(OC(=O)CCCCCCCCC)COC(=O)CCCCCCCCCCCCCCCCCCC=CCC=CCC=CCC=CCC=CCC=CCC)CCCCCCC,530,False,True,False,Normalized unit: Intensity; Annotation method: Msp20260116160945_NCDK_conventional_converted_dev_1,False,False,536,0,0.00,1.00,null,null,null,-1.00,-1.00,-0.143,7592.98,P Carly Serum 2_GD1_01_66466,11062127,10743350,11049155,11056920,10977888.2096094,156449.451578239
537,20.625,925.79614,no MS2: SL 55:3;O2|SL 19:1;O/36:2;O,[M+NH4]+,null,1.00,False,13.086,925.80011,C55H105NO6S,SL,BJQQWDMWCSIMCW-UHFFFAOYSA-N,O=C(N(CC(O)C=CCCCCCCCCCCCCCC)CS(=O)(=O)O)C(O)CCCCCCCCCCCCCCCCCCCCCCC=CCC=CCCCCCCC,530,False,True,False,Normalized unit: Intensity; Annotation method: Msp20260116160945_NCDK_conventional_converted_dev_1,False,False,537,0,0.00,0.96,null,null,null,-1.00,-1.00,-0.164,6060.14,P Carly Serum 2_GD1_01_66466,5534621,5216072,5499417,5370627,5405184.35346875,144442.957693058
538,21.301,926.81586,no MS2: TG 56:5|TG 8:0_10:0_38:5,[M+NH4]+,null,1.00,False,14.139,926.81708,C59H104O6,TG,PSNIIMQPZCNEHN-UHFFFAOYSA-N,O=C(OCC(OC(=O)CCCCCCCCC)COC(=O)CCCCCCCCCCCCCCCCCCCCCC=CCC=CCC=CCC=CCC=CCC)CCCCCCC,530,False,True,False,Normalized unit: Intensity; Annotation method: Msp20260116160945_NCDK_conventional_converted_dev_1,False,False,538,0,0.00,1.00,null,null,null,-1.00,-1.00,-0.144,3397.67,P Carly Serum 4_GD1_01_66468,4158572,4197165,4074952,4103976,4133666.49026562,54715.3404649277
539,21.071,926.81738,no MS2: TG 56:5|TG 8:0_10:0_38:5,[M+NH4]+,null,1.00,False,14.139,926.81708,C59H104O6,TG,PSNIIMQPZCNEHN-UHFFFAOYSA-N,O=C(OCC(OC(=O)CCCCCCCCC)COC(=O)CCCCCCCCCCCCCCCCCCCCCC=CCC=CCC=CCC=CCC=CCC)CCCCCCC,530,False,True,False,Normalized unit: Intensity; Annotation method: Msp20260116160945_NCDK_conventional_converted_dev_1,False,False,539,0,0.00,1.00,null,null,null,-1.00,-1.00,-0.143,1324.53,P Carly Serum 4_GD1_01_66468,2192354,2054146,2272272,2296636,2203851.93751564,109292.010991297
540,21.409,928.83087,no MS2: TG 56:4|TG 8:0_10:0_38:4,[M+NH4]+,null,1.00,False,14.334,928.83282,C59H106O6,TG,CUJMGXOPUGXHPB-UHFFFAOYSA-N,O=C(OCC(OC(=O)CCCCCCCCC)COC(=O)CCCCCCCCCCCCCCCCCCCCCCCCC=CCC=CCC=CCC=CCC)CCCCCCC,530,False,True,False,Normalized unit: Intensity; Annotation method: Msp20260116160945_NCDK_conventional_converted_dev_1,False,False,540,0,0.00,1.00,null,null,null,-1.00,-1.00,-0.145,1626.96,P Carly Serum 4_GD1_01_66468,3581819,3274053,3507121,3356340,3429833.44464063,139930.512277753
541,18.170,929.79291,no MS2: DG 57:6,[M+Na]+,null,1.00,False,14.538,929.79321,C60H106O5,DG,RITLQQRNPCGCSX-UHFFFAOYSA-N,O=C(OCC(OC(=O)CCCCCCCCCCCCCCCCCCC=CCC=CCC=CCC=CCC=CCC=CCC)CO)CCCCCCCCCCCCCCCCCC,530,False,True,False,Normalized unit: Intensity; Annotation method: Msp20260116160945_NCDK_conventional_converted_dev_1,False,False,541,0,0.00,1.00,null,null,null,-1.00,-1.00,-0.143,539.12,P Carly Serum 4_GD1_01_66468,1001441,916054,996651,1007690,980459.033687501,43174.1317743596
542,21.751,930.84644,no MS2: TG 56:3|TG 8:0_10:0_38:3,[M+NH4]+,null,1.00,False,14.826,930.84839,C59H108O6,TG,NOVXGRSLICIXCX-UHFFFAOYSA-N,O=C(OCC(OC(=O)CCCCCCCCC)COC(=O)CCCCCCCCCCCCCCCCCCCCCCC=CCC=CCC=CCCCCCCC)CCCCCCC,530,False,True,False,Normalized unit: Intensity; Annotation method: Msp20260116160945_NCDK_conventional_converted_dev_1,False,False,542,0,0.00,1.00,null,null,null,-1.00,-1.00,-0.144,1891.28,P Carly Serum 4_GD1_01_66468,1864938,1784511,1791614,1860202,1825316.26390625,43157.945815418
543,21.502,931.84186,no MS2: SL 55:0;O2|SL 19:0;O/36:0;O,[M+NH4]+,null,0.75,False,13.897,931.84698,C55H111NO6S,SL,GGYZFEAOQHKSAV-UHFFFAOYSA-N,O=C(N(CC(O)CCCCCCCCCCCCCCCC)CS(=O)(=O)O)C(O)CCCCCCCCCCCCCCCCCCCCCCCCCCCCCCCCCC,530,False,True,False,Normalized unit: Intensity; Annotation method: Msp20260116160945_NCDK_conventional_converted_dev_1,False,False,543,0,0.00,0.88,null,null,null,-1.00,-1.00,-0.201,1076.15,P Carly Serum 2_GD1_01_66466,841831,827396,894480,932515,874055.529359378,48477.6764575485
544,22.106,932.86310,no MS2: TG 56:2|TG 8:0_10:0_38:2,[M+NH4]+,null,1.00,False,14.958,932.86407,C59H110O6,TG,RKKOGNQHZJLVOB-UHFFFAOYSA-N,O=C(OCC(OC(=O)CCCCCCCCC)COC(=O)CCCCCCCCCCCCCCCCCCCCCCCCCC=CCC=CCCCCCCC)CCCCCCC,530,False,True,False,Normalized unit: Intensity; Annotation method: Msp20260116160945_NCDK_conventional_converted_dev_1,False,False,544,0,0.00,1.00,null,null,null,-1.00,-1.00,-0.143,1084.26,P Carly Serum 4_GD1_01_66468,855769,809551,829380,843071,834442.691718751,19786.0748146572
545,19.794,935.78088,no MS2: SL 56:5;O2|SL 20:1;O/36:4;O,[M+NH4]+,null,1.00,False,13.014,935.78442,C56H103NO6S,SL,PHDHFBMOFYGFMP-UHFFFAOYSA-N,O=C(N(CC(O)C=CCCCCCCCCCCCCCCC)CS(=O)(=O)O)C(O)CCCCCCCCCCCCCCCCCCCCCC=CCC=CCC=CCC=CCC,530,False,True,False,Normalized unit: Intensity; Annotation method: Msp20260116160945_NCDK_conventional_converted_dev_1,False,False,545,0,0.00,0.96,null,null,null,-1.00,-1.00,-0.160,1873.73,P Carly Serum 1_GD1_01_66465,1784567,1793395,1791716,1822934,1798152.90860938,16958.4976090853
546,20.210,937.79602,no MS2: SL 56:4;O2|SL 20:1;O/36:3;O,[M+NH4]+,null,1.00,False,13.014,937.80011,C56H105NO6S,SL,JUSBJBFGGMEXHL-UHFFFAOYSA-N,O=C(N(CC(O)C=CCCCCCCCCCCCCCCC)CS(=O)(=O)O)C(O)CCCCCCCCCCCCCCCCCCCC=CCC=CCC=CCCCCCCC,530,False,True,False,Normalized unit: Intensity; Annotation method: Msp20260116160945_NCDK_conventional_converted_dev_1,False,False,546,0,0.00,0.94,null,null,null,-1.00,-1.00,-0.173,6070.11,P Carly Serum 1_GD1_01_66465,5583608,5576833,5603745,5681641,5611456.70660938,48165.425192278
547,20.439,937.79608,no MS2: SL 56:4;O2|SL 20:1;O/36:3;O,[M+NH4]+,null,1.00,False,13.014,937.80011,C56H105NO6S,SL,JUSBJBFGGMEXHL-UHFFFAOYSA-N,O=C(N(CC(O)C=CCCCCCCCCCCCCCCC)CS(=O)(=O)O)C(O)CCCCCCCCCCCCCCCCCCCC=CCC=CCC=CCCCCCCC,530,False,True,False,Normalized unit: Intensity; Annotation method: Msp20260116160945_NCDK_conventional_converted_dev_1,False,False,547,0,0.00,0.96,null,null,null,-1.00,-1.00,-0.162,1951.28,P Carly Serum 2_GD1_01_66466,2230680,2063755,2198499,2106344,2149819.52084374,77900.1117045654
548,20.608,939.81152,no MS2: RIKEN P-VS1 ID-16357 from Mouse_Plasma_ApoEKO_N_Ctr,[M+H]+,null,1.00,False,14.550,939.81110,null,Unknown,null,null,530,False,True,False,Normalized unit: Intensity; Annotation method: Msp20260116160945_NCDK_conventional_converted_dev_1,False,False,548,0,0.00,1.00,null,null,null,-1.00,-1.00,-0.129,6913.43,P Carly Serum 1_GD1_01_66465,10053444,9619521,9730247,9982581,9846448.00573437,205246.277939332
549,21.010,941.82684,no MS2: RIKEN P-VS1 ID-16410 from Mouse_Plasma_ApoEKO_N_Ctr,[M+H]+,null,1.00,False,14.590,941.83038,null,Unknown,null,null,530,False,True,False,Normalized unit: Intensity; Annotation method: Msp20260116160945_NCDK_conventional_converted_dev_1,False,False,549,0,0.00,0.97,null,null,null,-1.00,-1.00,-0.140,8996.35,P Carly Serum 2_GD1_01_66466,9097847,8824095,8976042,8725381,8905841.35701562,164359.766107479
550,21.383,943.84241,no MS2: SL 56:1;O2|SL 20:1;O/36:0;O,[M+NH4]+,null,1.00,False,13.488,943.84698,C56H111NO6S,SL,UXHYRBQZQNMJJU-UHFFFAOYSA-N,O=C(N(CC(O)C=CCCCCCCCCCCCCCCC)CS(=O)(=O)O)C(O)CCCCCCCCCCCCCCCCCCCCCCCCCCCCCCCCCC,530,False,True,False,Normalized unit: Intensity; Annotation method: Msp20260116160945_NCDK_conventional_converted_dev_1,False,False,550,0,0.00,0.94,null,null,null,-1.00,-1.00,-0.171,8711.76,P Carly Serum 4_GD1_01_66468,8693402,8341892,8603623,8503754,8535667.80671876,150626.949682917
551,21.742,945.85730,no MS2: SL 56:0;O2|SL 20:0;O/36:0;O,[M+NH4]+,null,1.00,False,13.958,945.86267,C56H113NO6S,SL,OTFVMQGHXVTRRN-UHFFFAOYSA-N,O=C(N(CC(O)CCCCCCCCCCCCCCCCC)CS(=O)(=O)O)C(O)CCCCCCCCCCCCCCCCCCCCCCCCCCCCCCCCCC,530,False,True,False,Normalized unit: Intensity; Annotation method: Msp20260116160945_NCDK_conventional_converted_dev_1,False,False,551,0,0.00,0.91,null,null,null,-1.00,-1.00,-0.186,4808.50,P Carly Serum 4_GD1_01_66468,4067426,3891862,4018402,3963696,3985346.70590624,75360.9464205376
552,20.331,946.78534,no MS2: TG 58:9|TG 8:0_12:0_38:9,[M+NH4]+,null,1.00,False,13.406,946.78583,C61H100O6,TG,SDMPBTMSQBWSTA-UHFFFAOYSA-N,O=C(OCC(OC(=O)CCCCCCCCCCC)COC(=O)CCCCCCCCCC=CCC=CCC=CCC=CCC=CCC=CCC=CCC=CCC=CCC)CCCCCCC,530,False,True,False,Normalized unit: Intensity; Annotation method: Msp20260116160945_NCDK_conventional_converted_dev_1,False,False,552,0,0.00,1.00,null,null,null,-1.00,-1.00,-0.143,1063.53,P Carly Serum 1_GD1_01_66465,1100628,1045924,1088785,1114982,1087579.84071875,29765.019037304
553,22.089,947.87433,Unknown,[M+H]+,null,1.00,False,null,null,null,null,null,null,999,False,False,False,Normalized unit: Intensity,False,False,553,0,0.00,null,null,null,null,null,null,null,1478.64,P Carly Serum 3_GD1_01_66467,890129,876451,898620,890363,888890.850562501,9185.19423655466
554,20.720,948.80133,no MS2: TG 58:8|TG 8:0_12:0_38:8,[M+NH4]+,null,1.00,False,13.582,948.80151,C61H102O6,TG,WOLQUACMHISDFU-UHFFFAOYSA-N,O=C(OCC(OC(=O)CCCCCCCCCCC)COC(=O)CCCCCCCCCCCCC=CCC=CCC=CCC=CCC=CCC=CCC=CCC=CCC)CCCCCCC,530,False,True,False,Normalized unit: Intensity; Annotation method: Msp20260116160945_NCDK_conventional_converted_dev_1,False,False,554,0,0.00,1.00,null,null,null,-1.00,-1.00,-0.143,1268.28,P Carly Serum 4_GD1_01_66468,1292016,1263638,1280357,1305453,1285366.114125,17747.1122917368
555,20.478,949.79822,no MS2: SL 57:5;O2|SL 21:1;O/36:4;O,[M+NH4]+,null,1.00,False,12.860,949.80011,C57H105NO6S,SL,MHJQFWSYPXADHY-UHFFFAOYSA-N,O=C(N(CC(O)C=CCCCCCCCCCCCCCCCC)CS(=O)(=O)O)C(O)CCCCCCCCCCCCCCCCCCCCCC=CCC=CCC=CCC=CCC,530,False,True,False,Normalized unit: Intensity; Annotation method: Msp20260116160945_NCDK_conventional_converted_dev_1,False,False,555,0,0.00,1.00,null,null,null,-1.00,-1.00,-0.145,879.30,P Carly Serum 2_GD1_01_66466,828901,794333,824427,808417,814019.612421875,15798.0920648644
556,20.850,951.81458,no MS2: RIKEN P-VS1 ID-16649 from Mouse_Testis_WT_N_Ctr,[M+H]+,null,1.00,False,13.960,951.81598,null,Unknown,null,null,530,False,True,False,Normalized unit: Intensity; Annotation method: Msp20260116160945_NCDK_conventional_converted_dev_1,False,False,556,0,0.00,1.00,null,null,null,-1.00,-1.00,-0.129,599.27,P Carly Serum 1_GD1_01_66465,1333530,1281480,1271150,1313846,1300001.21778125,28817.0597944442
557,21.244,952.83301,no MS2: TG 58:6|TG 8:0_12:0_38:6,[M+NH4]+,null,1.00,False,14.356,952.83282,C61H106O6,TG,XAGZYHYDHZLUPF-UHFFFAOYSA-N,O=C(OCC(OC(=O)CCCCCCCCCCC)COC(=O)CCCCCCCCCCCCCCCCCCC=CCC=CCC=CCC=CCC=CCC=CCC)CCCCCCC,530,False,True,False,Normalized unit: Intensity; Annotation method: Msp20260116160945_NCDK_conventional_converted_dev_1,False,False,557,0,0.00,1.00,null,null,null,-1.00,-1.00,-0.143,591.92,P Carly Serum 4_GD1_01_66468,827529,815975,842519,845672,832923.699499999,13795.4437382949
558,20.279,961.79547,no MS2: RIKEN P-VS1 ID-16863 from Mouse_Muscle_WT_CTX0_Ctr,[M+H]+,null,1.00,False,14.090,961.79272,null,Unknown,null,null,530,False,True,False,Normalized unit: Intensity; Annotation method: Msp20260116160945_NCDK_conventional_converted_dev_1,False,False,558,0,0.00,0.96,null,null,null,-1.00,-1.00,-0.147,833.87,P Carly Serum 4_GD1_01_66468,611232,608698,614846,622147,614231.082484375,5849.36143115163
559,20.686,963.81201,no MS2: SL 58:5;O2|SL 22:1;O/36:4;O,[M+NH4]+,null,1.00,False,13.202,963.81567,C58H107NO6S,SL,FYJLWIXKHJJDHB-UHFFFAOYSA-N,O=C(N(CC(O)C=CCCCCCCCCCCCCCCCCC)CS(=O)(=O)O)C(O)CCCCCCCCCCCCCCCCCCCCCC=CCC=CCC=CCC=CCC,530,False,True,False,Normalized unit: Intensity; Annotation method: Msp20260116160945_NCDK_conventional_converted_dev_1,False,False,559,0,0.00,0.95,null,null,null,-1.00,-1.00,-0.165,1071.32,P Carly Serum 2_GD1_01_66466,752480,759237,756995,782842,762888.760343751,13596.061626882
560,20.474,963.81226,no MS2: SL 58:5;O2|SL 22:1;O/36:4;O,[M+NH4]+,null,1.00,False,13.202,963.81567,C58H107NO6S,SL,FYJLWIXKHJJDHB-UHFFFAOYSA-N,O=C(N(CC(O)C=CCCCCCCCCCCCCCCCCC)CS(=O)(=O)O)C(O)CCCCCCCCCCCCCCCCCCCCCC=CCC=CCC=CCC=CCC,530,False,True,False,Normalized unit: Intensity; Annotation method: Msp20260116160945_NCDK_conventional_converted_dev_1,False,False,560,0,0.00,0.97,null,null,null,-1.00,-1.00,-0.159,1465.73,P Carly Serum 2_GD1_01_66466,1262452,1224610,1272825,1269644,1257382.66835937,22275.2439494479
561,20.846,965.82758,no MS2: RIKEN P-VS1 ID-16959 from Mouse_Ear_WT_N_Ctr,[M+H]+,null,1.00,False,15.940,965.83038,null,Unknown,null,null,530,False,True,False,Normalized unit: Intensity; Annotation method: Msp20260116160945_NCDK_conventional_converted_dev_1,False,False,561,0,0.00,0.97,null,null,null,-1.00,-1.00,-0.143,1533.25,P Carly Serum 1_GD1_01_66465,1830147,1788690,1813482,1864494,1824203.31834375,31805.9008048674
562,21.456,969.85883,no MS2: RIKEN P-VS1 ID-17042 from Mouse_Testis_WT_N_Ctr,[M+H]+,null,1.00,False,14.430,969.85742,null,Unknown,null,null,530,False,True,False,Normalized unit: Intensity; Annotation method: Msp20260116160945_NCDK_conventional_converted_dev_1,False,False,562,0,0.00,1.00,null,null,null,-1.00,-1.00,-0.129,794.92,P Carly Serum 3_GD1_01_66467,677820,671701,668093,681804,674854.723156251,6130.54242046852
563,21.777,971.87439,no MS2: SL 58:1;O2|SL 22:1;O/36:0;O,[M+NH4]+,null,1.00,False,14.016,971.87830,C58H115NO6S,SL,RTFCKASHDWFTBJ-UHFFFAOYSA-N,O=C(N(CC(O)C=CCCCCCCCCCCCCCCCCC)CS(=O)(=O)O)C(O)CCCCCCCCCCCCCCCCCCCCCCCCCCCCCCCCCC,530,False,True,False,Normalized unit: Intensity; Annotation method: Msp20260116160945_NCDK_conventional_converted_dev_1,False,False,563,0,0.00,0.92,null,null,null,-1.00,-1.00,-0.182,690.52,P Carly Serum 4_GD1_01_66468,504517,497455,502061,508035,503016.932781249,4445.40677135509
564,4.452,991.67480,no MS2: TG 62:17|TG 15:4_15:4_32:9,[M+Na]+,null,1.00,False,13.131,991.67859,C65H92O6,TG,UFOXRNXLLJBQLM-UHFFFAOYSA-N,O=C(OCC(OC(=O)CC=CCC=CCC=CCC=CCC)COC(=O)CCCC=CCC=CCC=CCC=CCC=CCC=CCC=CCC=CCC=CCC)CC=CCC=CCC=CCC=CCC,530,False,True,False,Normalized unit: Intensity; Annotation method: Msp20260116160945_NCDK_conventional_converted_dev_1,False,False,564,0,0.00,0.94,null,null,null,-1.00,-1.00,-0.174,3717.79,P Carly Serum 4_GD1_01_66468,3125835,3091798,3098826,3133118,3112394.261375,20153.0976370326
565,21.608,993.93707,Unknown,[M+H]+,null,1.00,False,null,null,null,null,null,null,999,False,False,False,Normalized unit: Intensity,False,False,565,0,0.00,null,null,null,null,null,null,null,756.82,P Carly Serum 4_GD1_01_66468,693614,685015,684667,690973,688567.141984375,4437.67836790988
566,4.456,1013.65680,no MS2: RIKEN P-VS1 ID-17726 from Mouse_Muscle_WT_CTX1_Ctr,[M+H]+,null,1.00,False,6.220,1013.65289,null,Unknown,null,null,530,False,True,False,Normalized unit: Intensity; Annotation method: Msp20260116160945_NCDK_conventional_converted_dev_1,False,False,566,0,0.00,0.96,null,null,null,-1.00,-1.00,-0.148,3084.53,P Carly Serum 2_GD1_01_66466,1207732,1192821,1190481,1191089,1195530.9395,8194.33315646035
567,21.158,1017.93665,Unknown,[M+H]+,null,1.00,False,null,null,null,null,null,null,999,False,False,False,Normalized unit: Intensity,False,False,567,0,0.00,null,null,null,null,null,null,null,787.32,P Carly Serum 1_GD1_01_66465,472841,450075,457371,465091,461344.362234375,9814.72616337959
568,21.621,1019.95184,Unknown,[M+H]+,null,1.00,False,null,null,null,null,null,null,999,False,False,False,Normalized unit: Intensity,False,False,568,0,0.00,null,null,null,null,null,null,null,1773.93,P Carly Serum 3_GD1_01_66467,796306,788550,806061,805905,799205.51903125,8442.57447847207
569,5.397,1047.73730,no MS2: TG 66:17|TG 8:1_22:6_36:10,[M+Na]+,null,1.00,False,13.538,1047.74121,C69H100O6,TG,KDCLOFAALWTDHO-UHFFFAOYSA-N,O=C(OCC(OC(=O)CCC=CCC=CCC=CCC=CCC=CCC=CCC)COC(=O)CCCCC=CCC=CCC=CCC=CCC=CCC=CCC=CCC=CCC=CCC=CCC)CCC=CCCC,530,False,True,False,Normalized unit: Intensity; Annotation method: Msp20260116160945_NCDK_conventional_converted_dev_1,False,False,569,0,0.00,0.94,null,null,null,-1.00,-1.00,-0.171,843.78,P Carly Serum 3_GD1_01_66467,274199,264695,269573,282215,272670.4968125,7452.90864377723
570,11.732,1148.84534,no MS2: AHexCer 67:14;O3|AHexCer (O-22:6)13:2;O2/32:6;O,[M+H-H2O]+,null,1.00,False,13.014,1148.84875,C73H115NO10,AHexCer,SHAHAWZWGYKWFH-UHFFFAOYSA-N,O=C(OCC1OC(OCC(NC(=O)C(O)CCCCCCCCCCCC=CCC=CCC=CCC=CCC=CCC=CCC)C(O)C=CCCC=CCCCC)C(O)C(O)C1O)CCC=CCC=CCC=CCC=CCC=CCC=CCC,530,False,True,False,Normalized unit: Intensity; Annotation method: Msp20260116160945_NCDK_conventional_converted_dev_1,False,False,570,0,0.00,0.96,null,null,null,-1.00,-1.00,-0.163,716.20,P Carly Serum 3_GD1_01_66467,276353,267555,266767,276831,271876.359796876,5458.18417610712
571,21.049,1237.15381,no MS2: Cer 84:9;O4|Cer 18:2;O2/66:7;O2,[M+H-H2O]+,null,1.00,False,16.457,1237.15588,C84H151NO5,Cer_EOS,OODFOTNOEDMCBY-UHFFFAOYSA-N,O=C(OCCC=CCC=CCC=CCC=CCC=CCC=CCCCCCCCCCCCCCCCCCCC(=O)NC(CO)C(O)C=CCCC=CCCCCCCCCC)CCCCCCCCCCCCCCCCCCCCCCCCCCC,530,False,True,False,Normalized unit: Intensity; Annotation method: Msp20260116160945_NCDK_conventional_converted_dev_1,False,False,571,0,0.00,1.00,null,null,null,-1.00,-1.00,-0.144,4089.56,P Carly Serum 4_GD1_01_66468,1130934,1099545,1138187,1147064,1128932.57739062,20672.1117195756
572,21.604,1250.17590,Unknown,[M+H]+,null,1.00,False,null,null,null,null,null,null,999,False,False,False,Normalized unit: Intensity,False,False,572,0,0.00,null,null,null,null,null,null,null,5058.54,P Carly Serum 4_GD1_01_66468,1762278,1749544,1759665,1758920,1757601.7478125,5561.47598363076
573,21.062,1263.17151,no MS2: RIKEN P-VS1 ID-19263 from Mouse_Testis_fads2KO_N_Ctr,[M+H]+,null,1.00,False,14.350,1263.16809,null,Unknown,null,null,530,False,True,False,Normalized unit: Intensity; Annotation method: Msp20260116160945_NCDK_conventional_converted_dev_1,False,False,573,0,0.00,1.00,null,null,null,-1.00,-1.00,-0.129,10697.74,P Carly Serum 1_GD1_01_66465,3159146,3142807,3202100,3249676,3188432.24175,47878.2508829828
574,21.604,1267.20056,no MS2: RIKEN P-VS1 ID-19271 from Mouse_AdrenalGlands_fads2KO_N_Ctr,[M+H]+,null,1.00,False,14.700,1267.20154,null,Unknown,null,null,530,False,True,False,Normalized unit: Intensity; Annotation method: Msp20260116160945_NCDK_conventional_converted_dev_1,False,False,574,0,0.00,1.00,null,null,null,-1.00,-1.00,-0.129,32413.12,P Carly Serum 1_GD1_01_66465,9846430,9516208,9891431,9651928,9726499.41773438,174517.553698649
575,21.612,1276.18994,Unknown,[M+H]+,null,1.00,False,null,null,null,null,null,null,999,False,False,False,Normalized unit: Intensity,False,False,575,0,0.00,null,null,null,null,null,null,null,6705.53,P Carly Serum 1_GD1_01_66465,1961151,1936709,1959167,1947681,1951177.1228125,11326.6316084868
576,21.101,1289.18445,no MS2: RIKEN P-VS1 ID-19354 from Mouse_Liver_fads2KO_N_Ctr,[M+H]+,null,1.00,False,14.370,1289.18262,null,Unknown,null,null,530,False,True,False,Normalized unit: Intensity; Annotation method: Msp20260116160945_NCDK_conventional_converted_dev_1,False,False,576,0,0.00,0.99,null,null,null,-1.00,-1.00,-0.133,20968.55,P Carly Serum 1_GD1_01_66465,5469881,5223158,5326824,5265237,5321275.04921876,107829.837260678
577,21.612,1293.21655,no MS2: Cer 88:9;O4|Cer 22:2;O2/66:7;O2,[M+H-H2O]+,null,1.00,False,16.498,1293.21851,C88H159NO5,Cer_EOS,LKZDSMPBAUYSDE-UHFFFAOYSA-N,O=C(OCCC=CCC=CCC=CCC=CCC=CCC=CCCCCCCCCCCCCCCCCCCC(=O)NC(CO)C(O)C=CCCC=CCCCCCCCCCCCCC)CCCCCCCCCCCCCCCCCCCCCCCCCCC,530,False,True,False,Normalized unit: Intensity; Annotation method: Msp20260116160945_NCDK_conventional_converted_dev_1,False,False,577,0,0.00,1.00,null,null,null,-1.00,-1.00,-0.145,111860.80,P Carly Serum 4_GD1_01_66468,32767037,32445070,32615182,32272680,32524992.3626094,213517.384898124
578,21.617,1293.41345,Unknown,[M+H]+,null,1.00,False,null,null,null,null,null,null,999,False,False,False,Normalized unit: Intensity,False,False,578,0,0.00,null,null,null,null,null,null,null,2294.53,P Carly Serum 1_GD1_01_66465,637855,617634,622948,622481,625229.83653125,8753.05818763526
579,21.612,1293.56470,Unknown,[M+2H]2+,null,1.00,False,null,null,null,null,null,null,999,False,False,False,Normalized unit: Intensity,False,False,579,0,0.00,null,null,null,null,null,null,null,2288.32,P Carly Serum 4_GD1_01_66468,579866,578591,573486,595797,581934.897484375,9643.91303460158
580,21.158,1298.17627,Unknown,[M+H]+,null,1.00,False,null,null,null,null,null,null,999,False,False,False,Normalized unit: Intensity,False,False,580,0,0.00,null,null,null,null,null,null,null,3583.56,P Carly Serum 1_GD1_01_66465,1100315,1066570,1094820,1087010,1087178.52017187,14783.9549592324
581,21.625,1302.20410,Unknown,[M+H]+,null,1.00,False,null,null,null,null,null,null,999,False,False,False,Normalized unit: Intensity,False,False,581,0,0.00,null,null,null,null,null,null,null,2471.65,P Carly Serum 3_GD1_01_66467,768600,765992,767140,763805,766384.302609375,2023.77285589003
582,21.591,1308.22681,no MS2: SM 76:1;O3|SM 48:0;O2(FA 28:0),[M+H]+,null,1.00,False,15.609,1308.22705,C81H163N2O7P,ASM,BAGIOFKHMJPKQO-UHFFFAOYSA-N,O=C(OC(CCCCCCCCC)C(NC(=O)CCCCCCCCCCCCCCCCCCCCCCCCCCCCCCCCCCC)COP(=O)([O-])OCC[N+](C)(C)C)CCCCCCCCCCCCCCCCCCCCCCCCCCC,530,False,True,False,Normalized unit: Intensity; Annotation method: Msp20260116160945_NCDK_conventional_converted_dev_1,False,False,582,0,0.00,1.00,null,null,null,-1.00,-1.00,-0.143,1010.28,P Carly Serum 1_GD1_01_66465,411616,404927,399957,398487,403746.692875,5925.76140483465
583,20.729,1311.17053,no MS2: AHexCer 77:3;O3|AHexCer (O-28:0)13:1;O2/36:2;O,[M+H-H2O]+,null,1.00,False,15.110,1311.17749,C83H157NO10,AHexCer,WDJWRWUGWLUCMJ-UHFFFAOYSA-N,O=C(OCC1OC(OCC(NC(=O)C(O)CCCCCCCCCCCCCCCCCCCCCCC=CCC=CCCCCCCC)C(O)C=CCCCCCCCC)C(O)C(O)C1O)CCCCCCCCCCCCCCCCCCCCCCCCCCC,530,False,True,False,Normalized unit: Intensity; Annotation method: Msp20260116160945_NCDK_conventional_converted_dev_1,False,False,583,0,0.00,0.87,null,null,null,-1.00,-1.00,-0.209,4991.89,P Carly Serum 4_GD1_01_66468,1456039,1449742,1483979,1513792,1475888.224625,29324.4974971846
584,21.019,1313.18457,no MS2: RIKEN P-VS1 ID-19438 from Mouse_AdrenalGlands_fads2KO_N_Ctr,[M+H]+,null,1.00,False,14.310,1313.19287,null,Unknown,null,null,530,False,True,False,Normalized unit: Intensity; Annotation method: Msp20260116160945_NCDK_conventional_converted_dev_1,False,False,584,0,0.00,0.87,null,null,null,-1.00,-1.00,-0.188,1193.89,P Carly Serum 4_GD1_01_66468,328595,312122,329534,308287,319634.506984375,11007.719328709
585,21.162,1315.20142,no MS2: RIKEN P-VS1 ID-19445 from Mouse_AdrenalGlands_fads2KO_N_Ctr,[M+H]+,null,1.00,False,14.420,1315.20972,null,Unknown,null,null,530,False,True,False,Normalized unit: Intensity; Annotation method: Msp20260116160945_NCDK_conventional_converted_dev_1,False,False,585,0,0.00,0.91,null,null,null,-1.00,-1.00,-0.171,298467.30,P Carly Serum 4_GD1_01_66468,99425010,97855161,97977325,98506820,98441078.8662812,714331.674429503
586,21.158,1315.39490,Unknown,[M+2H]2+,null,1.00,False,null,null,null,null,null,null,999,False,False,False,Normalized unit: Intensity,False,False,586,0,0.00,null,null,null,null,null,null,null,6421.69,P Carly Serum 1_GD1_01_66465,2004613,1954291,1931426,1935791,1956530.28157812,33552.4721212935
587,21.158,1315.55908,Unknown,[M+2H]2+,null,1.00,False,null,null,null,null,null,null,999,False,False,False,Normalized unit: Intensity,False,False,587,0,0.00,null,null,null,null,null,null,null,6178.86,P Carly Serum 4_GD1_01_66468,1862184,1850077,1799935,1833062,1836314.65242187,27034.9410264359
588,20.729,1316.12610,Unknown,[M+H]+,null,1.00,False,null,null,null,null,null,null,999,False,False,False,Normalized unit: Intensity,False,False,588,0,0.00,null,null,null,null,null,null,null,1211.86,P Carly Serum 4_GD1_01_66468,342849,335994,332595,350533,340492.75253125,7936.64871651201
589,21.162,1316.20471,no MS2: SM 77:4;O3|SM 49:3;O2(FA 28:0),[M+H]+,null,1.00,False,15.082,1316.19580,C82H159N2O7P,ASM,VTHSDDWDDNKEDJ-UHFFFAOYSA-N,O=C(OC(C=CCCCCCCCC)C(NC(=O)CCCCCCCCCCCCCCCCCCCCCCCC=CCC=CCCCCCCC)COP(=O)([O-])OCC[N+](C)(C)C)CCCCCCCCCCCCCCCCCCCCCCCCCCC,530,False,True,False,Normalized unit: Intensity; Annotation method: Msp20260116160945_NCDK_conventional_converted_dev_1,False,False,589,0,0.00,0.80,null,null,null,-1.00,-1.00,-0.245,288551.30,P Carly Serum 1_GD1_01_66465,99565675,98157034,98124877,98613582,98615292.0391874,671748.693774593
590,21.158,1317.20752,Unknown,[M+H]+,null,1.00,False,null,null,null,null,null,null,999,False,False,False,Normalized unit: Intensity,False,False,590,0,0.00,null,null,null,null,null,null,null,197796.90,P Carly Serum 1_GD1_01_66465,60728269,58565648,59849570,58904105,59511897.7563906,976111.571401278
591,21.625,1319.23047,no MS2: RIKEN P-VS1 ID-19454 from Mouse_AdrenalGlands_fads2KO_N_Ctr,[M+H]+,null,1.00,False,14.750,1319.23706,null,Unknown,null,null,530,False,True,False,Normalized unit: Intensity; Annotation method: Msp20260116160945_NCDK_conventional_converted_dev_1,False,False,591,0,0.00,0.93,null,null,null,-1.00,-1.00,-0.161,81911.57,P Carly Serum 4_GD1_01_66468,26435459,25273860,26477124,25554229,25935167.8766719,612766.930027409
592,21.625,1319.43091,Unknown,[M+H]+,null,1.00,False,null,null,null,null,null,null,999,False,False,False,Normalized unit: Intensity,False,False,592,0,0.00,null,null,null,null,null,null,null,1587.19,P Carly Serum 3_GD1_01_66467,405146,394274,406110,408050,403395.026390625,6199.24323618685
593,21.625,1319.58203,Unknown,[M+2H]2+,null,1.00,False,null,null,null,null,null,null,999,False,False,False,Normalized unit: Intensity,False,False,593,0,0.00,null,null,null,null,null,null,null,1642.24,P Carly Serum 4_GD1_01_66468,395659,390817,389563,412335,397093.5540625,10495.4688637817
594,21.179,1320.15356,Unknown,[2M+Na]+,null,1.00,False,null,null,null,null,null,null,999,False,False,False,Normalized unit: Intensity,False,False,594,0,0.00,null,null,null,null,null,null,null,3120.61,P Carly Serum 1_GD1_01_66465,1327308,1274165,1283910,1311857,1299309.751875,24567.6552862492
595,22.106,1323.26404,no MS2: RIKEN P-VS1 ID-19471 from Mouse_AdrenalGlands_fads2KO_N_Ctr,[M+H]+,null,1.00,False,14.900,1323.26611,null,Unknown,null,null,530,False,True,False,Normalized unit: Intensity; Annotation method: Msp20260116160945_NCDK_conventional_converted_dev_1,False,False,595,0,0.00,0.99,null,null,null,-1.00,-1.00,-0.134,1637.33,P Carly Serum 4_GD1_01_66468,408206,392868,400045,414299,403854.514953125,9367.39724714053
596,21.612,1334.24121,no MS2: SM 78:2;O3|SM 50:1;O2(FA 28:0),[M+H]+,null,1.00,False,15.490,1334.24268,C83H165N2O7P,ASM,FAGYIJWFZORAAG-UHFFFAOYSA-N,O=C(OC(C=CCCCCCCC)C(NC(=O)CCCCCCCCCCCCCCCCCCCCCCCCCCCCCCCCCCCCC)COP(=O)([O-])OCC[N+](C)(C)C)CCCCCCCCCCCCCCCCCCCCCCCCCCC,530,False,True,False,Normalized unit: Intensity; Annotation method: Msp20260116160945_NCDK_conventional_converted_dev_1,False,False,596,0,0.00,1.00,null,null,null,-1.00,-1.00,-0.143,2273.22,P Carly Serum 4_GD1_01_66468,861139,844614,846539,846071,849590.7484375,7742.61058366728
597,20.729,1338.18225,no MS2: SM 79:7;O3|SM 51:6;O2(FA 28:0),[M+H]+,null,1.00,False,15.113,1338.18005,C84H157N2O7P,ASM,XRSIGTXQDDPRQX-UHFFFAOYSA-N,O=C(OC(C=CCCCCCCCC)C(NC(=O)CCCCCCCCCCCCCCCCCCCCCC=CCC=CCC=CCC=CCC=CCC)COP(=O)([O-])OCC[N+](C)(C)C)CCCCCCCCCCCCCCCCCCCCCCCCCCC,530,False,True,False,Normalized unit: Intensity; Annotation method: Msp20260116160945_NCDK_conventional_converted_dev_1,False,False,597,0,0.00,1.00,null,null,null,-1.00,-1.00,-0.143,978.53,P Carly Serum 1_GD1_01_66465,333684,290200,291989,303357,304807.35421875,20113.450203609
598,21.236,1341.21301,no MS2: RIKEN P-VS1 ID-19537 from Mouse_AdrenalGlands_WT_N_Ctr,[M+H]+,null,1.00,False,14.480,1341.22034,null,Unknown,null,null,530,False,True,False,Normalized unit: Intensity; Annotation method: Msp20260116160945_NCDK_conventional_converted_dev_1,False,False,598,0,0.00,0.94,null,null,null,-1.00,-1.00,-0.155,7294.74,P Carly Serum 4_GD1_01_66468,1867863,1805669,1878179,1798631,1837585.59345312,41233.7659121311
599,13.092,1342.92627,no MS2: RIKEN P-VS1 ID-19541 from Mouse_AdrenalGlands_fads2KO_N_Ctr,[2M+NH4]+,null,0.50,False,9.910,1342.92664,null,Unknown,null,null,530,False,True,False,Normalized unit: Intensity; Annotation method: Msp20260116160945_NCDK_conventional_converted_dev_1,False,False,599,0,0.00,1.00,null,null,null,-1.00,-1.00,-0.129,849.62,P Carly Serum 1_GD1_01_66465,295057,288305,281744,281619,286681.056609375,6397.71453256329
600,21.643,1346.24133,no MS2: SM 79:3;O3|SM 51:2;O2(FA 28:0),[M+H]+,null,1.00,False,15.253,1346.24268,C84H165N2O7P,ASM,XBKXDKSQMPEXLM-UHFFFAOYSA-N,O=C(OC(C=CCCCCCCCC)C(NC(=O)CCCCCCCCCCCCCCCCCCCCCCCCCC=CCCCCCCCCCC)COP(=O)([O-])OCC[N+](C)(C)C)CCCCCCCCCCCCCCCCCCCCCCCCCCC,530,False,True,False,Normalized unit: Intensity; Annotation method: Msp20260116160945_NCDK_conventional_converted_dev_1,False,False,600,0,0.00,1.00,null,null,null,-1.00,-1.00,-0.143,3396.00,P Carly Serum 4_GD1_01_66468,1366212,1335013,1337383,1308796,1336850.85359375,23472.3307307042
601,18.283,1352.15015,no MS2: TG 87:12|TG 11:0_38:2_38:10,[M+Na]+,null,1.00,False,16.534,1352.14807,C90H152O6,TG,CYOYCULGPKWXLD-UHFFFAOYSA-N,O=C(OCC(OC(=O)CCCCCCCCCCCCCCCCCCCCCCCCCC=CCC=CCCCCCCC)COC(=O)CCCCCCCCCC)CCCCCCC=CCC=CCC=CCC=CCC=CCC=CCC=CCC=CCC=CCC=CCC,530,False,True,False,Normalized unit: Intensity; Annotation method: Msp20260116160945_NCDK_conventional_converted_dev_1,False,False,601,0,0.00,1.00,null,null,null,-1.00,-1.00,-0.143,875.75,P Carly Serum 2_GD1_01_66466,264263,273979,261723,271552,267879.1286875,5821.36252928631
602,21.171,1356.22498,no MS2: SM 80:5;O3|SM 52:4;O2(FA 28:0),[M+H]+,null,1.00,False,15.089,1356.22705,C85H163N2O7P,ASM,DZZPYNUJSOYVAK-UHFFFAOYSA-N,O=C(OC(C=CCCCCCCCCC)C(NC(=O)CCCCCCCCCCCCCCCCCCCCCCC=CCC=CCC=CCCCCCCC)COP(=O)([O-])OCC[N+](C)(C)C)CCCCCCCCCCCCCCCCCCCCCCCCCCC,530,False,True,False,Normalized unit: Intensity; Annotation method: Msp20260116160945_NCDK_conventional_converted_dev_1,False,False,602,0,0.00,1.00,null,null,null,-1.00,-1.00,-0.145,3370.40,P Carly Serum 4_GD1_01_66468,1262629,1200766,1238848,1234613,1234214.25685937,25480.7472943239
603,21.634,1360.25684,no MS2: SM 80:3;O3|SM 52:2;O2(FA 28:0),[M+H]+,null,1.00,False,15.322,1360.25842,C85H167N2O7P,ASM,RGJPYGYAOUVFJX-UHFFFAOYSA-N,O=C(OC(C=CCCCCCCCCC)C(NC(=O)CCCCCCCCCCCCCCCCCCCCCCCCCC=CCCCCCCCCCC)COP(=O)([O-])OCC[N+](C)(C)C)CCCCCCCCCCCCCCCCCCCCCCCCCCC,530,False,True,False,Normalized unit: Intensity; Annotation method: Msp20260116160945_NCDK_conventional_converted_dev_1,False,False,603,0,0.00,1.00,null,null,null,-1.00,-1.00,-0.143,1954.48,P Carly Serum 4_GD1_01_66468,651349,623827,633933,636548,636414.325328125,11367.5135840598
604,20.712,1361.18567,no MS2: RIKEN P-VS1 ID-19613 from Mouse_AdrenalGlands_fads2KO_N_Ctr,[M+H]+,null,1.00,False,14.140,1361.18799,null,Unknown,null,null,530,False,True,False,Normalized unit: Intensity; Annotation method: Msp20260116160945_NCDK_conventional_converted_dev_1,False,False,604,0,0.00,0.99,null,null,null,-1.00,-1.00,-0.132,2294.42,P Carly Serum 2_GD1_01_66466,503883,483744,502702,513405,500933.514265625,12420.9136603636
605,20.911,1363.19958,no MS2: RIKEN P-VS1 ID-19625 from Mouse_AdrenalGlands_WT_N_Ctr,[M+H]+,null,1.00,False,14.270,1363.20703,null,Unknown,null,null,530,False,True,False,Normalized unit: Intensity; Annotation method: Msp20260116160945_NCDK_conventional_converted_dev_1,False,False,605,0,0.00,0.89,null,null,null,-1.00,-1.00,-0.178,37582.92,P Carly Serum 1_GD1_01_66465,9357806,8974249,9440043,9589462,9340390.230625,262253.323289354
606,13.092,1383.95215,Unknown,[M+H]+,null,1.00,False,null,null,null,null,null,null,999,False,False,False,Normalized unit: Intensity,False,False,606,0,0.00,null,null,null,null,null,null,null,3054.40,P Carly Serum 2_GD1_01_66466,1404072,1405991,1358394,1360984,1382360.390125,26211.5522556989
607,20.911,1390.21130,no MS2: SM 83:9;O3|SM 55:8;O2(FA 28:0),[M+H]+,null,1.00,False,15.377,1390.21143,C88H161N2O7P,ASM,WXRWQWZOGMYAGN-UHFFFAOYSA-N,O=C(OC(C=CCCC=CCCCCCCCC)C(NC(=O)CCCCCCCCCCCCCCCCCCC=CCC=CCC=CCC=CCC=CCC=CCC)COP(=O)([O-])OCC[N+](C)(C)C)CCCCCCCCCCCCCCCCCCCCCCCCCCC,530,False,True,False,Normalized unit: Intensity; Annotation method: Msp20260116160945_NCDK_conventional_converted_dev_1,False,False,607,0,0.00,1.00,null,null,null,-1.00,-1.00,-0.143,1265.09,P Carly Serum 1_GD1_01_66465,473818,454106,456428,463733,462021.016140625,8870.08767879473
608,21.232,1473.34961,no MS2: TG 93:7;O2|TG 15:0_22:6_28:0;O(FA 28:0),[M+NH4]+,null,0.25,False,16.689,1473.35474,C96H174O8,TG_EST,IVYVRKDCQRLUFS-UHFFFAOYSA-N,O=C(OCC(OC(=O)CCC=CCC=CCC=CCC=CCC=CCC=CCC)COC(=O)CCCCCCCC(OC(=O)CCCCCCCCCCCCCCCCCCCCCCCCCCC)CCCCCCCCCCCCCCCCCCC)CCCCCCCCCCCCCC,530,False,True,False,Normalized unit: Intensity; Annotation method: Msp20260116160945_NCDK_conventional_converted_dev_1,False,False,608,0,0.00,0.94,null,null,null,-1.00,-1.00,-0.172,1634.86,P Carly Serum 3_GD1_01_66467,224038,221977,234537,222370,225730.619265624,5938.28238752157
609,21.244,1499.36462,no MS2: TG 95:8;O2|TG 17:1_22:6_28:0;O(FA 28:0),[M+NH4]+,null,1.00,False,16.640,1499.37024,C98H176O8,TG_EST,QOZITOIMKDSFNB-UHFFFAOYSA-N,O=C(OCC(OC(=O)CCC=CCC=CCC=CCC=CCC=CCC=CCC)COC(=O)CCCCCCCC(OC(=O)CCCCCCCCCCCCCCCCCCCCCCCCCCC)CCCCCCCCCCCCCCCCCCC)CCCCCCCC=CCCCCCCC,530,False,True,False,Normalized unit: Intensity; Annotation method: Msp20260116160945_NCDK_conventional_converted_dev_1,False,False,609,0,0.00,0.98,null,null,null,-1.00,-1.00,-0.153,2827.49,P Carly Serum 4_GD1_01_66468,434829,427210,444063,414117,430054.556296874,12664.0232642355
