,,,,,,,,,,,,,,,,,,,,,,,,,,,,,,,,,,Class,1,1,1,1,NA,NA
,,,,,,,,,,,,,,,,,,,,,,,,,,,,,,,,,,File type,Sample,Sample,Sample,Sample,NA,NA
,,,,,,,,,,,,,,,,,,,,,,,,,,,,,,,,,,Injection order,1,2,3,4,NA,NA
,,,,,,,,,,,,,,,,,,,,,,,,,,,,,,,,,,Batch ID,1,1,1,1,Average,Stdev
Alignment ID,Average Rt(min),Average Mz,Metabolite name,Adduct type,Post curation result,Fill %,MS/MS assigned,Reference RT,Reference m/z,Formula,Ontology,INCHIKEY,SMILES,Annotation tag (VS1.0),RT matched,m/z matched,MS/MS matched,Comment,Manually modified for quantification,Manually modified for annotation,Isotope tracking parent ID,Isotope tracking weight number,RT similarity,m/z similarity,Simple dot product,Weighted dot product,Reverse dot product,Matched peaks count,Matched peaks percentage,Total score,S/N average,Spectrum reference file name,MS1 isotopic spectrum,MS/MS spectrum,P Carly 25 Serum I_GD1_01_66508,P Carly 25 Serum II_GD1_01_66509,P Carly 25 Serum III_GD1_01_66510,P Carly 25 Serum IV_GD1_01_66511,1,1
0,13.944,367.33588,no MS2: ST 27:2;O,[M+H-H2O]+,null,1.00,False,7.592,367.33591,C27H44O,ST,AVSXSVCZWQODGV-UHFFFAOYSA-N,OC1CC2=CCC3C(CCC4(C)C(CCC34)C(C)CCC=C(C)C)C2(C)CC1,530,False,True,False,Normalized unit: Intensity; Annotation method: Msp20260116160945_NCDK_conventional_converted_dev_1,False,False,0,0,0.00,1.00,null,null,null,-1.00,-1.00,-0.143,1765.12,P Carly 25 Serum III_GD1_01_66510,367.33588:170640 368.34054:55032 369.34521:154962,null,1040066,1055588,1082857,1089721,1067058.16446875,23261.6816227785
1,8.147,369.35144,no MS2: RIKEN P-VS1 ID-2084 from Mouse_Plasma_ApoEKO_N_F1EPA,[M+H]+,null,1.00,False,15.240,369.34921,null,Unknown,null,null,530,False,True,False,Normalized unit: Intensity; Annotation method: Msp20260116160945_NCDK_conventional_converted_dev_1,False,False,1,0,0.00,0.98,null,null,null,-1.00,-1.00,-0.139,338.17,P Carly 25 Serum I_GD1_01_66508,369.35028:59030 370.35495:19492 371.35962:3022,null,384781,404293,384899,402648,394155.014890625,10777.5593391727
2,13.923,369.35223,no MS2: RIKEN P-VS1 ID-2084 from Mouse_Plasma_ApoEKO_N_F1EPA,[M+H]+,null,1.00,False,15.240,369.34921,null,Unknown,null,null,530,False,True,False,Normalized unit: Intensity; Annotation method: Msp20260116160945_NCDK_conventional_converted_dev_1,False,False,2,0,0.00,0.97,null,null,null,-1.00,-1.00,-0.142,956.33,P Carly 25 Serum II_GD1_01_66509,369.35046:157194 370.35513:54122 371.35980:7330,null,1427237,1484423,1517417,1577944,1501755.15979687,62990.4080147951
3,16.157,369.35236,no MS2: ST 27:1;O,[M+H-H2O]+,null,1.00,False,8.638,369.35159,C27H46O,ST,HVYWMOMLDIMFJA-UHFFFAOYSA-N,OC1CC2=CCC3C(CCC4(C)C(CCC34)C(C)CCCC(C)C)C2(C)CC1,530,False,True,False,Normalized unit: Intensity; Annotation method: Msp20260116160945_NCDK_conventional_converted_dev_1,False,False,3,0,0.00,1.00,null,null,null,-1.00,-1.00,-0.144,580.59,P Carly 25 Serum II_GD1_01_66509,369.35126:101800 370.35593:34038 371.36059:5202,null,690742,701265,726980,702554,705385.1646875,15337.7923748994
4,15.425,369.35287,no MS2: ST 27:1;O,[M+H-H2O]+,null,1.00,False,8.638,369.35159,C27H46O,ST,HVYWMOMLDIMFJA-UHFFFAOYSA-N,OC1CC2=CCC3C(CCC4(C)C(CCC34)C(C)CCCC(C)C)C2(C)CC1,530,False,True,False,Normalized unit: Intensity; Annotation method: Msp20260116160945_NCDK_conventional_converted_dev_1,False,False,4,0,0.00,1.00,null,null,null,-1.00,-1.00,-0.143,9435.38,P Carly 25 Serum II_GD1_01_66509,369.35150:1450466 370.35617:438742 371.36084:55182,null,13122486,13846702,13595686,14578761,13785908.7983125,607899.192454593
5,15.750,369.35306,no MS2: ST 27:1;O,[M+H-H2O]+,null,1.00,False,8.638,369.35159,C27H46O,ST,HVYWMOMLDIMFJA-UHFFFAOYSA-N,OC1CC2=CCC3C(CCC4(C)C(CCC34)C(C)CCCC(C)C)C2(C)CC1,530,False,True,False,Normalized unit: Intensity; Annotation method: Msp20260116160945_NCDK_conventional_converted_dev_1,False,False,5,0,0.00,1.00,null,null,null,-1.00,-1.00,-0.143,9700.17,P Carly 25 Serum I_GD1_01_66508,369.35156:1618654 370.35623:494674 371.36090:64752,null,11727577,11721358,11823336,11443759,11679007.4974844,163630.877382213
6,4.853,391.28455,no MS2: Dioctyl phthalate (also known as the production of plastic),[M+H]+,null,1.00,False,7.431,391.28427,C24H38O4,Others,MQIUGAXCHLFZKX-UHFFFAOYSA-N,CCCCCCCCOC(=O)C1=C(C=CC=C1)C(=O)OCCCCCCCC,530,False,True,False,Normalized unit: Intensity; Annotation method: Msp20260116160945_NCDK_conventional_converted_dev_1,False,False,6,0,0.00,1.00,null,null,null,-1.00,-1.00,-0.144,6385.26,P Carly 25 Serum II_GD1_01_66509,391.28455:1010036 392.28921:310510 393.29388:47160,null,3524559,3625281,3675761,3583868,3602367.27607812,64052.2282522417
7,4.853,413.26749,no MS2: NAGlySer 16:2;O,[M+H]+,null,1.00,False,3.683,413.26459,C21H36N2O6,NAGlySer,ZLROQDUGSHYFDW-UHFFFAOYSA-N,O=C(O)C(NC(=O)CNC(=O)CC(O)CCCCCC=CCC=CCCC)CO,530,False,True,False,Normalized unit: Intensity; Annotation method: Msp20260116160945_NCDK_conventional_converted_dev_1,False,False,7,0,0.00,0.99,null,null,null,-1.00,-1.00,-0.149,1834.43,P Carly 25 Serum I_GD1_01_66508,413.26535:221270 414.27002:57682 415.27469:7548,null,1429150,1497432,1567535,1582539,1519164.13295312,70547.9715981751
8,4.849,429.24136,Unknown,[M+K]+,null,1.00,False,null,null,null,null,null,null,999,False,False,False,Normalized unit: Intensity,False,False,8,0,0.00,null,null,null,null,null,null,null,807.94,P Carly 25 Serum III_GD1_01_66510,429.24136:80134 430.24603:22764 431.25070:5948,null,385389,383961,415874,404525,397437.36621875,15458.5803673983
9,8.970,429.37296,Unknown,[M+H]+,null,1.00,False,null,null,null,null,null,null,999,False,False,False,Normalized unit: Intensity,False,False,9,0,0.00,null,null,null,null,null,null,null,102.35,P Carly 25 Serum III_GD1_01_66510,429.37378:82192 430.37845:26694 431.38311:4700,null,499076,518204,538107,539513,523724.8145,19097.9239763667
10,4.853,435.32303,no MS2: VAE 8:0,[M+Na]+,null,1.00,False,9.585,435.32339,C28H44O2,VAE,AWGMQQGZWRIUJI-UHFFFAOYSA-N,O=C(OCC=C(C=CC=C(C=CC1=C(C)CCCC1(C)C)C)C)CCCCCCC,530,False,True,False,Normalized unit: Intensity; Annotation method: Msp20260116160945_NCDK_conventional_converted_dev_1,False,False,10,0,0.00,1.00,null,null,null,-1.00,-1.00,-0.144,740.40,P Carly 25 Serum III_GD1_01_66510,435.32312:71080 436.32779:21866 437.33246:3506,null,353911,354120,369944,379669,364411.075203125,12643.5290162433
11,4.853,449.33868,no MS2: VAE 9:0,[M+Na]+,null,1.00,False,9.888,449.33899,C29H46O2,VAE,YAOMXJLUGJPFQR-UHFFFAOYSA-N,O=C(OCC=C(C=CC=C(C=CC1=C(C)CCCC1(C)C)C)C)CCCCCCCC,530,False,True,False,Normalized unit: Intensity; Annotation method: Msp20260116160945_NCDK_conventional_converted_dev_1,False,False,11,0,0.00,1.00,null,null,null,-1.00,-1.00,-0.143,1337.97,P Carly 25 Serum II_GD1_01_66509,449.33875:160032 450.34341:53680 451.34808:9384,null,963078,974307,1003454,1002681,985879.697765624,20371.5693206441
12,2.553,468.30878,no MS2: PE O-17:0|PE O-8:0_9:0,[M+H]+,null,1.00,False,6.461,468.30850,C22H46NO7P,EtherPE,IKGPZDUJSSAYQG-UHFFFAOYSA-N,O=C(OC(COCCCCCCCC)COP(=O)(O)OCCN)CCCCCCCC,530,False,True,False,Normalized unit: Intensity; Annotation method: Msp20260116160945_NCDK_conventional_converted_dev_1,False,False,12,0,0.00,1.00,null,null,null,-1.00,-1.00,-0.144,774.04,P Carly 25 Serum III_GD1_01_66510,468.30878:166404 469.31344:38052 470.31811:6822,null,733788,725333,758293,719439,734212.986703125,17099.4141993968
13,3.343,478.33084,no MS2: LPC O-16:2,[M+H]+,null,1.00,False,6.160,478.32919,C24H48NO6P,EtherLPC,UOPHUBYUKOXZMA-UHFFFAOYSA-N,O=P([O-])(OCC[N+](C)(C)C)OCC(OCCCCCCCCC=CCC=CCCC)CO,530,False,True,False,Normalized unit: Intensity; Annotation method: Msp20260116160945_NCDK_conventional_converted_dev_1,False,False,13,0,0.00,0.99,null,null,null,-1.00,-1.00,-0.147,2692.75,P Carly 25 Serum II_GD1_01_66509,478.32980:339550 479.33447:95508 480.33914:16318,null,1447769,1460243,1481635,1533351,1480749.71201562,37753.1779324479
14,3.621,480.34564,no MS2: LPC O-16:1,[M+H]+,null,1.00,False,6.571,480.34491,C24H50NO6P,EtherLPC,KPOMNOXBHDPKBF-UHFFFAOYSA-N,O=P([O-])(OCC[N+](C)(C)C)OCC(OCCCCCCCCC=CCCCCCC)CO,530,False,True,False,Normalized unit: Intensity; Annotation method: Msp20260116160945_NCDK_conventional_converted_dev_1,False,False,14,0,0.00,1.00,null,null,null,-1.00,-1.00,-0.143,1797.57,P Carly 25 Serum II_GD1_01_66509,480.34488:275292 481.34955:68190 482.35421:11348,null,1018668,1063647,1116771,1053850,1063233.68159375,40581.4669165674
15,2.961,482.32489,no MS2: PE O-18:0|PE O-8:0_10:0,[M+H]+,null,1.00,False,6.778,482.32410,C23H48NO7P,EtherPE,ISGKNNWWOJWCLP-UHFFFAOYSA-N,O=C(OC(COCCCCCCCC)COP(=O)(O)OCCN)CCCCCCCCC,530,False,True,False,Normalized unit: Intensity; Annotation method: Msp20260116160945_NCDK_conventional_converted_dev_1,False,False,15,0,0.00,1.00,null,null,null,-1.00,-1.00,-0.143,1035.87,P Carly 25 Serum II_GD1_01_66509,482.32404:141778 483.32870:34986 484.33337:6766,null,584149,598390,606404,586305,593812.070359375,10475.9991031357
16,3.707,482.36136,no MS2: Cer 29:5;O2|Cer 12:1;O2/17:4,[M+Na]+,null,1.00,False,6.882,482.36050,C29H49NO3,Cer_NS,MJZZTRKAMZIQEW-UHFFFAOYSA-N,O=C(NC(CO)C(O)C=CCCCCCCC)CCCC=CCC=CCC=CCC=CCC,530,False,True,False,Normalized unit: Intensity; Annotation method: Msp20260116160945_NCDK_conventional_converted_dev_1,False,False,16,0,0.00,1.00,null,null,null,-1.00,-1.00,-0.143,3062.31,P Carly 25 Serum II_GD1_01_66509,482.36053:319894 483.36520:84236 484.36987:15346,null,1206456,1276126,1346732,1269469,1274695.55025,57373.8918234702
17,2.748,494.32501,no MS2: PC O-16:1|PC O-8:0_8:1,[M+H]+,null,1.00,False,5.283,494.32410,C24H48NO7P,EtherPC,LGLMQQWIHREYEK-UHFFFAOYSA-N,O=C(OC(COCCCCCCCC)COP(=O)([O-])OCC[N+](C)(C)C)CCC=CCCC,530,False,True,False,Normalized unit: Intensity; Annotation method: Msp20260116160945_NCDK_conventional_converted_dev_1,False,False,17,0,0.00,1.00,null,null,null,-1.00,-1.00,-0.143,2028.76,P Carly 25 Serum III_GD1_01_66510,494.32404:218256 495.32870:58722 496.33337:10260,null,1695262,1728789,1741148,1785909,1737776.89098437,37489.4926344813
18,3.182,496.34058,no MS2: PC O-16:0|PC O-8:0_8:0,[M+H]+,null,1.00,False,5.632,496.33981,C24H50NO7P,EtherPC,GDMHMXIBVHRZGP-UHFFFAOYSA-N,O=C(OC(COCCCCCCCC)COP(=O)([O-])OCC[N+](C)(C)C)CCCCCCC,530,False,True,False,Normalized unit: Intensity; Annotation method: Msp20260116160945_NCDK_conventional_converted_dev_1,False,False,18,0,0.00,1.00,null,null,null,-1.00,-1.00,-0.145,10774.74,P Carly 25 Serum II_GD1_01_66509,496.33936:2071650 497.34402:647176 498.34869:116852,null,8072892,8878491,8600170,8590508,8535515.19946876,336084.003855567
19,3.347,496.34113,no MS2: PC O-16:0|PC O-8:0_8:0,[M+H]+,null,1.00,False,5.632,496.33981,C24H50NO7P,EtherPC,GDMHMXIBVHRZGP-UHFFFAOYSA-N,O=C(OC(COCCCCCCCC)COP(=O)([O-])OCC[N+](C)(C)C)CCCCCCC,530,False,True,False,Normalized unit: Intensity; Annotation method: Msp20260116160945_NCDK_conventional_converted_dev_1,False,False,19,0,0.00,0.99,null,null,null,-1.00,-1.00,-0.146,62284.26,P Carly 25 Serum II_GD1_01_66509,496.34033:10948840 497.34500:3596764 498.34967:645500,null,56947133,55827915,56967726,54767237,56127502.6046562,1051640.5523299
20,3.347,496.46591,Unknown,[M+H]+,null,1.00,False,null,null,null,null,null,null,999,False,False,False,Normalized unit: Intensity,False,False,20,0,0.00,null,null,null,null,null,null,null,1405.74,P Carly 25 Serum IV_GD1_01_66511,496.46591:172544 497.47058:17888 498.47525:1952,null,703956,706117,719750,724933,713689.244296875,10250.9177275187
21,3.343,496.55997,Unknown,[M+H]+,null,1.00,False,null,null,null,null,null,null,999,False,False,False,Normalized unit: Intensity,False,False,21,0,0.00,null,null,null,null,null,null,null,2337.42,P Carly 25 Serum IV_GD1_01_66511,496.55997:150290 497.56463:16310 498.56930:0,null,605795,609582,626366,636944,619671.9186875,14577.4806748675
22,3.347,496.87759,Unknown,[M+H]+,null,1.00,False,null,null,null,null,null,null,999,False,False,False,Normalized unit: Intensity,False,False,22,0,0.00,null,null,null,null,null,null,null,3401.42,P Carly 25 Serum IV_GD1_01_66511,496.87759:405146 497.88226:69594 498.88693:2308,null,1711771,1631373,1691798,1774633,1702393.56884375,59055.7530774964
23,4.020,506.36166,no MS2: Cer 31:7;O2|Cer 12:2;O2/19:5,[M+H-H2O]+,null,1.00,False,6.957,506.36050,C31H49NO3,Cer_NS,WKHZKJNBPHMLGH-UHFFFAOYSA-N,O=C(NC(CO)C(O)C=CCCC=CCCC)CCC=CCC=CCC=CCC=CCC=CCC,530,False,True,False,Normalized unit: Intensity; Annotation method: Msp20260116160945_NCDK_conventional_converted_dev_1,False,False,23,0,0.00,1.00,null,null,null,-1.00,-1.00,-0.144,1436.49,P Carly 25 Serum II_GD1_01_66509,506.36090:157912 507.36557:44140 508.37024:8166,null,620884,621670,651221,640174,633487.58259375,14806.3896219847
24,3.811,508.37662,no MS2: RIKEN P-VS1 ID-4346 from Mouse_Feces_WT_N_Ctr,[M+H]+,null,1.00,False,5.170,508.37329,null,Unknown,null,null,530,False,True,False,Normalized unit: Intensity; Annotation method: Msp20260116160945_NCDK_conventional_converted_dev_1,False,False,24,0,0.00,1.00,null,null,null,-1.00,-1.00,-0.130,1325.25,P Carly 25 Serum I_GD1_01_66508,508.37366:194550 509.37832:54750 510.38299:10126,null,894914,884917,913324,904441,899399.048421875,12236.3332064526
25,3.694,510.35571,no MS2: PC O-17:0|PC O-8:0_9:0,[M+H]+,null,1.00,False,6.183,510.35541,C25H52NO7P,EtherPC,UHSLTHBXDXKKEO-UHFFFAOYSA-N,O=C(OC(COCCCCCCCC)COP(=O)([O-])OCC[N+](C)(C)C)CCCCCCCC,530,False,True,False,Normalized unit: Intensity; Annotation method: Msp20260116160945_NCDK_conventional_converted_dev_1,False,False,25,0,0.00,1.00,null,null,null,-1.00,-1.00,-0.144,2656.43,P Carly 25 Serum III_GD1_01_66510,510.35571:381440 511.36038:107638 512.36505:19694,null,2216025,2329831,2388814,2331656,2316581.38234375,72415.4757191043
26,4.376,510.39249,no MS2: Cer 31:5;O2|Cer 12:0;O2/19:5,[M+Na]+,null,1.00,False,7.492,510.39182,C31H53NO3,Cer_NDS,PNNCTFCDPBLOAP-UHFFFAOYSA-N,O=C(NC(CO)C(O)CCCCCCCCC)CCC=CCC=CCC=CCC=CCC=CCC,530,False,True,False,Normalized unit: Intensity; Annotation method: Msp20260116160945_NCDK_conventional_converted_dev_1,False,False,26,0,0.00,1.00,null,null,null,-1.00,-1.00,-0.145,508.71,P Carly 25 Serum II_GD1_01_66509,510.39227:78596 511.39694:22372 512.40161:4240,null,347889,361856,364743,354914,357350.73934375,7536.93553815936
27,3.182,518.32227,no MS2: LPC 16:0,[M+Na]+,null,1.00,False,6.131,518.32172,C24H50NO7P,LPC,ASWBNKHCZGQVJV-UHFFFAOYSA-N,O=C(OCC(O)COP(=O)([O-])OCC[N+](C)(C)C)CCCCCCCCCCCCCCC,530,False,True,False,Normalized unit: Intensity; Annotation method: Msp20260116160945_NCDK_conventional_converted_dev_1,False,False,27,0,0.00,0.99,null,null,null,-1.00,-1.00,-0.146,936.38,P Carly 25 Serum III_GD1_01_66510,518.32227:148356 519.32693:35880 520.33160:15202,null,516196,581204,559685,572379,557365.952875,28832.7787993038
28,3.351,518.32294,no MS2: LPC 16:0,[M+Na]+,null,1.00,False,6.131,518.32172,C24H50NO7P,LPC,ASWBNKHCZGQVJV-UHFFFAOYSA-N,O=C(OCC(O)COP(=O)([O-])OCC[N+](C)(C)C)CCCCCCCCCCCCCCC,530,False,True,False,Normalized unit: Intensity; Annotation method: Msp20260116160945_NCDK_conventional_converted_dev_1,False,False,28,0,0.00,1.00,null,null,null,-1.00,-1.00,-0.143,5136.33,P Carly 25 Serum II_GD1_01_66509,518.32196:633078 519.32663:160274 520.33130:28954,null,3591450,3679172,3728429,3790996,3697511.80640625,84223.3574125915
29,2.818,520.33978,no MS2: PE O-21:2|PE O-13:1_8:1,[M+H]+,null,1.00,False,6.504,520.33978,C26H50NO7P,EtherPE,FOTOPSOAFDHFNP-UHFFFAOYSA-N,O=C(OC(COCCCCCCCCC=CCCC)COP(=O)(O)OCCN)CCC=CCCC,530,False,True,False,Normalized unit: Intensity; Annotation method: Msp20260116160945_NCDK_conventional_converted_dev_1,False,False,29,0,0.00,1.00,null,null,null,-1.00,-1.00,-0.143,2623.54,P Carly 25 Serum III_GD1_01_66510,520.33978:424138 521.34445:116548 522.34912:20120,null,1525287,1574899,1593612,1548803,1560650.24260938,29891.2774882499
30,2.974,520.34009,no MS2: PE O-21:2|PE O-13:1_8:1,[M+H]+,null,1.00,False,6.504,520.33978,C26H50NO7P,EtherPE,FOTOPSOAFDHFNP-UHFFFAOYSA-N,O=C(OC(COCCCCCCCCC=CCCC)COP(=O)(O)OCCN)CCC=CCCC,530,False,True,False,Normalized unit: Intensity; Annotation method: Msp20260116160945_NCDK_conventional_converted_dev_1,False,False,30,0,0.00,1.00,null,null,null,-1.00,-1.00,-0.144,18388.55,P Carly 25 Serum III_GD1_01_66510,520.34009:2969976 521.34476:917148 522.34942:162742,null,12719959,12868885,13272272,12621424,12870635.1247187,286429.093859574
31,3.482,522.35602,no MS2: PC O-18:1|PC O-8:0_10:1,[M+H]+,null,1.00,False,6.132,522.35541,C26H52NO7P,EtherPC,LJRRIGXUSMYHGY-UHFFFAOYSA-N,O=C(OC(COCCCCCCCC)COP(=O)([O-])OCC[N+](C)(C)C)CCCCC=CCCC,530,False,True,False,Normalized unit: Intensity; Annotation method: Msp20260116160945_NCDK_conventional_converted_dev_1,False,False,31,0,0.00,1.00,null,null,null,-1.00,-1.00,-0.143,20896.28,P Carly 25 Serum II_GD1_01_66509,522.35535:3169780 523.36001:1005588 524.36468:183040,null,15566165,15781738,16030616,15453154,15707918.2146875,254677.452960221
32,3.326,522.35638,no MS2: PC O-18:1|PC O-8:0_10:1,[M+H]+,null,0.50,False,6.132,522.35541,C26H52NO7P,EtherPC,LJRRIGXUSMYHGY-UHFFFAOYSA-N,O=C(OC(COCCCCCCCC)COP(=O)([O-])OCC[N+](C)(C)C)CCCCC=CCCC,530,False,True,False,Normalized unit: Intensity; Annotation method: Msp20260116160945_NCDK_conventional_converted_dev_1,False,False,32,0,0.00,0.98,null,null,null,-1.00,-1.00,-0.152,2007.51,P Carly 25 Serum III_GD1_01_66510,522.35638:260278 523.36105:72688 524.36572:14204,null,1067593,1052926,1107680,1113529,1085431.80092187,29773.0157619515
33,3.881,524.37195,no MS2: PC O-18:0|PC O-8:0_10:0,[M+H]+,null,1.00,False,6.232,524.37109,C26H54NO7P,EtherPC,LIRQQTBXFZSLII-UHFFFAOYSA-N,O=C(OC(COCCCCCCCC)COP(=O)([O-])OCC[N+](C)(C)C)CCCCCCCCC,530,False,True,False,Normalized unit: Intensity; Annotation method: Msp20260116160945_NCDK_conventional_converted_dev_1,False,False,33,0,0.00,1.00,null,null,null,-1.00,-1.00,-0.145,6056.66,P Carly 25 Serum II_GD1_01_66509,524.37067:1235732 525.37533:395312 526.38000:68714,null,4728179,4494072,5117172,4851088,4797627.85301563,259445.344835284
34,4.024,524.37213,no MS2: PC O-18:0|PC O-8:0_10:0,[M+H]+,null,1.00,False,6.232,524.37109,C26H54NO7P,EtherPC,LIRQQTBXFZSLII-UHFFFAOYSA-N,O=C(OC(COCCCCCCCC)COP(=O)([O-])OCC[N+](C)(C)C)CCCCCCCCC,530,False,True,False,Normalized unit: Intensity; Annotation method: Msp20260116160945_NCDK_conventional_converted_dev_1,False,False,34,0,0.00,1.00,null,null,null,-1.00,-1.00,-0.143,46191.72,P Carly 25 Serum II_GD1_01_66509,524.37115:8629910 525.37582:2785096 526.38049:502758,null,41248791,40659580,41722836,40629913,41065279.9808125,522874.391720936
35,4.023,524.50012,Unknown,[M+H]+,null,0.75,False,null,null,null,null,null,null,999,False,False,False,Normalized unit: Intensity,False,False,35,0,0.00,null,null,null,null,null,null,null,1141.25,P Carly 25 Serum I_GD1_01_66508,524.49774:126408 525.50241:19262 526.50708:1412,null,454292,445290,455322,480345,458812.57175,15045.6432986204
36,4.024,524.59534,Unknown,[M+H]+,null,1.00,False,null,null,null,null,null,null,999,False,False,False,Normalized unit: Intensity,False,False,36,0,0.00,null,null,null,null,null,null,null,1805.90,P Carly 25 Serum IV_GD1_01_66511,524.59534:123500 525.60000:17620 526.60467:1220,null,431290,453773,455579,458949,449897.999671875,12589.2299843569
37,4.024,524.92078,Unknown,[M+H]+,null,1.00,False,null,null,null,null,null,null,999,False,False,False,Normalized unit: Intensity,False,False,37,0,0.00,null,null,null,null,null,null,null,2197.55,P Carly 25 Serum I_GD1_01_66508,524.92078:307992 525.92544:46344 526.93011:1486,null,1199844,1104560,1145271,1152243,1150479.57401563,39054.1220386725
38,2.974,542.32184,no MS2: LPC 18:2,[M+Na]+,null,1.00,False,5.779,542.32172,C26H50NO7P,LPC,SPJFYYJXNPEZDW-UHFFFAOYSA-N,O=C(OCC(O)COP(=O)([O-])OCC[N+](C)(C)C)CCCCCCCC=CCC=CCCCCC,530,False,True,False,Normalized unit: Intensity; Annotation method: Msp20260116160945_NCDK_conventional_converted_dev_1,False,False,38,0,0.00,1.00,null,null,null,-1.00,-1.00,-0.143,932.71,P Carly 25 Serum III_GD1_01_66510,542.32184:156904 543.32651:43456 544.33117:80548,null,620426,613387,634925,623395,623033.30209375,8970.31199149317
39,3.482,544.33771,no MS2: LPC 18:1,[M+Na]+,null,1.00,False,6.299,544.33740,C26H52NO7P,LPC,YAMUFBLWGFFICM-UHFFFAOYSA-N,O=C(OCC(O)COP(=O)([O-])OCC[N+](C)(C)C)CCCCCCCC=CCCCCCCCC,530,False,True,False,Normalized unit: Intensity; Annotation method: Msp20260116160945_NCDK_conventional_converted_dev_1,False,False,39,0,0.00,1.00,null,null,null,-1.00,-1.00,-0.144,1611.65,P Carly 25 Serum III_GD1_01_66510,544.33771:192596 545.34238:55418 546.34704:8954,null,818919,820286,844398,841180,831195.650875,13462.5296710797
40,2.905,544.33978,no MS2: PE O-23:4|PE O-8:0_15:4,[M+H]+,null,1.00,False,6.609,544.33978,C28H50NO7P,EtherPE,ORVQTMKUQPTJSK-UHFFFAOYSA-N,O=C(OC(COCCCCCCCC)COP(=O)(O)OCCN)CC=CCC=CCC=CCC=CCC,530,False,True,False,Normalized unit: Intensity; Annotation method: Msp20260116160945_NCDK_conventional_converted_dev_1,False,False,40,0,0.00,1.00,null,null,null,-1.00,-1.00,-0.143,9922.54,P Carly 25 Serum III_GD1_01_66510,544.33978:1034140 545.34445:340760 546.34912:62114,null,4253251,4306877,4387151,4201029,4287076.89885937,79488.4249879443
41,4.020,546.35126,no MS2: LPC 18:0,[M+Na]+,null,1.00,False,6.748,546.35303,C26H54NO7P,LPC,IHNKQIMGVNPMTC-UHFFFAOYSA-N,O=C(OCC(O)COP(=O)([O-])OCC[N+](C)(C)C)CCCCCCCCCCCCCCCCC,530,False,True,False,Normalized unit: Intensity; Annotation method: Msp20260116160945_NCDK_conventional_converted_dev_1,False,False,41,0,0.00,1.00,null,null,null,-1.00,-1.00,-0.143,1461.50,P Carly 25 Serum II_GD1_01_66509,546.35297:923892 547.35763:268714 548.36230:48164,null,3885580,3637969,3770394,3696582,3747631.05060938,106739.39248594
42,3.234,546.35565,no MS2: LPC 18:0,[M+Na]+,null,1.00,False,6.748,546.35303,C26H54NO7P,LPC,IHNKQIMGVNPMTC-UHFFFAOYSA-N,O=C(OCC(O)COP(=O)([O-])OCC[N+](C)(C)C)CCCCCCCCCCCCCCCCC,530,False,True,False,Normalized unit: Intensity; Annotation method: Msp20260116160945_NCDK_conventional_converted_dev_1,False,False,42,0,0.00,1.00,null,null,null,-1.00,-1.00,-0.143,486.43,P Carly 25 Serum I_GD1_01_66508,546.35321:277180 547.35788:82244 548.36255:15544,null,1353675,1342238,1370771,1312903,1344896.83764063,24339.1435883203
43,3.642,548.37109,no MS2: PE O-23:2|PE O-8:0_15:2,[M+H]+,null,1.00,False,7.107,548.37109,C28H54NO7P,EtherPE,PJFKIDKQFBLEBG-UHFFFAOYSA-N,O=C(OC(COCCCCCCCC)COP(=O)(O)OCCN)CCCCCCC=CCC=CCCC,530,False,True,False,Normalized unit: Intensity; Annotation method: Msp20260116160945_NCDK_conventional_converted_dev_1,False,False,43,0,0.00,1.00,null,null,null,-1.00,-1.00,-0.143,214.65,P Carly 25 Serum III_GD1_01_66510,548.37109:93448 549.37576:28512 550.38043:5662,null,363413,367101,388471,361150,370033.811484375,12533.932938308
44,12.277,548.50299,no MS2: RIKEN P-VS1 ID-4949 from Mouse_Muscle_WT_CTX0_Ctr,[M+H]+,null,1.00,False,11.400,548.50153,null,Unknown,null,null,530,False,True,False,Normalized unit: Intensity; Annotation method: Msp20260116160945_NCDK_conventional_converted_dev_1,False,False,44,0,0.00,0.99,null,null,null,-1.00,-1.00,-0.134,185.86,P Carly 25 Serum II_GD1_01_66509,548.50238:99506 549.50705:34538 550.51172:7896,null,998909,977264,1030909,1014879,1005490.00948437,22907.6553762404
45,4.102,550.38654,no MS2: PC O-20:1|PC O-8:0_12:1,[M+H]+,null,1.00,False,6.545,550.38672,C28H56NO7P,EtherPC,XOSKOSSFPZUHCB-UHFFFAOYSA-N,O=C(OC(COCCCCCCCC)COP(=O)([O-])OCC[N+](C)(C)C)CCCCCCC=CCCC,530,False,True,False,Normalized unit: Intensity; Annotation method: Msp20260116160945_NCDK_conventional_converted_dev_1,False,False,45,0,0.00,1.00,null,null,null,-1.00,-1.00,-0.143,345.98,P Carly 25 Serum IV_GD1_01_66511,550.38684:84174 551.39151:25202 552.39618:4900,null,356508,361914,377006,367989,365854.054625,8790.04287102061
46,3.347,554.39136,Unknown,[M+H]+,null,1.00,False,null,null,null,null,null,null,999,False,False,False,Normalized unit: Intensity,False,False,46,0,0.00,null,null,null,null,null,null,null,1379.20,P Carly 25 Serum II_GD1_01_66509,554.39319:286758 555.39786:83312 556.40252:16034,null,1531853,1477967,1477890,1484373,1493021.02534375,26065.9640152635
47,2.818,568.33997,no MS2: LPC 22:6,[M+H]+,null,1.00,False,5.888,568.33978,C30H50NO7P,LPC,LSOWKZULVQWMLY-UHFFFAOYSA-N,O=C(OCC(O)COP(=O)([O-])OCC[N+](C)(C)C)CCC=CCC=CCC=CCC=CCC=CCC=CCC,530,False,True,False,Normalized unit: Intensity; Annotation method: Msp20260116160945_NCDK_conventional_converted_dev_1,False,False,47,0,0.00,1.00,null,null,null,-1.00,-1.00,-0.143,1854.01,P Carly 25 Serum IV_GD1_01_66511,568.33997:210728 569.34463:67838 570.34930:12960,null,858326,861346,894717,891851,876559.852984375,19386.1202827113
48,11.247,575.50256,Unknown,[M+H-H2O]+,null,1.00,False,null,null,null,null,null,null,999,False,False,False,Normalized unit: Intensity,False,False,48,0,0.00,null,null,null,null,null,null,null,104.50,P Carly 25 Serum III_GD1_01_66510,575.50256:91320 576.50723:37802 577.51190:8614,null,703337,719913,722927,687285,708365.2645,16482.8890724628
49,15.119,575.50360,Unknown,[M+H]+,null,0.50,False,null,null,null,null,null,null,999,False,False,False,Normalized unit: Intensity,False,False,49,0,0.00,null,null,null,null,null,null,null,77.53,P Carly 25 Serum IV_GD1_01_66511,575.50360:70630 576.50827:28632 577.51294:51796,null,436553,431543,468216,478533,453711.313671875,23183.0050617778
50,12.589,577.51855,no MS2: RIKEN P-VS1 ID-5423 from Mouse_Plasma_ApoEKO_N_F1DHA,[M+H]+,null,1.00,False,13.050,577.51569,null,Unknown,null,null,530,False,True,False,Normalized unit: Intensity; Annotation method: Msp20260116160945_NCDK_conventional_converted_dev_1,False,False,50,0,0.00,0.92,null,null,null,-1.00,-1.00,-0.165,385.29,P Carly 25 Serum II_GD1_01_66509,577.51807:214010 578.52273:87282 579.52740:18258,null,1507648,1529446,1558350,1511518,1526740.54801563,23113.623451901
51,15.356,577.51874,no MS2: RIKEN P-VS1 ID-5423 from Mouse_Plasma_ApoEKO_N_F1DHA,[M+H]+,null,1.00,False,13.050,577.51569,null,Unknown,null,null,530,False,True,False,Normalized unit: Intensity; Annotation method: Msp20260116160945_NCDK_conventional_converted_dev_1,False,False,51,0,0.00,0.96,null,null,null,-1.00,-1.00,-0.147,191.23,P Carly 25 Serum II_GD1_01_66509,577.51733:114986 578.52200:47876 579.52667:10556,null,610205,634325,702807,736636,670993.24878125,58767.5311290856
52,4.024,582.42218,Unknown,[M+H]+,null,1.00,False,null,null,null,null,null,null,999,False,False,False,Normalized unit: Intensity,False,False,52,0,0.00,null,null,null,null,null,null,null,1928.72,P Carly 25 Serum III_GD1_01_66510,582.42542:266500 583.43008:83298 584.43475:15172,null,1145146,1092932,1139207,1136460,1128436.3289375,23945.5051570497
53,12.277,589.52881,Unknown,[M+H]+,null,1.00,False,null,null,null,null,null,null,999,False,False,False,Normalized unit: Intensity,False,False,53,0,0.00,null,null,null,null,null,null,null,335.90,P Carly 25 Serum III_GD1_01_66510,589.52881:74492 590.53348:28022 591.53814:5906,null,737422,738455,770847,759571,751573.667781249,16409.229936536
54,11.463,601.51764,no MS2: RIKEN P-VS1 ID-5826 from Mouse_Feces_WT_N_Ctr,[M+H-H2O]+,null,1.00,False,12.880,601.51538,null,Unknown,null,null,530,False,True,False,Normalized unit: Intensity; Annotation method: Msp20260116160945_NCDK_conventional_converted_dev_1,False,False,54,0,0.00,0.93,null,null,null,-1.00,-1.00,-0.159,260.82,P Carly 25 Serum II_GD1_01_66509,601.51764:72444 602.52231:27034 603.52697:6724,null,532932,551980,515605,520316,530208.330328125,16253.8746665258
55,12.780,603.53503,no MS2: RIKEN P-VS1 ID-5863 from Mouse_Adipose_WT_N_F1AA,[M+H-H2O]+,null,1.00,False,14.760,603.53430,null,Unknown,null,null,530,False,True,False,Normalized unit: Intensity; Annotation method: Msp20260116160945_NCDK_conventional_converted_dev_1,False,False,55,0,0.00,1.00,null,null,null,-1.00,-1.00,-0.129,378.77,P Carly 25 Serum III_GD1_01_66510,603.53455:80604 604.53921:35314 605.54388:7474,null,543866,553405,557909,562843,554505.93240625,8072.86962029782
56,11.256,610.53931,no MS2: Cer 37:2;O4|Cer 12:1;O3/25:1(2OH),[M+NH4]+,null,1.00,False,9.412,610.54053,C37H71NO5,Cer_AP,KHGKWTNERDCOKC-UHFFFAOYSA-N,O=C(NC(CO)C(O)C(O)CCCC=CCCC)C(O)CCCCCCCCCCCC=CCCCCCCCCCC,530,False,True,False,Normalized unit: Intensity; Annotation method: Msp20260116160945_NCDK_conventional_converted_dev_1,False,False,56,0,0.00,1.00,null,null,null,-1.00,-1.00,-0.143,910.01,P Carly 25 Serum I_GD1_01_66508,610.54028:149402 611.54495:61086 612.54962:13334,null,1165061,1209970,1236332,1129791,1185288.34198438,47271.4241371806
57,12.606,612.55591,no MS2: Cer 37:1;O4|Cer 12:1;O3/25:0(2OH),[M+H]+,null,1.00,False,9.844,612.55621,C37H73NO5,Cer_AP,RUEOUTPJRGEUDQ-UHFFFAOYSA-N,O=C(NC(CO)C(O)C(O)CCCC=CCCC)C(O)CCCCCCCCCCCCCCCCCCCCCCC,530,False,True,False,Normalized unit: Intensity; Annotation method: Msp20260116160945_NCDK_conventional_converted_dev_1,False,False,57,0,0.00,1.00,null,null,null,-1.00,-1.00,-0.143,2886.86,P Carly 25 Serum III_GD1_01_66510,612.55591:223462 613.56058:89202 614.56524:17866,null,1577739,1671905,1688411,1611314,1637342.4489375,51745.0000395818
58,15.327,614.58734,no MS2: SE 28:1/13:0,[M+NH4]+,null,0.50,False,13.987,614.58710,C41H72O2,CASE,IZISIMGNZGDQOF-UHFFFAOYSA-N,O=C(OC1CC2=CCC3C(CCC4(C)C(CCC34)C(C)CCC(C)C(C)C)C2(C)CC1)CCCCCCCCCCCC,530,False,True,False,Normalized unit: Intensity; Annotation method: Msp20260116160945_NCDK_conventional_converted_dev_1,False,False,58,0,0.00,1.00,null,null,null,-1.00,-1.00,-0.143,293.64,P Carly 25 Serum III_GD1_01_66510,614.58734:79982 615.59201:36950 616.59668:9358,null,303705,290600,316179,311654,305534.5855,11211.9788961836
59,11.264,615.49475,no MS2: RIKEN P-VS1 ID-6122 from Mouse_Feces_WT_ABX_Ctr,[M+Na]+,null,1.00,False,11.000,615.49432,null,Unknown,null,null,530,False,True,False,Normalized unit: Intensity; Annotation method: Msp20260116160945_NCDK_conventional_converted_dev_1,False,False,59,0,0.00,1.00,null,null,null,-1.00,-1.00,-0.129,335.02,P Carly 25 Serum II_GD1_01_66509,615.49457:113018 616.49924:42706 617.50390:9984,null,917339,943874,956060,903178,930112.991750001,24161.3920781499
60,12.589,617.51233,no MS2: RIKEN P-VS1 ID-6157 from Mouse_Feces_WT_N_Ctr,[M+H]+,null,1.00,False,12.020,617.50983,null,Unknown,null,null,530,False,True,False,Normalized unit: Intensity; Annotation method: Msp20260116160945_NCDK_conventional_converted_dev_1,False,False,60,0,0.00,0.99,null,null,null,-1.00,-1.00,-0.132,647.65,P Carly 25 Serum II_GD1_01_66509,617.51056:106400 618.51523:42030 619.51989:9744,null,1023980,1016251,1025921,1052189,1029585.14003125,15637.1209780735
61,8.112,627.53418,Unknown,[M+H]+,null,1.00,False,null,null,null,null,null,null,999,False,False,False,Normalized unit: Intensity,False,False,61,0,0.00,null,null,null,null,null,null,null,626.77,P Carly 25 Serum IV_GD1_01_66511,627.53418:146402 628.53885:62572 629.54352:13742,null,717225,761905,772252,782521,758475.896921875,28759.5036886094
62,13.871,632.63483,no MS2: Cer 42:1;O2|Cer 12:0;O2/30:1,[M+H-H2O]+,null,1.00,False,13.093,632.63397,C42H83NO3,Cer_NDS,DGPMLOUFNUIKOS-UHFFFAOYSA-N,O=C(NC(CO)C(O)CCCCCCCCC)CCCCCCCCCCCCCCCCCCCC=CCCCCCCCC,530,False,True,False,Normalized unit: Intensity; Annotation method: Msp20260116160945_NCDK_conventional_converted_dev_1,False,False,62,0,0.00,1.00,null,null,null,-1.00,-1.00,-0.144,376.86,P Carly 25 Serum III_GD1_01_66510,632.63434:104412 633.63901:49204 634.64367:13922,null,467799,458352,468467,476684,467825.53121875,7497.54797465815
63,10.182,634.53973,no MS2: Cer 39:4;O4|Cer 13:1;O3/26:3(2OH),[M+H]+,null,1.00,False,9.357,634.54053,C39H71NO5,Cer_AP,QRNZDMXRMRCBNE-UHFFFAOYSA-N,O=C(NC(CO)C(O)C(O)CCCC=CCCCC)C(O)CCCCCCCCCC=CCC=CCC=CCCCCCCC,530,False,True,False,Normalized unit: Intensity; Annotation method: Msp20260116160945_NCDK_conventional_converted_dev_1,False,False,63,0,0.00,0.99,null,null,null,-1.00,-1.00,-0.146,109.27,P Carly 25 Serum I_GD1_01_66508,634.53979:76968 635.54446:35548 636.54913:8622,null,641164,656486,677746,633278,652168.683859375,19585.7058784229
64,11.463,636.55505,no MS2: Cer 39:3;O4|Cer 13:1;O3/26:2(2OH),[M+H]+,null,1.00,False,10.444,636.55621,C39H73NO5,Cer_AP,RNLOLCADZMWTBL-UHFFFAOYSA-N,O=C(NC(CO)C(O)C(O)CCCC=CCCCC)C(O)CCCCCCCCCCCCC=CCC=CCCCCCCC,530,False,True,False,Normalized unit: Intensity; Annotation method: Msp20260116160945_NCDK_conventional_converted_dev_1,False,False,64,0,0.00,0.98,null,null,null,-1.00,-1.00,-0.151,827.48,P Carly 25 Serum III_GD1_01_66510,636.55505:204982 637.55972:87598 638.56439:18822,null,1467692,1431837,1460789,1422578,1445724.02378125,21894.5870766991
65,12.780,638.57129,no MS2: RIKEN P-VS1 ID-6561 from Mouse_Adipose_WT_N_F1EPA,[M+NH4]+,null,1.00,False,11.040,638.56940,null,Unknown,null,null,530,False,True,False,Normalized unit: Intensity; Annotation method: Msp20260116160945_NCDK_conventional_converted_dev_1,False,False,65,0,0.00,1.00,null,null,null,-1.00,-1.00,-0.129,1780.52,P Carly 25 Serum II_GD1_01_66509,638.56976:169584 639.57443:72510 640.57910:16564,null,1151928,1165489,1182817,1113424,1153414.53442187,29505.5445294858
66,13.473,640.58704,no MS2: Cer 39:1;O4|Cer 12:1;O3/27:0(2OH),[M+H]+,null,0.75,False,11.351,640.58752,C39H77NO5,Cer_AP,GQMMMLWRABOBJS-UHFFFAOYSA-N,O=C(NC(CO)C(O)C(O)CCCC=CCCC)C(O)CCCCCCCCCCCCCCCCCCCCCCCCC,530,False,True,False,Normalized unit: Intensity; Annotation method: Msp20260116160945_NCDK_conventional_converted_dev_1,False,False,66,0,0.00,1.00,null,null,null,-1.00,-1.00,-0.144,366.21,P Carly 25 Serum IV_GD1_01_66511,640.58795:73714 641.59262:31334 642.59729:8372,null,328668,329014,334787,325916,329596.118546875,3727.82742043957
67,15.338,640.60211,no MS2: SE 28:2/15:0,[M+NH4]+,null,1.00,False,14.512,640.60272,C43H74O2,BRSE,CYVYXFRHNWNKJU-UHFFFAOYSA-N,O=C(OC1CC2=CCC3C(CCC4(C)C(CCC34)C(C=CC(C)C(C)C)C)C2(C)CC1)CCCCCCCCCCCCCC,530,False,True,False,Normalized unit: Intensity; Annotation method: Msp20260116160945_NCDK_conventional_converted_dev_1,False,False,67,0,0.00,1.00,null,null,null,-1.00,-1.00,-0.143,6512.03,P Carly 25 Serum III_GD1_01_66510,640.60266:1223080 641.60733:594378 642.61200:144278,null,4762426,4611637,4706008,4788949,4717255.15729688,78447.8999950275
68,11.463,641.51068,no MS2: DG 36:3,[M+Na]+,null,1.00,False,11.361,641.51147,C39H70O5,DG,PHDXFGKEFPXZKF-UHFFFAOYSA-N,O=C(OCC(OC(=O)CCCCCCCCCCCCC=CCC=CCC=CCCCCCCC)CO)CCCCCCC,530,False,True,False,Normalized unit: Intensity; Annotation method: Msp20260116160945_NCDK_conventional_converted_dev_1,False,False,68,0,0.00,0.99,null,null,null,-1.00,-1.00,-0.147,906.59,P Carly 25 Serum III_GD1_01_66510,641.51068:150366 642.51535:62454 643.52002:14800,null,1198958,1203767,1145098,1117318,1166285.3033125,42107.0721757953
69,15.745,642.61853,no MS2: RIKEN P-VS1 ID-6673 from Mouse_AdrenalGlands_WT_N_Ctr,[M+H]+,null,1.00,False,10.900,642.61560,null,Unknown,null,null,530,False,True,False,Normalized unit: Intensity; Annotation method: Msp20260116160945_NCDK_conventional_converted_dev_1,False,False,69,0,0.00,0.99,null,null,null,-1.00,-1.00,-0.134,7073.95,P Carly 25 Serum I_GD1_01_66508,642.61664:1578336 643.62131:726614 644.62597:176248,null,11779453,11889929,11836575,11883321,11847319.4495469,51097.9864741979
70,12.780,643.52686,no MS2: RIKEN P-VS1 ID-6693 from Mouse_Feces_WT_N_Ctr,[M+Na]+,null,1.00,False,12.240,643.52728,null,Unknown,null,null,530,False,True,False,Normalized unit: Intensity; Annotation method: Msp20260116160945_NCDK_conventional_converted_dev_1,False,False,70,0,0.00,1.00,null,null,null,-1.00,-1.00,-0.129,882.76,P Carly 25 Serum IV_GD1_01_66511,643.52728:122156 644.53195:52886 645.53662:10634,null,784086,813649,823843,778363,799985.217546875,22182.2781557116
71,13.784,645.56012,no MS2: SE 28:4/17:1,[M+H]+,null,1.00,False,14.333,645.56049,C45H72O2,DEGSE,PWVHPMJHUOHTEN-UHFFFAOYSA-N,O=C(OC1CC2=CC=C3C(=CCC4(C)C3CCC4C(C=CC(C)C(C)C)C)C2(C)CC1)CCCCCCCC=CCCCCCCC,530,False,True,False,Normalized unit: Intensity; Annotation method: Msp20260116160945_NCDK_conventional_converted_dev_1,False,False,71,0,0.00,1.00,null,null,null,-1.00,-1.00,-0.143,479.08,P Carly 25 Serum IV_GD1_01_66511,645.56030:74628 646.56497:37342 647.56964:21686,null,621583,614492,633973,614443,621122.9301875,9199.8730081469
72,13.568,647.45868,Unknown,[M+H]+,null,1.00,False,null,null,null,null,null,null,999,False,False,False,Normalized unit: Intensity,False,False,72,0,0.00,null,null,null,null,null,null,null,581.71,P Carly 25 Serum I_GD1_01_66508,647.45758:105456 648.46225:47494 649.46692:11608,null,695325,705813,726636,742170,717485.991750001,20979.0772075968
73,15.754,647.57349,no MS2: SE 28:4/17:0,[M+Na]+,null,1.00,False,14.344,647.57617,C45H74O2,DEGSE,SMBKRNCNALQNLI-UHFFFAOYSA-N,O=C(OC1CC2=CC=C3C(=CCC4(C)C3CCC4C(C=CC(C)C(C)C)C)C2(C)CC1)CCCCCCCCCCCCCCCC,530,False,True,False,Normalized unit: Intensity; Annotation method: Msp20260116160945_NCDK_conventional_converted_dev_1,False,False,73,0,0.00,0.95,null,null,null,-1.00,-1.00,-0.169,611.41,P Carly 25 Serum III_GD1_01_66510,647.57404:88604 648.57870:42876 649.58337:11006,null,986260,973908,999541,1047380,1001772.44715625,32156.362061062
74,13.940,647.57684,no MS2: SE 28:4/17:0,[M+H]+,null,1.00,False,14.344,647.57617,C45H74O2,DEGSE,SMBKRNCNALQNLI-UHFFFAOYSA-N,O=C(OC1CC2=CC=C3C(=CCC4(C)C3CCC4C(C=CC(C)C(C)C)C)C2(C)CC1)CCCCCCCCCCCCCCCC,530,False,True,False,Normalized unit: Intensity; Annotation method: Msp20260116160945_NCDK_conventional_converted_dev_1,False,False,74,0,0.00,1.00,null,null,null,-1.00,-1.00,-0.143,2359.32,P Carly 25 Serum III_GD1_01_66510,647.57629:485846 648.58096:242914 649.58563:58852,null,2727064,2744590,2743079,2810427,2756290.05348437,36952.3604990235
75,15.425,649.59247,no MS2: SE 28:3/17:0,[M+H]+,null,1.00,False,14.427,649.59180,C45H76O2,EGSE,VGUZMPDGGYQYST-UHFFFAOYSA-N,O=C(OC1CC2=CC=C3C(CCC4(C)C3CCC4C(C=CC(C)C(C)C)C)C2(C)CC1)CCCCCCCCCCCCCCCC,530,False,True,False,Normalized unit: Intensity; Annotation method: Msp20260116160945_NCDK_conventional_converted_dev_1,False,False,75,0,0.00,1.00,null,null,null,-1.00,-1.00,-0.144,1139.56,P Carly 25 Serum III_GD1_01_66510,649.59216:150128 650.59683:70942 651.60150:16050,null,1259598,1216796,1254974,1281614,1253245.53342187,26936.1315480255
76,13.884,650.64490,no MS2: Cer 42:0;O3|Cer 12:0;O2/30:0;O,[M+H]+,null,1.00,False,12.825,650.64459,C42H85NO4,Cer_HDS,RBLKHLIBCHJHCL-UHFFFAOYSA-N,O=C(NC(CO)C(O)CCCCCCCCC)C(O)CCCCCCCCCCCCCCCCCCCCCCCCCCCC,530,False,True,False,Normalized unit: Intensity; Annotation method: Msp20260116160945_NCDK_conventional_converted_dev_1,False,False,76,0,0.00,1.00,null,null,null,-1.00,-1.00,-0.143,569.73,P Carly 25 Serum III_GD1_01_66510,650.64490:150680 651.64957:67594 652.65423:15888,null,653215,637257,663548,641213,648808.308453125,11941.624450663
77,12.606,653.58240,no MS2: NAGly 37:2;O2|NAGly 9:0;O(FA 28:1),[M+NH4]+,null,1.00,False,11.669,653.58270,C39H73NO5,NAGly,ZEMUIADJWIPWGA-UHFFFAOYSA-N,O=C(O)CNC(=O)CCCC(OC(=O)CCCCCCCCCCCCCCCCCC=CCCCCCCCC)CCCC,530,False,True,False,Normalized unit: Intensity; Annotation method: Msp20260116160945_NCDK_conventional_converted_dev_1,False,False,77,0,0.00,1.00,null,null,null,-1.00,-1.00,-0.143,322.83,P Carly 25 Serum III_GD1_01_66510,653.58240:86504 654.58707:38812 655.59173:7908,null,573911,568205,577147,562872,570533.78296875,6304.96781237958
78,15.555,654.61768,no MS2: RIKEN P-VS1 ID-6912 from Mouse_SmallIntestine_WT_N_F1,[M+H]+,null,1.00,False,12.890,654.61493,null,Unknown,null,null,530,False,True,False,Normalized unit: Intensity; Annotation method: Msp20260116160945_NCDK_conventional_converted_dev_1,False,False,78,0,0.00,0.99,null,null,null,-1.00,-1.00,-0.132,700.66,P Carly 25 Serum II_GD1_01_66509,654.61572:198162 655.62039:108360 656.62506:29438,null,1053703,1050434,1114416,1064722,1070818.81560938,29700.2539768811
79,15.888,656.63263,no MS2: SE 28:1/16:0,[M+NH4]+,null,1.00,False,15.355,656.63397,C44H78O2,CASE,BHGYUIZFHKUJAB-UHFFFAOYSA-N,O=C(OC1CC2=CCC3C(CCC4(C)C(CCC34)C(C)CCC(C)C(C)C)C2(C)CC1)CCCCCCCCCCCCCCC,530,False,True,False,Normalized unit: Intensity; Annotation method: Msp20260116160945_NCDK_conventional_converted_dev_1,False,False,79,0,0.00,0.98,null,null,null,-1.00,-1.00,-0.153,417.00,P Carly 25 Serum III_GD1_01_66510,656.63263:65146 657.63730:30978 658.64196:8170,null,629201,628711,645663,638390,635491.190890624,8111.73462548083
80,9.680,663.45367,no MS2: RIKEN P-VS1 ID-7082 from Mouse_Macrophage_WT_N_F1AA,[M+H]+,null,1.00,False,9.900,663.45538,null,Unknown,null,null,530,False,True,False,Normalized unit: Intensity; Annotation method: Msp20260116160945_NCDK_conventional_converted_dev_1,False,False,80,0,0.00,0.98,null,null,null,-1.00,-1.00,-0.135,901.68,P Carly 25 Serum III_GD1_01_66510,663.45422:655816 664.45889:301012 665.46356:72290,null,8659407,9085540,8906529,9103969,8938861.27389063,206490.91739459
81,13.693,663.45428,no MS2: RIKEN P-VS1 ID-7082 from Mouse_Macrophage_WT_N_F1AA,[M+H]+,null,1.00,False,9.900,663.45538,null,Unknown,null,null,530,False,True,False,Normalized unit: Intensity; Annotation method: Msp20260116160945_NCDK_conventional_converted_dev_1,False,False,81,0,0.00,0.99,null,null,null,-1.00,-1.00,-0.135,174.59,P Carly 25 Serum IV_GD1_01_66511,663.45428:127968 664.45895:55758 665.46362:13756,null,6569579,6603729,7018488,6980436,6793057.7953125,239247.097963289
82,14.044,663.57098,no MS2: RIKEN P-VS1 ID-7095 from Mouse_Muscle_WT_CTX0_Ctr,[M+H]+,null,1.00,False,12.100,663.56897,null,Unknown,null,null,530,False,True,False,Normalized unit: Intensity; Annotation method: Msp20260116160945_NCDK_conventional_converted_dev_1,False,False,82,0,0.00,1.00,null,null,null,-1.00,-1.00,-0.129,315.96,P Carly 25 Serum II_GD1_01_66509,663.56873:300850 664.57339:139720 665.57806:36858,null,1462749,1469463,1474398,1418884,1456373.2839375,25444.9300839902
83,15.143,664.60339,no MS2: SE 28:2/17:2,[M+NH4]+,null,1.00,False,14.133,664.60272,C45H74O2,BRSE,YNGVKVHZBTYWFJ-UHFFFAOYSA-N,O=C(OC1CC2=CCC3C(CCC4(C)C(CCC34)C(C=CC(C)C(C)C)C)C2(C)CC1)CCCCCCCC=CCC=CCCCC,530,False,True,False,Normalized unit: Intensity; Annotation method: Msp20260116160945_NCDK_conventional_converted_dev_1,False,False,83,0,0.00,1.00,null,null,null,-1.00,-1.00,-0.144,2200.16,P Carly 25 Serum IV_GD1_01_66511,664.60309:1722398 665.60776:863556 666.61242:208814,null,10190814,10166500,10273305,9964936,10148888.8203125,130876.357228939
84,15.421,666.61780,no MS2: SE 28:2/17:1,[M+NH4]+,null,1.00,False,14.759,666.61841,C45H76O2,BRSE,KZVQJMDFHGPLAH-UHFFFAOYSA-N,O=C(OC1CC2=CCC3C(CCC4(C)C(CCC34)C(C=CC(C)C(C)C)C)C2(C)CC1)CCCCCCCC=CCCCCCCC,530,False,True,False,Normalized unit: Intensity; Annotation method: Msp20260116160945_NCDK_conventional_converted_dev_1,False,False,84,0,0.00,1.00,null,null,null,-1.00,-1.00,-0.145,48273.07,P Carly 25 Serum I_GD1_01_66508,666.61780:14662990 667.62247:9650544 668.62713:2175230,null,131280075,128691686,127527372,128868181,129091828.451109,1575445.06024764
85,15.421,666.76080,Unknown,[M+2H]2+,null,1.00,False,null,null,null,null,null,null,999,False,False,False,Normalized unit: Intensity,False,False,85,0,0.00,null,null,null,null,null,null,null,2914.22,P Carly 25 Serum IV_GD1_01_66511,666.76080:366524 667.76547:192574 668.77014:29682,null,2819214,2772301,2687930,2786666,2766527.785375,55953.3194900917
86,15.421,666.87268,Unknown,[M+H]+,null,1.00,False,null,null,null,null,null,null,999,False,False,False,Normalized unit: Intensity,False,False,86,0,0.00,null,null,null,null,null,null,null,1945.54,P Carly 25 Serum III_GD1_01_66510,666.87268:285712 667.87735:181592 668.88202:23280,null,2373864,2246958,2318493,2284064,2305844.76729688,53940.3687126647
87,15.421,666.99890,Unknown,[M+H]+,null,1.00,False,null,null,null,null,null,null,999,False,False,False,Normalized unit: Intensity,False,False,87,0,0.00,null,null,null,null,null,null,null,1680.15,P Carly 25 Serum IV_GD1_01_66511,666.99890:156366 668.00357:0 669.00824:0,null,847618,823641,816251,857749,836314.759703125,19582.0743091436
88,15.421,667.62219,Unknown,[M+H]+,null,1.00,False,null,null,null,null,null,null,999,False,False,False,Normalized unit: Intensity,False,False,88,0,0.00,null,null,null,null,null,null,null,53238.81,P Carly 25 Serum III_GD1_01_66510,667.62219:9924398 668.62686:2208264 669.63153:335444,null,77731555,76280602,77325334,77566402,77225973.1890156,651946.921890748
89,15.745,668.63385,no MS2: SE 28:2/17:0,[M+NH4]+,null,1.00,False,14.709,668.63397,C45H78O2,BRSE,JRHOHGAECXXOMB-UHFFFAOYSA-N,O=C(OC1CC2=CCC3C(CCC4(C)C(CCC34)C(C=CC(C)C(C)C)C)C2(C)CC1)CCCCCCCCCCCCCCCC,530,False,True,False,Normalized unit: Intensity; Annotation method: Msp20260116160945_NCDK_conventional_converted_dev_1,False,False,89,0,0.00,1.00,null,null,null,-1.00,-1.00,-0.143,66787.94,P Carly 25 Serum IV_GD1_01_66511,668.63385:7344850 669.63852:3529942 670.64319:823274,null,54058930,54662569,53589747,56088416,54599915.4547188,1085151.73267527
90,15.741,668.77435,Unknown,[M+2H]2+,null,1.00,False,null,null,null,null,null,null,999,False,False,False,Normalized unit: Intensity,False,False,90,0,0.00,null,null,null,null,null,null,null,1357.97,P Carly 25 Serum I_GD1_01_66508,668.77435:168042 669.77902:75742 670.78369:3956,null,1087972,1044868,1050095,1073242,1064044.44015625,20161.6446065906
91,15.741,668.88397,Unknown,[M+H]+,null,1.00,False,null,null,null,null,null,null,999,False,False,False,Normalized unit: Intensity,False,False,91,0,0.00,null,null,null,null,null,null,null,1100.33,P Carly 25 Serum I_GD1_01_66508,668.88397:145708 669.88864:73132 670.89331:3244,null,995872,981217,997385,1008986,995864.84609375,11387.5053942788
92,16.157,670.64862,no MS2: SE 28:1/17:0,[M+NH4]+,null,1.00,False,15.099,670.64972,C45H80O2,CASE,VQOOUCOARUDCMH-UHFFFAOYSA-N,O=C(OC1CC2=CCC3C(CCC4(C)C(CCC34)C(C)CCC(C)C(C)C)C2(C)CC1)CCCCCCCCCCCCCCCC,530,False,True,False,Normalized unit: Intensity; Annotation method: Msp20260116160945_NCDK_conventional_converted_dev_1,False,False,92,0,0.00,0.99,null,null,null,-1.00,-1.00,-0.150,5526.74,P Carly 25 Serum III_GD1_01_66510,670.64862:512798 671.65329:252104 672.65796:57512,null,2991233,2850827,2959781,2855666,2914376.879,71772.585569826
93,15.455,671.57355,no MS2: SE 28:3/17:0,[M+Na]+,null,1.00,False,14.427,671.57379,C45H76O2,EGSE,VGUZMPDGGYQYST-UHFFFAOYSA-N,O=C(OC1CC2=CC=C3C(CCC4(C)C3CCC4C(C=CC(C)C(C)C)C)C2(C)CC1)CCCCCCCCCCCCCCCC,530,False,True,False,Normalized unit: Intensity; Annotation method: Msp20260116160945_NCDK_conventional_converted_dev_1,False,False,93,0,0.00,1.00,null,null,null,-1.00,-1.00,-0.143,1979.81,P Carly 25 Serum III_GD1_01_66510,671.57361:279318 672.57828:132194 673.58294:30258,null,2846898,2793383,2864169,2998794,2875811.1190625,87351.2324877851
94,13.923,671.57703,no MS2: SE 28:4/19:2,[M+H]+,null,1.00,False,14.218,671.57617,C47H74O2,DEGSE,ZJTNNWFGVBBRTO-UHFFFAOYSA-N,O=C(OC1CC2=CC=C3C(=CCC4(C)C3CCC4C(C=CC(C)C(C)C)C)C2(C)CC1)CCCCCCCC=CCC=CCCCCCC,530,False,True,False,Normalized unit: Intensity; Annotation method: Msp20260116160945_NCDK_conventional_converted_dev_1,False,False,94,0,0.00,1.00,null,null,null,-1.00,-1.00,-0.143,3175.34,P Carly 25 Serum III_GD1_01_66510,671.57642:481114 672.58108:247202 673.58575:65688,null,3457384,3395375,3475341,3501058,3457289.45829687,44999.5437258693
95,15.754,673.58929,no MS2: VAE 25:0,[M+Na]+,null,1.00,False,14.642,673.58942,C45H78O2,VAE,HJYFPBYXTPMOIB-UHFFFAOYSA-N,O=C(OCC=C(C=CC=C(C=CC1=C(C)CCCC1(C)C)C)C)CCCCCCCCCCCCCCCCCCCCCCCC,530,False,True,False,Normalized unit: Intensity; Annotation method: Msp20260116160945_NCDK_conventional_converted_dev_1,False,False,95,0,0.00,1.00,null,null,null,-1.00,-1.00,-0.143,1214.50,P Carly 25 Serum IV_GD1_01_66511,673.58929:170484 674.59396:85392 675.59863:22108,null,2083161,2088481,2120562,2223129,2128833.31548437,64998.4393352458
96,15.260,673.59204,no MS2: SE 28:4/19:1,[M+H]+,null,1.00,False,14.541,673.59180,C47H76O2,DEGSE,MGDBSUWQPQWINH-UHFFFAOYSA-N,O=C(OC1CC2=CC=C3C(=CCC4(C)C3CCC4C(C=CC(C)C(C)C)C)C2(C)CC1)CCCCCCCC=CCCCCCCCCC,530,False,True,False,Normalized unit: Intensity; Annotation method: Msp20260116160945_NCDK_conventional_converted_dev_1,False,False,96,0,0.00,1.00,null,null,null,-1.00,-1.00,-0.143,3900.77,P Carly 25 Serum III_GD1_01_66510,673.59204:441166 674.59671:229354 675.60138:58032,null,2297170,2303457,2426119,2386530,2353318.9065625,63355.6246587421
97,6.649,675.54437,no MS2: SM 32:1;O2|SM 12:1;O2/20:0,[M+H]+,null,1.00,False,8.381,675.54358,C37H75N2O6P,SM,WVZYDPLIGWKWEU-UHFFFAOYSA-N,O=C(NC(COP(=O)([O-])OCC[N+](C)(C)C)C(O)C=CCCCCCCC)CCCCCCCCCCCCCCCCCCC,530,False,True,False,Normalized unit: Intensity; Annotation method: Msp20260116160945_NCDK_conventional_converted_dev_1,False,False,97,0,0.00,1.00,null,null,null,-1.00,-1.00,-0.143,1359.63,P Carly 25 Serum II_GD1_01_66509,675.54346:676176 676.54812:284248 677.55279:60548,null,3771544,3881116,3930456,3786032,3842286.90882813,76268.2240571245
98,16.157,675.60443,no MS2: SE 28:4/19:0,[M+Na]+,null,1.00,False,14.422,675.60748,C47H78O2,DEGSE,AHNVWZPGFDBTCX-UHFFFAOYSA-N,O=C(OC1CC2=CC=C3C(=CCC4(C)C3CCC4C(C=CC(C)C(C)C)C)C2(C)CC1)CCCCCCCCCCCCCCCCCC,530,False,True,False,Normalized unit: Intensity; Annotation method: Msp20260116160945_NCDK_conventional_converted_dev_1,False,False,98,0,0.00,0.90,null,null,null,-1.00,-1.00,-0.191,354.28,P Carly 25 Serum III_GD1_01_66510,675.60443:109944 676.60910:50330 677.61377:13064,null,748431,742748,779201,766532,759228.001125,16737.3051531628
99,13.693,680.48047,no MS2: RIKEN P-VS1 ID-7491 from Mouse_Macrophage_WT_N_F1AA,[M+NH4]+,null,1.00,False,9.910,680.48163,null,Unknown,null,null,530,False,True,False,Normalized unit: Intensity; Annotation method: Msp20260116160945_NCDK_conventional_converted_dev_1,False,False,99,0,0.00,0.99,null,null,null,-1.00,-1.00,-0.135,111.50,P Carly 25 Serum IV_GD1_01_66511,680.48047:83968 681.48514:36582 682.48980:9480,null,4411375,4238069,4435910,4258672,4336006.50515625,102035.12802444
100,9.671,680.48083,no MS2: RIKEN P-VS1 ID-7491 from Mouse_Macrophage_WT_N_F1AA,[M+H]+,null,1.00,False,9.910,680.48163,null,Unknown,null,null,530,False,True,False,Normalized unit: Intensity; Annotation method: Msp20260116160945_NCDK_conventional_converted_dev_1,False,False,100,0,0.00,0.99,null,null,null,-1.00,-1.00,-0.132,495.72,P Carly 25 Serum III_GD1_01_66510,680.48083:430702 681.48550:194670 682.49017:49660,null,5633800,5760924,6189225,5778550,5840624.51635938,241180.834313045
101,13.905,680.59796,no MS2: Cer 45:6;O3|Cer 13:0;O2/32:6;O,[M+H-H2O]+,null,1.00,False,12.094,680.59760,C45H79NO4,Cer_HDS,IMKVRXPFYIJVDT-UHFFFAOYSA-N,O=C(NC(CO)C(O)CCCCCCCCCC)C(O)CCCCCCCCCCCC=CCC=CCC=CCC=CCC=CCC=CCC,530,False,True,False,Normalized unit: Intensity; Annotation method: Msp20260116160945_NCDK_conventional_converted_dev_1,False,False,101,0,0.00,1.00,null,null,null,-1.00,-1.00,-0.144,164.06,P Carly 25 Serum III_GD1_01_66510,680.59796:181878 681.60263:87870 682.60730:68548,null,934876,924959,943990,927635,932864.986375,8517.8294560648
102,15.546,680.63361,no MS2: SE 28:2/18:1,[M+NH4]+,null,1.00,False,14.736,680.63397,C46H78O2,BRSE,CGYFMWDHSCHCSL-UHFFFAOYSA-N,O=C(OC1CC2=CCC3C(CCC4(C)C(CCC34)C(C=CC(C)C(C)C)C)C2(C)CC1)CCCCCCCC=CCCCCCCCC,530,False,True,False,Normalized unit: Intensity; Annotation method: Msp20260116160945_NCDK_conventional_converted_dev_1,False,False,102,0,0.00,1.00,null,null,null,-1.00,-1.00,-0.144,2098.41,P Carly 25 Serum III_GD1_01_66510,680.63361:236580 681.63827:154986 682.64294:48326,null,1294294,1290035,1361088,1317059,1315618.93790625,32551.3100095775
103,15.330,681.62793,Unknown,[M+H]+,null,1.00,False,null,null,null,null,null,null,999,False,False,False,Normalized unit: Intensity,False,False,103,0,0.00,null,null,null,null,null,null,null,960.89,P Carly 25 Serum I_GD1_01_66508,681.62793:134578 682.63260:68314 683.63727:18972,null,418729,403269,398778,421373,410537.213953125,11189.5851523207
104,13.944,682.61359,no MS2: Cer 43:3;O2|Cer 13:0;O2/30:3,[M+Na]+,null,1.00,False,12.806,682.61090,C43H81NO3,Cer_NDS,YUVLLUVJYGDHFD-UHFFFAOYSA-N,O=C(NC(CO)C(O)CCCCCCCCCC)CCCCCCCCCCCCCCC=CCC=CCC=CCCCCCCC,530,False,True,False,Normalized unit: Intensity; Annotation method: Msp20260116160945_NCDK_conventional_converted_dev_1,False,False,104,0,0.00,1.00,null,null,null,-1.00,-1.00,-0.143,554.73,P Carly 25 Serum II_GD1_01_66509,682.61078:178444 683.61545:85584 684.62011:37304,null,898143,888100,889915,885251,890352.140281248,5537.55319952042
105,15.771,683.64459,Unknown,[M+H]+,null,1.00,False,null,null,null,null,null,null,999,False,False,False,Normalized unit: Intensity,False,False,105,0,0.00,null,null,null,null,null,null,null,3593.64,P Carly 25 Serum IV_GD1_01_66511,683.64459:296558 684.64926:151158 685.65393:38154,null,3317597,3260902,3376597,3513245,3367085.239,108285.58249242
106,10.225,684.20306,Unknown,[M+H]+,null,1.00,False,null,null,null,null,null,null,999,False,False,False,Normalized unit: Intensity,False,False,106,0,0.00,null,null,null,null,null,null,null,571.73,P Carly 25 Serum III_GD1_01_66510,684.20306:69878 685.20773:42732 686.21240:31878,null,498585,510516,516440,496723,505566.11309375,9481.036023872
107,9.649,685.43622,no MS2: SM 32:7;O2,[M+Na]+,null,1.00,False,6.300,685.43158,C37H63N2O6P,SM,XKTXCUCZGOGZTL-UHFFFAOYSA-N,O=C(NC(COP(=O)([O-])OCC[N+](C)(C)C)C(O)C=CCCC=CCCC)CCCC=CCC=CCC=CCC=CCC=CCC,530,False,True,False,Normalized unit: Intensity; Annotation method: Msp20260116160945_NCDK_conventional_converted_dev_1,False,False,107,0,0.00,0.80,null,null,null,-1.00,-1.00,-0.245,142.01,P Carly 25 Serum IV_GD1_01_66511,685.43622:68244 686.44089:31046 687.44555:7508,null,835859,877756,911079,932275,889242.20384375,42073.0349789121
108,14.044,685.55365,no MS2: BA 24:1;O3;G/16:2,[M+NH4]+,null,1.00,False,8.416,685.55139,C42H69NO5,GLCAE,LXMQNVPHLGGKBS-UHFFFAOYSA-N,O=C(O)CNC(=O)CCC(C)C1CCC2C3CCC4CC(OC(=O)CCCCCCCC=CCC=CCCC)CCC4(C)C3CCC12C,530,False,True,False,Normalized unit: Intensity; Annotation method: Msp20260116160945_NCDK_conventional_converted_dev_1,False,False,108,0,0.00,1.00,null,null,null,-1.00,-1.00,-0.144,141.96,P Carly 25 Serum II_GD1_01_66509,685.55103:85932 686.55569:40570 687.56036:38124,null,404946,420331,419587,430773,418909.2555,10617.4243073917
109,13.957,687.56940,no MS2: BA 24:1;O3;G/16:1,[M+NH4]+,null,1.00,False,8.768,687.56702,C42H71NO5,GLCAE,WFFMHKJPNDEUHA-UHFFFAOYSA-N,O=C(O)CNC(=O)CCC(C)C1CCC2C3CCC4CC(OC(=O)CCCCCCCC=CCCCCCC)CCC4(C)C3CCC12C,530,False,True,False,Normalized unit: Intensity; Annotation method: Msp20260116160945_NCDK_conventional_converted_dev_1,False,False,109,0,0.00,1.00,null,null,null,-1.00,-1.00,-0.143,1104.18,P Carly 25 Serum II_GD1_01_66509,687.56732:272344 688.57199:132860 689.57666:33418,null,2054359,2110840,2036477,2125182,2081714.6814375,42943.8884976613
110,15.005,688.60284,no MS2: SE 28:2/19:4,[M+NH4]+,null,1.00,False,13.944,688.60272,C47H74O2,BRSE,ZNKOFJNOJYEHQU-UHFFFAOYSA-N,O=C(OC1CC2=CCC3C(CCC4(C)C(CCC34)C(C=CC(C)C(C)C)C)C2(C)CC1)CCCCCC=CCC=CCC=CCC=CCC,530,False,True,False,Normalized unit: Intensity; Annotation method: Msp20260116160945_NCDK_conventional_converted_dev_1,False,False,110,0,0.00,1.00,null,null,null,-1.00,-1.00,-0.143,4786.16,P Carly 25 Serum III_GD1_01_66510,688.60284:1450046 689.60751:742970 690.61218:191074,null,6437128,6247923,6544552,6287282,6379221.0779375,137088.045495205
111,7.220,689.56012,no MS2: SM 33:1;O2|SM 12:1;O2/21:0,[M+H]+,null,1.00,False,8.656,689.55920,C38H77N2O6P,SM,REEYJRIAQSUMNO-UHFFFAOYSA-N,O=C(NC(COP(=O)([O-])OCC[N+](C)(C)C)C(O)C=CCCCCCCC)CCCCCCCCCCCCCCCCCCCC,530,False,True,False,Normalized unit: Intensity; Annotation method: Msp20260116160945_NCDK_conventional_converted_dev_1,False,False,111,0,0.00,1.00,null,null,null,-1.00,-1.00,-0.143,2067.86,P Carly 25 Serum II_GD1_01_66509,689.55939:417162 690.56405:170878 691.56872:39832,null,2342357,2394421,2433000,2284016,2363448.46617187,64681.3923239588
112,15.265,690.61658,no MS2: SE 28:2/19:3,[M+NH4]+,null,1.00,False,14.517,690.61841,C47H76O2,BRSE,YTEYFXJGUXEGQA-UHFFFAOYSA-N,O=C(OC1CC2=CCC3C(CCC4(C)C(CCC34)C(C=CC(C)C(C)C)C)C2(C)CC1)CCCCCCCCC=CCC=CCC=CCC,530,False,True,False,Normalized unit: Intensity; Annotation method: Msp20260116160945_NCDK_conventional_converted_dev_1,False,False,112,0,0.00,1.00,null,null,null,-1.00,-1.00,-0.143,44385.19,P Carly 25 Serum IV_GD1_01_66511,690.61841:11674498 691.62308:7115476 692.62774:1665980,null,67089932,68204349,66992519,66460678,67186869.4498125,732527.039123637
113,15.265,690.76215,Unknown,[M+2H]2+,null,1.00,False,null,null,null,null,null,null,999,False,False,False,Normalized unit: Intensity,False,False,113,0,0.00,null,null,null,null,null,null,null,2223.22,P Carly 25 Serum I_GD1_01_66508,690.76215:243778 691.76681:136454 692.77148:10274,null,1354099,1309592,1327909,1327446,1329761.25523438,18329.4811099178
114,15.265,690.87463,Unknown,[M+H]+,null,1.00,False,null,null,null,null,null,null,999,False,False,False,Normalized unit: Intensity,False,False,114,0,0.00,null,null,null,null,null,null,null,1533.08,P Carly 25 Serum I_GD1_01_66508,690.87463:205756 691.87930:129054 692.88397:8636,null,1185032,1132950,1158817,1174674,1162868.25392188,22672.2026401682
115,15.255,690.98914,Unknown,[M+H]+,null,0.50,False,null,null,null,null,null,null,999,False,False,False,Normalized unit: Intensity,False,False,115,0,0.00,null,null,null,null,null,null,null,1175.75,P Carly 25 Serum II_GD1_01_66509,690.98914:163776 691.99380:14584 692.99847:2528,null,457007,639635,291128,476518,466071.876265625,142502.308684501
116,15.272,690.99756,Unknown,[M+H]+,null,0.25,False,null,null,null,null,null,null,999,False,False,False,Normalized unit: Intensity,False,False,116,0,0.00,null,null,null,null,null,null,null,914.33,P Carly 25 Serum I_GD1_01_66508,690.99756:83916 692.00223:17782 693.00689:2768,null,319945,508543,495085,608987,483139.7933125,120080.311306693
117,15.494,692.63428,no MS2: SE 28:2/19:2,[M+NH4]+,null,1.00,False,14.462,692.63397,C47H78O2,BRSE,UDQMRBUAOHSUHM-UHFFFAOYSA-N,O=C(OC1CC2=CCC3C(CCC4(C)C(CCC34)C(C=CC(C)C(C)C)C)C2(C)CC1)CCCCCCCC=CCC=CCCCCCC,530,False,True,False,Normalized unit: Intensity; Annotation method: Msp20260116160945_NCDK_conventional_converted_dev_1,False,False,117,0,0.00,1.00,null,null,null,-1.00,-1.00,-0.143,11240.02,P Carly 25 Serum III_GD1_01_66510,692.63428:1177514 693.63895:1230026 694.64361:478148,null,6148993,6287745,6376869,6276725,6272583.165875,93802.93937615
118,15.005,693.55853,no MS2: SE 28:4/19:2,[M+Na]+,null,1.00,False,14.218,693.55811,C47H74O2,DEGSE,ZJTNNWFGVBBRTO-UHFFFAOYSA-N,O=C(OC1CC2=CC=C3C(=CCC4(C)C3CCC4C(C=CC(C)C(C)C)C)C2(C)CC1)CCCCCCCC=CCC=CCCCCCC,530,False,True,False,Normalized unit: Intensity; Annotation method: Msp20260116160945_NCDK_conventional_converted_dev_1,False,False,118,0,0.00,1.00,null,null,null,-1.00,-1.00,-0.144,544.38,P Carly 25 Serum III_GD1_01_66510,693.55847:127092 694.56314:64736 695.56781:14578,null,512620,495479,514331,537487,514979.10846875,17251.4757246582
119,15.490,693.63245,Unknown,[M+H]+,null,1.00,False,null,null,null,null,null,null,999,False,False,False,Normalized unit: Intensity,False,False,119,0,0.00,null,null,null,null,null,null,null,12410.92,P Carly 25 Serum IV_GD1_01_66511,693.63245:1230006 694.63711:480782 695.64178:120044,null,8760224,8576320,8941776,9154543,8858215.57740625,247561.23397782
120,15.265,695.57324,no MS2: SE 28:4/19:1,[M+Na]+,null,1.00,False,14.541,695.57379,C47H76O2,DEGSE,MGDBSUWQPQWINH-UHFFFAOYSA-N,O=C(OC1CC2=CC=C3C(=CCC4(C)C3CCC4C(C=CC(C)C(C)C)C)C2(C)CC1)CCCCCCCC=CCCCCCCCCC,530,False,True,False,Normalized unit: Intensity; Annotation method: Msp20260116160945_NCDK_conventional_converted_dev_1,False,False,120,0,0.00,1.00,null,null,null,-1.00,-1.00,-0.143,2840.15,P Carly 25 Serum III_GD1_01_66510,695.57391:302236 696.57858:155864 697.58325:39276,null,1797408,1796203,1837708,1864792,1824027.74104688,33325.2076692597
121,15.789,695.64465,Unknown,[M+H]+,null,1.00,False,null,null,null,null,null,null,999,False,False,False,Normalized unit: Intensity,False,False,121,0,0.00,null,null,null,null,null,null,null,5497.10,P Carly 25 Serum IV_GD1_01_66511,695.64465:480798 696.64932:238740 697.65399:62634,null,5048165,5090723,5235211,5433903,5202000.523625,174097.710576969
122,16.152,697.66016,no MS2: RIKEN P-VS1 ID-7906 from Mouse_Macrophage_WT_N_F1AA,[M+H]+,null,1.00,False,7.850,697.65942,null,Unknown,null,null,530,False,True,False,Normalized unit: Intensity; Annotation method: Msp20260116160945_NCDK_conventional_converted_dev_1,False,False,122,0,0.00,1.00,null,null,null,-1.00,-1.00,-0.129,1888.17,P Carly 25 Serum IV_GD1_01_66511,697.65918:228190 698.66385:110734 699.66852:29006,null,1444008,1431669,1464363,1463603,1450910.63726563,15916.0941873139
123,13.905,698.60840,no MS2: RIKEN P-VS1 ID-7928 from Mouse_AdrenalGlands_fads2KO_N_Ctr,[M+H]+,null,1.00,False,13.140,698.60577,null,Unknown,null,null,530,False,True,False,Normalized unit: Intensity; Annotation method: Msp20260116160945_NCDK_conventional_converted_dev_1,False,False,123,0,0.00,1.00,null,null,null,-1.00,-1.00,-0.131,1784.31,P Carly 25 Serum II_GD1_01_66509,698.60645:366132 699.61111:170522 700.61578:44016,null,1854452,1862767,1884074,1804536,1851457.0965625,33676.6254573666
124,6.839,701.56024,no MS2: SM 34:2;O2|SM 12:1;O2/22:1,[M+H]+,null,1.00,False,8.555,701.55920,C39H77N2O6P,SM,VYDHYGBBAHKWKG-UHFFFAOYSA-N,O=C(NC(COP(=O)([O-])OCC[N+](C)(C)C)C(O)C=CCCCCCCC)CCCCCCCCCCCC=CCCCCCCCC,530,False,True,False,Normalized unit: Intensity; Annotation method: Msp20260116160945_NCDK_conventional_converted_dev_1,False,False,124,0,0.00,1.00,null,null,null,-1.00,-1.00,-0.144,7173.31,P Carly 25 Serum II_GD1_01_66509,701.55975:1277620 702.56442:530096 703.56909:123618,null,7202617,7554639,7655907,7228581,7410436.082375,228990.641862589
125,13.897,703.56445,no MS2: BA 24:1;O4;G/16:1,[M+NH4]+,null,1.00,False,7.779,703.56201,C42H71NO6,GDCAE,CJCUCDWRGAZUGG-UHFFFAOYSA-N,O=C(O)CNC(=O)CCC(C)C1CCC2C3CCC4CC(OC(=O)CCCCCCCC=CCCCCCC)CCC4(C)C3CC(O)C12C,530,False,True,False,Normalized unit: Intensity; Annotation method: Msp20260116160945_NCDK_conventional_converted_dev_1,False,False,125,0,0.00,1.00,null,null,null,-1.00,-1.00,-0.143,270.33,P Carly 25 Serum II_GD1_01_66509,703.56183:168302 704.56650:76690 705.57116:18568,null,1022011,1049119,1056084,1098060,1056318.38329688,31470.8624791559
126,7.852,703.57593,no MS2: SM 34:1;O2|SM 12:1;O2/22:0,[M+H]+,null,1.00,False,8.929,703.57489,C39H79N2O6P,SM,ASWNCHFNKSPKBK-UHFFFAOYSA-N,O=C(NC(COP(=O)([O-])OCC[N+](C)(C)C)C(O)C=CCCCCCCC)CCCCCCCCCCCCCCCCCCCCC,530,False,True,False,Normalized unit: Intensity; Annotation method: Msp20260116160945_NCDK_conventional_converted_dev_1,False,False,126,0,0.00,1.00,null,null,null,-1.00,-1.00,-0.143,12449.31,P Carly 25 Serum I_GD1_01_66508,703.57477:7249584 704.57944:3239290 705.58410:799128,null,46278589,48943890,49552947,49251093,48506629.498625,1506028.7301121
127,7.852,703.72357,Unknown,[M+2H]2+,null,1.00,False,null,null,null,null,null,null,999,False,False,False,Normalized unit: Intensity,False,False,127,0,0.00,null,null,null,null,null,null,null,1167.05,P Carly 25 Serum III_GD1_01_66510,703.72357:127470 704.72824:31640 705.73291:2922,null,627619,669476,684105,627796,652248.98559375,28960.8808337975
128,7.852,703.83386,Unknown,[M+H]+,null,1.00,False,null,null,null,null,null,null,999,False,False,False,Normalized unit: Intensity,False,False,128,0,0.00,null,null,null,null,null,null,null,1297.16,P Carly 25 Serum II_GD1_01_66509,703.83386:140892 704.83853:40876 705.84320:0,null,722067,773971,751850,701149,737259.426453125,32121.8550365721
129,7.852,705.21893,Unknown,[M+H]+,null,1.00,False,null,null,null,null,null,null,999,False,False,False,Normalized unit: Intensity,False,False,129,0,0.00,null,null,null,null,null,null,null,794.30,P Carly 25 Serum III_GD1_01_66510,705.21893:88674 706.22360:3318 707.22827:748,null,347436,382899,392450,334755,364384.904296875,27662.1810278216
130,8.359,705.59186,no MS2: SM 34:0;O2|SM 12:0;O2/22:0,[M+H]+,null,1.00,False,9.170,705.59052,C39H81N2O6P,SM,JIOJUELCHJZSCJ-UHFFFAOYSA-N,O=C(NC(COP(=O)([O-])OCC[N+](C)(C)C)C(O)CCCCCCCCC)CCCCCCCCCCCCCCCCCCCCC,530,False,True,False,Normalized unit: Intensity; Annotation method: Msp20260116160945_NCDK_conventional_converted_dev_1,False,False,130,0,0.00,1.00,null,null,null,-1.00,-1.00,-0.143,782.09,P Carly 25 Serum IV_GD1_01_66511,705.59064:221040 706.59530:102232 707.59997:22904,null,1633963,1668023,1686559,1603363,1647976.99609375,36865.650256733
131,15.161,705.63019,Unknown,[M+H]+,null,1.00,False,null,null,null,null,null,null,999,False,False,False,Normalized unit: Intensity,False,False,131,0,0.00,null,null,null,null,null,null,null,878.43,P Carly 25 Serum IV_GD1_01_66511,705.63019:107246 706.63486:52238 707.63952:15372,null,728414,668114,727596,751323,718861.768625,35574.4164991668
132,7.861,706.53949,no MS2: DMPE 31:0|DMPE 26:0_5:0,[M+H]+,null,1.00,False,9.669,706.53809,C38H76NO8P,DMPE,DWEKJNHYPZSNIT-UHFFFAOYSA-N,O=C(OCC(OC(=O)CCCC)COP(=O)(O)OCCN(C)C)CCCCCCCCCCCCCCCCCCCCCCCCC,530,False,True,False,Normalized unit: Intensity; Annotation method: Msp20260116160945_NCDK_conventional_converted_dev_1,False,False,132,0,0.00,1.00,null,null,null,-1.00,-1.00,-0.144,754.07,P Carly 25 Serum I_GD1_01_66508,706.53772:169650 707.54239:70748 708.54706:16550,null,1117896,1126492,1106622,1085869,1109219.49409375,17565.119160636
133,13.936,706.61420,no MS2: Cer 45:5;O2|Cer 13:0;O2/32:5,[M+Na]+,null,1.00,False,12.867,706.61090,C45H81NO3,Cer_NDS,GIFIWWUUUVKQDR-UHFFFAOYSA-N,O=C(NC(CO)C(O)CCCCCCCCCC)CCCCCCCCCCCCCCCC=CCC=CCC=CCC=CCC=CCC,530,False,True,False,Normalized unit: Intensity; Annotation method: Msp20260116160945_NCDK_conventional_converted_dev_1,False,False,133,0,0.00,1.00,null,null,null,-1.00,-1.00,-0.144,974.49,P Carly 25 Serum II_GD1_01_66509,706.61133:247832 707.61600:129558 708.62066:33000,null,1347791,1340128,1332938,1343020,1340969.17757812,6216.98573188537
134,9.662,707.49139,Unknown,[M+H]+,null,1.00,False,null,null,null,null,null,null,999,False,False,False,Normalized unit: Intensity,False,False,134,0,0.00,null,null,null,null,null,null,null,110.86,P Carly 25 Serum IV_GD1_01_66511,707.49139:104012 708.49606:51394 709.50073:11696,null,1228058,1299299,1287304,1336435,1287774.160625,44969.9575386241
135,13.716,707.49194,Unknown,[M+H]+,null,0.50,False,null,null,null,null,null,null,999,False,False,False,Normalized unit: Intensity,False,False,135,0,0.00,null,null,null,null,null,null,null,86.20,P Carly 25 Serum IV_GD1_01_66511,707.49194:75378 708.49661:36628 709.50128:7964,null,2346321,2311927,2447057,2421986,2381822.63095313,63283.5257282431
136,14.044,707.60883,Unknown,[M+H]+,null,1.00,False,null,null,null,null,null,null,999,False,False,False,Normalized unit: Intensity,False,False,136,0,0.00,null,null,null,null,null,null,null,214.93,P Carly 25 Serum III_GD1_01_66510,707.60883:254726 708.61349:135492 709.61816:36044,null,1906460,1426755,1930396,1916070,1794920.1365,245640.615455865
137,15.460,707.64508,Unknown,[M+H]+,null,1.00,False,null,null,null,null,null,null,999,False,False,False,Normalized unit: Intensity,False,False,137,0,0.00,null,null,null,null,null,null,null,8752.50,P Carly 25 Serum IV_GD1_01_66511,707.64508:1069282 708.64975:560014 709.65442:143370,null,9880932,9804951,10074046,10334445,10023593.3591719,236171.854517519
138,13.697,709.55359,no MS2: BA 24:1;O3;G/18:4,[M+NH4]+,null,1.00,False,8.631,709.55139,C44H69NO5,GLCAE,AIHUJGGYTJJOOL-UHFFFAOYSA-N,O=C(O)CNC(=O)CCC(C)C1CCC2C3CCC4CC(OC(=O)CCCCC=CCC=CCC=CCC=CCC)CCC4(C)C3CCC12C,530,False,True,False,Normalized unit: Intensity; Annotation method: Msp20260116160945_NCDK_conventional_converted_dev_1,False,False,138,0,0.00,1.00,null,null,null,-1.00,-1.00,-0.143,197.23,P Carly 25 Serum II_GD1_01_66509,709.55151:72502 710.55618:36442 711.56085:9856,null,412716,420668,427469,427107,421989.92015625,6927.32567136656
139,13.957,709.62512,Unknown,[M+H]+,null,1.00,False,null,null,null,null,null,null,999,False,False,False,Normalized unit: Intensity,False,False,139,0,0.00,null,null,null,null,null,null,null,3080.26,P Carly 25 Serum IV_GD1_01_66511,709.62512:438194 710.62979:246570 711.63446:58180,null,2883452,2928787,2973251,3002862,2947088.16182812,52216.6033239822
140,15.767,709.66040,no MS2: RIKEN P-VS1 ID-8236 from Mouse_AdrenalGlands_WT_N_Ctr,[M+H]+,null,1.00,False,8.410,709.65637,null,Unknown,null,null,530,False,True,False,Normalized unit: Intensity; Annotation method: Msp20260116160945_NCDK_conventional_converted_dev_1,False,False,140,0,0.00,0.94,null,null,null,-1.00,-1.00,-0.157,8208.17,P Carly 25 Serum II_GD1_01_66509,709.65894:728202 710.66360:385296 711.66827:97386,null,7760289,7836258,8053024,8528944,8044628.67182812,345879.800654909
141,13.923,711.56976,no MS2: BA 24:1;O3;G/18:3,[M+NH4]+,null,1.00,False,8.950,711.56702,C44H71NO5,GLCAE,ASRPSWFUWRNZII-UHFFFAOYSA-N,O=C(O)CNC(=O)CCC(C)C1CCC2C3CCC4CC(OC(=O)CCCCCCCC=CCC=CCC=CCC)CCC4(C)C3CCC12C,530,False,True,False,Normalized unit: Intensity; Annotation method: Msp20260116160945_NCDK_conventional_converted_dev_1,False,False,141,0,0.00,1.00,null,null,null,-1.00,-1.00,-0.143,1002.30,P Carly 25 Serum II_GD1_01_66509,711.56720:116308 712.57187:57710 713.57654:15148,null,1311402,1290610,1355028,1392824,1337465.96725,45635.6493392439
142,16.157,711.67560,Unknown,[M+H]+,null,1.00,False,null,null,null,null,null,null,999,False,False,False,Normalized unit: Intensity,False,False,142,0,0.00,null,null,null,null,null,null,null,2668.00,P Carly 25 Serum III_GD1_01_66510,711.67560:328758 712.68027:169602 713.68493:42946,null,1999835,1985530,2102405,2141958,2057431.78070313,76712.8588992154
143,15.122,714.61908,no MS2: SE 28:2/21:5,[M+NH4]+,null,1.00,False,13.735,714.61841,C49H76O2,BRSE,NAGKOUYLLGPXFP-UHFFFAOYSA-N,O=C(OC1CC2=CCC3C(CCC4(C)C(CCC34)C(C=CC(C)C(C)C)C)C2(C)CC1)CCCCC=CCC=CCC=CCC=CCC=CCC,530,False,True,False,Normalized unit: Intensity; Annotation method: Msp20260116160945_NCDK_conventional_converted_dev_1,False,False,143,0,0.00,1.00,null,null,null,-1.00,-1.00,-0.143,4290.12,P Carly 25 Serum I_GD1_01_66508,714.61835:699640 715.62301:376086 716.62768:101490,null,4018419,3988263,3951689,4032372,3997685.79020312,35765.17836784
144,15.000,715.61407,no MS2: DG 41:1,[M+Na]+,null,0.25,False,13.389,715.62109,C44H84O5,DG,HLVNUQTWBIJFNZ-UHFFFAOYSA-N,O=C(OCC(OC(=O)CCCCCCCCCCCCCCCCCCCCC=CCCCCCCCCCC)CO)CCCCCCC,530,False,True,False,Normalized unit: Intensity; Annotation method: Msp20260116160945_NCDK_conventional_converted_dev_1,False,False,144,0,0.00,0.62,null,null,null,-1.00,-1.00,-0.334,1085.24,P Carly 25 Serum III_GD1_01_66510,715.61407:260802 716.61874:138760 717.62341:34190,null,770211,821407,974677,811585,844469.903874997,89594.7942104787
145,15.122,715.61407,Unknown,[M+H]+,null,0.75,False,null,null,null,null,null,null,999,False,False,False,Normalized unit: Intensity,False,False,145,0,0.00,null,null,null,null,null,null,null,1994.51,P Carly 25 Serum I_GD1_01_66508,715.61249:376086 716.61716:101490 717.62182:17444,null,3061188,3033492,2267533,3100867,2865770.14264062,399782.208805779
146,8.550,717.59113,no MS2: SM 35:1;O2|SM 12:1;O2/23:0,[M+H]+,null,1.00,False,9.350,717.59052,C40H81N2O6P,SM,ASVIEZNRHGUMIU-UHFFFAOYSA-N,O=C(NC(COP(=O)([O-])OCC[N+](C)(C)C)C(O)C=CCCCCCCC)CCCCCCCCCCCCCCCCCCCCCC,530,False,True,False,Normalized unit: Intensity; Annotation method: Msp20260116160945_NCDK_conventional_converted_dev_1,False,False,146,0,0.00,1.00,null,null,null,-1.00,-1.00,-0.143,778.35,P Carly 25 Serum I_GD1_01_66508,717.59045:163422 718.59512:76538 719.59979:17250,null,1092462,1114951,1153351,1123942,1121176.187625,25206.6576368352
147,15.265,717.62921,Unknown,[M+H]+,null,1.00,False,null,null,null,null,null,null,999,False,False,False,Normalized unit: Intensity,False,False,147,0,0.00,null,null,null,null,null,null,null,10738.91,P Carly 25 Serum IV_GD1_01_66511,717.62921:1046606 718.63388:537254 719.63855:142668,null,5944593,5996648,6260720,6317575,6129883.8363125,186575.018591643
148,10.065,718.57349,no MS2: PC O-32:1|PC O-8:0_24:1,[M+H]+,null,1.00,False,9.876,718.57452,C40H80NO7P,EtherPC,JSCQQTZMIJRPQQ-UHFFFAOYSA-N,O=C(OC(COCCCCCCCC)COP(=O)([O-])OCC[N+](C)(C)C)CCCCCCCCCCCCCC=CCCCCCCCC,530,False,True,False,Normalized unit: Intensity; Annotation method: Msp20260116160945_NCDK_conventional_converted_dev_1,False,False,148,0,0.00,1.00,null,null,null,-1.00,-1.00,-0.143,674.04,P Carly 25 Serum III_GD1_01_66510,718.57471:141624 719.57937:64156 720.58404:14928,null,1086713,1123534,1131153,1090624,1108006.14329687,22601.0079168405
149,15.524,719.64606,Unknown,[M+H]+,null,1.00,False,null,null,null,null,null,null,999,False,False,False,Normalized unit: Intensity,False,False,149,0,0.00,null,null,null,null,null,null,null,1847.55,P Carly 25 Serum III_GD1_01_66510,719.64606:206328 720.65072:106088 721.65539:62516,null,1021257,1053278,1107770,1096458,1069690.4275625,39923.8288996135
150,10.251,720.58990,no MS2: PC O-32:0|PC O-8:0_24:0,[M+H]+,null,1.00,False,10.204,720.59021,C40H82NO7P,EtherPC,AXEPEEXNGOBZFB-UHFFFAOYSA-N,O=C(OC(COCCCCCCCC)COP(=O)([O-])OCC[N+](C)(C)C)CCCCCCCCCCCCCCCCCCCCCCC,530,False,True,False,Normalized unit: Intensity; Annotation method: Msp20260116160945_NCDK_conventional_converted_dev_1,False,False,150,0,0.00,1.00,null,null,null,-1.00,-1.00,-0.143,402.44,P Carly 25 Serum III_GD1_01_66510,720.58990:171774 721.59457:72622 722.59924:18232,null,1361467,1381217,1395388,1349262,1371833.37665625,20492.2457241176
151,9.645,721.50714,Unknown,[M+H]+,null,1.00,False,null,null,null,null,null,null,999,False,False,False,Normalized unit: Intensity,False,False,151,0,0.00,null,null,null,null,null,null,null,307.23,P Carly 25 Serum IV_GD1_01_66511,721.50714:1119398 722.51181:551520 723.51648:142084,null,13754783,14710018,14904370,15641258,14752607.451625,776788.053731037
152,13.658,721.50732,Unknown,[M+H]+,null,1.00,False,null,null,null,null,null,null,999,False,False,False,Normalized unit: Intensity,False,False,152,0,0.00,null,null,null,null,null,null,null,62.13,P Carly 25 Serum IV_GD1_01_66511,721.50732:295582 722.51199:153578 723.51666:40736,null,7409693,9853464,7699968,7788367,8187873.2228125,1122112.91816216
153,13.784,721.62439,no MS2: RIKEN P-VS1 ID-8542 from Mouse_Feces_WT_ABX_Ctr,[M+H]+,null,1.00,False,13.310,721.62720,null,Unknown,null,null,530,False,True,False,Normalized unit: Intensity; Annotation method: Msp20260116160945_NCDK_conventional_converted_dev_1,False,False,153,0,0.00,0.94,null,null,null,-1.00,-1.00,-0.157,608.03,P Carly 25 Serum IV_GD1_01_66511,721.62457:104330 722.62924:55916 723.63391:0,null,581086,572919,592243,594964,585303.03821875,10208.3785617513
154,14.044,721.62445,no MS2: RIKEN P-VS1 ID-8542 from Mouse_Feces_WT_ABX_Ctr,[M+H]+,null,1.00,False,13.310,721.62720,null,Unknown,null,null,530,False,True,False,Normalized unit: Intensity; Annotation method: Msp20260116160945_NCDK_conventional_converted_dev_1,False,False,154,0,0.00,0.93,null,null,null,-1.00,-1.00,-0.159,4180.60,P Carly 25 Serum IV_GD1_01_66511,721.62451:709874 722.62918:369338 723.63385:107092,null,3450953,3631766,3625002,3591580,3574825.190875,84429.5418506551
155,13.871,722.60809,no MS2: Cer 47:7;O4|Cer 13:1;O3/34:6(2OH),[M+H-H2O]+,null,1.00,False,12.196,722.60822,C47H81NO5,Cer_AP,XPGNKNYSXUKUBU-UHFFFAOYSA-N,O=C(NC(CO)C(O)C(O)CCCC=CCCCC)C(O)CCCCCCCCCCCCCC=CCC=CCC=CCC=CCC=CCC=CCC,530,False,True,False,Normalized unit: Intensity; Annotation method: Msp20260116160945_NCDK_conventional_converted_dev_1,False,False,155,0,0.00,1.00,null,null,null,-1.00,-1.00,-0.143,72.39,P Carly 25 Serum III_GD1_01_66510,722.60809:199114 723.61276:101680 724.61743:0,null,1021300,990897,1062956,986782,1015483.87653125,35193.5414797547
156,13.948,723.64038,Unknown,[M+H]+,null,1.00,False,null,null,null,null,null,null,999,False,False,False,Normalized unit: Intensity,False,False,156,0,0.00,null,null,null,null,null,null,null,4439.74,P Carly 25 Serum III_GD1_01_66510,723.64038:955796 724.64505:495480 725.64972:126716,null,5890787,5903290,6133273,6011877,5984806.77799999,112930.385361491
157,9.247,724.52844,no MS2: PC O-33:5|PC O-9:0_24:5,[M+H]+,null,1.00,False,8.990,724.52759,C41H74NO7P,EtherPC,DJDJEENEQLJKCQ-UHFFFAOYSA-N,O=C(OC(COCCCCCCCCC)COP(=O)([O-])OCC[N+](C)(C)C)CCCCCCCC=CCC=CCC=CCC=CCC=CCC,530,False,True,False,Normalized unit: Intensity; Annotation method: Msp20260116160945_NCDK_conventional_converted_dev_1,False,False,157,0,0.00,1.00,null,null,null,-1.00,-1.00,-0.143,286.64,P Carly 25 Serum I_GD1_01_66508,724.52734:138344 725.53201:62926 726.53668:14550,null,919936,962044,958752,932490,943305.587484375,20435.5902188946
158,7.852,725.55792,no MS2: RIKEN P-VS1 ID-8650 from Cell_HeLa_WT_N_Ctr,[M+H]+,null,1.00,False,9.810,725.55829,null,Unknown,null,null,530,False,True,False,Normalized unit: Intensity; Annotation method: Msp20260116160945_NCDK_conventional_converted_dev_1,False,False,158,0,0.00,1.00,null,null,null,-1.00,-1.00,-0.129,1139.78,P Carly 25 Serum III_GD1_01_66510,725.55792:605876 726.56259:268090 727.56726:58072,null,3462886,3609362,3697246,3615033,3596131.96015625,97486.451623483
159,13.845,727.56335,no MS2: BA 24:1;O4;G/18:3,[M+NH4]+,null,1.00,False,7.785,727.56201,C44H71NO6,GDCAE,SYGDUMLBHRZTIL-UHFFFAOYSA-N,O=C(O)CNC(=O)CCC(C)C1CCC2C3CCC4CC(OC(=O)CCCCCCCC=CCC=CCC=CCC)CCC4(C)C3CC(O)C12C,530,False,True,False,Normalized unit: Intensity; Annotation method: Msp20260116160945_NCDK_conventional_converted_dev_1,False,False,159,0,0.00,1.00,null,null,null,-1.00,-1.00,-0.143,85.34,P Carly 25 Serum II_GD1_01_66509,727.56219:92736 728.56686:41988 729.57153:10038,null,515059,524767,541922,541635,530845.75828125,13231.9688764021
160,8.108,729.59155,no MS2: SM 36:2;O2|SM 12:1;O2/24:1,[M+H]+,null,1.00,False,9.012,729.59052,C41H81N2O6P,SM,KZQWICJJTVELAN-UHFFFAOYSA-N,O=C(NC(COP(=O)([O-])OCC[N+](C)(C)C)C(O)C=CCCCCCCC)CCCCCCCCCCCCCC=CCCCCCCCC,530,False,True,False,Normalized unit: Intensity; Annotation method: Msp20260116160945_NCDK_conventional_converted_dev_1,False,False,160,0,0.00,1.00,null,null,null,-1.00,-1.00,-0.143,2987.44,P Carly 25 Serum I_GD1_01_66508,729.59064:2083492 730.59530:955090 731.59997:223954,null,12063824,12502621,12671350,12512508,12437575.6099219,260887.266272701
161,15.005,729.62952,no MS2: RIKEN P-VS1 ID-8765 from Mouse_Feces_WT_ABX_Ctr,[M+H]+,null,1.00,False,13.510,729.63177,null,Unknown,null,null,530,False,True,False,Normalized unit: Intensity; Annotation method: Msp20260116160945_NCDK_conventional_converted_dev_1,False,False,161,0,0.00,0.96,null,null,null,-1.00,-1.00,-0.144,1214.42,P Carly 25 Serum IV_GD1_01_66511,729.62982:188218 730.63449:105076 731.63916:27646,null,741963,704280,743576,738011,731957.49271875,18599.2683605924
162,7.125,730.53741,no MS2: NAGlySer 37:7;O2|NAGlySer 9:0;O(FA 28:6),[M+NH4]+,null,1.00,False,8.373,730.53650,C42H68N2O7,NAGlySer,ISIUMYKFBRLNPE-UHFFFAOYSA-N,O=C(OC(CCCC(=O)NCC(=O)NC(C(=O)O)CO)CCCC)CCCCCCCCC=CCC=CCC=CCC=CCC=CCC=CCC,530,False,True,False,Normalized unit: Intensity; Annotation method: Msp20260116160945_NCDK_conventional_converted_dev_1,False,False,162,0,0.00,1.00,null,null,null,-1.00,-1.00,-0.143,1276.86,P Carly 25 Serum I_GD1_01_66508,730.53668:268310 731.54135:108314 732.54602:26210,null,1694614,1715393,1760499,1739603,1727527.02967188,28656.0144897037
163,9.290,731.60632,no MS2: SM 36:1;O2|SM 12:1;O2/24:0,[M+H]+,null,1.00,False,9.598,731.60620,C41H83N2O6P,SM,IMSJPGOHOORVQA-UHFFFAOYSA-N,O=C(NC(COP(=O)([O-])OCC[N+](C)(C)C)C(O)C=CCCCCCCC)CCCCCCCCCCCCCCCCCCCCCCC,530,False,True,False,Normalized unit: Intensity; Annotation method: Msp20260116160945_NCDK_conventional_converted_dev_1,False,False,163,0,0.00,1.00,null,null,null,-1.00,-1.00,-0.143,3384.71,P Carly 25 Serum II_GD1_01_66509,731.60614:1506240 732.61081:682134 733.61548:164796,null,10374867,10886255,11011309,10491856,10691071.5962656,305680.055377236
164,15.265,731.64471,Unknown,[M+H]+,null,1.00,False,null,null,null,null,null,null,999,False,False,False,Normalized unit: Intensity,False,False,164,0,0.00,null,null,null,null,null,null,null,11498.27,P Carly 25 Serum IV_GD1_01_66511,731.64471:1434396 732.64938:759176 733.65405:210958,null,7546038,7463386,7611520,7778810,7599938.5653125,133767.234504175
165,8.078,732.55505,no MS2: DMPE 33:1|DMPE 5:0_28:1,[M+H]+,null,1.00,False,9.369,732.55377,C40H78NO8P,DMPE,OIISTJMMSRDWTO-UHFFFAOYSA-N,O=C(OCC(OC(=O)CCCCCCCCCCCCCCCCCC=CCCCCCCCC)COP(=O)(O)OCCN(C)C)CCCC,530,False,True,False,Normalized unit: Intensity; Annotation method: Msp20260116160945_NCDK_conventional_converted_dev_1,False,False,165,0,0.00,1.00,null,null,null,-1.00,-1.00,-0.143,1431.00,P Carly 25 Serum IV_GD1_01_66511,732.55353:754906 733.55820:333996 734.56286:78922,null,6174950,6509096,6702307,6562760,6487278.48728125,223576.817253718
166,9.874,733.62335,no MS2: SM 36:0;O2|SM 12:0;O2/24:0,[M+H]+,null,0.25,False,9.860,733.62183,C41H85N2O6P,SM,HHUPDMAQIBSEGQ-UHFFFAOYSA-N,O=C(NC(COP(=O)([O-])OCC[N+](C)(C)C)C(O)CCCCCCCCC)CCCCCCCCCCCCCCCCCCCCCCC,530,False,True,False,Normalized unit: Intensity; Annotation method: Msp20260116160945_NCDK_conventional_converted_dev_1,False,False,166,0,0.00,0.98,null,null,null,-1.00,-1.00,-0.154,460.63,P Carly 25 Serum III_GD1_01_66510,733.62335:57736 734.62802:26686 735.63269:6818,null,424836,437629,455935,433512,437978.102328125,13104.7536960554
167,13.905,733.62524,no MS2: SM 36:0;O2|SM 12:0;O2/24:0,[M+H]+,null,1.00,False,9.860,733.62183,C41H85N2O6P,SM,HHUPDMAQIBSEGQ-UHFFFAOYSA-N,O=C(NC(COP(=O)([O-])OCC[N+](C)(C)C)C(O)CCCCCCCCC)CCCCCCCCCCCCCCCCCCCCCCC,530,False,True,False,Normalized unit: Intensity; Annotation method: Msp20260116160945_NCDK_conventional_converted_dev_1,False,False,167,0,0.00,1.00,null,null,null,-1.00,-1.00,-0.145,1532.11,P Carly 25 Serum II_GD1_01_66509,733.62256:199296 734.62723:102616 735.63189:27240,null,1488423,1507544,1539071,1572649,1526921.4586875,36951.384959689
168,15.511,733.66077,Unknown,[M+H]+,null,1.00,False,null,null,null,null,null,null,999,False,False,False,Normalized unit: Intensity,False,False,168,0,0.00,null,null,null,null,null,null,null,508.23,P Carly 25 Serum III_GD1_01_66510,733.66077:212720 734.66543:122576 735.67010:31124,null,986196,1027955,1083818,1072667,1042658.80929688,44717.1059110565
169,9.264,734.56982,no MS2: DMPE 33:0|DMPE 28:0_5:0,[M+H]+,null,1.00,False,10.672,734.56940,C40H80NO8P,DMPE,ZZNGNZPJNJRLFS-UHFFFAOYSA-N,O=C(OCC(OC(=O)CCCC)COP(=O)(O)OCCN(C)C)CCCCCCCCCCCCCCCCCCCCCCCCCCC,530,False,True,False,Normalized unit: Intensity; Annotation method: Msp20260116160945_NCDK_conventional_converted_dev_1,False,False,169,0,0.00,1.00,null,null,null,-1.00,-1.00,-0.143,5270.97,P Carly 25 Serum I_GD1_01_66508,734.56934:1162580 735.57400:528364 736.57867:131660,null,8409691,8854060,8975220,8607962,8711733.27,252771.304475124
170,14.252,738.66064,no MS2: RIKEN P-VS1 ID-9043 from Mouse_AdrenalGlands_WT_N_Ctr,[M+H]+,null,1.00,False,7.450,738.65912,null,Unknown,null,null,530,False,True,False,Normalized unit: Intensity; Annotation method: Msp20260116160945_NCDK_conventional_converted_dev_1,False,False,170,0,0.00,1.00,null,null,null,-1.00,-1.00,-0.129,200.90,P Carly 25 Serum II_GD1_01_66509,738.65875:81974 739.66342:45302 740.66809:12592,null,457393,450049,456608,455843,454973.214203125,3342.96828250017
171,13.901,739.63562,no MS2: SE 28:4/22:0,[M+Na]+,null,1.00,False,14.999,739.63641,C50H84O2,DEGSE,JEHJSAOHOQIHJP-UHFFFAOYSA-N,O=C(OC1CC2=CC=C3C(=CCC4(C)C3CCC4C(C=CC(C)C(C)C)C)C2(C)CC1)CCCCCCCCCCCCCCCCCCCCC,530,False,True,False,Normalized unit: Intensity; Annotation method: Msp20260116160945_NCDK_conventional_converted_dev_1,False,False,171,0,0.00,0.99,null,null,null,-1.00,-1.00,-0.146,2658.32,P Carly 25 Serum IV_GD1_01_66511,739.63562:435256 740.64029:220148 741.64496:57572,null,2301078,2383928,2418492,2442204,2386425.457375,61724.7192490711
172,8.519,740.52344,no MS2: DMPE 34:4|DMPE 6:0_28:4,[M+H]+,null,1.00,False,8.961,740.52252,C41H74NO8P,DMPE,CSPDWTCNNRVKRC-UHFFFAOYSA-N,O=C(OCC(OC(=O)CCCCCCCCCCCCCCC=CCC=CCC=CCC=CCC)COP(=O)(O)OCCN(C)C)CCCCC,530,False,True,False,Normalized unit: Intensity; Annotation method: Msp20260116160945_NCDK_conventional_converted_dev_1,False,False,172,0,0.00,1.00,null,null,null,-1.00,-1.00,-0.143,151.00,P Carly 25 Serum I_GD1_01_66508,740.52240:64058 741.52707:27844 742.53174:7910,null,411041,433506,438687,406861,422523.874421875,15906.554196732
173,14.503,740.67719,no MS2: TG 42:0|TG 8:0_8:0_26:0,[M+NH4]+,null,1.00,False,13.851,740.67627,C45H86O6,TG,DIXITASRIXUPEG-UHFFFAOYSA-N,O=C(OCC(OC(=O)CCCCCCC)COC(=O)CCCCCCCCCCCCCCCCCCCCCCCCC)CCCCCCC,530,False,True,False,Normalized unit: Intensity; Annotation method: Msp20260116160945_NCDK_conventional_converted_dev_1,False,False,173,0,0.00,0.99,null,null,null,-1.00,-1.00,-0.146,431.22,P Carly 25 Serum III_GD1_01_66510,740.67712:132434 741.68179:66540 742.68646:16966,null,611510,619476,625550,630789,621831.402578126,8289.6438026329
174,9.108,742.57477,no MS2: PC O-34:3|PC O-8:0_26:3,[M+H]+,null,1.00,False,9.597,742.57452,C42H80NO7P,EtherPC,MIKWCKCBCDZUNB-UHFFFAOYSA-N,O=C(OC(COCCCCCCCC)COP(=O)([O-])OCC[N+](C)(C)C)CCCCCCCCCCC=CCC=CCC=CCCCCCCC,530,False,True,False,Normalized unit: Intensity; Annotation method: Msp20260116160945_NCDK_conventional_converted_dev_1,False,False,174,0,0.00,1.00,null,null,null,-1.00,-1.00,-0.143,2856.79,P Carly 25 Serum III_GD1_01_66510,742.57477:903146 743.57944:409934 744.58410:106458,null,6068610,6297763,6565707,6373534,6326403.260375,205560.435034814
175,7.736,744.55444,no MS2: DMPE 34:2|DMPE 6:0_28:2,[M+H]+,null,1.00,False,9.726,744.55377,C41H78NO8P,DMPE,JDJIDZCZEYWKIZ-UHFFFAOYSA-N,O=C(OCC(OC(=O)CCCCCCCCCCCCCCCC=CCC=CCCCCCCC)COP(=O)(O)OCCN(C)C)CCCCC,530,False,True,False,Normalized unit: Intensity; Annotation method: Msp20260116160945_NCDK_conventional_converted_dev_1,False,False,175,0,0.00,1.00,null,null,null,-1.00,-1.00,-0.143,1644.83,P Carly 25 Serum IV_GD1_01_66511,744.55359:233904 745.55826:99332 746.56292:25152,null,1544247,1586958,1622819,1510550,1566143.70820313,49042.2213108925
176,9.299,744.59015,no MS2: PC O-34:2|PC O-8:0_26:2,[M+H]+,null,1.00,False,9.905,744.59021,C42H82NO7P,EtherPC,WBAZRZTVRJLENP-UHFFFAOYSA-N,O=C(OC(COCCCCCCCC)COP(=O)([O-])OCC[N+](C)(C)C)CCCCCCCCCCCCCC=CCC=CCCCCCCC,530,False,True,False,Normalized unit: Intensity; Annotation method: Msp20260116160945_NCDK_conventional_converted_dev_1,False,False,176,0,0.00,1.00,null,null,null,-1.00,-1.00,-0.143,3432.28,P Carly 25 Serum III_GD1_01_66510,744.59021:536956 745.59488:238952 746.59955:62322,null,3728327,3913611,3947205,3781901,3842761.15689062,104446.466953536
177,10.251,744.59045,no MS2: PC O-34:2|PC O-8:0_26:2,[M+H]+,null,1.00,False,9.905,744.59021,C42H82NO7P,EtherPC,WBAZRZTVRJLENP-UHFFFAOYSA-N,O=C(OC(COCCCCCCCC)COP(=O)([O-])OCC[N+](C)(C)C)CCCCCCCCCCCCCC=CCC=CCCCCCCC,530,False,True,False,Normalized unit: Intensity; Annotation method: Msp20260116160945_NCDK_conventional_converted_dev_1,False,False,177,0,0.00,1.00,null,null,null,-1.00,-1.00,-0.143,1416.35,P Carly 25 Serum III_GD1_01_66510,744.59045:211926 745.59512:95762 746.59979:28430,null,1734636,1749884,1779455,1702749,1741681.01220313,31934.8227429181
178,10.078,745.62225,no MS2: SM 37:1;O2|SM 12:1;O2/25:0,[M+H]+,null,1.00,False,10.060,745.62183,C42H85N2O6P,SM,AWIFGOBWPWIAOU-UHFFFAOYSA-N,O=C(NC(COP(=O)([O-])OCC[N+](C)(C)C)C(O)C=CCCCCCCC)CCCCCCCCCCCCCCCCCCCCCCCC,530,False,True,False,Normalized unit: Intensity; Annotation method: Msp20260116160945_NCDK_conventional_converted_dev_1,False,False,178,0,0.00,1.00,null,null,null,-1.00,-1.00,-0.143,357.96,P Carly 25 Serum IV_GD1_01_66511,745.62201:81240 746.62668:37640 747.63134:9254,null,566567,570472,577598,576003,572659.60165625,5081.74981474189
179,13.697,745.62451,no MS2: SM 37:1;O2|SM 12:1;O2/25:0,[M+H]+,null,1.00,False,10.060,745.62183,C42H85N2O6P,SM,AWIFGOBWPWIAOU-UHFFFAOYSA-N,O=C(NC(COP(=O)([O-])OCC[N+](C)(C)C)C(O)C=CCCCCCCC)CCCCCCCCCCCCCCCCCCCCCCCC,530,False,True,False,Normalized unit: Intensity; Annotation method: Msp20260116160945_NCDK_conventional_converted_dev_1,False,False,179,0,0.00,0.99,null,null,null,-1.00,-1.00,-0.148,284.81,P Carly 25 Serum II_GD1_01_66509,745.62286:77190 746.62753:41836 747.63220:11806,null,466586,453404,463832,456038,459964.845546875,6251.96177719246
180,13.990,745.62543,no MS2: SM 37:1;O2|SM 12:1;O2/25:0,[M+H]+,null,0.75,False,10.060,745.62183,C42H85N2O6P,SM,AWIFGOBWPWIAOU-UHFFFAOYSA-N,O=C(NC(COP(=O)([O-])OCC[N+](C)(C)C)C(O)C=CCCCCCCC)CCCCCCCCCCCCCCCCCCCCCCCC,530,False,True,False,Normalized unit: Intensity; Annotation method: Msp20260116160945_NCDK_conventional_converted_dev_1,False,False,180,0,0.00,1.00,null,null,null,-1.00,-1.00,-0.144,294.22,P Carly 25 Serum II_GD1_01_66509,745.62238:70168 746.62704:42410 747.63171:107656,null,417212,401012,418241,424095,415140.19703125,9894.62488844498
181,8.727,746.57001,no MS2: DMPE 34:1|DMPE 5:0_29:1,[M+H]+,null,1.00,False,10.127,746.56940,C41H80NO8P,DMPE,KHJUHSUCVYWNIE-UHFFFAOYSA-N,O=C(OCC(OC(=O)CCCCCCCCCCCCCCC=CCCCCCCCCCCCC)COP(=O)(O)OCCN(C)C)CCCC,530,False,True,False,Normalized unit: Intensity; Annotation method: Msp20260116160945_NCDK_conventional_converted_dev_1,False,False,181,0,0.00,1.00,null,null,null,-1.00,-1.00,-0.144,255.26,P Carly 25 Serum II_GD1_01_66509,746.56989:174352 747.57455:80954 748.57922:18612,null,1262351,1300062,1334525,1255175,1288028.26842188,36721.3846338471
182,10.424,746.60559,no MS2: PC O-34:1|PC O-8:0_26:1,[M+H]+,null,1.00,False,10.376,746.60577,C42H84NO7P,EtherPC,DJYYQHGJOYRXDR-UHFFFAOYSA-N,O=C(OC(COCCCCCCCC)COP(=O)([O-])OCC[N+](C)(C)C)CCCCCCCCCCCCCCCC=CCCCCCCCC,530,False,True,False,Normalized unit: Intensity; Annotation method: Msp20260116160945_NCDK_conventional_converted_dev_1,False,False,182,0,0.00,1.00,null,null,null,-1.00,-1.00,-0.143,1050.25,P Carly 25 Serum III_GD1_01_66510,746.60583:263906 747.61050:129120 748.61517:32806,null,3060192,3049176,3055057,2991152,3038894.11217187,32144.7042507244
183,13.905,747.64087,no MS2: SM 37:0;O2|SM 12:0;O2/25:0,[M+H]+,null,1.00,False,10.205,747.63751,C42H87N2O6P,SM,OAVKGZSSBPPMBW-UHFFFAOYSA-N,O=C(NC(COP(=O)([O-])OCC[N+](C)(C)C)C(O)CCCCCCCCC)CCCCCCCCCCCCCCCCCCCCCCCC,530,False,True,False,Normalized unit: Intensity; Annotation method: Msp20260116160945_NCDK_conventional_converted_dev_1,False,False,183,0,0.00,1.00,null,null,null,-1.00,-1.00,-0.145,2057.60,P Carly 25 Serum II_GD1_01_66509,747.63812:478898 748.64279:255380 749.64746:65150,null,3116728,3244778,3275913,3338981,3244100.0578125,93520.8964212758
184,13.834,749.61932,no MS2: SM 36:0;O3,[M+H]+,null,0.25,False,8.400,749.61670,C41H85N2O7P,SM,BVBWOIGBYWMHGJ-UHFFFAOYSA-N,O=C(NC(COP(=O)([O-])OCC[N+](C)(C)C)C(O)C(O)CCCCCCCC)CCCCCCCCCCCCCCCCCCCCCCC,530,False,True,False,Normalized unit: Intensity; Annotation method: Msp20260116160945_NCDK_conventional_converted_dev_1,False,False,184,0,0.00,0.94,null,null,null,-1.00,-1.00,-0.173,96.43,P Carly 25 Serum II_GD1_01_66509,749.61932:60544 750.62399:31342 751.62866:9444,null,336482,343302,312299,350666,335687.36084375,16633.4008171155
185,9.411,750.54498,no MS2: PC O-35:6|PC O-9:0_26:6,[M+H]+,null,1.00,False,9.089,750.54321,C43H76NO7P,EtherPC,BTZZRCNLJXQFPB-UHFFFAOYSA-N,O=C(OC(COCCCCCCCCC)COP(=O)([O-])OCC[N+](C)(C)C)CCCCCCC=CCC=CCC=CCC=CCC=CCC=CCC,530,False,True,False,Normalized unit: Intensity; Annotation method: Msp20260116160945_NCDK_conventional_converted_dev_1,False,False,185,0,0.00,1.00,null,null,null,-1.00,-1.00,-0.143,113.83,P Carly 25 Serum IV_GD1_01_66511,750.54333:117474 751.54800:56174 752.55267:14474,null,854039,884765,895386,839886,868518.75746875,25918.6305769926
186,10.840,752.55920,no MS2: RIKEN P-VS1 ID-9414 from Cell_HeLa_WT_N_Ctr,[M+H]+,null,1.00,False,11.840,752.56042,null,Unknown,null,null,530,False,True,False,Normalized unit: Intensity; Annotation method: Msp20260116160945_NCDK_conventional_converted_dev_1,False,False,186,0,0.00,0.99,null,null,null,-1.00,-1.00,-0.134,517.26,P Carly 25 Serum I_GD1_01_66508,752.55920:202078 753.56387:91844 754.56854:23824,null,1521462,1521789,1511076,1484313,1509659.99260937,17615.3055581544
187,9.290,753.58862,no MS2: SM 36:1;O2,[M+Na]+,null,1.00,False,9.598,753.58807,C41H83N2O6P,SM,IMSJPGOHOORVQA-UHFFFAOYSA-N,O=C(NC(COP(=O)([O-])OCC[N+](C)(C)C)C(O)C=CCCCCCCC)CCCCCCCCCCCCCCCCCCCCCCC,530,False,True,False,Normalized unit: Intensity; Annotation method: Msp20260116160945_NCDK_conventional_converted_dev_1,False,False,187,0,0.00,1.00,null,null,null,-1.00,-1.00,-0.143,282.27,P Carly 25 Serum IV_GD1_01_66511,753.58801:83108 754.59268:37018 755.59735:9110,null,560601,581288,591230,561491,573652.495890625,15116.2902745336
188,6.978,754.53973,no MS2: DMPE 35:4|DMPE 5:0_30:4,[M+H]+,null,1.00,False,8.689,754.53809,C42H76NO8P,DMPE,KXPWJMPURDZCQI-UHFFFAOYSA-N,O=C(OCC(OC(=O)CCCCCCCCCCCCCCCCC=CCC=CCC=CCC=CCC)COP(=O)(O)OCCN(C)C)CCCC,530,False,True,False,Normalized unit: Intensity; Annotation method: Msp20260116160945_NCDK_conventional_converted_dev_1,False,False,188,0,0.00,1.00,null,null,null,-1.00,-1.00,-0.143,240.28,P Carly 25 Serum IV_GD1_01_66511,754.53790:106880 755.54257:48124 756.54724:12978,null,638349,671657,684395,635865,657566.375203125,24211.2064752829
189,7.298,756.55457,no MS2: NAGlySer 39:8;O2|NAGlySer 13:1;O(FA 26:6),[M+NH4]+,null,1.00,False,7.990,756.55212,C44H70N2O7,NAGlySer,ZQYLSYCCGMINJL-UHFFFAOYSA-N,O=C(OC(C=CCCC)CCCCCCC(=O)NCC(=O)NC(C(=O)O)CO)CCCCCCC=CCC=CCC=CCC=CCC=CCC=CCC,530,False,True,False,Normalized unit: Intensity; Annotation method: Msp20260116160945_NCDK_conventional_converted_dev_1,False,False,189,0,0.00,1.00,null,null,null,-1.00,-1.00,-0.143,165.08,P Carly 25 Serum I_GD1_01_66508,756.55243:381272 757.55710:168236 758.56176:42286,null,2781459,2903750,2864440,2838049,2846924.5685,51317.1518503233
190,7.549,756.55487,no MS2: DMPE 35:3|DMPE 5:0_30:3,[M+H]+,null,1.00,False,9.213,756.55377,C42H78NO8P,DMPE,ICNCFQIVQRJXQI-UHFFFAOYSA-N,O=C(OCC(OC(=O)CCCCCCCCCCCCCCC=CCC=CCC=CCCCCCCC)COP(=O)(O)OCCN(C)C)CCCC,530,False,True,False,Normalized unit: Intensity; Annotation method: Msp20260116160945_NCDK_conventional_converted_dev_1,False,False,190,0,0.00,1.00,null,null,null,-1.00,-1.00,-0.143,170.81,P Carly 25 Serum IV_GD1_01_66511,756.55365:389450 757.55832:179920 758.56299:45020,null,4581001,4552022,4742272,4498957,4593562.98396875,104798.391437398
191,9.558,757.62244,no MS2: SM 38:2;O2|SM 12:1;O2/26:1,[M+H]+,null,1.00,False,9.580,757.62183,C43H85N2O6P,SM,LCCGGRXCXDWGPP-UHFFFAOYSA-N,O=C(NC(COP(=O)([O-])OCC[N+](C)(C)C)C(O)C=CCCCCCCC)CCCCCCCCCCCCCCCC=CCCCCCCCC,530,False,True,False,Normalized unit: Intensity; Annotation method: Msp20260116160945_NCDK_conventional_converted_dev_1,False,False,191,0,0.00,1.00,null,null,null,-1.00,-1.00,-0.143,2824.31,P Carly 25 Serum IV_GD1_01_66511,757.62164:415336 758.62631:198920 759.63098:49942,null,3068273,3198019,3278054,3125610,3167488.78385938,90837.4946539689
192,8.398,758.57251,no MS2: Cer 49:12;O4|Cer 12:1;O2/37:11;O2,[M+H]+,null,1.00,False,10.594,758.57178,C49H75NO5,Cer_EOS,YJXCZRFEUFCVMT-UHFFFAOYSA-N,O=C(OCCC=CCC=CCC=CCC=CCC(=O)NC(CO)C(O)C=CCCCCCCC)CCC=CCC=CCC=CCC=CCC=CCC=CCC,530,False,True,False,Normalized unit: Intensity; Annotation method: Msp20260116160945_NCDK_conventional_converted_dev_1,False,False,192,0,0.00,1.00,null,null,null,-1.00,-1.00,-0.144,72974.26,P Carly 25 Serum I_GD1_01_66508,758.57135:13965310 759.57602:13129310 760.58069:3174758,null,152612365,152678861,156160358,153089754,153635334.594953,1696536.34670768
193,8.398,758.72302,Unknown,[M+2H]2+,null,1.00,False,null,null,null,null,null,null,999,False,False,False,Normalized unit: Intensity,False,False,193,0,0.00,null,null,null,null,null,null,null,3106.78,P Carly 25 Serum III_GD1_01_66510,758.72302:377044 759.72769:166776 760.73236:14632,null,2768924,2797536,2937465,2788188,2823028.33248437,77215.4645645517
194,8.398,758.84326,Unknown,[M+H]+,null,1.00,False,null,null,null,null,null,null,999,False,False,False,Normalized unit: Intensity,False,False,194,0,0.00,null,null,null,null,null,null,null,2604.53,P Carly 25 Serum III_GD1_01_66510,758.84326:323836 759.84793:172844 760.85260:16622,null,2627349,2620859,2703531,2589473,2635302.84382812,48398.7109252086
195,8.398,758.97900,Unknown,[M+H]+,null,1.00,False,null,null,null,null,null,null,999,False,False,False,Normalized unit: Intensity,False,False,195,0,0.00,null,null,null,null,null,null,null,2052.27,P Carly 25 Serum II_GD1_01_66509,758.97900:189984 759.98367:0 760.98834:0,null,1239296,1291896,1232556,1182972,1236679.81092187,44561.6766585492
196,8.398,759.57544,no MS2: RIKEN P-VS1 ID-9678 from Mouse_Liver_WT_N_F1EPA,[M+H]+,null,1.00,False,9.340,759.57300,null,Unknown,null,null,530,False,True,False,Normalized unit: Intensity; Annotation method: Msp20260116160945_NCDK_conventional_converted_dev_1,False,False,196,0,0.00,0.99,null,null,null,-1.00,-1.00,-0.132,37826.55,P Carly 25 Serum IV_GD1_01_66511,759.57397:12501866 760.57864:3279814 761.58331:554500,null,102947720,103356773,106315188,102402945,103755656.558187,1750513.86011716
197,10.909,759.63660,no MS2: SM 38:1;O2|SM 12:1;O2/26:0,[M+H]+,null,1.00,False,10.341,759.63751,C43H87N2O6P,SM,GJBCRJRMBDUHKZ-UHFFFAOYSA-N,O=C(NC(COP(=O)([O-])OCC[N+](C)(C)C)C(O)C=CCCCCCCC)CCCCCCCCCCCCCCCCCCCCCCCCC,530,False,True,False,Normalized unit: Intensity; Annotation method: Msp20260116160945_NCDK_conventional_converted_dev_1,False,False,197,0,0.00,1.00,null,null,null,-1.00,-1.00,-0.143,3858.36,P Carly 25 Serum I_GD1_01_66508,759.63757:983684 760.64224:447974 761.64691:116872,null,8036786,7947384,8211054,7754249,7987368.21721875,190105.898433981
198,9.454,760.58685,no MS2: Cer 49:11;O4|Cer 12:1;O2/37:10;O2,[M+H]+,null,1.00,False,10.908,760.58752,C49H77NO5,Cer_EOS,DDLJIZBIJAEWSX-UHFFFAOYSA-N,O=C(OCCC=CCC=CCC=CCCCCC(=O)NC(CO)C(O)C=CCCCCCCC)CCC=CCC=CCC=CCC=CCC=CCC=CCC,530,False,True,False,Normalized unit: Intensity; Annotation method: Msp20260116160945_NCDK_conventional_converted_dev_1,False,False,198,0,0.00,1.00,null,null,null,-1.00,-1.00,-0.144,36836.09,P Carly 25 Serum I_GD1_01_66508,760.58691:11557784 761.59158:5677342 762.59625:1403660,null,103060791,107573273,109364583,105331540,106332546.743141,2734900.48190676
199,9.454,760.73926,Unknown,[M+2H]2+,null,1.00,False,null,null,null,null,null,null,999,False,False,False,Normalized unit: Intensity,False,False,199,0,0.00,null,null,null,null,null,null,null,1351.56,P Carly 25 Serum III_GD1_01_66510,760.73926:196570 761.74393:82866 762.74859:5014,null,1452203,1527181,1535579,1440161,1488781.12410937,49552.5760121798
200,9.454,760.85693,Unknown,[M+H]+,null,1.00,False,null,null,null,null,null,null,999,False,False,False,Normalized unit: Intensity,False,False,200,0,0.00,null,null,null,null,null,null,null,1492.12,P Carly 25 Serum II_GD1_01_66509,760.85693:193788 761.86160:106638 762.86627:0,null,1556164,1599590,1594454,1548101,1574577.30010937,26209.1381259121
201,9.459,760.99023,Unknown,[M+H]+,null,1.00,False,null,null,null,null,null,null,999,False,False,False,Normalized unit: Intensity,False,False,201,0,0.00,null,null,null,null,null,null,null,616.51,P Carly 25 Serum IV_GD1_01_66511,760.99023:73230 761.99490:0 762.99957:0,null,411534,413643,388222,417078,407619.125828125,13132.0342940707
202,7.852,761.62933,no MS2: RIKEN P-VS1 ID-9790 from Mouse_Spleen_WT_N_F1,[M+H]+,null,1.00,False,8.990,761.62262,null,Unknown,null,null,530,False,True,False,Normalized unit: Intensity; Annotation method: Msp20260116160945_NCDK_conventional_converted_dev_1,False,False,202,0,0.00,0.80,null,null,null,-1.00,-1.00,-0.220,359.51,P Carly 25 Serum I_GD1_01_66508,761.62775:180110 762.63241:82124 763.63708:19418,null,870606,896243,899467,824609,872731.280140625,34582.658583396
203,10.853,762.60059,no MS2: DMPE 35:0|DMPE 30:0_5:0,[M+H]+,null,1.00,False,13.068,762.60071,C42H84NO8P,DMPE,JRWXOFFZCHKSOK-UHFFFAOYSA-N,O=C(OCC(OC(=O)CCCC)COP(=O)(O)OCCN(C)C)CCCCCCCCCCCCCCCCCCCCCCCCCCCCC,530,False,True,False,Normalized unit: Intensity; Annotation method: Msp20260116160945_NCDK_conventional_converted_dev_1,False,False,203,0,0.00,1.00,null,null,null,-1.00,-1.00,-0.143,783.88,P Carly 25 Serum I_GD1_01_66508,762.60059:363026 763.60525:164916 764.60992:41664,null,2985510,2961991,2978282,2857826,2945902.2686875,59535.8526127123
204,13.853,763.63623,no MS2: SE 28:4/24:2,[M+Na]+,null,1.00,False,14.871,763.63641,C52H84O2,DEGSE,YCCYOOQWWBRBOM-UHFFFAOYSA-N,O=C(OC1CC2=CC=C3C(=CCC4(C)C3CCC4C(C=CC(C)C(C)C)C)C2(C)CC1)CCCCCCCCCCCC=CCC=CCCCCCCC,530,False,True,False,Normalized unit: Intensity; Annotation method: Msp20260116160945_NCDK_conventional_converted_dev_1,False,False,204,0,0.00,1.00,null,null,null,-1.00,-1.00,-0.143,319.24,P Carly 25 Serum IV_GD1_01_66511,763.63623:113550 764.64090:61392 765.64557:16426,null,674817,670572,688296,694942,682156.88571875,11390.6226895788
205,8.208,764.52515,no MS2: DMPE 36:6|DMPE 6:0_30:6,[M+H-H2O]+,null,1.00,False,8.893,764.52252,C43H74NO8P,DMPE,DWTDKYBSYMRQOH-UHFFFAOYSA-N,O=C(OCC(OC(=O)CCCCCCCCCCC=CCC=CCC=CCC=CCC=CCC=CCC)COP(=O)(O)OCCN(C)C)CCCCC,530,False,True,False,Normalized unit: Intensity; Annotation method: Msp20260116160945_NCDK_conventional_converted_dev_1,False,False,205,0,0.00,0.99,null,null,null,-1.00,-1.00,-0.146,270.69,P Carly 25 Serum IV_GD1_01_66511,764.52332:135778 765.52798:67010 766.53265:22456,null,856457,890929,883865,835683,866733.749921876,25486.2494742238
206,14.295,764.67682,no MS2: TG 44:2|TG 8:0_8:0_28:2,[M+NH4]+,null,1.00,False,13.523,764.67627,C47H86O6,TG,QBENZTIGQCMGBK-UHFFFAOYSA-N,O=C(OCC(OC(=O)CCCCCCC)COC(=O)CCCCCCCCCCCCCCCC=CCC=CCCCCCCC)CCCCCCC,530,False,True,False,Normalized unit: Intensity; Annotation method: Msp20260116160945_NCDK_conventional_converted_dev_1,False,False,206,0,0.00,1.00,null,null,null,-1.00,-1.00,-0.144,239.13,P Carly 25 Serum III_GD1_01_66510,764.67682:142760 765.68149:77090 766.68615:22812,null,711831,717416,737897,701487,717158.014265625,15320.2164935446
207,8.900,766.57489,no MS2: PC O-36:5|PC O-8:0_28:5,[M+H]+,null,1.00,False,9.545,766.57452,C44H80NO7P,EtherPC,RDKCYWXIOLUDKK-UHFFFAOYSA-N,O=C(OC(COCCCCCCCC)COP(=O)([O-])OCC[N+](C)(C)C)CCCCCCCCCCCC=CCC=CCC=CCC=CCC=CCC,530,False,True,False,Normalized unit: Intensity; Annotation method: Msp20260116160945_NCDK_conventional_converted_dev_1,False,False,207,0,0.00,1.00,null,null,null,-1.00,-1.00,-0.143,818.27,P Carly 25 Serum I_GD1_01_66508,766.57483:1133476 767.57950:527210 768.58416:144462,null,7629683,7806865,7938888,7478010,7713361.6265625,201657.320152978
208,14.520,766.69263,no MS2: TG 44:1|TG 8:0_8:0_28:1,[M+NH4]+,null,1.00,False,13.834,766.69189,C47H88O6,TG,RPHPGMSYTPNXSG-UHFFFAOYSA-N,O=C(OCC(OC(=O)CCCCCCC)COC(=O)CCCCCCCCCCCCCCCCCC=CCCCCCCCC)CCCCCCC,530,False,True,False,Normalized unit: Intensity; Annotation method: Msp20260116160945_NCDK_conventional_converted_dev_1,False,False,208,0,0.00,1.00,null,null,null,-1.00,-1.00,-0.145,180.10,P Carly 25 Serum III_GD1_01_66510,766.69263:293234 767.69729:165094 768.70196:49756,null,1384045,1378246,1413362,1389470,1391280.8186875,15417.7760147546
209,10.009,768.55408,no MS2: DMPE 36:4|DMPE 6:0_30:4,[M+H]+,null,1.00,False,9.066,768.55377,C43H78NO8P,DMPE,YADWDHZNQSACMH-UHFFFAOYSA-N,O=C(OCC(OC(=O)CCCCCCCCCCCCCCCCC=CCC=CCC=CCC=CCC)COP(=O)(O)OCCN(C)C)CCCCC,530,False,True,False,Normalized unit: Intensity; Annotation method: Msp20260116160945_NCDK_conventional_converted_dev_1,False,False,209,0,0.00,1.00,null,null,null,-1.00,-1.00,-0.143,430.69,P Carly 25 Serum I_GD1_01_66508,768.55389:177876 769.55856:83308 770.56323:20722,null,1223017,1223953,1249666,1198216,1223713.00682812,21009.816656628
210,7.580,768.55505,no MS2: DMPE 36:4|DMPE 6:0_30:4,[M+H]+,null,1.00,False,9.066,768.55377,C43H78NO8P,DMPE,YADWDHZNQSACMH-UHFFFAOYSA-N,O=C(OCC(OC(=O)CCCCCCCCCCCCCCCCC=CCC=CCC=CCC=CCC)COP(=O)(O)OCCN(C)C)CCCCC,530,False,True,False,Normalized unit: Intensity; Annotation method: Msp20260116160945_NCDK_conventional_converted_dev_1,False,False,210,0,0.00,1.00,null,null,null,-1.00,-1.00,-0.143,194.22,P Carly 25 Serum IV_GD1_01_66511,768.55383:91492 769.55850:40964 770.56317:10628,null,584846,620001,638953,604488,612072.073,22979.9357728367
211,9.117,768.59070,no MS2: PC O-36:4|PC O-8:0_28:4,[M+H]+,null,1.00,False,9.912,768.59021,C44H82NO7P,EtherPC,AMIRMXUBGHUMRM-UHFFFAOYSA-N,O=C(OC(COCCCCCCCC)COP(=O)([O-])OCC[N+](C)(C)C)CCCCCCCCCCCCCCC=CCC=CCC=CCC=CCC,530,False,True,False,Normalized unit: Intensity; Annotation method: Msp20260116160945_NCDK_conventional_converted_dev_1,False,False,211,0,0.00,1.00,null,null,null,-1.00,-1.00,-0.143,2722.01,P Carly 25 Serum I_GD1_01_66508,768.59009:1268316 769.59476:600748 770.59942:151272,null,10124118,10598378,10570167,9863443,10289026.5049687,357330.150184525
212,9.524,768.59070,no MS2: PC O-36:4|PC O-8:0_28:4,[M+H]+,null,1.00,False,9.912,768.59021,C44H82NO7P,EtherPC,AMIRMXUBGHUMRM-UHFFFAOYSA-N,O=C(OC(COCCCCCCCC)COP(=O)([O-])OCC[N+](C)(C)C)CCCCCCCCCCCCCCC=CCC=CCC=CCC=CCC,530,False,True,False,Normalized unit: Intensity; Annotation method: Msp20260116160945_NCDK_conventional_converted_dev_1,False,False,212,0,0.00,1.00,null,null,null,-1.00,-1.00,-0.143,467.49,P Carly 25 Serum IV_GD1_01_66511,768.58984:123006 769.59451:59068 770.59918:56288,null,1104276,1148755,1175205,1112322,1135139.57895312,32983.9678123159
213,14.780,768.70892,no MS2: TG 44:0|TG 8:0_8:0_28:0,[M+NH4]+,null,1.00,False,14.035,768.70758,C47H90O6,TG,PHHBNNKHOXPVFM-UHFFFAOYSA-N,O=C(OCC(OC(=O)CCCCCCC)COC(=O)CCCCCCCCCCCCCCCCCCCCCCCCCCC)CCCCCCC,530,False,True,False,Normalized unit: Intensity; Annotation method: Msp20260116160945_NCDK_conventional_converted_dev_1,False,False,213,0,0.00,1.00,null,null,null,-1.00,-1.00,-0.144,1736.72,P Carly 25 Serum I_GD1_01_66508,768.70697:277006 769.71164:154698 770.71631:37824,null,1439664,1453110,1493988,1473105,1464966.76840625,23729.8539448766
214,8.121,770.57098,no MS2: DMPE 36:3|DMPE 6:0_30:3,[M+H]+,null,1.00,False,9.742,770.56940,C43H80NO8P,DMPE,KXENEAIANGXPHS-UHFFFAOYSA-N,O=C(OCC(OC(=O)CCCCCCCCCCCCCCC=CCC=CCC=CCCCCCCC)COP(=O)(O)OCCN(C)C)CCCCC,530,False,True,False,Normalized unit: Intensity; Annotation method: Msp20260116160945_NCDK_conventional_converted_dev_1,False,False,214,0,0.00,1.00,null,null,null,-1.00,-1.00,-0.143,491.99,P Carly 25 Serum IV_GD1_01_66511,770.56952:129078 771.57419:58816 772.57885:14820,null,731817,774996,801542,767244,768899.52365625,28754.9367061886
215,10.680,770.60553,no MS2: PC O-36:3|PC O-8:0_28:3,[M+H]+,null,1.00,False,10.485,770.60577,C44H84NO7P,EtherPC,GDJAIASCRXEGBE-UHFFFAOYSA-N,O=C(OC(COCCCCCCCC)COP(=O)([O-])OCC[N+](C)(C)C)CCCCCCCCCCCCC=CCC=CCC=CCCCCCCC,530,False,True,False,Normalized unit: Intensity; Annotation method: Msp20260116160945_NCDK_conventional_converted_dev_1,False,False,215,0,0.00,1.00,null,null,null,-1.00,-1.00,-0.143,404.33,P Carly 25 Serum III_GD1_01_66510,770.60565:145000 771.61032:72348 772.61499:40002,null,1232302,1254053,1254090,1208313,1237189.61582813,21815.3660286997
216,9.437,770.60699,no MS2: PC O-36:3|PC O-8:0_28:3,[M+H]+,null,1.00,False,10.485,770.60577,C44H84NO7P,EtherPC,GDJAIASCRXEGBE-UHFFFAOYSA-N,O=C(OC(COCCCCCCCC)COP(=O)([O-])OCC[N+](C)(C)C)CCCCCCCCCCCCC=CCC=CCC=CCCCCCCC,530,False,True,False,Normalized unit: Intensity; Annotation method: Msp20260116160945_NCDK_conventional_converted_dev_1,False,False,216,0,0.00,1.00,null,null,null,-1.00,-1.00,-0.143,438.34,P Carly 25 Serum IV_GD1_01_66511,770.60553:183000 771.61020:83580 772.61487:21738,null,1459782,1497925,1588638,1437757,1496025.49276562,66557.2016190187
217,9.749,770.60712,no MS2: PC O-36:3|PC O-8:0_28:3,[M+H]+,null,1.00,False,10.485,770.60577,C44H84NO7P,EtherPC,GDJAIASCRXEGBE-UHFFFAOYSA-N,O=C(OC(COCCCCCCCC)COP(=O)([O-])OCC[N+](C)(C)C)CCCCCCCCCCCCC=CCC=CCC=CCCCCCCC,530,False,True,False,Normalized unit: Intensity; Annotation method: Msp20260116160945_NCDK_conventional_converted_dev_1,False,False,217,0,0.00,1.00,null,null,null,-1.00,-1.00,-0.143,352.38,P Carly 25 Serum II_GD1_01_66509,770.60608:140814 771.61075:64174 772.61541:16204,null,1171401,1237839,1235661,1233700,1219650.24009375,32210.2378402762
218,9.117,772.58539,no MS2: DMPE 36:2|DMPE 6:0_30:2,[M+H]+,null,1.00,False,10.872,772.58508,C43H82NO8P,DMPE,AQFCIVPGTXEDJL-UHFFFAOYSA-N,O=C(OCC(OC(=O)CCCCCCCCCCCCCCCCCC=CCC=CCCCCCCC)COP(=O)(O)OCCN(C)C)CCCCC,530,False,True,False,Normalized unit: Intensity; Annotation method: Msp20260116160945_NCDK_conventional_converted_dev_1,False,False,218,0,0.00,1.00,null,null,null,-1.00,-1.00,-0.143,1051.82,P Carly 25 Serum I_GD1_01_66508,772.58508:558880 773.58975:264210 774.59442:65652,null,4154144,4247359,4300392,4172123,4218504.49439062,67901.1841699345
219,8.879,772.58600,no MS2: DMPE 36:2|DMPE 6:0_30:2,[M+H]+,null,1.00,False,10.872,772.58508,C43H82NO8P,DMPE,AQFCIVPGTXEDJL-UHFFFAOYSA-N,O=C(OCC(OC(=O)CCCCCCCCCCCCCCCCCC=CCC=CCCCCCCC)COP(=O)(O)OCCN(C)C)CCCCC,530,False,True,False,Normalized unit: Intensity; Annotation method: Msp20260116160945_NCDK_conventional_converted_dev_1,False,False,219,0,0.00,1.00,null,null,null,-1.00,-1.00,-0.143,861.97,P Carly 25 Serum I_GD1_01_66508,772.58521:267858 773.58987:122982 774.59454:32848,null,2031691,2089997,2084082,2061395,2066791.22515625,26448.7043035388
220,10.905,772.62079,no MS2: PC O-36:2|PC O-8:0_28:2,[M+H]+,null,1.00,False,11.247,772.62152,C44H86NO7P,EtherPC,MFLNWJCWDLDCLH-UHFFFAOYSA-N,O=C(OC(COCCCCCCCC)COP(=O)([O-])OCC[N+](C)(C)C)CCCCCCCCCCCCCCCC=CCC=CCCCCCCC,530,False,True,False,Normalized unit: Intensity; Annotation method: Msp20260116160945_NCDK_conventional_converted_dev_1,False,False,220,0,0.00,1.00,null,null,null,-1.00,-1.00,-0.143,228.39,P Carly 25 Serum IV_GD1_01_66511,772.62152:125654 773.62619:57272 774.63086:15782,null,1104782,1107306,1130689,1055379,1099539.07578125,31666.4016838183
221,11.775,773.65320,no MS2: SM 39:1;O2|SM 12:1;O2/27:0,[M+H]+,null,1.00,False,11.110,773.65308,C44H89N2O6P,SM,LBBHHYRFVVPTSY-UHFFFAOYSA-N,O=C(NC(COP(=O)([O-])OCC[N+](C)(C)C)C(O)C=CCCCCCCC)CCCCCCCCCCCCCCCCCCCCCCCCCC,530,False,True,False,Normalized unit: Intensity; Annotation method: Msp20260116160945_NCDK_conventional_converted_dev_1,False,False,221,0,0.00,1.00,null,null,null,-1.00,-1.00,-0.143,711.30,P Carly 25 Serum I_GD1_01_66508,773.65320:323984 774.65787:160908 775.66253:41182,null,2717415,2675704,2705705,2645255,2686019.8059375,32358.9563824199
222,5.326,774.56476,no MS2: TG 46:11|TG 8:1_16:4_22:6,[M+NH4]+,null,1.00,False,11.665,774.56671,C49H72O6,TG,YEILBZXUULCYAC-UHFFFAOYSA-N,O=C(OCC(OC(=O)CCC=CCC=CCC=CCC=CCC)COC(=O)CCC=CCCC)CCC=CCC=CCC=CCC=CCC=CCC=CCC,530,False,True,False,Normalized unit: Intensity; Annotation method: Msp20260116160945_NCDK_conventional_converted_dev_1,False,False,222,0,0.00,0.97,null,null,null,-1.00,-1.00,-0.159,388.27,P Carly 25 Serum III_GD1_01_66510,774.56476:311202 775.56943:146934 776.57409:36186,null,1335648,1483363,1434915,1461102,1428756.82796875,65153.9111806054
223,10.238,774.60168,no MS2: DMPE 36:1|DMPE 5:0_31:1,[M+H]+,null,1.00,False,12.043,774.60071,C43H84NO8P,DMPE,DPPXPNPITQVOFM-UHFFFAOYSA-N,O=C(OCC(OC(=O)CCCCCCCCCCCCCCCCCCC=CCCCCCCCCCC)COP(=O)(O)OCCN(C)C)CCCC,530,False,True,False,Normalized unit: Intensity; Annotation method: Msp20260116160945_NCDK_conventional_converted_dev_1,False,False,223,0,0.00,1.00,null,null,null,-1.00,-1.00,-0.143,583.65,P Carly 25 Serum I_GD1_01_66508,774.60077:178478 775.60544:82846 776.61010:21548,null,1654659,1699912,1710306,1616050,1670231.65740625,43455.3496667966
224,8.402,780.55151,no MS2: PC 34:2,[M+Na]+,null,1.00,False,9.322,780.55139,C42H80NO8P,PC,DMKGBZJOEARPBA-UHFFFAOYSA-N,O=C(OCC(OC(=O)CCCCCCCCCCCCCCCC=CCC=CCCCCCCC)COP(=O)([O-])OCC[N+](C)(C)C)CCCCC,530,False,True,False,Normalized unit: Intensity; Annotation method: Msp20260116160945_NCDK_conventional_converted_dev_1,False,False,224,0,0.00,1.00,null,null,null,-1.00,-1.00,-0.143,341.23,P Carly 25 Serum IV_GD1_01_66511,780.55151:796748 781.55618:354360 782.56085:252390,null,7458485,7680156,8137627,8011971,7822059.48548437,309823.699930802
225,7.428,780.55505,no MS2: DMPE 37:5|DMPE 5:0_32:5,[M+H]+,null,1.00,False,9.141,780.55377,C44H78NO8P,DMPE,UFMBOMNSZABXBI-UHFFFAOYSA-N,O=C(OCC(OC(=O)CCCCCCCCCCCCCCCC=CCC=CCC=CCC=CCC=CCC)COP(=O)(O)OCCN(C)C)CCCC,530,False,True,False,Normalized unit: Intensity; Annotation method: Msp20260116160945_NCDK_conventional_converted_dev_1,False,False,225,0,0.00,1.00,null,null,null,-1.00,-1.00,-0.144,389.77,P Carly 25 Serum IV_GD1_01_66511,780.55316:1039634 781.55783:492234 782.56250:130190,null,6624967,6823724,6822511,6704214,6743854.2045,97076.6711739882
226,7.142,780.55548,no MS2: DMPE 37:5|DMPE 5:0_32:5,[M+H]+,null,1.00,False,9.141,780.55377,C44H78NO8P,DMPE,UFMBOMNSZABXBI-UHFFFAOYSA-N,O=C(OCC(OC(=O)CCCCCCCCCCCCCCCC=CCC=CCC=CCC=CCC=CCC)COP(=O)(O)OCCN(C)C)CCCC,530,False,True,False,Normalized unit: Intensity; Annotation method: Msp20260116160945_NCDK_conventional_converted_dev_1,False,False,226,0,0.00,1.00,null,null,null,-1.00,-1.00,-0.143,53.94,P Carly 25 Serum IV_GD1_01_66511,780.55383:127050 781.55850:58860 782.56317:15350,null,997308,993220,1044085,969842,1001113.9306875,31097.9632896168
227,9.459,782.56732,no MS2: NAGlySer 41:9;O2|NAGlySer 15:2;O(FA 26:6),[M+NH4]+,null,1.00,False,7.892,782.56781,C46H72N2O7,NAGlySer,JMCCZEKHWHPGJT-UHFFFAOYSA-N,O=C(OC(C=CCC=CCCC)CCCCCC(=O)NCC(=O)NC(C(=O)O)CO)CCCCCCC=CCC=CCC=CCC=CCC=CCC=CCC,530,False,True,False,Normalized unit: Intensity; Annotation method: Msp20260116160945_NCDK_conventional_converted_dev_1,False,False,227,0,0.00,1.00,null,null,null,-1.00,-1.00,-0.143,1010.75,P Carly 25 Serum I_GD1_01_66508,782.56787:574086 783.57254:278708 784.57721:68266,null,4976531,5184313,5405162,5209741,5193936.71754687,175331.483823671
228,7.930,782.57080,no MS2: DMPE 37:4|DMPE 5:0_32:4,[M+H]+,null,1.00,False,9.233,782.56940,C44H80NO8P,DMPE,CPCUZPPRBXVYNM-UHFFFAOYSA-N,O=C(OCC(OC(=O)CCCCCCCCCCCCCCCCCCC=CCC=CCC=CCC=CCC)COP(=O)(O)OCCN(C)C)CCCC,530,False,True,False,Normalized unit: Intensity; Annotation method: Msp20260116160945_NCDK_conventional_converted_dev_1,False,False,228,0,0.00,1.00,null,null,null,-1.00,-1.00,-0.143,376.93,P Carly 25 Serum IV_GD1_01_66511,782.56958:266034 783.57425:133542 784.57892:33686,null,2203319,2321708,2254676,2253944,2258411.77257813,48564.2588492228
229,7.593,782.57080,no MS2: DMPE 37:4|DMPE 5:0_32:4,[M+H]+,null,1.00,False,9.233,782.56940,C44H80NO8P,DMPE,CPCUZPPRBXVYNM-UHFFFAOYSA-N,O=C(OCC(OC(=O)CCCCCCCCCCCCCCCCCCC=CCC=CCC=CCC=CCC)COP(=O)(O)OCCN(C)C)CCCC,530,False,True,False,Normalized unit: Intensity; Annotation method: Msp20260116160945_NCDK_conventional_converted_dev_1,False,False,229,0,0.00,1.00,null,null,null,-1.00,-1.00,-0.143,4760.83,P Carly 25 Serum IV_GD1_01_66511,782.56927:2182052 783.57394:1041530 784.57861:271590,null,14625136,14816115,15343654,14670732,14863908.9493438,330035.043620246
230,8.225,782.57233,no MS2: DMPE 37:4|DMPE 5:0_32:4,[M+H]+,null,1.00,False,9.233,782.56940,C44H80NO8P,DMPE,CPCUZPPRBXVYNM-UHFFFAOYSA-N,O=C(OCC(OC(=O)CCCCCCCCCCCCCCCCCCC=CCC=CCC=CCC=CCC)COP(=O)(O)OCCN(C)C)CCCC,530,False,True,False,Normalized unit: Intensity; Annotation method: Msp20260116160945_NCDK_conventional_converted_dev_1,False,False,230,0,0.00,0.99,null,null,null,-1.00,-1.00,-0.147,50640.98,P Carly 25 Serum IV_GD1_01_66511,782.57037:13346426 783.57504:8274708 784.57971:2074142,null,111675353,112904235,114626014,111637283,112710721.555484,1405945.8032456
231,8.225,782.72632,no MS2: TG 45:0|TG 8:0_8:0_29:0,[M+NH4]+,null,1.00,False,14.092,782.72321,C48H92O6,TG,PRPRFFOYMLCWLQ-UHFFFAOYSA-N,O=C(OCC(OC(=O)CCCCCCC)COC(=O)CCCCCCCCCCCCCCCCCCCCCCCCCCCC)CCCCCCC,530,False,True,False,Normalized unit: Intensity; Annotation method: Msp20260116160945_NCDK_conventional_converted_dev_1,False,False,231,0,0.00,0.98,null,null,null,-1.00,-1.00,-0.152,1789.33,P Carly 25 Serum I_GD1_01_66508,782.72467:250380 783.72934:117620 784.73401:7578,null,1757718,1820177,1841618,1736118,1788907.60721875,50052.3477599445
232,8.225,782.84644,Unknown,[M+H]+,null,1.00,False,null,null,null,null,null,null,999,False,False,False,Normalized unit: Intensity,False,False,232,0,0.00,null,null,null,null,null,null,null,1874.37,P Carly 25 Serum II_GD1_01_66509,782.84644:225384 783.85110:127706 784.85577:0,null,1716243,1762739,1757324,1683864,1730042.28320313,37131.6810490649
233,8.225,782.98175,Unknown,[M+H]+,null,1.00,False,null,null,null,null,null,null,999,False,False,False,Normalized unit: Intensity,False,False,233,0,0.00,null,null,null,null,null,null,null,1045.72,P Carly 25 Serum II_GD1_01_66509,782.98175:109570 783.98642:0 784.99109:0,null,557804,610916,554459,580653,575957.830265626,26050.5263732246
234,9.645,783.63843,no MS2: SM 40:3;O2|SM 12:1;O2/28:2,[M+H]+,null,1.00,False,9.891,783.63751,C45H87N2O6P,SM,VBUNUARVBOJKNX-UHFFFAOYSA-N,O=C(NC(COP(=O)([O-])OCC[N+](C)(C)C)C(O)C=CCCCCCCC)CCCCCCCCCCCCCCCC=CCC=CCCCCCCC,530,False,True,False,Normalized unit: Intensity; Annotation method: Msp20260116160945_NCDK_conventional_converted_dev_1,False,False,234,0,0.00,0.99,null,null,null,-1.00,-1.00,-0.146,229.82,P Carly 25 Serum II_GD1_01_66509,783.63837:111156 784.64303:54330 785.64770:14144,null,1096709,1141007,1148418,1072866,1114750.171875,36067.8882916616
235,9.219,784.58563,no MS2: DMPE 37:3|DMPE 5:0_32:3,[M+H]+,null,0.50,False,9.841,784.58508,C44H82NO8P,DMPE,KTPQRINJOWGTIA-UHFFFAOYSA-N,O=C(OCC(OC(=O)CCCCCCCCCCCCCCCCC=CCC=CCC=CCCCCCCC)COP(=O)(O)OCCN(C)C)CCCC,530,False,True,False,Normalized unit: Intensity; Annotation method: Msp20260116160945_NCDK_conventional_converted_dev_1,False,False,235,0,0.00,1.00,null,null,null,-1.00,-1.00,-0.144,683.45,P Carly 25 Serum I_GD1_01_66508,784.58466:190398 785.58932:89286 786.59399:23786,null,1657937,1710247,1581544,1663693,1653355.22792187,53295.9517008012
236,8.563,784.58606,no MS2: DMPE 37:3|DMPE 5:0_32:3,[M+H]+,null,1.00,False,9.841,784.58508,C44H82NO8P,DMPE,KTPQRINJOWGTIA-UHFFFAOYSA-N,O=C(OCC(OC(=O)CCCCCCCCCCCCCCCCC=CCC=CCC=CCCCCCCC)COP(=O)(O)OCCN(C)C)CCCC,530,False,True,False,Normalized unit: Intensity; Annotation method: Msp20260116160945_NCDK_conventional_converted_dev_1,False,False,236,0,0.00,1.00,null,null,null,-1.00,-1.00,-0.143,21951.28,P Carly 25 Serum IV_GD1_01_66511,784.58484:4602780 785.58951:2159726 786.59417:583860,null,32374372,33424227,34510145,33393409,33425538.385875,872230.1707318
237,8.805,784.58649,no MS2: DMPE 37:3|DMPE 5:0_32:3,[M+H]+,null,1.00,False,9.841,784.58508,C44H82NO8P,DMPE,KTPQRINJOWGTIA-UHFFFAOYSA-N,O=C(OCC(OC(=O)CCCCCCCCCCCCCCCCC=CCC=CCC=CCCCCCCC)COP(=O)(O)OCCN(C)C)CCCC,530,False,True,False,Normalized unit: Intensity; Annotation method: Msp20260116160945_NCDK_conventional_converted_dev_1,False,False,237,0,0.00,1.00,null,null,null,-1.00,-1.00,-0.143,36223.08,P Carly 25 Serum IV_GD1_01_66511,784.58472:7586906 785.58938:3607938 786.59405:994082,null,59408859,61523689,62781758,60028709,60935753.6281562,1517403.10032932
238,8.805,784.74146,Unknown,[M+2H]2+,null,1.00,False,null,null,null,null,null,null,999,False,False,False,Normalized unit: Intensity,False,False,238,0,0.00,null,null,null,null,null,null,null,224.37,P Carly 25 Serum II_GD1_01_66509,784.74146:129198 785.74612:48418 786.75079:2952,null,743431,799706,779182,702123,756110.68903125,42849.5407258419
239,8.563,784.85693,Unknown,[M+H]+,null,1.00,False,null,null,null,null,null,null,999,False,False,False,Normalized unit: Intensity,False,False,239,0,0.00,null,null,null,null,null,null,null,554.25,P Carly 25 Serum II_GD1_01_66509,784.85693:91678 785.86160:20734 786.86627:0,null,411694,462717,442799,373558,422692.109515625,38907.7549855973
240,8.801,784.85907,Unknown,[M+H]+,null,1.00,False,null,null,null,null,null,null,999,False,False,False,Normalized unit: Intensity,False,False,240,0,0.00,null,null,null,null,null,null,null,1022.29,P Carly 25 Serum II_GD1_01_66509,784.85907:139638 785.86374:55416 786.86841:0,null,867559,913522,907732,835303,881028.975875,36702.3401836202
241,8.563,785.26184,Unknown,[M+H]+,null,1.00,False,null,null,null,null,null,null,999,False,False,False,Normalized unit: Intensity,False,False,241,0,0.00,null,null,null,null,null,null,null,1086.42,P Carly 25 Serum III_GD1_01_66510,785.26184:132052 786.26651:32162 787.27118:1916,null,640245,677154,704709,656552,669664.95246875,27818.7051240988
242,10.909,785.65240,no MS2: SM 40:2;O2|SM 12:1;O2/28:1,[M+H]+,null,1.00,False,10.853,785.65308,C45H89N2O6P,SM,ZHZLSBZCLWXQLV-UHFFFAOYSA-N,O=C(NC(COP(=O)([O-])OCC[N+](C)(C)C)C(O)C=CCCCCCCC)CCCCCCCCCCCCCCCCCC=CCCCCCCCC,530,False,True,False,Normalized unit: Intensity; Annotation method: Msp20260116160945_NCDK_conventional_converted_dev_1,False,False,242,0,0.00,1.00,null,null,null,-1.00,-1.00,-0.143,649.54,P Carly 25 Serum I_GD1_01_66508,785.65326:459660 786.65793:217862 787.66259:58016,null,3405443,3356733,3428729,3277366,3367067.64973438,66903.0418190594
243,11.186,785.65295,no MS2: SM 40:2;O2|SM 12:1;O2/28:1,[M+H]+,null,1.00,False,10.853,785.65308,C45H89N2O6P,SM,ZHZLSBZCLWXQLV-UHFFFAOYSA-N,O=C(NC(COP(=O)([O-])OCC[N+](C)(C)C)C(O)C=CCCCCCCC)CCCCCCCCCCCCCCCCCC=CCCCCCCCC,530,False,True,False,Normalized unit: Intensity; Annotation method: Msp20260116160945_NCDK_conventional_converted_dev_1,False,False,243,0,0.00,1.00,null,null,null,-1.00,-1.00,-0.143,2655.67,P Carly 25 Serum III_GD1_01_66510,785.65295:1148124 786.65762:593790 787.66229:153274,null,9279344,9241182,9435848,8934576,9222737.20315625,209759.678573188
244,8.805,786.26477,Unknown,[M+H]+,null,1.00,False,null,null,null,null,null,null,999,False,False,False,Normalized unit: Intensity,False,False,244,0,0.00,null,null,null,null,null,null,null,743.87,P Carly 25 Serum II_GD1_01_66509,786.26477:97050 787.26944:4518 788.27411:0,null,455746,485328,482865,424612,462137.648421875,28380.7869875139
245,9.658,786.60229,no MS2: DMPE 37:2|DMPE 5:0_32:2,[M+H]+,null,1.00,False,11.902,786.60071,C44H84NO8P,DMPE,XWRPWKLEUYPPTC-UHFFFAOYSA-N,O=C(OCC(OC(=O)CCCCCCCCCCCCCCCCCCCC=CCC=CCCCCCCC)COP(=O)(O)OCCN(C)C)CCCC,530,False,True,False,Normalized unit: Intensity; Annotation method: Msp20260116160945_NCDK_conventional_converted_dev_1,False,False,245,0,0.00,1.00,null,null,null,-1.00,-1.00,-0.144,1721.87,P Carly 25 Serum IV_GD1_01_66511,786.60132:1277086 787.60599:600372 788.61065:163072,null,9770865,10715264,10300156,10483838,10317530.8950469,402076.071873166
246,9.870,786.60278,no MS2: Cer 51:12;O4|Cer 12:1;O2/39:11;O2,[M+H]+,null,1.00,False,11.046,786.60309,C51H79NO5,Cer_EOS,MLGJHRAHIPLDHN-UHFFFAOYSA-N,O=C(OCCC=CCC=CCC=CCC=CCCCC(=O)NC(CO)C(O)C=CCCCCCCC)CCC=CCC=CCC=CCC=CCC=CCC=CCC,530,False,True,False,Normalized unit: Intensity; Annotation method: Msp20260116160945_NCDK_conventional_converted_dev_1,False,False,246,0,0.00,1.00,null,null,null,-1.00,-1.00,-0.143,23670.21,P Carly 25 Serum III_GD1_01_66510,786.60278:13911226 787.60745:9723538 788.61212:2437908,null,132342439,134962709,137754175,133355013,134603584.270359,2361277.90686858
247,9.870,786.75671,Unknown,[M+2H]2+,null,1.00,False,null,null,null,null,null,null,999,False,False,False,Normalized unit: Intensity,False,False,247,0,0.00,null,null,null,null,null,null,null,2152.62,P Carly 25 Serum II_GD1_01_66509,786.75671:271352 787.76138:133998 788.76605:10334,null,2111762,2141570,2158870,2061277,2118369.7264375,42746.3880655857
248,9.874,786.87756,Unknown,[M+H]+,null,1.00,False,null,null,null,null,null,null,999,False,False,False,Normalized unit: Intensity,False,False,248,0,0.00,null,null,null,null,null,null,null,1534.16,P Carly 25 Serum II_GD1_01_66509,786.87756:241870 787.88223:134672 788.88690:0,null,2076784,2109142,2115782,2034042,2083937.47989063,37372.2716641629
249,9.883,787.01587,Unknown,[M+H]+,null,1.00,False,null,null,null,null,null,null,999,False,False,False,Normalized unit: Intensity,False,False,249,0,0.00,null,null,null,null,null,null,null,1286.34,P Carly 25 Serum I_GD1_01_66508,787.01587:126752 788.02054:0 789.02520:0,null,726137,710639,705652,744861,721822.248375,17663.1630027493
250,12.624,787.66962,no MS2: SM 40:1;O2|SM 12:1;O2/28:0,[M+H]+,null,1.00,False,12.194,787.66882,C45H91N2O6P,SM,QHMKUNDEIJYLPC-UHFFFAOYSA-N,O=C(NC(COP(=O)([O-])OCC[N+](C)(C)C)C(O)C=CCCCCCCC)CCCCCCCCCCCCCCCCCCCCCCCCCCC,530,False,True,False,Normalized unit: Intensity; Annotation method: Msp20260116160945_NCDK_conventional_converted_dev_1,False,False,250,0,0.00,1.00,null,null,null,-1.00,-1.00,-0.143,3573.96,P Carly 25 Serum I_GD1_01_66508,787.66919:2067022 788.67386:1064292 789.67852:283092,null,17320898,18114857,18375522,17397618,17802223.6878438,523383.048260723
251,11.065,788.61621,no MS2: DMPE 37:1|DMPE 5:0_32:1,[M+H]+,null,1.00,False,12.658,788.61639,C44H86NO8P,DMPE,UUVHRGQBUHHGHP-UHFFFAOYSA-N,O=C(OCC(OC(=O)CCCCCCCCCCCCCCCCCCCCCC=CCCCCCCCC)COP(=O)(O)OCCN(C)C)CCCC,530,False,True,False,Normalized unit: Intensity; Annotation method: Msp20260116160945_NCDK_conventional_converted_dev_1,False,False,251,0,0.00,1.00,null,null,null,-1.00,-1.00,-0.143,7000.98,P Carly 25 Serum III_GD1_01_66510,788.61621:2940246 789.62088:1419134 790.62555:373394,null,25045512,26384834,26832474,25536319,25949784.7454375,807686.277991244
252,5.330,790.56018,no MS2: BMP 36:3|BMP 8:0_28:3,[M+NH4]+,null,1.00,False,8.906,790.55933,C42H77O10P,BMP,FXMYJDXZYTYQNP-UHFFFAOYSA-N,O=C(OC(CO)COP(=O)(O)OCC(OC(=O)CCCCCCCCCCCCC=CCC=CCC=CCCCCCCC)CO)CCCCCCC,530,False,True,False,Normalized unit: Intensity; Annotation method: Msp20260116160945_NCDK_conventional_converted_dev_1,False,False,252,0,0.00,1.00,null,null,null,-1.00,-1.00,-0.144,189.69,P Carly 25 Serum IV_GD1_01_66511,790.55975:69660 791.56442:32902 792.56909:8292,null,553076,579602,592801,568911,573597.339375,16812.0117842575
253,8.580,790.57574,no MS2: PC O-38:7|PC O-10:0_28:7,[M+H]+,null,1.00,False,9.837,790.57452,C46H80NO7P,EtherPC,UUNPNPNQDISOCV-UHFFFAOYSA-N,O=C(OC(COCCCCCCCCCC)COP(=O)([O-])OCC[N+](C)(C)C)CCCCCC=CCC=CCC=CCC=CCC=CCC=CCC=CCC,530,False,True,False,Normalized unit: Intensity; Annotation method: Msp20260116160945_NCDK_conventional_converted_dev_1,False,False,253,0,0.00,1.00,null,null,null,-1.00,-1.00,-0.143,539.79,P Carly 25 Serum IV_GD1_01_66511,790.57446:120114 791.57913:65100 792.58380:19522,null,820329,843331,848612,809670,830485.373703125,18529.5276354494
254,14.338,790.69098,no MS2: SE 24:1;O4/25:0;O,[M+NH4]+,null,1.00,False,13.588,790.69189,C49H88O6,DCAE,YCGUSOGJMORMAC-UHFFFAOYSA-N,O=C(O)CCC(C)C1CCC2C3CCC4CC(OC(=O)CCCCCCCC(O)CCCCCCCCCCCCCCCC)CCC4(C)C3CC(O)C12C,530,False,True,False,Normalized unit: Intensity; Annotation method: Msp20260116160945_NCDK_conventional_converted_dev_1,False,False,254,0,0.00,1.00,null,null,null,-1.00,-1.00,-0.143,247.66,P Carly 25 Serum IV_GD1_01_66511,790.69226:108858 791.69693:67110 792.70160:21286,null,821589,816587,814426,803407,814002.229656249,7674.15128408501
255,9.052,792.59064,no MS2: PC O-38:6|PC O-10:0_28:6,[M+H]+,null,1.00,False,10.050,792.59021,C46H82NO7P,EtherPC,LYVCXQZOQYYLAM-UHFFFAOYSA-N,O=C(OC(COCCCCCCCCCC)COP(=O)([O-])OCC[N+](C)(C)C)CCCCCCCCC=CCC=CCC=CCC=CCC=CCC=CCC,530,False,True,False,Normalized unit: Intensity; Annotation method: Msp20260116160945_NCDK_conventional_converted_dev_1,False,False,255,0,0.00,1.00,null,null,null,-1.00,-1.00,-0.143,736.86,P Carly 25 Serum I_GD1_01_66508,792.59015:240684 793.59482:121596 794.59948:33486,null,2078444,2118348,2198206,2042734,2109432.826875,66756.1074008403
256,8.796,792.59100,no MS2: PC O-38:6|PC O-10:0_28:6,[M+H]+,null,1.00,False,10.050,792.59021,C46H82NO7P,EtherPC,LYVCXQZOQYYLAM-UHFFFAOYSA-N,O=C(OC(COCCCCCCCCCC)COP(=O)([O-])OCC[N+](C)(C)C)CCCCCCCCC=CCC=CCC=CCC=CCC=CCC=CCC,530,False,True,False,Normalized unit: Intensity; Annotation method: Msp20260116160945_NCDK_conventional_converted_dev_1,False,False,256,0,0.00,1.00,null,null,null,-1.00,-1.00,-0.143,458.31,P Carly 25 Serum I_GD1_01_66508,792.59027:153040 793.59494:80746 794.59961:23998,null,1068055,1102102,1120717,1073899,1091193.5118125,24665.292130253
257,14.563,792.70825,no MS2: TG 46:2|TG 8:0_8:0_30:2,[M+NH4]+,null,1.00,False,13.763,792.70758,C49H90O6,TG,VNWIDJKCIMPSPM-UHFFFAOYSA-N,O=C(OCC(OC(=O)CCCCCCC)COC(=O)CCCCCCCCCCCCCCCCCC=CCC=CCCCCCCC)CCCCCCC,530,False,True,False,Normalized unit: Intensity; Annotation method: Msp20260116160945_NCDK_conventional_converted_dev_1,False,False,257,0,0.00,1.00,null,null,null,-1.00,-1.00,-0.144,1808.72,P Carly 25 Serum I_GD1_01_66508,792.70715:560334 793.71182:317346 794.71649:92778,null,3035654,3052598,3072086,3051194,3052882.98534375,14927.7318725609
258,10.442,794.60565,no MS2: PC O-38:5|PC O-10:0_28:5,[M+H]+,null,1.00,False,10.330,794.60577,C46H84NO7P,EtherPC,XDRAHGUDUSFGRJ-UHFFFAOYSA-N,O=C(OC(COCCCCCCCCCC)COP(=O)([O-])OCC[N+](C)(C)C)CCCCCCCCCCCC=CCC=CCC=CCC=CCC=CCC,530,False,True,False,Normalized unit: Intensity; Annotation method: Msp20260116160945_NCDK_conventional_converted_dev_1,False,False,258,0,0.00,1.00,null,null,null,-1.00,-1.00,-0.143,574.21,P Carly 25 Serum I_GD1_01_66508,794.60577:230630 795.61044:117684 796.61511:33414,null,1797923,1814256,1820865,1779727,1803192.7549375,18376.8562704799
259,9.247,794.60614,no MS2: PC O-38:5|PC O-10:0_28:5,[M+H]+,null,1.00,False,10.330,794.60577,C46H84NO7P,EtherPC,XDRAHGUDUSFGRJ-UHFFFAOYSA-N,O=C(OC(COCCCCCCCCCC)COP(=O)([O-])OCC[N+](C)(C)C)CCCCCCCCCCCC=CCC=CCC=CCC=CCC=CCC,530,False,True,False,Normalized unit: Intensity; Annotation method: Msp20260116160945_NCDK_conventional_converted_dev_1,False,False,259,0,0.00,1.00,null,null,null,-1.00,-1.00,-0.143,2462.41,P Carly 25 Serum I_GD1_01_66508,794.60596:984524 795.61062:513714 796.61529:137816,null,7381344,7723242,7927472,7659845,7672975.872375,225474.757070916
260,10.009,794.60638,no MS2: PC O-38:5|PC O-10:0_28:5,[M+H]+,null,1.00,False,10.330,794.60577,C46H84NO7P,EtherPC,XDRAHGUDUSFGRJ-UHFFFAOYSA-N,O=C(OC(COCCCCCCCCCC)COP(=O)([O-])OCC[N+](C)(C)C)CCCCCCCCCCCC=CCC=CCC=CCC=CCC=CCC,530,False,True,False,Normalized unit: Intensity; Annotation method: Msp20260116160945_NCDK_conventional_converted_dev_1,False,False,260,0,0.00,1.00,null,null,null,-1.00,-1.00,-0.143,182.33,P Carly 25 Serum IV_GD1_01_66511,794.60571:76958 795.61038:39226 796.61505:23572,null,597138,624912,630194,600526,613192.297734374,16778.8444078488
261,14.797,794.72510,no MS2: TG 46:1|TG 8:0_8:0_30:1,[M+NH4]+,null,1.00,False,14.163,794.72321,C49H92O6,TG,NMHMTWQHQHBCQY-UHFFFAOYSA-N,O=C(OCC(OC(=O)CCCCCCC)COC(=O)CCCCCCCCCCCCCCCCCCCC=CCCCCCCCC)CCCCCCC,530,False,True,False,Normalized unit: Intensity; Annotation method: Msp20260116160945_NCDK_conventional_converted_dev_1,False,False,261,0,0.00,0.99,null,null,null,-1.00,-1.00,-0.146,5547.01,P Carly 25 Serum I_GD1_01_66508,794.72229:945614 795.72696:518956 796.73163:155862,null,4980987,4906305,5126551,4979640,4998370.97675,92302.5485411957
262,8.701,796.58539,no MS2: DMPE 38:4|DMPE 6:0_32:4,[M+H]+,null,1.00,False,9.585,796.58508,C45H82NO8P,DMPE,VRIKPFFYPTVQSF-UHFFFAOYSA-N,O=C(OCC(OC(=O)CCCCCCCCCCCCCCCCCCC=CCC=CCC=CCC=CCC)COP(=O)(O)OCCN(C)C)CCCCC,530,False,True,False,Normalized unit: Intensity; Annotation method: Msp20260116160945_NCDK_conventional_converted_dev_1,False,False,262,0,0.00,1.00,null,null,null,-1.00,-1.00,-0.143,114.39,P Carly 25 Serum I_GD1_01_66508,796.58514:113004 797.58981:56520 798.59448:15812,null,874794,911123,909237,907070,900555.96803125,17254.06673769
263,8.935,796.58545,no MS2: DMPE 38:4|DMPE 6:0_32:4,[M+H]+,null,1.00,False,9.585,796.58508,C45H82NO8P,DMPE,VRIKPFFYPTVQSF-UHFFFAOYSA-N,O=C(OCC(OC(=O)CCCCCCCCCCCCCCCCCCC=CCC=CCC=CCC=CCC)COP(=O)(O)OCCN(C)C)CCCCC,530,False,True,False,Normalized unit: Intensity; Annotation method: Msp20260116160945_NCDK_conventional_converted_dev_1,False,False,263,0,0.00,1.00,null,null,null,-1.00,-1.00,-0.143,233.64,P Carly 25 Serum II_GD1_01_66509,796.58545:250644 797.59012:127774 798.59478:33620,null,1709801,1732333,1760042,1711015,1728298.06042187,23556.9715487137
264,10.701,796.62158,no MS2: PC O-38:4|PC O-10:0_28:4,[M+H]+,null,1.00,False,10.425,796.62152,C46H86NO7P,EtherPC,JZNRQLVUHAJDFY-UHFFFAOYSA-N,O=C(OC(COCCCCCCCCCC)COP(=O)([O-])OCC[N+](C)(C)C)CCCCCCCCCCCCCCC=CCC=CCC=CCC=CCC,530,False,True,False,Normalized unit: Intensity; Annotation method: Msp20260116160945_NCDK_conventional_converted_dev_1,False,False,264,0,0.00,1.00,null,null,null,-1.00,-1.00,-0.143,2056.40,P Carly 25 Serum IV_GD1_01_66511,796.62152:450620 797.62619:237900 798.63086:61188,null,3758963,3834470,3901575,3663588,3789649.29620313,102256.690553046
265,10.242,796.62170,no MS2: PC O-38:4|PC O-10:0_28:4,[M+Na]+,null,1.00,False,10.425,796.62152,C46H86NO7P,EtherPC,JZNRQLVUHAJDFY-UHFFFAOYSA-N,O=C(OC(COCCCCCCCCCC)COP(=O)([O-])OCC[N+](C)(C)C)CCCCCCCCCCCCCCC=CCC=CCC=CCC=CCC,530,False,True,False,Normalized unit: Intensity; Annotation method: Msp20260116160945_NCDK_conventional_converted_dev_1,False,False,265,0,0.00,1.00,null,null,null,-1.00,-1.00,-0.143,74.48,P Carly 25 Serum I_GD1_01_66508,796.62152:116874 797.62619:60268 798.63086:15788,null,954353,956842,987910,958856,964490.251109374,15721.5986448915
266,15.057,796.74036,no MS2: TG 46:0|TG 8:0_8:0_30:0,[M+NH4]+,null,1.00,False,14.486,796.73889,C49H94O6,TG,RBULVXCVDAPDHO-UHFFFAOYSA-N,O=C(OCC(OC(=O)CCCCCCC)COC(=O)CCCCCCCCCCCCCCCCCCCCCCCCCCCCC)CCCCCCC,530,False,True,False,Normalized unit: Intensity; Annotation method: Msp20260116160945_NCDK_conventional_converted_dev_1,False,False,266,0,0.00,1.00,null,null,null,-1.00,-1.00,-0.143,3885.35,P Carly 25 Serum I_GD1_01_66508,796.73871:633084 797.74338:340224 798.74804:97906,null,3025369,3068455,3194360,3157423,3111401.67601562,77987.7692092304
267,14.559,797.66412,no MS2: TG 46:2|TG 8:0_8:0_30:2,[M+Na]+,null,1.00,False,13.763,797.66302,C49H90O6,TG,VNWIDJKCIMPSPM-UHFFFAOYSA-N,O=C(OCC(OC(=O)CCCCCCC)COC(=O)CCCCCCCCCCCCCCCCCC=CCC=CCCCCCCC)CCCCCCC,530,False,True,False,Normalized unit: Intensity; Annotation method: Msp20260116160945_NCDK_conventional_converted_dev_1,False,False,267,0,0.00,1.00,null,null,null,-1.00,-1.00,-0.143,111.69,P Carly 25 Serum I_GD1_01_66508,797.66296:82648 798.66763:43620 799.67230:12092,null,459133,457337,463731,466250,461612.705375,4099.23926095413
268,5.664,798.56219,no MS2: TG 48:13|TG 15:4_15:4_18:5,[M+NH4]+,null,1.00,False,12.087,798.56671,C51H72O6,TG,RLWVOESMQPXHOK-UHFFFAOYSA-N,O=C(OCC(OC(=O)CC=CCC=CCC=CCC=CCC)COC(=O)CC=CCC=CCC=CCC=CCC)CC=CCC=CCC=CCC=CCC=CCC,530,False,True,False,Normalized unit: Intensity; Annotation method: Msp20260116160945_NCDK_conventional_converted_dev_1,False,False,268,0,0.00,0.99,null,null,null,-1.00,-1.00,-0.147,339.27,P Carly 25 Serum III_GD1_01_66510,798.56573:190102 799.57040:93130 800.57507:84778,null,1574168,1593772,1562877,1574432,1576312.42532812,12825.5679348479
269,5.443,798.56506,no MS2: TG 48:13|TG 15:4_15:4_18:5,[M+NH4]+,null,1.00,False,12.087,798.56671,C51H72O6,TG,RLWVOESMQPXHOK-UHFFFAOYSA-N,O=C(OCC(OC(=O)CC=CCC=CCC=CCC=CCC)COC(=O)CC=CCC=CCC=CCC=CCC)CC=CCC=CCC=CCC=CCC=CCC,530,False,True,False,Normalized unit: Intensity; Annotation method: Msp20260116160945_NCDK_conventional_converted_dev_1,False,False,269,0,0.00,0.98,null,null,null,-1.00,-1.00,-0.153,166.97,P Carly 25 Serum III_GD1_01_66510,798.56506:152296 799.56973:70612 800.57440:52698,null,885376,846440,900829,816183,862207.054765625,38276.6793833449
270,5.938,798.56543,no MS2: TG 48:13|TG 15:4_15:4_18:5,[M+NH4]+,null,1.00,False,12.087,798.56671,C51H72O6,TG,RLWVOESMQPXHOK-UHFFFAOYSA-N,O=C(OCC(OC(=O)CC=CCC=CCC=CCC=CCC)COC(=O)CC=CCC=CCC=CCC=CCC)CC=CCC=CCC=CCC=CCC=CCC,530,False,True,False,Normalized unit: Intensity; Annotation method: Msp20260116160945_NCDK_conventional_converted_dev_1,False,False,270,0,0.00,0.99,null,null,null,-1.00,-1.00,-0.146,310.87,P Carly 25 Serum II_GD1_01_66509,798.56580:230362 799.57046:114512 800.57513:59058,null,1794098,1778639,1815284,1722688,1777677.4635625,39617.582279536
271,4.844,798.58813,no MS2: RIKEN P-VS1 ID-11218 from Mouse_Heart_WT_N_F1,[M+H]+,null,1.00,False,10.700,798.58521,null,Unknown,null,null,530,False,True,False,Normalized unit: Intensity; Annotation method: Msp20260116160945_NCDK_conventional_converted_dev_1,False,False,271,0,0.00,1.00,null,null,null,-1.00,-1.00,-0.129,546.30,P Carly 25 Serum I_GD1_01_66508,798.58490:536806 799.58957:286130 800.59424:82990,null,1693897,1664460,1692842,1534116,1646328.44425,76040.8451007374
272,9.550,798.60150,no MS2: DMPE 38:3|DMPE 6:0_32:3,[M+H]+,null,1.00,False,10.877,798.60071,C45H84NO8P,DMPE,AKGDHADIUCDJGB-UHFFFAOYSA-N,O=C(OCC(OC(=O)CCCCCCCCCCCCCCCCC=CCC=CCC=CCCCCCCC)COP(=O)(O)OCCN(C)C)CCCCC,530,False,True,False,Normalized unit: Intensity; Annotation method: Msp20260116160945_NCDK_conventional_converted_dev_1,False,False,272,0,0.00,1.00,null,null,null,-1.00,-1.00,-0.145,21.11,P Carly 25 Serum IV_GD1_01_66511,798.60004:93914 799.60470:47796 800.60937:12574,null,738197,759133,763893,732455,748419.298515625,15422.8076412899
273,12.052,799.66840,no MS2: SM 41:2;O2|SM 12:1;O2/29:1,[M+H]+,null,1.00,False,11.389,799.66882,C46H91N2O6P,SM,MUJUIOOFUNCSJZ-UHFFFAOYSA-N,O=C(NC(COP(=O)([O-])OCC[N+](C)(C)C)C(O)C=CCCCCCCC)CCCCCCCCCCCCCCC=CCCCCCCCCCCCC,530,False,True,False,Normalized unit: Intensity; Annotation method: Msp20260116160945_NCDK_conventional_converted_dev_1,False,False,273,0,0.00,1.00,null,null,null,-1.00,-1.00,-0.143,545.53,P Carly 25 Serum IV_GD1_01_66511,799.66882:424762 800.67349:215692 801.67816:54588,null,3650995,3780575,3779041,3621444,3708013.5865,83776.5877482236
274,11.740,799.66858,no MS2: SM 41:2;O2|SM 12:1;O2/29:1,[M+H]+,null,1.00,False,11.389,799.66882,C46H91N2O6P,SM,MUJUIOOFUNCSJZ-UHFFFAOYSA-N,O=C(NC(COP(=O)([O-])OCC[N+](C)(C)C)C(O)C=CCCCCCCC)CCCCCCCCCCCCCCC=CCCCCCCCCCCCC,530,False,True,False,Normalized unit: Intensity; Annotation method: Msp20260116160945_NCDK_conventional_converted_dev_1,False,False,274,0,0.00,1.00,null,null,null,-1.00,-1.00,-0.143,300.17,P Carly 25 Serum I_GD1_01_66508,799.66864:243662 800.67331:123762 801.67798:32288,null,1860617,1893864,1917217,1794187,1866471.37132812,53493.5627940154
275,14.788,799.67786,no MS2: TG 46:1|TG 8:0_8:0_30:1,[M+Na]+,null,1.00,False,14.163,799.67859,C49H92O6,TG,NMHMTWQHQHBCQY-UHFFFAOYSA-N,O=C(OCC(OC(=O)CCCCCCC)COC(=O)CCCCCCCCCCCCCCCCCCCC=CCCCCCCCC)CCCCCCC,530,False,True,False,Normalized unit: Intensity; Annotation method: Msp20260116160945_NCDK_conventional_converted_dev_1,False,False,275,0,0.00,1.00,null,null,null,-1.00,-1.00,-0.143,72.81,P Carly 25 Serum I_GD1_01_66508,799.67853:85902 800.68320:45658 801.68786:13166,null,375342,377833,373090,376252,375629.258,1981.39869192184
276,13.161,801.68475,no MS2: SM 41:1;O2|SM 12:1;O2/29:0,[M+H]+,null,1.00,False,12.823,801.68439,C46H93N2O6P,SM,BLDDOFPGXMISDI-UHFFFAOYSA-N,O=C(NC(COP(=O)([O-])OCC[N+](C)(C)C)C(O)C=CCCCCCCC)CCCCCCCCCCCCCCCCCCCCCCCCCCCC,530,False,True,False,Normalized unit: Intensity; Annotation method: Msp20260116160945_NCDK_conventional_converted_dev_1,False,False,276,0,0.00,1.00,null,null,null,-1.00,-1.00,-0.143,1390.21,P Carly 25 Serum III_GD1_01_66510,801.68475:1645076 802.68942:828240 803.69409:209838,null,9114952,8908788,8973100,8925995,8980708.74553125,93532.8386902433
277,6.320,802.59625,no MS2: RIKEN P-VS1 ID-11369 from Mouse_AdrenalGlands_fads2KO_N_Ctr,[M+H]+,null,1.00,False,8.110,802.59460,null,Unknown,null,null,530,False,True,False,Normalized unit: Intensity; Annotation method: Msp20260116160945_NCDK_conventional_converted_dev_1,False,False,277,0,0.00,1.00,null,null,null,-1.00,-1.00,-0.129,252.42,P Carly 25 Serum I_GD1_01_66508,802.59448:132948 803.59915:65722 804.60382:15688,null,722896,765031,751239,759076,749560.298109375,18651.6279707277
278,6.164,802.59668,no MS2: RIKEN P-VS1 ID-11369 from Mouse_AdrenalGlands_fads2KO_N_Ctr,[M+H]+,null,1.00,False,8.110,802.59460,null,Unknown,null,null,530,False,True,False,Normalized unit: Intensity; Annotation method: Msp20260116160945_NCDK_conventional_converted_dev_1,False,False,278,0,0.00,1.00,null,null,null,-1.00,-1.00,-0.130,272.00,P Carly 25 Serum I_GD1_01_66508,802.59406:148270 803.59872:68902 804.60339:18042,null,750690,747427,788686,715677,750619.88996875,29889.9170187692
279,8.407,802.60895,no MS2: RIKEN P-VS1 ID-11372 from Mouse_Feces_WT_N_Ctr,[M+H]+,null,1.00,False,3.780,802.61481,null,Unknown,null,null,530,False,True,False,Normalized unit: Intensity; Annotation method: Msp20260116160945_NCDK_conventional_converted_dev_1,False,False,279,0,0.00,0.79,null,null,null,-1.00,-1.00,-0.224,38.79,P Carly 25 Serum II_GD1_01_66509,802.60925:97214 803.61392:48726 804.61859:12068,null,1000003,1016913,1048817,998574,1016076.71057812,23361.9417178497
280,4.844,803.54333,no MS2: RIKEN P-VS1 ID-11405 from Cell_C2C12_WT_N_4h10DHA,[M+H]+,null,1.00,False,7.370,803.53680,null,Unknown,null,null,530,False,True,False,Normalized unit: Intensity; Annotation method: Msp20260116160945_NCDK_conventional_converted_dev_1,False,False,280,0,0.00,0.90,null,null,null,-1.00,-1.00,-0.174,372.60,P Carly 25 Serum I_GD1_01_66508,803.54053:1401914 804.54520:741032 805.54986:207212,null,5434816,5491578,5477679,5231209,5408820.50582812,120847.098404833
281,8.225,804.55139,no MS2: PC 36:4,[M+Na]+,null,1.00,False,9.134,804.55139,C44H80NO8P,PC,ROAWVQALUMGMDA-UHFFFAOYSA-N,O=C(OCC(OC(=O)CCCCCCCCCCCCCCCCC=CCC=CCC=CCC=CCC)COP(=O)([O-])OCC[N+](C)(C)C)CCCCC,530,False,True,False,Normalized unit: Intensity; Annotation method: Msp20260116160945_NCDK_conventional_converted_dev_1,False,False,281,0,0.00,1.00,null,null,null,-1.00,-1.00,-0.143,222.89,P Carly 25 Serum IV_GD1_01_66511,804.55139:810120 805.55606:397820 806.56073:112668,null,5266078,5455682,5607982,5558252,5471998.46501563,151217.882926972
282,7.593,804.55334,no MS2: PC 36:4,[M+Na]+,null,1.00,False,9.134,804.55139,C44H80NO8P,PC,ROAWVQALUMGMDA-UHFFFAOYSA-N,O=C(OCC(OC(=O)CCCCCCCCCCCCCCCCC=CCC=CCC=CCC=CCC)COP(=O)([O-])OCC[N+](C)(C)C)CCCCC,530,False,True,False,Normalized unit: Intensity; Annotation method: Msp20260116160945_NCDK_conventional_converted_dev_1,False,False,282,0,0.00,1.00,null,null,null,-1.00,-1.00,-0.143,115.35,P Carly 25 Serum I_GD1_01_66508,804.55127:73150 805.55594:34572 806.56061:101292,null,477333,502583,512323,477566,492451.43740625,17773.2162562572
283,9.459,804.62335,no MS2: RIKEN P-VS1 ID-11454 from Mouse_Brain_WT_N_F1EPA,[M+H]+,null,1.00,False,11.100,804.62830,null,Unknown,null,null,530,False,True,False,Normalized unit: Intensity; Annotation method: Msp20260116160945_NCDK_conventional_converted_dev_1,False,False,283,0,0.00,0.88,null,null,null,-1.00,-1.00,-0.185,24.86,P Carly 25 Serum III_GD1_01_66510,804.62415:93704 805.62881:41556 806.63348:11344,null,626466,646577,641262,616391,632674.049171875,13792.7376716271
284,14.295,805.70361,no MS2: SL 46:0;O2|SL 12:0;O/34:0;O,[M+NH4]+,null,1.00,False,13.517,805.70618,C46H93NO6S,SL,XTOAMYHXBNDUSO-UHFFFAOYSA-N,O=C(N(CC(O)CCCCCCCCC)CS(=O)(=O)O)C(O)CCCCCCCCCCCCCCCCCCCCCCCCCCCCCCCC,530,False,True,False,Normalized unit: Intensity; Annotation method: Msp20260116160945_NCDK_conventional_converted_dev_1,False,False,284,0,0.00,0.96,null,null,null,-1.00,-1.00,-0.163,48.26,P Carly 25 Serum IV_GD1_01_66511,805.70386:68512 806.70853:39100 807.71319:11566,null,476932,473920,467897,456281,468757.72121875,9126.36324320531
285,8.805,806.56775,no MS2: NAGlySer 43:11;O2|NAGlySer 15:4;O(FA 28:6),[M+NH4]+,null,1.00,False,8.463,806.56781,C48H72N2O7,NAGlySer,QESQZFHZPIQFIJ-UHFFFAOYSA-N,O=C(OC(C=CCC=CCC=CCC)C=CCC(=O)NCC(=O)NC(C(=O)O)CO)CCCCCCCCC=CCC=CCC=CCC=CCC=CCC=CCC,530,False,True,False,Normalized unit: Intensity; Annotation method: Msp20260116160945_NCDK_conventional_converted_dev_1,False,False,285,0,0.00,1.00,null,null,null,-1.00,-1.00,-0.143,1208.42,P Carly 25 Serum II_GD1_01_66509,806.56775:365038 807.57242:174588 808.57708:974878,null,2634913,2675403,2713258,2632934,2664126.84565625,38155.5883411501
286,8.558,806.56805,no MS2: PC 36:3,[M+Na]+,null,1.00,False,9.689,806.56702,C44H82NO8P,PC,WSXZDAPARWPHLV-UHFFFAOYSA-N,O=C(OCC(OC(=O)CCCCCCCCCCCCCCC=CCC=CCC=CCCCCCCC)COP(=O)([O-])OCC[N+](C)(C)C)CCCCC,530,False,True,False,Normalized unit: Intensity; Annotation method: Msp20260116160945_NCDK_conventional_converted_dev_1,False,False,286,0,0.00,1.00,null,null,null,-1.00,-1.00,-0.143,554.26,P Carly 25 Serum IV_GD1_01_66511,806.56702:201648 807.57168:97684 808.57635:348648,null,1464142,1534011,1556186,1492054,1511598.21915625,41329.7430150403
287,7.956,806.57080,no MS2: DMPE 39:6|DMPE 5:0_34:6,[M+H]+,null,1.00,False,9.378,806.56940,C46H80NO8P,DMPE,SEJOVQNZGAADLK-UHFFFAOYSA-N,O=C(OCC(OC(=O)CCCCCCCCCCCCCCC=CCC=CCC=CCC=CCC=CCC=CCC)COP(=O)(O)OCCN(C)C)CCCC,530,False,True,False,Normalized unit: Intensity; Annotation method: Msp20260116160945_NCDK_conventional_converted_dev_1,False,False,287,0,0.00,1.00,null,null,null,-1.00,-1.00,-0.145,23858.29,P Carly 25 Serum I_GD1_01_66508,806.57013:5910982 807.57480:2919604 808.57946:927152,null,38851234,40335437,40269865,39176097,39658158.1384844,756395.510614531
288,7.428,806.57086,no MS2: DMPE 39:6|DMPE 5:0_34:6,[M+H]+,null,1.00,False,9.378,806.56940,C46H80NO8P,DMPE,SEJOVQNZGAADLK-UHFFFAOYSA-N,O=C(OCC(OC(=O)CCCCCCCCCCCCCCC=CCC=CCC=CCC=CCC=CCC=CCC)COP(=O)(O)OCCN(C)C)CCCC,530,False,True,False,Normalized unit: Intensity; Annotation method: Msp20260116160945_NCDK_conventional_converted_dev_1,False,False,288,0,0.00,1.00,null,null,null,-1.00,-1.00,-0.144,1866.51,P Carly 25 Serum IV_GD1_01_66511,806.56891:649462 807.57358:323746 808.57824:88546,null,5396223,5422195,5577496,5405068,5450245.62326563,85515.9927127387
289,7.956,806.72858,no MS2: TG 47:2|TG 8:0_8:1_31:1,[M+NH4]+,null,1.00,False,14.191,806.72321,C50H92O6,TG,YBQAFKGWHATJDV-UHFFFAOYSA-N,O=C(OCC(OC(=O)CCC=CCCC)COC(=O)CCCCCCCCCCCCCCCCCCC=CCCCCCCCCCC)CCCCCCC,530,False,True,False,Normalized unit: Intensity; Annotation method: Msp20260116160945_NCDK_conventional_converted_dev_1,False,False,289,0,0.00,0.84,null,null,null,-1.00,-1.00,-0.223,121.85,P Carly 25 Serum I_GD1_01_66508,806.72797:86856 807.73263:30630 808.73730:3024,null,423148,466621,485868,445324,455240.12709375,27054.3493284774
290,7.956,806.84637,Unknown,[M+H]+,null,1.00,False,null,null,null,null,null,null,999,False,False,False,Normalized unit: Intensity,False,False,290,0,0.00,null,null,null,null,null,null,null,457.50,P Carly 25 Serum II_GD1_01_66509,806.84637:120010 807.85104:42366 808.85571:3688,null,538767,592890,589116,514433,558801.389234375,38518.4607096405
291,14.520,807.71960,Unknown,[M+H]+,null,1.00,False,null,null,null,null,null,null,999,False,False,False,Normalized unit: Intensity,False,False,291,0,0.00,null,null,null,null,null,null,null,391.35,P Carly 25 Serum III_GD1_01_66510,807.71960:113880 808.72427:62484 809.72894:16968,null,525392,547473,538367,544797,539007.321656251,9848.63815392919
292,9.879,808.58307,no MS2: NAGlySer 43:10;O2|NAGlySer 15:3;O(FA 28:6),[M+NH4]+,null,1.00,False,8.251,808.58337,C48H74N2O7,NAGlySer,GBANVCZVXXRIAQ-UHFFFAOYSA-N,O=C(OC(C=CCC=CCC=CCC)CCCC(=O)NCC(=O)NC(C(=O)O)CO)CCCCCCCCC=CCC=CCC=CCC=CCC=CCC=CCC,530,False,True,False,Normalized unit: Intensity; Annotation method: Msp20260116160945_NCDK_conventional_converted_dev_1,False,False,292,0,0.00,1.00,null,null,null,-1.00,-1.00,-0.143,699.79,P Carly 25 Serum II_GD1_01_66509,808.58337:779740 809.58804:381254 810.59271:222674,null,6340054,6610063,6715312,6524094,6547380.75884375,158804.749405445
293,8.792,808.58575,no MS2: DMPE 39:5|DMPE 5:0_34:5,[M+H]+,null,1.00,False,10.202,808.58508,C46H82NO8P,DMPE,BPZOUFRZDZCMRY-UHFFFAOYSA-N,O=C(OCC(OC(=O)CCCCCCCCCCCCCCCCCC=CCC=CCC=CCC=CCC=CCC)COP(=O)(O)OCCN(C)C)CCCC,530,False,True,False,Normalized unit: Intensity; Annotation method: Msp20260116160945_NCDK_conventional_converted_dev_1,False,False,293,0,0.00,1.00,null,null,null,-1.00,-1.00,-0.143,630.83,P Carly 25 Serum I_GD1_01_66508,808.58490:925216 809.58957:446050 810.59424:218690,null,8880929,9241583,9211846,8898860,9058304.46153125,194979.201192421
294,8.363,808.58710,no MS2: DMPE 39:5|DMPE 5:0_34:5,[M+H]+,null,1.00,False,10.202,808.58508,C46H82NO8P,DMPE,BPZOUFRZDZCMRY-UHFFFAOYSA-N,O=C(OCC(OC(=O)CCCCCCCCCCCCCCCCCC=CCC=CCC=CCC=CCC=CCC)COP(=O)(O)OCCN(C)C)CCCC,530,False,True,False,Normalized unit: Intensity; Annotation method: Msp20260116160945_NCDK_conventional_converted_dev_1,False,False,294,0,0.00,1.00,null,null,null,-1.00,-1.00,-0.144,2974.54,P Carly 25 Serum IV_GD1_01_66511,808.58569:1907862 809.59036:927822 810.59503:261204,null,16872629,17291982,17949458,17475444,17397378.3314531,446227.524247885
295,14.931,808.74042,no MS2: TG 47:1|TG 8:0_8:0_31:1,[M+NH4]+,null,1.00,False,14.345,808.73889,C50H94O6,TG,BXESBGJPQKVTOD-UHFFFAOYSA-N,O=C(OCC(OC(=O)CCCCCCC)COC(=O)CCCCCCCCCCCCCCCCCCC=CCCCCCCCCCC)CCCCCCC,530,False,True,False,Normalized unit: Intensity; Annotation method: Msp20260116160945_NCDK_conventional_converted_dev_1,False,False,295,0,0.00,1.00,null,null,null,-1.00,-1.00,-0.143,174.69,P Carly 25 Serum I_GD1_01_66508,808.73907:91422 809.74374:52760 810.74841:15814,null,677910,689859,682372,695640,686445.194609376,7866.59250320958
296,12.624,809.65198,no MS2: SM 40:1;O2,[M+Na]+,null,1.00,False,12.194,809.65070,C45H91N2O6P,SM,QHMKUNDEIJYLPC-UHFFFAOYSA-N,O=C(NC(COP(=O)([O-])OCC[N+](C)(C)C)C(O)C=CCCCCCCC)CCCCCCCCCCCCCCCCCCCCCCCCCCC,530,False,True,False,Normalized unit: Intensity; Annotation method: Msp20260116160945_NCDK_conventional_converted_dev_1,False,False,296,0,0.00,1.00,null,null,null,-1.00,-1.00,-0.143,173.59,P Carly 25 Serum II_GD1_01_66509,809.65033:123228 810.65500:63254 811.65967:16220,null,950604,951225,969419,952734,955995.432593751,8993.64174559326
297,9.887,809.65448,no MS2: SM 42:4;O2|SM 12:1;O2/30:3,[M+H]+,null,1.00,False,10.201,809.65308,C47H89N2O6P,SM,BPIDPBMVWUMKNC-UHFFFAOYSA-N,O=C(NC(COP(=O)([O-])OCC[N+](C)(C)C)C(O)C=CCCCCCCC)CCCCCCCCCCCCCCC=CCC=CCC=CCCCCCCC,530,False,True,False,Normalized unit: Intensity; Annotation method: Msp20260116160945_NCDK_conventional_converted_dev_1,False,False,297,0,0.00,0.99,null,null,null,-1.00,-1.00,-0.146,197.58,P Carly 25 Serum IV_GD1_01_66511,809.65405:116838 810.65872:55440 811.66339:17996,null,991897,1037848,1036531,998937,1016303.12315625,24293.7770700264
298,11.065,810.59875,no MS2: NAGlySer 43:9;O2|NAGlySer 15:2;O(FA 28:6),[M+Na]+,null,1.00,False,8.181,810.59912,C48H76N2O7,NAGlySer,LNUXQXMKLJJQDM-UHFFFAOYSA-N,O=C(OC(C=CCC=CCCC)CCCCCC(=O)NCC(=O)NC(C(=O)O)CO)CCCCCCCCC=CCC=CCC=CCC=CCC=CCC=CCC,530,False,True,False,Normalized unit: Intensity; Annotation method: Msp20260116160945_NCDK_conventional_converted_dev_1,False,False,298,0,0.00,1.00,null,null,null,-1.00,-1.00,-0.143,83.16,P Carly 25 Serum I_GD1_01_66508,810.59900:104578 811.60367:49706 812.60833:16222,null,1068375,1094650,1140858,1074589,1094617.91714063,32802.4969898133
299,8.970,810.60089,no MS2: DMPE 39:4|DMPE 5:0_34:4,[M+H]+,null,1.00,False,10.938,810.60071,C46H84NO8P,DMPE,YZBROJFPJKNUJO-UHFFFAOYSA-N,O=C(OCC(OC(=O)CCCCCCCCCCCCCCCCCCCCC=CCC=CCC=CCC=CCC)COP(=O)(O)OCCN(C)C)CCCC,530,False,True,False,Normalized unit: Intensity; Annotation method: Msp20260116160945_NCDK_conventional_converted_dev_1,False,False,299,0,0.00,1.00,null,null,null,-1.00,-1.00,-0.143,125.02,P Carly 25 Serum I_GD1_01_66508,810.60059:552770 811.60525:283754 812.60992:74816,null,4977842,5095360,5195819,4939701,5052180.70345312,116439.277497207
300,9.281,810.60168,no MS2: DMPE 39:4|DMPE 5:0_34:4,[M+H]+,null,1.00,False,10.938,810.60071,C46H84NO8P,DMPE,YZBROJFPJKNUJO-UHFFFAOYSA-N,O=C(OCC(OC(=O)CCCCCCCCCCCCCCCCCCCCC=CCC=CCC=CCC=CCC)COP(=O)(O)OCCN(C)C)CCCC,530,False,True,False,Normalized unit: Intensity; Annotation method: Msp20260116160945_NCDK_conventional_converted_dev_1,False,False,300,0,0.00,1.00,null,null,null,-1.00,-1.00,-0.143,212.05,P Carly 25 Serum II_GD1_01_66509,810.60077:667056 811.60544:331376 812.61010:87842,null,6402306,6618931,6796399,6504327,6580490.67759375,168962.358290605
301,9.693,810.60248,no MS2: Cer 53:14;O4|Cer 12:2;O2/41:12;O2,[M+H]+,null,1.00,False,11.258,810.60309,C53H79NO5,Cer_EOS,YORWMDJEVOZALX-UHFFFAOYSA-N,O=C(OCCC=CCC=CCC=CCC=CCC=CCCC(=O)NC(CO)C(O)C=CCCC=CCCC)CCC=CCC=CCC=CCC=CCC=CCC=CCC,530,False,True,False,Normalized unit: Intensity; Annotation method: Msp20260116160945_NCDK_conventional_converted_dev_1,False,False,301,0,0.00,1.00,null,null,null,-1.00,-1.00,-0.144,3429.85,P Carly 25 Serum I_GD1_01_66508,810.60260:9846096 811.60727:4807428 812.61194:1263206,null,72362641,73581324,74884732,73924639,73688334.121125,1041812.86511479
302,15.195,810.75531,no MS2: TG 47:0|TG 8:0_8:0_31:0,[M+NH4]+,null,1.00,False,14.599,810.75452,C50H96O6,TG,PYDYTVPPCAOBMK-UHFFFAOYSA-N,O=C(OCC(OC(=O)CCCCCCC)COC(=O)CCCCCCCCCCCCCCCCCCCCCCCCCCCCCC)CCCCCCC,530,False,True,False,Normalized unit: Intensity; Annotation method: Msp20260116160945_NCDK_conventional_converted_dev_1,False,False,302,0,0.00,1.00,null,null,null,-1.00,-1.00,-0.143,81.30,P Carly 25 Serum I_GD1_01_66508,810.75464:76798 811.75931:42830 812.76397:11748,null,492222,479115,517282,524632,503312.750875,21277.4361388036
303,9.688,810.88092,Unknown,[M+H]+,null,1.00,False,null,null,null,null,null,null,999,False,False,False,Normalized unit: Intensity,False,False,303,0,0.00,null,null,null,null,null,null,null,612.26,P Carly 25 Serum III_GD1_01_66510,810.88092:166832 811.88559:90222 812.89026:0,null,1099804,1104068,1121323,1118938,1111033.42832813,10692.3640274706
304,9.698,811.00653,Unknown,[M+H]+,null,0.50,False,null,null,null,null,null,null,999,False,False,False,Normalized unit: Intensity,False,False,304,0,0.00,null,null,null,null,null,null,null,531.92,P Carly 25 Serum III_GD1_01_66510,811.00653:107970 812.01120:10820 813.01587:2138,null,282135,316825,322138,215125,284055.746984375,49258.525612851
305,9.693,811.28967,Unknown,[M+H]+,null,1.00,False,null,null,null,null,null,null,999,False,False,False,Normalized unit: Intensity,False,False,305,0,0.00,null,null,null,null,null,null,null,2018.04,P Carly 25 Serum III_GD1_01_66510,811.28967:300444 812.29434:147084 813.29901:7170,null,1883403,1932741,1972112,1862826,1912770.30051563,49251.4881561935
306,11.186,811.66858,no MS2: RIKEN P-VS1 ID-11826 from Mouse_Kidney_WT_N_F1,[M+H]+,null,1.00,False,12.770,811.66669,null,Unknown,null,null,530,False,True,False,Normalized unit: Intensity; Annotation method: Msp20260116160945_NCDK_conventional_converted_dev_1,False,False,306,0,0.00,0.98,null,null,null,-1.00,-1.00,-0.136,1969.05,P Carly 25 Serum II_GD1_01_66509,811.66821:1809784 812.67288:887880 813.67755:249096,null,15938863,16445902,16492723,15887076,16191140.9143438,322466.812221059
307,10.338,812.61670,no MS2: DMPE 39:3|DMPE 5:0_34:3,[M+H]+,null,1.00,False,11.616,812.61639,C46H86NO8P,DMPE,PWBLIPDTDTZCDQ-UHFFFAOYSA-N,O=C(OCC(OC(=O)CCCCCCCCCCCCCCCCCCC=CCC=CCC=CCCCCCCC)COP(=O)(O)OCCN(C)C)CCCC,530,False,True,False,Normalized unit: Intensity; Annotation method: Msp20260116160945_NCDK_conventional_converted_dev_1,False,False,307,0,0.00,1.00,null,null,null,-1.00,-1.00,-0.143,3134.43,P Carly 25 Serum II_GD1_01_66509,812.61646:3965568 813.62112:2005164 814.62579:549732,null,32092904,31573693,31852671,31097850,31654279.7254844,427340.007546829
308,10.805,812.61682,no MS2: DMPE 39:3|DMPE 5:0_34:3,[M+H]+,null,1.00,False,11.616,812.61639,C46H86NO8P,DMPE,PWBLIPDTDTZCDQ-UHFFFAOYSA-N,O=C(OCC(OC(=O)CCCCCCCCCCCCCCCCCCC=CCC=CCC=CCCCCCCC)COP(=O)(O)OCCN(C)C)CCCC,530,False,True,False,Normalized unit: Intensity; Annotation method: Msp20260116160945_NCDK_conventional_converted_dev_1,False,False,308,0,0.00,1.00,null,null,null,-1.00,-1.00,-0.143,60.68,P Carly 25 Serum III_GD1_01_66510,812.61627:101004 813.62094:51094 814.62561:12856,null,913769,903953,919542,861772,899759.089625,26129.3986563337
309,9.957,812.61713,no MS2: DMPE 39:3|DMPE 5:0_34:3,[M+H]+,null,1.00,False,11.616,812.61639,C46H86NO8P,DMPE,PWBLIPDTDTZCDQ-UHFFFAOYSA-N,O=C(OCC(OC(=O)CCCCCCCCCCCCCCCCCCC=CCC=CCC=CCCCCCCC)COP(=O)(O)OCCN(C)C)CCCC,530,False,True,False,Normalized unit: Intensity; Annotation method: Msp20260116160945_NCDK_conventional_converted_dev_1,False,False,309,0,0.00,1.00,null,null,null,-1.00,-1.00,-0.143,116.60,P Carly 25 Serum I_GD1_01_66508,812.61652:199502 813.62118:95840 814.62585:27622,null,1896744,1939764,1972733,1908203,1929361.124625,34161.1079435801
310,10.338,813.30414,Unknown,[M+H]+,null,1.00,False,null,null,null,null,null,null,999,False,False,False,Normalized unit: Intensity,False,False,310,0,0.00,null,null,null,null,null,null,null,801.65,P Carly 25 Serum I_GD1_01_66508,813.30414:104168 814.30881:25100 815.31347:1516,null,525529,514468,503887,474703,504646.9333125,21830.4883653479
311,12.866,813.68463,no MS2: SM 42:2;O2|SM 12:1;O2/30:1,[M+H]+,null,1.00,False,12.174,813.68439,C47H93N2O6P,SM,OQOXDFBSXXNVGR-UHFFFAOYSA-N,O=C(NC(COP(=O)([O-])OCC[N+](C)(C)C)C(O)C=CCCCCCCC)CCCCCCCCCCCCCCCCCCCC=CCCCCCCCC,530,False,True,False,Normalized unit: Intensity; Annotation method: Msp20260116160945_NCDK_conventional_converted_dev_1,False,False,311,0,0.00,1.00,null,null,null,-1.00,-1.00,-0.143,956.20,P Carly 25 Serum III_GD1_01_66510,813.68463:1280032 814.68930:656688 815.69397:182274,null,9000892,8964246,9100587,8982944,9012167.43504686,60815.7523088356
312,12.589,813.68494,no MS2: SM 42:2;O2|SM 12:1;O2/30:1,[M+H]+,null,1.00,False,12.174,813.68439,C47H93N2O6P,SM,OQOXDFBSXXNVGR-UHFFFAOYSA-N,O=C(NC(COP(=O)([O-])OCC[N+](C)(C)C)C(O)C=CCCCCCCC)CCCCCCCCCCCCCCCCCCCC=CCCCCCCCC,530,False,True,False,Normalized unit: Intensity; Annotation method: Msp20260116160945_NCDK_conventional_converted_dev_1,False,False,312,0,0.00,1.00,null,null,null,-1.00,-1.00,-0.144,3389.73,P Carly 25 Serum II_GD1_01_66509,813.68396:3285166 814.68863:1678242 815.69330:446786,null,23536789,24665519,25165640,23615692,24245910.1513281,800417.421816015
313,12.589,814.37238,Unknown,[M+H]+,null,1.00,False,null,null,null,null,null,null,999,False,False,False,Normalized unit: Intensity,False,False,313,0,0.00,null,null,null,null,null,null,null,510.86,P Carly 25 Serum I_GD1_01_66508,814.37238:75012 815.37704:10904 816.38171:924,null,383784,335134,344017,364143,356769.26825,21716.9989544756
314,11.342,814.63208,no MS2: DMPE 39:2|DMPE 5:0_34:2,[M+H]+,null,1.00,False,12.876,814.63202,C46H88NO8P,DMPE,YGKOCXWHRNEVNC-UHFFFAOYSA-N,O=C(OCC(OC(=O)CCCCCCCCCCCCCCCCCCCCCC=CCC=CCCCCCCC)COP(=O)(O)OCCN(C)C)CCCC,530,False,True,False,Normalized unit: Intensity; Annotation method: Msp20260116160945_NCDK_conventional_converted_dev_1,False,False,314,0,0.00,1.00,null,null,null,-1.00,-1.00,-0.143,338.11,P Carly 25 Serum III_GD1_01_66510,814.63208:292364 815.63675:149748 816.64142:37964,null,3082074,3064635,3088283,3023526,3064629.4899375,29173.7110546323
315,13.057,815.69989,no MS2: SM 42:1;O2|SM 12:1;O2/30:0,[M+H]+,null,1.00,False,13.070,815.70007,C47H95N2O6P,SM,SJKQWVPGRUTFNL-UHFFFAOYSA-N,O=C(NC(COP(=O)([O-])OCC[N+](C)(C)C)C(O)C=CCCCCCCC)CCCCCCCCCCCCCCCCCCCCCCCCCCCCC,530,False,True,False,Normalized unit: Intensity; Annotation method: Msp20260116160945_NCDK_conventional_converted_dev_1,False,False,315,0,0.00,1.00,null,null,null,-1.00,-1.00,-0.143,189.87,P Carly 25 Serum III_GD1_01_66510,815.70013:96608 816.70480:47586 817.70947:12660,null,635750,611895,620923,609840,619601.874578125,11792.7249052357
316,13.446,815.70068,no MS2: SM 42:1;O2|SM 12:1;O2/30:0,[M+H]+,null,1.00,False,13.070,815.70007,C47H95N2O6P,SM,SJKQWVPGRUTFNL-UHFFFAOYSA-N,O=C(NC(COP(=O)([O-])OCC[N+](C)(C)C)C(O)C=CCCCCCCC)CCCCCCCCCCCCCCCCCCCCCCCCCCCCC,530,False,True,False,Normalized unit: Intensity; Annotation method: Msp20260116160945_NCDK_conventional_converted_dev_1,False,False,316,0,0.00,1.00,null,null,null,-1.00,-1.00,-0.143,6137.87,P Carly 25 Serum I_GD1_01_66508,815.69971:2727028 816.70437:1442366 817.70904:399204,null,15862033,15887858,16396748,15286714,15858338.4166562,453697.69471394
317,8.411,816.62280,no MS2: RIKEN P-VS1 ID-12036 from Mouse_Macrophage_WT_N_F1,[M+H]+,null,1.00,False,9.130,816.62610,null,Unknown,null,null,530,False,True,False,Normalized unit: Intensity; Annotation method: Msp20260116160945_NCDK_conventional_converted_dev_1,False,False,317,0,0.00,0.98,null,null,null,-1.00,-1.00,-0.138,1416.35,P Carly 25 Serum III_GD1_01_66510,816.62445:1097268 817.62912:526484 818.63379:143840,null,10662416,11033287,11609097,11389625,11173606.1799531,415259.408648521
318,14.373,816.70868,no MS2: SE 24:1;O4/27:1;O,[M+NH4]+,null,1.00,False,13.660,816.70758,C51H90O6,DCAE,KETQVFQTNGVDNW-UHFFFAOYSA-N,O=C(O)CCC(C)C1CCC2C3CCC4CC(OC(=O)CCCCCCCC(O)CCCCCCCCC=CCCCCCCCC)CCC4(C)C3CC(O)C12C,530,False,True,False,Normalized unit: Intensity; Annotation method: Msp20260116160945_NCDK_conventional_converted_dev_1,False,False,318,0,0.00,1.00,null,null,null,-1.00,-1.00,-0.145,382.72,P Carly 25 Serum I_GD1_01_66508,816.70691:204840 817.71158:135566 818.71624:40220,null,1456577,1473567,1456437,1408677,1448814.46465625,27940.6713969201
319,8.918,818.60645,no MS2: PC O-40:7|PC O-12:0_28:7,[M+Na]+,null,1.00,False,9.720,818.60577,C48H84NO7P,EtherPC,VQFHSIDWVIVATB-UHFFFAOYSA-N,O=C(OC(COCCCCCCCCCCCC)COP(=O)([O-])OCC[N+](C)(C)C)CCCCCC=CCC=CCC=CCC=CCC=CCC=CCC=CCC,530,False,True,False,Normalized unit: Intensity; Annotation method: Msp20260116160945_NCDK_conventional_converted_dev_1,False,False,319,0,0.00,1.00,null,null,null,-1.00,-1.00,-0.143,159.20,P Carly 25 Serum I_GD1_01_66508,818.60571:96162 819.61038:53818 820.61505:15540,null,727665,704766,733775,707934,718535.305640625,14347.7852877764
320,9.454,818.63940,no MS2: RIKEN P-VS1 ID-12123 from Mouse_Macrophage_WT_N_F1,[M+H]+,null,1.00,False,9.670,818.63812,null,Unknown,null,null,530,False,True,False,Normalized unit: Intensity; Annotation method: Msp20260116160945_NCDK_conventional_converted_dev_1,False,False,320,0,0.00,1.00,null,null,null,-1.00,-1.00,-0.129,4637.94,P Carly 25 Serum IV_GD1_01_66511,818.63855:951154 819.64322:471260 820.64789:127252,null,7051557,7315755,7446530,7098482,7228080.96871875,185619.194661152
321,14.594,818.72174,no MS2: SE 24:1;O4/27:0;O,[M+NH4]+,null,1.00,False,13.837,818.72321,C51H92O6,DCAE,VFKXZTNFVYAFDK-UHFFFAOYSA-N,O=C(O)CCC(C)C1CCC2C3CCC4CC(OC(=O)CCCCCCCC(O)CCCCCCCCCCCCCCCCCC)CCC4(C)C3CC(O)C12C,530,False,True,False,Normalized unit: Intensity; Annotation method: Msp20260116160945_NCDK_conventional_converted_dev_1,False,False,321,0,0.00,1.00,null,null,null,-1.00,-1.00,-0.143,5009.56,P Carly 25 Serum I_GD1_01_66508,818.72321:837366 819.72787:519128 820.73254:157432,null,5627348,5827542,5718078,5780252,5738304.77271875,86493.3368672611
322,14.827,820.74054,no MS2: TG 48:2|TG 8:0_8:0_32:2,[M+NH4]+,null,1.00,False,14.167,820.73889,C51H94O6,TG,XJRNFRCYKQXMGQ-UHFFFAOYSA-N,O=C(OCC(OC(=O)CCCCCCC)COC(=O)CCCCCCCCCCCCCCCCCCCC=CCC=CCCCCCCC)CCCCCCC,530,False,True,False,Normalized unit: Intensity; Annotation method: Msp20260116160945_NCDK_conventional_converted_dev_1,False,False,322,0,0.00,1.00,null,null,null,-1.00,-1.00,-0.143,1478.08,P Carly 25 Serum I_GD1_01_66508,820.73889:2431884 821.74356:1338342 822.74823:401942,null,14065137,14189528,14842530,14237915,14333777.3639062,346888.139224271
323,5.903,822.56561,no MS2: RIKEN P-VS1 ID-12270 from Mouse_Kidney_WT_N_F1AA,[M+H]+,null,1.00,False,9.550,822.56042,null,Unknown,null,null,530,False,True,False,Normalized unit: Intensity; Annotation method: Msp20260116160945_NCDK_conventional_converted_dev_1,False,False,323,0,0.00,0.97,null,null,null,-1.00,-1.00,-0.143,47.36,P Carly 25 Serum I_GD1_01_66508,822.56256:89112 823.56723:43688 824.57190:36174,null,582075,608392,611075,567690,592307.936265625,20989.1290203523
324,10.771,822.63757,no MS2: PC O-40:5|PC O-12:0_28:5,[M+H]+,null,1.00,False,10.730,822.63708,C48H88NO7P,EtherPC,GZYCUOIGRDDFMV-UHFFFAOYSA-N,O=C(OC(COCCCCCCCCCCCC)COP(=O)([O-])OCC[N+](C)(C)C)CCCCCCCCCCCC=CCC=CCC=CCC=CCC=CCC,530,False,True,False,Normalized unit: Intensity; Annotation method: Msp20260116160945_NCDK_conventional_converted_dev_1,False,False,324,0,0.00,1.00,null,null,null,-1.00,-1.00,-0.143,62.23,P Carly 25 Serum IV_GD1_01_66511,822.63721:75000 823.64187:37744 824.64654:10792,null,902544,882667,800813,748313,833584.092140625,71901.8761564693
325,15.070,822.75580,no MS2: TG 48:1|TG 8:0_8:0_32:1,[M+NH4]+,null,1.00,False,14.440,822.75452,C51H96O6,TG,HWMSPIVEAFDGBF-UHFFFAOYSA-N,O=C(OCC(OC(=O)CCCCCCC)COC(=O)CCCCCCCCCCCCCCCCCCCCCC=CCCCCCCCC)CCCCCCC,530,False,True,False,Normalized unit: Intensity; Annotation method: Msp20260116160945_NCDK_conventional_converted_dev_1,False,False,325,0,0.00,1.00,null,null,null,-1.00,-1.00,-0.143,2485.82,P Carly 25 Serum I_GD1_01_66508,822.75415:3230980 823.75882:1719006 824.76349:503046,null,16065427,16020637,16824919,16785327,16424077.676,440669.699253269
326,15.067,822.91510,Unknown,[M+2H]2+,null,0.50,False,null,null,null,null,null,null,999,False,False,False,Normalized unit: Intensity,False,False,326,0,0.00,null,null,null,null,null,null,null,565.54,P Carly 25 Serum III_GD1_01_66510,822.91510:79580 823.91977:28612 824.92444:2794,null,274541,278921,294081,297958,286375.447046875,11389.2240639959
327,15.070,823.03308,Unknown,[M+H]+,null,0.25,False,null,null,null,null,null,null,999,False,False,False,Normalized unit: Intensity,False,False,327,0,0.00,null,null,null,null,null,null,null,514.65,P Carly 25 Serum III_GD1_01_66510,823.03308:77976 824.03775:23780 825.04242:0,null,257903,247777,280229,279261,266292.455796875,16079.1049587538
328,13.161,823.66724,no MS2: SM 41:1;O2,[M+Na]+,null,1.00,False,12.823,823.66632,C46H93N2O6P,SM,BLDDOFPGXMISDI-UHFFFAOYSA-N,O=C(NC(COP(=O)([O-])OCC[N+](C)(C)C)C(O)C=CCCCCCCC)CCCCCCCCCCCCCCCCCCCCCCCCCCCC,530,False,True,False,Normalized unit: Intensity; Annotation method: Msp20260116160945_NCDK_conventional_converted_dev_1,False,False,328,0,0.00,1.00,null,null,null,-1.00,-1.00,-0.143,54.62,P Carly 25 Serum I_GD1_01_66508,823.66608:75478 824.67074:37028 825.67541:10494,null,397640,389033,402010,391669,395088.07525,5853.00997175899
329,14.589,823.68030,no MS2: TG 48:3|TG 8:0_8:0_32:3,[M+Na]+,null,1.00,False,13.957,823.67859,C51H92O6,TG,SVUUFERWFZNDEK-UHFFFAOYSA-N,O=C(OCC(OC(=O)CCCCCCC)COC(=O)CCCCCCCCCCCCCCCCC=CCC=CCC=CCCCCCCC)CCCCCCC,530,False,True,False,Normalized unit: Intensity; Annotation method: Msp20260116160945_NCDK_conventional_converted_dev_1,False,False,329,0,0.00,1.00,null,null,null,-1.00,-1.00,-0.143,31.61,P Carly 25 Serum I_GD1_01_66508,823.67896:120312 824.68362:66696 825.68829:17036,null,749865,781690,768085,788178,771954.40775,16940.2721050345
330,12.416,824.65289,no MS2: RIKEN P-VS1 ID-12386 from Mouse_Brain_WT_N_F1DHA,[M+H]+,null,1.00,False,12.680,824.65350,null,Unknown,null,null,530,False,True,False,Normalized unit: Intensity; Annotation method: Msp20260116160945_NCDK_conventional_converted_dev_1,False,False,330,0,0.00,1.00,null,null,null,-1.00,-1.00,-0.129,62.36,P Carly 25 Serum IV_GD1_01_66511,824.65350:59964 825.65817:30952 826.66284:10256,null,568407,552742,561170,543153,556367.935265625,10890.199547479
331,15.334,824.77045,no MS2: TG 48:0|TG 8:0_8:0_32:0,[M+NH4]+,null,1.00,False,14.998,824.77020,C51H98O6,TG,JZFABHSXSAWMSE-UHFFFAOYSA-N,O=C(OCC(OC(=O)CCCCCCC)COC(=O)CCCCCCCCCCCCCCCCCCCCCCCCCCCCCCC)CCCCCCC,530,False,True,False,Normalized unit: Intensity; Annotation method: Msp20260116160945_NCDK_conventional_converted_dev_1,False,False,331,0,0.00,1.00,null,null,null,-1.00,-1.00,-0.143,5900.13,P Carly 25 Serum IV_GD1_01_66511,824.77045:1199750 825.77511:673204 826.77978:193802,null,4840137,4932669,5164119,5234616,5042885.132,186826.655000713
332,14.814,825.69580,no MS2: TG 48:2|TG 8:0_8:0_32:2,[M+Na]+,null,1.00,False,14.167,825.69427,C51H94O6,TG,XJRNFRCYKQXMGQ-UHFFFAOYSA-N,O=C(OCC(OC(=O)CCCCCCC)COC(=O)CCCCCCCCCCCCCCCCCCCC=CCC=CCCCCCCC)CCCCCCC,530,False,True,False,Normalized unit: Intensity; Annotation method: Msp20260116160945_NCDK_conventional_converted_dev_1,False,False,332,0,0.00,1.00,null,null,null,-1.00,-1.00,-0.143,1120.89,P Carly 25 Serum I_GD1_01_66508,825.69403:163322 826.69870:90564 827.70337:26016,null,830485,825961,836727,860234,838351.769609374,15241.3234474065
333,6.605,826.59729,no MS2: TG 50:13|TG 15:4_15:4_20:5,[M+NH4]+,null,1.00,False,12.134,826.59802,C53H76O6,TG,CKZLXIHGFRGPRX-UHFFFAOYSA-N,O=C(OCC(OC(=O)CC=CCC=CCC=CCC=CCC)COC(=O)CCCC=CCC=CCC=CCC=CCC=CCC)CC=CCC=CCC=CCC=CCC,530,False,True,False,Normalized unit: Intensity; Annotation method: Msp20260116160945_NCDK_conventional_converted_dev_1,False,False,333,0,0.00,1.00,null,null,null,-1.00,-1.00,-0.145,27.89,P Carly 25 Serum III_GD1_01_66510,826.59729:102928 827.60196:54004 828.60663:34748,null,906643,945270,962153,908836,930725.5140625,27436.827091036
334,6.948,826.59760,no MS2: TG 50:13|TG 15:4_15:4_20:5,[M+NH4]+,null,1.00,False,12.134,826.59802,C53H76O6,TG,CKZLXIHGFRGPRX-UHFFFAOYSA-N,O=C(OCC(OC(=O)CC=CCC=CCC=CCC=CCC)COC(=O)CCCC=CCC=CCC=CCC=CCC=CCC)CC=CCC=CCC=CCC=CCC,530,False,True,False,Normalized unit: Intensity; Annotation method: Msp20260116160945_NCDK_conventional_converted_dev_1,False,False,334,0,0.00,1.00,null,null,null,-1.00,-1.00,-0.144,62.80,P Carly 25 Serum III_GD1_01_66510,826.59760:115386 827.60226:56734 828.60693:28910,null,1017550,1062385,1066997,1006567,1038374.81242188,30773.8682727706
335,8.233,826.60950,no MS2: SL 50:9;O2|SL 16:3;O/34:6;O,[M+H]+,null,1.00,False,11.709,826.60138,C50H83NO6S,SL,XWFDEAWGAPVDRQ-UHFFFAOYSA-N,O=C(N(CC(O)C=CCCC=CCCC=CCCC)CS(=O)(=O)O)C(O)CCCCCCCCCCCCCC=CCC=CCC=CCC=CCC=CCC=CCC,530,False,True,False,Normalized unit: Intensity; Annotation method: Msp20260116160945_NCDK_conventional_converted_dev_1,False,False,335,0,0.00,0.77,null,null,null,-1.00,-1.00,-0.256,56.70,P Carly 25 Serum IV_GD1_01_66511,826.60730:117782 827.61197:57826 828.61664:15190,null,720490,735732,730643,700544,721852.285265626,15554.7981610853
336,12.974,827.70050,no MS2: SM 43:2;O2|SM 12:1;O2/31:1,[M+H]+,null,1.00,False,12.985,827.70007,C48H95N2O6P,SM,VKNUJKMHSZNGMX-UHFFFAOYSA-N,O=C(NC(COP(=O)([O-])OCC[N+](C)(C)C)C(O)C=CCCCCCCC)CCCCCCCCCCCCCCCCCCC=CCCCCCCCCCC,530,False,True,False,Normalized unit: Intensity; Annotation method: Msp20260116160945_NCDK_conventional_converted_dev_1,False,False,336,0,0.00,1.00,null,null,null,-1.00,-1.00,-0.143,763.75,P Carly 25 Serum I_GD1_01_66508,827.70001:113922 828.70468:59666 829.70935:17200,null,705636,726337,735096,706802,718467.937046876,14596.3667920904
337,15.057,827.71088,no MS2: TG 48:1|TG 8:0_8:0_32:1,[M+Na]+,null,1.00,False,14.440,827.70990,C51H96O6,TG,HWMSPIVEAFDGBF-UHFFFAOYSA-N,O=C(OCC(OC(=O)CCCCCCC)COC(=O)CCCCCCCCCCCCCCCCCCCCCC=CCCCCCCCC)CCCCCCC,530,False,True,False,Normalized unit: Intensity; Annotation method: Msp20260116160945_NCDK_conventional_converted_dev_1,False,False,337,0,0.00,1.00,null,null,null,-1.00,-1.00,-0.143,676.73,P Carly 25 Serum I_GD1_01_66508,827.70990:123304 828.71457:69726 829.71924:20774,null,513545,526841,543315,558295,535499.2474375,19473.6707386942
338,7.952,828.55255,no MS2: PC 38:6,[M+Na]+,null,1.00,False,8.900,828.55139,C46H80NO8P,PC,KKVDMSZJVFAMDW-UHFFFAOYSA-N,O=C(OCC(OC(=O)CCCCCCCCCCCCC=CCC=CCC=CCC=CCC=CCC=CCC)COP(=O)([O-])OCC[N+](C)(C)C)CCCCC,530,False,True,False,Normalized unit: Intensity; Annotation method: Msp20260116160945_NCDK_conventional_converted_dev_1,False,False,338,0,0.00,1.00,null,null,null,-1.00,-1.00,-0.144,321.72,P Carly 25 Serum I_GD1_01_66508,828.55182:260274 829.55649:137516 830.56115:40656,null,1699785,1757623,1818784,1720383,1749143.80798437,52234.0962581381
339,13.593,829.71674,no MS2: SM 43:1;O2|SM 12:1;O2/31:0,[M+H]+,null,1.00,False,13.189,829.71570,C48H97N2O6P,SM,ZBYNGDHXJSNJRT-UHFFFAOYSA-N,O=C(NC(COP(=O)([O-])OCC[N+](C)(C)C)C(O)C=CCCCCCCC)CCCCCCCCCCCCCCCCCCCCCCCCCCCCCC,530,False,True,False,Normalized unit: Intensity; Annotation method: Msp20260116160945_NCDK_conventional_converted_dev_1,False,False,339,0,0.00,1.00,null,null,null,-1.00,-1.00,-0.143,68.97,P Carly 25 Serum I_GD1_01_66508,829.71545:74822 830.72012:40606 831.72479:10174,null,805958,789249,814754,819699,807414.772984375,13377.7384723404
340,8.346,830.56897,no MS2: DMPE 41:8|DMPE 15:2_26:6,[M+Na]+,null,1.00,False,8.705,830.56940,C48H80NO8P,DMPE,NZDJAGSWGZEJEJ-UHFFFAOYSA-N,O=C(OCC(OC(=O)CCCCCCC=CCC=CCC=CCC=CCC=CCC=CCC)COP(=O)(O)OCCN(C)C)CCCCCCC=CCC=CCCC,530,False,True,False,Normalized unit: Intensity; Annotation method: Msp20260116160945_NCDK_conventional_converted_dev_1,False,False,340,0,0.00,1.00,null,null,null,-1.00,-1.00,-0.143,315.86,P Carly 25 Serum II_GD1_01_66509,830.56903:75066 831.57370:36388 832.57837:24614,null,602189,635994,644916,620589,625922.11453125,18743.2506374765
341,7.203,830.57159,no MS2: DMPE 41:8|DMPE 15:2_26:6,[M+H]+,null,1.00,False,8.705,830.56940,C48H80NO8P,DMPE,NZDJAGSWGZEJEJ-UHFFFAOYSA-N,O=C(OCC(OC(=O)CCCCCCC=CCC=CCC=CCC=CCC=CCC=CCC)COP(=O)(O)OCCN(C)C)CCCCCCC=CCC=CCCC,530,False,True,False,Normalized unit: Intensity; Annotation method: Msp20260116160945_NCDK_conventional_converted_dev_1,False,False,341,0,0.00,1.00,null,null,null,-1.00,-1.00,-0.143,63.89,P Carly 25 Serum IV_GD1_01_66511,830.56946:63502 831.57413:35188 832.57879:9026,null,618996,646456,655510,607851,632203.2380625,22463.3891025837
342,9.879,830.63934,no MS2: RIKEN P-VS1 ID-12610 from Mouse_Heart_WT_N_F1,[M+H]+,null,1.00,False,8.830,830.63397,null,Unknown,null,null,530,False,True,False,Normalized unit: Intensity; Annotation method: Msp20260116160945_NCDK_conventional_converted_dev_1,False,False,342,0,0.00,0.84,null,null,null,-1.00,-1.00,-0.200,136.01,P Carly 25 Serum IV_GD1_01_66511,830.63885:137416 831.64352:79072 832.64819:23338,null,985584,1025172,1039552,1002223,1013132.7700625,23950.6358172504
343,14.339,831.71930,no MS2: BA 24:1;O4;G/25:0,[M+NH4]+,null,0.75,False,13.320,831.71851,C51H91NO6,GDCAE,JCNKJPBHYXQHSZ-UHFFFAOYSA-N,O=C(O)CNC(=O)CCC(C)C1CCC2C3CCC4CC(OC(=O)CCCCCCCCCCCCCCCCCCCCCCCC)CCC4(C)C3CC(O)C12C,530,False,True,False,Normalized unit: Intensity; Annotation method: Msp20260116160945_NCDK_conventional_converted_dev_1,False,False,343,0,0.00,1.00,null,null,null,-1.00,-1.00,-0.145,342.14,P Carly 25 Serum IV_GD1_01_66511,831.71924:55692 832.72391:31122 833.72857:9374,null,533108,516743,534347,520424,526155.65015625,8886.3192446429
344,9.693,832.58392,no MS2: NAGlySer 45:12;O2|NAGlySer 19:5;O(FA 26:6),[M+NH4]+,null,1.00,False,8.632,832.58337,C50H74N2O7,NAGlySer,RKZUWXMDVDKJAJ-UHFFFAOYSA-N,O=C(OC(C=CCC=CCC=CCC=CCC=CCC)CC(=O)NCC(=O)NC(C(=O)O)CO)CCCCCCC=CCC=CCC=CCC=CCC=CCC=CCC,530,False,True,False,Normalized unit: Intensity; Annotation method: Msp20260116160945_NCDK_conventional_converted_dev_1,False,False,344,0,0.00,1.00,null,null,null,-1.00,-1.00,-0.143,1580.37,P Carly 25 Serum II_GD1_01_66509,832.58344:390904 833.58810:208510 834.59277:58082,null,2747462,2831042,2916951,2817060,2828128.684,69588.2258522462
345,8.117,832.58661,no MS2: DMPE 41:7|DMPE 11:1_30:6,[M+H]+,null,1.00,False,9.331,832.58508,C48H82NO8P,DMPE,LJMXYOIPOFQCJE-UHFFFAOYSA-N,O=C(OCC(OC(=O)CCCCCCCCCCC=CCC=CCC=CCC=CCC=CCC=CCC)COP(=O)(O)OCCN(C)C)CCCCCC=CCCC,530,False,True,False,Normalized unit: Intensity; Annotation method: Msp20260116160945_NCDK_conventional_converted_dev_1,False,False,345,0,0.00,1.00,null,null,null,-1.00,-1.00,-0.143,2215.74,P Carly 25 Serum IV_GD1_01_66511,832.58527:539764 833.58993:287376 834.59460:84658,null,3581399,3778369,3819034,3704308,3720777.56032812,104353.580479874
346,14.728,832.74078,no MS2: SE 24:1;O4/28:0;O,[M+NH4]+,null,1.00,False,13.773,832.73889,C52H94O6,DCAE,TXZXBSAYOVJZOM-UHFFFAOYSA-N,O=C(O)CCC(C)C1CCC2C3CCC4CC(OC(=O)CCCCCCCC(O)CCCCCCCCCCCCCCCCCCC)CCC4(C)C3CC(O)C12C,530,False,True,False,Normalized unit: Intensity; Annotation method: Msp20260116160945_NCDK_conventional_converted_dev_1,False,False,346,0,0.00,1.00,null,null,null,-1.00,-1.00,-0.143,579.82,P Carly 25 Serum I_GD1_01_66508,832.73853:95274 833.74319:56178 834.74786:18816,null,755755,755333,775935,787881,768725.802437499,15984.3900549785
347,11.186,833.65088,no MS2: SM 42:3;O2,[M+Na]+,null,1.00,False,10.722,833.65070,C47H91N2O6P,SM,OSQDHYJRSISFIL-UHFFFAOYSA-N,O=C(NC(COP(=O)([O-])OCC[N+](C)(C)C)C(O)C=CCCCCCCC)CCCCCCCCCCCCCCCCCC=CCC=CCCCCCCC,530,False,True,False,Normalized unit: Intensity; Annotation method: Msp20260116160945_NCDK_conventional_converted_dev_1,False,False,347,0,0.00,1.00,null,null,null,-1.00,-1.00,-0.143,169.31,P Carly 25 Serum II_GD1_01_66509,833.65063:95104 834.65530:50828 835.65997:12130,null,798318,797788,815094,762320,793379.974484375,22211.7370340483
348,14.559,833.73254,no MS2: SL 48:0;O2|SL 12:0;O/36:0;O,[M+NH4]+,null,1.00,False,13.687,833.73749,C48H97NO6S,SL,QPXKRMQCYMLEHO-UHFFFAOYSA-N,O=C(N(CC(O)CCCCCCCCC)CS(=O)(=O)O)C(O)CCCCCCCCCCCCCCCCCCCCCCCCCCCCCCCCCC,530,False,True,False,Normalized unit: Intensity; Annotation method: Msp20260116160945_NCDK_conventional_converted_dev_1,False,False,348,0,0.00,0.96,null,null,null,-1.00,-1.00,-0.163,720.12,P Carly 25 Serum IV_GD1_01_66511,833.73511:203350 834.73978:117674 835.74444:34920,null,1104678,1108825,1079000,1076520,1092255.8045,16853.8464351166
349,10.338,834.59894,no MS2: NAGlySer 45:11;O2|NAGlySer 17:4;O(FA 28:6),[M+NH4]+,null,1.00,False,8.489,834.59912,C50H76N2O7,NAGlySer,KTACFGIKOYJQQO-UHFFFAOYSA-N,O=C(OC(C=CCC=CCC=CCC=CCC)CCC(=O)NCC(=O)NC(C(=O)O)CO)CCCCCCCCC=CCC=CCC=CCC=CCC=CCC=CCC,530,False,True,False,Normalized unit: Intensity; Annotation method: Msp20260116160945_NCDK_conventional_converted_dev_1,False,False,349,0,0.00,1.00,null,null,null,-1.00,-1.00,-0.143,163.46,P Carly 25 Serum III_GD1_01_66510,834.59894:162942 835.60361:79996 836.60827:269246,null,1188504,1182630,1226838,1154270,1188060.42123438,29861.6455301094
350,9.368,834.60156,no MS2: DMPE 41:6|DMPE 5:0_36:6,[M+H]+,null,1.00,False,9.792,834.60071,C48H84NO8P,DMPE,HKKYVOXALIOUIL-UHFFFAOYSA-N,O=C(OCC(OC(=O)CCCCCCCCCCCCCCCCC=CCC=CCC=CCC=CCC=CCC=CCC)COP(=O)(O)OCCN(C)C)CCCC,530,False,True,False,Normalized unit: Intensity; Annotation method: Msp20260116160945_NCDK_conventional_converted_dev_1,False,False,350,0,0.00,1.00,null,null,null,-1.00,-1.00,-0.143,2197.78,P Carly 25 Serum II_GD1_01_66509,834.60101:2122440 835.60568:1092750 836.61035:324200,null,14244280,14718051,14821404,13783350,14391771.3179063,477134.735942869
351,14.966,834.75555,no MS2: TG 49:2|TG 8:0_8:1_33:1,[M+NH4]+,null,1.00,False,13.816,834.75452,C52H96O6,TG,WBJXEWVFNZCCAP-UHFFFAOYSA-N,O=C(OCC(OC(=O)CCC=CCCC)COC(=O)CCCCCCCCCCCCCCCCCCCCC=CCCCCCCCCCC)CCCCCCC,530,False,True,False,Normalized unit: Intensity; Annotation method: Msp20260116160945_NCDK_conventional_converted_dev_1,False,False,351,0,0.00,1.00,null,null,null,-1.00,-1.00,-0.144,854.96,P Carly 25 Serum I_GD1_01_66508,834.75403:327910 835.75870:189490 836.76336:58302,null,2181222,2158485,2250621,2236251,2206644.44964063,43879.107480619
352,12.593,835.66693,no MS2: SM 42:2;O2,[M+Na]+,null,1.00,False,12.174,835.66632,C47H93N2O6P,SM,OQOXDFBSXXNVGR-UHFFFAOYSA-N,O=C(NC(COP(=O)([O-])OCC[N+](C)(C)C)C(O)C=CCCCCCCC)CCCCCCCCCCCCCCCCCCCC=CCCCCCCCC,530,False,True,False,Normalized unit: Intensity; Annotation method: Msp20260116160945_NCDK_conventional_converted_dev_1,False,False,352,0,0.00,1.00,null,null,null,-1.00,-1.00,-0.143,390.99,P Carly 25 Serum II_GD1_01_66509,835.66608:187252 836.67074:95534 837.67541:23658,null,1272789,1332115,1352803,1263312,1305254.6830625,43952.8612042105
353,14.788,835.75104,Unknown,[M+H]+,null,1.00,False,null,null,null,null,null,null,999,False,False,False,Normalized unit: Intensity,False,False,353,0,0.00,null,null,null,null,null,null,null,816.06,P Carly 25 Serum IV_GD1_01_66511,835.75104:259614 836.75571:148650 837.76037:43146,null,1222630,1236330,1295555,1316431,1267736.40985937,45335.6102731979
354,9.818,836.61755,no MS2: DMPE 41:5|DMPE 5:0_36:5,[M+H]+,null,1.00,False,10.950,836.61639,C48H86NO8P,DMPE,QOYHFZQVPRPDHD-UHFFFAOYSA-N,O=C(OCC(OC(=O)CCCCCCCCCCCCCCCCCCCC=CCC=CCC=CCC=CCC=CCC)COP(=O)(O)OCCN(C)C)CCCC,530,False,True,False,Normalized unit: Intensity; Annotation method: Msp20260116160945_NCDK_conventional_converted_dev_1,False,False,354,0,0.00,1.00,null,null,null,-1.00,-1.00,-0.143,770.50,P Carly 25 Serum II_GD1_01_66509,836.61633:588770 837.62100:325438 838.62567:93780,null,4345140,4438316,4500295,4376861,4415152.90595312,68687.1950381135
355,15.213,836.77100,no MS2: TG 49:1|TG 8:0_8:0_33:1,[M+NH4]+,null,1.00,False,14.378,836.77020,C52H98O6,TG,VCEFMDOXMKROQX-UHFFFAOYSA-N,O=C(OCC(OC(=O)CCCCCCC)COC(=O)CCCCCCCCCCCCCCCCCCCCC=CCCCCCCCCCC)CCCCCCC,530,False,True,False,Normalized unit: Intensity; Annotation method: Msp20260116160945_NCDK_conventional_converted_dev_1,False,False,355,0,0.00,1.00,null,null,null,-1.00,-1.00,-0.143,1704.77,P Carly 25 Serum I_GD1_01_66508,836.77008:403028 837.77475:246024 838.77942:72664,null,2472490,2478324,2624500,2658548,2558465.55195313,96939.0094844819
356,13.442,837.68274,no MS2: SM 42:1;O2,[M+Na]+,null,1.00,False,13.070,837.68201,C47H95N2O6P,SM,SJKQWVPGRUTFNL-UHFFFAOYSA-N,O=C(NC(COP(=O)([O-])OCC[N+](C)(C)C)C(O)C=CCCCCCCC)CCCCCCCCCCCCCCCCCCCCCCCCCCCCC,530,False,True,False,Normalized unit: Intensity; Annotation method: Msp20260116160945_NCDK_conventional_converted_dev_1,False,False,356,0,0.00,1.00,null,null,null,-1.00,-1.00,-0.143,183.54,P Carly 25 Serum I_GD1_01_66508,837.68213:151224 838.68680:81136 839.69146:21580,null,733741,723470,738117,733141,732116.98309375,6176.70571355974
357,10.849,838.63159,no MS2: RIKEN P-VS1 ID-12943 from Mouse_SmallIntestine_WT_N_F1AA,[M+H]+,null,1.00,False,1.690,838.63263,null,Unknown,null,null,530,False,True,False,Normalized unit: Intensity; Annotation method: Msp20260116160945_NCDK_conventional_converted_dev_1,False,False,357,0,0.00,1.00,null,null,null,-1.00,-1.00,-0.129,293.28,P Carly 25 Serum I_GD1_01_66508,838.63220:311790 839.63687:164840 840.64154:47034,null,2510126,2485954,2555628,2369487,2480298.9254375,79320.6434409554
358,15.503,838.78632,no MS2: TG 49:0|TG 8:0_8:0_33:0,[M+NH4]+,null,1.00,False,14.722,838.78583,C52H100O6,TG,BPOBZWBSUWAXCF-UHFFFAOYSA-N,O=C(OCC(OC(=O)CCCCCCC)COC(=O)CCCCCCCCCCCCCCCCCCCCCCCCCCCCCCCC)CCCCCCC,530,False,True,False,Normalized unit: Intensity; Annotation method: Msp20260116160945_NCDK_conventional_converted_dev_1,False,False,358,0,0.00,1.00,null,null,null,-1.00,-1.00,-0.143,96.33,P Carly 25 Serum IV_GD1_01_66511,838.78613:90830 839.79080:52094 840.79547:15636,null,537372,551209,579109,559751,556860.1025625,17465.0449047933
359,8.233,840.62250,no MS2: RIKEN P-VS1 ID-13010 from Mouse_SmallIntestine_WT_N_F1AA,[M+H]+,null,1.00,False,9.300,840.62421,null,Unknown,null,null,530,False,True,False,Normalized unit: Intensity; Annotation method: Msp20260116160945_NCDK_conventional_converted_dev_1,False,False,359,0,0.00,1.00,null,null,null,-1.00,-1.00,-0.129,956.76,P Carly 25 Serum II_GD1_01_66509,840.62421:1292048 841.62887:675260 842.63354:190452,null,7873810,7942307,8134263,8165161,8028885.43657813,142851.419329923
360,7.593,840.62408,no MS2: RIKEN P-VS1 ID-13010 from Mouse_SmallIntestine_WT_N_F1AA,[M+H]+,null,1.00,False,9.300,840.62421,null,Unknown,null,null,530,False,True,False,Normalized unit: Intensity; Annotation method: Msp20260116160945_NCDK_conventional_converted_dev_1,False,False,360,0,0.00,1.00,null,null,null,-1.00,-1.00,-0.129,48.36,P Carly 25 Serum III_GD1_01_66510,840.62408:74468 841.62875:37760 842.63342:10232,null,419318,443693,451009,428760,435694.845078125,14315.6086882008
361,8.805,842.63855,no MS2: SL 51:8;O2|SL 15:2;O/36:6;O,[M+H]+,null,1.00,False,12.265,842.63269,C51H87NO6S,SL,QGVWQUFWJVNMNG-UHFFFAOYSA-N,O=C(N(CC(O)C=CCCC=CCCCCCC)CS(=O)(=O)O)C(O)CCCCCCCCCCCCCCCC=CCC=CCC=CCC=CCC=CCC=CCC,530,False,True,False,Normalized unit: Intensity; Annotation method: Msp20260116160945_NCDK_conventional_converted_dev_1,False,False,361,0,0.00,0.85,null,null,null,-1.00,-1.00,-0.220,366.76,P Carly 25 Serum IV_GD1_01_66511,842.63757:504470 843.64224:255760 844.64691:70796,null,3424785,3471915,3482671,3250824,3407548.7994375,107464.620307654
362,8.554,842.63934,no MS2: RIKEN P-VS1 ID-13091 from Mouse_Macrophage_WT_N_F1DHA,[M+H]+,null,1.00,False,9.430,842.64532,null,Unknown,null,null,530,False,True,False,Normalized unit: Intensity; Annotation method: Msp20260116160945_NCDK_conventional_converted_dev_1,False,False,362,0,0.00,0.78,null,null,null,-1.00,-1.00,-0.229,235.91,P Carly 25 Serum II_GD1_01_66509,842.63934:295482 843.64401:144934 844.64868:40022,null,1824779,1897184,1885122,1750866,1839487.55029687,67036.1828984965
363,14.459,842.72455,no MS2: TG 50:5|TG 8:0_8:0_34:5,[M+NH4]+,null,1.00,False,13.968,842.72321,C53H92O6,TG,YXKXYJLCCLIVPY-UHFFFAOYSA-N,O=C(OCC(OC(=O)CCCCCCC)COC(=O)CCCCCCCCCCCCCCCCCC=CCC=CCC=CCC=CCC=CCC)CCCCCCC,530,False,True,False,Normalized unit: Intensity; Annotation method: Msp20260116160945_NCDK_conventional_converted_dev_1,False,False,363,0,0.00,1.00,null,null,null,-1.00,-1.00,-0.143,749.71,P Carly 25 Serum I_GD1_01_66508,842.72296:176586 843.72763:111896 844.73230:35604,null,1647647,1600263,1670710,1630920,1637385.05907813,29640.3555892989
364,9.879,844.65417,no MS2: SL 51:7;O2|SL 15:1;O/36:6;O,[M+H]+,null,1.00,False,12.682,844.64832,C51H89NO6S,SL,JDDAOBCUVILWKX-UHFFFAOYSA-N,O=C(N(CC(O)C=CCCCCCCCCCC)CS(=O)(=O)O)C(O)CCCCCCCCCCCCCCCC=CCC=CCC=CCC=CCC=CCC=CCC,530,False,True,False,Normalized unit: Intensity; Annotation method: Msp20260116160945_NCDK_conventional_converted_dev_1,False,False,364,0,0.00,0.79,null,null,null,-1.00,-1.00,-0.250,2092.57,P Carly 25 Serum IV_GD1_01_66511,844.65417:1422252 845.65884:718578 846.66351:191938,null,10244867,10665939,10919289,10649019,10619778.3191719,278837.538577075
365,14.641,844.73975,no MS2: TG 50:4|TG 8:0_8:0_34:4,[M+NH4]+,null,1.00,False,13.930,844.73889,C53H94O6,TG,NBOUVXSQNXDJHU-UHFFFAOYSA-N,O=C(OCC(OC(=O)CCCCCCC)COC(=O)CCCCCCCCCCCCCCCCCCCCC=CCC=CCC=CCC=CCC)CCCCCCC,530,False,True,False,Normalized unit: Intensity; Annotation method: Msp20260116160945_NCDK_conventional_converted_dev_1,False,False,365,0,0.00,1.00,null,null,null,-1.00,-1.00,-0.145,3281.16,P Carly 25 Serum I_GD1_01_66508,844.73816:1374764 845.74283:866958 846.74749:262218,null,9844315,9804202,10204441,9939272,9948057.61910937,180061.824315658
366,11.065,846.66852,no MS2: RIKEN P-VS1 ID-13237 from Mouse_Lung_WT_N_F1,[M+H]+,null,1.00,False,10.970,846.67212,null,Unknown,null,null,530,False,True,False,Normalized unit: Intensity; Annotation method: Msp20260116160945_NCDK_conventional_converted_dev_1,False,False,366,0,0.00,0.98,null,null,null,-1.00,-1.00,-0.138,174.53,P Carly 25 Serum IV_GD1_01_66511,846.67035:90500 847.67502:44098 848.67968:0,null,899292,913267,909336,840379,890568.747859375,33973.2462709722
367,14.858,846.75610,no MS2: TG 50:3|TG 8:0_8:0_34:3,[M+NH4]+,null,1.00,False,13.920,846.75452,C53H96O6,TG,JLQAKOSOIVPICE-UHFFFAOYSA-N,O=C(OCC(OC(=O)CCCCCCC)COC(=O)CCCCCCCCCCCCCCCCCCC=CCC=CCC=CCCCCCCC)CCCCCCC,530,False,True,False,Normalized unit: Intensity; Annotation method: Msp20260116160945_NCDK_conventional_converted_dev_1,False,False,367,0,0.00,1.00,null,null,null,-1.00,-1.00,-0.143,9317.95,P Carly 25 Serum I_GD1_01_66508,846.75439:5633942 847.75906:3424744 848.76373:1011036,null,31703856,32621886,32592776,33367153,32571417.8413125,680407.002184181
368,14.862,846.91760,Unknown,[M+2H]2+,null,1.00,False,null,null,null,null,null,null,999,False,False,False,Normalized unit: Intensity,False,False,368,0,0.00,null,null,null,null,null,null,null,940.32,P Carly 25 Serum III_GD1_01_66510,846.91760:119266 847.92227:57074 848.92694:3976,null,578433,549269,592382,585889,576493.348765625,19023.1710608733
369,14.858,847.03906,no MS2: GM1 44:1;O2|GM1 16:1;O2/28:0,[M+2NH4]2+,null,1.00,False,9.502,847.03479,C81H147N3O31,GM1,GVRVJGRGNITMOU-UHFFFAOYSA-N,O=C(O)C1(OC2C(O)C(OC(CO)C2OC3OC(CO)C(O)C(OC4OC(CO)C(O)C(O)C4O)C3NC(=O)C)OC5C(O)C(O)C(OCC(NC(=O)CCCCCCCCCCCCCCCCCCCCCCCCCCC)C(O)C=CCCCCCCCCCCC)OC5CO)OC(C(O)C(O)CO)C(NC(=O)C)C(O)C1,530,False,True,False,Normalized unit: Intensity; Annotation method: Msp20260116160945_NCDK_conventional_converted_dev_1,False,False,369,0,0.00,0.99,null,null,null,-1.00,-1.00,-0.150,923.58,P Carly 25 Serum II_GD1_01_66509,847.03619:116978 848.04086:64276 849.04553:3422,null,539915,497226,535996,559501,533159.65109375,26068.7130826154
370,14.849,848.46143,Unknown,[M+H]+,null,1.00,False,null,null,null,null,null,null,999,False,False,False,Normalized unit: Intensity,False,False,370,0,0.00,null,null,null,null,null,null,null,666.16,P Carly 25 Serum III_GD1_01_66510,848.46143:85044 849.46609:3592 850.47076:0,null,285966,290058,310427,291698,294537.17521875,10863.7558522226
371,15.092,848.76929,no MS2: TG 50:2|TG 8:0_8:0_34:2,[M+NH4]+,null,1.00,False,14.271,848.77020,C53H98O6,TG,VZLKOMBMLGTLFF-UHFFFAOYSA-N,O=C(OCC(OC(=O)CCCCCCC)COC(=O)CCCCCCCCCCCCCCCCCCCCCC=CCC=CCCCCCCC)CCCCCCC,530,False,True,False,Normalized unit: Intensity; Annotation method: Msp20260116160945_NCDK_conventional_converted_dev_1,False,False,371,0,0.00,1.00,null,null,null,-1.00,-1.00,-0.143,16400.48,P Carly 25 Serum I_GD1_01_66508,848.77045:8930946 849.77511:5364558 850.77978:1535534,null,55110868,57617100,57088511,56658349,56618706.8789531,1078989.56198035
372,15.105,848.93109,Unknown,[M+2H]2+,null,1.00,False,null,null,null,null,null,null,999,False,False,False,Normalized unit: Intensity,False,False,372,0,0.00,null,null,null,null,null,null,null,1908.48,P Carly 25 Serum IV_GD1_01_66511,848.93109:197658 849.93576:133352 850.94043:17450,null,1268778,1202672,1225670,1296047,1248291.51359375,42004.4907481185
373,15.105,849.05664,Unknown,[M+H]+,null,1.00,False,null,null,null,null,null,null,999,False,False,False,Normalized unit: Intensity,False,False,373,0,0.00,null,null,null,null,null,null,null,2014.23,P Carly 25 Serum III_GD1_01_66510,849.05664:177266 850.06131:126142 851.06598:0,null,1135824,1112918,1125342,1130776,1126214.92334375,9843.79030069565
374,14.641,849.69537,no MS2: TG 50:4|TG 8:0_8:0_34:4,[M+Na]+,null,1.00,False,13.930,849.69427,C53H94O6,TG,NBOUVXSQNXDJHU-UHFFFAOYSA-N,O=C(OCC(OC(=O)CCCCCCC)COC(=O)CCCCCCCCCCCCCCCCCCCCC=CCC=CCC=CCC=CCC)CCCCCCC,530,False,True,False,Normalized unit: Intensity; Annotation method: Msp20260116160945_NCDK_conventional_converted_dev_1,False,False,374,0,0.00,1.00,null,null,null,-1.00,-1.00,-0.144,992.69,P Carly 25 Serum I_GD1_01_66508,849.69360:169826 850.69827:95030 851.70294:27306,null,1106338,1109890,1120367,1171893,1127121.9716875,30435.4248644177
375,12.416,850.66833,no MS2: RIKEN P-VS1 ID-13398 from Mouse_Brain_WT_N_F1,[M+H]+,null,1.00,False,13.560,850.66687,null,Unknown,null,null,530,False,True,False,Normalized unit: Intensity; Annotation method: Msp20260116160945_NCDK_conventional_converted_dev_1,False,False,375,0,0.00,1.00,null,null,null,-1.00,-1.00,-0.131,25.17,P Carly 25 Serum II_GD1_01_66509,850.66766:76244 851.67233:41470 852.67700:11700,null,699143,671871,673859,640519,671347.715703125,24010.8230801339
376,15.347,850.78790,no MS2: TG 50:1|TG 8:0_8:0_34:1,[M+NH4]+,null,1.00,False,14.765,850.78583,C53H100O6,TG,WLEHGRAGAYLVMG-UHFFFAOYSA-N,O=C(OCC(OC(=O)CCCCCCC)COC(=O)CCCCCCCCCCCCCCCCCCCCCCCC=CCCCCCCCC)CCCCCCC,530,False,True,False,Normalized unit: Intensity; Annotation method: Msp20260116160945_NCDK_conventional_converted_dev_1,False,False,376,0,0.00,1.00,null,null,null,-1.00,-1.00,-0.143,48351.69,P Carly 25 Serum II_GD1_01_66509,850.78595:7769640 851.79062:4421340 852.79529:1229580,null,32944864,34606747,35384829,35355322,34572940.5118438,1143541.2321785
377,15.351,850.94684,Unknown,[M+H]+,null,1.00,False,null,null,null,null,null,null,999,False,False,False,Normalized unit: Intensity,False,False,377,0,0.00,null,null,null,null,null,null,null,1451.23,P Carly 25 Serum III_GD1_01_66510,850.94684:194114 851.95151:131780 852.95617:15148,null,897649,867759,907718,922360,898871.563343751,23090.195472729
378,15.351,851.07153,Unknown,[M+H]+,null,1.00,False,null,null,null,null,null,null,999,False,False,False,Normalized unit: Intensity,False,False,378,0,0.00,null,null,null,null,null,null,null,1539.48,P Carly 25 Serum IV_GD1_01_66511,851.07153:168690 852.07620:114268 853.08087:8334,null,745416,735454,776602,794477,762987.374562501,27348.2781887202
379,15.347,851.49182,Unknown,[M+H]+,null,1.00,False,null,null,null,null,null,null,999,False,False,False,Normalized unit: Intensity,False,False,379,0,0.00,null,null,null,null,null,null,null,142.05,P Carly 25 Serum IV_GD1_01_66511,851.49182:225974 852.49649:115524 853.50116:4994,null,867080,871572,910308,940258,897304.443109375,34591.7331419629
380,14.849,851.71112,no MS2: TG 50:3|TG 8:0_8:0_34:3,[M+Na]+,null,1.00,False,13.920,851.70990,C53H96O6,TG,JLQAKOSOIVPICE-UHFFFAOYSA-N,O=C(OCC(OC(=O)CCCCCCC)COC(=O)CCCCCCCCCCCCCCCCCCC=CCC=CCC=CCCCCCCC)CCCCCCC,530,False,True,False,Normalized unit: Intensity; Annotation method: Msp20260116160945_NCDK_conventional_converted_dev_1,False,False,380,0,0.00,1.00,null,null,null,-1.00,-1.00,-0.143,1452.17,P Carly 25 Serum I_GD1_01_66508,851.70959:247178 852.71426:136172 853.71893:41306,null,1381909,1386216,1393564,1455874,1404390.815125,34658.0342001359
381,9.263,852.65967,no MS2: RIKEN P-VS1 ID-13486 from Mouse_Spleen_WT_N_F1AA,[M+H]+,null,0.25,False,9.870,852.65942,null,Unknown,null,null,530,False,True,False,Normalized unit: Intensity; Annotation method: Msp20260116160945_NCDK_conventional_converted_dev_1,False,False,381,0,0.00,1.00,null,null,null,-1.00,-1.00,-0.129,124.63,P Carly 25 Serum I_GD1_01_66508,852.65967:64750 853.66434:33016 854.66900:9500,null,439877,443823,443208,361440,422087.1444375,40468.6874947512
382,13.386,852.68463,no MS2: PC O-42:4|PC O-14:0_28:4,[M+H]+,null,1.00,False,12.594,852.68408,C50H94NO7P,EtherPC,WCRMUYBCGFGNRR-UHFFFAOYSA-N,O=C(OC(COCCCCCCCCCCCCCC)COP(=O)([O-])OCC[N+](C)(C)C)CCCCCCCCCCCCCCC=CCC=CCC=CCC=CCC,530,False,True,False,Normalized unit: Intensity; Annotation method: Msp20260116160945_NCDK_conventional_converted_dev_1,False,False,382,0,0.00,1.00,null,null,null,-1.00,-1.00,-0.143,112.74,P Carly 25 Serum II_GD1_01_66509,852.68365:78862 853.68832:43956 854.69299:27262,null,452023,453526,452502,448980,451758.028578124,1955.12110695423
383,15.650,852.80157,no MS2: TG 50:0|TG 8:0_8:0_34:0,[M+NH4]+,null,1.00,False,15.279,852.80151,C53H102O6,TG,VQYLXXPIAZUCDF-UHFFFAOYSA-N,O=C(OCC(OC(=O)CCCCCCC)COC(=O)CCCCCCCCCCCCCCCCCCCCCCCCCCCCCCCCC)CCCCCCC,530,False,True,False,Normalized unit: Intensity; Annotation method: Msp20260116160945_NCDK_conventional_converted_dev_1,False,False,383,0,0.00,1.00,null,null,null,-1.00,-1.00,-0.143,9338.40,P Carly 25 Serum III_GD1_01_66510,852.80157:1191854 853.80624:682392 854.81091:217056,null,5583881,5735300,5981020,5927602,5806950.75259375,182346.950880097
384,15.074,853.72638,no MS2: TG 50:2|TG 8:0_8:0_34:2,[M+Na]+,null,1.00,False,14.271,853.72559,C53H98O6,TG,VZLKOMBMLGTLFF-UHFFFAOYSA-N,O=C(OCC(OC(=O)CCCCCCC)COC(=O)CCCCCCCCCCCCCCCCCCCCCC=CCC=CCCCCCCC)CCCCCCC,530,False,True,False,Normalized unit: Intensity; Annotation method: Msp20260116160945_NCDK_conventional_converted_dev_1,False,False,384,0,0.00,1.00,null,null,null,-1.00,-1.00,-0.144,1791.34,P Carly 25 Serum I_GD1_01_66508,853.72504:218554 854.72970:130902 855.73437:37378,null,1217267,1240312,1244100,1309616,1252823.70160937,39675.0143519738
385,9.693,854.63898,no MS2: RIKEN P-VS1 ID-13569 from Mouse_Muscle_WT_N_F1AA,[M+H]+,null,1.00,False,9.700,854.63239,null,Unknown,null,null,530,False,True,False,Normalized unit: Intensity; Annotation method: Msp20260116160945_NCDK_conventional_converted_dev_1,False,False,385,0,0.00,0.79,null,null,null,-1.00,-1.00,-0.223,115.05,P Carly 25 Serum IV_GD1_01_66511,854.63824:68438 855.64291:35422 856.64758:10450,null,419076,435221,452922,406139,428339.63971875,20251.1372136806
386,15.334,855.74176,no MS2: TG 50:1|TG 8:0_8:0_34:1,[M+Na]+,null,1.00,False,14.765,855.74121,C53H100O6,TG,WLEHGRAGAYLVMG-UHFFFAOYSA-N,O=C(OCC(OC(=O)CCCCCCC)COC(=O)CCCCCCCCCCCCCCCCCCCCCCCC=CCCCCCCCC)CCCCCCC,530,False,True,False,Normalized unit: Intensity; Annotation method: Msp20260116160945_NCDK_conventional_converted_dev_1,False,False,386,0,0.00,1.00,null,null,null,-1.00,-1.00,-0.143,448.44,P Carly 25 Serum I_GD1_01_66508,855.74091:95370 856.74557:52414 857.75024:15248,null,352055,360131,375974,392417,370144.30253125,17865.5203361795
387,9.368,856.58392,no MS2: PC 40:6,[M+Na]+,null,1.00,False,9.286,856.58270,C48H84NO8P,PC,ITSVFHIEQXZXCM-UHFFFAOYSA-N,O=C(OCC(OC(=O)CCCCCCCCCCCCCCC=CCC=CCC=CCC=CCC=CCC=CCC)COP(=O)([O-])OCC[N+](C)(C)C)CCCCC,530,False,True,False,Normalized unit: Intensity; Annotation method: Msp20260116160945_NCDK_conventional_converted_dev_1,False,False,387,0,0.00,1.00,null,null,null,-1.00,-1.00,-0.143,135.72,P Carly 25 Serum IV_GD1_01_66511,856.58270:85430 857.58737:45920 858.59204:12834,null,609130,620934,636399,613690,620038.160796875,11941.3471499721
388,14.373,857.73352,no MS2: BA 24:1;O4;G/27:1,[M+NH4]+,null,1.00,False,13.146,857.73407,C53H93NO6,GDCAE,FAZKWXYLMFWOEG-UHFFFAOYSA-N,O=C(O)CNC(=O)CCC(C)C1CCC2C3CCC4CC(OC(=O)CCCCCCCCCCCCCCC=CCCCCCCCCCC)CCC4(C)C3CC(O)C12C,530,False,True,False,Normalized unit: Intensity; Annotation method: Msp20260116160945_NCDK_conventional_converted_dev_1,False,False,388,0,0.00,1.00,null,null,null,-1.00,-1.00,-0.144,82.28,P Carly 25 Serum I_GD1_01_66508,857.73352:115978 858.73819:62636 859.74286:18798,null,783582,739840,745432,741670,752631.336546875,20764.9185835792
389,14.780,858.75610,no MS2: TG 51:4|TG 8:0_9:0_34:4,[M+NH4]+,null,1.00,False,13.952,858.75452,C54H96O6,TG,JONYMDUNQJVTAE-UHFFFAOYSA-N,O=C(OCC(OC(=O)CCCCCCCC)COC(=O)CCCCCCCCCCCCCCCCCCCCC=CCC=CCC=CCC=CCC)CCCCCCC,530,False,True,False,Normalized unit: Intensity; Annotation method: Msp20260116160945_NCDK_conventional_converted_dev_1,False,False,389,0,0.00,1.00,null,null,null,-1.00,-1.00,-0.143,207.65,P Carly 25 Serum I_GD1_01_66508,858.75421:212382 859.75888:135174 860.76355:40744,null,1526841,1529083,1564463,1553429,1543454.19296875,18469.8131446982
390,14.589,859.75098,no MS2: BA 24:1;O4;G/27:0,[M+NH4]+,null,1.00,False,13.615,859.74982,C53H95NO6,GDCAE,MVJJWQAQALYJOS-UHFFFAOYSA-N,O=C(O)CNC(=O)CCC(C)C1CCC2C3CCC4CC(OC(=O)CCCCCCCCCCCCCCCCCCCCCCCCCC)CCC4(C)C3CC(O)C12C,530,False,True,False,Normalized unit: Intensity; Annotation method: Msp20260116160945_NCDK_conventional_converted_dev_1,False,False,390,0,0.00,1.00,null,null,null,-1.00,-1.00,-0.143,1690.96,P Carly 25 Serum I_GD1_01_66508,859.74957:291988 860.75424:168178 861.75891:50614,null,1864383,1875814,1892550,1952848,1896398.58629688,39370.1164602983
391,14.996,860.77081,no MS2: TG 51:3|TG 8:0_9:0_34:3,[M+NH4]+,null,1.00,False,14.212,860.77020,C54H98O6,TG,CXEFTXACLQXSHA-UHFFFAOYSA-N,O=C(OCC(OC(=O)CCCCCCCC)COC(=O)CCCCCCCCCCCCCCCCCCC=CCC=CCC=CCCCCCCC)CCCCCCC,530,False,True,False,Normalized unit: Intensity; Annotation method: Msp20260116160945_NCDK_conventional_converted_dev_1,False,False,391,0,0.00,1.00,null,null,null,-1.00,-1.00,-0.144,1728.87,P Carly 25 Serum III_GD1_01_66510,860.77081:814820 861.77548:517118 862.78015:162256,null,4155016,4236045,4427860,4257383,4269076.07076563,114672.850005184
392,14.819,861.76678,no MS2: RIKEN P-VS1 ID-13820 from Mouse_Feces_WT_N_Ctr,[M+H]+,null,1.00,False,8.880,861.76428,null,Unknown,null,null,530,False,True,False,Normalized unit: Intensity; Annotation method: Msp20260116160945_NCDK_conventional_converted_dev_1,False,False,392,0,0.00,1.00,null,null,null,-1.00,-1.00,-0.129,4520.89,P Carly 25 Serum II_GD1_01_66509,861.76392:599876 862.76858:359422 863.77325:104174,null,3209183,3098262,3295032,3228071,3207636.79967187,81691.8324761693
393,15.230,862.78668,no MS2: TG 51:2|TG 8:0_8:1_35:1,[M+NH4]+,null,1.00,False,14.615,862.78583,C54H100O6,TG,QSFMDQGXOXRHNU-UHFFFAOYSA-N,O=C(OCC(OC(=O)CCC=CCCC)COC(=O)CCCCCCCCCCCCCCCCCCCCCCC=CCCCCCCCCCC)CCCCCCC,530,False,True,False,Normalized unit: Intensity; Annotation method: Msp20260116160945_NCDK_conventional_converted_dev_1,False,False,393,0,0.00,1.00,null,null,null,-1.00,-1.00,-0.143,8726.50,P Carly 25 Serum I_GD1_01_66508,862.78607:862940 863.79074:553638 864.79541:187280,null,5369593,5548438,5896243,5778487,5648190.1700625,235282.728988892
394,15.057,863.78162,no MS2: RIKEN P-VS1 ID-13892 from Mouse_Muscle_WT_CTX0_Ctr,[M+H]+,null,1.00,False,14.380,863.78552,null,Unknown,null,null,530,False,True,False,Normalized unit: Intensity; Annotation method: Msp20260116160945_NCDK_conventional_converted_dev_1,False,False,394,0,0.00,0.94,null,null,null,-1.00,-1.00,-0.157,4099.59,P Carly 25 Serum III_GD1_01_66510,863.78241:624314 864.78708:368328 865.79175:111072,null,2780231,2819830,2865116,2935626,2850200.89995312,66678.3637287313
395,7.948,864.62341,no MS2: SHexCer 40:1;O2|SHexCer 12:1;O2/28:0,[M+H]+,null,1.00,False,9.352,864.62292,C46H89NO11S,SHexCer,QOLPJRGLDWCGJQ-UHFFFAOYSA-N,O=C(NC(COC1OC(CO)C(O)C(OS(=O)(=O)O)C1O)C(O)C=CCCCCCCC)CCCCCCCCCCCCCCCCCCCCCCCCCCC,530,False,True,False,Normalized unit: Intensity; Annotation method: Msp20260116160945_NCDK_conventional_converted_dev_1,False,False,395,0,0.00,1.00,null,null,null,-1.00,-1.00,-0.143,570.67,P Carly 25 Serum IV_GD1_01_66511,864.62299:432658 865.62765:232376 866.63232:72642,null,2767826,2853607,2866277,2614768,2775619.68101563,115808.326652039
396,15.511,864.80157,no MS2: TG 51:1|TG 8:0_8:0_35:1,[M+NH4]+,null,1.00,False,14.871,864.80151,C54H102O6,TG,OVVKXWWCKQETBC-UHFFFAOYSA-N,O=C(OCC(OC(=O)CCCCCCC)COC(=O)CCCCCCCCCCCCCCCCCCCCCCC=CCCCCCCCCCC)CCCCCCC,530,False,True,False,Normalized unit: Intensity; Annotation method: Msp20260116160945_NCDK_conventional_converted_dev_1,False,False,396,0,0.00,1.00,null,null,null,-1.00,-1.00,-0.143,3686.41,P Carly 25 Serum III_GD1_01_66510,864.80157:429358 865.80624:259194 866.81091:87900,null,2386065,2384056,2547190,2473411,2447680.50053125,78334.0942697629
397,15.321,865.79773,no MS2: RIKEN P-VS1 ID-13962 from Mouse_Adipose_WT_N_F1EPA,[M+H]+,null,1.00,False,15.790,865.79077,null,Unknown,null,null,530,False,True,False,Normalized unit: Intensity; Annotation method: Msp20260116160945_NCDK_conventional_converted_dev_1,False,False,397,0,0.00,0.87,null,null,null,-1.00,-1.00,-0.186,1214.84,P Carly 25 Serum II_GD1_01_66509,865.79529:178812 866.79996:100624 867.80462:28098,null,905353,967205,1022319,1014320,977298.959984375,53775.3982805432
398,8.797,866.63892,no MS2: SHexCer 40:0;O2|SHexCer 12:0;O2/28:0,[M+H]+,null,0.75,False,9.458,866.63861,C46H91NO11S,SHexCer,JFIJVBLCFOYOJT-UHFFFAOYSA-N,O=C(NC(COC1OC(CO)C(O)C(OS(=O)(=O)O)C1O)C(O)CCCCCCCCC)CCCCCCCCCCCCCCCCCCCCCCCCCCC,530,False,True,False,Normalized unit: Intensity; Annotation method: Msp20260116160945_NCDK_conventional_converted_dev_1,False,False,398,0,0.00,1.00,null,null,null,-1.00,-1.00,-0.143,52.23,P Carly 25 Serum I_GD1_01_66508,866.63885:66486 867.64352:35052 868.64819:17480,null,481071,482694,475392,430419,467393.959609375,24848.0926876175
399,8.346,866.64026,no MS2: SHexCer 40:0;O2|SHexCer 12:0;O2/28:0,[M+H]+,null,1.00,False,9.458,866.63861,C46H91NO11S,SHexCer,JFIJVBLCFOYOJT-UHFFFAOYSA-N,O=C(NC(COC1OC(CO)C(O)C(OS(=O)(=O)O)C1O)C(O)CCCCCCCCC)CCCCCCCCCCCCCCCCCCCCCCCCCCC,530,False,True,False,Normalized unit: Intensity; Annotation method: Msp20260116160945_NCDK_conventional_converted_dev_1,False,False,399,0,0.00,1.00,null,null,null,-1.00,-1.00,-0.143,102.55,P Carly 25 Serum IV_GD1_01_66511,866.63873:150194 867.64340:85076 868.64807:22542,null,1106464,1146910,1145161,1074695,1118307.56017187,34552.1949986356
400,9.693,868.65460,no MS2: RIKEN P-VS1 ID-14050 from Mouse_Macrophage_WT_N_F1AA,[M+H]+,null,1.00,False,9.900,868.65570,null,Unknown,null,null,530,False,True,False,Normalized unit: Intensity; Annotation method: Msp20260116160945_NCDK_conventional_converted_dev_1,False,False,400,0,0.00,1.00,null,null,null,-1.00,-1.00,-0.129,944.11,P Carly 25 Serum III_GD1_01_66510,868.65515:734646 869.65982:391610 870.66449:116402,null,4473068,4608749,4611246,4339166,4508057.32707813,129788.857675477
401,14.529,868.73975,no MS2: TG 52:6|TG 8:0_8:0_36:6,[M+NH4]+,null,1.00,False,13.840,868.73889,C55H94O6,TG,CURGLEGXZYHDPR-UHFFFAOYSA-N,O=C(OCC(OC(=O)CCCCCCC)COC(=O)CCCCCCCCCCCCCCCCC=CCC=CCC=CCC=CCC=CCC=CCC)CCCCCCC,530,False,True,False,Normalized unit: Intensity; Annotation method: Msp20260116160945_NCDK_conventional_converted_dev_1,False,False,401,0,0.00,1.00,null,null,null,-1.00,-1.00,-0.144,412.64,P Carly 25 Serum I_GD1_01_66508,868.73822:263974 869.74289:174100 870.74756:62018,null,2841998,2884006,2882647,2852555,2865301.80173438,21262.2214913998
402,10.338,870.66980,no MS2: SL 53:8;O2|SL 17:2;O/36:6;O,[M+H]+,null,1.00,False,12.966,870.66400,C53H91NO6S,SL,KLSKZNJVJIRCFC-UHFFFAOYSA-N,O=C(N(CC(O)C=CCCC=CCCCCCCCC)CS(=O)(=O)O)C(O)CCCCCCCCCCCCCCCC=CCC=CCC=CCC=CCC=CCC=CCC,530,False,True,False,Normalized unit: Intensity; Annotation method: Msp20260116160945_NCDK_conventional_converted_dev_1,False,False,402,0,0.00,0.82,null,null,null,-1.00,-1.00,-0.233,578.13,P Carly 25 Serum II_GD1_01_66509,870.66949:185008 871.67416:89824 872.67883:26534,null,1246455,1221661,1232817,1162451,1215846.0226875,37012.7118992459
403,14.711,870.75635,no MS2: TG 52:5|TG 8:0_8:0_36:5,[M+NH4]+,null,1.00,False,13.969,870.75452,C55H96O6,TG,OXXCYSJBSYMWQA-UHFFFAOYSA-N,O=C(OCC(OC(=O)CCCCCCC)COC(=O)CCCCCCCCCCCCCCCCCCCC=CCC=CCC=CCC=CCC=CCC)CCCCCCC,530,False,True,False,Normalized unit: Intensity; Annotation method: Msp20260116160945_NCDK_conventional_converted_dev_1,False,False,403,0,0.00,1.00,null,null,null,-1.00,-1.00,-0.144,7952.20,P Carly 25 Serum I_GD1_01_66508,870.75403:2597176 871.75870:1549560 872.76336:512744,null,20841817,20372237,21318153,21043997,20894050.928,398900.39030494
404,14.910,872.77197,no MS2: TG 52:4|TG 8:0_8:0_36:4,[M+NH4]+,null,1.00,False,14.237,872.77020,C55H98O6,TG,TVCXNLFXLACFHK-UHFFFAOYSA-N,O=C(OCC(OC(=O)CCCCCCC)COC(=O)CCCCCCCCCCCCCCCCCCCCCCC=CCC=CCC=CCC=CCC)CCCCCCC,530,False,True,False,Normalized unit: Intensity; Annotation method: Msp20260116160945_NCDK_conventional_converted_dev_1,False,False,404,0,0.00,1.00,null,null,null,-1.00,-1.00,-0.143,9378.56,P Carly 25 Serum II_GD1_01_66509,872.77014:12723820 873.77481:8692616 874.77948:2619266,null,86612443,85814961,86728165,85403667,86139808.9987657,636913.73418453
405,14.910,872.93213,no MS2: RIKEN P-VS1 ID-14223 from Mouse_SmallIntestine_WT_N_F1,[M+H]+,null,1.00,False,14.290,872.94012,null,Unknown,null,null,530,False,True,False,Normalized unit: Intensity; Annotation method: Msp20260116160945_NCDK_conventional_converted_dev_1,False,False,405,0,0.00,0.84,null,null,null,-1.00,-1.00,-0.201,2444.32,P Carly 25 Serum IV_GD1_01_66511,872.93494:228500 873.93960:142120 874.94427:18554,null,1496511,1523929,1504108,1478856,1500851.34128125,18671.0964409789
406,14.914,873.06152,Unknown,[M+H]+,null,1.00,False,null,null,null,null,null,null,999,False,False,False,Normalized unit: Intensity,False,False,406,0,0.00,null,null,null,null,null,null,null,2626.40,P Carly 25 Serum III_GD1_01_66510,873.06152:211522 874.06619:153706 875.07086:24834,null,1408380,1377170,1403647,1411530,1400182.0496875,15679.4435632892
407,14.901,873.20490,Unknown,[M+H]+,null,1.00,False,null,null,null,null,null,null,999,False,False,False,Normalized unit: Intensity,False,False,407,0,0.00,null,null,null,null,null,null,null,706.19,P Carly 25 Serum IV_GD1_01_66511,873.20490:110272 874.20956:42202 875.21423:0,null,348730,313088,341330,368024,342793.0530625,22777.1267962207
408,14.905,873.48474,Unknown,[M+H]+,null,1.00,False,null,null,null,null,null,null,999,False,False,False,Normalized unit: Intensity,False,False,408,0,0.00,null,null,null,null,null,null,null,2841.88,P Carly 25 Serum III_GD1_01_66510,873.48474:396700 874.48941:222086 875.49408:31928,null,2351105,2369063,2374988,2341352,2359126.91628125,15605.5396055315
409,15.139,874.78754,no MS2: TG 52:3|TG 8:0_8:0_36:3,[M+NH4]+,null,1.00,False,14.469,874.78583,C55H100O6,TG,SMVJWGZQUSFCNG-UHFFFAOYSA-N,O=C(OCC(OC(=O)CCCCCCC)COC(=O)CCCCCCCCCCCCCCCCCCCCC=CCC=CCC=CCCCCCCC)CCCCCCC,530,False,True,False,Normalized unit: Intensity; Annotation method: Msp20260116160945_NCDK_conventional_converted_dev_1,False,False,409,0,0.00,1.00,null,null,null,-1.00,-1.00,-0.143,131114.70,P Carly 25 Serum II_GD1_01_66509,874.78613:13971454 875.79080:13268296 876.79547:4499986,null,113365349,111755000,111350316,112782497,112313290.599125,924840.876669419
410,15.139,874.95013,Unknown,[M+H]+,null,1.00,False,null,null,null,null,null,null,999,False,False,False,Normalized unit: Intensity,False,False,410,0,0.00,null,null,null,null,null,null,null,3781.83,P Carly 25 Serum III_GD1_01_66510,874.95013:370562 875.95480:194074 876.95947:32510,null,2412196,2386231,2438559,2443575,2420140.13315625,26466.4808685154
411,15.139,875.07935,Unknown,[M+H]+,null,1.00,False,null,null,null,null,null,null,999,False,False,False,Normalized unit: Intensity,False,False,411,0,0.00,null,null,null,null,null,null,null,3596.61,P Carly 25 Serum IV_GD1_01_66511,875.07935:301522 876.08401:203072 877.08868:70508,null,2087521,2002043,2049091,2063888,2050635.64648437,36054.4556137706
412,15.135,875.22198,Unknown,[M+H]+,null,1.00,False,null,null,null,null,null,null,999,False,False,False,Normalized unit: Intensity,False,False,412,0,0.00,null,null,null,null,null,null,null,1775.03,P Carly 25 Serum II_GD1_01_66509,875.22198:173824 876.22665:106214 877.23132:0,null,773146,878167,862374,863591,844319.479749999,47988.2359453971
413,15.135,875.33978,Unknown,[M+H]+,null,1.00,False,null,null,null,null,null,null,999,False,False,False,Normalized unit: Intensity,False,False,413,0,0.00,null,null,null,null,null,null,null,1196.67,P Carly 25 Serum IV_GD1_01_66511,875.33978:119024 876.34445:25318 877.34912:4862,null,521913,483213,504867,523394,508347.06078125,18746.2598736141
414,15.135,875.49921,Unknown,[M+H]+,null,1.00,False,null,null,null,null,null,null,999,False,False,False,Normalized unit: Intensity,False,False,414,0,0.00,null,null,null,null,null,null,null,8196.52,P Carly 25 Serum II_GD1_01_66509,875.49921:724994 876.50387:425398 877.50854:89884,null,4174956,4215796,4143212,4144658,4169655.5204375,34064.3933201666
415,14.702,875.71082,no MS2: TG 52:5|TG 8:0_8:0_36:5,[M+Na]+,null,1.00,False,13.969,875.70990,C55H96O6,TG,OXXCYSJBSYMWQA-UHFFFAOYSA-N,O=C(OCC(OC(=O)CCCCCCC)COC(=O)CCCCCCCCCCCCCCCCCCCC=CCC=CCC=CCC=CCC=CCC)CCCCCCC,530,False,True,False,Normalized unit: Intensity; Annotation method: Msp20260116160945_NCDK_conventional_converted_dev_1,False,False,415,0,0.00,1.00,null,null,null,-1.00,-1.00,-0.143,1273.79,P Carly 25 Serum I_GD1_01_66508,875.70966:226818 876.71432:134356 877.71899:43494,null,1914747,1935732,1933726,1976683,1940222.0163125,26081.6032625533
416,12.697,876.68463,no MS2: PC O-44:6|PC O-16:0_28:6,[M+H]+,null,1.00,False,12.408,876.68408,C52H94NO7P,EtherPC,IYYVNINVOLHLIG-UHFFFAOYSA-N,O=C(OC(COCCCCCCCCCCCCCCCC)COP(=O)([O-])OCC[N+](C)(C)C)CCCCCCCCC=CCC=CCC=CCC=CCC=CCC=CCC,530,False,True,False,Normalized unit: Intensity; Annotation method: Msp20260116160945_NCDK_conventional_converted_dev_1,False,False,416,0,0.00,1.00,null,null,null,-1.00,-1.00,-0.143,570.26,P Carly 25 Serum I_GD1_01_66508,876.68390:84300 877.68857:49188 878.69323:13496,null,716068,715355,718137,718948,717127.117203125,1692.64599043863
417,15.356,876.80322,no MS2: TG 52:2|TG 8:0_8:0_36:2,[M+NH4]+,null,1.00,False,14.765,876.80151,C55H102O6,TG,RNPAKTRKCHCWDH-UHFFFAOYSA-N,O=C(OCC(OC(=O)CCCCCCC)COC(=O)CCCCCCCCCCCCCCCCCCCCCCCC=CCC=CCCCCCCC)CCCCCCC,530,False,True,False,Normalized unit: Intensity; Annotation method: Msp20260116160945_NCDK_conventional_converted_dev_1,False,False,417,0,0.00,1.00,null,null,null,-1.00,-1.00,-0.143,105226.80,P Carly 25 Serum II_GD1_01_66509,876.80139:13522644 877.80606:9879978 878.81073:2968746,null,80379933,81353986,82111179,83176818,81755478.9215626,1183222.74394175
418,15.369,876.96442,Unknown,[M+H]+,null,1.00,False,null,null,null,null,null,null,999,False,False,False,Normalized unit: Intensity,False,False,418,0,0.00,null,null,null,null,null,null,null,2690.97,P Carly 25 Serum III_GD1_01_66510,876.96442:272174 877.96908:190618 878.97375:38506,null,1855951,1827815,1840303,1819401,1835867.42507813,15906.0657582842
419,15.369,877.09290,Unknown,[M+H]+,null,1.00,False,null,null,null,null,null,null,999,False,False,False,Normalized unit: Intensity,False,False,419,0,0.00,null,null,null,null,null,null,null,2454.18,P Carly 25 Serum IV_GD1_01_66511,877.09290:239584 878.09756:177712 879.10223:37536,null,1571034,1604025,1627979,1629785,1608205.7695625,27422.0196388517
420,15.344,877.23792,Unknown,[M+H]+,null,0.50,False,null,null,null,null,null,null,999,False,False,False,Normalized unit: Intensity,False,False,420,0,0.00,null,null,null,null,null,null,null,818.01,P Carly 25 Serum IV_GD1_01_66511,877.23792:132872 878.24258:75714 879.24725:0,null,251128,239564,367099,369032,306705.700046875,71013.4439054282
421,15.356,877.51764,Unknown,[M+H]+,null,1.00,False,null,null,null,null,null,null,999,False,False,False,Normalized unit: Intensity,False,False,421,0,0.00,null,null,null,null,null,null,null,1544.05,P Carly 25 Serum IV_GD1_01_66511,877.51764:515232 878.52231:291614 879.52697:44410,null,2435459,2398657,2470685,2530102,2458725.5813125,55938.0233009419
422,14.918,877.72705,no MS2: TG 52:4|TG 8:0_8:0_36:4,[M+Na]+,null,1.00,False,14.237,877.72559,C55H98O6,TG,TVCXNLFXLACFHK-UHFFFAOYSA-N,O=C(OCC(OC(=O)CCCCCCC)COC(=O)CCCCCCCCCCCCCCCCCCCCCCC=CCC=CCC=CCC=CCC)CCCCCCC,530,False,True,False,Normalized unit: Intensity; Annotation method: Msp20260116160945_NCDK_conventional_converted_dev_1,False,False,422,0,0.00,1.00,null,null,null,-1.00,-1.00,-0.143,2494.21,P Carly 25 Serum I_GD1_01_66508,877.72540:342562 878.73007:204590 879.73474:64994,null,2968982,3016244,3022068,3177610,3046226.14910938,90757.9854661738
423,13.368,878.69946,no MS2: PC O-44:5|PC O-16:0_28:5,[M+H]+,null,1.00,False,12.917,878.69971,C52H96NO7P,EtherPC,NKGFQIYBEVOJQB-UHFFFAOYSA-N,O=C(OC(COCCCCCCCCCCCCCCCC)COP(=O)([O-])OCC[N+](C)(C)C)CCCCCCCCCCCC=CCC=CCC=CCC=CCC=CCC,530,False,True,False,Normalized unit: Intensity; Annotation method: Msp20260116160945_NCDK_conventional_converted_dev_1,False,False,423,0,0.00,1.00,null,null,null,-1.00,-1.00,-0.143,1666.51,P Carly 25 Serum I_GD1_01_66508,878.69952:234660 879.70419:135508 880.70886:40854,null,1364131,1333348,1340113,1327501,1341273.28957812,16086.2779539311
424,15.663,878.81732,no MS2: TG 52:1|TG 8:0_8:0_36:1,[M+NH4]+,null,1.00,False,15.104,878.81708,C55H104O6,TG,SQUKIHAMTAEABK-UHFFFAOYSA-N,O=C(OCC(OC(=O)CCCCCCC)COC(=O)CCCCCCCCCCCCCCCCCCCCCCCC=CCCCCCCCCCC)CCCCCCC,530,False,True,False,Normalized unit: Intensity; Annotation method: Msp20260116160945_NCDK_conventional_converted_dev_1,False,False,424,0,0.00,1.00,null,null,null,-1.00,-1.00,-0.143,31943.26,P Carly 25 Serum III_GD1_01_66510,878.81732:4206926 879.82199:2659762 880.82666:866546,null,19854327,21190652,20972702,20755110,20693197.7998438,586833.425051055
425,15.658,878.98181,Unknown,[M+H]+,null,0.25,False,null,null,null,null,null,null,999,False,False,False,Normalized unit: Intensity,False,False,425,0,0.00,null,null,null,null,null,null,null,450.08,P Carly 25 Serum III_GD1_01_66510,878.98181:76002 879.98648:29612 880.99115:2830,null,281795,283842,295805,281272,285678.208578125,6841.51218217994
426,15.667,879.10394,Unknown,[M+H]+,null,1.00,False,null,null,null,null,null,null,999,False,False,False,Normalized unit: Intensity,False,False,426,0,0.00,null,null,null,null,null,null,null,584.70,P Carly 25 Serum III_GD1_01_66510,879.10394:90516 880.10861:43456 881.11328:2712,null,308993,284522,313471,306209,303298.716328125,12870.0491212734
427,15.663,879.53302,Unknown,[M+H]+,null,1.00,False,null,null,null,null,null,null,999,False,False,False,Normalized unit: Intensity,False,False,427,0,0.00,null,null,null,null,null,null,null,242.36,P Carly 25 Serum III_GD1_01_66510,879.53302:122360 880.53769:51988 881.54236:2262,null,410067,396546,435712,422831,416288.849078125,16818.1878984349
428,15.143,879.74219,no MS2: TG 52:3|TG 8:0_8:0_36:3,[M+Na]+,null,1.00,False,14.469,879.74121,C55H100O6,TG,SMVJWGZQUSFCNG-UHFFFAOYSA-N,O=C(OCC(OC(=O)CCCCCCC)COC(=O)CCCCCCCCCCCCCCCCCCCCC=CCC=CCC=CCCCCCCC)CCCCCCC,530,False,True,False,Normalized unit: Intensity; Annotation method: Msp20260116160945_NCDK_conventional_converted_dev_1,False,False,428,0,0.00,1.00,null,null,null,-1.00,-1.00,-0.143,2733.59,P Carly 25 Serum I_GD1_01_66508,879.74109:279982 880.74576:165700 881.75042:46366,null,2426615,2432033,2478036,2629854,2491634.41126562,94990.3140476432
429,8.225,880.59308,no MS2: PI 36:2,[M+NH4]+,null,1.00,False,8.487,880.59100,C45H83O13P,PI,MTZOYTZXXAANDJ-UHFFFAOYSA-N,O=C(OCC(OC(=O)CCCCCCCCCCCCCCCCCC=CCC=CCCCCCCC)COP(=O)(O)OC1C(O)C(O)C(O)C(O)C1O)CCCCC,530,False,True,False,Normalized unit: Intensity; Annotation method: Msp20260116160945_NCDK_conventional_converted_dev_1,False,False,429,0,0.00,1.00,null,null,null,-1.00,-1.00,-0.143,216.23,P Carly 25 Serum IV_GD1_01_66511,880.59119:125222 881.59585:62450 882.60052:18082,null,941466,871384,967712,921668,925557.523156251,40742.9940568294
430,14.607,880.71899,no MS2: Cer 59:12;O4|Cer 13:1;O2/46:11;O2,[M+H-H2O]+,null,1.00,False,12.495,880.71771,C59H95NO5,Cer_EOS,AIIUQNKADIAVHY-UHFFFAOYSA-N,O=C(OCCC=CCC=CCC=CCC=CCCCCCCCCCCC(=O)NC(CO)C(O)C=CCCCCCCCC)CCC=CCC=CCC=CCC=CCC=CCC=CCC,530,False,True,False,Normalized unit: Intensity; Annotation method: Msp20260116160945_NCDK_conventional_converted_dev_1,False,False,430,0,0.00,1.00,null,null,null,-1.00,-1.00,-0.143,623.59,P Carly 25 Serum I_GD1_01_66508,880.71771:114470 881.72238:72344 882.72705:22058,null,625138,616081,623972,601220,616602.75534375,11016.0400916649
431,15.979,880.83209,no MS2: TG 52:0|TG 8:0_8:0_36:0,[M+NH4]+,null,1.00,False,15.344,880.83282,C55H106O6,TG,BSJPVRXTJVRYDO-UHFFFAOYSA-N,O=C(OCC(OC(=O)CCCCCCC)COC(=O)CCCCCCCCCCCCCCCCCCCCCCCCCCCCCCCCCCC)CCCCCCC,530,False,True,False,Normalized unit: Intensity; Annotation method: Msp20260116160945_NCDK_conventional_converted_dev_1,False,False,431,0,0.00,1.00,null,null,null,-1.00,-1.00,-0.145,1335.57,P Carly 25 Serum III_GD1_01_66510,880.83209:259172 881.83676:158934 882.84143:49522,null,1466000,1447563,1438005,1369476,1430261.01176562,42155.999791166
432,15.338,881.75708,no MS2: TG 52:2|TG 8:0_8:0_36:2,[M+Na]+,null,1.00,False,14.765,881.75690,C55H102O6,TG,RNPAKTRKCHCWDH-UHFFFAOYSA-N,O=C(OCC(OC(=O)CCCCCCC)COC(=O)CCCCCCCCCCCCCCCCCCCCCCCC=CCC=CCCCCCCC)CCCCCCC,530,False,True,False,Normalized unit: Intensity; Annotation method: Msp20260116160945_NCDK_conventional_converted_dev_1,False,False,432,0,0.00,1.00,null,null,null,-1.00,-1.00,-0.143,1030.44,P Carly 25 Serum IV_GD1_01_66511,881.75708:175012 882.76175:102718 883.76642:30496,null,733740,730976,775733,815531,763994.947109375,39997.1580615595
433,14.446,883.75110,no MS2: RIKEN P-VS1 ID-14640 from Mouse_Aorta_ApoEKO_N_F1DHA,[M+H]+,null,1.00,False,6.710,883.75031,null,Unknown,null,null,530,False,True,False,Normalized unit: Intensity; Annotation method: Msp20260116160945_NCDK_conventional_converted_dev_1,False,False,433,0,0.00,1.00,null,null,null,-1.00,-1.00,-0.130,460.45,P Carly 25 Serum III_GD1_01_66510,883.75110:96750 884.75577:58436 885.76043:16924,null,977254,971669,966203,952396,966880.734796876,10658.2409906521
434,15.646,883.77179,no MS2: TG 52:1|TG 8:0_8:0_36:1,[M+Na]+,null,1.00,False,15.104,883.77252,C55H104O6,TG,SQUKIHAMTAEABK-UHFFFAOYSA-N,O=C(OCC(OC(=O)CCCCCCC)COC(=O)CCCCCCCCCCCCCCCCCCCCCCCC=CCCCCCCCCCC)CCCCCCC,530,False,True,False,Normalized unit: Intensity; Annotation method: Msp20260116160945_NCDK_conventional_converted_dev_1,False,False,434,0,0.00,1.00,null,null,null,-1.00,-1.00,-0.143,1191.81,P Carly 25 Serum III_GD1_01_66510,883.77258:221724 884.77725:133086 885.78192:39100,null,796386,839694,889535,902912,857131.7610625,48784.6833232362
435,14.806,884.77167,no MS2: TG 53:5|TG 8:0_9:0_36:5,[M+NH4]+,null,1.00,False,14.228,884.77020,C56H98O6,TG,DBAGJOKBFJKZPE-UHFFFAOYSA-N,O=C(OCC(OC(=O)CCCCCCCC)COC(=O)CCCCCCCCCCCCCCCCCCCC=CCC=CCC=CCC=CCC=CCC)CCCCCCC,530,False,True,False,Normalized unit: Intensity; Annotation method: Msp20260116160945_NCDK_conventional_converted_dev_1,False,False,435,0,0.00,1.00,null,null,null,-1.00,-1.00,-0.143,372.82,P Carly 25 Serum I_GD1_01_66508,884.76984:103532 885.77450:110986 886.77917:49086,null,948087,923847,960583,948761,945319.357,15422.3013929958
436,14.641,885.76624,no MS2: SL 52:2;O2|SL 16:1;O/36:1;O,[M+NH4]+,null,1.00,False,13.025,885.76880,C52H101NO6S,SL,TXEQYFIONRTKEL-UHFFFAOYSA-N,O=C(N(CC(O)C=CCCCCCCCCCCC)CS(=O)(=O)O)C(O)CCCCCCCCCCCCCCCCCCCCCCC=CCCCCCCCCCC,530,False,True,False,Normalized unit: Intensity; Annotation method: Msp20260116160945_NCDK_conventional_converted_dev_1,False,False,436,0,0.00,0.96,null,null,null,-1.00,-1.00,-0.163,1858.41,P Carly 25 Serum IV_GD1_01_66511,885.76624:448944 886.77090:268316 887.77557:81616,null,3645004,3607918,3636836,3669128,3639721.274875,25248.2378981132
437,15.022,886.78711,no MS2: TG 53:4|TG 8:0_9:0_36:4,[M+NH4]+,null,1.00,False,14.667,886.78583,C56H100O6,TG,DKDMJQMLAKSNCB-UHFFFAOYSA-N,O=C(OCC(OC(=O)CCCCCCCC)COC(=O)CCCCCCCCCCCCCCCCCCCCCCC=CCC=CCC=CCC=CCC)CCCCCCC,530,False,True,False,Normalized unit: Intensity; Annotation method: Msp20260116160945_NCDK_conventional_converted_dev_1,False,False,437,0,0.00,1.00,null,null,null,-1.00,-1.00,-0.144,3796.62,P Carly 25 Serum I_GD1_01_66508,886.78528:396176 887.78995:318676 888.79461:127890,null,2596755,2581846,2683540,2661115,2630813.826875,49180.0538387342
438,8.112,887.56641,no MS2: RIKEN P-VS1 ID-14751 from Mouse_Feces_WT_ABX_Ctr,[M+H]+,null,1.00,False,12.780,887.56549,null,Unknown,null,null,530,False,True,False,Normalized unit: Intensity; Annotation method: Msp20260116160945_NCDK_conventional_converted_dev_1,False,False,438,0,0.00,1.00,null,null,null,-1.00,-1.00,-0.129,2044.01,P Carly 25 Serum I_GD1_01_66508,887.56555:275670 888.57022:140342 889.57489:40672,null,1509014,1579304,1616200,1583160,1571919.49665625,45087.9829186142
439,14.849,887.78204,no MS2: SL 52:1;O2|SL 16:1;O/36:0;O,[M+NH4]+,null,1.00,False,13.348,887.78442,C52H103NO6S,SL,OTPOJKKXGSCVFS-UHFFFAOYSA-N,O=C(N(CC(O)C=CCCCCCCCCCCC)CS(=O)(=O)O)C(O)CCCCCCCCCCCCCCCCCCCCCCCCCCCCCCCCCC,530,False,True,False,Normalized unit: Intensity; Annotation method: Msp20260116160945_NCDK_conventional_converted_dev_1,False,False,439,0,0.00,0.98,null,null,null,-1.00,-1.00,-0.154,10862.79,P Carly 25 Serum III_GD1_01_66510,887.78253:1160966 888.78720:685944 889.79187:210218,null,5884599,5859900,5941559,6027086,5928285.93953125,74213.4220192671
440,13.866,888.76508,no MS2: RIKEN P-VS1 ID-14796 from Mouse_Liver_WT_N_F1DHA,[M+H]+,null,1.00,False,14.210,888.76422,null,Unknown,null,null,530,False,True,False,Normalized unit: Intensity; Annotation method: Msp20260116160945_NCDK_conventional_converted_dev_1,False,False,440,0,0.00,1.00,null,null,null,-1.00,-1.00,-0.129,1087.55,P Carly 25 Serum I_GD1_01_66508,888.76447:196606 889.76913:121282 890.77380:33890,null,1804546,1789536,1835288,1728438,1789451.70490625,44912.7092489741
441,15.265,888.80237,no MS2: TG 53:3|TG 8:0_9:0_36:3,[M+NH4]+,null,1.00,False,14.452,888.80151,C56H102O6,TG,PROAZUBDFFEGFS-UHFFFAOYSA-N,O=C(OCC(OC(=O)CCCCCCCC)COC(=O)CCCCCCCCCCCCCCCCCCCCC=CCC=CCC=CCCCCCCC)CCCCCCC,530,False,True,False,Normalized unit: Intensity; Annotation method: Msp20260116160945_NCDK_conventional_converted_dev_1,False,False,441,0,0.00,1.00,null,null,null,-1.00,-1.00,-0.143,6717.90,P Carly 25 Serum IV_GD1_01_66511,888.80151:710282 889.80618:477980 890.81085:168128,null,4307527,4423765,4577793,4494513,4450899.35264063,114449.45300403
442,15.083,889.79700,no MS2: SL 52:0;O2|SL 16:0;O/36:0;O,[M+NH4]+,null,1.00,False,13.492,889.80011,C52H105NO6S,SL,KUTAXGAHVKPUNJ-UHFFFAOYSA-N,O=C(N(CC(O)CCCCCCCCCCCCC)CS(=O)(=O)O)C(O)CCCCCCCCCCCCCCCCCCCCCCCCCCCCCCCCCC,530,False,True,False,Normalized unit: Intensity; Annotation method: Msp20260116160945_NCDK_conventional_converted_dev_1,False,False,442,0,0.00,0.96,null,null,null,-1.00,-1.00,-0.164,12037.12,P Carly 25 Serum III_GD1_01_66510,889.79749:1164954 890.80215:692728 891.80682:221552,null,7217402,7312027,7547218,7692518,7442291.09231249,216923.298385019
443,14.044,890.78125,no MS2: RIKEN P-VS1 ID-14859 from Mouse_Adipose_WT_N_F1,[M+H]+,null,1.00,False,13.690,890.77722,null,Unknown,null,null,530,False,True,False,Normalized unit: Intensity; Annotation method: Msp20260116160945_NCDK_conventional_converted_dev_1,False,False,443,0,0.00,0.99,null,null,null,-1.00,-1.00,-0.135,1535.95,P Carly 25 Serum II_GD1_01_66509,890.77875:196976 891.78342:123514 892.78808:38390,null,1674627,1382189,1466080,1549662,1518139.33489062,124732.672191219
444,15.524,890.81720,no MS2: TG 53:2|TG 8:0_8:1_37:1,[M+NH4]+,null,1.00,False,15.003,890.81708,C56H104O6,TG,PYYLIQYOBHNTCW-UHFFFAOYSA-N,O=C(OCC(OC(=O)CCC=CCCC)COC(=O)CCCCCCCCCCCCCCCCCCCCCCCCC=CCCCCCCCCCC)CCCCCCC,530,False,True,False,Normalized unit: Intensity; Annotation method: Msp20260116160945_NCDK_conventional_converted_dev_1,False,False,444,0,0.00,1.00,null,null,null,-1.00,-1.00,-0.143,3918.38,P Carly 25 Serum III_GD1_01_66510,890.81720:566720 891.82187:402990 892.82654:138682,null,3317867,3331186,3477270,3390960,3379320.77773438,72624.8285432011
445,15.334,891.81201,no MS2: RIKEN P-VS1 ID-14892 from Mouse_Plasma_ApoEKO_N_F1DHA,[M+H]+,null,1.00,False,14.840,891.81812,null,Unknown,null,null,530,False,True,False,Normalized unit: Intensity; Annotation method: Msp20260116160945_NCDK_conventional_converted_dev_1,False,False,445,0,0.00,0.85,null,null,null,-1.00,-1.00,-0.197,5082.99,P Carly 25 Serum III_GD1_01_66510,891.81299:806450 892.81766:488940 893.82232:153460,null,3671980,3877960,3934014,4004751,3872176.4350625,143192.044547156
446,9.376,892.65417,no MS2: RIKEN P-VS1 ID-14917 from Mouse_Eye_WT_N_Ctr,[M+H]+,null,1.00,False,9.800,892.65253,null,Unknown,null,null,530,False,True,False,Normalized unit: Intensity; Annotation method: Msp20260116160945_NCDK_conventional_converted_dev_1,False,False,446,0,0.00,0.99,null,null,null,-1.00,-1.00,-0.132,404.56,P Carly 25 Serum IV_GD1_01_66511,892.65356:129108 893.65823:73280 894.66290:19892,null,1020385,1046566,1031265,952883,1012774.9874375,41346.686369908
447,14.347,892.73743,no MS2: RIKEN P-VS1 ID-14933 from Mouse_Lung_WT_N_F1,[M+H]+,null,1.00,False,14.390,892.73743,null,Unknown,null,null,530,False,True,False,Normalized unit: Intensity; Annotation method: Msp20260116160945_NCDK_conventional_converted_dev_1,False,False,447,0,0.00,1.00,null,null,null,-1.00,-1.00,-0.129,398.65,P Carly 25 Serum II_GD1_01_66509,892.73743:67120 893.74209:45932 894.74676:18164,null,892057,881149,873287,858371,876216.093359375,14169.4375943474
448,15.819,892.83270,no MS2: TG 53:1|TG 8:0_8:0_37:1,[M+NH4]+,null,1.00,False,15.399,892.83282,C56H106O6,TG,BMWFTUMDRGAGKC-UHFFFAOYSA-N,O=C(OCC(OC(=O)CCCCCCC)COC(=O)CCCCCCCCCCCCCCCCCCCCCCCCC=CCCCCCCCCCC)CCCCCCC,530,False,True,False,Normalized unit: Intensity; Annotation method: Msp20260116160945_NCDK_conventional_converted_dev_1,False,False,448,0,0.00,1.00,null,null,null,-1.00,-1.00,-0.143,467.54,P Carly 25 Serum III_GD1_01_66510,892.83270:95002 893.83737:63012 894.84204:21166,null,600116,612894,643357,646288,625663.83196875,22760.9847677231
449,15.646,893.82806,Unknown,[M+H]+,null,1.00,False,null,null,null,null,null,null,999,False,False,False,Normalized unit: Intensity,False,False,449,0,0.00,null,null,null,null,null,null,null,1226.29,P Carly 25 Serum III_GD1_01_66510,893.82806:233678 894.83273:144428 895.83740:43416,null,1434880,1421029,1469690,1466079,1447919.24596875,23782.5342060139
450,14.529,894.75500,no MS2: TG 54:7|TG 8:0_8:0_38:7,[M+NH4]+,null,1.00,False,13.258,894.75452,C57H96O6,TG,VGEWCLLUPAZUPL-UHFFFAOYSA-N,O=C(OCC(OC(=O)CCCCCCC)COC(=O)CCCCCCCCCCCCCCCC=CCC=CCC=CCC=CCC=CCC=CCC=CCC)CCCCCCC,530,False,True,False,Normalized unit: Intensity; Annotation method: Msp20260116160945_NCDK_conventional_converted_dev_1,False,False,450,0,0.00,1.00,null,null,null,-1.00,-1.00,-0.144,3946.77,P Carly 25 Serum III_GD1_01_66510,894.75500:622330 895.75967:430854 896.76434:153402,null,6802992,6768004,6885385,6685760,6785535.23889063,82738.751553392
451,14.724,896.77136,no MS2: TG 54:6|TG 8:0_8:0_38:6,[M+NH4]+,null,1.00,False,13.776,896.77020,C57H98O6,TG,MPJPHTZTJJUBFS-UHFFFAOYSA-N,O=C(OCC(OC(=O)CCCCCCC)COC(=O)CCCCCCCCCCCCCCCCCCC=CCC=CCC=CCC=CCC=CCC=CCC)CCCCCCC,530,False,True,False,Normalized unit: Intensity; Annotation method: Msp20260116160945_NCDK_conventional_converted_dev_1,False,False,451,0,0.00,1.00,null,null,null,-1.00,-1.00,-0.144,6791.06,P Carly 25 Serum I_GD1_01_66508,896.76959:2891236 897.77426:2030218 898.77893:732614,null,26562580,26618389,27217898,26632977,26757960.8047656,308121.662555882
452,14.936,898.78680,no MS2: TG 54:5|TG 8:0_8:0_38:5,[M+NH4]+,null,1.00,False,14.112,898.78583,C57H100O6,TG,QEUNXFKXMXOSEM-UHFFFAOYSA-N,O=C(OCC(OC(=O)CCCCCCC)COC(=O)CCCCCCCCCCCCCCCCCCCCCC=CCC=CCC=CCC=CCC=CCC)CCCCCCC,530,False,True,False,Normalized unit: Intensity; Annotation method: Msp20260116160945_NCDK_conventional_converted_dev_1,False,False,452,0,0.00,1.00,null,null,null,-1.00,-1.00,-0.143,53815.24,P Carly 25 Serum I_GD1_01_66508,898.78571:5898810 899.79037:4273536 900.79504:1444812,null,48022038,49223385,48901427,49504296,48912786.4443125,642888.354912055
453,14.936,898.95294,Unknown,[M+H]+,null,1.00,False,null,null,null,null,null,null,999,False,False,False,Normalized unit: Intensity,False,False,453,0,0.00,null,null,null,null,null,null,null,1137.19,P Carly 25 Serum IV_GD1_01_66511,898.95294:113774 899.95761:61222 900.96228:6088,null,652442,618854,651093,695449,654459.390687501,31428.7636487122
454,14.936,899.07843,Unknown,[M+H]+,null,1.00,False,null,null,null,null,null,null,999,False,False,False,Normalized unit: Intensity,False,False,454,0,0.00,null,null,null,null,null,null,null,1212.69,P Carly 25 Serum III_GD1_01_66510,899.07843:122906 900.08310:93100 901.08777:7642,null,713936,671747,718709,723330,706930.607640626,23766.9346828599
455,14.936,899.51099,Unknown,[M+H]+,null,1.00,False,null,null,null,null,null,null,999,False,False,False,Normalized unit: Intensity,False,False,455,0,0.00,null,null,null,null,null,null,null,594.15,P Carly 25 Serum III_GD1_01_66510,899.51099:181946 900.51565:120430 901.52032:7478,null,1011666,1010110,1030034,1018813,1017655.64879688,9081.02497710856
456,14.520,899.70856,no MS2: TG 54:7|TG 8:0_8:0_38:7,[M+Na]+,null,1.00,False,13.258,899.70990,C57H96O6,TG,VGEWCLLUPAZUPL-UHFFFAOYSA-N,O=C(OCC(OC(=O)CCCCCCC)COC(=O)CCCCCCCCCCCCCCCC=CCC=CCC=CCC=CCC=CCC=CCC=CCC)CCCCCCC,530,False,True,False,Normalized unit: Intensity; Annotation method: Msp20260116160945_NCDK_conventional_converted_dev_1,False,False,456,0,0.00,1.00,null,null,null,-1.00,-1.00,-0.144,554.19,P Carly 25 Serum I_GD1_01_66508,899.70929:112530 900.71396:68676 901.71863:21296,null,990264,1003940,986142,1018453,999699.924734376,14634.4288945433
457,15.165,900.80035,no MS2: TG 54:4|TG 8:0_8:0_38:4,[M+NH4]+,null,1.00,False,14.090,900.80151,C57H102O6,TG,SDHHDMYGROQKNA-UHFFFAOYSA-N,O=C(OCC(OC(=O)CCCCCCC)COC(=O)CCCCCCCCCCCCCCCCCCCCCCCCC=CCC=CCC=CCC=CCC)CCCCCCC,530,False,True,False,Normalized unit: Intensity; Annotation method: Msp20260116160945_NCDK_conventional_converted_dev_1,False,False,457,0,0.00,1.00,null,null,null,-1.00,-1.00,-0.143,74875.20,P Carly 25 Serum I_GD1_01_66508,900.80133:7709998 901.80600:5479842 902.81067:1817030,null,55019779,56268823,57058940,56619452,56241748.5761406,876433.160861323
458,15.165,900.96783,Unknown,[M+H]+,null,1.00,False,null,null,null,null,null,null,999,False,False,False,Normalized unit: Intensity,False,False,458,0,0.00,null,null,null,null,null,null,null,1725.31,P Carly 25 Serum IV_GD1_01_66511,900.96783:155544 901.97250:96686 902.97717:10026,null,1036744,943274,1030512,1050458,1015246.97339062,48699.9005131589
459,15.165,901.09540,Unknown,[M+H]+,null,1.00,False,null,null,null,null,null,null,999,False,False,False,Normalized unit: Intensity,False,False,459,0,0.00,null,null,null,null,null,null,null,1630.58,P Carly 25 Serum IV_GD1_01_66511,901.09540:153038 902.10007:117088 903.10473:10262,null,983898,953455,972261,995583,976299.2865625,17961.0907314522
460,15.165,901.52777,Unknown,[M+H]+,null,1.00,False,null,null,null,null,null,null,999,False,False,False,Normalized unit: Intensity,False,False,460,0,0.00,null,null,null,null,null,null,null,1068.97,P Carly 25 Serum IV_GD1_01_66511,901.52777:227922 902.53244:154994 903.53711:11112,null,1395259,1325038,1385292,1408021,1378402.353875,36772.4708984884
461,14.724,901.72681,no MS2: TG 54:6|TG 8:0_8:0_38:6,[M+Na]+,null,1.00,False,13.776,901.72559,C57H98O6,TG,MPJPHTZTJJUBFS-UHFFFAOYSA-N,O=C(OCC(OC(=O)CCCCCCC)COC(=O)CCCCCCCCCCCCCCCCCCC=CCC=CCC=CCC=CCC=CCC=CCC)CCCCCCC,530,False,True,False,Normalized unit: Intensity; Annotation method: Msp20260116160945_NCDK_conventional_converted_dev_1,False,False,461,0,0.00,1.00,null,null,null,-1.00,-1.00,-0.145,1755.48,P Carly 25 Serum IV_GD1_01_66511,901.72632:258512 902.73099:159410 903.73565:49128,null,1935953,1961097,1963354,2015864,1969067.078875,33579.2459895874
462,15.399,902.81885,no MS2: TG 54:3|TG 8:0_8:0_38:3,[M+NH4]+,null,1.00,False,14.407,902.81708,C57H104O6,TG,RCSKZUBNPPWQCB-UHFFFAOYSA-N,O=C(OCC(OC(=O)CCCCCCC)COC(=O)CCCCCCCCCCCCCCCCCCCCCCC=CCC=CCC=CCCCCCCC)CCCCCCC,530,False,True,False,Normalized unit: Intensity; Annotation method: Msp20260116160945_NCDK_conventional_converted_dev_1,False,False,462,0,0.00,1.00,null,null,null,-1.00,-1.00,-0.143,21062.02,P Carly 25 Serum II_GD1_01_66509,902.81677:2876514 903.82144:1937148 904.82611:664502,null,27565710,27813151,28456652,28870889,28176600.6483594,596028.051064299
463,15.408,902.98315,Unknown,[M+H]+,null,1.00,False,null,null,null,null,null,null,999,False,False,False,Normalized unit: Intensity,False,False,463,0,0.00,null,null,null,null,null,null,null,1285.20,P Carly 25 Serum IV_GD1_01_66511,902.98315:114234 903.98782:67012 904.99249:4192,null,744608,657935,750413,764208,729291.2418125,48275.8520322025
464,15.412,903.10547,Unknown,[M+H]+,null,1.00,False,null,null,null,null,null,null,999,False,False,False,Normalized unit: Intensity,False,False,464,0,0.00,null,null,null,null,null,null,null,1033.39,P Carly 25 Serum IV_GD1_01_66511,903.10547:83202 904.11014:46134 905.11480:1546,null,568263,557966,561059,582011,567324.884578125,10699.2127306962
465,15.408,903.54407,Unknown,[M+H]+,null,1.00,False,null,null,null,null,null,null,999,False,False,False,Normalized unit: Intensity,False,False,465,0,0.00,null,null,null,null,null,null,null,606.30,P Carly 25 Serum IV_GD1_01_66511,903.54407:74664 904.54874:28530 905.55340:778,null,444559,409584,474709,492451,455325.63903125,36341.766667121
466,14.953,903.74261,no MS2: TG 54:5|TG 8:0_8:0_38:5,[M+Na]+,null,1.00,False,14.112,903.74121,C57H100O6,TG,QEUNXFKXMXOSEM-UHFFFAOYSA-N,O=C(OCC(OC(=O)CCCCCCC)COC(=O)CCCCCCCCCCCCCCCCCCCCCC=CCC=CCC=CCC=CCC=CCC)CCCCCCC,530,False,True,False,Normalized unit: Intensity; Annotation method: Msp20260116160945_NCDK_conventional_converted_dev_1,False,False,466,0,0.00,1.00,null,null,null,-1.00,-1.00,-0.144,1460.45,P Carly 25 Serum III_GD1_01_66510,903.74182:212908 904.74649:126284 905.75116:39608,null,1790864,1766195,1807467,1861126,1806412.839625,40223.8735027341
467,8.112,904.59241,no MS2: PI 38:4,[M+NH4]+,null,1.00,False,8.453,904.59100,C47H83O13P,PI,DLTKHZSJDRZTDM-UHFFFAOYSA-N,O=C(OCC(OC(=O)CCCCCCCCCCCCCCCCCCC=CCC=CCC=CCC=CCC)COP(=O)(O)OC1C(O)C(O)C(O)C(O)C1O)CCCCC,530,False,True,False,Normalized unit: Intensity; Annotation method: Msp20260116160945_NCDK_conventional_converted_dev_1,False,False,467,0,0.00,1.00,null,null,null,-1.00,-1.00,-0.143,4661.02,P Carly 25 Serum IV_GD1_01_66511,904.59119:1154426 905.59585:581502 906.60052:171846,null,5784956,5916774,5971807,5969399,5910733.81482812,87612.5389975563
468,13.801,904.76056,no MS2: AHexCer 49:2;O2|AHexCer (O-24:0)12:1;O2/13:1,[M+H-H2O]+,null,1.00,False,13.362,904.76001,C55H103NO9,AHexCer,ZJVXDAYHDIUFTI-UHFFFAOYSA-N,O=C(OCC1OC(OCC(NC(=O)CCCCCCCC=CCCC)C(O)C=CCCCCCCC)C(O)C(O)C1O)CCCCCCCCCCCCCCCCCCCCCCC,530,False,True,False,Normalized unit: Intensity; Annotation method: Msp20260116160945_NCDK_conventional_converted_dev_1,False,False,468,0,0.00,1.00,null,null,null,-1.00,-1.00,-0.143,816.57,P Carly 25 Serum II_GD1_01_66509,904.75964:175506 905.76431:111210 906.76898:35316,null,1439243,1362980,1394585,1357611,1388604.806375,37493.0959163077
469,15.672,904.83282,no MS2: TG 54:2|TG 8:0_8:0_38:2,[M+NH4]+,null,1.00,False,14.863,904.83282,C57H106O6,TG,CJABAEYPPMEUSO-UHFFFAOYSA-N,O=C(OCC(OC(=O)CCCCCCC)COC(=O)CCCCCCCCCCCCCCCCCCCCCCCCCC=CCC=CCCCCCCC)CCCCCCC,530,False,True,False,Normalized unit: Intensity; Annotation method: Msp20260116160945_NCDK_conventional_converted_dev_1,False,False,469,0,0.00,1.00,null,null,null,-1.00,-1.00,-0.143,19872.89,P Carly 25 Serum III_GD1_01_66510,904.83282:3428940 905.83749:2504854 906.84216:876866,null,17230170,17662244,18034534,18296437,17805846.1237187,463681.338916863
470,15.678,905.55841,Unknown,[M+H]+,null,0.75,False,null,null,null,null,null,null,999,False,False,False,Normalized unit: Intensity,False,False,470,0,0.00,null,null,null,null,null,null,null,529.35,P Carly 25 Serum III_GD1_01_66510,905.55841:85092 906.56308:38760 907.56775:2136,null,273987,257442,292280,283786,276873.7391875,14955.8949669225
471,15.182,905.75677,no MS2: TG 54:4|TG 8:0_8:0_38:4,[M+Na]+,null,1.00,False,14.090,905.75690,C57H102O6,TG,SDHHDMYGROQKNA-UHFFFAOYSA-N,O=C(OCC(OC(=O)CCCCCCC)COC(=O)CCCCCCCCCCCCCCCCCCCCCCCCC=CCC=CCC=CCC=CCC)CCCCCCC,530,False,True,False,Normalized unit: Intensity; Annotation method: Msp20260116160945_NCDK_conventional_converted_dev_1,False,False,471,0,0.00,1.00,null,null,null,-1.00,-1.00,-0.143,1006.64,P Carly 25 Serum IV_GD1_01_66511,905.75677:163428 906.76144:103976 907.76611:29898,null,940612,926038,981766,1010939,964838.83359375,38747.6906450034
472,13.992,906.77625,no MS2: AHexCer 49:1;O2|AHexCer (O-24:0)12:1;O2/13:0,[M+H-H2O]+,null,1.00,False,13.913,906.77557,C55H105NO9,AHexCer,USVSSNODPBOSEV-UHFFFAOYSA-N,O=C(OCC1OC(OCC(NC(=O)CCCCCCCCCCCC)C(O)C=CCCCCCCC)C(O)C(O)C1O)CCCCCCCCCCCCCCCCCCCCCCC,530,False,True,False,Normalized unit: Intensity; Annotation method: Msp20260116160945_NCDK_conventional_converted_dev_1,False,False,472,0,0.00,1.00,null,null,null,-1.00,-1.00,-0.144,1792.06,P Carly 25 Serum III_GD1_01_66510,906.77625:215818 907.78091:130856 908.78558:40008,null,1267389,1264290,1279691,1264940,1269077.49860937,7200.34255902418
473,15.983,906.84552,no MS2: TG 54:1|TG 8:0_8:0_38:1,[M+NH4]+,null,1.00,False,15.126,906.84839,C57H108O6,TG,LELWTXMKFFCBDE-UHFFFAOYSA-N,O=C(OCC(OC(=O)CCCCCCC)COC(=O)CCCCCCCCCCCCCCCCCCCCCCCCCC=CCCCCCCCCCC)CCCCCCC,530,False,True,False,Normalized unit: Intensity; Annotation method: Msp20260116160945_NCDK_conventional_converted_dev_1,False,False,473,0,0.00,1.00,null,null,null,-1.00,-1.00,-0.144,2516.85,P Carly 25 Serum III_GD1_01_66510,906.84772:415438 907.85239:303184 908.85705:112184,null,2426924,2376063,2345561,2204905,2338363.0895625,95091.6028191069
474,8.112,909.54877,no MS2: RIKEN P-VS1 ID-15517 from Mouse_Feces_WT_ABX_Ctr,[M+Na]+,null,1.00,False,12.770,909.54889,null,Unknown,null,null,530,False,True,False,Normalized unit: Intensity; Annotation method: Msp20260116160945_NCDK_conventional_converted_dev_1,False,False,474,0,0.00,1.00,null,null,null,-1.00,-1.00,-0.129,707.21,P Carly 25 Serum II_GD1_01_66509,909.54877:66740 910.55343:34522 911.55810:10784,null,415045,437154,434731,433798,430182.05775,10190.0509669735
475,14.511,909.76422,no MS2: RIKEN P-VS1 ID-15533 from Mouse_Adipose_WT_N_F1DHA,[M+H]+,null,1.00,False,13.800,909.76819,null,Unknown,null,null,530,False,True,False,Normalized unit: Intensity; Annotation method: Msp20260116160945_NCDK_conventional_converted_dev_1,False,False,475,0,0.00,0.99,null,null,null,-1.00,-1.00,-0.133,858.94,P Carly 25 Serum IV_GD1_01_66511,909.76691:104918 910.77157:63570 911.77624:20348,null,1285817,1313764,1266087,1270765,1284107.944875,21487.8815446238
476,15.650,909.78772,no MS2: TG 54:2|TG 8:0_8:0_38:2,[M+Na]+,null,1.00,False,14.863,909.78821,C57H106O6,TG,CJABAEYPPMEUSO-UHFFFAOYSA-N,O=C(OCC(OC(=O)CCCCCCC)COC(=O)CCCCCCCCCCCCCCCCCCCCCCCCCC=CCC=CCCCCCCC)CCCCCCC,530,False,True,False,Normalized unit: Intensity; Annotation method: Msp20260116160945_NCDK_conventional_converted_dev_1,False,False,476,0,0.00,1.00,null,null,null,-1.00,-1.00,-0.143,1234.94,P Carly 25 Serum III_GD1_01_66510,909.78821:144516 910.79288:89670 911.79754:30194,null,557318,581599,602535,635304,594189.1989375,33056.2435161307
477,14.711,911.78265,no MS2: SL 54:3;O2|SL 18:1;O/36:2;O,[M+NH4]+,null,1.00,False,13.129,911.78442,C54H103NO6S,SL,LUERMGCSBBAQHE-UHFFFAOYSA-N,O=C(N(CC(O)C=CCCCCCCCCCCCCC)CS(=O)(=O)O)C(O)CCCCCCCCCCCCCCCCCCCCCCC=CCC=CCCCCCCC,530,False,True,False,Normalized unit: Intensity; Annotation method: Msp20260116160945_NCDK_conventional_converted_dev_1,False,False,477,0,0.00,0.98,null,null,null,-1.00,-1.00,-0.152,7441.52,P Carly 25 Serum III_GD1_01_66510,911.78265:713430 912.78732:437892 913.79199:142516,null,5898545,5764483,5749796,5692774,5776399.67185937,87106.3088313926
478,14.914,913.79785,no MS2: SL 54:2;O2|SL 18:1;O/36:1;O,[M+NH4]+,null,1.00,False,13.305,913.80011,C54H105NO6S,SL,RKZQMLBZUOEOMF-UHFFFAOYSA-N,O=C(N(CC(O)C=CCCCCCCCCCCCCC)CS(=O)(=O)O)C(O)CCCCCCCCCCCCCCCCCCCCCCC=CCCCCCCCCCC,530,False,True,False,Normalized unit: Intensity; Annotation method: Msp20260116160945_NCDK_conventional_converted_dev_1,False,False,478,0,0.00,0.97,null,null,null,-1.00,-1.00,-0.158,19598.58,P Carly 25 Serum IV_GD1_01_66511,913.79785:2123194 914.80252:1357436 915.80719:428822,null,15655593,15246599,15573602,15853405,15582299.6082813,252745.477834432
479,13.901,914.78058,no MS2: ASG 28:2;O;Hex;FA 23:0,[M+NH4]+,null,1.00,False,14.140,914.78070,C57H100O7,AHexBRS,ZLMDMYKUGKMBBT-UHFFFAOYSA-N,O=C(OCC1OC(OC2CC3=CCC4C(CCC5(C)C(CCC45)C(C=CC(C)C(C)C)C)C3(C)CC2)C(O)C(O)C1O)CCCCCCCCCCCCCCCCCCCCCC,530,False,True,False,Normalized unit: Intensity; Annotation method: Msp20260116160945_NCDK_conventional_converted_dev_1,False,False,479,0,0.00,1.00,null,null,null,-1.00,-1.00,-0.143,1478.97,P Carly 25 Serum III_GD1_01_66510,914.78058:153844 915.78525:120994 916.78991:51910,null,1408912,1424676,1450935,1368277,1413199.99596875,34602.8293195661
480,15.143,915.81281,no MS2: RIKEN P-VS1 ID-15692 from Mouse_Adipose_WT_N_F1,[M+H]+,null,1.00,False,14.190,915.81299,null,Unknown,null,null,530,False,True,False,Normalized unit: Intensity; Annotation method: Msp20260116160945_NCDK_conventional_converted_dev_1,False,False,480,0,0.00,1.00,null,null,null,-1.00,-1.00,-0.129,15501.86,P Carly 25 Serum IV_GD1_01_66511,915.81281:2397608 916.81747:1524902 917.82214:484180,null,17474120,17382815,18061566,18387416,17826479.1347344,479899.63378099
481,14.078,916.79456,no MS2: RIKEN P-VS1 ID-15730 from Mouse_Adipose_WT_N_F1EPA,[M+H]+,null,1.00,False,14.420,916.79608,null,Unknown,null,null,530,False,True,False,Normalized unit: Intensity; Annotation method: Msp20260116160945_NCDK_conventional_converted_dev_1,False,False,481,0,0.00,1.00,null,null,null,-1.00,-1.00,-0.129,699.05,P Carly 25 Serum IV_GD1_01_66511,916.79633:116374 917.80099:88728 918.80566:36926,null,1217231,1249756,1156590,1118483,1185514.97782813,59055.9218855084
482,15.546,916.83197,no MS2: TG 55:3|TG 8:0_9:0_38:3,[M+NH4]+,null,1.00,False,14.517,916.83282,C58H106O6,TG,PAOGXSOGLNSZHJ-UHFFFAOYSA-N,O=C(OCC(OC(=O)CCCCCCCC)COC(=O)CCCCCCCCCCCCCCCCCCCCCCC=CCC=CCC=CCCCCCCC)CCCCCCC,530,False,True,False,Normalized unit: Intensity; Annotation method: Msp20260116160945_NCDK_conventional_converted_dev_1,False,False,482,0,0.00,1.00,null,null,null,-1.00,-1.00,-0.145,536.69,P Carly 25 Serum III_GD1_01_66510,916.83197:63602 917.83664:143278 918.84131:75912,null,472816,484968,503120,485524,486606.88584375,12473.3192474047
483,15.351,917.82825,no MS2: SL 54:0;O2|SL 18:0;O/36:0;O,[M+NH4]+,null,1.00,False,13.738,917.83142,C54H109NO6S,SL,ZCFCOQUQAMEYLD-UHFFFAOYSA-N,O=C(N(CC(O)CCCCCCCCCCCCCCC)CS(=O)(=O)O)C(O)CCCCCCCCCCCCCCCCCCCCCCCCCCCCCCCCCC,530,False,True,False,Normalized unit: Intensity; Annotation method: Msp20260116160945_NCDK_conventional_converted_dev_1,False,False,483,0,0.00,0.97,null,null,null,-1.00,-1.00,-0.159,11366.31,P Carly 25 Serum III_GD1_01_66510,917.82910:1414346 918.83377:895806 919.83844:288726,null,8876401,8889270,9102672,9343261,9052900.93550001,219631.39061545
484,14.494,918.75372,no MS2: TG 56:9|TG 8:0_10:0_38:9,[M+H]+,null,1.00,False,13.240,918.75452,C59H96O6,TG,MLMJQBSUKRSQEL-UHFFFAOYSA-N,O=C(OCC(OC(=O)CCCCCCCCC)COC(=O)CCCCCCCCCC=CCC=CCC=CCC=CCC=CCC=CCC=CCC=CCC=CCC)CCCCCCC,530,False,True,False,Normalized unit: Intensity; Annotation method: Msp20260116160945_NCDK_conventional_converted_dev_1,False,False,484,0,0.00,1.00,null,null,null,-1.00,-1.00,-0.145,498.89,P Carly 25 Serum I_GD1_01_66508,918.75372:87742 919.75839:66080 920.76306:24700,null,818660,801487,802095,790253,803123.850312501,11701.476038944
485,15.650,919.84332,Unknown,[M+H]+,null,1.00,False,null,null,null,null,null,null,999,False,False,False,Normalized unit: Intensity,False,False,485,0,0.00,null,null,null,null,null,null,null,6080.55,P Carly 25 Serum III_GD1_01_66510,919.84332:743432 920.84799:467904 921.85266:150784,null,3969761,3822305,3971822,4166858,3982686.54857812,141334.687636558
486,14.736,920.76886,no MS2: TG 56:8|TG 8:0_10:0_38:8,[M+NH4]+,null,1.00,False,13.038,920.77020,C59H98O6,TG,IGKHUCZLFYVCFZ-UHFFFAOYSA-N,O=C(OCC(OC(=O)CCCCCCCCC)COC(=O)CCCCCCCCCCCCC=CCC=CCC=CCC=CCC=CCC=CCC=CCC=CCC)CCCCCCC,530,False,True,False,Normalized unit: Intensity; Annotation method: Msp20260116160945_NCDK_conventional_converted_dev_1,False,False,486,0,0.00,1.00,null,null,null,-1.00,-1.00,-0.144,3677.30,P Carly 25 Serum IV_GD1_01_66511,920.77075:469222 921.77542:313802 922.78009:154052,null,4570129,4727894,4606740,4616088,4630212.88401562,68073.9676332438
487,14.529,921.76636,no MS2: SL 55:5;O2|SL 19:1;O/36:4;O,[M+NH4]+,null,1.00,False,13.272,921.76880,C55H101NO6S,SL,FBCFMOCCCVHUEZ-UHFFFAOYSA-N,O=C(N(CC(O)C=CCCCCCCCCCCCCCC)CS(=O)(=O)O)C(O)CCCCCCCCCCCCCCCCCCCCCC=CCC=CCC=CCC=CCC,530,False,True,False,Normalized unit: Intensity; Annotation method: Msp20260116160945_NCDK_conventional_converted_dev_1,False,False,487,0,0.00,0.97,null,null,null,-1.00,-1.00,-0.160,832.89,P Carly 25 Serum III_GD1_01_66510,921.76636:163590 922.77103:105302 923.77569:34214,null,1000636,959005,1062595,1036289,1014630.96092188,44943.3803693219
488,15.979,921.85870,Unknown,[M+H]+,null,1.00,False,null,null,null,null,null,null,999,False,False,False,Normalized unit: Intensity,False,False,488,0,0.00,null,null,null,null,null,null,null,673.64,P Carly 25 Serum III_GD1_01_66510,921.85870:102722 922.86337:65690 923.86804:19098,null,691422,680665,684557,682871,684879.06971875,4644.08946112156
489,14.858,922.78394,no MS2: RIKEN P-VS1 ID-15887 from Mouse_SmallIntestine_WT_N_F1AA,[M+H]+,null,1.00,False,15.040,922.78387,null,Unknown,null,null,530,False,True,False,Normalized unit: Intensity; Annotation method: Msp20260116160945_NCDK_conventional_converted_dev_1,False,False,489,0,0.00,1.00,null,null,null,-1.00,-1.00,-0.129,9181.55,P Carly 25 Serum II_GD1_01_66509,922.78394:1076576 923.78860:773070 924.79327:296878,null,6626085,6908089,6692949,9830342,7514366.47704687,1548664.29576
490,14.729,924.78534,no MS2: AHexCer 49:0;O3|AHexCer (O-24:0)12:0;O2/13:0;O,[M+H-H2O]+,null,0.75,False,13.921,924.78619,C55H107NO10,AHexCer,CSCVJGXPOVECJD-UHFFFAOYSA-N,O=C(OCC1OC(OCC(NC(=O)C(O)CCCCCCCCCCC)C(O)CCCCCCCCC)C(O)C(O)C1O)CCCCCCCCCCCCCCCCCCCCCCC,530,False,True,False,Normalized unit: Intensity; Annotation method: Msp20260116160945_NCDK_conventional_converted_dev_1,False,False,490,0,0.00,1.00,null,null,null,-1.00,-1.00,-0.145,2689.05,P Carly 25 Serum IV_GD1_01_66511,924.78534:304764 925.79001:95894 926.79467:23294,null,1837336,1840697,2008285,2054282,1935150.20003125,112590.891168209
491,15.074,924.80231,no MS2: TG 56:6|TG 8:0_10:0_38:6,[M+NH4]+,null,1.00,False,13.927,924.80151,C59H102O6,TG,NBELXFIZZACUET-UHFFFAOYSA-N,O=C(OCC(OC(=O)CCCCCCCCC)COC(=O)CCCCCCCCCCCCCCCCCCC=CCC=CCC=CCC=CCC=CCC=CCC)CCCCCCC,530,False,True,False,Normalized unit: Intensity; Annotation method: Msp20260116160945_NCDK_conventional_converted_dev_1,False,False,491,0,0.00,1.00,null,null,null,-1.00,-1.00,-0.143,12000.35,P Carly 25 Serum IV_GD1_01_66511,924.80164:1266516 925.80630:893742 926.81097:324446,null,10504970,10438702,11118552,11349144,10852842.0669844,450719.585031071
492,14.966,926.80231,no MS2: AHexCer 49:0;O2|AHexCer (O-24:0)12:0;O2/13:0,[M+H]+,null,1.00,False,13.932,926.80188,C55H107NO9,AHexCer,PFGFQGYGUMSLRE-UHFFFAOYSA-N,O=C(OCC1OC(OCC(NC(=O)CCCCCCCCCCCC)C(O)CCCCCCCCC)C(O)C(O)C1O)CCCCCCCCCCCCCCCCCCCCCCC,530,False,True,False,Normalized unit: Intensity; Annotation method: Msp20260116160945_NCDK_conventional_converted_dev_1,False,False,492,0,0.00,1.00,null,null,null,-1.00,-1.00,-0.143,3494.95,P Carly 25 Serum III_GD1_01_66510,926.80151:365378 927.80618:129552 928.81085:40234,null,2720241,2510861,2776744,2855368,2715803.500625,147437.470627014
493,15.273,926.81769,no MS2: TG 56:5|TG 8:0_10:0_38:5,[M+NH4]+,null,1.00,False,14.139,926.81708,C59H104O6,TG,PSNIIMQPZCNEHN-UHFFFAOYSA-N,O=C(OCC(OC(=O)CCCCCCCCC)COC(=O)CCCCCCCCCCCCCCCCCCCCCC=CCC=CCC=CCC=CCC=CCC)CCCCCCC,530,False,True,False,Normalized unit: Intensity; Annotation method: Msp20260116160945_NCDK_conventional_converted_dev_1,False,False,493,0,0.00,1.00,null,null,null,-1.00,-1.00,-0.143,5951.19,P Carly 25 Serum IV_GD1_01_66511,926.81677:587960 927.82144:425076 928.82611:167932,null,6721622,6906045,7230025,7228537,7021557.37403125,251398.50493206
494,15.204,927.81573,no MS2: SL 55:2;O2|SL 19:1;O/36:1;O,[M+NH4]+,null,1.00,False,13.322,927.81567,C55H107NO6S,SL,DCVAIVAFLRVSJD-UHFFFAOYSA-N,O=C(N(CC(O)C=CCCCCCCCCCCCCCC)CS(=O)(=O)O)C(O)CCCCCCCCCCCCCCCCCCCCCCC=CCCCCCCCCCC,530,False,True,False,Normalized unit: Intensity; Annotation method: Msp20260116160945_NCDK_conventional_converted_dev_1,False,False,494,0,0.00,1.00,null,null,null,-1.00,-1.00,-0.143,6481.97,P Carly 25 Serum III_GD1_01_66510,927.81573:604576 928.82040:320288 929.82507:156138,null,6934355,6974398,7189191,7203129,7075268.23995313,140662.772839409
495,15.490,928.83344,no MS2: TG 56:4|TG 8:0_10:0_38:4,[M+NH4]+,null,1.00,False,14.334,928.83282,C59H106O6,TG,CUJMGXOPUGXHPB-UHFFFAOYSA-N,O=C(OCC(OC(=O)CCCCCCCCC)COC(=O)CCCCCCCCCCCCCCCCCCCCCCCCC=CCC=CCC=CCC=CCC)CCCCCCC,530,False,True,False,Normalized unit: Intensity; Annotation method: Msp20260116160945_NCDK_conventional_converted_dev_1,False,False,495,0,0.00,1.00,null,null,null,-1.00,-1.00,-0.143,1821.00,P Carly 25 Serum IV_GD1_01_66511,928.83270:253210 929.83737:241242 930.84204:108446,null,2158997,2570214,2727572,2384300,2460271.0070625,244999.82486238
496,13.853,929.79077,no MS2: DG 57:6,[M+Na]+,null,1.00,False,14.538,929.79321,C60H106O5,DG,RITLQQRNPCGCSX-UHFFFAOYSA-N,O=C(OCC(OC(=O)CCCCCCCCCCCCCCCCCCC=CCC=CCC=CCC=CCC=CCC=CCC)CO)CCCCCCCCCCCCCCCCCC,530,False,True,False,Normalized unit: Intensity; Annotation method: Msp20260116160945_NCDK_conventional_converted_dev_1,False,False,496,0,0.00,1.00,null,null,null,-1.00,-1.00,-0.143,989.00,P Carly 25 Serum IV_GD1_01_66511,929.79291:123762 930.79758:0 931.80224:0,null,1170506,1144505,1160077,1134849,1152484.53078125,15886.0450482814
497,15.685,930.84821,no MS2: TG 56:3|TG 8:0_10:0_38:3,[M+NH4]+,null,1.00,False,14.826,930.84839,C59H108O6,TG,NOVXGRSLICIXCX-UHFFFAOYSA-N,O=C(OCC(OC(=O)CCCCCCCCC)COC(=O)CCCCCCCCCCCCCCCCCCCCCCC=CCC=CCC=CCCCCCCC)CCCCCCC,530,False,True,False,Normalized unit: Intensity; Annotation method: Msp20260116160945_NCDK_conventional_converted_dev_1,False,False,497,0,0.00,1.00,null,null,null,-1.00,-1.00,-0.143,2467.45,P Carly 25 Serum III_GD1_01_66510,930.84821:293190 931.85287:380438 932.85754:201116,null,1836863,1880809,1920018,1919612,1889325.67532812,39514.1363694647
498,14.043,931.80597,no MS2: DG 57:5,[M+Na]+,null,0.25,False,14.666,931.80890,C60H108O5,DG,ZUKOBQDGCPQKQN-UHFFFAOYSA-N,O=C(OCC(OC(=O)CCCCCCCCCCCCCCCCCCCCCC=CCC=CCC=CCC=CCC=CCC)CO)CCCCCCCCCCCCCCCCCC,530,False,True,False,Normalized unit: Intensity; Annotation method: Msp20260116160945_NCDK_conventional_converted_dev_1,False,False,498,0,0.00,0.95,null,null,null,-1.00,-1.00,-0.167,976.00,P Carly 25 Serum I_GD1_01_66508,931.80597:101376 932.81064:0 933.81530:0,null,945910,818664,1014999,818636,899552.0649375,97582.9623990931
499,15.996,932.86395,no MS2: TG 56:2|TG 8:0_10:0_38:2,[M+NH4]+,null,1.00,False,14.958,932.86407,C59H110O6,TG,RKKOGNQHZJLVOB-UHFFFAOYSA-N,O=C(OCC(OC(=O)CCCCCCCCC)COC(=O)CCCCCCCCCCCCCCCCCCCCCCCCCC=CCC=CCCCCCCC)CCCCCCC,530,False,True,False,Normalized unit: Intensity; Annotation method: Msp20260116160945_NCDK_conventional_converted_dev_1,False,False,499,0,0.00,1.00,null,null,null,-1.00,-1.00,-0.143,892.27,P Carly 25 Serum III_GD1_01_66510,932.86395:116158 933.86862:145988 934.87329:73250,null,874897,850202,838824,800090,841003.173515625,31155.9132620924
500,14.520,935.77948,no MS2: SL 56:5;O2|SL 20:1;O/36:4;O,[M+NH4]+,null,1.00,False,13.014,935.78442,C56H103NO6S,SL,PHDHFBMOFYGFMP-UHFFFAOYSA-N,O=C(N(CC(O)C=CCCCCCCCCCCCCCCC)CS(=O)(=O)O)C(O)CCCCCCCCCCCCCCCCCCCCCC=CCC=CCC=CCC=CCC,530,False,True,False,Normalized unit: Intensity; Annotation method: Msp20260116160945_NCDK_conventional_converted_dev_1,False,False,500,0,0.00,0.97,null,null,null,-1.00,-1.00,-0.160,2187.08,P Carly 25 Serum IV_GD1_01_66511,935.78198:264032 936.78665:172316 937.79132:57858,null,2414672,2400258,2343374,2346223,2376131.73485938,36674.6084121981
501,14.724,937.79773,no MS2: SL 56:4;O2|SL 20:1;O/36:3;O,[M+NH4]+,null,1.00,False,13.014,937.80011,C56H105NO6S,SL,JUSBJBFGGMEXHL-UHFFFAOYSA-N,O=C(N(CC(O)C=CCCCCCCCCCCCCCCC)CS(=O)(=O)O)C(O)CCCCCCCCCCCCCCCCCCCC=CCC=CCC=CCCCCCCC,530,False,True,False,Normalized unit: Intensity; Annotation method: Msp20260116160945_NCDK_conventional_converted_dev_1,False,False,501,0,0.00,0.97,null,null,null,-1.00,-1.00,-0.159,7567.22,P Carly 25 Serum III_GD1_01_66510,937.79773:760388 938.80240:485452 939.80706:160608,null,6448676,6278210,6422830,6432212,6395481.85165624,78907.5230862701
502,13.974,938.77911,no MS2: ASG 27:1;O;Hex;FA 26:3,[M+NH4]+,null,0.25,False,13.240,938.78070,C59H100O7,AHexCS,FTKRJUQXFXJAMX-UHFFFAOYSA-N,O=C(OCC1OC(OC2CC3=CCC4C(CCC5(C)C(CCC45)C(C)CCCC(C)C)C3(C)CC2)C(O)C(O)C1O)CCCCCCCCCCC=CCC=CCC=CCCCCCCC,530,False,True,False,Normalized unit: Intensity; Annotation method: Msp20260116160945_NCDK_conventional_converted_dev_1,False,False,502,0,0.00,0.99,null,null,null,-1.00,-1.00,-0.150,587.75,P Carly 25 Serum I_GD1_01_66508,938.77911:52170 939.78378:54162 940.78845:30906,null,972528,935373,946292,932954,946786.72984375,18115.1989323386
503,14.949,939.81293,no MS2: RIKEN P-VS1 ID-16357 from Mouse_Plasma_ApoEKO_N_Ctr,[M+H]+,null,1.00,False,14.550,939.81110,null,Unknown,null,null,530,False,True,False,Normalized unit: Intensity; Annotation method: Msp20260116160945_NCDK_conventional_converted_dev_1,False,False,503,0,0.00,1.00,null,null,null,-1.00,-1.00,-0.129,10193.82,P Carly 25 Serum II_GD1_01_66509,939.81091:961830 940.81558:631392 941.82025:207774,null,8305130,8207369,8350006,8280245,8285687.50471876,59661.1166125227
504,15.178,941.82800,no MS2: RIKEN P-VS1 ID-16410 from Mouse_Plasma_ApoEKO_N_Ctr,[M+H]+,null,1.00,False,14.590,941.83038,null,Unknown,null,null,530,False,True,False,Normalized unit: Intensity; Annotation method: Msp20260116160945_NCDK_conventional_converted_dev_1,False,False,504,0,0.00,0.98,null,null,null,-1.00,-1.00,-0.137,9665.37,P Carly 25 Serum III_GD1_01_66510,941.82855:937828 942.83322:625054 943.83789:215312,null,6646906,6578056,6724587,6837209,6696689.36276563,111169.927076552
505,15.425,943.84503,no MS2: SL 56:1;O2|SL 20:1;O/36:0;O,[M+NH4]+,null,1.00,False,13.488,943.84698,C56H111NO6S,SL,UXHYRBQZQNMJJU-UHFFFAOYSA-N,O=C(N(CC(O)C=CCCCCCCCCCCCCCCC)CS(=O)(=O)O)C(O)CCCCCCCCCCCCCCCCCCCCCCCCCCCCCCCCCC,530,False,True,False,Normalized unit: Intensity; Annotation method: Msp20260116160945_NCDK_conventional_converted_dev_1,False,False,505,0,0.00,0.98,null,null,null,-1.00,-1.00,-0.153,2044.77,P Carly 25 Serum IV_GD1_01_66511,943.84503:251288 944.84970:169362 945.85437:51126,null,2891919,3000376,2955147,3036402,2970960.8644375,62304.2801981686
506,14.581,944.77142,no MS2: TG 58:10|TG 8:0_12:0_38:10,[M+NH4]+,null,1.00,False,13.277,944.77020,C61H98O6,TG,DMBYREXWUQWIIK-UHFFFAOYSA-N,O=C(OCC(OC(=O)CCCCCCCCCCC)COC(=O)CCCCCCC)CCCCCCC=CCC=CCC=CCC=CCC=CCC=CCC=CCC=CCC=CCC=CCC,530,False,True,False,Normalized unit: Intensity; Annotation method: Msp20260116160945_NCDK_conventional_converted_dev_1,False,False,506,0,0.00,1.00,null,null,null,-1.00,-1.00,-0.143,766.88,P Carly 25 Serum I_GD1_01_66508,944.77014:109988 945.77481:79644 946.77948:29988,null,772711,764989,772116,729660,759869.009828125,20442.4211830948
507,13.801,945.78711,no MS2: TG 57:5|TG 8:0_11:0_38:5,[M+Na]+,null,1.00,False,14.299,945.78821,C60H106O6,TG,XMCWEAKGPHOWIC-UHFFFAOYSA-N,O=C(OCC(OC(=O)CCCCCCCCCC)COC(=O)CCCCCCCCCCCCCCCCCCCCCC=CCC=CCC=CCC=CCC=CCC)CCCCCCC,530,False,True,False,Normalized unit: Intensity; Annotation method: Msp20260116160945_NCDK_conventional_converted_dev_1,False,False,507,0,0.00,1.00,null,null,null,-1.00,-1.00,-0.143,691.37,P Carly 25 Serum IV_GD1_01_66511,945.78857:71408 946.79324:45644 947.79791:16556,null,571894,544713,552427,551555,555147.225921875,11685.4496204231
508,15.663,945.85925,no MS2: SL 56:0;O2|SL 20:0;O/36:0;O,[M+NH4]+,null,1.00,False,13.958,945.86267,C56H113NO6S,SL,OTFVMQGHXVTRRN-UHFFFAOYSA-N,O=C(N(CC(O)CCCCCCCCCCCCCCCCC)CS(=O)(=O)O)C(O)CCCCCCCCCCCCCCCCCCCCCCCCCCCCCCCCCC,530,False,True,False,Normalized unit: Intensity; Annotation method: Msp20260116160945_NCDK_conventional_converted_dev_1,False,False,508,0,0.00,0.94,null,null,null,-1.00,-1.00,-0.174,3891.21,P Carly 25 Serum III_GD1_01_66510,945.85925:555876 946.86392:367152 947.86859:132238,null,2780827,2851307,2962264,2924106,2879625.79829687,80354.8686473599
509,14.780,946.78723,no MS2: TG 58:9|TG 8:0_12:0_38:9,[M+NH4]+,null,1.00,False,13.406,946.78583,C61H100O6,TG,SDMPBTMSQBWSTA-UHFFFAOYSA-N,O=C(OCC(OC(=O)CCCCCCCCCCC)COC(=O)CCCCCCCCCC=CCC=CCC=CCC=CCC=CCC=CCC=CCC=CCC=CCC)CCCCCCC,530,False,True,False,Normalized unit: Intensity; Annotation method: Msp20260116160945_NCDK_conventional_converted_dev_1,False,False,509,0,0.00,1.00,null,null,null,-1.00,-1.00,-0.145,1909.83,P Carly 25 Serum I_GD1_01_66508,946.78503:220880 947.78970:183816 948.79437:74812,null,1589981,1558926,1524203,1515979,1547272.12501562,34016.2728791637
510,15.983,947.87238,Unknown,[M+H]+,null,1.00,False,null,null,null,null,null,null,999,False,False,False,Normalized unit: Intensity,False,False,510,0,0.00,null,null,null,null,null,null,null,1637.58,P Carly 25 Serum I_GD1_01_66508,947.87238:155318 948.87704:99940 949.88171:32634,null,1054504,1007250,1032247,1028186,1030546.82315625,19366.5572897964
511,14.988,948.80225,no MS2: TG 58:8|TG 8:0_12:0_38:8,[M+NH4]+,null,1.00,False,13.582,948.80151,C61H102O6,TG,WOLQUACMHISDFU-UHFFFAOYSA-N,O=C(OCC(OC(=O)CCCCCCCCCCC)COC(=O)CCCCCCCCCCCCC=CCC=CCC=CCC=CCC=CCC=CCC=CCC=CCC)CCCCCCC,530,False,True,False,Normalized unit: Intensity; Annotation method: Msp20260116160945_NCDK_conventional_converted_dev_1,False,False,511,0,0.00,1.00,null,null,null,-1.00,-1.00,-0.144,1859.50,P Carly 25 Serum III_GD1_01_66510,948.80225:203056 949.80691:192026 950.81158:88940,null,1807615,1852602,1869288,1833389,1840723.61926563,26501.6927425041
512,15.057,951.81659,no MS2: RIKEN P-VS1 ID-16649 from Mouse_Testis_WT_N_Ctr,[M+H]+,null,1.00,False,13.960,951.81598,null,Unknown,null,null,530,False,True,False,Normalized unit: Intensity; Annotation method: Msp20260116160945_NCDK_conventional_converted_dev_1,False,False,512,0,0.00,1.00,null,null,null,-1.00,-1.00,-0.129,901.05,P Carly 25 Serum IV_GD1_01_66511,951.81567:176500 952.82034:93154 953.82501:29954,null,1379925,1762496,1399679,1865057,1601789.11696875,248467.770666947
513,15.299,952.83221,no MS2: TG 58:6|TG 8:0_12:0_38:6,[M+NH4]+,null,1.00,False,14.356,952.83282,C61H106O6,TG,XAGZYHYDHZLUPF-UHFFFAOYSA-N,O=C(OCC(OC(=O)CCCCCCCCCCC)COC(=O)CCCCCCCCCCCCCCCCCCC=CCC=CCC=CCC=CCC=CCC=CCC)CCCCCCC,530,False,True,False,Normalized unit: Intensity; Annotation method: Msp20260116160945_NCDK_conventional_converted_dev_1,False,False,513,0,0.00,1.00,null,null,null,-1.00,-1.00,-0.143,721.96,P Carly 25 Serum III_GD1_01_66510,952.83307:131488 953.83774:120758 954.84240:48822,null,847431,846494,867986,873219,858782.66265625,13820.2935973348
514,14.736,961.79645,no MS2: RIKEN P-VS1 ID-16863 from Mouse_Muscle_WT_CTX0_Ctr,[M+H]+,null,1.00,False,14.090,961.79272,null,Unknown,null,null,530,False,True,False,Normalized unit: Intensity; Annotation method: Msp20260116160945_NCDK_conventional_converted_dev_1,False,False,514,0,0.00,0.95,null,null,null,-1.00,-1.00,-0.152,844.01,P Carly 25 Serum II_GD1_01_66509,961.79584:101242 962.80051:67026 963.80517:30152,null,691880,665061,624032,1162208,785795.390109374,252488.193756104
515,14.849,963.81403,no MS2: SL 58:5;O2|SL 22:1;O/36:4;O,[M+NH4]+,null,1.00,False,13.202,963.81567,C58H107NO6S,SL,FYJLWIXKHJJDHB-UHFFFAOYSA-N,O=C(N(CC(O)C=CCCCCCCCCCCCCCCCCC)CS(=O)(=O)O)C(O)CCCCCCCCCCCCCCCCCCCCCC=CCC=CCC=CCC=CCC,530,False,True,False,Normalized unit: Intensity; Annotation method: Msp20260116160945_NCDK_conventional_converted_dev_1,False,False,515,0,0.00,0.99,null,null,null,-1.00,-1.00,-0.150,1470.54,P Carly 25 Serum III_GD1_01_66510,963.81403:184480 964.81869:122728 965.82336:42302,null,1202785,1199568,1265785,1193077,1215303.75014062,33895.5504815128
516,15.053,965.82910,no MS2: RIKEN P-VS1 ID-16959 from Mouse_Ear_WT_N_Ctr,[M+H]+,null,1.00,False,15.940,965.83038,null,Unknown,null,null,530,False,True,False,Normalized unit: Intensity; Annotation method: Msp20260116160945_NCDK_conventional_converted_dev_1,False,False,516,0,0.00,0.99,null,null,null,-1.00,-1.00,-0.133,1731.95,P Carly 25 Serum III_GD1_01_66510,965.82910:185742 966.83377:129216 967.83844:42036,null,1463267,1450006,1465890,1478747,1464477.511375,11782.923511514
517,15.265,967.84436,no MS2: SL 58:3;O2|SL 22:1;O/36:2;O,[M+NH4]+,null,1.00,False,13.215,967.84698,C58H111NO6S,SL,FVTUOEJPIZTMJB-UHFFFAOYSA-N,O=C(N(CC(O)C=CCCCCCCCCCCCCCCCCC)CS(=O)(=O)O)C(O)CCCCCCCCCCCCCCCCCCCCCCC=CCC=CCCCCCCC,530,False,True,False,Normalized unit: Intensity; Annotation method: Msp20260116160945_NCDK_conventional_converted_dev_1,False,False,517,0,0.00,0.96,null,null,null,-1.00,-1.00,-0.161,798.56,P Carly 25 Serum III_GD1_01_66510,967.84436:80304 968.84903:52668 969.85370:18036,null,776796,768530,801701,804451,787869.553875,17915.3712619406
518,3.343,991.67395,no MS2: TG 62:17|TG 15:4_15:4_32:9,[M+Na]+,null,1.00,False,13.131,991.67859,C65H92O6,TG,UFOXRNXLLJBQLM-UHFFFAOYSA-N,O=C(OCC(OC(=O)CC=CCC=CCC=CCC=CCC)COC(=O)CCCC=CCC=CCC=CCC=CCC=CCC=CCC=CCC=CCC=CCC)CC=CCC=CCC=CCC=CCC,530,False,True,False,Normalized unit: Intensity; Annotation method: Msp20260116160945_NCDK_conventional_converted_dev_1,False,False,518,0,0.00,0.91,null,null,null,-1.00,-1.00,-0.187,1695.80,P Carly 25 Serum IV_GD1_01_66511,991.67432:1228850 992.67898:652038 993.68365:213492,null,3794646,3935181,4003157,3708949,3860483.2008125,133207.711058294
519,15.745,993.93628,Unknown,[M+H]+,null,1.00,False,null,null,null,null,null,null,999,False,False,False,Normalized unit: Intensity,False,False,519,0,0.00,null,null,null,null,null,null,null,298.42,P Carly 25 Serum IV_GD1_01_66511,993.93628:87898 994.94095:66918 995.94561:23438,null,484074,523555,579560,599092,546570.16896875,52543.0753162395
520,3.343,1013.65594,no MS2: RIKEN P-VS1 ID-17726 from Mouse_Muscle_WT_CTX1_Ctr,[M+H]+,null,1.00,False,6.220,1013.65289,null,Unknown,null,null,530,False,True,False,Normalized unit: Intensity; Annotation method: Msp20260116160945_NCDK_conventional_converted_dev_1,False,False,520,0,0.00,1.00,null,null,null,-1.00,-1.00,-0.129,3511.01,P Carly 25 Serum I_GD1_01_66508,1013.65259:442892 1014.65726:235162 1015.66192:72064,null,1487779,1518811,1517749,1449738,1493519.12657813,32539.8460338016
521,15.745,1019.95160,Unknown,[M+H]+,null,1.00,False,null,null,null,null,null,null,999,False,False,False,Normalized unit: Intensity,False,False,521,0,0.00,null,null,null,null,null,null,null,894.70,P Carly 25 Serum IV_GD1_01_66511,1019.95160:103072 1020.95627:79896 1021.96093:26886,null,535981,593078,654393,698317,620442.2628125,70945.3002023137
522,4.020,1047.73572,no MS2: TG 66:17|TG 8:1_22:6_36:10,[M+Na]+,null,1.00,False,13.538,1047.74121,C69H100O6,TG,KDCLOFAALWTDHO-UHFFFAOYSA-N,O=C(OCC(OC(=O)CCC=CCC=CCC=CCC=CCC=CCC=CCC)COC(=O)CCCCC=CCC=CCC=CCC=CCC=CCC=CCC=CCC=CCC=CCC=CCC)CCC=CCCC,530,False,True,False,Normalized unit: Intensity; Annotation method: Msp20260116160945_NCDK_conventional_converted_dev_1,False,False,522,0,0.00,0.90,null,null,null,-1.00,-1.00,-0.194,1068.72,P Carly 25 Serum III_GD1_01_66510,1047.73633:186710 1048.74100:113162 1049.74566:36154,null,493813,520809,512451,471686,499689.714,21814.1957723401
523,4.029,1069.71680,Unknown,[2M+Na]+,null,0.75,False,null,null,null,null,null,null,999,False,False,False,Normalized unit: Intensity,False,False,523,0,0.00,null,null,null,null,null,null,null,670.92,P Carly 25 Serum II_GD1_01_66509,1069.71680:98514 1070.72146:58720 1071.72613:17626,null,253164,272638,266015,247599,259854.0131875,11493.9427734801
524,8.398,1148.84351,no MS2: AHexCer 67:14;O3|AHexCer (O-22:6)13:2;O2/32:6;O,[M+H-H2O]+,null,1.00,False,13.014,1148.84875,C73H115NO10,AHexCer,SHAHAWZWGYKWFH-UHFFFAOYSA-N,O=C(OCC1OC(OCC(NC(=O)C(O)CCCCCCCCCCCC=CCC=CCC=CCC=CCC=CCC=CCC)C(O)C=CCCC=CCCCC)C(O)C(O)C1O)CCC=CCC=CCC=CCC=CCC=CCC=CCC,530,False,True,False,Normalized unit: Intensity; Annotation method: Msp20260116160945_NCDK_conventional_converted_dev_1,False,False,524,0,0.00,0.95,null,null,null,-1.00,-1.00,-0.166,916.79,P Carly 25 Serum II_GD1_01_66509,1148.84521:80522 1149.84988:29106 1150.85455:3748,null,413956,399252,392425,354634,390066.838546875,25272.5833045215
525,15.334,1237.15393,no MS2: Cer 84:9;O4|Cer 18:2;O2/66:7;O2,[M+H-H2O]+,null,1.00,False,16.457,1237.15588,C84H151NO5,Cer_EOS,OODFOTNOEDMCBY-UHFFFAOYSA-N,O=C(OCCC=CCC=CCC=CCC=CCC=CCC=CCCCCCCCCCCCCCCCCCCC(=O)NC(CO)C(O)C=CCCC=CCCCCCCCCC)CCCCCCCCCCCCCCCCCCCCCCCCCCC,530,False,True,False,Normalized unit: Intensity; Annotation method: Msp20260116160945_NCDK_conventional_converted_dev_1,False,False,525,0,0.00,1.00,null,null,null,-1.00,-1.00,-0.143,1667.81,P Carly 25 Serum III_GD1_01_66510,1237.15552:211424 1238.16019:198314 1239.16485:87554,null,579434,570649,565248,541472,564200.75575,16241.2536989654
526,15.745,1250.17542,Unknown,[M+H]+,null,1.00,False,null,null,null,null,null,null,999,False,False,False,Normalized unit: Intensity,False,False,526,0,0.00,null,null,null,null,null,null,null,4037.64,P Carly 25 Serum III_GD1_01_66510,1250.17542:300494 1251.18008:281980 1252.18475:131050,null,1863864,1886238,1897140,1866625,1878466.77885938,15943.0532432071
527,15.347,1263.16943,no MS2: RIKEN P-VS1 ID-19263 from Mouse_Testis_fads2KO_N_Ctr,[M+H]+,null,1.00,False,14.350,1263.16809,null,Unknown,null,null,530,False,True,False,Normalized unit: Intensity; Annotation method: Msp20260116160945_NCDK_conventional_converted_dev_1,False,False,527,0,0.00,1.00,null,null,null,-1.00,-1.00,-0.129,5380.40,P Carly 25 Serum II_GD1_01_66509,1263.16821:630014 1264.17288:612590 1265.17755:287272,null,2446335,2387847,2325482,2277185,2359212.385875,73658.1852500935
528,15.745,1267.19958,no MS2: RIKEN P-VS1 ID-19271 from Mouse_AdrenalGlands_fads2KO_N_Ctr,[M+H]+,null,1.00,False,14.700,1267.20154,null,Unknown,null,null,530,False,True,False,Normalized unit: Intensity; Annotation method: Msp20260116160945_NCDK_conventional_converted_dev_1,False,False,528,0,0.00,1.00,null,null,null,-1.00,-1.00,-0.129,27052.06,P Carly 25 Serum IV_GD1_01_66511,1267.20142:1703794 1268.20608:1592834 1269.21075:767436,null,11262352,11189769,11027558,10914151,11098457.6360781,157262.810154414
529,15.745,1276.19128,Unknown,[M+H]+,null,1.00,False,null,null,null,null,null,null,999,False,False,False,Normalized unit: Intensity,False,False,529,0,0.00,null,null,null,null,null,null,null,5006.57,P Carly 25 Serum III_GD1_01_66510,1276.19128:348706 1277.19595:339534 1278.20062:167646,null,2194351,2226070,2236110,2210256,2216696.66834375,18307.8812799863
530,15.511,1277.18347,no MS2: Cer 87:10;O4|Cer 21:3;O2/66:7;O2,[M+H-H2O]+,null,1.00,False,16.522,1277.18726,C87H155NO5,Cer_EOS,ZCKITYOLSPCLES-UHFFFAOYSA-N,O=C(OCCC=CCC=CCC=CCC=CCC=CCC=CCCCCCCCCCCCCCCCCCCC(=O)NC(CO)C(O)C=CCCC=CCCC=CCCCCCCCC)CCCCCCCCCCCCCCCCCCCCCCCCCCC,530,False,True,False,Normalized unit: Intensity; Annotation method: Msp20260116160945_NCDK_conventional_converted_dev_1,False,False,530,0,0.00,1.00,null,null,null,-1.00,-1.00,-0.144,1277.81,P Carly 25 Serum III_GD1_01_66510,1277.18628:104372 1278.19095:103198 1279.19561:47374,null,529457,512462,471851,452713,491620.821250001,35452.4696758726
531,15.308,1287.16980,no MS2: RIKEN P-VS1 ID-19344 from Mouse_AdrenalGlands_WT_N_Ctr,[M+H]+,null,1.00,False,14.270,1287.16833,null,Unknown,null,null,530,False,True,False,Normalized unit: Intensity; Annotation method: Msp20260116160945_NCDK_conventional_converted_dev_1,False,False,531,0,0.00,1.00,null,null,null,-1.00,-1.00,-0.129,1956.41,P Carly 25 Serum II_GD1_01_66509,1287.16772:239978 1288.17239:234990 1289.17706:126840,null,659248,640835,591769,552858,611177.35521875,48194.7984043748
532,15.369,1289.18774,no MS2: RIKEN P-VS1 ID-19354 from Mouse_Liver_fads2KO_N_Ctr,[M+H]+,null,1.00,False,14.370,1289.18262,null,Unknown,null,null,530,False,True,False,Normalized unit: Intensity; Annotation method: Msp20260116160945_NCDK_conventional_converted_dev_1,False,False,532,0,0.00,0.98,null,null,null,-1.00,-1.00,-0.136,20838.54,P Carly 25 Serum II_GD1_01_66509,1289.18494:1477442 1290.18960:1471328 1291.19427:714390,null,7404648,7344275,7244630,7109954,7275876.7029375,128798.70015727
533,15.745,1293.21533,no MS2: Cer 88:9;O4|Cer 22:2;O2/66:7;O2,[M+H-H2O]+,null,1.00,False,16.498,1293.21851,C88H159NO5,Cer_EOS,LKZDSMPBAUYSDE-UHFFFAOYSA-N,O=C(OCCC=CCC=CCC=CCC=CCC=CCC=CCCCCCCCCCCCCCCCCCCC(=O)NC(CO)C(O)C=CCCC=CCCCCCCCCCCCCC)CCCCCCCCCCCCCCCCCCCCCCCCCCC,530,False,True,False,Normalized unit: Intensity; Annotation method: Msp20260116160945_NCDK_conventional_converted_dev_1,False,False,533,0,0.00,1.00,null,null,null,-1.00,-1.00,-0.144,103746.20,P Carly 25 Serum III_GD1_01_66510,1293.21765:6546194 1294.22232:6427126 1295.22699:3094068,null,41062407,42628001,40540797,39751158,40995590.6930781,1214451.70387017
534,15.741,1293.41162,Unknown,[M+H]+,null,1.00,False,null,null,null,null,null,null,999,False,False,False,Normalized unit: Intensity,False,False,534,0,0.00,null,null,null,null,null,null,null,1914.22,P Carly 25 Serum I_GD1_01_66508,1293.41162:155806 1294.41629:140596 1295.42096:49244,null,916737,875123,862559,836348,872691.75359375,33513.0990776659
535,15.741,1293.56458,Unknown,[M+2H]2+,null,1.00,False,null,null,null,null,null,null,999,False,False,False,Normalized unit: Intensity,False,False,535,0,0.00,null,null,null,null,null,null,null,2135.70,P Carly 25 Serum I_GD1_01_66508,1293.56458:141812 1294.56924:138936 1295.57391:61826,null,865510,794947,808763,771739,810239.77634375,39888.0024133672
536,15.421,1298.17847,Unknown,[M+H]+,null,1.00,False,null,null,null,null,null,null,999,False,False,False,Normalized unit: Intensity,False,False,536,0,0.00,null,null,null,null,null,null,null,2019.50,P Carly 25 Serum IV_GD1_01_66511,1298.17847:152690 1299.18313:149242 1300.18780:73084,null,871678,882402,907074,923463,896154.005484375,23474.8477865011
537,15.741,1302.20520,Unknown,[M+H]+,null,1.00,False,null,null,null,null,null,null,999,False,False,False,Normalized unit: Intensity,False,False,537,0,0.00,null,null,null,null,null,null,null,2085.90,P Carly 25 Serum IV_GD1_01_66511,1302.20520:131582 1303.20987:128334 1304.21454:61474,null,854236,855804,873722,875038,864700.004421875,11208.8558002377
538,15.511,1303.19897,no MS2: AHexCer 76:0;O3|AHexCer (O-28:0)12:0;O2/36:0;O,[M+H-H2O]+,null,1.00,False,15.233,1303.20874,C82H161NO10,AHexCer,RWCFEYNJDQGFEH-UHFFFAOYSA-N,O=C(OCC1OC(OCC(NC(=O)C(O)CCCCCCCCCCCCCCCCCCCCCCCCCCCCCCCCCC)C(O)CCCCCCCCC)C(O)C(O)C1O)CCCCCCCCCCCCCCCCCCCCCCCCCCC,530,False,True,False,Normalized unit: Intensity; Annotation method: Msp20260116160945_NCDK_conventional_converted_dev_1,False,False,538,0,0.00,0.88,null,null,null,-1.00,-1.00,-0.205,1557.45,P Carly 25 Serum III_GD1_01_66510,1303.20203:140926 1304.20669:149490 1305.21136:73390,null,692925,650509,588020,553137,621147.833703126,62548.7164486749
539,15.844,1307.23022,Unknown,[M+H]+,null,0.25,False,null,null,null,null,null,null,999,False,False,False,Normalized unit: Intensity,False,False,539,0,0.00,null,null,null,null,null,null,null,875.86,P Carly 25 Serum I_GD1_01_66508,1307.23022:82750 1308.23489:107280 1309.23956:66274,null,373645,327046,313945,290100,326183.97075,35143.2264156614
540,15.143,1311.16797,no MS2: AHexCer 77:3;O3|AHexCer (O-28:0)13:1;O2/36:2;O,[M+H-H2O]+,null,1.00,False,15.110,1311.17749,C83H157NO10,AHexCer,WDJWRWUGWLUCMJ-UHFFFAOYSA-N,O=C(OCC1OC(OCC(NC(=O)C(O)CCCCCCCCCCCCCCCCCCCCCCC=CCC=CCCCCCCC)C(O)C=CCCCCCCCC)C(O)C(O)C1O)CCCCCCCCCCCCCCCCCCCCCCCCCCC,530,False,True,False,Normalized unit: Intensity; Annotation method: Msp20260116160945_NCDK_conventional_converted_dev_1,False,False,540,0,0.00,0.91,null,null,null,-1.00,-1.00,-0.187,2608.29,P Carly 25 Serum III_GD1_01_66510,1311.17188:208416 1312.17654:212326 1313.18121:98324,null,980258,958528,931092,901696,942893.484078124,34044.494884762
541,15.312,1313.18530,no MS2: RIKEN P-VS1 ID-19438 from Mouse_AdrenalGlands_fads2KO_N_Ctr,[M+H]+,null,1.00,False,14.310,1313.19287,null,Unknown,null,null,530,False,True,False,Normalized unit: Intensity; Annotation method: Msp20260116160945_NCDK_conventional_converted_dev_1,False,False,541,0,0.00,0.86,null,null,null,-1.00,-1.00,-0.189,6631.45,P Carly 25 Serum III_GD1_01_66510,1313.18579:722498 1314.19046:742940 1315.19513:371542,null,2267871,2200799,1996267,1941063,2101499.764875,157431.096617743
542,15.421,1315.20239,no MS2: RIKEN P-VS1 ID-19445 from Mouse_AdrenalGlands_fads2KO_N_Ctr,[M+H]+,null,1.00,False,14.420,1315.20972,null,Unknown,null,null,530,False,True,False,Normalized unit: Intensity; Annotation method: Msp20260116160945_NCDK_conventional_converted_dev_1,False,False,542,0,0.00,0.91,null,null,null,-1.00,-1.00,-0.169,242553.90,P Carly 25 Serum IV_GD1_01_66511,1315.20398:13093282 1316.20865:13066476 1317.21331:8432680,null,102023646,99682324,96831900,96605751,98785905.3758594,2572789.42499651
543,15.421,1315.39343,Unknown,[M+2H]2+,null,1.00,False,null,null,null,null,null,null,999,False,False,False,Normalized unit: Intensity,False,False,543,0,0.00,null,null,null,null,null,null,null,4153.36,P Carly 25 Serum III_GD1_01_66510,1315.39343:279838 1316.39810:249260 1317.40277:116660,null,2030249,1979265,1989474,1906986,1976493.38982813,51306.4386435966
544,15.421,1315.55774,Unknown,[M+2H]2+,null,1.00,False,null,null,null,null,null,null,999,False,False,False,Normalized unit: Intensity,False,False,544,0,0.00,null,null,null,null,null,null,null,4734.46,P Carly 25 Serum I_GD1_01_66508,1315.55774:297668 1316.56241:263038 1317.56707:163148,null,1980878,1893565,1962120,1966123,1950671.60307813,38916.19414211
545,15.421,1316.20569,no MS2: SM 77:4;O3|SM 49:3;O2(FA 28:0),[M+H]+,null,1.00,False,15.082,1316.19580,C82H159N2O7P,ASM,VTHSDDWDDNKEDJ-UHFFFAOYSA-N,O=C(OC(C=CCCCCCCCC)C(NC(=O)CCCCCCCCCCCCCCCCCCCCCCCC=CCC=CCCCCCCC)COP(=O)([O-])OCC[N+](C)(C)C)CCCCCCCCCCCCCCCCCCCCCCCCCCC,530,False,True,False,Normalized unit: Intensity; Annotation method: Msp20260116160945_NCDK_conventional_converted_dev_1,False,False,545,0,0.00,0.79,null,null,null,-1.00,-1.00,-0.250,247902.70,P Carly 25 Serum II_GD1_01_66509,1316.20496:13273288 1317.20962:8294008 1318.21429:2733986,null,101842743,99835911,96839734,96633611,98788000.0741563,2507768.35552844
546,15.421,1317.21045,Unknown,[M+H]+,null,1.00,False,null,null,null,null,null,null,999,False,False,False,Normalized unit: Intensity,False,False,546,0,0.00,null,null,null,null,null,null,null,153199.50,P Carly 25 Serum IV_GD1_01_66511,1317.21045:8432680 1318.21512:2658590 1319.21978:604478,null,55778488,55394124,54232133,54874288,55069758.10925,670158.319672667
547,15.741,1319.23145,no MS2: RIKEN P-VS1 ID-19454 from Mouse_AdrenalGlands_fads2KO_N_Ctr,[M+H]+,null,1.00,False,14.750,1319.23706,null,Unknown,null,null,530,False,True,False,Normalized unit: Intensity; Annotation method: Msp20260116160945_NCDK_conventional_converted_dev_1,False,False,547,0,0.00,0.93,null,null,null,-1.00,-1.00,-0.160,86136.67,P Carly 25 Serum III_GD1_01_66510,1319.23206:5112682 1320.23672:5096886 1321.24139:2639528,null,33501601,32474466,32383828,32975490,32833846.1539219,515632.140149141
548,15.737,1319.42932,Unknown,[M+H]+,null,1.00,False,null,null,null,null,null,null,999,False,False,False,Normalized unit: Intensity,False,False,548,0,0.00,null,null,null,null,null,null,null,1372.98,P Carly 25 Serum I_GD1_01_66508,1319.42932:117470 1320.43399:104640 1321.43866:26940,null,649057,600713,615626,587991,613346.602640625,26349.8985962766
549,15.741,1319.58154,Unknown,[M+2H]2+,null,1.00,False,null,null,null,null,null,null,999,False,False,False,Normalized unit: Intensity,False,False,549,0,0.00,null,null,null,null,null,null,null,1935.07,P Carly 25 Serum I_GD1_01_66508,1319.58154:109750 1320.58621:119624 1321.59088:20784,null,628483,607383,607566,576088,604880.21034375,21598.8532320871
550,15.460,1320.15344,Unknown,[2M+Na]+,null,1.00,False,null,null,null,null,null,null,999,False,False,False,Normalized unit: Intensity,False,False,550,0,0.00,null,null,null,null,null,null,null,2142.77,P Carly 25 Serum II_GD1_01_66509,1320.15344:129650 1321.15811:129552 1322.16278:63612,null,1186819,1178938,1132933,1162062,1165187.90532813,23854.7990156399
551,16.144,1323.26050,no MS2: RIKEN P-VS1 ID-19471 from Mouse_AdrenalGlands_fads2KO_N_Ctr,[M+H]+,null,1.00,False,14.900,1323.26611,null,Unknown,null,null,530,False,True,False,Normalized unit: Intensity; Annotation method: Msp20260116160945_NCDK_conventional_converted_dev_1,False,False,551,0,0.00,0.99,null,null,null,-1.00,-1.00,-0.133,2277.18,P Carly 25 Serum III_GD1_01_66510,1323.26428:190458 1324.26895:175464 1325.27362:84442,null,1028875,887854,836551,686956,860058.906093751,141171.938580915
552,16.156,1328.21667,Unknown,[M+H]+,null,0.25,False,null,null,null,null,null,null,999,False,False,False,Normalized unit: Intensity,False,False,552,0,0.00,null,null,null,null,null,null,null,911.96,P Carly 25 Serum I_GD1_01_66508,1328.21667:66748 1329.22134:66286 1330.22601:30872,null,371435,334057,308113,275281,322221.57728125,40679.6358638186
553,15.520,1329.21436,no MS2: RIKEN P-VS1 ID-19499 from Mouse_AdrenalGlands_WT_N_Ctr,[M+H]+,null,1.00,False,14.520,1329.21448,null,Unknown,null,null,530,False,True,False,Normalized unit: Intensity; Annotation method: Msp20260116160945_NCDK_conventional_converted_dev_1,False,False,553,0,0.00,1.00,null,null,null,-1.00,-1.00,-0.129,1311.20,P Carly 25 Serum I_GD1_01_66508,1329.21436:121854 1330.21902:145016 1331.22369:81792,null,488282,439974,421672,402857,438196.185140626,36668.4862705421
554,15.758,1334.24084,no MS2: SM 78:2;O3|SM 50:1;O2(FA 28:0),[M+H]+,null,1.00,False,15.490,1334.24268,C83H165N2O7P,ASM,FAGYIJWFZORAAG-UHFFFAOYSA-N,O=C(OC(C=CCCCCCCC)C(NC(=O)CCCCCCCCCCCCCCCCCCCCCCCCCCCCCCCCCCCCC)COP(=O)([O-])OCC[N+](C)(C)C)CCCCCCCCCCCCCCCCCCCCCCCCCCC,530,False,True,False,Normalized unit: Intensity; Annotation method: Msp20260116160945_NCDK_conventional_converted_dev_1,False,False,554,0,0.00,1.00,null,null,null,-1.00,-1.00,-0.143,2189.92,P Carly 25 Serum III_GD1_01_66510,1334.24292:124452 1335.24759:122570 1336.25226:57892,null,1265423,1184813,1155802,1157007,1190761.2578125,51546.6270288492
555,15.213,1337.18616,no MS2: AHexCer 79:4;O3|AHexCer (O-28:0)13:1;O2/38:3;O,[M+H-H2O]+,null,1.00,False,15.237,1337.19312,C85H159NO10,AHexCer,XMUONFOGMOZNJG-UHFFFAOYSA-N,O=C(OCC1OC(OCC(NC(=O)C(O)CCCCCCCCCCCCCCCCCCCCCC=CCC=CCC=CCCCCCCC)C(O)C=CCCCCCCCC)C(O)C(O)C1O)CCCCCCCCCCCCCCCCCCCCCCCCCCC,530,False,True,False,Normalized unit: Intensity; Annotation method: Msp20260116160945_NCDK_conventional_converted_dev_1,False,False,555,0,0.00,0.89,null,null,null,-1.00,-1.00,-0.198,2373.04,P Carly 25 Serum III_GD1_01_66510,1337.18665:229426 1338.19131:246834 1339.19598:121492,null,823929,791992,726301,718501,765180.573296876,51188.3846596777
556,15.338,1339.19873,no MS2: RIKEN P-VS1 ID-19531 from Mouse_AdrenalGlands_WT_N_Ctr,[M+H]+,null,1.00,False,14.330,1339.20374,null,Unknown,null,null,530,False,True,False,Normalized unit: Intensity; Annotation method: Msp20260116160945_NCDK_conventional_converted_dev_1,False,False,556,0,0.00,0.99,null,null,null,-1.00,-1.00,-0.133,2217.39,P Carly 25 Serum III_GD1_01_66510,1339.20190:181918 1340.20657:203354 1341.21124:109216,null,843124,845679,698033,771059,789473.797640624,70089.9379749924
557,15.477,1341.21362,no MS2: RIKEN P-VS1 ID-19537 from Mouse_AdrenalGlands_WT_N_Ctr,[M+H]+,null,1.00,False,14.480,1341.22034,null,Unknown,null,null,530,False,True,False,Normalized unit: Intensity; Annotation method: Msp20260116160945_NCDK_conventional_converted_dev_1,False,False,557,0,0.00,0.94,null,null,null,-1.00,-1.00,-0.157,14203.34,P Carly 25 Serum III_GD1_01_66510,1341.21545:1073772 1342.22012:1345174 1343.22479:808692,null,4411421,4489524,4421038,4257177,4394789.90445312,98110.9979474455
558,15.771,1346.24182,no MS2: SM 79:3;O3|SM 51:2;O2(FA 28:0),[M+H]+,null,1.00,False,15.253,1346.24268,C84H165N2O7P,ASM,XBKXDKSQMPEXLM-UHFFFAOYSA-N,O=C(OC(C=CCCCCCCCC)C(NC(=O)CCCCCCCCCCCCCCCCCCCCCCCCCC=CCCCCCCCCCC)COP(=O)([O-])OCC[N+](C)(C)C)CCCCCCCCCCCCCCCCCCCCCCCCCCC,530,False,True,False,Normalized unit: Intensity; Annotation method: Msp20260116160945_NCDK_conventional_converted_dev_1,False,False,558,0,0.00,1.00,null,null,null,-1.00,-1.00,-0.143,3023.89,P Carly 25 Serum IV_GD1_01_66511,1346.24280:185992 1347.24747:182536 1348.25213:85796,null,1929135,1855273,1752543,1801113,1834515.82725,75760.3472078303
559,13.940,1347.19141,no MS2: TG 87:12|TG 11:0_38:2_38:10,[M+NH4]+,null,1.00,False,16.534,1347.19275,C90H152O6,TG,CYOYCULGPKWXLD-UHFFFAOYSA-N,O=C(OCC(OC(=O)CCCCCCCCCCCCCCCCCCCCCCCCCC=CCC=CCCCCCCC)COC(=O)CCCCCCCCCC)CCCCCCC=CCC=CCC=CCC=CCC=CCC=CCC=CCC=CCC=CCC=CCC,530,False,True,False,Normalized unit: Intensity; Annotation method: Msp20260116160945_NCDK_conventional_converted_dev_1,False,False,559,0,0.00,1.00,null,null,null,-1.00,-1.00,-0.143,1400.31,P Carly 25 Serum III_GD1_01_66510,1347.19324:121320 1348.19791:123656 1349.20257:61194,null,509158,453436,413388,367278,435815.028531249,60249.0514559321
560,16.144,1350.27197,no MS2: SM 79:1;O3|SM 51:0;O2(FA 28:0),[M+H]+,null,1.00,False,15.565,1350.27405,C84H169N2O7P,ASM,YHYYVWXTRRCUPK-UHFFFAOYSA-N,O=C(OC(CCCCCCCCCC)C(NC(=O)CCCCCCCCCCCCCCCCCCCCCCCCCCCCCCCCCCCCC)COP(=O)([O-])OCC[N+](C)(C)C)CCCCCCCCCCCCCCCCCCCCCCCCCCC,530,False,True,False,Normalized unit: Intensity; Annotation method: Msp20260116160945_NCDK_conventional_converted_dev_1,False,False,560,0,0.00,1.00,null,null,null,-1.00,-1.00,-0.143,1228.02,P Carly 25 Serum IV_GD1_01_66511,1350.27441:75994 1351.27908:74754 1352.28375:35574,null,573146,495642,460708,405021,483629.4205,70385.1791479159
561,13.940,1352.14685,no MS2: TG 87:12|TG 11:0_38:2_38:10,[M+Na]+,null,1.00,False,16.534,1352.14807,C90H152O6,TG,CYOYCULGPKWXLD-UHFFFAOYSA-N,O=C(OCC(OC(=O)CCCCCCCCCCCCCCCCCCCCCCCCCC=CCC=CCCCCCCC)COC(=O)CCCCCCCCCC)CCCCCCC=CCC=CCC=CCC=CCC=CCC=CCC=CCC=CCC=CCC=CCC,530,False,True,False,Normalized unit: Intensity; Annotation method: Msp20260116160945_NCDK_conventional_converted_dev_1,False,False,561,0,0.00,1.00,null,null,null,-1.00,-1.00,-0.143,1235.65,P Carly 25 Serum III_GD1_01_66510,1352.14868:103292 1353.15335:100198 1354.15802:48050,null,509571,450948,419658,395898,444018.921156249,49173.7694629614
562,15.455,1356.22449,no MS2: SM 80:5;O3|SM 52:4;O2(FA 28:0),[M+H]+,null,1.00,False,15.089,1356.22705,C85H163N2O7P,ASM,DZZPYNUJSOYVAK-UHFFFAOYSA-N,O=C(OC(C=CCCCCCCCCC)C(NC(=O)CCCCCCCCCCCCCCCCCCCCCCC=CCC=CCC=CCCCCCCC)COP(=O)([O-])OCC[N+](C)(C)C)CCCCCCCCCCCCCCCCCCCCCCCCCCC,530,False,True,False,Normalized unit: Intensity; Annotation method: Msp20260116160945_NCDK_conventional_converted_dev_1,False,False,562,0,0.00,1.00,null,null,null,-1.00,-1.00,-0.143,1968.50,P Carly 25 Serum III_GD1_01_66510,1356.22681:127274 1357.23147:130380 1358.23614:61264,null,1168924,1127598,1061257,1063019,1105199.60978125,52512.5259643677
563,15.002,1359.16870,no MS2: RIKEN P-VS1 ID-19602 from Mouse_AdrenalGlands_WT_N_Ctr,[M+H]+,null,0.75,False,14.050,1359.17676,null,Unknown,null,null,530,False,True,False,Normalized unit: Intensity; Annotation method: Msp20260116160945_NCDK_conventional_converted_dev_1,False,False,563,0,0.00,0.92,null,null,null,-1.00,-1.00,-0.165,1047.46,P Carly 25 Serum III_GD1_01_66510,1359.17114:99066 1360.17581:101242 1361.18048:46626,null,356280,332977,322566,267864,319921.541921875,37458.2792561855
564,15.754,1360.25696,no MS2: SM 80:3;O3|SM 52:2;O2(FA 28:0),[M+H]+,null,1.00,False,15.322,1360.25842,C85H167N2O7P,ASM,RGJPYGYAOUVFJX-UHFFFAOYSA-N,O=C(OC(C=CCCCCCCCCC)C(NC(=O)CCCCCCCCCCCCCCCCCCCCCCCCCC=CCCCCCCCCCC)COP(=O)([O-])OCC[N+](C)(C)C)CCCCCCCCCCCCCCCCCCCCCCCCCCC,530,False,True,False,Normalized unit: Intensity; Annotation method: Msp20260116160945_NCDK_conventional_converted_dev_1,False,False,564,0,0.00,1.00,null,null,null,-1.00,-1.00,-0.143,1765.01,P Carly 25 Serum III_GD1_01_66510,1360.25842:87250 1361.26309:88240 1362.26776:40998,null,895865,824654,797115,817977,833902.833609375,42940.8816644854
565,13.923,1363.18665,Unknown,[M+H]+,null,0.75,False,null,null,null,null,null,null,999,False,False,False,Normalized unit: Intensity,False,False,565,0,0.00,null,null,null,null,null,null,null,1138.98,P Carly 25 Serum I_GD1_01_66508,1363.18665:113522 1364.19131:114266 1365.19598:54174,null,376645,321290,297669,257566,313292.80840625,49756.1313652003
566,15.260,1363.20129,no MS2: RIKEN P-VS1 ID-19625 from Mouse_AdrenalGlands_WT_N_Ctr,[M+H]+,null,1.00,False,14.270,1363.20703,null,Unknown,null,null,530,False,True,False,Normalized unit: Intensity; Annotation method: Msp20260116160945_NCDK_conventional_converted_dev_1,False,False,566,0,0.00,0.93,null,null,null,-1.00,-1.00,-0.159,96391.91,P Carly 25 Serum III_GD1_01_66510,1363.20190:6841412 1364.20657:7171480 1365.21124:3515372,null,30546027,29190192,28622421,26587553,28736548.1500469,1644304.60207838
567,15.260,1363.40234,Unknown,[M+H]+,null,1.00,False,null,null,null,null,null,null,999,False,False,False,Normalized unit: Intensity,False,False,567,0,0.00,null,null,null,null,null,null,null,2100.56,P Carly 25 Serum I_GD1_01_66508,1363.40234:150356 1364.40701:154474 1365.41168:65160,null,635544,593811,605609,571924,601721.902671875,26517.774470653
568,15.260,1363.56116,Unknown,[M+2H]2+,null,1.00,False,null,null,null,null,null,null,999,False,False,False,Normalized unit: Intensity,False,False,568,0,0.00,null,null,null,null,null,null,null,2141.84,P Carly 25 Serum I_GD1_01_66508,1363.56116:142596 1364.56582:135686 1365.57049:64286,null,589918,548756,540230,496350,543813.6006875,38365.2982257188
569,15.272,1366.09949,no MS2: PI 70:0,[M+Na]+,null,0.25,False,14.149,1366.10974,C79H155O13P,PI,VIJXNHUXERQNDR-UHFFFAOYSA-N,O=C(OCC(OC(=O)CCCCCCCCCCCCCCCCCCCCCCCCCCCCCCCCCCCCC)COP(=O)(O)OC1C(O)C(O)C(O)C(O)C1O)CCCCCCCCCCCCCCCCCCCCCCCCCCCCCCC,530,False,True,False,Normalized unit: Intensity; Annotation method: Msp20260116160945_NCDK_conventional_converted_dev_1,False,False,569,0,0.00,0.75,null,null,null,-1.00,-1.00,-0.266,849.16,P Carly 25 Serum I_GD1_01_66508,1366.09949:86418 1367.10416:4390 1368.10882:0,null,268882,224388,220026,199138,228108.201953125,29331.2466352138
570,15.494,1368.22913,no MS2: SM 81:6;O3|SM 53:5;O2(FA 28:0),[M+H]+,null,1.00,False,15.235,1368.22705,C86H163N2O7P,ASM,ICFPZKHDYSNTNV-UHFFFAOYSA-N,O=C(OC(C=CCCCCCCCCCC)C(NC(=O)CCCCCCCCCCCCCCCCCCCCCCCCC=CCC=CCC=CCC=CCC)COP(=O)([O-])OCC[N+](C)(C)C)CCCCCCCCCCCCCCCCCCCCCCCCCCC,530,False,True,False,Normalized unit: Intensity; Annotation method: Msp20260116160945_NCDK_conventional_converted_dev_1,False,False,570,0,0.00,0.99,null,null,null,-1.00,-1.00,-0.149,1428.35,P Carly 25 Serum I_GD1_01_66508,1368.22913:135540 1369.23379:100698 1370.23846:47900,null,517705,496840,478278,438056,482719.584140625,33852.1307132819
571,13.936,1371.19092,Unknown,[M+H]+,null,1.00,False,null,null,null,null,null,null,999,False,False,False,Normalized unit: Intensity,False,False,571,0,0.00,null,null,null,null,null,null,null,1557.86,P Carly 25 Serum III_GD1_01_66510,1371.19263:125910 1372.19729:128624 1373.20196:66026,null,555545,485799,440153,398717,470053.632984374,67180.2748085689
572,9.662,1383.95264,Unknown,[M+H]+,null,1.00,False,null,null,null,null,null,null,999,False,False,False,Normalized unit: Intensity,False,False,572,0,0.00,null,null,null,null,null,null,null,1503.60,P Carly 25 Serum I_GD1_01_66508,1383.95264:184784 1384.95730:165198 1385.96197:79928,null,1992482,1824873,1637657,1553877,1752222.14479688,196187.581227947
573,13.906,1387.18616,no MS2: RIKEN P-VS1 ID-19717 from Mouse_AdrenalGlands_WT_N_Ctr,[M+H]+,null,0.75,False,14.250,1387.19568,null,Unknown,null,null,530,False,True,False,Normalized unit: Intensity; Annotation method: Msp20260116160945_NCDK_conventional_converted_dev_1,False,False,573,0,0.00,0.87,null,null,null,-1.00,-1.00,-0.189,964.46,P Carly 25 Serum III_GD1_01_66510,1387.18823:80082 1388.19290:78884 1389.19757:39604,null,380822,338494,309498,264521,323333.652859375,48938.9336901843
574,15.260,1390.21106,no MS2: SM 83:9;O3|SM 55:8;O2(FA 28:0),[M+H]+,null,1.00,False,15.377,1390.21143,C88H161N2O7P,ASM,WXRWQWZOGMYAGN-UHFFFAOYSA-N,O=C(OC(C=CCCC=CCCCCCCCC)C(NC(=O)CCCCCCCCCCCCCCCCCCC=CCC=CCC=CCC=CCC=CCC=CCC)COP(=O)([O-])OCC[N+](C)(C)C)CCCCCCCCCCCCCCCCCCCCCCCCCCC,530,False,True,False,Normalized unit: Intensity; Annotation method: Msp20260116160945_NCDK_conventional_converted_dev_1,False,False,574,0,0.00,1.00,null,null,null,-1.00,-1.00,-0.143,5325.05,P Carly 25 Serum IV_GD1_01_66511,1390.21167:322660 1391.21634:326526 1392.22101:167708,null,1832478,1694338,1563984,1525469,1654067.09240625,139169.60889965
575,13.904,1392.14136,Unknown,[M+H]+,null,0.25,False,null,null,null,null,null,null,999,False,False,False,Normalized unit: Intensity,False,False,575,0,0.00,null,null,null,null,null,null,null,796.85,P Carly 25 Serum I_GD1_01_66508,1392.14136:79576 1393.14603:80724 1394.15069:38520,null,384453,340425,304597,276065,326385.078921875,46818.132685814
576,15.263,1404.22644,no MS2: SM 84:9;O3|SM 56:8;O2(FA 28:0),[M+H]+,null,0.50,False,15.377,1404.22705,C89H163N2O7P,ASM,WPJPOXCYTHTRGQ-UHFFFAOYSA-N,O=C(OC(C=CCCC=CCCCCCCCCC)C(NC(=O)CCCCCCCCCCCCCCCCCCC=CCC=CCC=CCC=CCC=CCC=CCC)COP(=O)([O-])OCC[N+](C)(C)C)CCCCCCCCCCCCCCCCCCCCCCCCCCC,530,False,True,False,Normalized unit: Intensity; Annotation method: Msp20260116160945_NCDK_conventional_converted_dev_1,False,False,576,0,0.00,1.00,null,null,null,-1.00,-1.00,-0.143,1034.29,P Carly 25 Serum I_GD1_01_66508,1404.22644:74080 1405.23111:84240 1406.23578:43522,null,343692,315160,292382,276248,306870.371140625,29281.4820636238
577,15.351,1473.35034,no MS2: TG 93:7;O2|TG 15:0_22:6_28:0;O(FA 28:0),[M+NH4]+,null,1.00,False,16.689,1473.35474,C96H174O8,TG_EST,IVYVRKDCQRLUFS-UHFFFAOYSA-N,O=C(OCC(OC(=O)CCC=CCC=CCC=CCC=CCC=CCC=CCC)COC(=O)CCCCCCCC(OC(=O)CCCCCCCCCCCCCCCCCCCCCCCCCCC)CCCCCCCCCCCCCCCCCCC)CCCCCCCCCCCCCC,530,False,True,False,Normalized unit: Intensity; Annotation method: Msp20260116160945_NCDK_conventional_converted_dev_1,False,False,577,0,0.00,1.00,null,null,null,-1.00,-1.00,-0.145,2858.38,P Carly 25 Serum III_GD1_01_66510,1473.35339:190382 1474.35806:201416 1475.36273:102766,null,981797,892520,757313,692931,831140.141375,130406.183874938
578,15.134,1495.33630,no MS2: PC 85:2,[M+Na]+,null,0.25,False,15.834,1495.34949,C93H182NO8P,PC,RERUQQITSRUPID-UHFFFAOYSA-N,O=C(OCC(OC(=O)CCCCCCCCCCCCCCCCCCCCCCCCCCCCCCCC=CCC=CCCCCCCC)COP(=O)([O-])OCC[N+](C)(C)C)CCCCCCCCCCCCCCCCCCCCCCCCCCCCCCCCCCCCCCCC,530,False,True,False,Normalized unit: Intensity; Annotation method: Msp20260116160945_NCDK_conventional_converted_dev_1,False,False,578,0,0.00,0.68,null,null,null,-1.00,-1.00,-0.304,1188.25,P Carly 25 Serum I_GD1_01_66508,1495.33630:71276 1496.34097:80378 1497.34564:38076,null,378660,305553,278970,244721,301975.924765625,56864.4137790937
579,15.369,1499.36560,no MS2: TG 95:8;O2|TG 17:1_22:6_28:0;O(FA 28:0),[M+NH4]+,null,1.00,False,16.640,1499.37024,C98H176O8,TG_EST,QOZITOIMKDSFNB-UHFFFAOYSA-N,O=C(OCC(OC(=O)CCC=CCC=CCC=CCC=CCC=CCC=CCC)COC(=O)CCCCCCCC(OC(=O)CCCCCCCCCCCCCCCCCCCCCCCCCCC)CCCCCCCCCCCCCCCCCCC)CCCCCCCC=CCCCCCCC,530,False,True,False,Normalized unit: Intensity; Annotation method: Msp20260116160945_NCDK_conventional_converted_dev_1,False,False,579,0,0.00,0.99,null,null,null,-1.00,-1.00,-0.148,9467.48,P Carly 25 Serum III_GD1_01_66510,1499.36816:540332 1500.37283:591154 1501.37750:321234,null,3300312,2849836,2515687,2308040,2743468.699375,433155.341385669
