,,,,,,,,,,,,,,,,,,,,,,,,,,,,,,,,,,Class,1,1,1,1,NA,NA
,,,,,,,,,,,,,,,,,,,,,,,,,,,,,,,,,,File type,Sample,Sample,Sample,Sample,NA,NA
,,,,,,,,,,,,,,,,,,,,,,,,,,,,,,,,,,Injection order,1,2,3,4,NA,NA
,,,,,,,,,,,,,,,,,,,,,,,,,,,,,,,,,,Batch ID,1,1,1,1,Average,Stdev
Alignment ID,Average Rt(min),Average Mz,Metabolite name,Adduct type,Post curation result,Fill %,MS/MS assigned,Reference RT,Reference m/z,Formula,Ontology,INCHIKEY,SMILES,Annotation tag (VS1.0),RT matched,m/z matched,MS/MS matched,Comment,Manually modified for quantification,Manually modified for annotation,Isotope tracking parent ID,Isotope tracking weight number,RT similarity,m/z similarity,Simple dot product,Weighted dot product,Reverse dot product,Matched peaks count,Matched peaks percentage,Total score,S/N average,Spectrum reference file name,MS1 isotopic spectrum,MS/MS spectrum,P Carly 25 RT Mix 4p4 2xD I_GC1_01_66504,P Carly 25 RT Mix 4p4 2xD II_GC1_01_66505,P Carly 25 RT Mix 4p4 2xD III_GC1_01_66506,P Carly 25 RT Mix 4p4 2xD IV_GC1_01_66507,1,1
0,13.426,313.27444,Unknown,[M+H]+,null,0.75,False,null,null,null,null,null,null,999,False,False,False,Normalized unit: Intensity,False,False,0,0,0.00,null,null,null,null,null,null,null,1340.11,P Carly 25 RT Mix 4p4 2xD I_GC1_01_66504,313.27444:90946 314.27911:17312 315.28378:1850,null,328591,301634,285926,321885,309509.137390625,19454.8191541535
1,13.819,341.30518,Unknown,[M+H]+,null,1.00,False,null,null,null,null,null,null,999,False,False,False,Normalized unit: Intensity,False,False,1,0,0.00,null,null,null,null,null,null,null,2149.43,P Carly 25 RT Mix 4p4 2xD I_GC1_01_66504,341.30518:149060 342.30984:34504 343.31451:4300,null,566651,557558,541224,558205,555909.629140625,10630.7703321789
2,3.672,354.40820,Unknown,[M+H]+,null,1.00,False,null,null,null,null,null,null,999,False,False,False,Normalized unit: Intensity,False,False,2,0,0.00,null,null,null,null,null,null,null,2842.36,P Carly 25 RT Mix 4p4 2xD IV_GC1_01_66507,354.40820:118704 355.41287:31910 356.41754:3506,null,488380,498414,498884,529736,503853.630890625,17922.5020067443
3,13.918,367.33572,no MS2: ST 27:2;O,[M+H-H2O]+,null,1.00,False,7.592,367.33591,C27H44O,ST,AVSXSVCZWQODGV-UHFFFAOYSA-N,OC1CC2=CCC3C(CCC4(C)C(CCC34)C(C)CCC=C(C)C)C2(C)CC1,530,False,True,False,Normalized unit: Intensity; Annotation method: Msp20260116160945_NCDK_conventional_converted_dev_1,False,False,3,0,0.00,1.00,null,null,null,-1.00,-1.00,-0.143,194.92,P Carly 25 RT Mix 4p4 2xD IV_GC1_01_66507,367.33572:131090 368.34039:43228 369.34506:406242,null,796295,798148,838056,892861,831340.014953125,45312.939885203
4,13.910,369.35135,no MS2: ST 27:1;O,[M+H-H2O]+,null,1.00,False,8.638,369.35159,C27H46O,ST,HVYWMOMLDIMFJA-UHFFFAOYSA-N,OC1CC2=CCC3C(CCC4(C)C(CCC34)C(C)CCCC(C)C)C2(C)CC1,530,False,True,False,Normalized unit: Intensity; Annotation method: Msp20260116160945_NCDK_conventional_converted_dev_1,False,False,4,0,0.00,1.00,null,null,null,-1.00,-1.00,-0.143,126.59,P Carly 25 RT Mix 4p4 2xD IV_GC1_01_66507,369.35135:448154 370.35602:129744 371.36068:20370,null,2965128,2994426,2911629,3334966,3051537.23220313,192036.579983538
5,10.022,369.35184,no MS2: ST 27:1;O,[M+H-H2O]+,null,1.00,False,8.638,369.35159,C27H46O,ST,HVYWMOMLDIMFJA-UHFFFAOYSA-N,OC1CC2=CCC3C(CCC4(C)C(CCC34)C(C)CCCC(C)C)C2(C)CC1,530,False,True,False,Normalized unit: Intensity; Annotation method: Msp20260116160945_NCDK_conventional_converted_dev_1,False,False,5,0,0.00,1.00,null,null,null,-1.00,-1.00,-0.143,22.87,P Carly 25 RT Mix 4p4 2xD IV_GC1_01_66507,369.35184:82896 370.35650:24486 371.36117:3818,null,812669,882499,876199,996565,891982.9778125,76522.9116259029
6,14.996,369.35190,no MS2: ST 27:1;O,[M+H-H2O]+,null,1.00,False,8.638,369.35159,C27H46O,ST,HVYWMOMLDIMFJA-UHFFFAOYSA-N,OC1CC2=CCC3C(CCC4(C)C(CCC34)C(C)CCCC(C)C)C2(C)CC1,530,False,True,False,Normalized unit: Intensity; Annotation method: Msp20260116160945_NCDK_conventional_converted_dev_1,False,False,6,0,0.00,1.00,null,null,null,-1.00,-1.00,-0.144,170.44,P Carly 25 RT Mix 4p4 2xD IV_GC1_01_66507,369.35190:603452 370.35657:175064 371.36123:26404,null,3159796,3258707,3226525,3509877,3288726.4308125,153080.396479458
7,15.412,369.35239,no MS2: ST 27:1;O,[M+H-H2O]+,null,1.00,False,8.638,369.35159,C27H46O,ST,HVYWMOMLDIMFJA-UHFFFAOYSA-N,OC1CC2=CCC3C(CCC4(C)C(CCC34)C(C)CCCC(C)C)C2(C)CC1,530,False,True,False,Normalized unit: Intensity; Annotation method: Msp20260116160945_NCDK_conventional_converted_dev_1,False,False,7,0,0.00,1.00,null,null,null,-1.00,-1.00,-0.143,239.75,P Carly 25 RT Mix 4p4 2xD I_GC1_01_66504,369.35159:810046 370.35626:239456 371.36093:32400,null,4439013,4258307,4506510,4731708,4483884.29164062,195641.619410924
8,15.758,369.35379,no MS2: ST 27:1;O,[M+H-H2O]+,null,1.00,False,8.638,369.35159,C27H46O,ST,HVYWMOMLDIMFJA-UHFFFAOYSA-N,OC1CC2=CCC3C(CCC4(C)C(CCC34)C(C)CCCC(C)C)C2(C)CC1,530,False,True,False,Normalized unit: Intensity; Annotation method: Msp20260116160945_NCDK_conventional_converted_dev_1,False,False,8,0,0.00,1.00,null,null,null,-1.00,-1.00,-0.143,541.82,P Carly 25 RT Mix 4p4 2xD I_GC1_01_66504,369.35175:1451306 370.35641:449440 371.36108:59806,null,11102647,11235660,11862885,11550370,11437890.2234531,339881.159065022
9,1.286,454.25723,no MS2: DMPE 13:0|DMPE 5:0_8:0,[M+H]+,null,1.00,False,4.835,454.25641,C20H40NO8P,DMPE,HKWAESFLQVAVHA-UHFFFAOYSA-N,O=C(OCC(OC(=O)CCCCCCC)COP(=O)(O)OCCN(C)C)CCCC,530,False,True,False,Normalized unit: Intensity; Annotation method: Msp20260116160945_NCDK_conventional_converted_dev_1,False,False,9,0,0.00,0.99,null,null,null,-1.00,-1.00,-0.146,74688.05,P Carly 25 RT Mix 4p4 2xD I_GC1_01_66504,454.25699:6069816 455.26166:1518940 456.26632:246170,null,27534115,27661590,26617826,28925682,27684803.4864375,948940.807146075
10,1.286,454.37723,Unknown,[M+H]+,null,0.25,False,null,null,null,null,null,null,999,False,False,False,Normalized unit: Intensity,False,False,10,0,0.00,null,null,null,null,null,null,null,930.33,P Carly 25 RT Mix 4p4 2xD IV_GC1_01_66507,454.37723:72122 455.38190:5814 456.38656:806,null,278141,281114,278553,313267,287768.71309375,17049.3525451034
11,1.286,455.26065,Unknown,[M+H]+,null,1.00,False,null,null,null,null,null,null,999,False,False,False,Normalized unit: Intensity,False,False,11,0,0.00,null,null,null,null,null,null,null,20126.44,P Carly 25 RT Mix 4p4 2xD IV_GC1_01_66507,455.26065:1549978 456.26532:258932 457.26999:35818,null,7008297,7150198,7011311,7590868,7190168.60153125,275211.656929258
12,1.286,476.23923,no MS2: PC 12:0,[M+Na]+,null,1.00,False,3.582,476.23840,C20H40NO8P,PC,KNXKLGNRVBJSIQ-UHFFFAOYSA-N,O=C(OCC(OC(=O)CCCCCC)COP(=O)([O-])OCC[N+](C)(C)C)CCCC,530,False,True,False,Normalized unit: Intensity; Annotation method: Msp20260116160945_NCDK_conventional_converted_dev_1,False,False,12,0,0.00,1.00,null,null,null,-1.00,-1.00,-0.144,5477.75,P Carly 25 RT Mix 4p4 2xD I_GC1_01_66504,476.23880:324688 477.24347:68428 478.24814:11718,null,1624544,1642979,1632079,1805907,1676377.26770313,86684.2078036903
13,1.607,482.28833,no MS2: DMPE 15:0|DMPE 10:0_5:0,[M+H]+,null,1.00,False,5.211,482.28769,C22H44NO8P,DMPE,KOISGDAZRNZPME-UHFFFAOYSA-N,O=C(OCC(OC(=O)CCCC)COP(=O)(O)OCCN(C)C)CCCCCCCCC,530,False,True,False,Normalized unit: Intensity; Annotation method: Msp20260116160945_NCDK_conventional_converted_dev_1,False,False,13,0,0.00,0.99,null,null,null,-1.00,-1.00,-0.147,39611.91,P Carly 25 RT Mix 4p4 2xD IV_GC1_01_66507,482.28833:4949212 483.29300:1360000 484.29767:243390,null,26364282,26524438,26683263,28005515,26894374.6201406,752119.744330406
14,1.607,482.81680,Unknown,[M+H]+,null,1.00,False,null,null,null,null,null,null,999,False,False,False,Normalized unit: Intensity,False,False,14,0,0.00,null,null,null,null,null,null,null,2337.50,P Carly 25 RT Mix 4p4 2xD IV_GC1_01_66507,482.81680:150890 483.82147:15512 484.82614:1132,null,656443,650287,663176,753630,680883.97509375,48781.8889205978
15,13.910,491.46121,Unknown,[M+H]+,null,1.00,False,null,null,null,null,null,null,999,False,False,False,Normalized unit: Intensity,False,False,15,0,0.00,null,null,null,null,null,null,null,1198.47,P Carly 25 RT Mix 4p4 2xD IV_GC1_01_66507,491.46121:151254 492.46588:58486 493.47055:11382,null,759181,761718,749720,796092,766677.70809375,20277.8187003428
16,3.342,496.33945,no MS2: PC O-16:0|PC O-8:0_8:0,[M+H]+,null,1.00,False,5.632,496.33981,C24H50NO7P,EtherPC,GDMHMXIBVHRZGP-UHFFFAOYSA-N,O=C(OC(COCCCCCCCC)COP(=O)([O-])OCC[N+](C)(C)C)CCCCCCC,530,False,True,False,Normalized unit: Intensity; Annotation method: Msp20260116160945_NCDK_conventional_converted_dev_1,False,False,16,0,0.00,1.00,null,null,null,-1.00,-1.00,-0.144,950.69,P Carly 25 RT Mix 4p4 2xD IV_GC1_01_66507,496.33945:144426 497.34411:35898 498.34878:6504,null,531731,553480,545385,607746,559585.460046875,33337.8854734271
17,1.607,504.27020,no MS2: PC 14:0,[M+Na]+,null,1.00,False,4.315,504.26971,C22H44NO8P,PC,OIFRTCQOIDCXAI-UHFFFAOYSA-N,O=C(OCC(OC(=O)CCCCCCCC)COP(=O)([O-])OCC[N+](C)(C)C)CCCC,530,False,True,False,Normalized unit: Intensity; Annotation method: Msp20260116160945_NCDK_conventional_converted_dev_1,False,False,17,0,0.00,1.00,null,null,null,-1.00,-1.00,-0.145,2484.24,P Carly 25 RT Mix 4p4 2xD IV_GC1_01_66507,504.27014:283426 505.27481:71958 506.27948:13618,null,1497078,1538598,1562460,1595058,1548298.5159375,41249.7858237868
18,2.262,510.31952,no MS2: DMPE 17:0|DMPE 12:0_5:0,[M+H]+,null,1.00,False,5.911,510.31900,C24H48NO8P,DMPE,NAWXXKZUWNAVLJ-UHFFFAOYSA-N,O=C(OCC(OC(=O)CCCC)COP(=O)(O)OCCN(C)C)CCCCCCCCCCC,530,False,True,False,Normalized unit: Intensity; Annotation method: Msp20260116160945_NCDK_conventional_converted_dev_1,False,False,18,0,0.00,1.00,null,null,null,-1.00,-1.00,-0.143,55477.52,P Carly 25 RT Mix 4p4 2xD I_GC1_01_66504,510.31891:5690406 511.32358:1708654 512.32824:317148,null,32694721,32733094,32627320,35188605,33310935.0534531,1252543.00776509
19,2.222,510.44644,Unknown,[M+H]+,null,0.25,False,null,null,null,null,null,null,999,False,False,False,Normalized unit: Intensity,False,False,19,0,0.00,null,null,null,null,null,null,null,557.93,P Carly 25 RT Mix 4p4 2xD III_GC1_01_66506,510.44644:71032 511.45111:6244 512.45578:1118,null,308069,311206,327579,350823,324419.350015625,19570.9982874379
20,2.292,510.53885,Unknown,[M+H]+,null,0.25,False,null,null,null,null,null,null,999,False,False,False,Normalized unit: Intensity,False,False,20,0,0.00,null,null,null,null,null,null,null,810.27,P Carly 25 RT Mix 4p4 2xD IV_GC1_01_66507,510.53885:79652 511.54352:4802 512.54818:776,null,300972,294391,291673,352670,309926.56290625,28761.5996616726
21,2.262,510.86304,Unknown,[M+H]+,null,1.00,False,null,null,null,null,null,null,999,False,False,False,Normalized unit: Intensity,False,False,21,0,0.00,null,null,null,null,null,null,null,3286.28,P Carly 25 RT Mix 4p4 2xD IV_GC1_01_66507,510.86304:210586 511.86770:29374 512.87237:1052,null,849497,843275,847233,950116,872530.234703125,51787.8658601497
22,1.294,512.31042,no MS2: LPE O-22:6,[M+H]+,null,1.00,False,6.360,512.31360,C27H46NO6P,EtherLPE,AQONSCSEICWUPS-UHFFFAOYSA-N,O=P(O)(OCCN)OCC(O)COCCCC=CCC=CCC=CCC=CCC=CCC=CCC,530,False,True,False,Normalized unit: Intensity; Annotation method: Msp20260116160945_NCDK_conventional_converted_dev_1,False,False,22,0,0.00,0.83,null,null,null,-1.00,-1.00,-0.230,1054.73,P Carly 25 RT Mix 4p4 2xD IV_GC1_01_66507,512.31042:125438 513.31509:31786 514.31976:6352,null,709612,719378,748146,820914,749512.211859375,50332.699269311
23,2.266,532.30139,no MS2: PC 16:0,[M+Na]+,null,1.00,False,5.422,532.30103,C24H48NO8P,PC,BBSHYEVDGJSJEB-UHFFFAOYSA-N,O=C(OCC(OC(=O)CCCC)COP(=O)([O-])OCC[N+](C)(C)C)CCCCCCCCCC,530,False,True,False,Normalized unit: Intensity; Annotation method: Msp20260116160945_NCDK_conventional_converted_dev_1,False,False,23,0,0.00,1.00,null,null,null,-1.00,-1.00,-0.144,3759.14,P Carly 25 RT Mix 4p4 2xD IV_GC1_01_66507,532.30139:379878 533.30606:97502 534.31073:16388,null,1772758,1764071,1779479,1926309,1810654.15071875,77360.8455951036
24,3.026,538.35138,no MS2: DMPE 19:0|DMPE 14:0_5:0,[M+H]+,null,1.00,False,6.318,538.35028,C26H52NO8P,DMPE,QIRNOKORVQUESQ-UHFFFAOYSA-N,O=C(OCC(OC(=O)CCCC)COP(=O)(O)OCCN(C)C)CCCCCCCCCCCCC,530,False,True,False,Normalized unit: Intensity; Annotation method: Msp20260116160945_NCDK_conventional_converted_dev_1,False,False,24,0,0.00,1.00,null,null,null,-1.00,-1.00,-0.143,80891.05,P Carly 25 RT Mix 4p4 2xD IV_GC1_01_66507,538.35040:6943256 539.35507:2115270 540.35974:414522,null,32343143,32392908,31847930,33362624,32486651.2206562,633686.353881884
25,3.026,538.47992,no MS2: CAR 26:1,[M+H]+,null,1.00,False,8.191,538.48297,C33H63NO4,CAR,IEXHCKQROJJVJL-UHFFFAOYSA-N,O=C([O-])CC(OC(=O)CCCCCCCCCCCCCCCC=CCCCCCCCC)C[N+](C)(C)C,530,False,True,False,Normalized unit: Intensity; Annotation method: Msp20260116160945_NCDK_conventional_converted_dev_1,False,False,25,0,0.00,0.93,null,null,null,-1.00,-1.00,-0.177,723.89,P Carly 25 RT Mix 4p4 2xD III_GC1_01_66506,538.48096:102322 539.48562:11368 540.49029:0,null,344137,342037,337237,379995,350851.75603125,19642.5584740544
26,3.026,538.57617,Unknown,[M+H]+,null,1.00,False,null,null,null,null,null,null,999,False,False,False,Normalized unit: Intensity,False,False,26,0,0.00,null,null,null,null,null,null,null,1034.17,P Carly 25 RT Mix 4p4 2xD IV_GC1_01_66507,538.57617:90960 539.58084:8384 540.58551:0,null,301238,305910,317459,353272,319469.851296875,23543.7813005663
27,3.026,538.90887,Unknown,[M+H]+,null,1.00,False,null,null,null,null,null,null,999,False,False,False,Normalized unit: Intensity,False,False,27,0,0.00,null,null,null,null,null,null,null,1598.76,P Carly 25 RT Mix 4p4 2xD IV_GC1_01_66507,538.90887:229866 539.91354:32058 540.91821:1004,null,847977,845688,829960,932704,864082.28253125,46443.7312142423
28,1.611,540.34106,no MS2: LPE O-24:6,[M+H]+,null,1.00,False,6.958,540.34491,C29H50NO6P,EtherLPE,ORDMYECXBWBTFI-UHFFFAOYSA-N,O=P(O)(OCCN)OCC(O)COCCCCCC=CCC=CCC=CCC=CCC=CCC=CCC,530,False,True,False,Normalized unit: Intensity; Annotation method: Msp20260116160945_NCDK_conventional_converted_dev_1,False,False,28,0,0.00,0.79,null,null,null,-1.00,-1.00,-0.249,1264.57,P Carly 25 RT Mix 4p4 2xD I_GC1_01_66504,540.34119:167468 541.34585:44004 542.35052:8484,null,873149,907431,868104,955022,900926.428078125,40072.9662275098
29,13.905,540.47717,no MS2: SE 28:2/8:1,[M+NH4]+,null,1.00,False,12.310,540.47748,C36H58O2,BRSE,PJKYPVQDEZHKRL-UHFFFAOYSA-N,O=C(OC1CC2=CCC3C(CCC4(C)C(CCC34)C(C=CC(C)C(C)C)C)C2(C)CC1)CCC=CCCC,530,False,True,False,Normalized unit: Intensity; Annotation method: Msp20260116160945_NCDK_conventional_converted_dev_1,False,False,29,0,0.00,1.00,null,null,null,-1.00,-1.00,-0.143,739.40,P Carly 25 RT Mix 4p4 2xD III_GC1_01_66506,540.47736:93604 541.48202:36022 542.48669:7002,null,490434,489133,492155,515352,496768.50184375,12450.8893992022
30,12.273,548.50293,no MS2: RIKEN P-VS1 ID-4949 from Mouse_Muscle_WT_CTX0_Ctr,[M+H]+,null,1.00,False,11.400,548.50153,null,Unknown,null,null,530,False,True,False,Normalized unit: Intensity; Annotation method: Msp20260116160945_NCDK_conventional_converted_dev_1,False,False,30,0,0.00,0.98,null,null,null,-1.00,-1.00,-0.137,292.55,P Carly 25 RT Mix 4p4 2xD II_GC1_01_66505,548.50256:78426 549.50723:28770 550.51190:6000,null,809618,817897,848255,881901,839417.840125,32833.5839205593
31,13.892,549.46619,no MS2: VAE 18:2,[M+H]+,null,1.00,False,13.030,549.46661,C38H60O2,VAE,XJKITIOIYQCXQR-UHFFFAOYSA-N,O=C(OCC=C(C=CC=C(C=CC1=C(C)CCCC1(C)C)C)C)CCCCCCCC=CCC=CCCCCC,530,False,True,False,Normalized unit: Intensity; Annotation method: Msp20260116160945_NCDK_conventional_converted_dev_1,False,False,31,0,0.00,1.00,null,null,null,-1.00,-1.00,-0.143,393.52,P Carly 25 RT Mix 4p4 2xD III_GC1_01_66506,549.46649:70860 550.47116:28268 551.47583:22106,null,339998,342714,337869,345515,341523.7938125,3318.1197297592
32,10.022,557.45502,no MS2: NAGlySer 26:0;O,[M+H]+,null,1.00,False,8.313,557.45239,C31H60N2O6,NAGlySer,GBJCWKUBOQEHCA-UHFFFAOYSA-N,O=C(NC(C(=O)O)CO)CNC(=O)CC(O)CCCCCCCCCCCCCCCCCCCCCCC,530,False,True,False,Normalized unit: Intensity; Annotation method: Msp20260116160945_NCDK_conventional_converted_dev_1,False,False,32,0,0.00,0.90,null,null,null,-1.00,-1.00,-0.195,442.00,P Carly 25 RT Mix 4p4 2xD IV_GC1_01_66507,557.45502:92792 558.45968:34736 559.46435:7562,null,843854,877682,888770,942543,888212.085625,40949.9134637717
33,11.251,558.48743,no MS2: Cer 36:4;O3|Cer 12:0;O2/24:4;O,[M+H-H2O]+,null,1.00,False,8.063,558.48810,C36H65NO4,Cer_HDS,AYICWSMDHURIRF-UHFFFAOYSA-N,O=C(NC(CO)C(O)CCCCCCCCC)C(O)CCCCCCCCCC=CCC=CCC=CCC=CCC,530,False,True,False,Normalized unit: Intensity; Annotation method: Msp20260116160945_NCDK_conventional_converted_dev_1,False,False,33,0,0.00,1.00,null,null,null,-1.00,-1.00,-0.144,509.94,P Carly 25 RT Mix 4p4 2xD II_GC1_01_66505,558.48853:130040 559.49319:48694 560.49786:9286,null,4488965,4553609,4520343,4779603,4585630.07303125,131981.387566561
34,3.026,560.33197,no MS2: PC 18:0,[M+Na]+,null,1.00,False,6.185,560.33228,C26H52NO8P,PC,RRUAPWUSGRCXJR-UHFFFAOYSA-N,O=C(OCC(OC(=O)CCCC)COP(=O)([O-])OCC[N+](C)(C)C)CCCCCCCCCCCC,530,False,True,False,Normalized unit: Intensity; Annotation method: Msp20260116160945_NCDK_conventional_converted_dev_1,False,False,34,0,0.00,1.00,null,null,null,-1.00,-1.00,-0.144,3526.78,P Carly 25 RT Mix 4p4 2xD IV_GC1_01_66507,560.33197:362818 561.33664:98748 562.34131:18522,null,1517961,1512253,1495821,1623695,1537432.66042187,58269.0412086398
35,11.265,563.44318,no MS2: BA 24:1;O3;G/7:0,[M+NH4]+,null,0.50,False,7.853,563.44177,C33H55NO5,GLCAE,JOTFXMUWTSTUTA-UHFFFAOYSA-N,O=C(O)CNC(=O)CCC(C)C1CCC2C3CCC4CC(OC(=O)CCCCCC)CCC4(C)C3CCC12C,530,False,True,False,Normalized unit: Intensity; Annotation method: Msp20260116160945_NCDK_conventional_converted_dev_1,False,False,35,0,0.00,0.97,null,null,null,-1.00,-1.00,-0.158,258.98,P Carly 25 RT Mix 4p4 2xD I_GC1_01_66504,563.44318:101340 564.44784:37268 565.45251:8148,null,3003814,3007583,3061270,3149603,3055567.32971875,67960.9042027411
36,13.892,563.48175,no MS2: VAE 19:2,[M+H]+,null,1.00,False,13.554,563.48230,C39H62O2,VAE,CYZIVBLWNMJHRQ-UHFFFAOYSA-N,O=C(OCC=C(C=CC=C(C=CC1=C(C)CCCC1(C)C)C)C)CCCCCCCC=CCC=CCCCCCC,530,False,True,False,Normalized unit: Intensity; Annotation method: Msp20260116160945_NCDK_conventional_converted_dev_1,False,False,36,0,0.00,1.00,null,null,null,-1.00,-1.00,-0.143,241.86,P Carly 25 RT Mix 4p4 2xD III_GC1_01_66506,563.48206:135124 564.48672:59030 565.49139:13784,null,675858,679856,671003,693046,679940.83340625,9457.28278551191
37,3.664,566.38068,no MS2: DMPE 21:0|DMPE 16:0_5:0,[M+H]+,null,1.00,False,7.048,566.38159,C28H56NO8P,DMPE,CMFPEMGUXLZBKX-UHFFFAOYSA-N,O=C(OCC(OC(=O)CCCC)COP(=O)(O)OCCN(C)C)CCCCCCCCCCCCCCC,530,False,True,False,Normalized unit: Intensity; Annotation method: Msp20260116160945_NCDK_conventional_converted_dev_1,False,False,37,0,0.00,1.00,null,null,null,-1.00,-1.00,-0.145,22943.05,P Carly 25 RT Mix 4p4 2xD IV_GC1_01_66507,566.38110:7929932 567.38577:2747210 568.39044:517446,null,34648779,33476957,32924644,34378536,33857229.1442969,798463.8741749
38,3.664,566.61255,Unknown,[M+H]+,null,1.00,False,null,null,null,null,null,null,999,False,False,False,Normalized unit: Intensity,False,False,38,0,0.00,null,null,null,null,null,null,null,308.97,P Carly 25 RT Mix 4p4 2xD IV_GC1_01_66507,566.61255:115622 567.61722:12726 568.62188:1448,null,416357,417666,392665,426601,413322.275859375,14504.0948319584
39,3.664,566.95441,Unknown,[M+H]+,null,1.00,False,null,null,null,null,null,null,999,False,False,False,Normalized unit: Intensity,False,False,39,0,0.00,null,null,null,null,null,null,null,1431.81,P Carly 25 RT Mix 4p4 2xD IV_GC1_01_66507,566.95441:262532 567.95907:44454 568.96374:1556,null,1014432,956475,934237,1034546,984922.743078125,47299.0425255396
40,2.266,568.37207,no MS2: LPE O-26:6,[M+H]+,null,1.00,False,6.731,568.37622,C31H54NO6P,EtherLPE,JQQCVNYOIOVSGF-UHFFFAOYSA-N,O=P(O)(OCCN)OCC(O)COCCCCCCCC=CCC=CCC=CCC=CCC=CCC=CCC,530,False,True,False,Normalized unit: Intensity; Annotation method: Msp20260116160945_NCDK_conventional_converted_dev_1,False,False,40,0,0.00,0.84,null,null,null,-1.00,-1.00,-0.223,997.77,P Carly 25 RT Mix 4p4 2xD II_GC1_01_66505,568.37286:198606 569.37753:59192 570.38220:11348,null,1098866,1092819,1098678,1176812,1116793.69848437,40110.4267277021
41,10.022,574.48145,no MS2: Cer 36:4;O4|Cer 12:1;O3/24:3(2OH),[M+NH4]+,null,1.00,False,8.266,574.48297,C36H65NO5,Cer_AP,DBUJMPXYWFGVIW-UHFFFAOYSA-N,O=C(NC(CO)C(O)C(O)CCCC=CCCC)C(O)CCCCCCCC=CCC=CCC=CCCCCCCC,530,False,True,False,Normalized unit: Intensity; Annotation method: Msp20260116160945_NCDK_conventional_converted_dev_1,False,False,41,0,0.00,1.00,null,null,null,-1.00,-1.00,-0.143,569.59,P Carly 25 RT Mix 4p4 2xD II_GC1_01_66505,574.48285:140206 575.48752:54910 576.49218:10976,null,1308163,1364125,1383064,1457253,1378151.32248437,61579.888560853
42,15.360,577.51831,no MS2: RIKEN P-VS1 ID-5423 from Mouse_Plasma_ApoEKO_N_F1DHA,[M+H]+,null,1.00,False,13.050,577.51569,null,Unknown,null,null,530,False,True,False,Normalized unit: Intensity; Annotation method: Msp20260116160945_NCDK_conventional_converted_dev_1,False,False,42,0,0.00,0.98,null,null,null,-1.00,-1.00,-0.138,224.40,P Carly 25 RT Mix 4p4 2xD I_GC1_01_66504,577.51685:73878 578.52151:30430 579.52618:6832,null,395672,411482,436449,469253,428214.280421875,32098.6042481762
43,10.017,579.43707,no MS2: BA 24:1;O4;G/7:0,[M+Na]+,null,1.00,False,7.622,579.43683,C33H55NO6,GDCAE,DXFGXQXKMJHPQN-UHFFFAOYSA-N,O=C(O)CNC(=O)CCC(C)C1CCC2C3CCC4CC(OC(=O)CCCCCC)CCC4(C)C3CC(O)C12C,530,False,True,False,Normalized unit: Intensity; Annotation method: Msp20260116160945_NCDK_conventional_converted_dev_1,False,False,43,0,0.00,1.00,null,null,null,-1.00,-1.00,-0.143,142.46,P Carly 25 RT Mix 4p4 2xD IV_GC1_01_66507,579.43707:103766 580.44174:39980 581.44641:8396,null,1021428,1041100,1031220,1068997,1040686.28326562,20511.4756404067
44,9.047,579.48621,Unknown,[M+H-H2O]+,null,1.00,False,null,null,null,null,null,null,999,False,False,False,Normalized unit: Intensity,False,False,44,0,0.00,null,null,null,null,null,null,null,125.12,P Carly 25 RT Mix 4p4 2xD IV_GC1_01_66507,579.48621:95194 580.49087:39404 581.49554:6724,null,831273,853304,843071,883109,852689.305625,22188.0581506139
45,13.420,579.53375,no MS2: RIKEN P-VS1 ID-5453 from Mouse_Macrophage_WT_N_F1AA,[M+H]+,null,1.00,False,12.890,579.53418,null,Unknown,null,null,530,False,True,False,Normalized unit: Intensity; Annotation method: Msp20260116160945_NCDK_conventional_converted_dev_1,False,False,45,0,0.00,1.00,null,null,null,-1.00,-1.00,-0.129,10613.06,P Carly 25 RT Mix 4p4 2xD II_GC1_01_66505,579.53442:9940300 580.53909:3965688 581.54376:755708,null,45081668,43794749,43277505,43423180,43894275.5698281,821004.124871634
46,13.420,579.66821,Unknown,[M+H]+,null,1.00,False,null,null,null,null,null,null,999,False,False,False,Normalized unit: Intensity,False,False,46,0,0.00,null,null,null,null,null,null,null,1754.90,P Carly 25 RT Mix 4p4 2xD IV_GC1_01_66507,579.66821:189154 580.67288:57210 581.67755:0,null,763215,752232,722695,781593,754933.866640624,24670.742694953
47,13.420,579.76740,Unknown,[M+H-H2O]+,null,1.00,False,null,null,null,null,null,null,999,False,False,False,Normalized unit: Intensity,False,False,47,0,0.00,null,null,null,null,null,null,null,1386.49,P Carly 25 RT Mix 4p4 2xD I_GC1_01_66504,579.76740:152022 580.77206:37722 581.77673:1378,null,669622,651441,644512,671929,659375.730765624,13496.2862766523
48,13.420,580.11383,Unknown,[M+H]+,null,1.00,False,null,null,null,null,null,null,999,False,False,False,Normalized unit: Intensity,False,False,48,0,0.00,null,null,null,null,null,null,null,3546.44,P Carly 25 RT Mix 4p4 2xD I_GC1_01_66504,580.11383:268716 581.11850:93392 582.12317:1970,null,1166448,1112346,1097640,1155130,1132890.87379687,33092.8566999936
49,3.664,588.36298,no MS2: PC 20:0,[M+Na]+,null,1.00,False,6.882,588.36359,C28H56NO8P,PC,FQFCSQCHUFDFJL-UHFFFAOYSA-N,O=C(OCC(OC(=O)CCCC)COP(=O)([O-])OCC[N+](C)(C)C)CCCCCCCCCCCCCC,530,False,True,False,Normalized unit: Intensity; Annotation method: Msp20260116160945_NCDK_conventional_converted_dev_1,False,False,49,0,0.00,0.99,null,null,null,-1.00,-1.00,-0.146,720.50,P Carly 25 RT Mix 4p4 2xD IV_GC1_01_66507,588.36298:406644 589.36764:121518 590.37231:23926,null,1576409,1529757,1551972,1688263,1586600.34221875,70402.4316745085
50,12.276,589.52930,Unknown,[M+H]+,null,0.25,False,null,null,null,null,null,null,999,False,False,False,Normalized unit: Intensity,False,False,50,0,0.00,null,null,null,null,null,null,null,254.50,P Carly 25 RT Mix 4p4 2xD IV_GC1_01_66507,589.52930:58478 590.53396:26402 591.53863:5056,null,548533,536152,556955,605743,561845.529328125,30486.4697329922
51,9.753,593.45197,no MS2: BA 24:1;O4;G/8:0,[M+NH4]+,null,0.75,False,7.380,593.45239,C34H57NO6,GDCAE,CXDAWZGXAOHCNC-UHFFFAOYSA-N,O=C(O)CNC(=O)CCC(C)C1CCC2C3CCC4CC(OC(=O)CCCCCCC)CCC4(C)C3CC(O)C12C,530,False,True,False,Normalized unit: Intensity; Annotation method: Msp20260116160945_NCDK_conventional_converted_dev_1,False,False,51,0,0.00,1.00,null,null,null,-1.00,-1.00,-0.144,112.54,P Carly 25 RT Mix 4p4 2xD IV_GC1_01_66507,593.45197:63678 594.45663:25444 595.46130:5794,null,543610,561797,563039,580242,562171.994765625,14966.2217318734
52,4.241,594.41284,no MS2: DMPE 23:0|DMPE 18:0_5:0,[M+H]+,null,1.00,False,7.439,594.41290,C30H60NO8P,DMPE,BIDVNWJRCAHERY-UHFFFAOYSA-N,O=C(OCC(OC(=O)CCCC)COP(=O)(O)OCCN(C)C)CCCCCCCCCCCCCCCCC,530,False,True,False,Normalized unit: Intensity; Annotation method: Msp20260116160945_NCDK_conventional_converted_dev_1,False,False,52,0,0.00,1.00,null,null,null,-1.00,-1.00,-0.143,28906.58,P Carly 25 RT Mix 4p4 2xD IV_GC1_01_66507,594.41284:10994632 595.41751:4101874 596.42218:762526,null,49904962,49475488,48264469,50268229,49478286.8704375,871669.51336086
53,4.241,594.54822,no MS2: Cer 37:1;O4|Cer 12:1;O3/25:0(2OH),[M+H-H2O]+,null,1.00,False,9.844,594.54559,C37H73NO5,Cer_AP,RUEOUTPJRGEUDQ-UHFFFAOYSA-N,O=C(NC(CO)C(O)C(O)CCCC=CCCC)C(O)CCCCCCCCCCCCCCCCCCCCCCC,530,False,True,False,Normalized unit: Intensity; Annotation method: Msp20260116160945_NCDK_conventional_converted_dev_1,False,False,53,0,0.00,0.97,null,null,null,-1.00,-1.00,-0.157,472.00,P Carly 25 RT Mix 4p4 2xD I_GC1_01_66504,594.54700:168754 595.55166:29764 596.55633:2442,null,665037,649079,638290,686538,659736.070187499,20976.0437562771
54,4.241,594.65143,Unknown,[M+H]+,null,1.00,False,null,null,null,null,null,null,999,False,False,False,Normalized unit: Intensity,False,False,54,0,0.00,null,null,null,null,null,null,null,1421.20,P Carly 25 RT Mix 4p4 2xD IV_GC1_01_66507,594.65143:165934 595.65610:28386 596.66076:2014,null,684092,674328,662063,687292,676943.872015624,11349.6550691372
55,4.241,594.99963,Unknown,[M+H]+,null,1.00,False,null,null,null,null,null,null,999,False,False,False,Normalized unit: Intensity,False,False,55,0,0.00,null,null,null,null,null,null,null,2609.27,P Carly 25 RT Mix 4p4 2xD I_GC1_01_66504,594.99963:382194 596.00430:101338 597.00897:3048,null,1563331,1497874,1473101,1560746,1523762.8491875,45351.3876607881
56,3.026,596.40302,no MS2: LPE O-28:6,[M+H]+,null,1.00,False,7.107,596.40747,C33H58NO6P,EtherLPE,UICLDFAWUHSXMO-UHFFFAOYSA-N,O=P(O)(OCCN)OCC(O)COCCCCCCCCCC=CCC=CCC=CCC=CCC=CCC=CCC,530,False,True,False,Normalized unit: Intensity; Annotation method: Msp20260116160945_NCDK_conventional_converted_dev_1,False,False,56,0,0.00,0.87,null,null,null,-1.00,-1.00,-0.207,326.18,P Carly 25 RT Mix 4p4 2xD III_GC1_01_66506,596.40436:248106 597.40903:78526 598.41369:15194,null,989291,968794,934677,1035604,982091.625921875,42191.4812860479
57,13.420,597.54553,Unknown,[M+H]+,null,1.00,False,null,null,null,null,null,null,999,False,False,False,Normalized unit: Intensity,False,False,57,0,0.00,null,null,null,null,null,null,null,5203.66,P Carly 25 RT Mix 4p4 2xD IV_GC1_01_66507,597.54553:2917038 598.55020:1022138 599.55487:202280,null,11799200,12555192,12599548,13665036,12654743.9615469,767159.903359116
58,11.290,599.51367,Unknown,[M+H]+,null,1.00,False,null,null,null,null,null,null,999,False,False,False,Normalized unit: Intensity,False,False,58,0,0.00,null,null,null,null,null,null,null,274.09,P Carly 25 RT Mix 4p4 2xD IV_GC1_01_66507,599.51367:334422 600.51834:137560 601.52301:28948,null,10500518,10437887,10259378,10887817,10521399.9904219,264781.421248188
59,9.796,604.49146,no MS2: RIKEN P-VS1 ID-5876 from Mouse_Feces_WT_N_Ctr,[M+H]+,null,1.00,False,8.390,604.49408,null,Unknown,null,null,530,False,True,False,Normalized unit: Intensity; Annotation method: Msp20260116160945_NCDK_conventional_converted_dev_1,False,False,59,0,0.00,0.98,null,null,null,-1.00,-1.00,-0.138,219.14,P Carly 25 RT Mix 4p4 2xD II_GC1_01_66505,604.49286:88822 605.49753:34692 606.50219:7786,null,726110,737455,717533,731445,728135.658,8452.34518357234
60,13.810,607.56531,no MS2: RIKEN P-VS1 ID-5931 from Mouse_Macrophage_WT_N_F1AA,[M+H]+,null,1.00,False,13.200,607.56232,null,Unknown,null,null,530,False,True,False,Normalized unit: Intensity; Annotation method: Msp20260116160945_NCDK_conventional_converted_dev_1,False,False,60,0,0.00,0.90,null,null,null,-1.00,-1.00,-0.174,50622.11,P Carly 25 RT Mix 4p4 2xD I_GC1_01_66504,607.56512:8927098 608.56979:3559618 609.57446:732952,null,39250928,38852126,38625877,38870031,38899740.3922813,259154.992841985
61,13.814,607.70129,Unknown,[M+H]+,null,1.00,False,null,null,null,null,null,null,999,False,False,False,Normalized unit: Intensity,False,False,61,0,0.00,null,null,null,null,null,null,null,1822.19,P Carly 25 RT Mix 4p4 2xD IV_GC1_01_66507,607.70129:180834 608.70596:64402 609.71063:2404,null,747119,733261,721741,792034,748538.609296875,30797.3218226083
62,13.814,607.80524,Unknown,[M+H]+,null,1.00,False,null,null,null,null,null,null,999,False,False,False,Normalized unit: Intensity,False,False,62,0,0.00,null,null,null,null,null,null,null,1488.58,P Carly 25 RT Mix 4p4 2xD IV_GC1_01_66507,607.80524:149858 608.80990:54694 609.81457:0,null,679241,665978,658864,688377,673114.94490625,13222.3553637073
63,13.806,608.15948,Unknown,[M+H]+,null,1.00,False,null,null,null,null,null,null,999,False,False,False,Normalized unit: Intensity,False,False,63,0,0.00,null,null,null,null,null,null,null,3103.05,P Carly 25 RT Mix 4p4 2xD I_GC1_01_66504,608.15948:268344 609.16415:95826 610.16882:1448,null,1068016,1036754,1026843,1059271,1047720.94710938,19161.096160054
64,9.796,609.44714,no MS2: BA 24:1;O4;G/8:0;O,[M+NH4]+,null,1.00,False,7.240,609.44733,C34H57NO7,GDCAE,RONGSPHKLNHYAQ-UHFFFAOYSA-N,O=C(O)CNC(=O)CCC(C)C1CCC2C3CCC4CC(OC(=O)CCCC(O)CCC)CCC4(C)C3CC(O)C12C,530,False,True,False,Normalized unit: Intensity; Annotation method: Msp20260116160945_NCDK_conventional_converted_dev_1,False,False,64,0,0.00,1.00,null,null,null,-1.00,-1.00,-0.143,242.95,P Carly 25 RT Mix 4p4 2xD IV_GC1_01_66507,609.44714:80922 610.45181:31178 611.45648:7568,null,668004,689862,663195,684754,676453.688265625,12856.4588097066
65,11.442,611.51373,Unknown,[M+H]+,null,1.00,False,null,null,null,null,null,null,999,False,False,False,Normalized unit: Intensity,False,False,65,0,0.00,null,null,null,null,null,null,null,53.44,P Carly 25 RT Mix 4p4 2xD I_GC1_01_66504,611.51373:71744 612.51840:0 613.52307:0,null,546325,538438,502034,527635,528608.128453125,19301.4416952504
66,10.198,612.49689,no MS2: Cer 39:6;O4|Cer 13:1;O3/26:5(2OH),[M+H-H2O]+,null,0.25,False,9.126,612.49860,C39H67NO5,Cer_AP,HPBWSLZHQNQFGH-UHFFFAOYSA-N,O=C(NC(CO)C(O)C(O)CCCC=CCCCC)C(O)CCCCCCCCC=CCC=CCC=CCC=CCC=CCC,530,False,True,False,Normalized unit: Intensity; Annotation method: Msp20260116160945_NCDK_conventional_converted_dev_1,False,False,66,0,0.00,0.96,null,null,null,-1.00,-1.00,-0.162,319.74,P Carly 25 RT Mix 4p4 2xD IV_GC1_01_66507,612.49689:63966 613.50155:26854 614.50622:6214,null,558840,574403,557135,571836,565553.268390625,8826.55448319176
67,11.520,612.49774,no MS2: Cer 39:6;O4|Cer 13:1;O3/26:5(2OH),[M+H-H2O]+,null,1.00,False,9.126,612.49860,C39H67NO5,Cer_AP,HPBWSLZHQNQFGH-UHFFFAOYSA-N,O=C(NC(CO)C(O)C(O)CCCC=CCCCC)C(O)CCCCCCCCC=CCC=CCC=CCC=CCC=CCC,530,False,True,False,Normalized unit: Intensity; Annotation method: Msp20260116160945_NCDK_conventional_converted_dev_1,False,False,67,0,0.00,0.99,null,null,null,-1.00,-1.00,-0.146,401.50,P Carly 25 RT Mix 4p4 2xD I_GC1_01_66504,612.49792:93870 613.50259:42544 614.50726:10428,null,762457,764684,755783,782526,766362.642484375,11420.2617529773
68,9.060,614.52509,Unknown,[M+NH4]+,null,1.00,False,null,null,null,null,null,null,999,False,False,False,Normalized unit: Intensity,False,False,68,0,0.00,null,null,null,null,null,null,null,223.66,P Carly 25 RT Mix 4p4 2xD II_GC1_01_66505,614.52509:132296 615.52975:55000 616.53442:12760,null,842643,875477,840329,859621,854517.820015625,16407.9001880703
69,13.425,614.57220,no MS2: Cer 37:0;O4|Cer 12:0;O3/25:0(2OH),[M+H]+,null,1.00,False,9.921,614.57178,C37H75NO5,Cer_AP,NUDZJDBCWPEIMF-UHFFFAOYSA-N,O=C(NC(CO)C(O)C(O)CCCCCCCC)C(O)CCCCCCCCCCCCCCCCCCCCCCC,530,False,True,False,Normalized unit: Intensity; Annotation method: Msp20260116160945_NCDK_conventional_converted_dev_1,False,False,69,0,0.00,1.00,null,null,null,-1.00,-1.00,-0.144,58291.89,P Carly 25 RT Mix 4p4 2xD IV_GC1_01_66507,614.57220:9455180 615.57687:4931788 616.58154:962966,null,49528275,49196394,50212679,52734384,50417932.7699687,1601220.87062621
70,13.425,614.70947,Unknown,[M+H]+,null,1.00,False,null,null,null,null,null,null,999,False,False,False,Normalized unit: Intensity,False,False,70,0,0.00,null,null,null,null,null,null,null,1984.61,P Carly 25 RT Mix 4p4 2xD IV_GC1_01_66507,614.70947:186020 615.71414:72950 616.71881:4206,null,812915,794014,802946,894770,826161.229390624,46385.99097498
71,13.425,614.81500,Unknown,[M+NH4]+,null,1.00,False,null,null,null,null,null,null,999,False,False,False,Normalized unit: Intensity,False,False,71,0,0.00,null,null,null,null,null,null,null,1003.78,P Carly 25 RT Mix 4p4 2xD IV_GC1_01_66507,614.81500:147240 615.81967:67918 616.82434:4010,null,663303,646526,670639,753016,683371.098828125,47514.4193514649
72,13.425,615.16931,Unknown,[M+H]+,null,1.00,False,null,null,null,null,null,null,999,False,False,False,Normalized unit: Intensity,False,False,72,0,0.00,null,null,null,null,null,null,null,4544.68,P Carly 25 RT Mix 4p4 2xD IV_GC1_01_66507,615.16931:344396 616.17398:114154 617.17865:4440,null,1466938,1407651,1456573,1595132,1481573.53440625,79998.5484572737
73,10.017,615.50775,no MS2: SE 28:3/13:0,[M+Na]+,null,1.00,False,13.837,615.51123,C41H68O2,EGSE,XJVFESQHVSZTEG-UHFFFAOYSA-N,O=C(OC1CC2=CC=C3C(CCC4(C)C3CCC4C(C=CC(C)C(C)C)C)C2(C)CC1)CCCCCCCCCCCC,530,False,True,False,Normalized unit: Intensity; Annotation method: Msp20260116160945_NCDK_conventional_converted_dev_1,False,False,73,0,0.00,0.96,null,null,null,-1.00,-1.00,-0.160,135.64,P Carly 25 RT Mix 4p4 2xD II_GC1_01_66505,615.50958:91856 616.51425:37132 617.51892:8248,null,892577,902331,880978,914830,897679.309390625,14384.5547248929
74,4.241,616.39441,no MS2: PC 22:0,[M+Na]+,null,1.00,False,7.456,616.39490,C30H60NO8P,PC,ILDZIBMDHOBSCW-UHFFFAOYSA-N,O=C(OCC(OC(=O)CCCC)COP(=O)([O-])OCC[N+](C)(C)C)CCCCCCCCCCCCCCCC,530,False,True,False,Normalized unit: Intensity; Annotation method: Msp20260116160945_NCDK_conventional_converted_dev_1,False,False,74,0,0.00,1.00,null,null,null,-1.00,-1.00,-0.144,1148.78,P Carly 25 RT Mix 4p4 2xD IV_GC1_01_66507,616.39441:592174 617.39908:196000 618.40374:36774,null,2436672,2415548,2458030,2549835,2465021.41425,59142.3380949162
75,13.425,619.52722,no MS2: DG 34:0,[M+Na]+,null,1.00,False,12.929,619.52722,C37H72O5,DG,SSJMMYPUZPYGQU-UHFFFAOYSA-N,O=C(OCC(OC(=O)CCCCCCC)CO)CCCCCCCCCCCCCCCCCCCCCCCCC,530,False,True,False,Normalized unit: Intensity; Annotation method: Msp20260116160945_NCDK_conventional_converted_dev_1,False,False,75,0,0.00,1.00,null,null,null,-1.00,-1.00,-0.143,2169.47,P Carly 25 RT Mix 4p4 2xD IV_GC1_01_66507,619.52722:514026 620.53189:207764 621.53656:42740,null,3938323,3969801,4038316,4197588,4036006.7685625,115526.387144137
76,4.883,622.44287,no MS2: NAGlySer 29:5;O2|NAGlySer 8:0;O(FA 21:4),[M+NH4]+,null,1.00,False,7.188,622.44263,C34H56N2O7,NAGlySer,HOIKSWWKGJLMQB-UHFFFAOYSA-N,O=C(OC(CCC)CCCC(=O)NCC(=O)NC(C(=O)O)CO)CCCCCCCC=CCC=CCC=CCC=CCC,530,False,True,False,Normalized unit: Intensity; Annotation method: Msp20260116160945_NCDK_conventional_converted_dev_1,False,False,76,0,0.00,1.00,null,null,null,-1.00,-1.00,-0.143,42787.63,P Carly 25 RT Mix 4p4 2xD I_GC1_01_66504,622.44287:10765332 623.44754:4174702 624.45221:811740,null,54468432,52780108,52035024,53885470,53292258.3370469,1092126.20000845
77,4.879,622.58234,Unknown,[M+H]+,null,1.00,False,null,null,null,null,null,null,999,False,False,False,Normalized unit: Intensity,False,False,77,0,0.00,null,null,null,null,null,null,null,1123.70,P Carly 25 RT Mix 4p4 2xD III_GC1_01_66506,622.58386:173918 623.58853:33454 624.59320:2084,null,756368,756946,751852,776935,760525.456937501,11174.5283788137
78,4.883,622.68646,Unknown,[M+H]+,null,1.00,False,null,null,null,null,null,null,999,False,False,False,Normalized unit: Intensity,False,False,78,0,0.00,null,null,null,null,null,null,null,1596.13,P Carly 25 RT Mix 4p4 2xD I_GC1_01_66504,622.68646:169564 623.69113:49528 624.69580:0,null,781987,785443,765842,780930,778550.745859376,8688.60903698316
79,4.883,623.04504,Unknown,[M+H]+,null,1.00,False,null,null,null,null,null,null,999,False,False,False,Normalized unit: Intensity,False,False,79,0,0.00,null,null,null,null,null,null,null,4622.02,P Carly 25 RT Mix 4p4 2xD IV_GC1_01_66507,623.04504:374658 624.04971:104568 625.05438:3304,null,1645496,1658836,1644888,1665680,1653725.27854688,10244.4599655045
80,3.668,624.43420,Unknown,[M+H]+,null,1.00,False,null,null,null,null,null,null,999,False,False,False,Normalized unit: Intensity,False,False,80,0,0.00,null,null,null,null,null,null,null,735.57,P Carly 25 RT Mix 4p4 2xD III_GC1_01_66506,624.43591:245654 625.44058:81212 626.44525:17894,null,998664,961798,982373,1029867,993175.421984375,28738.2656292406
81,12.264,625.52924,Unknown,[M+H]+,null,1.00,False,null,null,null,null,null,null,999,False,False,False,Normalized unit: Intensity,False,False,81,0,0.00,null,null,null,null,null,null,null,248.59,P Carly 25 RT Mix 4p4 2xD IV_GC1_01_66507,625.52924:139614 626.53390:64144 627.53857:14054,null,1369950,1362524,1357482,1420478,1377608.65565625,29034.9447792828
82,13.819,625.57629,Unknown,[M+H]+,null,1.00,False,null,null,null,null,null,null,999,False,False,False,Normalized unit: Intensity,False,False,82,0,0.00,null,null,null,null,null,null,null,14776.96,P Carly 25 RT Mix 4p4 2xD IV_GC1_01_66507,625.57629:2018148 626.58096:829116 627.58563:200988,null,9534940,9084981,9211199,9570591,9350427.64203125,239696.432177818
83,12.537,629.52533,no MS2: SE 28:3/14:0,[M+Na]+,null,1.00,False,14.079,629.52679,C42H70O2,EGSE,ZMSIDIYWEIWYIZ-UHFFFAOYSA-N,O=C(OC1CC2=CC=C3C(CCC4(C)C3CCC4C(C=CC(C)C(C)C)C)C2(C)CC1)CCCCCCCCCCCCC,530,False,True,False,Normalized unit: Intensity; Annotation method: Msp20260116160945_NCDK_conventional_converted_dev_1,False,False,83,0,0.00,0.97,null,null,null,-1.00,-1.00,-0.156,159.72,P Carly 25 RT Mix 4p4 2xD IV_GC1_01_66507,629.52533:104184 630.53000:44874 631.53467:9958,null,804246,787730,786140,826972,801272.268890625,18988.5274215856
84,10.039,630.50891,no MS2: Cer 39:6;O4|Cer 13:1;O3/26:5(2OH),[M+H]+,null,1.00,False,9.126,630.50922,C39H67NO5,Cer_AP,HPBWSLZHQNQFGH-UHFFFAOYSA-N,O=C(NC(CO)C(O)C(O)CCCC=CCCCC)C(O)CCCCCCCCC=CCC=CCC=CCC=CCC=CCC,530,False,True,False,Normalized unit: Intensity; Annotation method: Msp20260116160945_NCDK_conventional_converted_dev_1,False,False,84,0,0.00,1.00,null,null,null,-1.00,-1.00,-0.143,91.31,P Carly 25 RT Mix 4p4 2xD II_GC1_01_66505,630.50909:71524 631.51376:32512 632.51843:10540,null,664609,648738,645926,658389,654415.5798125,8640.69456717514
85,11.520,634.47968,no MS2: PC O-26:1|PC O-8:0_18:1,[M+H]+,null,1.00,False,7.937,634.48059,C34H68NO7P,EtherPC,AWODWRAAWVAUGL-UHFFFAOYSA-N,O=C(OC(COCCCCCCCC)COP(=O)([O-])OCC[N+](C)(C)C)CCCCCCCC=CCCCCCCCC,530,False,True,False,Normalized unit: Intensity; Annotation method: Msp20260116160945_NCDK_conventional_converted_dev_1,False,False,85,0,0.00,0.99,null,null,null,-1.00,-1.00,-0.147,101.82,P Carly 25 RT Mix 4p4 2xD I_GC1_01_66504,634.47974:68422 635.48440:28098 636.48907:6726,null,566085,556201,570024,599688,572999.66303125,18718.231997661
86,13.555,638.54944,no MS2: Cer 40:4;O2|Cer 12:0;O2/28:4,[M+Na]+,null,1.00,False,11.314,638.54828,C40H73NO3,Cer_NDS,GXJZBRUXWDXLJZ-UHFFFAOYSA-N,O=C(NC(CO)C(O)CCCCCCCCC)CCCCCCCCCCCCCCC=CCC=CCC=CCC=CCC,530,False,True,False,Normalized unit: Intensity; Annotation method: Msp20260116160945_NCDK_conventional_converted_dev_1,False,False,86,0,0.00,0.99,null,null,null,-1.00,-1.00,-0.148,457.16,P Carly 25 RT Mix 4p4 2xD I_GC1_01_66504,638.54919:108656 639.55386:44420 640.55853:10696,null,484879,460822,449728,499345,473693.5480625,22532.5847625581
87,11.113,640.52924,no MS2: Cer 41:6;O4|Cer 13:1;O3/28:5(2OH),[M+H-H2O]+,null,1.00,False,9.463,640.52991,C41H71NO5,Cer_AP,RUFAUONCBRDHJF-UHFFFAOYSA-N,O=C(NC(CO)C(O)C(O)CCCC=CCCCC)C(O)CCCCCCCCCCC=CCC=CCC=CCC=CCC=CCC,530,False,True,False,Normalized unit: Intensity; Annotation method: Msp20260116160945_NCDK_conventional_converted_dev_1,False,False,87,0,0.00,1.00,null,null,null,-1.00,-1.00,-0.143,537.72,P Carly 25 RT Mix 4p4 2xD II_GC1_01_66505,640.52966:129648 641.53433:57928 642.53900:14408,null,1442322,1437442,1426390,1520256,1456602.5536875,42956.0993135566
88,13.420,641.58289,no MS2: NAGly 36:1;O2|NAGly 8:0;O(FA 28:0),[M+NH4]+,null,1.00,False,11.737,641.58270,C38H73NO5,NAGly,PPSRXUPCRPPAKT-UHFFFAOYSA-N,O=C(O)CNC(=O)CCCC(OC(=O)CCCCCCCCCCCCCCCCCCCCCCCCCCC)CCC,530,False,True,False,Normalized unit: Intensity; Annotation method: Msp20260116160945_NCDK_conventional_converted_dev_1,False,False,88,0,0.00,1.00,null,null,null,-1.00,-1.00,-0.143,1814.04,P Carly 25 RT Mix 4p4 2xD IV_GC1_01_66507,641.58289:441198 642.58755:191322 643.59222:39334,null,2772708,2726960,2780711,2836196,2779143.81496875,44803.2700487334
89,13.819,642.60236,no MS2: Cer 39:0;O4|Cer 12:0;O3/27:0(2OH),[M+H]+,null,1.00,False,10.890,642.60309,C39H79NO5,Cer_AP,UVJIZYHAMUHMSR-UHFFFAOYSA-N,O=C(NC(CO)C(O)C(O)CCCCCCCC)C(O)CCCCCCCCCCCCCCCCCCCCCCCCC,530,False,True,False,Normalized unit: Intensity; Annotation method: Msp20260116160945_NCDK_conventional_converted_dev_1,False,False,89,0,0.00,1.00,null,null,null,-1.00,-1.00,-0.143,29988.81,P Carly 25 RT Mix 4p4 2xD IV_GC1_01_66507,642.60327:13922200 643.60794:8184600 644.61261:1616880,null,73607463,72839828,71053793,73084365,72646362.0816719,1108943.50954656
90,13.819,642.74133,Unknown,[M+2H]2+,null,1.00,False,null,null,null,null,null,null,999,False,False,False,Normalized unit: Intensity,False,False,90,0,0.00,null,null,null,null,null,null,null,2160.93,P Carly 25 RT Mix 4p4 2xD I_GC1_01_66504,642.74133:289012 643.74600:128964 644.75067:7258,null,1379110,1325511,1323304,1334770,1340673.926,26101.1295081166
91,13.819,642.85059,Unknown,[M+H]+,null,1.00,False,null,null,null,null,null,null,999,False,False,False,Normalized unit: Intensity,False,False,91,0,0.00,null,null,null,null,null,null,null,1639.53,P Carly 25 RT Mix 4p4 2xD I_GC1_01_66504,642.85059:248300 643.85525:139564 644.85992:6352,null,1212721,1190704,1137676,1174632,1178933.24045312,31627.0060395446
92,13.810,642.97614,Unknown,[M+H]+,null,1.00,False,null,null,null,null,null,null,999,False,False,False,Normalized unit: Intensity,False,False,92,0,0.00,null,null,null,null,null,null,null,919.15,P Carly 25 RT Mix 4p4 2xD IV_GC1_01_66507,642.97614:123494 643.98080:0 644.98547:0,null,251756,328642,341909,346388,317173.9665,44257.8926107597
93,4.883,644.42548,no MS2: NAGlySer 31:8;O2|NAGlySer 15:3;O(FA 16:4),[M+NH4]+,null,1.00,False,6.732,644.42688,C36H54N2O7,NAGlySer,MUDNWOQRRAVHJM-UHFFFAOYSA-N,O=C(OC(C=CCC=CCC=CCC)CCCC(=O)NCC(=O)NC(C(=O)O)CO)CCC=CCC=CCC=CCC=CCC,530,False,True,False,Normalized unit: Intensity; Annotation method: Msp20260116160945_NCDK_conventional_converted_dev_1,False,False,93,0,0.00,1.00,null,null,null,-1.00,-1.00,-0.144,5675.29,P Carly 25 RT Mix 4p4 2xD III_GC1_01_66506,644.42731:598286 645.43197:217176 646.43664:44026,null,2898463,2859255,2890531,3010315,2914640.70104688,65990.184630069
94,13.269,645.56061,no MS2: SE 28:4/17:1,[M+H]+,null,1.00,False,14.333,645.56049,C45H72O2,DEGSE,PWVHPMJHUOHTEN-UHFFFAOYSA-N,O=C(OC1CC2=CC=C3C(=CCC4(C)C3CCC4C(C=CC(C)C(C)C)C)C2(C)CC1)CCCCCCCC=CCCCCCCC,530,False,True,False,Normalized unit: Intensity; Annotation method: Msp20260116160945_NCDK_conventional_converted_dev_1,False,False,94,0,0.00,1.00,null,null,null,-1.00,-1.00,-0.143,408.84,P Carly 25 RT Mix 4p4 2xD IV_GC1_01_66507,645.56061:94608 646.56528:46228 647.56994:11950,null,616310,609487,600772,669964,624132.98884375,31208.4580790496
95,13.901,646.56329,Unknown,[M+H]+,null,1.00,False,null,null,null,null,null,null,999,False,False,False,Normalized unit: Intensity,False,False,95,0,0.00,null,null,null,null,null,null,null,299.53,P Carly 25 RT Mix 4p4 2xD IV_GC1_01_66507,646.56329:99652 647.56796:445492 648.57263:214832,null,601544,591920,584843,626595,601225.366921875,18245.372232937
96,13.563,647.45770,Unknown,[M+H]+,null,1.00,False,null,null,null,null,null,null,999,False,False,False,Normalized unit: Intensity,False,False,96,0,0.00,null,null,null,null,null,null,null,67.24,P Carly 25 RT Mix 4p4 2xD IV_GC1_01_66507,647.45770:122198 648.46237:52664 649.46704:11910,null,610805,625039,641818,665086,635687.100609375,23340.9678456453
97,13.806,647.55811,no MS2: RIKEN P-VS1 ID-6769 from Mouse_Macrophage_WT_N_F1,[M+H]+,null,1.00,False,13.200,647.55670,null,Unknown,null,null,530,False,True,False,Normalized unit: Intensity; Annotation method: Msp20260116160945_NCDK_conventional_converted_dev_1,False,False,97,0,0.00,1.00,null,null,null,-1.00,-1.00,-0.130,362.94,P Carly 25 RT Mix 4p4 2xD I_GC1_01_66504,647.55719:484540 648.56186:206166 649.56653:46734,null,2882408,3050774,2991420,3028507,2988276.9599375,74704.8164967512
98,10.208,649.56512,Unknown,[M+H]+,null,1.00,False,null,null,null,null,null,null,999,False,False,False,Normalized unit: Intensity,False,False,98,0,0.00,null,null,null,null,null,null,null,812.30,P Carly 25 RT Mix 4p4 2xD IV_GC1_01_66507,649.56512:262086 650.56979:122406 651.57446:28472,null,2322245,2396967,2429965,2516505,2416420.50179687,80514.215949536
99,14.078,649.59113,no MS2: SE 28:3/17:0,[M+H]+,null,1.00,False,14.427,649.59180,C45H76O2,EGSE,VGUZMPDGGYQYST-UHFFFAOYSA-N,O=C(OC1CC2=CC=C3C(CCC4(C)C3CCC4C(C=CC(C)C(C)C)C)C2(C)CC1)CCCCCCCCCCCCCCCC,530,False,True,False,Normalized unit: Intensity; Annotation method: Msp20260116160945_NCDK_conventional_converted_dev_1,False,False,99,0,0.00,1.00,null,null,null,-1.00,-1.00,-0.144,315.30,P Carly 25 RT Mix 4p4 2xD III_GC1_01_66506,649.59143:108732 650.59610:51706 651.60077:12448,null,683934,656811,694907,743011,694665.954546875,35988.4061857333
100,15.408,649.59137,no MS2: SE 28:3/17:0,[M+H]+,null,1.00,False,14.427,649.59180,C45H76O2,EGSE,VGUZMPDGGYQYST-UHFFFAOYSA-N,O=C(OC1CC2=CC=C3C(CCC4(C)C3CCC4C(C=CC(C)C(C)C)C)C2(C)CC1)CCCCCCCCCCCCCCCC,530,False,True,False,Normalized unit: Intensity; Annotation method: Msp20260116160945_NCDK_conventional_converted_dev_1,False,False,100,0,0.00,1.00,null,null,null,-1.00,-1.00,-0.143,387.42,P Carly 25 RT Mix 4p4 2xD II_GC1_01_66505,649.59210:104526 650.59677:49732 651.60144:12272,null,714230,724205,722048,741844,725581.614546875,11657.8848297215
101,5.668,650.47504,no MS2: DMPE 27:0|DMPE 22:0_5:0,[M+H]+,null,1.00,False,8.318,650.47552,C34H68NO8P,DMPE,UEFONBQBHFDUCB-UHFFFAOYSA-N,O=C(OCC(OC(=O)CCCC)COP(=O)(O)OCCN(C)C)CCCCCCCCCCCCCCCCCCCCC,530,False,True,False,Normalized unit: Intensity; Annotation method: Msp20260116160945_NCDK_conventional_converted_dev_1,False,False,101,0,0.00,1.00,null,null,null,-1.00,-1.00,-0.144,20813.98,P Carly 25 RT Mix 4p4 2xD I_GC1_01_66504,650.47504:11204610 651.47970:4374582 652.48437:906994,null,56559972,53952654,54558096,56264371,55333773.312375,1275244.24963335
102,5.668,650.61829,Unknown,[M+2H]2+,null,1.00,False,null,null,null,null,null,null,999,False,False,False,Normalized unit: Intensity,False,False,102,0,0.00,null,null,null,null,null,null,null,809.66,P Carly 25 RT Mix 4p4 2xD II_GC1_01_66505,650.61829:180966 651.62295:34682 652.62762:3018,null,744044,775763,762836,779875,765629.624140624,16117.7860571042
103,5.668,650.72748,Unknown,[M+H]+,null,1.00,False,null,null,null,null,null,null,999,False,False,False,Normalized unit: Intensity,False,False,103,0,0.00,null,null,null,null,null,null,null,1285.64,P Carly 25 RT Mix 4p4 2xD II_GC1_01_66505,650.72748:164950 651.73215:63442 652.73681:2882,null,804003,817900,810893,802830,808906.702906249,6971.52095134365
104,5.676,650.84967,Unknown,[M+H]+,null,0.25,False,null,null,null,null,null,null,999,False,False,False,Normalized unit: Intensity,False,False,104,0,0.00,null,null,null,null,null,null,null,391.94,P Carly 25 RT Mix 4p4 2xD IV_GC1_01_66507,650.84967:88108 651.85434:0 652.85901:0,null,180454,207173,185633,293291,216637.666703125,52395.8792275135
105,15.728,651.60699,no MS2: VAE 25:0,[M+H]+,null,0.75,False,14.642,651.60748,C45H78O2,VAE,HJYFPBYXTPMOIB-UHFFFAOYSA-N,O=C(OCC=C(C=CC=C(C=CC1=C(C)CCCC1(C)C)C)C)CCCCCCCCCCCCCCCCCCCCCCCC,530,False,True,False,Normalized unit: Intensity; Annotation method: Msp20260116160945_NCDK_conventional_converted_dev_1,False,False,105,0,0.00,1.00,null,null,null,-1.00,-1.00,-0.144,59.78,P Carly 25 RT Mix 4p4 2xD IV_GC1_01_66507,651.60699:59248 652.61166:28264 653.61633:6712,null,543254,542368,553014,568750,551846.44515625,12257.7726357543
106,5.668,652.09534,Unknown,[M+H]+,null,1.00,False,null,null,null,null,null,null,999,False,False,False,Normalized unit: Intensity,False,False,106,0,0.00,null,null,null,null,null,null,null,1120.56,P Carly 25 RT Mix 4p4 2xD II_GC1_01_66505,652.09534:113978 653.10000:3916 654.10467:870,null,388838,406196,391962,385446,393110.492859374,9120.66290105021
107,4.241,652.46558,Unknown,[M+H]+,null,1.00,False,null,null,null,null,null,null,999,False,False,False,Normalized unit: Intensity,False,False,107,0,0.00,null,null,null,null,null,null,null,187.28,P Carly 25 RT Mix 4p4 2xD II_GC1_01_66505,652.46759:470096 653.47226:163706 654.47693:34912,null,1935066,1961232,1909070,2018888,1956063.94232812,46985.6173425233
108,13.749,652.56531,no MS2: RIKEN P-VS1 ID-6861 from Mouse_AdrenalGlands_WT_N_Ctr,[M+H]+,null,1.00,False,13.440,652.56500,null,Unknown,null,null,530,False,True,False,Normalized unit: Intensity; Annotation method: Msp20260116160945_NCDK_conventional_converted_dev_1,False,False,108,0,0.00,1.00,null,null,null,-1.00,-1.00,-0.129,347.58,P Carly 25 RT Mix 4p4 2xD II_GC1_01_66505,652.56482:348388 653.56949:160564 654.57415:39936,null,1746916,1704154,1703004,1800178,1738563.163875,45878.6273347751
109,10.195,653.52319,no MS2: SE 28:4/16:1,[M+Na]+,null,1.00,False,13.967,653.52679,C44H70O2,DEGSE,QAVIHJZUVLMUKS-UHFFFAOYSA-N,O=C(OC1CC2=CC=C3C(=CCC4(C)C3CCC4C(C=CC(C)C(C)C)C)C2(C)CC1)CCCCCCCC=CCCCCCC,530,False,True,False,Normalized unit: Intensity; Annotation method: Msp20260116160945_NCDK_conventional_converted_dev_1,False,False,109,0,0.00,0.93,null,null,null,-1.00,-1.00,-0.177,1103.23,P Carly 25 RT Mix 4p4 2xD I_GC1_01_66504,653.52435:349810 654.52902:153570 655.53369:38030,null,2496804,2580846,2576724,2664198,2579643.20140625,68366.1764201566
110,13.420,655.59796,no MS2: NAGly 37:1;O2|NAGly 9:0;O(FA 28:0),[M+NH4]+,null,1.00,False,12.485,655.59839,C39H75NO5,NAGly,RTPCJAFNLXOFFU-UHFFFAOYSA-N,O=C(O)CNC(=O)CCCC(OC(=O)CCCCCCCCCCCCCCCCCCCCCCCCCCC)CCCC,530,False,True,False,Normalized unit: Intensity; Annotation method: Msp20260116160945_NCDK_conventional_converted_dev_1,False,False,110,0,0.00,1.00,null,null,null,-1.00,-1.00,-0.144,2023.48,P Carly 25 RT Mix 4p4 2xD III_GC1_01_66506,655.59875:693762 656.60342:304382 657.60809:65972,null,4031102,4033676,3892561,3857615,3953738.38648437,91937.6765024528
111,13.991,660.57056,no MS2: SE 28:2/17:4,[M+NH4]+,null,0.25,False,13.377,660.57141,C45H70O2,BRSE,XUYZSOMGKYZQCL-UHFFFAOYSA-N,O=C(OC1CC2=CCC3C(CCC4(C)C(CCC34)C(C=CC(C)C(C)C)C)C2(C)CC1)CCCC=CCC=CCC=CCC=CCC,530,False,True,False,Normalized unit: Intensity; Annotation method: Msp20260116160945_NCDK_conventional_converted_dev_1,False,False,111,0,0.00,0.99,null,null,null,-1.00,-1.00,-0.147,239.59,P Carly 25 RT Mix 4p4 2xD IV_GC1_01_66507,660.57056:66512 661.57522:33122 662.57989:9978,null,408572,393877,411259,435690,412349.42034375,17334.6846916333
112,9.675,663.45233,no MS2: RIKEN P-VS1 ID-7082 from Mouse_Macrophage_WT_N_F1AA,[M+H]+,null,1.00,False,9.900,663.45538,null,Unknown,null,null,530,False,True,False,Normalized unit: Intensity; Annotation method: Msp20260116160945_NCDK_conventional_converted_dev_1,False,False,112,0,0.00,0.96,null,null,null,-1.00,-1.00,-0.147,1067.75,P Carly 25 RT Mix 4p4 2xD I_GC1_01_66504,663.45349:661808 664.45816:299206 665.46283:72190,null,8242636,8599436,8761553,8675752,8569844.31653125,227968.725555899
113,14.031,663.56940,no MS2: RIKEN P-VS1 ID-7095 from Mouse_Muscle_WT_CTX0_Ctr,[M+H]+,null,1.00,False,12.100,663.56897,null,Unknown,null,null,530,False,True,False,Normalized unit: Intensity; Annotation method: Msp20260116160945_NCDK_conventional_converted_dev_1,False,False,113,0,0.00,1.00,null,null,null,-1.00,-1.00,-0.130,2806.68,P Carly 25 RT Mix 4p4 2xD I_GC1_01_66504,663.56940:2247280 664.57406:1097040 665.57873:271324,null,11663958,11685031,11399926,11513549,11565616.2107969,134282.547933386
114,13.264,663.57104,no MS2: RIKEN P-VS1 ID-7095 from Mouse_Muscle_WT_CTX0_Ctr,[M+H]+,null,1.00,False,12.100,663.56897,null,Unknown,null,null,530,False,True,False,Normalized unit: Intensity; Annotation method: Msp20260116160945_NCDK_conventional_converted_dev_1,False,False,114,0,0.00,0.99,null,null,null,-1.00,-1.00,-0.131,201.92,P Carly 25 RT Mix 4p4 2xD II_GC1_01_66505,663.56970:141430 664.57437:69566 665.57904:18264,null,1146599,1150103,1123629,1220934,1160316.13129688,42082.8750693268
115,15.122,664.60138,no MS2: SE 28:2/17:2,[M+NH4]+,null,1.00,False,14.133,664.60272,C45H74O2,BRSE,YNGVKVHZBTYWFJ-UHFFFAOYSA-N,O=C(OC1CC2=CCC3C(CCC4(C)C(CCC34)C(C=CC(C)C(C)C)C)C2(C)CC1)CCCCCCCC=CCC=CCCCC,530,False,True,False,Normalized unit: Intensity; Annotation method: Msp20260116160945_NCDK_conventional_converted_dev_1,False,False,115,0,0.00,1.00,null,null,null,-1.00,-1.00,-0.144,432.17,P Carly 25 RT Mix 4p4 2xD III_GC1_01_66506,664.60223:340270 665.60690:163722 666.61157:40448,null,1848367,1887081,1863684,1972687,1892954.77903125,55487.1499793417
116,14.373,665.58582,no MS2: NAGly 38:3;O2|NAGly 10:0;O(FA 28:2),[M+NH4]+,null,1.00,False,10.892,665.58270,C40H73NO5,NAGly,FCLGARUURSJBIN-UHFFFAOYSA-N,O=C(O)CNC(=O)CCCCCC(OC(=O)CCCCCCCCCCCCCCCC=CCC=CCCCCCCC)CCC,530,False,True,False,Normalized unit: Intensity; Annotation method: Msp20260116160945_NCDK_conventional_converted_dev_1,False,False,116,0,0.00,0.94,null,null,null,-1.00,-1.00,-0.171,80.97,P Carly 25 RT Mix 4p4 2xD I_GC1_01_66504,665.58496:104494 666.58963:51554 667.59430:16866,null,557977,554173,577353,584687,568547.352140625,14791.4804089907
117,15.412,666.61884,no MS2: SE 28:2/17:1,[M+NH4]+,null,1.00,False,14.759,666.61841,C45H76O2,BRSE,KZVQJMDFHGPLAH-UHFFFAOYSA-N,O=C(OC1CC2=CCC3C(CCC4(C)C(CCC34)C(C=CC(C)C(C)C)C)C2(C)CC1)CCCCCCCC=CCCCCCCC,530,False,True,False,Normalized unit: Intensity; Annotation method: Msp20260116160945_NCDK_conventional_converted_dev_1,False,False,117,0,0.00,1.00,null,null,null,-1.00,-1.00,-0.143,35326.70,P Carly 25 RT Mix 4p4 2xD IV_GC1_01_66507,666.61835:11643318 667.62301:6175116 668.62768:1449888,null,76616898,77486935,74931469,76961263,76499141.358875,1104650.22009014
118,15.412,666.76044,Unknown,[M+2H]2+,null,1.00,False,null,null,null,null,null,null,999,False,False,False,Normalized unit: Intensity,False,False,118,0,0.00,null,null,null,null,null,null,null,1816.55,P Carly 25 RT Mix 4p4 2xD IV_GC1_01_66507,666.76044:238888 667.76510:130132 668.76977:8532,null,1426486,1338312,1410256,1448214,1405817.01289062,47614.2945189811
119,15.412,666.87091,Unknown,[M+H]+,null,1.00,False,null,null,null,null,null,null,999,False,False,False,Normalized unit: Intensity,False,False,119,0,0.00,null,null,null,null,null,null,null,1227.52,P Carly 25 RT Mix 4p4 2xD II_GC1_01_66505,666.87091:197346 667.87558:126556 668.88025:7234,null,1278111,1263407,1252205,1269580,1265825.87279687,10899.5432857079
120,15.414,666.98553,Unknown,[M+H]+,null,0.50,False,null,null,null,null,null,null,999,False,False,False,Normalized unit: Intensity,False,False,120,0,0.00,null,null,null,null,null,null,null,854.38,P Carly 25 RT Mix 4p4 2xD IV_GC1_01_66507,666.98553:85534 667.99020:18710 668.99487:2268,null,401914,387907,404539,441419,408944.70353125,22847.6231545194
121,15.410,666.99292,Unknown,[M+H]+,null,0.50,False,null,null,null,null,null,null,999,False,False,False,Normalized unit: Intensity,False,False,121,0,0.00,null,null,null,null,null,null,null,865.32,P Carly 25 RT Mix 4p4 2xD III_GC1_01_66506,666.99292:82288 667.99759:0 669.00226:0,null,347454,391363,407339,412394,389637.52309375,29516.1072309476
122,13.767,668.56024,no MS2: Cer 43:6;O4|Cer 13:1;O3/30:5(2OH),[M+H-H2O]+,null,1.00,False,10.883,668.56122,C43H75NO5,Cer_AP,ZONIEZPNUFUHOV-UHFFFAOYSA-N,O=C(NC(CO)C(O)C(O)CCCC=CCCCC)C(O)CCCCCCCCCCCCC=CCC=CCC=CCC=CCC=CCC,530,False,True,False,Normalized unit: Intensity; Annotation method: Msp20260116160945_NCDK_conventional_converted_dev_1,False,False,122,0,0.00,1.00,null,null,null,-1.00,-1.00,-0.143,312.70,P Carly 25 RT Mix 4p4 2xD III_GC1_01_66506,668.56097:183392 669.56564:85214 670.57031:20618,null,1558564,1547523,1569911,1674791,1587697.31848438,58777.5514508719
123,15.745,668.63489,no MS2: SE 28:2/17:0,[M+NH4]+,null,1.00,False,14.709,668.63397,C45H78O2,BRSE,JRHOHGAECXXOMB-UHFFFAOYSA-N,O=C(OC1CC2=CCC3C(CCC4(C)C(CCC34)C(C=CC(C)C(C)C)C)C2(C)CC1)CCCCCCCCCCCCCCCC,530,False,True,False,Normalized unit: Intensity; Annotation method: Msp20260116160945_NCDK_conventional_converted_dev_1,False,False,123,0,0.00,1.00,null,null,null,-1.00,-1.00,-0.145,80437.48,P Carly 25 RT Mix 4p4 2xD IV_GC1_01_66507,668.63342:10734334 669.63809:5197006 670.64276:1218930,null,86665807,88104062,87062906,88444293,87569267.2476719,841490.355502389
124,15.741,668.77411,Unknown,[M+2H]2+,null,1.00,False,null,null,null,null,null,null,999,False,False,False,Normalized unit: Intensity,False,False,124,0,0.00,null,null,null,null,null,null,null,2142.50,P Carly 25 RT Mix 4p4 2xD I_GC1_01_66504,668.77411:237328 669.77878:124346 670.78344:6088,null,1782824,1744525,1744986,1785567,1764475.62640625,22798.6931361179
125,15.750,668.88556,Unknown,[M+H]+,null,1.00,False,null,null,null,null,null,null,999,False,False,False,Normalized unit: Intensity,False,False,125,0,0.00,null,null,null,null,null,null,null,1335.35,P Carly 25 RT Mix 4p4 2xD I_GC1_01_66504,668.88556:189950 669.89023:105732 670.89489:6428,null,1520503,1480119,1507076,1515762,1505864.8824375,18042.1946006056
126,15.750,668.99805,Unknown,[M+H]+,null,1.00,False,null,null,null,null,null,null,999,False,False,False,Normalized unit: Intensity,False,False,126,0,0.00,null,null,null,null,null,null,null,731.26,P Carly 25 RT Mix 4p4 2xD IV_GC1_01_66507,668.99805:72636 670.00271:12050 671.00738:2406,null,480806,451078,496388,484725,478249.39028125,19285.5099162649
127,15.134,669.55725,no MS2: SE 28:4/17:0,[M+Na]+,null,0.25,False,14.344,669.55811,C45H74O2,DEGSE,SMBKRNCNALQNLI-UHFFFAOYSA-N,O=C(OC1CC2=CC=C3C(=CCC4(C)C3CCC4C(C=CC(C)C(C)C)C)C2(C)CC1)CCCCCCCCCCCCCCCC,530,False,True,False,Normalized unit: Intensity; Annotation method: Msp20260116160945_NCDK_conventional_converted_dev_1,False,False,127,0,0.00,0.99,null,null,null,-1.00,-1.00,-0.147,358.98,P Carly 25 RT Mix 4p4 2xD IV_GC1_01_66507,669.55725:72552 670.56192:34094 671.56659:31922,null,370307,394397,400212,432056,399243.022375,25419.2172802486
128,13.810,669.61377,no MS2: NAGly 38:1;O2|NAGly 10:0;O(FA 28:0),[M+NH4]+,null,1.00,False,12.373,669.61401,C40H77NO5,NAGly,JPEJTVAOJATUIU-UHFFFAOYSA-N,O=C(O)CNC(=O)CCCCCC(OC(=O)CCCCCCCCCCCCCCCCCCCCCCCCCCC)CCC,530,False,True,False,Normalized unit: Intensity; Annotation method: Msp20260116160945_NCDK_conventional_converted_dev_1,False,False,128,0,0.00,1.00,null,null,null,-1.00,-1.00,-0.143,3187.15,P Carly 25 RT Mix 4p4 2xD III_GC1_01_66506,669.61420:700218 670.61886:313736 671.62353:71540,null,3709388,3705736,3880817,3923845,3804946.546625,113823.305885873
129,11.520,670.55103,no MS2: SE 28:4/18:4,[M+NH4]+,null,1.00,False,13.063,670.55579,C46H68O2,DEGSE,JGSBSYSJTCBIMB-UHFFFAOYSA-N,O=C(OC1CC2=CC=C3C(=CCC4(C)C3CCC4C(C=CC(C)C(C)C)C)C2(C)CC1)CCCCC=CCC=CCC=CCC=CCC,530,False,True,False,Normalized unit: Intensity; Annotation method: Msp20260116160945_NCDK_conventional_converted_dev_1,False,False,129,0,0.00,0.78,null,null,null,-1.00,-1.00,-0.254,813.39,P Carly 25 RT Mix 4p4 2xD IV_GC1_01_66507,670.55103:142784 671.55569:61892 672.56036:14622,null,1185795,1214941,1199536,1221300,1205393.00279688,15943.6236279969
130,14.117,670.63391,no MS2: Cer 41:0;O4|Cer 12:0;O3/29:0(2OH),[M+H]+,null,1.00,False,12.642,670.63440,C41H83NO5,Cer_AP,BOJNERMWPCTWPY-UHFFFAOYSA-N,O=C(NC(CO)C(O)C(O)CCCCCCCC)C(O)CCCCCCCCCCCCCCCCCCCCCCCCCCC,530,False,True,False,Normalized unit: Intensity; Annotation method: Msp20260116160945_NCDK_conventional_converted_dev_1,False,False,130,0,0.00,1.00,null,null,null,-1.00,-1.00,-0.144,695.21,P Carly 25 RT Mix 4p4 2xD III_GC1_01_66506,670.63391:154602 671.63858:65916 672.64325:15880,null,662679,661584,666977,682851,668522.940046875,9831.68125538826
131,15.429,671.57452,no MS2: SE 28:3/17:0,[M+Na]+,null,1.00,False,14.427,671.57379,C45H76O2,EGSE,VGUZMPDGGYQYST-UHFFFAOYSA-N,O=C(OC1CC2=CC=C3C(CCC4(C)C3CCC4C(C=CC(C)C(C)C)C)C2(C)CC1)CCCCCCCCCCCCCCCC,530,False,True,False,Normalized unit: Intensity; Annotation method: Msp20260116160945_NCDK_conventional_converted_dev_1,False,False,131,0,0.00,1.00,null,null,null,-1.00,-1.00,-0.143,1058.56,P Carly 25 RT Mix 4p4 2xD II_GC1_01_66505,671.57379:300750 672.57846:147452 673.58313:34126,null,2805134,2885122,2938797,3021666,2912679.83939062,91078.217962841
132,14.988,671.57556,no MS2: SE 28:4/19:2,[M+H]+,null,1.00,False,14.218,671.57617,C47H74O2,DEGSE,ZJTNNWFGVBBRTO-UHFFFAOYSA-N,O=C(OC1CC2=CC=C3C(=CCC4(C)C3CCC4C(C=CC(C)C(C)C)C)C2(C)CC1)CCCCCCCC=CCC=CCCCCCC,530,False,True,False,Normalized unit: Intensity; Annotation method: Msp20260116160945_NCDK_conventional_converted_dev_1,False,False,132,0,0.00,1.00,null,null,null,-1.00,-1.00,-0.143,1169.16,P Carly 25 RT Mix 4p4 2xD II_GC1_01_66505,671.57648:366260 672.58114:184152 673.58581:48210,null,2424794,2448745,2503261,2602695,2494873.7216875,79024.777946079
133,5.668,672.45892,no MS2: PC 26:0,[M+Na]+,null,1.00,False,8.173,672.45752,C34H68NO8P,PC,GVHACYORHXGAEG-UHFFFAOYSA-N,O=C(OCC(OC(=O)CCCC)COP(=O)([O-])OCC[N+](C)(C)C)CCCCCCCCCCCCCCCCCCCC,530,False,True,False,Normalized unit: Intensity; Annotation method: Msp20260116160945_NCDK_conventional_converted_dev_1,False,False,133,0,0.00,1.00,null,null,null,-1.00,-1.00,-0.143,1203.15,P Carly 25 RT Mix 4p4 2xD III_GC1_01_66506,672.45782:563876 673.46249:209556 674.46716:44518,null,2573795,2676960,2667644,2732363,2662690.30339062,65789.6521351462
134,10.364,673.55017,no MS2: BA 24:1;O3;G/15:1,[M+NH4]+,null,1.00,False,8.600,673.55139,C41H69NO5,GLCAE,QOVSRTINJJJJSR-UHFFFAOYSA-N,O=C(O)CNC(=O)CCC(C)C1CCC2C3CCC4CC(OC(=O)CCCCCCCC=CCCCCC)CCC4(C)C3CCC12C,530,False,True,False,Normalized unit: Intensity; Annotation method: Msp20260116160945_NCDK_conventional_converted_dev_1,False,False,134,0,0.00,0.99,null,null,null,-1.00,-1.00,-0.148,142.18,P Carly 25 RT Mix 4p4 2xD I_GC1_01_66504,673.55042:70402 674.55508:30740 675.55975:10290,null,1146284,1143321,1151126,1375819,1204137.66642188,114499.399208563
135,15.758,673.59100,no MS2: VAE 25:0,[M+Na]+,null,1.00,False,14.642,673.58942,C45H78O2,VAE,HJYFPBYXTPMOIB-UHFFFAOYSA-N,O=C(OCC=C(C=CC=C(C=CC1=C(C)CCCC1(C)C)C)C)CCCCCCCCCCCCCCCCCCCCCCCC,530,False,True,False,Normalized unit: Intensity; Annotation method: Msp20260116160945_NCDK_conventional_converted_dev_1,False,False,135,0,0.00,1.00,null,null,null,-1.00,-1.00,-0.144,542.81,P Carly 25 RT Mix 4p4 2xD II_GC1_01_66505,673.58978:249736 674.59445:124296 675.59912:29570,null,3258039,3294889,3379806,3484247,3354245.1825,100552.994661502
136,6.657,678.50574,no MS2: DMPE 29:0|DMPE 24:0_5:0,[M+H]+,null,1.00,False,8.668,678.50677,C36H72NO8P,DMPE,QPDHMTGOUFFHHI-UHFFFAOYSA-N,O=C(OCC(OC(=O)CCCC)COP(=O)(O)OCCN(C)C)CCCCCCCCCCCCCCCCCCCCCCC,530,False,True,False,Normalized unit: Intensity; Annotation method: Msp20260116160945_NCDK_conventional_converted_dev_1,False,False,136,0,0.00,1.00,null,null,null,-1.00,-1.00,-0.143,15064.60,P Carly 25 RT Mix 4p4 2xD I_GC1_01_66504,678.50696:8778862 679.51163:3712806 680.51629:827706,null,53518874,52306542,52592645,56118850,53634227.8614219,1735348.05410132
137,6.657,678.65228,Unknown,[M+2H]2+,null,1.00,False,null,null,null,null,null,null,999,False,False,False,Normalized unit: Intensity,False,False,137,0,0.00,null,null,null,null,null,null,null,674.97,P Carly 25 RT Mix 4p4 2xD II_GC1_01_66505,678.65228:155442 679.65695:38498 680.66162:3014,null,712604,775302,742826,744584,743828.89865625,25606.6491956175
138,6.657,678.76251,Unknown,[M+H]+,null,1.00,False,null,null,null,null,null,null,999,False,False,False,Normalized unit: Intensity,False,False,138,0,0.00,null,null,null,null,null,null,null,1235.53,P Carly 25 RT Mix 4p4 2xD II_GC1_01_66505,678.76251:154734 679.76718:56694 680.77185:2824,null,756263,812572,777331,788755,783730.207734375,23469.842530057
139,13.459,679.56604,no MS2: SL 37:0;O2|SL 12:0;O/25:0;O,[M+NH4]+,null,1.00,False,9.618,679.56531,C37H75NO6S,SL,HRKHLLMYVHITRH-UHFFFAOYSA-N,O=C(N(CC(O)CCCCCCCCC)CS(=O)(=O)O)C(O)CCCCCCCCCCCCCCCCCCCCCCC,530,False,True,False,Normalized unit: Intensity; Annotation method: Msp20260116160945_NCDK_conventional_converted_dev_1,False,False,139,0,0.00,1.00,null,null,null,-1.00,-1.00,-0.143,176.69,P Carly 25 RT Mix 4p4 2xD II_GC1_01_66505,679.56519:282708 680.56985:137252 681.57452:41972,null,1871574,1840539,1901266,1997476,1902713.57198437,67866.2798366543
140,10.100,679.57581,Unknown,[M+H]+,null,1.00,False,null,null,null,null,null,null,999,False,False,False,Normalized unit: Intensity,False,False,140,0,0.00,null,null,null,null,null,null,null,53.25,P Carly 25 RT Mix 4p4 2xD IV_GC1_01_66507,679.57581:81732 680.58047:37484 681.58514:8926,null,639452,651502,639116,668448,649629.42209375,13805.1872921903
141,6.657,680.13947,Unknown,[M+H]+,null,1.00,False,null,null,null,null,null,null,999,False,False,False,Normalized unit: Intensity,False,False,141,0,0.00,null,null,null,null,null,null,null,709.56,P Carly 25 RT Mix 4p4 2xD II_GC1_01_66505,680.13947:98436 681.14413:4022 682.14880:792,null,419222,430204,405827,435820,422768.1016875,13231.610176138
142,9.675,680.47894,no MS2: RIKEN P-VS1 ID-7491 from Mouse_Macrophage_WT_N_F1AA,[M+H]+,null,1.00,False,9.910,680.48163,null,Unknown,null,null,530,False,True,False,Normalized unit: Intensity; Annotation method: Msp20260116160945_NCDK_conventional_converted_dev_1,False,False,142,0,0.00,0.96,null,null,null,-1.00,-1.00,-0.146,416.54,P Carly 25 RT Mix 4p4 2xD II_GC1_01_66505,680.47974:468238 681.48440:212392 682.48907:48994,null,5719265,6018494,5995347,6094335,5956860.13992188,163941.524164242
143,13.695,680.47925,no MS2: RIKEN P-VS1 ID-7491 from Mouse_Macrophage_WT_N_F1AA,[M+H]+,null,0.25,False,9.910,680.48163,null,Unknown,null,null,530,False,True,False,Normalized unit: Intensity; Annotation method: Msp20260116160945_NCDK_conventional_converted_dev_1,False,False,143,0,0.00,0.94,null,null,null,-1.00,-1.00,-0.155,85.90,P Carly 25 RT Mix 4p4 2xD II_GC1_01_66505,680.47925:73154 681.48392:32804 682.48858:8086,null,1978555,1943833,1672719,2067789,1915724.13832812,170208.685146396
144,4.883,680.49585,Unknown,[M+H]+,null,1.00,False,null,null,null,null,null,null,999,False,False,False,Normalized unit: Intensity,False,False,144,0,0.00,null,null,null,null,null,null,null,403.06,P Carly 25 RT Mix 4p4 2xD II_GC1_01_66505,680.49896:552918 681.50363:213194 682.50830:47316,null,2581848,2514031,2550754,2542757,2547347.39314063,27886.4623011531
145,13.905,680.59717,no MS2: Cer 45:6;O3|Cer 13:0;O2/32:6;O,[M+H-H2O]+,null,1.00,False,12.094,680.59760,C45H79NO4,Cer_HDS,IMKVRXPFYIJVDT-UHFFFAOYSA-N,O=C(NC(CO)C(O)CCCCCCCCCC)C(O)CCCCCCCCCCCC=CCC=CCC=CCC=CCC=CCC=CCC,530,False,True,False,Normalized unit: Intensity; Annotation method: Msp20260116160945_NCDK_conventional_converted_dev_1,False,False,145,0,0.00,1.00,null,null,null,-1.00,-1.00,-0.144,821.97,P Carly 25 RT Mix 4p4 2xD III_GC1_01_66506,680.59723:1048130 681.60190:506722 682.60656:143542,null,6396241,6267103,6282657,6638433,6396108.484,171498.159667803
146,13.269,681.58130,Unknown,[M+H]+,null,1.00,False,null,null,null,null,null,null,999,False,False,False,Normalized unit: Intensity,False,False,146,0,0.00,null,null,null,null,null,null,null,361.20,P Carly 25 RT Mix 4p4 2xD IV_GC1_01_66507,681.58130:297906 682.58597:148870 683.59063:39476,null,1684984,1747019,1663326,1767934,1715815.82198437,49651.1776031583
147,14.381,682.61200,no MS2: Cer 45:5;O3|Cer 13:0;O2/32:5;O,[M+H-H2O]+,null,1.00,False,12.237,682.61328,C45H81NO4,Cer_HDS,GYCYIPZNYODISX-UHFFFAOYSA-N,O=C(NC(CO)C(O)CCCCCCCCCC)C(O)CCCCCCCCCCCCCCC=CCC=CCC=CCC=CCC=CCC,530,False,True,False,Normalized unit: Intensity; Annotation method: Msp20260116160945_NCDK_conventional_converted_dev_1,False,False,147,0,0.00,1.00,null,null,null,-1.00,-1.00,-0.144,1044.12,P Carly 25 RT Mix 4p4 2xD III_GC1_01_66506,682.61285:640496 683.61752:333200 684.62219:87210,null,3142312,3142990,3104727,3310090,3175029.84620312,91797.9719843089
148,14.182,682.61230,no MS2: Cer 43:3;O2|Cer 13:0;O2/30:3,[M+Na]+,null,1.00,False,12.806,682.61090,C43H81NO3,Cer_NDS,YUVLLUVJYGDHFD-UHFFFAOYSA-N,O=C(NC(CO)C(O)CCCCCCCCCC)CCCCCCCCCCCCCCC=CCC=CCC=CCCCCCCC,530,False,True,False,Normalized unit: Intensity; Annotation method: Msp20260116160945_NCDK_conventional_converted_dev_1,False,False,148,0,0.00,1.00,null,null,null,-1.00,-1.00,-0.143,141.82,P Carly 25 RT Mix 4p4 2xD I_GC1_01_66504,682.61108:107778 683.61575:53206 684.62042:17040,null,556677,539624,546883,595507,559672.5465,24890.6286462979
149,13.819,683.62891,no MS2: NAGly 39:1;O2|NAGly 11:0;O(FA 28:0),[M+NH4]+,null,1.00,False,13.004,683.62970,C41H79NO5,NAGly,VLHNZSQCINXSOW-UHFFFAOYSA-N,O=C(O)CNC(=O)CCCCCC(OC(=O)CCCCCCCCCCCCCCCCCCCCCCCCCCC)CCCC,530,False,True,False,Normalized unit: Intensity; Annotation method: Msp20260116160945_NCDK_conventional_converted_dev_1,False,False,149,0,0.00,1.00,null,null,null,-1.00,-1.00,-0.143,1188.32,P Carly 25 RT Mix 4p4 2xD IV_GC1_01_66507,683.62958:968290 684.63425:446314 685.63891:113424,null,5332054,5339012,5332511,5361380,5341239.37315625,13798.1352412065
150,14.563,684.62762,no MS2: Cer 45:4;O3|Cer 13:0;O2/32:4;O,[M+H-H2O]+,null,1.00,False,12.951,684.62891,C45H83NO4,Cer_HDS,MMCKNJGGLAFKBU-UHFFFAOYSA-N,O=C(NC(CO)C(O)CCCCCCCCCC)C(O)CCCCCCCCCCCCCCCCCC=CCC=CCC=CCC=CCC,530,False,True,False,Normalized unit: Intensity; Annotation method: Msp20260116160945_NCDK_conventional_converted_dev_1,False,False,150,0,0.00,1.00,null,null,null,-1.00,-1.00,-0.143,293.69,P Carly 25 RT Mix 4p4 2xD III_GC1_01_66506,684.62897:109830 685.63364:50404 686.63830:12534,null,712343,719590,753220,783803,742238.815375,32938.8913976853
151,9.671,685.43463,no MS2: SM 32:7;O2,[M+Na]+,null,1.00,False,6.300,685.43158,C37H63N2O6P,SM,XKTXCUCZGOGZTL-UHFFFAOYSA-N,O=C(NC(COP(=O)([O-])OCC[N+](C)(C)C)C(O)C=CCCC=CCCC)CCCC=CCC=CCC=CCC=CCC=CCC,530,False,True,False,Normalized unit: Intensity; Annotation method: Msp20260116160945_NCDK_conventional_converted_dev_1,False,False,151,0,0.00,0.91,null,null,null,-1.00,-1.00,-0.190,52.81,P Carly 25 RT Mix 4p4 2xD IV_GC1_01_66507,685.43463:94418 686.43930:38650 687.44397:9964,null,1079386,1106524,1153998,1198753,1134665.25603125,52689.9203599608
152,14.026,685.55237,no MS2: BA 24:1;O3;G/16:2,[M+NH4]+,null,1.00,False,8.416,685.55139,C42H69NO5,GLCAE,LXMQNVPHLGGKBS-UHFFFAOYSA-N,O=C(O)CNC(=O)CCC(C)C1CCC2C3CCC4CC(OC(=O)CCCCCCCC=CCC=CCCC)CCC4(C)C3CCC12C,530,False,True,False,Normalized unit: Intensity; Annotation method: Msp20260116160945_NCDK_conventional_converted_dev_1,False,False,152,0,0.00,1.00,null,null,null,-1.00,-1.00,-0.143,899.33,P Carly 25 RT Mix 4p4 2xD I_GC1_01_66504,685.55133:318506 686.55600:157500 687.56067:42212,null,1763414,1780928,1855954,1918179,1829618.74240625,71391.4217466441
153,14.754,686.58575,no MS2: SE 28:2/19:5,[M+NH4]+,null,1.00,False,14.078,686.58710,C47H72O2,BRSE,NXXNDKYCZMDEJZ-UHFFFAOYSA-N,O=C(OC1CC2=CCC3C(CCC4(C)C(CCC34)C(C=CC(C)C(C)C)C)C2(C)CC1)CCC=CCC=CCC=CCC=CCC=CCC,530,False,True,False,Normalized unit: Intensity; Annotation method: Msp20260116160945_NCDK_conventional_converted_dev_1,False,False,153,0,0.00,1.00,null,null,null,-1.00,-1.00,-0.144,245.41,P Carly 25 RT Mix 4p4 2xD III_GC1_01_66506,686.58667:204698 687.59134:108080 688.59601:26718,null,1410363,1408582,1363311,1490565,1418205.35285937,52925.9294567657
154,10.662,687.56525,no MS2: BA 24:1;O3;G/16:1,[M+NH4]+,null,1.00,False,8.768,687.56702,C42H71NO5,GLCAE,WFFMHKJPNDEUHA-UHFFFAOYSA-N,O=C(O)CNC(=O)CCC(C)C1CCC2C3CCC4CC(OC(=O)CCCCCCCC=CCCCCCC)CCC4(C)C3CCC12C,530,False,True,False,Normalized unit: Intensity; Annotation method: Msp20260116160945_NCDK_conventional_converted_dev_1,False,False,154,0,0.00,1.00,null,null,null,-1.00,-1.00,-0.144,122.66,P Carly 25 RT Mix 4p4 2xD I_GC1_01_66504,687.56665:92020 688.57132:44072 689.57599:11244,null,904407,913733,910147,935210,915874.3044375,13450.4187464867
155,14.373,687.56799,no MS2: BA 24:1;O3;G/16:1,[M+NH4]+,null,1.00,False,8.768,687.56702,C42H71NO5,GLCAE,WFFMHKJPNDEUHA-UHFFFAOYSA-N,O=C(O)CNC(=O)CCC(C)C1CCC2C3CCC4CC(OC(=O)CCCCCCCC=CCCCCCC)CCC4(C)C3CCC12C,530,False,True,False,Normalized unit: Intensity; Annotation method: Msp20260116160945_NCDK_conventional_converted_dev_1,False,False,155,0,0.00,1.00,null,null,null,-1.00,-1.00,-0.143,296.60,P Carly 25 RT Mix 4p4 2xD I_GC1_01_66504,687.56683:238084 688.57150:114348 689.57617:31502,null,1289006,1307867,1339099,1413047,1337254.5103125,54587.7654228238
156,14.988,688.60199,no MS2: SE 28:2/19:4,[M+NH4]+,null,1.00,False,13.944,688.60272,C47H74O2,BRSE,ZNKOFJNOJYEHQU-UHFFFAOYSA-N,O=C(OC1CC2=CCC3C(CCC4(C)C(CCC34)C(C=CC(C)C(C)C)C)C2(C)CC1)CCCCCC=CCC=CCC=CCC=CCC,530,False,True,False,Normalized unit: Intensity; Annotation method: Msp20260116160945_NCDK_conventional_converted_dev_1,False,False,156,0,0.00,1.00,null,null,null,-1.00,-1.00,-0.143,20136.96,P Carly 25 RT Mix 4p4 2xD IV_GC1_01_66507,688.60254:13306848 689.60721:8468096 690.61187:2045690,null,83244680,82145136,81753058,83329260,82618033.6422813,789586.869009739
157,14.988,688.74695,Unknown,[M+2H]2+,null,1.00,False,null,null,null,null,null,null,999,False,False,False,Normalized unit: Intensity,False,False,157,0,0.00,null,null,null,null,null,null,null,1921.25,P Carly 25 RT Mix 4p4 2xD IV_GC1_01_66507,688.74695:254566 689.75162:157410 690.75628:12410,null,1393791,1337037,1379266,1458583,1392169.02653125,50396.9350134443
158,14.988,688.85919,Unknown,[M+H]+,null,1.00,False,null,null,null,null,null,null,999,False,False,False,Normalized unit: Intensity,False,False,158,0,0.00,null,null,null,null,null,null,null,1382.62,P Carly 25 RT Mix 4p4 2xD I_GC1_01_66504,688.85919:221684 689.86386:143676 690.86853:9226,null,1305533,1258492,1260426,1271065,1273879.00582812,21814.6315408924
159,14.992,688.98828,Unknown,[M+H]+,null,1.00,False,null,null,null,null,null,null,999,False,False,False,Normalized unit: Intensity,False,False,159,0,0.00,null,null,null,null,null,null,null,936.91,P Carly 25 RT Mix 4p4 2xD IV_GC1_01_66507,688.98828:112868 689.99295:23466 690.99762:0,null,456210,444553,456007,492372,462285.6908125,20784.5310143356
160,14.754,691.54156,no MS2: RIKEN P-VS1 ID-7759 from Mouse_Ear_fads2KO_N_Ctr,[M+Na]+,null,1.00,False,8.140,691.54327,null,Unknown,null,null,530,False,True,False,Normalized unit: Intensity; Annotation method: Msp20260116160945_NCDK_conventional_converted_dev_1,False,False,160,0,0.00,0.99,null,null,null,-1.00,-1.00,-0.131,222.07,P Carly 25 RT Mix 4p4 2xD III_GC1_01_66506,691.54254:81106 692.54721:43842 693.55188:10412,null,533869,546490,565508,611599,564366.554125,34068.025200063
161,14.983,693.55725,no MS2: SE 28:4/19:2,[M+Na]+,null,1.00,False,14.218,693.55811,C47H74O2,DEGSE,ZJTNNWFGVBBRTO-UHFFFAOYSA-N,O=C(OC1CC2=CC=C3C(=CCC4(C)C3CCC4C(C=CC(C)C(C)C)C)C2(C)CC1)CCCCCCCC=CCC=CCCCCCC,530,False,True,False,Normalized unit: Intensity; Annotation method: Msp20260116160945_NCDK_conventional_converted_dev_1,False,False,161,0,0.00,1.00,null,null,null,-1.00,-1.00,-0.143,524.09,P Carly 25 RT Mix 4p4 2xD II_GC1_01_66505,693.55823:324132 694.56290:165208 695.56756:38630,null,3736488,3852045,4014215,4235578,3959581.40265625,216405.036573117
162,15.434,693.62854,Unknown,[M+H]+,null,1.00,False,null,null,null,null,null,null,999,False,False,False,Normalized unit: Intensity,False,False,162,0,0.00,null,null,null,null,null,null,null,6730.21,P Carly 25 RT Mix 4p4 2xD IV_GC1_01_66507,693.62854:869546 694.63321:450862 695.63788:115014,null,6721312,7017229,7303630,7568600,7152692.64267188,365239.605722045
163,12.204,695.56024,no MS2: DG 40:4,[M+Na]+,null,1.00,False,12.801,695.55847,C43H76O5,DG,VKHXVQHJSQUHDB-UHFFFAOYSA-N,O=C(OCC(OC(=O)CCCCCCCCCCCCCCCCCCC=CCC=CCC=CCC=CCC)CO)CCCCCCC,530,False,True,False,Normalized unit: Intensity; Annotation method: Msp20260116160945_NCDK_conventional_converted_dev_1,False,False,163,0,0.00,0.99,null,null,null,-1.00,-1.00,-0.150,274.78,P Carly 25 RT Mix 4p4 2xD II_GC1_01_66505,695.55963:251282 696.56430:123610 697.56897:29380,null,2255538,2227317,2222196,2285453,2247626.1388125,29169.7520607216
164,15.802,695.64313,Unknown,[M+H]+,null,1.00,False,null,null,null,null,null,null,999,False,False,False,Normalized unit: Intensity,False,False,164,0,0.00,null,null,null,null,null,null,null,4115.90,P Carly 25 RT Mix 4p4 2xD IV_GC1_01_66507,695.64313:571794 696.64780:297080 697.65246:74274,null,5553136,5906251,6321856,6565968,6086802.84621875,448050.586511303
165,13.477,696.59241,no MS2: Cer 45:6;O4|Cer 13:1;O3/32:5(2OH),[M+H-H2O]+,null,1.00,False,12.035,696.59253,C45H79NO5,Cer_AP,LSTVUEMPZUXCSH-UHFFFAOYSA-N,O=C(NC(CO)C(O)C(O)CCCC=CCCCC)C(O)CCCCCCCCCCCCCCC=CCC=CCC=CCC=CCC=CCC,530,False,True,False,Normalized unit: Intensity; Annotation method: Msp20260116160945_NCDK_conventional_converted_dev_1,False,False,165,0,0.00,1.00,null,null,null,-1.00,-1.00,-0.143,918.38,P Carly 25 RT Mix 4p4 2xD IV_GC1_01_66507,696.59241:445412 697.59707:221666 698.60174:380212,null,3464033,3320740,3468752,3694509,3487008.38685937,154448.191752683
166,13.299,696.59259,no MS2: Cer 45:6;O4|Cer 13:1;O3/32:5(2OH),[M+H-H2O]+,null,1.00,False,12.035,696.59253,C45H79NO5,Cer_AP,LSTVUEMPZUXCSH-UHFFFAOYSA-N,O=C(NC(CO)C(O)C(O)CCCC=CCCCC)C(O)CCCCCCCCCCCCCCC=CCC=CCC=CCC=CCC=CCC,530,False,True,False,Normalized unit: Intensity; Annotation method: Msp20260116160945_NCDK_conventional_converted_dev_1,False,False,166,0,0.00,1.00,null,null,null,-1.00,-1.00,-0.143,2212.65,P Carly 25 RT Mix 4p4 2xD IV_GC1_01_66507,696.59259:733902 697.59726:357566 698.60193:333502,null,3832415,4072942,3762470,4021219,3922261.792625,148439.552940734
167,13.749,696.59259,no MS2: Cer 45:6;O4|Cer 13:1;O3/32:5(2OH),[M+H-H2O]+,null,1.00,False,12.035,696.59253,C45H79NO5,Cer_AP,LSTVUEMPZUXCSH-UHFFFAOYSA-N,O=C(NC(CO)C(O)C(O)CCCC=CCCCC)C(O)CCCCCCCCCCCCCCC=CCC=CCC=CCC=CCC=CCC,530,False,True,False,Normalized unit: Intensity; Annotation method: Msp20260116160945_NCDK_conventional_converted_dev_1,False,False,167,0,0.00,1.00,null,null,null,-1.00,-1.00,-0.143,928.09,P Carly 25 RT Mix 4p4 2xD IV_GC1_01_66507,696.59259:254258 697.59726:121248 698.60193:140134,null,1766375,1794569,1723648,1875900,1790123.0535625,64188.3509758775
168,13.905,698.60718,no MS2: RIKEN P-VS1 ID-7928 from Mouse_AdrenalGlands_fads2KO_N_Ctr,[M+H]+,null,1.00,False,13.140,698.60577,null,Unknown,null,null,530,False,True,False,Normalized unit: Intensity; Annotation method: Msp20260116160945_NCDK_conventional_converted_dev_1,False,False,168,0,0.00,0.98,null,null,null,-1.00,-1.00,-0.138,4862.67,P Carly 25 RT Mix 4p4 2xD I_GC1_01_66504,698.60718:2412264 699.61185:1153706 700.61651:289858,null,13821590,13572739,13562556,13733699,13672645.8540312,126508.504474868
169,13.494,698.60730,no MS2: RIKEN P-VS1 ID-7928 from Mouse_AdrenalGlands_fads2KO_N_Ctr,[M+H]+,null,1.00,False,13.140,698.60577,null,Unknown,null,null,530,False,True,False,Normalized unit: Intensity; Annotation method: Msp20260116160945_NCDK_conventional_converted_dev_1,False,False,169,0,0.00,1.00,null,null,null,-1.00,-1.00,-0.129,1091.35,P Carly 25 RT Mix 4p4 2xD I_GC1_01_66504,698.60608:371618 699.61075:178248 700.61541:48698,null,2610229,2710966,2609096,2857638,2696982.43070313,117268.596570688
170,14.152,698.60736,no MS2: RIKEN P-VS1 ID-7928 from Mouse_AdrenalGlands_fads2KO_N_Ctr,[M+H]+,null,1.00,False,13.140,698.60577,null,Unknown,null,null,530,False,True,False,Normalized unit: Intensity; Annotation method: Msp20260116160945_NCDK_conventional_converted_dev_1,False,False,170,0,0.00,1.00,null,null,null,-1.00,-1.00,-0.129,709.75,P Carly 25 RT Mix 4p4 2xD I_GC1_01_66504,698.60614:264536 699.61081:131796 700.61548:70592,null,1559954,1579174,1563560,1656104,1589697.90571875,45049.4327730332
171,13.264,698.60742,no MS2: RIKEN P-VS1 ID-7928 from Mouse_AdrenalGlands_fads2KO_N_Ctr,[M+H]+,null,1.00,False,13.140,698.60577,null,Unknown,null,null,530,False,True,False,Normalized unit: Intensity; Annotation method: Msp20260116160945_NCDK_conventional_converted_dev_1,False,False,171,0,0.00,1.00,null,null,null,-1.00,-1.00,-0.130,2087.67,P Carly 25 RT Mix 4p4 2xD II_GC1_01_66505,698.60638:481612 699.61105:222670 700.61572:55520,null,3416476,3330492,3299465,3419291,3366430.98815625,60758.319834965
172,6.657,700.48724,no MS2: NAGlySer 35:8;O2|NAGlySer 13:1;O(FA 22:6),[M+NH4]+,null,1.00,False,7.621,700.48950,C40H62N2O7,NAGlySer,IRESEVBLYLGYHI-UHFFFAOYSA-N,O=C(OC(C=CCCC)CCCCCCC(=O)NCC(=O)NC(C(=O)O)CO)CCC=CCC=CCC=CCC=CCC=CCC=CCC,530,False,True,False,Normalized unit: Intensity; Annotation method: Msp20260116160945_NCDK_conventional_converted_dev_1,False,False,172,0,0.00,1.00,null,null,null,-1.00,-1.00,-0.143,2300.69,P Carly 25 RT Mix 4p4 2xD II_GC1_01_66505,700.48969:466622 701.49435:178250 702.49902:39444,null,2445135,2517997,2491904,2588442,2510869.61151563,59858.0002893108
173,14.840,700.60187,no MS2: RIKEN P-VS1 ID-7984 from Mouse_Feces_WT_N_Ctr,[M+H]+,null,1.00,False,10.210,700.60413,null,Unknown,null,null,530,False,True,False,Normalized unit: Intensity; Annotation method: Msp20260116160945_NCDK_conventional_converted_dev_1,False,False,173,0,0.00,1.00,null,null,null,-1.00,-1.00,-0.131,587.32,P Carly 25 RT Mix 4p4 2xD III_GC1_01_66506,700.60345:140560 701.60812:77000 702.61279:21602,null,1239226,1246332,1208877,1324849,1254821.0865625,49430.3902091724
174,14.065,700.62360,no MS2: Cer 45:4;O4|Cer 13:1;O3/32:3(2OH),[M+H-H2O]+,null,1.00,False,12.223,700.62378,C45H83NO5,Cer_AP,UXXLMQXJNIJJLZ-UHFFFAOYSA-N,O=C(NC(CO)C(O)C(O)CCCC=CCCCC)C(O)CCCCCCCCCCCCCCCC=CCC=CCC=CCCCCCCC,530,False,True,False,Normalized unit: Intensity; Annotation method: Msp20260116160945_NCDK_conventional_converted_dev_1,False,False,174,0,0.00,1.00,null,null,null,-1.00,-1.00,-0.143,1747.38,P Carly 25 RT Mix 4p4 2xD III_GC1_01_66506,700.62372:554496 701.62839:285260 702.63305:70296,null,3323344,3269923,2976404,3420131,3247450.34832813,191092.805648443
175,13.312,701.54822,no MS2: BA 24:1;O4;G/16:2,[M+NH4]+,null,1.00,False,7.500,701.54633,C42H69NO6,GDCAE,IPDYQZPKMAWZLM-UHFFFAOYSA-N,O=C(O)CNC(=O)CCC(C)C1CCC2C3CCC4CC(OC(=O)CCCCCCCC=CCC=CCCC)CCC4(C)C3CC(O)C12C,530,False,True,False,Normalized unit: Intensity; Annotation method: Msp20260116160945_NCDK_conventional_converted_dev_1,False,False,175,0,0.00,1.00,null,null,null,-1.00,-1.00,-0.143,66.42,P Carly 25 RT Mix 4p4 2xD II_GC1_01_66505,701.54651:86444 702.55118:41470 703.55584:217664,null,529323,529659,550414,554396,540947.94378125,13329.7694603255
176,15.122,702.61707,no MS2: SE 28:2/20:4,[M+NH4]+,null,1.00,False,14.136,702.61841,C48H76O2,BRSE,PSLXJVRNKMGRNH-UHFFFAOYSA-N,O=C(OC1CC2=CCC3C(CCC4(C)C(CCC34)C(C=CC(C)C(C)C)C)C2(C)CC1)CCCCCCC=CCC=CCC=CCC=CCC,530,False,True,False,Normalized unit: Intensity; Annotation method: Msp20260116160945_NCDK_conventional_converted_dev_1,False,False,176,0,0.00,1.00,null,null,null,-1.00,-1.00,-0.145,121.25,P Carly 25 RT Mix 4p4 2xD II_GC1_01_66505,702.61780:114510 703.62247:59210 704.62713:15392,null,739012,751024,739150,801261,757611.566421875,29639.1399817491
177,13.523,703.56232,no MS2: BA 24:1;O4;G/16:1,[M+NH4]+,null,0.50,False,7.779,703.56201,C42H71NO6,GDCAE,CJCUCDWRGAZUGG-UHFFFAOYSA-N,O=C(O)CNC(=O)CCC(C)C1CCC2C3CCC4CC(OC(=O)CCCCCCCC=CCCCCCC)CCC4(C)C3CC(O)C12C,530,False,True,False,Normalized unit: Intensity; Annotation method: Msp20260116160945_NCDK_conventional_converted_dev_1,False,False,177,0,0.00,1.00,null,null,null,-1.00,-1.00,-0.143,218.11,P Carly 25 RT Mix 4p4 2xD IV_GC1_01_66507,703.56232:120132 704.56698:56584 705.57165:23146,null,747830,735787,776322,802479,765604.36953125,29886.8655697544
178,13.923,703.56317,no MS2: BA 24:1;O4;G/16:1,[M+NH4]+,null,1.00,False,7.779,703.56201,C42H71NO6,GDCAE,CJCUCDWRGAZUGG-UHFFFAOYSA-N,O=C(O)CNC(=O)CCC(C)C1CCC2C3CCC4CC(OC(=O)CCCCCCCC=CCCCCCC)CCC4(C)C3CC(O)C12C,530,False,True,False,Normalized unit: Intensity; Annotation method: Msp20260116160945_NCDK_conventional_converted_dev_1,False,False,178,0,0.00,1.00,null,null,null,-1.00,-1.00,-0.143,821.39,P Carly 25 RT Mix 4p4 2xD I_GC1_01_66504,703.56232:344532 704.56698:172100 705.57165:44712,null,2550842,2549175,2659502,2748834,2627087.91571875,96188.4249007582
179,13.260,703.56372,no MS2: BA 24:1;O4;G/16:1,[M+NH4]+,null,1.00,False,7.779,703.56201,C42H71NO6,GDCAE,CJCUCDWRGAZUGG-UHFFFAOYSA-N,O=C(O)CNC(=O)CCC(C)C1CCC2C3CCC4CC(OC(=O)CCCCCCCC=CCCCCCC)CCC4(C)C3CC(O)C12C,530,False,True,False,Normalized unit: Intensity; Annotation method: Msp20260116160945_NCDK_conventional_converted_dev_1,False,False,179,0,0.00,1.00,null,null,null,-1.00,-1.00,-0.143,787.10,P Carly 25 RT Mix 4p4 2xD I_GC1_01_66504,703.56201:378074 704.56668:181998 705.57135:46886,null,2639791,2725796,2778218,2909658,2763365.96534375,112995.698220316
180,14.839,705.55743,no MS2: SE 28:4/20:3,[M+Na]+,null,0.25,False,14.102,705.55811,C48H74O2,DEGSE,PJEXTDPGIUWZLL-UHFFFAOYSA-N,O=C(OC1CC2=CC=C3C(=CCC4(C)C3CCC4C(C=CC(C)C(C)C)C)C2(C)CC1)CCCCCCCCCC=CCC=CCC=CCC,530,False,True,False,Normalized unit: Intensity; Annotation method: Msp20260116160945_NCDK_conventional_converted_dev_1,False,False,180,0,0.00,1.00,null,null,null,-1.00,-1.00,-0.145,116.00,P Carly 25 RT Mix 4p4 2xD IV_GC1_01_66507,705.55743:63108 706.56210:30710 707.56677:8066,null,391649,393580,394015,423633,400719.4155,15310.5753688807
181,14.070,705.57874,no MS2: RIKEN P-VS1 ID-8119 from Mouse_Aorta_WT_N_Ctr,[M+H]+,null,1.00,False,15.390,705.57758,null,Unknown,null,null,530,False,True,False,Normalized unit: Intensity; Annotation method: Msp20260116160945_NCDK_conventional_converted_dev_1,False,False,181,0,0.00,1.00,null,null,null,-1.00,-1.00,-0.130,328.79,P Carly 25 RT Mix 4p4 2xD I_GC1_01_66504,705.57703:146420 706.58169:71156 707.58636:0,null,946790,958117,1027353,1038928,992797.152515626,47051.7655371251
182,15.122,705.62811,Unknown,[M+H]+,null,1.00,False,null,null,null,null,null,null,999,False,False,False,Normalized unit: Intensity,False,False,182,0,0.00,null,null,null,null,null,null,null,163.25,P Carly 25 RT Mix 4p4 2xD IV_GC1_01_66507,705.62811:83920 706.63278:41048 707.63745:10434,null,484709,486215,496335,519875,496783.64378125,16237.0619723072
183,7.857,706.53748,no MS2: DMPE 31:0|DMPE 26:0_5:0,[M+H]+,null,1.00,False,9.669,706.53809,C38H76NO8P,DMPE,DWEKJNHYPZSNIT-UHFFFAOYSA-N,O=C(OCC(OC(=O)CCCC)COP(=O)(O)OCCN(C)C)CCCCCCCCCCCCCCCCCCCCCCCCC,530,False,True,False,Normalized unit: Intensity; Annotation method: Msp20260116160945_NCDK_conventional_converted_dev_1,False,False,183,0,0.00,1.00,null,null,null,-1.00,-1.00,-0.144,24527.02,P Carly 25 RT Mix 4p4 2xD I_GC1_01_66504,706.53851:8168012 707.54318:3741208 708.54785:833748,null,55709975,55172719,55415380,59075206,56343320.0420157,1834457.55974453
184,7.857,706.79846,Unknown,[M+H]+,null,1.00,False,null,null,null,null,null,null,999,False,False,False,Normalized unit: Intensity,False,False,184,0,0.00,null,null,null,null,null,null,null,1065.55,P Carly 25 RT Mix 4p4 2xD II_GC1_01_66505,706.79846:151012 707.80313:36616 708.80780:0,null,857293,884364,861106,859677,865609.836437501,12601.2986898807
185,7.857,707.17828,Unknown,[M+H]+,null,1.00,False,null,null,null,null,null,null,999,False,False,False,Normalized unit: Intensity,False,False,185,0,0.00,null,null,null,null,null,null,null,3154.34,P Carly 25 RT Mix 4p4 2xD IV_GC1_01_66507,707.17828:285388 708.18295:91162 709.18762:4366,null,1613996,1604519,1578953,1630060,1606882.0338125,21396.7342969971
186,9.684,707.49023,Unknown,[M+H]+,null,1.00,False,null,null,null,null,null,null,999,False,False,False,Normalized unit: Intensity,False,False,186,0,0.00,null,null,null,null,null,null,null,103.33,P Carly 25 RT Mix 4p4 2xD IV_GC1_01_66507,707.49023:104438 708.49490:52230 709.49957:14198,null,1261600,1353117,1347772,1507473,1367490.421125,102312.334243092
187,13.658,707.49097,Unknown,[M+H]+,null,1.00,False,null,null,null,null,null,null,999,False,False,False,Normalized unit: Intensity,False,False,187,0,0.00,null,null,null,null,null,null,null,69.88,P Carly 25 RT Mix 4p4 2xD IV_GC1_01_66507,707.49097:68968 708.49563:32388 709.50030:9260,null,1035952,1049859,1099790,1149792,1083848.29385938,51807.3181912855
188,14.031,707.60785,Unknown,[M+H]+,null,1.00,False,null,null,null,null,null,null,999,False,False,False,Normalized unit: Intensity,False,False,188,0,0.00,null,null,null,null,null,null,null,361.58,P Carly 25 RT Mix 4p4 2xD IV_GC1_01_66507,707.60785:928986 708.61252:459952 709.61718:124078,null,5481207,5481658,5662397,6049348,5668652.52835938,267750.372458488
189,15.429,707.64624,Unknown,[M+H]+,null,1.00,False,null,null,null,null,null,null,999,False,False,False,Normalized unit: Intensity,False,False,189,0,0.00,null,null,null,null,null,null,null,7867.08,P Carly 25 RT Mix 4p4 2xD III_GC1_01_66506,707.64624:1266252 708.65091:667950 709.65558:169482,null,9509813,9568268,9701781,9916676,9674134.25871875,180554.611674992
190,5.668,708.53009,no MS2: SL 41:5;O2|SL 13:1;O/28:4;O,[M+H]+,null,1.00,False,9.631,708.52307,C41H73NO6S,SL,WFZYPZCXRLADKM-UHFFFAOYSA-N,O=C(N(CC(O)C=CCCCCCCCC)CS(=O)(=O)O)C(O)CCCCCCCCCCCCCC=CCC=CCC=CCC=CCC,530,False,True,False,Normalized unit: Intensity; Annotation method: Msp20260116160945_NCDK_conventional_converted_dev_1,False,False,190,0,0.00,0.83,null,null,null,-1.00,-1.00,-0.228,1626.42,P Carly 25 RT Mix 4p4 2xD IV_GC1_01_66507,708.52740:511932 709.53207:209494 710.53674:47262,null,2359171,2363777,2341068,2380864,2361219.91835937,16357.6088313288
191,14.005,709.62274,Unknown,[M+H]+,null,1.00,False,null,null,null,null,null,null,999,False,False,False,Normalized unit: Intensity,False,False,191,0,0.00,null,null,null,null,null,null,null,859.75,P Carly 25 RT Mix 4p4 2xD IV_GC1_01_66507,709.62274:127816 710.62741:25672 711.63208:0,null,941371,909501,1141947,1008902,1000430.36814063,103045.141449713
192,14.381,709.62317,Unknown,[M+H]+,null,1.00,False,null,null,null,null,null,null,999,False,False,False,Normalized unit: Intensity,False,False,192,0,0.00,null,null,null,null,null,null,null,3342.32,P Carly 25 RT Mix 4p4 2xD IV_GC1_01_66507,709.62317:544148 710.62784:273010 711.63250:76724,null,3022546,3028562,3023706,3102346,3044290.10042187,38791.6620863106
193,14.182,709.62323,Unknown,[M+H]+,null,1.00,False,null,null,null,null,null,null,999,False,False,False,Normalized unit: Intensity,False,False,193,0,0.00,null,null,null,null,null,null,null,136.55,P Carly 25 RT Mix 4p4 2xD IV_GC1_01_66507,709.62323:201752 710.62790:95508 711.63257:30718,null,1031203,1041361,1028065,1083410,1046009.75385937,25570.8019099119
194,15.771,709.66205,no MS2: RIKEN P-VS1 ID-8236 from Mouse_AdrenalGlands_WT_N_Ctr,[M+H]+,null,1.00,False,8.410,709.65637,null,Unknown,null,null,530,False,True,False,Normalized unit: Intensity; Annotation method: Msp20260116160945_NCDK_conventional_converted_dev_1,False,False,194,0,0.00,0.90,null,null,null,-1.00,-1.00,-0.171,7770.24,P Carly 25 RT Mix 4p4 2xD IV_GC1_01_66507,709.65955:1008986 710.66421:520220 711.66888:134286,null,10869888,11302650,11706299,11971543,11462595.1066562,481423.013863173
195,13.749,710.61847,no MS2: RIKEN P-VS1 ID-8255 from Mouse_Adipose_WT_N_F1AA,[M+H]+,null,1.00,False,12.950,710.61188,null,Unknown,null,null,530,False,True,False,Normalized unit: Intensity; Annotation method: Msp20260116160945_NCDK_conventional_converted_dev_1,False,False,195,0,0.00,0.75,null,null,null,-1.00,-1.00,-0.243,144.50,P Carly 25 RT Mix 4p4 2xD I_GC1_01_66504,710.61731:111556 711.62198:59492 712.62665:18060,null,610078,606770,591830,611658,605084.076375,9067.84379284736
196,13.541,711.60303,no MS2: RIKEN P-VS1 ID-8280 from Mouse_Feces_WT_ABX_Ctr,[M+H]+,null,0.50,False,14.540,711.60492,null,Unknown,null,null,530,False,True,False,Normalized unit: Intensity; Annotation method: Msp20260116160945_NCDK_conventional_converted_dev_1,False,False,196,0,0.00,0.98,null,null,null,-1.00,-1.00,-0.139,112.56,P Carly 25 RT Mix 4p4 2xD III_GC1_01_66506,711.60339:73994 712.60806:45368 713.61273:14412,null,415720,401747,419212,446242,420730.060140625,18606.9698379709
197,14.563,711.63861,Unknown,[M+H]+,null,1.00,False,null,null,null,null,null,null,999,False,False,False,Normalized unit: Intensity,False,False,197,0,0.00,null,null,null,null,null,null,null,657.71,P Carly 25 RT Mix 4p4 2xD I_GC1_01_66504,711.63708:114998 712.64175:58910 713.64642:14198,null,670758,651660,663124,701184,671681.656109375,21176.375198523
198,14.754,713.59692,Unknown,[M+H]+,null,1.00,False,null,null,null,null,null,null,999,False,False,False,Normalized unit: Intensity,False,False,198,0,0.00,null,null,null,null,null,null,null,101.53,P Carly 25 RT Mix 4p4 2xD IV_GC1_01_66507,713.59692:77554 714.60159:39138 715.60626:10914,null,537302,529492,513570,558313,534669.178140625,18600.5573214873
199,13.200,714.60297,no MS2: Cer 45:6;O4|Cer 13:1;O3/32:5(2OH),[M+H]+,null,1.00,False,12.035,714.60309,C45H79NO5,Cer_AP,LSTVUEMPZUXCSH-UHFFFAOYSA-N,O=C(NC(CO)C(O)C(O)CCCC=CCCCC)C(O)CCCCCCCCCCCCCCC=CCC=CCC=CCC=CCC=CCC,530,False,True,False,Normalized unit: Intensity; Annotation method: Msp20260116160945_NCDK_conventional_converted_dev_1,False,False,199,0,0.00,1.00,null,null,null,-1.00,-1.00,-0.143,1959.86,P Carly 25 RT Mix 4p4 2xD III_GC1_01_66506,714.60309:1814542 715.60776:948352 716.61242:241278,null,18453612,18136362,17484951,18583052,18164494.3447188,490356.911132408
200,13.438,714.60321,no MS2: Cer 45:6;O4|Cer 13:1;O3/32:5(2OH),[M+H]+,null,1.00,False,12.035,714.60309,C45H79NO5,Cer_AP,LSTVUEMPZUXCSH-UHFFFAOYSA-N,O=C(NC(CO)C(O)C(O)CCCC=CCCCC)C(O)CCCCCCCCCCCCCCC=CCC=CCC=CCC=CCC=CCC,530,False,True,False,Normalized unit: Intensity; Annotation method: Msp20260116160945_NCDK_conventional_converted_dev_1,False,False,200,0,0.00,1.00,null,null,null,-1.00,-1.00,-0.143,1023.37,P Carly 25 RT Mix 4p4 2xD IV_GC1_01_66507,714.60321:816024 715.60788:405166 716.61255:113522,null,5164234,4869516,5167650,5412447,5153461.877125,222123.059421655
201,14.992,715.61316,Unknown,[M+H]+,null,1.00,False,null,null,null,null,null,null,999,False,False,False,Normalized unit: Intensity,False,False,201,0,0.00,null,null,null,null,null,null,null,3726.01,P Carly 25 RT Mix 4p4 2xD IV_GC1_01_66507,715.61316:1260828 716.61783:666032 717.62249:177342,null,10854345,11052234,11322497,11760724,11247450.1179531,392310.659488386
202,15.239,716.63159,no MS2: SE 28:2/21:4,[M+NH4]+,null,1.00,False,14.510,716.63397,C49H78O2,BRSE,BGIDJBKNBVZBHB-UHFFFAOYSA-N,O=C(OC1CC2=CCC3C(CCC4(C)C(CCC34)C(C=CC(C)C(C)C)C)C2(C)CC1)CCCCCCCC=CCC=CCC=CCC=CCC,530,False,True,False,Normalized unit: Intensity; Annotation method: Msp20260116160945_NCDK_conventional_converted_dev_1,False,False,202,0,0.00,1.00,null,null,null,-1.00,-1.00,-0.145,503.22,P Carly 25 RT Mix 4p4 2xD III_GC1_01_66506,716.63330:76268 717.63797:56846 718.64264:22158,null,370577,394026,393152,403032,390196.927359375,13821.2416735735
203,12.195,717.54205,no MS2: DG 42:7,[M+Na]+,null,1.00,False,11.617,717.54279,C45H74O5,DG,AIRGHYYBGWIEJK-UHFFFAOYSA-N,O=C(OCC(OC(=O)CCCCCCCCCCCC=CCC=CCC=CCC=CCC=CCC=CCC=CCC)CO)CCCCCCC,530,False,True,False,Normalized unit: Intensity; Annotation method: Msp20260116160945_NCDK_conventional_converted_dev_1,False,False,203,0,0.00,1.00,null,null,null,-1.00,-1.00,-0.144,195.75,P Carly 25 RT Mix 4p4 2xD III_GC1_01_66506,717.54236:130936 718.54703:64262 719.55169:28886,null,1467957,1472019,1452942,1536428,1482336.63629688,36982.3431422593
204,13.182,719.55853,no MS2: DG 42:6,[M+Na]+,null,1.00,False,12.889,719.55847,C45H76O5,DG,DWNBNJDZOMMNHN-UHFFFAOYSA-N,O=C(OCC(OC(=O)CCCCCCCCCCCCCCC=CCC=CCC=CCC=CCC=CCC=CCC)CO)CCCCCCC,530,False,True,False,Normalized unit: Intensity; Annotation method: Msp20260116160945_NCDK_conventional_converted_dev_1,False,False,204,0,0.00,1.00,null,null,null,-1.00,-1.00,-0.143,298.86,P Carly 25 RT Mix 4p4 2xD IV_GC1_01_66507,719.55853:355200 720.56320:175738 721.56787:34488,null,3180256,3234970,3224666,3476095,3278996.7309375,133526.213545092
205,9.684,721.50580,Unknown,[M+H]+,null,1.00,False,null,null,null,null,null,null,999,False,False,False,Normalized unit: Intensity,False,False,205,0,0.00,null,null,null,null,null,null,null,952.62,P Carly 25 RT Mix 4p4 2xD IV_GC1_01_66507,721.50580:1294176 722.51047:642022 723.51513:159996,null,18501614,20081651,19819525,20588229,19747754.54275,889925.449975808
206,13.632,721.50586,Unknown,[M+H]+,null,1.00,False,null,null,null,null,null,null,999,False,False,False,Normalized unit: Intensity,False,False,206,0,0.00,null,null,null,null,null,null,null,135.13,P Carly 25 RT Mix 4p4 2xD IV_GC1_01_66507,721.50586:253722 722.51053:124968 723.51519:33480,null,4232643,4262615,4532360,4670658,4424569.0510625,212323.160357776
207,14.031,721.62347,no MS2: RIKEN P-VS1 ID-8542 from Mouse_Feces_WT_ABX_Ctr,[M+H]+,null,1.00,False,13.310,721.62720,null,Unknown,null,null,530,False,True,False,Normalized unit: Intensity; Annotation method: Msp20260116160945_NCDK_conventional_converted_dev_1,False,False,207,0,0.00,0.89,null,null,null,-1.00,-1.00,-0.178,12718.88,P Carly 25 RT Mix 4p4 2xD III_GC1_01_66506,721.62372:2435240 722.62839:1262216 723.63305:331742,null,15371446,15202220,15357192,16298384,15557310.40425,499957.371622656
208,13.732,723.60248,no MS2: SE 28:4/21:1,[M+Na]+,null,1.00,False,14.882,723.60510,C49H80O2,DEGSE,HZDQZTPXFFJCPM-UHFFFAOYSA-N,O=C(OC1CC2=CC=C3C(=CCC4(C)C3CCC4C(C=CC(C)C(C)C)C)C2(C)CC1)CCCCCCCCCC=CCCCCCCCCC,530,False,True,False,Normalized unit: Intensity; Annotation method: Msp20260116160945_NCDK_conventional_converted_dev_1,False,False,208,0,0.00,0.97,null,null,null,-1.00,-1.00,-0.157,167.74,P Carly 25 RT Mix 4p4 2xD III_GC1_01_66506,723.60339:152048 724.60806:79302 725.61273:44246,null,826253,835176,825107,885108,842911.06059375,28488.8531263996
209,13.490,723.60345,no MS2: SE 28:4/21:1,[M+Na]+,null,1.00,False,14.882,723.60510,C49H80O2,DEGSE,HZDQZTPXFFJCPM-UHFFFAOYSA-N,O=C(OC1CC2=CC=C3C(=CCC4(C)C3CCC4C(C=CC(C)C(C)C)C)C2(C)CC1)CCCCCCCCCC=CCCCCCCCCC,530,False,True,False,Normalized unit: Intensity; Annotation method: Msp20260116160945_NCDK_conventional_converted_dev_1,False,False,209,0,0.00,0.98,null,null,null,-1.00,-1.00,-0.151,220.94,P Carly 25 RT Mix 4p4 2xD III_GC1_01_66506,723.60382:243722 724.60849:126268 725.61316:212784,null,1772615,1712307,1800651,1815775,1775336.89698437,45666.3760206922
210,13.303,723.60358,no MS2: SE 28:4/21:1,[M+Na]+,null,1.00,False,14.882,723.60510,C49H80O2,DEGSE,HZDQZTPXFFJCPM-UHFFFAOYSA-N,O=C(OC1CC2=CC=C3C(=CCC4(C)C3CCC4C(C=CC(C)C(C)C)C)C2(C)CC1)CCCCCCCCCC=CCCCCCCCCC,530,False,True,False,Normalized unit: Intensity; Annotation method: Msp20260116160945_NCDK_conventional_converted_dev_1,False,False,210,0,0.00,0.99,null,null,null,-1.00,-1.00,-0.149,238.75,P Carly 25 RT Mix 4p4 2xD III_GC1_01_66506,723.60400:204996 724.60867:109494 725.61334:183550,null,1256993,1312535,1252008,1430877,1313103.21073438,83170.565016202
211,14.381,723.63867,Unknown,[M+H]+,null,1.00,False,null,null,null,null,null,null,999,False,False,False,Normalized unit: Intensity,False,False,211,0,0.00,null,null,null,null,null,null,null,5183.05,P Carly 25 RT Mix 4p4 2xD IV_GC1_01_66507,723.63867:1075066 724.64334:577400 725.64801:166870,null,6033356,6121530,6128754,6450429,6183517.26623437,183150.220812808
212,14.182,723.63885,Unknown,[M+H]+,null,1.00,False,null,null,null,null,null,null,999,False,False,False,Normalized unit: Intensity,False,False,212,0,0.00,null,null,null,null,null,null,null,1588.38,P Carly 25 RT Mix 4p4 2xD IV_GC1_01_66507,723.63885:463332 724.64352:239466 725.64819:0,null,2378950,2197195,2361906,2596280,2383582.87892187,163780.022427681
213,13.956,724.64185,no MS2: TG 41:1|TG 8:0_8:0_25:1,[M+NH4]+,null,0.25,False,13.587,724.64502,C44H82O6,TG,XSKHMEKRATWNNX-UHFFFAOYSA-N,O=C(OCC(OC(=O)CCCCCCC)COC(=O)CCCCCCCCCCCCC=CCCCCCCCCCC)CCCCCCC,530,False,True,False,Normalized unit: Intensity; Annotation method: Msp20260116160945_NCDK_conventional_converted_dev_1,False,False,213,0,0.00,0.91,null,null,null,-1.00,-1.00,-0.189,929.94,P Carly 25 RT Mix 4p4 2xD IV_GC1_01_66507,724.64185:124972 725.64651:0 726.65118:0,null,798784,789914,834088,872974,823940.279484375,37850.2283722129
214,13.494,725.61798,no MS2: RIKEN P-VS1 ID-8656 from Mouse_Heart_WT_N_F1,[M+H]+,null,1.00,False,9.020,725.62079,null,Unknown,null,null,530,False,True,False,Normalized unit: Intensity; Annotation method: Msp20260116160945_NCDK_conventional_converted_dev_1,False,False,214,0,0.00,0.94,null,null,null,-1.00,-1.00,-0.156,590.89,P Carly 25 RT Mix 4p4 2xD III_GC1_01_66506,725.61823:212784 726.62289:98708 727.62756:30934,null,1154415,1198530,1207271,1262892,1205777.22789063,44553.0336503908
215,14.152,725.61859,no MS2: RIKEN P-VS1 ID-8656 from Mouse_Heart_WT_N_F1,[M+H]+,null,1.00,False,9.020,725.62079,null,Unknown,null,null,530,False,True,False,Normalized unit: Intensity; Annotation method: Msp20260116160945_NCDK_conventional_converted_dev_1,False,False,215,0,0.00,0.97,null,null,null,-1.00,-1.00,-0.144,630.30,P Carly 25 RT Mix 4p4 2xD III_GC1_01_66506,725.61890:244026 726.62356:120182 727.62823:36484,null,1264741,1270103,1281451,1332512,1287201.63132812,30999.5624882464
216,13.905,725.61871,no MS2: RIKEN P-VS1 ID-8656 from Mouse_Heart_WT_N_F1,[M+H]+,null,1.00,False,9.020,725.62079,null,Unknown,null,null,530,False,True,False,Normalized unit: Intensity; Annotation method: Msp20260116160945_NCDK_conventional_converted_dev_1,False,False,216,0,0.00,0.97,null,null,null,-1.00,-1.00,-0.144,2009.88,P Carly 25 RT Mix 4p4 2xD III_GC1_01_66506,725.61890:649036 726.62356:337702 727.62823:91152,null,4588017,4579548,4790152,5053902,4752904.9379375,223029.919443025
217,13.264,725.61871,no MS2: RIKEN P-VS1 ID-8656 from Mouse_Heart_WT_N_F1,[M+H]+,null,1.00,False,9.020,725.62079,null,Unknown,null,null,530,False,True,False,Normalized unit: Intensity; Annotation method: Msp20260116160945_NCDK_conventional_converted_dev_1,False,False,217,0,0.00,0.97,null,null,null,-1.00,-1.00,-0.141,1355.83,P Carly 25 RT Mix 4p4 2xD III_GC1_01_66506,725.61908:245878 726.62375:120308 727.62842:31488,null,1985086,2016797,2001548,2143836,2036816.611625,72511.617719554
218,14.563,725.65411,Unknown,[M+H]+,null,1.00,False,null,null,null,null,null,null,999,False,False,False,Normalized unit: Intensity,False,False,218,0,0.00,null,null,null,null,null,null,null,1638.89,P Carly 25 RT Mix 4p4 2xD IV_GC1_01_66507,725.65411:290750 726.65878:151778 727.66345:40092,null,1573328,1583722,1581585,1674319,1603238.50004688,47598.2857662944
219,13.749,726.61115,no MS2: SL 43:2;O|SL 12:1;O/31:1,[M+H]+,null,1.00,False,13.256,726.60651,C43H83NO5S,SL,CQBQLRIBFMCYBY-UHFFFAOYSA-N,O=C(N(CC(O)C=CCCCCCCC)CS(=O)(=O)O)CCCCCCCCCCCCCCCCCCC=CCCCCCCCCCC,530,False,True,False,Normalized unit: Intensity; Annotation method: Msp20260116160945_NCDK_conventional_converted_dev_1,False,False,219,0,0.00,0.89,null,null,null,-1.00,-1.00,-0.199,251.17,P Carly 25 RT Mix 4p4 2xD I_GC1_01_66504,726.61005:66052 727.61471:30420 728.61938:18136,null,767470,622671,672108,697877,690031.504906249,60324.0086074173
220,14.797,727.61151,Unknown,[M+H]+,null,1.00,False,null,null,null,null,null,null,999,False,False,False,Normalized unit: Intensity,False,False,220,0,0.00,null,null,null,null,null,null,null,200.76,P Carly 25 RT Mix 4p4 2xD I_GC1_01_66504,727.61151:81728 728.61618:41148 729.62085:12270,null,797115,767876,748985,814149,782031.240890625,29163.3883727884
221,7.857,728.51892,no MS2: PC 30:0,[M+Na]+,null,1.00,False,8.986,728.52008,C38H76NO8P,PC,YONWAODRNYHKSU-UHFFFAOYSA-N,O=C(OCC(OC(=O)CCCC)COP(=O)([O-])OCC[N+](C)(C)C)CCCCCCCCCCCCCCCCCCCCCCCC,530,False,True,False,Normalized unit: Intensity; Annotation method: Msp20260116160945_NCDK_conventional_converted_dev_1,False,False,221,0,0.00,1.00,null,null,null,-1.00,-1.00,-0.143,257.40,P Carly 25 RT Mix 4p4 2xD I_GC1_01_66504,728.52002:411830 729.52469:174242 730.52936:36870,null,2520078,2540729,2543676,2650423,2563726.68645313,58743.5602266653
222,14.992,729.62878,no MS2: RIKEN P-VS1 ID-8765 from Mouse_Feces_WT_ABX_Ctr,[M+H]+,null,1.00,False,13.510,729.63177,null,Unknown,null,null,530,False,True,False,Normalized unit: Intensity; Annotation method: Msp20260116160945_NCDK_conventional_converted_dev_1,False,False,222,0,0.00,0.98,null,null,null,-1.00,-1.00,-0.136,12667.86,P Carly 25 RT Mix 4p4 2xD III_GC1_01_66506,729.63043:1733158 730.63510:895948 731.63977:243644,null,13349794,13371495,13469241,13967947,13539619.2263125,290239.751033777
223,11.312,730.59698,no MS2: RIKEN P-VS1 ID-8801 from Mouse_Adipose_WT_N_F1EPA,[M+H]+,null,1.00,False,12.960,730.59589,null,Unknown,null,null,530,False,True,False,Normalized unit: Intensity; Annotation method: Msp20260116160945_NCDK_conventional_converted_dev_1,False,False,223,0,0.00,0.99,null,null,null,-1.00,-1.00,-0.132,296.22,P Carly 25 RT Mix 4p4 2xD III_GC1_01_66506,730.59680:225640 731.60147:113500 732.60614:58150,null,4467273,4384787,4241086,4497717,4397715.94828125,114802.027563854
224,12.221,730.59711,no MS2: RIKEN P-VS1 ID-8801 from Mouse_Adipose_WT_N_F1EPA,[M+H]+,null,1.00,False,12.960,730.59589,null,Unknown,null,null,530,False,True,False,Normalized unit: Intensity; Annotation method: Msp20260116160945_NCDK_conventional_converted_dev_1,False,False,224,0,0.00,0.99,null,null,null,-1.00,-1.00,-0.132,346.12,P Carly 25 RT Mix 4p4 2xD II_GC1_01_66505,730.59674:309492 731.60141:154820 732.60608:40860,null,2770668,2705598,2648225,2870258,2748687.39609375,95240.0639119675
225,13.286,730.59845,no MS2: RIKEN P-VS1 ID-8801 from Mouse_Adipose_WT_N_F1EPA,[M+H]+,null,1.00,False,12.960,730.59589,null,Unknown,null,null,530,False,True,False,Normalized unit: Intensity; Annotation method: Msp20260116160945_NCDK_conventional_converted_dev_1,False,False,225,0,0.00,0.99,null,null,null,-1.00,-1.00,-0.131,405.97,P Carly 25 RT Mix 4p4 2xD II_GC1_01_66505,730.59668:335678 731.60135:174162 732.60602:53964,null,2463484,2397521,2347787,2492854,2425411.4565625,65323.5421162061
226,9.264,734.56793,no MS2: NAGlySer 37:5;O2|NAGlySer 9:0;O(FA 28:4),[M+NH4]+,null,1.00,False,8.754,734.56781,C42H72N2O7,NAGlySer,SCKVGBYLAMSWQB-UHFFFAOYSA-N,O=C(OC(CCCC(=O)NCC(=O)NC(C(=O)O)CO)CCCC)CCCCCCCCCCCCCCC=CCC=CCC=CCC=CCC,530,False,True,False,Normalized unit: Intensity; Annotation method: Msp20260116160945_NCDK_conventional_converted_dev_1,False,False,226,0,0.00,1.00,null,null,null,-1.00,-1.00,-0.143,745.02,P Carly 25 RT Mix 4p4 2xD IV_GC1_01_66507,734.56793:246288 735.57260:108814 736.57727:26318,null,1809380,1791263,1780662,1839919,1805306.04871875,25943.5251073335
227,12.221,735.55280,no MS2: TG 42:5|TG 8:0_8:0_26:5,[M+Na]+,null,1.00,False,12.718,735.55341,C45H76O6,TG,CRKKAJYKPVQATM-UHFFFAOYSA-N,O=C(OCC(OC(=O)CCCCCCC)COC(=O)CCCCCCCCCC=CCC=CCC=CCC=CCC=CCC)CCCCCCC,530,False,True,False,Normalized unit: Intensity; Annotation method: Msp20260116160945_NCDK_conventional_converted_dev_1,False,False,227,0,0.00,1.00,null,null,null,-1.00,-1.00,-0.143,50.77,P Carly 25 RT Mix 4p4 2xD I_GC1_01_66504,735.55316:79028 736.55783:38478 737.56250:12206,null,838033,840758,795631,872475,836724.35915625,31542.4727355347
228,11.324,735.55286,no MS2: TG 42:5|TG 8:0_8:0_26:5,[M+Na]+,null,0.25,False,12.718,735.55341,C45H76O6,TG,CRKKAJYKPVQATM-UHFFFAOYSA-N,O=C(OCC(OC(=O)CCCCCCC)COC(=O)CCCCCCCCCC=CCC=CCC=CCC=CCC=CCC)CCCCCCC,530,False,True,False,Normalized unit: Intensity; Annotation method: Msp20260116160945_NCDK_conventional_converted_dev_1,False,False,228,0,0.00,1.00,null,null,null,-1.00,-1.00,-0.144,49.77,P Carly 25 RT Mix 4p4 2xD III_GC1_01_66506,735.55286:76736 736.55752:36416 737.56219:16810,null,1217994,1483750,1467486,1281745,1362743.718,133074.879208008
229,6.657,736.55969,no MS2: RIKEN P-VS1 ID-8981 from Mouse_Lung_WT_N_F1,[M+H]+,null,1.00,False,9.200,736.56030,null,Unknown,null,null,530,False,True,False,Normalized unit: Intensity; Annotation method: Msp20260116160945_NCDK_conventional_converted_dev_1,False,False,229,0,0.00,1.00,null,null,null,-1.00,-1.00,-0.130,182.20,P Carly 25 RT Mix 4p4 2xD I_GC1_01_66504,736.55969:518136 737.56436:220036 738.56903:52806,null,2590047,2499703,2435159,2587051,2527989.97739063,74737.2030255778
230,13.732,737.61792,no MS2: SE 28:4/22:1,[M+Na]+,null,1.00,False,14.901,737.62073,C50H82O2,DEGSE,OTEOVAABRKLKPH-UHFFFAOYSA-N,O=C(OC1CC2=CC=C3C(=CCC4(C)C3CCC4C(C=CC(C)C(C)C)C)C2(C)CC1)CCCCCCCCCCCC=CCCCCCCCC,530,False,True,False,Normalized unit: Intensity; Annotation method: Msp20260116160945_NCDK_conventional_converted_dev_1,False,False,230,0,0.00,0.97,null,null,null,-1.00,-1.00,-0.160,106.32,P Carly 25 RT Mix 4p4 2xD III_GC1_01_66506,737.61877:446544 738.62344:228394 739.62811:99194,null,2325182,2346457,2265181,2438407,2343806.65542188,71845.1211360181
231,13.477,737.61908,no MS2: SE 28:4/22:1,[M+Na]+,null,1.00,False,14.901,737.62073,C50H82O2,DEGSE,OTEOVAABRKLKPH-UHFFFAOYSA-N,O=C(OC1CC2=CC=C3C(=CCC4(C)C3CCC4C(C=CC(C)C(C)C)C)C2(C)CC1)CCCCCCCCCCCC=CCCCCCCCC,530,False,True,False,Normalized unit: Intensity; Annotation method: Msp20260116160945_NCDK_conventional_converted_dev_1,False,False,231,0,0.00,0.98,null,null,null,-1.00,-1.00,-0.151,357.49,P Carly 25 RT Mix 4p4 2xD III_GC1_01_66506,737.61938:938200 738.62405:494908 739.62872:592328,null,6517900,6200961,6499256,6819230,6509336.77212499,252523.64232548
232,13.299,737.61920,no MS2: SE 28:4/22:1,[M+Na]+,null,1.00,False,14.901,737.62073,C50H82O2,DEGSE,OTEOVAABRKLKPH-UHFFFAOYSA-N,O=C(OC1CC2=CC=C3C(=CCC4(C)C3CCC4C(C=CC(C)C(C)C)C)C2(C)CC1)CCCCCCCCCCCC=CCCCCCCCC,530,False,True,False,Normalized unit: Intensity; Annotation method: Msp20260116160945_NCDK_conventional_converted_dev_1,False,False,232,0,0.00,0.99,null,null,null,-1.00,-1.00,-0.148,271.63,P Carly 25 RT Mix 4p4 2xD III_GC1_01_66506,737.61963:932792 738.62430:480986 739.62896:649234,null,5529940,5858141,5480496,5821671,5672562.03651563,194853.414490948
233,13.490,739.63361,no MS2: SE 28:4/22:0,[M+Na]+,null,1.00,False,14.999,739.63641,C50H84O2,DEGSE,JEHJSAOHOQIHJP-UHFFFAOYSA-N,O=C(OC1CC2=CC=C3C(=CCC4(C)C3CCC4C(C=CC(C)C(C)C)C)C2(C)CC1)CCCCCCCCCCCCCCCCCCCCC,530,False,True,False,Normalized unit: Intensity; Annotation method: Msp20260116160945_NCDK_conventional_converted_dev_1,False,False,233,0,0.00,0.94,null,null,null,-1.00,-1.00,-0.172,638.77,P Carly 25 RT Mix 4p4 2xD III_GC1_01_66506,739.63385:619836 740.63852:306330 741.64319:80936,null,3705579,3706884,3587926,3861816,3715551.17617188,112332.79193965
234,14.148,739.63409,no MS2: SE 28:4/22:0,[M+Na]+,null,1.00,False,14.999,739.63641,C50H84O2,DEGSE,JEHJSAOHOQIHJP-UHFFFAOYSA-N,O=C(OC1CC2=CC=C3C(=CCC4(C)C3CCC4C(C=CC(C)C(C)C)C)C2(C)CC1)CCCCCCCCCCCCCCCCCCCCC,530,False,True,False,Normalized unit: Intensity; Annotation method: Msp20260116160945_NCDK_conventional_converted_dev_1,False,False,234,0,0.00,0.96,null,null,null,-1.00,-1.00,-0.164,630.22,P Carly 25 RT Mix 4p4 2xD III_GC1_01_66506,739.63422:499074 740.63888:254976 741.64355:71256,null,2783681,2800914,2786297,2922818,2823427.33579687,66692.8165017681
235,13.264,739.63440,no MS2: SE 28:4/22:0,[M+Na]+,null,1.00,False,14.999,739.63641,C50H84O2,DEGSE,JEHJSAOHOQIHJP-UHFFFAOYSA-N,O=C(OC1CC2=CC=C3C(=CCC4(C)C3CCC4C(C=CC(C)C(C)C)C)C2(C)CC1)CCCCCCCCCCCCCCCCCCCCC,530,False,True,False,Normalized unit: Intensity; Annotation method: Msp20260116160945_NCDK_conventional_converted_dev_1,False,False,235,0,0.00,0.97,null,null,null,-1.00,-1.00,-0.156,1436.71,P Carly 25 RT Mix 4p4 2xD III_GC1_01_66506,739.63470:952348 740.63937:479920 741.64404:117260,null,7767041,7753800,7682211,8175900,7844738.0225625,223896.84712237
236,13.892,739.63458,no MS2: SE 28:4/22:0,[M+Na]+,null,1.00,False,14.999,739.63641,C50H84O2,DEGSE,JEHJSAOHOQIHJP-UHFFFAOYSA-N,O=C(OC1CC2=CC=C3C(=CCC4(C)C3CCC4C(C=CC(C)C(C)C)C)C2(C)CC1)CCCCCCCCCCCCCCCCCCCCC,530,False,True,False,Normalized unit: Intensity; Annotation method: Msp20260116160945_NCDK_conventional_converted_dev_1,False,False,236,0,0.00,0.98,null,null,null,-1.00,-1.00,-0.152,3290.93,P Carly 25 RT Mix 4p4 2xD III_GC1_01_66506,739.63501:2501242 740.63968:1264682 741.64435:330550,null,13965677,13855502,14251731,15065794,14284675.9260469,546864.384721149
237,13.191,741.61407,no MS2: BA 24:1;O3;G/20:2,[M+NH4]+,null,1.00,False,9.956,741.61401,C46H77NO5,GLCAE,QTIISWVDXAIDSY-UHFFFAOYSA-N,O=C(O)CNC(=O)CCC(C)C1CCC2C3CCC4CC(OC(=O)CCCCCCCCCC=CCC=CCCCCC)CCC4(C)C3CCC12C,530,False,True,False,Normalized unit: Intensity; Annotation method: Msp20260116160945_NCDK_conventional_converted_dev_1,False,False,237,0,0.00,1.00,null,null,null,-1.00,-1.00,-0.143,606.04,P Carly 25 RT Mix 4p4 2xD IV_GC1_01_66507,741.61407:280960 742.61874:134622 743.62341:40454,null,1872372,1953400,1894753,1973185,1923427.34928125,47619.9667009144
238,13.078,746.59216,no MS2: RIKEN P-VS1 ID-9259 from Mouse_SmallIntestine_WT_N_F1,[M+H]+,null,1.00,False,9.110,746.59338,null,Unknown,null,null,530,False,True,False,Normalized unit: Intensity; Annotation method: Msp20260116160945_NCDK_conventional_converted_dev_1,False,False,238,0,0.00,0.99,null,null,null,-1.00,-1.00,-0.133,170.67,P Carly 25 RT Mix 4p4 2xD III_GC1_01_66506,746.59229:162856 747.59695:81112 748.60162:23734,null,1110476,1088649,1014416,1078236,1072944.31709375,41266.6170695516
239,12.212,753.61383,no MS2: BA 24:1;O3;G/21:3,[M+NH4]+,null,1.00,False,9.747,753.61401,C47H77NO5,GLCAE,XMZJJVSEYQSAKW-UHFFFAOYSA-N,O=C(O)CNC(=O)CCC(C)C1CCC2C3CCC4CC(OC(=O)CCCCCCCC=CCC=CCC=CCCCCC)CCC4(C)C3CCC12C,530,False,True,False,Normalized unit: Intensity; Annotation method: Msp20260116160945_NCDK_conventional_converted_dev_1,False,False,239,0,0.00,1.00,null,null,null,-1.00,-1.00,-0.143,144.18,P Carly 25 RT Mix 4p4 2xD IV_GC1_01_66507,753.61383:324552 754.61850:159390 755.62317:76816,null,2882147,2845543,2808819,3016582,2888272.84407813,90626.3866923849
240,13.182,755.62994,no MS2: BA 24:1;O3;G/21:2,[M+NH4]+,null,1.00,False,10.648,755.62970,C47H79NO5,GLCAE,NTPZIMSSYURRBJ-UHFFFAOYSA-N,O=C(O)CNC(=O)CCC(C)C1CCC2C3CCC4CC(OC(=O)CCCCCCCCCC=CCC=CCCCCCC)CCC4(C)C3CCC12C,530,False,True,False,Normalized unit: Intensity; Annotation method: Msp20260116160945_NCDK_conventional_converted_dev_1,False,False,240,0,0.00,1.00,null,null,null,-1.00,-1.00,-0.143,1165.58,P Carly 25 RT Mix 4p4 2xD IV_GC1_01_66507,755.62994:1006772 756.63461:517096 757.63928:142734,null,6296132,6393218,6181452,6691414,6390554.01987501,218451.680903622
241,13.438,755.63007,no MS2: BA 24:1;O3;G/21:2,[M+NH4]+,null,1.00,False,10.648,755.62970,C47H79NO5,GLCAE,NTPZIMSSYURRBJ-UHFFFAOYSA-N,O=C(O)CNC(=O)CCC(C)C1CCC2C3CCC4CC(OC(=O)CCCCCCCCCC=CCC=CCCCCCC)CCC4(C)C3CCC12C,530,False,True,False,Normalized unit: Intensity; Annotation method: Msp20260116160945_NCDK_conventional_converted_dev_1,False,False,241,0,0.00,1.00,null,null,null,-1.00,-1.00,-0.143,864.17,P Carly 25 RT Mix 4p4 2xD IV_GC1_01_66507,755.63007:609548 756.63473:326590 757.63940:88460,null,5666506,5482136,5655745,5884692,5672269.81276562,164904.207452071
242,8.389,758.56958,no MS2: DMPE 35:2|DMPE 5:0_30:2,[M+H]+,null,1.00,False,9.467,758.56940,C42H80NO8P,DMPE,WAZBQZUKCFBZHP-UHFFFAOYSA-N,O=C(OCC(OC(=O)CCCCCCCCCCCCCCCCCC=CCC=CCCCCCCC)COP(=O)(O)OCCN(C)C)CCCC,530,False,True,False,Normalized unit: Intensity; Annotation method: Msp20260116160945_NCDK_conventional_converted_dev_1,False,False,242,0,0.00,1.00,null,null,null,-1.00,-1.00,-0.143,28002.29,P Carly 25 RT Mix 4p4 2xD IV_GC1_01_66507,758.56958:9455568 759.57425:4158914 760.57892:1094712,null,66815650,68977197,69579716,71837596,69302539.7877969,2065091.2611809
243,8.389,758.72308,Unknown,[M+2H]2+,null,1.00,False,null,null,null,null,null,null,999,False,False,False,Normalized unit: Intensity,False,False,243,0,0.00,null,null,null,null,null,null,null,983.43,P Carly 25 RT Mix 4p4 2xD II_GC1_01_66505,758.72308:148408 759.72775:52660 760.73242:0,null,899338,925333,912331,902307,909827.439421875,11737.22496713
244,8.389,758.84003,Unknown,[M+H]+,null,1.00,False,null,null,null,null,null,null,999,False,False,False,Normalized unit: Intensity,False,False,244,0,0.00,null,null,null,null,null,null,null,1393.78,P Carly 25 RT Mix 4p4 2xD II_GC1_01_66505,758.84003:158606 759.84469:70850 760.84936:2580,null,1056744,1070800,1032234,1019039,1044704.1721875,23381.7186970698
245,8.397,758.97290,Unknown,[M+H]+,null,0.25,False,null,null,null,null,null,null,999,False,False,False,Normalized unit: Intensity,False,False,245,0,0.00,null,null,null,null,null,null,null,613.24,P Carly 25 RT Mix 4p4 2xD III_GC1_01_66506,758.97290:74084 759.97757:0 760.98224:0,null,198424,258414,312560,228767,249541.399140625,48630.0945596359
246,8.389,760.23865,Unknown,[M+H]+,null,1.00,False,null,null,null,null,null,null,999,False,False,False,Normalized unit: Intensity,False,False,246,0,0.00,null,null,null,null,null,null,null,604.17,P Carly 25 RT Mix 4p4 2xD II_GC1_01_66505,760.23865:129326 761.24332:6600 762.24798:1308,null,641803,675028,636730,631989,646387.473875,19509.3605103568
247,9.459,760.58490,no MS2: DMPE 35:1|DMPE 5:0_30:1,[M+H]+,null,1.00,False,10.844,760.58508,C42H82NO8P,DMPE,HFSMUVCIGBLXRW-UHFFFAOYSA-N,O=C(OCC(OC(=O)CCCCCCCCCCCCCCCCCCCC=CCCCCCCCC)COP(=O)(O)OCCN(C)C)CCCC,530,False,True,False,Normalized unit: Intensity; Annotation method: Msp20260116160945_NCDK_conventional_converted_dev_1,False,False,247,0,0.00,1.00,null,null,null,-1.00,-1.00,-0.143,25758.33,P Carly 25 RT Mix 4p4 2xD IV_GC1_01_66507,760.58490:8505782 761.58957:3890610 762.59424:983668,null,60438225,61678380,60920039,64238133,61818694.1621875,1691808.54049412
248,9.459,760.73767,Unknown,[M+2H]2+,null,1.00,False,null,null,null,null,null,null,999,False,False,False,Normalized unit: Intensity,False,False,248,0,0.00,null,null,null,null,null,null,null,430.18,P Carly 25 RT Mix 4p4 2xD IV_GC1_01_66507,760.73767:128702 761.74234:40340 762.74701:0,null,812305,812465,793160,812867,807699.437953125,9695.65528927167
249,9.459,760.85553,Unknown,[M+H]+,null,1.00,False,null,null,null,null,null,null,999,False,False,False,Normalized unit: Intensity,False,False,249,0,0.00,null,null,null,null,null,null,null,1132.54,P Carly 25 RT Mix 4p4 2xD I_GC1_01_66504,760.85553:145468 761.86020:57820 762.86487:0,null,951717,950878,916664,931405,937666.13771875,16854.9455825961
250,9.459,762.25482,Unknown,[M+H]+,null,1.00,False,null,null,null,null,null,null,999,False,False,False,Normalized unit: Intensity,False,False,250,0,0.00,null,null,null,null,null,null,null,628.07,P Carly 25 RT Mix 4p4 2xD I_GC1_01_66504,762.25482:101032 763.25949:5432 764.26416:978,null,523445,521394,470837,507878,505888.4485,24366.5785019059
251,7.857,764.59021,no MS2: RIKEN P-VS1 ID-9926 from Mouse_Macrophage_WT_N_F1EPA,[M+H]+,null,1.00,False,8.960,764.58649,null,Unknown,null,null,530,False,True,False,Normalized unit: Intensity; Annotation method: Msp20260116160945_NCDK_conventional_converted_dev_1,False,False,251,0,0.00,0.89,null,null,null,-1.00,-1.00,-0.179,1003.83,P Carly 25 RT Mix 4p4 2xD IV_GC1_01_66507,764.59021:500790 765.59488:223416 766.59955:52778,null,2690439,2675121,2609532,2693729,2667205.14728125,39294.2670266589
252,13.299,771.62518,no MS2: BA 24:1;O4;G/21:2,[M+NH4]+,null,1.00,False,8.425,771.62457,C47H79NO6,GDCAE,HUKRAFNNXRIPNQ-UHFFFAOYSA-N,O=C(O)CNC(=O)CCC(C)C1CCC2C3CCC4CC(OC(=O)CCCCCCCCCC=CCC=CCCCCCC)CCC4(C)C3CC(O)C12C,530,False,True,False,Normalized unit: Intensity; Annotation method: Msp20260116160945_NCDK_conventional_converted_dev_1,False,False,252,0,0.00,1.00,null,null,null,-1.00,-1.00,-0.143,286.01,P Carly 25 RT Mix 4p4 2xD I_GC1_01_66504,771.62427:127710 772.62894:63110 773.63360:17136,null,1594870,1583492,1582618,1661508,1605621.96234375,37673.27828987
253,8.389,780.55072,no MS2: NAGlySer 41:10;O2|NAGlySer 15:3;O(FA 26:6),[M+NH4]+,null,1.00,False,8.247,780.55212,C46H70N2O7,NAGlySer,QJXPKYVYSTZUAR-UHFFFAOYSA-N,O=C(OC(C=CCC=CCC=CCC)CCCC(=O)NCC(=O)NC(C(=O)O)CO)CCCCCCC=CCC=CCC=CCC=CCC=CCC=CCC,530,False,True,False,Normalized unit: Intensity; Annotation method: Msp20260116160945_NCDK_conventional_converted_dev_1,False,False,253,0,0.00,1.00,null,null,null,-1.00,-1.00,-0.143,1920.40,P Carly 25 RT Mix 4p4 2xD III_GC1_01_66506,780.55225:435442 781.55691:192306 782.56158:45668,null,2918106,3016944,2998599,3065462,2999777.83026563,61320.8589636883
254,9.459,782.56628,no MS2: NAGlySer 41:9;O2|NAGlySer 15:2;O(FA 26:6),[M+NH4]+,null,1.00,False,7.892,782.56781,C46H72N2O7,NAGlySer,JMCCZEKHWHPGJT-UHFFFAOYSA-N,O=C(OC(C=CCC=CCCC)CCCCCC(=O)NCC(=O)NC(C(=O)O)CO)CCCCCCC=CCC=CCC=CCC=CCC=CCC=CCC,530,False,True,False,Normalized unit: Intensity; Annotation method: Msp20260116160945_NCDK_conventional_converted_dev_1,False,False,254,0,0.00,1.00,null,null,null,-1.00,-1.00,-0.143,1837.68,P Carly 25 RT Mix 4p4 2xD II_GC1_01_66505,782.56775:337804 783.57242:163308 784.57708:37654,null,2501989,2513727,2564338,2662583,2560659.12201563,73136.420302724
255,9.649,786.60004,no MS2: DMPE 37:2|DMPE 5:0_32:2,[M+H]+,null,1.00,False,11.902,786.60071,C44H84NO8P,DMPE,XWRPWKLEUYPPTC-UHFFFAOYSA-N,O=C(OCC(OC(=O)CCCCCCCCCCCCCCCCCCCC=CCC=CCCCCCCC)COP(=O)(O)OCCN(C)C)CCCC,530,False,True,False,Normalized unit: Intensity; Annotation method: Msp20260116160945_NCDK_conventional_converted_dev_1,False,False,255,0,0.00,1.00,null,null,null,-1.00,-1.00,-0.143,675.40,P Carly 25 RT Mix 4p4 2xD I_GC1_01_66504,786.60089:124660 787.60556:63930 788.61023:15136,null,934308,931748,903838,946322,929053.89128125,17971.1513634523
256,11.061,788.61670,no MS2: DMPE 37:1|DMPE 5:0_32:1,[M+H]+,null,1.00,False,12.658,788.61639,C44H86NO8P,DMPE,UUVHRGQBUHHGHP-UHFFFAOYSA-N,O=C(OCC(OC(=O)CCCCCCCCCCCCCCCCCCCCCC=CCCCCCCCC)COP(=O)(O)OCCN(C)C)CCCC,530,False,True,False,Normalized unit: Intensity; Annotation method: Msp20260116160945_NCDK_conventional_converted_dev_1,False,False,256,0,0.00,1.00,null,null,null,-1.00,-1.00,-0.143,17727.29,P Carly 25 RT Mix 4p4 2xD IV_GC1_01_66507,788.61670:6906234 789.62137:3348562 790.62603:901898,null,55409601,56160004,57808456,58079694,56864438.6007969,1288512.60656353
257,11.061,788.89014,Unknown,[M+H]+,null,1.00,False,null,null,null,null,null,null,999,False,False,False,Normalized unit: Intensity,False,False,257,0,0.00,null,null,null,null,null,null,null,1230.36,P Carly 25 RT Mix 4p4 2xD I_GC1_01_66504,788.89014:129354 789.89480:45142 790.89947:2600,null,917127,871124,856762,889471,883620.984796875,26041.3982579091
258,11.061,789.29468,Unknown,[M+H]+,null,1.00,False,null,null,null,null,null,null,999,False,False,False,Normalized unit: Intensity,False,False,258,0,0.00,null,null,null,null,null,null,null,2302.82,P Carly 25 RT Mix 4p4 2xD I_GC1_01_66504,789.29468:216280 790.29935:73962 791.30401:3308,null,1512428,1467763,1466689,1499597,1486619.040375,23002.130516845
259,12.550,790.63342,no MS2: DMPE 37:0|DMPE 32:0_5:0,[M+H]+,null,1.00,False,13.404,790.63202,C44H88NO8P,DMPE,UWPCIDYITBMELO-UHFFFAOYSA-N,O=C(OCC(OC(=O)CCCC)COP(=O)(O)OCCN(C)C)CCCCCCCCCCCCCCCCCCCCCCCCCCCCCCC,530,False,True,False,Normalized unit: Intensity; Annotation method: Msp20260116160945_NCDK_conventional_converted_dev_1,False,False,259,0,0.00,1.00,null,null,null,-1.00,-1.00,-0.143,49924.43,P Carly 25 RT Mix 4p4 2xD II_GC1_01_66505,790.63220:7064342 791.63687:3430308 792.64154:908832,null,63129069,62757291,61812893,66297367,63499154.8982813,1946004.20207239
260,12.550,790.78906,Unknown,[M+2H]2+,null,1.00,False,null,null,null,null,null,null,999,False,False,False,Normalized unit: Intensity,False,False,260,0,0.00,null,null,null,null,null,null,null,1075.93,P Carly 25 RT Mix 4p4 2xD IV_GC1_01_66507,790.78906:117062 791.79373:42640 792.79840:2640,null,791468,779064,747183,852717,792607.947390625,44200.9995427029
261,12.550,790.90692,Unknown,[M+H]+,null,1.00,False,null,null,null,null,null,null,999,False,False,False,Normalized unit: Intensity,False,False,261,0,0.00,null,null,null,null,null,null,null,1595.61,P Carly 25 RT Mix 4p4 2xD IV_GC1_01_66507,790.90692:138178 791.91159:53774 792.91626:0,null,1018281,951824,934106,1065204,992353.48590625,60593.8691204138
262,12.550,792.31445,Unknown,[M+H]+,null,1.00,False,null,null,null,null,null,null,999,False,False,False,Normalized unit: Intensity,False,False,262,0,0.00,null,null,null,null,null,null,null,938.72,P Carly 25 RT Mix 4p4 2xD IV_GC1_01_66507,792.31445:94704 793.31912:4272 794.32379:980,null,541915,481000,461123,583081,516779.72309375,55992.5632749328
263,13.962,796.70166,no MS2: HexCer 42:0;O2|HexCer 16:0;O2/26:0,[M+H-H2O]+,null,1.00,False,13.113,796.70251,C48H95NO8,HexCer_NDS,BKSXKRUSYDJGAP-UHFFFAOYSA-N,O=C(NC(COC1OC(CO)C(O)C(O)C1O)C(O)CCCCCCCCCCCCC)CCCCCCCCCCCCCCCCCCCCCCCCC,530,False,True,False,Normalized unit: Intensity; Annotation method: Msp20260116160945_NCDK_conventional_converted_dev_1,False,False,263,0,0.00,1.00,null,null,null,-1.00,-1.00,-0.143,503.62,P Carly 25 RT Mix 4p4 2xD III_GC1_01_66506,796.70288:66278 797.70755:35816 798.71222:9168,null,436977,428203,427046,463533,438939.79690625,16984.543452236
264,11.061,810.59808,no MS2: PC 36:1,[M+Na]+,null,1.00,False,10.628,810.59833,C44H86NO8P,PC,BKACBHCGNYBKHD-UHFFFAOYSA-N,O=C(OCC(OC(=O)CCCCCCCCCCCCCCCCCCC=CCCCCCCCCCC)COP(=O)([O-])OCC[N+](C)(C)C)CCCC,530,False,True,False,Normalized unit: Intensity; Annotation method: Msp20260116160945_NCDK_conventional_converted_dev_1,False,False,264,0,0.00,1.00,null,null,null,-1.00,-1.00,-0.143,1790.07,P Carly 25 RT Mix 4p4 2xD III_GC1_01_66506,810.59839:265052 811.60306:128574 812.60772:29048,null,2118484,2093353,2131339,2202923,2136524.94089062,46992.415530397
265,12.550,812.61481,no MS2: NAGlySer 43:8;O2|NAGlySer 15:1;O(FA 28:6),[M+NH4]+,null,1.00,False,9.063,812.61469,C48H78N2O7,NAGlySer,KUZPIEVYOYJJNW-UHFFFAOYSA-N,O=C(OC(C=CCCCCC)CCCCCCC(=O)NCC(=O)NC(C(=O)O)CO)CCCCCCCCC=CCC=CCC=CCC=CCC=CCC=CCC,530,False,True,False,Normalized unit: Intensity; Annotation method: Msp20260116160945_NCDK_conventional_converted_dev_1,False,False,265,0,0.00,1.00,null,null,null,-1.00,-1.00,-0.143,2042.82,P Carly 25 RT Mix 4p4 2xD IV_GC1_01_66507,812.61481:323202 813.61947:154224 814.62414:35670,null,2515014,2508058,2465247,2685341,2543414.7891875,97142.8005100596
266,8.389,816.62195,no MS2: RIKEN P-VS1 ID-12036 from Mouse_Macrophage_WT_N_F1,[M+H]+,null,1.00,False,9.130,816.62610,null,Unknown,null,null,530,False,True,False,Normalized unit: Intensity; Annotation method: Msp20260116160945_NCDK_conventional_converted_dev_1,False,False,266,0,0.00,0.95,null,null,null,-1.00,-1.00,-0.149,3302.99,P Carly 25 RT Mix 4p4 2xD II_GC1_01_66505,816.62360:618838 817.62826:300758 818.63293:79574,null,3614831,3678909,3601608,3761779,3664281.8360625,73241.9045035662
267,9.459,818.63763,no MS2: RIKEN P-VS1 ID-12123 from Mouse_Macrophage_WT_N_F1,[M+H]+,null,1.00,False,9.670,818.63812,null,Unknown,null,null,530,False,True,False,Normalized unit: Intensity; Annotation method: Msp20260116160945_NCDK_conventional_converted_dev_1,False,False,267,0,0.00,1.00,null,null,null,-1.00,-1.00,-0.129,2855.68,P Carly 25 RT Mix 4p4 2xD III_GC1_01_66506,818.63843:458962 819.64310:220282 820.64776:60726,null,2915448,2865841,2749161,2982129,2878144.8858125,98306.3957214142
268,13.420,818.66504,no MS2: DMPE 39:0|DMPE 34:0_5:0,[M+H]+,null,1.00,False,12.973,818.66333,C46H92NO8P,DMPE,PBFYZIOATXJMEP-UHFFFAOYSA-N,O=C(OCC(OC(=O)CCCC)COP(=O)(O)OCCN(C)C)CCCCCCCCCCCCCCCCCCCCCCCCCCCCCCCCC,530,False,True,False,Normalized unit: Intensity; Annotation method: Msp20260116160945_NCDK_conventional_converted_dev_1,False,False,268,0,0.00,1.00,null,null,null,-1.00,-1.00,-0.143,899.48,P Carly 25 RT Mix 4p4 2xD I_GC1_01_66504,818.66321:134920 819.66788:72606 820.67254:20352,null,887712,881705,876310,921574,891825.365625,20371.8331749775
269,13.956,837.72821,no MS2: DG 50:3,[M+Na]+,null,0.25,False,14.055,837.73059,C53H98O5,DG,KDCTUJQQDZPBIW-UHFFFAOYSA-N,O=C(OCC(OC(=O)CCCCCCCCCCCCCCCCCCCCCCC=CCC=CCC=CCCCCCCC)CO)CCCCCCCCCCC,530,False,True,False,Normalized unit: Intensity; Annotation method: Msp20260116160945_NCDK_conventional_converted_dev_1,False,False,269,0,0.00,0.96,null,null,null,-1.00,-1.00,-0.163,595.55,P Carly 25 RT Mix 4p4 2xD IV_GC1_01_66507,837.72821:73648 838.73288:41630 839.73755:13054,null,361993,361531,372976,394038,372634.456609375,15218.1652902016
270,11.061,846.66919,no MS2: RIKEN P-VS1 ID-13237 from Mouse_Lung_WT_N_F1,[M+H]+,null,1.00,False,10.970,846.67212,null,Unknown,null,null,530,False,True,False,Normalized unit: Intensity; Annotation method: Msp20260116160945_NCDK_conventional_converted_dev_1,False,False,270,0,0.00,0.97,null,null,null,-1.00,-1.00,-0.140,1960.98,P Carly 25 RT Mix 4p4 2xD II_GC1_01_66505,846.67017:327730 847.67483:169694 848.67950:43564,null,2278227,2207996,2160708,2319020,2241487.56714062,70729.7304822642
271,12.550,848.68622,no MS2: RIKEN P-VS1 ID-13314 from Mouse_Brain_WT_N_F1,[M+H]+,null,1.00,False,13.210,848.68030,null,Unknown,null,null,530,False,True,False,Normalized unit: Intensity; Annotation method: Msp20260116160945_NCDK_conventional_converted_dev_1,False,False,271,0,0.00,0.88,null,null,null,-1.00,-1.00,-0.182,1961.31,P Carly 25 RT Mix 4p4 2xD II_GC1_01_66505,848.68457:337226 849.68924:175536 850.69391:46360,null,2351344,2287120,2223352,2231004,2273205.06398438,59345.598487866
272,15.139,848.77020,no MS2: TG 50:2|TG 8:0_8:0_34:2,[M+NH4]+,null,1.00,False,14.271,848.77020,C53H98O6,TG,VZLKOMBMLGTLFF-UHFFFAOYSA-N,O=C(OCC(OC(=O)CCCCCCC)COC(=O)CCCCCCCCCCCCCCCCCCCCCC=CCC=CCCCCCCC)CCCCCCC,530,False,True,False,Normalized unit: Intensity; Annotation method: Msp20260116160945_NCDK_conventional_converted_dev_1,False,False,272,0,0.00,1.00,null,null,null,-1.00,-1.00,-0.143,513.67,P Carly 25 RT Mix 4p4 2xD IV_GC1_01_66507,848.77020:103240 849.77487:59304 850.77954:17096,null,743819,724437,738846,780885,746996.829546874,24040.6918750584
273,15.356,850.78674,no MS2: TG 50:1|TG 8:0_8:0_34:1,[M+NH4]+,null,1.00,False,14.765,850.78583,C53H100O6,TG,WLEHGRAGAYLVMG-UHFFFAOYSA-N,O=C(OCC(OC(=O)CCCCCCC)COC(=O)CCCCCCCCCCCCCCCCCCCCCCCC=CCCCCCCCC)CCCCCCC,530,False,True,False,Normalized unit: Intensity; Annotation method: Msp20260116160945_NCDK_conventional_converted_dev_1,False,False,273,0,0.00,1.00,null,null,null,-1.00,-1.00,-0.143,86701.93,P Carly 25 RT Mix 4p4 2xD I_GC1_01_66504,850.78564:10547804 851.79031:6225164 852.79498:1698212,null,54431275,54081500,55258799,58556858,55582108.1174219,2043682.13322133
274,15.360,850.94440,Unknown,[M+H]+,null,1.00,False,null,null,null,null,null,null,999,False,False,False,Normalized unit: Intensity,False,False,274,0,0.00,null,null,null,null,null,null,null,2175.16,P Carly 25 RT Mix 4p4 2xD I_GC1_01_66504,850.94440:215344 851.94906:117594 852.95373:10030,null,1086713,1036650,1047755,1118568,1072421.68351562,37513.7604749985
275,15.360,851.07031,Unknown,[M+H]+,null,1.00,False,null,null,null,null,null,null,999,False,False,False,Normalized unit: Intensity,False,False,275,0,0.00,null,null,null,null,null,null,null,2073.79,P Carly 25 RT Mix 4p4 2xD I_GC1_01_66504,851.07031:196564 852.07498:133732 853.07965:14280,null,1059285,1035341,1053621,1083486,1057933.44942188,19864.4159165286
276,15.355,851.20520,Unknown,[M+H]+,null,0.75,False,null,null,null,null,null,null,999,False,False,False,Normalized unit: Intensity,False,False,276,0,0.00,null,null,null,null,null,null,null,470.85,P Carly 25 RT Mix 4p4 2xD IV_GC1_01_66507,851.20520:80032 852.20987:28974 853.21454:2954,null,293788,277362,303461,309442,296013.24209375,14007.5644091065
277,15.330,855.74103,no MS2: TG 50:1|TG 8:0_8:0_34:1,[M+Na]+,null,1.00,False,14.765,855.74121,C53H100O6,TG,WLEHGRAGAYLVMG-UHFFFAOYSA-N,O=C(OCC(OC(=O)CCCCCCC)COC(=O)CCCCCCCCCCCCCCCCCCCCCCCC=CCCCCCCCC)CCCCCCC,530,False,True,False,Normalized unit: Intensity; Annotation method: Msp20260116160945_NCDK_conventional_converted_dev_1,False,False,277,0,0.00,1.00,null,null,null,-1.00,-1.00,-0.143,2078.47,P Carly 25 RT Mix 4p4 2xD IV_GC1_01_66507,855.74103:470464 856.74570:272216 857.75036:78288,null,1813337,1839898,1907031,1988406,1887168.01354688,78164.2959140968
278,14.931,872.77014,no MS2: TG 52:4|TG 8:0_8:0_36:4,[M+NH4]+,null,1.00,False,14.237,872.77020,C55H98O6,TG,TVCXNLFXLACFHK-UHFFFAOYSA-N,O=C(OCC(OC(=O)CCCCCCC)COC(=O)CCCCCCCCCCCCCCCCCCCCCCC=CCC=CCC=CCC=CCC)CCCCCCC,530,False,True,False,Normalized unit: Intensity; Annotation method: Msp20260116160945_NCDK_conventional_converted_dev_1,False,False,278,0,0.00,1.00,null,null,null,-1.00,-1.00,-0.143,1635.41,P Carly 25 RT Mix 4p4 2xD IV_GC1_01_66507,872.77014:269264 873.77481:161466 874.77948:51574,null,2301976,2366707,2452504,2532244,2413357.5933125,100413.21112742
279,15.148,874.78510,no MS2: TG 52:3|TG 8:0_8:0_36:3,[M+NH4]+,null,1.00,False,14.469,874.78583,C55H100O6,TG,SMVJWGZQUSFCNG-UHFFFAOYSA-N,O=C(OCC(OC(=O)CCCCCCC)COC(=O)CCCCCCCCCCCCCCCCCCCCC=CCC=CCC=CCCCCCCC)CCCCCCC,530,False,True,False,Normalized unit: Intensity; Annotation method: Msp20260116160945_NCDK_conventional_converted_dev_1,False,False,279,0,0.00,1.00,null,null,null,-1.00,-1.00,-0.143,1549.00,P Carly 25 RT Mix 4p4 2xD II_GC1_01_66505,874.78546:164344 875.79013:113618 876.79480:41946,null,1553277,1554554,1591101,1632051,1582745.944875,37255.5830038032
280,15.416,876.80267,no MS2: TG 52:2|TG 8:0_8:0_36:2,[M+NH4]+,null,1.00,False,14.765,876.80151,C55H102O6,TG,RNPAKTRKCHCWDH-UHFFFAOYSA-N,O=C(OCC(OC(=O)CCCCCCC)COC(=O)CCCCCCCCCCCCCCCCCCCCCCCC=CCC=CCCCCCCC)CCCCCCC,530,False,True,False,Normalized unit: Intensity; Annotation method: Msp20260116160945_NCDK_conventional_converted_dev_1,False,False,280,0,0.00,1.00,null,null,null,-1.00,-1.00,-0.144,706.43,P Carly 25 RT Mix 4p4 2xD I_GC1_01_66504,876.80090:69554 877.80557:160496 878.81024:79814,null,724386,736664,778096,787989,756783.60534375,30996.6356248264
281,15.343,877.79694,no MS2: RIKEN P-VS1 ID-14438 from Mouse_Plasma_WT_N_Ctr,[M+H]+,null,1.00,False,14.550,877.79492,null,Unknown,null,null,530,False,True,False,Normalized unit: Intensity; Annotation method: Msp20260116160945_NCDK_conventional_converted_dev_1,False,False,281,0,0.00,1.00,null,null,null,-1.00,-1.00,-0.130,7939.50,P Carly 25 RT Mix 4p4 2xD I_GC1_01_66504,877.79553:938300 878.80020:535436 879.80487:168054,null,5018177,5077223,5134848,5368615,5149715.54706251,153509.503707608
282,15.347,891.81238,no MS2: RIKEN P-VS1 ID-14892 from Mouse_Plasma_ApoEKO_N_F1DHA,[M+H]+,null,1.00,False,14.840,891.81812,null,Unknown,null,null,530,False,True,False,Normalized unit: Intensity; Annotation method: Msp20260116160945_NCDK_conventional_converted_dev_1,False,False,282,0,0.00,0.89,null,null,null,-1.00,-1.00,-0.180,17086.08,P Carly 25 RT Mix 4p4 2xD III_GC1_01_66506,891.81372:2102386 892.81839:1275020 893.82306:396086,null,10647260,10962897,11102980,11811433,11131142.166625,491947.576815709
283,14.520,894.75336,no MS2: TG 54:7|TG 8:0_8:0_38:7,[M+NH4]+,null,1.00,False,13.258,894.75452,C57H96O6,TG,VGEWCLLUPAZUPL-UHFFFAOYSA-N,O=C(OCC(OC(=O)CCCCCCC)COC(=O)CCCCCCCCCCCCCCCC=CCC=CCC=CCC=CCC=CCC=CCC=CCC)CCCCCCC,530,False,True,False,Normalized unit: Intensity; Annotation method: Msp20260116160945_NCDK_conventional_converted_dev_1,False,False,283,0,0.00,1.00,null,null,null,-1.00,-1.00,-0.143,707.05,P Carly 25 RT Mix 4p4 2xD II_GC1_01_66505,894.75464:96268 895.75931:62332 896.76397:21218,null,1058921,1083000,1070102,1149918,1090485.15107812,40825.0772888543
284,14.719,896.76923,no MS2: TG 54:6|TG 8:0_8:0_38:6,[M+NH4]+,null,1.00,False,13.776,896.77020,C57H98O6,TG,MPJPHTZTJJUBFS-UHFFFAOYSA-N,O=C(OCC(OC(=O)CCCCCCC)COC(=O)CCCCCCCCCCCCCCCCCCC=CCC=CCC=CCC=CCC=CCC=CCC)CCCCCCC,530,False,True,False,Normalized unit: Intensity; Annotation method: Msp20260116160945_NCDK_conventional_converted_dev_1,False,False,284,0,0.00,1.00,null,null,null,-1.00,-1.00,-0.143,1899.87,P Carly 25 RT Mix 4p4 2xD III_GC1_01_66506,896.77057:336020 897.77524:212168 898.77990:74566,null,3424583,3563910,3564364,3787755,3585152.89726563,150237.140085577
285,14.940,898.78540,no MS2: TG 54:5|TG 8:0_8:0_38:5,[M+NH4]+,null,1.00,False,14.112,898.78583,C57H100O6,TG,QEUNXFKXMXOSEM-UHFFFAOYSA-N,O=C(OCC(OC(=O)CCCCCCC)COC(=O)CCCCCCCCCCCCCCCCCCCCCC=CCC=CCC=CCC=CCC=CCC)CCCCCCC,530,False,True,False,Normalized unit: Intensity; Annotation method: Msp20260116160945_NCDK_conventional_converted_dev_1,False,False,285,0,0.00,1.00,null,null,null,-1.00,-1.00,-0.143,3570.04,P Carly 25 RT Mix 4p4 2xD II_GC1_01_66505,898.78613:394732 899.79080:269152 900.79547:96840,null,3643465,3712766,3838049,3977984,3793065.74420313,147248.872104842
286,15.174,900.80066,no MS2: TG 54:4|TG 8:0_8:0_38:4,[M+NH4]+,null,1.00,False,14.090,900.80151,C57H102O6,TG,SDHHDMYGROQKNA-UHFFFAOYSA-N,O=C(OCC(OC(=O)CCCCCCC)COC(=O)CCCCCCCCCCCCCCCCCCCCCCCCC=CCC=CCC=CCC=CCC)CCCCCCC,530,False,True,False,Normalized unit: Intensity; Annotation method: Msp20260116160945_NCDK_conventional_converted_dev_1,False,False,286,0,0.00,1.00,null,null,null,-1.00,-1.00,-0.143,1527.69,P Carly 25 RT Mix 4p4 2xD III_GC1_01_66506,900.80170:236128 901.80636:178164 902.81103:64150,null,2278381,2308790,2390841,2424207,2350554.86709375,68315.6359681082
287,14.719,901.72473,no MS2: TG 54:6|TG 8:0_8:0_38:6,[M+Na]+,null,1.00,False,13.776,901.72559,C57H98O6,TG,MPJPHTZTJJUBFS-UHFFFAOYSA-N,O=C(OCC(OC(=O)CCCCCCC)COC(=O)CCCCCCCCCCCCCCCCCCC=CCC=CCC=CCC=CCC=CCC=CCC)CCCCCCC,530,False,True,False,Normalized unit: Intensity; Annotation method: Msp20260116160945_NCDK_conventional_converted_dev_1,False,False,287,0,0.00,1.00,null,null,null,-1.00,-1.00,-0.143,409.39,P Carly 25 RT Mix 4p4 2xD II_GC1_01_66505,901.72583:75442 902.73050:44888 903.73517:15620,null,671288,687494,730736,747429,709236.762484375,35747.8716317564
288,15.447,902.81635,no MS2: TG 54:3|TG 8:0_8:0_38:3,[M+NH4]+,null,1.00,False,14.407,902.81708,C57H104O6,TG,RCSKZUBNPPWQCB-UHFFFAOYSA-N,O=C(OCC(OC(=O)CCCCCCC)COC(=O)CCCCCCCCCCCCCCCCCCCCCCC=CCC=CCC=CCCCCCCC)CCCCCCC,530,False,True,False,Normalized unit: Intensity; Annotation method: Msp20260116160945_NCDK_conventional_converted_dev_1,False,False,288,0,0.00,1.00,null,null,null,-1.00,-1.00,-0.144,727.22,P Carly 25 RT Mix 4p4 2xD I_GC1_01_66504,902.81653:111788 903.82120:66912 904.82586:23642,null,1078909,1084382,1148637,1180764,1123172.83771875,49763.5477382992
289,15.706,904.83307,no MS2: TG 54:2|TG 8:0_8:0_38:2,[M+NH4]+,null,1.00,False,14.863,904.83282,C57H106O6,TG,CJABAEYPPMEUSO-UHFFFAOYSA-N,O=C(OCC(OC(=O)CCCCCCC)COC(=O)CCCCCCCCCCCCCCCCCCCCCCCCCC=CCC=CCCCCCCC)CCCCCCC,530,False,True,False,Normalized unit: Intensity; Annotation method: Msp20260116160945_NCDK_conventional_converted_dev_1,False,False,289,0,0.00,1.00,null,null,null,-1.00,-1.00,-0.143,29614.53,P Carly 25 RT Mix 4p4 2xD IV_GC1_01_66507,904.83307:4913604 905.83774:3065982 906.84240:934052,null,27139247,27786809,28448032,29541971,28229014.714,1025501.77821752
290,15.715,904.99677,Unknown,[M+H]+,null,1.00,False,null,null,null,null,null,null,999,False,False,False,Normalized unit: Intensity,False,False,290,0,0.00,null,null,null,null,null,null,null,1256.16,P Carly 25 RT Mix 4p4 2xD I_GC1_01_66504,904.99677:135798 906.00143:57694 907.00610:5636,null,716384,671255,694027,717561,699806.858625,21898.5223793411
291,15.711,905.12384,Unknown,[M+H]+,null,1.00,False,null,null,null,null,null,null,999,False,False,False,Normalized unit: Intensity,False,False,291,0,0.00,null,null,null,null,null,null,null,1209.79,P Carly 25 RT Mix 4p4 2xD IV_GC1_01_66507,905.12384:137988 906.12851:80548 907.13318:0,null,677309,669666,693475,709932,687595.428640625,17895.5868951364
292,15.706,905.55957,Unknown,[M+H]+,null,1.00,False,null,null,null,null,null,null,999,False,False,False,Normalized unit: Intensity,False,False,292,0,0.00,null,null,null,null,null,null,null,1054.78,P Carly 25 RT Mix 4p4 2xD IV_GC1_01_66507,905.55957:169918 906.56424:81292 907.56891:3838,null,773981,762455,787638,826531,787651.315656249,27888.9186425801
293,1.281,907.50629,Unknown,[M+H]+,null,1.00,False,null,null,null,null,null,null,999,False,False,False,Normalized unit: Intensity,False,False,293,0,0.00,null,null,null,null,null,null,null,3705.45,P Carly 25 RT Mix 4p4 2xD IV_GC1_01_66507,907.50629:962522 908.51095:421812 909.51562:124984,null,2837123,2828702,2706837,2960267,2833232.36648438,103520.413916089
294,15.676,909.78918,no MS2: TG 54:2|TG 8:0_8:0_38:2,[M+Na]+,null,1.00,False,14.863,909.78821,C57H106O6,TG,CJABAEYPPMEUSO-UHFFFAOYSA-N,O=C(OCC(OC(=O)CCCCCCC)COC(=O)CCCCCCCCCCCCCCCCCCCCCCCCCC=CCC=CCCCCCCC)CCCCCCC,530,False,True,False,Normalized unit: Intensity; Annotation method: Msp20260116160945_NCDK_conventional_converted_dev_1,False,False,294,0,0.00,1.00,null,null,null,-1.00,-1.00,-0.144,475.20,P Carly 25 RT Mix 4p4 2xD IV_GC1_01_66507,909.78748:108030 910.79214:66846 911.79681:22116,null,521121,532922,530826,529005,528468.539796875,5152.88128080137
295,14.910,913.79626,no MS2: SL 54:2;O2|SL 18:1;O/36:1;O,[M+NH4]+,null,1.00,False,13.305,913.80011,C54H105NO6S,SL,RKZQMLBZUOEOMF-UHFFFAOYSA-N,O=C(N(CC(O)C=CCCCCCCCCCCCCC)CS(=O)(=O)O)C(O)CCCCCCCCCCCCCCCCCCCCCCC=CCCCCCCCCCC,530,False,True,False,Normalized unit: Intensity; Annotation method: Msp20260116160945_NCDK_conventional_converted_dev_1,False,False,295,0,0.00,0.97,null,null,null,-1.00,-1.00,-0.160,816.65,P Carly 25 RT Mix 4p4 2xD III_GC1_01_66506,913.79773:118758 914.80240:71382 915.80706:25464,null,887485,934547,977080,997449,949140.585453126,48746.6161014989
296,15.152,915.81201,no MS2: RIKEN P-VS1 ID-15692 from Mouse_Adipose_WT_N_F1,[M+H]+,null,1.00,False,14.190,915.81299,null,Unknown,null,null,530,False,True,False,Normalized unit: Intensity; Annotation method: Msp20260116160945_NCDK_conventional_converted_dev_1,False,False,296,0,0.00,1.00,null,null,null,-1.00,-1.00,-0.129,581.11,P Carly 25 RT Mix 4p4 2xD III_GC1_01_66506,915.81317:87256 916.81784:57368 917.82251:18622,null,788085,778432,804936,837100,802138.332906249,25753.1835591994
297,14.615,918.81116,no MS2: HexCer 51:2;O2|HexCer 17:0;O2/34:2,[M+H-H2O]+,null,1.00,False,13.365,918.81201,C57H109NO8,HexCer_NDS,VJOKIFYABKHGHF-UHFFFAOYSA-N,O=C(NC(COC1OC(CO)C(O)C(O)C1O)C(O)CCCCCCCCCCCCCC)CCCCCCCCCCCCCCCCCCCCCC=CCC=CCCCCCCC,530,False,True,False,Normalized unit: Intensity; Annotation method: Msp20260116160945_NCDK_conventional_converted_dev_1,False,False,297,0,0.00,1.00,null,null,null,-1.00,-1.00,-0.143,278.90,P Carly 25 RT Mix 4p4 2xD II_GC1_01_66505,918.81213:76176 919.81680:43262 920.82147:16422,null,467152,459405,452355,479445,464589.215875,11601.8597866501
298,14.719,923.77893,no MS2: RIKEN P-VS1 ID-15910 from Mouse_WAT_fads2KO_N_Ctr,[M+H]+,null,1.00,False,13.410,923.77533,null,Unknown,null,null,530,False,True,False,Normalized unit: Intensity; Annotation method: Msp20260116160945_NCDK_conventional_converted_dev_1,False,False,298,0,0.00,0.93,null,null,null,-1.00,-1.00,-0.161,967.71,P Carly 25 RT Mix 4p4 2xD I_GC1_01_66504,923.77893:105890 924.78360:66458 925.78827:21004,null,1052164,987166,1009702,1020142,1017293.90920313,27014.591634662
299,14.909,925.79712,no MS2: SL 55:3;O2|SL 19:1;O/36:2;O,[M+NH4]+,null,0.25,False,13.086,925.80011,C55H105NO6S,SL,BJQQWDMWCSIMCW-UHFFFAOYSA-N,O=C(N(CC(O)C=CCCCCCCCCCCCCCC)CS(=O)(=O)O)C(O)CCCCCCCCCCCCCCCCCCCCCCC=CCC=CCCCCCCC,530,False,True,False,Normalized unit: Intensity; Annotation method: Msp20260116160945_NCDK_conventional_converted_dev_1,False,False,299,0,0.00,0.95,null,null,null,-1.00,-1.00,-0.168,538.28,P Carly 25 RT Mix 4p4 2xD III_GC1_01_66506,925.79712:98578 926.80179:58542 927.80645:17974,null,542302,497078,534222,506184,519946.422390626,21724.969102797
300,15.182,927.81238,no MS2: RIKEN P-VS1 ID-16007 from Mouse_Aorta_ApoEKO_N_F1DHA,[M+H]+,null,1.00,False,14.630,927.80823,null,Unknown,null,null,530,False,True,False,Normalized unit: Intensity; Annotation method: Msp20260116160945_NCDK_conventional_converted_dev_1,False,False,300,0,0.00,0.96,null,null,null,-1.00,-1.00,-0.148,399.24,P Carly 25 RT Mix 4p4 2xD I_GC1_01_66504,927.81097:68432 928.81564:45228 929.82031:14618,null,643224,626381,660717,674579,651225.26765625,20950.6022783136
301,1.281,929.48846,Unknown,[M+H]+,null,1.00,False,null,null,null,null,null,null,999,False,False,False,Normalized unit: Intensity,False,False,301,0,0.00,null,null,null,null,null,null,null,1160.59,P Carly 25 RT Mix 4p4 2xD IV_GC1_01_66507,929.48846:221568 930.49313:96582 931.49780:23946,null,671067,672131,657813,710047,677764.472,22485.9225772103
302,15.689,931.84589,no MS2: SL 55:0;O2|SL 19:0;O/36:0;O,[M+NH4]+,null,1.00,False,13.897,931.84698,C55H111NO6S,SL,GGYZFEAOQHKSAV-UHFFFAOYSA-N,O=C(N(CC(O)CCCCCCCCCCCCCCCC)CS(=O)(=O)O)C(O)CCCCCCCCCCCCCCCCCCCCCCCCCCCCCCCCCC,530,False,True,False,Normalized unit: Intensity; Annotation method: Msp20260116160945_NCDK_conventional_converted_dev_1,False,False,302,0,0.00,0.99,null,null,null,-1.00,-1.00,-0.146,2140.69,P Carly 25 RT Mix 4p4 2xD III_GC1_01_66506,931.84589:349180 932.85055:235434 933.85522:78270,null,1912248,1845105,1908504,1959861,1906429.49271875,47094.9987823782
303,17.473,932.87708,no MS2: Cer 61:4;O2|Cer 23:0;O2/38:4,[M+Na]+,null,1.00,False,15.407,932.87689,C61H115NO3,Cer_NDS,OVQMIOOCKYAYSE-UHFFFAOYSA-N,O=C(NC(CO)C(O)CCCCCCCCCCCCCCCCCCCC)CCCCCCCCCCCCCCCCCCCCCCCCC=CCC=CCC=CCC=CCC,530,False,True,False,Normalized unit: Intensity; Annotation method: Msp20260116160945_NCDK_conventional_converted_dev_1,False,False,303,0,0.00,1.00,null,null,null,-1.00,-1.00,-0.143,1844.78,P Carly 25 RT Mix 4p4 2xD IV_GC1_01_66507,932.87708:224926 933.88174:159102 934.88641:53262,null,1461277,1522964,1518195,1538346,1510195.38625,33726.9758458453
304,14.510,935.78076,no MS2: SL 56:5;O2|SL 20:1;O/36:4;O,[M+NH4]+,null,0.25,False,13.014,935.78442,C56H103NO6S,SL,PHDHFBMOFYGFMP-UHFFFAOYSA-N,O=C(N(CC(O)C=CCCCCCCCCCCCCCCC)CS(=O)(=O)O)C(O)CCCCCCCCCCCCCCCCCCCCCC=CCC=CCC=CCC=CCC,530,False,True,False,Normalized unit: Intensity; Annotation method: Msp20260116160945_NCDK_conventional_converted_dev_1,False,False,304,0,0.00,0.93,null,null,null,-1.00,-1.00,-0.180,339.09,P Carly 25 RT Mix 4p4 2xD IV_GC1_01_66507,935.78076:68346 936.78543:45408 937.79010:16798,null,618391,627303,642677,668931,639325.42853125,22139.7049273116
305,14.425,936.82166,no MS2: AHexCer 51:0;O2|AHexCer (O-26:0)12:0;O2/13:0,[M+H-H2O]+,null,1.00,False,13.574,936.82257,C57H111NO9,AHexCer,CXADNKATNWLIQK-UHFFFAOYSA-N,O=C(OCC1OC(OCC(NC(=O)CCCCCCCCCCCC)C(O)CCCCCCCCC)C(O)C(O)C1O)CCCCCCCCCCCCCCCCCCCCCCCCC,530,False,True,False,Normalized unit: Intensity; Annotation method: Msp20260116160945_NCDK_conventional_converted_dev_1,False,False,305,0,0.00,1.00,null,null,null,-1.00,-1.00,-0.143,4400.99,P Carly 25 RT Mix 4p4 2xD III_GC1_01_66506,936.82233:639956 937.82699:399652 938.83166:135632,null,3327398,3340747,3243073,3388454,3324917.6908125,60531.4457120196
306,14.719,937.79578,no MS2: SL 56:4;O2|SL 20:1;O/36:3;O,[M+NH4]+,null,1.00,False,13.014,937.80011,C56H105NO6S,SL,JUSBJBFGGMEXHL-UHFFFAOYSA-N,O=C(N(CC(O)C=CCCCCCCCCCCCCCCC)CS(=O)(=O)O)C(O)CCCCCCCCCCCCCCCCCCCC=CCC=CCC=CCCCCCCC,530,False,True,False,Normalized unit: Intensity; Annotation method: Msp20260116160945_NCDK_conventional_converted_dev_1,False,False,306,0,0.00,0.95,null,null,null,-1.00,-1.00,-0.170,1617.28,P Carly 25 RT Mix 4p4 2xD III_GC1_01_66506,937.79700:195192 938.80166:124676 939.80633:38742,null,1917179,1929192,1963690,2052508,1965642.13709375,61173.8536759662
307,17.472,937.83270,no MS2: RIKEN P-VS1 ID-16308 from Mouse_Heart_WT_N_F1,[M+H]+,null,0.25,False,14.060,937.83160,null,Unknown,null,null,530,False,True,False,Normalized unit: Intensity; Annotation method: Msp20260116160945_NCDK_conventional_converted_dev_1,False,False,307,0,0.00,0.99,null,null,null,-1.00,-1.00,-0.132,318.22,P Carly 25 RT Mix 4p4 2xD IV_GC1_01_66507,937.83270:65088 938.83737:42216 939.84204:14006,null,425334,433943,434957,449810,436010.9873125,10161.9646582399
308,14.914,939.81281,no MS2: RIKEN P-VS1 ID-16357 from Mouse_Plasma_ApoEKO_N_Ctr,[M+H]+,null,1.00,False,14.550,939.81110,null,Unknown,null,null,530,False,True,False,Normalized unit: Intensity; Annotation method: Msp20260116160945_NCDK_conventional_converted_dev_1,False,False,308,0,0.00,1.00,null,null,null,-1.00,-1.00,-0.130,845.76,P Carly 25 RT Mix 4p4 2xD I_GC1_01_66504,939.81042:153352 940.81509:96126 941.81976:31390,null,1317878,1335240,1401217,1435845,1372545.15165625,55404.9819602294
309,14.433,941.77716,no MS2: SL 58:8;O|SL 22:2;O/36:6,[M+NH4]+,null,1.00,False,13.421,941.77393,C58H101NO5S,SL,PIWHTKOHSHZSNL-UHFFFAOYSA-N,O=C(N(CC(O)C=CCCC=CCCCCCCCCCCCCC)CS(=O)(=O)O)CCCCCCCCCCCCCCCCC=CCC=CCC=CCC=CCC=CCC=CCC,530,False,True,False,Normalized unit: Intensity; Annotation method: Msp20260116160945_NCDK_conventional_converted_dev_1,False,False,309,0,0.00,0.96,null,null,null,-1.00,-1.00,-0.163,1528.95,P Carly 25 RT Mix 4p4 2xD I_GC1_01_66504,941.77661:187476 942.78128:118292 943.78595:37284,null,1032747,1037274,1021780,1103475,1048819.03895313,37013.3618199117
310,15.182,941.82721,no MS2: RIKEN P-VS1 ID-16410 from Mouse_Plasma_ApoEKO_N_Ctr,[M+H]+,null,1.00,False,14.590,941.83038,null,Unknown,null,null,530,False,True,False,Normalized unit: Intensity; Annotation method: Msp20260116160945_NCDK_conventional_converted_dev_1,False,False,310,0,0.00,0.97,null,null,null,-1.00,-1.00,-0.144,973.64,P Carly 25 RT Mix 4p4 2xD III_GC1_01_66506,941.82788:127904 942.83255:82436 943.83722:27160,null,1111757,1109590,1160407,1196583,1144584.22467187,41858.3001422453
311,15.689,945.86053,no MS2: SL 56:0;O2|SL 20:0;O/36:0;O,[M+NH4]+,null,1.00,False,13.958,945.86267,C56H113NO6S,SL,OTFVMQGHXVTRRN-UHFFFAOYSA-N,O=C(N(CC(O)CCCCCCCCCCCCCCCCC)CS(=O)(=O)O)C(O)CCCCCCCCCCCCCCCCCCCCCCCCCCCCCCCCCC,530,False,True,False,Normalized unit: Intensity; Annotation method: Msp20260116160945_NCDK_conventional_converted_dev_1,False,False,311,0,0.00,0.99,null,null,null,-1.00,-1.00,-0.147,5494.04,P Carly 25 RT Mix 4p4 2xD III_GC1_01_66506,945.86145:751774 946.86612:505898 947.87079:177896,null,4268243,4322705,4362337,4477505,4357697.5815625,88697.7955547909
312,14.113,952.81635,no MS2: AHexCer 51:0;O3|AHexCer (O-26:0)12:0;O2/13:0;O,[M+H-H2O]+,null,1.00,False,13.908,952.81750,C57H111NO10,AHexCer,VNYMABTVXWAABC-UHFFFAOYSA-N,O=C(OCC1OC(OCC(NC(=O)C(O)CCCCCCCCCCC)C(O)CCCCCCCCC)C(O)C(O)C1O)CCCCCCCCCCCCCCCCCCCCCCCCC,530,False,True,False,Normalized unit: Intensity; Annotation method: Msp20260116160945_NCDK_conventional_converted_dev_1,False,False,312,0,0.00,1.00,null,null,null,-1.00,-1.00,-0.143,442.77,P Carly 25 RT Mix 4p4 2xD III_GC1_01_66506,952.81738:64572 953.82205:38088 954.82672:13772,null,497605,481258,488123,493895,490220.166640625,7135.87866798232
313,14.615,959.83771,no MS2: DG 59:5,[M+Na]+,null,1.00,False,14.483,959.84021,C62H112O5,DG,WGTVSJCUOSYERN-UHFFFAOYSA-N,O=C(OCC(OC(=O)CCCCCCCCCCCCCCCCCCCCCC=CCC=CCC=CCC=CCC=CCC)CO)CCCCCCCCCCCCCCCCCCCC,530,False,True,False,Normalized unit: Intensity; Annotation method: Msp20260116160945_NCDK_conventional_converted_dev_1,False,False,313,0,0.00,1.00,null,null,null,-1.00,-1.00,-0.144,567.70,P Carly 25 RT Mix 4p4 2xD III_GC1_01_66506,959.83954:102500 960.84421:68174 961.84887:22912,null,680348,673795,651270,696839,675562.868328125,18875.6356209674
314,17.473,959.88824,Unknown,[M+H]+,null,1.00,False,null,null,null,null,null,null,999,False,False,False,Normalized unit: Intensity,False,False,314,0,0.00,null,null,null,null,null,null,null,601.45,P Carly 25 RT Mix 4p4 2xD IV_GC1_01_66507,959.88824:70906 960.89291:52148 961.89758:17132,null,502468,487110,489962,518040,499394.91653125,14106.7386661879
315,1.607,963.56915,Unknown,[2M+H]+,null,1.00,False,null,null,null,null,null,null,999,False,False,False,Normalized unit: Intensity,False,False,315,0,0.00,null,null,null,null,null,null,null,713.58,P Carly 25 RT Mix 4p4 2xD III_GC1_01_66506,963.56915:163352 964.57382:73844 965.57849:21920,null,548934,544565,543161,529226,541471.512390625,8525.96069847786
316,14.433,963.83264,no MS2: TG 58:3|TG 8:0_12:0_38:3,[M+Na]+,null,1.00,False,15.255,963.83508,C61H112O6,TG,GPJLDOHEVQBDQL-UHFFFAOYSA-N,O=C(OCC(OC(=O)CCCCCCCCCCC)COC(=O)CCCCCCCCCCCCCCCCCCCCCCC=CCC=CCC=CCCCCCCC)CCCCCCC,530,False,True,False,Normalized unit: Intensity; Annotation method: Msp20260116160945_NCDK_conventional_converted_dev_1,False,False,316,0,0.00,0.99,null,null,null,-1.00,-1.00,-0.150,715.92,P Carly 25 RT Mix 4p4 2xD III_GC1_01_66506,963.83350:115134 964.83816:80010 965.84283:26980,null,594158,585141,565739,607585,588155.7468125,17560.6477028533
317,15.949,972.81360,no MS2: AHexCer 54:3;O2|AHexCer (O-28:0)12:1;O2/14:2,[M+H-H2O]+,null,1.00,False,13.865,972.82257,C60H111NO9,AHexCer,BBGLWILTMXNCLG-UHFFFAOYSA-N,O=C(OCC1OC(OCC(NC(=O)CCC=CCCCC=CCCCC)C(O)C=CCCCCCCC)C(O)C(O)C1O)CCCCCCCCCCCCCCCCCCCCCCCCCCC,530,False,True,False,Normalized unit: Intensity; Annotation method: Msp20260116160945_NCDK_conventional_converted_dev_1,False,False,317,0,0.00,0.88,null,null,null,-1.00,-1.00,-0.202,672.26,P Carly 25 RT Mix 4p4 2xD III_GC1_01_66506,972.81769:109250 973.82236:80280 974.82702:27714,null,730028,744151,740063,781863,749026.1260625,22680.904664627
318,17.473,973.90344,Unknown,[M+H]+,null,1.00,False,null,null,null,null,null,null,999,False,False,False,Normalized unit: Intensity,False,False,318,0,0.00,null,null,null,null,null,null,null,420.43,P Carly 25 RT Mix 4p4 2xD I_GC1_01_66504,973.90454:93014 974.90921:64362 975.91388:24150,null,664950,653947,646728,680632,661564.347171875,14755.3192172415
319,14.438,977.84790,no MS2: TG 59:3|TG 8:0_13:0_38:3,[M+Na]+,null,1.00,False,15.270,977.85083,C62H114O6,TG,QJTWANKZAXBWSH-UHFFFAOYSA-N,O=C(OCC(OC(=O)CCCCCCCCCCCC)COC(=O)CCCCCCCCCCCCCCCCCCCCCCC=CCC=CCC=CCCCCCCC)CCCCCCC,530,False,True,False,Normalized unit: Intensity; Annotation method: Msp20260116160945_NCDK_conventional_converted_dev_1,False,False,319,0,0.00,0.98,null,null,null,-1.00,-1.00,-0.152,871.74,P Carly 25 RT Mix 4p4 2xD III_GC1_01_66506,977.84900:216834 978.85367:136130 979.85833:45232,null,1120714,1119965,1096379,1163933,1125247.66904688,28156.8105305269
320,2.262,1019.63177,Unknown,[2M+H]+,null,1.00,False,null,null,null,null,null,null,999,False,False,False,Normalized unit: Intensity,False,False,320,0,0.00,null,null,null,null,null,null,null,763.10,P Carly 25 RT Mix 4p4 2xD IV_GC1_01_66507,1019.63177:157932 1020.63644:83356 1021.64111:23904,null,484668,472205,434099,515165,476534.2800625,33555.9409679144
321,15.745,1019.95135,Unknown,[M+H]+,null,1.00,False,null,null,null,null,null,null,999,False,False,False,Normalized unit: Intensity,False,False,321,0,0.00,null,null,null,null,null,null,null,622.95,P Carly 25 RT Mix 4p4 2xD IV_GC1_01_66507,1019.95135:88160 1020.95602:70128 1021.96069:25510,null,438691,483316,554351,613800,522539.43428125,77264.6593114868
322,3.027,1075.69531,Unknown,[2M+H]+,null,0.75,False,null,null,null,null,null,null,999,False,False,False,Normalized unit: Intensity,False,False,322,0,0.00,null,null,null,null,null,null,null,477.03,P Carly 25 RT Mix 4p4 2xD II_GC1_01_66505,1075.69531:106572 1076.69998:62592 1077.70465:20358,null,265997,273453,247088,270205,264185.628859375,11800.3990025477
323,15.499,1089.93066,no MS2: SM 61:5;O3|SM 33:4;O2(FA 28:0),[M+H]+,null,1.00,False,13.986,1089.92969,C66H125N2O7P,ASM,XFCOZBNVRGMEKK-UHFFFAOYSA-N,O=C(OC(C=CCCCCCCC)C(NC(=O)CCCCCCCC=CCC=CCC=CCCCCC)COP(=O)([O-])OCC[N+](C)(C)C)CCCCCCCCCCCCCCCCCCCCCCCCCCC,530,False,True,False,Normalized unit: Intensity; Annotation method: Msp20260116160945_NCDK_conventional_converted_dev_1,False,False,323,0,0.00,1.00,null,null,null,-1.00,-1.00,-0.143,1282.09,P Carly 25 RT Mix 4p4 2xD I_GC1_01_66504,1089.92944:173888 1090.93411:139796 1091.93878:50642,null,1121923,1122165,1153330,1165988,1140851.32945313,22323.4094635809
324,16.620,1092.93213,no MS2: DMPE 59:3|DMPE 15:0_44:3,[M+H]+,null,1.00,False,13.394,1092.92944,C66H126NO8P,DMPE,SAFQSECDKOFXTH-UHFFFAOYSA-N,O=C(OCC(OC(=O)CCCCCCCCCCCCCCCCCCCCCCCCCCCCC=CCC=CCC=CCCCCCCC)COP(=O)(O)OCCN(C)C)CCCCCCCCCCCCCC,530,False,True,False,Normalized unit: Intensity; Annotation method: Msp20260116160945_NCDK_conventional_converted_dev_1,False,False,324,0,0.00,1.00,null,null,null,-1.00,-1.00,-0.143,972.69,P Carly 25 RT Mix 4p4 2xD I_GC1_01_66504,1092.92969:124000 1093.93436:102058 1094.93902:38110,null,867389,870694,867532,870595,869052.362453122,1839.69209834001
325,16.607,1108.92297,no MS2: TG 70:12|TG 8:0_24:2_38:10,[M+NH4]+,null,1.00,False,15.143,1108.92676,C73H118O6,TG,DUPTWZLCELWTHG-UHFFFAOYSA-N,O=C(OCC(OC(=O)CCCCCCCCCCCC=CCC=CCCCCCCC)COC(=O)CCCCCCC)CCCCCCC=CCC=CCC=CCC=CCC=CCC=CCC=CCC=CCC=CCC=CCC,530,False,True,False,Normalized unit: Intensity; Annotation method: Msp20260116160945_NCDK_conventional_converted_dev_1,False,False,325,0,0.00,1.00,null,null,null,-1.00,-1.00,-0.143,504.95,P Carly 25 RT Mix 4p4 2xD III_GC1_01_66506,1108.92725:59104 1109.93191:48076 1110.93658:17754,null,674018,658962,661950,669141,666017.634062499,6833.37085996498
326,4.236,1187.82104,Unknown,[M+H]+,null,1.00,False,null,null,null,null,null,null,999,False,False,False,Normalized unit: Intensity,False,False,326,0,0.00,null,null,null,null,null,null,null,700.02,P Carly 25 RT Mix 4p4 2xD II_GC1_01_66505,1187.82104:179982 1188.82571:119068 1189.83038:42342,null,461630,470739,419039,442143,448388.046375,22914.9126042862
327,13.420,1211.10889,no MS2: RIKEN P-VS1 ID-18979 from Mouse_Macrophage_WT_N_F1AA,[M+H]+,null,1.00,False,12.900,1211.11206,null,Unknown,null,null,530,False,True,False,Normalized unit: Intensity; Annotation method: Msp20260116160945_NCDK_conventional_converted_dev_1,False,False,327,0,0.00,1.00,null,null,null,-1.00,-1.00,-0.130,52937.10,P Carly 25 RT Mix 4p4 2xD IV_GC1_01_66507,1211.11108:6398112 1212.11575:5179890 1213.12042:2143658,null,26247035,24850197,23994817,24595631,24921920.0491718,953424.911521664
328,13.420,1211.29797,Unknown,[M+H]+,null,1.00,False,null,null,null,null,null,null,999,False,False,False,Normalized unit: Intensity,False,False,328,0,0.00,null,null,null,null,null,null,null,1143.98,P Carly 25 RT Mix 4p4 2xD I_GC1_01_66504,1211.29797:164150 1212.30264:130954 1213.30731:35580,null,605149,557654,536311,558362,564368.914093749,29048.5042875899
329,13.420,1211.44775,Unknown,[M+2H]2+,null,1.00,False,null,null,null,null,null,null,999,False,False,False,Normalized unit: Intensity,False,False,329,0,0.00,null,null,null,null,null,null,null,1180.28,P Carly 25 RT Mix 4p4 2xD I_GC1_01_66504,1211.44775:157728 1212.45242:133144 1213.45709:0,null,604496,559772,535783,537470,559380.145093749,32002.4866100166
330,13.420,1216.06580,no MS2: RIKEN P-VS1 ID-19012 from Mouse_Macrophage_WT_N_F1AA,[M+H]+,null,1.00,False,12.890,1216.06641,null,Unknown,null,null,530,False,True,False,Normalized unit: Intensity; Annotation method: Msp20260116160945_NCDK_conventional_converted_dev_1,False,False,330,0,0.00,1.00,null,null,null,-1.00,-1.00,-0.129,7646.08,P Carly 25 RT Mix 4p4 2xD IV_GC1_01_66507,1216.06580:1169800 1217.07046:928704 1218.07513:384286,null,6651309,6406899,6424112,6594247,6519141.97443749,122117.66707466
331,4.870,1243.87939,Unknown,[M+H]+,null,1.00,False,null,null,null,null,null,null,999,False,False,False,Normalized unit: Intensity,False,False,331,0,0.00,null,null,null,null,null,null,null,1124.59,P Carly 25 RT Mix 4p4 2xD I_GC1_01_66504,1243.87939:169382 1244.88406:117640 1245.88873:45798,null,484759,455405,415380,433494,447259.406484375,29879.7027364954
332,13.810,1267.17212,no MS2: Cer 85:10;O4|Cer 19:3;O2/66:7;O2,[M+H]+,null,1.00,False,16.452,1267.16650,C85H151NO5,Cer_EOS,WYIBOKAUWGAEDN-UHFFFAOYSA-N,O=C(OCCC=CCC=CCC=CCC=CCC=CCC=CCCCCCCCCCCCCCCCCCCC(=O)NC(CO)C(O)C=CCCC=CCCC=CCCCCCC)CCCCCCCCCCCCCCCCCCCCCCCCCCC,530,False,True,False,Normalized unit: Intensity; Annotation method: Msp20260116160945_NCDK_conventional_converted_dev_1,False,False,332,0,0.00,0.91,null,null,null,-1.00,-1.00,-0.188,41609.57,P Carly 25 RT Mix 4p4 2xD II_GC1_01_66505,1267.17200:7977852 1268.17666:6532714 1269.18133:2885880,null,32135904,30505178,29930600,30500080,30767940.3802656,951009.518519639
333,13.814,1267.36450,Unknown,[M+H]+,null,1.00,False,null,null,null,null,null,null,999,False,False,False,Normalized unit: Intensity,False,False,333,0,0.00,null,null,null,null,null,null,null,1580.67,P Carly 25 RT Mix 4p4 2xD I_GC1_01_66504,1267.36450:196830 1268.36917:140100 1269.37384:50138,null,768574,717898,684238,718049,722189.679578125,34772.43186891
334,13.806,1267.52002,Unknown,[M+2H]2+,null,1.00,False,null,null,null,null,null,null,999,False,False,False,Normalized unit: Intensity,False,False,334,0,0.00,null,null,null,null,null,null,null,1594.75,P Carly 25 RT Mix 4p4 2xD I_GC1_01_66504,1267.52002:186260 1268.52469:170474 1269.52936:82024,null,672912,673953,619154,611888,644476.9123125,33569.0983161096
335,13.806,1272.12598,no MS2: SM 74:5;O3|SM 46:4;O2(FA 28:0),[M+H]+,null,1.00,False,15.301,1272.13318,C79H151N2O7P,ASM,SOFNHZHFBRUQAX-UHFFFAOYSA-N,O=C(OC(C=CCCCCCCC)C(NC(=O)CCCCCCCCCCCCCCCCCCC=CCC=CCC=CCCCCCCC)COP(=O)([O-])OCC[N+](C)(C)C)CCCCCCCCCCCCCCCCCCCCCCCCCCC,530,False,True,False,Normalized unit: Intensity; Annotation method: Msp20260116160945_NCDK_conventional_converted_dev_1,False,False,335,0,0.00,0.91,null,null,null,-1.00,-1.00,-0.185,6239.42,P Carly 25 RT Mix 4p4 2xD III_GC1_01_66506,1272.12781:993410 1273.13248:885648 1274.13714:392724,null,5170558,5086185,5033857,5115541,5101535.13417188,57085.7518601857
336,13.420,1277.01672,no MS2: TG 83:19|TG 9:0_36:9_38:10,[M+NH4]+,null,1.00,False,15.187,1277.02063,C86H130O6,TG,CJJRYTDTFXPZHT-UHFFFAOYSA-N,O=C(OCC(OC(=O)CCCCCCCC=CCC=CCC=CCC=CCC=CCC=CCC=CCC=CCC=CCC)COC(=O)CCCCCCCC)CCCCCCC=CCC=CCC=CCC=CCC=CCC=CCC=CCC=CCC=CCC=CCC,530,False,True,False,Normalized unit: Intensity; Annotation method: Msp20260116160945_NCDK_conventional_converted_dev_1,False,False,336,0,0.00,0.99,null,null,null,-1.00,-1.00,-0.146,465.74,P Carly 25 RT Mix 4p4 2xD IV_GC1_01_66507,1277.01929:72790 1278.02395:63748 1279.02862:27692,null,437064,407004,387913,395421,406850.564828125,21618.9380341731
337,14.330,1278.35095,Unknown,[M+H]+,null,1.00,False,null,null,null,null,null,null,999,False,False,False,Normalized unit: Intensity,False,False,337,0,0.00,null,null,null,null,null,null,null,561.98,P Carly 25 RT Mix 4p4 2xD I_GC1_01_66504,1278.35095:78398 1279.35562:57840 1280.36029:0,null,340106,329159,325719,336409,332848.367375,6577.49535218443
338,13.438,1293.12842,no MS2: AHexCer 76:5;O3|AHexCer (O-28:0)12:1;O2/36:4;O,[M+H-H2O]+,null,1.00,False,15.151,1293.13049,C82H151NO10,AHexCer,WBUHJFAQSXGRCJ-UHFFFAOYSA-N,O=C(OCC1OC(OCC(NC(=O)C(O)CCCCCCCCCCCCCCCCCCCCCC=CCC=CCC=CCC=CCC)C(O)C=CCCCCCCC)C(O)C(O)C1O)CCCCCCCCCCCCCCCCCCCCCCCCCCC,530,False,True,False,Normalized unit: Intensity; Annotation method: Msp20260116160945_NCDK_conventional_converted_dev_1,False,False,338,0,0.00,1.00,null,null,null,-1.00,-1.00,-0.143,4071.83,P Carly 25 RT Mix 4p4 2xD IV_GC1_01_66507,1293.13049:609178 1294.13516:558596 1295.13983:325050,null,3331275,3083527,2866063,2928752,3052404.04804687,207163.712559916
339,15.750,1293.21716,no MS2: Cer 88:9;O4|Cer 22:2;O2/66:7;O2,[M+H-H2O]+,null,1.00,False,16.498,1293.21851,C88H159NO5,Cer_EOS,LKZDSMPBAUYSDE-UHFFFAOYSA-N,O=C(OCCC=CCC=CCC=CCC=CCC=CCC=CCCCCCCCCCCCCCCCCCCC(=O)NC(CO)C(O)C=CCCC=CCCCCCCCCCCCCC)CCCCCCCCCCCCCCCCCCCCCCCCCCC,530,False,True,False,Normalized unit: Intensity; Annotation method: Msp20260116160945_NCDK_conventional_converted_dev_1,False,False,339,0,0.00,1.00,null,null,null,-1.00,-1.00,-0.145,1242.06,P Carly 25 RT Mix 4p4 2xD II_GC1_01_66505,1293.21960:114422 1294.22427:106080 1295.22894:47392,null,778775,750823,747323,771893,762203.491296875,15486.1172092948
340,13.810,1294.18079,Unknown,[M+H]+,null,1.00,False,null,null,null,null,null,null,999,False,False,False,Normalized unit: Intensity,False,False,340,0,0.00,null,null,null,null,null,null,null,942.08,P Carly 25 RT Mix 4p4 2xD I_GC1_01_66504,1294.18079:115000 1295.18545:100782 1296.19012:41764,null,536992,495951,481305,467713,495490.371671875,29974.2143728766
341,13.472,1298.08472,Unknown,[M+H]+,null,1.00,False,null,null,null,null,null,null,999,False,False,False,Normalized unit: Intensity,False,False,341,0,0.00,null,null,null,null,null,null,null,838.92,P Carly 25 RT Mix 4p4 2xD I_GC1_01_66504,1298.08472:165786 1299.08938:149012 1300.09405:185668,null,841695,786789,769552,783018,795263.5338125,31826.1209824379
342,15.420,1298.17725,Unknown,[M+H]+,null,0.50,False,null,null,null,null,null,null,999,False,False,False,Normalized unit: Intensity,False,False,342,0,0.00,null,null,null,null,null,null,null,564.02,P Carly 25 RT Mix 4p4 2xD IV_GC1_01_66507,1298.17725:69246 1299.18191:66524 1300.18658:31848,null,317290,328737,341993,353010,335257.3225,15554.8858375848
343,15.750,1302.20667,Unknown,[M+H]+,null,1.00,False,null,null,null,null,null,null,999,False,False,False,Normalized unit: Intensity,False,False,343,0,0.00,null,null,null,null,null,null,null,4044.07,P Carly 25 RT Mix 4p4 2xD IV_GC1_01_66507,1302.20667:390346 1303.21133:382472 1304.21600:188800,null,2338401,2406103,2487014,2628853,2465092.69453125,124938.316180879
344,13.806,1305.04736,no MS2: TG 85:19|TG 9:0_38:9_38:10,[M+NH4]+,null,1.00,False,15.163,1305.05188,C88H134O6,TG,KQKAWOBRWIPGOM-UHFFFAOYSA-N,O=C(OCC(OC(=O)CCCCCCCCCC=CCC=CCC=CCC=CCC=CCC=CCC=CCC=CCC=CCC)COC(=O)CCCCCCCC)CCCCCCC=CCC=CCC=CCC=CCC=CCC=CCC=CCC=CCC=CCC=CCC,530,False,True,False,Normalized unit: Intensity; Annotation method: Msp20260116160945_NCDK_conventional_converted_dev_1,False,False,344,0,0.00,0.98,null,null,null,-1.00,-1.00,-0.152,430.38,P Carly 25 RT Mix 4p4 2xD III_GC1_01_66506,1305.04944:78476 1306.05411:69156 1307.05877:29352,null,415074,387246,375579,375755,388413.606359375,18592.9229710899
345,13.425,1311.13916,no MS2: RIKEN P-VS1 ID-19429 from Mouse_AdrenalGlands_WT_N_Ctr,[M+H]+,null,1.00,False,12.290,1311.14270,null,Unknown,null,null,530,False,True,False,Normalized unit: Intensity; Annotation method: Msp20260116160945_NCDK_conventional_converted_dev_1,False,False,345,0,0.00,1.00,null,null,null,-1.00,-1.00,-0.131,3757.79,P Carly 25 RT Mix 4p4 2xD III_GC1_01_66506,1311.14148:567056 1312.14615:525760 1313.15081:241640,null,3066235,2788894,2613882,2770151,2809790.45735937,188106.463739524
346,15.412,1315.20288,no MS2: RIKEN P-VS1 ID-19445 from Mouse_AdrenalGlands_fads2KO_N_Ctr,[M+H]+,null,1.00,False,14.420,1315.20972,null,Unknown,null,null,530,False,True,False,Normalized unit: Intensity; Annotation method: Msp20260116160945_NCDK_conventional_converted_dev_1,False,False,346,0,0.00,0.92,null,null,null,-1.00,-1.00,-0.166,84391.63,P Carly 25 RT Mix 4p4 2xD III_GC1_01_66506,1315.20422:8719794 1316.20889:8676608 1317.21356:4068810,null,46281152,47053772,44749414,47594257,46419648.8275781,1237023.54896448
347,15.412,1315.40088,Unknown,[M+H]+,null,1.00,False,null,null,null,null,null,null,999,False,False,False,Normalized unit: Intensity,False,False,347,0,0.00,null,null,null,null,null,null,null,2118.59,P Carly 25 RT Mix 4p4 2xD III_GC1_01_66506,1315.40088:194326 1316.40555:157794 1317.41021:62276,null,962157,923865,964271,973003,955823.987390624,21817.2133742161
348,15.412,1315.55554,Unknown,[M+2H]2+,null,1.00,False,null,null,null,null,null,null,999,False,False,False,Normalized unit: Intensity,False,False,348,0,0.00,null,null,null,null,null,null,null,2152.12,P Carly 25 RT Mix 4p4 2xD I_GC1_01_66504,1315.55554:184828 1316.56021:177678 1317.56488:102106,null,937230,935310,901867,888253,915664.929718749,24445.7360503093
349,13.442,1316.09424,no MS2: RIKEN P-VS1 ID-19448 from Mouse_AdrenalGlands_WT_N_Ctr,[M+H]+,null,1.00,False,12.320,1316.08862,null,Unknown,null,null,530,False,True,False,Normalized unit: Intensity; Annotation method: Msp20260116160945_NCDK_conventional_converted_dev_1,False,False,349,0,0.00,0.91,null,null,null,-1.00,-1.00,-0.168,1647.66,P Carly 25 RT Mix 4p4 2xD I_GC1_01_66504,1316.09424:175436 1317.09891:155238 1318.10357:70306,null,1166869,1097812,1051998,1093046,1102431.27289062,47627.4334050759
350,15.750,1319.23267,no MS2: RIKEN P-VS1 ID-19454 from Mouse_AdrenalGlands_fads2KO_N_Ctr,[M+H]+,null,1.00,False,14.750,1319.23706,null,Unknown,null,null,530,False,True,False,Normalized unit: Intensity; Annotation method: Msp20260116160945_NCDK_conventional_converted_dev_1,False,False,350,0,0.00,1.00,null,null,null,-1.00,-1.00,-0.129,141331.60,P Carly 25 RT Mix 4p4 2xD III_GC1_01_66506,1319.23706:13081926 1320.24173:13022730 1321.24640:6241746,null,93705921,91633644,90446059,93175364,92240246.9121251,1484331.78967887
351,15.745,1319.42737,Unknown,[M+H]+,null,1.00,False,null,null,null,null,null,null,999,False,False,False,Normalized unit: Intensity,False,False,351,0,0.00,null,null,null,null,null,null,null,2426.38,P Carly 25 RT Mix 4p4 2xD IV_GC1_01_66507,1319.42737:240948 1320.43204:205412 1321.43670:90086,null,1562113,1618874,1612798,1681054,1618709.53064062,48734.0455751195
352,15.745,1319.59155,Unknown,[M+2H]2+,null,1.00,False,null,null,null,null,null,null,999,False,False,False,Normalized unit: Intensity,False,False,352,0,0.00,null,null,null,null,null,null,null,2989.89,P Carly 25 RT Mix 4p4 2xD II_GC1_01_66505,1319.59155:239516 1320.59622:218166 1321.60089:129040,null,1741640,1716031,1698687,1686840,1710799.74882813,23799.9115106011
353,15.745,1320.23608,Unknown,[M+2H]2+,null,1.00,False,null,null,null,null,null,null,999,False,False,False,Normalized unit: Intensity,False,False,353,0,0.00,null,null,null,null,null,null,null,111331.70,P Carly 25 RT Mix 4p4 2xD III_GC1_01_66506,1320.24048:13022730 1321.24515:6241746 1322.24981:1907892,null,94041359,91304897,89305416,93901965,92138409.3863906,2269503.56762093
354,15.750,1321.23889,Unknown,[M+H]+,null,1.00,False,null,null,null,null,null,null,999,False,False,False,Normalized unit: Intensity,False,False,354,0,0.00,null,null,null,null,null,null,null,53100.79,P Carly 25 RT Mix 4p4 2xD IV_GC1_01_66507,1321.23889:6721928 1322.24356:2110130 1323.24823:489122,null,42915222,42945356,42953375,45182490,43499110.7002813,1122372.77272403
355,13.862,1323.17505,no MS2: AHexCer 78:4;O3|AHexCer (O-28:0)12:1;O2/38:3;O,[M+H-H2O]+,null,1.00,False,15.221,1323.17749,C84H157NO10,AHexCer,PXPNJFZOGXMHKY-UHFFFAOYSA-N,O=C(OCC1OC(OCC(NC(=O)C(O)CCCCCCCCCCCCCCCCCCCCCC=CCC=CCC=CCCCCCCC)C(O)C=CCCCCCCC)C(O)C(O)C1O)CCCCCCCCCCCCCCCCCCCCCCCCCCC,530,False,True,False,Normalized unit: Intensity; Annotation method: Msp20260116160945_NCDK_conventional_converted_dev_1,False,False,355,0,0.00,1.00,null,null,null,-1.00,-1.00,-0.143,10096.13,P Carly 25 RT Mix 4p4 2xD III_GC1_01_66506,1323.17773:1510764 1324.18240:1421076 1325.18707:675488,null,5394795,5026498,4551493,4726171,4924739.45539062,369706.717952069
356,13.862,1328.13013,no MS2: RIKEN P-VS1 ID-19489 from Mouse_Brain_fads2KO_N_Ctr,[M+H]+,null,1.00,False,10.540,1328.14001,null,Unknown,null,null,530,False,True,False,Normalized unit: Intensity; Annotation method: Msp20260116160945_NCDK_conventional_converted_dev_1,False,False,356,0,0.00,0.87,null,null,null,-1.00,-1.00,-0.186,1889.88,P Carly 25 RT Mix 4p4 2xD III_GC1_01_66506,1328.13306:353476 1329.13772:326012 1330.14239:153484,null,1022176,996018,956795,946379,980342.100156248,35136.6977977704
357,15.429,1342.20959,no MS2: SM 79:5;O3|SM 51:4;O2(FA 28:0),[M+H]+,null,1.00,False,15.078,1342.21143,C84H161N2O7P,ASM,UPKUNKQPMFRKKU-UHFFFAOYSA-N,O=C(OC(C=CCCCCCCCC)C(NC(=O)CCCCCCCCCCCCCCCCCCCCCCC=CCC=CCC=CCCCCCCC)COP(=O)([O-])OCC[N+](C)(C)C)CCCCCCCCCCCCCCCCCCCCCCCCCCC,530,False,True,False,Normalized unit: Intensity; Annotation method: Msp20260116160945_NCDK_conventional_converted_dev_1,False,False,357,0,0.00,1.00,null,null,null,-1.00,-1.00,-0.143,4937.03,P Carly 25 RT Mix 4p4 2xD IV_GC1_01_66507,1342.21094:425544 1343.21561:426698 1344.22027:213094,null,3485879,3261877,3111621,3105455,3241207.63432812,178431.123982441
358,14.026,1343.15894,no MS2: TG 87:14|TG 11:0_38:4_38:10,[M+NH4]+,null,1.00,False,16.512,1343.16138,C90H148O6,TG,COAQZOPVCDDPOU-UHFFFAOYSA-N,O=C(OCC(OC(=O)CCCCCCCCCCCCCCCCCCCCCCCCC=CCC=CCC=CCC=CCC)COC(=O)CCCCCCCCCC)CCCCCCC=CCC=CCC=CCC=CCC=CCC=CCC=CCC=CCC=CCC=CCC,530,False,True,False,Normalized unit: Intensity; Annotation method: Msp20260116160945_NCDK_conventional_converted_dev_1,False,False,358,0,0.00,1.00,null,null,null,-1.00,-1.00,-0.144,2482.01,P Carly 25 RT Mix 4p4 2xD II_GC1_01_66505,1343.16052:540302 1344.16519:551336 1345.16986:279244,null,2075932,1964550,1787624,1890161,1929566.50517188,121582.950856215
359,15.793,1346.24036,no MS2: SM 79:3;O3|SM 51:2;O2(FA 28:0),[M+H]+,null,1.00,False,15.253,1346.24268,C84H165N2O7P,ASM,XBKXDKSQMPEXLM-UHFFFAOYSA-N,O=C(OC(C=CCCCCCCCC)C(NC(=O)CCCCCCCCCCCCCCCCCCCCCCCCCC=CCCCCCCCCCC)COP(=O)([O-])OCC[N+](C)(C)C)CCCCCCCCCCCCCCCCCCCCCCCCCCC,530,False,True,False,Normalized unit: Intensity; Annotation method: Msp20260116160945_NCDK_conventional_converted_dev_1,False,False,359,0,0.00,1.00,null,null,null,-1.00,-1.00,-0.143,4803.37,P Carly 25 RT Mix 4p4 2xD II_GC1_01_66505,1346.24316:498682 1347.24783:516716 1348.25250:254624,null,5068625,4833425,4731654,4740448,4843537.83567187,156962.72420378
360,14.026,1348.11584,no MS2: TG 87:14|TG 11:0_38:4_38:10,[M+Na]+,null,1.00,False,16.512,1348.11682,C90H148O6,TG,COAQZOPVCDDPOU-UHFFFAOYSA-N,O=C(OCC(OC(=O)CCCCCCCCCCCCCCCCCCCCCCCCC=CCC=CCC=CCC=CCC)COC(=O)CCCCCCCCCC)CCCCCCC=CCC=CCC=CCC=CCC=CCC=CCC=CCC=CCC=CCC=CCC,530,False,True,False,Normalized unit: Intensity; Annotation method: Msp20260116160945_NCDK_conventional_converted_dev_1,False,False,360,0,0.00,1.00,null,null,null,-1.00,-1.00,-0.144,1970.44,P Carly 25 RT Mix 4p4 2xD II_GC1_01_66505,1348.11584:324278 1349.12051:315916 1350.12518:161738,null,1177120,1170300,1073520,1066258,1121799.578,60078.9768859372
361,13.863,1350.18628,no MS2: SM 80:8;O3|SM 52:7;O2(FA 28:0),[M+H]+,null,0.50,False,15.038,1350.18005,C85H157N2O7P,ASM,KWWUYFXXZBRHGV-UHFFFAOYSA-N,O=C(OC(C=CCCCCCCCCC)C(NC(=O)CCCCCCCCCCCCCCCCCCC=CCC=CCC=CCC=CCC=CCC=CCC)COP(=O)([O-])OCC[N+](C)(C)C)CCCCCCCCCCCCCCCCCCCCCCCCCCC,530,False,True,False,Normalized unit: Intensity; Annotation method: Msp20260116160945_NCDK_conventional_converted_dev_1,False,False,361,0,0.00,0.90,null,null,null,-1.00,-1.00,-0.193,649.76,P Carly 25 RT Mix 4p4 2xD I_GC1_01_66504,1350.18628:123664 1351.19095:111570 1352.19561:50476,null,351058,310336,284042,282817,307063.115843749,31958.9648920285
362,14.452,1351.37036,no MS2: RIKEN P-VS1 ID-19579 from Mouse_AdrenalGlands_fads2KO_N_Ctr,[M+H]+,null,0.50,False,13.780,1351.38220,null,Unknown,null,null,530,False,True,False,Normalized unit: Intensity; Annotation method: Msp20260116160945_NCDK_conventional_converted_dev_1,False,False,362,0,0.00,0.78,null,null,null,-1.00,-1.00,-0.227,631.66,P Carly 25 RT Mix 4p4 2xD II_GC1_01_66505,1351.37268:73706 1352.37735:72208 1353.38202:0,null,337684,319414,309852,306307,318314.3111875,14049.4311569096
363,15.425,1356.22546,no MS2: SM 80:5;O3|SM 52:4;O2(FA 28:0),[M+H]+,null,1.00,False,15.089,1356.22705,C85H163N2O7P,ASM,DZZPYNUJSOYVAK-UHFFFAOYSA-N,O=C(OC(C=CCCCCCCCCC)C(NC(=O)CCCCCCCCCCCCCCCCCCCCCCC=CCC=CCC=CCCCCCCC)COP(=O)([O-])OCC[N+](C)(C)C)CCCCCCCCCCCCCCCCCCCCCCCCCCC,530,False,True,False,Normalized unit: Intensity; Annotation method: Msp20260116160945_NCDK_conventional_converted_dev_1,False,False,363,0,0.00,1.00,null,null,null,-1.00,-1.00,-0.144,1818.63,P Carly 25 RT Mix 4p4 2xD IV_GC1_01_66507,1356.22791:168814 1357.23257:172204 1358.23724:83364,null,1339186,1212084,1133045,1100234,1196137.24101562,106294.182630068
364,14.988,1359.17041,no MS2: RIKEN P-VS1 ID-19602 from Mouse_AdrenalGlands_WT_N_Ctr,[M+H]+,null,1.00,False,14.050,1359.17676,null,Unknown,null,null,530,False,True,False,Normalized unit: Intensity; Annotation method: Msp20260116160945_NCDK_conventional_converted_dev_1,False,False,364,0,0.00,0.96,null,null,null,-1.00,-1.00,-0.148,60041.49,P Carly 25 RT Mix 4p4 2xD III_GC1_01_66506,1359.17273:6881266 1360.17740:7288830 1361.18206:3570890,null,34455259,33031113,31415073,32636473,32884479.6544219,1252931.55093073
365,14.983,1359.37085,Unknown,[M+H]+,null,1.00,False,null,null,null,null,null,null,999,False,False,False,Normalized unit: Intensity,False,False,365,0,0.00,null,null,null,null,null,null,null,1297.89,P Carly 25 RT Mix 4p4 2xD I_GC1_01_66504,1359.37085:149820 1360.37552:145010 1361.38019:57012,null,667178,642506,621452,621610,638186.5275,21710.0083656186
366,14.988,1359.52954,Unknown,[M+2H]2+,null,1.00,False,null,null,null,null,null,null,999,False,False,False,Normalized unit: Intensity,False,False,366,0,0.00,null,null,null,null,null,null,null,1377.19,P Carly 25 RT Mix 4p4 2xD I_GC1_01_66504,1359.52954:154522 1360.53421:148946 1361.53888:77990,null,708665,642955,609556,606071,641811.92521875,47569.4229176527
367,15.757,1360.25903,no MS2: SM 80:3;O3|SM 52:2;O2(FA 28:0),[M+H]+,null,0.50,False,15.322,1360.25842,C85H167N2O7P,ASM,RGJPYGYAOUVFJX-UHFFFAOYSA-N,O=C(OC(C=CCCCCCCCCC)C(NC(=O)CCCCCCCCCCCCCCCCCCCCCCCCCC=CCCCCCCCCCC)COP(=O)([O-])OCC[N+](C)(C)C)CCCCCCCCCCCCCCCCCCCCCCCCCCC,530,False,True,False,Normalized unit: Intensity; Annotation method: Msp20260116160945_NCDK_conventional_converted_dev_1,False,False,367,0,0.00,1.00,null,null,null,-1.00,-1.00,-0.143,3125.56,P Carly 25 RT Mix 4p4 2xD II_GC1_01_66505,1360.25903:290056 1361.26370:304398 1362.26837:150084,null,3155537,3033849,2873563,2796451,2964850.11098437,161052.385671707
368,13.923,1363.18591,Unknown,[M+H]+,null,1.00,False,null,null,null,null,null,null,999,False,False,False,Normalized unit: Intensity,False,False,368,0,0.00,null,null,null,null,null,null,null,2348.01,P Carly 25 RT Mix 4p4 2xD IV_GC1_01_66507,1363.18652:314250 1364.19119:316434 1365.19586:156978,null,1314607,1203544,1156354,1198891,1218349.18429688,67593.6936844992
369,13.949,1368.13989,no MS2: SM 82:13;O3|SM 60:6;O2(FA 22:6),[M+H]+,null,1.00,False,14.696,1368.13318,C87H151N2O7P,ASM,YDCZZXGXCVLSFX-UHFFFAOYSA-N,O=C(OC(C=CCCCCCCCCCCCCCCCCC)C(NC(=O)CCCCCCCCCCCCCCCCCCCCCC=CCC=CCC=CCC=CCC=CCC)COP(=O)([O-])OCC[N+](C)(C)C)CCC=CCC=CCC=CCC=CCC=CCC=CCC,530,False,True,False,Normalized unit: Intensity; Annotation method: Msp20260116160945_NCDK_conventional_converted_dev_1,False,False,369,0,0.00,0.89,null,null,null,-1.00,-1.00,-0.200,634.80,P Carly 25 RT Mix 4p4 2xD I_GC1_01_66504,1368.13989:109816 1369.14456:97026 1370.14923:47164,null,547393,489787,435916,432211,476327.033281248,54193.4966794762
370,14.048,1369.14429,no MS2: RIKEN P-VS1 ID-19649 from Mouse_AdrenalGlands_fads2KO_N_Ctr,[M+H]+,null,0.25,False,12.920,1369.14282,null,Unknown,null,null,530,False,True,False,Normalized unit: Intensity; Annotation method: Msp20260116160945_NCDK_conventional_converted_dev_1,False,False,370,0,0.00,0.99,null,null,null,-1.00,-1.00,-0.131,1119.92,P Carly 25 RT Mix 4p4 2xD I_GC1_01_66504,1369.14429:112592 1370.14895:0 1371.15362:0,null,484563,407884,405853,425466,430941.705546876,36816.3116772724
371,17.529,1377.16516,no MS2: TG 87:13;O2|TG 15:0_22:6_22:6;O(FA 28:0),[M+NH4]+,null,0.25,False,16.475,1377.16687,C90H150O8,TG_EST,FPMBSYOLAABYCR-UHFFFAOYSA-N,O=C(OCC(OC(=O)CCC=CCC=CCC=CCC=CCC=CCC=CCC)COC(=O)CC(OC(=O)CCCCCCCCCCCCCCCCCCCCCCCCCCC)C=CCC=CCC=CCC=CCC=CCC=CCC)CCCCCCCCCCCCCC,530,False,True,False,Normalized unit: Intensity; Annotation method: Msp20260116160945_NCDK_conventional_converted_dev_1,False,False,371,0,0.00,0.99,null,null,null,-1.00,-1.00,-0.147,743.47,P Carly 25 RT Mix 4p4 2xD I_GC1_01_66504,1377.16516:69122 1378.16983:68126 1379.17450:37482,null,805855,754556,725621,673654,739921.625843749,55248.9376321093
372,13.892,1379.18054,no MS2: TG 87:12;O2|TG 15:0_22:5_22:6;O(FA 28:0),[M+NH4]+,null,1.00,False,16.453,1379.18250,C90H152O8,TG_EST,PSDXNPZRATWHCV-UHFFFAOYSA-N,O=C(OCC(OC(=O)CCCCCC=CCC=CCC=CCC=CCC=CCC)COC(=O)CC(OC(=O)CCCCCCCCCCCCCCCCCCCCCCCCCCC)C=CCC=CCC=CCC=CCC=CCC=CCC)CCCCCCCCCCCCCC,530,False,True,False,Normalized unit: Intensity; Annotation method: Msp20260116160945_NCDK_conventional_converted_dev_1,False,False,372,0,0.00,1.00,null,null,null,-1.00,-1.00,-0.143,15631.57,P Carly 25 RT Mix 4p4 2xD III_GC1_01_66506,1379.18188:2734664 1380.18655:2840858 1381.19122:1328460,null,11965841,11624053,11037924,11403294,11507778.1916875,389453.014385238
373,9.671,1383.95361,Unknown,[M+H]+,null,1.00,False,null,null,null,null,null,null,999,False,False,False,Normalized unit: Intensity,False,False,373,0,0.00,null,null,null,null,null,null,null,1840.20,P Carly 25 RT Mix 4p4 2xD I_GC1_01_66504,1383.95361:308094 1384.95828:287322 1385.96295:135974,null,3271635,3085258,2783032,2465690,2901403.45548437,353427.012534803
374,13.905,1384.13538,Unknown,[M+H]+,null,1.00,False,null,null,null,null,null,null,999,False,False,False,Normalized unit: Intensity,False,False,374,0,0.00,null,null,null,null,null,null,null,2269.66,P Carly 25 RT Mix 4p4 2xD I_GC1_01_66504,1384.13538:567972 1385.14004:569616 1386.14471:286506,null,3094368,3084077,2965296,2913561,3014325.59623437,89124.4083307253
375,13.264,1384.13635,Unknown,[M+H]+,null,1.00,False,null,null,null,null,null,null,999,False,False,False,Normalized unit: Intensity,False,False,375,0,0.00,null,null,null,null,null,null,null,642.05,P Carly 25 RT Mix 4p4 2xD I_GC1_01_66504,1384.13635:181028 1385.14102:165348 1386.14569:78092,null,955103,881980,833984,806015,869270.578890625,65256.2175266712
376,14.026,1384.18494,Unknown,[M+H]+,null,1.00,False,null,null,null,null,null,null,999,False,False,False,Normalized unit: Intensity,False,False,376,0,0.00,null,null,null,null,null,null,null,2353.40,P Carly 25 RT Mix 4p4 2xD I_GC1_01_66504,1384.18494:388430 1385.18960:394102 1386.19427:202746,null,1675503,1566463,1396682,1313863,1488127.63707813,163275.037409307
377,14.992,1386.17957,Unknown,[M+H]+,null,1.00,False,null,null,null,null,null,null,999,False,False,False,Normalized unit: Intensity,False,False,377,0,0.00,null,null,null,null,null,null,null,3054.58,P Carly 25 RT Mix 4p4 2xD I_GC1_01_66504,1386.17957:359158 1387.18423:355896 1388.18890:188992,null,2586622,2430934,2286611,2160209,2366094.13814062,183977.228223759
378,13.944,1390.19629,Unknown,[M+H]+,null,0.25,False,null,null,null,null,null,null,999,False,False,False,Normalized unit: Intensity,False,False,378,0,0.00,null,null,null,null,null,null,null,390.14,P Carly 25 RT Mix 4p4 2xD I_GC1_01_66504,1390.19629:74916 1391.20096:74792 1392.20562:34282,null,339682,300366,307028,299103,311544.647953125,19077.3861809712
379,17.161,1393.15857,Unknown,[M+H]+,null,1.00,False,null,null,null,null,null,null,999,False,False,False,Normalized unit: Intensity,False,False,379,0,0.00,null,null,null,null,null,null,null,1596.14,P Carly 25 RT Mix 4p4 2xD I_GC1_01_66504,1393.15857:199958 1394.16324:204200 1395.16790:123072,null,2048338,1928168,1741849,1636871,1838806.48648438,184452.135203391
380,13.459,1393.16016,Unknown,[M+H]+,null,0.25,False,null,null,null,null,null,null,999,False,False,False,Normalized unit: Intensity,False,False,380,0,0.00,null,null,null,null,null,null,null,648.20,P Carly 25 RT Mix 4p4 2xD I_GC1_01_66504,1393.16016:98948 1394.16482:96594 1395.16949:75104,null,389420,362989,330662,341569,356159.830234375,25922.3918497547
381,13.269,1395.17542,no MS2: RIKEN P-VS1 ID-19743 from Mouse_AdrenalGlands_fads2KO_N_Ctr,[M+H]+,null,0.25,False,12.950,1395.16992,null,Unknown,null,null,530,False,True,False,Normalized unit: Intensity; Annotation method: Msp20260116160945_NCDK_conventional_converted_dev_1,False,False,381,0,0.00,0.93,null,null,null,-1.00,-1.00,-0.162,512.29,P Carly 25 RT Mix 4p4 2xD I_GC1_01_66504,1395.17542:79350 1396.18008:72200 1397.18475:33802,null,484816,439699,390601,396081,427799.19078125,43902.7407900265
382,16.986,1396.17932,Unknown,[M+H]+,null,0.50,False,null,null,null,null,null,null,999,False,False,False,Normalized unit: Intensity,False,False,382,0,0.00,null,null,null,null,null,null,null,793.99,P Carly 25 RT Mix 4p4 2xD II_GC1_01_66505,1396.17932:92494 1397.18399:45884 1398.18866:13840,null,1991900,1944816,1737497,1636914,1827781.71467188,168536.512541624
383,13.251,1400.12988,Unknown,[M+H]+,null,1.00,False,null,null,null,null,null,null,999,False,False,False,Normalized unit: Intensity,False,False,383,0,0.00,null,null,null,null,null,null,null,718.69,P Carly 25 RT Mix 4p4 2xD I_GC1_01_66504,1400.12988:118730 1401.13455:110740 1402.13922:53468,null,972455,882800,842146,804791,875548.2250625,72031.9627913194
384,14.988,1400.19531,Unknown,[M+H]+,null,1.00,False,null,null,null,null,null,null,999,False,False,False,Normalized unit: Intensity,False,False,384,0,0.00,null,null,null,null,null,null,null,568.49,P Carly 25 RT Mix 4p4 2xD I_GC1_01_66504,1400.19531:85046 1401.19998:95358 1402.20465:49152,null,577960,521059,490771,458407,512049.138375,50844.662082924
385,13.936,1404.21082,Unknown,[M+H]+,null,1.00,False,null,null,null,null,null,null,999,False,False,False,Normalized unit: Intensity,False,False,385,0,0.00,null,null,null,null,null,null,null,608.86,P Carly 25 RT Mix 4p4 2xD I_GC1_01_66504,1404.21082:82072 1405.21548:82564 1406.22015:0,null,416522,383126,359578,349432,377164.312890625,29793.3839098499
386,13.905,1406.19080,Unknown,[M+H]+,null,1.00,False,null,null,null,null,null,null,999,False,False,False,Normalized unit: Intensity,False,False,386,0,0.00,null,null,null,null,null,null,null,2814.41,P Carly 25 RT Mix 4p4 2xD I_GC1_01_66504,1406.19080:339126 1407.19546:326178 1408.20013:170442,null,1890702,1827850,1739781,1672780,1782778.07728125,95964.1674376526
387,16.461,1409.15234,no MS2: PI 74:4,[M+NH4]+,null,0.50,False,13.889,1409.15442,C83H155O13P,PI,YPBPDGPSCKKZRA-UHFFFAOYSA-N,O=C(OCC(OC(=O)CCCCCCCCCCCCCCCCCCCCCCCCC=CCC=CCC=CCC=CCC)COP(=O)(O)OC1C(O)C(O)C(O)C(O)C1O)CCCCCCCCCCCCCCCCCCCCCCCCCCCCCCCCCCC,530,False,True,False,Normalized unit: Intensity; Annotation method: Msp20260116160945_NCDK_conventional_converted_dev_1,False,False,387,0,0.00,1.00,null,null,null,-1.00,-1.00,-0.143,698.64,P Carly 25 RT Mix 4p4 2xD II_GC1_01_66505,1409.15491:71348 1410.15957:68688 1411.16424:103604,null,1322889,1211505,1115572,1022795,1168190.38335937,128732.947344506
388,13.196,1411.17041,no MS2: PI 74:3,[M+NH4]+,null,0.50,False,13.873,1411.17004,C83H157O13P,PI,XLIPBZFRWVDBRT-UHFFFAOYSA-N,O=C(OCC(OC(=O)CCCCCCCCCCCCCCCCCCCCCCC=CCC=CCC=CCCCCCCC)COP(=O)(O)OC1C(O)C(O)C(O)C(O)C1O)CCCCCCCCCCCCCCCCCCCCCCCCCCCCCCCCCCC,530,False,True,False,Normalized unit: Intensity; Annotation method: Msp20260116160945_NCDK_conventional_converted_dev_1,False,False,388,0,0.00,1.00,null,null,null,-1.00,-1.00,-0.143,670.83,P Carly 25 RT Mix 4p4 2xD I_GC1_01_66504,1411.17041:88768 1412.17508:85602 1413.17975:44444,null,701652,632927,566438,564122,616284.55909375,65243.4383153246
389,16.468,1411.17053,no MS2: PI 74:3,[M+NH4]+,null,0.25,False,13.873,1411.17004,C83H157O13P,PI,XLIPBZFRWVDBRT-UHFFFAOYSA-N,O=C(OCC(OC(=O)CCCCCCCCCCCCCCCCCCCCCCC=CCC=CCC=CCCCCCCC)COP(=O)(O)OC1C(O)C(O)C(O)C(O)C1O)CCCCCCCCCCCCCCCCCCCCCCCCCCCCCCCCCCC,530,False,True,False,Normalized unit: Intensity; Annotation method: Msp20260116160945_NCDK_conventional_converted_dev_1,False,False,389,0,0.00,1.00,null,null,null,-1.00,-1.00,-0.143,573.52,P Carly 25 RT Mix 4p4 2xD III_GC1_01_66506,1411.17053:102346 1412.17520:75238 1413.17987:37650,null,1847076,1797562,1692321,1440956,1694478.85553125,180915.20588822
390,16.882,1411.17114,no MS2: PI 74:3,[M+NH4]+,null,0.50,False,13.873,1411.17004,C83H157O13P,PI,XLIPBZFRWVDBRT-UHFFFAOYSA-N,O=C(OCC(OC(=O)CCCCCCCCCCCCCCCCCCCCCCC=CCC=CCC=CCCCCCCC)COP(=O)(O)OC1C(O)C(O)C(O)C(O)C1O)CCCCCCCCCCCCCCCCCCCCCCCCCCCCCCCCCCC,530,False,True,False,Normalized unit: Intensity; Annotation method: Msp20260116160945_NCDK_conventional_converted_dev_1,False,False,390,0,0.00,1.00,null,null,null,-1.00,-1.00,-0.144,5733.29,P Carly 25 RT Mix 4p4 2xD II_GC1_01_66505,1411.17114:582900 1412.17581:571762 1413.18048:284372,null,8168751,7771471,6776104,6541955,7314570.05890625,780013.525673795
391,16.868,1416.12427,no MS2: PI 74:3,[M+Na]+,null,0.50,False,13.873,1416.12537,C83H157O13P,PI,XLIPBZFRWVDBRT-UHFFFAOYSA-N,O=C(OCC(OC(=O)CCCCCCCCCCCCCCCCCCCCCCC=CCC=CCC=CCCCCCCC)COP(=O)(O)OC1C(O)C(O)C(O)C(O)C1O)CCCCCCCCCCCCCCCCCCCCCCCCCCCCCCCCCCC,530,False,True,False,Normalized unit: Intensity; Annotation method: Msp20260116160945_NCDK_conventional_converted_dev_1,False,False,391,0,0.00,1.00,null,null,null,-1.00,-1.00,-0.144,194.01,P Carly 25 RT Mix 4p4 2xD I_GC1_01_66504,1416.12427:90776 1417.12894:80240 1418.13360:41268,null,1323221,1240114,1129421,1056449,1187301.24320313,117948.938408312
392,13.182,1416.12561,no MS2: PI 74:3,[M+Na]+,null,1.00,False,13.873,1416.12537,C83H157O13P,PI,XLIPBZFRWVDBRT-UHFFFAOYSA-N,O=C(OCC(OC(=O)CCCCCCCCCCCCCCCCCCCCCCC=CCC=CCC=CCCCCCCC)COP(=O)(O)OC1C(O)C(O)C(O)C(O)C1O)CCCCCCCCCCCCCCCCCCCCCCCCCCCCCCCCCCC,530,False,True,False,Normalized unit: Intensity; Annotation method: Msp20260116160945_NCDK_conventional_converted_dev_1,False,False,392,0,0.00,1.00,null,null,null,-1.00,-1.00,-0.143,387.27,P Carly 25 RT Mix 4p4 2xD I_GC1_01_66504,1416.12561:171302 1417.13028:164580 1418.13495:80930,null,1105659,1033590,949783,914099,1000782.6123125,86004.7539356355
393,13.260,1420.20557,Unknown,[M+H]+,null,1.00,False,null,null,null,null,null,null,999,False,False,False,Normalized unit: Intensity,False,False,393,0,0.00,null,null,null,null,null,null,null,444.15,P Carly 25 RT Mix 4p4 2xD I_GC1_01_66504,1420.20557:94242 1421.21023:92264 1422.21490:0,null,447834,420942,375767,359790,401083.255921875,40521.6119377788
394,13.892,1420.20581,Unknown,[M+H]+,null,1.00,False,null,null,null,null,null,null,999,False,False,False,Normalized unit: Intensity,False,False,394,0,0.00,null,null,null,null,null,null,null,2679.22,P Carly 25 RT Mix 4p4 2xD I_GC1_01_66504,1420.20581:543054 1421.21048:553162 1422.21515:285778,null,2481400,2348924,2211531,2128298,2292538.207625,155333.250152063
395,15.901,1425.14697,Unknown,[M+H]+,null,1.00,False,null,null,null,null,null,null,999,False,False,False,Normalized unit: Intensity,False,False,395,0,0.00,null,null,null,null,null,null,null,894.14,P Carly 25 RT Mix 4p4 2xD I_GC1_01_66504,1425.14697:113486 1426.15164:115418 1427.15631:97958,null,2119569,1981263,1845006,1781846,1931920.78509375,150247.602959723
396,14.568,1426.38635,no MS2: RIKEN P-VS1 ID-19860 from Mouse_Kidney_WT_N_Ctr,[M+H]+,null,0.25,False,13.930,1426.38367,null,Unknown,null,null,530,False,True,False,Normalized unit: Intensity; Annotation method: Msp20260116160945_NCDK_conventional_converted_dev_1,False,False,396,0,0.00,0.98,null,null,null,-1.00,-1.00,-0.136,604.48,P Carly 25 RT Mix 4p4 2xD I_GC1_01_66504,1426.38635:71550 1427.39102:58714 1428.39569:0,null,335555,313406,285966,271330,301564.299328125,28595.0221044857
397,15.837,1427.15881,Unknown,[M+H]+,null,0.50,False,null,null,null,null,null,null,999,False,False,False,Normalized unit: Intensity,False,False,397,0,0.00,null,null,null,null,null,null,null,559.07,P Carly 25 RT Mix 4p4 2xD I_GC1_01_66504,1427.15881:121862 1428.16348:93932 1429.16815:50164,null,1494246,1377961,1278300,1326880,1369346.65732813,92676.6224434157
398,16.222,1427.16333,Unknown,[M+H]+,null,1.00,False,null,null,null,null,null,null,999,False,False,False,Normalized unit: Intensity,False,False,398,0,0.00,null,null,null,null,null,null,null,1603.13,P Carly 25 RT Mix 4p4 2xD I_GC1_01_66504,1427.16333:193554 1428.16800:187134 1429.17267:97028,null,3355973,3114894,2881354,2643519,2998934.84784375,306087.624531536
399,13.257,1436.20032,no MS2: PI 75:0,[M+Na]+,null,0.50,False,14.074,1436.18799,C84H165O13P,PI,AOCXQZQSMZGDLF-UHFFFAOYSA-N,O=C(OCC(OC(=O)CCCCCCCCCCCCCCCCCCCCCCCCCCCCCCCCCCCCC)COP(=O)(O)OC1C(O)C(O)C(O)C(O)C1O)CCCCCCCCCCCCCCCCCCCCCCCCCCCCCCCCCCCC,530,False,True,False,Normalized unit: Intensity; Annotation method: Msp20260116160945_NCDK_conventional_converted_dev_1,False,False,399,0,0.00,0.69,null,null,null,-1.00,-1.00,-0.297,587.08,P Carly 25 RT Mix 4p4 2xD I_GC1_01_66504,1436.20032:64270 1437.20499:64842 1438.20965:30530,null,596174,546283,493295,459477,523807.185921875,60032.1147327364
400,15.659,1443.15662,Unknown,[M+H]+,null,1.00,False,null,null,null,null,null,null,999,False,False,False,Normalized unit: Intensity,False,False,400,0,0.00,null,null,null,null,null,null,null,1564.29,P Carly 25 RT Mix 4p4 2xD I_GC1_01_66504,1443.15662:214434 1444.16128:211128 1445.16595:133972,null,3202340,2980714,2679808,2550711,2853393.38026562,294235.093345618
401,13.182,1452.19592,Unknown,[M+H]+,null,1.00,False,null,null,null,null,null,null,999,False,False,False,Normalized unit: Intensity,False,False,401,0,0.00,null,null,null,null,null,null,null,325.65,P Carly 25 RT Mix 4p4 2xD I_GC1_01_66504,1452.19592:115690 1453.20059:116192 1454.20526:54908,null,700703,622060,568245,524073,603770.389015625,76035.63507082
402,15.525,1459.15112,Unknown,[M+H]+,null,0.50,False,null,null,null,null,null,null,999,False,False,False,Normalized unit: Intensity,False,False,402,0,0.00,null,null,null,null,null,null,null,484.44,P Carly 25 RT Mix 4p4 2xD I_GC1_01_66504,1459.15112:73166 1460.15579:68280 1461.16046:65478,null,1227662,1147486,1038881,993136,1101791.176,105979.759387925
403,15.491,1461.16443,no MS2: PC 84:12,[M+Na]+,null,0.50,False,14.879,1461.17737,C92H160NO8P,PC,VWMOKDPULNRUOV-UHFFFAOYSA-N,O=C(OCC(OC(=O)CCCCCCCCCCCCCCCCCCCCCCCCC=CCC=CCC=CCC=CCC=CCC=CCC)COP(=O)([O-])OCC[N+](C)(C)C)CCCCCCCCCCCCCCCCCCCCC=CCC=CCC=CCC=CCC=CCC=CCC,530,False,True,False,Normalized unit: Intensity; Annotation method: Msp20260116160945_NCDK_conventional_converted_dev_1,False,False,403,0,0.00,0.76,null,null,null,-1.00,-1.00,-0.261,560.78,P Carly 25 RT Mix 4p4 2xD II_GC1_01_66505,1461.16663:63822 1462.17129:44792 1463.17596:21978,null,1009497,914836,857586,810672,898147.648109375,85585.0135970239
404,15.377,1499.36572,no MS2: TG 95:8;O2|TG 17:1_22:6_28:0;O(FA 28:0),[M+NH4]+,null,1.00,False,16.640,1499.37024,C98H176O8,TG_EST,QOZITOIMKDSFNB-UHFFFAOYSA-N,O=C(OCC(OC(=O)CCC=CCC=CCC=CCC=CCC=CCC=CCC)COC(=O)CCCCCCCC(OC(=O)CCCCCCCCCCCCCCCCCCCCCCCCCCC)CCCCCCCCCCCCCCCCCCC)CCCCCCCC=CCCCCCCC,530,False,True,False,Normalized unit: Intensity; Annotation method: Msp20260116160945_NCDK_conventional_converted_dev_1,False,False,404,0,0.00,1.00,null,null,null,-1.00,-1.00,-0.143,12527.06,P Carly 25 RT Mix 4p4 2xD III_GC1_01_66506,1499.36987:1275256 1500.37454:1368506 1501.37921:727606,null,5848094,5646931,5148365,5027980,5417842.69965625,392517.034595438
