,,,,,,,,,,,,,,,,,,,,,,,,,,,,,,,,,,Class,1,1,1,1,NA,NA
,,,,,,,,,,,,,,,,,,,,,,,,,,,,,,,,,,File type,Sample,Sample,Sample,Sample,NA,NA
,,,,,,,,,,,,,,,,,,,,,,,,,,,,,,,,,,Injection order,1,2,3,4,NA,NA
,,,,,,,,,,,,,,,,,,,,,,,,,,,,,,,,,,Batch ID,1,1,1,1,Average,Stdev
Alignment ID,Average Rt(min),Average Mz,Metabolite name,Adduct type,Post curation result,Fill %,MS/MS assigned,Reference RT,Reference m/z,Formula,Ontology,INCHIKEY,SMILES,Annotation tag (VS1.0),RT matched,m/z matched,MS/MS matched,Comment,Manually modified for quantification,Manually modified for annotation,Isotope tracking parent ID,Isotope tracking weight number,RT similarity,m/z similarity,Simple dot product,Weighted dot product,Reverse dot product,Matched peaks count,Matched peaks percentage,Total score,S/N average,Spectrum reference file name,MS1 isotopic spectrum,MS/MS spectrum,P Carly RT Mix 4p4 2Xdil 1_GC1_01_66461,P Carly RT Mix 4p4 2Xdil 2_GC1_01_66462,P Carly RT Mix 4p4 2Xdil 3_GC1_01_66463,P Carly RT Mix 4p4 2Xdil 4_GC1_01_66464,1,1
0,17.995,341.30453,Unknown,[M+H]+,null,0.75,False,null,null,null,null,null,null,999,False,False,False,Normalized unit: Intensity,False,False,0,0,0.00,null,null,null,null,null,null,null,1430.04,P Carly RT Mix 4p4 2Xdil 4_GC1_01_66464,341.30453:81678 342.30920:21528 343.31387:2640,null,325673,435870,421402,437072,405004.41909375,53364.5807050515
1,4.921,354.41016,Unknown,[M+H]+,null,1.00,False,null,null,null,null,null,null,999,False,False,False,Normalized unit: Intensity,False,False,1,0,0.00,null,null,null,null,null,null,null,4641.34,P Carly RT Mix 4p4 2Xdil 2_GC1_01_66462,354.41016:185072 355.41482:54202 356.41949:6514,null,648290,783218,752883,753694,734521.263562501,59194.3452069984
2,18.203,367.33594,no MS2: ST 27:2;O,[M+H-H2O]+,null,1.00,False,7.592,367.33591,C27H44O,ST,AVSXSVCZWQODGV-UHFFFAOYSA-N,OC1CC2=CCC3C(CCC4(C)C(CCC34)C(C)CCC=C(C)C)C2(C)CC1,530,False,True,False,Normalized unit: Intensity; Annotation method: Msp20260116160945_NCDK_conventional_converted_dev_1,False,False,2,0,0.00,1.00,null,null,null,-1.00,-1.00,-0.143,202.51,P Carly RT Mix 4p4 2Xdil 2_GC1_01_66462,367.33594:118578 368.34061:35086 369.34527:400972,null,779475,1063250,1000997,1007432,962788.72740625,125365.243496952
3,20.489,369.35141,no MS2: ST 27:1;O,[M+H-H2O]+,null,1.00,False,8.638,369.35159,C27H46O,ST,HVYWMOMLDIMFJA-UHFFFAOYSA-N,OC1CC2=CCC3C(CCC4(C)C(CCC34)C(C)CCCC(C)C)C2(C)CC1,530,False,True,False,Normalized unit: Intensity; Annotation method: Msp20260116160945_NCDK_conventional_converted_dev_1,False,False,3,0,0.00,1.00,null,null,null,-1.00,-1.00,-0.143,258.06,P Carly RT Mix 4p4 2Xdil 4_GC1_01_66464,369.35159:577412 370.35626:167608 371.36093:24768,null,3137597,4118589,3987974,3956656,3800203.79079688,447270.273669529
4,21.164,369.35144,no MS2: ST 27:1;O,[M+H-H2O]+,null,1.00,False,8.638,369.35159,C27H46O,ST,HVYWMOMLDIMFJA-UHFFFAOYSA-N,OC1CC2=CCC3C(CCC4(C)C(CCC34)C(C)CCCC(C)C)C2(C)CC1,530,False,True,False,Normalized unit: Intensity; Annotation method: Msp20260116160945_NCDK_conventional_converted_dev_1,False,False,4,0,0.00,1.00,null,null,null,-1.00,-1.00,-0.143,348.29,P Carly RT Mix 4p4 2Xdil 3_GC1_01_66463,369.35172:825892 370.35638:245616 371.36105:35338,null,4249449,5385113,5373717,5224027,5058076.53131251,544058.901334211
5,21.627,369.35159,no MS2: ST 27:1;O,[M+H-H2O]+,null,1.00,False,8.638,369.35159,C27H46O,ST,HVYWMOMLDIMFJA-UHFFFAOYSA-N,OC1CC2=CCC3C(CCC4(C)C(CCC34)C(C)CCCC(C)C)C2(C)CC1,530,False,True,False,Normalized unit: Intensity; Annotation method: Msp20260116160945_NCDK_conventional_converted_dev_1,False,False,5,0,0.00,1.00,null,null,null,-1.00,-1.00,-0.143,814.33,P Carly RT Mix 4p4 2Xdil 2_GC1_01_66462,369.35159:1751314 370.35626:535702 371.36093:68860,null,11212613,13201492,12453271,12636836,12376053.0363437,838433.528234308
6,18.185,369.35159,no MS2: ST 27:1;O,[M+H-H2O]+,null,1.00,False,8.638,369.35159,C27H46O,ST,HVYWMOMLDIMFJA-UHFFFAOYSA-N,OC1CC2=CCC3C(CCC4(C)C(CCC34)C(C)CCCC(C)C)C2(C)CC1,530,False,True,False,Normalized unit: Intensity; Annotation method: Msp20260116160945_NCDK_conventional_converted_dev_1,False,False,6,0,0.00,1.00,null,null,null,-1.00,-1.00,-0.143,177.77,P Carly RT Mix 4p4 2Xdil 2_GC1_01_66462,369.35159:427946 370.35626:120288 371.36093:19396,null,2407279,3263731,3081017,3167465,2979873.07189063,388955.83658994
7,13.375,369.35315,no MS2: ST 27:1;O,[M+H-H2O]+,null,1.00,False,8.638,369.35159,C27H46O,ST,HVYWMOMLDIMFJA-UHFFFAOYSA-N,OC1CC2=CCC3C(CCC4(C)C(CCC34)C(C)CCCC(C)C)C2(C)CC1,530,False,True,False,Normalized unit: Intensity; Annotation method: Msp20260116160945_NCDK_conventional_converted_dev_1,False,False,7,0,0.00,0.99,null,null,null,-1.00,-1.00,-0.149,44.62,P Carly RT Mix 4p4 2Xdil 4_GC1_01_66464,369.35236:109824 370.35702:30526 371.36169:5490,null,1050738,1475889,1374064,1450503,1337798.6245,196205.668377172
8,1.455,454.25827,no MS2: DMPE 13:0|DMPE 5:0_8:0,[M+H]+,null,1.00,False,4.835,454.25641,C20H40NO8P,DMPE,HKWAESFLQVAVHA-UHFFFAOYSA-N,O=C(OCC(OC(=O)CCCCCCC)COP(=O)(O)OCCN(C)C)CCCC,530,False,True,False,Normalized unit: Intensity; Annotation method: Msp20260116160945_NCDK_conventional_converted_dev_1,False,False,8,0,0.00,1.00,null,null,null,-1.00,-1.00,-0.145,60159.41,P Carly RT Mix 4p4 2Xdil 4_GC1_01_66464,454.25690:3972956 455.26156:1150718 456.26623:208214,null,28160918,36018222,34887394,34676279,33435703.3782031,3565538.5307293
9,1.459,454.37875,Unknown,[M+H]+,null,0.50,False,null,null,null,null,null,null,999,False,False,False,Normalized unit: Intensity,False,False,9,0,0.00,null,null,null,null,null,null,null,843.80,P Carly RT Mix 4p4 2Xdil 2_GC1_01_66462,454.37875:50070 455.38342:4156 456.38809:0,null,301270,417140,389009,404092,377877.550203125,52349.0463385715
10,1.455,455.26031,Unknown,[M+H]+,null,1.00,False,null,null,null,null,null,null,999,False,False,False,Normalized unit: Intensity,False,False,10,0,0.00,null,null,null,null,null,null,null,21539.90,P Carly RT Mix 4p4 2Xdil 4_GC1_01_66464,455.26031:1150718 456.26498:208214 457.26965:27162,null,7781055,9911646,9696695,9803311,9298176.59245313,1015214.01983476
11,15.571,475.41626,Unknown,[M+H]+,null,0.75,False,null,null,null,null,null,null,999,False,False,False,Normalized unit: Intensity,False,False,11,0,0.00,null,null,null,null,null,null,null,440.82,P Carly RT Mix 4p4 2Xdil 3_GC1_01_66463,475.41626:65220 476.42093:21138 477.42560:4354,null,500493,509425,514218,506608,507686.1704375,5732.63171267972
12,1.455,476.24023,no MS2: PC 12:0,[M+Na]+,null,1.00,False,3.582,476.23840,C20H40NO8P,PC,KNXKLGNRVBJSIQ-UHFFFAOYSA-N,O=C(OCC(OC(=O)CCCCCC)COP(=O)([O-])OCC[N+](C)(C)C)CCCC,530,False,True,False,Normalized unit: Intensity; Annotation method: Msp20260116160945_NCDK_conventional_converted_dev_1,False,False,12,0,0.00,0.99,null,null,null,-1.00,-1.00,-0.146,4254.02,P Carly RT Mix 4p4 2Xdil 4_GC1_01_66464,476.23895:297478 477.24362:63930 478.24829:11088,null,2005899,2553634,2475549,2488030,2380778.39714063,252255.15465118
13,2.149,482.28970,no MS2: DMPE 15:0|DMPE 10:0_5:0,[M+H]+,null,1.00,False,5.211,482.28769,C22H44NO8P,DMPE,KOISGDAZRNZPME-UHFFFAOYSA-N,O=C(OCC(OC(=O)CCCC)COP(=O)(O)OCCN(C)C)CCCCCCCCC,530,False,True,False,Normalized unit: Intensity; Annotation method: Msp20260116160945_NCDK_conventional_converted_dev_1,False,False,13,0,0.00,0.98,null,null,null,-1.00,-1.00,-0.151,43031.81,P Carly RT Mix 4p4 2Xdil 4_GC1_01_66464,482.28860:4966164 483.29327:1479550 484.29794:286770,null,24937507,32223220,30419993,31255599,29709079.9736094,3265268.05437005
14,2.100,482.41342,Unknown,[M+H]+,null,0.25,False,null,null,null,null,null,null,999,False,False,False,Normalized unit: Intensity,False,False,14,0,0.00,null,null,null,null,null,null,null,597.26,P Carly RT Mix 4p4 2Xdil 2_GC1_01_66462,482.41342:68482 483.41809:3328 484.42276:662,null,219772,328411,298178,314912,290318.163109375,48629.4345162339
15,2.153,482.81760,Unknown,[M+H]+,null,1.00,False,null,null,null,null,null,null,999,False,False,False,Normalized unit: Intensity,False,False,15,0,0.00,null,null,null,null,null,null,null,2356.68,P Carly RT Mix 4p4 2Xdil 2_GC1_01_66462,482.81760:160032 483.82226:19118 484.82693:712,null,631173,878425,800515,836612,786681.006125,108450.063869385
16,18.194,491.46146,Unknown,[M+H]+,null,1.00,False,null,null,null,null,null,null,999,False,False,False,Normalized unit: Intensity,False,False,16,0,0.00,null,null,null,null,null,null,null,769.77,P Carly RT Mix 4p4 2Xdil 4_GC1_01_66464,491.46146:107276 492.46612:42962 493.47079:8416,null,605108,803080,785981,817743,752978.08815625,99430.6259687127
17,4.461,496.34119,no MS2: PC O-16:0|PC O-8:0_8:0,[M+H]+,null,1.00,False,5.632,496.33981,C24H50NO7P,EtherPC,GDMHMXIBVHRZGP-UHFFFAOYSA-N,O=C(OC(COCCCCCCCC)COP(=O)([O-])OCC[N+](C)(C)C)CCCCCCC,530,False,True,False,Normalized unit: Intensity; Annotation method: Msp20260116160945_NCDK_conventional_converted_dev_1,False,False,17,0,0.00,1.00,null,null,null,-1.00,-1.00,-0.143,983.65,P Carly RT Mix 4p4 2Xdil 2_GC1_01_66462,496.33994:159368 497.34460:38396 498.34927:7440,null,507258,689384,663458,675268,633842.156250001,85052.1382907502
18,2.149,504.27045,no MS2: PC 14:0,[M+Na]+,null,1.00,False,4.315,504.26971,C22H44NO8P,PC,OIFRTCQOIDCXAI-UHFFFAOYSA-N,O=C(OCC(OC(=O)CCCCCCCC)COP(=O)([O-])OCC[N+](C)(C)C)CCCC,530,False,True,False,Normalized unit: Intensity; Annotation method: Msp20260116160945_NCDK_conventional_converted_dev_1,False,False,18,0,0.00,0.99,null,null,null,-1.00,-1.00,-0.148,2075.82,P Carly RT Mix 4p4 2Xdil 4_GC1_01_66464,504.27045:276914 505.27511:65594 506.27978:11848,null,1231946,1589671,1571018,1608960,1500398.8919375,179637.528193128
19,3.186,510.32056,no MS2: DMPE 17:0|DMPE 12:0_5:0,[M+H]+,null,1.00,False,5.911,510.31900,C24H48NO8P,DMPE,NAWXXKZUWNAVLJ-UHFFFAOYSA-N,O=C(OCC(OC(=O)CCCC)COP(=O)(O)OCCN(C)C)CCCCCCCCCCC,530,False,True,False,Normalized unit: Intensity; Annotation method: Msp20260116160945_NCDK_conventional_converted_dev_1,False,False,19,0,0.00,0.98,null,null,null,-1.00,-1.00,-0.155,55407.54,P Carly RT Mix 4p4 2Xdil 1_GC1_01_66461,510.32013:6549564 511.32480:2186880 512.32946:389226,null,30174036,38486762,36795796,37593754,35762587.021625,3789182.81233831
20,3.190,510.44724,no MS2: CAR 24:1,[M+H]+,null,1.00,False,7.731,510.45169,C31H59NO4,CAR,QGIHQXKFCAACHN-UHFFFAOYSA-N,O=C([O-])CC(OC(=O)CCCCCCCCCCCCCC=CCCCCCCCC)C[N+](C)(C)C,530,False,True,False,Normalized unit: Intensity; Annotation method: Msp20260116160945_NCDK_conventional_converted_dev_1,False,False,20,0,0.00,0.75,null,null,null,-1.00,-1.00,-0.266,772.40,P Carly RT Mix 4p4 2Xdil 3_GC1_01_66463,510.44785:100396 511.45251:10316 512.45718:896,null,312485,436950,417454,419516,396601.287671875,56755.4163837045
21,3.186,510.54041,Unknown,[M+H]+,null,1.00,False,null,null,null,null,null,null,999,False,False,False,Normalized unit: Intensity,False,False,21,0,0.00,null,null,null,null,null,null,null,1151.58,P Carly RT Mix 4p4 2Xdil 2_GC1_01_66462,510.54041:91378 511.54507:7662 512.54974:716,null,288885,408044,389746,393802,370119.39896875,54721.4680283916
22,3.186,510.86334,Unknown,[M+H]+,null,1.00,False,null,null,null,null,null,null,999,False,False,False,Normalized unit: Intensity,False,False,22,0,0.00,null,null,null,null,null,null,null,4050.68,P Carly RT Mix 4p4 2Xdil 2_GC1_01_66462,510.86334:254240 511.86801:45752 512.87268:1322,null,826362,1124204,1056016,1086838,1023354.98695313,134255.267889974
23,1.459,512.31116,no MS2: LPE O-22:6,[M+H]+,null,1.00,False,6.360,512.31360,C27H46NO6P,EtherLPE,AQONSCSEICWUPS-UHFFFAOYSA-N,O=P(O)(OCCN)OCC(O)COCCCC=CCC=CCC=CCC=CCC=CCC=CCC,530,False,True,False,Normalized unit: Intensity; Annotation method: Msp20260116160945_NCDK_conventional_converted_dev_1,False,False,23,0,0.00,0.89,null,null,null,-1.00,-1.00,-0.197,1561.23,P Carly RT Mix 4p4 2Xdil 2_GC1_01_66462,512.31116:175180 513.31582:43606 514.32049:6804,null,1131468,1429170,1374549,1354350,1322384.05496875,131142.828064888
24,3.190,532.30231,no MS2: PC 16:0,[M+Na]+,null,1.00,False,5.422,532.30103,C24H48NO8P,PC,BBSHYEVDGJSJEB-UHFFFAOYSA-N,O=C(OCC(OC(=O)CCCC)COP(=O)([O-])OCC[N+](C)(C)C)CCCCCCCCCC,530,False,True,False,Normalized unit: Intensity; Annotation method: Msp20260116160945_NCDK_conventional_converted_dev_1,False,False,24,0,0.00,0.99,null,null,null,-1.00,-1.00,-0.150,4212.31,P Carly RT Mix 4p4 2Xdil 2_GC1_01_66462,532.30194:460910 533.30661:114092 534.31128:19804,null,1689098,2207292,2130270,2178395,2051263.8235625,243525.16586335
25,4.118,538.35132,no MS2: DMPE 19:0|DMPE 14:0_5:0,[M+H]+,null,1.00,False,6.318,538.35028,C26H52NO8P,DMPE,QIRNOKORVQUESQ-UHFFFAOYSA-N,O=C(OCC(OC(=O)CCCC)COP(=O)(O)OCCN(C)C)CCCCCCCCCCCCC,530,False,True,False,Normalized unit: Intensity; Annotation method: Msp20260116160945_NCDK_conventional_converted_dev_1,False,False,25,0,0.00,0.99,null,null,null,-1.00,-1.00,-0.147,93337.28,P Carly RT Mix 4p4 2Xdil 1_GC1_01_66461,538.35101:6656552 539.35568:2068482 540.36035:418678,null,28985214,37878046,36330870,36562906,34939259.2355625,4027403.37706038
26,4.118,538.48145,no MS2: CAR 26:1,[M+H]+,null,1.00,False,8.191,538.48297,C33H63NO4,CAR,IEXHCKQROJJVJL-UHFFFAOYSA-N,O=C([O-])CC(OC(=O)CCCCCCCCCCCCCCCC=CCCCCCCCC)C[N+](C)(C)C,530,False,True,False,Normalized unit: Intensity; Annotation method: Msp20260116160945_NCDK_conventional_converted_dev_1,False,False,26,0,0.00,0.98,null,null,null,-1.00,-1.00,-0.154,917.76,P Carly RT Mix 4p4 2Xdil 4_GC1_01_66464,538.48181:112018 539.48648:16660 540.49115:0,null,294311,452618,426182,425939,399762.479859375,71407.3742591302
27,4.114,538.57721,Unknown,[M+H]+,null,0.75,False,null,null,null,null,null,null,999,False,False,False,Normalized unit: Intensity,False,False,27,0,0.00,null,null,null,null,null,null,null,1331.07,P Carly RT Mix 4p4 2Xdil 2_GC1_01_66462,538.57721:115030 539.58188:16758 540.58654:1276,null,268536,401247,376781,392371,359733.8195625,61633.8438426761
28,4.123,538.90900,Unknown,[M+H]+,null,1.00,False,null,null,null,null,null,null,999,False,False,False,Normalized unit: Intensity,False,False,28,0,0.00,null,null,null,null,null,null,null,1886.70,P Carly RT Mix 4p4 2Xdil 2_GC1_01_66462,538.90900:254576 539.91366:42622 540.91833:1662,null,725917,1026293,1007432,1001205,940211.687703125,143260.882326796
29,2.153,540.34241,no MS2: LPE O-24:6,[M+H]+,null,1.00,False,6.958,540.34491,C29H50NO6P,EtherLPE,ORDMYECXBWBTFI-UHFFFAOYSA-N,O=P(O)(OCCN)OCC(O)COCCCCCC=CCC=CCC=CCC=CCC=CCC=CCC,530,False,True,False,Normalized unit: Intensity; Annotation method: Msp20260116160945_NCDK_conventional_converted_dev_1,False,False,29,0,0.00,0.90,null,null,null,-1.00,-1.00,-0.194,1720.81,P Carly RT Mix 4p4 2Xdil 2_GC1_01_66462,540.34241:185642 541.34707:48806 542.35174:8768,null,813140,1070161,1010976,1045113,984847.406984375,117013.743302819
30,18.186,540.47742,no MS2: SE 28:2/8:1,[M+NH4]+,null,0.75,False,12.310,540.47748,C36H58O2,BRSE,PJKYPVQDEZHKRL-UHFFFAOYSA-N,O=C(OC1CC2=CCC3C(CCC4(C)C(CCC34)C(C=CC(C)C(C)C)C)C2(C)CC1)CCC=CCCC,530,False,True,False,Normalized unit: Intensity; Annotation method: Msp20260116160945_NCDK_conventional_converted_dev_1,False,False,30,0,0.00,1.00,null,null,null,-1.00,-1.00,-0.143,702.73,P Carly RT Mix 4p4 2Xdil 2_GC1_01_66462,540.47742:78678 541.48208:30908 542.48675:6760,null,385773,515651,489623,509522,475142.208046875,60606.6956103156
31,15.570,548.50433,no MS2: Cer 35:2;O3|Cer 13:0;O2/22:2;O,[M+H-H2O]+,null,1.00,False,9.029,548.50372,C35H67NO4,Cer_HDS,VKOOPZWKDVJCLX-UHFFFAOYSA-N,O=C(NC(CO)C(O)CCCCCCCCCC)C(O)CCCCCCCCCCC=CCC=CCCCCC,530,False,True,False,Normalized unit: Intensity; Annotation method: Msp20260116160945_NCDK_conventional_converted_dev_1,False,False,31,0,0.00,0.99,null,null,null,-1.00,-1.00,-0.145,894.10,P Carly RT Mix 4p4 2Xdil 1_GC1_01_66461,548.50427:184704 549.50894:71900 550.51361:12868,null,1458728,1446627,1424532,1438840,1442181.84778125,14332.2668823097
32,13.362,557.45728,no MS2: NAGlySer 26:0;O,[M+H]+,null,1.00,False,8.313,557.45239,C31H60N2O6,NAGlySer,GBJCWKUBOQEHCA-UHFFFAOYSA-N,O=C(NC(C(=O)O)CO)CNC(=O)CC(O)CCCCCCCCCCCCCCCCCCCCCCC,530,False,True,False,Normalized unit: Intensity; Annotation method: Msp20260116160945_NCDK_conventional_converted_dev_1,False,False,32,0,0.00,0.79,null,null,null,-1.00,-1.00,-0.246,759.63,P Carly RT Mix 4p4 2Xdil 4_GC1_01_66464,557.45618:100302 558.46084:39710 559.46551:9104,null,780939,1133133,1077844,1086455,1019592.62526562,160945.925398066
33,14.627,558.48920,no MS2: Cer 36:4;O3|Cer 12:0;O2/24:4;O,[M+H-H2O]+,null,1.00,False,8.063,558.48810,C36H65NO4,Cer_HDS,AYICWSMDHURIRF-UHFFFAOYSA-N,O=C(NC(CO)C(O)CCCCCCCCC)C(O)CCCCCCCCCC=CCC=CCC=CCC=CCC,530,False,True,False,Normalized unit: Intensity; Annotation method: Msp20260116160945_NCDK_conventional_converted_dev_1,False,False,33,0,0.00,1.00,null,null,null,-1.00,-1.00,-0.143,970.27,P Carly RT Mix 4p4 2Xdil 4_GC1_01_66464,558.48822:166732 559.49289:65806 560.49756:11998,null,4075596,3627555,5242497,5443668,4597328.83317187,884156.71150056
34,4.123,560.33282,no MS2: PC 18:0,[M+Na]+,null,1.00,False,6.185,560.33228,C26H52NO8P,PC,RRUAPWUSGRCXJR-UHFFFAOYSA-N,O=C(OCC(OC(=O)CCCC)COP(=O)([O-])OCC[N+](C)(C)C)CCCCCCCCCCCC,530,False,True,False,Normalized unit: Intensity; Annotation method: Msp20260116160945_NCDK_conventional_converted_dev_1,False,False,34,0,0.00,1.00,null,null,null,-1.00,-1.00,-0.145,2381.68,P Carly RT Mix 4p4 2Xdil 1_GC1_01_66461,560.33276:347222 561.33743:99008 562.34210:17770,null,1354675,1867265,1791426,1798180,1702886.45109375,234656.606541983
35,14.653,563.44464,no MS2: NATau 28:1;O,[M+NH4]+,null,0.75,False,8.598,563.44519,C30H59NO5S,NATau,PPAXWBIIHAURHW-UHFFFAOYSA-N,O=C(NCCS(=O)(=O)O)CC(O)CCCCCCCCCCCCCC=CCCCCCCCCCC,530,False,True,False,Normalized unit: Intensity; Annotation method: Msp20260116160945_NCDK_conventional_converted_dev_1,False,False,35,0,0.00,1.00,null,null,null,-1.00,-1.00,-0.145,391.20,P Carly RT Mix 4p4 2Xdil 2_GC1_01_66462,563.44464:145330 564.44931:54724 565.45398:12018,null,2641474,3309763,3099349,3179023,3057402.4073125,290535.980844336
36,18.181,563.48230,no MS2: VAE 19:2,[M+H]+,null,1.00,False,13.554,563.48230,C39H62O2,VAE,CYZIVBLWNMJHRQ-UHFFFAOYSA-N,O=C(OCC=C(C=CC=C(C=CC1=C(C)CCCC1(C)C)C)C)CCCCCCCC=CCC=CCCCCCC,530,False,True,False,Normalized unit: Intensity; Annotation method: Msp20260116160945_NCDK_conventional_converted_dev_1,False,False,36,0,0.00,1.00,null,null,null,-1.00,-1.00,-0.143,255.51,P Carly RT Mix 4p4 2Xdil 2_GC1_01_66462,563.48230:111760 564.48697:46768 565.49164:10554,null,543853,731217,713852,721146,677516.84740625,89393.2603443106
37,4.938,566.38251,no MS2: DMPE 21:0|DMPE 16:0_5:0,[M+H]+,null,1.00,False,7.048,566.38159,C28H56NO8P,DMPE,CMFPEMGUXLZBKX-UHFFFAOYSA-N,O=C(OCC(OC(=O)CCCC)COP(=O)(O)OCCN(C)C)CCCCCCCCCCCCCCC,530,False,True,False,Normalized unit: Intensity; Annotation method: Msp20260116160945_NCDK_conventional_converted_dev_1,False,False,37,0,0.00,1.00,null,null,null,-1.00,-1.00,-0.144,51420.57,P Carly RT Mix 4p4 2Xdil 1_GC1_01_66461,566.38190:7008544 567.38656:2367354 568.39123:469410,null,29407808,38092576,37208489,38095946,35701204.9436719,4216325.07734518
38,4.938,566.51575,no MS2: CAR 28:1,[M+H]+,null,1.00,False,8.293,566.51428,C35H67NO4,CAR,CEFGXBJUHZCUJB-UHFFFAOYSA-N,O=C([O-])CC(OC(=O)CCCCCCCCCCCCCCCCCC=CCCCCCCCC)C[N+](C)(C)C,530,False,True,False,Normalized unit: Intensity; Annotation method: Msp20260116160945_NCDK_conventional_converted_dev_1,False,False,38,0,0.00,0.99,null,null,null,-1.00,-1.00,-0.150,688.48,P Carly RT Mix 4p4 2Xdil 1_GC1_01_66461,566.51526:97726 567.51993:13442 568.52459:750,null,337645,470082,462908,479342,437494.193890626,66905.4351275857
39,4.938,566.61359,Unknown,[M+H]+,null,1.00,False,null,null,null,null,null,null,999,False,False,False,Normalized unit: Intensity,False,False,39,0,0.00,null,null,null,null,null,null,null,920.24,P Carly RT Mix 4p4 2Xdil 2_GC1_01_66462,566.61359:124536 567.61825:17448 568.62292:1380,null,309797,450132,437481,451992,412350.392031251,68672.3442928189
40,4.938,566.95502,Unknown,[M+H]+,null,1.00,False,null,null,null,null,null,null,999,False,False,False,Normalized unit: Intensity,False,False,40,0,0.00,null,null,null,null,null,null,null,1401.39,P Carly RT Mix 4p4 2Xdil 4_GC1_01_66464,566.95502:284386 567.95968:54736 568.96435:2178,null,810961,1102466,1084898,1118526,1029212.73201563,146148.086362078
41,3.190,568.37286,no MS2: LPE O-26:6,[M+H]+,null,1.00,False,6.731,568.37622,C31H54NO6P,EtherLPE,JQQCVNYOIOVSGF-UHFFFAOYSA-N,O=P(O)(OCCN)OCC(O)COCCCCCCCC=CCC=CCC=CCC=CCC=CCC=CCC,530,False,True,False,Normalized unit: Intensity; Annotation method: Msp20260116160945_NCDK_conventional_converted_dev_1,False,False,41,0,0.00,0.89,null,null,null,-1.00,-1.00,-0.198,1682.02,P Carly RT Mix 4p4 2Xdil 3_GC1_01_66463,568.37347:249416 569.37814:72234 570.38281:13856,null,964946,1254227,1148057,1215633,1145715.61498438,128252.745097758
42,14.774,570.48907,no MS2: Cer 37:5;O3|Cer 13:0;O2/24:5;O,[M+H-H2O]+,null,1.00,False,8.331,570.48810,C37H65NO4,Cer_HDS,NDGMITMDBJPZEE-UHFFFAOYSA-N,O=C(NC(CO)C(O)CCCCCCCCCC)C(O)CCCCCCC=CCC=CCC=CCC=CCC=CCC,530,False,True,False,Normalized unit: Intensity; Annotation method: Msp20260116160945_NCDK_conventional_converted_dev_1,False,False,42,0,0.00,1.00,null,null,null,-1.00,-1.00,-0.143,489.83,P Carly RT Mix 4p4 2Xdil 4_GC1_01_66464,570.48816:81480 571.49283:32904 572.49749:7958,null,427458,605359,550157,583661,541658.871015624,79448.2029825013
43,13.371,574.48328,no MS2: Cer 36:4;O4|Cer 12:1;O3/24:3(2OH),[M+H-H2O]+,null,1.00,False,8.266,574.48297,C36H65NO5,Cer_AP,DBUJMPXYWFGVIW-UHFFFAOYSA-N,O=C(NC(CO)C(O)C(O)CCCC=CCCC)C(O)CCCCCCCC=CCC=CCC=CCCCCCCC,530,False,True,False,Normalized unit: Intensity; Annotation method: Msp20260116160945_NCDK_conventional_converted_dev_1,False,False,43,0,0.00,1.00,null,null,null,-1.00,-1.00,-0.143,1292.76,P Carly RT Mix 4p4 2Xdil 4_GC1_01_66464,574.48273:152878 575.48739:57494 576.49206:11572,null,1162263,1667814,1533736,1610963,1493694.07464062,227683.587027158
44,21.285,577.51837,no MS2: RIKEN P-VS1 ID-5423 from Mouse_Plasma_ApoEKO_N_F1DHA,[M+H]+,null,1.00,False,13.050,577.51569,null,Unknown,null,null,530,False,True,False,Normalized unit: Intensity; Annotation method: Msp20260116160945_NCDK_conventional_converted_dev_1,False,False,44,0,0.00,0.93,null,null,null,-1.00,-1.00,-0.158,490.36,P Carly RT Mix 4p4 2Xdil 1_GC1_01_66461,577.51782:69262 578.52249:28052 579.52716:6438,null,373470,547053,526055,541298,496969.001875001,82807.892042691
45,13.358,579.43933,no MS2: SL 30:1;O2|SL 12:1;O/18:0;O,[M+Na]+,null,1.00,False,7.551,579.44012,C30H59NO6S,SL,RVIKRDHQZKUVIK-UHFFFAOYSA-N,O=C(N(CC(O)C=CCCCCCCC)CS(=O)(=O)O)C(O)CCCCCCCCCCCCCCCC,530,False,True,False,Normalized unit: Intensity; Annotation method: Msp20260116160945_NCDK_conventional_converted_dev_1,False,False,45,0,0.00,0.99,null,null,null,-1.00,-1.00,-0.148,313.88,P Carly RT Mix 4p4 2Xdil 2_GC1_01_66462,579.43933:130890 580.44400:48966 581.44867:10488,null,926407,1338099,1251235,1276412,1198038.18910937,184727.700668909
46,12.267,579.48859,Unknown,[M+H]+,null,1.00,False,null,null,null,null,null,null,999,False,False,False,Normalized unit: Intensity,False,False,46,0,0.00,null,null,null,null,null,null,null,532.43,P Carly RT Mix 4p4 2Xdil 2_GC1_01_66462,579.48859:91150 580.49325:40844 581.49792:8786,null,613882,878049,813319,843222,787117.865390625,118481.255205778
47,16.982,579.53448,no MS2: RIKEN P-VS1 ID-5453 from Mouse_Macrophage_WT_N_F1AA,[M+H]+,null,1.00,False,12.890,579.53418,null,Unknown,null,null,530,False,True,False,Normalized unit: Intensity; Annotation method: Msp20260116160945_NCDK_conventional_converted_dev_1,False,False,47,0,0.00,1.00,null,null,null,-1.00,-1.00,-0.129,15745.20,P Carly RT Mix 4p4 2Xdil 2_GC1_01_66462,579.53448:6921060 580.53915:2691944 581.54382:528962,null,30546721,41392335,39520640,40717185,38044220.1603594,5057895.45932966
48,16.982,579.66895,Unknown,[M+H]+,null,1.00,False,null,null,null,null,null,null,999,False,False,False,Normalized unit: Intensity,False,False,48,0,0.00,null,null,null,null,null,null,null,1442.06,P Carly RT Mix 4p4 2Xdil 2_GC1_01_66462,579.66895:130244 580.67361:20176 581.67828:1446,null,362280,619252,563126,597071,535432.4941875,117720.037246534
49,16.982,579.76697,Unknown,[M+H-H2O]+,null,1.00,False,null,null,null,null,null,null,999,False,False,False,Normalized unit: Intensity,False,False,49,0,0.00,null,null,null,null,null,null,null,1273.63,P Carly RT Mix 4p4 2Xdil 2_GC1_01_66462,579.76697:120436 580.77164:15016 581.77630:972,null,372085,602666,571450,593005,534801.394984375,109259.635482888
50,16.982,580.11444,Unknown,[M+H]+,null,1.00,False,null,null,null,null,null,null,999,False,False,False,Normalized unit: Intensity,False,False,50,0,0.00,null,null,null,null,null,null,null,2379.80,P Carly RT Mix 4p4 2Xdil 2_GC1_01_66462,580.11444:182854 581.11911:42230 582.12378:1022,null,573827,910074,850360,895602,807465.819015625,157822.371427007
51,15.536,584.50427,no MS2: Cer 38:5;O3|Cer 12:0;O2/26:5;O,[M+H-H2O]+,null,1.00,False,8.606,584.50372,C38H67NO4,Cer_HDS,YKOKEEGMJPEQKO-UHFFFAOYSA-N,O=C(NC(CO)C(O)CCCCCCCCC)C(O)CCCCCCCCC=CCC=CCC=CCC=CCC=CCC,530,False,True,False,Normalized unit: Intensity; Annotation method: Msp20260116160945_NCDK_conventional_converted_dev_1,False,False,51,0,0.00,1.00,null,null,null,-1.00,-1.00,-0.144,834.49,P Carly RT Mix 4p4 2Xdil 4_GC1_01_66464,584.50415:112536 585.50882:46192 586.51349:10754,null,631382,877409,802766,821388,783236.329203125,106089.89255293
52,14.653,585.50012,Unknown,[M+H]+,null,0.75,False,null,null,null,null,null,null,999,False,False,False,Normalized unit: Intensity,False,False,52,0,0.00,null,null,null,null,null,null,null,268.00,P Carly RT Mix 4p4 2Xdil 2_GC1_01_66462,585.50012:78870 586.50479:30090 587.50946:6540,null,1598336,2331204,2132342,2214927,2069202.37148437,324336.265189999
53,4.938,588.36383,no MS2: PC 20:0,[M+Na]+,null,1.00,False,6.882,588.36359,C28H56NO8P,PC,FQFCSQCHUFDFJL-UHFFFAOYSA-N,O=C(OCC(OC(=O)CCCC)COP(=O)([O-])OCC[N+](C)(C)C)CCCCCCCCCCCCCC,530,False,True,False,Normalized unit: Intensity; Annotation method: Msp20260116160945_NCDK_conventional_converted_dev_1,False,False,53,0,0.00,1.00,null,null,null,-1.00,-1.00,-0.143,1925.50,P Carly RT Mix 4p4 2Xdil 1_GC1_01_66461,588.36377:366082 589.36844:108338 590.37311:19804,null,1409199,1921773,1862429,1905951,1774838.06429688,245047.361874493
54,13.093,588.49994,no MS2: Cer 37:4;O4|Cer 13:1;O3/24:3(2OH),[M+H-H2O]+,null,0.25,False,8.523,588.49860,C37H67NO5,Cer_AP,GGNPIEIGNCJILT-UHFFFAOYSA-N,O=C(NC(CO)C(O)C(O)CCCC=CCCCC)C(O)CCCCCCCC=CCC=CCC=CCCCCCCC,530,False,True,False,Normalized unit: Intensity; Annotation method: Msp20260116160945_NCDK_conventional_converted_dev_1,False,False,54,0,0.00,0.97,null,null,null,-1.00,-1.00,-0.156,327.15,P Carly RT Mix 4p4 2Xdil 2_GC1_01_66462,588.49994:59126 589.50461:24008 590.50927:4178,null,350846,494328,473792,483667,450658.371578125,67067.9790570421
55,15.570,589.53064,Unknown,[M+H]+,null,1.00,False,null,null,null,null,null,null,999,False,False,False,Normalized unit: Intensity,False,False,55,0,0.00,null,null,null,null,null,null,null,501.27,P Carly RT Mix 4p4 2Xdil 1_GC1_01_66461,589.53064:117424 590.53531:45198 591.53998:9778,null,898395,866083,848433,861885,868699.046281249,21180.4465344707
56,13.077,593.45526,no MS2: SL 31:1;O2|SL 12:1;O/19:0;O,[M+NH4]+,null,0.75,False,7.771,593.45581,C31H61NO6S,SL,GOKYMVJWAYZSHR-UHFFFAOYSA-N,O=C(N(CC(O)C=CCCCCCCC)CS(=O)(=O)O)C(O)CCCCCCCCCCCCCCCCC,530,False,True,False,Normalized unit: Intensity; Annotation method: Msp20260116160945_NCDK_conventional_converted_dev_1,False,False,56,0,0.00,1.00,null,null,null,-1.00,-1.00,-0.145,324.32,P Carly RT Mix 4p4 2Xdil 2_GC1_01_66462,593.45526:63648 594.45993:27742 595.46460:5302,null,487959,651993,605197,640658,596451.7131875,75024.7263798705
57,5.806,594.41339,no MS2: DMPE 23:0|DMPE 18:0_5:0,[M+H]+,null,1.00,False,7.439,594.41290,C30H60NO8P,DMPE,BIDVNWJRCAHERY-UHFFFAOYSA-N,O=C(OCC(OC(=O)CCCC)COP(=O)(O)OCCN(C)C)CCCCCCCCCCCCCCCCC,530,False,True,False,Normalized unit: Intensity; Annotation method: Msp20260116160945_NCDK_conventional_converted_dev_1,False,False,57,0,0.00,1.00,null,null,null,-1.00,-1.00,-0.143,70783.75,P Carly RT Mix 4p4 2Xdil 1_GC1_01_66461,594.41309:8877992 595.41775:3138388 596.42242:659616,null,41995338,53818323,51958955,53317331,50272486.4926719,5573729.9647729
58,5.806,594.54956,no MS2: Cer 37:1;O4|Cer 12:1;O3/25:0(2OH),[M+H-H2O]+,null,1.00,False,9.844,594.54559,C37H73NO5,Cer_AP,RUEOUTPJRGEUDQ-UHFFFAOYSA-N,O=C(NC(CO)C(O)C(O)CCCC=CCCC)C(O)CCCCCCCCCCCCCCCCCCCCCCC,530,False,True,False,Normalized unit: Intensity; Annotation method: Msp20260116160945_NCDK_conventional_converted_dev_1,False,False,58,0,0.00,0.82,null,null,null,-1.00,-1.00,-0.235,1179.55,P Carly RT Mix 4p4 2Xdil 1_GC1_01_66461,594.54938:133084 595.55405:22276 596.55871:1806,null,526752,715300,694895,712989,662484.264406251,90946.888281629
59,5.806,594.65143,Unknown,[M+H]+,null,1.00,False,null,null,null,null,null,null,999,False,False,False,Normalized unit: Intensity,False,False,59,0,0.00,null,null,null,null,null,null,null,1660.00,P Carly RT Mix 4p4 2Xdil 2_GC1_01_66462,594.65143:169662 595.65610:31358 596.66076:1690,null,522238,713362,678390,694962,652237.930171876,87835.8296581589
60,5.806,595.00012,Unknown,[M+H]+,null,1.00,False,null,null,null,null,null,null,999,False,False,False,Normalized unit: Intensity,False,False,60,0,0.00,null,null,null,null,null,null,null,2295.26,P Carly RT Mix 4p4 2Xdil 2_GC1_01_66462,595.00012:373976 596.00479:99678 597.00946:3680,null,1197784,1581182,1528857,1556591,1466103.67842188,180152.240469504
61,14.359,595.47046,no MS2: SL 31:0;O2|SL 12:0;O/19:0;O,[M+NH4]+,null,0.75,False,8.038,595.47137,C31H63NO6S,SL,NASMRBIRMOZDRH-UHFFFAOYSA-N,O=C(N(CC(O)CCCCCCCCC)CS(=O)(=O)O)C(O)CCCCCCCCCCCCCCCCC,530,False,True,False,Normalized unit: Intensity; Annotation method: Msp20260116160945_NCDK_conventional_converted_dev_1,False,False,61,0,0.00,0.99,null,null,null,-1.00,-1.00,-0.149,207.03,P Carly RT Mix 4p4 2Xdil 2_GC1_01_66462,595.47046:59344 596.47513:24004 597.47979:5344,null,1480586,1261957,1189206,1850825,1445643.80509375,297149.854308783
62,4.123,596.40369,no MS2: LPE O-28:6,[M+H]+,null,1.00,False,7.107,596.40747,C33H58NO6P,EtherLPE,UICLDFAWUHSXMO-UHFFFAOYSA-N,O=P(O)(OCCN)OCC(O)COCCCCCCCCCC=CCC=CCC=CCC=CCC=CCC=CCC,530,False,True,False,Normalized unit: Intensity; Annotation method: Msp20260116160945_NCDK_conventional_converted_dev_1,False,False,62,0,0.00,0.89,null,null,null,-1.00,-1.00,-0.200,1106.52,P Carly RT Mix 4p4 2Xdil 4_GC1_01_66464,596.40454:271868 597.40921:78048 598.41388:16870,null,794616,1097361,1027170,1050154,992325.157593749,135005.911324451
63,16.990,597.54510,Unknown,[M+H]+,null,1.00,False,null,null,null,null,null,null,999,False,False,False,Normalized unit: Intensity,False,False,63,0,0.00,null,null,null,null,null,null,null,11755.51,P Carly RT Mix 4p4 2Xdil 2_GC1_01_66462,597.54510:2074126 598.54977:836418 599.55444:179936,null,9285776,12298602,11776868,12138600,11374961.6622031,1409784.99914357
64,14.657,599.51544,Unknown,[M+H]+,null,1.00,False,null,null,null,null,null,null,999,False,False,False,Normalized unit: Intensity,False,False,64,0,0.00,null,null,null,null,null,null,null,829.15,P Carly RT Mix 4p4 2Xdil 2_GC1_01_66462,599.51544:411884 600.52011:162146 601.52478:35332,null,9541128,8973872,11980113,12154430,10662385.595125,1640213.03976003
65,13.150,604.49445,no MS2: RIKEN P-VS1 ID-5876 from Mouse_Feces_WT_N_Ctr,[M+NH4]+,null,1.00,False,8.390,604.49408,null,Unknown,null,null,530,False,True,False,Normalized unit: Intensity; Annotation method: Msp20260116160945_NCDK_conventional_converted_dev_1,False,False,65,0,0.00,1.00,null,null,null,-1.00,-1.00,-0.129,452.79,P Carly RT Mix 4p4 2Xdil 2_GC1_01_66462,604.49445:116844 605.49911:50994 606.50378:9556,null,663690,953877,902262,927658,861871.766609375,133791.02310997
66,17.990,607.56592,no MS2: RIKEN P-VS1 ID-5931 from Mouse_Macrophage_WT_N_F1AA,[M+H]+,null,1.00,False,13.200,607.56232,null,Unknown,null,null,530,False,True,False,Normalized unit: Intensity; Annotation method: Msp20260116160945_NCDK_conventional_converted_dev_1,False,False,66,0,0.00,0.85,null,null,null,-1.00,-1.00,-0.194,54042.59,P Carly RT Mix 4p4 2Xdil 4_GC1_01_66464,607.56573:7712638 608.57040:3096666 609.57507:625986,null,32493104,44690355,42303999,43747478,40808733.8116093,5629941.25211741
67,17.995,607.70300,Unknown,[M+H]+,null,1.00,False,null,null,null,null,null,null,999,False,False,False,Normalized unit: Intensity,False,False,67,0,0.00,null,null,null,null,null,null,null,1662.12,P Carly RT Mix 4p4 2Xdil 2_GC1_01_66462,607.70300:148536 608.70767:42246 609.71234:1874,null,453133,721414,660222,695778,632637.093765624,122271.170890198
68,17.995,607.80450,Unknown,[M+H]+,null,1.00,False,null,null,null,null,null,null,999,False,False,False,Normalized unit: Intensity,False,False,68,0,0.00,null,null,null,null,null,null,null,1258.73,P Carly RT Mix 4p4 2Xdil 2_GC1_01_66462,607.80450:131660 608.80917:33356 609.81384:0,null,466940,686945,663332,688872,626522.403234374,107019.840992587
69,17.990,608.16003,Unknown,[M+H]+,null,1.00,False,null,null,null,null,null,null,999,False,False,False,Normalized unit: Intensity,False,False,69,0,0.00,null,null,null,null,null,null,null,2417.79,P Carly RT Mix 4p4 2Xdil 2_GC1_01_66462,608.16003:209612 609.16470:61044 610.16937:1006,null,692519,1053084,995530,1044808,946485.176828124,171206.145601365
70,13.163,609.44977,no MS2: DG 34:5,[M+Na]+,null,1.00,False,9.111,609.44891,C37H62O5,DG,ISLIFCNTWVJFNJ-UHFFFAOYSA-N,O=C(OCC(OC(=O)CCCCCCCCCC=CCC=CCC=CCC=CCC=CCC)CO)CCCCCCC,530,False,True,False,Normalized unit: Intensity; Annotation method: Msp20260116160945_NCDK_conventional_converted_dev_1,False,False,70,0,0.00,1.00,null,null,null,-1.00,-1.00,-0.143,494.57,P Carly RT Mix 4p4 2Xdil 3_GC1_01_66463,609.44879:95006 610.45346:37384 611.45813:7714,null,655485,894269,822438,854937,806782.346828125,105053.555079053
71,14.774,611.51538,Unknown,[M+H]+,null,1.00,False,null,null,null,null,null,null,999,False,False,False,Normalized unit: Intensity,False,False,71,0,0.00,null,null,null,null,null,null,null,210.95,P Carly RT Mix 4p4 2Xdil 2_GC1_01_66462,611.51538:116480 612.52005:45590 613.52472:11112,null,610422,827715,798320,808133,761147.253890624,101223.774451767
72,13.579,612.49933,no MS2: Cer 39:6;O4|Cer 13:1;O3/26:5(2OH),[M+H-H2O]+,null,0.75,False,9.126,612.49860,C39H67NO5,Cer_AP,HPBWSLZHQNQFGH-UHFFFAOYSA-N,O=C(NC(CO)C(O)C(O)CCCC=CCCCC)C(O)CCCCCCCCC=CCC=CCC=CCC=CCC=CCC,530,False,True,False,Normalized unit: Intensity; Annotation method: Msp20260116160945_NCDK_conventional_converted_dev_1,False,False,72,0,0.00,1.00,null,null,null,-1.00,-1.00,-0.145,290.66,P Carly RT Mix 4p4 2Xdil 3_GC1_01_66463,612.49805:70912 613.50271:28634 614.50738:7068,null,487339,688251,655184,651883,620664.163171875,90387.4596851188
73,14.856,612.49976,no MS2: Cer 39:6;O4|Cer 13:1;O3/26:5(2OH),[M+H-H2O]+,null,1.00,False,9.126,612.49860,C39H67NO5,Cer_AP,HPBWSLZHQNQFGH-UHFFFAOYSA-N,O=C(NC(CO)C(O)C(O)CCCC=CCCCC)C(O)CCCCCCCCC=CCC=CCC=CCC=CCC=CCC,530,False,True,False,Normalized unit: Intensity; Annotation method: Msp20260116160945_NCDK_conventional_converted_dev_1,False,False,73,0,0.00,1.00,null,null,null,-1.00,-1.00,-0.143,521.36,P Carly RT Mix 4p4 2Xdil 4_GC1_01_66464,612.49860:103236 613.50326:44712 614.50793:9668,null,519566,759099,699405,738119,679047.076609376,109157.903905055
74,14.895,613.52985,Unknown,[M+H]+,null,1.00,False,null,null,null,null,null,null,999,False,False,False,Normalized unit: Intensity,False,False,74,0,0.00,null,null,null,null,null,null,null,662.74,P Carly RT Mix 4p4 2Xdil 4_GC1_01_66464,613.52985:116540 614.53451:48414 615.53918:10320,null,606281,842358,779201,833951,765447.750984375,109743.765345822
75,12.332,614.52576,Unknown,[M+H]+,null,1.00,False,null,null,null,null,null,null,999,False,False,False,Normalized unit: Intensity,False,False,75,0,0.00,null,null,null,null,null,null,null,337.17,P Carly RT Mix 4p4 2Xdil 2_GC1_01_66462,614.52576:151956 615.53042:61636 616.53509:13318,null,724900,1010828,935485,962425,908409.73659375,126248.405571463
76,16.990,614.57190,no MS2: Cer 37:0;O4|Cer 12:0;O3/25:0(2OH),[M+H]+,null,1.00,False,9.921,614.57178,C37H75NO5,Cer_AP,NUDZJDBCWPEIMF-UHFFFAOYSA-N,O=C(NC(CO)C(O)C(O)CCCCCCCC)C(O)CCCCCCCCCCCCCCCCCCCCCCC,530,False,True,False,Normalized unit: Intensity; Annotation method: Msp20260116160945_NCDK_conventional_converted_dev_1,False,False,76,0,0.00,1.00,null,null,null,-1.00,-1.00,-0.143,80504.05,P Carly RT Mix 4p4 2Xdil 2_GC1_01_66462,614.57190:10448446 615.57657:5059460 616.58123:1014058,null,52596682,67114458,65221932,66611403,62886118.6220625,6906159.9152079
77,16.990,614.71069,Unknown,[M+NH4]+,null,1.00,False,null,null,null,null,null,null,999,False,False,False,Normalized unit: Intensity,False,False,77,0,0.00,null,null,null,null,null,null,null,2093.14,P Carly RT Mix 4p4 2Xdil 4_GC1_01_66464,614.71069:187556 615.71536:64880 616.72003:2692,null,734656,1036308,997272,1040650,952221.24084375,146349.525426255
78,16.990,614.81409,Unknown,[M+NH4]+,null,1.00,False,null,null,null,null,null,null,999,False,False,False,Normalized unit: Intensity,False,False,78,0,0.00,null,null,null,null,null,null,null,1211.76,P Carly RT Mix 4p4 2Xdil 2_GC1_01_66462,614.81409:160204 615.81875:64466 616.82342:0,null,700394,937260,900946,933019,867904.740984375,112844.323748532
79,16.990,615.16925,Unknown,[M+H]+,null,1.00,False,null,null,null,null,null,null,999,False,False,False,Normalized unit: Intensity,False,False,79,0,0.00,null,null,null,null,null,null,null,4335.34,P Carly RT Mix 4p4 2Xdil 4_GC1_01_66464,615.16925:332244 616.17392:109790 617.17859:3778,null,1363830,1842994,1784918,1851678,1710854.89825,233240.757896299
80,13.367,615.51019,no MS2: SE 28:3/13:0,[M+Na]+,null,1.00,False,13.837,615.51123,C41H68O2,EGSE,XJVFESQHVSZTEG-UHFFFAOYSA-N,O=C(OC1CC2=CC=C3C(CCC4(C)C3CCC4C(C=CC(C)C(C)C)C)C2(C)CC1)CCCCCCCCCCCC,530,False,True,False,Normalized unit: Intensity; Annotation method: Msp20260116160945_NCDK_conventional_converted_dev_1,False,False,80,0,0.00,0.99,null,null,null,-1.00,-1.00,-0.150,237.87,P Carly RT Mix 4p4 2Xdil 2_GC1_01_66462,615.51019:101392 616.51486:40122 617.51953:8964,null,728692,1063318,995153,1027957,953780.008296875,152618.101298645
81,5.806,616.39502,no MS2: PC 22:0,[M+Na]+,null,1.00,False,7.456,616.39490,C30H60NO8P,PC,ILDZIBMDHOBSCW-UHFFFAOYSA-N,O=C(OCC(OC(=O)CCCC)COP(=O)([O-])OCC[N+](C)(C)C)CCCCCCCCCCCCCCCC,530,False,True,False,Normalized unit: Intensity; Annotation method: Msp20260116160945_NCDK_conventional_converted_dev_1,False,False,81,0,0.00,1.00,null,null,null,-1.00,-1.00,-0.143,2150.38,P Carly RT Mix 4p4 2Xdil 2_GC1_01_66462,616.39502:659634 617.39969:212050 618.40436:39634,null,2046033,2774409,2668078,2719276,2551948.97909375,340060.622639753
82,16.990,619.52734,no MS2: DG 34:0,[M+Na]+,null,1.00,False,12.929,619.52722,C37H72O5,DG,SSJMMYPUZPYGQU-UHFFFAOYSA-N,O=C(OCC(OC(=O)CCCCCCC)CO)CCCCCCCCCCCCCCCCCCCCCCCCC,530,False,True,False,Normalized unit: Intensity; Annotation method: Msp20260116160945_NCDK_conventional_converted_dev_1,False,False,82,0,0.00,1.00,null,null,null,-1.00,-1.00,-0.143,4698.42,P Carly RT Mix 4p4 2Xdil 4_GC1_01_66464,619.52734:731074 620.53201:297628 621.53668:59628,null,7297751,7634217,7631902,7742572,7576610.44350001,192943.359017174
83,6.847,622.44440,no MS2: DMPE 25:0|DMPE 20:0_5:0,[M+H]+,null,1.00,False,7.591,622.44421,C32H64NO8P,DMPE,KMJQEIDGTJZSPO-UHFFFAOYSA-N,O=C(OCC(OC(=O)CCCC)COP(=O)(O)OCCN(C)C)CCCCCCCCCCCCCCCCCCC,530,False,True,False,Normalized unit: Intensity; Annotation method: Msp20260116160945_NCDK_conventional_converted_dev_1,False,False,83,0,0.00,1.00,null,null,null,-1.00,-1.00,-0.143,67150.30,P Carly RT Mix 4p4 2Xdil 2_GC1_01_66462,622.44440:10913144 623.44906:4593496 624.45373:976978,null,48693517,61555094,59581350,60246748,57519177.4320626,5940625.92833011
84,6.844,622.58368,Unknown,[M+H]+,null,0.75,False,null,null,null,null,null,null,999,False,False,False,Normalized unit: Intensity,False,False,84,0,0.00,null,null,null,null,null,null,null,1372.16,P Carly RT Mix 4p4 2Xdil 2_GC1_01_66462,622.58368:185724 623.58835:43798 624.59301:0,null,577026,833653,789235,813482,753349.062812501,118942.870963004
85,6.847,622.68781,Unknown,[M+H]+,null,1.00,False,null,null,null,null,null,null,999,False,False,False,Normalized unit: Intensity,False,False,85,0,0.00,null,null,null,null,null,null,null,1587.04,P Carly RT Mix 4p4 2Xdil 4_GC1_01_66464,622.68781:164076 623.69247:51732 624.69714:2460,null,623903,814144,775011,819567,758156.356296876,91676.9729062982
86,6.847,623.04510,Unknown,[M+H]+,null,1.00,False,null,null,null,null,null,null,999,False,False,False,Normalized unit: Intensity,False,False,86,0,0.00,null,null,null,null,null,null,null,4292.62,P Carly RT Mix 4p4 2Xdil 4_GC1_01_66464,623.04510:363914 624.04977:100400 625.05444:3406,null,1249137,1722028,1643667,1725937,1585192.23782813,227218.999906587
87,4.938,624.43512,Unknown,[M+H]+,null,1.00,False,null,null,null,null,null,null,999,False,False,False,Normalized unit: Intensity,False,False,87,0,0.00,null,null,null,null,null,null,null,2322.81,P Carly RT Mix 4p4 2Xdil 3_GC1_01_66463,624.43549:300348 625.44015:102750 626.44482:21412,null,822471,1151238,1105237,1132533,1052869.99435938,154756.110663977
88,15.536,625.53088,Unknown,[M+H]+,null,1.00,False,null,null,null,null,null,null,999,False,False,False,Normalized unit: Intensity,False,False,88,0,0.00,null,null,null,null,null,null,null,1325.69,P Carly RT Mix 4p4 2Xdil 2_GC1_01_66462,625.53088:318250 626.53555:143944 627.54022:33882,null,1815603,2496901,2321095,2348759,2245589.688375,296867.481402385
89,17.995,625.57648,Unknown,[M+H]+,null,1.00,False,null,null,null,null,null,null,999,False,False,False,Normalized unit: Intensity,False,False,89,0,0.00,null,null,null,null,null,null,null,15649.54,P Carly RT Mix 4p4 2Xdil 2_GC1_01_66462,625.57648:1927260 626.58114:791014 627.58581:180084,null,8532753,11456653,10961029,11240624,10547764.7321875,1358576.88537325
90,15.756,629.52606,no MS2: SE 28:3/14:0,[M+Na]+,null,1.00,False,14.079,629.52679,C42H70O2,EGSE,ZMSIDIYWEIWYIZ-UHFFFAOYSA-N,O=C(OC1CC2=CC=C3C(CCC4(C)C3CCC4C(C=CC(C)C(C)C)C)C2(C)CC1)CCCCCCCCCCCCC,530,False,True,False,Normalized unit: Intensity; Annotation method: Msp20260116160945_NCDK_conventional_converted_dev_1,False,False,90,0,0.00,0.99,null,null,null,-1.00,-1.00,-0.146,582.22,P Carly RT Mix 4p4 2Xdil 3_GC1_01_66463,629.52612:155278 630.53079:65912 631.53546:14436,null,791889,1010841,961061,987655,937861.521015626,99417.4128832223
91,13.427,630.50958,no MS2: Cer 39:6;O4|Cer 13:1;O3/26:5(2OH),[M+NH4]+,null,1.00,False,9.126,630.50922,C39H67NO5,Cer_AP,HPBWSLZHQNQFGH-UHFFFAOYSA-N,O=C(NC(CO)C(O)C(O)CCCC=CCCCC)C(O)CCCCCCCCC=CCC=CCC=CCC=CCC=CCC,530,False,True,False,Normalized unit: Intensity; Annotation method: Msp20260116160945_NCDK_conventional_converted_dev_1,False,False,91,0,0.00,1.00,null,null,null,-1.00,-1.00,-0.143,446.88,P Carly RT Mix 4p4 2Xdil 4_GC1_01_66464,630.50928:118858 631.51395:46860 632.51861:12522,null,683649,963085,915022,928815,872642.91246875,127605.692909265
92,14.446,631.54175,no MS2: VAE 22:0,[M+Na]+,null,0.50,False,14.412,631.54248,C42H72O2,VAE,YYLPDZSLHKPIGI-UHFFFAOYSA-N,O=C(OCC=C(C=CC=C(C=CC1=C(C)CCCC1(C)C)C)C)CCCCCCCCCCCCCCCCCCCCC,530,False,True,False,Normalized unit: Intensity; Annotation method: Msp20260116160945_NCDK_conventional_converted_dev_1,False,False,92,0,0.00,1.00,null,null,null,-1.00,-1.00,-0.145,215.96,P Carly RT Mix 4p4 2Xdil 3_GC1_01_66463,631.54193:57366 632.54660:24936 633.55127:5086,null,924616,1239936,1130871,1904946,1300092.328875,423904.635983384
93,14.861,634.48145,no MS2: PC O-26:1|PC O-8:0_18:1,[M+H]+,null,0.75,False,7.937,634.48059,C34H68NO7P,EtherPC,AWODWRAAWVAUGL-UHFFFAOYSA-N,O=C(OC(COCCCCCCCC)COP(=O)([O-])OCC[N+](C)(C)C)CCCCCCCC=CCCCCCCCC,530,False,True,False,Normalized unit: Intensity; Annotation method: Msp20260116160945_NCDK_conventional_converted_dev_1,False,False,93,0,0.00,1.00,null,null,null,-1.00,-1.00,-0.143,119.91,P Carly RT Mix 4p4 2Xdil 4_GC1_01_66464,634.48035:78516 635.48501:34230 636.48968:7706,null,486281,629123,578012,592124,571385.062546875,60691.5362119267
94,13.427,635.46490,no MS2: DG 36:6,[M+Na]+,null,1.00,False,9.151,635.46460,C39H64O5,DG,MIZLVTMVPBPVTL-UHFFFAOYSA-N,O=C(OCC(OC(=O)CCCCCCCCC=CCC=CCC=CCC=CCC=CCC=CCC)CO)CCCCCCC,530,False,True,False,Normalized unit: Intensity; Annotation method: Msp20260116160945_NCDK_conventional_converted_dev_1,False,False,94,0,0.00,1.00,null,null,null,-1.00,-1.00,-0.143,236.57,P Carly RT Mix 4p4 2Xdil 3_GC1_01_66463,635.46460:97658 636.46927:42174 637.47394:11734,null,654534,821895,765851,774768,754262.16334375,70886.7488538036
95,17.233,638.55017,no MS2: Cer 42:6;O3|Cer 12:0;O2/30:6;O,[M+H-H2O]+,null,1.00,False,10.838,638.55072,C42H73NO4,Cer_HDS,RFQLSHVIAAYHFN-UHFFFAOYSA-N,O=C(NC(CO)C(O)CCCCCCCCC)C(O)CCCCCCCCCC=CCC=CCC=CCC=CCC=CCC=CCC,530,False,True,False,Normalized unit: Intensity; Annotation method: Msp20260116160945_NCDK_conventional_converted_dev_1,False,False,95,0,0.00,1.00,null,null,null,-1.00,-1.00,-0.143,394.49,P Carly RT Mix 4p4 2Xdil 1_GC1_01_66461,638.55072:62530 639.55539:27292 640.56006:6142,null,394311,540443,510263,523002,492004.646625,66293.7948195492
96,14.466,640.53064,no MS2: Cer 41:6;O4|Cer 13:1;O3/28:5(2OH),[M+H-H2O]+,null,1.00,False,9.463,640.52991,C41H71NO5,Cer_AP,RUFAUONCBRDHJF-UHFFFAOYSA-N,O=C(NC(CO)C(O)C(O)CCCC=CCCCC)C(O)CCCCCCCCCCC=CCC=CCC=CCC=CCC=CCC,530,False,True,False,Normalized unit: Intensity; Annotation method: Msp20260116160945_NCDK_conventional_converted_dev_1,False,False,96,0,0.00,0.99,null,null,null,-1.00,-1.00,-0.146,503.24,P Carly RT Mix 4p4 2Xdil 4_GC1_01_66464,640.53064:92352 641.53531:37088 642.53998:8688,null,817210,967989,945169,1153991,971089.80065625,138820.68722092
97,16.990,641.58319,no MS2: NAGly 36:1;O2|NAGly 8:0;O(FA 28:0),[M+NH4]+,null,1.00,False,11.737,641.58270,C38H73NO5,NAGly,PPSRXUPCRPPAKT-UHFFFAOYSA-N,O=C(O)CNC(=O)CCCC(OC(=O)CCCCCCCCCCCCCCCCCCCCCCCCCCC)CCC,530,False,True,False,Normalized unit: Intensity; Annotation method: Msp20260116160945_NCDK_conventional_converted_dev_1,False,False,97,0,0.00,1.00,null,null,null,-1.00,-1.00,-0.143,2350.59,P Carly RT Mix 4p4 2Xdil 2_GC1_01_66462,641.58258:512322 642.58725:222264 643.59192:50212,null,3772709,3968905,3954090,4030598,3931575.52804688,110972.045514631
98,17.995,642.60345,no MS2: Cer 39:0;O4|Cer 12:0;O3/27:0(2OH),[M+H]+,null,1.00,False,10.890,642.60309,C39H79NO5,Cer_AP,UVJIZYHAMUHMSR-UHFFFAOYSA-N,O=C(NC(CO)C(O)C(O)CCCCCCCC)C(O)CCCCCCCCCCCCCCCCCCCCCCCCC,530,False,True,False,Normalized unit: Intensity; Annotation method: Msp20260116160945_NCDK_conventional_converted_dev_1,False,False,98,0,0.00,1.00,null,null,null,-1.00,-1.00,-0.144,59431.45,P Carly RT Mix 4p4 2Xdil 2_GC1_01_66462,642.60345:12509264 643.60812:7126956 644.61279:1522696,null,66277956,82618539,79907536,81194935,77499741.7183124,7562682.27206061
99,17.995,642.74451,Unknown,[M+H]+,null,1.00,False,null,null,null,null,null,null,999,False,False,False,Normalized unit: Intensity,False,False,99,0,0.00,null,null,null,null,null,null,null,1859.57,P Carly RT Mix 4p4 2Xdil 2_GC1_01_66462,642.74451:238320 643.74917:98644 644.75384:4960,null,998948,1361933,1284469,1339314,1246166.03635937,167990.312119248
100,17.995,642.85132,Unknown,[M+H]+,null,1.00,False,null,null,null,null,null,null,999,False,False,False,Normalized unit: Intensity,False,False,100,0,0.00,null,null,null,null,null,null,null,1475.64,P Carly RT Mix 4p4 2Xdil 2_GC1_01_66462,642.85132:201606 643.85599:101166 644.86065:4866,null,941453,1231045,1172345,1201136,1136494.93132812,132217.757371914
101,17.995,642.96167,Unknown,[M+H]+,null,0.75,False,null,null,null,null,null,null,999,False,False,False,Normalized unit: Intensity,False,False,101,0,0.00,null,null,null,null,null,null,null,962.62,P Carly RT Mix 4p4 2Xdil 2_GC1_01_66462,642.96167:89768 643.96634:7802 644.97101:2582,null,269611,429599,406348,424898,382613.860734375,76001.1719958859
102,17.995,643.21375,Unknown,[M+H]+,null,1.00,False,null,null,null,null,null,null,999,False,False,False,Normalized unit: Intensity,False,False,102,0,0.00,null,null,null,null,null,null,null,5696.16,P Carly RT Mix 4p4 2Xdil 2_GC1_01_66462,643.21375:442894 644.21841:176722 645.22308:6364,null,1836859,2514089,2348810,2445946,2286425.75154687,307289.005919017
103,6.847,644.42603,no MS2: PC 24:0,[M+Na]+,null,1.00,False,7.648,644.42621,C32H64NO8P,PC,OAWBCSUVFHGGHW-UHFFFAOYSA-N,O=C(OCC(OC(=O)CCCC)COP(=O)([O-])OCC[N+](C)(C)C)CCCCCCCCCCCCCCCCCC,530,False,True,False,Normalized unit: Intensity; Annotation method: Msp20260116160945_NCDK_conventional_converted_dev_1,False,False,103,0,0.00,1.00,null,null,null,-1.00,-1.00,-0.143,6017.54,P Carly RT Mix 4p4 2Xdil 3_GC1_01_66463,644.42621:675346 645.43088:222914 646.43554:44704,null,2484610,3441369,3306520,3350299,3145699.59203125,444290.926203225
104,18.185,645.56049,no MS2: SE 28:4/17:1,[M+H]+,null,1.00,False,14.333,645.56049,C45H72O2,DEGSE,PWVHPMJHUOHTEN-UHFFFAOYSA-N,O=C(OC1CC2=CC=C3C(=CCC4(C)C3CCC4C(C=CC(C)C(C)C)C)C2(C)CC1)CCCCCCCC=CCCCCCCC,530,False,True,False,Normalized unit: Intensity; Annotation method: Msp20260116160945_NCDK_conventional_converted_dev_1,False,False,104,0,0.00,1.00,null,null,null,-1.00,-1.00,-0.143,1181.36,P Carly RT Mix 4p4 2Xdil 2_GC1_01_66462,645.56049:183968 646.56515:91092 647.56982:343416,null,907400,1232521,1163660,1226587,1132542.2025,153294.450758284
105,16.662,645.56055,no MS2: SE 28:4/17:1,[M+H]+,null,0.75,False,14.333,645.56049,C45H72O2,DEGSE,PWVHPMJHUOHTEN-UHFFFAOYSA-N,O=C(OC1CC2=CC=C3C(=CCC4(C)C3CCC4C(C=CC(C)C(C)C)C)C2(C)CC1)CCCCCCCC=CCCCCCCC,530,False,True,False,Normalized unit: Intensity; Annotation method: Msp20260116160945_NCDK_conventional_converted_dev_1,False,False,105,0,0.00,1.00,null,null,null,-1.00,-1.00,-0.143,273.65,P Carly RT Mix 4p4 2Xdil 2_GC1_01_66462,645.56055:69714 646.56521:32850 647.56988:9028,null,445017,628142,597040,595837,566508.908562501,82363.6374494676
106,17.254,647.45807,Unknown,[M+H]+,null,1.00,False,null,null,null,null,null,null,999,False,False,False,Normalized unit: Intensity,False,False,106,0,0.00,null,null,null,null,null,null,null,224.79,P Carly RT Mix 4p4 2Xdil 1_GC1_01_66461,647.45807:100010 648.46274:44178 649.46740:10626,null,864540,792548,846825,830003,833479.09715625,30715.6075779314
107,17.995,647.55835,no MS2: RIKEN P-VS1 ID-6769 from Mouse_Macrophage_WT_N_F1,[M+H]+,null,1.00,False,13.200,647.55670,null,Unknown,null,null,530,False,True,False,Normalized unit: Intensity; Annotation method: Msp20260116160945_NCDK_conventional_converted_dev_1,False,False,107,0,0.00,0.97,null,null,null,-1.00,-1.00,-0.141,2118.04,P Carly RT Mix 4p4 2Xdil 2_GC1_01_66462,647.55823:824378 648.56290:337850 649.56756:71454,null,7681344,8332227,8199136,8319408,8133028.95804687,307032.413854737
108,18.186,647.57562,no MS2: SE 28:4/17:0,[M+H]+,null,0.75,False,14.344,647.57617,C45H74O2,DEGSE,SMBKRNCNALQNLI-UHFFFAOYSA-N,O=C(OC1CC2=CC=C3C(=CCC4(C)C3CCC4C(C=CC(C)C(C)C)C)C2(C)CC1)CCCCCCCCCCCCCCCC,530,False,True,False,Normalized unit: Intensity; Annotation method: Msp20260116160945_NCDK_conventional_converted_dev_1,False,False,108,0,0.00,1.00,null,null,null,-1.00,-1.00,-0.143,733.06,P Carly RT Mix 4p4 2Xdil 3_GC1_01_66463,647.57642:325386 648.58108:162484 649.58575:39716,null,2029044,2777222,2681159,2760967,2562097.98139062,357840.279307509
109,13.514,649.56702,Unknown,[M+H]+,null,1.00,False,null,null,null,null,null,null,999,False,False,False,Normalized unit: Intensity,False,False,109,0,0.00,null,null,null,null,null,null,null,826.15,P Carly RT Mix 4p4 2Xdil 2_GC1_01_66462,649.56702:190422 650.57168:89728 651.57635:21216,null,1257879,1790793,1712777,1739064,1625128.33196875,246968.703404772
110,18.653,649.59100,no MS2: SE 28:3/17:0,[M+H]+,null,0.50,False,14.427,649.59180,C45H76O2,EGSE,VGUZMPDGGYQYST-UHFFFAOYSA-N,O=C(OC1CC2=CC=C3C(CCC4(C)C3CCC4C(C=CC(C)C(C)C)C)C2(C)CC1)CCCCCCCCCCCCCCCC,530,False,True,False,Normalized unit: Intensity; Annotation method: Msp20260116160945_NCDK_conventional_converted_dev_1,False,False,110,0,0.00,0.99,null,null,null,-1.00,-1.00,-0.147,269.18,P Carly RT Mix 4p4 2Xdil 2_GC1_01_66462,649.59100:62106 650.59567:29474 651.60034:7142,null,406625,587514,550687,578432,530814.47790625,84261.8283754223
111,21.155,649.59161,no MS2: SE 28:3/17:0,[M+H]+,null,1.00,False,14.427,649.59180,C45H76O2,EGSE,VGUZMPDGGYQYST-UHFFFAOYSA-N,O=C(OC1CC2=CC=C3C(CCC4(C)C3CCC4C(C=CC(C)C(C)C)C)C2(C)CC1)CCCCCCCCCCCCCCCC,530,False,True,False,Normalized unit: Intensity; Annotation method: Msp20260116160945_NCDK_conventional_converted_dev_1,False,False,111,0,0.00,1.00,null,null,null,-1.00,-1.00,-0.143,544.34,P Carly RT Mix 4p4 2Xdil 3_GC1_01_66463,649.59186:108772 650.59653:57150 651.60119:14020,null,662443,841005,821834,851536,794204.419890626,88696.982230375
112,8.093,650.47601,no MS2: DMPE 27:0|DMPE 22:0_5:0,[M+H]+,null,1.00,False,8.318,650.47552,C34H68NO8P,DMPE,UEFONBQBHFDUCB-UHFFFAOYSA-N,O=C(OCC(OC(=O)CCCC)COP(=O)(O)OCCN(C)C)CCCCCCCCCCCCCCCCCCCCC,530,False,True,False,Normalized unit: Intensity; Annotation method: Msp20260116160945_NCDK_conventional_converted_dev_1,False,False,112,0,0.00,1.00,null,null,null,-1.00,-1.00,-0.143,40282.82,P Carly RT Mix 4p4 2Xdil 4_GC1_01_66464,650.47565:10775544 651.48031:4440616 652.48498:906082,null,50347807,65595470,63758392,64850376,61138011.3090156,7232922.06941377
113,8.093,650.61829,Unknown,[M+2H]2+,null,1.00,False,null,null,null,null,null,null,999,False,False,False,Normalized unit: Intensity,False,False,113,0,0.00,null,null,null,null,null,null,null,892.98,P Carly RT Mix 4p4 2Xdil 2_GC1_01_66462,650.61829:174556 651.62295:35482 652.62762:2246,null,563023,839632,798074,816700,754356.965921875,128683.501590539
114,8.093,650.72522,Unknown,[M+H]+,null,1.00,False,null,null,null,null,null,null,999,False,False,False,Normalized unit: Intensity,False,False,114,0,0.00,null,null,null,null,null,null,null,1511.18,P Carly RT Mix 4p4 2Xdil 2_GC1_01_66462,650.72522:158376 651.72989:46174 652.73456:0,null,608038,854397,825242,847756,783858.18190625,117875.887329759
115,21.597,651.60718,no MS2: VAE 25:0,[M+H]+,null,1.00,False,14.642,651.60748,C45H78O2,VAE,HJYFPBYXTPMOIB-UHFFFAOYSA-N,O=C(OCC=C(C=CC=C(C=CC1=C(C)CCCC1(C)C)C)C)CCCCCCCCCCCCCCCCCCCCCCCC,530,False,True,False,Normalized unit: Intensity; Annotation method: Msp20260116160945_NCDK_conventional_converted_dev_1,False,False,115,0,0.00,1.00,null,null,null,-1.00,-1.00,-0.143,315.53,P Carly RT Mix 4p4 2Xdil 1_GC1_01_66461,651.60724:65712 652.61191:29228 653.61657:7890,null,545540,641877,640625,634535,615644.313374999,46846.0003634195
116,8.089,652.09363,Unknown,[M+H]+,null,0.75,False,null,null,null,null,null,null,999,False,False,False,Normalized unit: Intensity,False,False,116,0,0.00,null,null,null,null,null,null,null,1224.72,P Carly RT Mix 4p4 2Xdil 2_GC1_01_66462,652.09363:96978 653.09830:3438 654.10296:1116,null,228945,399982,379678,381153,347439.500203125,79535.2340196506
117,5.806,652.46649,no MS2: SL 37:5;O2|SL 13:1;O/24:4;O,[M+H]+,null,1.00,False,8.607,652.46051,C37H65NO6S,SL,LPWZXROKWALVIN-UHFFFAOYSA-N,O=C(N(CC(O)C=CCCCCCCCC)CS(=O)(=O)O)C(O)CCCCCCCCCC=CCC=CCC=CCC=CCC,530,False,True,False,Normalized unit: Intensity; Annotation method: Msp20260116160945_NCDK_conventional_converted_dev_1,False,False,117,0,0.00,0.71,null,null,null,-1.00,-1.00,-0.289,826.12,P Carly RT Mix 4p4 2Xdil 1_GC1_01_66461,652.46594:364296 653.47061:126726 654.47528:26422,null,1474296,2060045,1953763,2017605,1876427.05698438,271623.090347915
118,17.722,652.56598,no MS2: RIKEN P-VS1 ID-6861 from Mouse_AdrenalGlands_WT_N_Ctr,[M+H]+,null,1.00,False,13.440,652.56500,null,Unknown,null,null,530,False,True,False,Normalized unit: Intensity; Annotation method: Msp20260116160945_NCDK_conventional_converted_dev_1,False,False,118,0,0.00,0.99,null,null,null,-1.00,-1.00,-0.132,911.76,P Carly RT Mix 4p4 2Xdil 1_GC1_01_66461,652.56580:210274 653.57046:91130 654.57513:22062,null,1308793,1814664,1732739,1788604,1661200.30326563,237410.816367924
119,13.579,653.52600,no MS2: SE 28:4/16:1,[M+Na]+,null,1.00,False,13.967,653.52679,C44H70O2,DEGSE,QAVIHJZUVLMUKS-UHFFFAOYSA-N,O=C(OC1CC2=CC=C3C(=CCC4(C)C3CCC4C(C=CC(C)C(C)C)C)C2(C)CC1)CCCCCCCC=CCCCCCC,530,False,True,False,Normalized unit: Intensity; Annotation method: Msp20260116160945_NCDK_conventional_converted_dev_1,False,False,119,0,0.00,0.99,null,null,null,-1.00,-1.00,-0.147,1836.25,P Carly RT Mix 4p4 2Xdil 2_GC1_01_66462,653.52600:405662 654.53067:178224 655.53534:42690,null,2187437,2973325,2777407,2909850,2712004.94073438,359109.880655137
120,16.990,655.59833,no MS2: NAGly 37:1;O2|NAGly 9:0;O(FA 28:0),[M+NH4]+,null,1.00,False,12.485,655.59839,C39H75NO5,NAGly,RTPCJAFNLXOFFU-UHFFFAOYSA-N,O=C(O)CNC(=O)CCCC(OC(=O)CCCCCCCCCCCCCCCCCCCCCCCCCCC)CCCC,530,False,True,False,Normalized unit: Intensity; Annotation method: Msp20260116160945_NCDK_conventional_converted_dev_1,False,False,120,0,0.00,1.00,null,null,null,-1.00,-1.00,-0.143,4296.65,P Carly RT Mix 4p4 2Xdil 2_GC1_01_66462,655.59833:1012714 656.60300:423006 657.60766:99656,null,6540029,7202356,7061398,7118410,6980548.37923438,299331.576983211
121,13.094,663.45520,no MS2: RIKEN P-VS1 ID-7082 from Mouse_Macrophage_WT_N_F1AA,[M+H]+,null,1.00,False,9.900,663.45538,null,Unknown,null,null,530,False,True,False,Normalized unit: Intensity; Annotation method: Msp20260116160945_NCDK_conventional_converted_dev_1,False,False,121,0,0.00,1.00,null,null,null,-1.00,-1.00,-0.129,1750.06,P Carly RT Mix 4p4 2Xdil 2_GC1_01_66462,663.45520:1567870 664.45987:690822 665.46454:166378,null,14095614,13856631,15028125,15536103,14629118.3227656,788075.972582757
122,18.484,663.57019,no MS2: RIKEN P-VS1 ID-7095 from Mouse_Muscle_WT_CTX0_Ctr,[M+H]+,null,1.00,False,12.100,663.56897,null,Unknown,null,null,530,False,True,False,Normalized unit: Intensity; Annotation method: Msp20260116160945_NCDK_conventional_converted_dev_1,False,False,122,0,0.00,0.98,null,null,null,-1.00,-1.00,-0.136,1702.35,P Carly RT Mix 4p4 2Xdil 2_GC1_01_66462,663.57019:1702706 664.57486:886174 665.57953:211212,null,7992391,11078466,10436693,10680540,10047022.5286719,1395059.46523752
123,18.185,663.57117,no MS2: SL 37:0;O|SL 12:0;O/25:0,[M+NH4]+,null,1.00,False,10.979,663.57037,C37H75NO5S,SL,GERSZGWKMLRVRK-UHFFFAOYSA-N,O=C(N(CC(O)CCCCCCCCC)CS(=O)(=O)O)CCCCCCCCCCCCCCCCCCCCCCCC,530,False,True,False,Normalized unit: Intensity; Annotation method: Msp20260116160945_NCDK_conventional_converted_dev_1,False,False,123,0,0.00,0.99,null,null,null,-1.00,-1.00,-0.146,628.80,P Carly RT Mix 4p4 2Xdil 2_GC1_01_66462,663.57117:610644 664.57583:307152 665.58050:79060,null,3145849,4280763,4060865,4189406,3919220.79667188,523411.868360821
124,16.666,663.57117,no MS2: SL 37:0;O|SL 12:0;O/25:0,[M+NH4]+,null,1.00,False,10.979,663.57037,C37H75NO5S,SL,GERSZGWKMLRVRK-UHFFFAOYSA-N,O=C(N(CC(O)CCCCCCCCC)CS(=O)(=O)O)CCCCCCCCCCCCCCCCCCCCCCCC,530,False,True,False,Normalized unit: Intensity; Annotation method: Msp20260116160945_NCDK_conventional_converted_dev_1,False,False,124,0,0.00,0.99,null,null,null,-1.00,-1.00,-0.146,101.33,P Carly RT Mix 4p4 2Xdil 2_GC1_01_66462,663.57117:95000 664.57583:47174 665.58050:12978,null,816301,1162492,1095431,1124919,1049785.629125,158057.454018715
125,20.696,664.60107,no MS2: SE 28:2/17:2,[M+NH4]+,null,1.00,False,14.133,664.60272,C45H74O2,BRSE,YNGVKVHZBTYWFJ-UHFFFAOYSA-N,O=C(OC1CC2=CCC3C(CCC4(C)C(CCC34)C(C=CC(C)C(C)C)C)C2(C)CC1)CCCCCCCC=CCC=CCCCC,530,False,True,False,Normalized unit: Intensity; Annotation method: Msp20260116160945_NCDK_conventional_converted_dev_1,False,False,125,0,0.00,1.00,null,null,null,-1.00,-1.00,-0.144,411.67,P Carly RT Mix 4p4 2Xdil 3_GC1_01_66463,664.60223:270254 665.60690:124502 666.61157:30896,null,1117786,1658341,1559505,1596568,1483049.925125,246898.200509367
126,19.311,665.58514,no MS2: NAGly 38:3;O2|NAGly 10:0;O(FA 28:2),[M+NH4]+,null,0.75,False,10.892,665.58270,C40H73NO5,NAGly,FCLGARUURSJBIN-UHFFFAOYSA-N,O=C(O)CNC(=O)CCCCCC(OC(=O)CCCCCCCCCCCCCCCC=CCC=CCCCCCCC)CCC,530,False,True,False,Normalized unit: Intensity; Annotation method: Msp20260116160945_NCDK_conventional_converted_dev_1,False,False,126,0,0.00,0.93,null,null,null,-1.00,-1.00,-0.175,140.05,P Carly RT Mix 4p4 2Xdil 2_GC1_01_66462,665.58514:73940 666.58981:35772 667.59448:11034,null,374177,525320,490648,495640,471446.365953125,66627.480649709
127,18.849,665.58514,no MS2: NAGly 38:3;O2|NAGly 10:0;O(FA 28:2),[M+NH4]+,null,0.75,False,10.892,665.58270,C40H73NO5,NAGly,FCLGARUURSJBIN-UHFFFAOYSA-N,O=C(O)CNC(=O)CCCCCC(OC(=O)CCCCCCCCCCCCCCCC=CCC=CCCCCCCC)CCC,530,False,True,False,Normalized unit: Intensity; Annotation method: Msp20260116160945_NCDK_conventional_converted_dev_1,False,False,127,0,0.00,0.93,null,null,null,-1.00,-1.00,-0.175,154.49,P Carly RT Mix 4p4 2Xdil 2_GC1_01_66462,665.58514:78958 666.58981:37756 667.59448:10116,null,442108,628349,581577,606107,564535.436906251,83823.5491426195
128,21.160,666.61853,no MS2: SE 28:2/17:1,[M+NH4]+,null,1.00,False,14.759,666.61841,C45H76O2,BRSE,KZVQJMDFHGPLAH-UHFFFAOYSA-N,O=C(OC1CC2=CCC3C(CCC4(C)C(CCC34)C(C=CC(C)C(C)C)C)C2(C)CC1)CCCCCCCC=CCCCCCCC,530,False,True,False,Normalized unit: Intensity; Annotation method: Msp20260116160945_NCDK_conventional_converted_dev_1,False,False,128,0,0.00,1.00,null,null,null,-1.00,-1.00,-0.143,24855.78,P Carly RT Mix 4p4 2Xdil 2_GC1_01_66462,666.61853:11960696 667.62320:7206546 668.62787:1666470,null,70338593,86450320,83666496,84908447,81340964.0020157,7422774.14988723
129,21.160,666.76196,Unknown,[M+2H]2+,null,1.00,False,null,null,null,null,null,null,999,False,False,False,Normalized unit: Intensity,False,False,129,0,0.00,null,null,null,null,null,null,null,1708.04,P Carly RT Mix 4p4 2Xdil 2_GC1_01_66462,666.76196:227854 667.76663:115396 668.77130:5432,null,1101976,1436348,1387291,1420053,1336417.14629688,157619.576422945
130,21.160,666.87073,Unknown,[M+H]+,null,1.00,False,null,null,null,null,null,null,999,False,False,False,Normalized unit: Intensity,False,False,130,0,0.00,null,null,null,null,null,null,null,1326.41,P Carly RT Mix 4p4 2Xdil 2_GC1_01_66462,666.87073:188544 667.87540:107962 668.88006:6818,null,1039904,1271488,1238975,1261419,1202946.40590625,109541.361491222
131,21.159,666.98352,Unknown,[M+H]+,null,0.75,False,null,null,null,null,null,null,999,False,False,False,Normalized unit: Intensity,False,False,131,0,0.00,null,null,null,null,null,null,null,985.89,P Carly RT Mix 4p4 2Xdil 4_GC1_01_66464,666.98352:142480 667.98819:18050 668.99286:2442,null,240781,428838,478780,456368,401191.547921876,108873.155140481
132,17.709,668.56104,no MS2: Cer 43:6;O4|Cer 13:1;O3/30:5(2OH),[M+H-H2O]+,null,0.50,False,10.883,668.56122,C43H75NO5,Cer_AP,ZONIEZPNUFUHOV-UHFFFAOYSA-N,O=C(NC(CO)C(O)C(O)CCCC=CCCCC)C(O)CCCCCCCCCCCCC=CCC=CCC=CCC=CCC=CCC,530,False,True,False,Normalized unit: Intensity; Annotation method: Msp20260116160945_NCDK_conventional_converted_dev_1,False,False,132,0,0.00,1.00,null,null,null,-1.00,-1.00,-0.143,274.40,P Carly RT Mix 4p4 2Xdil 2_GC1_01_66462,668.56104:58490 669.56570:26586 670.57037:7588,null,808243,1139807,807109,1126239,970349.269,187921.433762015
133,21.614,668.63483,no MS2: SE 28:2/17:0,[M+NH4]+,null,1.00,False,14.709,668.63397,C45H78O2,BRSE,JRHOHGAECXXOMB-UHFFFAOYSA-N,O=C(OC1CC2=CCC3C(CCC4(C)C(CCC34)C(C=CC(C)C(C)C)C)C2(C)CC1)CCCCCCCCCCCCCCCC,530,False,True,False,Normalized unit: Intensity; Annotation method: Msp20260116160945_NCDK_conventional_converted_dev_1,False,False,133,0,0.00,1.00,null,null,null,-1.00,-1.00,-0.143,96526.13,P Carly RT Mix 4p4 2Xdil 4_GC1_01_66464,668.63391:11333322 669.63858:6537184 670.64325:1433292,null,83183488,95415916,95084293,94471199,92038723.7792968,5916447.6763811
134,21.614,668.77679,Unknown,[M+2H]2+,null,1.00,False,null,null,null,null,null,null,999,False,False,False,Normalized unit: Intensity,False,False,134,0,0.00,null,null,null,null,null,null,null,2183.87,P Carly RT Mix 4p4 2Xdil 2_GC1_01_66462,668.77679:230612 669.78146:120292 670.78613:5372,null,1473998,1722777,1677496,1687779,1640512.36940625,112688.920011729
135,21.614,668.88666,Unknown,[M+H]+,null,1.00,False,null,null,null,null,null,null,999,False,False,False,Normalized unit: Intensity,False,False,135,0,0.00,null,null,null,null,null,null,null,1683.54,P Carly RT Mix 4p4 2Xdil 4_GC1_01_66464,668.88666:184668 669.89133:111824 670.89599:6400,null,1284958,1466891,1470808,1477218,1424968.584375,93437.6001206526
136,21.619,668.99908,Unknown,[M+H]+,null,1.00,False,null,null,null,null,null,null,999,False,False,False,Normalized unit: Intensity,False,False,136,0,0.00,null,null,null,null,null,null,null,893.81,P Carly RT Mix 4p4 2Xdil 3_GC1_01_66463,668.99908:137384 670.00375:13180 671.00842:2038,null,371820,462912,583799,578767,499324.243312499,101702.496905482
137,20.696,669.55786,no MS2: SE 28:4/17:0,[M+Na]+,null,1.00,False,14.344,669.55811,C45H74O2,DEGSE,SMBKRNCNALQNLI-UHFFFAOYSA-N,O=C(OC1CC2=CC=C3C(=CCC4(C)C3CCC4C(C=CC(C)C(C)C)C)C2(C)CC1)CCCCCCCCCCCCCCCC,530,False,True,False,Normalized unit: Intensity; Annotation method: Msp20260116160945_NCDK_conventional_converted_dev_1,False,False,137,0,0.00,1.00,null,null,null,-1.00,-1.00,-0.143,359.00,P Carly RT Mix 4p4 2Xdil 3_GC1_01_66463,669.55786:87404 670.56253:39734 671.56720:19778,null,446456,551544,552791,543718,523627.170593749,51604.1802458353
138,17.995,669.61414,no MS2: NAGly 38:1;O2|NAGly 10:0;O(FA 28:0),[M+NH4]+,null,1.00,False,12.373,669.61401,C40H77NO5,NAGly,JPEJTVAOJATUIU-UHFFFAOYSA-N,O=C(O)CNC(=O)CCCCCC(OC(=O)CCCCCCCCCCCCCCCCCCCCCCCCCCC)CCC,530,False,True,False,Normalized unit: Intensity; Annotation method: Msp20260116160945_NCDK_conventional_converted_dev_1,False,False,138,0,0.00,1.00,null,null,null,-1.00,-1.00,-0.143,4040.13,P Carly RT Mix 4p4 2Xdil 2_GC1_01_66462,669.61414:795032 670.61880:340572 671.62347:75996,null,5857771,6489668,6279987,6419161,6261646.78560937,282993.695627294
139,14.852,670.55334,no MS2: SE 28:4/18:4,[M+NH4]+,null,1.00,False,13.063,670.55579,C46H68O2,DEGSE,JGSBSYSJTCBIMB-UHFFFAOYSA-N,O=C(OC1CC2=CC=C3C(=CCC4(C)C3CCC4C(C=CC(C)C(C)C)C)C2(C)CC1)CCCCC=CCC=CCC=CCC=CCC,530,False,True,False,Normalized unit: Intensity; Annotation method: Msp20260116160945_NCDK_conventional_converted_dev_1,False,False,139,0,0.00,0.94,null,null,null,-1.00,-1.00,-0.175,780.37,P Carly RT Mix 4p4 2Xdil 2_GC1_01_66462,670.55334:164944 671.55801:72128 672.56268:15526,null,955056,1314952,1245052,1284337,1199848.94709375,165684.248976568
140,18.826,670.63330,no MS2: Cer 41:0;O4|Cer 12:0;O3/29:0(2OH),[M+H]+,null,1.00,False,12.642,670.63440,C41H83NO5,Cer_AP,BOJNERMWPCTWPY-UHFFFAOYSA-N,O=C(NC(CO)C(O)C(O)CCCCCCCC)C(O)CCCCCCCCCCCCCCCCCCCCCCCCCCC,530,False,True,False,Normalized unit: Intensity; Annotation method: Msp20260116160945_NCDK_conventional_converted_dev_1,False,False,140,0,0.00,1.00,null,null,null,-1.00,-1.00,-0.143,414.39,P Carly RT Mix 4p4 2Xdil 3_GC1_01_66463,670.63464:92574 671.63931:38462 672.64398:10420,null,379018,551370,513370,532290,494011.771046877,78216.3166054782
141,21.155,671.57336,no MS2: SE 28:3/17:0,[M+Na]+,null,1.00,False,14.427,671.57379,C45H76O2,EGSE,VGUZMPDGGYQYST-UHFFFAOYSA-N,O=C(OC1CC2=CC=C3C(CCC4(C)C3CCC4C(C=CC(C)C(C)C)C)C2(C)CC1)CCCCCCCCCCCCCCCC,530,False,True,False,Normalized unit: Intensity; Annotation method: Msp20260116160945_NCDK_conventional_converted_dev_1,False,False,141,0,0.00,1.00,null,null,null,-1.00,-1.00,-0.143,1886.38,P Carly RT Mix 4p4 2Xdil 3_GC1_01_66463,671.57373:370700 672.57840:178716 673.58307:40538,null,3710198,3926250,3931897,3937137,3876370.5361875,110871.082307622
142,20.476,671.57593,no MS2: SE 28:4/19:2,[M+H]+,null,1.00,False,14.218,671.57617,C47H74O2,DEGSE,ZJTNNWFGVBBRTO-UHFFFAOYSA-N,O=C(OC1CC2=CC=C3C(=CCC4(C)C3CCC4C(C=CC(C)C(C)C)C)C2(C)CC1)CCCCCCCC=CCC=CCCCCCC,530,False,True,False,Normalized unit: Intensity; Annotation method: Msp20260116160945_NCDK_conventional_converted_dev_1,False,False,142,0,0.00,1.00,null,null,null,-1.00,-1.00,-0.143,1600.08,P Carly RT Mix 4p4 2Xdil 3_GC1_01_66463,671.57617:380584 672.58084:193066 673.58551:48398,null,2144436,2867287,2751714,2806678,2642528.9075,335399.847274162
143,8.093,672.45776,no MS2: PC 26:0,[M+Na]+,null,1.00,False,8.173,672.45752,C34H68NO8P,PC,GVHACYORHXGAEG-UHFFFAOYSA-N,O=C(OCC(OC(=O)CCCC)COP(=O)([O-])OCC[N+](C)(C)C)CCCCCCCCCCCCCCCCCCCC,530,False,True,False,Normalized unit: Intensity; Annotation method: Msp20260116160945_NCDK_conventional_converted_dev_1,False,False,143,0,0.00,1.00,null,null,null,-1.00,-1.00,-0.143,1593.89,P Carly RT Mix 4p4 2Xdil 4_GC1_01_66464,672.45746:559354 673.46213:209180 674.46679:41058,null,2230767,3066362,3004309,2967669,2817276.71485937,393122.296927231
144,13.735,673.55298,no MS2: BA 24:1;O3;G/15:1,[M+NH4]+,null,0.75,False,8.600,673.55139,C41H69NO5,GLCAE,QOVSRTINJJJJSR-UHFFFAOYSA-N,O=C(O)CNC(=O)CCC(C)C1CCC2C3CCC4CC(OC(=O)CCCCCCCC=CCCCCC)CCC4(C)C3CCC12C,530,False,True,False,Normalized unit: Intensity; Annotation method: Msp20260116160945_NCDK_conventional_converted_dev_1,False,False,144,0,0.00,1.00,null,null,null,-1.00,-1.00,-0.143,409.82,P Carly RT Mix 4p4 2Xdil 3_GC1_01_66463,673.55145:84724 674.55612:37878 675.56079:10886,null,1157181,1672041,1553471,1579733,1490606.44775,228024.908567875
145,21.610,673.58881,no MS2: VAE 25:0,[M+Na]+,null,1.00,False,14.642,673.58942,C45H78O2,VAE,HJYFPBYXTPMOIB-UHFFFAOYSA-N,O=C(OCC=C(C=CC=C(C=CC1=C(C)CCCC1(C)C)C)C)CCCCCCCCCCCCCCCCCCCCCCCC,530,False,True,False,Normalized unit: Intensity; Annotation method: Msp20260116160945_NCDK_conventional_converted_dev_1,False,False,145,0,0.00,1.00,null,null,null,-1.00,-1.00,-0.144,1798.93,P Carly RT Mix 4p4 2Xdil 3_GC1_01_66463,673.58990:301576 674.59457:147362 675.59924:35198,null,3726224,4000543,3946791,3952394,3906488.15564062,122573.896069591
146,9.513,678.50708,no MS2: DMPE 29:0|DMPE 24:0_5:0,[M+H]+,null,1.00,False,8.668,678.50677,C36H72NO8P,DMPE,QPDHMTGOUFFHHI-UHFFFAOYSA-N,O=C(OCC(OC(=O)CCCC)COP(=O)(O)OCCN(C)C)CCCCCCCCCCCCCCCCCCCCCCC,530,False,True,False,Normalized unit: Intensity; Annotation method: Msp20260116160945_NCDK_conventional_converted_dev_1,False,False,146,0,0.00,1.00,null,null,null,-1.00,-1.00,-0.143,17180.78,P Carly RT Mix 4p4 2Xdil 4_GC1_01_66464,678.50684:10277804 679.51150:4203810 680.51617:960242,null,48701433,66146237,64057969,65647089,61138182.0081875,8338839.53275363
147,9.513,678.65259,Unknown,[M+2H]2+,null,1.00,False,null,null,null,null,null,null,999,False,False,False,Normalized unit: Intensity,False,False,147,0,0.00,null,null,null,null,null,null,null,1229.02,P Carly RT Mix 4p4 2Xdil 2_GC1_01_66462,678.65259:162068 679.65726:40474 680.66192:1820,null,544080,844504,788948,818492,749006.0225625,138489.753353102
148,9.513,678.76099,Unknown,[M+H]+,null,1.00,False,null,null,null,null,null,null,999,False,False,False,Normalized unit: Intensity,False,False,148,0,0.00,null,null,null,null,null,null,null,1229.76,P Carly RT Mix 4p4 2Xdil 2_GC1_01_66462,678.76099:149336 679.76565:46098 680.77032:1978,null,552219,817753,777420,816465,740964.38784375,127214.353877088
149,17.077,679.56573,no MS2: SL 37:0;O2|SL 12:0;O/25:0;O,[M+NH4]+,null,1.00,False,9.618,679.56531,C37H75NO6S,SL,HRKHLLMYVHITRH-UHFFFAOYSA-N,O=C(N(CC(O)CCCCCCCCC)CS(=O)(=O)O)C(O)CCCCCCCCCCCCCCCCCCCCCCC,530,False,True,False,Normalized unit: Intensity; Annotation method: Msp20260116160945_NCDK_conventional_converted_dev_1,False,False,149,0,0.00,1.00,null,null,null,-1.00,-1.00,-0.144,362.96,P Carly RT Mix 4p4 2Xdil 2_GC1_01_66462,679.56573:212440 680.57040:102132 681.57507:26896,null,1081105,1466312,1375169,1417143,1334932.35092188,173269.284773228
150,16.713,679.56653,no MS2: SL 37:0;O2|SL 12:0;O/25:0;O,[M+NH4]+,null,1.00,False,9.618,679.56531,C37H75NO6S,SL,HRKHLLMYVHITRH-UHFFFAOYSA-N,O=C(N(CC(O)CCCCCCCCC)CS(=O)(=O)O)C(O)CCCCCCCCCCCCCCCCCCCCCCC,530,False,True,False,Normalized unit: Intensity; Annotation method: Msp20260116160945_NCDK_conventional_converted_dev_1,False,False,150,0,0.00,0.98,null,null,null,-1.00,-1.00,-0.151,256.95,P Carly RT Mix 4p4 2Xdil 2_GC1_01_66462,679.56653:157080 680.57120:72256 681.57586:127014,null,745450,1031709,978363,1009688,941302.350343752,132390.339586211
151,13.458,679.57806,Unknown,[M+H]+,null,0.75,False,null,null,null,null,null,null,999,False,False,False,Normalized unit: Intensity,False,False,151,0,0.00,null,null,null,null,null,null,null,140.58,P Carly RT Mix 4p4 2Xdil 2_GC1_01_66462,679.57806:71660 680.58273:32166 681.58740:8584,null,391210,586125,532395,543931,513415.042984375,84680.3825663416
152,9.510,680.13788,Unknown,[M+H]+,null,0.75,False,null,null,null,null,null,null,999,False,False,False,Normalized unit: Intensity,False,False,152,0,0.00,null,null,null,null,null,null,null,841.49,P Carly RT Mix 4p4 2Xdil 2_GC1_01_66462,680.13788:104960 681.14255:4062 682.14721:788,null,261137,464942,431042,461249,404592.147171875,96835.0788710211
153,13.094,680.48157,no MS2: RIKEN P-VS1 ID-7491 from Mouse_Macrophage_WT_N_F1AA,[M+H]+,null,1.00,False,9.910,680.48163,null,Unknown,null,null,530,False,True,False,Normalized unit: Intensity; Annotation method: Msp20260116160945_NCDK_conventional_converted_dev_1,False,False,153,0,0.00,1.00,null,null,null,-1.00,-1.00,-0.129,1228.64,P Carly RT Mix 4p4 2Xdil 2_GC1_01_66462,680.48157:918042 681.48624:425346 682.49090:97550,null,8276920,8271541,8315763,8382227,8311612.58957812,51032.3397088573
154,6.847,680.49762,no MS2: SL 39:5;O2|SL 13:1;O/26:4;O,[M+H]+,null,1.00,False,8.688,680.49182,C39H69NO6S,SL,RSDVLXRSZDSPSK-UHFFFAOYSA-N,O=C(N(CC(O)C=CCCCCCCCC)CS(=O)(=O)O)C(O)CCCCCCCCCCCC=CCC=CCC=CCC=CCC,530,False,True,False,Normalized unit: Intensity; Annotation method: Msp20260116160945_NCDK_conventional_converted_dev_1,False,False,154,0,0.00,0.78,null,null,null,-1.00,-1.00,-0.254,636.56,P Carly RT Mix 4p4 2Xdil 1_GC1_01_66461,680.49664:422270 681.50131:159010 682.50598:35390,null,1889848,2713942,2590819,2671539,2466536.80339063,387836.414606309
155,18.185,680.59766,no MS2: Cer 45:6;O3|Cer 13:0;O2/32:6;O,[M+H-H2O]+,null,1.00,False,12.094,680.59760,C45H79NO4,Cer_HDS,IMKVRXPFYIJVDT-UHFFFAOYSA-N,O=C(NC(CO)C(O)CCCCCCCCCC)C(O)CCCCCCCCCCCC=CCC=CCC=CCC=CCC=CCC=CCC,530,False,True,False,Normalized unit: Intensity; Annotation method: Msp20260116160945_NCDK_conventional_converted_dev_1,False,False,155,0,0.00,1.00,null,null,null,-1.00,-1.00,-0.143,1182.43,P Carly RT Mix 4p4 2Xdil 2_GC1_01_66462,680.59766:966624 681.60232:467346 682.60699:118964,null,4935260,6831334,6500077,6664182,6232713.28082812,875477.326310658
156,16.666,681.58148,Unknown,[M+H]+,null,1.00,False,null,null,null,null,null,null,999,False,False,False,Normalized unit: Intensity,False,False,156,0,0.00,null,null,null,null,null,null,null,390.87,P Carly RT Mix 4p4 2Xdil 2_GC1_01_66462,681.58148:202212 682.58615:109498 683.59082:27850,null,1066255,1531113,1456652,1487000,1385255.30685938,214852.686167054
157,19.315,682.61163,no MS2: Cer 45:5;O3|Cer 13:0;O2/32:5;O,[M+H-H2O]+,null,1.00,False,12.237,682.61328,C45H81NO4,Cer_HDS,GYCYIPZNYODISX-UHFFFAOYSA-N,O=C(NC(CO)C(O)CCCCCCCCCC)C(O)CCCCCCCCCCCCCCC=CCC=CCC=CCC=CCC=CCC,530,False,True,False,Normalized unit: Intensity; Annotation method: Msp20260116160945_NCDK_conventional_converted_dev_1,False,False,157,0,0.00,1.00,null,null,null,-1.00,-1.00,-0.143,1389.75,P Carly RT Mix 4p4 2Xdil 3_GC1_01_66463,682.61310:426338 683.61777:215232 684.62243:55484,null,1959027,2763566,2649096,2724021,2523927.44803125,379580.350120025
158,17.995,683.62988,no MS2: NAGly 39:1;O2|NAGly 11:0;O(FA 28:0),[M+NH4]+,null,1.00,False,13.004,683.62970,C41H79NO5,NAGly,VLHNZSQCINXSOW-UHFFFAOYSA-N,O=C(O)CNC(=O)CCCCCC(OC(=O)CCCCCCCCCCCCCCCCCCCCCCCCCCC)CCCC,530,False,True,False,Normalized unit: Intensity; Annotation method: Msp20260116160945_NCDK_conventional_converted_dev_1,False,False,158,0,0.00,1.00,null,null,null,-1.00,-1.00,-0.143,13883.43,P Carly RT Mix 4p4 2Xdil 4_GC1_01_66464,683.62988:1519750 684.63455:677738 685.63922:165202,null,10411733,11877866,11429442,11758351,11369347.9211562,665970.640943205
159,19.710,684.62756,no MS2: Cer 45:4;O3|Cer 13:0;O2/32:4;O,[M+H-H2O]+,null,0.75,False,12.951,684.62891,C45H83NO4,Cer_HDS,MMCKNJGGLAFKBU-UHFFFAOYSA-N,O=C(NC(CO)C(O)CCCCCCCCCC)C(O)CCCCCCCCCCCCCCCCCC=CCC=CCC=CCC=CCC,530,False,True,False,Normalized unit: Intensity; Annotation method: Msp20260116160945_NCDK_conventional_converted_dev_1,False,False,159,0,0.00,1.00,null,null,null,-1.00,-1.00,-0.143,262.82,P Carly RT Mix 4p4 2Xdil 3_GC1_01_66463,684.62878:79806 685.63345:37556 686.63812:9138,null,368523,510039,493080,508737,470094.5754375,68151.2935086664
160,13.094,685.43616,no MS2: SM 32:7;O2,[M+Na]+,null,1.00,False,6.300,685.43158,C37H63N2O6P,SM,XKTXCUCZGOGZTL-UHFFFAOYSA-N,O=C(NC(COP(=O)([O-])OCC[N+](C)(C)C)C(O)C=CCCC=CCCC)CCCC=CCC=CCC=CCC=CCC=CCC,530,False,True,False,Normalized unit: Intensity; Annotation method: Msp20260116160945_NCDK_conventional_converted_dev_1,False,False,160,0,0.00,0.82,null,null,null,-1.00,-1.00,-0.233,410.23,P Carly RT Mix 4p4 2Xdil 4_GC1_01_66464,685.43591:164346 686.44058:75274 687.44525:17756,null,1702878,1562127,1785250,1597678,1661983.27234375,101609.418994492
161,18.480,685.55231,no MS2: BA 24:1;O3;G/16:2,[M+NH4]+,null,1.00,False,8.416,685.55139,C42H69NO5,GLCAE,LXMQNVPHLGGKBS-UHFFFAOYSA-N,O=C(O)CNC(=O)CCC(C)C1CCC2C3CCC4CC(OC(=O)CCCCCCCC=CCC=CCCC)CCC4(C)C3CCC12C,530,False,True,False,Normalized unit: Intensity; Annotation method: Msp20260116160945_NCDK_conventional_converted_dev_1,False,False,161,0,0.00,0.99,null,null,null,-1.00,-1.00,-0.147,1215.66,P Carly RT Mix 4p4 2Xdil 2_GC1_01_66462,685.55231:518820 686.55697:253182 687.56164:62734,null,3331361,3996234,3875051,3933560,3784051.68784375,305823.389918865
162,20.073,686.58569,no MS2: SE 28:2/19:5,[M+NH4]+,null,1.00,False,14.078,686.58710,C47H72O2,BRSE,NXXNDKYCZMDEJZ-UHFFFAOYSA-N,O=C(OC1CC2=CCC3C(CCC4(C)C(CCC34)C(C=CC(C)C(C)C)C)C2(C)CC1)CCC=CCC=CCC=CCC=CCC=CCC,530,False,True,False,Normalized unit: Intensity; Annotation method: Msp20260116160945_NCDK_conventional_converted_dev_1,False,False,162,0,0.00,0.99,null,null,null,-1.00,-1.00,-0.148,321.46,P Carly RT Mix 4p4 2Xdil 3_GC1_01_66463,686.58612:112114 687.59079:57676 688.59546:13700,null,566776,854517,773995,826265,755388.307015625,130090.65858115
163,19.311,687.56708,no MS2: BA 24:1;O3;G/16:1,[M+NH4]+,null,1.00,False,8.768,687.56702,C42H71NO5,GLCAE,WFFMHKJPNDEUHA-UHFFFAOYSA-N,O=C(O)CNC(=O)CCC(C)C1CCC2C3CCC4CC(OC(=O)CCCCCCCC=CCCCCCC)CCC4(C)C3CCC12C,530,False,True,False,Normalized unit: Intensity; Annotation method: Msp20260116160945_NCDK_conventional_converted_dev_1,False,False,163,0,0.00,1.00,null,null,null,-1.00,-1.00,-0.143,936.85,P Carly RT Mix 4p4 2Xdil 2_GC1_01_66462,687.56708:295444 688.57175:141732 689.57641:36954,null,1633273,2090391,1985723,2007836,1929305.79807812,202429.86926746
164,18.861,687.56750,no MS2: BA 24:1;O3;G/16:1,[M+NH4]+,null,0.75,False,8.768,687.56702,C42H71NO5,GLCAE,WFFMHKJPNDEUHA-UHFFFAOYSA-N,O=C(O)CNC(=O)CCC(C)C1CCC2C3CCC4CC(OC(=O)CCCCCCCC=CCCCCCC)CCC4(C)C3CCC12C,530,False,True,False,Normalized unit: Intensity; Annotation method: Msp20260116160945_NCDK_conventional_converted_dev_1,False,False,164,0,0.00,1.00,null,null,null,-1.00,-1.00,-0.144,262.55,P Carly RT Mix 4p4 2Xdil 2_GC1_01_66462,687.56750:74814 688.57217:36786 689.57684:9922,null,493729,616109,604094,611397,581332.191750002,58611.0061279504
165,18.298,687.56805,no MS2: BA 24:1;O3;G/16:1,[M+NH4]+,null,1.00,False,8.768,687.56702,C42H71NO5,GLCAE,WFFMHKJPNDEUHA-UHFFFAOYSA-N,O=C(O)CNC(=O)CCC(C)C1CCC2C3CCC4CC(OC(=O)CCCCCCCC=CCCCCCC)CCC4(C)C3CCC12C,530,False,True,False,Normalized unit: Intensity; Annotation method: Msp20260116160945_NCDK_conventional_converted_dev_1,False,False,165,0,0.00,0.99,null,null,null,-1.00,-1.00,-0.149,370.53,P Carly RT Mix 4p4 2Xdil 4_GC1_01_66464,687.56805:120356 688.57272:55574 689.57739:12946,null,668247,757095,754198,755750,733822.587156251,43733.165172357
166,14.029,687.56836,no MS2: BA 24:1;O3;G/16:1,[M+NH4]+,null,0.50,False,8.768,687.56702,C42H71NO5,GLCAE,WFFMHKJPNDEUHA-UHFFFAOYSA-N,O=C(O)CNC(=O)CCC(C)C1CCC2C3CCC4CC(OC(=O)CCCCCCCC=CCCCCCC)CCC4(C)C3CCC12C,530,False,True,False,Normalized unit: Intensity; Annotation method: Msp20260116160945_NCDK_conventional_converted_dev_1,False,False,166,0,0.00,1.00,null,null,null,-1.00,-1.00,-0.143,240.89,P Carly RT Mix 4p4 2Xdil 4_GC1_01_66464,687.56671:73374 688.57138:33474 689.57605:10188,null,506941,772351,693362,731461,676028.704359376,117249.093971515
167,20.476,688.60272,no MS2: SE 28:2/19:4,[M+NH4]+,null,1.00,False,13.944,688.60272,C47H74O2,BRSE,ZNKOFJNOJYEHQU-UHFFFAOYSA-N,O=C(OC1CC2=CCC3C(CCC4(C)C(CCC34)C(C=CC(C)C(C)C)C)C2(C)CC1)CCCCCC=CCC=CCC=CCC=CCC,530,False,True,False,Normalized unit: Intensity; Annotation method: Msp20260116160945_NCDK_conventional_converted_dev_1,False,False,167,0,0.00,1.00,null,null,null,-1.00,-1.00,-0.143,46475.62,P Carly RT Mix 4p4 2Xdil 2_GC1_01_66462,688.60272:12758946 689.60739:8635060 690.61206:2006832,null,73427885,91603243,88510430,90159249,85925201.7089689,8426815.14014206
168,20.476,688.74872,Unknown,[M+2H]2+,null,1.00,False,null,null,null,null,null,null,999,False,False,False,Normalized unit: Intensity,False,False,168,0,0.00,null,null,null,null,null,null,null,2042.97,P Carly RT Mix 4p4 2Xdil 4_GC1_01_66464,688.74872:238486 689.75339:133806 690.75805:7824,null,1097921,1438327,1382140,1431227,1337404.02515625,161598.121831963
169,20.476,688.85992,Unknown,[M+H]+,null,1.00,False,null,null,null,null,null,null,999,False,False,False,Normalized unit: Intensity,False,False,169,0,0.00,null,null,null,null,null,null,null,1494.06,P Carly RT Mix 4p4 2Xdil 2_GC1_01_66462,688.85992:206474 689.86459:128120 690.86926:7116,null,993616,1287105,1253365,1273291,1201844.614875,139508.076328427
170,20.472,688.98901,Unknown,[M+H]+,null,0.75,False,null,null,null,null,null,null,999,False,False,False,Normalized unit: Intensity,False,False,170,0,0.00,null,null,null,null,null,null,null,828.19,P Carly RT Mix 4p4 2Xdil 2_GC1_01_66462,688.98901:91472 689.99368:15916 690.99835:0,null,249280,418810,404425,400678,368298.369593751,79729.7633891372
171,20.069,691.54132,no MS2: RIKEN P-VS1 ID-7759 from Mouse_Ear_fads2KO_N_Ctr,[M+Na]+,null,1.00,False,8.140,691.54327,null,Unknown,null,null,530,False,True,False,Normalized unit: Intensity; Annotation method: Msp20260116160945_NCDK_conventional_converted_dev_1,False,False,171,0,0.00,0.98,null,null,null,-1.00,-1.00,-0.136,382.17,P Carly RT Mix 4p4 2Xdil 3_GC1_01_66463,691.54199:84416 692.54666:43708 693.55133:11582,null,447586,605047,581804,595350,557446.823984375,73858.573033037
172,20.697,691.61298,Unknown,[M+H]+,null,0.75,False,null,null,null,null,null,null,999,False,False,False,Normalized unit: Intensity,False,False,172,0,0.00,null,null,null,null,null,null,null,301.79,P Carly RT Mix 4p4 2Xdil 2_GC1_01_66462,691.61298:94770 692.61764:41982 693.62231:10200,null,393133,582706,562032,568282,526538.549234374,89357.1342444912
173,20.454,693.55811,no MS2: SE 28:4/19:2,[M+Na]+,null,1.00,False,14.218,693.55811,C47H74O2,DEGSE,ZJTNNWFGVBBRTO-UHFFFAOYSA-N,O=C(OC1CC2=CC=C3C(=CCC4(C)C3CCC4C(C=CC(C)C(C)C)C)C2(C)CC1)CCCCCCCC=CCC=CCCCCCC,530,False,True,False,Normalized unit: Intensity; Annotation method: Msp20260116160945_NCDK_conventional_converted_dev_1,False,False,173,0,0.00,1.00,null,null,null,-1.00,-1.00,-0.143,1814.91,P Carly RT Mix 4p4 2Xdil 3_GC1_01_66463,693.55811:445338 694.56277:232232 695.56744:52588,null,5759421,6179372,6191364,6095586,6056435.81904688,202541.500255824
174,21.160,693.62939,Unknown,[M+H]+,null,1.00,False,null,null,null,null,null,null,999,False,False,False,Normalized unit: Intensity,False,False,174,0,0.00,null,null,null,null,null,null,null,10512.98,P Carly RT Mix 4p4 2Xdil 3_GC1_01_66463,693.62939:1168340 694.63406:571862 695.63873:145712,null,10254665,10864472,10850858,10760332,10682581.5203125,288997.75822583
175,15.523,695.56152,no MS2: DG 40:4,[M+Na]+,null,1.00,False,12.801,695.55847,C43H76O5,DG,VKHXVQHJSQUHDB-UHFFFAOYSA-N,O=C(OCC(OC(=O)CCCCCCCCCCCCCCCCCCC=CCC=CCC=CCC=CCC)CO)CCCCCCC,530,False,True,False,Normalized unit: Intensity; Annotation method: Msp20260116160945_NCDK_conventional_converted_dev_1,False,False,175,0,0.00,0.91,null,null,null,-1.00,-1.00,-0.189,1422.94,P Carly RT Mix 4p4 2Xdil 2_GC1_01_66462,695.56152:362062 696.56619:179092 697.57086:46882,null,1836498,2697896,2471927,2560233,2391638.64396875,381595.310908796
176,21.658,695.64429,Unknown,[M+H]+,null,1.00,False,null,null,null,null,null,null,999,False,False,False,Normalized unit: Intensity,False,False,176,0,0.00,null,null,null,null,null,null,null,6753.21,P Carly RT Mix 4p4 2Xdil 1_GC1_01_66461,695.64429:727114 696.64895:367328 697.65362:86570,null,8517643,4909370,5285702,5468678,6045348.20753125,1664561.66406524
177,17.077,696.59210,no MS2: Cer 45:6;O4|Cer 13:1;O3/32:5(2OH),[M+H-H2O]+,null,1.00,False,12.035,696.59253,C45H79NO5,Cer_AP,LSTVUEMPZUXCSH-UHFFFAOYSA-N,O=C(NC(CO)C(O)C(O)CCCC=CCCCC)C(O)CCCCCCCCCCCCCCC=CCC=CCC=CCC=CCC=CCC,530,False,True,False,Normalized unit: Intensity; Annotation method: Msp20260116160945_NCDK_conventional_converted_dev_1,False,False,177,0,0.00,1.00,null,null,null,-1.00,-1.00,-0.143,1160.04,P Carly RT Mix 4p4 2Xdil 4_GC1_01_66464,696.59265:247694 697.59732:118748 698.60199:123688,null,1874956,2758760,2593338,2656852,2470976.681375,403146.755387672
178,16.713,696.59290,no MS2: Cer 45:6;O4|Cer 13:1;O3/32:5(2OH),[M+H-H2O]+,null,1.00,False,12.035,696.59253,C45H79NO5,Cer_AP,LSTVUEMPZUXCSH-UHFFFAOYSA-N,O=C(NC(CO)C(O)C(O)CCCC=CCCCC)C(O)CCCCCCCCCCCCCCC=CCC=CCC=CCC=CCC=CCC,530,False,True,False,Normalized unit: Intensity; Annotation method: Msp20260116160945_NCDK_conventional_converted_dev_1,False,False,178,0,0.00,1.00,null,null,null,-1.00,-1.00,-0.143,2891.76,P Carly RT Mix 4p4 2Xdil 4_GC1_01_66464,696.59271:597308 697.59738:294006 698.60205:191348,null,2706537,3801872,3651202,3695112,3463680.67234375,508711.951294673
179,17.731,696.59338,no MS2: Cer 45:6;O4|Cer 13:1;O3/32:5(2OH),[M+H-H2O]+,null,1.00,False,12.035,696.59253,C45H79NO5,Cer_AP,LSTVUEMPZUXCSH-UHFFFAOYSA-N,O=C(NC(CO)C(O)C(O)CCCC=CCCCC)C(O)CCCCCCCCCCCCCCC=CCC=CCC=CCC=CCC=CCC,530,False,True,False,Normalized unit: Intensity; Annotation method: Msp20260116160945_NCDK_conventional_converted_dev_1,False,False,179,0,0.00,1.00,null,null,null,-1.00,-1.00,-0.144,583.90,P Carly RT Mix 4p4 2Xdil 2_GC1_01_66462,696.59302:122284 697.59769:59226 698.60235:21176,null,762398,1047046,997385,1044655,962870.927,135590.949883417
180,17.129,698.60687,no MS2: RIKEN P-VS1 ID-7928 from Mouse_AdrenalGlands_fads2KO_N_Ctr,[M+H]+,null,1.00,False,13.140,698.60577,null,Unknown,null,null,530,False,True,False,Normalized unit: Intensity; Annotation method: Msp20260116160945_NCDK_conventional_converted_dev_1,False,False,180,0,0.00,0.99,null,null,null,-1.00,-1.00,-0.134,895.22,P Carly RT Mix 4p4 2Xdil 2_GC1_01_66462,698.60687:176124 699.61154:80876 700.61621:21226,null,1545619,2203637,2108569,2138746,1999142.58273438,304939.780312717
181,18.791,698.60724,no MS2: RIKEN P-VS1 ID-7928 from Mouse_AdrenalGlands_fads2KO_N_Ctr,[M+H]+,null,1.00,False,13.140,698.60577,null,Unknown,null,null,530,False,True,False,Normalized unit: Intensity; Annotation method: Msp20260116160945_NCDK_conventional_converted_dev_1,False,False,181,0,0.00,0.98,null,null,null,-1.00,-1.00,-0.138,807.14,P Carly RT Mix 4p4 2Xdil 2_GC1_01_66462,698.60724:156334 699.61191:73214 700.61657:17516,null,838668,1224709,1135716,1172832,1092981.3503125,173425.987304144
182,16.661,698.60760,no MS2: RIKEN P-VS1 ID-7928 from Mouse_AdrenalGlands_fads2KO_N_Ctr,[M+H]+,null,1.00,False,13.140,698.60577,null,Unknown,null,null,530,False,True,False,Normalized unit: Intensity; Annotation method: Msp20260116160945_NCDK_conventional_converted_dev_1,False,False,182,0,0.00,0.97,null,null,null,-1.00,-1.00,-0.140,1666.93,P Carly RT Mix 4p4 2Xdil 1_GC1_01_66461,698.60736:218082 699.61203:100180 700.61670:26008,null,2175966,3154908,2914663,3036656,2820548.380125,440773.087296492
183,18.185,698.60803,no MS2: Cer 45:5;O4|Cer 13:1;O3/32:4(2OH),[M+H-H2O]+,null,1.00,False,12.285,698.60822,C45H81NO5,Cer_AP,KIOIIZLWLIMLQP-UHFFFAOYSA-N,O=C(NC(CO)C(O)C(O)CCCC=CCCCC)C(O)CCCCCCCCCCCCCCCCCC=CCC=CCC=CCC=CCC,530,False,True,False,Normalized unit: Intensity; Annotation method: Msp20260116160945_NCDK_conventional_converted_dev_1,False,False,183,0,0.00,1.00,null,null,null,-1.00,-1.00,-0.143,9421.57,P Carly RT Mix 4p4 2Xdil 1_GC1_01_66461,698.60815:1549392 699.61282:795992 700.61749:195104,null,10340475,13961442,13415994,13654880,12843197.7305,1683351.41896328
184,9.518,700.48877,no MS2: PC 28:0,[M+Na]+,null,1.00,False,8.322,700.48877,C36H72NO8P,PC,ZSAAJXQMYINYJW-UHFFFAOYSA-N,O=C(OCC(OC(=O)CCCC)COP(=O)([O-])OCC[N+](C)(C)C)CCCCCCCCCCCCCCCCCCCCCC,530,False,True,False,Normalized unit: Intensity; Annotation method: Msp20260116160945_NCDK_conventional_converted_dev_1,False,False,184,0,0.00,1.00,null,null,null,-1.00,-1.00,-0.143,3613.78,P Carly RT Mix 4p4 2Xdil 2_GC1_01_66462,700.48877:521316 701.49344:203214 702.49811:43104,null,2084398,2957924,2835781,2942518,2705155.28303125,417387.157899791
185,20.194,700.60162,no MS2: RIKEN P-VS1 ID-7984 from Mouse_Feces_WT_N_Ctr,[M+H]+,null,1.00,False,10.210,700.60413,null,Unknown,null,null,530,False,True,False,Normalized unit: Intensity; Annotation method: Msp20260116160945_NCDK_conventional_converted_dev_1,False,False,185,0,0.00,0.97,null,null,null,-1.00,-1.00,-0.144,522.27,P Carly RT Mix 4p4 2Xdil 4_GC1_01_66464,700.60229:78832 701.60696:40952 702.61163:10892,null,775688,1098568,1029257,1060078,990897.776218749,146247.863738011
186,18.640,700.62280,no MS2: Cer 45:4;O4|Cer 13:1;O3/32:3(2OH),[M+H-H2O]+,null,1.00,False,12.223,700.62378,C45H83NO5,Cer_AP,UXXLMQXJNIJJLZ-UHFFFAOYSA-N,O=C(NC(CO)C(O)C(O)CCCC=CCCCC)C(O)CCCCCCCCCCCCCCCC=CCC=CCC=CCCCCCCC,530,False,True,False,Normalized unit: Intensity; Annotation method: Msp20260116160945_NCDK_conventional_converted_dev_1,False,False,186,0,0.00,1.00,null,null,null,-1.00,-1.00,-0.143,2016.21,P Carly RT Mix 4p4 2Xdil 3_GC1_01_66463,700.62360:293358 701.62826:150770 702.63293:36528,null,1688999,2477249,2310498,2387342,2216022.23785938,357896.063253429
187,17.727,701.54803,no MS2: SL 39:3;O2|SL 13:1;O/26:2;O,[M+NH4]+,null,0.50,False,9.664,701.54968,C39H73NO6S,SL,XCZPJFQTPUXKEP-UHFFFAOYSA-N,O=C(N(CC(O)C=CCCCCCCCC)CS(=O)(=O)O)C(O)CCCCCCCCCCCCC=CCC=CCCCCCCC,530,False,True,False,Normalized unit: Intensity; Annotation method: Msp20260116160945_NCDK_conventional_converted_dev_1,False,False,187,0,0.00,0.99,null,null,null,-1.00,-1.00,-0.147,322.13,P Carly RT Mix 4p4 2Xdil 3_GC1_01_66463,701.54883:72470 702.55350:35822 703.55816:12908,null,520676,670124,662032,663287,629029.60996875,72323.5371624334
188,17.094,701.54834,no MS2: SL 39:3;O2|SL 13:1;O/26:2;O,[M+NH4]+,null,1.00,False,9.664,701.54968,C39H73NO6S,SL,XCZPJFQTPUXKEP-UHFFFAOYSA-N,O=C(N(CC(O)C=CCCCCCCCC)CS(=O)(=O)O)C(O)CCCCCCCCCCCCC=CCC=CCCCCCCC,530,False,True,False,Normalized unit: Intensity; Annotation method: Msp20260116160945_NCDK_conventional_converted_dev_1,False,False,188,0,0.00,1.00,null,null,null,-1.00,-1.00,-0.145,410.00,P Carly RT Mix 4p4 2Xdil 3_GC1_01_66463,701.54907:104180 702.55374:50374 703.55841:95468,null,643531,794750,765935,802570,751696.287015625,73810.9271962787
189,16.722,701.54858,no MS2: SL 39:3;O2|SL 13:1;O/26:2;O,[M+NH4]+,null,1.00,False,9.664,701.54968,C39H73NO6S,SL,XCZPJFQTPUXKEP-UHFFFAOYSA-N,O=C(N(CC(O)C=CCCCCCCCC)CS(=O)(=O)O)C(O)CCCCCCCCCCCCC=CCC=CCCCCCCC,530,False,True,False,Normalized unit: Intensity; Annotation method: Msp20260116160945_NCDK_conventional_converted_dev_1,False,False,189,0,0.00,1.00,null,null,null,-1.00,-1.00,-0.143,526.49,P Carly RT Mix 4p4 2Xdil 3_GC1_01_66463,701.54956:124424 702.55423:60002 703.55890:268350,null,797977,979191,943469,951236,917968.323734376,81451.6513912092
190,20.714,702.61713,no MS2: SE 28:2/20:4,[M+NH4]+,null,0.75,False,14.136,702.61841,C48H76O2,BRSE,PSLXJVRNKMGRNH-UHFFFAOYSA-N,O=C(OC1CC2=CCC3C(CCC4(C)C(CCC34)C(C=CC(C)C(C)C)C)C2(C)CC1)CCCCCCC=CCC=CCC=CCC=CCC,530,False,True,False,Normalized unit: Intensity; Annotation method: Msp20260116160945_NCDK_conventional_converted_dev_1,False,False,190,0,0.00,1.00,null,null,null,-1.00,-1.00,-0.145,197.13,P Carly RT Mix 4p4 2Xdil 3_GC1_01_66463,702.61780:72118 703.62247:41152 704.62713:9546,null,432181,631647,599269,620973,571017.455703124,93533.1557221409
191,19.311,703.54150,no MS2: SE 28:4/20:4,[M+Na]+,null,1.00,False,14.030,703.54248,C48H72O2,DEGSE,OJOARSZKSDLZLT-UHFFFAOYSA-N,O=C(OC1CC2=CC=C3C(=CCC4(C)C3CCC4C(C=CC(C)C(C)C)C)C2(C)CC1)CCCCCCC=CCC=CCC=CCC=CCC,530,False,True,False,Normalized unit: Intensity; Annotation method: Msp20260116160945_NCDK_conventional_converted_dev_1,False,False,191,0,0.00,1.00,null,null,null,-1.00,-1.00,-0.143,240.92,P Carly RT Mix 4p4 2Xdil 4_GC1_01_66464,703.54224:68322 704.54690:33838 705.55157:10604,null,437187,524571,505126,505039,492980.71940625,38313.5677790063
192,17.146,703.56287,no MS2: BA 24:1;O4;G/16:1,[M+NH4]+,null,1.00,False,7.779,703.56201,C42H71NO6,GDCAE,CJCUCDWRGAZUGG-UHFFFAOYSA-N,O=C(O)CNC(=O)CCC(C)C1CCC2C3CCC4CC(OC(=O)CCCCCCCC=CCCCCCC)CCC4(C)C3CC(O)C12C,530,False,True,False,Normalized unit: Intensity; Annotation method: Msp20260116160945_NCDK_conventional_converted_dev_1,False,False,192,0,0.00,0.99,null,null,null,-1.00,-1.00,-0.147,551.31,P Carly RT Mix 4p4 2Xdil 2_GC1_01_66462,703.56287:168562 704.56753:80998 705.57220:23892,null,1260756,1563285,1552305,1533672,1477504.54015625,145015.012187752
193,18.185,703.56366,no MS2: SL 39:2;O2|SL 12:1;O/27:1;O,[M+NH4]+,null,1.00,False,9.495,703.56531,C39H75NO6S,SL,RIUPWCLRDKXJJK-UHFFFAOYSA-N,O=C(N(CC(O)C=CCCCCCCC)CS(=O)(=O)O)C(O)CCCCCCCCCCCCCC=CCCCCCCCCCC,530,False,True,False,Normalized unit: Intensity; Annotation method: Msp20260116160945_NCDK_conventional_converted_dev_1,False,False,193,0,0.00,0.99,null,null,null,-1.00,-1.00,-0.146,2439.51,P Carly RT Mix 4p4 2Xdil 3_GC1_01_66463,703.56458:601960 704.56924:291566 705.57391:73858,null,6347541,7047590,6934779,6996237,6831536.72059376,325942.799805911
194,16.648,703.56378,no MS2: SL 39:2;O2|SL 12:1;O/27:1;O,[M+NH4]+,null,1.00,False,9.495,703.56531,C39H75NO6S,SL,RIUPWCLRDKXJJK-UHFFFAOYSA-N,O=C(N(CC(O)C=CCCCCCCC)CS(=O)(=O)O)C(O)CCCCCCCCCCCCCC=CCCCCCCCCCC,530,False,True,False,Normalized unit: Intensity; Annotation method: Msp20260116160945_NCDK_conventional_converted_dev_1,False,False,194,0,0.00,1.00,null,null,null,-1.00,-1.00,-0.143,1816.45,P Carly RT Mix 4p4 2Xdil 3_GC1_01_66463,703.56500:520470 704.56967:257114 705.57434:62728,null,4044105,4845817,4748617,4770380,4602229.71907813,374407.06902469
195,18.636,705.57861,no MS2: RIKEN P-VS1 ID-8119 from Mouse_Aorta_WT_N_Ctr,[M+H]+,null,1.00,False,15.390,705.57758,null,Unknown,null,null,530,False,True,False,Normalized unit: Intensity; Annotation method: Msp20260116160945_NCDK_conventional_converted_dev_1,False,False,195,0,0.00,0.99,null,null,null,-1.00,-1.00,-0.132,774.57,P Carly RT Mix 4p4 2Xdil 4_GC1_01_66464,705.57849:191184 706.58316:93634 707.58783:24530,null,1353041,1689612,1648358,1673709,1591179.97857813,159665.386820103
196,20.697,705.62805,Unknown,[M+H]+,null,0.75,False,null,null,null,null,null,null,999,False,False,False,Normalized unit: Intensity,False,False,196,0,0.00,null,null,null,null,null,null,null,344.92,P Carly RT Mix 4p4 2Xdil 2_GC1_01_66462,705.62805:93550 706.63272:47870 707.63739:10728,null,370187,532189,502852,520390,481404.421031249,75117.9889300163
197,11.076,706.53912,no MS2: DMPE 31:0|DMPE 26:0_5:0,[M+H]+,null,1.00,False,9.669,706.53809,C38H76NO8P,DMPE,DWEKJNHYPZSNIT-UHFFFAOYSA-N,O=C(OCC(OC(=O)CCCC)COP(=O)(O)OCCN(C)C)CCCCCCCCCCCCCCCCCCCCCCCCC,530,False,True,False,Normalized unit: Intensity; Annotation method: Msp20260116160945_NCDK_conventional_converted_dev_1,False,False,197,0,0.00,1.00,null,null,null,-1.00,-1.00,-0.143,53668.15,P Carly RT Mix 4p4 2Xdil 4_GC1_01_66464,706.53815:9809686 707.54281:4169714 708.54748:954310,null,53121947,71460620,68105489,70291707,65744940.7257344,8529443.82262472
198,11.067,706.68732,Unknown,[M+2H]2+,null,0.25,False,null,null,null,null,null,null,999,False,False,False,Normalized unit: Intensity,False,False,198,0,0.00,null,null,null,null,null,null,null,1252.33,P Carly RT Mix 4p4 2Xdil 2_GC1_01_66462,706.68732:153786 707.69198:43230 708.69665:2200,null,573413,868578,807170,846289,773862.437015626,136022.286597775
199,11.076,706.79822,Unknown,[M+H]+,null,1.00,False,null,null,null,null,null,null,999,False,False,False,Normalized unit: Intensity,False,False,199,0,0.00,null,null,null,null,null,null,null,1193.93,P Carly RT Mix 4p4 2Xdil 2_GC1_01_66462,706.79822:153748 707.80289:38668 708.80755:0,null,647665,940809,862869,900541,837970.928203126,130801.255526204
200,13.094,707.49176,Unknown,[M+H]+,null,1.00,False,null,null,null,null,null,null,999,False,False,False,Normalized unit: Intensity,False,False,200,0,0.00,null,null,null,null,null,null,null,205.39,P Carly RT Mix 4p4 2Xdil 3_GC1_01_66463,707.49176:224780 708.49643:100430 709.50110:23886,null,1849291,1912433,2415868,2390214,2141951.49153125,302761.563722089
201,18.480,707.60779,Unknown,[M+H]+,null,1.00,False,null,null,null,null,null,null,999,False,False,False,Normalized unit: Intensity,False,False,201,0,0.00,null,null,null,null,null,null,null,560.76,P Carly RT Mix 4p4 2Xdil 2_GC1_01_66462,707.60779:615956 708.61246:321452 709.61712:79674,null,3397376,4486054,4308930,4410476,4150708.98715624,507438.101068798
202,21.160,707.64490,Unknown,[M+H]+,null,1.00,False,null,null,null,null,null,null,999,False,False,False,Normalized unit: Intensity,False,False,202,0,0.00,null,null,null,null,null,null,null,14317.01,P Carly RT Mix 4p4 2Xdil 2_GC1_01_66462,707.64490:1952808 708.64957:968010 709.65423:245508,null,14170935,15863667,15590416,15615614,15310158.15675,769425.84505798
203,11.074,708.18292,Unknown,[M+H]+,null,0.75,False,null,null,null,null,null,null,999,False,False,False,Normalized unit: Intensity,False,False,203,0,0.00,null,null,null,null,null,null,null,965.02,P Carly RT Mix 4p4 2Xdil 2_GC1_01_66462,708.18292:102110 709.18759:3924 710.19226:0,null,244481,474613,409083,435903,391020.185796875,101328.3223868
204,8.093,708.52893,no MS2: SL 41:5;O2|SL 13:1;O/28:4;O,[M+H]+,null,1.00,False,9.631,708.52307,C41H73NO6S,SL,WFZYPZCXRLADKM-UHFFFAOYSA-N,O=C(N(CC(O)C=CCCCCCCCC)CS(=O)(=O)O)C(O)CCCCCCCCCCCCCC=CCC=CCC=CCC=CCC,530,False,True,False,Normalized unit: Intensity; Annotation method: Msp20260116160945_NCDK_conventional_converted_dev_1,False,False,204,0,0.00,0.81,null,null,null,-1.00,-1.00,-0.237,2038.11,P Carly RT Mix 4p4 2Xdil 1_GC1_01_66461,708.52765:347102 709.53232:131372 710.53698:30674,null,1743994,2570831,2477668,2450850,2310835.92914062,381376.462658756
205,19.311,709.62274,Unknown,[M+H]+,null,1.00,False,null,null,null,null,null,null,999,False,False,False,Normalized unit: Intensity,False,False,205,0,0.00,null,null,null,null,null,null,null,1956.82,P Carly RT Mix 4p4 2Xdil 2_GC1_01_66462,709.62274:301422 710.62741:154224 711.63208:38110,null,1413239,1922777,1809198,1855769,1750245.96575,229456.800436666
206,18.861,709.62323,Unknown,[M+H]+,null,0.75,False,null,null,null,null,null,null,999,False,False,False,Normalized unit: Intensity,False,False,206,0,0.00,null,null,null,null,null,null,null,217.01,P Carly RT Mix 4p4 2Xdil 2_GC1_01_66462,709.62323:78440 710.62790:37764 711.63257:10472,null,438403,618979,573696,599560,557659.358359376,81639.5303002971
207,18.272,709.62360,Unknown,[M+H]+,null,1.00,False,null,null,null,null,null,null,999,False,False,False,Normalized unit: Intensity,False,False,207,0,0.00,null,null,null,null,null,null,null,326.97,P Carly RT Mix 4p4 2Xdil 2_GC1_01_66462,709.62360:111542 710.62826:52148 711.63293:13964,null,434884,617331,593836,605817,562967.147578125,85925.85037538
208,21.610,709.66034,no MS2: RIKEN P-VS1 ID-8236 from Mouse_AdrenalGlands_WT_N_Ctr,[M+H]+,null,1.00,False,8.410,709.65637,null,Unknown,null,null,530,False,True,False,Normalized unit: Intensity; Annotation method: Msp20260116160945_NCDK_conventional_converted_dev_1,False,False,208,0,0.00,0.86,null,null,null,-1.00,-1.00,-0.190,12556.95,P Carly RT Mix 4p4 2Xdil 4_GC1_01_66464,709.66022:1401026 710.66489:713106 711.66955:183340,null,14978447,15770523,15772119,15619814,15535225.7016406,377994.790867405
209,17.722,710.61926,Unknown,[M+H]+,null,1.00,False,null,null,null,null,null,null,999,False,False,False,Normalized unit: Intensity,False,False,209,0,0.00,null,null,null,null,null,null,null,409.72,P Carly RT Mix 4p4 2Xdil 2_GC1_01_66462,710.61926:119206 711.62393:58358 712.62860:16364,null,568572,768777,727928,734049,699831.76490625,89336.0358398759
210,17.198,711.60333,no MS2: RIKEN P-VS1 ID-8280 from Mouse_Feces_WT_ABX_Ctr,[M+H]+,null,0.50,False,14.540,711.60492,null,Unknown,null,null,530,False,True,False,Normalized unit: Intensity; Annotation method: Msp20260116160945_NCDK_conventional_converted_dev_1,False,False,210,0,0.00,0.99,null,null,null,-1.00,-1.00,-0.132,245.32,P Carly RT Mix 4p4 2Xdil 4_GC1_01_66464,711.60406:64394 712.60873:36706 713.61340:9824,null,346790,461803,443063,467784,429859.9870625,56372.6115384427
211,19.710,711.63892,no MS2: RIKEN P-VS1 ID-8281 from Cell_HeLa_WT_N_Ctr,[M+H]+,null,0.75,False,7.800,711.64539,null,Unknown,null,null,530,False,True,False,Normalized unit: Intensity; Annotation method: Msp20260116160945_NCDK_conventional_converted_dev_1,False,False,211,0,0.00,0.75,null,null,null,-1.00,-1.00,-0.240,388.71,P Carly RT Mix 4p4 2Xdil 3_GC1_01_66463,711.64001:78564 712.64468:37106 713.64935:9166,null,316841,444538,419032,434744,403788.73271875,58909.4342652438
212,15.570,712.58893,no MS2: RIKEN P-VS1 ID-8299 from Mouse_AdrenalGlands_fads2KO_N_Ctr,[M+H]+,null,0.25,False,12.140,712.58807,null,Unknown,null,null,530,False,True,False,Normalized unit: Intensity; Annotation method: Msp20260116160945_NCDK_conventional_converted_dev_1,False,False,212,0,0.00,0.99,null,null,null,-1.00,-1.00,-0.132,180.76,P Carly RT Mix 4p4 2Xdil 2_GC1_01_66462,712.58893:64712 713.59360:31634 714.59826:46210,null,673482,986891,893328,925834,869883.861875,136558.471542603
213,16.544,714.60339,no MS2: Cer 45:6;O4|Cer 13:1;O3/32:5(2OH),[M+H]+,null,1.00,False,12.035,714.60309,C45H79NO5,Cer_AP,LSTVUEMPZUXCSH-UHFFFAOYSA-N,O=C(NC(CO)C(O)C(O)CCCC=CCCCC)C(O)CCCCCCCCCCCCCCC=CCC=CCC=CCC=CCC=CCC,530,False,True,False,Normalized unit: Intensity; Annotation method: Msp20260116160945_NCDK_conventional_converted_dev_1,False,False,213,0,0.00,1.00,null,null,null,-1.00,-1.00,-0.143,3971.27,P Carly RT Mix 4p4 2Xdil 2_GC1_01_66462,714.60339:1528682 715.60806:768540 716.61273:196770,null,7950536,11709099,10883866,11345322,10472205.4936875,1714693.11066332
214,17.012,714.60339,no MS2: Cer 45:6;O4|Cer 13:1;O3/32:5(2OH),[M+H]+,null,1.00,False,12.035,714.60309,C45H79NO5,Cer_AP,LSTVUEMPZUXCSH-UHFFFAOYSA-N,O=C(NC(CO)C(O)C(O)CCCC=CCCCC)C(O)CCCCCCCCCCCCCCC=CCC=CCC=CCC=CCC=CCC,530,False,True,False,Normalized unit: Intensity; Annotation method: Msp20260116160945_NCDK_conventional_converted_dev_1,False,False,214,0,0.00,1.00,null,null,null,-1.00,-1.00,-0.143,1466.05,P Carly RT Mix 4p4 2Xdil 2_GC1_01_66462,714.60339:473006 715.60806:235750 716.61273:60792,null,3639252,5151282,5011397,5061192,4715780.75878125,720016.923766417
215,16.713,714.60352,no MS2: Cer 45:6;O4|Cer 13:1;O3/32:5(2OH),[M+H]+,null,1.00,False,12.035,714.60309,C45H79NO5,Cer_AP,LSTVUEMPZUXCSH-UHFFFAOYSA-N,O=C(NC(CO)C(O)C(O)CCCC=CCCCC)C(O)CCCCCCCCCCCCCCC=CCC=CCC=CCC=CCC=CCC,530,False,True,False,Normalized unit: Intensity; Annotation method: Msp20260116160945_NCDK_conventional_converted_dev_1,False,False,215,0,0.00,1.00,null,null,null,-1.00,-1.00,-0.143,1755.47,P Carly RT Mix 4p4 2Xdil 4_GC1_01_66464,714.60333:931330 715.60800:469506 716.61267:117490,null,4900774,6829452,6305751,6620856,6164208.19201564,869363.059171324
216,20.476,715.61340,Unknown,[M+H]+,null,1.00,False,null,null,null,null,null,null,999,False,False,False,Normalized unit: Intensity,False,False,216,0,0.00,null,null,null,null,null,null,null,7257.73,P Carly RT Mix 4p4 2Xdil 2_GC1_01_66462,715.61340:1429418 716.61807:753224 717.62274:186926,null,12802259,14580481,14161284,14364669,13977173.3995313,801759.211369968
217,15.523,717.54382,no MS2: DG 42:7,[M+Na]+,null,1.00,False,11.617,717.54279,C45H74O5,DG,AIRGHYYBGWIEJK-UHFFFAOYSA-N,O=C(OCC(OC(=O)CCCCCCCCCCCC=CCC=CCC=CCC=CCC=CCC=CCC=CCC)CO)CCCCCCC,530,False,True,False,Normalized unit: Intensity; Annotation method: Msp20260116160945_NCDK_conventional_converted_dev_1,False,False,217,0,0.00,0.99,null,null,null,-1.00,-1.00,-0.148,769.29,P Carly RT Mix 4p4 2Xdil 2_GC1_01_66462,717.54382:180652 718.54849:88580 719.55316:39080,null,1371737,1835150,1710607,1726402,1660974.03489062,200615.155408541
218,17.083,719.55872,no MS2: DG 42:6,[M+Na]+,null,0.75,False,12.889,719.55847,C45H76O5,DG,DWNBNJDZOMMNHN-UHFFFAOYSA-N,O=C(OCC(OC(=O)CCCCCCCCCCCCCCC=CCC=CCC=CCC=CCC=CCC=CCC)CO)CCCCCCC,530,False,True,False,Normalized unit: Intensity; Annotation method: Msp20260116160945_NCDK_conventional_converted_dev_1,False,False,218,0,0.00,1.00,null,null,null,-1.00,-1.00,-0.143,241.94,P Carly RT Mix 4p4 2Xdil 4_GC1_01_66464,719.55872:93380 720.56338:46492 721.56805:10056,null,533270,669769,665254,678441,636683.447921876,69159.0508406476
219,16.540,719.55878,no MS2: DG 42:6,[M+Na]+,null,1.00,False,12.889,719.55847,C45H76O5,DG,DWNBNJDZOMMNHN-UHFFFAOYSA-N,O=C(OCC(OC(=O)CCCCCCCCCCCCCCC=CCC=CCC=CCC=CCC=CCC=CCC)CO)CCCCCCC,530,False,True,False,Normalized unit: Intensity; Annotation method: Msp20260116160945_NCDK_conventional_converted_dev_1,False,False,219,0,0.00,1.00,null,null,null,-1.00,-1.00,-0.143,1243.77,P Carly RT Mix 4p4 2Xdil 2_GC1_01_66462,719.55878:384200 720.56344:189570 721.56811:38626,null,2604636,3344236,3195093,3272676,3104160.48029687,338539.481252684
220,13.094,721.50726,Unknown,[M+H]+,null,1.00,False,null,null,null,null,null,null,999,False,False,False,Normalized unit: Intensity,False,False,220,0,0.00,null,null,null,null,null,null,null,3190.24,P Carly RT Mix 4p4 2Xdil 3_GC1_01_66463,721.50726:2302986 722.51193:1120666 723.51660:275546,null,27685882,27097878,27877882,27383364,27511251.8238594,342610.804955722
221,18.480,721.62384,no MS2: RIKEN P-VS1 ID-8542 from Mouse_Feces_WT_ABX_Ctr,[M+H]+,null,1.00,False,13.310,721.62720,null,Unknown,null,null,530,False,True,False,Normalized unit: Intensity; Annotation method: Msp20260116160945_NCDK_conventional_converted_dev_1,False,False,221,0,0.00,0.93,null,null,null,-1.00,-1.00,-0.160,16045.97,P Carly RT Mix 4p4 2Xdil 3_GC1_01_66463,721.62445:2763284 722.62912:1517628 723.63379:388296,null,18422299,22950166,22201523,22772444,21586608.0770937,2133578.2850742
222,17.060,723.60358,no MS2: SE 28:4/21:1,[M+Na]+,null,1.00,False,14.882,723.60510,C49H80O2,DEGSE,HZDQZTPXFFJCPM-UHFFFAOYSA-N,O=C(OC1CC2=CC=C3C(=CCC4(C)C3CCC4C(C=CC(C)C(C)C)C)C2(C)CC1)CCCCCCCCCC=CCCCCCCCCC,530,False,True,False,Normalized unit: Intensity; Annotation method: Msp20260116160945_NCDK_conventional_converted_dev_1,False,False,222,0,0.00,1.00,null,null,null,-1.00,-1.00,-0.144,358.39,P Carly RT Mix 4p4 2Xdil 3_GC1_01_66463,723.60461:222396 724.60928:109606 725.61395:72014,null,1032742,1456663,1386492,1412990,1322221.70778125,195143.187053941
223,16.713,723.60413,no MS2: SE 28:4/21:1,[M+Na]+,null,1.00,False,14.882,723.60510,C49H80O2,DEGSE,HZDQZTPXFFJCPM-UHFFFAOYSA-N,O=C(OC1CC2=CC=C3C(=CCC4(C)C3CCC4C(C=CC(C)C(C)C)C)C2(C)CC1)CCCCCCCCCC=CCCCCCCCCC,530,False,True,False,Normalized unit: Intensity; Annotation method: Msp20260116160945_NCDK_conventional_converted_dev_1,False,False,223,0,0.00,1.00,null,null,null,-1.00,-1.00,-0.143,359.33,P Carly RT Mix 4p4 2Xdil 3_GC1_01_66463,723.60522:183414 724.60989:94878 725.61456:105620,null,936100,1313395,1231494,1253063,1183513.15090625,168544.727423267
224,19.311,723.63824,Unknown,[M+H]+,null,1.00,False,null,null,null,null,null,null,999,False,False,False,Normalized unit: Intensity,False,False,224,0,0.00,null,null,null,null,null,null,null,6573.42,P Carly RT Mix 4p4 2Xdil 2_GC1_01_66462,723.63824:1125846 724.64291:587154 725.64758:166378,null,5917140,7639795,7425749,7523785,7126617.07875,811050.341434167
225,18.861,723.63849,Unknown,[M+H]+,null,1.00,False,null,null,null,null,null,null,999,False,False,False,Normalized unit: Intensity,False,False,225,0,0.00,null,null,null,null,null,null,null,2318.08,P Carly RT Mix 4p4 2Xdil 2_GC1_01_66462,723.63849:395670 724.64316:205270 725.64782:50938,null,2260502,3020727,2915533,2946459,2785805.48670313,352973.724413136
226,18.272,723.63977,Unknown,[M+H]+,null,1.00,False,null,null,null,null,null,null,999,False,False,False,Normalized unit: Intensity,False,False,226,0,0.00,null,null,null,null,null,null,null,1630.02,P Carly RT Mix 4p4 2Xdil 4_GC1_01_66464,723.63977:363696 724.64444:186636 725.64911:0,null,1553917,2100452,1983251,2103309,1935232.20867188,260291.031637553
227,18.787,725.61877,no MS2: RIKEN P-VS1 ID-8656 from Mouse_Heart_WT_N_F1,[M+H]+,null,1.00,False,9.020,725.62079,null,Unknown,null,null,530,False,True,False,Normalized unit: Intensity; Annotation method: Msp20260116160945_NCDK_conventional_converted_dev_1,False,False,227,0,0.00,0.99,null,null,null,-1.00,-1.00,-0.132,451.56,P Carly RT Mix 4p4 2Xdil 3_GC1_01_66463,725.61987:99382 726.62454:51966 727.62921:14008,null,530072,762220,696808,713884,675746.132140626,100989.791020362
228,16.666,725.61920,no MS2: RIKEN P-VS1 ID-8656 from Mouse_Heart_WT_N_F1,[M+H]+,null,1.00,False,9.020,725.62079,null,Unknown,null,null,530,False,True,False,Normalized unit: Intensity; Annotation method: Msp20260116160945_NCDK_conventional_converted_dev_1,False,False,228,0,0.00,1.00,null,null,null,-1.00,-1.00,-0.130,701.96,P Carly RT Mix 4p4 2Xdil 3_GC1_01_66463,725.62012:166936 726.62478:81114 727.62945:21842,null,1001424,1560552,1457502,1505728,1381301.66117188,256726.727068674
229,18.185,725.61926,no MS2: RIKEN P-VS1 ID-8656 from Mouse_Heart_WT_N_F1,[M+H]+,null,1.00,False,9.020,725.62079,null,Unknown,null,null,530,False,True,False,Normalized unit: Intensity; Annotation method: Msp20260116160945_NCDK_conventional_converted_dev_1,False,False,229,0,0.00,1.00,null,null,null,-1.00,-1.00,-0.130,3913.60,P Carly RT Mix 4p4 2Xdil 3_GC1_01_66463,725.62018:746012 726.62485:376280 727.62951:98076,null,6022391,7100733,6937585,7042459,6775791.87717188,506783.089619985
230,19.709,725.65424,Unknown,[M+H]+,null,1.00,False,null,null,null,null,null,null,999,False,False,False,Normalized unit: Intensity,False,False,230,0,0.00,null,null,null,null,null,null,null,1430.87,P Carly RT Mix 4p4 2Xdil 2_GC1_01_66462,725.65424:294698 726.65890:155560 727.66357:38098,null,1255969,1727214,1633715,1695910,1578201.65739062,218308.283169973
231,18.636,727.63452,no MS2: SE 28:3/21:0,[M+Na]+,null,0.75,False,15.237,727.63641,C49H84O2,EGSE,VKQXTSWVYRHTST-UHFFFAOYSA-N,O=C(OC1CC2=CC=C3C(CCC4(C)C3CCC4C(C=CC(C)C(C)C)C)C2(C)CC1)CCCCCCCCCCCCCCCCCCCC,530,False,True,False,Normalized unit: Intensity; Annotation method: Msp20260116160945_NCDK_conventional_converted_dev_1,False,False,231,0,0.00,0.99,null,null,null,-1.00,-1.00,-0.148,382.44,P Carly RT Mix 4p4 2Xdil 3_GC1_01_66463,727.63538:70750 728.64004:36584 729.64471:7774,null,408884,632363,582023,602071,556335.093953126,100455.410547468
232,11.076,728.52094,no MS2: PC 30:0,[M+Na]+,null,1.00,False,8.986,728.52008,C38H76NO8P,PC,YONWAODRNYHKSU-UHFFFAOYSA-N,O=C(OCC(OC(=O)CCCC)COP(=O)([O-])OCC[N+](C)(C)C)CCCCCCCCCCCCCCCCCCCCCCCC,530,False,True,False,Normalized unit: Intensity; Annotation method: Msp20260116160945_NCDK_conventional_converted_dev_1,False,False,232,0,0.00,1.00,null,null,null,-1.00,-1.00,-0.143,2374.64,P Carly RT Mix 4p4 2Xdil 4_GC1_01_66464,728.52014:488346 729.52481:197658 730.52948:42452,null,2199318,3208944,2997132,3116345,2880434.627375,462280.779002485
233,20.476,729.62903,no MS2: RIKEN P-VS1 ID-8765 from Mouse_Feces_WT_ABX_Ctr,[M+H]+,null,1.00,False,13.510,729.63177,null,Unknown,null,null,530,False,True,False,Normalized unit: Intensity; Annotation method: Msp20260116160945_NCDK_conventional_converted_dev_1,False,False,233,0,0.00,0.93,null,null,null,-1.00,-1.00,-0.158,18921.35,P Carly RT Mix 4p4 2Xdil 2_GC1_01_66462,729.62909:2414638 730.63376:1218404 731.63842:326582,null,16156830,19202683,18773345,19253463,18346580.5801094,1475633.59985625
234,16.718,730.59875,no MS2: SE 24:1;O4/21:2;O,[M+NH4]+,null,1.00,False,9.374,730.59802,C45H76O6,DCAE,NKPGBBWESBYUIJ-UHFFFAOYSA-N,O=C(O)CCC(C)C1CCC2C3CCC4CC(OC(=O)CCCCCCCCC(O)C=CCC=CCCCCCC)CCC4(C)C3CC(O)C12C,530,False,True,False,Normalized unit: Intensity; Annotation method: Msp20260116160945_NCDK_conventional_converted_dev_1,False,False,234,0,0.00,1.00,null,null,null,-1.00,-1.00,-0.144,615.53,P Carly RT Mix 4p4 2Xdil 4_GC1_01_66464,730.59845:221036 731.60312:103652 732.60779:32922,null,1660357,2405492,2258585,2344882,2167329.19326563,343314.605707807
235,15.553,730.59924,no MS2: SE 24:1;O4/21:2;O,[M+NH4]+,null,1.00,False,9.374,730.59802,C45H76O6,DCAE,NKPGBBWESBYUIJ-UHFFFAOYSA-N,O=C(O)CCC(C)C1CCC2C3CCC4CC(OC(=O)CCCCCCCCC(O)C=CCC=CCCCCCC)CCC4(C)C3CC(O)C12C,530,False,True,False,Normalized unit: Intensity; Annotation method: Msp20260116160945_NCDK_conventional_converted_dev_1,False,False,235,0,0.00,1.00,null,null,null,-1.00,-1.00,-0.145,1087.71,P Carly RT Mix 4p4 2Xdil 4_GC1_01_66464,730.59863:427366 731.60330:206680 732.60797:55200,null,2460066,3507888,3288700,3386575,3160807.52003125,475686.067170021
236,14.748,730.59961,no MS2: SE 24:1;O4/21:2;O,[M+NH4]+,null,1.00,False,9.374,730.59802,C45H76O6,DCAE,NKPGBBWESBYUIJ-UHFFFAOYSA-N,O=C(O)CCC(C)C1CCC2C3CCC4CC(OC(=O)CCCCCCCCC(O)C=CCC=CCCCCCC)CCC4(C)C3CC(O)C12C,530,False,True,False,Normalized unit: Intensity; Annotation method: Msp20260116160945_NCDK_conventional_converted_dev_1,False,False,236,0,0.00,1.00,null,null,null,-1.00,-1.00,-0.144,712.26,P Carly RT Mix 4p4 2Xdil 4_GC1_01_66464,730.59857:277268 731.60324:129448 732.60791:53084,null,3384500,4930018,4613835,4778465,4426704.69804687,706698.509297297
237,12.687,734.57025,no MS2: DMPE 33:0|DMPE 28:0_5:0,[M+H]+,null,1.00,False,10.672,734.56940,C40H80NO8P,DMPE,ZZNGNZPJNJRLFS-UHFFFAOYSA-N,O=C(OCC(OC(=O)CCCC)COP(=O)(O)OCCN(C)C)CCCCCCCCCCCCCCCCCCCCCCCCCCC,530,False,True,False,Normalized unit: Intensity; Annotation method: Msp20260116160945_NCDK_conventional_converted_dev_1,False,False,237,0,0.00,1.00,null,null,null,-1.00,-1.00,-0.143,1148.24,P Carly RT Mix 4p4 2Xdil 3_GC1_01_66463,734.56952:283430 735.57419:117892 736.57885:28028,null,1538515,2123907,1977676,2069061,1927289.91870312,266108.90265238
238,15.553,735.55493,no MS2: RIKEN P-VS1 ID-8952 from Mouse_AdrenalGlands_WT_N_Ctr,[M+Na]+,null,1.00,False,13.020,735.55518,null,Unknown,null,null,530,False,True,False,Normalized unit: Intensity; Annotation method: Msp20260116160945_NCDK_conventional_converted_dev_1,False,False,238,0,0.00,1.00,null,null,null,-1.00,-1.00,-0.129,462.52,P Carly RT Mix 4p4 2Xdil 2_GC1_01_66462,735.55493:114346 736.55960:55332 737.56427:15008,null,804426,1099737,1022745,1048470,993844.543968749,130271.108391704
239,14.743,735.55542,no MS2: RIKEN P-VS1 ID-8952 from Mouse_AdrenalGlands_WT_N_Ctr,[M+Na]+,null,1.00,False,13.020,735.55518,null,Unknown,null,null,530,False,True,False,Normalized unit: Intensity; Annotation method: Msp20260116160945_NCDK_conventional_converted_dev_1,False,False,239,0,0.00,1.00,null,null,null,-1.00,-1.00,-0.129,333.26,P Carly RT Mix 4p4 2Xdil 2_GC1_01_66462,735.55542:97308 736.56009:46438 737.56476:21898,null,1529009,1968271,1868836,1883433,1812387.23403125,193938.701399988
240,15.865,735.60510,no MS2: SE 28:4/22:2,[M+Na]+,null,0.50,False,14.606,735.60510,C50H80O2,DEGSE,XPDPWMNMSXKWSK-UHFFFAOYSA-N,O=C(OC1CC2=CC=C3C(=CCC4(C)C3CCC4C(C=CC(C)C(C)C)C)C2(C)CC1)CCCCCCCCCCCC=CCC=CCCCCC,530,False,True,False,Normalized unit: Intensity; Annotation method: Msp20260116160945_NCDK_conventional_converted_dev_1,False,False,240,0,0.00,1.00,null,null,null,-1.00,-1.00,-0.143,280.38,P Carly RT Mix 4p4 2Xdil 2_GC1_01_66462,735.60510:78728 736.60977:41400 737.61444:28300,null,380068,521852,492564,514317,477200.253421875,65934.6702862943
241,9.513,736.56000,no MS2: RIKEN P-VS1 ID-8981 from Mouse_Lung_WT_N_F1,[M+H]+,null,1.00,False,9.200,736.56030,null,Unknown,null,null,530,False,True,False,Normalized unit: Intensity; Annotation method: Msp20260116160945_NCDK_conventional_converted_dev_1,False,False,241,0,0.00,1.00,null,null,null,-1.00,-1.00,-0.129,1320.19,P Carly RT Mix 4p4 2Xdil 3_GC1_01_66463,736.56006:488460 737.56473:196040 738.56939:48558,null,1719884,2608714,2465332,2569935,2340966.42689062,418459.672689942
242,17.068,737.61871,no MS2: SE 28:4/22:1,[M+Na]+,null,1.00,False,14.901,737.62073,C50H82O2,DEGSE,OTEOVAABRKLKPH-UHFFFAOYSA-N,O=C(OC1CC2=CC=C3C(=CCC4(C)C3CCC4C(C=CC(C)C(C)C)C)C2(C)CC1)CCCCCCCCCCCC=CCCCCCCCC,530,False,True,False,Normalized unit: Intensity; Annotation method: Msp20260116160945_NCDK_conventional_converted_dev_1,False,False,242,0,0.00,1.00,null,null,null,-1.00,-1.00,-0.145,3671.42,P Carly RT Mix 4p4 2Xdil 3_GC1_01_66463,737.62006:1109248 738.62472:569662 739.62939:337802,null,6624144,8474259,8541210,8294381,7983498.52575,912209.792071301
243,17.726,737.61914,no MS2: SE 28:4/22:1,[M+Na]+,null,1.00,False,14.901,737.62073,C50H82O2,DEGSE,OTEOVAABRKLKPH-UHFFFAOYSA-N,O=C(OC1CC2=CC=C3C(=CCC4(C)C3CCC4C(C=CC(C)C(C)C)C)C2(C)CC1)CCCCCCCCCCCC=CCCCCCCCC,530,False,True,False,Normalized unit: Intensity; Annotation method: Msp20260116160945_NCDK_conventional_converted_dev_1,False,False,243,0,0.00,1.00,null,null,null,-1.00,-1.00,-0.145,778.60,P Carly RT Mix 4p4 2Xdil 3_GC1_01_66463,737.62000:335156 738.62466:170942 739.62933:46362,null,2289532,3094527,2948812,3040611,2843370.55123437,374093.445282626
244,16.938,737.61932,no MS2: SE 28:4/22:1,[M+Na]+,null,1.00,False,14.901,737.62073,C50H82O2,DEGSE,OTEOVAABRKLKPH-UHFFFAOYSA-N,O=C(OC1CC2=CC=C3C(=CCC4(C)C3CCC4C(C=CC(C)C(C)C)C)C2(C)CC1)CCCCCCCCCCCC=CCCCCCCCC,530,False,True,False,Normalized unit: Intensity; Annotation method: Msp20260116160945_NCDK_conventional_converted_dev_1,False,False,244,0,0.00,1.00,null,null,null,-1.00,-1.00,-0.145,1371.15,P Carly RT Mix 4p4 2Xdil 3_GC1_01_66463,737.62012:668052 738.62478:344186 739.62945:122180,null,3067975,3818654,3362923,3805032,3513646.02168751,364817.67210441
245,18.064,737.61938,no MS2: SE 28:4/22:1,[M+Na]+,null,0.50,False,14.901,737.62073,C50H82O2,DEGSE,OTEOVAABRKLKPH-UHFFFAOYSA-N,O=C(OC1CC2=CC=C3C(=CCC4(C)C3CCC4C(C=CC(C)C(C)C)C)C2(C)CC1)CCCCCCCCCCCC=CCCCCCCCC,530,False,True,False,Normalized unit: Intensity; Annotation method: Msp20260116160945_NCDK_conventional_converted_dev_1,False,False,245,0,0.00,0.99,null,null,null,-1.00,-1.00,-0.147,158.78,P Carly RT Mix 4p4 2Xdil 2_GC1_01_66462,737.61975:78952 738.62442:36342 739.62909:202372,null,431249,574494,559363,570752,533964.168671875,68778.6544340416
246,16.718,737.61957,no MS2: SE 28:4/22:1,[M+Na]+,null,1.00,False,14.901,737.62073,C50H82O2,DEGSE,OTEOVAABRKLKPH-UHFFFAOYSA-N,O=C(OC1CC2=CC=C3C(=CCC4(C)C3CCC4C(C=CC(C)C(C)C)C)C2(C)CC1)CCCCCCCCCCCC=CCCCCCCCC,530,False,True,False,Normalized unit: Intensity; Annotation method: Msp20260116160945_NCDK_conventional_converted_dev_1,False,False,246,0,0.00,1.00,null,null,null,-1.00,-1.00,-0.143,2659.44,P Carly RT Mix 4p4 2Xdil 3_GC1_01_66463,737.62073:1158660 738.62540:593320 739.63006:592448,null,6077785,7969800,7611116,7721703,7345100.80831251,858085.536577883
247,15.536,739.60010,no MS2: BA 24:1;O3;G/20:3,[M+NH4]+,null,0.75,False,9.539,739.59839,C46H75NO5,GLCAE,FKOWUHFBTAIKBW-UHFFFAOYSA-N,O=C(O)CNC(=O)CCC(C)C1CCC2C3CCC4CC(OC(=O)CCCCCCCCCC=CCC=CCC=CCC)CCC4(C)C3CCC12C,530,False,True,False,Normalized unit: Intensity; Annotation method: Msp20260116160945_NCDK_conventional_converted_dev_1,False,False,247,0,0.00,0.98,null,null,null,-1.00,-1.00,-0.153,462.00,P Carly RT Mix 4p4 2Xdil 4_GC1_01_66464,739.59985:71296 740.60452:35856 741.60919:15878,null,355848,573231,518184,547660,498730.8824375,97874.3992744072
248,18.787,739.63385,no MS2: SE 28:4/22:0,[M+Na]+,null,1.00,False,14.999,739.63641,C50H84O2,DEGSE,JEHJSAOHOQIHJP-UHFFFAOYSA-N,O=C(OC1CC2=CC=C3C(=CCC4(C)C3CCC4C(C=CC(C)C(C)C)C)C2(C)CC1)CCCCCCCCCCCCCCCCCCCCC,530,False,True,False,Normalized unit: Intensity; Annotation method: Msp20260116160945_NCDK_conventional_converted_dev_1,False,False,248,0,0.00,0.99,null,null,null,-1.00,-1.00,-0.150,2534.26,P Carly RT Mix 4p4 2Xdil 3_GC1_01_66463,739.63513:465746 740.63980:246906 741.64447:62306,null,2806340,3823523,3589055,3721332,3485062.24578125,462550.135346193
249,17.580,739.63452,no MS2: SE 28:4/22:0,[M+Na]+,null,0.75,False,14.999,739.63641,C50H84O2,DEGSE,JEHJSAOHOQIHJP-UHFFFAOYSA-N,O=C(OC1CC2=CC=C3C(=CCC4(C)C3CCC4C(C=CC(C)C(C)C)C)C2(C)CC1)CCCCCCCCCCCCCCCCCCCCC,530,False,True,False,Normalized unit: Intensity; Annotation method: Msp20260116160945_NCDK_conventional_converted_dev_1,False,False,249,0,0.00,0.99,null,null,null,-1.00,-1.00,-0.148,206.50,P Carly RT Mix 4p4 2Xdil 3_GC1_01_66463,739.63538:79066 740.64004:40816 741.64471:15900,null,933343,1287219,1211022,1264724,1174076.93939063,163641.787571182
250,18.185,739.63464,no MS2: SE 28:4/22:0,[M+Na]+,null,1.00,False,14.999,739.63641,C50H84O2,DEGSE,JEHJSAOHOQIHJP-UHFFFAOYSA-N,O=C(OC1CC2=CC=C3C(=CCC4(C)C3CCC4C(C=CC(C)C(C)C)C)C2(C)CC1)CCCCCCCCCCCCCCCCCCCCC,530,False,True,False,Normalized unit: Intensity; Annotation method: Msp20260116160945_NCDK_conventional_converted_dev_1,False,False,250,0,0.00,0.99,null,null,null,-1.00,-1.00,-0.146,18015.69,P Carly RT Mix 4p4 2Xdil 3_GC1_01_66463,739.63556:3114710 740.64023:1660530 741.64489:417812,null,20040943,25382169,24614972,25034681,23768191.230125,2504552.0334405
251,16.661,739.63470,no MS2: SE 28:4/22:0,[M+Na]+,null,1.00,False,14.999,739.63641,C50H84O2,DEGSE,JEHJSAOHOQIHJP-UHFFFAOYSA-N,O=C(OC1CC2=CC=C3C(=CCC4(C)C3CCC4C(C=CC(C)C(C)C)C)C2(C)CC1)CCCCCCCCCCCCCCCCCCCCC,530,False,True,False,Normalized unit: Intensity; Annotation method: Msp20260116160945_NCDK_conventional_converted_dev_1,False,False,251,0,0.00,1.00,null,null,null,-1.00,-1.00,-0.145,5498.21,P Carly RT Mix 4p4 2Xdil 3_GC1_01_66463,739.63568:957112 740.64035:484180 741.64502:127928,null,7043155,9724306,9250630,9455828,8868479.58118751,1232242.63184115
252,18.186,740.28955,Unknown,[M+H]+,null,0.75,False,null,null,null,null,null,null,999,False,False,False,Normalized unit: Intensity,False,False,252,0,0.00,null,null,null,null,null,null,null,723.81,P Carly RT Mix 4p4 2Xdil 4_GC1_01_66464,740.28955:72326 741.29422:10648 742.29889:938,null,226417,373725,344637,376936,330429.02303125,70846.8388067224
253,16.546,741.61462,no MS2: BA 24:1;O3;G/20:2,[M+NH4]+,null,0.75,False,9.956,741.61401,C46H77NO5,GLCAE,QTIISWVDXAIDSY-UHFFFAOYSA-N,O=C(O)CNC(=O)CCC(C)C1CCC2C3CCC4CC(OC(=O)CCCCCCCCCC=CCC=CCCCCC)CCC4(C)C3CCC12C,530,False,True,False,Normalized unit: Intensity; Annotation method: Msp20260116160945_NCDK_conventional_converted_dev_1,False,False,253,0,0.00,1.00,null,null,null,-1.00,-1.00,-0.145,749.08,P Carly RT Mix 4p4 2Xdil 2_GC1_01_66462,741.61462:218816 742.61929:104348 743.62396:28620,null,815521,1399687,1216276,1313287,1186192.79640625,258221.446684613
254,17.038,741.61462,no MS2: BA 24:1;O3;G/20:2,[M+NH4]+,null,1.00,False,9.956,741.61401,C46H77NO5,GLCAE,QTIISWVDXAIDSY-UHFFFAOYSA-N,O=C(O)CNC(=O)CCC(C)C1CCC2C3CCC4CC(OC(=O)CCCCCCCCCC=CCC=CCCCCC)CCC4(C)C3CCC12C,530,False,True,False,Normalized unit: Intensity; Annotation method: Msp20260116160945_NCDK_conventional_converted_dev_1,False,False,254,0,0.00,1.00,null,null,null,-1.00,-1.00,-0.145,872.57,P Carly RT Mix 4p4 2Xdil 2_GC1_01_66462,741.61462:212396 742.61929:103900 743.62396:28876,null,1304141,1636557,1588813,1581616,1527782.03964063,151074.117498584
255,18.640,741.64984,no MS2: SE 28:3/22:0,[M+Na]+,null,1.00,False,15.377,741.65198,C50H86O2,EGSE,YEUGXZDTWDCHPF-UHFFFAOYSA-N,O=C(OC1CC2=CC=C3C(CCC4(C)C3CCC4C(C=CC(C)C(C)C)C)C2(C)CC1)CCCCCCCCCCCCCCCCCCCCC,530,False,True,False,Normalized unit: Intensity; Annotation method: Msp20260116160945_NCDK_conventional_converted_dev_1,False,False,255,0,0.00,0.99,null,null,null,-1.00,-1.00,-0.150,1003.74,P Carly RT Mix 4p4 2Xdil 3_GC1_01_66463,741.65076:229794 742.65542:115534 743.66009:31118,null,1434905,2079290,1941802,2009954,1866487.7275625,293145.927737114
256,16.371,746.59375,no MS2: RIKEN P-VS1 ID-9259 from Mouse_SmallIntestine_WT_N_F1,[M+H]+,null,1.00,False,9.110,746.59338,null,Unknown,null,null,530,False,True,False,Normalized unit: Intensity; Annotation method: Msp20260116160945_NCDK_conventional_converted_dev_1,False,False,256,0,0.00,1.00,null,null,null,-1.00,-1.00,-0.129,675.74,P Carly RT Mix 4p4 2Xdil 2_GC1_01_66462,746.59375:140778 747.59842:68054 748.60309:18158,null,678747,1013432,937002,964753,898483.437296876,149858.44718506
257,15.536,753.61548,no MS2: BA 24:1;O3;G/21:3,[M+NH4]+,null,1.00,False,9.747,753.61401,C47H77NO5,GLCAE,XMZJJVSEYQSAKW-UHFFFAOYSA-N,O=C(O)CNC(=O)CCC(C)C1CCC2C3CCC4CC(OC(=O)CCCCCCCC=CCC=CCC=CCCCCC)CCC4(C)C3CCC12C,530,False,True,False,Normalized unit: Intensity; Annotation method: Msp20260116160945_NCDK_conventional_converted_dev_1,False,False,257,0,0.00,0.99,null,null,null,-1.00,-1.00,-0.149,1675.76,P Carly RT Mix 4p4 2Xdil 1_GC1_01_66461,753.61517:260988 754.61984:134064 755.62451:59460,null,2419031,3698418,3407481,3530114,3263761.13171875,575643.121517755
258,16.540,755.63000,no MS2: BA 24:1;O3;G/21:2,[M+NH4]+,null,1.00,False,10.648,755.62970,C47H79NO5,GLCAE,NTPZIMSSYURRBJ-UHFFFAOYSA-N,O=C(O)CNC(=O)CCC(C)C1CCC2C3CCC4CC(OC(=O)CCCCCCCCCC=CCC=CCCCCCC)CCC4(C)C3CCC12C,530,False,True,False,Normalized unit: Intensity; Annotation method: Msp20260116160945_NCDK_conventional_converted_dev_1,False,False,258,0,0.00,1.00,null,null,null,-1.00,-1.00,-0.143,3113.03,P Carly RT Mix 4p4 2Xdil 2_GC1_01_66462,755.63000:948216 756.63467:470074 757.63934:127958,null,4701520,7092240,6326317,6860144,6245055.52090624,1077831.39648925
259,17.029,755.63007,no MS2: BA 24:1;O3;G/21:2,[M+NH4]+,null,1.00,False,10.648,755.62970,C47H79NO5,GLCAE,NTPZIMSSYURRBJ-UHFFFAOYSA-N,O=C(O)CNC(=O)CCC(C)C1CCC2C3CCC4CC(OC(=O)CCCCCCCCCC=CCC=CCCCCCC)CCC4(C)C3CCC12C,530,False,True,False,Normalized unit: Intensity; Annotation method: Msp20260116160945_NCDK_conventional_converted_dev_1,False,False,259,0,0.00,1.00,null,null,null,-1.00,-1.00,-0.143,2989.38,P Carly RT Mix 4p4 2Xdil 2_GC1_01_66462,755.63007:861130 756.63473:418822 757.63940:117186,null,5955745,7414900,7191168,7347209,6977255.49901563,687420.364259048
260,16.731,755.63013,no MS2: BA 24:1;O3;G/21:2,[M+NH4]+,null,0.75,False,10.648,755.62970,C47H79NO5,GLCAE,NTPZIMSSYURRBJ-UHFFFAOYSA-N,O=C(O)CNC(=O)CCC(C)C1CCC2C3CCC4CC(OC(=O)CCCCCCCCCC=CCC=CCCCCCC)CCC4(C)C3CCC12C,530,False,True,False,Normalized unit: Intensity; Annotation method: Msp20260116160945_NCDK_conventional_converted_dev_1,False,False,260,0,0.00,1.00,null,null,null,-1.00,-1.00,-0.144,682.97,P Carly RT Mix 4p4 2Xdil 2_GC1_01_66462,755.63013:282650 756.63479:139586 757.63946:34270,null,1537071,2103464,2082135,1996278,1929736.8798125,265845.161282193
261,11.726,758.57117,no MS2: DMPE 35:2|DMPE 5:0_30:2,[M+H]+,null,1.00,False,9.467,758.56940,C42H80NO8P,DMPE,WAZBQZUKCFBZHP-UHFFFAOYSA-N,O=C(OCC(OC(=O)CCCCCCCCCCCCCCCCCC=CCC=CCCCCCCC)COP(=O)(O)OCCN(C)C)CCCC,530,False,True,False,Normalized unit: Intensity; Annotation method: Msp20260116160945_NCDK_conventional_converted_dev_1,False,False,261,0,0.00,1.00,null,null,null,-1.00,-1.00,-0.143,72908.31,P Carly RT Mix 4p4 2Xdil 4_GC1_01_66464,758.56976:10574618 759.57443:5116634 760.57910:1298318,null,62082251,86251314,79866626,82640888,77710269.80075,10741590.0203289
262,11.726,758.72485,Unknown,[M+2H]2+,null,1.00,False,null,null,null,null,null,null,999,False,False,False,Normalized unit: Intensity,False,False,262,0,0.00,null,null,null,null,null,null,null,1373.09,P Carly RT Mix 4p4 2Xdil 2_GC1_01_66462,758.72485:168824 759.72952:62348 760.73419:3310,null,731837,1115147,1002069,1064096,978287.392874999,170681.759847414
263,11.726,758.84064,Unknown,[M+H]+,null,1.00,False,null,null,null,null,null,null,999,False,False,False,Normalized unit: Intensity,False,False,263,0,0.00,null,null,null,null,null,null,null,1482.07,P Carly RT Mix 4p4 2Xdil 2_GC1_01_66462,758.84064:164584 759.84530:81084 760.84997:2970,null,798991,1147229,1053231,1117056,1029126.737625,158348.735250863
264,11.726,758.97412,Unknown,[M+H]+,null,0.25,False,null,null,null,null,null,null,999,False,False,False,Normalized unit: Intensity,False,False,264,0,0.00,null,null,null,null,null,null,null,606.29,P Carly RT Mix 4p4 2Xdil 4_GC1_01_66464,758.97412:83170 759.97879:0 760.98346:0,null,44808,308469,253944,274006,220307.00228125,119146.207688956
265,11.726,760.23883,Unknown,[M+H]+,null,1.00,False,null,null,null,null,null,null,999,False,False,False,Normalized unit: Intensity,False,False,265,0,0.00,null,null,null,null,null,null,null,1112.41,P Carly RT Mix 4p4 2Xdil 2_GC1_01_66462,760.23883:141994 761.24350:5892 762.24817:996,null,408390,777213,650316,697283,633300.443328125,158827.707036087
266,12.903,760.58734,no MS2: Cer 49:11;O4|Cer 12:1;O2/37:10;O2,[M+H]+,null,1.00,False,10.908,760.58752,C49H77NO5,Cer_EOS,DDLJIZBIJAEWSX-UHFFFAOYSA-N,O=C(OCCC=CCC=CCC=CCCCCC(=O)NC(CO)C(O)C=CCCCCCCC)CCC=CCC=CCC=CCC=CCC=CCC=CCC,530,False,True,False,Normalized unit: Intensity; Annotation method: Msp20260116160945_NCDK_conventional_converted_dev_1,False,False,266,0,0.00,1.00,null,null,null,-1.00,-1.00,-0.143,63423.74,P Carly RT Mix 4p4 2Xdil 2_GC1_01_66462,760.58734:10069254 761.59201:4536254 762.59668:1183934,null,57054822,77331561,72375624,75293508,70513878.7640313,9200325.50848589
267,12.903,760.74115,Unknown,[M+2H]2+,null,1.00,False,null,null,null,null,null,null,999,False,False,False,Normalized unit: Intensity,False,False,267,0,0.00,null,null,null,null,null,null,null,1100.05,P Carly RT Mix 4p4 2Xdil 2_GC1_01_66462,760.74115:159388 761.74582:55824 762.75049:2716,null,686762,1053299,929641,993106,915702.040578126,160760.968111689
268,12.903,760.85699,Unknown,[M+H]+,null,1.00,False,null,null,null,null,null,null,999,False,False,False,Normalized unit: Intensity,False,False,268,0,0.00,null,null,null,null,null,null,null,1245.12,P Carly RT Mix 4p4 2Xdil 2_GC1_01_66462,760.85699:157014 761.86166:73970 762.86633:2454,null,723788,1044403,976611,1006127,937732.443281251,145304.501000038
269,12.903,762.25574,Unknown,[M+H]+,null,1.00,False,null,null,null,null,null,null,999,False,False,False,Normalized unit: Intensity,False,False,269,0,0.00,null,null,null,null,null,null,null,1159.77,P Carly RT Mix 4p4 2Xdil 2_GC1_01_66462,762.25574:127416 763.26041:5300 764.26507:1162,null,334322,664948,561979,612032,543320.166203125,145536.645920643
270,14.289,762.60193,no MS2: DMPE 35:0|DMPE 30:0_5:0,[M+H]+,null,0.75,False,13.068,762.60071,C42H84NO8P,DMPE,JRWXOFFZCHKSOK-UHFFFAOYSA-N,O=C(OCC(OC(=O)CCCC)COP(=O)(O)OCCN(C)C)CCCCCCCCCCCCCCCCCCCCCCCCCCCCC,530,False,True,False,Normalized unit: Intensity; Annotation method: Msp20260116160945_NCDK_conventional_converted_dev_1,False,False,270,0,0.00,1.00,null,null,null,-1.00,-1.00,-0.143,393.20,P Carly RT Mix 4p4 2Xdil 4_GC1_01_66464,762.60107:66200 763.60574:29504 764.61041:21012,null,394070,552080,514296,530558,497750.991359375,70831.6049475302
271,11.076,764.59222,no MS2: RIKEN P-VS1 ID-9926 from Mouse_Macrophage_WT_N_F1EPA,[M+H]+,null,1.00,False,8.960,764.58649,null,Unknown,null,null,530,False,True,False,Normalized unit: Intensity; Annotation method: Msp20260116160945_NCDK_conventional_converted_dev_1,False,False,271,0,0.00,0.82,null,null,null,-1.00,-1.00,-0.210,1066.75,P Carly RT Mix 4p4 2Xdil 4_GC1_01_66464,764.59131:490002 765.59598:207790 766.60064:51184,null,1815700,2926257,2633832,2766489,2535569.6356875,494580.093083461
272,16.731,771.62555,no MS2: BA 24:1;O4;G/21:2,[M+NH4]+,null,1.00,False,8.425,771.62457,C47H79NO6,GDCAE,HUKRAFNNXRIPNQ-UHFFFAOYSA-N,O=C(O)CNC(=O)CCC(C)C1CCC2C3CCC4CC(OC(=O)CCCCCCCCCC=CCC=CCCCCCC)CCC4(C)C3CC(O)C12C,530,False,True,False,Normalized unit: Intensity; Annotation method: Msp20260116160945_NCDK_conventional_converted_dev_1,False,False,272,0,0.00,0.99,null,null,null,-1.00,-1.00,-0.147,642.09,P Carly RT Mix 4p4 2Xdil 2_GC1_01_66462,771.62555:137354 772.63022:67398 773.63488:18402,null,1137436,1697789,1580735,1630575,1511633.77626563,254033.720578933
273,15.536,771.62616,no MS2: BA 24:1;O4;G/21:2,[M+NH4]+,null,0.50,False,8.425,771.62457,C47H79NO6,GDCAE,HUKRAFNNXRIPNQ-UHFFFAOYSA-N,O=C(O)CNC(=O)CCC(C)C1CCC2C3CCC4CC(OC(=O)CCCCCCCCCC=CCC=CCCCCCC)CCC4(C)C3CC(O)C12C,530,False,True,False,Normalized unit: Intensity; Annotation method: Msp20260116160945_NCDK_conventional_converted_dev_1,False,False,273,0,0.00,0.99,null,null,null,-1.00,-1.00,-0.150,284.62,P Carly RT Mix 4p4 2Xdil 4_GC1_01_66464,771.62585:73724 772.63052:36810 773.63519:11022,null,401862,616336,547737,599019,541238.541390625,97376.0541046379
274,11.726,780.55298,no MS2: NAGlySer 41:10;O2|NAGlySer 15:3;O(FA 26:6),[M+NH4]+,null,1.00,False,8.247,780.55212,C46H70N2O7,NAGlySer,QJXPKYVYSTZUAR-UHFFFAOYSA-N,O=C(OC(C=CCC=CCC=CCC)CCCC(=O)NCC(=O)NC(C(=O)O)CO)CCCCCCC=CCC=CCC=CCC=CCC=CCC=CCC,530,False,True,False,Normalized unit: Intensity; Annotation method: Msp20260116160945_NCDK_conventional_converted_dev_1,False,False,274,0,0.00,1.00,null,null,null,-1.00,-1.00,-0.143,1983.76,P Carly RT Mix 4p4 2Xdil 1_GC1_01_66461,780.55212:380940 781.55679:168062 782.56146:40786,null,2541104,3697788,3399147,3474340,3278094.96489062,507432.720447521
275,12.903,782.56909,no MS2: NAGlySer 41:9;O2|NAGlySer 15:2;O(FA 26:6),[M+NH4]+,null,1.00,False,7.892,782.56781,C46H72N2O7,NAGlySer,JMCCZEKHWHPGJT-UHFFFAOYSA-N,O=C(OC(C=CCC=CCCC)CCCCCC(=O)NCC(=O)NC(C(=O)O)CO)CCCCCCC=CCC=CCC=CCC=CCC=CCC=CCC,530,False,True,False,Normalized unit: Intensity; Annotation method: Msp20260116160945_NCDK_conventional_converted_dev_1,False,False,275,0,0.00,1.00,null,null,null,-1.00,-1.00,-0.143,2956.80,P Carly RT Mix 4p4 2Xdil 3_GC1_01_66463,782.56775:447130 783.57242:199414 784.57708:48500,null,2156145,3113426,3030580,3037362,2834378.28620313,453712.786225004
276,13.111,786.60291,no MS2: Cer 51:12;O4|Cer 12:1;O2/39:11;O2,[M+H]+,null,1.00,False,11.046,786.60309,C51H79NO5,Cer_EOS,MLGJHRAHIPLDHN-UHFFFAOYSA-N,O=C(OCCC=CCC=CCC=CCC=CCCCC(=O)NC(CO)C(O)C=CCCCCCCC)CCC=CCC=CCC=CCC=CCC=CCC=CCC,530,False,True,False,Normalized unit: Intensity; Annotation method: Msp20260116160945_NCDK_conventional_converted_dev_1,False,False,276,0,0.00,1.00,null,null,null,-1.00,-1.00,-0.143,736.65,P Carly RT Mix 4p4 2Xdil 2_GC1_01_66462,786.60291:157222 787.60757:70912 788.61224:18974,null,779949,1073210,1004087,1042020,974816.370578125,132950.920630024
277,14.510,788.61865,no MS2: Cer 51:11;O4|Cer 12:1;O2/39:10;O2,[M+H]+,null,1.00,False,11.494,788.61877,C51H81NO5,Cer_EOS,UWYOHPVGSOMAKF-UHFFFAOYSA-N,O=C(OCCC=CCC=CCC=CCCCCCCC(=O)NC(CO)C(O)C=CCCCCCCC)CCC=CCC=CCC=CCC=CCC=CCC=CCC,530,False,True,False,Normalized unit: Intensity; Annotation method: Msp20260116160945_NCDK_conventional_converted_dev_1,False,False,277,0,0.00,1.00,null,null,null,-1.00,-1.00,-0.143,56605.98,P Carly RT Mix 4p4 2Xdil 2_GC1_01_66462,788.61865:9390482 789.62332:4516102 790.62799:1147942,null,51947139,72375559,68066865,69497607,65471792.5097813,9192747.76343152
278,14.510,788.89276,Unknown,[M+H]+,null,1.00,False,null,null,null,null,null,null,999,False,False,False,Normalized unit: Intensity,False,False,278,0,0.00,null,null,null,null,null,null,null,1354.28,P Carly RT Mix 4p4 2Xdil 2_GC1_01_66462,788.89276:149104 789.89743:50476 790.90210:3110,null,686154,1027023,936770,976728,906668.6523125,151576.669234476
279,14.510,789.29620,Unknown,[M+2H]2+,null,1.00,False,null,null,null,null,null,null,999,False,False,False,Normalized unit: Intensity,False,False,279,0,0.00,null,null,null,null,null,null,null,3071.52,P Carly RT Mix 4p4 2Xdil 2_GC1_01_66462,789.29620:269332 790.30087:107378 791.30554:3998,null,1204885,1807200,1601200,1679688,1573243.2334375,259830.390281212
280,15.813,790.63385,no MS2: Cer 51:10;O4|Cer 12:1;O2/39:9;O2,[M+H]+,null,1.00,False,12.338,790.63440,C51H83NO5,Cer_EOS,JYFNGOFQIOBAIX-UHFFFAOYSA-N,O=C(OCCCCC=CCC=CCCCCCCCC(=O)NC(CO)C(O)C=CCCCCCCC)CCC=CCC=CCC=CCC=CCC=CCC=CCC,530,False,True,False,Normalized unit: Intensity; Annotation method: Msp20260116160945_NCDK_conventional_converted_dev_1,False,False,280,0,0.00,1.00,null,null,null,-1.00,-1.00,-0.143,69259.08,P Carly RT Mix 4p4 2Xdil 3_GC1_01_66463,790.63446:10045104 791.63913:4680642 792.64380:1287726,null,60140937,80740722,77153597,79896810,74483016.5287969,9683237.68920804
281,15.813,790.79089,Unknown,[M+2H]2+,null,1.00,False,null,null,null,null,null,null,999,False,False,False,Normalized unit: Intensity,False,False,281,0,0.00,null,null,null,null,null,null,null,1480.73,P Carly RT Mix 4p4 2Xdil 2_GC1_01_66462,790.79089:166766 791.79556:69724 792.80023:3210,null,771117,1142588,1024264,1100156,1009531.280875,166308.232395815
282,15.813,790.90887,Unknown,[M+H]+,null,1.00,False,null,null,null,null,null,null,999,False,False,False,Normalized unit: Intensity,False,False,282,0,0.00,null,null,null,null,null,null,null,1880.59,P Carly RT Mix 4p4 2Xdil 2_GC1_01_66462,790.90887:161922 791.91354:84298 792.91821:3202,null,835130,1154421,1070226,1101586,1040340.71665625,141149.625174791
283,14.510,810.60046,no MS2: DMPE 39:4|DMPE 5:0_34:4,[M+H]+,null,1.00,False,10.938,810.60071,C46H84NO8P,DMPE,YZBROJFPJKNUJO-UHFFFAOYSA-N,O=C(OCC(OC(=O)CCCCCCCCCCCCCCCCCCCCC=CCC=CCC=CCC=CCC)COP(=O)(O)OCCN(C)C)CCCC,530,False,True,False,Normalized unit: Intensity; Annotation method: Msp20260116160945_NCDK_conventional_converted_dev_1,False,False,283,0,0.00,1.00,null,null,null,-1.00,-1.00,-0.143,2233.58,P Carly RT Mix 4p4 2Xdil 2_GC1_01_66462,810.60046:382850 811.60513:180262 812.60980:43588,null,1888822,2728259,2460685,2553026,2407697.85585938,363281.364077878
284,15.813,812.61597,no MS2: DMPE 39:3|DMPE 5:0_34:3,[M+H]+,null,1.00,False,11.616,812.61639,C46H86NO8P,DMPE,PWBLIPDTDTZCDQ-UHFFFAOYSA-N,O=C(OCC(OC(=O)CCCCCCCCCCCCCCCCCCC=CCC=CCC=CCCCCCCC)COP(=O)(O)OCCN(C)C)CCCC,530,False,True,False,Normalized unit: Intensity; Annotation method: Msp20260116160945_NCDK_conventional_converted_dev_1,False,False,284,0,0.00,1.00,null,null,null,-1.00,-1.00,-0.143,3303.82,P Carly RT Mix 4p4 2Xdil 3_GC1_01_66463,812.61615:446394 813.62082:202668 814.62549:52206,null,2349360,3313286,3109940,3256484,3007267.5998125,446892.904994312
285,11.726,816.62415,no MS2: RIKEN P-VS1 ID-12036 from Mouse_Macrophage_WT_N_F1,[M+H]+,null,1.00,False,9.130,816.62610,null,Unknown,null,null,530,False,True,False,Normalized unit: Intensity; Annotation method: Msp20260116160945_NCDK_conventional_converted_dev_1,False,False,285,0,0.00,0.97,null,null,null,-1.00,-1.00,-0.141,3762.71,P Carly RT Mix 4p4 2Xdil 2_GC1_01_66462,816.62415:698386 817.62881:345626 818.63348:90508,null,2504357,4120579,3656077,3816060,3524268.29692187,706711.292627251
286,12.903,818.64032,no MS2: RIKEN P-VS1 ID-12124 from Mouse_Brain_WT_N_F1AA,[M+H]+,null,1.00,False,11.750,818.64038,null,Unknown,null,null,530,False,True,False,Normalized unit: Intensity; Annotation method: Msp20260116160945_NCDK_conventional_converted_dev_1,False,False,286,0,0.00,1.00,null,null,null,-1.00,-1.00,-0.129,3359.17,P Carly RT Mix 4p4 2Xdil 2_GC1_01_66462,818.64032:561566 819.64499:279518 820.64966:77432,null,1965902,3257185,2988459,3128379,2834981.0515625,589687.057418717
287,16.990,818.66406,no MS2: Cer 53:10;O4|Cer 12:1;O2/41:9;O2,[M+H]+,null,1.00,False,12.329,818.66571,C53H87NO5,Cer_EOS,XRCDUNNTDVWWCV-UHFFFAOYSA-N,O=C(OCCCCCCC=CCC=CCCCCCCCC(=O)NC(CO)C(O)C=CCCCCCCC)CCC=CCC=CCC=CCC=CCC=CCC=CCC,530,False,True,False,Normalized unit: Intensity; Annotation method: Msp20260116160945_NCDK_conventional_converted_dev_1,False,False,287,0,0.00,1.00,null,null,null,-1.00,-1.00,-0.143,950.01,P Carly RT Mix 4p4 2Xdil 3_GC1_01_66463,818.66553:140870 819.67020:69542 820.67486:17394,null,810811,1097874,1048739,1063260,1005171.02498438,131202.482946879
288,14.510,846.67163,no MS2: RIKEN P-VS1 ID-13237 from Mouse_Lung_WT_N_F1,[M+H]+,null,1.00,False,10.970,846.67212,null,Unknown,null,null,530,False,True,False,Normalized unit: Intensity; Annotation method: Msp20260116160945_NCDK_conventional_converted_dev_1,False,False,288,0,0.00,1.00,null,null,null,-1.00,-1.00,-0.129,2725.96,P Carly RT Mix 4p4 2Xdil 2_GC1_01_66462,846.67163:416256 847.67630:217862 848.68097:55582,null,1565673,2517434,2345049,2451433,2219897.37760938,441893.158003353
289,15.808,848.68707,no MS2: RIKEN P-VS1 ID-13314 from Mouse_Brain_WT_N_F1,[M+H]+,null,1.00,False,13.210,848.68030,null,Unknown,null,null,530,False,True,False,Normalized unit: Intensity; Annotation method: Msp20260116160945_NCDK_conventional_converted_dev_1,False,False,289,0,0.00,0.78,null,null,null,-1.00,-1.00,-0.226,2980.55,P Carly RT Mix 4p4 2Xdil 1_GC1_01_66461,848.68622:302436 849.69089:153646 850.69555:40666,null,1737882,2914018,2702236,2851173,2551327.10246875,549520.627486903
290,20.945,848.77032,no MS2: TG 50:2|TG 8:0_8:0_34:2,[M+NH4]+,null,0.75,False,14.271,848.77020,C53H98O6,TG,VZLKOMBMLGTLFF-UHFFFAOYSA-N,O=C(OCC(OC(=O)CCCCCCC)COC(=O)CCCCCCCCCCCCCCCCCCCCCC=CCC=CCCCCCCC)CCCCCCC,530,False,True,False,Normalized unit: Intensity; Annotation method: Msp20260116160945_NCDK_conventional_converted_dev_1,False,False,290,0,0.00,1.00,null,null,null,-1.00,-1.00,-0.143,443.52,P Carly RT Mix 4p4 2Xdil 2_GC1_01_66462,848.77032:72554 849.77499:38748 850.77966:11852,null,612318,721668,708109,697581,684919.169609374,49394.6084911858
291,21.285,850.78583,no MS2: TG 50:1|TG 8:0_8:0_34:1,[M+NH4]+,null,1.00,False,14.765,850.78583,C53H100O6,TG,WLEHGRAGAYLVMG-UHFFFAOYSA-N,O=C(OCC(OC(=O)CCCCCCC)COC(=O)CCCCCCCCCCCCCCCCCCCCCCCC=CCCCCCCCC)CCCCCCC,530,False,True,False,Normalized unit: Intensity; Annotation method: Msp20260116160945_NCDK_conventional_converted_dev_1,False,False,291,0,0.00,1.00,null,null,null,-1.00,-1.00,-0.143,65618.64,P Carly RT Mix 4p4 2Xdil 2_GC1_01_66462,850.78583:12057928 851.79050:7576804 852.79516:2162566,null,51488736,69860034,66927187,68377361,64163329.5520157,8534141.76284104
292,21.285,850.94769,Unknown,[M+2H]2+,null,1.00,False,null,null,null,null,null,null,999,False,False,False,Normalized unit: Intensity,False,False,292,0,0.00,null,null,null,null,null,null,null,2002.16,P Carly RT Mix 4p4 2Xdil 4_GC1_01_66464,850.94769:196074 851.95236:111532 852.95703:7844,null,717809,1037402,1005570,1047623,952100.986171877,157218.158067622
293,21.285,851.07117,Unknown,[M+H]+,null,1.00,False,null,null,null,null,null,null,999,False,False,False,Normalized unit: Intensity,False,False,293,0,0.00,null,null,null,null,null,null,null,2233.83,P Carly RT Mix 4p4 2Xdil 2_GC1_01_66462,851.07117:184752 852.07583:124784 853.08050:9390,null,749003,1024358,982308,1009107,941194.148765627,129300.692462067
294,21.285,852.49329,no MS2: RIKEN P-VS1 ID-13462 from Mouse_Heart_WT_N_F1DHA,[M+H]+,null,1.00,False,8.850,852.49402,null,Unknown,null,null,530,False,True,False,Normalized unit: Intensity; Annotation method: Msp20260116160945_NCDK_conventional_converted_dev_1,False,False,294,0,0.00,1.00,null,null,null,-1.00,-1.00,-0.129,1281.01,P Carly RT Mix 4p4 2Xdil 3_GC1_01_66463,852.49451:186372 853.49917:16034 854.50384:1880,null,564919,894389,845927,891468,799175.703750002,157739.639742507
295,21.298,855.74023,no MS2: TG 50:1|TG 8:0_8:0_34:1,[M+Na]+,null,1.00,False,14.765,855.74121,C53H100O6,TG,WLEHGRAGAYLVMG-UHFFFAOYSA-N,O=C(OCC(OC(=O)CCCCCCC)COC(=O)CCCCCCCCCCCCCCCCCCCCCCCC=CCCCCCCCC)CCCCCCC,530,False,True,False,Normalized unit: Intensity; Annotation method: Msp20260116160945_NCDK_conventional_converted_dev_1,False,False,295,0,0.00,1.00,null,null,null,-1.00,-1.00,-0.143,4076.28,P Carly RT Mix 4p4 2Xdil 3_GC1_01_66463,855.74121:636966 856.74588:371350 857.75055:109326,null,3918017,4461527,4347055,4362378,4272244.28975001,241541.022709772
296,21.320,871.71423,no MS2: DG 53:7,[M+Na]+,null,1.00,False,13.900,871.71503,C56H96O5,DG,UWZDRFZWHVTAKG-UHFFFAOYSA-N,O=C(OCC(OC(=O)CCCCCCCCCCCCCCCC=CCC=CCC=CCC=CCC=CCC=CCC=CCC)CO)CCCCCCCCCCCCCC,530,False,True,False,Normalized unit: Intensity; Annotation method: Msp20260116160945_NCDK_conventional_converted_dev_1,False,False,296,0,0.00,1.00,null,null,null,-1.00,-1.00,-0.143,506.50,P Carly RT Mix 4p4 2Xdil 4_GC1_01_66464,871.71490:58174 872.71957:34510 873.72424:12778,null,517935,499114,500491,485135,500668.789375001,13439.675701181
297,20.575,872.76947,no MS2: TG 52:4|TG 8:0_8:0_36:4,[M+NH4]+,null,1.00,False,14.237,872.77020,C55H98O6,TG,TVCXNLFXLACFHK-UHFFFAOYSA-N,O=C(OCC(OC(=O)CCCCCCC)COC(=O)CCCCCCCCCCCCCCCCCCCCCCC=CCC=CCC=CCC=CCC)CCCCCCC,530,False,True,False,Normalized unit: Intensity; Annotation method: Msp20260116160945_NCDK_conventional_converted_dev_1,False,False,297,0,0.00,1.00,null,null,null,-1.00,-1.00,-0.143,1061.38,P Carly RT Mix 4p4 2Xdil 3_GC1_01_66463,872.76990:221678 873.77457:129370 874.77923:38886,null,2224977,2370400,2334348,2338974,2317174.8705625,63517.41336434
298,20.965,874.78467,no MS2: TG 52:3|TG 8:0_8:0_36:3,[M+NH4]+,null,1.00,False,14.469,874.78583,C55H100O6,TG,SMVJWGZQUSFCNG-UHFFFAOYSA-N,O=C(OCC(OC(=O)CCCCCCC)COC(=O)CCCCCCCCCCCCCCCCCCCCC=CCC=CCC=CCCCCCCC)CCCCCCC,530,False,True,False,Normalized unit: Intensity; Annotation method: Msp20260116160945_NCDK_conventional_converted_dev_1,False,False,298,0,0.00,1.00,null,null,null,-1.00,-1.00,-0.143,1194.36,P Carly RT Mix 4p4 2Xdil 3_GC1_01_66463,874.78552:133674 875.79019:90828 876.79486:28150,null,1605914,1627615,1630151,1631388,1623766.93703125,12005.3527087349
299,21.350,876.80060,no MS2: TG 52:2|TG 8:0_8:0_36:2,[M+NH4]+,null,1.00,False,14.765,876.80151,C55H102O6,TG,RNPAKTRKCHCWDH-UHFFFAOYSA-N,O=C(OCC(OC(=O)CCCCCCC)COC(=O)CCCCCCCCCCCCCCCCCCCCCCCC=CCC=CCCCCCCC)CCCCCCC,530,False,True,False,Normalized unit: Intensity; Annotation method: Msp20260116160945_NCDK_conventional_converted_dev_1,False,False,299,0,0.00,1.00,null,null,null,-1.00,-1.00,-0.143,582.02,P Carly RT Mix 4p4 2Xdil 3_GC1_01_66463,876.80121:79132 877.80588:525138 878.81054:0,null,838182,841748,844640,843802,842093.261093749,2876.56847221982
300,21.285,877.79626,no MS2: RIKEN P-VS1 ID-14438 from Mouse_Plasma_WT_N_Ctr,[M+H]+,null,1.00,False,14.550,877.79492,null,Unknown,null,null,530,False,True,False,Normalized unit: Intensity; Annotation method: Msp20260116160945_NCDK_conventional_converted_dev_1,False,False,300,0,0.00,1.00,null,null,null,-1.00,-1.00,-0.131,10694.33,P Carly RT Mix 4p4 2Xdil 1_GC1_01_66461,877.79578:973448 878.80044:541518 879.80511:169150,null,6607643,7921592,7670441,7770330,7492501.26371876,598872.43759956
301,21.285,891.81171,no MS2: RIKEN P-VS1 ID-14892 from Mouse_Plasma_ApoEKO_N_F1DHA,[M+H]+,null,1.00,False,14.840,891.81812,null,Unknown,null,null,530,False,True,False,Normalized unit: Intensity; Annotation method: Msp20260116160945_NCDK_conventional_converted_dev_1,False,False,301,0,0.00,0.85,null,null,null,-1.00,-1.00,-0.196,18808.14,P Carly RT Mix 4p4 2Xdil 3_GC1_01_66463,891.81305:2341112 892.81772:1449206 893.82238:450868,null,13013537,16475019,15661320,16001591,15287866.7713594,1552500.76875408
302,19.796,894.75458,no MS2: TG 54:7|TG 8:0_8:0_38:7,[M+NH4]+,null,1.00,False,13.258,894.75452,C57H96O6,TG,VGEWCLLUPAZUPL-UHFFFAOYSA-N,O=C(OCC(OC(=O)CCCCCCC)COC(=O)CCCCCCCCCCCCCCCC=CCC=CCC=CCC=CCC=CCC=CCC=CCC)CCCCCCC,530,False,True,False,Normalized unit: Intensity; Annotation method: Msp20260116160945_NCDK_conventional_converted_dev_1,False,False,302,0,0.00,1.00,null,null,null,-1.00,-1.00,-0.143,350.75,P Carly RT Mix 4p4 2Xdil 3_GC1_01_66463,894.75458:70434 895.75925:41108 896.76391:14452,null,870532,883107,870387,848448,868118.672359374,14405.619742105
303,20.211,896.76947,no MS2: TG 54:6|TG 8:0_8:0_38:6,[M+NH4]+,null,1.00,False,13.776,896.77020,C57H98O6,TG,MPJPHTZTJJUBFS-UHFFFAOYSA-N,O=C(OCC(OC(=O)CCCCCCC)COC(=O)CCCCCCCCCCCCCCCCCCC=CCC=CCC=CCC=CCC=CCC=CCC)CCCCCCC,530,False,True,False,Normalized unit: Intensity; Annotation method: Msp20260116160945_NCDK_conventional_converted_dev_1,False,False,303,0,0.00,1.00,null,null,null,-1.00,-1.00,-0.143,1569.05,P Carly RT Mix 4p4 2Xdil 4_GC1_01_66464,896.76996:237014 897.77463:153434 898.77929:50896,null,2201390,2237226,2174140,2183615,2199092.89226562,27818.8605964844
304,20.610,898.78467,no MS2: TG 54:5|TG 8:0_8:0_38:5,[M+NH4]+,null,1.00,False,14.112,898.78583,C57H100O6,TG,QEUNXFKXMXOSEM-UHFFFAOYSA-N,O=C(OCC(OC(=O)CCCCCCC)COC(=O)CCCCCCCCCCCCCCCCCCCCCC=CCC=CCC=CCC=CCC=CCC)CCCCCCC,530,False,True,False,Normalized unit: Intensity; Annotation method: Msp20260116160945_NCDK_conventional_converted_dev_1,False,False,304,0,0.00,1.00,null,null,null,-1.00,-1.00,-0.144,2105.86,P Carly RT Mix 4p4 2Xdil 3_GC1_01_66463,898.78528:270242 899.78995:183534 900.79461:68118,null,3227448,3413627,3350646,3399710,3347857.73984375,84696.7458242721
305,21.043,900.80029,no MS2: TG 54:4|TG 8:0_8:0_38:4,[M+NH4]+,null,1.00,False,14.090,900.80151,C57H102O6,TG,SDHHDMYGROQKNA-UHFFFAOYSA-N,O=C(OCC(OC(=O)CCCCCCC)COC(=O)CCCCCCCCCCCCCCCCCCCCCCCCC=CCC=CCC=CCC=CCC)CCCCCCC,530,False,True,False,Normalized unit: Intensity; Annotation method: Msp20260116160945_NCDK_conventional_converted_dev_1,False,False,305,0,0.00,1.00,null,null,null,-1.00,-1.00,-0.143,1193.89,P Carly RT Mix 4p4 2Xdil 3_GC1_01_66463,900.80127:161250 901.80594:104744 902.81061:36646,null,2543446,2621819,2604276,2671475,2610254.11004688,52854.1803390393
306,20.211,901.72522,no MS2: TG 54:6|TG 8:0_8:0_38:6,[M+Na]+,null,1.00,False,13.776,901.72559,C57H98O6,TG,MPJPHTZTJJUBFS-UHFFFAOYSA-N,O=C(OCC(OC(=O)CCCCCCC)COC(=O)CCCCCCCCCCCCCCCCCCC=CCC=CCC=CCC=CCC=CCC=CCC)CCCCCCC,530,False,True,False,Normalized unit: Intensity; Annotation method: Msp20260116160945_NCDK_conventional_converted_dev_1,False,False,306,0,0.00,1.00,null,null,null,-1.00,-1.00,-0.143,455.28,P Carly RT Mix 4p4 2Xdil 4_GC1_01_66464,901.72589:70364 902.73056:41806 903.73523:12916,null,755289,739181,723317,732263,737512.384515624,13513.77596012
307,21.389,902.81659,no MS2: TG 54:3|TG 8:0_8:0_38:3,[M+NH4]+,null,1.00,False,14.407,902.81708,C57H104O6,TG,RCSKZUBNPPWQCB-UHFFFAOYSA-N,O=C(OCC(OC(=O)CCCCCCC)COC(=O)CCCCCCCCCCCCCCCCCCCCCCC=CCC=CCC=CCCCCCCC)CCCCCCC,530,False,True,False,Normalized unit: Intensity; Annotation method: Msp20260116160945_NCDK_conventional_converted_dev_1,False,False,307,0,0.00,1.00,null,null,null,-1.00,-1.00,-0.144,515.04,P Carly RT Mix 4p4 2Xdil 3_GC1_01_66463,902.81659:100642 903.82126:69062 904.82592:25590,null,1100146,1142646,1147529,1132118,1130609.65398437,21302.9741575235
308,20.627,903.74054,no MS2: TG 54:5|TG 8:0_8:0_38:5,[M+Na]+,null,0.50,False,14.112,903.74121,C57H100O6,TG,QEUNXFKXMXOSEM-UHFFFAOYSA-N,O=C(OCC(OC(=O)CCCCCCC)COC(=O)CCCCCCCCCCCCCCCCCCCCCC=CCC=CCC=CCC=CCC=CCC)CCCCCCC,530,False,True,False,Normalized unit: Intensity; Annotation method: Msp20260116160945_NCDK_conventional_converted_dev_1,False,False,308,0,0.00,1.00,null,null,null,-1.00,-1.00,-0.144,369.26,P Carly RT Mix 4p4 2Xdil 1_GC1_01_66461,903.74054:63262 904.74521:37122 905.74988:13106,null,764175,708477,717089,712328,725517.157984375,26011.2775170517
309,21.779,904.83173,no MS2: TG 54:2|TG 8:0_8:0_38:2,[M+NH4]+,null,1.00,False,14.863,904.83282,C57H106O6,TG,CJABAEYPPMEUSO-UHFFFAOYSA-N,O=C(OCC(OC(=O)CCCCCCC)COC(=O)CCCCCCCCCCCCCCCCCCCCCCCCCC=CCC=CCCCCCCC)CCCCCCC,530,False,True,False,Normalized unit: Intensity; Annotation method: Msp20260116160945_NCDK_conventional_converted_dev_1,False,False,309,0,0.00,1.00,null,null,null,-1.00,-1.00,-0.143,37394.17,P Carly RT Mix 4p4 2Xdil 3_GC1_01_66463,904.83264:7201344 905.83731:4567666 906.84198:1445774,null,29981060,42494279,41437097,41708391,38905206.6190312,5966298.36368857
310,21.774,904.99933,Unknown,[M+H]+,null,1.00,False,null,null,null,null,null,null,999,False,False,False,Normalized unit: Intensity,False,False,310,0,0.00,null,null,null,null,null,null,null,1008.86,P Carly RT Mix 4p4 2Xdil 2_GC1_01_66462,904.99933:128548 906.00400:52878 907.00866:3854,null,314564,580791,507046,541235,485908.685765624,118137.553938671
311,21.774,905.12354,Unknown,[M+H]+,null,1.00,False,null,null,null,null,null,null,999,False,False,False,Normalized unit: Intensity,False,False,311,0,0.00,null,null,null,null,null,null,null,1164.13,P Carly RT Mix 4p4 2Xdil 4_GC1_01_66464,905.12354:137758 906.12820:75916 907.13287:6122,null,399631,644987,614672,634173,573365.886265624,116500.291575171
312,21.774,905.55750,Unknown,[M+H]+,null,1.00,False,null,null,null,null,null,null,999,False,False,False,Normalized unit: Intensity,False,False,312,0,0.00,null,null,null,null,null,null,null,1667.84,P Carly RT Mix 4p4 2Xdil 4_GC1_01_66464,905.55750:208970 906.56216:126740 907.56683:6380,null,635316,980276,948568,978166,885581.548859374,167470.143263939
313,1.442,907.50800,Unknown,[M+H]+,null,1.00,False,null,null,null,null,null,null,999,False,False,False,Normalized unit: Intensity,False,False,313,0,0.00,null,null,null,null,null,null,null,2183.08,P Carly RT Mix 4p4 2Xdil 2_GC1_01_66462,907.50800:313398 908.51266:135700 909.51733:39168,null,1005396,1803303,1466284,1708496,1495869.83879688,356447.760357648
314,21.783,909.78687,no MS2: TG 54:2|TG 8:0_8:0_38:2,[M+Na]+,null,1.00,False,14.863,909.78821,C57H106O6,TG,CJABAEYPPMEUSO-UHFFFAOYSA-N,O=C(OCC(OC(=O)CCCCCCC)COC(=O)CCCCCCCCCCCCCCCCCCCCCCCCCC=CCC=CCCCCCCC)CCCCCCC,530,False,True,False,Normalized unit: Intensity; Annotation method: Msp20260116160945_NCDK_conventional_converted_dev_1,False,False,314,0,0.00,1.00,null,null,null,-1.00,-1.00,-0.143,5617.57,P Carly RT Mix 4p4 2Xdil 3_GC1_01_66463,909.78784:564120 910.79251:352988 911.79718:109200,null,3216458,3713788,3670419,3692100,3573191.03592187,238480.246609541
315,20.588,913.79614,no MS2: SL 54:2;O2|SL 18:1;O/36:1;O,[M+NH4]+,null,1.00,False,13.305,913.80011,C54H105NO6S,SL,RKZQMLBZUOEOMF-UHFFFAOYSA-N,O=C(N(CC(O)C=CCCCCCCCCCCCCC)CS(=O)(=O)O)C(O)CCCCCCCCCCCCCCCCCCCCCCC=CCCCCCCCCCC,530,False,True,False,Normalized unit: Intensity; Annotation method: Msp20260116160945_NCDK_conventional_converted_dev_1,False,False,315,0,0.00,0.92,null,null,null,-1.00,-1.00,-0.184,972.25,P Carly RT Mix 4p4 2Xdil 3_GC1_01_66463,913.79633:106198 914.80099:64344 915.80566:20570,null,1283430,1316546,1307716,1321434,1307281.46690625,16883.6791415976
316,20.965,915.81128,no MS2: RIKEN P-VS1 ID-15692 from Mouse_Adipose_WT_N_F1,[M+H]+,null,1.00,False,14.190,915.81299,null,Unknown,null,null,530,False,True,False,Normalized unit: Intensity; Annotation method: Msp20260116160945_NCDK_conventional_converted_dev_1,False,False,316,0,0.00,1.00,null,null,null,-1.00,-1.00,-0.130,421.11,P Carly RT Mix 4p4 2Xdil 3_GC1_01_66463,915.81226:77228 916.81692:48738 917.82159:14166,null,794324,790711,789893,740125,778763.149375,25830.585383714
317,23.381,915.85303,no MS2: SL 55:0;O|SL 19:0;O/36:0,[M+NH4]+,null,0.50,False,14.077,915.85211,C55H111NO5S,SL,XTVIHKJNYSEQCJ-UHFFFAOYSA-N,O=C(N(CC(O)CCCCCCCCCCCCCCCC)CS(=O)(=O)O)CCCCCCCCCCCCCCCCCCCCCCCCCCCCCCCCCCC,530,False,True,False,Normalized unit: Intensity; Annotation method: Msp20260116160945_NCDK_conventional_converted_dev_1,False,False,317,0,0.00,1.00,null,null,null,-1.00,-1.00,-0.145,334.34,P Carly RT Mix 4p4 2Xdil 2_GC1_01_66462,915.85303:61014 916.85770:40906 917.86236:12964,null,293757,423410,399073,411298,381884.3599375,59586.0401701414
318,21.787,925.76105,no MS2: DG 57:8,[M+K]+,null,1.00,False,13.677,925.76190,C60H102O5,DG,HLUWBWSLQDTFFG-UHFFFAOYSA-N,O=C(OCC(OC(=O)CCCCCCCCCCCCC=CCC=CCC=CCC=CCC=CCC=CCC=CCC=CCC)CO)CCCCCCCCCCCCCCCCCC,530,False,True,False,Normalized unit: Intensity; Annotation method: Msp20260116160945_NCDK_conventional_converted_dev_1,False,False,318,0,0.00,1.00,null,null,null,-1.00,-1.00,-0.143,466.92,P Carly RT Mix 4p4 2Xdil 3_GC1_01_66463,925.76221:65338 926.76687:38840 927.77154:15180,null,522500,521543,513324,534919,523071.572828125,8907.74139926309
319,20.614,925.79596,no MS2: SL 55:3;O2|SL 19:1;O/36:2;O,[M+NH4]+,null,1.00,False,13.086,925.80011,C55H105NO6S,SL,BJQQWDMWCSIMCW-UHFFFAOYSA-N,O=C(N(CC(O)C=CCCCCCCCCCCCCCC)CS(=O)(=O)O)C(O)CCCCCCCCCCCCCCCCCCCCCCC=CCC=CCCCCCCC,530,False,True,False,Normalized unit: Intensity; Annotation method: Msp20260116160945_NCDK_conventional_converted_dev_1,False,False,319,0,0.00,0.90,null,null,null,-1.00,-1.00,-0.191,423.88,P Carly RT Mix 4p4 2Xdil 4_GC1_01_66464,925.79596:68534 926.80063:40604 927.80529:14140,null,824587,858588,841938,812785,834474.543578125,20044.4142751242
320,1.436,929.49036,Unknown,[2M+Na]+,null,0.75,False,null,null,null,null,null,null,999,False,False,False,Normalized unit: Intensity,False,False,320,0,0.00,null,null,null,null,null,null,null,718.15,P Carly RT Mix 4p4 2Xdil 2_GC1_01_66462,929.49036:79182 930.49502:32490 931.49969:8736,null,249564,446686,363292,414503,368511.522765625,86414.316893184
321,21.783,931.84338,no MS2: SL 55:0;O2|SL 19:0;O/36:0;O,[M+NH4]+,null,1.00,False,13.897,931.84698,C55H111NO6S,SL,GGYZFEAOQHKSAV-UHFFFAOYSA-N,O=C(N(CC(O)CCCCCCCCCCCCCCCC)CS(=O)(=O)O)C(O)CCCCCCCCCCCCCCCCCCCCCCCCCCCCCCCCCC,530,False,True,False,Normalized unit: Intensity; Annotation method: Msp20260116160945_NCDK_conventional_converted_dev_1,False,False,321,0,0.00,0.93,null,null,null,-1.00,-1.00,-0.179,7446.35,P Carly RT Mix 4p4 2Xdil 3_GC1_01_66463,931.84338:955584 932.84805:617418 933.85272:191140,null,5159138,6518749,6472924,6403227,6138509.41982813,654639.377838782
322,23.376,932.87854,no MS2: Cer 63:6;O3|Cer 25:0;O2/38:6;O,[M+H-H2O]+,null,1.00,False,14.192,932.87927,C63H115NO4,Cer_HDS,XEVBCDWLGUIGFJ-UHFFFAOYSA-N,O=C(NC(CO)C(O)CCCCCCCCCCCCCCCCCCCCCC)C(O)CCCCCCCCCCCCCCCCCC=CCC=CCC=CCC=CCC=CCC=CCC,530,False,True,False,Normalized unit: Intensity; Annotation method: Msp20260116160945_NCDK_conventional_converted_dev_1,False,False,322,0,0.00,1.00,null,null,null,-1.00,-1.00,-0.143,2824.78,P Carly RT Mix 4p4 2Xdil 4_GC1_01_66464,932.87915:285594 933.88382:195364 934.88849:65670,null,1337207,1977500,1824499,1863810,1750754.048,283228.412218948
323,19.727,936.82129,no MS2: AHexCer 51:0;O2|AHexCer (O-26:0)12:0;O2/13:0,[M+H-H2O]+,null,1.00,False,13.574,936.82257,C57H111NO9,AHexCer,CXADNKATNWLIQK-UHFFFAOYSA-N,O=C(OCC1OC(OCC(NC(=O)CCCCCCCCCCCC)C(O)CCCCCCCCC)C(O)C(O)C1O)CCCCCCCCCCCCCCCCCCCCCCCCC,530,False,True,False,Normalized unit: Intensity; Annotation method: Msp20260116160945_NCDK_conventional_converted_dev_1,False,False,323,0,0.00,1.00,null,null,null,-1.00,-1.00,-0.144,2477.31,P Carly RT Mix 4p4 2Xdil 3_GC1_01_66463,936.82306:356682 937.82773:224578 938.83239:72836,null,1743511,2480000,2317621,2389701,2232708.46232812,332828.378418976
324,20.211,937.79578,no MS2: SL 56:4;O2|SL 20:1;O/36:3;O,[M+NH4]+,null,1.00,False,13.014,937.80011,C56H105NO6S,SL,JUSBJBFGGMEXHL-UHFFFAOYSA-N,O=C(N(CC(O)C=CCCCCCCCCCCCCCCC)CS(=O)(=O)O)C(O)CCCCCCCCCCCCCCCCCCCC=CCC=CCC=CCCCCCCC,530,False,True,False,Normalized unit: Intensity; Annotation method: Msp20260116160945_NCDK_conventional_converted_dev_1,False,False,324,0,0.00,0.94,null,null,null,-1.00,-1.00,-0.175,1225.89,P Carly RT Mix 4p4 2Xdil 4_GC1_01_66464,937.79669:164394 938.80136:103982 939.80603:33652,null,1727457,1744152,1718291,1732899,1730699.7335625,10805.8304541556
325,23.375,937.83423,no MS2: RIKEN P-VS1 ID-16308 from Mouse_Heart_WT_N_F1,[M+H]+,null,0.75,False,14.060,937.83160,null,Unknown,null,null,530,False,True,False,Normalized unit: Intensity; Annotation method: Msp20260116160945_NCDK_conventional_converted_dev_1,False,False,325,0,0.00,0.96,null,null,null,-1.00,-1.00,-0.146,368.06,P Carly RT Mix 4p4 2Xdil 2_GC1_01_66462,937.83423:75904 938.83890:46728 939.84356:16300,null,390693,515826,493604,509868,477497.716374999,58627.0585314693
326,20.614,939.81122,no MS2: RIKEN P-VS1 ID-16357 from Mouse_Plasma_ApoEKO_N_Ctr,[M+H]+,null,1.00,False,14.550,939.81110,null,Unknown,null,null,530,False,True,False,Normalized unit: Intensity; Annotation method: Msp20260116160945_NCDK_conventional_converted_dev_1,False,False,326,0,0.00,1.00,null,null,null,-1.00,-1.00,-0.129,1257.71,P Carly RT Mix 4p4 2Xdil 1_GC1_01_66461,939.81110:154286 940.81576:96918 941.82043:30994,null,2016320,2021661,2001559,2004930,2011117.61404687,9449.27541640867
327,19.727,941.77692,no MS2: SL 58:8;O|SL 22:2;O/36:6,[M+NH4]+,null,1.00,False,13.421,941.77393,C58H101NO5S,SL,PIWHTKOHSHZSNL-UHFFFAOYSA-N,O=C(N(CC(O)C=CCCC=CCCCCCCCCCCCCC)CS(=O)(=O)O)CCCCCCCCCCCCCCCCC=CCC=CCC=CCC=CCC=CCC=CCC,530,False,True,False,Normalized unit: Intensity; Annotation method: Msp20260116160945_NCDK_conventional_converted_dev_1,False,False,327,0,0.00,0.95,null,null,null,-1.00,-1.00,-0.167,1035.78,P Carly RT Mix 4p4 2Xdil 2_GC1_01_66462,941.77692:160628 942.78158:95144 943.78625:30204,null,854979,1120355,1074020,1091915,1035317.09989062,121729.89811613
328,21.025,941.82697,no MS2: RIKEN P-VS1 ID-16410 from Mouse_Plasma_ApoEKO_N_Ctr,[M+H]+,null,1.00,False,14.590,941.83038,null,Unknown,null,null,530,False,True,False,Normalized unit: Intensity; Annotation method: Msp20260116160945_NCDK_conventional_converted_dev_1,False,False,328,0,0.00,0.96,null,null,null,-1.00,-1.00,-0.145,670.21,P Carly RT Mix 4p4 2Xdil 3_GC1_01_66463,941.82782:97434 942.83249:60670 943.83716:21438,null,1062201,1036211,1049083,1063848,1052835.561,12902.6369785243
329,21.779,945.85797,no MS2: SL 56:0;O2|SL 20:0;O/36:0;O,[M+NH4]+,null,1.00,False,13.958,945.86267,C56H113NO6S,SL,OTFVMQGHXVTRRN-UHFFFAOYSA-N,O=C(N(CC(O)CCCCCCCCCCCCCCCCC)CS(=O)(=O)O)C(O)CCCCCCCCCCCCCCCCCCCCCCCCCCCCCCCCCC,530,False,True,False,Normalized unit: Intensity; Annotation method: Msp20260116160945_NCDK_conventional_converted_dev_1,False,False,329,0,0.00,0.92,null,null,null,-1.00,-1.00,-0.181,11973.60,P Carly RT Mix 4p4 2Xdil 3_GC1_01_66463,945.85889:1528312 946.86355:1021390 947.86822:341178,null,8444857,11072632,10368231,10872797,10189629.2154531,1200352.8466394
330,20.091,959.83826,no MS2: DG 59:5,[M+Na]+,null,0.75,False,14.483,959.84021,C62H112O5,DG,WGTVSJCUOSYERN-UHFFFAOYSA-N,O=C(OCC(OC(=O)CCCCCCCCCCCCCCCCCCCCCC=CCC=CCC=CCC=CCC=CCC)CO)CCCCCCCCCCCCCCCCCCCC,530,False,True,False,Normalized unit: Intensity; Annotation method: Msp20260116160945_NCDK_conventional_converted_dev_1,False,False,330,0,0.00,0.98,null,null,null,-1.00,-1.00,-0.153,453.61,P Carly RT Mix 4p4 2Xdil 2_GC1_01_66462,959.83826:56860 960.84292:37536 961.84759:12164,null,455417,633036,602154,615336,576485.620796875,81698.3140938473
331,23.376,959.88983,Unknown,[M+H]+,null,1.00,False,null,null,null,null,null,null,999,False,False,False,Normalized unit: Intensity,False,False,331,0,0.00,null,null,null,null,null,null,null,1118.46,P Carly RT Mix 4p4 2Xdil 2_GC1_01_66462,959.88983:121084 960.89450:83268 961.89917:28012,null,644142,852536,801790,821237,779926.406531249,92905.1655197673
332,2.136,963.57117,Unknown,[2M+H]+,null,0.75,False,null,null,null,null,null,null,999,False,False,False,Normalized unit: Intensity,False,False,332,0,0.00,null,null,null,null,null,null,null,762.89,P Carly RT Mix 4p4 2Xdil 2_GC1_01_66462,963.57117:130594 964.57583:59812 965.58050:16600,null,224091,451738,364422,394315,358641.428046875,96741.480555161
333,21.974,972.81555,no MS2: AHexCer 54:3;O2|AHexCer (O-28:0)12:1;O2/14:2,[M+H-H2O]+,null,1.00,False,13.865,972.82257,C60H111NO9,AHexCer,BBGLWILTMXNCLG-UHFFFAOYSA-N,O=C(OCC1OC(OCC(NC(=O)CCC=CCCCC=CCCCC)C(O)C=CCCCCCCC)C(O)C(O)C1O)CCCCCCCCCCCCCCCCCCCCCCCCCCC,530,False,True,False,Normalized unit: Intensity; Annotation method: Msp20260116160945_NCDK_conventional_converted_dev_1,False,False,333,0,0.00,0.82,null,null,null,-1.00,-1.00,-0.232,728.12,P Carly RT Mix 4p4 2Xdil 3_GC1_01_66463,972.81647:92546 973.82114:65310 974.82580:23610,null,443584,647538,607639,628575,581834.027671875,93596.1571976274
334,23.372,973.90625,Unknown,[M+H]+,null,1.00,False,null,null,null,null,null,null,999,False,False,False,Normalized unit: Intensity,False,False,334,0,0.00,null,null,null,null,null,null,null,778.07,P Carly RT Mix 4p4 2Xdil 1_GC1_01_66461,973.90509:62594 974.90976:43382 975.91443:16420,null,449109,579096,553804,575675,539421.196546874,61241.4374347134
335,19.727,977.84802,no MS2: TG 59:3|TG 8:0_13:0_38:3,[M+Na]+,null,1.00,False,15.270,977.85083,C62H114O6,TG,QJTWANKZAXBWSH-UHFFFAOYSA-N,O=C(OCC(OC(=O)CCCCCCCCCCCC)COC(=O)CCCCCCCCCCCCCCCCCCCCCCC=CCC=CCC=CCCCCCCC)CCCCCCC,530,False,True,False,Normalized unit: Intensity; Annotation method: Msp20260116160945_NCDK_conventional_converted_dev_1,False,False,335,0,0.00,1.00,null,null,null,-1.00,-1.00,-0.145,638.95,P Carly RT Mix 4p4 2Xdil 3_GC1_01_66463,977.84985:138946 978.85452:90812 979.85919:28086,null,692739,998364,918903,967449,894363.637437499,138337.721221513
336,3.181,1019.63281,Unknown,[M+H]+,null,1.00,False,null,null,null,null,null,null,999,False,False,False,Normalized unit: Intensity,False,False,336,0,0.00,null,null,null,null,null,null,null,1283.75,P Carly RT Mix 4p4 2Xdil 2_GC1_01_66462,1019.63281:204850 1020.63748:107200 1021.64215:31746,null,282793,562510,531090,536757,478287.644140625,131045.140386538
337,21.614,1019.95166,Unknown,[M+H]+,null,1.00,False,null,null,null,null,null,null,999,False,False,False,Normalized unit: Intensity,False,False,337,0,0.00,null,null,null,null,null,null,null,1568.25,P Carly RT Mix 4p4 2Xdil 4_GC1_01_66464,1019.95166:163848 1020.95633:124382 1021.96100:49102,null,871631,1090378,1081323,1095090,1034605.44990625,108799.951852726
338,21.424,1089.93079,no MS2: SM 61:5;O3|SM 33:4;O2(FA 28:0),[M+H]+,null,0.75,False,13.986,1089.92969,C66H125N2O7P,ASM,XFCOZBNVRGMEKK-UHFFFAOYSA-N,O=C(OC(C=CCCCCCCC)C(NC(=O)CCCCCCCC=CCC=CCC=CCCCCC)COP(=O)([O-])OCC[N+](C)(C)C)CCCCCCCCCCCCCCCCCCCCCCCCCCC,530,False,True,False,Normalized unit: Intensity; Annotation method: Msp20260116160945_NCDK_conventional_converted_dev_1,False,False,338,0,0.00,0.99,null,null,null,-1.00,-1.00,-0.145,853.86,P Carly RT Mix 4p4 2Xdil 2_GC1_01_66462,1089.93079:76496 1090.93545:62416 1091.94012:21866,null,400579,545491,531118,538612,503949.901265624,69163.3076738099
339,22.653,1092.93079,no MS2: Cer 73:13;O4|Cer 13:1;O2/60:12;O2,[M+H]+,null,1.00,False,14.614,1092.93176,C73H121NO5,Cer_EOS,QOJFQIUXNLEGRY-UHFFFAOYSA-N,O=C(OCCC=CCC=CCC=CCC=CCC=CCCCCCCCCCCCCCCCCCCCCCC(=O)NC(CO)C(O)C=CCCCCCCCC)CCC=CCC=CCC=CCC=CCC=CCC=CCC,530,False,True,False,Normalized unit: Intensity; Annotation method: Msp20260116160945_NCDK_conventional_converted_dev_1,False,False,339,0,0.00,1.00,null,null,null,-1.00,-1.00,-0.143,1528.87,P Carly RT Mix 4p4 2Xdil 3_GC1_01_66463,1092.93140:140182 1093.93606:111408 1094.94073:43562,null,675460,950183,877067,878721,845357.657531249,118282.618181995
340,5.796,1187.81873,Unknown,[2M+H]+,null,0.25,False,null,null,null,null,null,null,999,False,False,False,Normalized unit: Intensity,False,False,340,0,0.00,null,null,null,null,null,null,null,710.15,P Carly RT Mix 4p4 2Xdil 2_GC1_01_66462,1187.81873:99944 1188.82339:65348 1189.82806:23818,null,124517,272882,227538,242664,216900.18228125,64409.2183925344
341,16.982,1211.10962,no MS2: RIKEN P-VS1 ID-18979 from Mouse_Macrophage_WT_N_F1AA,[M+H]+,null,1.00,False,12.900,1211.11206,null,Unknown,null,null,530,False,True,False,Normalized unit: Intensity; Annotation method: Msp20260116160945_NCDK_conventional_converted_dev_1,False,False,341,0,0.00,1.00,null,null,null,-1.00,-1.00,-0.129,39062.36,P Carly RT Mix 4p4 2Xdil 3_GC1_01_66463,1211.11182:3356212 1212.11648:2816280 1213.12115:1126440,null,11358889,17534438,15707418,16339595,15235084.8567344,2692889.4943891
342,16.973,1211.94983,no MS2: SM 71:14;O3|SM 49:7;O2(FA 22:6),[M+H]+,null,0.75,False,13.932,1211.94543,C76H127N2O7P,ASM,AWRUKNQKRGFDGL-UHFFFAOYSA-N,O=C(OC(C=CCCCCCCCC)C(NC(=O)CCCCCCCCCCCCCCCCC=CCC=CCC=CCC=CCC=CCC=CCC)COP(=O)([O-])OCC[N+](C)(C)C)CCC=CCC=CCC=CCC=CCC=CCC=CCC,530,False,True,False,Normalized unit: Intensity; Annotation method: Msp20260116160945_NCDK_conventional_converted_dev_1,False,False,342,0,0.00,0.94,null,null,null,-1.00,-1.00,-0.173,744.19,P Carly RT Mix 4p4 2Xdil 4_GC1_01_66464,1211.94971:86574 1212.95437:64426 1213.95904:5798,null,153272,324711,277102,298828,263478.186484375,76004.5082404346
343,16.982,1216.06458,no MS2: RIKEN P-VS1 ID-19012 from Mouse_Macrophage_WT_N_F1AA,[M+H]+,null,1.00,False,12.890,1216.06641,null,Unknown,null,null,530,False,True,False,Normalized unit: Intensity; Annotation method: Msp20260116160945_NCDK_conventional_converted_dev_1,False,False,343,0,0.00,1.00,null,null,null,-1.00,-1.00,-0.129,14969.91,P Carly RT Mix 4p4 2Xdil 3_GC1_01_66463,1216.06689:1266950 1217.07156:1007240 1218.07623:413066,null,8538994,9188908,8745109,8981684,8863673.78468751,282357.860533347
344,17.990,1267.17212,no MS2: Cer 85:10;O4|Cer 19:3;O2/66:7;O2,[M+H]+,null,1.00,False,16.452,1267.16650,C85H151NO5,Cer_EOS,WYIBOKAUWGAEDN-UHFFFAOYSA-N,O=C(OCCC=CCC=CCC=CCC=CCC=CCC=CCCCCCCCCCCCCCCCCCCC(=O)NC(CO)C(O)C=CCCC=CCCC=CCCCCCC)CCCCCCCCCCCCCCCCCCCCCCCCCCC,530,False,True,False,Normalized unit: Intensity; Annotation method: Msp20260116160945_NCDK_conventional_converted_dev_1,False,False,344,0,0.00,0.93,null,null,null,-1.00,-1.00,-0.177,40725.13,P Carly RT Mix 4p4 2Xdil 4_GC1_01_66464,1267.17126:4097830 1268.17593:3629484 1269.18060:1574888,null,13224065,19717646,17488357,18305839,17183976.4402656,2795925.68497483
345,17.989,1267.36890,Unknown,[M+H]+,null,0.75,False,null,null,null,null,null,null,999,False,False,False,Normalized unit: Intensity,False,False,345,0,0.00,null,null,null,null,null,null,null,1109.73,P Carly RT Mix 4p4 2Xdil 2_GC1_01_66462,1267.36890:101498 1268.37356:75762 1269.37823:12030,null,179320,371877,326940,348172,306577.132640624,86800.9112868811
346,17.986,1267.51416,Unknown,[M+2H]2+,null,0.50,False,null,null,null,null,null,null,999,False,False,False,Normalized unit: Intensity,False,False,346,0,0.00,null,null,null,null,null,null,null,966.57,P Carly RT Mix 4p4 2Xdil 2_GC1_01_66462,1267.51416:87484 1268.51883:61050 1269.52350:10070,null,157818,319866,274237,290293,260553.397281249,71049.7183589388
347,17.994,1269.03491,no MS2: AHexCer 75:10;O3|AHexCer (O-22:6)15:1;O2/38:3;O,[M+H-H2O]+,null,0.25,False,14.815,1269.03662,C81H139NO10,AHexCer,ZFRTZFWEZLGSBW-UHFFFAOYSA-N,O=C(OCC1OC(OCC(NC(=O)C(O)CCCCCCCCCCCCCCCCCCCCCC=CCC=CCC=CCCCCCCC)C(O)C=CCCCCCCCCCC)C(O)C(O)C1O)CCC=CCC=CCC=CCC=CCC=CCC=CCC,530,False,True,False,Normalized unit: Intensity; Annotation method: Msp20260116160945_NCDK_conventional_converted_dev_1,False,False,347,0,0.00,0.99,null,null,null,-1.00,-1.00,-0.147,657.55,P Carly RT Mix 4p4 2Xdil 2_GC1_01_66462,1269.03491:85644 1270.03958:13318 1271.04425:1060,null,125226,292743,249178,266996,233536.007499999,74388.1283155662
348,17.995,1272.12695,no MS2: SM 74:5;O3|SM 46:4;O2(FA 28:0),[M+H]+,null,1.00,False,15.301,1272.13318,C79H151N2O7P,ASM,SOFNHZHFBRUQAX-UHFFFAOYSA-N,O=C(OC(C=CCCCCCCC)C(NC(=O)CCCCCCCCCCCCCCCCCCC=CCC=CCC=CCCCCCCC)COP(=O)([O-])OCC[N+](C)(C)C)CCCCCCCCCCCCCCCCCCCCCCCCCCC,530,False,True,False,Normalized unit: Intensity; Annotation method: Msp20260116160945_NCDK_conventional_converted_dev_1,False,False,348,0,0.00,0.94,null,null,null,-1.00,-1.00,-0.175,13991.97,P Carly RT Mix 4p4 2Xdil 3_GC1_01_66463,1272.12854:1087820 1273.13321:933246 1274.13788:388132,null,7566739,8277283,7652038,7609751,7776452.8335,335697.625131587
349,16.990,1293.13000,no MS2: AHexCer 76:5;O3|AHexCer (O-28:0)12:1;O2/36:4;O,[M+H-H2O]+,null,1.00,False,15.151,1293.13049,C82H151NO10,AHexCer,WBUHJFAQSXGRCJ-UHFFFAOYSA-N,O=C(OCC1OC(OCC(NC(=O)C(O)CCCCCCCCCCCCCCCCCCCCCC=CCC=CCC=CCC=CCC)C(O)C=CCCCCCCC)C(O)C(O)C1O)CCCCCCCCCCCCCCCCCCCCCCCCCCC,530,False,True,False,Normalized unit: Intensity; Annotation method: Msp20260116160945_NCDK_conventional_converted_dev_1,False,False,349,0,0.00,1.00,null,null,null,-1.00,-1.00,-0.143,1463.84,P Carly RT Mix 4p4 2Xdil 4_GC1_01_66464,1293.13074:96222 1294.13541:85042 1295.14007:45084,null,588016,939085,823048,871331,805370.320187501,152518.662583389
350,21.601,1293.21716,no MS2: Cer 88:9;O4|Cer 22:2;O2/66:7;O2,[M+H-H2O]+,null,1.00,False,16.498,1293.21851,C88H159NO5,Cer_EOS,LKZDSMPBAUYSDE-UHFFFAOYSA-N,O=C(OCCC=CCC=CCC=CCC=CCC=CCC=CCCCCCCCCCCCCCCCCCCC(=O)NC(CO)C(O)C=CCCC=CCCCCCCCCCCCCC)CCCCCCCCCCCCCCCCCCCCCCCCCCC,530,False,True,False,Normalized unit: Intensity; Annotation method: Msp20260116160945_NCDK_conventional_converted_dev_1,False,False,350,0,0.00,1.00,null,null,null,-1.00,-1.00,-0.143,1668.32,P Carly RT Mix 4p4 2Xdil 3_GC1_01_66463,1293.21863:101438 1294.22330:100594 1295.22796:45822,null,569880,680417,653052,659931,640819.993999999,48700.9612295049
351,17.994,1294.18237,Unknown,[M+H]+,null,0.25,False,null,null,null,null,null,null,999,False,False,False,Normalized unit: Intensity,False,False,351,0,0.00,null,null,null,null,null,null,null,956.11,P Carly RT Mix 4p4 2Xdil 2_GC1_01_66462,1294.18237:58218 1295.18704:49830 1296.19171:22880,null,331346,369330,335117,344644,345109.378265625,17089.3024873238
352,17.054,1298.08557,Unknown,[M+H]+,null,0.75,False,null,null,null,null,null,null,999,False,False,False,Normalized unit: Intensity,False,False,352,0,0.00,null,null,null,null,null,null,null,905.95,P Carly RT Mix 4p4 2Xdil 4_GC1_01_66464,1298.08557:88442 1299.09024:80132 1300.09491:52850,null,381503,445310,397837,408234,408221.132875001,27063.6440725338
353,21.614,1302.20654,Unknown,[M+H]+,null,1.00,False,null,null,null,null,null,null,999,False,False,False,Normalized unit: Intensity,False,False,353,0,0.00,null,null,null,null,null,null,null,7004.52,P Carly RT Mix 4p4 2Xdil 2_GC1_01_66462,1302.20654:421554 1303.21121:418714 1304.21588:210636,null,2215931,2677795,2636408,2634236,2541092.80035937,217698.960844168
354,16.990,1311.14014,no MS2: RIKEN P-VS1 ID-19429 from Mouse_AdrenalGlands_WT_N_Ctr,[M+H]+,null,1.00,False,12.290,1311.14270,null,Unknown,null,null,530,False,True,False,Normalized unit: Intensity; Annotation method: Msp20260116160945_NCDK_conventional_converted_dev_1,False,False,354,0,0.00,1.00,null,null,null,-1.00,-1.00,-0.130,1637.63,P Carly RT Mix 4p4 2Xdil 1_GC1_01_66461,1311.14172:107398 1312.14639:93672 1313.15106:45296,null,587164,956699,839214,880614,815922.744375,160078.914206888
355,21.155,1315.20142,no MS2: RIKEN P-VS1 ID-19444 from Mouse_Liver_fads2KO_N_Ctr,[M+H]+,null,1.00,False,14.430,1315.19409,null,Unknown,null,null,530,False,True,False,Normalized unit: Intensity; Annotation method: Msp20260116160945_NCDK_conventional_converted_dev_1,False,False,355,0,0.00,0.88,null,null,null,-1.00,-1.00,-0.184,81373.41,P Carly RT Mix 4p4 2Xdil 1_GC1_01_66461,1315.20081:5726730 1316.20547:5759942 1317.21014:2721818,null,27456687,38913401,35208855,36766899,34586460.6580313,4989915.39834745
356,21.155,1315.40051,Unknown,[M+H]+,null,1.00,False,null,null,null,null,null,null,999,False,False,False,Normalized unit: Intensity,False,False,356,0,0.00,null,null,null,null,null,null,null,2211.67,P Carly RT Mix 4p4 2Xdil 2_GC1_01_66462,1315.40051:151766 1316.40518:127190 1317.40985:34560,null,459364,681481,635575,634682,602775.268156251,98073.5406616988
357,21.155,1315.55481,Unknown,[M+2H]2+,null,1.00,False,null,null,null,null,null,null,999,False,False,False,Normalized unit: Intensity,False,False,357,0,0.00,null,null,null,null,null,null,null,1984.08,P Carly RT Mix 4p4 2Xdil 2_GC1_01_66462,1315.55481:131800 1316.55948:125086 1317.56415:55664,null,433364,621354,583398,592742,557714.407031251,84458.2032492738
358,17.025,1316.09558,no MS2: SM 78:11;O3|SM 56:4;O2(FA 22:6),[M+H]+,null,1.00,False,14.743,1316.10193,C83H147N2O7P,ASM,OATPSYVIOGMTKR-UHFFFAOYSA-N,O=C(OC(C=CCCCCCCCCCCCCC)C(NC(=O)CCCCCCCCCCCCCCCCCCCCCCC=CCC=CCC=CCCCCCCC)COP(=O)([O-])OCC[N+](C)(C)C)CCC=CCC=CCC=CCC=CCC=CCC=CCC,530,False,True,False,Normalized unit: Intensity; Annotation method: Msp20260116160945_NCDK_conventional_converted_dev_1,False,False,358,0,0.00,0.92,null,null,null,-1.00,-1.00,-0.181,1503.49,P Carly RT Mix 4p4 2Xdil 3_GC1_01_66463,1316.09668:103786 1317.10135:91534 1318.10602:43158,null,686347,803570,731146,763767,746207.687906251,49695.4756567532
359,21.614,1319.23206,no MS2: RIKEN P-VS1 ID-19454 from Mouse_AdrenalGlands_fads2KO_N_Ctr,[M+H]+,null,1.00,False,14.750,1319.23706,null,Unknown,null,null,530,False,True,False,Normalized unit: Intensity; Annotation method: Msp20260116160945_NCDK_conventional_converted_dev_1,False,False,359,0,0.00,0.97,null,null,null,-1.00,-1.00,-0.142,158998.50,P Carly RT Mix 4p4 2Xdil 3_GC1_01_66463,1319.23376:11947106 1320.23843:12086434 1321.24310:6592612,null,71386342,81937725,78769788,79168960,77815703.623953,4511811.49430111
360,21.614,1319.42957,Unknown,[M+H]+,null,1.00,False,null,null,null,null,null,null,999,False,False,False,Normalized unit: Intensity,False,False,360,0,0.00,null,null,null,null,null,null,null,3798.48,P Carly RT Mix 4p4 2Xdil 2_GC1_01_66462,1319.42957:215044 1320.43423:202614 1321.43890:72900,null,1199051,1414695,1373418,1356367,1335882.72382812,94450.5532992133
361,21.614,1319.58691,Unknown,[M+2H]2+,null,1.00,False,null,null,null,null,null,null,999,False,False,False,Normalized unit: Intensity,False,False,361,0,0.00,null,null,null,null,null,null,null,3876.46,P Carly RT Mix 4p4 2Xdil 4_GC1_01_66464,1319.58691:201328 1320.59158:185728 1321.59625:105226,null,1145098,1316806,1297598,1312930,1268108.04079687,82424.8308887706
362,21.614,1321.23828,Unknown,[M+H]+,null,1.00,False,null,null,null,null,null,null,999,False,False,False,Normalized unit: Intensity,False,False,362,0,0.00,null,null,null,null,null,null,null,96592.56,P Carly RT Mix 4p4 2Xdil 2_GC1_01_66462,1321.23828:6535264 1322.24295:2164484 1323.24762:497830,null,34640627,41603757,40826564,40224058,39323751.4779999,3172752.74740886
363,21.160,1342.21130,no MS2: SM 79:5;O3|SM 51:4;O2(FA 28:0),[M+H]+,null,1.00,False,15.078,1342.21143,C84H161N2O7P,ASM,UPKUNKQPMFRKKU-UHFFFAOYSA-N,O=C(OC(C=CCCCCCCCC)C(NC(=O)CCCCCCCCCCCCCCCCCCCCCCC=CCC=CCC=CCCCCCCC)COP(=O)([O-])OCC[N+](C)(C)C)CCCCCCCCCCCCCCCCCCCCCCCCCCC,530,False,True,False,Normalized unit: Intensity; Annotation method: Msp20260116160945_NCDK_conventional_converted_dev_1,False,False,363,0,0.00,1.00,null,null,null,-1.00,-1.00,-0.143,5684.84,P Carly RT Mix 4p4 2Xdil 2_GC1_01_66462,1342.21130:334532 1343.21597:336418 1344.22064:171018,null,2196438,2389526,2231534,2252453,2267487.81873438,84577.4675408335
364,18.480,1343.16028,no MS2: TG 87:14|TG 11:0_38:4_38:10,[M+NH4]+,null,0.75,False,16.512,1343.16138,C90H148O6,TG,COAQZOPVCDDPOU-UHFFFAOYSA-N,O=C(OCC(OC(=O)CCCCCCCCCCCCCCCCCCCCCCCCC=CCC=CCC=CCC=CCC)COC(=O)CCCCCCCCCC)CCCCCCC=CCC=CCC=CCC=CCC=CCC=CCC=CCC=CCC=CCC=CCC,530,False,True,False,Normalized unit: Intensity; Annotation method: Msp20260116160945_NCDK_conventional_converted_dev_1,False,False,364,0,0.00,1.00,null,null,null,-1.00,-1.00,-0.143,784.86,P Carly RT Mix 4p4 2Xdil 4_GC1_01_66464,1343.16089:73946 1344.16556:76594 1345.17022:35452,null,208270,360332,312806,327048,302113.962078125,65656.0094325221
365,21.632,1346.24036,no MS2: SM 79:3;O3|SM 51:2;O2(FA 28:0),[M+H]+,null,1.00,False,15.253,1346.24268,C84H165N2O7P,ASM,XBKXDKSQMPEXLM-UHFFFAOYSA-N,O=C(OC(C=CCCCCCCCC)C(NC(=O)CCCCCCCCCCCCCCCCCCCCCCCCCC=CCCCCCCCCCC)COP(=O)([O-])OCC[N+](C)(C)C)CCCCCCCCCCCCCCCCCCCCCCCCCCC,530,False,True,False,Normalized unit: Intensity; Annotation method: Msp20260116160945_NCDK_conventional_converted_dev_1,False,False,365,0,0.00,1.00,null,null,null,-1.00,-1.00,-0.143,6290.21,P Carly RT Mix 4p4 2Xdil 3_GC1_01_66463,1346.24243:383050 1347.24710:383964 1348.25177:183638,null,3862254,3807613,3805434,3744668,3804992.22923437,48045.1356953229
366,18.480,1348.11572,no MS2: TG 87:14|TG 11:0_38:4_38:10,[M+Na]+,null,1.00,False,16.512,1348.11682,C90H148O6,TG,COAQZOPVCDDPOU-UHFFFAOYSA-N,O=C(OCC(OC(=O)CCCCCCCCCCCCCCCCCCCCCCCCC=CCC=CCC=CCC=CCC)COC(=O)CCCCCCCCCC)CCCCCCC=CCC=CCC=CCC=CCC=CCC=CCC=CCC=CCC=CCC=CCC,530,False,True,False,Normalized unit: Intensity; Annotation method: Msp20260116160945_NCDK_conventional_converted_dev_1,False,False,366,0,0.00,1.00,null,null,null,-1.00,-1.00,-0.143,962.01,P Carly RT Mix 4p4 2Xdil 4_GC1_01_66464,1348.11621:99766 1349.12088:103366 1350.12555:50014,null,432153,580087,527125,540536,519975.0733125,62716.3629159615
367,21.160,1356.22742,no MS2: SM 80:5;O3|SM 52:4;O2(FA 28:0),[M+H]+,null,1.00,False,15.089,1356.22705,C85H163N2O7P,ASM,DZZPYNUJSOYVAK-UHFFFAOYSA-N,O=C(OC(C=CCCCCCCCCC)C(NC(=O)CCCCCCCCCCCCCCCCCCCCCCC=CCC=CCC=CCCCCCCC)COP(=O)([O-])OCC[N+](C)(C)C)CCCCCCCCCCCCCCCCCCCCCCCCCCC,530,False,True,False,Normalized unit: Intensity; Annotation method: Msp20260116160945_NCDK_conventional_converted_dev_1,False,False,367,0,0.00,1.00,null,null,null,-1.00,-1.00,-0.143,1976.18,P Carly RT Mix 4p4 2Xdil 4_GC1_01_66464,1356.22729:137956 1357.23196:140810 1358.23663:68858,null,769659,889836,836991,853821,837576.661593751,50359.2391518944
368,20.471,1359.16907,no MS2: RIKEN P-VS1 ID-19602 from Mouse_AdrenalGlands_WT_N_Ctr,[M+H]+,null,1.00,False,14.050,1359.17676,null,Unknown,null,null,530,False,True,False,Normalized unit: Intensity; Annotation method: Msp20260116160945_NCDK_conventional_converted_dev_1,False,False,368,0,0.00,0.88,null,null,null,-1.00,-1.00,-0.182,39843.21,P Carly RT Mix 4p4 2Xdil 3_GC1_01_66463,1359.16992:3336922 1360.17459:3533396 1361.17926:1763776,null,11808578,17364497,15454039,16274711,15225456.0523907,2408577.63005298
369,20.472,1360.05933,no MS2: PI 70:3,[M+Na]+,null,0.75,False,13.931,1360.06274,C79H149O13P,PI,SAEIKYBDBKHLKY-UHFFFAOYSA-N,O=C(OCC(OC(=O)CCCCCCCCCCCCCCCCCCCCCCC=CCC=CCC=CCCCCCCC)COP(=O)(O)OC1C(O)C(O)C(O)C(O)C1O)CCCCCCCCCCCCCCCCCCCCCCCCCCCCCCC,530,False,True,False,Normalized unit: Intensity; Annotation method: Msp20260116160945_NCDK_conventional_converted_dev_1,False,False,369,0,0.00,0.98,null,null,null,-1.00,-1.00,-0.152,989.22,P Carly RT Mix 4p4 2Xdil 3_GC1_01_66463,1360.06018:78306 1361.06485:80260 1362.06952:18146,null,169994,332915,284923,307282,273778.569109376,71914.1459652899
370,21.623,1360.25647,no MS2: SM 80:3;O3|SM 52:2;O2(FA 28:0),[M+H]+,null,1.00,False,15.322,1360.25842,C85H167N2O7P,ASM,RGJPYGYAOUVFJX-UHFFFAOYSA-N,O=C(OC(C=CCCCCCCCCC)C(NC(=O)CCCCCCCCCCCCCCCCCCCCCCCCCC=CCCCCCCCCCC)COP(=O)([O-])OCC[N+](C)(C)C)CCCCCCCCCCCCCCCCCCCCCCCCCCC,530,False,True,False,Normalized unit: Intensity; Annotation method: Msp20260116160945_NCDK_conventional_converted_dev_1,False,False,370,0,0.00,1.00,null,null,null,-1.00,-1.00,-0.143,4679.27,P Carly RT Mix 4p4 2Xdil 3_GC1_01_66463,1360.25867:263834 1361.26333:263030 1362.26800:131182,null,2182170,2302097,2219797,2227008,2232767.84723437,50226.3580059198
371,20.471,1360.37537,Unknown,[M+H]+,null,0.25,False,null,null,null,null,null,null,999,False,False,False,Normalized unit: Intensity,False,False,371,0,0.00,null,null,null,null,null,null,null,1001.62,P Carly RT Mix 4p4 2Xdil 2_GC1_01_66462,1360.37537:75748 1361.38003:16858 1362.38470:1716,null,144911,286842,243739,255868,232839.899718751,61364.562973685
372,24.229,1361.17273,no MS2: PS 75:0,[M+Na]+,null,0.25,False,14.149,1361.16724,C81H160NO10P,PS,QFVLAIKXLCVYFJ-UHFFFAOYSA-N,O=C(OCC(OC(=O)CCCCCCCCCCCCCCCCCCCCCCCCCCCCCCCCCCCCC)COP(=O)(O)OCC(N)C(=O)O)CCCCCCCCCCCCCCCCCCCCCCCCCCCCCCCCCCCC,530,False,True,False,Normalized unit: Intensity; Annotation method: Msp20260116160945_NCDK_conventional_converted_dev_1,False,False,372,0,0.00,0.92,null,null,null,-1.00,-1.00,-0.182,1065.88,P Carly RT Mix 4p4 2Xdil 2_GC1_01_66462,1361.17273:63236 1362.17740:59660 1363.18206:30318,null,410593,546552,486287,498682,485528.486578125,56310.9032672702
373,18.177,1379.18103,no MS2: TG 87:12;O2|TG 15:0_22:5_22:6;O(FA 28:0),[M+NH4]+,null,1.00,False,16.453,1379.18250,C90H152O8,TG_EST,PSDXNPZRATWHCV-UHFFFAOYSA-N,O=C(OCC(OC(=O)CCCCCC=CCC=CCC=CCC=CCC=CCC)COC(=O)CC(OC(=O)CCCCCCCCCCCCCCCCCCCCCCCCCCC)C=CCC=CCC=CCC=CCC=CCC=CCC)CCCCCCCCCCCCCC,530,False,True,False,Normalized unit: Intensity; Annotation method: Msp20260116160945_NCDK_conventional_converted_dev_1,False,False,373,0,0.00,1.00,null,null,null,-1.00,-1.00,-0.143,8599.38,P Carly RT Mix 4p4 2Xdil 3_GC1_01_66463,1379.18188:729944 1380.18655:709334 1381.19122:358294,null,2274224,3730045,3268873,3442147,3178822.27873437,632348.403078566
374,13.094,1383.95398,Unknown,[M+H]+,null,1.00,False,null,null,null,null,null,null,999,False,False,False,Normalized unit: Intensity,False,False,374,0,0.00,null,null,null,null,null,null,null,2118.05,P Carly RT Mix 4p4 2Xdil 1_GC1_01_66461,1383.95398:206632 1384.95865:194370 1385.96331:94374,null,1443147,1400769,1281248,1279855,1351254.72989062,83456.1159600098
375,18.177,1384.13623,Unknown,[M+H]+,null,1.00,False,null,null,null,null,null,null,999,False,False,False,Normalized unit: Intensity,False,False,375,0,0.00,null,null,null,null,null,null,null,3212.65,P Carly RT Mix 4p4 2Xdil 2_GC1_01_66462,1384.13623:349604 1385.14090:351726 1386.14557:170210,null,2108052,2424765,2192444,2303149,2257102.3384375,137389.762996563
376,18.480,1384.18616,Unknown,[M+H]+,null,1.00,False,null,null,null,null,null,null,999,False,False,False,Normalized unit: Intensity,False,False,376,0,0.00,null,null,null,null,null,null,null,986.71,P Carly RT Mix 4p4 2Xdil 2_GC1_01_66462,1384.18616:103078 1385.19082:101392 1386.19549:52338,null,432476,578828,518152,528633,514522.199515625,60770.3414791886
377,20.476,1386.17944,Unknown,[M+H]+,null,1.00,False,null,null,null,null,null,null,999,False,False,False,Normalized unit: Intensity,False,False,377,0,0.00,null,null,null,null,null,null,null,2543.16,P Carly RT Mix 4p4 2Xdil 2_GC1_01_66462,1386.17944:156216 1387.18411:167842 1388.18878:83588,null,966425,1090212,1018779,1027967,1025845.90807813,50755.1053374864
378,23.151,1393.15967,Unknown,[M+H]+,null,1.00,False,null,null,null,null,null,null,999,False,False,False,Normalized unit: Intensity,False,False,378,0,0.00,null,null,null,null,null,null,null,1192.69,P Carly RT Mix 4p4 2Xdil 2_GC1_01_66462,1393.15967:113602 1394.16434:105664 1395.16900:72670,null,695743,957354,871847,881476,851604.929234375,110721.584158917
379,18.185,1406.19128,Unknown,[M+H]+,null,1.00,False,null,null,null,null,null,null,999,False,False,False,Normalized unit: Intensity,False,False,379,0,0.00,null,null,null,null,null,null,null,1835.91,P Carly RT Mix 4p4 2Xdil 2_GC1_01_66462,1406.19128:124356 1407.19595:125530 1408.20062:59940,null,694786,791109,729297,752120,741827.683890625,40433.1513411134
380,22.943,1411.17102,no MS2: PI 74:3,[M+NH4]+,null,1.00,False,13.873,1411.17004,C83H157O13P,PI,XLIPBZFRWVDBRT-UHFFFAOYSA-N,O=C(OCC(OC(=O)CCCCCCCCCCCCCCCCCCCCCCC=CCC=CCC=CCCCCCCC)COP(=O)(O)OC1C(O)C(O)C(O)C(O)C1O)CCCCCCCCCCCCCCCCCCCCCCCCCCCCCCCCCCC,530,False,True,False,Normalized unit: Intensity; Annotation method: Msp20260116160945_NCDK_conventional_converted_dev_1,False,False,380,0,0.00,1.00,null,null,null,-1.00,-1.00,-0.143,5046.76,P Carly RT Mix 4p4 2Xdil 4_GC1_01_66464,1411.17004:304186 1412.17471:303490 1413.17938:155984,null,2486600,3430434,3069342,3124380,3027689.04770313,394151.190324851
381,18.177,1420.20667,Unknown,[M+H]+,null,1.00,False,null,null,null,null,null,null,999,False,False,False,Normalized unit: Intensity,False,False,381,0,0.00,null,null,null,null,null,null,null,2471.12,P Carly RT Mix 4p4 2Xdil 2_GC1_01_66462,1420.20667:186674 1421.21133:188034 1422.21600:96578,null,928761,1131202,1023705,1044395,1032015.79071875,83109.8702189616
382,21.701,1443.15625,Unknown,[M+H]+,null,1.00,False,null,null,null,null,null,null,999,False,False,False,Normalized unit: Intensity,False,False,382,0,0.00,null,null,null,null,null,null,null,1187.86,P Carly RT Mix 4p4 2Xdil 2_GC1_01_66462,1443.15625:102034 1444.16092:98080 1445.16559:62976,null,1279314,1216216,1557313,1575639,1407120.45357813,185952.656325928
