,,,,,,,,,,,,,,,,,,,,,,,,,,,,,,,,,,Class,1,1,1,1,NA,NA
,,,,,,,,,,,,,,,,,,,,,,,,,,,,,,,,,,File type,Sample,Sample,Sample,Sample,NA,NA
,,,,,,,,,,,,,,,,,,,,,,,,,,,,,,,,,,Injection order,1,2,3,4,NA,NA
,,,,,,,,,,,,,,,,,,,,,,,,,,,,,,,,,,Batch ID,1,1,1,1,Average,Stdev
Alignment ID,Average Rt(min),Average Mz,Metabolite name,Adduct type,Post curation result,Fill %,MS/MS assigned,Reference RT,Reference m/z,Formula,Ontology,INCHIKEY,SMILES,Annotation tag (VS1.0),RT matched,m/z matched,MS/MS matched,Comment,Manually modified for quantification,Manually modified for annotation,Isotope tracking parent ID,Isotope tracking weight number,RT similarity,m/z similarity,Simple dot product,Weighted dot product,Reverse dot product,Matched peaks count,Matched peaks percentage,Total score,S/N average,Spectrum reference file name,MS1 isotopic spectrum,MS/MS spectrum,P Holpie Serum 2_GD1_01_66386,P Holpie Serum 3_GD1_01_66387,P Holpie Serum 4_GD1_01_66388,P Holpie Serum 5_GD1_01_66389,1,1
0,18.853,369.35086,no MS2: ST 27:1;O,[M+H-H2O]+,null,1.00,False,8.638,369.35159,C27H46O,ST,HVYWMOMLDIMFJA-UHFFFAOYSA-N,OC1CC2=CCC3C(CCC4(C)C(CCC34)C(C)CCCC(C)C)C2(C)CC1,530,False,True,False,Normalized unit: Intensity; Annotation method: Msp20260116160945_NCDK_conventional_converted_dev_1,False,False,0,0,0.00,1.00,null,null,null,-1.00,-1.00,-0.143,2693.89,P Holpie Serum 3_GD1_01_66387,369.35156:397854 370.35623:114786 371.36090:17078,null,1829586,1755038,1899480,1979799,1865975.77476562,96107.1879938361
1,19.135,369.35211,no MS2: ST 27:1;O,[M+H-H2O]+,null,1.00,False,8.638,369.35159,C27H46O,ST,HVYWMOMLDIMFJA-UHFFFAOYSA-N,OC1CC2=CCC3C(CCC4(C)C(CCC34)C(C)CCCC(C)C)C2(C)CC1,530,False,True,False,Normalized unit: Intensity; Annotation method: Msp20260116160945_NCDK_conventional_converted_dev_1,False,False,1,0,0.00,1.00,null,null,null,-1.00,-1.00,-0.143,8093.77,P Holpie Serum 5_GD1_01_66389,369.35156:1016742 370.35623:305066 371.36090:42094,null,6466354,6063089,6382879,6426916,6334809.42929691,184327.65508441
2,10.282,369.35266,no MS2: ST 27:1;O,[M+H-H2O]+,null,1.00,False,8.638,369.35159,C27H46O,ST,HVYWMOMLDIMFJA-UHFFFAOYSA-N,OC1CC2=CCC3C(CCC4(C)C(CCC34)C(C)CCCC(C)C)C2(C)CC1,530,False,True,False,Normalized unit: Intensity; Annotation method: Msp20260116160945_NCDK_conventional_converted_dev_1,False,False,2,0,0.00,1.00,null,null,null,-1.00,-1.00,-0.144,946.65,P Holpie Serum 3_GD1_01_66387,369.35129:115852 370.35596:35046 371.36062:5030,null,688884,616146,701917,766144,693272.7396875,61516.4323658725
3,19.665,369.35287,no MS2: ST 27:1;O,[M+H-H2O]+,null,1.00,False,8.638,369.35159,C27H46O,ST,HVYWMOMLDIMFJA-UHFFFAOYSA-N,OC1CC2=CCC3C(CCC4(C)C(CCC34)C(C)CCCC(C)C)C2(C)CC1,530,False,True,False,Normalized unit: Intensity; Annotation method: Msp20260116160945_NCDK_conventional_converted_dev_1,False,False,3,0,0.00,1.00,null,null,null,-1.00,-1.00,-0.143,5055.76,P Holpie Serum 2_GD1_01_66386,369.35168:585132 370.35635:172438 371.36102:22864,null,3935512,3806184,4146845,3927503,3954010.8722656,141518.592727885
4,5.383,391.28522,no MS2: Dioctyl phthalate (also known as the production of plastic),[M+H]+,null,1.00,False,7.431,391.28427,C24H38O4,Others,MQIUGAXCHLFZKX-UHFFFAOYSA-N,CCCCCCCCOC(=O)C1=C(C=CC=C1)C(=O)OCCCCCCCC,530,False,True,False,Normalized unit: Intensity; Annotation method: Msp20260116160945_NCDK_conventional_converted_dev_1,False,False,4,0,0.00,1.00,null,null,null,-1.00,-1.00,-0.145,3711.12,P Holpie Serum 3_GD1_01_66387,391.28384:431388 392.28851:155670 393.29318:22734,null,2282118,2089365,2335426,2339573,2261620.3793125,117779.026695516
5,5.383,413.26685,no MS2: Dioctyl phthalate (also known as the production of plastic),[M+Na]+,null,1.00,False,7.435,413.26624,C24H38O4,Others,MQIUGAXCHLFZKX-UHFFFAOYSA-N,CCCCCCCCOC(=O)C1=CC=CC=C1C(=O)OCCCCCCCC,530,False,True,False,Normalized unit: Intensity; Annotation method: Msp20260116160945_NCDK_conventional_converted_dev_1,False,False,5,0,0.00,0.99,null,null,null,-1.00,-1.00,-0.147,2127.61,P Holpie Serum 5_GD1_01_66389,413.26685:272316 414.27151:69898 415.27618:11796,null,1553239,1466631,1550078,1676984,1561732.965,86670.4204037225
6,5.383,429.24078,Unknown,[M+K]+,null,1.00,False,null,null,null,null,null,null,999,False,False,False,Normalized unit: Intensity,False,False,6,0,0.00,null,null,null,null,null,null,null,1395.43,P Holpie Serum 5_GD1_01_66389,429.24078:157326 430.24545:40720 431.25012:12374,null,885899,841134,894962,941413,890852.0259375,41108.5497903609
7,5.383,450.35846,no MS2: CAR 20:3,[M+H]+,null,1.00,False,5.987,450.35779,C27H47NO4,CAR,SRNPFTYGRLBDNK-UHFFFAOYSA-N,O=C([O-])CC(OC(=O)CCCCCCCCCC=CCC=CCC=CCC)C[N+](C)(C)C,530,False,True,False,Normalized unit: Intensity; Annotation method: Msp20260116160945_NCDK_conventional_converted_dev_1,False,False,7,0,0.00,0.99,null,null,null,-1.00,-1.00,-0.147,1360.28,P Holpie Serum 5_GD1_01_66389,450.35846:188840 451.36313:59156 452.36779:10404,null,1097445,1044834,1088430,1119431,1087534.9310625,31303.5581621248
8,5.383,464.37402,no MS2: CAR 21:3,[M+H]+,null,1.00,False,6.834,464.37341,C28H49NO4,CAR,ZPOWZIAUGKOQTA-UHFFFAOYSA-N,O=C([O-])CC(OC(=O)CCCCCCCC=CCC=CCC=CCCCCC)C[N+](C)(C)C,530,False,True,False,Normalized unit: Intensity; Annotation method: Msp20260116160945_NCDK_conventional_converted_dev_1,False,False,8,0,0.00,0.99,null,null,null,-1.00,-1.00,-0.146,1473.75,P Holpie Serum 2_GD1_01_66386,464.37399:238690 465.37866:76356 466.38333:12518,null,1258287,1173898,1265546,1337524,1258813.88240625,66961.8673720676
9,1.714,468.30966,no MS2: PE O-17:0|PE O-8:0_9:0,[M+H]+,null,1.00,False,6.461,468.30850,C22H46NO7P,EtherPE,IKGPZDUJSSAYQG-UHFFFAOYSA-N,O=C(OC(COCCCCCCCC)COP(=O)(O)OCCN)CCCCCCCC,530,False,True,False,Normalized unit: Intensity; Annotation method: Msp20260116160945_NCDK_conventional_converted_dev_1,False,False,9,0,0.00,0.99,null,null,null,-1.00,-1.00,-0.149,645.28,P Holpie Serum 4_GD1_01_66388,468.30927:140010 469.31393:36966 470.31860:6138,null,623383,550633,616997,672812,615956.480015625,50186.2608659413
10,2.318,478.33078,no MS2: LPC O-16:2,[M+H-H2O]+,null,1.00,False,6.160,478.32919,C24H48NO6P,EtherLPC,UOPHUBYUKOXZMA-UHFFFAOYSA-N,O=P([O-])(OCC[N+](C)(C)C)OCC(OCCCCCCCCC=CCC=CCCC)CO,530,False,True,False,Normalized unit: Intensity; Annotation method: Msp20260116160945_NCDK_conventional_converted_dev_1,False,False,10,0,0.00,1.00,null,null,null,-1.00,-1.00,-0.144,1706.52,P Holpie Serum 2_GD1_01_66386,478.32880:242800 479.33346:62250 480.33813:10662,null,1137788,1046006,1175307,1226947,1146512.01234375,76324.6672487788
11,2.596,480.34546,no MS2: Cer 29:6;O2|Cer 12:2;O2/17:4,[M+Na]+,null,1.00,False,6.904,480.34479,C29H47NO3,Cer_NS,AVUPTUJEMLICEL-UHFFFAOYSA-N,O=C(NC(CO)C(O)C=CCCC=CCCC)CCCC=CCC=CCC=CCC=CCC,530,False,True,False,Normalized unit: Intensity; Annotation method: Msp20260116160945_NCDK_conventional_converted_dev_1,False,False,11,0,0.00,1.00,null,null,null,-1.00,-1.00,-0.145,867.74,P Holpie Serum 2_GD1_01_66386,480.34433:154852 481.34900:41296 482.35367:7222,null,749345,678674,754545,824935,751874.768578125,59748.7456403084
12,1.979,482.32556,no MS2: PE O-18:0|PE O-8:0_10:0,[M+H]+,null,1.00,False,6.778,482.32410,C23H48NO7P,EtherPE,ISGKNNWWOJWCLP-UHFFFAOYSA-N,O=C(OC(COCCCCCCCC)COP(=O)(O)OCCN)CCCCCCCCC,530,False,True,False,Normalized unit: Intensity; Annotation method: Msp20260116160945_NCDK_conventional_converted_dev_1,False,False,12,0,0.00,0.99,null,null,null,-1.00,-1.00,-0.148,522.62,P Holpie Serum 4_GD1_01_66388,482.32483:105716 483.32950:28180 484.33416:4358,null,526681,470206,533176,505863,508981.429,28354.4303912708
13,2.731,482.36053,no MS2: Cer 29:5;O2|Cer 12:1;O2/17:4,[M+Na]+,null,1.00,False,6.882,482.36050,C29H49NO3,Cer_NS,MJZZTRKAMZIQEW-UHFFFAOYSA-N,O=C(NC(CO)C(O)C=CCCCCCCC)CCCC=CCC=CCC=CCC=CCC,530,False,True,False,Normalized unit: Intensity; Annotation method: Msp20260116160945_NCDK_conventional_converted_dev_1,False,False,13,0,0.00,1.00,null,null,null,-1.00,-1.00,-0.143,1118.18,P Holpie Serum 5_GD1_01_66389,482.36053:188404 483.36520:50480 484.36987:9210,null,919050,848353,932178,1008780,927090.34459375,65735.1577293541
14,1.810,494.32504,no MS2: PC O-16:1|PC O-8:0_8:1,[M+H]+,null,1.00,False,5.283,494.32410,C24H48NO7P,EtherPC,LGLMQQWIHREYEK-UHFFFAOYSA-N,O=C(OC(COCCCCCCCC)COP(=O)([O-])OCC[N+](C)(C)C)CCC=CCCC,530,False,True,False,Normalized unit: Intensity; Annotation method: Msp20260116160945_NCDK_conventional_converted_dev_1,False,False,14,0,0.00,0.99,null,null,null,-1.00,-1.00,-0.147,1535.21,P Holpie Serum 4_GD1_01_66388,494.32477:215706 495.32944:56594 496.33410:9730,null,1412881,1275705,1444285,1496168,1407259.98184375,94187.1720144775
15,2.157,496.34091,no MS2: PC O-16:0|PC O-8:0_8:0,[M+H]+,null,1.00,False,5.632,496.33981,C24H50NO7P,EtherPC,GDMHMXIBVHRZGP-UHFFFAOYSA-N,O=C(OC(COCCCCCCCC)COP(=O)([O-])OCC[N+](C)(C)C)CCCCCCC,530,False,True,False,Normalized unit: Intensity; Annotation method: Msp20260116160945_NCDK_conventional_converted_dev_1,False,False,15,0,0.00,0.99,null,null,null,-1.00,-1.00,-0.149,6544.64,P Holpie Serum 4_GD1_01_66388,496.34058:1428786 497.34524:447434 498.34991:79296,null,5923264,5722535,5946763,6699518,6073020.07370313,429615.01208023
16,2.323,496.34134,no MS2: PC O-16:0|PC O-8:0_8:0,[M+H]+,null,1.00,False,5.632,496.33981,C24H50NO7P,EtherPC,GDMHMXIBVHRZGP-UHFFFAOYSA-N,O=C(OC(COCCCCCCCC)COP(=O)([O-])OCC[N+](C)(C)C)CCCCCCC,530,False,True,False,Normalized unit: Intensity; Annotation method: Msp20260116160945_NCDK_conventional_converted_dev_1,False,False,16,0,0.00,0.99,null,null,null,-1.00,-1.00,-0.147,36836.27,P Holpie Serum 2_GD1_01_66386,496.33920:7949400 497.34387:2546252 498.34854:469876,null,43999776,40662811,43994707,44779251,43359136.3637656,1834963.03904037
17,2.323,496.46619,Unknown,[M+H]+,null,1.00,False,null,null,null,null,null,null,999,False,False,False,Normalized unit: Intensity,False,False,17,0,0.00,null,null,null,null,null,null,null,908.95,P Holpie Serum 5_GD1_01_66389,496.46619:110348 497.47085:11104 498.47552:0,null,448948,414299,510359,509880,470871.4168125,47476.4836913804
18,2.326,496.55875,Unknown,[M+H]+,null,0.75,False,null,null,null,null,null,null,999,False,False,False,Normalized unit: Intensity,False,False,18,0,0.00,null,null,null,null,null,null,null,1249.52,P Holpie Serum 4_GD1_01_66388,496.55875:90682 497.56341:9422 498.56808:0,null,381549,353304,426673,468208,407433.285515625,50542.6316748924
19,2.323,496.87714,Unknown,[M+H]+,null,1.00,False,null,null,null,null,null,null,999,False,False,False,Normalized unit: Intensity,False,False,19,0,0.00,null,null,null,null,null,null,null,2924.45,P Holpie Serum 5_GD1_01_66389,496.87714:289610 497.88180:48830 498.88647:1288,null,1227398,1142710,1273356,1350040,1248376.02103125,86727.4232541894
20,3.292,506.36142,no MS2: Cer 31:7;O2|Cer 12:2;O2/19:5,[M+H-H2O]+,null,1.00,False,6.957,506.36050,C31H49NO3,Cer_NS,WKHZKJNBPHMLGH-UHFFFAOYSA-N,O=C(NC(CO)C(O)C=CCCC=CCCC)CCC=CCC=CCC=CCC=CCC=CCC,530,False,True,False,Normalized unit: Intensity; Annotation method: Msp20260116160945_NCDK_conventional_converted_dev_1,False,False,20,0,0.00,1.00,null,null,null,-1.00,-1.00,-0.143,457.94,P Holpie Serum 2_GD1_01_66386,506.36038:80282 507.36505:22552 508.36972:4836,null,411187,369256,420024,446032,411624.922703125,31883.8090278763
21,2.849,508.37595,no MS2: RIKEN P-VS1 ID-4346 from Mouse_Feces_WT_N_Ctr,[M+H]+,null,1.00,False,5.170,508.37329,null,Unknown,null,null,530,False,True,False,Normalized unit: Intensity; Annotation method: Msp20260116160945_NCDK_conventional_converted_dev_1,False,False,21,0,0.00,1.00,null,null,null,-1.00,-1.00,-0.130,712.26,P Holpie Serum 3_GD1_01_66387,508.37372:108396 509.37839:33154 510.38305:5040,null,650741,580872,647222,693164,642999.7485625,46382.5431203566
22,2.762,510.35590,no MS2: PC O-17:0|PC O-8:0_9:0,[M+H]+,null,1.00,False,6.183,510.35541,C25H52NO7P,EtherPC,UHSLTHBXDXKKEO-UHFFFAOYSA-N,O=C(OC(COCCCCCCCC)COP(=O)([O-])OCC[N+](C)(C)C)CCCCCCCC,530,False,True,False,Normalized unit: Intensity; Annotation method: Msp20260116160945_NCDK_conventional_converted_dev_1,False,False,22,0,0.00,1.00,null,null,null,-1.00,-1.00,-0.145,1796.17,P Holpie Serum 5_GD1_01_66389,510.35590:223012 511.36056:58904 512.36523:9564,null,1066766,951941,1110719,1190160,1079896.50407813,99420.1550364594
23,2.323,518.32300,no MS2: LPC 16:0,[M+Na]+,null,1.00,False,6.131,518.32172,C24H50NO7P,LPC,ASWBNKHCZGQVJV-UHFFFAOYSA-N,O=C(OCC(O)COP(=O)([O-])OCC[N+](C)(C)C)CCCCCCCCCCCCCCC,530,False,True,False,Normalized unit: Intensity; Annotation method: Msp20260116160945_NCDK_conventional_converted_dev_1,False,False,23,0,0.00,0.99,null,null,null,-1.00,-1.00,-0.149,4449.70,P Holpie Serum 2_GD1_01_66386,518.32092:570226 519.32559:141074 520.33026:24990,null,2750519,2590785,2812413,2879522,2758309.53970313,123483.469514655
24,1.931,520.34088,no MS2: PE O-21:2|PE O-13:1_8:1,[M+H]+,null,1.00,False,6.504,520.33978,C26H50NO7P,EtherPE,FOTOPSOAFDHFNP-UHFFFAOYSA-N,O=C(OC(COCCCCCCCCC=CCCC)COP(=O)(O)OCCN)CCC=CCCC,530,False,True,False,Normalized unit: Intensity; Annotation method: Msp20260116160945_NCDK_conventional_converted_dev_1,False,False,24,0,0.00,0.99,null,null,null,-1.00,-1.00,-0.149,10965.59,P Holpie Serum 4_GD1_01_66388,520.34058:1936412 521.34524:677052 522.34991:127598,null,10606861,9759763,10598987,11129173,10523695.9571094,566503.980360577
25,2.261,522.35303,no MS2: RIKEN P-VS1 ID-4567 from Mouse_Feces_WT_N_Ctr,[M+H]+,null,0.25,False,4.870,522.35168,null,Unknown,null,null,530,False,True,False,Normalized unit: Intensity; Annotation method: Msp20260116160945_NCDK_conventional_converted_dev_1,False,False,25,0,0.00,0.97,null,null,null,-1.00,-1.00,-0.143,1376.05,P Holpie Serum 3_GD1_01_66387,522.35303:209756 523.35770:61052 524.36236:12742,null,919969,784100,947920,970709,905674.584984374,83664.1053646459
26,2.440,522.35590,no MS2: RIKEN P-VS1 ID-4567 from Mouse_Feces_WT_N_Ctr,[M+H]+,null,1.00,False,4.870,522.35168,null,Unknown,null,null,530,False,True,False,Normalized unit: Intensity; Annotation method: Msp20260116160945_NCDK_conventional_converted_dev_1,False,False,26,0,0.00,0.96,null,null,null,-1.00,-1.00,-0.145,12055.25,P Holpie Serum 3_GD1_01_66387,522.35309:1661448 523.35776:539792 524.36242:99870,null,10989945,10040966,11127709,11613284,10942975.8729531,658095.084799793
27,3.044,524.37122,no MS2: PC O-18:0|PC O-8:0_10:0,[M+H]+,null,1.00,False,6.232,524.37109,C26H54NO7P,EtherPC,LIRQQTBXFZSLII-UHFFFAOYSA-N,O=C(OC(COCCCCCCCC)COP(=O)([O-])OCC[N+](C)(C)C)CCCCCCCCC,530,False,True,False,Normalized unit: Intensity; Annotation method: Msp20260116160945_NCDK_conventional_converted_dev_1,False,False,27,0,0.00,1.00,null,null,null,-1.00,-1.00,-0.143,3771.08,P Holpie Serum 5_GD1_01_66389,524.37122:800268 525.37588:235158 526.38055:43776,null,3588118,3245394,3659916,3845330,3584689.5094375,250815.628456938
28,3.292,524.37164,no MS2: PC O-18:0|PC O-8:0_10:0,[M+H]+,null,1.00,False,6.232,524.37109,C26H54NO7P,EtherPC,LIRQQTBXFZSLII-UHFFFAOYSA-N,O=C(OC(COCCCCCCCC)COP(=O)([O-])OCC[N+](C)(C)C)CCCCCCCCC,530,False,True,False,Normalized unit: Intensity; Annotation method: Msp20260116160945_NCDK_conventional_converted_dev_1,False,False,28,0,0.00,1.00,null,null,null,-1.00,-1.00,-0.144,26814.63,P Holpie Serum 2_GD1_01_66386,524.37079:5064556 525.37546:1615082 526.38012:310470,null,28147572,25815348,28220837,30103934,28071922.8270625,1755856.33982292
29,3.296,524.92236,Unknown,[M+H]+,null,1.00,False,null,null,null,null,null,null,999,False,False,False,Normalized unit: Intensity,False,False,29,0,0.00,null,null,null,null,null,null,null,1110.03,P Holpie Serum 5_GD1_01_66389,524.92236:149682 525.92703:20626 526.93170:1158,null,623471,527153,664127,683604,624588.955578126,69620.4723683493
30,1.932,542.32257,no MS2: LPC 18:2,[M+Na]+,null,0.75,False,5.779,542.32172,C26H50NO7P,LPC,SPJFYYJXNPEZDW-UHFFFAOYSA-N,O=C(OCC(O)COP(=O)([O-])OCC[N+](C)(C)C)CCCCCCCC=CCC=CCCCCC,530,False,True,False,Normalized unit: Intensity; Annotation method: Msp20260116160945_NCDK_conventional_converted_dev_1,False,False,30,0,0.00,0.99,null,null,null,-1.00,-1.00,-0.149,509.57,P Holpie Serum 5_GD1_01_66389,542.32257:91442 543.32724:25396 544.33191:42986,null,352974,322141,375702,401113,362982.574203125,33585.5331022829
31,1.844,544.34064,no MS2: PE O-23:4|PE O-8:0_15:4,[M+H]+,null,1.00,False,6.609,544.33978,C28H50NO7P,EtherPE,ORVQTMKUQPTJSK-UHFFFAOYSA-N,O=C(OC(COCCCCCCCC)COP(=O)(O)OCCN)CC=CCC=CCC=CCC=CCC,530,False,True,False,Normalized unit: Intensity; Annotation method: Msp20260116160945_NCDK_conventional_converted_dev_1,False,False,31,0,0.00,1.00,null,null,null,-1.00,-1.00,-0.144,6875.12,P Holpie Serum 4_GD1_01_66388,544.34015:788126 545.34482:241660 546.34948:44770,null,3425992,3085626,3540100,3712022,3440934.98685937,264442.657289809
32,3.292,546.35345,no MS2: LPC 18:0,[M+Na]+,null,1.00,False,6.748,546.35303,C26H54NO7P,LPC,IHNKQIMGVNPMTC-UHFFFAOYSA-N,O=C(OCC(O)COP(=O)([O-])OCC[N+](C)(C)C)CCCCCCCCCCCCCCCCC,530,False,True,False,Normalized unit: Intensity; Annotation method: Msp20260116160945_NCDK_conventional_converted_dev_1,False,False,32,0,0.00,1.00,null,null,null,-1.00,-1.00,-0.144,482.70,P Holpie Serum 4_GD1_01_66388,546.35339:241778 547.35806:72212 548.36273:13046,null,1200346,1048574,1196982,1268435,1178584.189,92714.2305465206
33,2.110,546.35559,no MS2: PE O-23:3|PE O-8:0_15:3,[M+H]+,null,1.00,False,6.612,546.35541,C28H52NO7P,EtherPE,BGJKNDHQOAVPKY-UHFFFAOYSA-N,O=C(OC(COCCCCCCCC)COP(=O)(O)OCCN)CCCCC=CCC=CCC=CCC,530,False,True,False,Normalized unit: Intensity; Annotation method: Msp20260116160945_NCDK_conventional_converted_dev_1,False,False,33,0,0.00,1.00,null,null,null,-1.00,-1.00,-0.143,383.57,P Holpie Serum 5_GD1_01_66389,546.35559:196296 547.36026:61528 548.36493:12680,null,1035643,965684,1051401,1117453,1042545.22010938,62302.9363124881
34,1.744,568.33972,no MS2: LPC 22:6,[M+H]+,null,1.00,False,5.888,568.33978,C30H50NO7P,LPC,LSOWKZULVQWMLY-UHFFFAOYSA-N,O=C(OCC(O)COP(=O)([O-])OCC[N+](C)(C)C)CCC=CCC=CCC=CCC=CCC=CCC=CCC,530,False,True,False,Normalized unit: Intensity; Annotation method: Msp20260116160945_NCDK_conventional_converted_dev_1,False,False,34,0,0.00,1.00,null,null,null,-1.00,-1.00,-0.143,1547.93,P Holpie Serum 5_GD1_01_66389,568.33972:168494 569.34439:55228 570.34906:11130,null,721152,659829,730490,771110,720645.234546875,45980.1598511266
35,15.023,577.51855,no MS2: RIKEN P-VS1 ID-5423 from Mouse_Plasma_ApoEKO_N_F1DHA,[M+H-H2O]+,null,1.00,False,13.050,577.51569,null,Unknown,null,null,530,False,True,False,Normalized unit: Intensity; Annotation method: Msp20260116160945_NCDK_conventional_converted_dev_1,False,False,35,0,0.00,0.95,null,null,null,-1.00,-1.00,-0.152,446.18,P Holpie Serum 3_GD1_01_66387,577.51758:115226 578.52225:47148 579.52691:10840,null,687556,607734,720483,749639,691352.941734375,61243.6690795953
36,19.639,577.51941,no MS2: RIKEN P-VS1 ID-5423 from Mouse_Plasma_ApoEKO_N_F1DHA,[M+H]+,null,1.00,False,13.050,577.51569,null,Unknown,null,null,530,False,True,False,Normalized unit: Intensity; Annotation method: Msp20260116160945_NCDK_conventional_converted_dev_1,False,False,36,0,0.00,0.94,null,null,null,-1.00,-1.00,-0.157,429.64,P Holpie Serum 3_GD1_01_66387,577.51776:85480 578.52243:33114 579.52710:7916,null,485720,452018,498999,499103,483959.728593744,22202.689283652
37,14.173,610.54041,no MS2: Cer 37:2;O4|Cer 12:1;O3/25:1(2OH),[M+H]+,null,1.00,False,9.412,610.54053,C37H71NO5,Cer_AP,KHGKWTNERDCOKC-UHFFFAOYSA-N,O=C(NC(CO)C(O)C(O)CCCC=CCCC)C(O)CCCCCCCCCCCC=CCCCCCCCCCC,530,False,True,False,Normalized unit: Intensity; Annotation method: Msp20260116160945_NCDK_conventional_converted_dev_1,False,False,37,0,0.00,1.00,null,null,null,-1.00,-1.00,-0.143,642.13,P Holpie Serum 5_GD1_01_66389,610.54041:93866 611.54507:38938 612.54974:8650,null,690989,608488,706071,745637,687796.106421876,57675.9626447676
38,15.058,612.55524,no MS2: Cer 37:1;O4|Cer 12:1;O3/25:0(2OH),[M+NH4]+,null,1.00,False,9.844,612.55621,C37H73NO5,Cer_AP,RUEOUTPJRGEUDQ-UHFFFAOYSA-N,O=C(NC(CO)C(O)C(O)CCCC=CCCC)C(O)CCCCCCCCCCCCCCCCCCCCCCC,530,False,True,False,Normalized unit: Intensity; Annotation method: Msp20260116160945_NCDK_conventional_converted_dev_1,False,False,38,0,0.00,1.00,null,null,null,-1.00,-1.00,-0.143,1021.97,P Holpie Serum 4_GD1_01_66388,612.55591:112812 613.56058:48002 614.56524:9924,null,774531,687985,812193,851056,781441.162890625,69698.6613141668
39,15.036,617.51093,no MS2: RIKEN P-VS1 ID-6157 from Mouse_Feces_WT_N_Ctr,[M+Na]+,null,1.00,False,12.020,617.50983,null,Unknown,null,null,530,False,True,False,Normalized unit: Intensity; Annotation method: Msp20260116160945_NCDK_conventional_converted_dev_1,False,False,39,0,0.00,1.00,null,null,null,-1.00,-1.00,-0.129,637.04,P Holpie Serum 3_GD1_01_66387,617.51007:82556 618.51474:33944 619.51941:7566,null,577397,517202,561946,584407,560238.170875,30186.1529373051
40,14.229,636.55585,no MS2: Cer 39:3;O4|Cer 13:1;O3/26:2(2OH),[M+H]+,null,1.00,False,10.444,636.55621,C39H73NO5,Cer_AP,RNLOLCADZMWTBL-UHFFFAOYSA-N,O=C(NC(CO)C(O)C(O)CCCC=CCCCC)C(O)CCCCCCCCCCCCC=CCC=CCCCCCCC,530,False,True,False,Normalized unit: Intensity; Annotation method: Msp20260116160945_NCDK_conventional_converted_dev_1,False,False,40,0,0.00,1.00,null,null,null,-1.00,-1.00,-0.144,684.48,P Holpie Serum 5_GD1_01_66389,636.55585:134384 637.56051:59088 638.56518:13934,null,837976,723868,843121,877304,820566.997359375,66787.1290550053
41,15.092,638.57135,no MS2: RIKEN P-VS1 ID-6561 from Mouse_Adipose_WT_N_F1EPA,[M+H]+,null,1.00,False,11.040,638.56940,null,Unknown,null,null,530,False,True,False,Normalized unit: Intensity; Annotation method: Msp20260116160945_NCDK_conventional_converted_dev_1,False,False,41,0,0.00,0.98,null,null,null,-1.00,-1.00,-0.138,720.52,P Holpie Serum 3_GD1_01_66387,638.57074:73712 639.57541:34202 640.58008:11324,null,681131,588478,679114,704866,663397.314390625,51296.4057249541
42,19.075,640.60187,no MS2: SE 28:2/15:0,[M+NH4]+,null,1.00,False,14.512,640.60272,C43H74O2,BRSE,CYVYXFRHNWNKJU-UHFFFAOYSA-N,O=C(OC1CC2=CCC3C(CCC4(C)C(CCC34)C(C=CC(C)C(C)C)C)C2(C)CC1)CCCCCCCCCCCCCC,530,False,True,False,Normalized unit: Intensity; Annotation method: Msp20260116160945_NCDK_conventional_converted_dev_1,False,False,42,0,0.00,1.00,null,null,null,-1.00,-1.00,-0.143,3819.04,P Holpie Serum 2_GD1_01_66386,640.60242:779464 641.60708:359270 642.61175:89604,null,2466858,2282376,2607855,2643793,2500220.44082812,164080.926959112
43,14.230,641.51141,no MS2: DG 36:3,[M+Na]+,null,0.75,False,11.361,641.51147,C39H70O5,DG,PHDXFGKEFPXZKF-UHFFFAOYSA-N,O=C(OCC(OC(=O)CCCCCCCCCCCCC=CCC=CCC=CCCCCCCC)CO)CCCCCCC,530,False,True,False,Normalized unit: Intensity; Annotation method: Msp20260116160945_NCDK_conventional_converted_dev_1,False,False,43,0,0.00,1.00,null,null,null,-1.00,-1.00,-0.143,544.11,P Holpie Serum 5_GD1_01_66389,641.51141:67676 642.51608:28282 643.52075:6574,null,465663,372800,477194,491957,451903.712796875,53822.5187398953
44,19.682,642.61786,no MS2: RIKEN P-VS1 ID-6673 from Mouse_AdrenalGlands_WT_N_Ctr,[M+H]+,null,1.00,False,10.900,642.61560,null,Unknown,null,null,530,False,True,False,Normalized unit: Intensity; Annotation method: Msp20260116160945_NCDK_conventional_converted_dev_1,False,False,44,0,0.00,0.97,null,null,null,-1.00,-1.00,-0.140,3729.16,P Holpie Serum 3_GD1_01_66387,642.61707:802380 643.62173:381402 644.62640:96782,null,4286552,4015895,4300132,4388940,4247879.91518751,161183.726422734
45,16.567,647.57483,no MS2: SE 28:4/17:0,[M+H]+,null,1.00,False,14.344,647.57617,C45H74O2,DEGSE,SMBKRNCNALQNLI-UHFFFAOYSA-N,O=C(OC1CC2=CC=C3C(=CCC4(C)C3CCC4C(C=CC(C)C(C)C)C)C2(C)CC1)CCCCCCCCCCCCCCCC,530,False,True,False,Normalized unit: Intensity; Annotation method: Msp20260116160945_NCDK_conventional_converted_dev_1,False,False,45,0,0.00,1.00,null,null,null,-1.00,-1.00,-0.143,654.11,P Holpie Serum 2_GD1_01_66386,647.57629:97998 648.58096:46190 649.58563:12442,null,768618,672813,794517,830620,766642.125406251,67522.6951510644
46,19.135,649.59229,no MS2: SE 28:3/17:0,[M+H]+,null,1.00,False,14.427,649.59180,C45H76O2,EGSE,VGUZMPDGGYQYST-UHFFFAOYSA-N,O=C(OC1CC2=CC=C3C(CCC4(C)C3CCC4C(C=CC(C)C(C)C)C)C2(C)CC1)CCCCCCCCCCCCCCCC,530,False,True,False,Normalized unit: Intensity; Annotation method: Msp20260116160945_NCDK_conventional_converted_dev_1,False,False,46,0,0.00,1.00,null,null,null,-1.00,-1.00,-0.143,1026.83,P Holpie Serum 3_GD1_01_66387,649.59186:120082 650.59653:58132 651.60119:13318,null,779225,752742,780388,765480,769458.472187504,13039.924700143
47,16.983,650.64294,no MS2: Cer 42:0;O3|Cer 12:0;O2/30:0;O,[M+H-H2O]+,null,1.00,False,12.825,650.64459,C42H85NO4,Cer_HDS,RBLKHLIBCHJHCL-UHFFFAOYSA-N,O=C(NC(CO)C(O)CCCCCCCCC)C(O)CCCCCCCCCCCCCCCCCCCCCCCCCCCC,530,False,True,False,Normalized unit: Intensity; Annotation method: Msp20260116160945_NCDK_conventional_converted_dev_1,False,False,47,0,0.00,1.00,null,null,null,-1.00,-1.00,-0.143,736.78,P Holpie Serum 2_GD1_01_66386,650.64490:87136 651.64957:41110 652.65423:8932,null,405423,356903,417452,448205,406995.699234372,37944.5555529646
48,15.046,654.60236,no MS2: Cer 40:1;O4|Cer 12:1;O3/28:0(2OH),[M+H]+,null,0.75,False,12.068,654.60309,C40H79NO5,Cer_AP,IVBPCSWPBRVBNJ-UHFFFAOYSA-N,O=C(NC(CO)C(O)C(O)CCCC=CCCC)C(O)CCCCCCCCCCCCCCCCCCCCCCCCCC,530,False,True,False,Normalized unit: Intensity; Annotation method: Msp20260116160945_NCDK_conventional_converted_dev_1,False,False,48,0,0.00,0.99,null,null,null,-1.00,-1.00,-0.146,677.39,P Holpie Serum 4_GD1_01_66388,654.60236:65702 655.60702:28268 656.61169:7526,null,415917,351872,431039,432999,407956.72284375,38160.641972294
49,18.671,664.60126,no MS2: SE 28:2/17:2,[M+NH4]+,null,1.00,False,14.133,664.60272,C45H74O2,BRSE,YNGVKVHZBTYWFJ-UHFFFAOYSA-N,O=C(OC1CC2=CCC3C(CCC4(C)C(CCC34)C(C=CC(C)C(C)C)C)C2(C)CC1)CCCCCCCC=CCC=CCCCC,530,False,True,False,Normalized unit: Intensity; Annotation method: Msp20260116160945_NCDK_conventional_converted_dev_1,False,False,49,0,0.00,1.00,null,null,null,-1.00,-1.00,-0.143,2185.03,P Holpie Serum 2_GD1_01_66386,664.60260:953820 665.60727:489246 666.61194:120170,null,5621554,4700754,5571279,5630278,5380966.28839065,454219.817343425
50,19.135,666.61926,no MS2: SE 28:2/17:1,[M+NH4]+,null,1.00,False,14.759,666.61841,C45H76O2,BRSE,KZVQJMDFHGPLAH-UHFFFAOYSA-N,O=C(OC1CC2=CCC3C(CCC4(C)C(CCC34)C(C=CC(C)C(C)C)C)C2(C)CC1)CCCCCCCC=CCCCCCCC,530,False,True,False,Normalized unit: Intensity; Annotation method: Msp20260116160945_NCDK_conventional_converted_dev_1,False,False,50,0,0.00,1.00,null,null,null,-1.00,-1.00,-0.143,70619.17,P Holpie Serum 5_GD1_01_66389,666.61853:13345454 667.62320:8442102 668.62787:1871088,null,86904529,83016018,86821871,86854239,85899164.3308286,1922398.33514927
51,19.135,666.76160,Unknown,[M+2H]2+,null,1.00,False,null,null,null,null,null,null,999,False,False,False,Normalized unit: Intensity,False,False,51,0,0.00,null,null,null,null,null,null,null,2865.06,P Holpie Serum 2_GD1_01_66386,666.76160:301572 667.76626:173014 668.77093:17736,null,1771069,1728592,1714727,1759890,1743569.69370314,26323.5941691753
52,19.135,666.87177,Unknown,[M+H]+,null,1.00,False,null,null,null,null,null,null,999,False,False,False,Normalized unit: Intensity,False,False,52,0,0.00,null,null,null,null,null,null,null,2443.48,P Holpie Serum 5_GD1_01_66389,666.87177:234736 667.87643:145224 668.88110:9318,null,1406985,1370262,1457446,1451542,1421558.82929688,40949.4664198254
53,19.135,666.98566,Unknown,[M+H]+,null,0.25,False,null,null,null,null,null,null,999,False,False,False,Normalized unit: Intensity,False,False,53,0,0.00,null,null,null,null,null,null,null,1439.44,P Holpie Serum 5_GD1_01_66389,666.98566:105458 667.99032:30780 668.99499:0,null,648240,618470,324915,528158,529945.859953128,145911.738333518
54,19.130,666.99725,Unknown,[M+H]+,null,0.75,False,null,null,null,null,null,null,999,False,False,False,Normalized unit: Intensity,False,False,54,0,0.00,null,null,null,null,null,null,null,1510.73,P Holpie Serum 4_GD1_01_66388,666.99725:112716 668.00192:0 669.00659:0,null,407493,386935,452340,429932,419174.788046878,28234.3808548793
55,19.639,668.63458,no MS2: SE 28:2/17:0,[M+NH4]+,null,1.00,False,14.709,668.63397,C45H78O2,BRSE,JRHOHGAECXXOMB-UHFFFAOYSA-N,O=C(OC1CC2=CCC3C(CCC4(C)C(CCC34)C(C=CC(C)C(C)C)C)C2(C)CC1)CCCCCCCCCCCCCCCC,530,False,True,False,Normalized unit: Intensity; Annotation method: Msp20260116160945_NCDK_conventional_converted_dev_1,False,False,55,0,0.00,1.00,null,null,null,-1.00,-1.00,-0.143,34707.70,P Holpie Serum 2_GD1_01_66386,668.63379:3396544 669.63846:1645858 670.64312:386922,null,19108266,19207270,19644550,19759236,19429830.4401404,320181.779042785
56,19.639,668.77637,Unknown,[M+2H]2+,null,1.00,False,null,null,null,null,null,null,999,False,False,False,Normalized unit: Intensity,False,False,56,0,0.00,null,null,null,null,null,null,null,810.99,P Holpie Serum 5_GD1_01_66389,668.77637:96804 669.78103:21630 670.78570:1676,null,352000,331983,400010,413617,374402.40485937,38707.3028989414
57,19.637,668.88171,Unknown,[M+H]+,null,0.25,False,null,null,null,null,null,null,999,False,False,False,Normalized unit: Intensity,False,False,57,0,0.00,null,null,null,null,null,null,null,689.83,P Holpie Serum 4_GD1_01_66388,668.88171:71306 669.88638:17600 670.89105:952,null,299948,288819,317940,296541,300812.084234371,12331.5083591899
58,18.667,669.55804,no MS2: SE 28:4/17:0,[M+Na]+,null,1.00,False,14.344,669.55811,C45H74O2,DEGSE,SMBKRNCNALQNLI-UHFFFAOYSA-N,O=C(OC1CC2=CC=C3C(=CCC4(C)C3CCC4C(C=CC(C)C(C)C)C)C2(C)CC1)CCCCCCCCCCCCCCCC,530,False,True,False,Normalized unit: Intensity; Annotation method: Msp20260116160945_NCDK_conventional_converted_dev_1,False,False,58,0,0.00,1.00,null,null,null,-1.00,-1.00,-0.143,1125.98,P Holpie Serum 2_GD1_01_66386,669.55804:137312 670.56271:68636 671.56738:16614,null,867637,839840,869095,838344,853728.848359378,16922.9235047946
59,20.164,670.64880,no MS2: SE 28:1/17:0,[M+NH4]+,null,1.00,False,15.099,670.64972,C45H80O2,CASE,VQOOUCOARUDCMH-UHFFFAOYSA-N,O=C(OC1CC2=CCC3C(CCC4(C)C(CCC34)C(C)CCC(C)C(C)C)C2(C)CC1)CCCCCCCCCCCCCCCC,530,False,True,False,Normalized unit: Intensity; Annotation method: Msp20260116160945_NCDK_conventional_converted_dev_1,False,False,59,0,0.00,0.99,null,null,null,-1.00,-1.00,-0.147,1498.86,P Holpie Serum 4_GD1_01_66388,670.64880:167480 671.65347:81854 672.65814:20944,null,665287,566792,705456,685829,655840.862546874,61589.5202971523
60,19.135,671.57367,no MS2: SE 28:3/17:0,[M+Na]+,null,1.00,False,14.427,671.57379,C45H76O2,EGSE,VGUZMPDGGYQYST-UHFFFAOYSA-N,O=C(OC1CC2=CC=C3C(CCC4(C)C3CCC4C(C=CC(C)C(C)C)C)C2(C)CC1)CCCCCCCCCCCCCCCC,530,False,True,False,Normalized unit: Intensity; Annotation method: Msp20260116160945_NCDK_conventional_converted_dev_1,False,False,60,0,0.00,1.00,null,null,null,-1.00,-1.00,-0.143,1625.08,P Holpie Serum 3_GD1_01_66387,671.57367:151194 672.57834:72950 673.58300:17548,null,1202848,1203196,1190722,1163413,1190044.65162501,18678.0007044738
61,19.626,673.58881,no MS2: VAE 25:0,[M+Na]+,null,1.00,False,14.642,673.58942,C45H78O2,VAE,HJYFPBYXTPMOIB-UHFFFAOYSA-N,O=C(OCC=C(C=CC=C(C=CC1=C(C)CCCC1(C)C)C)C)CCCCCCCCCCCCCCCCCCCCCCCC,530,False,True,False,Normalized unit: Intensity; Annotation method: Msp20260116160945_NCDK_conventional_converted_dev_1,False,False,61,0,0.00,1.00,null,null,null,-1.00,-1.00,-0.143,562.24,P Holpie Serum 2_GD1_01_66386,673.58948:60022 674.59415:32372 675.59881:7774,null,508846,531473,534482,530045,526211.576703121,11723.9317532056
62,18.840,673.59192,no MS2: SE 28:4/19:1,[M+H]+,null,1.00,False,14.541,673.59180,C47H76O2,DEGSE,MGDBSUWQPQWINH-UHFFFAOYSA-N,O=C(OC1CC2=CC=C3C(=CCC4(C)C3CCC4C(C=CC(C)C(C)C)C)C2(C)CC1)CCCCCCCC=CCCCCCCCCC,530,False,True,False,Normalized unit: Intensity; Annotation method: Msp20260116160945_NCDK_conventional_converted_dev_1,False,False,62,0,0.00,1.00,null,null,null,-1.00,-1.00,-0.143,1764.26,P Holpie Serum 4_GD1_01_66388,673.59192:227766 674.59659:115822 675.60125:28974,null,1055804,977189,1088363,1095513,1054217.50896875,54182.2542198922
63,9.120,675.54340,no MS2: SM 32:1;O2|SM 12:1;O2/20:0,[M+H]+,null,1.00,False,8.381,675.54358,C37H75N2O6P,SM,WVZYDPLIGWKWEU-UHFFFAOYSA-N,O=C(NC(COP(=O)([O-])OCC[N+](C)(C)C)C(O)C=CCCCCCCC)CCCCCCCCCCCCCCCCCCC,530,False,True,False,Normalized unit: Intensity; Annotation method: Msp20260116160945_NCDK_conventional_converted_dev_1,False,False,63,0,0.00,1.00,null,null,null,-1.00,-1.00,-0.143,2530.77,P Holpie Serum 5_GD1_01_66389,675.54340:344876 676.54806:139708 677.55273:31510,null,2292678,2102243,2325313,2375379,2273903.42021875,119387.227051366
64,19.326,680.63330,no MS2: SE 28:2/18:1,[M+NH4]+,null,0.75,False,14.736,680.63397,C46H78O2,BRSE,CGYFMWDHSCHCSL-UHFFFAOYSA-N,O=C(OC1CC2=CCC3C(CCC4(C)C(CCC34)C(C=CC(C)C(C)C)C)C2(C)CC1)CCCCCCCC=CCCCCCCCC,530,False,True,False,Normalized unit: Intensity; Annotation method: Msp20260116160945_NCDK_conventional_converted_dev_1,False,False,64,0,0.00,1.00,null,null,null,-1.00,-1.00,-0.145,605.36,P Holpie Serum 2_GD1_01_66386,680.63336:80390 681.63803:40300 682.64270:12130,null,411476,363162,421009,428687,406083.280625,29467.4212026198
65,19.066,682.64850,no MS2: SE 28:2/18:0,[M+NH4]+,null,1.00,False,15.100,682.64972,C46H80O2,BRSE,VFULYKUWZVCBNO-UHFFFAOYSA-N,O=C(OC1CC2=CCC3C(CCC4(C)C(CCC34)C(C=CC(C)C(C)C)C)C2(C)CC1)CCCCCCCCCCCCCCCCC,530,False,True,False,Normalized unit: Intensity; Annotation method: Msp20260116160945_NCDK_conventional_converted_dev_1,False,False,65,0,0.00,1.00,null,null,null,-1.00,-1.00,-0.143,2014.87,P Holpie Serum 4_GD1_01_66388,682.64954:369046 683.65420:189934 684.65887:43294,null,866810,844322,921086,927129,889836.593812498,40698.3225233606
66,19.699,684.66473,no MS2: SE 28:1/18:0,[M+NH4]+,null,1.00,False,15.375,684.66528,C46H82O2,CASE,MUHWUERCGJWBKA-UHFFFAOYSA-N,O=C(OC1CC2=CCC3C(CCC4(C)C(CCC34)C(C)CCC(C)C(C)C)C2(C)CC1)CCCCCCCCCCCCCCCCC,530,False,True,False,Normalized unit: Intensity; Annotation method: Msp20260116160945_NCDK_conventional_converted_dev_1,False,False,66,0,0.00,1.00,null,null,null,-1.00,-1.00,-0.143,2953.35,P Holpie Serum 4_GD1_01_66388,684.66504:286714 685.66971:148332 686.67437:37504,null,1606239,1570655,1570228,1570720,1579460.60506251,17853.6623548298
67,18.650,685.53180,no MS2: SM 33:3;O2|SM 12:1;O2/21:2,[M+K]+,null,0.75,False,8.326,685.52789,C38H73N2O6P,SM,QCWONQKAQGDWBU-UHFFFAOYSA-N,O=C(NC(COP(=O)([O-])OCC[N+](C)(C)C)C(O)C=CCCCCCCC)CCCCCCCCCC=CCC=CCCCCCC,530,False,True,False,Normalized unit: Intensity; Annotation method: Msp20260116160945_NCDK_conventional_converted_dev_1,False,False,67,0,0.00,0.87,null,null,null,-1.00,-1.00,-0.209,431.05,P Holpie Serum 4_GD1_01_66388,685.53156:62766 686.53622:29838 687.54089:9616,null,440510,464265,422993,394741,430627.237281251,29298.843082839
68,16.554,687.56769,no MS2: BA 24:1;O3;G/16:1,[M+NH4]+,null,1.00,False,8.768,687.56702,C42H71NO5,GLCAE,WFFMHKJPNDEUHA-UHFFFAOYSA-N,O=C(O)CNC(=O)CCC(C)C1CCC2C3CCC4CC(OC(=O)CCCCCCCC=CCCCCCC)CCC4(C)C3CCC12C,530,False,True,False,Normalized unit: Intensity; Annotation method: Msp20260116160945_NCDK_conventional_converted_dev_1,False,False,68,0,0.00,1.00,null,null,null,-1.00,-1.00,-0.143,923.72,P Holpie Serum 3_GD1_01_66387,687.56702:181440 688.57168:90138 689.57635:21148,null,1379750,1259169,1396271,1426977,1365541.62845313,73565.4897097939
69,18.354,688.60223,no MS2: SE 28:2/19:4,[M+NH4]+,null,1.00,False,13.944,688.60272,C47H74O2,BRSE,ZNKOFJNOJYEHQU-UHFFFAOYSA-N,O=C(OC1CC2=CCC3C(CCC4(C)C(CCC34)C(C=CC(C)C(C)C)C)C2(C)CC1)CCCCCC=CCC=CCC=CCC=CCC,530,False,True,False,Normalized unit: Intensity; Annotation method: Msp20260116160945_NCDK_conventional_converted_dev_1,False,False,69,0,0.00,1.00,null,null,null,-1.00,-1.00,-0.143,1728.97,P Holpie Serum 2_GD1_01_66386,688.60284:437084 689.60751:226714 690.61218:54628,null,1991991,1781181,2079415,2099972,1988139.82726564,145699.179885193
70,10.230,689.55969,no MS2: SM 33:1;O2|SM 12:1;O2/21:0,[M+H]+,null,1.00,False,8.656,689.55920,C38H77N2O6P,SM,REEYJRIAQSUMNO-UHFFFAOYSA-N,O=C(NC(COP(=O)([O-])OCC[N+](C)(C)C)C(O)C=CCCCCCCC)CCCCCCCCCCCCCCCCCCCC,530,False,True,False,Normalized unit: Intensity; Annotation method: Msp20260116160945_NCDK_conventional_converted_dev_1,False,False,70,0,0.00,1.00,null,null,null,-1.00,-1.00,-0.144,2951.90,P Holpie Serum 5_GD1_01_66389,689.55969:510276 690.56436:217002 691.56903:44486,null,2966568,2616030,3099711,3148000,2957577.436,240276.557226983
71,18.840,690.61774,no MS2: SE 28:2/19:3,[M+NH4]+,null,1.00,False,14.517,690.61841,C47H76O2,BRSE,YTEYFXJGUXEGQA-UHFFFAOYSA-N,O=C(OC1CC2=CCC3C(CCC4(C)C(CCC34)C(C=CC(C)C(C)C)C)C2(C)CC1)CCCCCCCCC=CCC=CCC=CCC,530,False,True,False,Normalized unit: Intensity; Annotation method: Msp20260116160945_NCDK_conventional_converted_dev_1,False,False,71,0,0.00,1.00,null,null,null,-1.00,-1.00,-0.143,41882.45,P Holpie Serum 4_GD1_01_66388,690.61841:6799648 691.62308:3604596 692.62774:847762,null,32166375,29005744,31293200,33201522,31416710.2574531,1786576.00654302
72,18.840,690.76428,Unknown,[M+2H]2+,null,1.00,False,null,null,null,null,null,null,999,False,False,False,Normalized unit: Intensity,False,False,72,0,0.00,null,null,null,null,null,null,null,1254.14,P Holpie Serum 4_GD1_01_66388,690.76428:138276 691.76895:56646 692.77362:3352,null,545986,482499,565725,555485,537423.63303125,37493.029432277
73,18.840,690.87360,Unknown,[M+H]+,null,1.00,False,null,null,null,null,null,null,999,False,False,False,Normalized unit: Intensity,False,False,73,0,0.00,null,null,null,null,null,null,null,1197.15,P Holpie Serum 4_GD1_01_66388,690.87360:133758 691.87826:58068 692.88293:2786,null,510981,446621,516652,492238,491623.01659375,31763.6555363434
74,18.667,691.61377,Unknown,[M+H]+,null,1.00,False,null,null,null,null,null,null,999,False,False,False,Normalized unit: Intensity,False,False,74,0,0.00,null,null,null,null,null,null,null,1655.86,P Holpie Serum 2_GD1_01_66386,691.61377:258198 692.61844:128294 693.62311:32108,null,1329302,1265381,1363574,1306356,1316153.20854688,41212.7653176896
75,18.848,692.25433,Unknown,[M+H]+,null,0.50,False,null,null,null,null,null,null,999,False,False,False,Normalized unit: Intensity,False,False,75,0,0.00,null,null,null,null,null,null,null,773.82,P Holpie Serum 5_GD1_01_66389,692.25433:78050 693.25900:3614 694.26367:908,null,257986,217446,278608,277537,257894.249921875,28582.9409748918
76,19.205,692.63300,no MS2: SE 28:2/19:2,[M+NH4]+,null,1.00,False,14.462,692.63397,C47H78O2,BRSE,UDQMRBUAOHSUHM-UHFFFAOYSA-N,O=C(OC1CC2=CCC3C(CCC4(C)C(CCC34)C(C=CC(C)C(C)C)C)C2(C)CC1)CCCCCCCC=CCC=CCCCCCC,530,False,True,False,Normalized unit: Intensity; Annotation method: Msp20260116160945_NCDK_conventional_converted_dev_1,False,False,76,0,0.00,1.00,null,null,null,-1.00,-1.00,-0.144,4945.49,P Holpie Serum 4_GD1_01_66388,692.63361:597508 693.63827:354388 694.64294:107184,null,2640457,2540950,2676565,2746180,2651038.01589063,85508.3521116972
77,18.350,693.55774,no MS2: SE 28:4/19:2,[M+Na]+,null,1.00,False,14.218,693.55811,C47H74O2,DEGSE,ZJTNNWFGVBBRTO-UHFFFAOYSA-N,O=C(OC1CC2=CC=C3C(=CCC4(C)C3CCC4C(C=CC(C)C(C)C)C)C2(C)CC1)CCCCCCCC=CCC=CCCCCCC,530,False,True,False,Normalized unit: Intensity; Annotation method: Msp20260116160945_NCDK_conventional_converted_dev_1,False,False,77,0,0.00,1.00,null,null,null,-1.00,-1.00,-0.143,581.82,P Holpie Serum 4_GD1_01_66388,693.55780:100914 694.56247:50240 695.56714:13396,null,484531,482990,489134,500921,489393.858671878,8115.66181155408
78,18.858,695.57391,no MS2: SE 28:4/19:1,[M+Na]+,null,1.00,False,14.541,695.57379,C47H76O2,DEGSE,MGDBSUWQPQWINH-UHFFFAOYSA-N,O=C(OC1CC2=CC=C3C(=CCC4(C)C3CCC4C(C=CC(C)C(C)C)C)C2(C)CC1)CCCCCCCC=CCCCCCCCCC,530,False,True,False,Normalized unit: Intensity; Annotation method: Msp20260116160945_NCDK_conventional_converted_dev_1,False,False,78,0,0.00,1.00,null,null,null,-1.00,-1.00,-0.143,1864.09,P Holpie Serum 2_GD1_01_66386,695.57379:163454 696.57846:84410 697.58313:21932,null,1168293,1172917,1187760,1174420,1175847.25340625,8358.7550111665
79,19.634,695.64459,Unknown,[M+H]+,null,1.00,False,null,null,null,null,null,null,999,False,False,False,Normalized unit: Intensity,False,False,79,0,0.00,null,null,null,null,null,null,null,1230.51,P Holpie Serum 3_GD1_01_66387,695.64459:109914 696.64926:53820 697.65393:12372,null,1087355,1095440,1048011,1017148,1061988.77365625,36370.7602699914
80,19.066,696.66425,no MS2: SE 28:2/19:0,[M+NH4]+,null,1.00,False,15.541,696.66528,C47H82O2,BRSE,LZJGAWOCEYUMNW-UHFFFAOYSA-N,O=C(OC1CC2=CCC3C(CCC4(C)C(CCC34)C(C=CC(C)C(C)C)C)C2(C)CC1)CCCCCCCCCCCCCCCCCC,530,False,True,False,Normalized unit: Intensity; Annotation method: Msp20260116160945_NCDK_conventional_converted_dev_1,False,False,80,0,0.00,1.00,null,null,null,-1.00,-1.00,-0.143,1210.16,P Holpie Serum 2_GD1_01_66386,696.66522:257252 697.66989:130730 698.67456:32326,null,639968,621006,675928,684240,655285.322312498,29856.1857262151
81,20.168,697.65979,no MS2: RIKEN P-VS1 ID-7906 from Mouse_Macrophage_WT_N_F1AA,[M+H]+,null,1.00,False,7.850,697.65942,null,Unknown,null,null,530,False,True,False,Normalized unit: Intensity; Annotation method: Msp20260116160945_NCDK_conventional_converted_dev_1,False,False,81,0,0.00,1.00,null,null,null,-1.00,-1.00,-0.129,531.52,P Holpie Serum 2_GD1_01_66386,697.65918:93314 698.66385:45542 699.66852:11696,null,418000,379204,446470,455157,424707.830249999,34236.0565325205
82,15.370,698.25543,Unknown,[M+H]+,null,1.00,False,null,null,null,null,null,null,999,False,False,False,Normalized unit: Intensity,False,False,82,0,0.00,null,null,null,null,null,null,null,841.76,P Holpie Serum 4_GD1_01_66388,698.25543:91594 699.26010:56886 700.26477:0,null,2050028,2117256,2324114,2445345,2234185.62645312,182813.242070893
83,16.462,698.60736,no MS2: RIKEN P-VS1 ID-7928 from Mouse_AdrenalGlands_fads2KO_N_Ctr,[M+H]+,null,0.75,False,13.140,698.60577,null,Unknown,null,null,530,False,True,False,Normalized unit: Intensity; Annotation method: Msp20260116160945_NCDK_conventional_converted_dev_1,False,False,83,0,0.00,0.97,null,null,null,-1.00,-1.00,-0.140,486.94,P Holpie Serum 4_GD1_01_66388,698.60736:72810 699.61203:34826 700.61670:8104,null,480445,422412,496357,493666,473220.259999999,34578.4620352966
84,19.704,698.68054,no MS2: SE 28:1/19:0,[M+NH4]+,null,1.00,False,16.073,698.68103,C47H84O2,CASE,FPQFQXLPMCRSOA-UHFFFAOYSA-N,O=C(OC1CC2=CCC3C(CCC4(C)C(CCC34)C(C)CCC(C)C(C)C)C2(C)CC1)CCCCCCCCCCCCCCCCCC,530,False,True,False,Normalized unit: Intensity; Annotation method: Msp20260116160945_NCDK_conventional_converted_dev_1,False,False,84,0,0.00,1.00,null,null,null,-1.00,-1.00,-0.143,1299.60,P Holpie Serum 4_GD1_01_66388,698.68109:210082 699.68576:111852 700.69043:27220,null,1325662,1079086,1076470,1289142,1192589.90598438,133413.26033904
85,9.393,701.55908,no MS2: SM 34:2;O2|SM 12:1;O2/22:1,[M+H]+,null,1.00,False,8.555,701.55920,C39H77N2O6P,SM,VYDHYGBBAHKWKG-UHFFFAOYSA-N,O=C(NC(COP(=O)([O-])OCC[N+](C)(C)C)C(O)C=CCCCCCCC)CCCCCCCCCCCC=CCCCCCCCC,530,False,True,False,Normalized unit: Intensity; Annotation method: Msp20260116160945_NCDK_conventional_converted_dev_1,False,False,85,0,0.00,1.00,null,null,null,-1.00,-1.00,-0.143,2868.60,P Holpie Serum 5_GD1_01_66389,701.55908:637080 702.56375:273404 703.56842:65398,null,4135219,3694462,4161881,4311643,4075801.44946875,265820.251124796
86,16.424,703.56219,no MS2: BA 24:1;O4;G/16:1,[M+NH4]+,null,1.00,False,7.779,703.56201,C42H71NO6,GDCAE,CJCUCDWRGAZUGG-UHFFFAOYSA-N,O=C(O)CNC(=O)CCC(C)C1CCC2C3CCC4CC(OC(=O)CCCCCCCC=CCCCCCC)CCC4(C)C3CC(O)C12C,530,False,True,False,Normalized unit: Intensity; Annotation method: Msp20260116160945_NCDK_conventional_converted_dev_1,False,False,86,0,0.00,1.00,null,null,null,-1.00,-1.00,-0.143,235.99,P Holpie Serum 3_GD1_01_66387,703.56213:95750 704.56680:49832 705.57147:11810,null,650842,617681,678119,685277,657979.902593751,30690.2127449588
87,11.184,703.57654,no MS2: SM 34:1;O2|SM 12:1;O2/22:0,[M+H]+,null,1.00,False,8.929,703.57489,C39H79N2O6P,SM,ASWNCHFNKSPKBK-UHFFFAOYSA-N,O=C(NC(COP(=O)([O-])OCC[N+](C)(C)C)C(O)C=CCCCCCCC)CCCCCCCCCCCCCCCCCCCCC,530,False,True,False,Normalized unit: Intensity; Annotation method: Msp20260116160945_NCDK_conventional_converted_dev_1,False,False,87,0,0.00,1.00,null,null,null,-1.00,-1.00,-0.144,12277.47,P Holpie Serum 2_GD1_01_66386,703.57452:5512338 704.57919:2381368 705.58386:571652,null,34447563,30859913,34063518,35932538,33825883.0668281,2135254.30898147
88,11.184,703.72449,Unknown,[M+2H]2+,null,1.00,False,null,null,null,null,null,null,999,False,False,False,Normalized unit: Intensity,False,False,88,0,0.00,null,null,null,null,null,null,null,795.82,P Holpie Serum 5_GD1_01_66389,703.72449:92208 704.72916:21378 705.73382:1234,null,349206,306251,341161,420699,354329.2970625,48014.2557102102
89,11.184,703.83276,Unknown,[M+H]+,null,1.00,False,null,null,null,null,null,null,999,False,False,False,Normalized unit: Intensity,False,False,89,0,0.00,null,null,null,null,null,null,null,969.81,P Holpie Serum 5_GD1_01_66389,703.83276:98670 704.83743:16100 705.84210:0,null,404261,356445,458744,468299,421937.296515625,51980.009701939
90,11.826,705.59277,no MS2: SM 34:0;O2|SM 12:0;O2/22:0,[M+H]+,null,1.00,False,9.170,705.59052,C39H81N2O6P,SM,JIOJUELCHJZSCJ-UHFFFAOYSA-N,O=C(NC(COP(=O)([O-])OCC[N+](C)(C)C)C(O)CCCCCCCCC)CCCCCCCCCCCCCCCCCCCCC,530,False,True,False,Normalized unit: Intensity; Annotation method: Msp20260116160945_NCDK_conventional_converted_dev_1,False,False,90,0,0.00,1.00,null,null,null,-1.00,-1.00,-0.143,988.44,P Holpie Serum 2_GD1_01_66386,705.59021:195918 706.59488:87170 707.59955:20842,null,1238521,1126595,1263531,1288517,1229291.07704687,71441.907954635
91,18.667,705.62921,Unknown,[M+H]+,null,1.00,False,null,null,null,null,null,null,999,False,False,False,Normalized unit: Intensity,False,False,91,0,0.00,null,null,null,null,null,null,null,784.45,P Holpie Serum 2_GD1_01_66386,705.62921:79708 706.63388:0 707.63855:0,null,434720,417537,431725,420960,426235.571187502,8278.95881223075
92,11.339,706.53979,no MS2: RIKEN P-VS1 ID-8138 from Mouse_SmallIntestine_WT_N_F1,[M+H]+,null,0.75,False,13.050,706.54138,null,Unknown,null,null,530,False,True,False,Normalized unit: Intensity; Annotation method: Msp20260116160945_NCDK_conventional_converted_dev_1,False,False,92,0,0.00,0.98,null,null,null,-1.00,-1.00,-0.140,702.82,P Holpie Serum 5_GD1_01_66389,706.53979:127912 707.54446:52304 708.54913:13014,null,752434,677700,767913,802535,750145.539421875,52643.3875822974
93,16.601,706.61176,no MS2: Cer 47:7;O3|Cer 13:1;O2/34:6;O,[M+H-H2O]+,null,0.75,False,12.532,706.61328,C47H81NO4,Cer_HS,CRMQMMSGODIILK-UHFFFAOYSA-N,O=C(NC(CO)C(O)C=CCCCCCCCC)C(O)CCCCCCCCCCCCCC=CCC=CCC=CCC=CCC=CCC=CCC,530,False,True,False,Normalized unit: Intensity; Annotation method: Msp20260116160945_NCDK_conventional_converted_dev_1,False,False,93,0,0.00,1.00,null,null,null,-1.00,-1.00,-0.144,328.11,P Holpie Serum 4_GD1_01_66388,706.61279:75894 707.61746:42850 708.62213:12098,null,407086,363142,410941,410431,397900.198609378,23234.8718355086
94,18.667,706.64941,no MS2: SE 28:2/20:2,[M+NH4]+,null,1.00,False,14.608,706.64972,C48H80O2,BRSE,PALYSVLVFNGLDI-UHFFFAOYSA-N,O=C(OC1CC2=CCC3C(CCC4(C)C(CCC34)C(C=CC(C)C(C)C)C)C2(C)CC1)CCCCCCCCCC=CCC=CCCCCC,530,False,True,False,Normalized unit: Intensity; Annotation method: Msp20260116160945_NCDK_conventional_converted_dev_1,False,False,94,0,0.00,1.00,null,null,null,-1.00,-1.00,-0.143,3792.50,P Holpie Serum 2_GD1_01_66386,706.64941:550384 707.65408:272652 708.65875:72440,null,2989732,2776572,2961441,2939944,2916922.11329689,95762.5722115315
95,19.131,707.64526,Unknown,[M+H]+,null,1.00,False,null,null,null,null,null,null,999,False,False,False,Normalized unit: Intensity,False,False,95,0,0.00,null,null,null,null,null,null,null,1581.89,P Holpie Serum 3_GD1_01_66387,707.64526:172922 708.64993:0 709.65460:0,null,1189959,1200437,1154854,1179948,1181299.54187501,19514.0483126495
96,19.122,708.66510,no MS2: SE 28:2/20:1,[M+NH4]+,null,1.00,False,15.144,708.66528,C48H82O2,BRSE,AERGVMDMBPPOOG-UHFFFAOYSA-N,O=C(OC1CC2=CCC3C(CCC4(C)C(CCC34)C(C=CC(C)C(C)C)C)C2(C)CC1)CCCCCCCCCC=CCCCCCCCC,530,False,True,False,Normalized unit: Intensity; Annotation method: Msp20260116160945_NCDK_conventional_converted_dev_1,False,False,96,0,0.00,1.00,null,null,null,-1.00,-1.00,-0.143,9882.71,P Holpie Serum 3_GD1_01_66387,708.66510:895562 709.66977:489170 710.67444:121146,null,7638431,7584117,7394772,7412492,7507452.98731253,122130.204518808
97,18.338,709.53094,no MS2: RIKEN P-VS1 ID-8227 from Mouse_Adipose_WT_N_F1,[M+K]+,null,0.25,False,12.470,709.53363,null,Unknown,null,null,530,False,True,False,Normalized unit: Intensity; Annotation method: Msp20260116160945_NCDK_conventional_converted_dev_1,False,False,97,0,0.00,0.93,null,null,null,-1.00,-1.00,-0.160,591.11,P Holpie Serum 3_GD1_01_66387,709.53094:65476 710.53561:31844 711.54028:10626,null,373759,381104,356757,351665,365821.184937502,13893.8088033482
98,16.563,709.62329,Unknown,[M+H]+,null,1.00,False,null,null,null,null,null,null,999,False,False,False,Normalized unit: Intensity,False,False,98,0,0.00,null,null,null,null,null,null,null,1267.10,P Holpie Serum 5_GD1_01_66389,709.62329:145416 710.62796:75788 711.63263:15226,null,989125,861222,1021530,1040256,978033.207750001,80687.4842313064
99,19.395,710.67883,no MS2: SE 28:2/20:0,[M+NH4]+,null,0.75,False,15.375,710.68103,C48H84O2,BRSE,HONSYXCJYKKODR-UHFFFAOYSA-N,O=C(OC1CC2=CCC3C(CCC4(C)C(CCC34)C(C=CC(C)C(C)C)C)C2(C)CC1)CCCCCCCCCCCCCCCCCCC,530,False,True,False,Normalized unit: Intensity; Annotation method: Msp20260116160945_NCDK_conventional_converted_dev_1,False,False,99,0,0.00,0.98,null,null,null,-1.00,-1.00,-0.151,679.09,P Holpie Serum 4_GD1_01_66388,710.67975:87198 711.68442:43714 712.68908:11420,null,390030,364528,406821,418663,395010.250062501,23472.8159384884
100,19.639,710.67950,no MS2: SE 28:2/20:0,[M+NH4]+,null,1.00,False,15.375,710.68103,C48H84O2,BRSE,HONSYXCJYKKODR-UHFFFAOYSA-N,O=C(OC1CC2=CCC3C(CCC4(C)C(CCC34)C(C=CC(C)C(C)C)C)C2(C)CC1)CCCCCCCCCCCCCCCCCCC,530,False,True,False,Normalized unit: Intensity; Annotation method: Msp20260116160945_NCDK_conventional_converted_dev_1,False,False,100,0,0.00,1.00,null,null,null,-1.00,-1.00,-0.143,4633.56,P Holpie Serum 4_GD1_01_66388,710.68127:390794 711.68594:211692 712.69061:53480,null,3738952,3761076,3620000,3652394,3693105.52240623,67635.4623667495
101,16.593,711.56934,no MS2: BA 24:1;O3;G/18:3,[M+NH4]+,null,1.00,False,8.950,711.56702,C44H71NO5,GLCAE,ASRPSWFUWRNZII-UHFFFAOYSA-N,O=C(O)CNC(=O)CCC(C)C1CCC2C3CCC4CC(OC(=O)CCCCCCCC=CCC=CCC=CCC)CCC4(C)C3CCC12C,530,False,True,False,Normalized unit: Intensity; Annotation method: Msp20260116160945_NCDK_conventional_converted_dev_1,False,False,101,0,0.00,1.00,null,null,null,-1.00,-1.00,-0.143,786.91,P Holpie Serum 3_GD1_01_66387,711.56720:114176 712.57187:57630 713.57654:14014,null,703589,633809,688509,713764,684917.848953134,35616.8887136857
102,20.164,712.69574,no MS2: SE 28:1/20:0,[M+NH4]+,null,1.00,False,15.909,712.69659,C48H86O2,CASE,XJTGNNSGXLFCNW-UHFFFAOYSA-N,O=C(OC1CC2=CCC3C(CCC4(C)C(CCC34)C(C)CCC(C)C(C)C)C2(C)CC1)CCCCCCCCCCCCCCCCCCC,530,False,True,False,Normalized unit: Intensity; Annotation method: Msp20260116160945_NCDK_conventional_converted_dev_1,False,False,102,0,0.00,0.99,null,null,null,-1.00,-1.00,-0.146,1366.21,P Holpie Serum 4_GD1_01_66388,712.69574:214186 713.70041:110160 714.70508:27600,null,923126,821660,950010,913289,902021.068453122,55777.1177817343
103,18.545,714.61713,no MS2: SE 28:2/21:5,[M+NH4]+,null,1.00,False,13.735,714.61841,C49H76O2,BRSE,NAGKOUYLLGPXFP-UHFFFAOYSA-N,O=C(OC1CC2=CCC3C(CCC4(C)C(CCC34)C(C=CC(C)C(C)C)C)C2(C)CC1)CCCCC=CCC=CCC=CCC=CCC=CCC,530,False,True,False,Normalized unit: Intensity; Annotation method: Msp20260116160945_NCDK_conventional_converted_dev_1,False,False,103,0,0.00,1.00,null,null,null,-1.00,-1.00,-0.144,2931.02,P Holpie Serum 2_GD1_01_66386,714.61792:463532 715.62259:250030 716.62726:67152,null,1908091,1652014,1971778,2128055,1914984.51431248,198179.55378366
104,18.350,715.61340,Unknown,[M+H]+,null,1.00,False,null,null,null,null,null,null,999,False,False,False,Normalized unit: Intensity,False,False,104,0,0.00,null,null,null,null,null,null,null,812.32,P Holpie Serum 4_GD1_01_66388,715.61340:118042 716.61807:63174 717.62274:15676,null,469378,447446,490897,475185,470726.612890628,17986.3499240206
105,12.052,717.59216,no MS2: SM 35:1;O2|SM 12:1;O2/23:0,[M+H]+,null,1.00,False,9.350,717.59052,C40H81N2O6P,SM,ASVIEZNRHGUMIU-UHFFFAOYSA-N,O=C(NC(COP(=O)([O-])OCC[N+](C)(C)C)C(O)C=CCCCCCCC)CCCCCCCCCCCCCCCCCCCCCC,530,False,True,False,Normalized unit: Intensity; Annotation method: Msp20260116160945_NCDK_conventional_converted_dev_1,False,False,105,0,0.00,0.98,null,null,null,-1.00,-1.00,-0.153,507.73,P Holpie Serum 4_GD1_01_66388,717.59198:121720 718.59665:54778 719.60132:12294,null,720100,651488,744371,785899,725464.696921875,56306.2031978338
106,18.858,717.62866,Unknown,[M+H]+,null,1.00,False,null,null,null,null,null,null,999,False,False,False,Normalized unit: Intensity,False,False,106,0,0.00,null,null,null,null,null,null,null,3652.05,P Holpie Serum 5_GD1_01_66389,717.62866:330684 718.63333:173110 719.63800:41670,null,1964282,1938474,1982346,1971072,1964043.50223437,18603.0198895832
107,13.479,718.57495,no MS2: PC O-32:1|PC O-8:0_24:1,[M+H]+,null,1.00,False,9.876,718.57452,C40H80NO7P,EtherPC,JSCQQTZMIJRPQQ-UHFFFAOYSA-N,O=C(OC(COCCCCCCCC)COP(=O)([O-])OCC[N+](C)(C)C)CCCCCCCCCCCCCC=CCCCCCCCC,530,False,True,False,Normalized unit: Intensity; Annotation method: Msp20260116160945_NCDK_conventional_converted_dev_1,False,False,107,0,0.00,1.00,null,null,null,-1.00,-1.00,-0.144,622.25,P Holpie Serum 5_GD1_01_66389,718.57495:155132 719.57962:64114 720.58429:15684,null,804278,691244,854515,881531,807891.969109375,84095.3580873732
108,16.427,719.53760,no MS2: RIKEN P-VS1 ID-8471 from Mouse_Liver_WT_N_F1DHA,[M+H]+,null,0.25,False,10.100,719.53601,null,Unknown,null,null,530,False,True,False,Normalized unit: Intensity; Annotation method: Msp20260116160945_NCDK_conventional_converted_dev_1,False,False,108,0,0.00,0.98,null,null,null,-1.00,-1.00,-0.139,155.90,P Holpie Serum 4_GD1_01_66388,719.53760:62818 720.54227:27880 721.54693:9156,null,456573,426673,474341,455913,453375.162484376,19741.9804757521
109,18.545,719.57361,no MS2: RIKEN P-VS1 ID-8477 from Mouse_Muscle_WT_CTX3_Ctr,[M+H]+,null,1.00,False,8.620,719.57471,null,Unknown,null,null,530,False,True,False,Normalized unit: Intensity; Annotation method: Msp20260116160945_NCDK_conventional_converted_dev_1,False,False,109,0,0.00,0.99,null,null,null,-1.00,-1.00,-0.134,325.10,P Holpie Serum 2_GD1_01_66386,719.57361:150230 720.57828:75096 721.58294:20630,null,681907,645393,682822,683654,673443.72010937,18714.2236561658
110,13.670,720.58997,no MS2: PC O-32:0|PC O-8:0_24:0,[M+H]+,null,1.00,False,10.204,720.59021,C40H82NO7P,EtherPC,AXEPEEXNGOBZFB-UHFFFAOYSA-N,O=C(OC(COCCCCCCCC)COP(=O)([O-])OCC[N+](C)(C)C)CCCCCCCCCCCCCCCCCCCCCCC,530,False,True,False,Normalized unit: Intensity; Annotation method: Msp20260116160945_NCDK_conventional_converted_dev_1,False,False,110,0,0.00,1.00,null,null,null,-1.00,-1.00,-0.143,592.80,P Holpie Serum 5_GD1_01_66389,720.58997:181516 721.59463:81910 722.59930:15738,null,1028410,893588,1070155,1106649,1024700.263375,93069.762765604
111,18.667,720.66431,no MS2: RIKEN P-VS1 ID-8511 from Mouse_Feces_WT_N_Ctr,[M+H]+,null,1.00,False,14.650,720.66351,null,Unknown,null,null,530,False,True,False,Normalized unit: Intensity; Annotation method: Msp20260116160945_NCDK_conventional_converted_dev_1,False,False,111,0,0.00,0.99,null,null,null,-1.00,-1.00,-0.131,2892.53,P Holpie Serum 5_GD1_01_66389,720.66431:409524 721.66897:206212 722.67364:58328,null,2271061,2113172,2256607,2331951,2243197.92225001,92628.264209093
112,13.336,722.52655,no MS2: RIKEN P-VS1 ID-8558 from Mouse_Feces_WT_N_Ctr,[M+H]+,null,1.00,False,8.530,722.52838,null,Unknown,null,null,530,False,True,False,Normalized unit: Intensity; Annotation method: Msp20260116160945_NCDK_conventional_converted_dev_1,False,False,112,0,0.00,0.97,null,null,null,-1.00,-1.00,-0.143,142.20,P Holpie Serum 4_GD1_01_66388,722.52655:177120 723.53122:81136 724.53589:21790,null,3826118,3841339,5922339,3924727,4378630.90790625,1030051.13800935
113,12.888,722.52692,no MS2: RIKEN P-VS1 ID-8558 from Mouse_Feces_WT_N_Ctr,[M+H]+,null,0.50,False,8.530,722.52838,null,Unknown,null,null,530,False,True,False,Normalized unit: Intensity; Annotation method: Msp20260116160945_NCDK_conventional_converted_dev_1,False,False,113,0,0.00,0.98,null,null,null,-1.00,-1.00,-0.138,240.52,P Holpie Serum 4_GD1_01_66388,722.52692:137072 723.53158:65506 724.53625:17564,null,1946004,2042061,2120313,2050297,2039668.84490625,71636.2438903735
114,16.684,722.64209,no MS2: RIKEN P-VS1 ID-8571 from Mouse_Feces_WT_ABX_Ctr,[M+H]+,null,1.00,False,13.550,722.64111,null,Unknown,null,null,530,False,True,False,Normalized unit: Intensity; Annotation method: Msp20260116160945_NCDK_conventional_converted_dev_1,False,False,114,0,0.00,1.00,null,null,null,-1.00,-1.00,-0.130,131.36,P Holpie Serum 3_GD1_01_66387,722.64172:72420 723.64639:40700 724.65106:21378,null,682367,590190,714876,697909,671335.524031251,55702.3726727739
115,19.122,722.68140,no MS2: SE 28:2/21:1,[M+NH4]+,null,1.00,False,15.338,722.68103,C49H84O2,BRSE,JLQDQWBHGPPKFG-UHFFFAOYSA-N,O=C(OC1CC2=CCC3C(CCC4(C)C(CCC34)C(C=CC(C)C(C)C)C)C2(C)CC1)CCCCCCCCCC=CCCCCCCCCC,530,False,True,False,Normalized unit: Intensity; Annotation method: Msp20260116160945_NCDK_conventional_converted_dev_1,False,False,115,0,0.00,1.00,null,null,null,-1.00,-1.00,-0.143,4572.64,P Holpie Serum 5_GD1_01_66389,722.68121:719290 723.68588:397004 724.69055:107480,null,6177838,6295439,6091458,6046064,6152699.7736719,109739.32354392
116,16.563,723.63977,Unknown,[M+H]+,null,1.00,False,null,null,null,null,null,null,999,False,False,False,Normalized unit: Intensity,False,False,116,0,0.00,null,null,null,null,null,null,null,303.55,P Holpie Serum 4_GD1_01_66388,723.63977:140606 724.64444:0 725.64911:0,null,1285388,1178346,1351852,1366644,1295557.65870313,85760.0603115489
117,12.572,724.52832,no MS2: PC O-33:5|PC O-9:0_24:5,[M+H]+,null,1.00,False,8.990,724.52759,C41H74NO7P,EtherPC,DJDJEENEQLJKCQ-UHFFFAOYSA-N,O=C(OC(COCCCCCCCCC)COP(=O)([O-])OCC[N+](C)(C)C)CCCCCCCC=CCC=CCC=CCC=CCC=CCC,530,False,True,False,Normalized unit: Intensity; Annotation method: Msp20260116160945_NCDK_conventional_converted_dev_1,False,False,117,0,0.00,1.00,null,null,null,-1.00,-1.00,-0.143,286.67,P Holpie Serum 2_GD1_01_66386,724.52722:108604 725.53189:45752 726.53656:12070,null,542716,484025,564404,592826,545992.847015626,46126.8676594676
118,16.563,724.65771,no MS2: Cer 46:3;O2|Cer 12:0;O2/34:3,[M+Na]+,null,1.00,False,13.331,724.65778,C46H87NO3,Cer_NDS,RHPMUIUSLDTDJG-UHFFFAOYSA-N,O=C(NC(CO)C(O)CCCCCCCCC)CCCCCCCCCCCCCCCCCCC=CCC=CCC=CCCCCCCC,530,False,True,False,Normalized unit: Intensity; Annotation method: Msp20260116160945_NCDK_conventional_converted_dev_1,False,False,118,0,0.00,1.00,null,null,null,-1.00,-1.00,-0.143,870.16,P Holpie Serum 5_GD1_01_66389,724.65771:281144 725.66238:144848 726.66705:37692,null,2027468,1755492,2105349,2146894,2008800.74657813,175978.016151648
119,19.639,724.69562,no MS2: SE 28:2/21:0,[M+NH4]+,null,1.00,False,15.896,724.69659,C49H86O2,BRSE,PNMYZNGUORCLAM-UHFFFAOYSA-N,O=C(OC1CC2=CCC3C(CCC4(C)C(CCC34)C(C=CC(C)C(C)C)C)C2(C)CC1)CCCCCCCCCCCCCCCCCCCC,530,False,True,False,Normalized unit: Intensity; Annotation method: Msp20260116160945_NCDK_conventional_converted_dev_1,False,False,119,0,0.00,1.00,null,null,null,-1.00,-1.00,-0.143,1051.16,P Holpie Serum 2_GD1_01_66386,724.69653:303818 725.70120:164288 726.70587:43808,null,2762382,2807995,2717528,2701253,2747289.47381248,48020.9683535302
120,11.184,725.55829,no MS2: RIKEN P-VS1 ID-8650 from Cell_HeLa_WT_N_Ctr,[M+H]+,null,1.00,False,9.810,725.55829,null,Unknown,null,null,530,False,True,False,Normalized unit: Intensity; Annotation method: Msp20260116160945_NCDK_conventional_converted_dev_1,False,False,120,0,0.00,1.00,null,null,null,-1.00,-1.00,-0.129,789.36,P Holpie Serum 5_GD1_01_66389,725.55829:280326 726.56296:122714 727.56762:26752,null,1370858,1184356,1407450,1457711,1355093.46521875,119263.577919404
121,20.168,726.71185,no MS2: SE 28:1/21:0,[M+NH4]+,null,1.00,False,16.269,726.71228,C49H88O2,CASE,IBWTZMAQOZUMAX-UHFFFAOYSA-N,O=C(OC1CC2=CCC3C(CCC4(C)C(CCC34)C(C)CCC(C)C(C)C)C2(C)CC1)CCCCCCCCCCCCCCCCCCCC,530,False,True,False,Normalized unit: Intensity; Annotation method: Msp20260116160945_NCDK_conventional_converted_dev_1,False,False,121,0,0.00,1.00,null,null,null,-1.00,-1.00,-0.144,632.08,P Holpie Serum 4_GD1_01_66388,726.71185:145092 727.71652:81458 728.72119:20078,null,627061,576901,644197,643751,622977.619171873,31736.1108867785
122,11.393,729.59149,no MS2: SM 36:2;O2|SM 12:1;O2/24:1,[M+H]+,null,1.00,False,9.012,729.59052,C41H81N2O6P,SM,KZQWICJJTVELAN-UHFFFAOYSA-N,O=C(NC(COP(=O)([O-])OCC[N+](C)(C)C)C(O)C=CCCCCCCC)CCCCCCCCCCCCCC=CCCCCCCCC,530,False,True,False,Normalized unit: Intensity; Annotation method: Msp20260116160945_NCDK_conventional_converted_dev_1,False,False,122,0,0.00,0.99,null,null,null,-1.00,-1.00,-0.147,2810.26,P Holpie Serum 5_GD1_01_66389,729.59149:515330 730.59616:224714 731.60083:54188,null,3203478,3040406,3561554,3564315,3342438.14451563,263169.280670779
123,10.026,730.53851,no MS2: NAGlySer 37:7;O2|NAGlySer 9:0;O(FA 28:6),[M+NH4]+,null,1.00,False,8.373,730.53650,C42H68N2O7,NAGlySer,ISIUMYKFBRLNPE-UHFFFAOYSA-N,O=C(OC(CCCC(=O)NCC(=O)NC(C(=O)O)CO)CCCC)CCCCCCCCC=CCC=CCC=CCC=CCC=CCC=CCC,530,False,True,False,Normalized unit: Intensity; Annotation method: Msp20260116160945_NCDK_conventional_converted_dev_1,False,False,123,0,0.00,1.00,null,null,null,-1.00,-1.00,-0.143,1118.65,P Holpie Serum 3_GD1_01_66387,730.53687:132694 731.54153:59678 732.54620:15640,null,1014179,899576,1059847,1116919,1022630.23234375,92176.180034296
124,18.350,730.64844,no MS2: SE 28:2/22:4,[M+NH4]+,null,1.00,False,14.480,730.64972,C50H80O2,BRSE,IHDGBOWHYOWPKK-UHFFFAOYSA-N,O=C(OC1CC2=CCC3C(CCC4(C)C(CCC34)C(C=CC(C)C(C)C)C)C2(C)CC1)CCCCCCCCC=CCC=CCC=CCC=CCC,530,False,True,False,Normalized unit: Intensity; Annotation method: Msp20260116160945_NCDK_conventional_converted_dev_1,False,False,124,0,0.00,1.00,null,null,null,-1.00,-1.00,-0.143,1505.97,P Holpie Serum 2_GD1_01_66386,730.64954:198128 731.65420:107170 732.65887:27456,null,954447,894284,967952,988841,951380.961031256,40609.3759670637
125,12.820,731.60681,no MS2: SM 36:1;O2|SM 12:1;O2/24:0,[M+H]+,null,1.00,False,9.598,731.60620,C41H83N2O6P,SM,IMSJPGOHOORVQA-UHFFFAOYSA-N,O=C(NC(COP(=O)([O-])OCC[N+](C)(C)C)C(O)C=CCCCCCCC)CCCCCCCCCCCCCCCCCCCCCCC,530,False,True,False,Normalized unit: Intensity; Annotation method: Msp20260116160945_NCDK_conventional_converted_dev_1,False,False,125,0,0.00,1.00,null,null,null,-1.00,-1.00,-0.143,6559.31,P Holpie Serum 4_GD1_01_66388,731.60651:1294648 732.61117:587390 733.61584:141436,null,7137556,6399357,7613113,7874847,7256218.4638125,647654.061371592
126,18.858,731.64551,Unknown,[M+H]+,null,1.00,False,null,null,null,null,null,null,999,False,False,False,Normalized unit: Intensity,False,False,126,0,0.00,null,null,null,null,null,null,null,1475.63,P Holpie Serum 5_GD1_01_66389,731.64417:147536 732.64883:0 733.65350:0,null,848650,801068,873698,830041,838364.374359372,30629.7981753375
127,11.505,732.55469,no MS2: NAGlySer 37:6;O2|NAGlySer 9:0;O(FA 28:5),[M+NH4]+,null,1.00,False,8.721,732.55212,C42H70N2O7,NAGlySer,CDFGNRBRJDZREB-UHFFFAOYSA-N,O=C(OC(CCCC(=O)NCC(=O)NC(C(=O)O)CO)CCCC)CCCCCCCCCCCC=CCC=CCC=CCC=CCC=CCC,530,False,True,False,Normalized unit: Intensity; Annotation method: Msp20260116160945_NCDK_conventional_converted_dev_1,False,False,127,0,0.00,1.00,null,null,null,-1.00,-1.00,-0.143,2474.08,P Holpie Serum 2_GD1_01_66386,732.55249:455566 733.55716:198558 734.56183:45480,null,3262628,2933530,3372110,3504551,3268204.55689062,244058.624927669
128,18.858,732.66400,no MS2: SE 28:2/22:3,[M+NH4]+,null,1.00,False,14.874,732.66528,C50H82O2,BRSE,ZKIALIRUHUMUBC-UHFFFAOYSA-N,O=C(OC1CC2=CCC3C(CCC4(C)C(CCC34)C(C=CC(C)C(C)C)C)C2(C)CC1)CCCCCCCCC=CCC=CCC=CCCCCC,530,False,True,False,Normalized unit: Intensity; Annotation method: Msp20260116160945_NCDK_conventional_converted_dev_1,False,False,128,0,0.00,1.00,null,null,null,-1.00,-1.00,-0.143,9145.02,P Holpie Serum 2_GD1_01_66386,732.66528:956032 733.66995:529074 734.67462:146198,null,5437264,5377673,5408467,5554098,5444375.74165623,77089.0252873483
129,12.889,734.56989,no MS2: DMPE 33:0|DMPE 28:0_5:0,[M+H]+,null,1.00,False,10.672,734.56940,C40H80NO8P,DMPE,ZZNGNZPJNJRLFS-UHFFFAOYSA-N,O=C(OCC(OC(=O)CCCC)COP(=O)(O)OCCN(C)C)CCCCCCCCCCCCCCCCCCCCCCCCCCC,530,False,True,False,Normalized unit: Intensity; Annotation method: Msp20260116160945_NCDK_conventional_converted_dev_1,False,False,129,0,0.00,1.00,null,null,null,-1.00,-1.00,-0.144,6973.77,P Holpie Serum 5_GD1_01_66389,734.56989:1208620 735.57455:520804 736.57922:115130,null,6188634,5614007,6406244,6676932,6221453.86254687,451544.224386982
130,18.541,735.54730,no MS2: SM 37:6;O2|SM 13:1;O2/24:5,[M+H]+,null,1.00,False,8.377,735.54358,C42H75N2O6P,SM,RYVVCEAQKHUEJM-UHFFFAOYSA-N,O=C(NC(COP(=O)([O-])OCC[N+](C)(C)C)C(O)C=CCCCCCCCC)CCCCCCCC=CCC=CCC=CCC=CCC=CCC,530,False,True,False,Normalized unit: Intensity; Annotation method: Msp20260116160945_NCDK_conventional_converted_dev_1,False,False,130,0,0.00,0.89,null,null,null,-1.00,-1.00,-0.196,911.49,P Holpie Serum 5_GD1_01_66389,735.54706:141498 736.55173:86542 737.55639:33814,null,751562,770928,759869,737934,755072.907203119,13909.988512868
131,16.563,738.67584,no MS2: Cer 49:5;O3|Cer 13:0;O2/36:5;O,[M+H-H2O]+,null,1.00,False,12.854,738.67590,C49H89NO4,Cer_HDS,WDZDTIAJBHRHBO-UHFFFAOYSA-N,O=C(NC(CO)C(O)CCCCCCCCCC)C(O)CCCCCCCCCCCCCCCCCCC=CCC=CCC=CCC=CCC=CCC,530,False,True,False,Normalized unit: Intensity; Annotation method: Msp20260116160945_NCDK_conventional_converted_dev_1,False,False,131,0,0.00,1.00,null,null,null,-1.00,-1.00,-0.143,926.73,P Holpie Serum 4_GD1_01_66388,738.67584:184052 739.68051:97868 740.68518:24712,null,1363547,1182865,1444780,1424902,1354023.65184375,119228.511389964
132,16.424,740.65326,no MS2: Cer 48:5;O4|Cer 12:1;O3/36:4(2OH),[M+H-H2O]+,null,1.00,False,13.140,740.65509,C48H87NO5,Cer_AP,ZIYSRMIEGZKZPZ-UHFFFAOYSA-N,O=C(NC(CO)C(O)C(O)CCCC=CCCC)C(O)CCCCCCCCCCCCCCCCCCCCCC=CCC=CCC=CCC=CCC,530,False,True,False,Normalized unit: Intensity; Annotation method: Msp20260116160945_NCDK_conventional_converted_dev_1,False,False,132,0,0.00,0.98,null,null,null,-1.00,-1.00,-0.153,669.39,P Holpie Serum 2_GD1_01_66386,740.65363:115166 741.65829:56442 742.66296:15966,null,866022,739131,873257,879789,839550.048031251,67181.479373877
133,18.545,741.62830,Unknown,[M+H]+,null,1.00,False,null,null,null,null,null,null,999,False,False,False,Normalized unit: Intensity,False,False,133,0,0.00,null,null,null,null,null,null,null,843.21,P Holpie Serum 5_GD1_01_66389,741.62830:190798 742.63296:102414 743.63763:28184,null,760913,702893,771824,812423,762013.226328119,45217.2808335589
134,12.464,742.57532,no MS2: PC O-34:3|PC O-8:0_26:3,[M+H]+,null,1.00,False,9.597,742.57452,C42H80NO7P,EtherPC,MIKWCKCBCDZUNB-UHFFFAOYSA-N,O=C(OC(COCCCCCCCC)COP(=O)([O-])OCC[N+](C)(C)C)CCCCCCCCCCC=CCC=CCC=CCCCCCCC,530,False,True,False,Normalized unit: Intensity; Annotation method: Msp20260116160945_NCDK_conventional_converted_dev_1,False,False,134,0,0.00,1.00,null,null,null,-1.00,-1.00,-0.143,3735.81,P Holpie Serum 2_GD1_01_66386,742.57428:796914 743.57895:360566 744.58362:86848,null,4529343,4025893,4594729,4754764,4476182.0315,314773.722892372
135,10.994,744.55493,no MS2: NAGlySer 38:7;O2|NAGlySer 10:0;O(FA 28:6),[M+NH4]+,null,1.00,False,8.105,744.55212,C43H70N2O7,NAGlySer,RIEZRNVCIJXFMX-UHFFFAOYSA-N,O=C(OC(CCC)CCCCCC(=O)NCC(=O)NC(C(=O)O)CO)CCCCCCCCC=CCC=CCC=CCC=CCC=CCC=CCC,530,False,True,False,Normalized unit: Intensity; Annotation method: Msp20260116160945_NCDK_conventional_converted_dev_1,False,False,135,0,0.00,1.00,null,null,null,-1.00,-1.00,-0.143,1386.70,P Holpie Serum 3_GD1_01_66387,744.55182:146088 745.55649:65070 746.56115:17158,null,1028733,903435,1090573,1124681,1036855.65523438,97409.559835717
136,13.548,744.59082,no MS2: PC O-34:2|PC O-8:0_26:2,[M+H]+,null,1.00,False,9.905,744.59021,C42H82NO7P,EtherPC,WBAZRZTVRJLENP-UHFFFAOYSA-N,O=C(OC(COCCCCCCCC)COP(=O)([O-])OCC[N+](C)(C)C)CCCCCCCCCCCCCC=CCC=CCCCCCCC,530,False,True,False,Normalized unit: Intensity; Annotation method: Msp20260116160945_NCDK_conventional_converted_dev_1,False,False,136,0,0.00,1.00,null,null,null,-1.00,-1.00,-0.145,1635.25,P Holpie Serum 5_GD1_01_66389,744.59082:221538 745.59549:104810 746.60016:25056,null,1243672,1091459,1305107,1333069,1243326.879,107911.005270291
137,12.698,744.59125,no MS2: PC O-34:2|PC O-8:0_26:2,[M+H]+,null,1.00,False,9.905,744.59021,C42H82NO7P,EtherPC,WBAZRZTVRJLENP-UHFFFAOYSA-N,O=C(OC(COCCCCCCCC)COP(=O)([O-])OCC[N+](C)(C)C)CCCCCCCCCCCCCC=CCC=CCCCCCCC,530,False,True,False,Normalized unit: Intensity; Annotation method: Msp20260116160945_NCDK_conventional_converted_dev_1,False,False,137,0,0.00,0.99,null,null,null,-1.00,-1.00,-0.147,3757.07,P Holpie Serum 4_GD1_01_66388,744.59113:497742 745.59579:225752 746.60046:55314,null,2807421,2511748,2898641,3021758,2809891.81146875,217301.285986502
138,18.350,744.66498,no MS2: Cer 51:8;O2|Cer 13:2;O2/38:6,[M+H-H2O]+,null,1.00,False,12.752,744.66528,C51H87NO3,Cer_NS,ZQMJVKKVFWCHJY-UHFFFAOYSA-N,O=C(NC(CO)C(O)C=CCCC=CCCCC)CCCCCCCCCCCCCCCCCCC=CCC=CCC=CCC=CCC=CCC=CCC,530,False,True,False,Normalized unit: Intensity; Annotation method: Msp20260116160945_NCDK_conventional_converted_dev_1,False,False,138,0,0.00,1.00,null,null,null,-1.00,-1.00,-0.143,1136.63,P Holpie Serum 4_GD1_01_66388,744.66498:169210 745.66965:90380 746.67431:25094,null,742879,683510,737163,733379,724232.80501563,27427.7087220547
139,13.478,745.62207,no MS2: SM 37:1;O2|SM 12:1;O2/25:0,[M+H]+,null,0.50,False,10.060,745.62183,C42H85N2O6P,SM,AWIFGOBWPWIAOU-UHFFFAOYSA-N,O=C(NC(COP(=O)([O-])OCC[N+](C)(C)C)C(O)C=CCCCCCCC)CCCCCCCCCCCCCCCCCCCCCCCC,530,False,True,False,Normalized unit: Intensity; Annotation method: Msp20260116160945_NCDK_conventional_converted_dev_1,False,False,139,0,0.00,1.00,null,null,null,-1.00,-1.00,-0.143,669.46,P Holpie Serum 5_GD1_01_66389,745.62207:73280 746.62674:37896 747.63141:8654,null,311824,287059,335791,331013,316421.62528125,22146.2907486487
140,12.282,746.57056,no MS2: NAGlySer 38:6;O2|NAGlySer 10:0;O(FA 28:5),[M+NH4]+,null,1.00,False,8.870,746.56781,C43H72N2O7,NAGlySer,KJHVTRJQBBLJRX-UHFFFAOYSA-N,O=C(OC(CCC)CCCCCC(=O)NCC(=O)NC(C(=O)O)CO)CCCCCCCCCCCC=CCC=CCC=CCC=CCC=CCC,530,False,True,False,Normalized unit: Intensity; Annotation method: Msp20260116160945_NCDK_conventional_converted_dev_1,False,False,140,0,0.00,1.00,null,null,null,-1.00,-1.00,-0.143,774.46,P Holpie Serum 2_GD1_01_66386,746.56799:137502 747.57266:63338 748.57733:15446,null,899436,816567,944274,967816,907023.12634375,66641.7098521314
141,13.722,746.60632,no MS2: PC O-34:1|PC O-8:0_26:1,[M+H]+,null,1.00,False,10.376,746.60577,C42H84NO7P,EtherPC,DJYYQHGJOYRXDR-UHFFFAOYSA-N,O=C(OC(COCCCCCCCC)COP(=O)([O-])OCC[N+](C)(C)C)CCCCCCCCCCCCCCCC=CCCCCCCCC,530,False,True,False,Normalized unit: Intensity; Annotation method: Msp20260116160945_NCDK_conventional_converted_dev_1,False,False,141,0,0.00,1.00,null,null,null,-1.00,-1.00,-0.143,1976.90,P Holpie Serum 2_GD1_01_66386,746.60553:251708 747.61020:118930 748.61487:27986,null,2171574,1954001,2385677,2384846,2224024.50628125,206283.603497621
142,18.858,746.68121,no MS2: Cer 51:7;O2|Cer 13:1;O2/38:6,[M+H-H2O]+,null,1.00,False,12.759,746.68103,C51H89NO3,Cer_NS,JGDMWKYWSCHGIK-UHFFFAOYSA-N,O=C(NC(CO)C(O)C=CCCCCCCCC)CCCCCCCCCCCCCCCCCCC=CCC=CCC=CCC=CCC=CCC=CCC,530,False,True,False,Normalized unit: Intensity; Annotation method: Msp20260116160945_NCDK_conventional_converted_dev_1,False,False,142,0,0.00,1.00,null,null,null,-1.00,-1.00,-0.143,5250.67,P Holpie Serum 4_GD1_01_66388,746.68121:814050 747.68588:443468 748.69055:125244,null,4411821,4313567,4460199,4405323,4397727.44239061,61215.2283532677
143,16.589,748.65814,no MS2: Cer 50:7;O3|Cer 12:1;O2/38:6;O,[M+H-H2O]+,null,1.00,False,12.711,748.66022,C50H87NO4,Cer_HS,ZMTIXYIFRNXMFH-UHFFFAOYSA-N,O=C(NC(CO)C(O)C=CCCCCCCC)C(O)CCCCCCCCCCCCCCCCCC=CCC=CCC=CCC=CCC=CCC=CCC,530,False,True,False,Normalized unit: Intensity; Annotation method: Msp20260116160945_NCDK_conventional_converted_dev_1,False,False,143,0,0.00,1.00,null,null,null,-1.00,-1.00,-0.143,1170.89,P Holpie Serum 2_GD1_01_66386,748.66003:151710 749.66470:77500 750.66937:21604,null,840941,790513,871074,924356,856721.081171887,56015.0448587993
144,13.861,752.55939,no MS2: RIKEN P-VS1 ID-9414 from Cell_HeLa_WT_N_Ctr,[M+H]+,null,1.00,False,11.840,752.56042,null,Unknown,null,null,530,False,True,False,Normalized unit: Intensity; Annotation method: Msp20260116160945_NCDK_conventional_converted_dev_1,False,False,144,0,0.00,1.00,null,null,null,-1.00,-1.00,-0.129,685.93,P Holpie Serum 4_GD1_01_66388,752.56000:189546 753.56467:87878 754.56933:22880,null,890906,802766,933456,976244,900843.311531249,74087.2207740945
145,16.424,754.66974,no MS2: Cer 49:5;O4|Cer 13:1;O3/36:4(2OH),[M+H-H2O]+,null,1.00,False,13.218,754.67078,C49H89NO5,Cer_AP,KISDUEUGYCHQQO-UHFFFAOYSA-N,O=C(NC(CO)C(O)C(O)CCCC=CCCCC)C(O)CCCCCCCCCCCCCCCCCCCCCC=CCC=CCC=CCC=CCC,530,False,True,False,Normalized unit: Intensity; Annotation method: Msp20260116160945_NCDK_conventional_converted_dev_1,False,False,145,0,0.00,1.00,null,null,null,-1.00,-1.00,-0.144,227.89,P Holpie Serum 4_GD1_01_66388,754.67139:78218 755.67605:40080 756.68072:11274,null,557517,474351,592769,603345,556995.635046876,58476.3276993514
146,18.545,755.64417,Unknown,[M+H]+,null,0.75,False,null,null,null,null,null,null,999,False,False,False,Normalized unit: Intensity,False,False,146,0,0.00,null,null,null,null,null,null,null,168.05,P Holpie Serum 5_GD1_01_66389,755.64417:79978 756.64883:0 757.65350:0,null,333478,308648,334060,346485,330667.759703122,15858.4822454929
147,10.248,756.55481,no MS2: DMPE 35:3|DMPE 5:0_30:3,[M+H]+,null,1.00,False,9.213,756.55377,C42H78NO8P,DMPE,ICNCFQIVQRJXQI-UHFFFAOYSA-N,O=C(OCC(OC(=O)CCCCCCCCCCCCCCC=CCC=CCC=CCCCCCCC)COP(=O)(O)OCCN(C)C)CCCC,530,False,True,False,Normalized unit: Intensity; Annotation method: Msp20260116160945_NCDK_conventional_converted_dev_1,False,False,147,0,0.00,1.00,null,null,null,-1.00,-1.00,-0.143,424.66,P Holpie Serum 2_GD1_01_66386,756.55377:446300 757.55844:205320 758.56311:49648,null,3164561,2732161,3182897,3287061,3091670.03675,245668.970219777
148,10.612,756.55542,no MS2: DMPE 35:3|DMPE 5:0_30:3,[M+H]+,null,1.00,False,9.213,756.55377,C42H78NO8P,DMPE,ICNCFQIVQRJXQI-UHFFFAOYSA-N,O=C(OCC(OC(=O)CCCCCCCCCCCCCCC=CCC=CCC=CCCCCCCC)COP(=O)(O)OCCN(C)C)CCCC,530,False,True,False,Normalized unit: Intensity; Annotation method: Msp20260116160945_NCDK_conventional_converted_dev_1,False,False,148,0,0.00,1.00,null,null,null,-1.00,-1.00,-0.144,221.86,P Holpie Serum 4_GD1_01_66388,756.55426:265840 757.55893:118112 758.56360:29912,null,2083920,1832821,2074594,2132391,2030931.81417188,134481.873353818
149,18.545,756.66412,no MS2: RIKEN P-VS1 ID-9574 from Mouse_AdrenalGlands_fads2KO_N_Ctr,[M+H]+,null,1.00,False,14.830,756.66632,null,Unknown,null,null,530,False,True,False,Normalized unit: Intensity; Annotation method: Msp20260116160945_NCDK_conventional_converted_dev_1,False,False,149,0,0.00,0.96,null,null,null,-1.00,-1.00,-0.146,880.21,P Holpie Serum 2_GD1_01_66386,756.66418:272096 757.66885:157158 758.67352:44178,null,1164797,1051785,1203628,1201826,1155509.06273437,71427.5752043799
150,12.945,757.62299,no MS2: SM 38:2;O2|SM 12:1;O2/26:1,[M+H]+,null,1.00,False,9.580,757.62183,C43H85N2O6P,SM,LCCGGRXCXDWGPP-UHFFFAOYSA-N,O=C(NC(COP(=O)([O-])OCC[N+](C)(C)C)C(O)C=CCCCCCCC)CCCCCCCCCCCCCCCC=CCCCCCCCC,530,False,True,False,Normalized unit: Intensity; Annotation method: Msp20260116160945_NCDK_conventional_converted_dev_1,False,False,150,0,0.00,1.00,null,null,null,-1.00,-1.00,-0.143,1178.34,P Holpie Serum 2_GD1_01_66386,757.62152:334034 758.62619:155440 759.63086:38464,null,2108411,1916174,2204424,2245459,2118617.12625,146673.099475095
151,14.858,758.22168,no MS2: RIKEN P-VS1 ID-9612 from Mouse_Macrophage_WT_N_F1AA,[M+H]+,null,1.00,False,10.810,758.22229,null,Unknown,null,null,530,False,True,False,Normalized unit: Intensity; Annotation method: Msp20260116160945_NCDK_conventional_converted_dev_1,False,False,151,0,0.00,1.00,null,null,null,-1.00,-1.00,-0.129,734.69,P Holpie Serum 4_GD1_01_66388,758.22198:115302 759.22665:79158 760.23132:0,null,3893661,3820794,1161688,1139692,2503958.617625,1562929.11092918
152,11.831,758.57343,no MS2: DMPE 35:2|DMPE 5:0_30:2,[M+H]+,null,1.00,False,9.467,758.56940,C42H80NO8P,DMPE,WAZBQZUKCFBZHP-UHFFFAOYSA-N,O=C(OCC(OC(=O)CCCCCCCCCCCCCCCCCC=CCC=CCCCCCCC)COP(=O)(O)OCCN(C)C)CCCC,530,False,True,False,Normalized unit: Intensity; Annotation method: Msp20260116160945_NCDK_conventional_converted_dev_1,False,False,152,0,0.00,1.00,null,null,null,-1.00,-1.00,-0.143,74614.10,P Holpie Serum 3_GD1_01_66387,758.56976:13559690 759.57443:11281270 760.57910:3030050,null,119826547,116258510,120811946,122743742,119910186.179391,2719310.08343055
153,11.831,758.72498,Unknown,[M+2H]2+,null,1.00,False,null,null,null,null,null,null,999,False,False,False,Normalized unit: Intensity,False,False,153,0,0.00,null,null,null,null,null,null,null,3371.70,P Holpie Serum 4_GD1_01_66388,758.72498:351210 759.72964:136962 760.73431:10172,null,2171548,2032725,2225903,2224703,2163719.54054687,90933.3787430464
154,11.826,758.84442,Unknown,[M+H]+,null,1.00,False,null,null,null,null,null,null,999,False,False,False,Normalized unit: Intensity,False,False,154,0,0.00,null,null,null,null,null,null,null,3097.32,P Holpie Serum 5_GD1_01_66389,758.84442:300884 759.84909:161106 760.85376:12916,null,1862917,1749948,2022003,2079082,1928487.52196875,150110.754055214
155,11.831,758.98004,Unknown,[M+H]+,null,1.00,False,null,null,null,null,null,null,999,False,False,False,Normalized unit: Intensity,False,False,155,0,0.00,null,null,null,null,null,null,null,2308.09,P Holpie Serum 4_GD1_01_66388,758.98004:174958 759.98471:0 760.98938:0,null,917484,810132,984381,965628,919406.168249999,78108.2668102772
156,11.826,759.57623,no MS2: RIKEN P-VS1 ID-9678 from Mouse_Liver_WT_N_F1EPA,[M+H]+,null,1.00,False,9.340,759.57300,null,Unknown,null,null,530,False,True,False,Normalized unit: Intensity; Annotation method: Msp20260116160945_NCDK_conventional_converted_dev_1,False,False,156,0,0.00,1.00,null,null,null,-1.00,-1.00,-0.129,57363.71,P Holpie Serum 3_GD1_01_66387,759.57294:11822790 760.57760:3122724 761.58227:525626,null,81515837,76547164,82386327,83403896,80963305.8148906,3043521.52966654
157,14.103,759.63788,no MS2: SM 38:1;O2|SM 12:1;O2/26:0,[M+H]+,null,1.00,False,10.341,759.63751,C43H87N2O6P,SM,GJBCRJRMBDUHKZ-UHFFFAOYSA-N,O=C(NC(COP(=O)([O-])OCC[N+](C)(C)C)C(O)C=CCCCCCCC)CCCCCCCCCCCCCCCCCCCCCCCCC,530,False,True,False,Normalized unit: Intensity; Annotation method: Msp20260116160945_NCDK_conventional_converted_dev_1,False,False,157,0,0.00,1.00,null,null,null,-1.00,-1.00,-0.143,3865.04,P Holpie Serum 5_GD1_01_66389,759.63757:962822 760.64224:490534 761.64691:119330,null,5435702,4772985,5759063,5753213,5430240.61728124,463483.048738159
158,14.866,760.22113,Unknown,[M+H]+,null,0.50,False,null,null,null,null,null,null,999,False,False,False,Normalized unit: Intensity,False,False,158,0,0.00,null,null,null,null,null,null,null,400.07,P Holpie Serum 4_GD1_01_66388,760.22113:63868 761.22580:28760 762.23047:0,null,578180,585661,2031039,1861560,1264109.889375,790763.272403887
159,12.984,760.58734,no MS2: Cer 49:11;O4|Cer 12:1;O2/37:10;O2,[M+H]+,null,1.00,False,10.908,760.58752,C49H77NO5,Cer_EOS,DDLJIZBIJAEWSX-UHFFFAOYSA-N,O=C(OCCC=CCC=CCC=CCCCCC(=O)NC(CO)C(O)C=CCCCCCCC)CCC=CCC=CCC=CCC=CCC=CCC=CCC,530,False,True,False,Normalized unit: Intensity; Annotation method: Msp20260116160945_NCDK_conventional_converted_dev_1,False,False,159,0,0.00,1.00,null,null,null,-1.00,-1.00,-0.143,52231.33,P Holpie Serum 4_GD1_01_66388,760.58746:11526890 761.59213:5764926 762.59680:1445924,null,76580602,71367130,79511621,81557653,77254251.2607657,4424439.11878574
160,12.989,760.74023,Unknown,[M+2H]2+,null,1.00,False,null,null,null,null,null,null,999,False,False,False,Normalized unit: Intensity,False,False,160,0,0.00,null,null,null,null,null,null,null,1631.15,P Holpie Serum 4_GD1_01_66388,760.74023:201396 761.74490:87818 762.74957:4862,null,1081068,988142,1163524,1143912,1094161.77964063,78946.8494451064
161,12.984,760.85815,Unknown,[M+H]+,null,1.00,False,null,null,null,null,null,null,999,False,False,False,Normalized unit: Intensity,False,False,161,0,0.00,null,null,null,null,null,null,null,1860.89,P Holpie Serum 5_GD1_01_66389,760.85815:186166 761.86282:96524 762.86749:8564,null,1018603,921970,1162152,1191648,1073593.22453125,126218.289201864
162,12.983,760.99060,Unknown,[M+H]+,null,0.50,False,null,null,null,null,null,null,999,False,False,False,Normalized unit: Intensity,False,False,162,0,0.00,null,null,null,null,null,null,null,889.16,P Holpie Serum 5_GD1_01_66389,760.99060:77548 761.99527:0 762.99994:0,null,248170,199573,282540,301877,258040.351093751,44861.8025886137
163,14.121,762.60162,no MS2: DMPE 35:0|DMPE 30:0_5:0,[M+H]+,null,1.00,False,13.068,762.60071,C42H84NO8P,DMPE,JRWXOFFZCHKSOK-UHFFFAOYSA-N,O=C(OCC(OC(=O)CCCC)COP(=O)(O)OCCN(C)C)CCCCCCCCCCCCCCCCCCCCCCCCCCCCC,530,False,True,False,Normalized unit: Intensity; Annotation method: Msp20260116160945_NCDK_conventional_converted_dev_1,False,False,163,0,0.00,1.00,null,null,null,-1.00,-1.00,-0.143,2210.92,P Holpie Serum 5_GD1_01_66389,762.60089:416434 763.60556:200720 764.61023:47258,null,2147098,1863742,2288812,2273545,2143299.25942188,196896.517484937
164,16.589,762.67480,no MS2: Cer 51:7;O3|Cer 13:1;O2/38:6;O,[M+H-H2O]+,null,1.00,False,13.115,762.67590,C51H89NO4,Cer_HS,TXLLWKBWMOGOTH-UHFFFAOYSA-N,O=C(NC(CO)C(O)C=CCCCCCCCC)C(O)CCCCCCCCCCCCCCCCCC=CCC=CCC=CCC=CCC=CCC=CCC,530,False,True,False,Normalized unit: Intensity; Annotation method: Msp20260116160945_NCDK_conventional_converted_dev_1,False,False,164,0,0.00,1.00,null,null,null,-1.00,-1.00,-0.143,518.92,P Holpie Serum 4_GD1_01_66388,762.67596:107684 763.68063:58918 764.68530:17684,null,556345,458056,578058,609834,550573.262281258,65472.4194766291
165,12.173,766.57587,no MS2: LPC 34:2,[M+Na]+,null,1.00,False,9.911,766.57208,C42H82NO7P,LPC,VPBNTXHLKISABH-UHFFFAOYSA-N,O=C(OCC(O)COP(=O)([O-])OCC[N+](C)(C)C)CCCCCCCCCCCCCCCCCCCCCC=CCC=CCCCCCCC,530,False,True,False,Normalized unit: Intensity; Annotation method: Msp20260116160945_NCDK_conventional_converted_dev_1,False,False,165,0,0.00,1.00,null,null,null,-1.00,-1.00,-0.145,859.08,P Holpie Serum 3_GD1_01_66387,766.57281:927754 767.57748:448042 768.58215:111130,null,5413478,5054471,5676285,5919551,5515946.07382812,370614.17884937
166,18.194,766.69086,no MS2: TG 44:1|TG 8:0_8:0_28:1,[M+NH4]+,null,1.00,False,13.834,766.69189,C47H88O6,TG,RPHPGMSYTPNXSG-UHFFFAOYSA-N,O=C(OCC(OC(=O)CCCCCCC)COC(=O)CCCCCCCCCCCCCCCCCC=CCCCCCCCC)CCCCCCC,530,False,True,False,Normalized unit: Intensity; Annotation method: Msp20260116160945_NCDK_conventional_converted_dev_1,False,False,166,0,0.00,1.00,null,null,null,-1.00,-1.00,-0.143,83.51,P Holpie Serum 3_GD1_01_66387,766.69196:94500 767.69662:51924 768.70129:15240,null,538565,476712,557347,566540,534791.137281248,40431.793347791
167,13.314,768.55493,no MS2: DMPE 36:4|DMPE 6:0_30:4,[M+H]+,null,1.00,False,9.066,768.55377,C43H78NO8P,DMPE,YADWDHZNQSACMH-UHFFFAOYSA-N,O=C(OCC(OC(=O)CCCCCCCCCCCCCCCCC=CCC=CCC=CCC=CCC)COP(=O)(O)OCCN(C)C)CCCCC,530,False,True,False,Normalized unit: Intensity; Annotation method: Msp20260116160945_NCDK_conventional_converted_dev_1,False,False,167,0,0.00,1.00,null,null,null,-1.00,-1.00,-0.143,625.46,P Holpie Serum 2_GD1_01_66386,768.55353:154108 769.55820:71508 770.56286:18468,null,751842,657581,796710,830957,759272.398718751,75136.9323747173
168,10.685,768.55585,no MS2: NAGly 48:13;O2|NAGly 22:6;O(FA 26:6),[M+H]+,null,0.25,False,10.344,768.55621,C50H73NO5,NAGly,XGIFZGFYNYGKHE-UHFFFAOYSA-N,O=C(O)CNC(=O)CC(OC(=O)CCCCCCC=CCC=CCC=CCC=CCC=CCC=CCC)C=CCC=CCC=CCC=CCC=CCC=CCC,530,False,True,False,Normalized unit: Intensity; Annotation method: Msp20260116160945_NCDK_conventional_converted_dev_1,False,False,168,0,0.00,1.00,null,null,null,-1.00,-1.00,-0.143,195.20,P Holpie Serum 5_GD1_01_66389,768.55585:62760 769.56051:30092 770.56518:7398,null,365240,337473,374553,395558,368205.98365625,24095.3367750808
169,12.798,768.59131,no MS2: LPC 34:1,[M+Na]+,null,1.00,False,10.760,768.58783,C42H84NO7P,LPC,NNYSAWKVUUGWFE-UHFFFAOYSA-N,O=C(OCC(O)COP(=O)([O-])OCC[N+](C)(C)C)CCCCCCCCCCCCCCCCCCCCCCCC=CCCCCCCCC,530,False,True,False,Normalized unit: Intensity; Annotation method: Msp20260116160945_NCDK_conventional_converted_dev_1,False,False,169,0,0.00,1.00,null,null,null,-1.00,-1.00,-0.143,578.58,P Holpie Serum 3_GD1_01_66387,768.58795:101866 769.59262:47264 770.59729:97332,null,841332,759698,897274,911412,852428.890890625,68828.5645966858
170,12.438,768.59174,no MS2: LPC 34:1,[M+Na]+,null,1.00,False,10.760,768.58783,C42H84NO7P,LPC,NNYSAWKVUUGWFE-UHFFFAOYSA-N,O=C(OCC(O)COP(=O)([O-])OCC[N+](C)(C)C)CCCCCCCCCCCCCCCCCCCCCCCC=CCCCCCCCC,530,False,True,False,Normalized unit: Intensity; Annotation method: Msp20260116160945_NCDK_conventional_converted_dev_1,False,False,170,0,0.00,1.00,null,null,null,-1.00,-1.00,-0.144,4855.83,P Holpie Serum 3_GD1_01_66387,768.58832:1011152 769.59299:478308 770.59765:120588,null,7138897,6440105,7467593,7694322,7185229.22646875,546583.669554477
171,18.736,768.70697,no MS2: TG 44:0|TG 8:0_8:0_28:0,[M+NH4]+,null,1.00,False,14.035,768.70758,C47H90O6,TG,PHHBNNKHOXPVFM-UHFFFAOYSA-N,O=C(OCC(OC(=O)CCCCCCC)COC(=O)CCCCCCCCCCCCCCCCCCCCCCCCCCC)CCCCCCC,530,False,True,False,Normalized unit: Intensity; Annotation method: Msp20260116160945_NCDK_conventional_converted_dev_1,False,False,171,0,0.00,1.00,null,null,null,-1.00,-1.00,-0.143,1081.15,P Holpie Serum 3_GD1_01_66387,768.70740:154488 769.71207:78990 770.71673:20434,null,789602,698100,797071,796893,770416.723296877,48336.4494832902
172,13.774,770.60608,no MS2: RIKEN P-VS1 ID-10129 from Cell_HEK293_WT_N_Ctr,[M+H]+,null,1.00,False,11.540,770.60260,null,Unknown,null,null,530,False,True,False,Normalized unit: Intensity; Annotation method: Msp20260116160945_NCDK_conventional_converted_dev_1,False,False,172,0,0.00,0.99,null,null,null,-1.00,-1.00,-0.133,869.61,P Holpie Serum 3_GD1_01_66387,770.60370:124394 771.60837:60220 772.61303:57446,null,898136,796126,923258,966583,896025.725078126,72351.5320444941
173,12.750,770.60638,no MS2: RIKEN P-VS1 ID-10129 from Cell_HEK293_WT_N_Ctr,[M+H]+,null,1.00,False,11.540,770.60260,null,Unknown,null,null,530,False,True,False,Normalized unit: Intensity; Annotation method: Msp20260116160945_NCDK_conventional_converted_dev_1,False,False,173,0,0.00,1.00,null,null,null,-1.00,-1.00,-0.130,1270.05,P Holpie Serum 3_GD1_01_66387,770.60327:158148 771.60794:76564 772.61261:19388,null,1143196,1016832,1193097,1238141,1147816.6750625,95546.1027669786
174,13.037,770.60748,no MS2: RIKEN P-VS1 ID-10129 from Cell_HEK293_WT_N_Ctr,[M+H]+,null,1.00,False,11.540,770.60260,null,Unknown,null,null,530,False,True,False,Normalized unit: Intensity; Annotation method: Msp20260116160945_NCDK_conventional_converted_dev_1,False,False,174,0,0.00,0.97,null,null,null,-1.00,-1.00,-0.140,811.08,P Holpie Serum 3_GD1_01_66387,770.60437:115774 771.60904:52270 772.61371:13892,null,841937,773007,871457,908636,848759.535328125,57403.1026172135
175,18.545,770.68024,no MS2: Cer 53:9;O2|Cer 15:3;O2/38:6,[M+H-H2O]+,null,1.00,False,13.116,770.68103,C53H89NO3,Cer_NS,MOZLKTOAJZPUML-UHFFFAOYSA-N,O=C(NC(CO)C(O)C=CCCC=CCCC=CCC)CCCCCCCCCCCCCCCCCCC=CCC=CCC=CCC=CCC=CCC=CCC,530,False,True,False,Normalized unit: Intensity; Annotation method: Msp20260116160945_NCDK_conventional_converted_dev_1,False,False,175,0,0.00,1.00,null,null,null,-1.00,-1.00,-0.143,1210.22,P Holpie Serum 2_GD1_01_66386,770.68103:196630 771.68570:123804 772.69037:33136,null,867197,807547,875468,916456,866667.266953118,44914.2353358273
176,16.203,772.27380,Unknown,[M+H]+,null,1.00,False,null,null,null,null,null,null,999,False,False,False,Normalized unit: Intensity,False,False,176,0,0.00,null,null,null,null,null,null,null,962.95,P Holpie Serum 5_GD1_01_66389,772.27380:123276 773.27847:85196 774.28314:0,null,1507624,1551341,1461448,1449003,1492353.96259375,46715.8600236884
177,12.577,772.58606,no MS2: DMPE 36:2|DMPE 6:0_30:2,[M+H]+,null,1.00,False,10.872,772.58508,C43H82NO8P,DMPE,AQFCIVPGTXEDJL-UHFFFAOYSA-N,O=C(OCC(OC(=O)CCCCCCCCCCCCCCCCCC=CCC=CCCCCCCC)COP(=O)(O)OCCN(C)C)CCCCC,530,False,True,False,Normalized unit: Intensity; Annotation method: Msp20260116160945_NCDK_conventional_converted_dev_1,False,False,177,0,0.00,1.00,null,null,null,-1.00,-1.00,-0.143,1524.30,P Holpie Serum 2_GD1_01_66386,772.58496:513958 773.58963:246382 774.59430:62144,null,2842412,2542134,2954576,2981426,2830137.159875,201221.229692725
178,12.360,772.58643,no MS2: NAGlySer 40:7;O2|NAGlySer 12:0;O(FA 28:6),[M+NH4]+,null,1.00,False,8.678,772.58337,C45H74N2O7,NAGlySer,DTIZCNVZWHFEOL-UHFFFAOYSA-N,O=C(OC(CCCCC)CCCCCC(=O)NCC(=O)NC(C(=O)O)CO)CCCCCCCCC=CCC=CCC=CCC=CCC=CCC=CCC,530,False,True,False,Normalized unit: Intensity; Annotation method: Msp20260116160945_NCDK_conventional_converted_dev_1,False,False,178,0,0.00,1.00,null,null,null,-1.00,-1.00,-0.143,950.37,P Holpie Serum 3_GD1_01_66387,772.58331:193814 773.58798:87238 774.59265:21452,null,1465824,1253453,1546243,1544317,1452459.04178125,137859.167703627
179,13.965,772.62201,no MS2: PC O-36:2|PC O-8:0_28:2,[M+H]+,null,1.00,False,11.247,772.62152,C44H86NO7P,EtherPC,MFLNWJCWDLDCLH-UHFFFAOYSA-N,O=C(OC(COCCCCCCCC)COP(=O)([O-])OCC[N+](C)(C)C)CCCCCCCCCCCCCCCC=CCC=CCCCCCCC,530,False,True,False,Normalized unit: Intensity; Annotation method: Msp20260116160945_NCDK_conventional_converted_dev_1,False,False,179,0,0.00,1.00,null,null,null,-1.00,-1.00,-0.144,936.97,P Holpie Serum 2_GD1_01_66386,772.62109:137338 773.62576:64906 774.63043:15978,null,833402,725598,857108,862503,819652.630421876,63964.6670301194
180,14.650,773.65314,no MS2: SM 39:1;O2|SM 12:1;O2/27:0,[M+H]+,null,1.00,False,11.110,773.65308,C44H89N2O6P,SM,LBBHHYRFVVPTSY-UHFFFAOYSA-N,O=C(NC(COP(=O)([O-])OCC[N+](C)(C)C)C(O)C=CCCCCCCC)CCCCCCCCCCCCCCCCCCCCCCCCCC,530,False,True,False,Normalized unit: Intensity; Annotation method: Msp20260116160945_NCDK_conventional_converted_dev_1,False,False,180,0,0.00,1.00,null,null,null,-1.00,-1.00,-0.143,656.45,P Holpie Serum 5_GD1_01_66389,773.65314:323804 774.65780:158226 775.66247:39294,null,1820099,1571886,1886870,1914866,1798430.12665625,156173.73477801
181,6.565,774.56348,no MS2: TG 46:11|TG 8:1_16:4_22:6,[M+NH4]+,null,1.00,False,11.665,774.56671,C49H72O6,TG,YEILBZXUULCYAC-UHFFFAOYSA-N,O=C(OCC(OC(=O)CCC=CCC=CCC=CCC=CCC)COC(=O)CCC=CCCC)CCC=CCC=CCC=CCC=CCC=CCC=CCC,530,False,True,False,Normalized unit: Intensity; Annotation method: Msp20260116160945_NCDK_conventional_converted_dev_1,False,False,181,0,0.00,0.97,null,null,null,-1.00,-1.00,-0.156,569.89,P Holpie Serum 2_GD1_01_66386,774.56494:152708 775.56961:68790 776.57428:19474,null,887506,774314,892975,921404,869050.051828125,64881.5599895379
182,6.913,774.56384,no MS2: TG 46:11|TG 8:1_16:4_22:6,[M+NH4]+,null,1.00,False,11.665,774.56671,C49H72O6,TG,YEILBZXUULCYAC-UHFFFAOYSA-N,O=C(OCC(OC(=O)CCC=CCC=CCC=CCC=CCC)COC(=O)CCC=CCCC)CCC=CCC=CCC=CCC=CCC=CCC=CCC,530,False,True,False,Normalized unit: Intensity; Annotation method: Msp20260116160945_NCDK_conventional_converted_dev_1,False,False,182,0,0.00,0.97,null,null,null,-1.00,-1.00,-0.159,539.49,P Holpie Serum 4_GD1_01_66388,774.56476:145864 775.56943:64274 776.57409:17074,null,840410,711090,841734,826909,805035.776296875,62987.7916512271
183,13.618,774.60132,no MS2: DMPE 36:1|DMPE 5:0_31:1,[M+H]+,null,1.00,False,12.043,774.60071,C43H84NO8P,DMPE,DPPXPNPITQVOFM-UHFFFAOYSA-N,O=C(OCC(OC(=O)CCCCCCCCCCCCCCCCCCC=CCCCCCCCCCC)COP(=O)(O)OCCN(C)C)CCCC,530,False,True,False,Normalized unit: Intensity; Annotation method: Msp20260116160945_NCDK_conventional_converted_dev_1,False,False,183,0,0.00,1.00,null,null,null,-1.00,-1.00,-0.143,878.59,P Holpie Serum 2_GD1_01_66386,774.60101:174430 775.60568:82718 776.61035:21444,null,1200795,1060660,1207511,1263262,1183057.04098438,86268.0549711612
184,11.831,780.55377,no MS2: DMPE 37:5|DMPE 5:0_32:5,[M+H]+,null,1.00,False,9.141,780.55377,C44H78NO8P,DMPE,UFMBOMNSZABXBI-UHFFFAOYSA-N,O=C(OCC(OC(=O)CCCCCCCCCCCCCCCC=CCC=CCC=CCC=CCC=CCC)COP(=O)(O)OCCN(C)C)CCCC,530,False,True,False,Normalized unit: Intensity; Annotation method: Msp20260116160945_NCDK_conventional_converted_dev_1,False,False,184,0,0.00,1.00,null,null,null,-1.00,-1.00,-0.143,1046.90,P Holpie Serum 5_GD1_01_66389,780.55377:794184 781.55844:362238 782.56311:132980,null,5142696,5058883,5297262,5439354,5234548.83924999,168496.62108044
185,10.334,780.55444,no MS2: NAGlySer 41:10;O2|NAGlySer 15:3;O(FA 26:6),[M+NH4]+,null,1.00,False,8.247,780.55212,C46H70N2O7,NAGlySer,QJXPKYVYSTZUAR-UHFFFAOYSA-N,O=C(OC(C=CCC=CCC=CCC)CCCC(=O)NCC(=O)NC(C(=O)O)CO)CCCCCCC=CCC=CCC=CCC=CCC=CCC=CCC,530,False,True,False,Normalized unit: Intensity; Annotation method: Msp20260116160945_NCDK_conventional_converted_dev_1,False,False,185,0,0.00,1.00,null,null,null,-1.00,-1.00,-0.143,1240.27,P Holpie Serum 3_GD1_01_66387,780.55225:901726 781.55691:443066 782.56158:115416,null,6319200,5466123,6356834,6652118,6198568.54995312,510484.653549968
186,12.984,782.56915,no MS2: NAGlySer 41:9;O2|NAGlySer 15:2;O(FA 26:6),[M+NH4]+,null,1.00,False,7.892,782.56781,C46H72N2O7,NAGlySer,JMCCZEKHWHPGJT-UHFFFAOYSA-N,O=C(OC(C=CCC=CCCC)CCCCCC(=O)NCC(=O)NC(C(=O)O)CO)CCCCCCC=CCC=CCC=CCC=CCC=CCC=CCC,530,False,True,False,Normalized unit: Intensity; Annotation method: Msp20260116160945_NCDK_conventional_converted_dev_1,False,False,186,0,0.00,1.00,null,null,null,-1.00,-1.00,-0.143,570.57,P Holpie Serum 2_GD1_01_66386,782.56781:352090 783.57248:170522 784.57715:41422,null,2293974,2129947,2514470,2507745,2361533.98740625,185260.087216271
187,10.599,782.57104,no MS2: NAGlySer 41:9;O2|NAGlySer 15:2;O(FA 26:6),[M+NH4]+,null,1.00,False,7.892,782.56781,C46H72N2O7,NAGlySer,JMCCZEKHWHPGJT-UHFFFAOYSA-N,O=C(OC(C=CCC=CCCC)CCCCCC(=O)NCC(=O)NC(C(=O)O)CO)CCCCCCC=CCC=CCC=CCC=CCC=CCC=CCC,530,False,True,False,Normalized unit: Intensity; Annotation method: Msp20260116160945_NCDK_conventional_converted_dev_1,False,False,187,0,0.00,1.00,null,null,null,-1.00,-1.00,-0.144,2153.44,P Holpie Serum 2_GD1_01_66386,782.56842:1411138 783.57309:682150 784.57776:175398,null,9403426,8616867,9726501,10113499,9465073.2505,635624.195242564
188,11.098,782.57135,no MS2: DMPE 37:4|DMPE 5:0_32:4,[M+H]+,null,1.00,False,9.233,782.56940,C44H80NO8P,DMPE,CPCUZPPRBXVYNM-UHFFFAOYSA-N,O=C(OCC(OC(=O)CCCCCCCCCCCCCCCCCCC=CCC=CCC=CCC=CCC)COP(=O)(O)OCCN(C)C)CCCC,530,False,True,False,Normalized unit: Intensity; Annotation method: Msp20260116160945_NCDK_conventional_converted_dev_1,False,False,188,0,0.00,1.00,null,null,null,-1.00,-1.00,-0.144,819.44,P Holpie Serum 2_GD1_01_66386,782.56897:194018 783.57364:96092 784.57831:24010,null,1309107,1170773,1400308,1391940,1318031.94095312,106452.74923716
189,11.553,782.57263,no MS2: DMPE 37:4|DMPE 5:0_32:4,[M+H]+,null,1.00,False,9.233,782.56940,C44H80NO8P,DMPE,CPCUZPPRBXVYNM-UHFFFAOYSA-N,O=C(OCC(OC(=O)CCCCCCCCCCCCCCCCCCC=CCC=CCC=CCC=CCC)COP(=O)(O)OCCN(C)C)CCCC,530,False,True,False,Normalized unit: Intensity; Annotation method: Msp20260116160945_NCDK_conventional_converted_dev_1,False,False,189,0,0.00,1.00,null,null,null,-1.00,-1.00,-0.143,76975.89,P Holpie Serum 3_GD1_01_66387,782.56934:11277786 783.57400:6007676 784.57867:1598384,null,77249712,70743918,77440654,78891639,76081480.7855938,3633119.77979876
190,11.553,782.72748,no MS2: TG 45:0|TG 8:0_8:0_29:0,[M+NH4]+,null,1.00,False,14.092,782.72321,C48H92O6,TG,PRPRFFOYMLCWLQ-UHFFFAOYSA-N,O=C(OCC(OC(=O)CCCCCCC)COC(=O)CCCCCCCCCCCCCCCCCCCCCCCCCCCC)CCCCCCC,530,False,True,False,Normalized unit: Intensity; Annotation method: Msp20260116160945_NCDK_conventional_converted_dev_1,False,False,190,0,0.00,0.99,null,null,null,-1.00,-1.00,-0.149,1682.68,P Holpie Serum 3_GD1_01_66387,782.72443:194880 783.72909:81466 784.73376:3978,null,1076512,992985,1134873,1164101,1092117.879625,75455.323569428
191,11.553,782.84686,Unknown,[M+H]+,null,1.00,False,null,null,null,null,null,null,999,False,False,False,Normalized unit: Intensity,False,False,191,0,0.00,null,null,null,null,null,null,null,2082.01,P Holpie Serum 5_GD1_01_66389,782.84686:197900 783.85153:111944 784.85620:0,null,1086425,1010583,1137202,1144530,1094684.96039063,61734.6712404214
192,11.553,782.96613,Unknown,[M+H]+,null,0.25,False,null,null,null,null,null,null,999,False,False,False,Normalized unit: Intensity,False,False,192,0,0.00,null,null,null,null,null,null,null,909.28,P Holpie Serum 2_GD1_01_66386,782.96613:81102 783.97079:17204 784.97546:0,null,368718,374399,272457,193002,302143.988328126,86499.146963085
193,11.552,782.98383,Unknown,[M+H]+,null,0.50,False,null,null,null,null,null,null,999,False,False,False,Normalized unit: Intensity,False,False,193,0,0.00,null,null,null,null,null,null,null,998.45,P Holpie Serum 4_GD1_01_66388,782.98383:93882 783.98849:0 784.99316:0,null,195947,121491,311426,309813,234669.169015625,92820.6832239761
194,12.681,784.58624,no MS2: NAGlySer 41:8;O2|NAGlySer 13:1;O(FA 28:6),[M+NH4]+,null,1.00,False,8.647,784.58337,C46H74N2O7,NAGlySer,GYELLSMDYMJSGU-UHFFFAOYSA-N,O=C(OC(C=CCCC)CCCCCCC(=O)NCC(=O)NC(C(=O)O)CO)CCCCCCCCC=CCC=CCC=CCC=CCC=CCC=CCC,530,False,True,False,Normalized unit: Intensity; Annotation method: Msp20260116160945_NCDK_conventional_converted_dev_1,False,False,194,0,0.00,1.00,null,null,null,-1.00,-1.00,-0.143,519.12,P Holpie Serum 3_GD1_01_66387,784.58319:127116 785.58786:61964 786.59253:17374,null,928804,857464,996588,1036082,954734.430874999,78534.8727298267
195,12.212,784.58691,no MS2: DMPE 37:3|DMPE 5:0_32:3,[M+H]+,null,1.00,False,9.841,784.58508,C44H82NO8P,DMPE,KTPQRINJOWGTIA-UHFFFAOYSA-N,O=C(OCC(OC(=O)CCCCCCCCCCCCCCCCC=CCC=CCC=CCCCCCCC)COP(=O)(O)OCCN(C)C)CCCC,530,False,True,False,Normalized unit: Intensity; Annotation method: Msp20260116160945_NCDK_conventional_converted_dev_1,False,False,195,0,0.00,1.00,null,null,null,-1.00,-1.00,-0.143,30465.57,P Holpie Serum 2_GD1_01_66386,784.58478:6918312 785.58945:3204710 786.59411:888908,null,43108306,39903714,44253194,46918235,43545862.163125,2905736.74026905
196,11.935,784.58716,no MS2: NAGlySer 41:8;O2|NAGlySer 13:1;O(FA 28:6),[M+NH4]+,null,1.00,False,8.647,784.58337,C46H74N2O7,NAGlySer,GYELLSMDYMJSGU-UHFFFAOYSA-N,O=C(OC(C=CCCC)CCCCCCC(=O)NCC(=O)NC(C(=O)O)CO)CCCCCCCCC=CCC=CCC=CCC=CCC=CCC=CCC,530,False,True,False,Normalized unit: Intensity; Annotation method: Msp20260116160945_NCDK_conventional_converted_dev_1,False,False,196,0,0.00,1.00,null,null,null,-1.00,-1.00,-0.143,16721.79,P Holpie Serum 3_GD1_01_66387,784.58344:3344922 785.58810:1571856 786.59277:425456,null,23869198,21810103,23943188,25634864,23814338.3682813,1565341.83592879
197,12.212,784.74304,Unknown,[M+2H]2+,null,1.00,False,null,null,null,null,null,null,999,False,False,False,Normalized unit: Intensity,False,False,197,0,0.00,null,null,null,null,null,null,null,521.70,P Holpie Serum 4_GD1_01_66388,784.74304:125740 785.74771:40078 786.75238:2426,null,461243,367505,548189,539313,479062.610062501,84006.0994951269
198,12.212,784.85834,Unknown,[M+H]+,null,1.00,False,null,null,null,null,null,null,999,False,False,False,Normalized unit: Intensity,False,False,198,0,0.00,null,null,null,null,null,null,null,945.40,P Holpie Serum 5_GD1_01_66389,784.85834:128094 785.86301:31718 786.86767:2026,null,544594,460484,593707,619521,554576.570078126,70004.646564949
199,11.934,785.26190,Unknown,[M+H]+,null,0.75,False,null,null,null,null,null,null,999,False,False,False,Normalized unit: Intensity,False,False,199,0,0.00,null,null,null,null,null,null,null,600.18,P Holpie Serum 5_GD1_01_66389,785.26190:105168 786.26657:14738 787.27124:928,null,312306,243607,394671,438789,347343.399234376,86777.7652814201
200,14.017,785.65314,no MS2: SM 40:2;O2|SM 12:1;O2/28:1,[M+H]+,null,1.00,False,10.853,785.65308,C45H89N2O6P,SM,ZHZLSBZCLWXQLV-UHFFFAOYSA-N,O=C(NC(COP(=O)([O-])OCC[N+](C)(C)C)C(O)C=CCCCCCCC)CCCCCCCCCCCCCCCCCC=CCCCCCCCC,530,False,True,False,Normalized unit: Intensity; Annotation method: Msp20260116160945_NCDK_conventional_converted_dev_1,False,False,200,0,0.00,1.00,null,null,null,-1.00,-1.00,-0.143,1402.72,P Holpie Serum 5_GD1_01_66389,785.65314:384764 786.65780:187800 787.66247:48294,null,1975829,1737587,2125889,2088682,1981996.98026562,174986.501681577
201,14.190,785.65424,no MS2: SM 40:2;O2|SM 12:1;O2/28:1,[M+H]+,null,1.00,False,10.853,785.65308,C45H89N2O6P,SM,ZHZLSBZCLWXQLV-UHFFFAOYSA-N,O=C(NC(COP(=O)([O-])OCC[N+](C)(C)C)C(O)C=CCCCCCCC)CCCCCCCCCCCCCCCCCC=CCCCCCCCC,530,False,True,False,Normalized unit: Intensity; Annotation method: Msp20260116160945_NCDK_conventional_converted_dev_1,False,False,201,0,0.00,1.00,null,null,null,-1.00,-1.00,-0.143,4110.58,P Holpie Serum 2_GD1_01_66386,785.65302:1156588 786.65768:599240 787.66235:147482,null,6515986,5655731,6906192,6976640,6513637.04776565,606761.595198111
202,12.212,786.26514,Unknown,[M+H]+,null,0.25,False,null,null,null,null,null,null,999,False,False,False,Normalized unit: Intensity,False,False,202,0,0.00,null,null,null,null,null,null,null,599.78,P Holpie Serum 5_GD1_01_66389,786.26514:80034 787.26980:3688 788.27447:1652,null,262872,213913,278819,288839,261110.870234375,33232.4986238963
203,13.236,786.60419,no MS2: Cer 51:12;O4|Cer 12:1;O2/39:11;O2,[M+H]+,null,1.00,False,11.046,786.60309,C51H79NO5,Cer_EOS,MLGJHRAHIPLDHN-UHFFFAOYSA-N,O=C(OCCC=CCC=CCC=CCC=CCCCC(=O)NC(CO)C(O)C=CCCCCCCC)CCC=CCC=CCC=CCC=CCC=CCC=CCC,530,False,True,False,Normalized unit: Intensity; Annotation method: Msp20260116160945_NCDK_conventional_converted_dev_1,False,False,203,0,0.00,1.00,null,null,null,-1.00,-1.00,-0.143,58089.21,P Holpie Serum 4_GD1_01_66388,786.60339:13512336 787.60806:10378362 788.61273:2744742,null,97500187,92173227,98507439,100922597,97275862.3369375,3692454.73462561
204,13.236,786.75922,Unknown,[M+2H]2+,null,1.00,False,null,null,null,null,null,null,999,False,False,False,Normalized unit: Intensity,False,False,204,0,0.00,null,null,null,null,null,null,null,2163.10,P Holpie Serum 5_GD1_01_66389,786.75922:286200 787.76388:152598 788.76855:9158,null,1409867,1294051,1562505,1636465,1475721.8924375,153525.767492373
205,13.240,786.87946,Unknown,[M+H]+,null,1.00,False,null,null,null,null,null,null,999,False,False,False,Normalized unit: Intensity,False,False,205,0,0.00,null,null,null,null,null,null,null,2336.33,P Holpie Serum 5_GD1_01_66389,786.87946:247730 787.88412:136774 788.88879:0,null,1439898,1342725,1493840,1512319,1447195.49525,76122.836576083
206,13.240,787.01678,Unknown,[M+H]+,null,1.00,False,null,null,null,null,null,null,999,False,False,False,Normalized unit: Intensity,False,False,206,0,0.00,null,null,null,null,null,null,null,1352.61,P Holpie Serum 4_GD1_01_66388,787.01678:138902 788.02145:0 789.02612:0,null,516869,475641,602831,547929,535817.551375,53596.7184999412
207,15.162,787.66901,no MS2: SM 40:1;O2|SM 12:1;O2/28:0,[M+H]+,null,1.00,False,12.194,787.66882,C45H91N2O6P,SM,QHMKUNDEIJYLPC-UHFFFAOYSA-N,O=C(NC(COP(=O)([O-])OCC[N+](C)(C)C)C(O)C=CCCCCCCC)CCCCCCCCCCCCCCCCCCCCCCCCCCC,530,False,True,False,Normalized unit: Intensity; Annotation method: Msp20260116160945_NCDK_conventional_converted_dev_1,False,False,207,0,0.00,1.00,null,null,null,-1.00,-1.00,-0.143,5677.82,P Holpie Serum 5_GD1_01_66389,787.66901:2242116 788.67367:1092148 789.67834:290384,null,11685213,10166181,11840308,12666595,11589574.0598906,1042119.23976266
208,14.195,788.61694,no MS2: DMPE 37:1|DMPE 5:0_32:1,[M+H]+,null,1.00,False,12.658,788.61639,C44H86NO8P,DMPE,UUVHRGQBUHHGHP-UHFFFAOYSA-N,O=C(OCC(OC(=O)CCCCCCCCCCCCCCCCCCCCCC=CCCCCCCCC)COP(=O)(O)OCCN(C)C)CCCC,530,False,True,False,Normalized unit: Intensity; Annotation method: Msp20260116160945_NCDK_conventional_converted_dev_1,False,False,208,0,0.00,1.00,null,null,null,-1.00,-1.00,-0.143,15524.34,P Holpie Serum 2_GD1_01_66386,788.61621:3250100 789.62088:1573920 790.62555:393498,null,19426100,16781764,19472770,20272289,18988230.775125,1521381.94108305
209,11.692,790.57629,no MS2: PC O-38:7|PC O-10:0_28:7,[M+H]+,null,1.00,False,9.837,790.57452,C46H80NO7P,EtherPC,UUNPNPNQDISOCV-UHFFFAOYSA-N,O=C(OC(COCCCCCCCCCC)COP(=O)([O-])OCC[N+](C)(C)C)CCCCCC=CCC=CCC=CCC=CCC=CCC=CCC=CCC,530,False,True,False,Normalized unit: Intensity; Annotation method: Msp20260116160945_NCDK_conventional_converted_dev_1,False,False,209,0,0.00,0.99,null,null,null,-1.00,-1.00,-0.146,307.41,P Holpie Serum 2_GD1_01_66386,790.57367:102648 791.57834:50042 792.58300:13476,null,576508,500279,591280,606491,568639.540656251,47188.8542913083
210,12.256,792.59155,no MS2: Cer 53:14;O4|Cer 12:2;O2/41:12;O2,[M+H-H2O]+,null,1.00,False,11.258,792.59253,C53H79NO5,Cer_EOS,YORWMDJEVOZALX-UHFFFAOYSA-N,O=C(OCCC=CCC=CCC=CCC=CCC=CCCC(=O)NC(CO)C(O)C=CCCC=CCCC)CCC=CCC=CCC=CCC=CCC=CCC=CCC,530,False,True,False,Normalized unit: Intensity; Annotation method: Msp20260116160945_NCDK_conventional_converted_dev_1,False,False,210,0,0.00,1.00,null,null,null,-1.00,-1.00,-0.143,752.42,P Holpie Serum 4_GD1_01_66388,792.59216:138118 793.59683:71606 794.60150:20414,null,1369623,1225082,1372130,1428498,1348833.53871875,86863.4030965931
211,11.970,792.59198,no MS2: Cer 53:14;O4|Cer 12:2;O2/41:12;O2,[M+H-H2O]+,null,1.00,False,11.258,792.59253,C53H79NO5,Cer_EOS,YORWMDJEVOZALX-UHFFFAOYSA-N,O=C(OCCC=CCC=CCC=CCC=CCC=CCCC(=O)NC(CO)C(O)C=CCCC=CCCC)CCC=CCC=CCC=CCC=CCC=CCC=CCC,530,False,True,False,Normalized unit: Intensity; Annotation method: Msp20260116160945_NCDK_conventional_converted_dev_1,False,False,211,0,0.00,1.00,null,null,null,-1.00,-1.00,-0.144,645.06,P Holpie Serum 5_GD1_01_66389,792.59198:146552 793.59665:73934 794.60132:20308,null,790965,703680,757158,791453,760814.017375001,41333.7744505591
212,18.233,792.70728,no MS2: TG 46:2|TG 8:0_8:0_30:2,[M+NH4]+,null,1.00,False,13.763,792.70758,C49H90O6,TG,VNWIDJKCIMPSPM-UHFFFAOYSA-N,O=C(OCC(OC(=O)CCCCCCC)COC(=O)CCCCCCCCCCCCCCCCCC=CCC=CCCCCCCC)CCCCCCC,530,False,True,False,Normalized unit: Intensity; Annotation method: Msp20260116160945_NCDK_conventional_converted_dev_1,False,False,212,0,0.00,1.00,null,null,null,-1.00,-1.00,-0.143,1213.01,P Holpie Serum 3_GD1_01_66387,792.70740:166868 793.71207:86246 794.71673:27356,null,1156816,1027461,1194268,1209850,1147098.90645311,82805.6931812609
213,13.527,794.60712,no MS2: PC O-38:5|PC O-10:0_28:5,[M+H]+,null,1.00,False,10.330,794.60577,C46H84NO7P,EtherPC,XDRAHGUDUSFGRJ-UHFFFAOYSA-N,O=C(OC(COCCCCCCCCCC)COP(=O)([O-])OCC[N+](C)(C)C)CCCCCCCCCCCC=CCC=CCC=CCC=CCC=CCC,530,False,True,False,Normalized unit: Intensity; Annotation method: Msp20260116160945_NCDK_conventional_converted_dev_1,False,False,213,0,0.00,1.00,null,null,null,-1.00,-1.00,-0.144,1076.90,P Holpie Serum 2_GD1_01_66386,794.60535:239468 795.61001:117552 796.61468:33582,null,1321281,1160854,1392862,1415728,1322681.21770313,115141.677344539
214,12.490,794.60718,no MS2: PC O-38:5|PC O-10:0_28:5,[M+H]+,null,1.00,False,10.330,794.60577,C46H84NO7P,EtherPC,XDRAHGUDUSFGRJ-UHFFFAOYSA-N,O=C(OC(COCCCCCCCCCC)COP(=O)([O-])OCC[N+](C)(C)C)CCCCCCCCCCCC=CCC=CCC=CCC=CCC=CCC,530,False,True,False,Normalized unit: Intensity; Annotation method: Msp20260116160945_NCDK_conventional_converted_dev_1,False,False,214,0,0.00,1.00,null,null,null,-1.00,-1.00,-0.144,3845.03,P Holpie Serum 2_GD1_01_66386,794.60529:858358 795.60995:431388 796.61462:109088,null,5414157,4560327,5121696,5663219,5189849.88,474459.677538887
215,13.166,794.60760,no MS2: Cer 53:13;O4|Cer 12:1;O2/41:12;O2,[M+H-H2O]+,null,0.50,False,11.457,794.60822,C53H81NO5,Cer_EOS,YEVFKSXFLMDVFI-UHFFFAOYSA-N,O=C(OCCC=CCC=CCC=CCC=CCC=CCCC(=O)NC(CO)C(O)C=CCCCCCCC)CCC=CCC=CCC=CCC=CCC=CCC=CCC,530,False,True,False,Normalized unit: Intensity; Annotation method: Msp20260116160945_NCDK_conventional_converted_dev_1,False,False,215,0,0.00,1.00,null,null,null,-1.00,-1.00,-0.144,321.80,P Holpie Serum 5_GD1_01_66389,794.60760:76566 795.61227:37384 796.61694:19286,null,441747,390742,461367,468796,440663.03734375,35182.138388552
216,18.719,794.72321,no MS2: TG 46:1|TG 8:0_8:0_30:1,[M+NH4]+,null,1.00,False,14.163,794.72321,C49H92O6,TG,NMHMTWQHQHBCQY-UHFFFAOYSA-N,O=C(OCC(OC(=O)CCCCCCC)COC(=O)CCCCCCCCCCCCCCCCCCCC=CCCCCCCCC)CCCCCCC,530,False,True,False,Normalized unit: Intensity; Annotation method: Msp20260116160945_NCDK_conventional_converted_dev_1,False,False,216,0,0.00,1.00,null,null,null,-1.00,-1.00,-0.143,3294.71,P Holpie Serum 4_GD1_01_66388,794.72321:605984 795.72787:325978 796.73254:93500,null,2716832,2406365,2813565,2808916,2686419.66050001,191943.302068959
217,11.831,796.52826,no MS2: PE O-42:11|PE O-16:4_26:7,[M+K]+,null,1.00,False,8.910,796.52759,C47H74NO7P,EtherPE,NVRPODRXMPTRAE-UHFFFAOYSA-N,O=C(OC(COCCCC=CCC=CCC=CCC=CCC)COP(=O)(O)OCCN)CCCC=CCC=CCC=CCC=CCC=CCC=CCC=CCC,530,False,True,False,Normalized unit: Intensity; Annotation method: Msp20260116160945_NCDK_conventional_converted_dev_1,False,False,217,0,0.00,1.00,null,null,null,-1.00,-1.00,-0.145,174.08,P Holpie Serum 5_GD1_01_66389,796.52826:71498 797.53293:29548 798.53759:10494,null,436842,423764,452645,486101,449837.990765625,26904.9366620257
218,12.325,796.58710,no MS2: PC 35:1,[M+Na]+,null,1.00,False,10.173,796.58270,C43H84NO8P,PC,UDFVSWVZXSXCNP-UHFFFAOYSA-N,O=C(OCC(OC(=O)CCCCCCCCCCCCCCCCCCCC=CCCCCCCCC)COP(=O)([O-])OCC[N+](C)(C)C)CCCC,530,False,True,False,Normalized unit: Intensity; Annotation method: Msp20260116160945_NCDK_conventional_converted_dev_1,False,False,218,0,0.00,1.00,null,null,null,-1.00,-1.00,-0.143,544.37,P Holpie Serum 3_GD1_01_66387,796.58301:183806 797.58768:88220 798.59234:23604,null,1100657,978062,1178412,1203822,1115237.89964063,101436.254750221
219,12.100,796.58728,no MS2: Cer 52:14;O4|Cer 12:2;O2/40:12;O2,[M+H]+,null,1.00,False,10.834,796.58752,C52H77NO5,Cer_EOS,HDXYLXCGPNJUJA-UHFFFAOYSA-N,O=C(OCCC=CCC=CCC=CCC=CCC=CCC(=O)NC(CO)C(O)C=CCCC=CCCC)CCC=CCC=CCC=CCC=CCC=CCC=CCC,530,False,True,False,Normalized unit: Intensity; Annotation method: Msp20260116160945_NCDK_conventional_converted_dev_1,False,False,219,0,0.00,1.00,null,null,null,-1.00,-1.00,-0.143,195.49,P Holpie Serum 4_GD1_01_66388,796.58728:94494 797.59195:45692 798.59662:12758,null,563314,534156,641503,628031,591751.093921874,51372.3193921852
220,13.739,796.62219,no MS2: RIKEN P-VS1 ID-11139 from Cell_HeLa_WT_N_Ctr,[M+H]+,null,1.00,False,11.590,796.61792,null,Unknown,null,null,530,False,True,False,Normalized unit: Intensity; Annotation method: Msp20260116160945_NCDK_conventional_converted_dev_1,False,False,220,0,0.00,0.97,null,null,null,-1.00,-1.00,-0.141,1553.77,P Holpie Serum 3_GD1_01_66387,796.61981:428574 797.62448:219282 798.62915:59512,null,2703122,2309960,2760543,2829683,2650826.97712501,233060.879656997
221,13.079,796.62280,no MS2: Cer 53:12;O4|Cer 12:1;O2/41:11;O2,[M+H-H2O]+,null,0.25,False,11.719,796.62378,C53H83NO5,Cer_EOS,YDMGEUIMAAJUJM-UHFFFAOYSA-N,O=C(OCCC=CCC=CCC=CCC=CCCCCCC(=O)NC(CO)C(O)C=CCCCCCCC)CCC=CCC=CCC=CCC=CCC=CCC=CCC,530,False,True,False,Normalized unit: Intensity; Annotation method: Msp20260116160945_NCDK_conventional_converted_dev_1,False,False,221,0,0.00,0.99,null,null,null,-1.00,-1.00,-0.147,156.41,P Holpie Serum 5_GD1_01_66389,796.62280:82334 797.62747:39870 798.63214:10758,null,517852,464845,536789,546390,516469.295921875,36401.1851355121
222,13.392,796.62286,no MS2: RIKEN P-VS1 ID-11139 from Cell_HeLa_WT_N_Ctr,[M+H]+,null,1.00,False,11.590,796.61792,null,Unknown,null,null,530,False,True,False,Normalized unit: Intensity; Annotation method: Msp20260116160945_NCDK_conventional_converted_dev_1,False,False,222,0,0.00,0.98,null,null,null,-1.00,-1.00,-0.140,349.22,P Holpie Serum 3_GD1_01_66387,796.61969:104704 797.62436:48742 798.62903:14518,null,813154,730583,874208,891089,827258.677140625,72626.2002168839
223,19.222,796.73834,no MS2: TG 46:0|TG 8:0_8:0_30:0,[M+NH4]+,null,1.00,False,14.486,796.73889,C49H94O6,TG,RBULVXCVDAPDHO-UHFFFAOYSA-N,O=C(OCC(OC(=O)CCCCCCC)COC(=O)CCCCCCCCCCCCCCCCCCCCCCCCCCCCC)CCCCCCC,530,False,True,False,Normalized unit: Intensity; Annotation method: Msp20260116160945_NCDK_conventional_converted_dev_1,False,False,223,0,0.00,1.00,null,null,null,-1.00,-1.00,-0.143,979.95,P Holpie Serum 3_GD1_01_66387,796.73889:331748 797.74356:194634 798.74823:51578,null,1743384,1585176,1742453,1760404,1707854.54389062,82200.6221095026
224,6.795,798.56384,no MS2: TG 48:13|TG 15:4_15:4_18:5,[M+NH4]+,null,0.75,False,12.087,798.56671,C51H72O6,TG,RLWVOESMQPXHOK-UHFFFAOYSA-N,O=C(OCC(OC(=O)CC=CCC=CCC=CCC=CCC)COC(=O)CC=CCC=CCC=CCC=CCC)CC=CCC=CCC=CCC=CCC=CCC,530,False,True,False,Normalized unit: Intensity; Annotation method: Msp20260116160945_NCDK_conventional_converted_dev_1,False,False,224,0,0.00,0.99,null,null,null,-1.00,-1.00,-0.150,162.13,P Holpie Serum 4_GD1_01_66388,798.56537:72266 799.57004:34314 800.57470:17270,null,429800,364356,424581,434979,413428.91325,32989.6774787987
225,8.021,798.56445,no MS2: TG 48:13|TG 15:4_15:4_18:5,[M+NH4]+,null,0.50,False,12.087,798.56671,C51H72O6,TG,RLWVOESMQPXHOK-UHFFFAOYSA-N,O=C(OCC(OC(=O)CC=CCC=CCC=CCC=CCC)COC(=O)CC=CCC=CCC=CCC=CCC)CC=CCC=CCC=CCC=CCC=CCC,530,False,True,False,Normalized unit: Intensity; Annotation method: Msp20260116160945_NCDK_conventional_converted_dev_1,False,False,225,0,0.00,0.96,null,null,null,-1.00,-1.00,-0.162,184.14,P Holpie Serum 5_GD1_01_66389,798.56445:104626 799.56912:49628 800.57379:23704,null,672908,609018,667741,688241,659476.837468749,34747.2440775767
226,5.379,798.58765,no MS2: RIKEN P-VS1 ID-11218 from Mouse_Heart_WT_N_F1,[2M+NH4]+,null,1.00,False,10.700,798.58521,null,Unknown,null,null,530,False,True,False,Normalized unit: Intensity; Annotation method: Msp20260116160945_NCDK_conventional_converted_dev_1,False,False,226,0,0.00,1.00,null,null,null,-1.00,-1.00,-0.130,392.54,P Holpie Serum 3_GD1_01_66387,798.58594:124012 799.59061:63362 800.59527:17894,null,521430,431068,526933,537395,504206.71915625,49206.6489409288
227,12.915,798.60205,no MS2: NAGlySer 42:8;O2|NAGlySer 14:1;O(FA 28:6),[M+NH4]+,null,1.00,False,8.098,798.59912,C47H76N2O7,NAGlySer,QEWYAQHVYAXIAO-UHFFFAOYSA-N,O=C(OC(C=CCCCC)CCCCCCC(=O)NCC(=O)NC(C(=O)O)CO)CCCCCCCCC=CCC=CCC=CCC=CCC=CCC=CCC,530,False,True,False,Normalized unit: Intensity; Annotation method: Msp20260116160945_NCDK_conventional_converted_dev_1,False,False,227,0,0.00,1.00,null,null,null,-1.00,-1.00,-0.143,111.88,P Holpie Serum 3_GD1_01_66387,798.59900:84010 799.60367:40712 800.60833:10154,null,525543,483559,563190,568895,535296.810953124,39491.4913594262
228,14.572,799.66907,no MS2: SM 41:2;O2|SM 12:1;O2/29:1,[M+H]+,null,1.00,False,11.389,799.66882,C46H91N2O6P,SM,MUJUIOOFUNCSJZ-UHFFFAOYSA-N,O=C(NC(COP(=O)([O-])OCC[N+](C)(C)C)C(O)C=CCCCCCCC)CCCCCCCCCCCCCCC=CCCCCCCCCCCCC,530,False,True,False,Normalized unit: Intensity; Annotation method: Msp20260116160945_NCDK_conventional_converted_dev_1,False,False,228,0,0.00,1.00,null,null,null,-1.00,-1.00,-0.143,379.83,P Holpie Serum 5_GD1_01_66389,799.66907:249134 800.67374:126816 801.67840:31210,null,1127413,1000485,1200830,1211419,1135036.74382812,97168.8801101707
229,14.732,799.66925,no MS2: SM 41:2;O2|SM 12:1;O2/29:1,[M+H]+,null,1.00,False,11.389,799.66882,C46H91N2O6P,SM,MUJUIOOFUNCSJZ-UHFFFAOYSA-N,O=C(NC(COP(=O)([O-])OCC[N+](C)(C)C)C(O)C=CCCCCCCC)CCCCCCCCCCCCCCC=CCCCCCCCCCCCC,530,False,True,False,Normalized unit: Intensity; Annotation method: Msp20260116160945_NCDK_conventional_converted_dev_1,False,False,229,0,0.00,1.00,null,null,null,-1.00,-1.00,-0.144,743.76,P Holpie Serum 5_GD1_01_66389,799.66925:438414 800.67392:217406 801.67859:56722,null,2579772,2228325,2641907,2791114,2560279.49979687,238412.368545319
230,15.630,801.68481,no MS2: SM 41:1;O2|SM 12:1;O2/29:0,[M+H]+,null,1.00,False,12.823,801.68439,C46H93N2O6P,SM,BLDDOFPGXMISDI-UHFFFAOYSA-N,O=C(NC(COP(=O)([O-])OCC[N+](C)(C)C)C(O)C=CCCCCCCC)CCCCCCCCCCCCCCCCCCCCCCCCCCCC,530,False,True,False,Normalized unit: Intensity; Annotation method: Msp20260116160945_NCDK_conventional_converted_dev_1,False,False,230,0,0.00,1.00,null,null,null,-1.00,-1.00,-0.144,659.11,P Holpie Serum 4_GD1_01_66388,801.68481:925412 802.68948:433980 803.69415:123142,null,4752200,4203632,5092231,5044480,4773135.919875,408339.027930138
231,8.422,802.59674,no MS2: RIKEN P-VS1 ID-11369 from Mouse_AdrenalGlands_fads2KO_N_Ctr,[M+H]+,null,1.00,False,8.110,802.59460,null,Unknown,null,null,530,False,True,False,Normalized unit: Intensity; Annotation method: Msp20260116160945_NCDK_conventional_converted_dev_1,False,False,231,0,0.00,1.00,null,null,null,-1.00,-1.00,-0.129,192.38,P Holpie Serum 3_GD1_01_66387,802.59509:63686 803.59976:30448 804.60443:8260,null,461339,407472,463926,488818,455388.641984375,34263.0788656104
232,8.811,802.59686,no MS2: RIKEN P-VS1 ID-11369 from Mouse_AdrenalGlands_fads2KO_N_Ctr,[M+H]+,null,0.75,False,8.110,802.59460,null,Unknown,null,null,530,False,True,False,Normalized unit: Intensity; Annotation method: Msp20260116160945_NCDK_conventional_converted_dev_1,False,False,232,0,0.00,1.00,null,null,null,-1.00,-1.00,-0.130,205.55,P Holpie Serum 2_GD1_01_66386,802.59528:70238 803.59994:32630 804.60461:8402,null,413045,370629,428815,449702,415547.939578125,33499.11081753
233,11.831,802.60968,no MS2: RIKEN P-VS1 ID-11372 from Mouse_Feces_WT_N_Ctr,[M+H]+,null,1.00,False,3.780,802.61481,null,Unknown,null,null,530,False,True,False,Normalized unit: Intensity; Annotation method: Msp20260116160945_NCDK_conventional_converted_dev_1,False,False,233,0,0.00,0.82,null,null,null,-1.00,-1.00,-0.212,518.28,P Holpie Serum 5_GD1_01_66389,802.60968:135640 803.61435:61580 804.61902:14136,null,909529,894170,956372,977081,934287.815234374,38907.5272237988
234,5.379,803.54315,no MS2: RIKEN P-VS1 ID-11405 from Cell_C2C12_WT_N_4h10DHA,[M+H]+,null,1.00,False,7.370,803.53680,null,Unknown,null,null,530,False,True,False,Normalized unit: Intensity; Annotation method: Msp20260116160945_NCDK_conventional_converted_dev_1,False,False,234,0,0.00,0.85,null,null,null,-1.00,-1.00,-0.194,2072.24,P Holpie Serum 3_GD1_01_66387,803.54132:925836 804.54599:470380 805.55066:133942,null,4515584,3965063,4589567,4640285,4427624.73701562,312596.485057839
235,11.553,804.55365,no MS2: DMPE 39:7|DMPE 11:1_28:6,[M+H]+,null,1.00,False,9.152,804.55377,C46H78NO8P,DMPE,CERYXLVZMBBMRU-UHFFFAOYSA-N,O=C(OCC(OC(=O)CCCCCCCCC=CCC=CCC=CCC=CCC=CCC=CCC)COP(=O)(O)OCCN(C)C)CCCCCC=CCCC,530,False,True,False,Normalized unit: Intensity; Annotation method: Msp20260116160945_NCDK_conventional_converted_dev_1,False,False,235,0,0.00,1.00,null,null,null,-1.00,-1.00,-0.143,512.32,P Holpie Serum 5_GD1_01_66389,804.55365:461530 805.55832:230130 806.56299:61578,null,2439021,2195168,2460217,2517974,2403094.8345625,142576.862407566
236,12.989,804.62524,no MS2: RIKEN P-VS1 ID-11454 from Mouse_Brain_WT_N_F1EPA,[M+H]+,null,1.00,False,11.100,804.62830,null,Unknown,null,null,530,False,True,False,Normalized unit: Intensity; Annotation method: Msp20260116160945_NCDK_conventional_converted_dev_1,False,False,236,0,0.00,0.93,null,null,null,-1.00,-1.00,-0.159,58.66,P Holpie Serum 4_GD1_01_66388,804.62531:73174 805.62997:34506 806.63464:10498,null,435859,407394,454081,463386,440180.072218751,24666.4851808142
237,12.212,806.56866,no MS2: PC 36:3,[M+Na]+,null,1.00,False,9.689,806.56702,C44H82NO8P,PC,WSXZDAPARWPHLV-UHFFFAOYSA-N,O=C(OCC(OC(=O)CCCCCCCCCCCCCCC=CCC=CCC=CCCCCCCC)COP(=O)([O-])OCC[N+](C)(C)C)CCCCC,530,False,True,False,Normalized unit: Intensity; Annotation method: Msp20260116160945_NCDK_conventional_converted_dev_1,False,False,237,0,0.00,1.00,null,null,null,-1.00,-1.00,-0.143,547.43,P Holpie Serum 2_GD1_01_66386,806.56677:198880 807.57144:99548 808.57611:273218,null,1181916,1018768,1242666,1278829,1180544.90907813,115025.461026284
238,11.935,806.56940,no MS2: DMPE 39:6|DMPE 5:0_34:6,[M+Na]+,null,1.00,False,9.378,806.56940,C46H80NO8P,DMPE,SEJOVQNZGAADLK-UHFFFAOYSA-N,O=C(OCC(OC(=O)CCCCCCCCCCCCCCC=CCC=CCC=CCC=CCC=CCC=CCC)COP(=O)(O)OCCN(C)C)CCCC,530,False,True,False,Normalized unit: Intensity; Annotation method: Msp20260116160945_NCDK_conventional_converted_dev_1,False,False,238,0,0.00,1.00,null,null,null,-1.00,-1.00,-0.143,383.24,P Holpie Serum 5_GD1_01_66389,806.56940:111508 807.57406:51276 808.57873:92252,null,667806,582695,699441,731769,670427.690171876,64053.3681971864
239,10.278,806.57056,no MS2: NAGlySer 43:11;O2|NAGlySer 15:4;O(FA 28:6),[M+NH4]+,null,1.00,False,8.463,806.56781,C48H72N2O7,NAGlySer,QESQZFHZPIQFIJ-UHFFFAOYSA-N,O=C(OC(C=CCC=CCC=CCC)C=CCC(=O)NCC(=O)NC(C(=O)O)CO)CCCCCCCCC=CCC=CCC=CCC=CCC=CCC=CCC,530,False,True,False,Normalized unit: Intensity; Annotation method: Msp20260116160945_NCDK_conventional_converted_dev_1,False,False,239,0,0.00,1.00,null,null,null,-1.00,-1.00,-0.144,1985.64,P Holpie Serum 3_GD1_01_66387,806.56842:804300 807.57309:407728 808.57776:106656,null,5389641,4729940,5442065,5744067,5326428.42046875,427234.69811521
240,11.063,806.57196,no MS2: DMPE 39:6|DMPE 5:0_34:6,[M+H]+,null,1.00,False,9.378,806.56940,C46H80NO8P,DMPE,SEJOVQNZGAADLK-UHFFFAOYSA-N,O=C(OCC(OC(=O)CCCCCCCCCCCCCCC=CCC=CCC=CCC=CCC=CCC=CCC)COP(=O)(O)OCCN(C)C)CCCC,530,False,True,False,Normalized unit: Intensity; Annotation method: Msp20260116160945_NCDK_conventional_converted_dev_1,False,False,240,0,0.00,1.00,null,null,null,-1.00,-1.00,-0.143,19183.28,P Holpie Serum 2_GD1_01_66386,806.56903:4798014 807.57370:2463586 808.57837:703512,null,27232433,23487137,26337039,27420091,26119175.1849219,1817215.21258605
241,11.067,806.84406,Unknown,[M+H]+,null,0.50,False,null,null,null,null,null,null,999,False,False,False,Normalized unit: Intensity,False,False,241,0,0.00,null,null,null,null,null,null,null,330.30,P Holpie Serum 4_GD1_01_66388,806.84406:75468 807.84872:15380 808.85339:0,null,286947,227891,303329,282156,275080.817,32740.0343624547
242,11.063,807.25671,Unknown,[M+H]+,null,1.00,False,null,null,null,null,null,null,999,False,False,False,Normalized unit: Intensity,False,False,242,0,0.00,null,null,null,null,null,null,null,940.59,P Holpie Serum 5_GD1_01_66389,807.25671:134582 808.26138:38498 809.26605:2176,null,509261,441260,530259,529680,502614.943124999,42052.7130819801
243,13.236,808.58411,no MS2: DMPE 39:5|DMPE 5:0_34:5,[M+H]+,null,1.00,False,10.202,808.58508,C46H82NO8P,DMPE,BPZOUFRZDZCMRY-UHFFFAOYSA-N,O=C(OCC(OC(=O)CCCCCCCCCCCCCCCCCC=CCC=CCC=CCC=CCC=CCC)COP(=O)(O)OCCN(C)C)CCCC,530,False,True,False,Normalized unit: Intensity; Annotation method: Msp20260116160945_NCDK_conventional_converted_dev_1,False,False,243,0,0.00,1.00,null,null,null,-1.00,-1.00,-0.143,1363.63,P Holpie Serum 5_GD1_01_66389,808.58478:672202 809.58945:318504 810.59411:122162,null,3601035,3283599,3686580,3760465,3582919.68367187,209911.439839864
244,12.161,808.58655,no MS2: NAGlySer 43:10;O2|NAGlySer 15:3;O(FA 28:6),[M+NH4]+,null,0.50,False,8.251,808.58337,C48H74N2O7,NAGlySer,GBANVCZVXXRIAQ-UHFFFAOYSA-N,O=C(OC(C=CCC=CCC=CCC)CCCC(=O)NCC(=O)NC(C(=O)O)CO)CCCCCCCCC=CCC=CCC=CCC=CCC=CCC=CCC,530,False,True,False,Normalized unit: Intensity; Annotation method: Msp20260116160945_NCDK_conventional_converted_dev_1,False,False,244,0,0.00,1.00,null,null,null,-1.00,-1.00,-0.143,1159.65,P Holpie Serum 3_GD1_01_66387,808.58350:499200 809.58816:243994 810.59283:95132,null,3184112,2750266,3181001,3389152,3126132.69473437,268841.161158325
245,11.605,808.58722,no MS2: NAGlySer 43:10;O2|NAGlySer 15:3;O(FA 28:6),[M+NH4]+,null,1.00,False,8.251,808.58337,C48H74N2O7,NAGlySer,GBANVCZVXXRIAQ-UHFFFAOYSA-N,O=C(OC(C=CCC=CCC=CCC)CCCC(=O)NCC(=O)NC(C(=O)O)CO)CCCCCCCCC=CCC=CCC=CCC=CCC=CCC=CCC,530,False,True,False,Normalized unit: Intensity; Annotation method: Msp20260116160945_NCDK_conventional_converted_dev_1,False,False,245,0,0.00,1.00,null,null,null,-1.00,-1.00,-0.145,3890.45,P Holpie Serum 3_GD1_01_66387,808.58405:1339342 809.58871:633314 810.59338:176832,null,13838953,12578556,13944625,14269601,13657933.7474219,742552.329277558
246,12.051,808.58722,no MS2: NAGlySer 43:10;O2|NAGlySer 15:3;O(FA 28:6),[M+NH4]+,null,0.75,False,8.251,808.58337,C48H74N2O7,NAGlySer,GBANVCZVXXRIAQ-UHFFFAOYSA-N,O=C(OC(C=CCC=CCC=CCC)CCCC(=O)NCC(=O)NC(C(=O)O)CO)CCCCCCCCC=CCC=CCC=CCC=CCC=CCC=CCC,530,False,True,False,Normalized unit: Intensity; Annotation method: Msp20260116160945_NCDK_conventional_converted_dev_1,False,False,246,0,0.00,1.00,null,null,null,-1.00,-1.00,-0.143,990.46,P Holpie Serum 3_GD1_01_66387,808.58331:515752 809.58798:250768 810.59265:81576,null,3049977,2887411,3126739,3276824,3085237.74895313,162076.778061393
247,15.161,809.65240,no MS2: SM 42:4;O2|SM 12:1;O2/30:3,[M+Na]+,null,0.75,False,10.201,809.65308,C47H89N2O6P,SM,BPIDPBMVWUMKNC-UHFFFAOYSA-N,O=C(NC(COP(=O)([O-])OCC[N+](C)(C)C)C(O)C=CCCCCCCC)CCCCCCCCCCCCCCC=CCC=CCC=CCCCCCCC,530,False,True,False,Normalized unit: Intensity; Annotation method: Msp20260116160945_NCDK_conventional_converted_dev_1,False,False,247,0,0.00,1.00,null,null,null,-1.00,-1.00,-0.145,146.87,P Holpie Serum 4_GD1_01_66388,809.65240:71202 810.65707:37240 811.66174:10534,null,384321,324918,386307,399039,373646.165703125,33133.6206240443
248,13.045,809.65509,no MS2: SM 42:4;O2|SM 12:1;O2/30:3,[M+H]+,null,1.00,False,10.201,809.65308,C47H89N2O6P,SM,BPIDPBMVWUMKNC-UHFFFAOYSA-N,O=C(NC(COP(=O)([O-])OCC[N+](C)(C)C)C(O)C=CCCCCCCC)CCCCCCCCCCCCCCC=CCC=CCC=CCCCCCCC,530,False,True,False,Normalized unit: Intensity; Annotation method: Msp20260116160945_NCDK_conventional_converted_dev_1,False,False,248,0,0.00,0.99,null,null,null,-1.00,-1.00,-0.146,348.76,P Holpie Serum 2_GD1_01_66386,809.65393:173392 810.65860:12478 811.66327:2078,null,1166765,1075204,1233403,1265018,1185097.624125,83931.1883538458
249,14.190,810.59955,no MS2: PC 36:1,[M+Na]+,null,1.00,False,10.628,810.59833,C44H86NO8P,PC,BKACBHCGNYBKHD-UHFFFAOYSA-N,O=C(OCC(OC(=O)CCCCCCCCCCCCCCCCCCC=CCCCCCCCCCC)COP(=O)([O-])OCC[N+](C)(C)C)CCCC,530,False,True,False,Normalized unit: Intensity; Annotation method: Msp20260116160945_NCDK_conventional_converted_dev_1,False,False,249,0,0.00,1.00,null,null,null,-1.00,-1.00,-0.143,102.54,P Holpie Serum 2_GD1_01_66386,810.59851:82492 811.60318:39910 812.60785:12498,null,503705,418916,533568,541787,499494.098093751,56155.7283850066
250,12.629,810.60175,no MS2: NAGlySer 43:9;O2|NAGlySer 15:2;O(FA 28:6),[M+NH4]+,null,1.00,False,8.181,810.59912,C48H76N2O7,NAGlySer,LNUXQXMKLJJQDM-UHFFFAOYSA-N,O=C(OC(C=CCC=CCCC)CCCCCC(=O)NCC(=O)NC(C(=O)O)CO)CCCCCCCCC=CCC=CCC=CCC=CCC=CCC=CCC,530,False,True,False,Normalized unit: Intensity; Annotation method: Msp20260116160945_NCDK_conventional_converted_dev_1,False,False,250,0,0.00,1.00,null,null,null,-1.00,-1.00,-0.143,470.09,P Holpie Serum 3_GD1_01_66387,810.59882:588858 811.60348:297928 812.60815:81904,null,4148803,3697903,4203829,4318372,4092226.511375,272206.313979761
251,12.312,810.60193,no MS2: PC 36:1,[M+Na]+,null,1.00,False,10.628,810.59833,C44H86NO8P,PC,BKACBHCGNYBKHD-UHFFFAOYSA-N,O=C(OCC(OC(=O)CCCCCCCCCCCCCCCCCCC=CCCCCCCCCCC)COP(=O)([O-])OCC[N+](C)(C)C)CCCC,530,False,True,False,Normalized unit: Intensity; Annotation method: Msp20260116160945_NCDK_conventional_converted_dev_1,False,False,251,0,0.00,1.00,null,null,null,-1.00,-1.00,-0.143,283.65,P Holpie Serum 3_GD1_01_66387,810.59857:376080 811.60324:191556 812.60791:51094,null,2975943,2795268,3199728,3396469,3091851.975625,261932.163223551
252,13.010,810.60254,no MS2: Cer 53:14;O4|Cer 12:2;O2/41:12;O2,[M+H]+,null,1.00,False,11.258,810.60309,C53H79NO5,Cer_EOS,YORWMDJEVOZALX-UHFFFAOYSA-N,O=C(OCCC=CCC=CCC=CCC=CCC=CCCC(=O)NC(CO)C(O)C=CCCC=CCCC)CCC=CCC=CCC=CCC=CCC=CCC=CCC,530,False,True,False,Normalized unit: Intensity; Annotation method: Msp20260116160945_NCDK_conventional_converted_dev_1,False,False,252,0,0.00,1.00,null,null,null,-1.00,-1.00,-0.143,7191.15,P Holpie Serum 5_GD1_01_66389,810.60272:10143124 811.60739:4977576 812.61206:1340382,null,51863651,48297746,54774789,54951687,52471967.9269376,3122294.56836545
253,13.010,810.76044,no MS2: TG 47:0|TG 8:0_8:0_31:0,[M+NH4]+,null,0.50,False,14.599,810.75452,C50H96O6,TG,PYDYTVPPCAOBMK-UHFFFAOYSA-N,O=C(OCC(OC(=O)CCCCCCC)COC(=O)CCCCCCCCCCCCCCCCCCCCCCCCCCCCCC)CCCCCCC,530,False,True,False,Normalized unit: Intensity; Annotation method: Msp20260116160945_NCDK_conventional_converted_dev_1,False,False,253,0,0.00,0.81,null,null,null,-1.00,-1.00,-0.239,597.67,P Holpie Serum 2_GD1_01_66386,810.75983:157862 811.76449:63980 812.76916:3998,null,699850,637505,775761,776544,722415.023812503,67068.5357355438
254,13.010,810.88147,Unknown,[M+H]+,null,1.00,False,null,null,null,null,null,null,999,False,False,False,Normalized unit: Intensity,False,False,254,0,0.00,null,null,null,null,null,null,null,1029.35,P Holpie Serum 5_GD1_01_66389,810.88147:168112 811.88614:79938 812.89081:0,null,731606,675266,837139,851578,773897.384125003,84755.7408322354
255,14.125,811.66895,no MS2: RIKEN P-VS1 ID-11826 from Mouse_Kidney_WT_N_F1,[M+H]+,null,1.00,False,12.770,811.66669,null,Unknown,null,null,530,False,True,False,Normalized unit: Intensity; Annotation method: Msp20260116160945_NCDK_conventional_converted_dev_1,False,False,255,0,0.00,1.00,null,null,null,-1.00,-1.00,-0.129,1958.29,P Holpie Serum 3_GD1_01_66387,811.66687:1502854 812.67154:741630 813.67621:206018,null,11072656,9701947,11588804,11940225,11075907.897375,982833.443013811
256,13.010,812.29285,Unknown,[M+H]+,null,1.00,False,null,null,null,null,null,null,999,False,False,False,Normalized unit: Intensity,False,False,256,0,0.00,null,null,null,null,null,null,null,1114.20,P Holpie Serum 4_GD1_01_66388,812.29285:139168 813.29751:5306 814.30218:1394,null,517803,444029,569661,549225,520179.590359377,55065.7852557628
257,13.219,812.61755,no MS2: NAGlySer 43:8;O2|NAGlySer 15:1;O(FA 28:6),[M+NH4]+,null,1.00,False,9.063,812.61469,C48H78N2O7,NAGlySer,KUZPIEVYOYJJNW-UHFFFAOYSA-N,O=C(OC(C=CCCCCC)CCCCCCC(=O)NCC(=O)NC(C(=O)O)CO)CCCCCCCCC=CCC=CCC=CCC=CCC=CCC=CCC,530,False,True,False,Normalized unit: Intensity; Annotation method: Msp20260116160945_NCDK_conventional_converted_dev_1,False,False,257,0,0.00,1.00,null,null,null,-1.00,-1.00,-0.143,202.68,P Holpie Serum 3_GD1_01_66387,812.61456:157364 813.61923:77028 814.62390:20624,null,1320879,1225124,1375565,1434451,1339004.70154688,88964.6506907323
258,13.548,812.61774,no MS2: DMPE 39:3|DMPE 5:0_34:3,[M+H]+,null,1.00,False,11.616,812.61639,C46H86NO8P,DMPE,PWBLIPDTDTZCDQ-UHFFFAOYSA-N,O=C(OCC(OC(=O)CCCCCCCCCCCCCCCCCCC=CCC=CCC=CCCCCCCC)COP(=O)(O)OCCN(C)C)CCCC,530,False,True,False,Normalized unit: Intensity; Annotation method: Msp20260116160945_NCDK_conventional_converted_dev_1,False,False,258,0,0.00,1.00,null,null,null,-1.00,-1.00,-0.143,5180.63,P Holpie Serum 2_GD1_01_66386,812.61627:4214730 813.62094:2213714 814.62561:589948,null,22499627,19654921,24121881,24071389,22586954.3422969,2094754.3678506
259,13.548,813.30493,Unknown,[M+H]+,null,0.75,False,null,null,null,null,null,null,999,False,False,False,Normalized unit: Intensity,False,False,259,0,0.00,null,null,null,null,null,null,null,884.29,P Holpie Serum 4_GD1_01_66388,813.30493:128198 814.30960:32786 815.31427:1636,null,366192,274701,476268,450549,391927.621078126,91203.3202078633
260,15.088,813.68451,no MS2: SM 42:2;O2|SM 12:1;O2/30:1,[M+H]+,null,1.00,False,12.174,813.68439,C47H93N2O6P,SM,OQOXDFBSXXNVGR-UHFFFAOYSA-N,O=C(NC(COP(=O)([O-])OCC[N+](C)(C)C)C(O)C=CCCCCCCC)CCCCCCCCCCCCCCCCCCCC=CCCCCCCCC,530,False,True,False,Normalized unit: Intensity; Annotation method: Msp20260116160945_NCDK_conventional_converted_dev_1,False,False,260,0,0.00,1.00,null,null,null,-1.00,-1.00,-0.143,8996.33,P Holpie Serum 5_GD1_01_66389,813.68451:3394548 814.68918:1757632 815.69384:467250,null,17094108,14397897,16761917,18067372,16580323.3126563,1556839.7806032
261,15.092,814.37152,Unknown,[M+H]+,null,0.25,False,null,null,null,null,null,null,999,False,False,False,Normalized unit: Intensity,False,False,261,0,0.00,null,null,null,null,null,null,null,417.26,P Holpie Serum 5_GD1_01_66389,814.37152:81418 815.37619:16108 816.38086:1112,null,190580,136545,256572,275895,214897.919,63738.5687608039
262,14.290,814.63239,no MS2: NAGlySer 43:7;O2|NAGlySer 15:0;O(FA 28:6),[M+NH4]+,null,1.00,False,9.829,814.63037,C48H80N2O7,NAGlySer,BEKJFZDMLLDTEE-UHFFFAOYSA-N,O=C(OC(CCCCCCC(=O)NCC(=O)NC(C(=O)O)CO)CCCCCCC)CCCCCCCCC=CCC=CCC=CCC=CCC=CCC=CCC,530,False,True,False,Normalized unit: Intensity; Annotation method: Msp20260116160945_NCDK_conventional_converted_dev_1,False,False,262,0,0.00,1.00,null,null,null,-1.00,-1.00,-0.143,1278.74,P Holpie Serum 3_GD1_01_66387,814.63037:280708 815.63504:134038 816.63971:36790,null,2292492,2039163,2405832,2559590,2324269.2174375,219334.968835971
263,16.064,815.69952,no MS2: SM 42:1;O2|SM 12:1;O2/30:0,[M+H]+,null,1.00,False,13.070,815.70007,C47H95N2O6P,SM,SJKQWVPGRUTFNL-UHFFFAOYSA-N,O=C(NC(COP(=O)([O-])OCC[N+](C)(C)C)C(O)C=CCCCCCCC)CCCCCCCCCCCCCCCCCCCCCCCCCCCCC,530,False,True,False,Normalized unit: Intensity; Annotation method: Msp20260116160945_NCDK_conventional_converted_dev_1,False,False,263,0,0.00,1.00,null,null,null,-1.00,-1.00,-0.143,4711.04,P Holpie Serum 4_GD1_01_66388,815.70020:1314126 816.70486:679422 817.70953:187018,null,7606487,6516870,7669751,8047165,7460068.34017186,658207.22522052
264,11.831,816.62177,no MS2: RIKEN P-VS1 ID-12036 from Mouse_Macrophage_WT_N_F1,[M+H]+,null,1.00,False,9.130,816.62610,null,Unknown,null,null,530,False,True,False,Normalized unit: Intensity; Annotation method: Msp20260116160945_NCDK_conventional_converted_dev_1,False,False,264,0,0.00,1.00,null,null,null,-1.00,-1.00,-0.130,410.60,P Holpie Serum 5_GD1_01_66389,816.62549:99984 817.63016:50108 818.63482:13998,null,975377,996848,1001384,1043100,1004177.24717187,28319.0314622985
265,12.038,818.60834,no MS2: Cer 55:15;O4|Cer 15:3;O2/40:12;O2,[M+H-H2O]+,null,0.75,False,10.936,818.60822,C55H81NO5,Cer_EOS,BQQVHOKQKUAJOJ-UHFFFAOYSA-N,O=C(OCCC=CCC=CCC=CCC=CCC=CCC(=O)NC(CO)C(O)C=CCCC=CCCC=CCC)CCC=CCC=CCC=CCC=CCC=CCC=CCC,530,False,True,False,Normalized unit: Intensity; Annotation method: Msp20260116160945_NCDK_conventional_converted_dev_1,False,False,265,0,0.00,1.00,null,null,null,-1.00,-1.00,-0.143,407.15,P Holpie Serum 5_GD1_01_66389,818.60834:87150 819.61301:47518 820.61767:14282,null,462242,415779,499684,506314,471004.782484375,41616.9663961087
266,12.976,818.63995,no MS2: RIKEN P-VS1 ID-12124 from Mouse_Brain_WT_N_F1AA,[M+H-H2O]+,null,1.00,False,11.750,818.64038,null,Unknown,null,null,530,False,True,False,Normalized unit: Intensity; Annotation method: Msp20260116160945_NCDK_conventional_converted_dev_1,False,False,266,0,0.00,1.00,null,null,null,-1.00,-1.00,-0.129,290.60,P Holpie Serum 4_GD1_01_66388,818.63995:84520 819.64462:42366 820.64929:0,null,583565,549087,586511,599193,579588.90525,21435.4681014735
267,18.237,818.72266,no MS2: SE 24:1;O4/27:0;O,[M+NH4]+,null,1.00,False,13.837,818.72321,C51H92O6,DCAE,VFKXZTNFVYAFDK-UHFFFAOYSA-N,O=C(O)CCC(C)C1CCC2C3CCC4CC(OC(=O)CCCCCCCC(O)CCCCCCCCCCCCCCCCCC)CCC4(C)C3CC(O)C12C,530,False,True,False,Normalized unit: Intensity; Annotation method: Msp20260116160945_NCDK_conventional_converted_dev_1,False,False,267,0,0.00,1.00,null,null,null,-1.00,-1.00,-0.143,2011.49,P Holpie Serum 3_GD1_01_66387,818.72290:286622 819.72757:178868 820.73224:58632,null,2158070,1937726,2202917,2235632,2133586.45217186,134388.397332024
268,5.379,819.51764,Unknown,[M+H]+,null,1.00,False,null,null,null,null,null,null,999,False,False,False,Normalized unit: Intensity,False,False,268,0,0.00,null,null,null,null,null,null,null,200.61,P Holpie Serum 4_GD1_01_66388,819.51764:87294 820.52231:41948 821.52697:15516,null,382060,341683,405953,397225,381730.2518125,28464.8767018411
269,18.754,820.73822,no MS2: TG 48:2|TG 8:0_8:0_32:2,[M+NH4]+,null,1.00,False,14.167,820.73889,C51H94O6,TG,XJRNFRCYKQXMGQ-UHFFFAOYSA-N,O=C(OCC(OC(=O)CCCCCCC)COC(=O)CCCCCCCCCCCCCCCCCCCC=CCC=CCCCCCCC)CCCCCCC,530,False,True,False,Normalized unit: Intensity; Annotation method: Msp20260116160945_NCDK_conventional_converted_dev_1,False,False,269,0,0.00,1.00,null,null,null,-1.00,-1.00,-0.143,5268.35,P Holpie Serum 4_GD1_01_66388,820.73895:1142442 821.74362:650038 822.74829:197046,null,8145484,7094391,8186793,8455111,7970444.80446878,599949.219025447
270,13.722,822.63818,no MS2: PC O-40:5|PC O-12:0_28:5,[M+H]+,null,1.00,False,10.730,822.63708,C48H88NO7P,EtherPC,GZYCUOIGRDDFMV-UHFFFAOYSA-N,O=C(OC(COCCCCCCCCCCCC)COP(=O)([O-])OCC[N+](C)(C)C)CCCCCCCCCCCC=CCC=CCC=CCC=CCC=CCC,530,False,True,False,Normalized unit: Intensity; Annotation method: Msp20260116160945_NCDK_conventional_converted_dev_1,False,False,270,0,0.00,1.00,null,null,null,-1.00,-1.00,-0.143,124.40,P Holpie Serum 2_GD1_01_66386,822.63745:93780 823.64212:47764 824.64679:12974,null,619425,525495,633502,636756,603794.459718751,52738.7229845257
271,19.205,822.75421,no MS2: TG 48:1|TG 8:0_8:0_32:1,[M+NH4]+,null,1.00,False,14.440,822.75452,C51H96O6,TG,HWMSPIVEAFDGBF-UHFFFAOYSA-N,O=C(OCC(OC(=O)CCCCCCC)COC(=O)CCCCCCCCCCCCCCCCCCCCCC=CCCCCCCCC)CCCCCCC,530,False,True,False,Normalized unit: Intensity; Annotation method: Msp20260116160945_NCDK_conventional_converted_dev_1,False,False,271,0,0.00,1.00,null,null,null,-1.00,-1.00,-0.143,7021.40,P Holpie Serum 2_GD1_01_66386,822.75464:2158642 823.75931:1174000 824.76397:355166,null,9698758,8980325,9973256,10093749,9686521.88939063,498970.186611469
272,18.232,823.67877,no MS2: TG 48:3|TG 8:0_8:0_32:3,[M+Na]+,null,0.75,False,13.957,823.67859,C51H92O6,TG,SVUUFERWFZNDEK-UHFFFAOYSA-N,O=C(OCC(OC(=O)CCCCCCC)COC(=O)CCCCCCCCCCCCCCCCC=CCC=CCC=CCCCCCCC)CCCCCCC,530,False,True,False,Normalized unit: Intensity; Annotation method: Msp20260116160945_NCDK_conventional_converted_dev_1,False,False,272,0,0.00,1.00,null,null,null,-1.00,-1.00,-0.143,275.65,P Holpie Serum 4_GD1_01_66388,823.67877:76464 824.68344:40130 825.68811:11146,null,447161,427124,461827,472351,452116.13079687,19603.782242713
273,14.814,824.65332,no MS2: RIKEN P-VS1 ID-12386 from Mouse_Brain_WT_N_F1DHA,[M+H]+,null,0.75,False,12.680,824.65350,null,Unknown,null,null,530,False,True,False,Normalized unit: Intensity; Annotation method: Msp20260116160945_NCDK_conventional_converted_dev_1,False,False,273,0,0.00,1.00,null,null,null,-1.00,-1.00,-0.129,97.12,P Holpie Serum 5_GD1_01_66389,824.65332:78020 825.65799:38418 826.66266:11490,null,416546,359841,424432,429733,407637.9724375,32322.259264851
274,19.678,824.77142,no MS2: TG 48:0|TG 8:0_8:0_32:0,[M+NH4]+,null,1.00,False,14.998,824.77020,C51H98O6,TG,JZFABHSXSAWMSE-UHFFFAOYSA-N,O=C(OCC(OC(=O)CCCCCCC)COC(=O)CCCCCCCCCCCCCCCCCCCCCCCCCCCCCCC)CCCCCCC,530,False,True,False,Normalized unit: Intensity; Annotation method: Msp20260116160945_NCDK_conventional_converted_dev_1,False,False,274,0,0.00,1.00,null,null,null,-1.00,-1.00,-0.143,9173.28,P Holpie Serum 5_GD1_01_66389,824.77039:1115760 825.77505:636044 826.77972:190328,null,4869618,4549104,5015840,5005063,4859906.3026875,217621.974973844
275,18.736,825.69427,no MS2: TG 48:2|TG 8:0_8:0_32:2,[M+Na]+,null,1.00,False,14.167,825.69427,C51H94O6,TG,XJRNFRCYKQXMGQ-UHFFFAOYSA-N,O=C(OCC(OC(=O)CCCCCCC)COC(=O)CCCCCCCCCCCCCCCCCCCC=CCC=CCCCCCCC)CCCCCCC,530,False,True,False,Normalized unit: Intensity; Annotation method: Msp20260116160945_NCDK_conventional_converted_dev_1,False,False,275,0,0.00,1.00,null,null,null,-1.00,-1.00,-0.143,803.98,P Holpie Serum 5_GD1_01_66389,825.69427:80380 826.69894:43634 827.70361:11720,null,546715,528446,549107,562687,546738.788718752,14078.2433676385
276,11.553,826.60919,no MS2: SL 50:9;O2|SL 16:3;O/34:6;O,[M+H]+,null,1.00,False,11.709,826.60138,C50H83NO6S,SL,XWFDEAWGAPVDRQ-UHFFFAOYSA-N,O=C(N(CC(O)C=CCCC=CCCC=CCCC)CS(=O)(=O)O)C(O)CCCCCCCCCCCCCC=CCC=CCC=CCC=CCC=CCC=CCC,530,False,True,False,Normalized unit: Intensity; Annotation method: Msp20260116160945_NCDK_conventional_converted_dev_1,False,False,276,0,0.00,0.86,null,null,null,-1.00,-1.00,-0.212,119.39,P Holpie Serum 2_GD1_01_66386,826.60590:111788 827.61056:55594 828.61523:14316,null,556700,472853,582491,595271,551828.689109376,55040.2072587373
277,11.063,828.55389,no MS2: DMPE 41:9|DMPE 15:3_26:6,[M+Na]+,null,1.00,False,8.387,828.55377,C48H78NO8P,DMPE,STGIMAGMHHJETJ-UHFFFAOYSA-N,O=C(OCC(OC(=O)CCCCCCC=CCC=CCC=CCC=CCC=CCC=CCC)COP(=O)(O)OCCN(C)C)CCCCC=CCC=CCC=CCC,530,False,True,False,Normalized unit: Intensity; Annotation method: Msp20260116160945_NCDK_conventional_converted_dev_1,False,False,277,0,0.00,1.00,null,null,null,-1.00,-1.00,-0.143,271.16,P Holpie Serum 5_GD1_01_66389,828.55389:122058 829.55856:63220 830.56323:19232,null,674701,564212,660661,689301,647219.025765625,56559.7630578455
278,13.240,830.63983,no MS2: RIKEN P-VS1 ID-12610 from Mouse_Heart_WT_N_F1,[M+H]+,null,1.00,False,8.830,830.63397,null,Unknown,null,null,530,False,True,False,Normalized unit: Intensity; Annotation method: Msp20260116160945_NCDK_conventional_converted_dev_1,False,False,278,0,0.00,0.96,null,null,null,-1.00,-1.00,-0.148,774.92,P Holpie Serum 3_GD1_01_66387,830.63641:145804 831.64108:77128 832.64575:19674,null,786124,702359,831830,834223,788633.664765625,61627.6593336429
279,15.747,832.24146,Unknown,[M+H]+,null,1.00,False,null,null,null,null,null,null,999,False,False,False,Normalized unit: Intensity,False,False,279,0,0.00,null,null,null,null,null,null,null,1528.47,P Holpie Serum 4_GD1_01_66388,832.24146:180130 833.24612:137416 834.25079:0,null,2840315,2778312,2766262,2795193,2795020.37454688,32444.2984067537
280,13.010,832.58417,no MS2: NAGlySer 45:12;O2|NAGlySer 19:5;O(FA 26:6),[M+NH4]+,null,1.00,False,8.632,832.58337,C50H74N2O7,NAGlySer,RKZUWXMDVDKJAJ-UHFFFAOYSA-N,O=C(OC(C=CCC=CCC=CCC=CCC=CCC)CC(=O)NCC(=O)NC(C(=O)O)CO)CCCCCCC=CCC=CCC=CCC=CCC=CCC=CCC,530,False,True,False,Normalized unit: Intensity; Annotation method: Msp20260116160945_NCDK_conventional_converted_dev_1,False,False,280,0,0.00,1.00,null,null,null,-1.00,-1.00,-0.143,788.66,P Holpie Serum 2_GD1_01_66386,832.58331:283098 833.58798:144256 834.59265:38324,null,1541620,1437634,1617800,1626896,1555987.60225,87679.0960817053
281,11.189,832.58728,no MS2: DMPE 41:7|DMPE 11:1_30:6,[M+H]+,null,1.00,False,9.331,832.58508,C48H82NO8P,DMPE,LJMXYOIPOFQCJE-UHFFFAOYSA-N,O=C(OCC(OC(=O)CCCCCCCCCCC=CCC=CCC=CCC=CCC=CCC=CCC)COP(=O)(O)OCCN(C)C)CCCCCC=CCCC,530,False,True,False,Normalized unit: Intensity; Annotation method: Msp20260116160945_NCDK_conventional_converted_dev_1,False,False,281,0,0.00,1.00,null,null,null,-1.00,-1.00,-0.143,456.32,P Holpie Serum 2_GD1_01_66386,832.58533:173776 833.58999:89676 834.59466:25298,null,1281802,1142375,1267091,1316683,1251987.72028125,75976.9139752008
282,13.548,834.59967,no MS2: PC 38:3,[M+Na]+,null,1.00,False,10.314,834.59833,C46H86NO8P,PC,RSFPKBHSGZGCAF-UHFFFAOYSA-N,O=C(OCC(OC(=O)CCCCCCCCCCCCCCCCC=CCC=CCC=CCCCCCCC)COP(=O)([O-])OCC[N+](C)(C)C)CCCCC,530,False,True,False,Normalized unit: Intensity; Annotation method: Msp20260116160945_NCDK_conventional_converted_dev_1,False,False,282,0,0.00,1.00,null,null,null,-1.00,-1.00,-0.143,184.78,P Holpie Serum 2_GD1_01_66386,834.59814:113258 835.60281:53932 836.60748:107070,null,568756,482106,587455,592934,557812.682453126,51521.5618601369
283,12.603,834.60205,no MS2: RIKEN P-VS1 ID-12781 from Mouse_Feces_WT_N_Ctr,[M+H]+,null,1.00,False,12.850,834.60413,null,Unknown,null,null,530,False,True,False,Normalized unit: Intensity; Annotation method: Msp20260116160945_NCDK_conventional_converted_dev_1,False,False,283,0,0.00,0.97,null,null,null,-1.00,-1.00,-0.142,3586.98,P Holpie Serum 5_GD1_01_66389,834.60205:2068350 835.60672:1052642 836.61139:312550,null,10346204,9098983,10666138,10989279,10275151.2104062,826895.996621688
284,18.233,834.75305,no MS2: TG 49:2|TG 8:0_8:1_33:1,[M+NH4]+,null,1.00,False,13.816,834.75452,C52H96O6,TG,WBJXEWVFNZCCAP-UHFFFAOYSA-N,O=C(OCC(OC(=O)CCC=CCCC)COC(=O)CCCCCCCCCCCCCCCCCCCCC=CCCCCCCCCCC)CCCCCCC,530,False,True,False,Normalized unit: Intensity; Annotation method: Msp20260116160945_NCDK_conventional_converted_dev_1,False,False,284,0,0.00,1.00,null,null,null,-1.00,-1.00,-0.144,207.31,P Holpie Serum 2_GD1_01_66386,834.75409:113548 835.75876:60616 836.76342:17684,null,692376,630981,699062,694700,679279.750468743,32318.1230836127
285,18.979,834.75385,no MS2: TG 49:2|TG 8:0_8:1_33:1,[M+NH4]+,null,1.00,False,13.816,834.75452,C52H96O6,TG,WBJXEWVFNZCCAP-UHFFFAOYSA-N,O=C(OCC(OC(=O)CCC=CCCC)COC(=O)CCCCCCCCCCCCCCCCCCCCC=CCCCCCCCCCC)CCCCCCC,530,False,True,False,Normalized unit: Intensity; Annotation method: Msp20260116160945_NCDK_conventional_converted_dev_1,False,False,285,0,0.00,1.00,null,null,null,-1.00,-1.00,-0.144,230.19,P Holpie Serum 3_GD1_01_66387,834.75409:87070 835.75876:54256 836.76342:17042,null,1115866,986265,1100758,1144983,1086968.0035625,69598.8576284939
286,15.092,835.66644,no MS2: SM 42:2;O2,[M+Na]+,null,1.00,False,12.174,835.66632,C47H93N2O6P,SM,OQOXDFBSXXNVGR-UHFFFAOYSA-N,O=C(NC(COP(=O)([O-])OCC[N+](C)(C)C)C(O)C=CCCCCCCC)CCCCCCCCCCCCCCCCCCCC=CCCCCCCCC,530,False,True,False,Normalized unit: Intensity; Annotation method: Msp20260116160945_NCDK_conventional_converted_dev_1,False,False,286,0,0.00,1.00,null,null,null,-1.00,-1.00,-0.143,500.45,P Holpie Serum 2_GD1_01_66386,835.66638:97824 836.67105:50948 837.67572:14790,null,522014,433521,538785,558850,513292.417125,55271.5026284873
287,13.496,836.61761,no MS2: NAGlySer 45:10;O2|NAGlySer 17:3;O(FA 28:6),[M+NH4]+,null,1.00,False,9.430,836.61469,C50H78N2O7,NAGlySer,OOHNUDYIIZLLPF-UHFFFAOYSA-N,O=C(OC(CC=CCC=CCC=CCC)CCCCC(=O)NCC(=O)NC(C(=O)O)CO)CCCCCCCCC=CCC=CCC=CCC=CCC=CCC=CCC,530,False,True,False,Normalized unit: Intensity; Annotation method: Msp20260116160945_NCDK_conventional_converted_dev_1,False,False,287,0,0.00,1.00,null,null,null,-1.00,-1.00,-0.143,577.90,P Holpie Serum 3_GD1_01_66387,836.61450:229944 837.61917:118876 838.62384:39026,null,1414792,1224531,1455970,1453656,1387237.11882813,110103.025541305
288,13.019,836.61792,no MS2: NAGlySer 45:10;O2|NAGlySer 17:3;O(FA 28:6),[M+NH4]+,null,1.00,False,9.430,836.61469,C50H78N2O7,NAGlySer,OOHNUDYIIZLLPF-UHFFFAOYSA-N,O=C(OC(CC=CCC=CCC=CCC)CCCCC(=O)NCC(=O)NC(C(=O)O)CO)CCCCCCCCC=CCC=CCC=CCC=CCC=CCC=CCC,530,False,True,False,Normalized unit: Intensity; Annotation method: Msp20260116160945_NCDK_conventional_converted_dev_1,False,False,288,0,0.00,1.00,null,null,null,-1.00,-1.00,-0.143,1302.95,P Holpie Serum 3_GD1_01_66387,836.61469:526320 837.61935:283668 838.62402:81698,null,3192773,2940411,3353535,3396283,3220750.32151563,206410.750477337
289,18.719,836.76874,no MS2: TG 49:1|TG 8:0_8:0_33:1,[M+NH4]+,null,1.00,False,14.378,836.77020,C52H98O6,TG,VCEFMDOXMKROQX-UHFFFAOYSA-N,O=C(OCC(OC(=O)CCCCCCC)COC(=O)CCCCCCCCCCCCCCCCCCCCC=CCCCCCCCCCC)CCCCCCC,530,False,True,False,Normalized unit: Intensity; Annotation method: Msp20260116160945_NCDK_conventional_converted_dev_1,False,False,289,0,0.00,1.00,null,null,null,-1.00,-1.00,-0.144,391.41,P Holpie Serum 2_GD1_01_66386,836.76965:196138 837.77432:114352 838.77899:32486,null,861670,801724,850729,862377,844124.891859378,28765.7194352946
290,19.426,836.76965,no MS2: TG 49:1|TG 8:0_8:0_33:1,[M+NH4]+,null,1.00,False,14.378,836.77020,C52H98O6,TG,VCEFMDOXMKROQX-UHFFFAOYSA-N,O=C(OCC(OC(=O)CCCCCCC)COC(=O)CCCCCCCCCCCCCCCCCCCCC=CCCCCCCCCCC)CCCCCCC,530,False,True,False,Normalized unit: Intensity; Annotation method: Msp20260116160945_NCDK_conventional_converted_dev_1,False,False,290,0,0.00,1.00,null,null,null,-1.00,-1.00,-0.143,455.48,P Holpie Serum 2_GD1_01_66386,836.76990:209940 837.77457:121950 838.77923:38256,null,1387278,1229096,1440393,1468623,1381347.28701563,106956.466703338
291,13.874,838.63373,no MS2: RIKEN P-VS1 ID-12943 from Mouse_SmallIntestine_WT_N_F1AA,[M+H]+,null,1.00,False,1.690,838.63263,null,Unknown,null,null,530,False,True,False,Normalized unit: Intensity; Annotation method: Msp20260116160945_NCDK_conventional_converted_dev_1,False,False,291,0,0.00,1.00,null,null,null,-1.00,-1.00,-0.129,1463.35,P Holpie Serum 5_GD1_01_66389,838.63251:325204 839.63718:179324 840.64184:50096,null,1657601,1442179,1745602,1716275,1640414.268125,137127.639443007
292,11.553,840.62488,no MS2: RIKEN P-VS1 ID-13010 from Mouse_SmallIntestine_WT_N_F1AA,[M+H]+,null,1.00,False,9.300,840.62421,null,Unknown,null,null,530,False,True,False,Normalized unit: Intensity; Annotation method: Msp20260116160945_NCDK_conventional_converted_dev_1,False,False,292,0,0.00,1.00,null,null,null,-1.00,-1.00,-0.130,432.66,P Holpie Serum 4_GD1_01_66388,840.62488:125784 841.62955:66084 842.63421:17744,null,760507,727338,803074,803772,773672.786765626,36926.5063408654
293,12.212,842.64001,no MS2: RIKEN P-VS1 ID-13091 from Mouse_Macrophage_WT_N_F1DHA,[M+H]+,null,0.75,False,9.430,842.64532,null,Unknown,null,null,530,False,True,False,Normalized unit: Intensity; Annotation method: Msp20260116160945_NCDK_conventional_converted_dev_1,False,False,293,0,0.00,0.82,null,null,null,-1.00,-1.00,-0.208,129.54,P Holpie Serum 4_GD1_01_66388,842.64008:86470 843.64474:46688 844.64941:12856,null,369418,309903,387722,420155,371799.76353125,46291.259993246
294,13.245,844.65601,no MS2: SL 51:7;O2|SL 15:1;O/36:6;O,[M+H]+,null,1.00,False,12.682,844.64832,C51H89NO6S,SL,JDDAOBCUVILWKX-UHFFFAOYSA-N,O=C(N(CC(O)C=CCCCCCCCCCC)CS(=O)(=O)O)C(O)CCCCCCCCCCCCCCCC=CCC=CCC=CCC=CCC=CCC=CCC,530,False,True,False,Normalized unit: Intensity; Annotation method: Msp20260116160945_NCDK_conventional_converted_dev_1,False,False,294,0,0.00,0.90,null,null,null,-1.00,-1.00,-0.195,437.93,P Holpie Serum 3_GD1_01_66387,844.65228:153796 845.65695:79440 846.66162:20556,null,1004960,969563,1060631,1088611,1030941.05839063,53695.6017356972
295,18.302,844.73901,no MS2: TG 50:4|TG 8:0_8:0_34:4,[M+NH4]+,null,1.00,False,13.930,844.73889,C53H94O6,TG,NBOUVXSQNXDJHU-UHFFFAOYSA-N,O=C(OCC(OC(=O)CCCCCCC)COC(=O)CCCCCCCCCCCCCCCCCCCCC=CCC=CCC=CCC=CCC)CCCCCCC,530,False,True,False,Normalized unit: Intensity; Annotation method: Msp20260116160945_NCDK_conventional_converted_dev_1,False,False,295,0,0.00,1.00,null,null,null,-1.00,-1.00,-0.143,847.19,P Holpie Serum 4_GD1_01_66388,844.73901:419782 845.74368:259766 846.74835:77246,null,3540095,3087152,3622677,3691351,3485318.76489061,272552.180914108
296,16.871,846.29266,Unknown,[M+H]+,null,1.00,False,null,null,null,null,null,null,999,False,False,False,Normalized unit: Intensity,False,False,296,0,0.00,null,null,null,null,null,null,null,819.72,P Holpie Serum 5_GD1_01_66389,846.29266:85970 847.29733:68844 848.30200:0,null,721616,712534,747374,705571,721773.64871875,18287.4173574114
297,18.758,846.75360,no MS2: TG 50:3|TG 8:0_8:0_34:3,[M+NH4]+,null,1.00,False,13.920,846.75452,C53H96O6,TG,JLQAKOSOIVPICE-UHFFFAOYSA-N,O=C(OCC(OC(=O)CCCCCCC)COC(=O)CCCCCCCCCCCCCCCCCCC=CCC=CCC=CCCCCCCC)CCCCCCC,530,False,True,False,Normalized unit: Intensity; Annotation method: Msp20260116160945_NCDK_conventional_converted_dev_1,False,False,297,0,0.00,1.00,null,null,null,-1.00,-1.00,-0.143,13637.00,P Holpie Serum 4_GD1_01_66388,846.75446:3276810 847.75912:2031608 848.76379:600058,null,18688017,17138299,19130149,20405051,18840378.996,1348141.41361133
298,11.831,848.53870,no MS2: PS 39:4,[M+Na]+,null,1.00,False,9.094,848.54120,C45H80NO10P,PS,HJBIAFFEWYOQTF-UHFFFAOYSA-N,O=C(OCC(OC(=O)CCCCCCCCCCCCCCCCCCCCC=CCC=CCC=CCC=CCC)COP(=O)(O)OCC(N)C(=O)O)CCCC,530,False,True,False,Normalized unit: Intensity; Annotation method: Msp20260116160945_NCDK_conventional_converted_dev_1,False,False,298,0,0.00,1.00,null,null,null,-1.00,-1.00,-0.145,138.51,P Holpie Serum 4_GD1_01_66388,848.54199:52046 849.54666:25046 850.55133:6908,null,452936,444229,448380,453469,449753.366703125,4333.60516566455
299,19.218,848.76978,no MS2: TG 50:2|TG 8:0_8:0_34:2,[M+NH4]+,null,1.00,False,14.271,848.77020,C53H98O6,TG,VZLKOMBMLGTLFF-UHFFFAOYSA-N,O=C(OCC(OC(=O)CCCCCCC)COC(=O)CCCCCCCCCCCCCCCCCCCCCC=CCC=CCCCCCCC)CCCCCCC,530,False,True,False,Normalized unit: Intensity; Annotation method: Msp20260116160945_NCDK_conventional_converted_dev_1,False,False,299,0,0.00,1.00,null,null,null,-1.00,-1.00,-0.143,24296.07,P Holpie Serum 3_GD1_01_66387,848.77002:4621162 849.77469:2736800 850.77936:796026,null,38437619,34192351,37936471,40153456,37679974.1886093,2511403.60448175
300,19.218,848.93134,Unknown,[M+2H]2+,null,1.00,False,null,null,null,null,null,null,999,False,False,False,Normalized unit: Intensity,False,False,300,0,0.00,null,null,null,null,null,null,null,1790.11,P Holpie Serum 4_GD1_01_66388,848.93134:141638 849.93600:79640 850.94067:4420,null,856431,756063,872324,848639,833364.446656249,52468.1825688045
301,19.218,849.05182,Unknown,[M+H]+,null,1.00,False,null,null,null,null,null,null,999,False,False,False,Normalized unit: Intensity,False,False,301,0,0.00,null,null,null,null,null,null,null,1715.82,P Holpie Serum 4_GD1_01_66388,849.05182:122554 850.05649:53860 851.06115:2742,null,739933,681367,803761,782158,751804.706453124,53923.493056935
302,18.289,849.69427,no MS2: TG 50:4|TG 8:0_8:0_34:4,[M+Na]+,null,1.00,False,13.930,849.69427,C53H94O6,TG,NBOUVXSQNXDJHU-UHFFFAOYSA-N,O=C(OCC(OC(=O)CCCCCCC)COC(=O)CCCCCCCCCCCCCCCCCCCCC=CCC=CCC=CCC=CCC)CCCCCCC,530,False,True,False,Normalized unit: Intensity; Annotation method: Msp20260116160945_NCDK_conventional_converted_dev_1,False,False,302,0,0.00,1.00,null,null,null,-1.00,-1.00,-0.143,421.98,P Holpie Serum 4_GD1_01_66388,849.69427:89272 850.69894:53514 851.70361:15908,null,644640,608667,663543,666187,645759.431328122,26524.4704258327
303,14.745,850.66913,no MS2: RIKEN P-VS1 ID-13398 from Mouse_Brain_WT_N_F1,[M+H]+,null,1.00,False,13.560,850.66687,null,Unknown,null,null,530,False,True,False,Normalized unit: Intensity; Annotation method: Msp20260116160945_NCDK_conventional_converted_dev_1,False,False,303,0,0.00,1.00,null,null,null,-1.00,-1.00,-0.129,125.41,P Holpie Serum 3_GD1_01_66387,850.66705:77174 851.67172:42280 852.67639:13140,null,535549,477086,563552,565448,535408.925593749,41214.6813512287
304,19.656,850.78687,no MS2: TG 50:1|TG 8:0_8:0_34:1,[M+NH4]+,null,1.00,False,14.765,850.78583,C53H100O6,TG,WLEHGRAGAYLVMG-UHFFFAOYSA-N,O=C(OCC(OC(=O)CCCCCCC)COC(=O)CCCCCCCCCCCCCCCCCCCCCCCC=CCCCCCCCC)CCCCCCC,530,False,True,False,Normalized unit: Intensity; Annotation method: Msp20260116160945_NCDK_conventional_converted_dev_1,False,False,304,0,0.00,1.00,null,null,null,-1.00,-1.00,-0.143,47401.32,P Holpie Serum 3_GD1_01_66387,850.78558:6073670 851.79025:3435336 852.79492:1018332,null,33243516,30950917,33329705,34111831,32908992.2047029,1362569.45277012
305,19.650,850.94733,Unknown,[M+H]+,null,0.75,False,null,null,null,null,null,null,999,False,False,False,Normalized unit: Intensity,False,False,305,0,0.00,null,null,null,null,null,null,null,1899.06,P Holpie Serum 4_GD1_01_66388,850.94733:177438 851.95199:108178 852.95666:8722,null,766063,730945,785937,746331,757319.153468742,23887.2492737156
306,19.652,851.06946,Unknown,[M+H]+,null,1.00,False,null,null,null,null,null,null,999,False,False,False,Normalized unit: Intensity,False,False,306,0,0.00,null,null,null,null,null,null,null,1780.93,P Holpie Serum 5_GD1_01_66389,851.06946:154026 852.07413:98926 853.07879:4476,null,677762,630142,677086,688719,668427.335703118,26074.4530916492
307,19.656,851.49194,Unknown,[M+H]+,null,1.00,False,null,null,null,null,null,null,999,False,False,False,Normalized unit: Intensity,False,False,307,0,0.00,null,null,null,null,null,null,null,1083.40,P Holpie Serum 4_GD1_01_66388,851.49194:203666 852.49661:102892 853.50128:3298,null,850122,787916,862368,867514,841980.003812492,36773.2002793143
308,18.754,851.70929,no MS2: TG 50:3|TG 8:0_8:0_34:3,[M+Na]+,null,1.00,False,13.920,851.70990,C53H96O6,TG,JLQAKOSOIVPICE-UHFFFAOYSA-N,O=C(OCC(OC(=O)CCCCCCC)COC(=O)CCCCCCCCCCCCCCCCCCC=CCC=CCC=CCCCCCCC)CCCCCCC,530,False,True,False,Normalized unit: Intensity; Annotation method: Msp20260116160945_NCDK_conventional_converted_dev_1,False,False,308,0,0.00,1.00,null,null,null,-1.00,-1.00,-0.143,1888.33,P Holpie Serum 3_GD1_01_66387,851.70984:215274 852.71451:122252 853.71917:35042,null,1101125,1067921,1118835,1095085,1095741.650375,21108.1755058873
309,20.072,852.80133,no MS2: TG 50:0|TG 8:0_8:0_34:0,[M+NH4]+,null,1.00,False,15.279,852.80151,C53H102O6,TG,VQYLXXPIAZUCDF-UHFFFAOYSA-N,O=C(OCC(OC(=O)CCCCCCC)COC(=O)CCCCCCCCCCCCCCCCCCCCCCCCCCCCCCCCC)CCCCCCC,530,False,True,False,Normalized unit: Intensity; Annotation method: Msp20260116160945_NCDK_conventional_converted_dev_1,False,False,309,0,0.00,1.00,null,null,null,-1.00,-1.00,-0.143,6609.99,P Holpie Serum 4_GD1_01_66388,852.80145:751372 853.80612:457550 854.81079:134996,null,3061057,2656433,3023181,3238610,2994820.25971875,244356.922687617
310,19.261,853.72565,no MS2: TG 50:2|TG 8:0_8:0_34:2,[M+Na]+,null,1.00,False,14.271,853.72559,C53H98O6,TG,VZLKOMBMLGTLFF-UHFFFAOYSA-N,O=C(OCC(OC(=O)CCCCCCC)COC(=O)CCCCCCCCCCCCCCCCCCCCCC=CCC=CCCCCCCC)CCCCCCC,530,False,True,False,Normalized unit: Intensity; Annotation method: Msp20260116160945_NCDK_conventional_converted_dev_1,False,False,310,0,0.00,1.00,null,null,null,-1.00,-1.00,-0.143,1270.91,P Holpie Serum 5_GD1_01_66389,853.72565:138198 854.73031:72176 855.73498:21400,null,994941,950158,994470,1026496,991516.230609373,31382.0331184769
311,13.010,854.63959,no MS2: RIKEN P-VS1 ID-13569 from Mouse_Muscle_WT_N_F1AA,[M+H]+,null,1.00,False,9.700,854.63239,null,Unknown,null,null,530,False,True,False,Normalized unit: Intensity; Annotation method: Msp20260116160945_NCDK_conventional_converted_dev_1,False,False,311,0,0.00,0.91,null,null,null,-1.00,-1.00,-0.171,235.23,P Holpie Serum 3_GD1_01_66387,854.63617:77982 855.64084:42004 856.64550:10984,null,405074,373766,432065,442728,413408.260500001,30815.0010662616
312,19.657,855.74146,no MS2: TG 50:1|TG 8:0_8:0_34:1,[M+Na]+,null,0.25,False,14.765,855.74121,C53H100O6,TG,WLEHGRAGAYLVMG-UHFFFAOYSA-N,O=C(OCC(OC(=O)CCCCCCC)COC(=O)CCCCCCCCCCCCCCCCCCCCCCCC=CCCCCCCCC)CCCCCCC,530,False,True,False,Normalized unit: Intensity; Annotation method: Msp20260116160945_NCDK_conventional_converted_dev_1,False,False,312,0,0.00,1.00,null,null,null,-1.00,-1.00,-0.143,649.11,P Holpie Serum 3_GD1_01_66387,855.74146:55674 856.74612:29800 857.75079:9306,null,481311,496012,470281,453024,475156.912531249,18133.1994902434
313,18.562,858.75482,no MS2: TG 51:4|TG 8:0_9:0_34:4,[M+NH4]+,null,0.75,False,13.952,858.75452,C54H96O6,TG,JONYMDUNQJVTAE-UHFFFAOYSA-N,O=C(OCC(OC(=O)CCCCCCCC)COC(=O)CCCCCCCCCCCCCCCCCCCCC=CCC=CCC=CCC=CCC)CCCCCCC,530,False,True,False,Normalized unit: Intensity; Annotation method: Msp20260116160945_NCDK_conventional_converted_dev_1,False,False,313,0,0.00,1.00,null,null,null,-1.00,-1.00,-0.143,123.48,P Holpie Serum 4_GD1_01_66388,858.75464:75812 859.75931:48278 860.76397:15832,null,637352,563231,642437,651524,623635.955890622,40694.7308210281
314,18.233,860.76849,no MS2: TG 51:3|TG 8:0_9:0_34:3,[M+NH4]+,null,1.00,False,14.212,860.77020,C54H98O6,TG,CXEFTXACLQXSHA-UHFFFAOYSA-N,O=C(OCC(OC(=O)CCCCCCCC)COC(=O)CCCCCCCCCCCCCCCCCCC=CCC=CCC=CCCCCCCC)CCCCCCC,530,False,True,False,Normalized unit: Intensity; Annotation method: Msp20260116160945_NCDK_conventional_converted_dev_1,False,False,314,0,0.00,1.00,null,null,null,-1.00,-1.00,-0.144,555.39,P Holpie Serum 2_GD1_01_66386,860.76965:182476 861.77432:108086 862.77899:35866,null,1184741,1080085,1247905,1227220,1184987.59826561,74714.4596078072
315,18.997,860.76904,no MS2: TG 51:3|TG 8:0_9:0_34:3,[M+NH4]+,null,1.00,False,14.212,860.77020,C54H98O6,TG,CXEFTXACLQXSHA-UHFFFAOYSA-N,O=C(OCC(OC(=O)CCCCCCCC)COC(=O)CCCCCCCCCCCCCCCCCCC=CCC=CCC=CCCCCCCC)CCCCCCC,530,False,True,False,Normalized unit: Intensity; Annotation method: Msp20260116160945_NCDK_conventional_converted_dev_1,False,False,315,0,0.00,1.00,null,null,null,-1.00,-1.00,-0.143,945.16,P Holpie Serum 4_GD1_01_66388,860.77039:315412 861.77505:200362 862.77972:68664,null,1976779,1757454,1987735,2038893,1940215.44882812,124811.920301672
316,18.736,862.78436,no MS2: TG 51:2|TG 8:0_8:1_35:1,[M+NH4]+,null,1.00,False,14.615,862.78583,C54H100O6,TG,QSFMDQGXOXRHNU-UHFFFAOYSA-N,O=C(OCC(OC(=O)CCC=CCCC)COC(=O)CCCCCCCCCCCCCCCCCCCCCCC=CCCCCCCCCCC)CCCCCCC,530,False,True,False,Normalized unit: Intensity; Annotation method: Msp20260116160945_NCDK_conventional_converted_dev_1,False,False,316,0,0.00,1.00,null,null,null,-1.00,-1.00,-0.143,2911.89,P Holpie Serum 2_GD1_01_66386,862.78546:304872 863.79013:174498 864.79480:55472,null,2106286,1960281,2120605,2174911,2090520.95520313,91720.0359965251
317,19.413,862.78540,no MS2: TG 51:2|TG 8:0_8:1_35:1,[M+NH4]+,null,1.00,False,14.615,862.78583,C54H100O6,TG,QSFMDQGXOXRHNU-UHFFFAOYSA-N,O=C(OCC(OC(=O)CCC=CCCC)COC(=O)CCCCCCCCCCCCCCCCCCCCCCC=CCCCCCCCCCC)CCCCCCC,530,False,True,False,Normalized unit: Intensity; Annotation method: Msp20260116160945_NCDK_conventional_converted_dev_1,False,False,317,0,0.00,1.00,null,null,null,-1.00,-1.00,-0.143,3881.87,P Holpie Serum 2_GD1_01_66386,862.78571:455034 863.79037:284790 864.79504:93442,null,2781373,2439800,2912706,2953212,2771772.58592188,233152.761841593
318,19.214,864.80054,no MS2: TG 51:1|TG 8:0_8:0_35:1,[M+NH4]+,null,1.00,False,14.871,864.80151,C54H102O6,TG,OVVKXWWCKQETBC-UHFFFAOYSA-N,O=C(OCC(OC(=O)CCCCCCC)COC(=O)CCCCCCCCCCCCCCCCCCCCCCC=CCCCCCCCCCC)CCCCCCC,530,False,True,False,Normalized unit: Intensity; Annotation method: Msp20260116160945_NCDK_conventional_converted_dev_1,False,False,318,0,0.00,1.00,null,null,null,-1.00,-1.00,-0.144,2162.04,P Holpie Serum 4_GD1_01_66388,864.80103:204604 865.80569:117338 866.81036:37042,null,1145403,1123322,1115484,1105758,1122491.98875,16879.4167368348
319,19.847,864.80103,no MS2: TG 51:1|TG 8:0_8:0_35:1,[M+NH4]+,null,1.00,False,14.871,864.80151,C54H102O6,TG,OVVKXWWCKQETBC-UHFFFAOYSA-N,O=C(OCC(OC(=O)CCCCCCC)COC(=O)CCCCCCCCCCCCCCCCCCCCCCC=CCCCCCCCCCC)CCCCCCC,530,False,True,False,Normalized unit: Intensity; Annotation method: Msp20260116160945_NCDK_conventional_converted_dev_1,False,False,319,0,0.00,1.00,null,null,null,-1.00,-1.00,-0.143,1521.22,P Holpie Serum 4_GD1_01_66388,864.80145:176036 865.80612:111664 866.81079:37220,null,1346351,1154647,1323818,1364279,1297273.78926562,96514.9862250914
320,18.285,865.66943,no MS2: DG 53:10,[M+K]+,null,0.75,False,13.502,865.66803,C56H90O5,DG,FFYURHJCEVBYAZ-UHFFFAOYSA-N,O=C(OCC(OC(=O)CCCCCCC=CCC=CCC=CCC=CCC=CCC=CCC=CCC=CCC=CCC=CCC)CO)CCCCCCCCCCCCCC,530,False,True,False,Normalized unit: Intensity; Annotation method: Msp20260116160945_NCDK_conventional_converted_dev_1,False,False,320,0,0.00,1.00,null,null,null,-1.00,-1.00,-0.143,488.15,P Holpie Serum 5_GD1_01_66389,865.66797:74924 866.67264:43326 867.67730:16312,null,446015,502811,512390,528805,497505.330578122,35965.6907048291
321,19.696,866.81628,no MS2: TG 51:0|TG 8:0_8:0_35:0,[M+NH4]+,null,0.75,False,15.489,866.81708,C54H104O6,TG,ACDMHYASWCGITG-UHFFFAOYSA-N,O=C(OCC(OC(=O)CCCCCCC)COC(=O)CCCCCCCCCCCCCCCCCCCCCCCCCCCCCCCCCC)CCCCCCC,530,False,True,False,Normalized unit: Intensity; Annotation method: Msp20260116160945_NCDK_conventional_converted_dev_1,False,False,321,0,0.00,1.00,null,null,null,-1.00,-1.00,-0.144,899.36,P Holpie Serum 4_GD1_01_66388,866.81659:101966 867.82126:58846 868.82592:18546,null,727289,554813,573137,726153,645348.158343752,94260.1423239683
322,19.430,867.74121,no MS2: TG 51:2|TG 8:0_8:1_35:1,[M+Na]+,null,0.50,False,14.615,867.74121,C54H100O6,TG,QSFMDQGXOXRHNU-UHFFFAOYSA-N,O=C(OCC(OC(=O)CCC=CCCC)COC(=O)CCCCCCCCCCCCCCCCCCCCCCC=CCCCCCCCCCC)CCCCCCC,530,False,True,False,Normalized unit: Intensity; Annotation method: Msp20260116160945_NCDK_conventional_converted_dev_1,False,False,322,0,0.00,1.00,null,null,null,-1.00,-1.00,-0.143,625.22,P Holpie Serum 4_GD1_01_66388,867.74121:63072 868.74588:37940 869.75055:10634,null,395279,369164,415612,408487,397135.475453126,20461.8728693562
323,13.019,868.65631,no MS2: RIKEN P-VS1 ID-14051 from Mouse_Macrophage_WT_N_F1AA,[M+H]+,null,1.00,False,9.670,868.65637,null,Unknown,null,null,530,False,True,False,Normalized unit: Intensity; Annotation method: Msp20260116160945_NCDK_conventional_converted_dev_1,False,False,323,0,0.00,1.00,null,null,null,-1.00,-1.00,-0.129,474.83,P Holpie Serum 5_GD1_01_66389,868.65631:81552 869.66098:42864 870.66565:12866,null,452410,447566,470866,481080,462980.382437501,15696.443035237
324,18.385,870.75409,no MS2: TG 52:5|TG 8:0_8:0_36:5,[M+NH4]+,null,1.00,False,13.969,870.75452,C55H96O6,TG,OXXCYSJBSYMWQA-UHFFFAOYSA-N,O=C(OCC(OC(=O)CCCCCCC)COC(=O)CCCCCCCCCCCCCCCCCCCC=CCC=CCC=CCC=CCC=CCC)CCCCCCC,530,False,True,False,Normalized unit: Intensity; Annotation method: Msp20260116160945_NCDK_conventional_converted_dev_1,False,False,324,0,0.00,1.00,null,null,null,-1.00,-1.00,-0.143,6635.65,P Holpie Serum 4_GD1_01_66388,870.75476:919844 871.75943:559718 872.76410:178516,null,8660587,7533814,8686865,8779918,8415296.00550002,589880.443756904
325,18.806,872.77118,no MS2: TG 52:4|TG 8:0_8:0_36:4,[M+NH4]+,null,1.00,False,14.237,872.77020,C55H98O6,TG,TVCXNLFXLACFHK-UHFFFAOYSA-N,O=C(OCC(OC(=O)CCCCCCC)COC(=O)CCCCCCCCCCCCCCCCCCCCCCC=CCC=CCC=CCC=CCC)CCCCCCC,530,False,True,False,Normalized unit: Intensity; Annotation method: Msp20260116160945_NCDK_conventional_converted_dev_1,False,False,325,0,0.00,1.00,null,null,null,-1.00,-1.00,-0.143,49120.46,P Holpie Serum 5_GD1_01_66389,872.76984:10118860 873.77450:6514542 874.77917:1944592,null,56964959,51266435,56868161,57616526,55679020.4157814,2960435.4732925
326,19.083,872.77136,no MS2: TG 52:4|TG 8:0_8:0_36:4,[M+NH4]+,null,1.00,False,14.237,872.77020,C55H98O6,TG,TVCXNLFXLACFHK-UHFFFAOYSA-N,O=C(OCC(OC(=O)CCCCCCC)COC(=O)CCCCCCCCCCCCCCCCCCCCCCC=CCC=CCC=CCC=CCC)CCCCCCC,530,False,True,False,Normalized unit: Intensity; Annotation method: Msp20260116160945_NCDK_conventional_converted_dev_1,False,False,326,0,0.00,1.00,null,null,null,-1.00,-1.00,-0.143,1369.47,P Holpie Serum 5_GD1_01_66389,872.77014:329168 873.77481:199460 874.77948:68414,null,1549962,1569724,1587103,1574040,1570207.40407812,15386.5371173102
327,18.806,872.93347,no MS2: RIKEN P-VS1 ID-14223 from Mouse_SmallIntestine_WT_N_F1,[M+H]+,null,1.00,False,14.290,872.94012,null,Unknown,null,null,530,False,True,False,Normalized unit: Intensity; Annotation method: Msp20260116160945_NCDK_conventional_converted_dev_1,False,False,327,0,0.00,0.81,null,null,null,-1.00,-1.00,-0.214,2448.81,P Holpie Serum 4_GD1_01_66388,872.93445:185380 873.93912:107820 874.94378:9902,null,920353,843784,928579,947352,910016.635796879,45578.1784288999
328,18.806,873.05859,Unknown,[M+H]+,null,1.00,False,null,null,null,null,null,null,999,False,False,False,Normalized unit: Intensity,False,False,328,0,0.00,null,null,null,null,null,null,null,2038.33,P Holpie Serum 2_GD1_01_66386,873.06012:170658 874.06479:120992 875.06946:11270,null,861126,778677,839452,869846,837275.086890628,41102.4884177875
329,18.806,873.48285,Unknown,[M+H]+,null,1.00,False,null,null,null,null,null,null,999,False,False,False,Normalized unit: Intensity,False,False,329,0,0.00,null,null,null,null,null,null,null,2104.02,P Holpie Serum 5_GD1_01_66389,873.48285:297134 874.48752:174274 875.49218:12264,null,1347873,1171073,1317972,1387284,1306050.43221876,94355.7459867688
330,18.233,874.78552,no MS2: TG 52:3|TG 8:0_8:0_36:3,[M+NH4]+,null,1.00,False,14.469,874.78583,C55H100O6,TG,SMVJWGZQUSFCNG-UHFFFAOYSA-N,O=C(OCC(OC(=O)CCCCCCC)COC(=O)CCCCCCCCCCCCCCCCCCCCC=CCC=CCC=CCCCCCCC)CCCCCCC,530,False,True,False,Normalized unit: Intensity; Annotation method: Msp20260116160945_NCDK_conventional_converted_dev_1,False,False,330,0,0.00,1.00,null,null,null,-1.00,-1.00,-0.143,975.26,P Holpie Serum 4_GD1_01_66388,874.78552:114330 875.79019:67672 876.79486:31810,null,669023,610044,674772,677916,657938.917953118,32141.2876536254
331,19.231,874.78613,no MS2: TG 52:3|TG 8:0_8:0_36:3,[M+NH4]+,null,1.00,False,14.469,874.78583,C55H100O6,TG,SMVJWGZQUSFCNG-UHFFFAOYSA-N,O=C(OCC(OC(=O)CCCCCCC)COC(=O)CCCCCCCCCCCCCCCCCCCCC=CCC=CCC=CCCCCCCC)CCCCCCC,530,False,True,False,Normalized unit: Intensity; Annotation method: Msp20260116160945_NCDK_conventional_converted_dev_1,False,False,331,0,0.00,1.00,null,null,null,-1.00,-1.00,-0.143,159574.10,P Holpie Serum 5_GD1_01_66389,874.78613:13547790 875.79080:11617490 876.79547:3876952,null,84880250,80426029,83647302,86208093,83790418.6391404,2474703.99765902
332,19.222,874.94934,Unknown,[M+H]+,null,1.00,False,null,null,null,null,null,null,999,False,False,False,Normalized unit: Intensity,False,False,332,0,0.00,null,null,null,null,null,null,null,3767.75,P Holpie Serum 2_GD1_01_66386,874.94934:322302 875.95401:176506 876.95868:20700,null,1688005,1488135,1553547,1640515,1592550.309875,89136.8013131362
333,19.231,875.07788,Unknown,[M+H]+,null,1.00,False,null,null,null,null,null,null,999,False,False,False,Normalized unit: Intensity,False,False,333,0,0.00,null,null,null,null,null,null,null,3395.39,P Holpie Serum 4_GD1_01_66388,875.07788:259070 876.08255:188126 877.08722:34728,null,1400258,1298827,1383040,1384902,1366756.72495312,45939.2113017108
334,19.227,875.22156,Unknown,[M+H]+,null,1.00,False,null,null,null,null,null,null,999,False,False,False,Normalized unit: Intensity,False,False,334,0,0.00,null,null,null,null,null,null,null,1208.84,P Holpie Serum 5_GD1_01_66389,875.22156:146666 876.22623:72120 877.23089:0,null,475883,378828,524964,527410,476771.585421873,69475.2793919418
335,19.239,875.33820,Unknown,[M+H]+,null,0.50,False,null,null,null,null,null,null,999,False,False,False,Normalized unit: Intensity,False,False,335,0,0.00,null,null,null,null,null,null,null,848.60,P Holpie Serum 4_GD1_01_66388,875.33820:86996 876.34286:12290 877.34753:3670,null,267109,237377,302563,276701,270937.529921874,26921.9957440703
336,19.231,875.49878,Unknown,[M+H]+,null,1.00,False,null,null,null,null,null,null,999,False,False,False,Normalized unit: Intensity,False,False,336,0,0.00,null,null,null,null,null,null,null,5110.49,P Holpie Serum 5_GD1_01_66389,875.49878:568406 876.50345:336598 877.50811:57116,null,2719555,2420388,2649744,2750201,2634971.91143749,149104.507457944
337,18.393,875.70984,no MS2: TG 52:5|TG 8:0_8:0_36:5,[M+Na]+,null,1.00,False,13.969,875.70990,C55H96O6,TG,OXXCYSJBSYMWQA-UHFFFAOYSA-N,O=C(OCC(OC(=O)CCCCCCC)COC(=O)CCCCCCCCCCCCCCCCCCCC=CCC=CCC=CCC=CCC=CCC)CCCCCCC,530,False,True,False,Normalized unit: Intensity; Annotation method: Msp20260116160945_NCDK_conventional_converted_dev_1,False,False,337,0,0.00,1.00,null,null,null,-1.00,-1.00,-0.143,1316.75,P Holpie Serum 5_GD1_01_66389,875.70984:128534 876.71451:75594 877.71917:22678,null,1501879,1412397,1508060,1524396,1486682.90370313,50426.77048118
338,14.832,876.68414,no MS2: PC O-44:6|PC O-16:0_28:6,[M+H]+,null,0.75,False,12.408,876.68408,C52H94NO7P,EtherPC,IYYVNINVOLHLIG-UHFFFAOYSA-N,O=C(OC(COCCCCCCCCCCCCCCCC)COP(=O)([O-])OCC[N+](C)(C)C)CCCCCCCCC=CCC=CCC=CCC=CCC=CCC=CCC,530,False,True,False,Normalized unit: Intensity; Annotation method: Msp20260116160945_NCDK_conventional_converted_dev_1,False,False,338,0,0.00,1.00,null,null,null,-1.00,-1.00,-0.143,636.91,P Holpie Serum 5_GD1_01_66389,876.68414:79492 877.68881:46752 878.69348:13002,null,497313,425098,468317,491150,470469.545328125,32718.0402516328
339,18.736,876.80139,no MS2: TG 52:2|TG 8:0_8:0_36:2,[M+NH4]+,null,1.00,False,14.765,876.80151,C55H102O6,TG,RNPAKTRKCHCWDH-UHFFFAOYSA-N,O=C(OCC(OC(=O)CCCCCCC)COC(=O)CCCCCCCCCCCCCCCCCCCCCCCC=CCC=CCCCCCCC)CCCCCCC,530,False,True,False,Normalized unit: Intensity; Annotation method: Msp20260116160945_NCDK_conventional_converted_dev_1,False,False,339,0,0.00,1.00,null,null,null,-1.00,-1.00,-0.143,1799.19,P Holpie Serum 2_GD1_01_66386,876.80139:192860 877.80606:103024 878.81073:56384,null,1210957,1121911,1229390,1278330,1210146.96160938,65333.5474255459
340,19.634,876.80292,no MS2: TG 52:2|TG 8:0_8:0_36:2,[M+NH4]+,null,1.00,False,14.765,876.80151,C55H102O6,TG,RNPAKTRKCHCWDH-UHFFFAOYSA-N,O=C(OCC(OC(=O)CCCCCCC)COC(=O)CCCCCCCCCCCCCCCCCCCCCCCC=CCC=CCCCCCCC)CCCCCCC,530,False,True,False,Normalized unit: Intensity; Annotation method: Msp20260116160945_NCDK_conventional_converted_dev_1,False,False,340,0,0.00,1.00,null,null,null,-1.00,-1.00,-0.143,141593.90,P Holpie Serum 3_GD1_01_66387,876.80188:13293662 877.80655:10094540 878.81122:2967260,null,81408540,77493391,80153053,82350879,80351465.5196085,2107369.52732006
341,19.634,876.96582,Unknown,[M+H]+,null,1.00,False,null,null,null,null,null,null,999,False,False,False,Normalized unit: Intensity,False,False,341,0,0.00,null,null,null,null,null,null,null,3210.30,P Holpie Serum 2_GD1_01_66386,876.96539:285116 877.97006:178158 878.97473:29062,null,1588665,1509502,1604730,1517055,1554988.35409373,48704.1511984083
342,19.639,877.09479,Unknown,[M+H]+,null,1.00,False,null,null,null,null,null,null,999,False,False,False,Normalized unit: Intensity,False,False,342,0,0.00,null,null,null,null,null,null,null,2282.20,P Holpie Serum 4_GD1_01_66388,877.09479:234166 878.09946:163648 879.10412:33428,null,1394322,1305204,1399172,1384752,1370862.61621873,44180.3514189918
343,19.630,877.23456,Unknown,[M+H]+,null,1.00,False,null,null,null,null,null,null,999,False,False,False,Normalized unit: Intensity,False,False,343,0,0.00,null,null,null,null,null,null,null,780.11,P Holpie Serum 2_GD1_01_66386,877.23456:114064 878.23923:55256 879.24389:0,null,427625,329467,347146,417154,380347.871984367,49264.4687972591
344,19.634,877.51666,Unknown,[M+H]+,null,1.00,False,null,null,null,null,null,null,999,False,False,False,Normalized unit: Intensity,False,False,344,0,0.00,null,null,null,null,null,null,null,4634.17,P Holpie Serum 2_GD1_01_66386,877.51666:479280 878.52133:277908 879.52600:38350,null,2498663,2313464,2507400,2451243,2442692.56840622,89615.5488009851
345,18.793,877.72504,no MS2: TG 52:4|TG 8:0_8:0_36:4,[M+Na]+,null,1.00,False,14.237,877.72559,C55H98O6,TG,TVCXNLFXLACFHK-UHFFFAOYSA-N,O=C(OCC(OC(=O)CCCCCCC)COC(=O)CCCCCCCCCCCCCCCCCCCCCCC=CCC=CCC=CCC=CCC)CCCCCCC,530,False,True,False,Normalized unit: Intensity; Annotation method: Msp20260116160945_NCDK_conventional_converted_dev_1,False,False,345,0,0.00,1.00,null,null,null,-1.00,-1.00,-0.143,3006.40,P Holpie Serum 4_GD1_01_66388,877.72601:329704 878.73068:200642 879.73535:59600,null,2532081,2500094,2564070,2588847,2546272.95945313,38571.0459367836
346,15.647,878.70020,no MS2: PC O-44:5|PC O-16:0_28:5,[M+H]+,null,1.00,False,12.917,878.69971,C52H96NO7P,EtherPC,NKGFQIYBEVOJQB-UHFFFAOYSA-N,O=C(OC(COCCCCCCCCCCCCCCCC)COP(=O)([O-])OCC[N+](C)(C)C)CCCCCCCCCCCC=CCC=CCC=CCC=CCC=CCC,530,False,True,False,Normalized unit: Intensity; Annotation method: Msp20260116160945_NCDK_conventional_converted_dev_1,False,False,346,0,0.00,1.00,null,null,null,-1.00,-1.00,-0.143,841.76,P Holpie Serum 5_GD1_01_66389,878.69952:120210 879.70419:68670 880.70886:19764,null,703376,604854,754900,726789,697479.597453125,65244.2081047296
347,20.055,878.81714,no MS2: TG 52:1|TG 8:0_8:0_36:1,[M+NH4]+,null,1.00,False,15.104,878.81708,C55H104O6,TG,SQUKIHAMTAEABK-UHFFFAOYSA-N,O=C(OCC(OC(=O)CCCCCCC)COC(=O)CCCCCCCCCCCCCCCCCCCCCCCC=CCCCCCCCCCC)CCCCCCC,530,False,True,False,Normalized unit: Intensity; Annotation method: Msp20260116160945_NCDK_conventional_converted_dev_1,False,False,347,0,0.00,1.00,null,null,null,-1.00,-1.00,-0.143,21837.11,P Holpie Serum 5_GD1_01_66389,878.81714:2655380 879.82181:1737968 880.82647:551152,null,10709147,9399206,10988152,11147387,10560972.878875,795407.952720468
348,19.253,879.74072,no MS2: TG 52:3|TG 8:0_8:0_36:3,[M+Na]+,null,1.00,False,14.469,879.74121,C55H100O6,TG,SMVJWGZQUSFCNG-UHFFFAOYSA-N,O=C(OCC(OC(=O)CCCCCCC)COC(=O)CCCCCCCCCCCCCCCCCCCCC=CCC=CCC=CCCCCCCC)CCCCCCC,530,False,True,False,Normalized unit: Intensity; Annotation method: Msp20260116160945_NCDK_conventional_converted_dev_1,False,False,348,0,0.00,1.00,null,null,null,-1.00,-1.00,-0.143,4170.57,P Holpie Serum 4_GD1_01_66388,879.74109:378622 880.74576:227806 881.75042:63780,null,2807001,2756212,2783118,2818149,2791120.13357812,27479.5461879262
349,11.830,880.59448,no MS2: PI 36:2,[M+NH4]+,null,0.75,False,8.487,880.59100,C45H83O13P,PI,MTZOYTZXXAANDJ-UHFFFAOYSA-N,O=C(OCC(OC(=O)CCCCCCCCCCCCCCCCCC=CCC=CCCCCCCC)COP(=O)(O)OC1C(O)C(O)C(O)C(O)C1O)CCCCC,530,False,True,False,Normalized unit: Intensity; Annotation method: Msp20260116160945_NCDK_conventional_converted_dev_1,False,False,349,0,0.00,1.00,null,null,null,-1.00,-1.00,-0.143,445.50,P Holpie Serum 2_GD1_01_66386,880.59119:69948 881.59585:34080 882.60052:8828,null,337667,311108,359470,379091,346834.1435,29214.8880959517
350,20.450,880.83228,no MS2: TG 52:0|TG 8:0_8:0_36:0,[M+NH4]+,null,1.00,False,15.344,880.83282,C55H106O6,TG,BSJPVRXTJVRYDO-UHFFFAOYSA-N,O=C(OCC(OC(=O)CCCCCCC)COC(=O)CCCCCCCCCCCCCCCCCCCCCCCCCCCCCCCCCCC)CCCCCCC,530,False,True,False,Normalized unit: Intensity; Annotation method: Msp20260116160945_NCDK_conventional_converted_dev_1,False,False,350,0,0.00,1.00,null,null,null,-1.00,-1.00,-0.144,969.90,P Holpie Serum 5_GD1_01_66389,880.83228:126808 881.83694:76024 882.84161:23042,null,544519,493086,544464,551238,533326.918281248,27015.0059536924
351,19.604,881.75769,no MS2: TG 52:2|TG 8:0_8:0_36:2,[M+Na]+,null,1.00,False,14.765,881.75690,C55H102O6,TG,RNPAKTRKCHCWDH-UHFFFAOYSA-N,O=C(OCC(OC(=O)CCCCCCC)COC(=O)CCCCCCCCCCCCCCCCCCCCCCCC=CCC=CCCCCCCC)CCCCCCC,530,False,True,False,Normalized unit: Intensity; Annotation method: Msp20260116160945_NCDK_conventional_converted_dev_1,False,False,351,0,0.00,1.00,null,null,null,-1.00,-1.00,-0.143,1895.43,P Holpie Serum 2_GD1_01_66386,881.75714:236440 882.76181:135036 883.76648:40498,null,1615147,1620068,1620659,1574562,1607609.00932812,22169.5608811061
352,20.055,883.77313,no MS2: TG 52:1|TG 8:0_8:0_36:1,[M+Na]+,null,1.00,False,15.104,883.77252,C55H104O6,TG,SQUKIHAMTAEABK-UHFFFAOYSA-N,O=C(OCC(OC(=O)CCCCCCC)COC(=O)CCCCCCCCCCCCCCCCCCCCCCCC=CCCCCCCCCCC)CCCCCCC,530,False,True,False,Normalized unit: Intensity; Annotation method: Msp20260116160945_NCDK_conventional_converted_dev_1,False,False,352,0,0.00,1.00,null,null,null,-1.00,-1.00,-0.143,1426.70,P Holpie Serum 5_GD1_01_66389,883.77252:222104 884.77719:135280 885.78186:40568,null,1106760,1039278,1115247,1090849,1088033.51015625,34040.7805699039
353,18.294,886.78381,no MS2: TG 53:4|TG 8:0_9:0_36:4,[M+NH4]+,null,1.00,False,14.667,886.78583,C56H100O6,TG,DKDMJQMLAKSNCB-UHFFFAOYSA-N,O=C(OCC(OC(=O)CCCCCCCC)COC(=O)CCCCCCCCCCCCCCCCCCCCCCC=CCC=CCC=CCC=CCC)CCCCCCC,530,False,True,False,Normalized unit: Intensity; Annotation method: Msp20260116160945_NCDK_conventional_converted_dev_1,False,False,353,0,0.00,1.00,null,null,null,-1.00,-1.00,-0.145,2410.87,P Holpie Serum 2_GD1_01_66386,886.78510:215452 887.78976:135514 888.79443:42062,null,1751803,1609457,1765221,1810952,1734358.28249999,87032.115465663
354,19.031,886.78516,no MS2: TG 53:4|TG 8:0_9:0_36:4,[M+NH4]+,null,1.00,False,14.667,886.78583,C56H100O6,TG,DKDMJQMLAKSNCB-UHFFFAOYSA-N,O=C(OCC(OC(=O)CCCCCCCC)COC(=O)CCCCCCCCCCCCCCCCCCCCCCC=CCC=CCC=CCC=CCC)CCCCCCC,530,False,True,False,Normalized unit: Intensity; Annotation method: Msp20260116160945_NCDK_conventional_converted_dev_1,False,False,354,0,0.00,1.00,null,null,null,-1.00,-1.00,-0.144,1602.14,P Holpie Serum 2_GD1_01_66386,886.78632:129772 887.79098:104240 888.79565:46676,null,1294382,1145227,1319617,1366050,1281319.1038125,95459.5521623314
355,18.754,887.78198,no MS2: SL 52:1;O2|SL 16:1;O/36:0;O,[M+NH4]+,null,1.00,False,13.348,887.78442,C52H103NO6S,SL,OTPOJKKXGSCVFS-UHFFFAOYSA-N,O=C(N(CC(O)C=CCCCCCCCCCCC)CS(=O)(=O)O)C(O)CCCCCCCCCCCCCCCCCCCCCCCCCCCCCCCCCC,530,False,True,False,Normalized unit: Intensity; Annotation method: Msp20260116160945_NCDK_conventional_converted_dev_1,False,False,355,0,0.00,0.96,null,null,null,-1.00,-1.00,-0.161,1870.39,P Holpie Serum 2_GD1_01_66386,887.78198:194618 888.78665:0 889.79132:0,null,1043443,972616,1031708,1013195,1015240.538125,31024.8646094614
356,19.430,888.80084,no MS2: TG 53:3|TG 8:0_9:0_36:3,[M+NH4]+,null,1.00,False,14.452,888.80151,C56H102O6,TG,PROAZUBDFFEGFS-UHFFFAOYSA-N,O=C(OCC(OC(=O)CCCCCCCC)COC(=O)CCCCCCCCCCCCCCCCCCCCC=CCC=CCC=CCCCCCCC)CCCCCCC,530,False,True,False,Normalized unit: Intensity; Annotation method: Msp20260116160945_NCDK_conventional_converted_dev_1,False,False,356,0,0.00,1.00,null,null,null,-1.00,-1.00,-0.143,2805.46,P Holpie Serum 2_GD1_01_66386,888.80133:257424 889.80600:205370 890.81067:91918,null,2207363,1924192,2194241,2257296,2145772.89362501,150197.487435569
357,19.222,889.79688,no MS2: SL 52:0;O2|SL 16:0;O/36:0;O,[M+NH4]+,null,1.00,False,13.492,889.80011,C52H105NO6S,SL,KUTAXGAHVKPUNJ-UHFFFAOYSA-N,O=C(N(CC(O)CCCCCCCCCCCCC)CS(=O)(=O)O)C(O)CCCCCCCCCCCCCCCCCCCCCCCCCCCCCCCCCC,530,False,True,False,Normalized unit: Intensity; Annotation method: Msp20260116160945_NCDK_conventional_converted_dev_1,False,False,357,0,0.00,0.97,null,null,null,-1.00,-1.00,-0.160,2146.27,P Holpie Serum 4_GD1_01_66388,889.79779:140524 890.80246:0 891.80713:0,null,1316895,1277006,1311483,1340082,1311366.25498437,26049.9476533037
358,19.829,890.81659,no MS2: TG 53:2|TG 8:0_8:1_37:1,[M+NH4]+,null,1.00,False,15.003,890.81708,C56H104O6,TG,PYYLIQYOBHNTCW-UHFFFAOYSA-N,O=C(OCC(OC(=O)CCC=CCCC)COC(=O)CCCCCCCCCCCCCCCCCCCCCCCCC=CCCCCCCCCCC)CCCCCCC,530,False,True,False,Normalized unit: Intensity; Annotation method: Msp20260116160945_NCDK_conventional_converted_dev_1,False,False,358,0,0.00,1.00,null,null,null,-1.00,-1.00,-0.143,1963.77,P Holpie Serum 4_GD1_01_66388,890.81677:221018 891.82144:160468 892.82611:63930,null,1587737,1366281,1605282,1676049,1558837.28290625,133926.218430542
359,18.411,891.68475,no MS2: RIKEN P-VS1 ID-14882 from Mouse_Spleen_WT_N_F1,[M+K]+,null,1.00,False,14.000,891.68628,null,Unknown,null,null,530,False,True,False,Normalized unit: Intensity; Annotation method: Msp20260116160945_NCDK_conventional_converted_dev_1,False,False,359,0,0.00,0.99,null,null,null,-1.00,-1.00,-0.135,980.84,P Holpie Serum 2_GD1_01_66386,891.68475:94056 892.68942:52026 893.69409:19900,null,1227248,1195231,1174992,1142676,1185036.86857813,35501.4862183326
360,19.665,892.82996,no MS2: TG 53:1|TG 8:0_8:0_37:1,[M+NH4]+,null,1.00,False,15.399,892.83282,C56H106O6,TG,BMWFTUMDRGAGKC-UHFFFAOYSA-N,O=C(OCC(OC(=O)CCCCCCC)COC(=O)CCCCCCCCCCCCCCCCCCCCCCCCC=CCCCCCCCCCC)CCCCCCC,530,False,True,False,Normalized unit: Intensity; Annotation method: Msp20260116160945_NCDK_conventional_converted_dev_1,False,False,360,0,0.00,0.99,null,null,null,-1.00,-1.00,-0.148,2904.01,P Holpie Serum 4_GD1_01_66388,892.83148:345976 893.83615:213166 894.84082:65586,null,2983582,2937627,2979781,3044895,2986471.49321874,44167.2555249662
361,17.907,894.75378,no MS2: TG 54:7|TG 8:0_8:0_38:7,[M+NH4]+,null,1.00,False,13.258,894.75452,C57H96O6,TG,VGEWCLLUPAZUPL-UHFFFAOYSA-N,O=C(OCC(OC(=O)CCCCCCC)COC(=O)CCCCCCCCCCCCCCCC=CCC=CCC=CCC=CCC=CCC=CCC=CCC)CCCCCCC,530,False,True,False,Normalized unit: Intensity; Annotation method: Msp20260116160945_NCDK_conventional_converted_dev_1,False,False,361,0,0.00,1.00,null,null,null,-1.00,-1.00,-0.143,1154.68,P Holpie Serum 4_GD1_01_66388,894.75439:230970 895.75906:147358 896.76373:47754,null,1621341,1475438,1445553,1666122,1552113.70517187,108050.133810153
362,20.085,894.84637,no MS2: TG 53:0|TG 8:0_8:0_37:0,[M+NH4]+,null,1.00,False,15.762,894.84839,C56H108O6,TG,HEXLWJCDOYRQGE-UHFFFAOYSA-N,O=C(OCC(OC(=O)CCCCCCC)COC(=O)CCCCCCCCCCCCCCCCCCCCCCCCCCCCCCCCCCCC)CCCCCCC,530,False,True,False,Normalized unit: Intensity; Annotation method: Msp20260116160945_NCDK_conventional_converted_dev_1,False,False,362,0,0.00,0.99,null,null,null,-1.00,-1.00,-0.146,1553.61,P Holpie Serum 4_GD1_01_66388,894.84741:260268 895.85208:164682 896.85675:49998,null,1318171,1241996,1300829,1285052,1286511.72365625,32614.2024341694
363,19.287,895.71497,no MS2: DG 55:9,[M+Na]+,null,1.00,False,13.576,895.71503,C58H96O5,DG,KRXFGMFPLRYSPY-UHFFFAOYSA-N,O=C(OCC(OC(=O)CCCCCCCCCC=CCC=CCC=CCC=CCC=CCC=CCC=CCC=CCC=CCC)CO)CCCCCCCCCCCCCCCC,530,False,True,False,Normalized unit: Intensity; Annotation method: Msp20260116160945_NCDK_conventional_converted_dev_1,False,False,363,0,0.00,1.00,null,null,null,-1.00,-1.00,-0.143,791.63,P Holpie Serum 2_GD1_01_66386,895.71497:85292 896.71963:50532 897.72430:18230,null,768129,757705,710430,731284,741887.230234374,26082.0345251143
364,18.363,896.76990,no MS2: TG 54:6|TG 8:0_8:0_38:6,[M+NH4]+,null,1.00,False,13.776,896.77020,C57H98O6,TG,MPJPHTZTJJUBFS-UHFFFAOYSA-N,O=C(OCC(OC(=O)CCCCCCC)COC(=O)CCCCCCCCCCCCCCCCCCC=CCC=CCC=CCC=CCC=CCC=CCC)CCCCCCC,530,False,True,False,Normalized unit: Intensity; Annotation method: Msp20260116160945_NCDK_conventional_converted_dev_1,False,False,364,0,0.00,1.00,null,null,null,-1.00,-1.00,-0.143,7312.44,P Holpie Serum 4_GD1_01_66388,896.77045:1212352 897.77511:837562 898.77978:299494,null,7972238,7131966,8003073,8330483,7859439.75814068,511355.606642888
365,18.649,896.76990,no MS2: TG 54:6|TG 8:0_8:0_38:6,[M+NH4]+,null,1.00,False,13.776,896.77020,C57H98O6,TG,MPJPHTZTJJUBFS-UHFFFAOYSA-N,O=C(OCC(OC(=O)CCCCCCC)COC(=O)CCCCCCCCCCCCCCCCCCC=CCC=CCC=CCC=CCC=CCC=CCC)CCCCCCC,530,False,True,False,Normalized unit: Intensity; Annotation method: Msp20260116160945_NCDK_conventional_converted_dev_1,False,False,365,0,0.00,1.00,null,null,null,-1.00,-1.00,-0.143,3176.47,P Holpie Serum 3_GD1_01_66387,896.77008:581042 897.77475:374164 898.77942:119768,null,4201630,3533206,4168746,4481419,4096250.37934376,400721.926278898
366,18.806,898.78510,no MS2: TG 54:5|TG 8:0_8:0_38:5,[M+NH4]+,null,1.00,False,14.112,898.78583,C57H100O6,TG,QEUNXFKXMXOSEM-UHFFFAOYSA-N,O=C(OCC(OC(=O)CCCCCCC)COC(=O)CCCCCCCCCCCCCCCCCCCCCC=CCC=CCC=CCC=CCC=CCC)CCCCCCC,530,False,True,False,Normalized unit: Intensity; Annotation method: Msp20260116160945_NCDK_conventional_converted_dev_1,False,False,366,0,0.00,1.00,null,null,null,-1.00,-1.00,-0.143,37600.14,P Holpie Serum 3_GD1_01_66387,898.78589:3659808 899.79056:2515870 900.79522:854098,null,24317284,22455416,24516062,25424726,24178372.1405157,1245700.1917803
367,19.075,898.78552,no MS2: TG 54:5|TG 8:0_8:0_38:5,[M+NH4]+,null,1.00,False,14.112,898.78583,C57H100O6,TG,QEUNXFKXMXOSEM-UHFFFAOYSA-N,O=C(OCC(OC(=O)CCCCCCC)COC(=O)CCCCCCCCCCCCCCCCCCCCCC=CCC=CCC=CCC=CCC=CCC)CCCCCCC,530,False,True,False,Normalized unit: Intensity; Annotation method: Msp20260116160945_NCDK_conventional_converted_dev_1,False,False,367,0,0.00,1.00,null,null,null,-1.00,-1.00,-0.143,10262.05,P Holpie Serum 3_GD1_01_66387,898.78571:1138138 899.79037:739780 900.79504:246640,null,5766757,5267664,5874993,5777650,5671765.93453124,273760.581599847
368,18.806,899.50793,Unknown,[M+H]+,null,1.00,False,null,null,null,null,null,null,999,False,False,False,Normalized unit: Intensity,False,False,368,0,0.00,null,null,null,null,null,null,null,437.72,P Holpie Serum 5_GD1_01_66389,899.50793:112078 900.51260:51104 901.51727:1824,null,349532,299478,386401,423676,364771.667234377,53019.1711543872
369,20.055,899.74500,no MS2: RIKEN P-VS1 ID-15168 from Mouse_Kidney_WT_N_F1AA,[M+K]+,null,1.00,False,15.130,899.74469,null,Unknown,null,null,530,False,True,False,Normalized unit: Intensity; Annotation method: Msp20260116160945_NCDK_conventional_converted_dev_1,False,False,369,0,0.00,1.00,null,null,null,-1.00,-1.00,-0.129,597.43,P Holpie Serum 3_GD1_01_66387,899.74500:77908 900.74966:46354 901.75433:16700,null,463369,477806,466034,449833,464260.390625001,11483.0931008365
370,19.222,900.80054,no MS2: TG 54:4|TG 8:0_8:0_38:4,[M+NH4]+,null,1.00,False,14.090,900.80151,C57H102O6,TG,SDHHDMYGROQKNA-UHFFFAOYSA-N,O=C(OCC(OC(=O)CCCCCCC)COC(=O)CCCCCCCCCCCCCCCCCCCCCCCCC=CCC=CCC=CCC=CCC)CCCCCCC,530,False,True,False,Normalized unit: Intensity; Annotation method: Msp20260116160945_NCDK_conventional_converted_dev_1,False,False,370,0,0.00,1.00,null,null,null,-1.00,-1.00,-0.143,56633.21,P Holpie Serum 4_GD1_01_66388,900.80145:5582428 901.80612:3785506 902.81079:1285684,null,34117646,31978024,33897479,35807953,33950275.3758593,1567539.56839073
371,18.294,900.80078,no MS2: TG 54:4|TG 8:0_8:0_38:4,[M+NH4]+,null,1.00,False,14.090,900.80151,C57H102O6,TG,SDHHDMYGROQKNA-UHFFFAOYSA-N,O=C(OCC(OC(=O)CCCCCCC)COC(=O)CCCCCCCCCCCCCCCCCCCCCCCCC=CCC=CCC=CCC=CCC)CCCCCCC,530,False,True,False,Normalized unit: Intensity; Annotation method: Msp20260116160945_NCDK_conventional_converted_dev_1,False,False,371,0,0.00,1.00,null,null,null,-1.00,-1.00,-0.143,1064.46,P Holpie Serum 3_GD1_01_66387,900.80151:121006 901.80618:68928 902.81085:26748,null,1036412,943416,1043129,1037687,1015161.03498437,47918.7342931854
372,19.218,900.96771,Unknown,[M+H]+,null,1.00,False,null,null,null,null,null,null,999,False,False,False,Normalized unit: Intensity,False,False,372,0,0.00,null,null,null,null,null,null,null,1175.71,P Holpie Serum 4_GD1_01_66388,900.96771:106666 901.97238:44116 902.97705:0,null,469856,437387,514434,479164,475210.142593749,31693.1929722569
373,19.222,901.09241,Unknown,[M+H]+,null,1.00,False,null,null,null,null,null,null,999,False,False,False,Normalized unit: Intensity,False,False,373,0,0.00,null,null,null,null,null,null,null,1214.62,P Holpie Serum 4_GD1_01_66388,901.09241:113560 902.09707:60948 903.10174:2222,null,471012,446495,546613,513739,494464.921624999,44505.1104583219
374,19.222,901.52588,Unknown,[M+H]+,null,1.00,False,null,null,null,null,null,null,999,False,False,False,Normalized unit: Intensity,False,False,374,0,0.00,null,null,null,null,null,null,null,1151.09,P Holpie Serum 4_GD1_01_66388,901.52588:154790 902.53055:85774 903.53521:1464,null,662879,585293,670446,659151,644442.209499998,39711.8825705415
375,18.367,901.72559,no MS2: TG 54:6|TG 8:0_8:0_38:6,[M+Na]+,null,1.00,False,13.776,901.72559,C57H98O6,TG,MPJPHTZTJJUBFS-UHFFFAOYSA-N,O=C(OCC(OC(=O)CCCCCCC)COC(=O)CCCCCCCCCCCCCCCCCCC=CCC=CCC=CCC=CCC=CCC=CCC)CCCCCCC,530,False,True,False,Normalized unit: Intensity; Annotation method: Msp20260116160945_NCDK_conventional_converted_dev_1,False,False,375,0,0.00,1.00,null,null,null,-1.00,-1.00,-0.143,1441.25,P Holpie Serum 5_GD1_01_66389,901.72559:159532 902.73025:103146 903.73492:30522,null,1304278,1230425,1276342,1300068,1277778.60875001,33879.6446041506
376,18.640,901.72638,no MS2: TG 54:6|TG 8:0_8:0_38:6,[M+Na]+,null,0.50,False,13.776,901.72559,C57H98O6,TG,MPJPHTZTJJUBFS-UHFFFAOYSA-N,O=C(OCC(OC(=O)CCCCCCC)COC(=O)CCCCCCCCCCCCCCCCCCC=CCC=CCC=CCC=CCC=CCC=CCC)CCCCCCC,530,False,True,False,Normalized unit: Intensity; Annotation method: Msp20260116160945_NCDK_conventional_converted_dev_1,False,False,376,0,0.00,1.00,null,null,null,-1.00,-1.00,-0.143,793.45,P Holpie Serum 4_GD1_01_66388,901.72595:105454 902.73062:64748 903.73529:19730,null,603656,542704,578118,600590,581267.078609375,28116.7926335437
377,18.997,902.81470,no MS2: TG 54:3|TG 8:0_8:0_38:3,[M+NH4]+,null,1.00,False,14.407,902.81708,C57H104O6,TG,RCSKZUBNPPWQCB-UHFFFAOYSA-N,O=C(OCC(OC(=O)CCCCCCC)COC(=O)CCCCCCCCCCCCCCCCCCCCCCC=CCC=CCC=CCCCCCCC)CCCCCCC,530,False,True,False,Normalized unit: Intensity; Annotation method: Msp20260116160945_NCDK_conventional_converted_dev_1,False,False,377,0,0.00,0.99,null,null,null,-1.00,-1.00,-0.147,1239.43,P Holpie Serum 4_GD1_01_66388,902.81598:184150 903.82065:111220 904.82531:38118,null,1155965,1041446,1159953,1212520,1142470.99428125,72112.5213178954
378,19.630,902.81775,no MS2: TG 54:3|TG 8:0_8:0_38:3,[M+NH4]+,null,1.00,False,14.407,902.81708,C57H104O6,TG,RCSKZUBNPPWQCB-UHFFFAOYSA-N,O=C(OCC(OC(=O)CCCCCCC)COC(=O)CCCCCCCCCCCCCCCCCCCCCCC=CCC=CCC=CCCCCCCC)CCCCCCC,530,False,True,False,Normalized unit: Intensity; Annotation method: Msp20260116160945_NCDK_conventional_converted_dev_1,False,False,378,0,0.00,1.00,null,null,null,-1.00,-1.00,-0.143,38986.49,P Holpie Serum 5_GD1_01_66389,902.81732:4078626 903.82199:2826546 904.82666:915850,null,30994234,29095806,31852824,31265959,30802205.7771403,1192691.91175244
379,19.634,902.98370,Unknown,[M+H]+,null,1.00,False,null,null,null,null,null,null,999,False,False,False,Normalized unit: Intensity,False,False,379,0,0.00,null,null,null,null,null,null,null,1261.85,P Holpie Serum 5_GD1_01_66389,902.98370:87690 903.98837:40788 904.99304:0,null,489226,433069,510589,521489,488593.051343744,39366.7192553588
380,19.630,903.10742,Unknown,[M+H]+,null,1.00,False,null,null,null,null,null,null,999,False,False,False,Normalized unit: Intensity,False,False,380,0,0.00,null,null,null,null,null,null,null,1135.72,P Holpie Serum 4_GD1_01_66388,903.10742:95700 904.11209:40936 905.11676:1862,null,478194,425785,525681,503760,483355.029937493,43006.7534272724
381,19.630,903.54279,Unknown,[M+H]+,null,1.00,False,null,null,null,null,null,null,999,False,False,False,Normalized unit: Intensity,False,False,381,0,0.00,null,null,null,null,null,null,null,1137.85,P Holpie Serum 4_GD1_01_66388,903.54279:122514 904.54745:45092 905.55212:1244,null,644817,577153,684084,644032,637521.506671867,44377.3798971279
382,18.788,903.74103,no MS2: TG 54:5|TG 8:0_8:0_38:5,[M+Na]+,null,1.00,False,14.112,903.74121,C57H100O6,TG,QEUNXFKXMXOSEM-UHFFFAOYSA-N,O=C(OCC(OC(=O)CCCCCCC)COC(=O)CCCCCCCCCCCCCCCCCCCCCC=CCC=CCC=CCC=CCC=CCC)CCCCCCC,530,False,True,False,Normalized unit: Intensity; Annotation method: Msp20260116160945_NCDK_conventional_converted_dev_1,False,False,382,0,0.00,1.00,null,null,null,-1.00,-1.00,-0.143,981.41,P Holpie Serum 5_GD1_01_66389,903.74103:152324 904.74570:87420 905.75036:27528,null,751519,771561,776618,783761,770864.826687502,13834.1467365501
383,11.588,904.59332,no MS2: TG 51:13;O4|TG 15:4_16:4_20:5;O4,[M+NH4]+,null,1.00,False,9.610,904.59332,C54H78O10,OxTG,OLKZZFUSLLZFHS-UHFFFAOYSA-N,O=C(OCC(OC(=O)CCC=CCC=CCC=CCC=CCC)COC(=O)CCC(O)C=CCC=CCC(O)C=CC=CC=CC(O)C(O)C)CC=CCC=CCC=CCC=CCC,530,False,True,False,Normalized unit: Intensity; Annotation method: Msp20260116160945_NCDK_conventional_converted_dev_1,False,False,383,0,0.00,1.00,null,null,null,-1.00,-1.00,-0.143,1016.42,P Holpie Serum 5_GD1_01_66389,904.59332:244114 905.59799:131718 906.60266:35776,null,1103702,930452,1109407,1157407,1075242.28107813,99485.9948729554
384,19.422,904.83112,no MS2: TG 54:2|TG 8:0_8:0_38:2,[M+NH4]+,null,1.00,False,14.863,904.83282,C57H106O6,TG,CJABAEYPPMEUSO-UHFFFAOYSA-N,O=C(OCC(OC(=O)CCCCCCC)COC(=O)CCCCCCCCCCCCCCCCCCCCCCCCCC=CCC=CCCCCCCC)CCCCCCC,530,False,True,False,Normalized unit: Intensity; Annotation method: Msp20260116160945_NCDK_conventional_converted_dev_1,False,False,384,0,0.00,0.98,null,null,null,-1.00,-1.00,-0.152,1327.31,P Holpie Serum 4_GD1_01_66388,904.83112:238732 905.83578:147558 906.84045:48904,null,1416453,1241345,1508419,1476669,1410721.6124375,119184.80194824
385,20.038,904.83258,no MS2: TG 54:2|TG 8:0_8:0_38:2,[M+NH4]+,null,1.00,False,14.863,904.83282,C57H106O6,TG,CJABAEYPPMEUSO-UHFFFAOYSA-N,O=C(OCC(OC(=O)CCCCCCC)COC(=O)CCCCCCCCCCCCCCCCCCCCCCCCCC=CCC=CCCCCCCC)CCCCCCC,530,False,True,False,Normalized unit: Intensity; Annotation method: Msp20260116160945_NCDK_conventional_converted_dev_1,False,False,385,0,0.00,1.00,null,null,null,-1.00,-1.00,-0.143,14406.17,P Holpie Serum 4_GD1_01_66388,904.83295:1948828 905.83761:1357714 906.84228:484692,null,9168367,8104850,9140631,9468926,8970693.81025004,596063.106387077
386,19.287,905.75653,no MS2: TG 54:4|TG 8:0_8:0_38:4,[M+Na]+,null,1.00,False,14.090,905.75690,C57H102O6,TG,SDHHDMYGROQKNA-UHFFFAOYSA-N,O=C(OCC(OC(=O)CCCCCCC)COC(=O)CCCCCCCCCCCCCCCCCCCCCCCCC=CCC=CCC=CCC=CCC)CCCCCCC,530,False,True,False,Normalized unit: Intensity; Annotation method: Msp20260116160945_NCDK_conventional_converted_dev_1,False,False,386,0,0.00,1.00,null,null,null,-1.00,-1.00,-0.143,847.60,P Holpie Serum 4_GD1_01_66388,905.75708:132680 906.76175:82982 907.76642:24584,null,1224171,1282511,1297937,1309759,1278594.474625,37959.0648172926
387,16.420,906.25873,no MS2: RIKEN P-VS1 ID-15392 from Mouse_Macrophage_WT_N_F1AA,[M+H]+,null,1.00,False,12.910,906.26593,null,Unknown,null,null,530,False,True,False,Normalized unit: Intensity; Annotation method: Msp20260116160945_NCDK_conventional_converted_dev_1,False,False,387,0,0.00,0.85,null,null,null,-1.00,-1.00,-0.198,1554.79,P Holpie Serum 2_GD1_01_66386,906.26068:176236 907.26535:152462 908.27002:0,null,1796696,1683827,1858290,1824721,1790883.44664063,75682.3246760054
388,20.419,906.84906,no MS2: TG 54:1|TG 8:0_8:0_38:1,[M+NH4]+,null,1.00,False,15.126,906.84839,C57H108O6,TG,LELWTXMKFFCBDE-UHFFFAOYSA-N,O=C(OCC(OC(=O)CCCCCCC)COC(=O)CCCCCCCCCCCCCCCCCCCCCCCCCC=CCCCCCCCCCC)CCCCCCC,530,False,True,False,Normalized unit: Intensity; Annotation method: Msp20260116160945_NCDK_conventional_converted_dev_1,False,False,388,0,0.00,1.00,null,null,null,-1.00,-1.00,-0.144,1246.85,P Holpie Serum 4_GD1_01_66388,906.84906:201868 907.85373:143400 908.85840:50926,null,870959,783603,890180,874868,854902.524796874,48251.1624400816
389,19.588,907.77069,no MS2: TG 54:3|TG 8:0_8:0_38:3,[M+Na]+,null,0.25,False,14.407,907.77252,C57H104O6,TG,RCSKZUBNPPWQCB-UHFFFAOYSA-N,O=C(OCC(OC(=O)CCCCCCC)COC(=O)CCCCCCCCCCCCCCCCCCCCCCC=CCC=CCC=CCCCCCCC)CCCCCCC,530,False,True,False,Normalized unit: Intensity; Annotation method: Msp20260116160945_NCDK_conventional_converted_dev_1,False,False,389,0,0.00,0.98,null,null,null,-1.00,-1.00,-0.153,794.39,P Holpie Serum 3_GD1_01_66387,907.77069:115666 908.77536:69992 909.78003:19928,null,532267,539885,527952,501345,525362.336421871,16754.138568309
390,20.038,909.78711,no MS2: TG 54:2|TG 8:0_8:0_38:2,[M+Na]+,null,1.00,False,14.863,909.78821,C57H106O6,TG,CJABAEYPPMEUSO-UHFFFAOYSA-N,O=C(OCC(OC(=O)CCCCCCC)COC(=O)CCCCCCCCCCCCCCCCCCCCCCCCCC=CCC=CCCCCCCC)CCCCCCC,530,False,True,False,Normalized unit: Intensity; Annotation method: Msp20260116160945_NCDK_conventional_converted_dev_1,False,False,390,0,0.00,1.00,null,null,null,-1.00,-1.00,-0.143,1769.71,P Holpie Serum 5_GD1_01_66389,909.78815:173514 910.79281:109190 911.79748:32638,null,1025571,962236,1020216,991729,999937.691828129,29195.2145614618
391,18.393,911.78143,no MS2: SL 54:3;O2|SL 18:1;O/36:2;O,[M+NH4]+,null,1.00,False,13.129,911.78442,C54H103NO6S,SL,LUERMGCSBBAQHE-UHFFFAOYSA-N,O=C(N(CC(O)C=CCCCCCCCCCCCCC)CS(=O)(=O)O)C(O)CCCCCCCCCCCCCCCCCCCCCCC=CCC=CCCCCCCC,530,False,True,False,Normalized unit: Intensity; Annotation method: Msp20260116160945_NCDK_conventional_converted_dev_1,False,False,391,0,0.00,0.97,null,null,null,-1.00,-1.00,-0.157,940.39,P Holpie Serum 2_GD1_01_66386,911.78223:104320 912.78689:0 913.79156:0,null,1318846,1202238,1308489,1341120,1292673.27990625,61808.3437862556
392,18.806,913.79742,no MS2: SL 54:2;O2|SL 18:1;O/36:1;O,[M+NH4]+,null,1.00,False,13.305,913.80011,C54H105NO6S,SL,RKZQMLBZUOEOMF-UHFFFAOYSA-N,O=C(N(CC(O)C=CCCCCCCCCCCCCC)CS(=O)(=O)O)C(O)CCCCCCCCCCCCCCCCCCCCCCC=CCCCCCCCCCC,530,False,True,False,Normalized unit: Intensity; Annotation method: Msp20260116160945_NCDK_conventional_converted_dev_1,False,False,392,0,0.00,0.96,null,null,null,-1.00,-1.00,-0.164,4187.73,P Holpie Serum 2_GD1_01_66386,913.79742:389526 914.80209:0 915.80676:0,null,3040735,2852268,3054444,2984308,2982938.76490626,92249.8169900461
393,17.903,915.68402,no MS2: RIKEN P-VS1 ID-15681 from Mouse_Plasma_ApoEKO_N_Ctr,[M+K]+,null,0.50,False,14.060,915.68213,null,Unknown,null,null,530,False,True,False,Normalized unit: Intensity; Annotation method: Msp20260116160945_NCDK_conventional_converted_dev_1,False,False,393,0,0.00,0.98,null,null,null,-1.00,-1.00,-0.138,687.57,P Holpie Serum 4_GD1_01_66388,915.68402:87834 916.68869:50946 917.69336:19506,null,741522,677612,639233,612263,667657.550234373,56070.0379986318
394,19.235,915.81226,no MS2: RIKEN P-VS1 ID-15692 from Mouse_Adipose_WT_N_F1,[M+H]+,null,1.00,False,14.190,915.81299,null,Unknown,null,null,530,False,True,False,Normalized unit: Intensity; Annotation method: Msp20260116160945_NCDK_conventional_converted_dev_1,False,False,394,0,0.00,1.00,null,null,null,-1.00,-1.00,-0.130,5862.93,P Holpie Serum 4_GD1_01_66388,915.81226:538148 916.81692:0 917.82159:0,null,3521988,3667187,3962415,3564665,3679063.57107812,198485.313797078
395,18.367,917.69916,no MS2: DG 57:12,[M+K]+,null,1.00,False,13.248,917.69928,C60H94O5,DG,TZXIPIBDSSTJFX-UHFFFAOYSA-N,O=C(OCC(OC(=O)CCCCCCC=CCC=CCC=CCC=CCC=CCC=CCC=CCC=CCC=CCC=CCC)CO)CCCCCCCC=CCC=CCCCCCC,530,False,True,False,Normalized unit: Intensity; Annotation method: Msp20260116160945_NCDK_conventional_converted_dev_1,False,False,395,0,0.00,1.00,null,null,null,-1.00,-1.00,-0.143,738.27,P Holpie Serum 3_GD1_01_66387,917.69916:98896 918.70383:62318 919.70849:23026,null,988663,1013760,924997,918484,961476.061046881,47087.8382359063
396,19.621,917.82855,no MS2: SL 54:0;O2|SL 18:0;O/36:0;O,[M+NH4]+,null,1.00,False,13.738,917.83142,C54H109NO6S,SL,ZCFCOQUQAMEYLD-UHFFFAOYSA-N,O=C(N(CC(O)CCCCCCCCCCCCCCC)CS(=O)(=O)O)C(O)CCCCCCCCCCCCCCCCCCCCCCCCCCCCCCCCCC,530,False,True,False,Normalized unit: Intensity; Annotation method: Msp20260116160945_NCDK_conventional_converted_dev_1,False,False,396,0,0.00,0.95,null,null,null,-1.00,-1.00,-0.166,3446.85,P Holpie Serum 2_GD1_01_66386,917.82861:405768 918.83328:0 919.83795:0,null,3188202,2699231,2785116,2692556,2841276.1517656,235092.825723795
397,20.055,919.84302,Unknown,[M+H]+,null,1.00,False,null,null,null,null,null,null,999,False,False,False,Normalized unit: Intensity,False,False,397,0,0.00,null,null,null,null,null,null,null,1893.40,P Holpie Serum 2_GD1_01_66386,919.84302:190768 920.84769:0 921.85235:0,null,1192847,1130268,1196460,1179574,1174787.41385938,30554.5806675851
398,18.402,920.77032,no MS2: TG 56:8|TG 8:0_10:0_38:8,[M+NH4]+,null,1.00,False,13.038,920.77020,C59H98O6,TG,IGKHUCZLFYVCFZ-UHFFFAOYSA-N,O=C(OCC(OC(=O)CCCCCCCCC)COC(=O)CCCCCCCCCCCCC=CCC=CCC=CCC=CCC=CCC=CCC=CCC=CCC)CCCCCCC,530,False,True,False,Normalized unit: Intensity; Annotation method: Msp20260116160945_NCDK_conventional_converted_dev_1,False,False,398,0,0.00,1.00,null,null,null,-1.00,-1.00,-0.143,1279.59,P Holpie Serum 5_GD1_01_66389,920.77032:173880 921.77499:117230 922.77966:51292,null,898018,773995,943043,973594,897162.647718758,87783.419621466
399,17.902,922.76501,no MS2: Cer 62:12;O4|Cer 12:1;O2/50:11;O2,[M+H-H2O]+,null,0.50,False,12.642,922.76471,C62H101NO5,Cer_EOS,WJWAFRJVNXPKMR-UHFFFAOYSA-N,O=C(OCCC=CCC=CCC=CCC=CCCCCCCCCCCCCCCC(=O)NC(CO)C(O)C=CCCCCCCC)CCC=CCC=CCC=CCC=CCC=CCC=CCC,530,False,True,False,Normalized unit: Intensity; Annotation method: Msp20260116160945_NCDK_conventional_converted_dev_1,False,False,399,0,0.00,1.00,null,null,null,-1.00,-1.00,-0.143,484.54,P Holpie Serum 5_GD1_01_66389,922.76471:71772 923.76938:39254 924.77404:13800,null,373558,336076,380935,385944,369128.229859373,22614.4363360869
400,18.858,922.78491,no MS2: RIKEN P-VS1 ID-15887 from Mouse_SmallIntestine_WT_N_F1AA,[M+H]+,null,1.00,False,15.040,922.78387,null,Unknown,null,null,530,False,True,False,Normalized unit: Intensity; Annotation method: Msp20260116160945_NCDK_conventional_converted_dev_1,False,False,400,0,0.00,0.99,null,null,null,-1.00,-1.00,-0.131,3054.95,P Holpie Serum 5_GD1_01_66389,922.78491:424390 923.78958:297340 924.79425:191596,null,2032913,1915867,2072969,2165599,2046837.23742187,103496.060767487
401,18.632,922.78516,no MS2: RIKEN P-VS1 ID-15887 from Mouse_SmallIntestine_WT_N_F1AA,[M+H]+,null,1.00,False,15.040,922.78387,null,Unknown,null,null,530,False,True,False,Normalized unit: Intensity; Annotation method: Msp20260116160945_NCDK_conventional_converted_dev_1,False,False,401,0,0.00,0.99,null,null,null,-1.00,-1.00,-0.133,4090.17,P Holpie Serum 5_GD1_01_66389,922.78516:475822 923.78982:369596 924.79449:153648,null,2769318,2320547,2831966,2926809,2712159.838125,268982.643755632
402,20.450,922.87799,no MS2: TG 55:0|TG 8:0_9:0_38:0,[M+NH4]+,null,1.00,False,16.135,922.87970,C58H112O6,TG,FJXWNZNNWWKUHX-UHFFFAOYSA-N,O=C(OCC(OC(=O)CCCCCCCC)COC(=O)CCCCCCCCCCCCCCCCCCCCCCCCCCCCCCCCCCCCC)CCCCCCC,530,False,True,False,Normalized unit: Intensity; Annotation method: Msp20260116160945_NCDK_conventional_converted_dev_1,False,False,402,0,0.00,1.00,null,null,null,-1.00,-1.00,-0.143,1212.65,P Holpie Serum 4_GD1_01_66388,922.87939:112176 923.88406:72488 924.88873:22228,null,518944,487129,509939,512759,507193.100374998,13894.4134104866
403,18.367,923.78101,no MS2: SL 55:4;O2|SL 19:1;O/36:3;O,[M+NH4]+,null,1.00,False,13.115,923.78442,C55H103NO6S,SL,RKMJEAHFPKCJPX-UHFFFAOYSA-N,O=C(N(CC(O)C=CCCCCCCCCCCCCCC)CS(=O)(=O)O)C(O)CCCCCCCCCCCCCCCCCCCC=CCC=CCC=CCCCCCCC,530,False,True,False,Normalized unit: Intensity; Annotation method: Msp20260116160945_NCDK_conventional_converted_dev_1,False,False,403,0,0.00,0.98,null,null,null,-1.00,-1.00,-0.153,2305.51,P Holpie Serum 2_GD1_01_66386,923.78253:188690 924.78720:119184 925.79187:35544,null,1564802,1416107,1561847,1569157,1527978.05745313,74641.1367717548
404,19.066,924.80090,no MS2: TG 56:6|TG 8:0_10:0_38:6,[M+NH4]+,null,1.00,False,13.927,924.80151,C59H102O6,TG,NBELXFIZZACUET-UHFFFAOYSA-N,O=C(OCC(OC(=O)CCCCCCCCC)COC(=O)CCCCCCCCCCCCCCCCCCC=CCC=CCC=CCC=CCC=CCC=CCC)CCCCCCC,530,False,True,False,Normalized unit: Intensity; Annotation method: Msp20260116160945_NCDK_conventional_converted_dev_1,False,False,404,0,0.00,1.00,null,null,null,-1.00,-1.00,-0.143,6339.56,P Holpie Serum 2_GD1_01_66386,924.80182:624546 925.80649:449176 926.81115:165012,null,4939510,4402451,4941922,5194628,4869627.89371875,333661.181003826
405,20.020,925.76160,no MS2: DG 57:8,[M+K]+,null,1.00,False,13.677,925.76190,C60H102O5,DG,HLUWBWSLQDTFFG-UHFFFAOYSA-N,O=C(OCC(OC(=O)CCCCCCCCCCCCC=CCC=CCC=CCC=CCC=CCC=CCC=CCC=CCC)CO)CCCCCCCCCCCCCCCCCC,530,False,True,False,Normalized unit: Intensity; Annotation method: Msp20260116160945_NCDK_conventional_converted_dev_1,False,False,405,0,0.00,1.00,null,null,null,-1.00,-1.00,-0.143,655.08,P Holpie Serum 2_GD1_01_66386,925.76160:78590 926.76626:46110 927.77093:20414,null,510447,498838,493106,465554,491986.350765627,19041.0809603538
406,18.389,926.81732,no MS2: TG 56:5|TG 8:0_10:0_38:5,[M+NH4]+,null,1.00,False,14.139,926.81708,C59H104O6,TG,PSNIIMQPZCNEHN-UHFFFAOYSA-N,O=C(OCC(OC(=O)CCCCCCCCC)COC(=O)CCCCCCCCCCCCCCCCCCCCCC=CCC=CCC=CCC=CCC=CCC)CCCCCCC,530,False,True,False,Normalized unit: Intensity; Annotation method: Msp20260116160945_NCDK_conventional_converted_dev_1,False,False,406,0,0.00,1.00,null,null,null,-1.00,-1.00,-0.143,2124.33,P Holpie Serum 3_GD1_01_66387,926.81708:193854 927.82175:122596 928.82641:42792,null,2479701,2248771,2456942,2477970,2415846.04617188,111862.478404636
407,19.530,926.81732,no MS2: TG 56:5|TG 8:0_10:0_38:5,[M+NH4]+,null,1.00,False,14.139,926.81708,C59H104O6,TG,PSNIIMQPZCNEHN-UHFFFAOYSA-N,O=C(OCC(OC(=O)CCCCCCCCC)COC(=O)CCCCCCCCCCCCCCCCCCCCCC=CCC=CCC=CCC=CCC=CCC)CCCCCCC,530,False,True,False,Normalized unit: Intensity; Annotation method: Msp20260116160945_NCDK_conventional_converted_dev_1,False,False,407,0,0.00,1.00,null,null,null,-1.00,-1.00,-0.143,2675.52,P Holpie Serum 4_GD1_01_66388,926.81732:298850 927.82199:211330 928.82666:75922,null,1550815,1288306,1553970,1486968,1470014.65373438,125010.385875459
408,19.378,926.81744,no MS2: TG 56:5|TG 8:0_10:0_38:5,[M+NH4]+,null,1.00,False,14.139,926.81708,C59H104O6,TG,PSNIIMQPZCNEHN-UHFFFAOYSA-N,O=C(OCC(OC(=O)CCCCCCCCC)COC(=O)CCCCCCCCCCCCCCCCCCCCCC=CCC=CCC=CCC=CCC=CCC)CCCCCCC,530,False,True,False,Normalized unit: Intensity; Annotation method: Msp20260116160945_NCDK_conventional_converted_dev_1,False,False,408,0,0.00,1.00,null,null,null,-1.00,-1.00,-0.143,1403.37,P Holpie Serum 2_GD1_01_66386,926.81696:194106 927.82162:143698 928.82629:60634,null,2090508,1889562,2136771,2402677,2129879.4705625,211162.512026147
409,18.614,927.74182,no MS2: TG 56:7|TG 8:0_10:0_38:7,[M+Na]+,null,0.75,False,13.654,927.74121,C59H100O6,TG,DPXKFRNDOAFPMY-UHFFFAOYSA-N,O=C(OCC(OC(=O)CCCCCCCCC)COC(=O)CCCCCCCCCCCCCCCC=CCC=CCC=CCC=CCC=CCC=CCC=CCC)CCCCCCC,530,False,True,False,Normalized unit: Intensity; Annotation method: Msp20260116160945_NCDK_conventional_converted_dev_1,False,False,409,0,0.00,1.00,null,null,null,-1.00,-1.00,-0.143,507.50,P Holpie Serum 5_GD1_01_66389,927.74091:73118 928.74557:44608 929.75024:14418,null,437534,406059,446087,434419,431024.328859374,17359.460101657
410,19.287,927.81396,no MS2: SL 55:2;O2|SL 19:1;O/36:1;O,[M+NH4]+,null,1.00,False,13.322,927.81567,C55H107NO6S,SL,DCVAIVAFLRVSJD-UHFFFAOYSA-N,O=C(N(CC(O)C=CCCCCCCCCCCCCCC)CS(=O)(=O)O)C(O)CCCCCCCCCCCCCCCCCCCCCCC=CCCCCCCCCCC,530,False,True,False,Normalized unit: Intensity; Annotation method: Msp20260116160945_NCDK_conventional_converted_dev_1,False,False,410,0,0.00,1.00,null,null,null,-1.00,-1.00,-0.144,1888.41,P Holpie Serum 4_GD1_01_66388,927.81494:209736 928.81961:120732 929.82428:36748,null,2475040,2331917,2538552,2632677,2494546.23765625,126287.215140319
411,18.797,928.83167,no MS2: TG 56:4|TG 8:0_10:0_38:4,[M+NH4]+,null,1.00,False,14.334,928.83282,C59H106O6,TG,CUJMGXOPUGXHPB-UHFFFAOYSA-N,O=C(OCC(OC(=O)CCCCCCCCC)COC(=O)CCCCCCCCCCCCCCCCCCCCCCCCC=CCC=CCC=CCC=CCC)CCCCCCC,530,False,True,False,Normalized unit: Intensity; Annotation method: Msp20260116160945_NCDK_conventional_converted_dev_1,False,False,411,0,0.00,1.00,null,null,null,-1.00,-1.00,-0.143,7473.17,P Holpie Serum 4_GD1_01_66388,928.83295:868590 929.83761:587368 930.84228:258778,null,6530325,6222992,6478355,6707210,6484720.37617189,200102.867005129
412,19.621,928.83173,no MS2: TG 56:4|TG 8:0_10:0_38:4,[M+NH4]+,null,1.00,False,14.334,928.83282,C59H106O6,TG,CUJMGXOPUGXHPB-UHFFFAOYSA-N,O=C(OCC(OC(=O)CCCCCCCCC)COC(=O)CCCCCCCCCCCCCCCCCCCCCCCCC=CCC=CCC=CCC=CCC)CCCCCCC,530,False,True,False,Normalized unit: Intensity; Annotation method: Msp20260116160945_NCDK_conventional_converted_dev_1,False,False,412,0,0.00,1.00,null,null,null,-1.00,-1.00,-0.144,1301.56,P Holpie Serum 4_GD1_01_66388,928.83215:160922 929.83682:158158 930.84149:70064,null,1098086,1654675,1146645,1238658,1284515.92954687,253564.718995911
413,19.031,929.75623,no MS2: TG 56:6|TG 8:0_10:0_38:6,[M+2Na-H]+,null,1.00,False,13.927,929.75690,C59H102O6,TG,NBELXFIZZACUET-UHFFFAOYSA-N,O=C(OCC(OC(=O)CCCCCCCCC)COC(=O)CCCCCCCCCCCCCCCCCCC=CCC=CCC=CCC=CCC=CCC=CCC)CCCCCCC,530,False,True,False,Normalized unit: Intensity; Annotation method: Msp20260116160945_NCDK_conventional_converted_dev_1,False,False,413,0,0.00,1.00,null,null,null,-1.00,-1.00,-0.144,519.96,P Holpie Serum 5_GD1_01_66389,929.75623:81154 930.76089:50114 931.76556:16138,null,476099,450107,481362,474719,470571.817499999,13940.0119725837
414,19.240,930.84814,no MS2: TG 56:3|TG 8:0_10:0_38:3,[M+NH4]+,null,1.00,False,14.826,930.84839,C59H108O6,TG,NOVXGRSLICIXCX-UHFFFAOYSA-N,O=C(OCC(OC(=O)CCCCCCCCC)COC(=O)CCCCCCCCCCCCCCCCCCCCCCC=CCC=CCC=CCCCCCCC)CCCCCCC,530,False,True,False,Normalized unit: Intensity; Annotation method: Msp20260116160945_NCDK_conventional_converted_dev_1,False,False,414,0,0.00,1.00,null,null,null,-1.00,-1.00,-0.143,8215.14,P Holpie Serum 4_GD1_01_66388,930.84814:1257770 931.85281:787444 932.85748:369292,null,7826038,7757113,7759447,7719504,7765525.50149998,44299.9002489267
415,20.020,930.84863,no MS2: TG 56:3|TG 8:0_10:0_38:3,[M+NH4]+,null,1.00,False,14.826,930.84839,C59H108O6,TG,NOVXGRSLICIXCX-UHFFFAOYSA-N,O=C(OCC(OC(=O)CCCCCCCCC)COC(=O)CCCCCCCCCCCCCCCCCCCCCCC=CCC=CCC=CCCCCCCC)CCCCCCC,530,False,True,False,Normalized unit: Intensity; Annotation method: Msp20260116160945_NCDK_conventional_converted_dev_1,False,False,415,0,0.00,1.00,null,null,null,-1.00,-1.00,-0.143,1381.08,P Holpie Serum 4_GD1_01_66388,930.84821:133606 931.85287:254068 932.85754:140296,null,960598,857019,988833,985360,947952.598890628,61912.3145742927
416,19.613,932.86237,no MS2: TG 56:2|TG 8:0_10:0_38:2,[M+NH4]+,null,1.00,False,14.958,932.86407,C59H110O6,TG,RKKOGNQHZJLVOB-UHFFFAOYSA-N,O=C(OCC(OC(=O)CCCCCCCCC)COC(=O)CCCCCCCCCCCCCCCCCCCCCCCCCC=CCC=CCCCCCCC)CCCCCCC,530,False,True,False,Normalized unit: Intensity; Annotation method: Msp20260116160945_NCDK_conventional_converted_dev_1,False,False,416,0,0.00,1.00,null,null,null,-1.00,-1.00,-0.143,6185.75,P Holpie Serum 5_GD1_01_66389,932.86407:697526 933.86874:454584 934.87341:208544,null,5102940,5099781,4940278,5087102,5057525.36407809,78463.7153366933
417,20.055,934.87964,no MS2: TG 56:1|TG 8:0_10:0_38:1,[M+NH4]+,null,1.00,False,15.399,934.87970,C59H112O6,TG,HDVLNTMGEIQJGV-UHFFFAOYSA-N,O=C(OCC(OC(=O)CCCCCCCCC)COC(=O)CCCCCCCCCCCCCCCCCCCCCCCCCC=CCCCCCCCCCC)CCCCCCC,530,False,True,False,Normalized unit: Intensity; Annotation method: Msp20260116160945_NCDK_conventional_converted_dev_1,False,False,417,0,0.00,1.00,null,null,null,-1.00,-1.00,-0.143,3455.61,P Holpie Serum 5_GD1_01_66389,934.87964:467524 935.88431:298928 936.88897:124924,null,2366115,2187834,2321324,2406120,2320348.19057813,94890.3148542228
418,17.907,936.79956,no MS2: TG 57:7|TG 8:0_11:0_38:7,[M+NH4]+,null,1.00,False,13.748,936.80151,C60H102O6,TG,PRYOPKRCQVILDP-UHFFFAOYSA-N,O=C(OCC(OC(=O)CCCCCCCCCC)COC(=O)CCCCCCCCCCCCCCCC=CCC=CCC=CCC=CCC=CCC=CCC=CCC)CCCCCCC,530,False,True,False,Normalized unit: Intensity; Annotation method: Msp20260116160945_NCDK_conventional_converted_dev_1,False,False,418,0,0.00,0.98,null,null,null,-1.00,-1.00,-0.154,1114.33,P Holpie Serum 2_GD1_01_66386,936.79956:134206 937.80423:84758 938.80890:28586,null,985590,905500,961703,968097,955222.622593747,34652.010296201
419,18.363,937.79871,no MS2: SL 56:4;O2|SL 20:1;O/36:3;O,[M+NH4]+,null,1.00,False,13.014,937.80011,C56H105NO6S,SL,JUSBJBFGGMEXHL-UHFFFAOYSA-N,O=C(N(CC(O)C=CCCCCCCCCCCCCCCC)CS(=O)(=O)O)C(O)CCCCCCCCCCCCCCCCCCCC=CCC=CCC=CCCCCCCC,530,False,True,False,Normalized unit: Intensity; Annotation method: Msp20260116160945_NCDK_conventional_converted_dev_1,False,False,419,0,0.00,0.99,null,null,null,-1.00,-1.00,-0.148,1130.22,P Holpie Serum 2_GD1_01_66386,937.79871:125796 938.80337:0 939.80804:0,null,1238981,1184348,1239782,1218375,1220371.64403125,25979.0294238006
420,18.636,938.81580,no MS2: TG 57:6|TG 8:0_11:0_38:6,[M+NH4]+,null,1.00,False,14.070,938.81708,C60H104O6,TG,MKELNSZATBWKBR-UHFFFAOYSA-N,O=C(OCC(OC(=O)CCCCCCCCCC)COC(=O)CCCCCCCCCCCCCCCCCCC=CCC=CCC=CCC=CCC=CCC=CCC)CCCCCCC,530,False,True,False,Normalized unit: Intensity; Annotation method: Msp20260116160945_NCDK_conventional_converted_dev_1,False,False,420,0,0.00,0.99,null,null,null,-1.00,-1.00,-0.146,1756.62,P Holpie Serum 2_GD1_01_66386,938.81604:236912 939.82071:161866 940.82538:56490,null,1491017,1326032,1438408,1469746,1431300.72307812,73430.3991159674
421,18.801,939.81177,no MS2: RIKEN P-VS1 ID-16357 from Mouse_Plasma_ApoEKO_N_Ctr,[M+H]+,null,1.00,False,14.550,939.81110,null,Unknown,null,null,530,False,True,False,Normalized unit: Intensity; Annotation method: Msp20260116160945_NCDK_conventional_converted_dev_1,False,False,421,0,0.00,1.00,null,null,null,-1.00,-1.00,-0.130,979.49,P Holpie Serum 5_GD1_01_66389,939.81177:158358 940.81644:0 941.82110:0,null,1263055,1197375,1294764,1328161,1270838.79879687,55724.8450418076
422,19.065,940.83209,no MS2: TG 57:5|TG 8:0_11:0_38:5,[M+NH4]+,null,0.25,False,14.299,940.83282,C60H106O6,TG,XMCWEAKGPHOWIC-UHFFFAOYSA-N,O=C(OCC(OC(=O)CCCCCCCCCC)COC(=O)CCCCCCCCCCCCCCCCCCCCCC=CCC=CCC=CCC=CCC=CCC)CCCCCCC,530,False,True,False,Normalized unit: Intensity; Annotation method: Msp20260116160945_NCDK_conventional_converted_dev_1,False,False,422,0,0.00,1.00,null,null,null,-1.00,-1.00,-0.144,1466.72,P Holpie Serum 4_GD1_01_66388,940.83209:219998 941.83676:146284 942.84143:58756,null,858134,831785,916693,908640,878812.826328126,40676.498627778
423,19.240,941.82794,no MS2: RIKEN P-VS1 ID-16410 from Mouse_Plasma_ApoEKO_N_Ctr,[M+H]+,null,1.00,False,14.590,941.83038,null,Unknown,null,null,530,False,True,False,Normalized unit: Intensity; Annotation method: Msp20260116160945_NCDK_conventional_converted_dev_1,False,False,423,0,0.00,0.97,null,null,null,-1.00,-1.00,-0.143,1287.01,P Holpie Serum 4_GD1_01_66388,941.82794:128902 942.83261:0 943.83728:0,null,1547493,1494835,1548187,1541405,1532979.79959375,25612.0681759279
424,19.604,943.84454,no MS2: SL 56:1;O2|SL 20:1;O/36:0;O,[M+NH4]+,null,1.00,False,13.488,943.84698,C56H111NO6S,SL,UXHYRBQZQNMJJU-UHFFFAOYSA-N,O=C(N(CC(O)C=CCCCCCCCCCCCCCCC)CS(=O)(=O)O)C(O)CCCCCCCCCCCCCCCCCCCCCCCCCCCCCCCCCC,530,False,True,False,Normalized unit: Intensity; Annotation method: Msp20260116160945_NCDK_conventional_converted_dev_1,False,False,424,0,0.00,0.97,null,null,null,-1.00,-1.00,-0.159,1129.35,P Holpie Serum 4_GD1_01_66388,943.84454:130876 944.84921:0 945.85388:0,null,1348132,1276078,1371943,1366678,1340707.74434375,44280.3253193007
425,20.029,945.85956,no MS2: SL 56:0;O2|SL 20:0;O/36:0;O,[M+NH4]+,null,1.00,False,13.958,945.86267,C56H113NO6S,SL,OTFVMQGHXVTRRN-UHFFFAOYSA-N,O=C(N(CC(O)CCCCCCCCCCCCCCCCC)CS(=O)(=O)O)C(O)CCCCCCCCCCCCCCCCCCCCCCCCCCCCCCCCCC,530,False,True,False,Normalized unit: Intensity; Annotation method: Msp20260116160945_NCDK_conventional_converted_dev_1,False,False,425,0,0.00,0.95,null,null,null,-1.00,-1.00,-0.169,1206.23,P Holpie Serum 4_GD1_01_66388,945.85956:161224 946.86423:0 947.86889:0,null,1048480,1000284,1041952,1009675,1025097.78065625,23695.0176508058
426,18.853,948.80078,no MS2: TG 58:8|TG 8:0_12:0_38:8,[M+NH4]+,null,1.00,False,13.582,948.80151,C61H102O6,TG,WOLQUACMHISDFU-UHFFFAOYSA-N,O=C(OCC(OC(=O)CCCCCCCCCCC)COC(=O)CCCCCCCCCCCCC=CCC=CCC=CCC=CCC=CCC=CCC=CCC=CCC)CCCCCCC,530,False,True,False,Normalized unit: Intensity; Annotation method: Msp20260116160945_NCDK_conventional_converted_dev_1,False,False,426,0,0.00,1.00,null,null,null,-1.00,-1.00,-0.143,849.65,P Holpie Serum 3_GD1_01_66387,948.80164:80126 949.80630:66204 950.81097:30358,null,783975,687945,829415,820003,780334.318453126,64631.129192326
427,20.419,948.89429,no MS2: TG 57:1|TG 8:0_11:0_38:1,[M+NH4]+,null,1.00,False,15.580,948.89539,C60H114O6,TG,NJSDEPCUICCSAD-UHFFFAOYSA-N,O=C(OCC(OC(=O)CCCCCCCCCC)COC(=O)CCCCCCCCCCCCCCCCCCCCCCCCCC=CCCCCCCCCCC)CCCCCCC,530,False,True,False,Normalized unit: Intensity; Annotation method: Msp20260116160945_NCDK_conventional_converted_dev_1,False,False,427,0,0.00,0.99,null,null,null,-1.00,-1.00,-0.146,1590.66,P Holpie Serum 4_GD1_01_66388,948.89429:170852 949.89895:112186 950.90362:36414,null,773875,730508,795107,778593,769520.937703124,27555.2579260971
428,19.031,951.81366,no MS2: RIKEN P-VS1 ID-16649 from Mouse_Testis_WT_N_Ctr,[M+H]+,null,1.00,False,13.960,951.81598,null,Unknown,null,null,530,False,True,False,Normalized unit: Intensity; Annotation method: Msp20260116160945_NCDK_conventional_converted_dev_1,False,False,428,0,0.00,0.99,null,null,null,-1.00,-1.00,-0.132,571.64,P Holpie Serum 4_GD1_01_66388,951.81482:94440 952.81949:57348 953.82415:21620,null,846651,793379,865138,876170,845334.526468749,36715.4169804
429,18.641,952.83246,no MS2: TG 58:6|TG 8:0_12:0_38:6,[M+NH4]+,null,1.00,False,14.356,952.83282,C61H106O6,TG,XAGZYHYDHZLUPF-UHFFFAOYSA-N,O=C(OCC(OC(=O)CCCCCCCCCCC)COC(=O)CCCCCCCCCCCCCCCCCCC=CCC=CCC=CCC=CCC=CCC=CCC)CCCCCCC,530,False,True,False,Normalized unit: Intensity; Annotation method: Msp20260116160945_NCDK_conventional_converted_dev_1,False,False,429,0,0.00,1.00,null,null,null,-1.00,-1.00,-0.143,989.39,P Holpie Serum 3_GD1_01_66387,952.83289:132682 953.83755:94608 954.84222:35628,null,881923,783491,862663,907187,858816.140375,53423.6869769804
430,18.363,952.83307,no MS2: TG 58:6|TG 8:0_12:0_38:6,[M+NH4]+,null,1.00,False,14.356,952.83282,C61H106O6,TG,XAGZYHYDHZLUPF-UHFFFAOYSA-N,O=C(OCC(OC(=O)CCCCCCCCCCC)COC(=O)CCCCCCCCCCCCCCCCCCC=CCC=CCC=CCC=CCC=CCC=CCC)CCCCCCC,530,False,True,False,Normalized unit: Intensity; Annotation method: Msp20260116160945_NCDK_conventional_converted_dev_1,False,False,430,0,0.00,1.00,null,null,null,-1.00,-1.00,-0.143,1624.10,P Holpie Serum 4_GD1_01_66388,952.83307:272038 953.83774:177322 954.84240:100258,null,2015974,1886040,2045013,2029595,1994155.30101564,73046.5020131373
431,18.788,954.84772,no MS2: TG 58:5|TG 8:0_12:0_38:5,[M+NH4]+,null,1.00,False,14.590,954.84839,C61H108O6,TG,PCGCRHWKJJUQJE-UHFFFAOYSA-N,O=C(OCC(OC(=O)CCCCCCCCCCC)COC(=O)CCCCCCCCCCCCCCCCCCCCCC=CCC=CCC=CCC=CCC=CCC)CCCCCCC,530,False,True,False,Normalized unit: Intensity; Annotation method: Msp20260116160945_NCDK_conventional_converted_dev_1,False,False,431,0,0.00,1.00,null,null,null,-1.00,-1.00,-0.143,3021.82,P Holpie Serum 4_GD1_01_66388,954.84845:381496 955.85312:263464 956.85779:463578,null,2654542,2526973,2645288,2670757,2624390.08773438,65792.0224131446
432,19.253,956.86334,no MS2: TG 58:4|TG 8:0_12:0_38:4,[M+NH4]+,null,1.00,False,14.820,956.86407,C61H110O6,TG,UZBDRFLVTNRQRD-UHFFFAOYSA-N,O=C(OCC(OC(=O)CCCCCCCCCCC)COC(=O)CCCCCCCCCCCCCCCCCCCCCCCCC=CCC=CCC=CCC=CCC)CCCCCCC,530,False,True,False,Normalized unit: Intensity; Annotation method: Msp20260116160945_NCDK_conventional_converted_dev_1,False,False,432,0,0.00,1.00,null,null,null,-1.00,-1.00,-0.143,1692.18,P Holpie Serum 4_GD1_01_66388,956.86371:281636 957.86838:187000 958.87304:605022,null,3146983,3090642,3230020,3258964,3181652.258,77031.0562342117
433,19.595,958.87964,no MS2: TG 58:3|TG 8:0_12:0_38:3,[M+NH4]+,null,1.00,False,15.255,958.87970,C61H112O6,TG,GPJLDOHEVQBDQL-UHFFFAOYSA-N,O=C(OCC(OC(=O)CCCCCCCCCCC)COC(=O)CCCCCCCCCCCCCCCCCCCCCCC=CCC=CCC=CCCCCCCC)CCCCCCC,530,False,True,False,Normalized unit: Intensity; Annotation method: Msp20260116160945_NCDK_conventional_converted_dev_1,False,False,433,0,0.00,1.00,null,null,null,-1.00,-1.00,-0.143,3177.61,P Holpie Serum 4_GD1_01_66388,958.87970:324686 959.88437:220794 960.88904:350390,null,2311367,2257686,2234171,2227608,2257707.85142187,38032.1778539742
434,20.033,960.89526,no MS2: TG 58:2|TG 8:0_12:0_38:2,[M+NH4]+,null,1.00,False,15.547,960.89539,C61H114O6,TG,IEQINIXYBNTBLE-UHFFFAOYSA-N,O=C(OCC(OC(=O)CCCCCCCCCCC)COC(=O)CCCCCCCCCCCCCCCCCCCCCCCCCC=CCC=CCCCCCCC)CCCCCCC,530,False,True,False,Normalized unit: Intensity; Annotation method: Msp20260116160945_NCDK_conventional_converted_dev_1,False,False,434,0,0.00,1.00,null,null,null,-1.00,-1.00,-0.143,3089.06,P Holpie Serum 4_GD1_01_66388,960.89545:348700 961.90011:234710 962.90478:171866,null,2138921,1989175,2055801,2121416,2076328.24110938,68234.269622355
435,20.419,962.91046,no MS2: TG 58:1|TG 8:0_12:0_38:1,[M+NH4]+,null,1.00,False,16.152,962.91101,C61H116O6,TG,GICPSUWHKPMEOW-UHFFFAOYSA-N,O=C(OCC(OC(=O)CCCCCCCCCCC)COC(=O)CCCCCCCCCCCCCCCCCCCCCCCCCC=CCCCCCCCCCC)CCCCCCC,530,False,True,False,Normalized unit: Intensity; Annotation method: Msp20260116160945_NCDK_conventional_converted_dev_1,False,False,435,0,0.00,1.00,null,null,null,-1.00,-1.00,-0.143,736.98,P Holpie Serum 4_GD1_01_66388,962.91144:95412 963.91611:63830 964.92077:30364,null,443484,428095,451625,483677,451720.253046874,23432.6899153557
436,18.615,964.83142,no MS2: TG 59:7|TG 8:0_13:0_38:7,[M+NH4]+,null,1.00,False,14.054,964.83282,C62H106O6,TG,KBTLHVNSPPNHGM-UHFFFAOYSA-N,O=C(OCC(OC(=O)CCCCCCCCCCCC)COC(=O)CCCCCCCCCCCCCCCC=CCC=CCC=CCC=CCC=CCC=CCC=CCC)CCCCCCC,530,False,True,False,Normalized unit: Intensity; Annotation method: Msp20260116160945_NCDK_conventional_converted_dev_1,False,False,436,0,0.00,0.99,null,null,null,-1.00,-1.00,-0.147,1334.83,P Holpie Serum 4_GD1_01_66388,964.83154:175072 965.83621:116592 966.84088:47634,null,1096750,964706,1054077,1049177,1041177.4125625,55276.8973464725
437,19.031,966.84589,no MS2: TG 59:6|TG 8:0_13:0_38:6,[M+NH4]+,null,1.00,False,14.673,966.84839,C62H108O6,TG,FYHQJRPBQCOLBK-UHFFFAOYSA-N,O=C(OCC(OC(=O)CCCCCCCCCCCC)COC(=O)CCCCCCCCCCCCCCCCCCC=CCC=CCC=CCC=CCC=CCC=CCC)CCCCCCC,530,False,True,False,Normalized unit: Intensity; Annotation method: Msp20260116160945_NCDK_conventional_converted_dev_1,False,False,437,0,0.00,1.00,null,null,null,-1.00,-1.00,-0.145,1581.28,P Holpie Serum 4_GD1_01_66388,966.84747:187374 967.85214:128844 968.85681:49400,null,1358104,1289238,1373522,1359635,1345124.53960937,37897.9288531131
438,19.526,968.86157,no MS2: TG 59:5|TG 8:0_13:0_38:5,[M+NH4]+,null,1.00,False,14.738,968.86407,C62H110O6,TG,JRVYVRAIEZOXPF-UHFFFAOYSA-N,O=C(OCC(OC(=O)CCCCCCCCCCCC)COC(=O)CCCCCCCCCCCCCCCCCCCCCC=CCC=CCC=CCC=CCC=CCC)CCCCCCC,530,False,True,False,Normalized unit: Intensity; Annotation method: Msp20260116160945_NCDK_conventional_converted_dev_1,False,False,438,0,0.00,0.98,null,null,null,-1.00,-1.00,-0.151,1781.09,P Holpie Serum 4_GD1_01_66388,968.86237:178420 969.86703:119096 970.87170:43892,null,797538,734999,782818,832603,786989.51045313,40464.9902493151
439,18.615,978.84900,no MS2: TG 60:7|TG 8:0_14:0_38:7,[M+NH4]+,null,1.00,False,14.562,978.84839,C63H108O6,TG,SRHNEJAZADXGDY-UHFFFAOYSA-N,O=C(OCC(OC(=O)CCCCCCCCCCCCC)COC(=O)CCCCCCCCCCCCCCCC=CCC=CCC=CCC=CCC=CCC=CCC=CCC)CCCCCCC,530,False,True,False,Normalized unit: Intensity; Annotation method: Msp20260116160945_NCDK_conventional_converted_dev_1,False,False,439,0,0.00,1.00,null,null,null,-1.00,-1.00,-0.143,445.14,P Holpie Serum 3_GD1_01_66387,978.84821:89792 979.85287:61648 980.85754:49868,null,646680,582940,655575,652248,634360.796203124,34476.5888093317
440,17.001,980.27765,no MS2: RIKEN P-VS1 ID-17228 from Mouse_Macrophage_WT_N_F1AA,[M+H]+,null,1.00,False,13.120,980.27362,null,Unknown,null,null,530,False,True,False,Normalized unit: Intensity; Annotation method: Msp20260116160945_NCDK_conventional_converted_dev_1,False,False,440,0,0.00,0.93,null,null,null,-1.00,-1.00,-0.160,1846.06,P Holpie Serum 3_GD1_01_66387,980.27734:138344 981.28201:128620 982.28668:0,null,1096394,1120587,1131497,1080644,1107280.64895312,23032.6676438966
441,19.031,980.86353,no MS2: TG 60:6|TG 8:0_14:0_38:6,[M+NH4]+,null,1.00,False,14.796,980.86407,C63H110O6,TG,SPNWNJCUCAIHDD-UHFFFAOYSA-N,O=C(OCC(OC(=O)CCCCCCCCCCCCC)COC(=O)CCCCCCCCCCCCCCCCCCC=CCC=CCC=CCC=CCC=CCC=CCC)CCCCCCC,530,False,True,False,Normalized unit: Intensity; Annotation method: Msp20260116160945_NCDK_conventional_converted_dev_1,False,False,441,0,0.00,1.00,null,null,null,-1.00,-1.00,-0.143,1076.72,P Holpie Serum 2_GD1_01_66386,980.86444:112522 981.86911:77850 982.87378:46692,null,780685,717507,794983,820272,778362.051734373,43746.9855440601
442,18.363,980.86414,no MS2: TG 60:6|TG 8:0_14:0_38:6,[M+NH4]+,null,1.00,False,14.796,980.86407,C63H110O6,TG,SPNWNJCUCAIHDD-UHFFFAOYSA-N,O=C(OCC(OC(=O)CCCCCCCCCCCCC)COC(=O)CCCCCCCCCCCCCCCCCCC=CCC=CCC=CCC=CCC=CCC=CCC)CCCCCCC,530,False,True,False,Normalized unit: Intensity; Annotation method: Msp20260116160945_NCDK_conventional_converted_dev_1,False,False,442,0,0.00,1.00,null,null,null,-1.00,-1.00,-0.143,1116.64,P Holpie Serum 5_GD1_01_66389,980.86414:93012 981.86880:63924 982.87347:20412,null,650289,601844,660286,663691,644027.533796879,28692.0624655913
443,18.806,982.87872,no MS2: TG 60:5|TG 8:0_14:0_38:5,[M+NH4]+,null,1.00,False,14.981,982.87970,C63H112O6,TG,FQMBUVCOKJGRJW-UHFFFAOYSA-N,O=C(OCC(OC(=O)CCCCCCCCCCCCC)COC(=O)CCCCCCCCCCCCCCCCCCCCCC=CCC=CCC=CCC=CCC=CCC)CCCCCCC,530,False,True,False,Normalized unit: Intensity; Annotation method: Msp20260116160945_NCDK_conventional_converted_dev_1,False,False,443,0,0.00,1.00,null,null,null,-1.00,-1.00,-0.143,1823.82,P Holpie Serum 3_GD1_01_66387,982.87958:161308 983.88425:114278 984.88891:36392,null,1233252,1163934,1212067,1245133,1213596.32114063,35821.9873464451
444,19.235,984.89496,no MS2: TG 60:4|TG 8:0_14:0_38:4,[M+NH4]+,null,1.00,False,15.463,984.89539,C63H114O6,TG,UEWMKWGPCCRAAO-UHFFFAOYSA-N,O=C(OCC(OC(=O)CCCCCCCCCCCCC)COC(=O)CCCCCCCCCCCCCCCCCCCCCCCCC=CCC=CCC=CCC=CCC)CCCCCCC,530,False,True,False,Normalized unit: Intensity; Annotation method: Msp20260116160945_NCDK_conventional_converted_dev_1,False,False,444,0,0.00,1.00,null,null,null,-1.00,-1.00,-0.143,1867.32,P Holpie Serum 4_GD1_01_66388,984.89496:141206 985.89963:95616 986.90429:34992,null,1345970,1308729,1343325,1343857,1335470.1649375,17863.7500687441
445,19.604,986.91132,no MS2: TG 60:3|TG 8:0_14:0_38:3,[M+NH4]+,null,1.00,False,15.957,986.91101,C63H116O6,TG,FZJJBVHYILQVHV-UHFFFAOYSA-N,O=C(OCC(OC(=O)CCCCCCCCCCCCC)COC(=O)CCCCCCCCCCCCCCCCCCCCCCC=CCC=CCC=CCCCCCCC)CCCCCCC,530,False,True,False,Normalized unit: Intensity; Annotation method: Msp20260116160945_NCDK_conventional_converted_dev_1,False,False,445,0,0.00,1.00,null,null,null,-1.00,-1.00,-0.143,1507.35,P Holpie Serum 5_GD1_01_66389,986.91101:142606 987.91568:97178 988.92035:35356,null,970288,932229,961910,951394,953955.247656245,16417.978267782
446,20.038,988.92621,no MS2: TG 60:2|TG 8:0_14:0_38:2,[M+NH4]+,null,1.00,False,16.588,988.92670,C63H118O6,TG,LFNKTHQVISHFRX-UHFFFAOYSA-N,O=C(OCC(OC(=O)CCCCCCCCCCCCC)COC(=O)CCCCCCCCCCCCCCCCCCCCCCCCCC=CCC=CCCCCCCC)CCCCCCC,530,False,True,False,Normalized unit: Intensity; Annotation method: Msp20260116160945_NCDK_conventional_converted_dev_1,False,False,446,0,0.00,1.00,null,null,null,-1.00,-1.00,-0.143,1331.61,P Holpie Serum 4_GD1_01_66388,988.92664:135338 989.93130:87874 990.93597:28414,null,744062,689068,785521,777729,749095.101734378,43876.1955937864
447,2.314,991.67474,no MS2: TG 62:17|TG 15:4_15:4_32:9,[M+Na]+,null,1.00,False,13.131,991.67859,C65H92O6,TG,UFOXRNXLLJBQLM-UHFFFAOYSA-N,O=C(OCC(OC(=O)CC=CCC=CCC=CCC=CCC)COC(=O)CCCC=CCC=CCC=CCC=CCC=CCC=CCC=CCC=CCC=CCC)CC=CCC=CCC=CCC=CCC,530,False,True,False,Normalized unit: Intensity; Annotation method: Msp20260116160945_NCDK_conventional_converted_dev_1,False,False,447,0,0.00,0.93,null,null,null,-1.00,-1.00,-0.179,848.19,P Holpie Serum 5_GD1_01_66389,991.67474:603362 992.67941:319130 993.68408:101600,null,1630210,1311524,1652465,1806222,1600105.255875,207694.440342432
448,19.682,993.93707,Unknown,[M+H]+,null,1.00,False,null,null,null,null,null,null,999,False,False,False,Normalized unit: Intensity,False,False,448,0,0.00,null,null,null,null,null,null,null,807.24,P Holpie Serum 4_GD1_01_66388,993.93707:159856 994.94174:124086 995.94641:45384,null,653147,605469,662923,668664,647550.750421875,28776.8025183264
449,2.314,1013.65668,no MS2: RIKEN P-VS1 ID-17726 from Mouse_Muscle_WT_CTX1_Ctr,[M+H]+,null,1.00,False,6.220,1013.65289,null,Unknown,null,null,530,False,True,False,Normalized unit: Intensity; Annotation method: Msp20260116160945_NCDK_conventional_converted_dev_1,False,False,449,0,0.00,1.00,null,null,null,-1.00,-1.00,-0.129,2033.37,P Holpie Serum 2_GD1_01_66386,1013.65350:298690 1014.65817:157740 1015.66284:46518,null,897648,749745,923661,1001862,893228.631140625,105410.937121292
450,19.131,1017.93689,Unknown,[M+H]+,null,1.00,False,null,null,null,null,null,null,999,False,False,False,Normalized unit: Intensity,False,False,450,0,0.00,null,null,null,null,null,null,null,1494.65,P Holpie Serum 5_GD1_01_66389,1017.93689:143888 1018.94156:110704 1019.94623:41296,null,674227,657168,719105,743806,698576.474281254,39894.3401770349
451,19.647,1019.95313,Unknown,[M+H]+,null,1.00,False,null,null,null,null,null,null,999,False,False,False,Normalized unit: Intensity,False,False,451,0,0.00,null,null,null,null,null,null,null,1763.70,P Holpie Serum 4_GD1_01_66388,1019.95313:156200 1020.95779:122154 1021.96246:43598,null,745419,711603,774614,763009,748661.250703117,27466.7755212161
452,17.508,1054.29590,no MS2: RIKEN P-VS1 ID-18069 from Mouse_Macrophage_WT_N_F1,[M+H]+,null,1.00,False,13.270,1054.29419,null,Unknown,null,null,530,False,True,False,Normalized unit: Intensity; Annotation method: Msp20260116160945_NCDK_conventional_converted_dev_1,False,False,452,0,0.00,0.99,null,null,null,-1.00,-1.00,-0.134,1283.54,P Holpie Serum 4_GD1_01_66388,1054.29578:111394 1055.30044:114606 1056.30511:104720,null,684513,670983,694556,640796,672711.950187502,23367.2507436103
453,17.955,1128.31738,no MS2: RIKEN P-VS1 ID-18454 from Mouse_Macrophage_WT_N_F1DHA,[M+H]+,null,1.00,False,13.400,1128.31299,null,Unknown,null,null,530,False,True,False,Normalized unit: Intensity; Annotation method: Msp20260116160945_NCDK_conventional_converted_dev_1,False,False,453,0,0.00,0.99,null,null,null,-1.00,-1.00,-0.134,862.01,P Holpie Serum 4_GD1_01_66388,1128.31470:75364 1129.31937:77698 1130.32403:77818,null,430980,430162,424867,395109,420279.491109374,16997.7023248353
454,19.682,1250.17493,Unknown,[M+H]+,null,1.00,False,null,null,null,null,null,null,999,False,False,False,Normalized unit: Intensity,False,False,454,0,0.00,null,null,null,null,null,null,null,5766.26,P Holpie Serum 5_GD1_01_66389,1250.17493:500692 1251.17959:479974 1252.18426:222668,null,1872833,1726557,1839661,1853806,1823214.06570313,65855.4418475148
455,19.083,1263.17053,no MS2: RIKEN P-VS1 ID-19263 from Mouse_Testis_fads2KO_N_Ctr,[M+H]+,null,1.00,False,14.350,1263.16809,null,Unknown,null,null,530,False,True,False,Normalized unit: Intensity; Annotation method: Msp20260116160945_NCDK_conventional_converted_dev_1,False,False,455,0,0.00,0.98,null,null,null,-1.00,-1.00,-0.137,8270.62,P Holpie Serum 5_GD1_01_66389,1263.17053:630658 1264.17520:606482 1265.17987:285766,null,2627855,2346992,2621856,2685006,2570427.18884375,151651.428010255
456,19.682,1267.20264,no MS2: RIKEN P-VS1 ID-19271 from Mouse_AdrenalGlands_fads2KO_N_Ctr,[M+H]+,null,1.00,False,14.700,1267.20154,null,Unknown,null,null,530,False,True,False,Normalized unit: Intensity; Annotation method: Msp20260116160945_NCDK_conventional_converted_dev_1,False,False,456,0,0.00,1.00,null,null,null,-1.00,-1.00,-0.129,29481.46,P Holpie Serum 2_GD1_01_66386,1267.20154:1999758 1268.20621:1991304 1269.21087:923676,null,7497869,6966389,7694154,7481467,7409969.52882813,311107.140431369
457,19.660,1276.19165,Unknown,[M+H]+,null,1.00,False,null,null,null,null,null,null,999,False,False,False,Normalized unit: Intensity,False,False,457,0,0.00,null,null,null,null,null,null,null,4835.14,P Holpie Serum 4_GD1_01_66388,1276.19165:345178 1277.19632:340364 1278.20099:165144,null,1465174,1373524,1440210,1433299,1428051.65296874,38844.6414767303
458,19.096,1289.18701,no MS2: RIKEN P-VS1 ID-19354 from Mouse_Liver_fads2KO_N_Ctr,[M+H]+,null,1.00,False,14.370,1289.18262,null,Unknown,null,null,530,False,True,False,Normalized unit: Intensity; Annotation method: Msp20260116160945_NCDK_conventional_converted_dev_1,False,False,458,0,0.00,0.96,null,null,null,-1.00,-1.00,-0.149,32067.55,P Holpie Serum 3_GD1_01_66387,1289.18652:2092516 1290.19119:2173254 1291.19586:1013978,null,7640545,6945212,7632647,7832470,7512718.69864064,389455.597616907
459,19.660,1293.21704,no MS2: Cer 88:9;O4|Cer 22:2;O2/66:7;O2,[M+H-H2O]+,null,1.00,False,16.498,1293.21851,C88H159NO5,Cer_EOS,LKZDSMPBAUYSDE-UHFFFAOYSA-N,O=C(OCCC=CCC=CCC=CCC=CCC=CCC=CCCCCCCCCCCCCCCCCCCC(=O)NC(CO)C(O)C=CCCC=CCCCCCCCCCCCCC)CCCCCCCCCCCCCCCCCCCCCCCCCCC,530,False,True,False,Normalized unit: Intensity; Annotation method: Msp20260116160945_NCDK_conventional_converted_dev_1,False,False,459,0,0.00,1.00,null,null,null,-1.00,-1.00,-0.144,66350.27,P Holpie Serum 4_GD1_01_66388,1293.21777:4400456 1294.22244:4341320 1295.22711:2058836,null,18818430,17102472,17643348,18269269,17958379.7424217,745690.389037459
460,19.656,1293.41321,Unknown,[M+H]+,null,1.00,False,null,null,null,null,null,null,999,False,False,False,Normalized unit: Intensity,False,False,460,0,0.00,null,null,null,null,null,null,null,1360.20,P Holpie Serum 2_GD1_01_66386,1293.41321:122386 1294.41788:117774 1295.42254:36892,null,442114,388536,424254,403512,414604.225328121,23470.0181937109
461,19.660,1293.56421,Unknown,[M+2H]2+,null,1.00,False,null,null,null,null,null,null,999,False,False,False,Normalized unit: Intensity,False,False,461,0,0.00,null,null,null,null,null,null,null,1446.34,P Holpie Serum 4_GD1_01_66388,1293.56421:107424 1294.56888:103168 1295.57354:24928,null,320414,281807,347027,340690,322484.335687497,29398.1531785721
462,19.135,1298.17932,Unknown,[M+H]+,null,1.00,False,null,null,null,null,null,null,999,False,False,False,Normalized unit: Intensity,False,False,462,0,0.00,null,null,null,null,null,null,null,4230.38,P Holpie Serum 2_GD1_01_66386,1298.17932:272538 1299.18399:268608 1300.18866:127164,null,1282795,1179868,1247090,1263069,1243205.37203126,44679.0224480822
463,19.634,1302.20630,Unknown,[M+H]+,null,1.00,False,null,null,null,null,null,null,999,False,False,False,Normalized unit: Intensity,False,False,463,0,0.00,null,null,null,null,null,null,null,2730.41,P Holpie Serum 2_GD1_01_66386,1302.20630:173490 1303.21097:172940 1304.21563:82832,null,741045,684846,705032,729951,715218.353734364,25234.387787596
464,19.695,1309.24780,Unknown,[M+H]+,null,1.00,False,null,null,null,null,null,null,999,False,False,False,Normalized unit: Intensity,False,False,464,0,0.00,null,null,null,null,null,null,null,2116.03,P Holpie Serum 2_GD1_01_66386,1309.24780:158794 1310.25247:156172 1311.25714:68456,null,677252,651297,649591,635994,653533.541781254,17231.2672498866
465,18.667,1311.17041,no MS2: AHexCer 77:3;O3|AHexCer (O-28:0)13:1;O2/36:2;O,[M+H-H2O]+,null,1.00,False,15.110,1311.17749,C83H157NO10,AHexCer,WDJWRWUGWLUCMJ-UHFFFAOYSA-N,O=C(OCC1OC(OCC(NC(=O)C(O)CCCCCCCCCCCCCCCCCCCCCCC=CCC=CCCCCCCC)C(O)C=CCCCCCCCC)C(O)C(O)C1O)CCCCCCCCCCCCCCCCCCCCCCCCCCC,530,False,True,False,Normalized unit: Intensity; Annotation method: Msp20260116160945_NCDK_conventional_converted_dev_1,False,False,465,0,0.00,0.92,null,null,null,-1.00,-1.00,-0.185,2622.37,P Holpie Serum 2_GD1_01_66386,1311.17200:217326 1312.17666:214126 1313.18133:110090,null,878472,692258,862473,903429,834157.899937505,96089.6987528622
466,19.135,1315.20459,no MS2: RIKEN P-VS1 ID-19445 from Mouse_AdrenalGlands_fads2KO_N_Ctr,[M+H]+,null,1.00,False,14.420,1315.20972,null,Unknown,null,null,530,False,True,False,Normalized unit: Intensity; Annotation method: Msp20260116160945_NCDK_conventional_converted_dev_1,False,False,466,0,0.00,0.93,null,null,null,-1.00,-1.00,-0.161,252244.60,P Holpie Serum 2_GD1_01_66386,1315.20459:12563386 1316.20926:12564444 1317.21393:9718776,null,75254144,71553043,73637870,75171799,73904214.1810004,1734745.80933831
467,19.135,1315.39624,Unknown,[M+2H]2+,null,1.00,False,null,null,null,null,null,null,999,False,False,False,Normalized unit: Intensity,False,False,467,0,0.00,null,null,null,null,null,null,null,4604.96,P Holpie Serum 3_GD1_01_66387,1315.39624:296512 1316.40091:217166 1317.40558:85894,null,1525425,1515074,1462749,1427624,1482718.14632813,45843.5453766934
468,19.135,1315.55994,Unknown,[M+2H]2+,null,1.00,False,null,null,null,null,null,null,999,False,False,False,Normalized unit: Intensity,False,False,468,0,0.00,null,null,null,null,null,null,null,4551.30,P Holpie Serum 4_GD1_01_66388,1315.55994:288242 1316.56460:247844 1317.56927:134492,null,1404711,1347673,1474738,1473122,1425061.14560938,61048.0294065338
469,18.667,1316.12732,Unknown,[M+H]+,null,1.00,False,null,null,null,null,null,null,999,False,False,False,Normalized unit: Intensity,False,False,469,0,0.00,null,null,null,null,null,null,null,1123.73,P Holpie Serum 2_GD1_01_66386,1316.12732:79674 1317.13199:74946 1318.13665:36134,null,363910,322289,339403,326476,338019.500562502,18734.0558466743
470,19.135,1316.20679,no MS2: SM 77:4;O3|SM 49:3;O2(FA 28:0),[M+H]+,null,1.00,False,15.082,1316.19580,C82H159N2O7P,ASM,VTHSDDWDDNKEDJ-UHFFFAOYSA-N,O=C(OC(C=CCCCCCCCC)C(NC(=O)CCCCCCCCCCCCCCCCCCCCCCCC=CCC=CCCCCCCC)COP(=O)([O-])OCC[N+](C)(C)C)CCCCCCCCCCCCCCCCCCCCCCCCCCC,530,False,True,False,Normalized unit: Intensity; Annotation method: Msp20260116160945_NCDK_conventional_converted_dev_1,False,False,470,0,0.00,0.71,null,null,null,-1.00,-1.00,-0.290,243637.50,P Holpie Serum 5_GD1_01_66389,1316.20679:12507640 1317.21145:9628280 1318.21612:3105688,null,75218750,71550420,73801117,75241332,73952904.777766,1737563.75786383
471,19.135,1317.21106,Unknown,[M+H]+,null,1.00,False,null,null,null,null,null,null,999,False,False,False,Normalized unit: Intensity,False,False,471,0,0.00,null,null,null,null,null,null,null,170953.90,P Holpie Serum 2_GD1_01_66386,1317.21106:9718776 1318.21573:3115642 1319.22040:720716,null,49219572,45602265,47941439,48649158,47853108.4628128,1589026.44250634
472,19.634,1319.23242,no MS2: RIKEN P-VS1 ID-19454 from Mouse_AdrenalGlands_fads2KO_N_Ctr,[M+H]+,null,1.00,False,14.750,1319.23706,null,Unknown,null,null,530,False,True,False,Normalized unit: Intensity; Annotation method: Msp20260116160945_NCDK_conventional_converted_dev_1,False,False,472,0,0.00,0.96,null,null,null,-1.00,-1.00,-0.148,64602.15,P Holpie Serum 4_GD1_01_66388,1319.23315:4147270 1320.23782:4155798 1321.24249:1980816,null,18548558,16953342,18131805,18217228,17962733.5369997,696518.497946173
473,19.634,1319.43091,Unknown,[M+H]+,null,1.00,False,null,null,null,null,null,null,999,False,False,False,Normalized unit: Intensity,False,False,473,0,0.00,null,null,null,null,null,null,null,1625.32,P Holpie Serum 5_GD1_01_66389,1319.43091:124574 1320.43558:112554 1321.44024:36568,null,422795,364922,428541,433777,412508.480140617,32039.8202050523
474,19.634,1319.58215,Unknown,[M+2H]2+,null,1.00,False,null,null,null,null,null,null,999,False,False,False,Normalized unit: Intensity,False,False,474,0,0.00,null,null,null,null,null,null,null,1521.99,P Holpie Serum 2_GD1_01_66386,1319.58215:101970 1320.58682:98402 1321.59149:21386,null,339426,293535,327761,301149,315467.701953119,21688.6528660838
475,19.135,1320.15613,Unknown,[2M+Na]+,null,1.00,False,null,null,null,null,null,null,999,False,False,False,Normalized unit: Intensity,False,False,475,0,0.00,null,null,null,null,null,null,null,2281.97,P Holpie Serum 3_GD1_01_66387,1320.15613:134392 1321.16080:133162 1322.16546:58054,null,859361,878657,843163,843990,856292.73048438,16666.66332876
476,20.159,1323.26453,no MS2: RIKEN P-VS1 ID-19471 from Mouse_AdrenalGlands_fads2KO_N_Ctr,[2M+NH4]+,null,0.25,False,14.900,1323.26611,null,Unknown,null,null,530,False,True,False,Normalized unit: Intensity; Annotation method: Msp20260116160945_NCDK_conventional_converted_dev_1,False,False,476,0,0.00,0.99,null,null,null,-1.00,-1.00,-0.132,960.22,P Holpie Serum 5_GD1_01_66389,1323.26453:89942 1324.26919:88812 1325.27386:42782,null,257160,196790,259093,272893,246484.291609374,33861.8368768232
477,19.669,1335.26331,no MS2: RIKEN P-VS1 ID-19519 from Mouse_AdrenalGlands_fads2KO_N_Ctr,[M+H]+,null,1.00,False,14.890,1335.25171,null,Unknown,null,null,530,False,True,False,Normalized unit: Intensity; Annotation method: Msp20260116160945_NCDK_conventional_converted_dev_1,False,False,477,0,0.00,0.79,null,null,null,-1.00,-1.00,-0.225,1798.91,P Holpie Serum 3_GD1_01_66387,1335.26099:100662 1336.26565:103380 1337.27032:48078,null,573044,568665,561630,542040,561344.758828123,13701.7431024637
478,19.183,1341.21594,no MS2: RIKEN P-VS1 ID-19537 from Mouse_AdrenalGlands_WT_N_Ctr,[M+H]+,null,1.00,False,14.480,1341.22034,null,Unknown,null,null,530,False,True,False,Normalized unit: Intensity; Annotation method: Msp20260116160945_NCDK_conventional_converted_dev_1,False,False,478,0,0.00,0.96,null,null,null,-1.00,-1.00,-0.145,5528.63,P Holpie Serum 4_GD1_01_66388,1341.21667:475384 1342.22134:509204 1343.22601:274534,null,1366560,1267784,1331072,1359082,1331124.40351563,44904.9093949797
479,19.669,1349.27881,no MS2: RIKEN P-VS1 ID-19573 from Mouse_AdrenalGlands_WT_N_Ctr,[M+H]+,null,1.00,False,15.180,1349.28784,null,Unknown,null,null,530,False,True,False,Normalized unit: Intensity; Annotation method: Msp20260116160945_NCDK_conventional_converted_dev_1,False,False,479,0,0.00,0.83,null,null,null,-1.00,-1.00,-0.204,1422.01,P Holpie Serum 4_GD1_01_66388,1349.27966:91222 1350.28433:96382 1351.28900:45562,null,527183,522155,481140,460726,497801.220593748,32189.9380003009
480,19.621,1361.27734,no MS2: AHexCer 80:0;O2|AHexCer (O-28:0)14:0;O2/38:0,[M+H]+,null,1.00,False,14.857,1361.28699,C86H169NO9,AHexCer,UAWAIFGYBVGJAF-UHFFFAOYSA-N,O=C(OCC1OC(OCC(NC(=O)CCCCCCCCCCCCCCCCCCCCCCCCCCCCCCCCCCCCC)C(O)CCCCCCCCCCC)C(O)C(O)C1O)CCCCCCCCCCCCCCCCCCCCCCCCCCC,530,False,True,False,Normalized unit: Intensity; Annotation method: Msp20260116160945_NCDK_conventional_converted_dev_1,False,False,480,0,0.00,0.87,null,null,null,-1.00,-1.00,-0.206,1130.79,P Holpie Serum 2_GD1_01_66386,1361.27991:92196 1362.28457:98192 1363.28924:47292,null,412095,411511,397509,387253,402092.299093744,11971.8627481608
481,18.840,1363.20142,no MS2: RIKEN P-VS1 ID-19625 from Mouse_AdrenalGlands_WT_N_Ctr,[M+H]+,null,1.00,False,14.270,1363.20703,null,Unknown,null,null,530,False,True,False,Normalized unit: Intensity; Annotation method: Msp20260116160945_NCDK_conventional_converted_dev_1,False,False,481,0,0.00,0.93,null,null,null,-1.00,-1.00,-0.161,38728.29,P Holpie Serum 4_GD1_01_66388,1363.20178:3052110 1364.20645:3173720 1365.21112:1603108,null,10930395,9595945,10793256,10947932,10566881.8330625,650974.594265769
482,19.621,1375.29614,no MS2: RIKEN P-VS1 ID-19677 from Mouse_AdrenalGlands_fads2KO_N_Ctr,[M+H]+,null,1.00,False,15.190,1375.30054,null,Unknown,null,null,530,False,True,False,Normalized unit: Intensity; Annotation method: Msp20260116160945_NCDK_conventional_converted_dev_1,False,False,482,0,0.00,0.95,null,null,null,-1.00,-1.00,-0.151,1084.14,P Holpie Serum 2_GD1_01_66386,1375.29614:83390 1376.30081:85706 1377.30548:42542,null,373467,368885,347348,347128,359207.020906245,13947.0608760646
