,,,,,,,,,,,,,,,,,,,,,,,,,,,,,,,,,,Class,1,1,1,1,NA,NA
,,,,,,,,,,,,,,,,,,,,,,,,,,,,,,,,,,File type,Sample,Sample,Sample,Sample,NA,NA
,,,,,,,,,,,,,,,,,,,,,,,,,,,,,,,,,,Injection order,1,2,3,4,NA,NA
,,,,,,,,,,,,,,,,,,,,,,,,,,,,,,,,,,Batch ID,1,1,1,1,Average,Stdev
Alignment ID,Average Rt(min),Average Mz,Metabolite name,Adduct type,Post curation result,Fill %,MS/MS assigned,Reference RT,Reference m/z,Formula,Ontology,INCHIKEY,SMILES,Annotation tag (VS1.0),RT matched,m/z matched,MS/MS matched,Comment,Manually modified for quantification,Manually modified for annotation,Isotope tracking parent ID,Isotope tracking weight number,RT similarity,m/z similarity,Simple dot product,Weighted dot product,Reverse dot product,Matched peaks count,Matched peaks percentage,Total score,S/N average,Spectrum reference file name,MS1 isotopic spectrum,MS/MS spectrum,P Holpie Rt Mix 4p4 2Xd 1_GC1_01_66375,P Holpie Rt Mix 4p4 2Xd 2_GC1_01_66376,P Holpie Rt Mix 4p4 2Xd 3_GC1_01_66377,P Holpie Rt Mix 4p4 2Xd 4_GC1_01_66378,1,1
0,2.817,354.40967,Unknown,[M+H]+,null,1.00,False,null,null,null,null,null,null,999,False,False,False,Normalized unit: Intensity,False,False,0,0,0.00,null,null,null,null,null,null,null,2662.02,P Holpie Rt Mix 4p4 2Xd 4_GC1_01_66378,354.40967:77928 355.41434:21544 356.41900:2564,null,320034,344247,347771,356394,342111.429234375,15577.5897302696
1,18.350,369.35037,no MS2: RIKEN P-VS1 ID-2084 from Mouse_Plasma_ApoEKO_N_F1EPA,[M+H]+,null,1.00,False,15.240,369.34921,null,Unknown,null,null,530,False,True,False,Normalized unit: Intensity; Annotation method: Msp20260116160945_NCDK_conventional_converted_dev_1,False,False,1,0,0.00,0.97,null,null,null,-1.00,-1.00,-0.141,331.81,P Holpie Rt Mix 4p4 2Xd 4_GC1_01_66378,369.35037:266112 370.35504:85118 371.35971:11152,null,1137421,1256731,1237741,1305457,1234337.38542187,70625.2506397663
2,19.135,369.35049,no MS2: RIKEN P-VS1 ID-2084 from Mouse_Plasma_ApoEKO_N_F1EPA,[M+H]+,null,1.00,False,15.240,369.34921,null,Unknown,null,null,530,False,True,False,Normalized unit: Intensity; Annotation method: Msp20260116160945_NCDK_conventional_converted_dev_1,False,False,2,0,0.00,0.97,null,null,null,-1.00,-1.00,-0.143,429.55,P Holpie Rt Mix 4p4 2Xd 4_GC1_01_66378,369.35049:371660 370.35516:108490 371.35983:16210,null,1438606,1591761,1505168,1651839,1546843.57646874,93975.1457643193
3,16.441,369.35062,no MS2: RIKEN P-VS1 ID-2084 from Mouse_Plasma_ApoEKO_N_F1EPA,[M+H]+,null,1.00,False,15.240,369.34921,null,Unknown,null,null,530,False,True,False,Normalized unit: Intensity; Annotation method: Msp20260116160945_NCDK_conventional_converted_dev_1,False,False,3,0,0.00,0.98,null,null,null,-1.00,-1.00,-0.137,209.94,P Holpie Rt Mix 4p4 2Xd 2_GC1_01_66376,369.35019:121512 370.35486:38138 371.35952:7076,null,1235001,1349378,1189840,1356027,1282561.338625,83108.0822635354
4,13.031,369.35132,no MS2: ST 27:1;O,[M+H-H2O]+,null,0.25,False,8.638,369.35159,C27H46O,ST,HVYWMOMLDIMFJA-UHFFFAOYSA-N,OC1CC2=CCC3C(CCC4(C)C(CCC34)C(C)CCCC(C)C)C2(C)CC1,530,False,True,False,Normalized unit: Intensity; Annotation method: Msp20260116160945_NCDK_conventional_converted_dev_1,False,False,4,0,0.00,1.00,null,null,null,-1.00,-1.00,-0.144,85.31,P Holpie Rt Mix 4p4 2Xd 4_GC1_01_66378,369.35132:75702 370.35599:23156 371.36065:4134,null,394017,431672,427619,449037,425586.380625,23005.6498364102
5,13.894,369.35193,no MS2: ST 27:1;O,[M+H-H2O]+,null,1.00,False,8.638,369.35159,C27H46O,ST,HVYWMOMLDIMFJA-UHFFFAOYSA-N,OC1CC2=CCC3C(CCC4(C)C(CCC34)C(C)CCCC(C)C)C2(C)CC1,530,False,True,False,Normalized unit: Intensity; Annotation method: Msp20260116160945_NCDK_conventional_converted_dev_1,False,False,5,0,0.00,1.00,null,null,null,-1.00,-1.00,-0.143,149.86,P Holpie Rt Mix 4p4 2Xd 2_GC1_01_66376,369.35156:99414 370.35623:33360 371.36090:4282,null,1048895,1137317,1145099,1220675,1137996.2903125,70298.7798884134
6,19.647,369.35318,no MS2: ST 27:1;O,[M+H-H2O]+,null,1.00,False,8.638,369.35159,C27H46O,ST,HVYWMOMLDIMFJA-UHFFFAOYSA-N,OC1CC2=CCC3C(CCC4(C)C(CCC34)C(C)CCCC(C)C)C2(C)CC1,530,False,True,False,Normalized unit: Intensity; Annotation method: Msp20260116160945_NCDK_conventional_converted_dev_1,False,False,6,0,0.00,1.00,null,null,null,-1.00,-1.00,-0.143,984.89,P Holpie Rt Mix 4p4 2Xd 2_GC1_01_66376,369.35175:760258 370.35641:216660 371.36108:31128,null,3912890,3799738,3696818,3748194,3789409.85773436,92422.973974342
7,1.171,454.25790,no MS2: DMPE 13:0|DMPE 5:0_8:0,[M+H]+,null,1.00,False,4.835,454.25641,C20H40NO8P,DMPE,HKWAESFLQVAVHA-UHFFFAOYSA-N,O=C(OCC(OC(=O)CCCCCCC)COP(=O)(O)OCCN(C)C)CCCC,530,False,True,False,Normalized unit: Intensity; Annotation method: Msp20260116160945_NCDK_conventional_converted_dev_1,False,False,7,0,0.00,0.99,null,null,null,-1.00,-1.00,-0.147,65454.48,P Holpie Rt Mix 4p4 2Xd 1_GC1_01_66375,454.25705:6261106 455.26172:1568100 456.26639:272684,null,21401017,22911665,22173364,21789319,22068841.045375,644307.905716362
8,1.171,455.26120,Unknown,[M+H]+,null,1.00,False,null,null,null,null,null,null,999,False,False,False,Normalized unit: Intensity,False,False,8,0,0.00,null,null,null,null,null,null,null,14827.67,P Holpie Rt Mix 4p4 2Xd 2_GC1_01_66376,455.26120:1693900 456.26587:261786 457.27054:36300,null,5323684,5929469,5670954,5586781,5627722.04379688,249689.868575073
9,1.166,476.23987,no MS2: PC 12:0,[M+Na]+,null,1.00,False,3.582,476.23840,C20H40NO8P,PC,KNXKLGNRVBJSIQ-UHFFFAOYSA-N,O=C(OCC(OC(=O)CCCCCC)COP(=O)([O-])OCC[N+](C)(C)C)CCCC,530,False,True,False,Normalized unit: Intensity; Annotation method: Msp20260116160945_NCDK_conventional_converted_dev_1,False,False,9,0,0.00,0.99,null,null,null,-1.00,-1.00,-0.146,4749.32,P Holpie Rt Mix 4p4 2Xd 1_GC1_01_66375,476.23895:409268 477.24362:91832 478.24829:17154,null,1450490,1517455,1458287,1467554,1473446.2744375,30156.5715321223
10,1.305,482.28900,no MS2: DMPE 15:0|DMPE 10:0_5:0,[M+H]+,null,1.00,False,5.211,482.28769,C22H44NO8P,DMPE,KOISGDAZRNZPME-UHFFFAOYSA-N,O=C(OCC(OC(=O)CCCC)COP(=O)(O)OCCN(C)C)CCCCCCCCC,530,False,True,False,Normalized unit: Intensity; Annotation method: Msp20260116160945_NCDK_conventional_converted_dev_1,False,False,10,0,0.00,0.98,null,null,null,-1.00,-1.00,-0.152,32474.81,P Holpie Rt Mix 4p4 2Xd 3_GC1_01_66377,482.28864:6140220 483.29330:1662774 484.29797:295648,null,20496891,21406049,20520548,21256495,20919995.7669688,478906.739578641
11,1.305,482.81741,Unknown,[M+H]+,null,1.00,False,null,null,null,null,null,null,999,False,False,False,Normalized unit: Intensity,False,False,11,0,0.00,null,null,null,null,null,null,null,1831.03,P Holpie Rt Mix 4p4 2Xd 2_GC1_01_66376,482.81741:180470 483.82208:18178 484.82675:904,null,485404,532514,514547,534347,516703.268,22697.6892740016
12,2.335,496.33969,no MS2: PC O-16:0|PC O-8:0_8:0,[M+H]+,null,1.00,False,5.632,496.33981,C24H50NO7P,EtherPC,GDMHMXIBVHRZGP-UHFFFAOYSA-N,O=C(OC(COCCCCCCCC)COP(=O)([O-])OCC[N+](C)(C)C)CCCCCCC,530,False,True,False,Normalized unit: Intensity; Annotation method: Msp20260116160945_NCDK_conventional_converted_dev_1,False,False,12,0,0.00,1.00,null,null,null,-1.00,-1.00,-0.143,468.52,P Holpie Rt Mix 4p4 2Xd 4_GC1_01_66378,496.33984:84144 497.34451:21134 498.34918:3970,null,358827,383571,357427,390097,372480.707859375,16796.8034105381
13,1.305,504.27072,no MS2: PC 14:0,[M+Na]+,null,1.00,False,4.315,504.26971,C22H44NO8P,PC,OIFRTCQOIDCXAI-UHFFFAOYSA-N,O=C(OCC(OC(=O)CCCCCCCC)COP(=O)([O-])OCC[N+](C)(C)C)CCCC,530,False,True,False,Normalized unit: Intensity; Annotation method: Msp20260116160945_NCDK_conventional_converted_dev_1,False,False,13,0,0.00,0.99,null,null,null,-1.00,-1.00,-0.146,2369.74,P Holpie Rt Mix 4p4 2Xd 3_GC1_01_66377,504.27029:357662 505.27496:88724 506.27963:13038,null,1192936,1205275,1128579,1205336,1183031.45710938,36767.2115770435
14,1.553,510.32031,no MS2: DMPE 17:0|DMPE 12:0_5:0,[M+H]+,null,1.00,False,5.911,510.31900,C24H48NO8P,DMPE,NAWXXKZUWNAVLJ-UHFFFAOYSA-N,O=C(OCC(OC(=O)CCCC)COP(=O)(O)OCCN(C)C)CCCCCCCCCCC,530,False,True,False,Normalized unit: Intensity; Annotation method: Msp20260116160945_NCDK_conventional_converted_dev_1,False,False,14,0,0.00,0.99,null,null,null,-1.00,-1.00,-0.148,46375.25,P Holpie Rt Mix 4p4 2Xd 1_GC1_01_66375,510.31970:5902366 511.32437:1779248 512.32904:355652,null,25098816,26945951,26093695,26821912,26240093.6275469,848664.430372809
15,1.557,510.86359,Unknown,[M+H]+,null,1.00,False,null,null,null,null,null,null,999,False,False,False,Normalized unit: Intensity,False,False,15,0,0.00,null,null,null,null,null,null,null,2452.95,P Holpie Rt Mix 4p4 2Xd 2_GC1_01_66376,510.86359:197696 511.86825:24524 512.87292:1288,null,629308,710692,628496,679924,662104.857875,40346.3432131848
16,1.557,532.30188,no MS2: PC 16:0,[M+Na]+,null,1.00,False,5.422,532.30103,C24H48NO8P,PC,BBSHYEVDGJSJEB-UHFFFAOYSA-N,O=C(OCC(OC(=O)CCCC)COP(=O)([O-])OCC[N+](C)(C)C)CCCCCCCCCC,530,False,True,False,Normalized unit: Intensity; Annotation method: Msp20260116160945_NCDK_conventional_converted_dev_1,False,False,16,0,0.00,1.00,null,null,null,-1.00,-1.00,-0.143,2753.08,P Holpie Rt Mix 4p4 2Xd 1_GC1_01_66375,532.30115:379722 533.30582:102388 534.31048:18614,null,1389523,1482280,1315562,1361432,1387199.09779687,70336.3258054864
17,2.009,538.35089,no MS2: DMPE 19:0|DMPE 14:0_5:0,[M+H]+,null,1.00,False,6.318,538.35028,C26H52NO8P,DMPE,QIRNOKORVQUESQ-UHFFFAOYSA-N,O=C(OCC(OC(=O)CCCC)COP(=O)(O)OCCN(C)C)CCCCCCCCCCCCC,530,False,True,False,Normalized unit: Intensity; Annotation method: Msp20260116160945_NCDK_conventional_converted_dev_1,False,False,17,0,0.00,1.00,null,null,null,-1.00,-1.00,-0.144,39695.00,P Holpie Rt Mix 4p4 2Xd 3_GC1_01_66377,538.35071:4904592 539.35538:1584378 540.36004:298254,null,22859197,24746330,22761141,23349295,23428990.4952656,915135.952096944
18,2.009,538.90918,Unknown,[M+H]+,null,1.00,False,null,null,null,null,null,null,999,False,False,False,Normalized unit: Intensity,False,False,18,0,0.00,null,null,null,null,null,null,null,1321.00,P Holpie Rt Mix 4p4 2Xd 2_GC1_01_66376,538.90918:156146 539.91385:18782 540.91852:786,null,503910,575189,486863,562788,532187.254,43356.9793472508
19,13.889,541.46222,no MS2: NAGly 29:2;O2|NAGly 8:0;O(FA 21:1),[M+NH4]+,null,0.75,False,8.178,541.45752,C31H57NO5,NAGly,KAGNPJXTJFIRNG-UHFFFAOYSA-N,O=C(O)CNC(=O)CCCC(OC(=O)CCCCCCCCCC=CCCCCCCCCC)CCC,530,False,True,False,Normalized unit: Intensity; Annotation method: Msp20260116160945_NCDK_conventional_converted_dev_1,False,False,19,0,0.00,0.77,null,null,null,-1.00,-1.00,-0.257,520.40,P Holpie Rt Mix 4p4 2Xd 3_GC1_01_66377,541.46143:59922 542.46609:23060 543.47076:4582,null,548458,596794,572773,608626,581662.823453125,26692.8113007434
20,13.026,557.45703,no MS2: NAGlySer 26:0;O,[M+H]+,null,1.00,False,8.313,557.45239,C31H60N2O6,NAGlySer,GBJCWKUBOQEHCA-UHFFFAOYSA-N,O=C(NC(C(=O)O)CO)CNC(=O)CC(O)CCCCCCCCCCCCCCCCCCCCCCC,530,False,True,False,Normalized unit: Intensity; Annotation method: Msp20260116160945_NCDK_conventional_converted_dev_1,False,False,20,0,0.00,0.71,null,null,null,-1.00,-1.00,-0.286,421.42,P Holpie Rt Mix 4p4 2Xd 3_GC1_01_66377,557.45697:85792 558.46164:33060 559.46631:6922,null,414448,445682,426967,453776,435218.3483125,17826.876276227
21,13.890,558.48792,no MS2: Cer 36:4;O3|Cer 12:0;O2/24:4;O,[M+H-H2O]+,null,1.00,False,8.063,558.48810,C36H65NO4,Cer_HDS,AYICWSMDHURIRF-UHFFFAOYSA-N,O=C(NC(CO)C(O)CCCCCCCCC)C(O)CCCCCCCCCC=CCC=CCC=CCC=CCC,530,False,True,False,Normalized unit: Intensity; Annotation method: Msp20260116160945_NCDK_conventional_converted_dev_1,False,False,21,0,0.00,1.00,null,null,null,-1.00,-1.00,-0.143,4160.74,P Holpie Rt Mix 4p4 2Xd 2_GC1_01_66376,558.48792:435132 559.49258:164432 560.49725:34810,null,3798366,4162544,4036465,4120106,4029370.1873125,162666.853728
22,2.009,560.33246,no MS2: PC 18:0,[M+Na]+,null,1.00,False,6.185,560.33228,C26H52NO8P,PC,RRUAPWUSGRCXJR-UHFFFAOYSA-N,O=C(OCC(OC(=O)CCCC)COP(=O)([O-])OCC[N+](C)(C)C)CCCCCCCCCCCC,530,False,True,False,Normalized unit: Intensity; Annotation method: Msp20260116160945_NCDK_conventional_converted_dev_1,False,False,22,0,0.00,1.00,null,null,null,-1.00,-1.00,-0.143,1579.97,P Holpie Rt Mix 4p4 2Xd 3_GC1_01_66377,560.33228:208312 561.33694:59826 562.34161:10996,null,897497,955053,836086,892736,895342.94309375,48607.8837113308
23,13.890,563.44366,no MS2: NATau 28:1;O,[M+NH4]+,null,1.00,False,8.598,563.44519,C30H59NO5S,NATau,PPAXWBIIHAURHW-UHFFFAOYSA-N,O=C(NCCS(=O)(=O)O)CC(O)CCCCCCCCCCCCCC=CCCCCCCCCCC,530,False,True,False,Normalized unit: Intensity; Annotation method: Msp20260116160945_NCDK_conventional_converted_dev_1,False,False,23,0,0.00,0.98,null,null,null,-1.00,-1.00,-0.151,1797.09,P Holpie Rt Mix 4p4 2Xd 1_GC1_01_66375,563.44415:231258 564.44882:91724 565.45349:17510,null,2782728,2792346,2940038,3048021,2890783.20503125,127168.447965125
24,16.401,563.48224,no MS2: VAE 19:2,[M+H]+,null,0.25,False,13.554,563.48230,C39H62O2,VAE,CYZIVBLWNMJHRQ-UHFFFAOYSA-N,O=C(OCC=C(C=CC=C(C=CC1=C(C)CCCC1(C)C)C)C)CCCCCCCC=CCC=CCCCCCC,530,False,True,False,Normalized unit: Intensity; Annotation method: Msp20260116160945_NCDK_conventional_converted_dev_1,False,False,24,0,0.00,1.00,null,null,null,-1.00,-1.00,-0.143,402.16,P Holpie Rt Mix 4p4 2Xd 2_GC1_01_66376,563.48224:72910 564.48691:29348 565.49157:6808,null,319887,352891,324232,327620,331157.463218749,14830.9829963969
25,2.791,566.38147,no MS2: DMPE 21:0|DMPE 16:0_5:0,[M+H]+,null,1.00,False,7.048,566.38159,C28H56NO8P,DMPE,CMFPEMGUXLZBKX-UHFFFAOYSA-N,O=C(OCC(OC(=O)CCCC)COP(=O)(O)OCCN(C)C)CCCCCCCCCCCCCCC,530,False,True,False,Normalized unit: Intensity; Annotation method: Msp20260116160945_NCDK_conventional_converted_dev_1,False,False,25,0,0.00,1.00,null,null,null,-1.00,-1.00,-0.143,36428.40,P Holpie Rt Mix 4p4 2Xd 1_GC1_01_66375,566.38159:4644226 567.38626:1557576 568.39093:299014,null,22288343,23720200,22975628,23730124,23178573.5748125,690715.726919473
26,2.791,566.95428,Unknown,[M+H]+,null,1.00,False,null,null,null,null,null,null,999,False,False,False,Normalized unit: Intensity,False,False,26,0,0.00,null,null,null,null,null,null,null,1201.61,P Holpie Rt Mix 4p4 2Xd 2_GC1_01_66376,566.95428:151518 567.95895:18798 568.96362:994,null,500083,555724,482611,521750,515042.04296875,31493.8322129225
27,13.026,574.48346,no MS2: Cer 36:4;O4|Cer 12:1;O3/24:3(2OH),[M+NH4]+,null,1.00,False,8.266,574.48297,C36H65NO5,Cer_AP,DBUJMPXYWFGVIW-UHFFFAOYSA-N,O=C(NC(CO)C(O)C(O)CCCC=CCCC)C(O)CCCCCCCC=CCC=CCC=CCCCCCCC,530,False,True,False,Normalized unit: Intensity; Annotation method: Msp20260116160945_NCDK_conventional_converted_dev_1,False,False,27,0,0.00,1.00,null,null,null,-1.00,-1.00,-0.145,914.96,P Holpie Rt Mix 4p4 2Xd 4_GC1_01_66378,574.48346:142818 575.48813:57836 576.49279:12448,null,661889,699461,688034,719924,692326.657609375,24203.2895785337
28,13.877,579.41760,no MS2: VAE 19:5,[M+Na]+,null,1.00,False,12.521,579.41730,C39H56O2,VAE,KZAUHBIOBSUJDD-UHFFFAOYSA-N,O=C(OCC=C(C=CC=C(C=CC1=C(C)CCCC1(C)C)C)C)CCC=CCC=CCC=CCC=CCC=CCC,530,False,True,False,Normalized unit: Intensity; Annotation method: Msp20260116160945_NCDK_conventional_converted_dev_1,False,False,28,0,0.00,1.00,null,null,null,-1.00,-1.00,-0.143,178.30,P Holpie Rt Mix 4p4 2Xd 2_GC1_01_66376,579.41724:93808 580.42190:36600 581.42657:11968,null,1215503,1305586,1298595,1357922,1294401.47226562,58885.6718888033
29,13.026,579.43878,no MS2: SL 30:1;O2|SL 12:1;O/18:0;O,[M+Na]+,null,1.00,False,7.551,579.44012,C30H59NO6S,SL,RVIKRDHQZKUVIK-UHFFFAOYSA-N,O=C(N(CC(O)C=CCCCCCCC)CS(=O)(=O)O)C(O)CCCCCCCCCCCCCCCC,530,False,True,False,Normalized unit: Intensity; Annotation method: Msp20260116160945_NCDK_conventional_converted_dev_1,False,False,29,0,0.00,0.98,null,null,null,-1.00,-1.00,-0.155,132.50,P Holpie Rt Mix 4p4 2Xd 4_GC1_01_66378,579.43884:78358 580.44351:32546 581.44818:5354,null,373788,401693,376782,388060,385080.667296875,12665.4625466452
30,15.955,579.53436,no MS2: RIKEN P-VS1 ID-5453 from Mouse_Macrophage_WT_N_F1AA,[M+H]+,null,1.00,False,12.890,579.53418,null,Unknown,null,null,530,False,True,False,Normalized unit: Intensity; Annotation method: Msp20260116160945_NCDK_conventional_converted_dev_1,False,False,30,0,0.00,1.00,null,null,null,-1.00,-1.00,-0.129,9371.28,P Holpie Rt Mix 4p4 2Xd 4_GC1_01_66378,579.53418:3157378 580.53885:1212838 581.54352:262798,null,15429900,17461124,15555792,16737448,16296065.8904688,974752.606692138
31,14.293,584.50323,no MS2: Cer 38:5;O3|Cer 12:0;O2/26:5;O,[M+H-H2O]+,null,1.00,False,8.606,584.50372,C38H67NO4,Cer_HDS,YKOKEEGMJPEQKO-UHFFFAOYSA-N,O=C(NC(CO)C(O)CCCCCCCCC)C(O)CCCCCCCCC=CCC=CCC=CCC=CCC=CCC,530,False,True,False,Normalized unit: Intensity; Annotation method: Msp20260116160945_NCDK_conventional_converted_dev_1,False,False,31,0,0.00,1.00,null,null,null,-1.00,-1.00,-0.143,690.81,P Holpie Rt Mix 4p4 2Xd 3_GC1_01_66377,584.50360:94818 585.50827:44910 586.51294:10518,null,533639,566693,538376,542334,545260.613375,14724.0035097084
32,13.894,585.49860,Unknown,[M+H]+,null,1.00,False,null,null,null,null,null,null,999,False,False,False,Normalized unit: Intensity,False,False,32,0,0.00,null,null,null,null,null,null,null,1413.26,P Holpie Rt Mix 4p4 2Xd 3_GC1_01_66377,585.49860:227150 586.50326:86228 587.50793:18256,null,2147835,2351912,2352796,2346387,2299732.45029687,101304.354803295
33,2.791,588.36328,no MS2: PC 20:0,[M+Na]+,null,1.00,False,6.882,588.36359,C28H56NO8P,PC,FQFCSQCHUFDFJL-UHFFFAOYSA-N,O=C(OCC(OC(=O)CCCC)COP(=O)([O-])OCC[N+](C)(C)C)CCCCCCCCCCCCCC,530,False,True,False,Normalized unit: Intensity; Annotation method: Msp20260116160945_NCDK_conventional_converted_dev_1,False,False,33,0,0.00,1.00,null,null,null,-1.00,-1.00,-0.143,826.08,P Holpie Rt Mix 4p4 2Xd 1_GC1_01_66375,588.36346:185928 589.36813:57318 590.37280:10514,null,777490,792850,716149,736448,755734.215046875,35542.4386759026
34,14.293,589.45850,no MS2: NAGly 33:6;O2|NAGly 9:0;O(FA 24:5),[M+NH4]+,null,1.00,False,7.904,589.45752,C35H57NO5,NAGly,YKQJRUKURBWRJA-UHFFFAOYSA-N,O=C(O)CNC(=O)CCCC(OC(=O)CCCCCCCC=CCC=CCC=CCC=CCC=CCC)CCCC,530,False,True,False,Normalized unit: Intensity; Annotation method: Msp20260116160945_NCDK_conventional_converted_dev_1,False,False,34,0,0.00,0.99,null,null,null,-1.00,-1.00,-0.148,468.17,P Holpie Rt Mix 4p4 2Xd 4_GC1_01_66378,589.45837:74050 590.46304:28930 591.46771:6798,null,392573,438019,385845,408366,406200.81875,23217.4852801579
35,3.939,594.41248,no MS2: DMPE 23:0|DMPE 18:0_5:0,[M+H]+,null,1.00,False,7.439,594.41290,C30H60NO8P,DMPE,BIDVNWJRCAHERY-UHFFFAOYSA-N,O=C(OCC(OC(=O)CCCC)COP(=O)(O)OCCN(C)C)CCCCCCCCCCCCCCCCC,530,False,True,False,Normalized unit: Intensity; Annotation method: Msp20260116160945_NCDK_conventional_converted_dev_1,False,False,35,0,0.00,1.00,null,null,null,-1.00,-1.00,-0.144,37819.71,P Holpie Rt Mix 4p4 2Xd 4_GC1_01_66378,594.41260:5916008 595.41727:2090322 596.42193:430528,null,33130737,34425680,33197507,34101271,33713798.6025937,648955.153981536
36,3.939,594.54840,no MS2: Cer 37:1;O4|Cer 12:1;O3/25:0(2OH),[M+H-H2O]+,null,1.00,False,9.844,594.54559,C37H73NO5,Cer_AP,RUEOUTPJRGEUDQ-UHFFFAOYSA-N,O=C(NC(CO)C(O)C(O)CCCC=CCCC)C(O)CCCCCCCCCCCCCCCCCCCCCCC,530,False,True,False,Normalized unit: Intensity; Annotation method: Msp20260116160945_NCDK_conventional_converted_dev_1,False,False,36,0,0.00,0.89,null,null,null,-1.00,-1.00,-0.196,587.36,P Holpie Rt Mix 4p4 2Xd 2_GC1_01_66376,594.54840:84294 595.55307:11016 596.55774:1178,null,326849,377515,334882,357976,349305.495921875,22973.0081528299
37,3.934,594.64935,Unknown,[M+H]+,null,1.00,False,null,null,null,null,null,null,999,False,False,False,Normalized unit: Intensity,False,False,37,0,0.00,null,null,null,null,null,null,null,841.26,P Holpie Rt Mix 4p4 2Xd 2_GC1_01_66376,594.64935:84542 595.65402:8532 596.65869:1158,null,337336,359505,310364,337803,336252.193328125,20120.2119281134
38,3.939,594.99957,Unknown,[M+H]+,null,1.00,False,null,null,null,null,null,null,999,False,False,False,Normalized unit: Intensity,False,False,38,0,0.00,null,null,null,null,null,null,null,2231.92,P Holpie Rt Mix 4p4 2Xd 2_GC1_01_66376,594.99957:211710 596.00424:32608 597.00891:1462,null,825714,920363,836989,845258,857081.107359375,42941.8236536029
39,15.964,597.54474,Unknown,[M+H]+,null,1.00,False,null,null,null,null,null,null,999,False,False,False,Normalized unit: Intensity,False,False,39,0,0.00,null,null,null,null,null,null,null,8554.89,P Holpie Rt Mix 4p4 2Xd 2_GC1_01_66376,597.54474:1527960 598.54941:598006 599.55407:120308,null,6280347,6500954,5971322,6185600,6234555.64120315,219661.709121039
40,13.894,599.51404,Unknown,[M+H]+,null,1.00,False,null,null,null,null,null,null,999,False,False,False,Normalized unit: Intensity,False,False,40,0,0.00,null,null,null,null,null,null,null,592.70,P Holpie Rt Mix 4p4 2Xd 3_GC1_01_66377,599.51404:141586 600.51871:0 601.52337:0,null,1562361,1654627,1714298,1704023,1658827.44001562,69385.7411945138
41,13.894,600.53467,no MS2: Cer 39:4;O3|Cer 13:0;O2/26:4;O,[M+H-H2O]+,null,1.00,False,10.409,600.53497,C39H71NO4,Cer_HDS,GHPQYRSQNKGQNO-UHFFFAOYSA-N,O=C(NC(CO)C(O)CCCCCCCCCC)C(O)CCCCCCCCCCCC=CCC=CCC=CCC=CCC,530,False,True,False,Normalized unit: Intensity; Annotation method: Msp20260116160945_NCDK_conventional_converted_dev_1,False,False,41,0,0.00,1.00,null,null,null,-1.00,-1.00,-0.143,1601.29,P Holpie Rt Mix 4p4 2Xd 1_GC1_01_66375,600.53510:428574 601.53976:182924 602.54443:38526,null,4969633,5475012,5203744,5632091,5320119.82489062,293088.240142716
42,12.636,604.49384,no MS2: RIKEN P-VS1 ID-5876 from Mouse_Feces_WT_N_Ctr,[M+H]+,null,1.00,False,8.390,604.49408,null,Unknown,null,null,530,False,True,False,Normalized unit: Intensity; Annotation method: Msp20260116160945_NCDK_conventional_converted_dev_1,False,False,42,0,0.00,1.00,null,null,null,-1.00,-1.00,-0.129,337.55,P Holpie Rt Mix 4p4 2Xd 2_GC1_01_66376,604.49384:82162 605.49850:32926 606.50317:8098,null,411261,432394,414058,427603,421328.882703125,10263.5939433694
43,16.740,607.56549,no MS2: RIKEN P-VS1 ID-5931 from Mouse_Macrophage_WT_N_F1AA,[M+H]+,null,1.00,False,13.200,607.56232,null,Unknown,null,null,530,False,True,False,Normalized unit: Intensity; Annotation method: Msp20260116160945_NCDK_conventional_converted_dev_1,False,False,43,0,0.00,0.90,null,null,null,-1.00,-1.00,-0.172,30464.49,P Holpie Rt Mix 4p4 2Xd 4_GC1_01_66378,607.56506:2476954 608.56973:1039826 609.57440:236424,null,15599144,17072004,16105206,15818634,16148747.0705,649445.494275288
44,13.894,614.54999,no MS2: Cer 40:4;O3|Cer 12:0;O2/28:4;O,[M+H-H2O]+,null,1.00,False,10.627,614.55072,C40H73NO4,Cer_HDS,WJGXCBXEWAIZFC-UHFFFAOYSA-N,O=C(NC(CO)C(O)CCCCCCCCC)C(O)CCCCCCCCCCCCCC=CCC=CCC=CCC=CCC,530,False,True,False,Normalized unit: Intensity; Annotation method: Msp20260116160945_NCDK_conventional_converted_dev_1,False,False,44,0,0.00,1.00,null,null,null,-1.00,-1.00,-0.143,1452.50,P Holpie Rt Mix 4p4 2Xd 4_GC1_01_66378,614.55054:333764 615.55520:148708 616.55987:30518,null,3218005,3482604,3434507,3439549,3393666.38115625,119079.665974276
45,15.972,614.57141,no MS2: Cer 37:0;O4|Cer 12:0;O3/25:0(2OH),[M+H]+,null,1.00,False,9.921,614.57178,C37H75NO5,Cer_AP,NUDZJDBCWPEIMF-UHFFFAOYSA-N,O=C(NC(CO)C(O)C(O)CCCCCCCC)C(O)CCCCCCCCCCCCCCCCCCCCCCC,530,False,True,False,Normalized unit: Intensity; Annotation method: Msp20260116160945_NCDK_conventional_converted_dev_1,False,False,45,0,0.00,1.00,null,null,null,-1.00,-1.00,-0.144,25831.34,P Holpie Rt Mix 4p4 2Xd 2_GC1_01_66376,614.57141:7281190 615.57608:3112426 616.58075:594430,null,30567548,34179894,31424181,33607368,32444747.8053907,1725094.55487799
46,15.972,614.70886,Unknown,[M+H]+,null,1.00,False,null,null,null,null,null,null,999,False,False,False,Normalized unit: Intensity,False,False,46,0,0.00,null,null,null,null,null,null,null,1092.40,P Holpie Rt Mix 4p4 2Xd 2_GC1_01_66376,614.70886:117336 615.71353:32016 616.71820:1662,null,415564,453324,403577,442095,428639.956953127,23018.1569541677
47,15.972,614.81207,Unknown,[M+H]+,null,1.00,False,null,null,null,null,null,null,999,False,False,False,Normalized unit: Intensity,False,False,47,0,0.00,null,null,null,null,null,null,null,858.36,P Holpie Rt Mix 4p4 2Xd 2_GC1_01_66376,614.81207:106218 615.81674:30882 616.82141:1964,null,379139,433813,403090,419065,408776.701250002,23404.975563778
48,15.972,615.16876,Unknown,[M+H]+,null,1.00,False,null,null,null,null,null,null,999,False,False,False,Normalized unit: Intensity,False,False,48,0,0.00,null,null,null,null,null,null,null,2363.10,P Holpie Rt Mix 4p4 2Xd 2_GC1_01_66376,615.16876:220600 616.17343:67072 617.17810:1836,null,828729,905250,817670,889976,860406.151390629,43646.8359734476
49,3.939,616.39410,no MS2: PC 22:0,[M+Na]+,null,1.00,False,7.456,616.39490,C30H60NO8P,PC,ILDZIBMDHOBSCW-UHFFFAOYSA-N,O=C(OCC(OC(=O)CCCC)COP(=O)([O-])OCC[N+](C)(C)C)CCCCCCCCCCCCCCCC,530,False,True,False,Normalized unit: Intensity; Annotation method: Msp20260116160945_NCDK_conventional_converted_dev_1,False,False,49,0,0.00,1.00,null,null,null,-1.00,-1.00,-0.145,1135.98,P Holpie Rt Mix 4p4 2Xd 4_GC1_01_66378,616.39435:227578 617.39902:71492 618.40368:14670,null,1149464,1183755,1084686,1086801,1126176.63157813,48749.2921814656
50,13.026,616.52997,no MS2: Cer 39:4;O4|Cer 13:1;O3/26:3(2OH),[M+H-H2O]+,null,1.00,False,9.357,616.52991,C39H71NO5,Cer_AP,QRNZDMXRMRCBNE-UHFFFAOYSA-N,O=C(NC(CO)C(O)C(O)CCCC=CCCCC)C(O)CCCCCCCCCC=CCC=CCC=CCCCCCCC,530,False,True,False,Normalized unit: Intensity; Annotation method: Msp20260116160945_NCDK_conventional_converted_dev_1,False,False,50,0,0.00,1.00,null,null,null,-1.00,-1.00,-0.143,366.82,P Holpie Rt Mix 4p4 2Xd 2_GC1_01_66376,616.52997:89912 617.53464:38894 618.53930:7774,null,403646,432869,417389,425022,419731.561234375,12447.3533380188
51,15.964,619.52637,no MS2: DG 34:0,[M+Na]+,null,1.00,False,12.929,619.52722,C37H72O5,DG,SSJMMYPUZPYGQU-UHFFFAOYSA-N,O=C(OCC(OC(=O)CCCCCCC)CO)CCCCCCCCCCCCCCCCCCCCCCCCC,530,False,True,False,Normalized unit: Intensity; Annotation method: Msp20260116160945_NCDK_conventional_converted_dev_1,False,False,51,0,0.00,0.99,null,null,null,-1.00,-1.00,-0.147,3951.56,P Holpie Rt Mix 4p4 2Xd 2_GC1_01_66376,619.52643:504262 620.53110:204508 621.53576:44236,null,4112668,4399519,4189646,4490940,4298193.41625001,176654.144895759
52,5.469,622.44342,no MS2: DG 36:10|DG 18:5_18:5,[M+NH4]+,null,1.00,False,9.348,622.44659,C39H56O5,DG,LVGAOMFLJDVJKC-UHFFFAOYSA-N,O=C(OCC(OC(=O)CC=CCC=CCC=CCC=CCC=CCC)CO)CC=CCC=CCC=CCC=CCC=CCC,530,False,True,False,Normalized unit: Intensity; Annotation method: Msp20260116160945_NCDK_conventional_converted_dev_1,False,False,52,0,0.00,0.99,null,null,null,-1.00,-1.00,-0.146,41638.25,P Holpie Rt Mix 4p4 2Xd 1_GC1_01_66375,622.44592:6149350 623.45059:2409474 624.45526:525058,null,37051314,39790112,38348072,37555007,38186126.491375,1195143.91474544
53,5.469,622.68530,Unknown,[M+H]+,null,1.00,False,null,null,null,null,null,null,999,False,False,False,Normalized unit: Intensity,False,False,53,0,0.00,null,null,null,null,null,null,null,793.67,P Holpie Rt Mix 4p4 2Xd 2_GC1_01_66376,622.68530:101226 623.68997:14328 624.69464:0,null,437870,462746,450463,434709,446447.029234375,12820.91008153
54,5.469,623.04462,Unknown,[M+H]+,null,1.00,False,null,null,null,null,null,null,999,False,False,False,Normalized unit: Intensity,False,False,54,0,0.00,null,null,null,null,null,null,null,2998.70,P Holpie Rt Mix 4p4 2Xd 2_GC1_01_66376,623.04462:222738 624.04928:42824 625.05395:1734,null,1023634,1051321,1004853,985158,1016241.70839062,28172.8062247091
55,16.766,625.57605,Unknown,[M+H]+,null,1.00,False,null,null,null,null,null,null,999,False,False,False,Normalized unit: Intensity,False,False,55,0,0.00,null,null,null,null,null,null,null,8219.70,P Holpie Rt Mix 4p4 2Xd 2_GC1_01_66376,625.57605:1018632 626.58072:430112 627.58539:101066,null,4448375,4814011,4486563,4594648,4585899.04487498,164207.101381525
56,14.293,626.54895,no MS2: Cer 41:5;O3|Cer 13:0;O2/28:5;O,[M+H-H2O]+,null,1.00,False,10.254,626.55072,C41H73NO4,Cer_HDS,YXWGNHSGYTZCMU-UHFFFAOYSA-N,O=C(NC(CO)C(O)CCCCCCCCCC)C(O)CCCCCCCCCCC=CCC=CCC=CCC=CCC=CCC,530,False,True,False,Normalized unit: Intensity; Annotation method: Msp20260116160945_NCDK_conventional_converted_dev_1,False,False,56,0,0.00,1.00,null,null,null,-1.00,-1.00,-0.144,1250.78,P Holpie Rt Mix 4p4 2Xd 1_GC1_01_66375,626.55023:133406 627.55490:60574 628.55957:16052,null,747986,797716,744185,756936,761705.815281249,24594.8867367723
57,12.870,630.50867,no MS2: Cer 39:6;O4|Cer 13:1;O3/26:5(2OH),[M+H]+,null,1.00,False,9.126,630.50922,C39H67NO5,Cer_AP,HPBWSLZHQNQFGH-UHFFFAOYSA-N,O=C(NC(CO)C(O)C(O)CCCC=CCCCC)C(O)CCCCCCCCC=CCC=CCC=CCC=CCC=CCC,530,False,True,False,Normalized unit: Intensity; Annotation method: Msp20260116160945_NCDK_conventional_converted_dev_1,False,False,57,0,0.00,1.00,null,null,null,-1.00,-1.00,-0.143,465.05,P Holpie Rt Mix 4p4 2Xd 4_GC1_01_66378,630.50903:91498 631.51370:40462 632.51837:10800,null,497986,524974,497236,501004,505299.711750001,13216.596619473
58,15.959,635.50031,no MS2: RIKEN P-VS1 ID-6490 from Mouse_Feces_WT_N_Ctr,[M+K]+,null,1.00,False,7.960,635.50427,null,Unknown,null,null,530,False,True,False,Normalized unit: Intensity; Annotation method: Msp20260116160945_NCDK_conventional_converted_dev_1,False,False,58,0,0.00,0.98,null,null,null,-1.00,-1.00,-0.136,288.39,P Holpie Rt Mix 4p4 2Xd 1_GC1_01_66375,635.50311:68368 636.50778:28756 637.51245:9916,null,820541,883815,882429,919334,876529.702031251,41048.1449463588
59,14.293,640.56555,no MS2: Cer 42:5;O3|Cer 12:0;O2/30:5;O,[M+H-H2O]+,null,1.00,False,11.383,640.56628,C42H75NO4,Cer_HDS,PAQWRUQHMZXBPX-UHFFFAOYSA-N,O=C(NC(CO)C(O)CCCCCCCCC)C(O)CCCCCCCCCCCCC=CCC=CCC=CCC=CCC=CCC,530,False,True,False,Normalized unit: Intensity; Annotation method: Msp20260116160945_NCDK_conventional_converted_dev_1,False,False,59,0,0.00,1.00,null,null,null,-1.00,-1.00,-0.143,533.09,P Holpie Rt Mix 4p4 2Xd 1_GC1_01_66375,640.56653:75706 641.57120:35514 642.57586:9086,null,418716,459939,435035,437131,437705.092984375,16954.6143636777
60,15.959,641.58215,no MS2: NAGly 36:1;O2|NAGly 8:0;O(FA 28:0),[M+NH4]+,null,1.00,False,11.737,641.58270,C38H73NO5,NAGly,PPSRXUPCRPPAKT-UHFFFAOYSA-N,O=C(O)CNC(=O)CCCC(OC(=O)CCCCCCCCCCCCCCCCCCCCCCCCCCC)CCC,530,False,True,False,Normalized unit: Intensity; Annotation method: Msp20260116160945_NCDK_conventional_converted_dev_1,False,False,60,0,0.00,1.00,null,null,null,-1.00,-1.00,-0.144,1520.52,P Holpie Rt Mix 4p4 2Xd 2_GC1_01_66376,641.58228:246844 642.58694:109704 643.59161:26050,null,1699941,1829795,1736309,1837973,1776004.23670313,68544.1957775945
61,16.766,642.60291,no MS2: Cer 39:0;O4|Cer 12:0;O3/27:0(2OH),[M+H]+,null,1.00,False,10.890,642.60309,C39H79NO5,Cer_AP,UVJIZYHAMUHMSR-UHFFFAOYSA-N,O=C(NC(CO)C(O)C(O)CCCCCCCC)C(O)CCCCCCCCCCCCCCCCCCCCCCCCC,530,False,True,False,Normalized unit: Intensity; Annotation method: Msp20260116160945_NCDK_conventional_converted_dev_1,False,False,61,0,0.00,1.00,null,null,null,-1.00,-1.00,-0.143,46510.08,P Holpie Rt Mix 4p4 2Xd 2_GC1_01_66376,642.60291:9610640 643.60757:4307462 644.61224:931608,null,43349031,44183843,42991566,43509180,43508405.103703,499579.786450227
62,16.766,642.74286,Unknown,[M+2H]2+,null,1.00,False,null,null,null,null,null,null,999,False,False,False,Normalized unit: Intensity,False,False,62,0,0.00,null,null,null,null,null,null,null,1531.98,P Holpie Rt Mix 4p4 2Xd 2_GC1_01_66376,642.74286:172640 643.74753:47166 644.75219:2714,null,645917,716037,647836,627042,659208.241937497,39030.4181593577
63,16.766,642.84979,Unknown,[M+H]+,null,1.00,False,null,null,null,null,null,null,999,False,False,False,Normalized unit: Intensity,False,False,63,0,0.00,null,null,null,null,null,null,null,1520.03,P Holpie Rt Mix 4p4 2Xd 2_GC1_01_66376,642.84979:163204 643.85446:60122 644.85913:2682,null,619130,659305,608430,608917,623945.404749998,24083.9070357835
64,16.770,644.21722,Unknown,[M+H]+,null,1.00,False,null,null,null,null,null,null,999,False,False,False,Normalized unit: Intensity,False,False,64,0,0.00,null,null,null,null,null,null,null,1083.65,P Holpie Rt Mix 4p4 2Xd 2_GC1_01_66376,644.21722:109728 645.22189:3892 646.22656:0,null,352697,354460,316617,308320,333023.428203124,23986.1858339384
65,5.469,644.42542,no MS2: NAGlySer 31:8;O2|NAGlySer 15:3;O(FA 16:4),[M+NH4]+,null,1.00,False,6.732,644.42688,C36H54N2O7,NAGlySer,MUDNWOQRRAVHJM-UHFFFAOYSA-N,O=C(OC(C=CCC=CCC=CCC)CCCC(=O)NCC(=O)NC(C(=O)O)CO)CCC=CCC=CCC=CCC=CCC,530,False,True,False,Normalized unit: Intensity; Annotation method: Msp20260116160945_NCDK_conventional_converted_dev_1,False,False,65,0,0.00,1.00,null,null,null,-1.00,-1.00,-0.144,1848.70,P Holpie Rt Mix 4p4 2Xd 3_GC1_01_66377,644.42737:249680 645.43204:84792 646.43670:19142,null,1343213,1371542,1305740,1270437,1322732.766,44065.9165822693
66,16.406,645.56042,no MS2: SE 28:4/17:1,[M+H]+,null,1.00,False,14.333,645.56049,C45H72O2,DEGSE,PWVHPMJHUOHTEN-UHFFFAOYSA-N,O=C(OC1CC2=CC=C3C(=CCC4(C)C3CCC4C(C=CC(C)C(C)C)C)C2(C)CC1)CCCCCCCC=CCCCCCCC,530,False,True,False,Normalized unit: Intensity; Annotation method: Msp20260116160945_NCDK_conventional_converted_dev_1,False,False,66,0,0.00,1.00,null,null,null,-1.00,-1.00,-0.143,664.26,P Holpie Rt Mix 4p4 2Xd 2_GC1_01_66376,645.56042:114316 646.56509:57746 647.56976:126318,null,636843,682788,622744,656100,649619.029984373,25997.9825391579
67,16.766,647.55786,no MS2: RIKEN P-VS1 ID-6769 from Mouse_Macrophage_WT_N_F1,[M+H]+,null,1.00,False,13.200,647.55670,null,Unknown,null,null,530,False,True,False,Normalized unit: Intensity; Annotation method: Msp20260116160945_NCDK_conventional_converted_dev_1,False,False,67,0,0.00,0.99,null,null,null,-1.00,-1.00,-0.132,2299.16,P Holpie Rt Mix 4p4 2Xd 4_GC1_01_66378,647.55756:531832 648.56222:223122 649.56689:49798,null,4197622,4513647,4386948,4395994,4373552.67992186,130717.342388398
68,16.423,647.57520,no MS2: SE 28:4/17:0,[M+H]+,null,1.00,False,14.344,647.57617,C45H74O2,DEGSE,SMBKRNCNALQNLI-UHFFFAOYSA-N,O=C(OC1CC2=CC=C3C(=CCC4(C)C3CCC4C(C=CC(C)C(C)C)C)C2(C)CC1)CCCCCCCCCCCCCCCC,530,False,True,False,Normalized unit: Intensity; Annotation method: Msp20260116160945_NCDK_conventional_converted_dev_1,False,False,68,0,0.00,1.00,null,null,null,-1.00,-1.00,-0.143,482.64,P Holpie Rt Mix 4p4 2Xd 3_GC1_01_66377,647.57623:120300 648.58090:57190 649.58557:14138,null,1046598,1126969,1091688,1104596,1092462.68389062,33872.7788149488
69,11.885,649.56653,Unknown,[M+H]+,null,1.00,False,null,null,null,null,null,null,999,False,False,False,Normalized unit: Intensity,False,False,69,0,0.00,null,null,null,null,null,null,null,345.91,P Holpie Rt Mix 4p4 2Xd 4_GC1_01_66378,649.56653:78300 650.57120:36946 651.57586:8196,null,361065,397003,383643,400361,385517.971468749,17829.5628442051
70,7.330,650.47559,no MS2: DMPE 27:0|DMPE 22:0_5:0,[M+H]+,null,1.00,False,8.318,650.47552,C34H68NO8P,DMPE,UEFONBQBHFDUCB-UHFFFAOYSA-N,O=C(OCC(OC(=O)CCCC)COP(=O)(O)OCCN(C)C)CCCCCCCCCCCCCCCCCCCCC,530,False,True,False,Normalized unit: Intensity; Annotation method: Msp20260116160945_NCDK_conventional_converted_dev_1,False,False,70,0,0.00,1.00,null,null,null,-1.00,-1.00,-0.143,31858.03,P Holpie Rt Mix 4p4 2Xd 2_GC1_01_66376,650.47559:6119744 651.48025:2473892 652.48492:521222,null,38696415,39627665,39440013,37653774,38854466.758875,895794.285386463
71,7.330,650.72235,Unknown,[M+H]+,null,1.00,False,null,null,null,null,null,null,999,False,False,False,Normalized unit: Intensity,False,False,71,0,0.00,null,null,null,null,null,null,null,573.03,P Holpie Rt Mix 4p4 2Xd 2_GC1_01_66376,650.72235:97464 651.72702:18164 652.73169:0,null,478911,475482,465029,452386,467952.134515625,11939.3746831958
72,7.330,651.09027,Unknown,[M+H]+,null,1.00,False,null,null,null,null,null,null,999,False,False,False,Normalized unit: Intensity,False,False,72,0,0.00,null,null,null,null,null,null,null,2838.06,P Holpie Rt Mix 4p4 2Xd 2_GC1_01_66376,651.09027:206362 652.09494:36992 653.09961:1884,null,1014242,1042268,1022961,925007,1001119.51104688,52075.4669177694
73,16.146,652.56506,no MS2: RIKEN P-VS1 ID-6861 from Mouse_AdrenalGlands_WT_N_Ctr,[M+H]+,null,1.00,False,13.440,652.56500,null,Unknown,null,null,530,False,True,False,Normalized unit: Intensity; Annotation method: Msp20260116160945_NCDK_conventional_converted_dev_1,False,False,73,0,0.00,1.00,null,null,null,-1.00,-1.00,-0.129,858.02,P Holpie Rt Mix 4p4 2Xd 2_GC1_01_66376,652.56506:194594 653.56973:86830 654.57440:20718,null,763540,869552,782163,836400,812913.529015625,48794.8988779427
74,15.959,655.59833,no MS2: NAGly 37:1;O2|NAGly 9:0;O(FA 28:0),[M+NH4]+,null,1.00,False,12.485,655.59839,C39H75NO5,NAGly,RTPCJAFNLXOFFU-UHFFFAOYSA-N,O=C(O)CNC(=O)CCCC(OC(=O)CCCCCCCCCCCCCCCCCCCCCCCCCCC)CCCC,530,False,True,False,Normalized unit: Intensity; Annotation method: Msp20260116160945_NCDK_conventional_converted_dev_1,False,False,74,0,0.00,1.00,null,null,null,-1.00,-1.00,-0.143,990.46,P Holpie Rt Mix 4p4 2Xd 2_GC1_01_66376,655.59833:119806 656.60300:0 657.60766:0,null,808234,843030,810468,831294,823256.272000002,16780.9778388057
75,15.964,656.62012,no MS2: Cer 40:0;O4|Cer 12:0;O3/28:0(2OH),[M+H]+,null,1.00,False,12.845,656.61877,C40H81NO5,Cer_AP,MHLZDWWJWWLEEU-UHFFFAOYSA-N,O=C(NC(CO)C(O)C(O)CCCCCCCC)C(O)CCCCCCCCCCCCCCCCCCCCCCCCCC,530,False,True,False,Normalized unit: Intensity; Annotation method: Msp20260116160945_NCDK_conventional_converted_dev_1,False,False,75,0,0.00,1.00,null,null,null,-1.00,-1.00,-0.145,11456.63,P Holpie Rt Mix 4p4 2Xd 2_GC1_01_66376,656.61816:1649478 657.62283:731174 658.62750:169402,null,10684131,11095667,11022603,11248011,11012602.9574063,238264.963078718
76,16.688,663.57056,no MS2: RIKEN P-VS1 ID-7095 from Mouse_Muscle_WT_CTX0_Ctr,[M+H]+,null,1.00,False,12.100,663.56897,null,Unknown,null,null,530,False,True,False,Normalized unit: Intensity; Annotation method: Msp20260116160945_NCDK_conventional_converted_dev_1,False,False,76,0,0.00,0.99,null,null,null,-1.00,-1.00,-0.133,1629.21,P Holpie Rt Mix 4p4 2Xd 4_GC1_01_66378,663.56989:646510 664.57455:308710 665.57922:79288,null,5651744,5921104,5746678,5932501,5813006.77049999,137075.366548566
77,16.423,663.57068,no MS2: RIKEN P-VS1 ID-7095 from Mouse_Muscle_WT_CTX0_Ctr,[M+H]+,null,1.00,False,12.100,663.56897,null,Unknown,null,null,530,False,True,False,Normalized unit: Intensity; Annotation method: Msp20260116160945_NCDK_conventional_converted_dev_1,False,False,77,0,0.00,0.99,null,null,null,-1.00,-1.00,-0.132,697.47,P Holpie Rt Mix 4p4 2Xd 4_GC1_01_66378,663.56982:282730 664.57449:143138 665.57916:36594,null,2135879,2356750,2261750,2276481,2257715.01556249,91324.3499443795
78,19.126,666.61786,no MS2: SE 28:2/17:1,[M+NH4]+,null,1.00,False,14.759,666.61841,C45H76O2,BRSE,KZVQJMDFHGPLAH-UHFFFAOYSA-N,O=C(OC1CC2=CCC3C(CCC4(C)C(CCC34)C(C=CC(C)C(C)C)C)C2(C)CC1)CCCCCCCC=CCCCCCCC,530,False,True,False,Normalized unit: Intensity; Annotation method: Msp20260116160945_NCDK_conventional_converted_dev_1,False,False,78,0,0.00,1.00,null,null,null,-1.00,-1.00,-0.145,43324.56,P Holpie Rt Mix 4p4 2Xd 2_GC1_01_66376,666.61786:8299970 667.62253:4126984 668.62719:908240,null,36418358,38598811,37353537,36828964,37299917.6884686,946739.046913182
79,19.126,666.76251,Unknown,[M+2H]2+,null,1.00,False,null,null,null,null,null,null,999,False,False,False,Normalized unit: Intensity,False,False,79,0,0.00,null,null,null,null,null,null,null,1163.00,P Holpie Rt Mix 4p4 2Xd 1_GC1_01_66375,666.76251:165398 667.76718:57564 668.77185:3660,null,669659,612829,612963,559455,613726.634515622,45000.7071024361
80,19.126,666.86835,Unknown,[M+H]+,null,1.00,False,null,null,null,null,null,null,999,False,False,False,Normalized unit: Intensity,False,False,80,0,0.00,null,null,null,null,null,null,null,1159.56,P Holpie Rt Mix 4p4 2Xd 2_GC1_01_66376,666.86835:144468 667.87301:57004 668.87768:2612,null,607592,607871,602565,572915,597735.747187498,16725.7209960387
81,19.126,668.24646,Unknown,[M+H]+,null,1.00,False,null,null,null,null,null,null,999,False,False,False,Normalized unit: Intensity,False,False,81,0,0.00,null,null,null,null,null,null,null,731.44,P Holpie Rt Mix 4p4 2Xd 1_GC1_01_66375,668.24646:104786 669.25113:3892 670.25580:1194,null,369771,362643,331646,316238,345074.501124998,25366.7489613014
82,19.638,668.63361,no MS2: SE 28:2/17:0,[M+NH4]+,null,1.00,False,14.709,668.63397,C45H78O2,BRSE,JRHOHGAECXXOMB-UHFFFAOYSA-N,O=C(OC1CC2=CCC3C(CCC4(C)C(CCC34)C(C=CC(C)C(C)C)C)C2(C)CC1)CCCCCCCCCCCCCCCC,530,False,True,False,Normalized unit: Intensity; Annotation method: Msp20260116160945_NCDK_conventional_converted_dev_1,False,False,82,0,0.00,1.00,null,null,null,-1.00,-1.00,-0.143,64229.39,P Holpie Rt Mix 4p4 2Xd 2_GC1_01_66376,668.63409:5988310 669.63876:2730776 670.64343:630362,null,35939027,35740565,37551285,38405473,36909087.5049686,1285567.21610365
83,19.634,668.77679,Unknown,[M+2H]2+,null,1.00,False,null,null,null,null,null,null,999,False,False,False,Normalized unit: Intensity,False,False,83,0,0.00,null,null,null,null,null,null,null,1498.24,P Holpie Rt Mix 4p4 2Xd 1_GC1_01_66375,668.77679:155842 669.78146:64244 670.78613:3854,null,750281,729952,747772,719210,736803.769296872,14814.8387861525
84,19.634,668.88562,Unknown,[M+H]+,null,1.00,False,null,null,null,null,null,null,999,False,False,False,Normalized unit: Intensity,False,False,84,0,0.00,null,null,null,null,null,null,null,1441.89,P Holpie Rt Mix 4p4 2Xd 1_GC1_01_66375,668.88562:131024 669.89029:53816 670.89496:2308,null,665363,659248,666667,651004,660570.731874997,7150.69283344826
85,16.762,669.61334,no MS2: NAGly 38:1;O2|NAGly 10:0;O(FA 28:0),[M+NH4]+,null,1.00,False,12.373,669.61401,C40H77NO5,NAGly,JPEJTVAOJATUIU-UHFFFAOYSA-N,O=C(O)CNC(=O)CCCCCC(OC(=O)CCCCCCCCCCCCCCCCCCCCCCCCCCC)CCC,530,False,True,False,Normalized unit: Intensity; Annotation method: Msp20260116160945_NCDK_conventional_converted_dev_1,False,False,85,0,0.00,0.99,null,null,null,-1.00,-1.00,-0.145,1984.35,P Holpie Rt Mix 4p4 2Xd 2_GC1_01_66376,669.61334:280952 670.61801:129456 671.62268:33052,null,1948933,2075156,2019421,2030115,2018406.30873437,52233.9543662897
86,15.964,670.63373,no MS2: Cer 41:0;O4|Cer 12:0;O3/29:0(2OH),[M+H]+,null,1.00,False,12.642,670.63440,C41H83NO5,Cer_AP,BOJNERMWPCTWPY-UHFFFAOYSA-N,O=C(NC(CO)C(O)C(O)CCCCCCCC)C(O)CCCCCCCCCCCCCCCCCCCCCCCCCCC,530,False,True,False,Normalized unit: Intensity; Annotation method: Msp20260116160945_NCDK_conventional_converted_dev_1,False,False,86,0,0.00,1.00,null,null,null,-1.00,-1.00,-0.144,15677.09,P Holpie Rt Mix 4p4 2Xd 2_GC1_01_66376,670.63391:1350626 671.63858:595892 672.64325:138582,null,8062981,8601248,8390057,8841934,8474054.84815628,330429.322148518
87,18.337,671.57513,no MS2: SE 28:4/19:2,[M+H]+,null,1.00,False,14.218,671.57617,C47H74O2,DEGSE,ZJTNNWFGVBBRTO-UHFFFAOYSA-N,O=C(OC1CC2=CC=C3C(=CCC4(C)C3CCC4C(C=CC(C)C(C)C)C)C2(C)CC1)CCCCCCCC=CCC=CCCCCCC,530,False,True,False,Normalized unit: Intensity; Annotation method: Msp20260116160945_NCDK_conventional_converted_dev_1,False,False,87,0,0.00,0.99,null,null,null,-1.00,-1.00,-0.149,1103.80,P Holpie Rt Mix 4p4 2Xd 2_GC1_01_66376,671.57513:201784 672.57980:99802 673.58447:27300,null,1010527,1070879,1028594,1049649,1039912.38798437,26111.1055229532
88,19.131,671.57568,no MS2: SE 28:4/19:2,[M+H]+,null,1.00,False,14.218,671.57617,C47H74O2,DEGSE,ZJTNNWFGVBBRTO-UHFFFAOYSA-N,O=C(OC1CC2=CC=C3C(=CCC4(C)C3CCC4C(C=CC(C)C(C)C)C)C2(C)CC1)CCCCCCCC=CCC=CCCCCCC,530,False,True,False,Normalized unit: Intensity; Annotation method: Msp20260116160945_NCDK_conventional_converted_dev_1,False,False,88,0,0.00,1.00,null,null,null,-1.00,-1.00,-0.144,1108.19,P Holpie Rt Mix 4p4 2Xd 1_GC1_01_66375,671.57581:163218 672.58047:77856 673.58514:18864,null,1409377,1430893,1469550,1455206,1441256.586875,26575.7694867505
89,7.330,672.45935,no MS2: PC 26:0,[M+Na]+,null,1.00,False,8.173,672.45752,C34H68NO8P,PC,GVHACYORHXGAEG-UHFFFAOYSA-N,O=C(OCC(OC(=O)CCCC)COP(=O)([O-])OCC[N+](C)(C)C)CCCCCCCCCCCCCCCCCCCC,530,False,True,False,Normalized unit: Intensity; Annotation method: Msp20260116160945_NCDK_conventional_converted_dev_1,False,False,89,0,0.00,1.00,null,null,null,-1.00,-1.00,-0.143,1348.52,P Holpie Rt Mix 4p4 2Xd 2_GC1_01_66376,672.45752:224656 673.46219:80958 674.46686:16852,null,1265668,1231482,1211613,1175301,1221015.92595313,37778.5191311356
90,19.634,673.58868,no MS2: VAE 25:0,[M+Na]+,null,1.00,False,14.642,673.58942,C45H78O2,VAE,HJYFPBYXTPMOIB-UHFFFAOYSA-N,O=C(OCC=C(C=CC=C(C=CC1=C(C)CCCC1(C)C)C)C)CCCCCCCCCCCCCCCCCCCCCCCC,530,False,True,False,Normalized unit: Intensity; Annotation method: Msp20260116160945_NCDK_conventional_converted_dev_1,False,False,90,0,0.00,1.00,null,null,null,-1.00,-1.00,-0.143,832.90,P Holpie Rt Mix 4p4 2Xd 2_GC1_01_66376,673.58954:99026 674.59421:49668 675.59887:11464,null,1036615,996340,1030840,1055532,1029831.60896875,24692.979416734
91,9.365,678.50812,no MS2: DMPE 29:0|DMPE 24:0_5:0,[M+H]+,null,1.00,False,8.668,678.50677,C36H72NO8P,DMPE,QPDHMTGOUFFHHI-UHFFFAOYSA-N,O=C(OCC(OC(=O)CCCC)COP(=O)(O)OCCN(C)C)CCCCCCCCCCCCCCCCCCCCCCC,530,False,True,False,Normalized unit: Intensity; Annotation method: Msp20260116160945_NCDK_conventional_converted_dev_1,False,False,91,0,0.00,1.00,null,null,null,-1.00,-1.00,-0.143,10607.31,P Holpie Rt Mix 4p4 2Xd 4_GC1_01_66378,678.50653:5555348 679.51120:2302426 680.51587:540328,null,38392288,38649055,39082247,37268460,38348012.3832031,773976.974103719
92,9.369,678.65204,Unknown,[M+2H]2+,null,1.00,False,null,null,null,null,null,null,999,False,False,False,Normalized unit: Intensity,False,False,92,0,0.00,null,null,null,null,null,null,null,334.17,P Holpie Rt Mix 4p4 2Xd 2_GC1_01_66376,678.65204:74928 679.65671:12780 680.66137:0,null,379944,381175,367305,375586,376002.577265625,6274.34845014807
93,9.369,678.75922,Unknown,[M+H]+,null,1.00,False,null,null,null,null,null,null,999,False,False,False,Normalized unit: Intensity,False,False,93,0,0.00,null,null,null,null,null,null,null,894.37,P Holpie Rt Mix 4p4 2Xd 2_GC1_01_66376,678.75922:97782 679.76388:18752 680.76855:1340,null,496613,505090,468024,417894,471905.00496875,39344.5240442347
94,15.555,679.56512,no MS2: SL 37:0;O2|SL 12:0;O/25:0;O,[M+NH4]+,null,0.75,False,9.618,679.56531,C37H75NO6S,SL,HRKHLLMYVHITRH-UHFFFAOYSA-N,O=C(N(CC(O)CCCCCCCCC)CS(=O)(=O)O)C(O)CCCCCCCCCCCCCCCCCCCCCCC,530,False,True,False,Normalized unit: Intensity; Annotation method: Msp20260116160945_NCDK_conventional_converted_dev_1,False,False,94,0,0.00,1.00,null,null,null,-1.00,-1.00,-0.143,289.16,P Holpie Rt Mix 4p4 2Xd 4_GC1_01_66378,679.56519:85664 680.56985:40374 681.57452:11970,null,835922,900988,859198,875648,867939.173453125,27405.4998997466
95,16.436,680.59680,no MS2: Cer 45:6;O3|Cer 13:0;O2/32:6;O,[M+H-H2O]+,null,1.00,False,12.094,680.59760,C45H79NO4,Cer_HDS,IMKVRXPFYIJVDT-UHFFFAOYSA-N,O=C(NC(CO)C(O)CCCCCCCCCC)C(O)CCCCCCCCCCCC=CCC=CCC=CCC=CCC=CCC=CCC,530,False,True,False,Normalized unit: Intensity; Annotation method: Msp20260116160945_NCDK_conventional_converted_dev_1,False,False,95,0,0.00,1.00,null,null,null,-1.00,-1.00,-0.144,713.39,P Holpie Rt Mix 4p4 2Xd 3_GC1_01_66377,680.59814:354868 681.60281:180538 682.60748:43886,null,3150870,3488161,3249419,3355471,3310980.26503124,144680.657083431
96,15.365,681.58044,Unknown,[M+H]+,null,1.00,False,null,null,null,null,null,null,999,False,False,False,Normalized unit: Intensity,False,False,96,0,0.00,null,null,null,null,null,null,null,263.05,P Holpie Rt Mix 4p4 2Xd 2_GC1_01_66376,681.58044:126650 682.58511:61564 683.58978:17146,null,781308,826725,758581,790346,789239.89975,28338.7783812498
97,17.430,682.61212,no MS2: Cer 43:3;O2|Cer 13:0;O2/30:3,[M+Na]+,null,1.00,False,12.806,682.61090,C43H81NO3,Cer_NDS,YUVLLUVJYGDHFD-UHFFFAOYSA-N,O=C(NC(CO)C(O)CCCCCCCCCC)CCCCCCCCCCCCCCC=CCC=CCC=CCCCCCCC,530,False,True,False,Normalized unit: Intensity; Annotation method: Msp20260116160945_NCDK_conventional_converted_dev_1,False,False,97,0,0.00,1.00,null,null,null,-1.00,-1.00,-0.144,735.18,P Holpie Rt Mix 4p4 2Xd 4_GC1_01_66378,682.61133:212454 683.61600:99958 684.62066:25028,null,1259664,1297792,1223372,1281691,1265629.5668125,32216.3237372064
98,16.766,683.62946,no MS2: NAGly 39:1;O2|NAGly 11:0;O(FA 28:0),[M+NH4]+,null,1.00,False,13.004,683.62970,C41H79NO5,NAGly,VLHNZSQCINXSOW-UHFFFAOYSA-N,O=C(O)CNC(=O)CCCCCC(OC(=O)CCCCCCCCCCCCCCCCCCCCCCCCCCC)CCCC,530,False,True,False,Normalized unit: Intensity; Annotation method: Msp20260116160945_NCDK_conventional_converted_dev_1,False,False,98,0,0.00,1.00,null,null,null,-1.00,-1.00,-0.143,1864.77,P Holpie Rt Mix 4p4 2Xd 2_GC1_01_66376,683.62946:164634 684.63412:0 685.63879:0,null,1021188,1051203,1024227,1027230,1030962.23379687,13717.317077095
99,16.770,684.64923,no MS2: Cer 42:0;O4|Cer 12:0;O3/30:0(2OH),[M+H]+,null,1.00,False,12.301,684.65009,C42H85NO5,Cer_AP,OKSAIGIQXDCTFM-UHFFFAOYSA-N,O=C(NC(CO)C(O)C(O)CCCCCCCC)C(O)CCCCCCCCCCCCCCCCCCCCCCCCCCCC,530,False,True,False,Normalized unit: Intensity; Annotation method: Msp20260116160945_NCDK_conventional_converted_dev_1,False,False,99,0,0.00,1.00,null,null,null,-1.00,-1.00,-0.144,23275.41,P Holpie Rt Mix 4p4 2Xd 2_GC1_01_66376,684.64954:1996548 685.65420:881574 686.65887:215302,null,11524555,12602308,12111936,12543458,12195564.3152343,497901.379468144
100,15.964,684.64960,no MS2: Cer 42:0;O4|Cer 12:0;O3/30:0(2OH),[M+H]+,null,1.00,False,12.301,684.65009,C42H85NO5,Cer_AP,OKSAIGIQXDCTFM-UHFFFAOYSA-N,O=C(NC(CO)C(O)C(O)CCCCCCCC)C(O)CCCCCCCCCCCCCCCCCCCCCCCCCCCC,530,False,True,False,Normalized unit: Intensity; Annotation method: Msp20260116160945_NCDK_conventional_converted_dev_1,False,False,100,0,0.00,1.00,null,null,null,-1.00,-1.00,-0.144,576.29,P Holpie Rt Mix 4p4 2Xd 2_GC1_01_66376,684.64972:63342 685.65439:27444 686.65905:7304,null,402869,430870,421857,433295,422222.683718751,13809.1415777742
101,16.649,685.55133,no MS2: BA 24:1;O3;G/16:2,[M+NH4]+,null,1.00,False,8.416,685.55139,C42H69NO5,GLCAE,LXMQNVPHLGGKBS-UHFFFAOYSA-N,O=C(O)CNC(=O)CCC(C)C1CCC2C3CCC4CC(OC(=O)CCCCCCCC=CCC=CCCC)CCC4(C)C3CCC12C,530,False,True,False,Normalized unit: Intensity; Annotation method: Msp20260116160945_NCDK_conventional_converted_dev_1,False,False,101,0,0.00,1.00,null,null,null,-1.00,-1.00,-0.143,1080.66,P Holpie Rt Mix 4p4 2Xd 4_GC1_01_66378,685.55133:270994 686.55600:130134 687.56067:35094,null,1356966,1406411,1378310,1434293,1393994.86242187,33641.635570472
102,17.417,687.56708,no MS2: BA 24:1;O3;G/16:1,[M+NH4]+,null,1.00,False,8.768,687.56702,C42H71NO5,GLCAE,WFFMHKJPNDEUHA-UHFFFAOYSA-N,O=C(O)CNC(=O)CCC(C)C1CCC2C3CCC4CC(OC(=O)CCCCCCCC=CCCCCCC)CCC4(C)C3CCC12C,530,False,True,False,Normalized unit: Intensity; Annotation method: Msp20260116160945_NCDK_conventional_converted_dev_1,False,False,102,0,0.00,1.00,null,null,null,-1.00,-1.00,-0.143,815.40,P Holpie Rt Mix 4p4 2Xd 4_GC1_01_66378,687.56708:124800 688.57175:58076 689.57641:15628,null,783744,821345,799264,826454,807701.605156247,19857.4237360664
103,18.337,688.60217,no MS2: SE 28:2/19:4,[M+NH4]+,null,1.00,False,13.944,688.60272,C47H74O2,BRSE,ZNKOFJNOJYEHQU-UHFFFAOYSA-N,O=C(OC1CC2=CCC3C(CCC4(C)C(CCC34)C(C=CC(C)C(C)C)C)C2(C)CC1)CCCCCC=CCC=CCC=CCC=CCC,530,False,True,False,Normalized unit: Intensity; Annotation method: Msp20260116160945_NCDK_conventional_converted_dev_1,False,False,103,0,0.00,1.00,null,null,null,-1.00,-1.00,-0.144,37440.98,P Holpie Rt Mix 4p4 2Xd 2_GC1_01_66376,688.60217:8376810 689.60684:4440134 690.61151:1033866,null,39034911,40404558,39023038,38943136,39351410.7025156,703279.746841125
104,18.337,688.75024,Unknown,[M+2H]2+,null,1.00,False,null,null,null,null,null,null,999,False,False,False,Normalized unit: Intensity,False,False,104,0,0.00,null,null,null,null,null,null,null,1244.98,P Holpie Rt Mix 4p4 2Xd 1_GC1_01_66375,688.75024:154026 689.75491:65730 690.75958:4022,null,584485,600620,578890,588677,588168.097859375,9218.57534307341
105,18.337,688.86090,Unknown,[M+H]+,null,1.00,False,null,null,null,null,null,null,999,False,False,False,Normalized unit: Intensity,False,False,105,0,0.00,null,null,null,null,null,null,null,1267.87,P Holpie Rt Mix 4p4 2Xd 1_GC1_01_66375,688.86090:148812 689.86557:67046 690.87024:3230,null,609810,589160,553835,566357,579790.54378125,24786.6400588467
106,18.337,690.23834,Unknown,[M+H]+,null,1.00,False,null,null,null,null,null,null,999,False,False,False,Normalized unit: Intensity,False,False,106,0,0.00,null,null,null,null,null,null,null,1100.72,P Holpie Rt Mix 4p4 2Xd 2_GC1_01_66376,690.23834:129804 691.24301:4428 692.24768:972,null,432582,486460,440878,402620,440634.879921875,34689.2154865119
107,18.315,693.55670,no MS2: SE 28:4/21:5,[M+H]+,null,1.00,False,13.709,693.56049,C49H72O2,DEGSE,OAJCQDOTODKSIZ-UHFFFAOYSA-N,O=C(OC1CC2=CC=C3C(=CCC4(C)C3CCC4C(C=CC(C)C(C)C)C)C2(C)CC1)CCCCC=CCC=CCC=CCC=CCC=CCC,530,False,True,False,Normalized unit: Intensity; Annotation method: Msp20260116160945_NCDK_conventional_converted_dev_1,False,False,107,0,0.00,1.00,null,null,null,-1.00,-1.00,-0.144,1079.91,P Holpie Rt Mix 4p4 2Xd 1_GC1_01_66375,693.55994:224794 694.56460:111728 695.56927:29694,null,2458013,2490494,2514386,2617125,2520004.61279687,68745.0486763594
108,19.131,693.63116,Unknown,[M+H]+,null,1.00,False,null,null,null,null,null,null,999,False,False,False,Normalized unit: Intensity,False,False,108,0,0.00,null,null,null,null,null,null,null,4839.97,P Holpie Rt Mix 4p4 2Xd 3_GC1_01_66377,693.63116:378972 694.63583:196888 695.64050:50744,null,2916401,3024076,3107853,3100039,3037092.02021874,88891.6410343946
109,14.462,695.55988,no MS2: DG 40:4,[M+Na]+,null,1.00,False,12.801,695.55847,C43H76O5,DG,VKHXVQHJSQUHDB-UHFFFAOYSA-N,O=C(OCC(OC(=O)CCCCCCCCCCCCCCCCCCC=CCC=CCC=CCC=CCC)CO)CCCCCCC,530,False,True,False,Normalized unit: Intensity; Annotation method: Msp20260116160945_NCDK_conventional_converted_dev_1,False,False,109,0,0.00,0.98,null,null,null,-1.00,-1.00,-0.153,845.42,P Holpie Rt Mix 4p4 2Xd 2_GC1_01_66376,695.55988:206102 696.56454:96520 697.56921:26682,null,1062158,1156970,1086010,1123104,1107060.63734375,41664.159279951
110,19.630,695.64441,Unknown,[M+H]+,null,1.00,False,null,null,null,null,null,null,999,False,False,False,Normalized unit: Intensity,False,False,110,0,0.00,null,null,null,null,null,null,null,2403.88,P Holpie Rt Mix 4p4 2Xd 4_GC1_01_66378,695.64441:172268 696.64908:94368 697.65374:23970,null,1910096,1971008,2060083,2097477,2009665.82682812,84972.9258327148
111,15.330,696.59106,no MS2: Cer 45:6;O4|Cer 13:1;O3/32:5(2OH),[M+H-H2O]+,null,1.00,False,12.035,696.59253,C45H79NO5,Cer_AP,LSTVUEMPZUXCSH-UHFFFAOYSA-N,O=C(NC(CO)C(O)C(O)CCCC=CCCCC)C(O)CCCCCCCCCCCCCCC=CCC=CCC=CCC=CCC=CCC,530,False,True,False,Normalized unit: Intensity; Annotation method: Msp20260116160945_NCDK_conventional_converted_dev_1,False,False,111,0,0.00,1.00,null,null,null,-1.00,-1.00,-0.143,1489.02,P Holpie Rt Mix 4p4 2Xd 3_GC1_01_66377,696.59283:408092 697.59750:202576 698.60217:206116,null,2001588,2135185,2053917,2153847,2086134.03248437,71126.5910345282
112,15.590,696.59143,no MS2: Cer 45:6;O4|Cer 13:1;O3/32:5(2OH),[M+H-H2O]+,null,1.00,False,12.035,696.59253,C45H79NO5,Cer_AP,LSTVUEMPZUXCSH-UHFFFAOYSA-N,O=C(NC(CO)C(O)C(O)CCCC=CCCCC)C(O)CCCCCCCCCCCCCCC=CCC=CCC=CCC=CCC=CCC,530,False,True,False,Normalized unit: Intensity; Annotation method: Msp20260116160945_NCDK_conventional_converted_dev_1,False,False,112,0,0.00,1.00,null,null,null,-1.00,-1.00,-0.143,545.00,P Holpie Rt Mix 4p4 2Xd 3_GC1_01_66377,696.59247:121672 697.59714:62092 698.60180:25478,null,1292213,1357892,1278023,1353287,1320353.8198125,41140.2127961579
113,15.998,696.59241,no MS2: Cer 45:6;O4|Cer 13:1;O3/32:5(2OH),[M+H-H2O]+,null,1.00,False,12.035,696.59253,C45H79NO5,Cer_AP,LSTVUEMPZUXCSH-UHFFFAOYSA-N,O=C(NC(CO)C(O)C(O)CCCC=CCCCC)C(O)CCCCCCCCCCCCCCC=CCC=CCC=CCC=CCC=CCC,530,False,True,False,Normalized unit: Intensity; Annotation method: Msp20260116160945_NCDK_conventional_converted_dev_1,False,False,113,0,0.00,1.00,null,null,null,-1.00,-1.00,-0.143,325.69,P Holpie Rt Mix 4p4 2Xd 2_GC1_01_66376,696.59241:122692 697.59707:59520 698.60174:51008,null,735423,771781,729590,744345,745284.790843751,18676.8195557252
114,15.373,698.25403,Unknown,[M+H]+,null,1.00,False,null,null,null,null,null,null,999,False,False,False,Normalized unit: Intensity,False,False,114,0,0.00,null,null,null,null,null,null,null,599.11,P Holpie Rt Mix 4p4 2Xd 4_GC1_01_66378,698.25403:73544 699.25870:50286 700.26336:0,null,1595791,1701730,1686187,1775548,1689813.8885625,73814.8009794525
115,15.334,698.60565,no MS2: RIKEN P-VS1 ID-7928 from Mouse_AdrenalGlands_fads2KO_N_Ctr,[M+H]+,null,1.00,False,13.140,698.60577,null,Unknown,null,null,530,False,True,False,Normalized unit: Intensity; Annotation method: Msp20260116160945_NCDK_conventional_converted_dev_1,False,False,115,0,0.00,1.00,null,null,null,-1.00,-1.00,-0.129,1291.25,P Holpie Rt Mix 4p4 2Xd 2_GC1_01_66376,698.60565:215982 699.61032:92656 700.61499:25266,null,1567313,1675844,1591165,1622117,1614109.31992187,46874.4198498819
116,15.677,698.60608,no MS2: RIKEN P-VS1 ID-7928 from Mouse_AdrenalGlands_fads2KO_N_Ctr,[M+H]+,null,1.00,False,13.140,698.60577,null,Unknown,null,null,530,False,True,False,Normalized unit: Intensity; Annotation method: Msp20260116160945_NCDK_conventional_converted_dev_1,False,False,116,0,0.00,1.00,null,null,null,-1.00,-1.00,-0.129,575.21,P Holpie Rt Mix 4p4 2Xd 4_GC1_01_66378,698.60602:90436 699.61069:44590 700.61535:11406,null,775961,843359,786643,800100,801516.0386875,29591.9910128559
117,16.940,698.60718,no MS2: RIKEN P-VS1 ID-7928 from Mouse_AdrenalGlands_fads2KO_N_Ctr,[M+H]+,null,1.00,False,13.140,698.60577,null,Unknown,null,null,530,False,True,False,Normalized unit: Intensity; Annotation method: Msp20260116160945_NCDK_conventional_converted_dev_1,False,False,117,0,0.00,0.98,null,null,null,-1.00,-1.00,-0.137,503.38,P Holpie Rt Mix 4p4 2Xd 4_GC1_01_66378,698.60712:75656 699.61178:38316 700.61645:153412,null,527936,571288,553566,570658,555861.822687502,20347.03231701
118,16.445,698.60736,no MS2: RIKEN P-VS1 ID-7928 from Mouse_AdrenalGlands_fads2KO_N_Ctr,[M+H]+,null,1.00,False,13.140,698.60577,null,Unknown,null,null,530,False,True,False,Normalized unit: Intensity; Annotation method: Msp20260116160945_NCDK_conventional_converted_dev_1,False,False,118,0,0.00,0.97,null,null,null,-1.00,-1.00,-0.140,5269.53,P Holpie Rt Mix 4p4 2Xd 2_GC1_01_66376,698.60736:787346 699.61203:394180 700.61670:101706,null,5772716,6206362,5959616,5986682,5981344.11132812,177632.003193479
119,16.770,698.66693,no MS2: Cer 43:0;O4|Cer 12:0;O3/31:0(2OH),[M+H]+,null,1.00,False,13.171,698.66571,C43H87NO5,Cer_AP,VYZDKUBJKVWCJJ-UHFFFAOYSA-N,O=C(NC(CO)C(O)C(O)CCCCCCCC)C(O)CCCCCCCCCCCCCCCCCCCCCCCCCCCCC,530,False,True,False,Normalized unit: Intensity; Annotation method: Msp20260116160945_NCDK_conventional_converted_dev_1,False,False,119,0,0.00,1.00,null,null,null,-1.00,-1.00,-0.144,8598.71,P Holpie Rt Mix 4p4 2Xd 2_GC1_01_66376,698.66534:1472654 699.67001:697246 700.67468:167450,null,8830856,9082668,9176125,9155914,9061390.92387497,158847.224833997
120,9.374,700.48895,no MS2: PC 28:0,[M+Na]+,null,1.00,False,8.322,700.48877,C36H72NO8P,PC,ZSAAJXQMYINYJW-UHFFFAOYSA-N,O=C(OCC(OC(=O)CCCC)COP(=O)([O-])OCC[N+](C)(C)C)CCCCCCCCCCCCCCCCCCCCCC,530,False,True,False,Normalized unit: Intensity; Annotation method: Msp20260116160945_NCDK_conventional_converted_dev_1,False,False,120,0,0.00,1.00,null,null,null,-1.00,-1.00,-0.143,1169.56,P Holpie Rt Mix 4p4 2Xd 2_GC1_01_66376,700.48895:188658 701.49362:75342 702.49829:15884,null,1155594,1183214,1114502,1139358,1148166.9801875,28834.7092655235
121,16.948,700.62213,no MS2: Cer 45:4;O4|Cer 13:1;O3/32:3(2OH),[M+H-H2O]+,null,1.00,False,12.223,700.62378,C45H83NO5,Cer_AP,UXXLMQXJNIJJLZ-UHFFFAOYSA-N,O=C(NC(CO)C(O)C(O)CCCC=CCCCC)C(O)CCCCCCCCCCCCCCCC=CCC=CCC=CCCCCCCC,530,False,True,False,Normalized unit: Intensity; Annotation method: Msp20260116160945_NCDK_conventional_converted_dev_1,False,False,121,0,0.00,1.00,null,null,null,-1.00,-1.00,-0.144,920.78,P Holpie Rt Mix 4p4 2Xd 3_GC1_01_66377,700.62427:134812 701.62894:65304 702.63360:16966,null,1005783,1057565,1001251,1030538,1023784.19845313,25938.9735944768
122,15.332,701.54675,no MS2: BA 24:1;O4;G/16:2,[M+NH4]+,null,0.50,False,7.500,701.54633,C42H69NO6,GDCAE,IPDYQZPKMAWZLM-UHFFFAOYSA-N,O=C(O)CNC(=O)CCC(C)C1CCC2C3CCC4CC(OC(=O)CCCCCCCC=CCC=CCCC)CCC4(C)C3CC(O)C12C,530,False,True,False,Normalized unit: Intensity; Annotation method: Msp20260116160945_NCDK_conventional_converted_dev_1,False,False,122,0,0.00,1.00,null,null,null,-1.00,-1.00,-0.144,491.90,P Holpie Rt Mix 4p4 2Xd 4_GC1_01_66378,701.54675:100000 702.55142:50190 703.55609:318262,null,497163,530928,498546,542866,517375.7369375,23069.0790721719
123,17.413,703.54095,no MS2: SE 28:4/20:4,[M+Na]+,null,1.00,False,14.030,703.54248,C48H72O2,DEGSE,OJOARSZKSDLZLT-UHFFFAOYSA-N,O=C(OC1CC2=CC=C3C(=CCC4(C)C3CCC4C(C=CC(C)C(C)C)C)C2(C)CC1)CCCCCCC=CCC=CCC=CCC=CCC,530,False,True,False,Normalized unit: Intensity; Annotation method: Msp20260116160945_NCDK_conventional_converted_dev_1,False,False,123,0,0.00,0.99,null,null,null,-1.00,-1.00,-0.148,532.00,P Holpie Rt Mix 4p4 2Xd 3_GC1_01_66377,703.54352:85704 704.54819:40474 705.55285:13604,null,603708,623761,604892,640612,618243.340468747,17514.956987308
124,15.681,703.56189,no MS2: BA 24:1;O4;G/16:1,[M+NH4]+,null,1.00,False,7.779,703.56201,C42H71NO6,GDCAE,CJCUCDWRGAZUGG-UHFFFAOYSA-N,O=C(O)CNC(=O)CCC(C)C1CCC2C3CCC4CC(OC(=O)CCCCCCCC=CCCCCCC)CCC4(C)C3CC(O)C12C,530,False,True,False,Normalized unit: Intensity; Annotation method: Msp20260116160945_NCDK_conventional_converted_dev_1,False,False,124,0,0.00,1.00,null,null,null,-1.00,-1.00,-0.143,511.84,P Holpie Rt Mix 4p4 2Xd 4_GC1_01_66378,703.56201:81206 704.56668:40856 705.57135:14900,null,717493,779923,750313,756066,750948.730328125,25725.5300975502
125,15.347,703.56207,no MS2: BA 24:1;O4;G/16:1,[M+NH4]+,null,1.00,False,7.779,703.56201,C42H71NO6,GDCAE,CJCUCDWRGAZUGG-UHFFFAOYSA-N,O=C(O)CNC(=O)CCC(C)C1CCC2C3CCC4CC(OC(=O)CCCCCCCC=CCCCCCC)CCC4(C)C3CC(O)C12C,530,False,True,False,Normalized unit: Intensity; Annotation method: Msp20260116160945_NCDK_conventional_converted_dev_1,False,False,125,0,0.00,1.00,null,null,null,-1.00,-1.00,-0.143,1919.17,P Holpie Rt Mix 4p4 2Xd 4_GC1_01_66378,703.56207:314542 704.56674:149324 705.57141:37380,null,2417990,2557725,2541164,2563434,2520078.47548437,68710.9091376112
126,16.423,703.56244,no MS2: BA 24:1;O4;G/16:1,[M+NH4]+,null,1.00,False,7.779,703.56201,C42H71NO6,GDCAE,CJCUCDWRGAZUGG-UHFFFAOYSA-N,O=C(O)CNC(=O)CCC(C)C1CCC2C3CCC4CC(OC(=O)CCCCCCCC=CCCCCCC)CCC4(C)C3CC(O)C12C,530,False,True,False,Normalized unit: Intensity; Annotation method: Msp20260116160945_NCDK_conventional_converted_dev_1,False,False,126,0,0.00,1.00,null,null,null,-1.00,-1.00,-0.144,2624.67,P Holpie Rt Mix 4p4 2Xd 4_GC1_01_66378,703.56244:371606 704.56711:187192 705.57177:46602,null,3892383,4034396,4053790,4133381,4028487.81320312,100336.433746302
127,16.946,705.57745,no MS2: RIKEN P-VS1 ID-8119 from Mouse_Aorta_WT_N_Ctr,[M+H]+,null,0.50,False,15.390,705.57758,null,Unknown,null,null,530,False,True,False,Normalized unit: Intensity; Annotation method: Msp20260116160945_NCDK_conventional_converted_dev_1,False,False,127,0,0.00,1.00,null,null,null,-1.00,-1.00,-0.129,303.98,P Holpie Rt Mix 4p4 2Xd 2_GC1_01_66376,705.57751:66990 706.58218:30878 707.58685:6954,null,435561,468007,464784,492077,465107.428140627,23157.7423973837
128,11.339,706.54034,no MS2: RIKEN P-VS1 ID-8138 from Mouse_SmallIntestine_WT_N_F1,[M+H]+,null,1.00,False,13.050,706.54138,null,Unknown,null,null,530,False,True,False,Normalized unit: Intensity; Annotation method: Msp20260116160945_NCDK_conventional_converted_dev_1,False,False,128,0,0.00,0.99,null,null,null,-1.00,-1.00,-0.133,38864.49,P Holpie Rt Mix 4p4 2Xd 2_GC1_01_66376,706.54034:6735312 707.54501:2832368 708.54968:700868,null,40646349,42944864,42112278,41695949,41849859.7669531,955688.987215876
129,11.339,706.79852,Unknown,[M+H]+,null,1.00,False,null,null,null,null,null,null,999,False,False,False,Normalized unit: Intensity,False,False,129,0,0.00,null,null,null,null,null,null,null,994.42,P Holpie Rt Mix 4p4 2Xd 2_GC1_01_66376,706.79852:121820 707.80319:26904 708.80786:0,null,609030,648096,585434,609538,613024.382234374,25944.4120357973
130,11.339,707.18091,Unknown,[M+H]+,null,1.00,False,null,null,null,null,null,null,999,False,False,False,Normalized unit: Intensity,False,False,130,0,0.00,null,null,null,null,null,null,null,2382.56,P Holpie Rt Mix 4p4 2Xd 2_GC1_01_66376,707.18091:224090 708.18558:65626 709.19024:3034,null,1061274,1122860,1075087,1057087,1079076.9706875,30185.2311641816
131,16.666,707.60669,Unknown,[M+H]+,null,1.00,False,null,null,null,null,null,null,999,False,False,False,Normalized unit: Intensity,False,False,131,0,0.00,null,null,null,null,null,null,null,776.67,P Holpie Rt Mix 4p4 2Xd 4_GC1_01_66378,707.60669:322140 708.61136:157674 709.61602:46480,null,2299452,2434323,2326039,2428867,2372170.12276562,69506.6436221037
132,19.131,707.64746,Unknown,[M+H]+,null,1.00,False,null,null,null,null,null,null,999,False,False,False,Normalized unit: Intensity,False,False,132,0,0.00,null,null,null,null,null,null,null,1823.23,P Holpie Rt Mix 4p4 2Xd 1_GC1_01_66375,707.64746:194274 708.65213:0 709.65680:0,null,1377193,1357253,1359149,1346033,1359906.99689062,12895.9042506355
133,19.131,708.66382,no MS2: SE 28:2/20:1,[M+NH4]+,null,1.00,False,15.144,708.66528,C48H82O2,BRSE,AERGVMDMBPPOOG-UHFFFAOYSA-N,O=C(OC1CC2=CCC3C(CCC4(C)C(CCC34)C(C=CC(C)C(C)C)C)C2(C)CC1)CCCCCCCCCC=CCCCCCCCC,530,False,True,False,Normalized unit: Intensity; Annotation method: Msp20260116160945_NCDK_conventional_converted_dev_1,False,False,133,0,0.00,0.99,null,null,null,-1.00,-1.00,-0.147,12234.30,P Holpie Rt Mix 4p4 2Xd 2_GC1_01_66376,708.66437:1307182 709.66904:654156 710.67370:172164,null,8942215,9225884,9242175,9377591,9196966.15773434,182942.326357662
134,18.272,709.53033,no MS2: RIKEN P-VS1 ID-8227 from Mouse_Adipose_WT_N_F1,[M+H]+,null,1.00,False,12.470,709.53363,null,Unknown,null,null,530,False,True,False,Normalized unit: Intensity; Annotation method: Msp20260116160945_NCDK_conventional_converted_dev_1,False,False,134,0,0.00,1.00,null,null,null,-1.00,-1.00,-0.129,512.77,P Holpie Rt Mix 4p4 2Xd 1_GC1_01_66375,709.53369:210276 710.53836:102066 711.54303:36450,null,1047433,1020973,1123271,1095484,1071790.3374375,46142.3135195871
135,17.417,709.62280,Unknown,[M+H]+,null,1.00,False,null,null,null,null,null,null,999,False,False,False,Normalized unit: Intensity,False,False,135,0,0.00,null,null,null,null,null,null,null,1505.67,P Holpie Rt Mix 4p4 2Xd 2_GC1_01_66376,709.62280:156936 710.62747:78920 711.63214:19760,null,912516,989557,949028,973316,956104.282624996,33492.9391982293
136,19.634,709.66260,Unknown,[M+H]+,null,1.00,False,null,null,null,null,null,null,999,False,False,False,Normalized unit: Intensity,False,False,136,0,0.00,null,null,null,null,null,null,null,1380.12,P Holpie Rt Mix 4p4 2Xd 3_GC1_01_66377,709.66418:118928 710.66885:0 711.67352:0,null,1123920,1125289,1131229,1137276,1129428.51748437,6118.30863881836
137,19.634,710.67987,no MS2: SE 28:2/20:0,[M+NH4]+,null,1.00,False,15.375,710.68103,C48H84O2,BRSE,HONSYXCJYKKODR-UHFFFAOYSA-N,O=C(OC1CC2=CCC3C(CCC4(C)C(CCC34)C(C=CC(C)C(C)C)C)C2(C)CC1)CCCCCCCCCCCCCCCCCCC,530,False,True,False,Normalized unit: Intensity; Annotation method: Msp20260116160945_NCDK_conventional_converted_dev_1,False,False,137,0,0.00,1.00,null,null,null,-1.00,-1.00,-0.145,9067.32,P Holpie Rt Mix 4p4 2Xd 2_GC1_01_66376,710.68042:643894 711.68509:343270 712.68976:91204,null,6864385,6851288,7168852,7379433,7065989.53632812,255322.211420736
138,16.770,712.68146,no MS2: Cer 44:0;O4|Cer 12:0;O3/32:0(2OH),[M+H]+,null,1.00,False,13.245,712.68140,C44H89NO5,Cer_AP,ZMSCBSJHQQZLQH-UHFFFAOYSA-N,O=C(NC(CO)C(O)C(O)CCCCCCCC)C(O)CCCCCCCCCCCCCCCCCCCCCCCCCCCCCC,530,False,True,False,Normalized unit: Intensity; Annotation method: Msp20260116160945_NCDK_conventional_converted_dev_1,False,False,138,0,0.00,1.00,null,null,null,-1.00,-1.00,-0.143,400.99,P Holpie Rt Mix 4p4 2Xd 2_GC1_01_66376,712.68146:72510 713.68613:35542 714.69079:10092,null,449415,469545,443822,450380,453290.524062499,11215.5684872811
139,15.547,714.60193,no MS2: Cer 45:6;O4|Cer 13:1;O3/32:5(2OH),[M+H]+,null,1.00,False,12.035,714.60309,C45H79NO5,Cer_AP,LSTVUEMPZUXCSH-UHFFFAOYSA-N,O=C(NC(CO)C(O)C(O)CCCC=CCCCC)C(O)CCCCCCCCCCCCCCC=CCC=CCC=CCC=CCC=CCC,530,False,True,False,Normalized unit: Intensity; Annotation method: Msp20260116160945_NCDK_conventional_converted_dev_1,False,False,139,0,0.00,1.00,null,null,null,-1.00,-1.00,-0.143,1053.13,P Holpie Rt Mix 4p4 2Xd 3_GC1_01_66377,714.60278:247390 715.60745:122218 716.61212:31572,null,1551210,1557874,1532015,1616921,1564505.10073438,36623.0318837303
140,15.226,714.60236,no MS2: Cer 45:6;O4|Cer 13:1;O3/32:5(2OH),[M+H]+,null,1.00,False,12.035,714.60309,C45H79NO5,Cer_AP,LSTVUEMPZUXCSH-UHFFFAOYSA-N,O=C(NC(CO)C(O)C(O)CCCC=CCCCC)C(O)CCCCCCCCCCCCCCC=CCC=CCC=CCC=CCC=CCC,530,False,True,False,Normalized unit: Intensity; Annotation method: Msp20260116160945_NCDK_conventional_converted_dev_1,False,False,140,0,0.00,1.00,null,null,null,-1.00,-1.00,-0.143,2902.35,P Holpie Rt Mix 4p4 2Xd 3_GC1_01_66377,714.60278:651258 715.60745:315088 716.61212:80366,null,6088646,6504743,6016497,6348899,6239696.19476563,227162.924942673
141,18.337,715.61243,Unknown,[M+H]+,null,1.00,False,null,null,null,null,null,null,999,False,False,False,Normalized unit: Intensity,False,False,141,0,0.00,null,null,null,null,null,null,null,2337.31,P Holpie Rt Mix 4p4 2Xd 4_GC1_01_66378,715.61243:469306 716.61709:250402 717.62176:67436,null,4182713,4299871,4228085,4345770,4264109.55,72733.5984448885
142,14.462,717.54236,no MS2: DG 42:7,[M+2Na-H]+,null,1.00,False,11.617,717.54279,C45H74O5,DG,AIRGHYYBGWIEJK-UHFFFAOYSA-N,O=C(OCC(OC(=O)CCCCCCCCCCCC=CCC=CCC=CCC=CCC=CCC=CCC=CCC)CO)CCCCCCC,530,False,True,False,Normalized unit: Intensity; Annotation method: Msp20260116160945_NCDK_conventional_converted_dev_1,False,False,142,0,0.00,1.00,null,null,null,-1.00,-1.00,-0.143,295.25,P Holpie Rt Mix 4p4 2Xd 3_GC1_01_66377,717.54279:80360 718.54745:40252 719.55212:17370,null,602351,641667,589562,635817,617349.22415625,25360.7495370255
143,16.380,719.53693,no MS2: RIKEN P-VS1 ID-8471 from Mouse_Liver_WT_N_F1DHA,[M+H]+,null,1.00,False,10.100,719.53601,null,Unknown,null,null,530,False,True,False,Normalized unit: Intensity; Annotation method: Msp20260116160945_NCDK_conventional_converted_dev_1,False,False,143,0,0.00,0.99,null,null,null,-1.00,-1.00,-0.132,294.40,P Holpie Rt Mix 4p4 2Xd 4_GC1_01_66378,719.53693:86734 720.54159:41996 721.54626:13888,null,663643,650514,656331,630829,650329.430437497,14066.2730764713
144,15.217,719.55780,no MS2: DG 42:6,[M+Na]+,null,1.00,False,12.889,719.55847,C45H76O5,DG,DWNBNJDZOMMNHN-UHFFFAOYSA-N,O=C(OCC(OC(=O)CCCCCCCCCCCCCCC=CCC=CCC=CCC=CCC=CCC=CCC)CO)CCCCCCC,530,False,True,False,Normalized unit: Intensity; Annotation method: Msp20260116160945_NCDK_conventional_converted_dev_1,False,False,144,0,0.00,1.00,null,null,null,-1.00,-1.00,-0.143,365.73,P Holpie Rt Mix 4p4 2Xd 3_GC1_01_66377,719.55853:110312 720.56320:54452 721.56787:14616,null,1102705,1160681,1062334,1130309,1114007.34145313,41801.3733923174
145,16.666,721.62250,no MS2: RIKEN P-VS1 ID-8542 from Mouse_Feces_WT_ABX_Ctr,[M+H]+,null,1.00,False,13.310,721.62720,null,Unknown,null,null,530,False,True,False,Normalized unit: Intensity; Annotation method: Msp20260116160945_NCDK_conventional_converted_dev_1,False,False,145,0,0.00,0.98,null,null,null,-1.00,-1.00,-0.137,3343.15,P Holpie Rt Mix 4p4 2Xd 1_GC1_01_66375,721.62579:303064 722.63046:0 723.63513:0,null,2604586,2635384,2640361,2697063,2644348.57240625,38540.9040807558
146,16.675,722.64459,no MS2: RIKEN P-VS1 ID-8571 from Mouse_Feces_WT_ABX_Ctr,[M+H]+,null,1.00,False,13.550,722.64111,null,Unknown,null,null,530,False,True,False,Normalized unit: Intensity; Annotation method: Msp20260116160945_NCDK_conventional_converted_dev_1,False,False,146,0,0.00,1.00,null,null,null,-1.00,-1.00,-0.131,2768.16,P Holpie Rt Mix 4p4 2Xd 4_GC1_01_66378,722.64178:811056 723.64645:427760 724.65112:121676,null,6499045,6773846,6688859,6677733,6659870.68601562,115491.174792379
147,19.131,722.67975,no MS2: SE 28:2/21:1,[M+NH4]+,null,1.00,False,15.338,722.68103,C49H84O2,BRSE,JLQDQWBHGPPKFG-UHFFFAOYSA-N,O=C(OC1CC2=CCC3C(CCC4(C)C(CCC34)C(C=CC(C)C(C)C)C)C2(C)CC1)CCCCCCCCCC=CCCCCCCCCC,530,False,True,False,Normalized unit: Intensity; Annotation method: Msp20260116160945_NCDK_conventional_converted_dev_1,False,False,147,0,0.00,1.00,null,null,null,-1.00,-1.00,-0.145,3444.29,P Holpie Rt Mix 4p4 2Xd 2_GC1_01_66376,722.68036:1011386 723.68503:540990 724.68969:146634,null,6916790,7130276,7212790,7379512,7159842.2038906,192359.903286704
148,15.330,723.60217,no MS2: SE 28:4/21:1,[M+Na]+,null,1.00,False,14.882,723.60510,C49H80O2,DEGSE,HZDQZTPXFFJCPM-UHFFFAOYSA-N,O=C(OC1CC2=CC=C3C(=CCC4(C)C3CCC4C(C=CC(C)C(C)C)C)C2(C)CC1)CCCCCCCCCC=CCCCCCCCCC,530,False,True,False,Normalized unit: Intensity; Annotation method: Msp20260116160945_NCDK_conventional_converted_dev_1,False,False,148,0,0.00,1.00,null,null,null,-1.00,-1.00,-0.143,115.62,P Holpie Rt Mix 4p4 2Xd 1_GC1_01_66375,723.60516:104982 724.60983:54748 725.61450:107496,null,553448,596320,595681,593089,584634.366109375,20837.8739057428
149,17.417,723.63837,Unknown,[M+H]+,null,1.00,False,null,null,null,null,null,null,999,False,False,False,Normalized unit: Intensity,False,False,149,0,0.00,null,null,null,null,null,null,null,211.81,P Holpie Rt Mix 4p4 2Xd 2_GC1_01_66376,723.63837:184488 724.64303:0 725.64770:0,null,1185948,1248757,1183069,1221307,1209770.2525625,31270.0722704861
150,17.421,724.65710,no MS2: Cer 46:3;O2|Cer 12:0;O2/34:3,[M+Na]+,null,1.00,False,13.331,724.65778,C46H87NO3,Cer_NDS,RHPMUIUSLDTDJG-UHFFFAOYSA-N,O=C(NC(CO)C(O)CCCCCCCCC)CCCCCCCCCCCCCCCCCCC=CCC=CCC=CCCCCCCC,530,False,True,False,Normalized unit: Intensity; Annotation method: Msp20260116160945_NCDK_conventional_converted_dev_1,False,False,150,0,0.00,1.00,null,null,null,-1.00,-1.00,-0.145,1002.77,P Holpie Rt Mix 4p4 2Xd 2_GC1_01_66376,724.65710:332856 725.66177:176978 726.66644:47380,null,2030892,2135310,2052939,2116318,2083864.47303124,49874.1786860407
151,17.083,724.65723,no MS2: Cer 46:3;O2|Cer 12:0;O2/34:3,[M+Na]+,null,1.00,False,13.331,724.65778,C46H87NO3,Cer_NDS,RHPMUIUSLDTDJG-UHFFFAOYSA-N,O=C(NC(CO)C(O)CCCCCCCCC)CCCCCCCCCCCCCCCCCCC=CCC=CCC=CCCCCCCC,530,False,True,False,Normalized unit: Intensity; Annotation method: Msp20260116160945_NCDK_conventional_converted_dev_1,False,False,151,0,0.00,1.00,null,null,null,-1.00,-1.00,-0.144,231.49,P Holpie Rt Mix 4p4 2Xd 2_GC1_01_66376,724.65723:74786 725.66189:45164 726.66656:20978,null,634151,671199,627288,638990,642906.900406247,19462.5673631298
152,19.634,724.69617,no MS2: SE 28:2/21:0,[M+NH4]+,null,1.00,False,15.896,724.69659,C49H86O2,BRSE,PNMYZNGUORCLAM-UHFFFAOYSA-N,O=C(OC1CC2=CCC3C(CCC4(C)C(CCC34)C(C=CC(C)C(C)C)C)C2(C)CC1)CCCCCCCCCCCCCCCCCCCC,530,False,True,False,Normalized unit: Intensity; Annotation method: Msp20260116160945_NCDK_conventional_converted_dev_1,False,False,152,0,0.00,1.00,null,null,null,-1.00,-1.00,-0.143,3882.51,P Holpie Rt Mix 4p4 2Xd 2_GC1_01_66376,724.69653:439688 725.70120:247788 726.70587:63388,null,4815994,4844545,5136646,5345411,5035648.79239062,252271.198822794
153,15.356,725.61810,no MS2: RIKEN P-VS1 ID-8656 from Mouse_Heart_WT_N_F1,[M+H]+,null,1.00,False,9.020,725.62079,null,Unknown,null,null,530,False,True,False,Normalized unit: Intensity; Annotation method: Msp20260116160945_NCDK_conventional_converted_dev_1,False,False,153,0,0.00,1.00,null,null,null,-1.00,-1.00,-0.129,748.76,P Holpie Rt Mix 4p4 2Xd 1_GC1_01_66375,725.62048:118776 726.62515:60226 727.62982:15104,null,1083174,1163026,1094442,1138181,1119705.8428125,37375.6797992545
154,16.423,725.61823,no MS2: RIKEN P-VS1 ID-8656 from Mouse_Heart_WT_N_F1,[M+H]+,null,1.00,False,9.020,725.62079,null,Unknown,null,null,530,False,True,False,Normalized unit: Intensity; Annotation method: Msp20260116160945_NCDK_conventional_converted_dev_1,False,False,154,0,0.00,1.00,null,null,null,-1.00,-1.00,-0.129,2381.21,P Holpie Rt Mix 4p4 2Xd 1_GC1_01_66375,725.62048:352414 726.62515:171604 727.62982:48492,null,3401452,3558080,3554179,3685041,3549687.90143749,116024.570637186
155,17.855,726.67224,no MS2: Cer 46:2;O2|Cer 12:0;O2/34:2,[M+Na]+,null,1.00,False,13.630,726.67352,C46H89NO3,Cer_NDS,WPBIAPAVLADZFG-UHFFFAOYSA-N,O=C(NC(CO)C(O)CCCCCCCCC)CCCCCCCCCCCCCCCCCCCCCC=CCC=CCCCCCCC,530,False,True,False,Normalized unit: Intensity; Annotation method: Msp20260116160945_NCDK_conventional_converted_dev_1,False,False,155,0,0.00,0.99,null,null,null,-1.00,-1.00,-0.146,554.17,P Holpie Rt Mix 4p4 2Xd 3_GC1_01_66377,726.67438:81246 727.67905:41230 728.68371:11362,null,405733,431190,402385,400413,409930.279328128,14342.4793828383
156,11.339,728.52185,no MS2: NAGlySer 37:8;O2|NAGlySer 13:1;O(FA 24:6),[M+NH4]+,null,1.00,False,7.408,728.52081,C42H66N2O7,NAGlySer,HEHMXTREZLOINP-UHFFFAOYSA-N,O=C(OC(C=CCCC)CCCCCCC(=O)NCC(=O)NC(C(=O)O)CO)CCCCC=CCC=CCC=CCC=CCC=CCC=CCC,530,False,True,False,Normalized unit: Intensity; Annotation method: Msp20260116160945_NCDK_conventional_converted_dev_1,False,False,156,0,0.00,1.00,null,null,null,-1.00,-1.00,-0.143,572.16,P Holpie Rt Mix 4p4 2Xd 1_GC1_01_66375,728.52081:206990 729.52548:83764 730.53015:20212,null,1187638,1256863,1211336,1210902,1216684.65751562,28983.273066737
157,18.337,729.62866,no MS2: RIKEN P-VS1 ID-8765 from Mouse_Feces_WT_ABX_Ctr,[M+H]+,null,1.00,False,13.510,729.63177,null,Unknown,null,null,530,False,True,False,Normalized unit: Intensity; Annotation method: Msp20260116160945_NCDK_conventional_converted_dev_1,False,False,157,0,0.00,1.00,null,null,null,-1.00,-1.00,-0.129,2418.25,P Holpie Rt Mix 4p4 2Xd 3_GC1_01_66377,729.63159:209760 730.63626:0 731.64093:0,null,1809118,1827273,1765652,1779371,1795353.39442187,27963.82166325
158,15.295,730.59698,no MS2: RIKEN P-VS1 ID-8801 from Mouse_Adipose_WT_N_F1EPA,[M+H]+,null,1.00,False,12.960,730.59589,null,Unknown,null,null,530,False,True,False,Normalized unit: Intensity; Annotation method: Msp20260116160945_NCDK_conventional_converted_dev_1,False,False,158,0,0.00,0.99,null,null,null,-1.00,-1.00,-0.134,192.32,P Holpie Rt Mix 4p4 2Xd 2_GC1_01_66376,730.59698:117570 731.60165:57242 732.60632:17714,null,622792,704461,600756,678850,651714.885859377,48138.3006654142
159,14.480,730.59717,no MS2: RIKEN P-VS1 ID-8801 from Mouse_Adipose_WT_N_F1EPA,[M+H]+,null,1.00,False,12.960,730.59589,null,Unknown,null,null,530,False,True,False,Normalized unit: Intensity; Annotation method: Msp20260116160945_NCDK_conventional_converted_dev_1,False,False,159,0,0.00,0.98,null,null,null,-1.00,-1.00,-0.135,334.96,P Holpie Rt Mix 4p4 2Xd 2_GC1_01_66376,730.59717:237120 731.60184:112978 732.60650:34528,null,1635462,1818369,1662528,1691162,1701879.99467188,80921.0167879382
160,13.981,730.59753,no MS2: RIKEN P-VS1 ID-8801 from Mouse_Adipose_WT_N_F1EPA,[M+H]+,null,1.00,False,12.960,730.59589,null,Unknown,null,null,530,False,True,False,Normalized unit: Intensity; Annotation method: Msp20260116160945_NCDK_conventional_converted_dev_1,False,False,160,0,0.00,0.97,null,null,null,-1.00,-1.00,-0.140,350.27,P Holpie Rt Mix 4p4 2Xd 2_GC1_01_66376,730.59753:233886 731.60220:117108 732.60687:54662,null,2514422,2663688,2552184,2586265,2579139.77332812,63545.7586316439
161,18.345,730.64880,no MS2: RIKEN P-VS1 ID-8807 from Mouse_AdrenalGlands_fads2KO_N_Ctr,[M+H]+,null,1.00,False,14.480,730.65143,null,Unknown,null,null,530,False,True,False,Normalized unit: Intensity; Annotation method: Msp20260116160945_NCDK_conventional_converted_dev_1,False,False,161,0,0.00,1.00,null,null,null,-1.00,-1.00,-0.129,13313.06,P Holpie Rt Mix 4p4 2Xd 3_GC1_01_66377,730.65131:1226194 731.65597:639434 732.66064:179118,null,8717939,8981380,8815840,8995157,8877579.15448437,134034.486757729
162,12.887,734.56958,no MS2: DMPE 33:0|DMPE 28:0_5:0,[M+H]+,null,1.00,False,10.672,734.56940,C40H80NO8P,DMPE,ZZNGNZPJNJRLFS-UHFFFAOYSA-N,O=C(OCC(OC(=O)CCCC)COP(=O)(O)OCCN(C)C)CCCCCCCCCCCCCCCCCCCCCCCCCCC,530,False,True,False,Normalized unit: Intensity; Annotation method: Msp20260116160945_NCDK_conventional_converted_dev_1,False,False,162,0,0.00,1.00,null,null,null,-1.00,-1.00,-0.143,1154.15,P Holpie Rt Mix 4p4 2Xd 2_GC1_01_66376,734.56958:232300 735.57425:105234 736.57892:23334,null,1265538,1325687,1247548,1302257,1285257.54885938,35281.3426736238
163,16.684,736.65955,no MS2: Cer 49:6;O3|Cer 13:0;O2/36:6;O,[M+H-H2O]+,null,1.00,False,12.828,736.66022,C49H87NO4,Cer_HDS,CTDNMYVCGZJCSS-UHFFFAOYSA-N,O=C(NC(CO)C(O)CCCCCCCCCC)C(O)CCCCCCCCCCCCCCCC=CCC=CCC=CCC=CCC=CCC=CCC,530,False,True,False,Normalized unit: Intensity; Annotation method: Msp20260116160945_NCDK_conventional_converted_dev_1,False,False,163,0,0.00,1.00,null,null,null,-1.00,-1.00,-0.145,872.57,P Holpie Rt Mix 4p4 2Xd 2_GC1_01_66376,736.65955:502696 737.66421:263972 738.66888:78478,null,3969755,4207112,4070824,4172032,4104930.58659375,107050.078118649
164,15.573,737.61816,no MS2: SE 28:4/22:1,[M+Na]+,null,1.00,False,14.901,737.62073,C50H82O2,DEGSE,OTEOVAABRKLKPH-UHFFFAOYSA-N,O=C(OC1CC2=CC=C3C(=CCC4(C)C3CCC4C(C=CC(C)C(C)C)C)C2(C)CC1)CCCCCCCCCCCC=CCCCCCCCC,530,False,True,False,Normalized unit: Intensity; Annotation method: Msp20260116160945_NCDK_conventional_converted_dev_1,False,False,164,0,0.00,1.00,null,null,null,-1.00,-1.00,-0.143,202.57,P Holpie Rt Mix 4p4 2Xd 1_GC1_01_66375,737.62097:88956 738.62564:0 739.63031:0,null,1148369,1174865,1112447,1136721,1143100.60173438,25930.0823117332
165,15.573,738.63666,no MS2: Cer 48:6;O4|Cer 12:1;O3/36:5(2OH),[M+H-H2O]+,null,1.00,False,12.310,738.63953,C48H85NO5,Cer_AP,TTYZULRAPSDEAC-UHFFFAOYSA-N,O=C(NC(CO)C(O)C(O)CCCC=CCCC)C(O)CCCCCCCCCCCCCCCCCCC=CCC=CCC=CCC=CCC=CCC,530,False,True,False,Normalized unit: Intensity; Annotation method: Msp20260116160945_NCDK_conventional_converted_dev_1,False,False,165,0,0.00,1.00,null,null,null,-1.00,-1.00,-0.143,598.57,P Holpie Rt Mix 4p4 2Xd 1_GC1_01_66375,738.63940:169750 739.64407:89864 740.64874:30940,null,1955191,2043141,1906819,2000670,1976455.19596875,58693.530896553
166,15.334,738.63721,no MS2: Cer 48:6;O4|Cer 12:1;O3/36:5(2OH),[M+H-H2O]+,null,1.00,False,12.310,738.63953,C48H85NO5,Cer_AP,TTYZULRAPSDEAC-UHFFFAOYSA-N,O=C(NC(CO)C(O)C(O)CCCC=CCCC)C(O)CCCCCCCCCCCCCCCCCCC=CCC=CCC=CCC=CCC=CCC,530,False,True,False,Normalized unit: Intensity; Annotation method: Msp20260116160945_NCDK_conventional_converted_dev_1,False,False,166,0,0.00,1.00,null,null,null,-1.00,-1.00,-0.144,950.73,P Holpie Rt Mix 4p4 2Xd 1_GC1_01_66375,738.63995:313768 739.64462:227582 740.64929:268490,null,1581726,1762362,1643036,1685344,1668117.08057813,75875.4502254237
167,16.024,738.63843,no MS2: Cer 48:6;O4|Cer 12:1;O3/36:5(2OH),[M+H-H2O]+,null,1.00,False,12.310,738.63953,C48H85NO5,Cer_AP,TTYZULRAPSDEAC-UHFFFAOYSA-N,O=C(NC(CO)C(O)C(O)CCCC=CCCC)C(O)CCCCCCCCCCCCCCCCCCC=CCC=CCC=CCC=CCC=CCC,530,False,True,False,Normalized unit: Intensity; Annotation method: Msp20260116160945_NCDK_conventional_converted_dev_1,False,False,167,0,0.00,1.00,null,null,null,-1.00,-1.00,-0.145,246.67,P Holpie Rt Mix 4p4 2Xd 3_GC1_01_66377,738.64026:89448 739.64493:52800 740.64959:37776,null,552118,589804,557931,560875,565181.903265625,16813.1032103033
168,17.421,738.67468,no MS2: Cer 47:3;O2|Cer 13:0;O2/34:3,[M+Na]+,null,1.00,False,13.630,738.67352,C47H89NO3,Cer_NDS,BTYHHTNVSIVMCF-UHFFFAOYSA-N,O=C(NC(CO)C(O)CCCCCCCCCC)CCCCCCCCCCCCCCCCCCC=CCC=CCC=CCCCCCCC,530,False,True,False,Normalized unit: Intensity; Annotation method: Msp20260116160945_NCDK_conventional_converted_dev_1,False,False,168,0,0.00,1.00,null,null,null,-1.00,-1.00,-0.145,641.38,P Holpie Rt Mix 4p4 2Xd 4_GC1_01_66378,738.67426:203046 739.67892:103590 740.68359:27090,null,1245962,1328512,1268004,1313827,1289076.48620312,38603.4199496629
169,14.457,739.59796,no MS2: BA 24:1;O3;G/20:3,[M+NH4]+,null,0.25,False,9.539,739.59839,C46H75NO5,GLCAE,FKOWUHFBTAIKBW-UHFFFAOYSA-N,O=C(O)CNC(=O)CCC(C)C1CCC2C3CCC4CC(OC(=O)CCCCCCCCCC=CCC=CCC=CCC)CCC4(C)C3CCC12C,530,False,True,False,Normalized unit: Intensity; Annotation method: Msp20260116160945_NCDK_conventional_converted_dev_1,False,False,169,0,0.00,1.00,null,null,null,-1.00,-1.00,-0.144,230.62,P Holpie Rt Mix 4p4 2Xd 2_GC1_01_66376,739.59796:73622 740.60263:40218 741.60730:16540,null,381756,430608,389183,410487,403008.554125,22064.1639460958
170,16.432,739.63379,no MS2: SE 28:4/22:0,[M+Na]+,null,1.00,False,14.999,739.63641,C50H84O2,DEGSE,JEHJSAOHOQIHJP-UHFFFAOYSA-N,O=C(OC1CC2=CC=C3C(=CCC4(C)C3CCC4C(C=CC(C)C(C)C)C)C2(C)CC1)CCCCCCCCCCCCCCCCCCCCC,530,False,True,False,Normalized unit: Intensity; Annotation method: Msp20260116160945_NCDK_conventional_converted_dev_1,False,False,170,0,0.00,1.00,null,null,null,-1.00,-1.00,-0.143,3037.12,P Holpie Rt Mix 4p4 2Xd 1_GC1_01_66375,739.63635:277882 740.64102:0 741.64569:0,null,2982545,3122693,3070668,3111055,3071740.1913125,63505.3961651142
171,16.938,739.63385,no MS2: SE 28:4/22:0,[M+Na]+,null,0.75,False,14.999,739.63641,C50H84O2,DEGSE,JEHJSAOHOQIHJP-UHFFFAOYSA-N,O=C(OC1CC2=CC=C3C(=CCC4(C)C3CCC4C(C=CC(C)C(C)C)C)C2(C)CC1)CCCCCCCCCCCCCCCCCCCCC,530,False,True,False,Normalized unit: Intensity; Annotation method: Msp20260116160945_NCDK_conventional_converted_dev_1,False,False,171,0,0.00,1.00,null,null,null,-1.00,-1.00,-0.145,263.66,P Holpie Rt Mix 4p4 2Xd 3_GC1_01_66377,739.63568:71566 740.64035:0 741.64502:89346,null,495931,534314,515508,505785,512884.665265627,16369.9773264144
172,16.940,740.65143,no MS2: Cer 48:5;O4|Cer 12:1;O3/36:4(2OH),[M+H-H2O]+,null,1.00,False,13.140,740.65509,C48H87NO5,Cer_AP,ZIYSRMIEGZKZPZ-UHFFFAOYSA-N,O=C(NC(CO)C(O)C(O)CCCC=CCCC)C(O)CCCCCCCCCCCCCCCCCCCCCC=CCC=CCC=CCC=CCC,530,False,True,False,Normalized unit: Intensity; Annotation method: Msp20260116160945_NCDK_conventional_converted_dev_1,False,False,172,0,0.00,0.99,null,null,null,-1.00,-1.00,-0.147,657.68,P Holpie Rt Mix 4p4 2Xd 1_GC1_01_66375,740.65411:110962 741.65878:90424 742.66345:73748,null,743723,780384,735428,752760,753073.685625003,19534.0336397092
173,15.356,740.65222,no MS2: Cer 48:5;O4|Cer 12:1;O3/36:4(2OH),[M+H-H2O]+,null,1.00,False,13.140,740.65509,C48H87NO5,Cer_AP,ZIYSRMIEGZKZPZ-UHFFFAOYSA-N,O=C(NC(CO)C(O)C(O)CCCC=CCCC)C(O)CCCCCCCCCCCCCCCCCCCCCC=CCC=CCC=CCC=CCC,530,False,True,False,Normalized unit: Intensity; Annotation method: Msp20260116160945_NCDK_conventional_converted_dev_1,False,False,173,0,0.00,1.00,null,null,null,-1.00,-1.00,-0.144,2551.71,P Holpie Rt Mix 4p4 2Xd 1_GC1_01_66375,740.65460:311744 741.65927:151066 742.66394:37854,null,2562642,2761876,2543201,2671176,2634723.40817187,101765.551873342
174,16.423,740.65417,no MS2: Cer 48:5;O4|Cer 12:1;O3/36:4(2OH),[M+H-H2O]+,null,1.00,False,13.140,740.65509,C48H87NO5,Cer_AP,ZIYSRMIEGZKZPZ-UHFFFAOYSA-N,O=C(NC(CO)C(O)C(O)CCCC=CCCC)C(O)CCCCCCCCCCCCCCCCCCCCCC=CCC=CCC=CCC=CCC,530,False,True,False,Normalized unit: Intensity; Annotation method: Msp20260116160945_NCDK_conventional_converted_dev_1,False,False,174,0,0.00,1.00,null,null,null,-1.00,-1.00,-0.143,9619.17,P Holpie Rt Mix 4p4 2Xd 3_GC1_01_66377,740.65533:1120990 741.66000:577760 742.66467:157768,null,8908426,9549184,9365884,9436416,9314977.51879685,281351.271826712
175,18.341,744.66455,no MS2: Cer 51:8;O2|Cer 13:2;O2/38:6,[M+H-H2O]+,null,1.00,False,12.752,744.66528,C51H87NO3,Cer_NS,ZQMJVKKVFWCHJY-UHFFFAOYSA-N,O=C(NC(CO)C(O)C=CCCC=CCCCC)CCCCCCCCCCCCCCCCCCC=CCC=CCC=CCC=CCC=CCC=CCC,530,False,True,False,Normalized unit: Intensity; Annotation method: Msp20260116160945_NCDK_conventional_converted_dev_1,False,False,175,0,0.00,1.00,null,null,null,-1.00,-1.00,-0.145,9054.34,P Holpie Rt Mix 4p4 2Xd 2_GC1_01_66376,744.66455:989562 745.66922:526058 746.67389:149248,null,6680638,6954722,6792384,6879810,6826888.50628124,117928.847941347
176,15.334,752.65485,no MS2: Cer 49:6;O4|Cer 13:1;O3/36:5(2OH),[M+H-H2O]+,null,1.00,False,12.888,752.65509,C49H87NO5,Cer_AP,SAPOUTRDZRAKRW-UHFFFAOYSA-N,O=C(NC(CO)C(O)C(O)CCCC=CCCCC)C(O)CCCCCCCCCCCCCCCCCCC=CCC=CCC=CCC=CCC=CCC,530,False,True,False,Normalized unit: Intensity; Annotation method: Msp20260116160945_NCDK_conventional_converted_dev_1,False,False,176,0,0.00,1.00,null,null,null,-1.00,-1.00,-0.143,467.99,P Holpie Rt Mix 4p4 2Xd 2_GC1_01_66376,752.65485:192654 753.65951:100480 754.66418:168998,null,948894,1044497,976431,1037443,1001816.42540625,46676.2592535521
177,14.467,753.61371,no MS2: BA 24:1;O3;G/21:3,[M+NH4]+,null,1.00,False,9.747,753.61401,C47H77NO5,GLCAE,XMZJJVSEYQSAKW-UHFFFAOYSA-N,O=C(O)CNC(=O)CCC(C)C1CCC2C3CCC4CC(OC(=O)CCCCCCCC=CCC=CCC=CCCCCC)CCC4(C)C3CCC12C,530,False,True,False,Normalized unit: Intensity; Annotation method: Msp20260116160945_NCDK_conventional_converted_dev_1,False,False,177,0,0.00,1.00,null,null,null,-1.00,-1.00,-0.143,230.91,P Holpie Rt Mix 4p4 2Xd 4_GC1_01_66378,753.61389:76052 754.61856:0 755.62323:0,null,512291,557836,510659,524386,526293.180359375,21901.9689745108
178,14.462,754.63214,no MS2: Cer 48:7;O4|Cer 12:1;O3/36:6(2OH),[M+H]+,null,1.00,False,12.140,754.63440,C48H83NO5,Cer_AP,IWKUUYNEZJKOJQ-UHFFFAOYSA-N,O=C(NC(CO)C(O)C(O)CCCC=CCCC)C(O)CCCCCCCCCCCCCCCC=CCC=CCC=CCC=CCC=CCC=CCC,530,False,True,False,Normalized unit: Intensity; Annotation method: Msp20260116160945_NCDK_conventional_converted_dev_1,False,False,178,0,0.00,0.98,null,null,null,-1.00,-1.00,-0.152,619.47,P Holpie Rt Mix 4p4 2Xd 1_GC1_01_66375,754.63293:154582 755.63760:84994 756.64227:32406,null,941798,1035158,935109,952707,966192.790375001,46545.1242598088
179,15.356,754.66870,no MS2: Cer 49:5;O4|Cer 13:1;O3/36:4(2OH),[M+H-H2O]+,null,1.00,False,13.218,754.67078,C49H89NO5,Cer_AP,KISDUEUGYCHQQO-UHFFFAOYSA-N,O=C(NC(CO)C(O)C(O)CCCC=CCCCC)C(O)CCCCCCCCCCCCCCCCCCCCCC=CCC=CCC=CCC=CCC,530,False,True,False,Normalized unit: Intensity; Annotation method: Msp20260116160945_NCDK_conventional_converted_dev_1,False,False,179,0,0.00,1.00,null,null,null,-1.00,-1.00,-0.144,839.49,P Holpie Rt Mix 4p4 2Xd 3_GC1_01_66377,754.67035:200996 755.67502:97864 756.67968:0,null,1593654,1685789,1596351,1691401,1641798.6615,54095.6504891507
180,16.423,754.67035,no MS2: Cer 49:5;O4|Cer 13:1;O3/36:4(2OH),[M+H-H2O]+,null,1.00,False,13.218,754.67078,C49H89NO5,Cer_AP,KISDUEUGYCHQQO-UHFFFAOYSA-N,O=C(NC(CO)C(O)C(O)CCCC=CCCCC)C(O)CCCCCCCCCCCCCCCCCCCCCC=CCC=CCC=CCC=CCC,530,False,True,False,Normalized unit: Intensity; Annotation method: Msp20260116160945_NCDK_conventional_converted_dev_1,False,False,180,0,0.00,1.00,null,null,null,-1.00,-1.00,-0.144,3802.51,P Holpie Rt Mix 4p4 2Xd 2_GC1_01_66376,754.67035:796282 755.67502:412996 756.67968:110090,null,6150370,6634390,6238018,6550390,6393291.70437499,235180.120524448
181,15.556,756.64709,no MS2: Cer 48:6;O4|Cer 12:1;O3/36:5(2OH),[M+H]+,null,1.00,False,12.310,756.65009,C48H85NO5,Cer_AP,TTYZULRAPSDEAC-UHFFFAOYSA-N,O=C(NC(CO)C(O)C(O)CCCC=CCCC)C(O)CCCCCCCCCCCCCCCCCCC=CCC=CCC=CCC=CCC=CCC,530,False,True,False,Normalized unit: Intensity; Annotation method: Msp20260116160945_NCDK_conventional_converted_dev_1,False,False,181,0,0.00,1.00,null,null,null,-1.00,-1.00,-0.144,790.90,P Holpie Rt Mix 4p4 2Xd 1_GC1_01_66375,756.64966:124150 757.65433:65438 758.65899:17844,null,794738,881596,808577,820664,826393.664078125,38295.3501935923
182,15.222,756.64789,no MS2: Cer 48:6;O4|Cer 12:1;O3/36:5(2OH),[M+H]+,null,1.00,False,12.310,756.65009,C48H85NO5,Cer_AP,TTYZULRAPSDEAC-UHFFFAOYSA-N,O=C(NC(CO)C(O)C(O)CCCC=CCCC)C(O)CCCCCCCCCCCCCCCCCCC=CCC=CCC=CCC=CCC=CCC,530,False,True,False,Normalized unit: Intensity; Annotation method: Msp20260116160945_NCDK_conventional_converted_dev_1,False,False,182,0,0.00,1.00,null,null,null,-1.00,-1.00,-0.144,1631.28,P Holpie Rt Mix 4p4 2Xd 1_GC1_01_66375,756.64966:239978 757.65433:125672 758.65899:35336,null,2074804,2294769,2134134,2270581,2193572.06679688,106159.92206756
183,14.853,758.22168,no MS2: RIKEN P-VS1 ID-9612 from Mouse_Macrophage_WT_N_F1AA,[M+H]+,null,1.00,False,10.810,758.22229,null,Unknown,null,null,530,False,True,False,Normalized unit: Intensity; Annotation method: Msp20260116160945_NCDK_conventional_converted_dev_1,False,False,183,0,0.00,1.00,null,null,null,-1.00,-1.00,-0.130,482.99,P Holpie Rt Mix 4p4 2Xd 3_GC1_01_66377,758.22180:99802 759.22647:68070 760.23114:0,null,1015529,989736,1027107,3342545,1593729.210625,1165981.57750819
184,14.927,758.22205,no MS2: RIKEN P-VS1 ID-9612 from Mouse_Macrophage_WT_N_F1AA,[M+H]+,null,0.25,False,10.810,758.22229,null,Unknown,null,null,530,False,True,False,Normalized unit: Intensity; Annotation method: Msp20260116160945_NCDK_conventional_converted_dev_1,False,False,184,0,0.00,1.00,null,null,null,-1.00,-1.00,-0.129,580.15,P Holpie Rt Mix 4p4 2Xd 3_GC1_01_66377,758.22205:103088 759.22671:70282 760.23138:0,null,2145360,2325728,2492022,2445940,2352262.60892187,154726.685846888
185,11.825,758.57147,no MS2: Cer 49:12;O4|Cer 12:1;O2/37:11;O2,[M+H]+,null,1.00,False,10.594,758.57178,C49H75NO5,Cer_EOS,YJXCZRFEUFCVMT-UHFFFAOYSA-N,O=C(OCCC=CCC=CCC=CCC=CCC(=O)NC(CO)C(O)C=CCCCCCCC)CCC=CCC=CCC=CCC=CCC=CCC=CCC,530,False,True,False,Normalized unit: Intensity; Annotation method: Msp20260116160945_NCDK_conventional_converted_dev_1,False,False,185,0,0.00,1.00,null,null,null,-1.00,-1.00,-0.143,60611.58,P Holpie Rt Mix 4p4 2Xd 2_GC1_01_66376,758.57147:7684344 759.57614:3708806 760.58081:949656,null,49671158,52564990,50893142,50546916,50919051.6023438,1211817.86143768
186,11.825,758.72382,Unknown,[M+2H]2+,null,1.00,False,null,null,null,null,null,null,999,False,False,False,Normalized unit: Intensity,False,False,186,0,0.00,null,null,null,null,null,null,null,1009.30,P Holpie Rt Mix 4p4 2Xd 2_GC1_01_66376,758.72382:119602 759.72848:31360 760.73315:0,null,578972,645434,614992,627567,616741.2803125,28107.5876067392
187,11.825,758.83954,Unknown,[M+H]+,null,1.00,False,null,null,null,null,null,null,999,False,False,False,Normalized unit: Intensity,False,False,187,0,0.00,null,null,null,null,null,null,null,1286.95,P Holpie Rt Mix 4p4 2Xd 2_GC1_01_66376,758.83954:134898 759.84421:49376 760.84887:4516,null,675626,732737,647817,677635,683453.603109375,35562.2076243941
188,11.825,760.23816,Unknown,[M+H]+,null,1.00,False,null,null,null,null,null,null,999,False,False,False,Normalized unit: Intensity,False,False,188,0,0.00,null,null,null,null,null,null,null,368.84,P Holpie Rt Mix 4p4 2Xd 2_GC1_01_66376,760.23816:91102 761.24283:4814 762.24749:0,null,356694,418759,399855,411169,396619.19071875,27726.9187188496
189,12.987,760.58643,no MS2: Cer 49:11;O4|Cer 12:1;O2/37:10;O2,[M+H]+,null,1.00,False,10.908,760.58752,C49H77NO5,Cer_EOS,DDLJIZBIJAEWSX-UHFFFAOYSA-N,O=C(OCCC=CCC=CCC=CCCCCC(=O)NC(CO)C(O)C=CCCCCCCC)CCC=CCC=CCC=CCC=CCC=CCC=CCC,530,False,True,False,Normalized unit: Intensity; Annotation method: Msp20260116160945_NCDK_conventional_converted_dev_1,False,False,189,0,0.00,1.00,null,null,null,-1.00,-1.00,-0.144,52706.16,P Holpie Rt Mix 4p4 2Xd 2_GC1_01_66376,760.58704:7520634 761.59170:3596700 762.59637:939390,null,44082051,45939401,45177380,45587891,45196680.7377812,805698.465075993
190,12.987,760.73914,Unknown,[M+2H]2+,null,1.00,False,null,null,null,null,null,null,999,False,False,False,Normalized unit: Intensity,False,False,190,0,0.00,null,null,null,null,null,null,null,999.65,P Holpie Rt Mix 4p4 2Xd 4_GC1_01_66378,760.73914:127888 761.74380:38316 762.74847:2788,null,561185,619703,592160,623679,599181.939015624,28949.6938831108
191,12.987,760.85559,Unknown,[M+H]+,null,1.00,False,null,null,null,null,null,null,999,False,False,False,Normalized unit: Intensity,False,False,191,0,0.00,null,null,null,null,null,null,null,1231.65,P Holpie Rt Mix 4p4 2Xd 2_GC1_01_66376,760.85559:142076 761.86026:54666 762.86493:0,null,631036,699723,611819,655109,649421.711874999,37923.4469726384
192,12.987,762.25458,Unknown,[M+H]+,null,1.00,False,null,null,null,null,null,null,999,False,False,False,Normalized unit: Intensity,False,False,192,0,0.00,null,null,null,null,null,null,null,558.36,P Holpie Rt Mix 4p4 2Xd 2_GC1_01_66376,762.25458:96774 763.25925:4002 764.26391:1012,null,363568,410646,382757,406543,390878.650984374,21969.3787561918
193,16.684,764.69080,no MS2: Cer 51:6;O3|Cer 13:0;O2/38:6;O,[M+H-H2O]+,null,1.00,False,12.851,764.69153,C51H91NO4,Cer_HDS,CYKVGMYMSCRBPQ-UHFFFAOYSA-N,O=C(NC(CO)C(O)CCCCCCCCCC)C(O)CCCCCCCCCCCCCCCCCC=CCC=CCC=CCC=CCC=CCC=CCC,530,False,True,False,Normalized unit: Intensity; Annotation method: Msp20260116160945_NCDK_conventional_converted_dev_1,False,False,193,0,0.00,1.00,null,null,null,-1.00,-1.00,-0.145,502.62,P Holpie Rt Mix 4p4 2Xd 2_GC1_01_66376,764.69080:336288 765.69546:183124 766.70013:53556,null,2688664,2830837,2690637,2726486,2734156.118625,66757.1464256322
194,14.462,768.64935,no MS2: Cer 49:7;O4|Cer 13:1;O3/36:6(2OH),[M+H]+,null,1.00,False,13.152,768.65009,C49H85NO5,Cer_AP,SJLLCJFUQSKSCX-UHFFFAOYSA-N,O=C(NC(CO)C(O)C(O)CCCC=CCCCC)C(O)CCCCCCCCCCCCCCCC=CCC=CCC=CCC=CCC=CCC=CCC,530,False,True,False,Normalized unit: Intensity; Annotation method: Msp20260116160945_NCDK_conventional_converted_dev_1,False,False,194,0,0.00,1.00,null,null,null,-1.00,-1.00,-0.143,402.09,P Holpie Rt Mix 4p4 2Xd 4_GC1_01_66378,768.64996:92892 769.65463:47890 770.65930:19030,null,530551,592020,523431,536682,545671.087359375,31370.1624723498
195,16.432,768.68579,no MS2: Cer 50:5;O4|Cer 12:1;O3/38:4(2OH),[M+H-H2O]+,null,0.25,False,13.404,768.68640,C50H91NO5,Cer_AP,GUEJWRBUQOMYRT-UHFFFAOYSA-N,O=C(NC(CO)C(O)C(O)CCCC=CCCC)C(O)CCCCCCCCCCCCCCCCCCCCCCCC=CCC=CCC=CCC=CCC,530,False,True,False,Normalized unit: Intensity; Annotation method: Msp20260116160945_NCDK_conventional_converted_dev_1,False,False,195,0,0.00,1.00,null,null,null,-1.00,-1.00,-0.144,302.00,P Holpie Rt Mix 4p4 2Xd 4_GC1_01_66378,768.68579:53362 769.69046:29852 770.69513:9446,null,476782,514497,488742,508006,497006.977718749,17361.2659731329
196,15.217,770.66534,no MS2: Cer 49:6;O4|Cer 13:1;O3/36:5(2OH),[M+H]+,null,1.00,False,12.888,770.66571,C49H87NO5,Cer_AP,SAPOUTRDZRAKRW-UHFFFAOYSA-N,O=C(NC(CO)C(O)C(O)CCCC=CCCCC)C(O)CCCCCCCCCCCCCCCCCCC=CCC=CCC=CCC=CCC=CCC,530,False,True,False,Normalized unit: Intensity; Annotation method: Msp20260116160945_NCDK_conventional_converted_dev_1,False,False,196,0,0.00,1.00,null,null,null,-1.00,-1.00,-0.143,869.78,P Holpie Rt Mix 4p4 2Xd 4_GC1_01_66378,770.66553:151848 771.67020:78220 772.67486:0,null,1379376,1491377,1351301,1378417,1400117.63951563,62215.8105228196
197,16.193,772.27295,Unknown,[M+H]+,null,1.00,False,null,null,null,null,null,null,999,False,False,False,Normalized unit: Intensity,False,False,197,0,0.00,null,null,null,null,null,null,null,608.19,P Holpie Rt Mix 4p4 2Xd 4_GC1_01_66378,772.27295:110410 773.27762:79866 774.28228:0,null,1185126,1262903,1272423,1291998,1253112.53745313,46914.5633598091
198,11.825,780.55243,no MS2: NAGlySer 41:10;O2|NAGlySer 15:3;O(FA 26:6),[M+NH4]+,null,1.00,False,8.247,780.55212,C46H70N2O7,NAGlySer,QJXPKYVYSTZUAR-UHFFFAOYSA-N,O=C(OC(C=CCC=CCC=CCC)CCCC(=O)NCC(=O)NC(C(=O)O)CO)CCCCCCC=CCC=CCC=CCC=CCC=CCC=CCC,530,False,True,False,Normalized unit: Intensity; Annotation method: Msp20260116160945_NCDK_conventional_converted_dev_1,False,False,198,0,0.00,1.00,null,null,null,-1.00,-1.00,-0.143,990.19,P Holpie Rt Mix 4p4 2Xd 4_GC1_01_66378,780.55194:228562 781.55661:104294 782.56128:25252,null,1407777,1515645,1399811,1430995,1438556.9119375,53067.5853296383
199,15.334,780.68549,no MS2: Cer 51:6;O4|Cer 13:1;O3/38:5(2OH),[M+H-H2O]+,null,1.00,False,13.196,780.68640,C51H91NO5,Cer_AP,XTWRDFHBPPLYAE-UHFFFAOYSA-N,O=C(NC(CO)C(O)C(O)CCCC=CCCCC)C(O)CCCCCCCCCCCCCCCCCCCCC=CCC=CCC=CCC=CCC=CCC,530,False,True,False,Normalized unit: Intensity; Annotation method: Msp20260116160945_NCDK_conventional_converted_dev_1,False,False,199,0,0.00,1.00,null,null,null,-1.00,-1.00,-0.143,403.40,P Holpie Rt Mix 4p4 2Xd 2_GC1_01_66376,780.68610:104400 781.69076:56284 782.69543:43938,null,509171,540761,498788,537644,521590.866390625,20811.9714418474
200,12.987,782.56799,no MS2: NAGlySer 41:9;O2|NAGlySer 15:2;O(FA 26:6),[M+NH4]+,null,1.00,False,7.892,782.56781,C46H72N2O7,NAGlySer,JMCCZEKHWHPGJT-UHFFFAOYSA-N,O=C(OC(C=CCC=CCCC)CCCCCC(=O)NCC(=O)NC(C(=O)O)CO)CCCCCCC=CCC=CCC=CCC=CCC=CCC=CCC,530,False,True,False,Normalized unit: Intensity; Annotation method: Msp20260116160945_NCDK_conventional_converted_dev_1,False,False,200,0,0.00,1.00,null,null,null,-1.00,-1.00,-0.143,1450.35,P Holpie Rt Mix 4p4 2Xd 4_GC1_01_66378,782.56781:219312 783.57248:100284 784.57715:24066,null,1191407,1250658,1184990,1197175,1206057.33714062,30147.3185432412
201,16.423,782.70215,no MS2: Cer 51:5;O4|Cer 13:1;O3/38:4(2OH),[M+H-H2O]+,null,1.00,False,13.647,782.70209,C51H93NO5,Cer_AP,SQGMQEQBTZVWNV-UHFFFAOYSA-N,O=C(NC(CO)C(O)C(O)CCCC=CCCCC)C(O)CCCCCCCCCCCCCCCCCCCCCCCC=CCC=CCC=CCC=CCC,530,False,True,False,Normalized unit: Intensity; Annotation method: Msp20260116160945_NCDK_conventional_converted_dev_1,False,False,201,0,0.00,1.00,null,null,null,-1.00,-1.00,-0.143,1324.25,P Holpie Rt Mix 4p4 2Xd 2_GC1_01_66376,782.70215:149996 783.70682:80752 784.71148:22916,null,1093933,1164377,1108291,1134395,1125249.04365625,30999.658908873
202,13.074,786.60101,no MS2: DMPE 37:2|DMPE 5:0_32:2,[M+H]+,null,1.00,False,11.902,786.60071,C44H84NO8P,DMPE,XWRPWKLEUYPPTC-UHFFFAOYSA-N,O=C(OCC(OC(=O)CCCCCCCCCCCCCCCCCCCC=CCC=CCCCCCCC)COP(=O)(O)OCCN(C)C)CCCC,530,False,True,False,Normalized unit: Intensity; Annotation method: Msp20260116160945_NCDK_conventional_converted_dev_1,False,False,202,0,0.00,1.00,null,null,null,-1.00,-1.00,-0.143,663.23,P Holpie Rt Mix 4p4 2Xd 2_GC1_01_66376,786.60101:124200 787.60568:57006 788.61035:15908,null,646614,677417,646166,643692,653472.075781251,16015.0182056844
203,14.193,788.61725,no MS2: DMPE 37:1|DMPE 5:0_32:1,[M+H]+,null,1.00,False,12.658,788.61639,C44H86NO8P,DMPE,UUVHRGQBUHHGHP-UHFFFAOYSA-N,O=C(OCC(OC(=O)CCCCCCCCCCCCCCCCCCCCCC=CCCCCCCCC)COP(=O)(O)OCCN(C)C)CCCC,530,False,True,False,Normalized unit: Intensity; Annotation method: Msp20260116160945_NCDK_conventional_converted_dev_1,False,False,203,0,0.00,0.99,null,null,null,-1.00,-1.00,-0.146,61912.25,P Holpie Rt Mix 4p4 2Xd 3_GC1_01_66377,788.61725:8375498 789.62192:4076486 790.62658:1046942,null,42422304,45015263,44027386,44627190,44023035.7724843,1141910.2242112
204,14.193,788.89166,Unknown,[M+H]+,null,1.00,False,null,null,null,null,null,null,999,False,False,False,Normalized unit: Intensity,False,False,204,0,0.00,null,null,null,null,null,null,null,1256.87,P Holpie Rt Mix 4p4 2Xd 2_GC1_01_66376,788.89166:139860 789.89633:58582 790.90100:0,null,602996,656337,614473,650008,630953.216374999,26208.3149822677
205,14.193,789.29486,Unknown,[M+H]+,null,1.00,False,null,null,null,null,null,null,999,False,False,False,Normalized unit: Intensity,False,False,205,0,0.00,null,null,null,null,null,null,null,2707.50,P Holpie Rt Mix 4p4 2Xd 2_GC1_01_66376,789.29486:260326 790.29953:109806 791.30420:5184,null,1123217,1213871,1141256,1170180,1162130.94490625,39546.8456791822
206,15.148,790.63312,no MS2: Cer 51:10;O4|Cer 12:1;O2/39:9;O2,[M+H]+,null,1.00,False,12.338,790.63440,C51H83NO5,Cer_EOS,JYFNGOFQIOBAIX-UHFFFAOYSA-N,O=C(OCCCCC=CCC=CCCCCCCCC(=O)NC(CO)C(O)C=CCCCCCCC)CCC=CCC=CCC=CCC=CCC=CCC=CCC,530,False,True,False,Normalized unit: Intensity; Annotation method: Msp20260116160945_NCDK_conventional_converted_dev_1,False,False,206,0,0.00,1.00,null,null,null,-1.00,-1.00,-0.143,64202.23,P Holpie Rt Mix 4p4 2Xd 1_GC1_01_66375,790.63477:8272830 791.63943:4245730 792.64410:1097004,null,43661115,48531631,45560695,46961427,46178717.0324063,2071159.70998367
207,15.148,790.78833,Unknown,[M+2H]2+,null,1.00,False,null,null,null,null,null,null,999,False,False,False,Normalized unit: Intensity,False,False,207,0,0.00,null,null,null,null,null,null,null,1221.20,P Holpie Rt Mix 4p4 2Xd 2_GC1_01_66376,790.78833:135976 791.79300:48328 792.79767:3532,null,574572,657324,612410,616723,615257.20275,33838.7577432358
208,15.148,790.90631,Unknown,[M+H]+,null,1.00,False,null,null,null,null,null,null,999,False,False,False,Normalized unit: Intensity,False,False,208,0,0.00,null,null,null,null,null,null,null,1894.99,P Holpie Rt Mix 4p4 2Xd 2_GC1_01_66376,790.90631:150818 791.91098:59082 792.91565:0,null,714107,773013,694077,742747,730986.1588125,34407.8149126471
209,15.148,792.31390,Unknown,[M+H]+,null,1.00,False,null,null,null,null,null,null,999,False,False,False,Normalized unit: Intensity,False,False,209,0,0.00,null,null,null,null,null,null,null,1049.26,P Holpie Rt Mix 4p4 2Xd 2_GC1_01_66376,792.31390:115360 793.31857:5928 794.32324:1196,null,434461,492937,443273,475565,461559.06240625,27382.7447987582
210,14.193,810.59900,no MS2: PC 36:1,[M+Na]+,null,1.00,False,10.628,810.59833,C44H86NO8P,PC,BKACBHCGNYBKHD-UHFFFAOYSA-N,O=C(OCC(OC(=O)CCCCCCCCCCCCCCCCCCC=CCCCCCCCCCC)COP(=O)([O-])OCC[N+](C)(C)C)CCCC,530,False,True,False,Normalized unit: Intensity; Annotation method: Msp20260116160945_NCDK_conventional_converted_dev_1,False,False,210,0,0.00,1.00,null,null,null,-1.00,-1.00,-0.143,1072.85,P Holpie Rt Mix 4p4 2Xd 3_GC1_01_66377,810.59839:241206 811.60306:113240 812.60772:27648,null,1125825,1190666,1137931,1178120,1158135.50559375,31143.6264924905
211,15.148,812.61401,no MS2: PC 36:0,[M+Na]+,null,1.00,False,11.906,812.61401,C44H88NO8P,PC,OPWBXNVTBMDWQW-UHFFFAOYSA-N,O=C(OCC(OC(=O)CCCC)COP(=O)([O-])OCC[N+](C)(C)C)CCCCCCCCCCCCCCCCCCCCCCCCCCCCCC,530,False,True,False,Normalized unit: Intensity; Annotation method: Msp20260116160945_NCDK_conventional_converted_dev_1,False,False,211,0,0.00,1.00,null,null,null,-1.00,-1.00,-0.143,1769.50,P Holpie Rt Mix 4p4 2Xd 2_GC1_01_66376,812.61401:250072 813.61868:118650 814.62335:29190,null,1243677,1344039,1247743,1277344,1278200.67928125,46386.2107868278
212,11.825,816.62402,no MS2: RIKEN P-VS1 ID-12036 from Mouse_Macrophage_WT_N_F1,[M+H]+,null,1.00,False,9.130,816.62610,null,Unknown,null,null,530,False,True,False,Normalized unit: Intensity; Annotation method: Msp20260116160945_NCDK_conventional_converted_dev_1,False,False,212,0,0.00,0.97,null,null,null,-1.00,-1.00,-0.142,360.35,P Holpie Rt Mix 4p4 2Xd 3_GC1_01_66377,816.62408:79034 817.62875:38614 818.63342:10464,null,364149,399773,371987,382538,379611.881109375,15408.5730251704
213,12.987,818.63940,no MS2: RIKEN P-VS1 ID-12124 from Mouse_Brain_WT_N_F1AA,[M+H]+,null,1.00,False,11.750,818.64038,null,Unknown,null,null,530,False,True,False,Normalized unit: Intensity; Annotation method: Msp20260116160945_NCDK_conventional_converted_dev_1,False,False,213,0,0.00,1.00,null,null,null,-1.00,-1.00,-0.130,398.06,P Holpie Rt Mix 4p4 2Xd 3_GC1_01_66377,818.63977:84972 819.64444:39728 820.64911:10166,null,375464,404905,372482,386533,384845.935812499,14675.1874248117
214,16.024,818.66327,no MS2: Cer 53:10;O4|Cer 12:1;O2/41:9;O2,[M+H]+,null,1.00,False,12.329,818.66571,C53H87NO5,Cer_EOS,XRCDUNNTDVWWCV-UHFFFAOYSA-N,O=C(OCCCCCCC=CCC=CCCCCCCCC(=O)NC(CO)C(O)C=CCCCCCCC)CCC=CCC=CCC=CCC=CCC=CCC=CCC,530,False,True,False,Normalized unit: Intensity; Annotation method: Msp20260116160945_NCDK_conventional_converted_dev_1,False,False,214,0,0.00,1.00,null,null,null,-1.00,-1.00,-0.143,565.26,P Holpie Rt Mix 4p4 2Xd 1_GC1_01_66375,818.66571:111082 819.67038:56934 820.67505:16050,null,638409,678120,632000,639201,646932.609171874,21040.1039973959
215,15.742,832.24048,Unknown,[M+H]+,null,1.00,False,null,null,null,null,null,null,999,False,False,False,Normalized unit: Intensity,False,False,215,0,0.00,null,null,null,null,null,null,null,1376.55,P Holpie Rt Mix 4p4 2Xd 4_GC1_01_66378,832.24048:165594 833.24515:132068 834.24981:0,null,2398390,1977097,2563882,2009274,2237160.660875,290003.859555549
216,16.870,846.29382,Unknown,[M+H]+,null,1.00,False,null,null,null,null,null,null,999,False,False,False,Normalized unit: Intensity,False,False,216,0,0.00,null,null,null,null,null,null,null,640.41,P Holpie Rt Mix 4p4 2Xd 3_GC1_01_66377,846.29382:80244 847.29849:67542 848.30316:52182,null,614197,647619,661890,616811,635129.395187502,23422.5928231742
217,14.197,846.67017,no MS2: RIKEN P-VS1 ID-13237 from Mouse_Lung_WT_N_F1,[M+H]+,null,0.25,False,10.970,846.67212,null,Unknown,null,null,530,False,True,False,Normalized unit: Intensity; Annotation method: Msp20260116160945_NCDK_conventional_converted_dev_1,False,False,217,0,0.00,0.97,null,null,null,-1.00,-1.00,-0.140,294.61,P Holpie Rt Mix 4p4 2Xd 2_GC1_01_66376,846.67017:81002 847.67483:38616 848.67950:11926,null,288036,321440,283933,294956,297091.277265625,16858.066598157
218,15.134,848.68567,no MS2: RIKEN P-VS1 ID-13314 from Mouse_Brain_WT_N_F1,[M+H]+,null,0.25,False,13.210,848.68030,null,Unknown,null,null,530,False,True,False,Normalized unit: Intensity; Annotation method: Msp20260116160945_NCDK_conventional_converted_dev_1,False,False,218,0,0.00,0.82,null,null,null,-1.00,-1.00,-0.210,443.46,P Holpie Rt Mix 4p4 2Xd 2_GC1_01_66376,848.68567:85654 849.69034:43932 850.69500:12278,null,302070,323471,293170,302754,305366.188953125,12835.0399947059
219,19.651,850.78644,no MS2: TG 50:1|TG 8:0_8:0_34:1,[M+NH4]+,null,1.00,False,14.765,850.78583,C53H100O6,TG,WLEHGRAGAYLVMG-UHFFFAOYSA-N,O=C(OCC(OC(=O)CCCCCCC)COC(=O)CCCCCCCCCCCCCCCCCCCCCCCC=CCCCCCCCC)CCCCCCC,530,False,True,False,Normalized unit: Intensity; Annotation method: Msp20260116160945_NCDK_conventional_converted_dev_1,False,False,219,0,0.00,1.00,null,null,null,-1.00,-1.00,-0.144,71619.75,P Holpie Rt Mix 4p4 2Xd 4_GC1_01_66378,850.78644:8156872 851.79111:4421336 852.79577:1189904,null,35720008,36483704,37011020,37723013,36734436.3230936,845717.559746536
220,19.647,850.94922,Unknown,[M+H]+,null,0.75,False,null,null,null,null,null,null,999,False,False,False,Normalized unit: Intensity,False,False,220,0,0.00,null,null,null,null,null,null,null,1974.49,P Holpie Rt Mix 4p4 2Xd 3_GC1_01_66377,850.94922:181082 851.95389:116690 852.95855:12430,null,820442,771357,811340,778043,795295.270140622,24224.341363916
221,19.647,851.07434,Unknown,[M+H]+,null,1.00,False,null,null,null,null,null,null,999,False,False,False,Normalized unit: Intensity,False,False,221,0,0.00,null,null,null,null,null,null,null,2164.08,P Holpie Rt Mix 4p4 2Xd 3_GC1_01_66377,851.07434:172108 852.07901:116248 853.08368:7590,null,777493,769949,761023,761356,767455.313562497,7864.72730933958
222,19.647,851.49469,Unknown,[M+H]+,null,1.00,False,null,null,null,null,null,null,999,False,False,False,Normalized unit: Intensity,False,False,222,0,0.00,null,null,null,null,null,null,null,1492.15,P Holpie Rt Mix 4p4 2Xd 3_GC1_01_66377,851.49469:246018 852.49936:138140 853.50403:4990,null,1062986,1066274,1062257,1053801,1061329.68353125,5314.41106670019
223,19.669,855.74176,no MS2: TG 50:1|TG 8:0_8:0_34:1,[M+Na]+,null,1.00,False,14.765,855.74121,C53H100O6,TG,WLEHGRAGAYLVMG-UHFFFAOYSA-N,O=C(OCC(OC(=O)CCCCCCC)COC(=O)CCCCCCCCCCCCCCCCCCCCCCCC=CCCCCCCCC)CCCCCCC,530,False,True,False,Normalized unit: Intensity; Annotation method: Msp20260116160945_NCDK_conventional_converted_dev_1,False,False,223,0,0.00,1.00,null,null,null,-1.00,-1.00,-0.144,646.75,P Holpie Rt Mix 4p4 2Xd 4_GC1_01_66378,855.74176:64536 856.74643:36110 857.75110:10174,null,478200,497715,495051,496812,491944.41153125,9229.7024757042
224,18.814,872.77216,no MS2: TG 52:4|TG 8:0_8:0_36:4,[M+NH4]+,null,1.00,False,14.237,872.77020,C55H98O6,TG,TVCXNLFXLACFHK-UHFFFAOYSA-N,O=C(OCC(OC(=O)CCCCCCC)COC(=O)CCCCCCCCCCCCCCCCCCCCCCC=CCC=CCC=CCC=CCC)CCCCCCC,530,False,True,False,Normalized unit: Intensity; Annotation method: Msp20260116160945_NCDK_conventional_converted_dev_1,False,False,224,0,0.00,1.00,null,null,null,-1.00,-1.00,-0.145,914.08,P Holpie Rt Mix 4p4 2Xd 2_GC1_01_66376,872.76935:138770 873.77402:78204 874.77868:26190,null,894353,915139,920495,919999,912496.648609378,12334.5636094977
225,19.230,874.78839,no MS2: TG 52:3|TG 8:0_8:0_36:3,[M+NH4]+,null,1.00,False,14.469,874.78583,C55H100O6,TG,SMVJWGZQUSFCNG-UHFFFAOYSA-N,O=C(OCC(OC(=O)CCCCCCC)COC(=O)CCCCCCCCCCCCCCCCCCCCC=CCC=CCC=CCCCCCCC)CCCCCCC,530,False,True,False,Normalized unit: Intensity; Annotation method: Msp20260116160945_NCDK_conventional_converted_dev_1,False,False,225,0,0.00,0.99,null,null,null,-1.00,-1.00,-0.150,1179.80,P Holpie Rt Mix 4p4 2Xd 2_GC1_01_66376,874.78436:119710 875.78903:77312 876.79370:28094,null,828096,807687,820186,802958,814731.471906249,11497.7071113568
226,19.669,876.80597,no MS2: TG 52:2|TG 8:0_8:0_36:2,[M+NH4]+,null,1.00,False,14.765,876.80151,C55H102O6,TG,RNPAKTRKCHCWDH-UHFFFAOYSA-N,O=C(OCC(OC(=O)CCCCCCC)COC(=O)CCCCCCCCCCCCCCCCCCCCCCCC=CCC=CCCCCCCC)CCCCCCC,530,False,True,False,Normalized unit: Intensity; Annotation method: Msp20260116160945_NCDK_conventional_converted_dev_1,False,False,226,0,0.00,1.00,null,null,null,-1.00,-1.00,-0.143,731.58,P Holpie Rt Mix 4p4 2Xd 4_GC1_01_66378,876.80115:75582 877.80582:171940 878.81048:93700,null,593035,588027,608708,597611,596845.155453125,8824.33460978448
227,19.651,891.81311,no MS2: RIKEN P-VS1 ID-14892 from Mouse_Plasma_ApoEKO_N_F1DHA,[M+H]+,null,1.00,False,14.840,891.81812,null,Unknown,null,null,530,False,True,False,Normalized unit: Intensity; Annotation method: Msp20260116160945_NCDK_conventional_converted_dev_1,False,False,227,0,0.00,0.99,null,null,null,-1.00,-1.00,-0.135,2111.36,P Holpie Rt Mix 4p4 2Xd 3_GC1_01_66377,891.81665:223460 892.82132:0 893.82599:0,null,1367884,1397362,1385852,1390648,1385436.52176562,12617.705409226
228,18.350,896.77313,no MS2: TG 54:6|TG 8:0_8:0_38:6,[M+NH4]+,null,1.00,False,13.776,896.77020,C57H98O6,TG,MPJPHTZTJJUBFS-UHFFFAOYSA-N,O=C(OCC(OC(=O)CCCCCCC)COC(=O)CCCCCCCCCCCCCCCCCCC=CCC=CCC=CCC=CCC=CCC=CCC)CCCCCCC,530,False,True,False,Normalized unit: Intensity; Annotation method: Msp20260116160945_NCDK_conventional_converted_dev_1,False,False,228,0,0.00,1.00,null,null,null,-1.00,-1.00,-0.143,2216.88,P Holpie Rt Mix 4p4 2Xd 2_GC1_01_66376,896.77014:352082 897.77481:223612 898.77948:73594,null,2525403,2516773,2571958,2577860,2547998.46665624,31365.4711600035
229,18.801,898.78766,no MS2: TG 54:5|TG 8:0_8:0_38:5,[M+NH4]+,null,1.00,False,14.112,898.78583,C57H100O6,TG,QEUNXFKXMXOSEM-UHFFFAOYSA-N,O=C(OCC(OC(=O)CCCCCCC)COC(=O)CCCCCCCCCCCCCCCCCCCCCC=CCC=CCC=CCC=CCC=CCC)CCCCCCC,530,False,True,False,Normalized unit: Intensity; Annotation method: Msp20260116160945_NCDK_conventional_converted_dev_1,False,False,229,0,0.00,0.99,null,null,null,-1.00,-1.00,-0.147,1678.63,P Holpie Rt Mix 4p4 2Xd 2_GC1_01_66376,898.78461:205212 899.78927:151284 900.79394:58240,null,1371807,1375932,1388050,1386237,1380506.57401563,7881.16359035356
230,19.230,900.80005,no MS2: SL 54:0;O2|SL 18:0;O/36:0;O,[M+H]+,null,1.00,False,13.738,900.80481,C54H109NO6S,SL,ZCFCOQUQAMEYLD-UHFFFAOYSA-N,O=C(N(CC(O)CCCCCCCCCCCCCCC)CS(=O)(=O)O)C(O)CCCCCCCCCCCCCCCCCCCCCCCCCCCCCCCCCC,530,False,True,False,Normalized unit: Intensity; Annotation method: Msp20260116160945_NCDK_conventional_converted_dev_1,False,False,230,0,0.00,0.99,null,null,null,-1.00,-1.00,-0.145,1072.84,P Holpie Rt Mix 4p4 2Xd 3_GC1_01_66377,900.80389:133346 901.80856:104978 902.81323:41762,null,1210618,1229653,1241869,1211636,1223443.96045312,15076.958249644
231,19.669,902.81586,no MS2: TG 54:3|TG 8:0_8:0_38:3,[M+NH4]+,null,1.00,False,14.407,902.81708,C57H104O6,TG,RCSKZUBNPPWQCB-UHFFFAOYSA-N,O=C(OCC(OC(=O)CCCCCCC)COC(=O)CCCCCCCCCCCCCCCCCCCCCCC=CCC=CCC=CCCCCCCC)CCCCCCC,530,False,True,False,Normalized unit: Intensity; Annotation method: Msp20260116160945_NCDK_conventional_converted_dev_1,False,False,231,0,0.00,1.00,null,null,null,-1.00,-1.00,-0.144,807.60,P Holpie Rt Mix 4p4 2Xd 2_GC1_01_66376,902.81641:94974 903.82107:60878 904.82574:19514,null,858223,814360,827338,844796,836179.105890624,19273.8542089812
232,20.072,904.83276,no MS2: TG 54:2|TG 8:0_8:0_38:2,[M+NH4]+,null,1.00,False,14.863,904.83282,C57H106O6,TG,CJABAEYPPMEUSO-UHFFFAOYSA-N,O=C(OCC(OC(=O)CCCCCCC)COC(=O)CCCCCCCCCCCCCCCCCCCCCCCCCC=CCC=CCCCCCCC)CCCCCCC,530,False,True,False,Normalized unit: Intensity; Annotation method: Msp20260116160945_NCDK_conventional_converted_dev_1,False,False,232,0,0.00,1.00,null,null,null,-1.00,-1.00,-0.143,31600.13,P Holpie Rt Mix 4p4 2Xd 2_GC1_01_66376,904.83276:4644678 905.83743:2736356 906.84210:899936,null,19637906,20315420,19721706,19391761,19766698.3686876,391699.451153764
233,20.072,905.12341,Unknown,[M+H]+,null,1.00,False,null,null,null,null,null,null,999,False,False,False,Normalized unit: Intensity,False,False,233,0,0.00,null,null,null,null,null,null,null,876.00,P Holpie Rt Mix 4p4 2Xd 2_GC1_01_66376,905.12341:98166 906.12808:36442 907.13275:1984,null,320587,333302,311223,289321,313608.386406252,18548.2125333556
234,20.072,905.56079,Unknown,[M+H]+,null,1.00,False,null,null,null,null,null,null,999,False,False,False,Normalized unit: Intensity,False,False,234,0,0.00,null,null,null,null,null,null,null,912.56,P Holpie Rt Mix 4p4 2Xd 1_GC1_01_66375,905.56079:156550 906.56546:71140 907.57013:3898,null,486080,490805,467066,464472,477105.853765628,13274.0644463756
235,16.410,906.25885,no MS2: RIKEN P-VS1 ID-15392 from Mouse_Macrophage_WT_N_F1AA,[M+H]+,null,1.00,False,12.910,906.26593,null,Unknown,null,null,530,False,True,False,Normalized unit: Intensity; Annotation method: Msp20260116160945_NCDK_conventional_converted_dev_1,False,False,235,0,0.00,0.89,null,null,null,-1.00,-1.00,-0.180,1529.46,P Holpie Rt Mix 4p4 2Xd 1_GC1_01_66375,906.26147:142226 907.26614:126180 908.27081:0,null,1565350,1368873,1378371,1392505,1426274.7020625,93223.8642133901
236,19.651,906.84839,no MS2: TG 54:1|TG 8:0_8:0_38:1,[M+NH4]+,null,1.00,False,15.126,906.84839,C57H108O6,TG,LELWTXMKFFCBDE-UHFFFAOYSA-N,O=C(OCC(OC(=O)CCCCCCC)COC(=O)CCCCCCCCCCCCCCCCCCCCCCCCCC=CCCCCCCCCCC)CCCCCCC,530,False,True,False,Normalized unit: Intensity; Annotation method: Msp20260116160945_NCDK_conventional_converted_dev_1,False,False,236,0,0.00,1.00,null,null,null,-1.00,-1.00,-0.143,2448.77,P Holpie Rt Mix 4p4 2Xd 4_GC1_01_66378,906.84839:311976 907.85306:198450 908.85772:61326,null,2179300,2214801,2263226,2312061,2242347.05520312,57820.7849176311
237,1.166,907.50751,Unknown,[M+H]+,null,1.00,False,null,null,null,null,null,null,999,False,False,False,Normalized unit: Intensity,False,False,237,0,0.00,null,null,null,null,null,null,null,3781.96,P Holpie Rt Mix 4p4 2Xd 2_GC1_01_66376,907.50751:1014020 908.51218:454022 909.51684:128168,null,2057540,2291717,1990035,2061160,2100112.96175,131857.461936863
238,20.077,909.78717,no MS2: TG 54:2|TG 8:0_8:0_38:2,[M+Na]+,null,1.00,False,14.863,909.78821,C57H106O6,TG,CJABAEYPPMEUSO-UHFFFAOYSA-N,O=C(OCC(OC(=O)CCCCCCC)COC(=O)CCCCCCCCCCCCCCCCCCCCCCCCCC=CCC=CCCCCCCC)CCCCCCC,530,False,True,False,Normalized unit: Intensity; Annotation method: Msp20260116160945_NCDK_conventional_converted_dev_1,False,False,238,0,0.00,1.00,null,null,null,-1.00,-1.00,-0.143,3384.01,P Holpie Rt Mix 4p4 2Xd 2_GC1_01_66376,909.78778:376142 910.79245:231396 911.79712:76406,null,2031023,2051486,2076741,2039778,2049756.94479689,19846.8451761352
239,18.814,914.81750,no MS2: TG 55:4|TG 8:0_9:0_38:4,[M+NH4]+,null,1.00,False,14.310,914.81708,C58H104O6,TG,PARRZFOYIANCKA-UHFFFAOYSA-N,O=C(OCC(OC(=O)CCCCCCCC)COC(=O)CCCCCCCCCCCCCCCCCCCCCCCCC=CCC=CCC=CCC=CCC)CCCCCCC,530,False,True,False,Normalized unit: Intensity; Annotation method: Msp20260116160945_NCDK_conventional_converted_dev_1,False,False,239,0,0.00,1.00,null,null,null,-1.00,-1.00,-0.143,620.54,P Holpie Rt Mix 4p4 2Xd 1_GC1_01_66375,914.81702:103708 915.82168:65384 916.82635:22068,null,768716,774290,773231,753220,767364.185640628,9734.51107897872
240,19.239,916.82867,no MS2: TG 55:3|TG 8:0_9:0_38:3,[M+NH4]+,null,1.00,False,14.517,916.83282,C58H106O6,TG,PAOGXSOGLNSZHJ-UHFFFAOYSA-N,O=C(OCC(OC(=O)CCCCCCCC)COC(=O)CCCCCCCCCCCCCCCCCCCCCCC=CCC=CCC=CCCCCCCC)CCCCCCC,530,False,True,False,Normalized unit: Intensity; Annotation method: Msp20260116160945_NCDK_conventional_converted_dev_1,False,False,240,0,0.00,1.00,null,null,null,-1.00,-1.00,-0.143,399.65,P Holpie Rt Mix 4p4 2Xd 1_GC1_01_66375,916.83307:84834 917.83774:51890 918.84240:18082,null,586346,569555,590889,590488,584319.60559375,10054.8772481282
241,20.077,925.76471,no MS2: DG 57:8,[M+Na]+,null,1.00,False,13.677,925.76190,C60H102O5,DG,HLUWBWSLQDTFFG-UHFFFAOYSA-N,O=C(OCC(OC(=O)CCCCCCCCCCCCC=CCC=CCC=CCC=CCC=CCC=CCC=CCC=CCC)CO)CCCCCCCCCCCCCCCCCC,530,False,True,False,Normalized unit: Intensity; Annotation method: Msp20260116160945_NCDK_conventional_converted_dev_1,False,False,241,0,0.00,1.00,null,null,null,-1.00,-1.00,-0.143,1152.02,P Holpie Rt Mix 4p4 2Xd 2_GC1_01_66376,925.76196:116446 926.76663:71550 927.77130:28694,null,811347,817895,860014,833093,830587.131312503,21629.2998164628
242,1.166,929.48950,Unknown,[M+H]+,null,1.00,False,null,null,null,null,null,null,999,False,False,False,Normalized unit: Intensity,False,False,242,0,0.00,null,null,null,null,null,null,null,1487.66,P Holpie Rt Mix 4p4 2Xd 2_GC1_01_66376,929.48950:316986 930.49417:141558 931.49884:37418,null,738010,789023,691128,722933,735273.599046875,40815.000741022
243,20.077,931.84290,no MS2: SL 55:0;O2|SL 19:0;O/36:0;O,[M+NH4]+,null,1.00,False,13.897,931.84698,C55H111NO6S,SL,GGYZFEAOQHKSAV-UHFFFAOYSA-N,O=C(N(CC(O)CCCCCCCCCCCCCCCC)CS(=O)(=O)O)C(O)CCCCCCCCCCCCCCCCCCCCCCCCCCCCCCCCCC,530,False,True,False,Normalized unit: Intensity; Annotation method: Msp20260116160945_NCDK_conventional_converted_dev_1,False,False,243,0,0.00,1.00,null,null,null,-1.00,-1.00,-0.145,3794.64,P Holpie Rt Mix 4p4 2Xd 3_GC1_01_66377,931.84613:378046 932.85080:249056 933.85547:81336,null,2170135,2227361,2232726,2221272,2212873.59237501,28874.2309640103
244,21.391,932.88025,no MS2: Cer 63:6;O3|Cer 25:0;O2/38:6;O,[M+H-H2O]+,null,1.00,False,14.192,932.87927,C63H115NO4,Cer_HDS,XEVBCDWLGUIGFJ-UHFFFAOYSA-N,O=C(NC(CO)C(O)CCCCCCCCCCCCCCCCCCCCCC)C(O)CCCCCCCCCCCCCCCCCC=CCC=CCC=CCC=CCC=CCC=CCC,530,False,True,False,Normalized unit: Intensity; Annotation method: Msp20260116160945_NCDK_conventional_converted_dev_1,False,False,244,0,0.00,1.00,null,null,null,-1.00,-1.00,-0.143,1227.02,P Holpie Rt Mix 4p4 2Xd 4_GC1_01_66378,932.87927:137712 933.88394:98204 934.88861:34542,null,597634,614051,600069,587842,599899.011968754,10813.4721751327
245,19.651,934.87927,no MS2: TG 56:1|TG 8:0_10:0_38:1,[M+NH4]+,null,1.00,False,15.399,934.87970,C59H112O6,TG,HDVLNTMGEIQJGV-UHFFFAOYSA-N,O=C(OCC(OC(=O)CCCCCCCCC)COC(=O)CCCCCCCCCCCCCCCCCCCCCCCCCC=CCCCCCCCCCC)CCCCCCC,530,False,True,False,Normalized unit: Intensity; Annotation method: Msp20260116160945_NCDK_conventional_converted_dev_1,False,False,245,0,0.00,1.00,null,null,null,-1.00,-1.00,-0.143,1354.89,P Holpie Rt Mix 4p4 2Xd 2_GC1_01_66376,934.87994:167800 935.88461:105290 936.88928:33780,null,1151160,1157877,1160506,1172459,1160500.5134375,8890.81420663954
246,18.111,936.82214,no MS2: AHexCer 51:0;O2|AHexCer (O-26:0)12:0;O2/13:0,[M+H-H2O]+,null,1.00,False,13.574,936.82257,C57H111NO9,AHexCer,CXADNKATNWLIQK-UHFFFAOYSA-N,O=C(OCC1OC(OCC(NC(=O)CCCCCCCCCCCC)C(O)CCCCCCCCC)C(O)C(O)C1O)CCCCCCCCCCCCCCCCCCCCCCCCC,530,False,True,False,Normalized unit: Intensity; Annotation method: Msp20260116160945_NCDK_conventional_converted_dev_1,False,False,246,0,0.00,1.00,null,null,null,-1.00,-1.00,-0.143,1211.47,P Holpie Rt Mix 4p4 2Xd 2_GC1_01_66376,936.82214:146804 937.82681:87992 938.83148:29040,null,1229424,1244993,1189448,1194146,1214502.75126563,27046.0820018959
247,18.371,938.81854,no MS2: TG 57:6|TG 8:0_11:0_38:6,[M+NH4]+,null,1.00,False,14.070,938.81708,C60H104O6,TG,MKELNSZATBWKBR-UHFFFAOYSA-N,O=C(OCC(OC(=O)CCCCCCCCCC)COC(=O)CCCCCCCCCCCCCCCCCCC=CCC=CCC=CCC=CCC=CCC=CCC)CCCCCCC,530,False,True,False,Normalized unit: Intensity; Annotation method: Msp20260116160945_NCDK_conventional_converted_dev_1,False,False,247,0,0.00,0.99,null,null,null,-1.00,-1.00,-0.147,611.01,P Holpie Rt Mix 4p4 2Xd 2_GC1_01_66376,938.81592:64838 939.82059:37192 940.82525:13494,null,892768,891013,983386,900471,916909.352874998,44507.8213888085
248,18.801,940.83246,no MS2: TG 57:5|TG 8:0_11:0_38:5,[M+NH4]+,null,1.00,False,14.299,940.83282,C60H106O6,TG,XMCWEAKGPHOWIC-UHFFFAOYSA-N,O=C(OCC(OC(=O)CCCCCCCCCC)COC(=O)CCCCCCCCCCCCCCCCCCCCCC=CCC=CCC=CCC=CCC=CCC)CCCCCCC,530,False,True,False,Normalized unit: Intensity; Annotation method: Msp20260116160945_NCDK_conventional_converted_dev_1,False,False,248,0,0.00,1.00,null,null,null,-1.00,-1.00,-0.143,1147.51,P Holpie Rt Mix 4p4 2Xd 3_GC1_01_66377,940.83258:141358 941.83725:90780 942.84192:33338,null,1119911,1088296,1094536,1102341,1101270.78720313,13690.5364517345
249,18.091,941.78131,no MS2: RIKEN P-VS1 ID-16408 from Mouse_Heart_WT_N_F1EPA,[M+Na]+,null,0.25,False,14.600,941.78461,null,Unknown,null,null,530,False,True,False,Normalized unit: Intensity; Annotation method: Msp20260116160945_NCDK_conventional_converted_dev_1,False,False,249,0,0.00,0.94,null,null,null,-1.00,-1.00,-0.155,535.38,P Holpie Rt Mix 4p4 2Xd 1_GC1_01_66375,941.78131:67520 942.78598:39270 943.79065:13476,null,485666,474089,452562,447442,464939.438671876,18006.1529752651
250,19.243,942.84869,no MS2: TG 57:4|TG 8:0_11:0_38:4,[M+NH4]+,null,1.00,False,14.442,942.84839,C60H108O6,TG,BCEMOFYPGIXNDL-UHFFFAOYSA-N,O=C(OCC(OC(=O)CCCCCCCCCC)COC(=O)CCCCCCCCCCCCCCCCCCCCCCCCC=CCC=CCC=CCC=CCC)CCCCCCC,530,False,True,False,Normalized unit: Intensity; Annotation method: Msp20260116160945_NCDK_conventional_converted_dev_1,False,False,250,0,0.00,1.00,null,null,null,-1.00,-1.00,-0.143,716.25,P Holpie Rt Mix 4p4 2Xd 1_GC1_01_66375,942.84833:92764 943.85300:59190 944.85766:20312,null,848741,857313,882524,855986,861141.0898125,14744.8266111417
251,20.077,945.86066,no MS2: SL 56:0;O2|SL 20:0;O/36:0;O,[M+NH4]+,null,1.00,False,13.958,945.86267,C56H113NO6S,SL,OTFVMQGHXVTRRN-UHFFFAOYSA-N,O=C(N(CC(O)CCCCCCCCCCCCCCCCC)CS(=O)(=O)O)C(O)CCCCCCCCCCCCCCCCCCCCCCCCCCCCCCCCCC,530,False,True,False,Normalized unit: Intensity; Annotation method: Msp20260116160945_NCDK_conventional_converted_dev_1,False,False,251,0,0.00,0.99,null,null,null,-1.00,-1.00,-0.146,2985.69,P Holpie Rt Mix 4p4 2Xd 3_GC1_01_66377,945.86169:326072 946.86636:0 947.87103:0,null,1995108,1991037,1985606,1984499,1989062.51170313,4940.04725968353
252,18.801,954.85046,no MS2: SL 58:1;O2|SL 22:1;O/36:0;O,[M+H]+,null,1.00,False,14.016,954.85181,C58H115NO6S,SL,RTFCKASHDWFTBJ-UHFFFAOYSA-N,O=C(N(CC(O)C=CCCCCCCCCCCCCCCCCC)CS(=O)(=O)O)C(O)CCCCCCCCCCCCCCCCCCCCCCCCCCCCCCCCCC,530,False,True,False,Normalized unit: Intensity; Annotation method: Msp20260116160945_NCDK_conventional_converted_dev_1,False,False,252,0,0.00,0.99,null,null,null,-1.00,-1.00,-0.145,643.34,P Holpie Rt Mix 4p4 2Xd 1_GC1_01_66375,954.85083:82934 955.85550:53468 956.86017:31304,null,636978,642421,656285,642270,644488.647312503,8261.88082319724
253,18.108,957.75537,Unknown,[M+K]+,null,0.25,False,null,null,null,null,null,null,999,False,False,False,Normalized unit: Intensity,False,False,253,0,0.00,null,null,null,null,null,null,null,490.65,P Holpie Rt Mix 4p4 2Xd 1_GC1_01_66375,957.75537:51606 958.76004:29526 959.76471:13678,null,476603,449399,446088,435274,451841.049328126,17575.3232491763
254,20.077,960.89417,no MS2: TG 58:2|TG 8:0_12:0_38:2,[M+NH4]+,null,1.00,False,15.547,960.89539,C61H114O6,TG,IEQINIXYBNTBLE-UHFFFAOYSA-N,O=C(OCC(OC(=O)CCCCCCCCCCC)COC(=O)CCCCCCCCCCCCCCCCCCCCCCCCCC=CCC=CCCCCCCC)CCCCCCC,530,False,True,False,Normalized unit: Intensity; Annotation method: Msp20260116160945_NCDK_conventional_converted_dev_1,False,False,254,0,0.00,1.00,null,null,null,-1.00,-1.00,-0.144,7558.51,P Holpie Rt Mix 4p4 2Xd 2_GC1_01_66376,960.89484:834204 961.89950:557986 962.90417:194436,null,4309173,4426531,4396590,4446738,4394758.03503127,60661.9245002488
255,1.301,963.57050,Unknown,[M+H]+,null,1.00,False,null,null,null,null,null,null,999,False,False,False,Normalized unit: Intensity,False,False,255,0,0.00,null,null,null,null,null,null,null,1474.56,P Holpie Rt Mix 4p4 2Xd 2_GC1_01_66376,963.57050:333090 964.57516:162610 965.57983:52062,null,631933,708420,597617,631090,642264.927265625,46909.9702867961
256,20.072,974.91260,no MS2: TG 59:2|TG 8:0_13:0_38:2,[M+NH4]+,null,1.00,False,15.883,974.91101,C62H116O6,TG,SSCWAKYEBVGRHW-UHFFFAOYSA-N,O=C(OCC(OC(=O)CCCCCCCCCCCC)COC(=O)CCCCCCCCCCCCCCCCCCCCCCCCCC=CCC=CCCCCCCC)CCCCCCC,530,False,True,False,Normalized unit: Intensity; Annotation method: Msp20260116160945_NCDK_conventional_converted_dev_1,False,False,256,0,0.00,1.00,null,null,null,-1.00,-1.00,-0.143,654.01,P Holpie Rt Mix 4p4 2Xd 2_GC1_01_66376,974.91077:73586 975.91543:49604 976.92010:16908,null,379818,374927,381729,364453,375231.431578127,7735.60183803149
257,21.391,974.92377,no MS2: Cer 64:4;O2|Cer 26:0;O2/38:4,[M+Na]+,null,1.00,False,15.805,974.92389,C64H121NO3,Cer_NDS,OEMQFKNWOLTWQA-UHFFFAOYSA-N,O=C(NC(CO)C(O)CCCCCCCCCCCCCCCCCCCCCCC)CCCCCCCCCCCCCCCCCCCCCCCCC=CCC=CCC=CCC=CCC,530,False,True,False,Normalized unit: Intensity; Annotation method: Msp20260116160945_NCDK_conventional_converted_dev_1,False,False,257,0,0.00,1.00,null,null,null,-1.00,-1.00,-0.143,919.06,P Holpie Rt Mix 4p4 2Xd 1_GC1_01_66375,974.92377:107108 975.92843:71698 976.93310:24382,null,488397,479250,474766,468218,477657.682671878,8472.42535166383
258,18.102,978.86725,no MS2: AHexCer 54:0;O2|AHexCer (O-28:0)12:0;O2/14:0,[M+H-H2O]+,null,1.00,False,13.904,978.86951,C60H117NO9,AHexCer,GAHCPZBOLOTUKE-UHFFFAOYSA-N,O=C(OCC1OC(OCC(NC(=O)CCCCCCCCCCCCC)C(O)CCCCCCCCC)C(O)C(O)C1O)CCCCCCCCCCCCCCCCCCCCCCCCCCC,530,False,True,False,Normalized unit: Intensity; Annotation method: Msp20260116160945_NCDK_conventional_converted_dev_1,False,False,258,0,0.00,1.00,null,null,null,-1.00,-1.00,-0.143,919.55,P Holpie Rt Mix 4p4 2Xd 3_GC1_01_66377,978.86938:91878 979.87405:58866 980.87872:19158,null,679300,716857,685894,670224,688068.707234376,20238.4466853084
259,16.996,980.27759,no MS2: RIKEN P-VS1 ID-17228 from Mouse_Macrophage_WT_N_F1AA,[M+H]+,null,1.00,False,13.120,980.27362,null,Unknown,null,null,530,False,True,False,Normalized unit: Intensity; Annotation method: Msp20260116160945_NCDK_conventional_converted_dev_1,False,False,259,0,0.00,0.93,null,null,null,-1.00,-1.00,-0.162,1267.59,P Holpie Rt Mix 4p4 2Xd 2_GC1_01_66376,980.27747:159844 981.28213:146242 982.28680:136380,null,1108879,1192197,1127418,1162412,1147726.306375,37035.4009546797
260,1.300,985.55273,Unknown,[2M+Na]+,null,0.75,False,null,null,null,null,null,null,999,False,False,False,Normalized unit: Intensity,False,False,260,0,0.00,null,null,null,null,null,null,null,651.15,P Holpie Rt Mix 4p4 2Xd 2_GC1_01_66376,985.55273:137558 986.55740:67028 987.56207:16670,null,272766,293793,244002,252094,265663.668921875,22323.647128165
261,20.077,988.92786,no MS2: TG 60:2|TG 8:0_14:0_38:2,[M+NH4]+,null,1.00,False,16.588,988.92670,C63H118O6,TG,LFNKTHQVISHFRX-UHFFFAOYSA-N,O=C(OCC(OC(=O)CCCCCCCCCCCCC)COC(=O)CCCCCCCCCCCCCCCCCCCCCCCCCC=CCC=CCCCCCCC)CCCCCCC,530,False,True,False,Normalized unit: Intensity; Annotation method: Msp20260116160945_NCDK_conventional_converted_dev_1,False,False,261,0,0.00,1.00,null,null,null,-1.00,-1.00,-0.144,3030.25,P Holpie Rt Mix 4p4 2Xd 2_GC1_01_66376,988.92615:333334 989.93082:230880 990.93548:81234,null,1616998,1577695,1566480,1584067,1586309.96932813,21711.967476181
262,1.553,1019.63214,Unknown,[2M+H]+,null,1.00,False,null,null,null,null,null,null,999,False,False,False,Normalized unit: Intensity,False,False,262,0,0.00,null,null,null,null,null,null,null,1117.62,P Holpie Rt Mix 4p4 2Xd 2_GC1_01_66376,1019.63214:172432 1020.63681:89528 1021.64148:27806,null,429744,463252,398312,443339,433661.8971875,27289.7748378002
263,19.635,1019.95215,Unknown,[M+H]+,null,0.50,False,null,null,null,null,null,null,999,False,False,False,Normalized unit: Intensity,False,False,263,0,0.00,null,null,null,null,null,null,null,2221.71,P Holpie Rt Mix 4p4 2Xd 4_GC1_01_66378,1019.95215:193378 1020.95682:153716 1021.96148:54956,null,874268,931652,963369,992001,940322.868312496,50465.1469823702
264,17.504,1054.29956,no MS2: RIKEN P-VS1 ID-18069 from Mouse_Macrophage_WT_N_F1,[M+H]+,null,1.00,False,13.270,1054.29419,null,Unknown,null,null,530,False,True,False,Normalized unit: Intensity; Annotation method: Msp20260116160945_NCDK_conventional_converted_dev_1,False,False,264,0,0.00,0.99,null,null,null,-1.00,-1.00,-0.132,1129.13,P Holpie Rt Mix 4p4 2Xd 4_GC1_01_66378,1054.29553:130242 1055.30020:128930 1056.30487:121424,null,798046,823356,810258,799146,807701.385140626,11804.5384439923
265,20.710,1092.93042,no MS2: Cer 73:13;O4|Cer 13:1;O2/60:12;O2,[M+H]+,null,1.00,False,14.614,1092.93176,C73H121NO5,Cer_EOS,QOJFQIUXNLEGRY-UHFFFAOYSA-N,O=C(OCCC=CCC=CCC=CCC=CCC=CCCCCCCCCCCCCCCCCCCCCCC(=O)NC(CO)C(O)C=CCCCCCCCC)CCC=CCC=CCC=CCC=CCC=CCC=CCC,530,False,True,False,Normalized unit: Intensity; Annotation method: Msp20260116160945_NCDK_conventional_converted_dev_1,False,False,265,0,0.00,1.00,null,null,null,-1.00,-1.00,-0.143,588.49,P Holpie Rt Mix 4p4 2Xd 4_GC1_01_66378,1092.93140:73344 1093.93606:59984 1094.94073:23920,null,414254,443251,399142,406765,415852.759406249,19279.0961187478
266,13.890,1098.94250,no MS2: TG 69:10|TG 8:0_23:0_38:10,[M+NH4]+,null,1.00,False,15.238,1098.94226,C72H120O6,TG,KBZOGIQOHDZDRU-UHFFFAOYSA-N,O=C(OCC(OC(=O)CCCCCCCCCCCCCCCCCCCCCC)COC(=O)CCCCCCC)CCCCCCC=CCC=CCC=CCC=CCC=CCC=CCC=CCC=CCC=CCC=CCC,530,False,True,False,Normalized unit: Intensity; Annotation method: Msp20260116160945_NCDK_conventional_converted_dev_1,False,False,266,0,0.00,1.00,null,null,null,-1.00,-1.00,-0.143,722.49,P Holpie Rt Mix 4p4 2Xd 2_GC1_01_66376,1098.94250:83816 1099.94717:62564 1100.95184:26802,null,448266,491761,409792,410929,440187.010421875,38751.7125102815
267,13.890,1103.89795,no MS2: TG 69:10|TG 8:0_23:0_38:10,[M+Na]+,null,1.00,False,15.238,1103.89771,C72H120O6,TG,KBZOGIQOHDZDRU-UHFFFAOYSA-N,O=C(OCC(OC(=O)CCCCCCCCCCCCCCCCCCCCCC)COC(=O)CCCCCCC)CCCCCCC=CCC=CCC=CCC=CCC=CCC=CCC=CCC=CCC=CCC=CCC,530,False,True,False,Normalized unit: Intensity; Annotation method: Msp20260116160945_NCDK_conventional_converted_dev_1,False,False,267,0,0.00,1.00,null,null,null,-1.00,-1.00,-0.143,1999.61,P Holpie Rt Mix 4p4 2Xd 2_GC1_01_66376,1103.89795:276572 1104.90262:222562 1105.90728:82184,null,1922406,2097298,1907297,1849917,1944229.84551562,106716.288116992
268,17.955,1128.31836,no MS2: RIKEN P-VS1 ID-18454 from Mouse_Macrophage_WT_N_F1DHA,[M+H]+,null,1.00,False,13.400,1128.31299,null,Unknown,null,null,530,False,True,False,Normalized unit: Intensity; Annotation method: Msp20260116160945_NCDK_conventional_converted_dev_1,False,False,268,0,0.00,0.99,null,null,null,-1.00,-1.00,-0.132,685.06,P Holpie Rt Mix 4p4 2Xd 4_GC1_01_66378,1128.31445:98694 1129.31912:106028 1130.32379:105792,null,548319,540250,549433,518034,539009.210203123,14569.5856848596
269,18.354,1202.33813,no MS2: RIKEN P-VS1 ID-18892 from Mouse_Macrophage_WT_N_F1AA,[M+H]+,null,1.00,False,13.540,1202.34021,null,Unknown,null,null,530,False,True,False,Normalized unit: Intensity; Annotation method: Msp20260116160945_NCDK_conventional_converted_dev_1,False,False,269,0,0.00,0.99,null,null,null,-1.00,-1.00,-0.135,579.47,P Holpie Rt Mix 4p4 2Xd 1_GC1_01_66375,1202.33813:84900 1203.34280:103004 1204.34747:105458,null,415409,394101,390136,381403,395262.098374999,14440.4745252268
270,15.964,1211.10974,no MS2: RIKEN P-VS1 ID-18979 from Mouse_Macrophage_WT_N_F1AA,[M+H]+,null,1.00,False,12.900,1211.11206,null,Unknown,null,null,530,False,True,False,Normalized unit: Intensity; Annotation method: Msp20260116160945_NCDK_conventional_converted_dev_1,False,False,270,0,0.00,1.00,null,null,null,-1.00,-1.00,-0.129,35237.92,P Holpie Rt Mix 4p4 2Xd 3_GC1_01_66377,1211.11279:3194910 1212.11746:2596858 1213.12213:1053362,null,11809570,12309174,11036636,10702528,11464476.9469688,729432.726549895
271,15.961,1211.94971,no MS2: SM 71:14;O3|SM 49:7;O2(FA 22:6),[M+H]+,null,0.50,False,13.932,1211.94543,C76H127N2O7P,ASM,AWRUKNQKRGFDGL-UHFFFAOYSA-N,O=C(OC(C=CCCCCCCCC)C(NC(=O)CCCCCCCCCCCCCCCCC=CCC=CCC=CCC=CCC=CCC=CCC)COP(=O)([O-])OCC[N+](C)(C)C)CCC=CCC=CCC=CCC=CCC=CCC=CCC,530,False,True,False,Normalized unit: Intensity; Annotation method: Msp20260116160945_NCDK_conventional_converted_dev_1,False,False,271,0,0.00,0.94,null,null,null,-1.00,-1.00,-0.173,584.52,P Holpie Rt Mix 4p4 2Xd 2_GC1_01_66376,1211.94971:97974 1212.95437:65048 1213.95904:4800,null,256166,261189,197073,188542,225742.675921876,38244.2405489416
272,15.964,1216.06482,no MS2: RIKEN P-VS1 ID-19012 from Mouse_Macrophage_WT_N_F1AA,[M+H]+,null,1.00,False,12.890,1216.06641,null,Unknown,null,null,530,False,True,False,Normalized unit: Intensity; Annotation method: Msp20260116160945_NCDK_conventional_converted_dev_1,False,False,272,0,0.00,0.99,null,null,null,-1.00,-1.00,-0.132,14036.57,P Holpie Rt Mix 4p4 2Xd 4_GC1_01_66378,1216.06494:1489472 1217.06961:1252068 1218.07428:526088,null,9561981,9741703,8970475,8789628,9265946.83337503,457588.955718307
273,15.972,1232.03833,Unknown,[M+H]+,null,1.00,False,null,null,null,null,null,null,999,False,False,False,Normalized unit: Intensity,False,False,273,0,0.00,null,null,null,null,null,null,null,1201.93,P Holpie Rt Mix 4p4 2Xd 2_GC1_01_66376,1232.03833:149056 1233.04300:115028 1234.04767:54534,null,898677,948101,857716,836043,885134.296578128,49362.6074304316
274,16.766,1267.17224,no MS2: Cer 85:10;O4|Cer 19:3;O2/66:7;O2,[M+H]+,null,1.00,False,16.452,1267.16650,C85H151NO5,Cer_EOS,WYIBOKAUWGAEDN-UHFFFAOYSA-N,O=C(OCCC=CCC=CCC=CCC=CCC=CCC=CCCCCCCCCCCCCCCCCCCC(=O)NC(CO)C(O)C=CCCC=CCCC=CCCCCCC)CCCCCCCCCCCCCCCCCCCCCCCCCCC,530,False,True,False,Normalized unit: Intensity; Annotation method: Msp20260116160945_NCDK_conventional_converted_dev_1,False,False,274,0,0.00,0.92,null,null,null,-1.00,-1.00,-0.184,26473.47,P Holpie Rt Mix 4p4 2Xd 4_GC1_01_66378,1267.17175:3073208 1268.17642:2562224 1269.18109:1099738,null,12603622,13199220,11771138,11539766,12278436.7695781,765195.70561008
275,16.766,1272.12720,no MS2: SM 74:5;O3|SM 46:4;O2(FA 28:0),[M+H]+,null,1.00,False,15.301,1272.13318,C79H151N2O7P,ASM,SOFNHZHFBRUQAX-UHFFFAOYSA-N,O=C(OC(C=CCCCCCCC)C(NC(=O)CCCCCCCCCCCCCCCCCCC=CCC=CCC=CCCCCCCC)COP(=O)([O-])OCC[N+](C)(C)C)CCCCCCCCCCCCCCCCCCCCCCCCCCC,530,False,True,False,Normalized unit: Intensity; Annotation method: Msp20260116160945_NCDK_conventional_converted_dev_1,False,False,275,0,0.00,1.00,null,null,null,-1.00,-1.00,-0.144,9038.52,P Holpie Rt Mix 4p4 2Xd 1_GC1_01_66375,1272.13220:1190020 1273.13687:1035490 1274.14154:465462,null,7240727,7618143,7049529,6682196,7147648.73896873,390000.755098959
276,18.714,1277.35669,Unknown,[M+H]+,null,1.00,False,null,null,null,null,null,null,999,False,False,False,Normalized unit: Intensity,False,False,276,0,0.00,null,null,null,null,null,null,null,856.80,P Holpie Rt Mix 4p4 2Xd 1_GC1_01_66375,1277.35669:82358 1278.36136:86460 1279.36602:0,null,377472,368921,346386,343032,358952.856093748,16869.2779399042
277,16.770,1288.10107,Unknown,[M+H]+,null,1.00,False,null,null,null,null,null,null,999,False,False,False,Normalized unit: Intensity,False,False,277,0,0.00,null,null,null,null,null,null,null,1192.49,P Holpie Rt Mix 4p4 2Xd 2_GC1_01_66376,1288.10107:112780 1289.10574:103048 1290.11041:46908,null,672432,685710,656009,626404,660138.507562498,25561.0188567403
278,19.670,1293.21814,no MS2: Cer 88:9;O4|Cer 22:2;O2/66:7;O2,[M+H-H2O]+,null,0.75,False,16.498,1293.21851,C88H159NO5,Cer_EOS,LKZDSMPBAUYSDE-UHFFFAOYSA-N,O=C(OCCC=CCC=CCC=CCC=CCC=CCC=CCCCCCCCCCCCCCCCCCCC(=O)NC(CO)C(O)C=CCCC=CCCCCCCCCCCCCC)CCCCCCCCCCCCCCCCCCCCCCCCCCC,530,False,True,False,Normalized unit: Intensity; Annotation method: Msp20260116160945_NCDK_conventional_converted_dev_1,False,False,278,0,0.00,1.00,null,null,null,-1.00,-1.00,-0.143,1619.58,P Holpie Rt Mix 4p4 2Xd 2_GC1_01_66376,1293.21814:150102 1294.22281:140450 1295.22748:65482,null,593596,582864,569543,560058,576515.240828124,14736.7344320093
279,19.122,1298.17639,Unknown,[M+H]+,null,1.00,False,null,null,null,null,null,null,999,False,False,False,Normalized unit: Intensity,False,False,279,0,0.00,null,null,null,null,null,null,null,884.72,P Holpie Rt Mix 4p4 2Xd 2_GC1_01_66376,1298.17639:99758 1299.18106:100532 1300.18573:44746,null,411212,410794,389654,366095,394438.844859373,21409.5585056327
280,19.635,1302.20837,Unknown,[M+H]+,null,0.50,False,null,null,null,null,null,null,999,False,False,False,Normalized unit: Intensity,False,False,280,0,0.00,null,null,null,null,null,null,null,8509.11,P Holpie Rt Mix 4p4 2Xd 2_GC1_01_66376,1302.20837:546582 1303.21304:533870 1304.21771:269360,null,2817834,2873035,2816385,2839210,2836616.17521874,26426.512507649
281,16.731,1305.16638,no MS2: AHexCer 78:5;O2|AHexCer (O-28:0)12:1;O2/38:4,[M+H-H2O]+,null,1.00,False,15.242,1305.16687,C84H155NO9,AHexCer,KUPXXKIOTOXFBH-UHFFFAOYSA-N,O=C(OCC1OC(OCC(NC(=O)CCCCCCCCCCCCCCCCCCCCCCCCC=CCC=CCC=CCC=CCC)C(O)C=CCCCCCCC)C(O)C(O)C1O)CCCCCCCCCCCCCCCCCCCCCCCCCCC,530,False,True,False,Normalized unit: Intensity; Annotation method: Msp20260116160945_NCDK_conventional_converted_dev_1,False,False,281,0,0.00,1.00,null,null,null,-1.00,-1.00,-0.143,1982.98,P Holpie Rt Mix 4p4 2Xd 2_GC1_01_66376,1305.16638:316284 1306.17105:287990 1307.17572:144460,null,1268383,1296059,1129306,1117178,1202731.38010937,92611.8416622165
282,16.701,1310.12183,Unknown,[M+H]+,null,1.00,False,null,null,null,null,null,null,999,False,False,False,Normalized unit: Intensity,False,False,282,0,0.00,null,null,null,null,null,null,null,1641.97,P Holpie Rt Mix 4p4 2Xd 2_GC1_01_66376,1310.12183:171028 1311.12649:163336 1312.13116:78632,null,797753,818446,760201,731742,777035.431468748,38638.9477552302
283,19.126,1315.20215,no MS2: RIKEN P-VS1 ID-19445 from Mouse_AdrenalGlands_fads2KO_N_Ctr,[M+H]+,null,1.00,False,14.420,1315.20972,null,Unknown,null,null,530,False,True,False,Normalized unit: Intensity; Annotation method: Msp20260116160945_NCDK_conventional_converted_dev_1,False,False,283,0,0.00,0.97,null,null,null,-1.00,-1.00,-0.142,78323.65,P Holpie Rt Mix 4p4 2Xd 1_GC1_01_66375,1315.20642:9232272 1316.21109:9125022 1317.21576:4421166,null,37787029,38411001,35453836,34066513,36429594.707953,2025245.5855335
284,19.122,1315.39954,Unknown,[M+H]+,null,1.00,False,null,null,null,null,null,null,999,False,False,False,Normalized unit: Intensity,False,False,284,0,0.00,null,null,null,null,null,null,null,1563.27,P Holpie Rt Mix 4p4 2Xd 2_GC1_01_66376,1315.39954:170324 1316.40420:135182 1317.40887:34908,null,633065,626583,585579,539896,596280.528078123,43069.752630919
285,19.121,1315.56165,Unknown,[M+2H]2+,null,0.50,False,null,null,null,null,null,null,999,False,False,False,Normalized unit: Intensity,False,False,285,0,0.00,null,null,null,null,null,null,null,1604.17,P Holpie Rt Mix 4p4 2Xd 1_GC1_01_66375,1315.56165:179000 1316.56631:162306 1317.57098:80440,null,696292,600454,642445,538583,619443.580374997,66667.5964815233
286,13.005,1317.03503,no MS2: AHexCer 79:14;O3|AHexCer (O-22:6)19:2;O2/38:6;O,[M+H-H2O]+,null,1.00,False,14.736,1317.03662,C85H139NO10,AHexCer,PTADECLJSRLKEM-UHFFFAOYSA-N,O=C(OCC1OC(OCC(NC(=O)C(O)CCCCCCCCCCCCCCCCCC=CCC=CCC=CCC=CCC=CCC=CCC)C(O)C=CCCC=CCCCCCCCCCC)C(O)C(O)C1O)CCC=CCC=CCC=CCC=CCC=CCC=CCC,530,False,True,False,Normalized unit: Intensity; Annotation method: Msp20260116160945_NCDK_conventional_converted_dev_1,False,False,286,0,0.00,1.00,null,null,null,-1.00,-1.00,-0.143,626.09,P Holpie Rt Mix 4p4 2Xd 1_GC1_01_66375,1317.03601:105176 1318.04068:88082 1319.04535:38710,null,352589,377747,305064,302076,334368.901078124,37036.9928250531
287,19.122,1318.08484,Unknown,[M+H]+,null,1.00,False,null,null,null,null,null,null,999,False,False,False,Normalized unit: Intensity,False,False,287,0,0.00,null,null,null,null,null,null,null,623.02,P Holpie Rt Mix 4p4 2Xd 2_GC1_01_66376,1318.08484:110008 1319.08951:4590 1320.09417:0,null,334599,350401,317988,287119,322526.849796874,27061.4877838006
288,19.633,1319.23730,no MS2: RIKEN P-VS1 ID-19454 from Mouse_AdrenalGlands_fads2KO_N_Ctr,[M+H]+,null,0.50,False,14.750,1319.23706,null,Unknown,null,null,530,False,True,False,Normalized unit: Intensity; Annotation method: Msp20260116160945_NCDK_conventional_converted_dev_1,False,False,288,0,0.00,1.00,null,null,null,-1.00,-1.00,-0.129,169390.70,P Holpie Rt Mix 4p4 2Xd 1_GC1_01_66375,1319.23730:13407950 1320.24197:13407292 1321.24664:6871288,null,73293810,73353867,71311349,70438837,72099465.7619684,1458171.98632826
289,19.636,1319.43103,Unknown,[M+H]+,null,0.75,False,null,null,null,null,null,null,999,False,False,False,Normalized unit: Intensity,False,False,289,0,0.00,null,null,null,null,null,null,null,2536.35,P Holpie Rt Mix 4p4 2Xd 1_GC1_01_66375,1319.43103:262988 1320.43570:186790 1321.44037:83990,null,1368233,1293195,1282374,1174214,1279504.21128124,79905.0889698412
290,19.633,1319.59399,Unknown,[M+2H]2+,null,0.50,False,null,null,null,null,null,null,999,False,False,False,Normalized unit: Intensity,False,False,290,0,0.00,null,null,null,null,null,null,null,3886.08,P Holpie Rt Mix 4p4 2Xd 1_GC1_01_66375,1319.59399:242596 1320.59866:223424 1321.60333:133062,null,1311727,1266131,1241705,1078780,1224585.87189062,101442.804911689
291,19.633,1320.24072,Unknown,[M+2H]2+,null,0.50,False,null,null,null,null,null,null,999,False,False,False,Normalized unit: Intensity,False,False,291,0,0.00,null,null,null,null,null,null,null,146199.50,P Holpie Rt Mix 4p4 2Xd 1_GC1_01_66375,1320.24072:13407292 1321.24539:6871288 1322.25006:2180454,null,73152868,72780573,70929184,70242488,71776278.2354997,1411109.49415856
292,19.635,1321.24084,Unknown,[M+H]+,null,0.50,False,null,null,null,null,null,null,999,False,False,False,Normalized unit: Intensity,False,False,292,0,0.00,null,null,null,null,null,null,null,67757.65,P Holpie Rt Mix 4p4 2Xd 2_GC1_01_66376,1321.24084:6616802 1322.24551:2075530 1323.25018:498828,null,35193487,35518251,34475876,34336302,34880979.0646248,567026.670754326
293,19.131,1342.21558,no MS2: SM 79:5;O3|SM 51:4;O2(FA 28:0),[M+H]+,null,1.00,False,15.078,1342.21143,C84H161N2O7P,ASM,UPKUNKQPMFRKKU-UHFFFAOYSA-N,O=C(OC(C=CCCCCCCCC)C(NC(=O)CCCCCCCCCCCCCCCCCCCCCCC=CCC=CCC=CCCCCCCC)COP(=O)([O-])OCC[N+](C)(C)C)CCCCCCCCCCCCCCCCCCCCCCCCCCC,530,False,True,False,Normalized unit: Intensity; Annotation method: Msp20260116160945_NCDK_conventional_converted_dev_1,False,False,293,0,0.00,1.00,null,null,null,-1.00,-1.00,-0.143,1027.44,P Holpie Rt Mix 4p4 2Xd 2_GC1_01_66376,1342.21143:79476 1343.21609:82664 1344.22076:39270,null,576338,538068,516198,489378,529995.946218748,36755.6821045489
294,16.684,1343.16052,no MS2: TG 87:14|TG 11:0_38:4_38:10,[M+NH4]+,null,1.00,False,16.512,1343.16138,C90H148O6,TG,COAQZOPVCDDPOU-UHFFFAOYSA-N,O=C(OCC(OC(=O)CCCCCCCCCCCCCCCCCCCCCCCCC=CCC=CCC=CCC=CCC)COC(=O)CCCCCCCCCC)CCCCCCC=CCC=CCC=CCC=CCC=CCC=CCC=CCC=CCC=CCC=CCC,530,False,True,False,Normalized unit: Intensity; Annotation method: Msp20260116160945_NCDK_conventional_converted_dev_1,False,False,294,0,0.00,1.00,null,null,null,-1.00,-1.00,-0.144,769.93,P Holpie Rt Mix 4p4 2Xd 2_GC1_01_66376,1343.16052:90982 1344.16519:91064 1345.16986:45806,null,612525,636857,556043,551895,589330.145343749,42056.5065773388
295,19.633,1346.24756,no MS2: SM 79:3;O3|SM 51:2;O2(FA 28:0),[M+H]+,null,0.50,False,15.253,1346.24268,C84H165N2O7P,ASM,XBKXDKSQMPEXLM-UHFFFAOYSA-N,O=C(OC(C=CCCCCCCCC)C(NC(=O)CCCCCCCCCCCCCCCCCCCCCCCCCC=CCCCCCCCCCC)COP(=O)([O-])OCC[N+](C)(C)C)CCCCCCCCCCCCCCCCCCCCCCCCCCC,530,False,True,False,Normalized unit: Intensity; Annotation method: Msp20260116160945_NCDK_conventional_converted_dev_1,False,False,295,0,0.00,0.99,null,null,null,-1.00,-1.00,-0.150,1206.14,P Holpie Rt Mix 4p4 2Xd 1_GC1_01_66375,1346.24500:88016 1347.24966:95062 1348.25433:43814,null,880771,875611,865875,797456,854928.139843748,38809.4508488026
296,16.649,1348.11523,no MS2: TG 87:14|TG 11:0_38:4_38:10,[M+Na]+,null,1.00,False,16.512,1348.11682,C90H148O6,TG,COAQZOPVCDDPOU-UHFFFAOYSA-N,O=C(OCC(OC(=O)CCCCCCCCCCCCCCCCCCCCCCCCC=CCC=CCC=CCC=CCC)COC(=O)CCCCCCCCCC)CCCCCCC=CCC=CCC=CCC=CCC=CCC=CCC=CCC=CCC=CCC=CCC,530,False,True,False,Normalized unit: Intensity; Annotation method: Msp20260116160945_NCDK_conventional_converted_dev_1,False,False,296,0,0.00,0.99,null,null,null,-1.00,-1.00,-0.146,842.86,P Holpie Rt Mix 4p4 2Xd 3_GC1_01_66377,1348.11841:115842 1349.12308:108072 1350.12774:57970,null,500609,509986,468338,446297,481307.508,29376.3413872792
297,19.028,1352.37415,no MS2: RIKEN P-VS1 ID-19584 from Mouse_Kidney_WT_N_Ctr,[M+H]+,null,0.25,False,13.790,1352.38623,null,Unknown,null,null,530,False,True,False,Normalized unit: Intensity; Annotation method: Msp20260116160945_NCDK_conventional_converted_dev_1,False,False,297,0,0.00,0.67,null,null,null,-1.00,-1.00,-0.277,646.30,P Holpie Rt Mix 4p4 2Xd 1_GC1_01_66375,1352.37415:79566 1353.37881:58220 1354.38348:0,null,352856,326254,306817,300104,321507.563859377,23658.4253783432
298,18.341,1359.17542,no MS2: RIKEN P-VS1 ID-19602 from Mouse_AdrenalGlands_WT_N_Ctr,[M+H]+,null,1.00,False,14.050,1359.17676,null,Unknown,null,null,530,False,True,False,Normalized unit: Intensity; Annotation method: Msp20260116160945_NCDK_conventional_converted_dev_1,False,False,298,0,0.00,1.00,null,null,null,-1.00,-1.00,-0.131,31790.16,P Holpie Rt Mix 4p4 2Xd 1_GC1_01_66375,1359.17542:4038524 1360.18008:4097590 1361.18475:2023954,null,16248904,15832174,14447189,14591998,15280066.3561094,896398.674693973
299,18.334,1359.53162,Unknown,[M+2H]2+,null,0.25,False,null,null,null,null,null,null,999,False,False,False,Normalized unit: Intensity,False,False,299,0,0.00,null,null,null,null,null,null,null,680.93,P Holpie Rt Mix 4p4 2Xd 1_GC1_01_66375,1359.53162:92216 1360.53628:97222 1361.54095:20106,null,276823,259274,219991,163079,229791.58659375,50424.0541508859
300,19.633,1361.28088,no MS2: AHexCer 80:0;O2|AHexCer (O-28:0)14:0;O2/38:0,[M+H]+,null,0.50,False,14.857,1361.28699,C86H169NO9,AHexCer,UAWAIFGYBVGJAF-UHFFFAOYSA-N,O=C(OCC1OC(OCC(NC(=O)CCCCCCCCCCCCCCCCCCCCCCCCCCCCCCCCCCCCC)C(O)CCCCCCCCCCC)C(O)C(O)C1O)CCCCCCCCCCCCCCCCCCCCCCCCCCC,530,False,True,False,Normalized unit: Intensity; Annotation method: Msp20260116160945_NCDK_conventional_converted_dev_1,False,False,300,0,0.00,0.97,null,null,null,-1.00,-1.00,-0.158,4077.87,P Holpie Rt Mix 4p4 2Xd 3_GC1_01_66377,1361.28357:275396 1362.28824:293294 1363.29290:139136,null,2424136,2312693,2242486,2176758,2289018.27342187,105806.410132744
301,19.122,1371.26770,no MS2: RIKEN P-VS1 ID-19662 from Mouse_AdrenalGlands_fads2KO_N_Ctr,[M+H]+,null,0.75,False,14.820,1371.26733,null,Unknown,null,null,530,False,True,False,Normalized unit: Intensity; Annotation method: Msp20260116160945_NCDK_conventional_converted_dev_1,False,False,301,0,0.00,1.00,null,null,null,-1.00,-1.00,-0.129,874.09,P Holpie Rt Mix 4p4 2Xd 3_GC1_01_66377,1371.26758:61968 1372.27225:62852 1373.27691:30336,null,390025,380512,351466,334775,364194.809312499,25566.8418065319
302,19.641,1375.29688,no MS2: RIKEN P-VS1 ID-19677 from Mouse_AdrenalGlands_fads2KO_N_Ctr,[M+H]+,null,0.50,False,15.190,1375.30054,null,Unknown,null,null,530,False,True,False,Normalized unit: Intensity; Annotation method: Msp20260116160945_NCDK_conventional_converted_dev_1,False,False,302,0,0.00,0.99,null,null,null,-1.00,-1.00,-0.131,3833.18,P Holpie Rt Mix 4p4 2Xd 3_GC1_01_66377,1375.29907:256676 1376.30374:259328 1377.30841:130790,null,2176880,2119650,2076962,2003889,2094345.17929687,72885.6748443006
303,16.428,1379.18176,no MS2: TG 87:12;O2|TG 15:0_22:5_22:6;O(FA 28:0),[M+NH4]+,null,1.00,False,16.453,1379.18250,C90H152O8,TG_EST,PSDXNPZRATWHCV-UHFFFAOYSA-N,O=C(OCC(OC(=O)CCCCCC=CCC=CCC=CCC=CCC=CCC)COC(=O)CC(OC(=O)CCCCCCCCCCCCCCCCCCCCCCCCCCC)C=CCC=CCC=CCC=CCC=CCC=CCC)CCCCCCCCCCCCCC,530,False,True,False,Normalized unit: Intensity; Annotation method: Msp20260116160945_NCDK_conventional_converted_dev_1,False,False,303,0,0.00,1.00,null,null,null,-1.00,-1.00,-0.144,4762.38,P Holpie Rt Mix 4p4 2Xd 2_GC1_01_66376,1379.18176:369138 1380.18643:371008 1381.19110:180598,null,2387257,2570049,2203276,2105307,2316472.52732812,205520.295798613
304,18.347,1380.10413,Unknown,[M+H]+,null,0.75,False,null,null,null,null,null,null,999,False,False,False,Normalized unit: Intensity,False,False,304,0,0.00,null,null,null,null,null,null,null,624.57,P Holpie Rt Mix 4p4 2Xd 1_GC1_01_66375,1380.10413:53806 1381.10879:56980 1382.11346:29078,null,563988,542328,513159,511417,532723.122906249,25208.6658527328
305,15.356,1384.13550,Unknown,[M+H]+,null,1.00,False,null,null,null,null,null,null,999,False,False,False,Normalized unit: Intensity,False,False,305,0,0.00,null,null,null,null,null,null,null,754.53,P Holpie Rt Mix 4p4 2Xd 2_GC1_01_66376,1384.13550:121418 1385.14017:112156 1386.14483:51984,null,661093,691854,599240,582165,633587.852671874,51561.0211662831
306,16.423,1384.13696,Unknown,[M+H]+,null,1.00,False,null,null,null,null,null,null,999,False,False,False,Normalized unit: Intensity,False,False,306,0,0.00,null,null,null,null,null,null,null,3458.77,P Holpie Rt Mix 4p4 2Xd 2_GC1_01_66376,1384.13696:467648 1385.14163:460970 1386.14630:228510,null,3417790,3593373,3172328,3129226,3328179.41343749,217738.021852254
307,21.283,1393.16211,Unknown,[M+H]+,null,1.00,False,null,null,null,null,null,null,999,False,False,False,Normalized unit: Intensity,False,False,307,0,0.00,null,null,null,null,null,null,null,1023.00,P Holpie Rt Mix 4p4 2Xd 1_GC1_01_66375,1393.16211:111092 1394.16678:116000 1395.17144:88238,null,949372,929749,866293,804416,887457.545687498,65741.4534377094
308,16.428,1400.11121,Unknown,[M+H]+,null,1.00,False,null,null,null,null,null,null,999,False,False,False,Normalized unit: Intensity,False,False,308,0,0.00,null,null,null,null,null,null,null,932.74,P Holpie Rt Mix 4p4 2Xd 1_GC1_01_66375,1400.11487:96130 1401.11954:95038 1402.12420:51334,null,870157,911118,822456,814876,854651.925546873,44898.0062917514
309,16.432,1406.19250,Unknown,[M+H]+,null,1.00,False,null,null,null,null,null,null,999,False,False,False,Normalized unit: Intensity,False,False,309,0,0.00,null,null,null,null,null,null,null,1013.25,P Holpie Rt Mix 4p4 2Xd 2_GC1_01_66376,1406.19250:121388 1407.19717:121750 1408.20184:58094,null,912169,951195,847076,838901,887335.198546873,53732.1921481791
310,20.761,1411.16895,no MS2: PI 74:3,[M+NH4]+,null,0.50,False,13.873,1411.17004,C83H157O13P,PI,XLIPBZFRWVDBRT-UHFFFAOYSA-N,O=C(OCC(OC(=O)CCCCCCCCCCCCCCCCCCCCCCC=CCC=CCC=CCCCCCCC)COP(=O)(O)OC1C(O)C(O)C(O)C(O)C1O)CCCCCCCCCCCCCCCCCCCCCCCCCCCCCCCCCCC,530,False,True,False,Normalized unit: Intensity; Annotation method: Msp20260116160945_NCDK_conventional_converted_dev_1,False,False,310,0,0.00,1.00,null,null,null,-1.00,-1.00,-0.144,1016.56,P Holpie Rt Mix 4p4 2Xd 2_GC1_01_66376,1411.16895:93552 1412.17361:78264 1413.17828:37140,null,1513964,1541033,1394517,1278994,1432126.9063125,120307.945626558
311,21.127,1411.17334,no MS2: PI 74:3,[M+NH4]+,null,1.00,False,13.873,1411.17004,C83H157O13P,PI,XLIPBZFRWVDBRT-UHFFFAOYSA-N,O=C(OCC(OC(=O)CCCCCCCCCCCCCCCCCCCCCCC=CCC=CCC=CCCCCCCC)COP(=O)(O)OC1C(O)C(O)C(O)C(O)C1O)CCCCCCCCCCCCCCCCCCCCCCCCCCCCCCCCCCC,530,False,True,False,Normalized unit: Intensity; Annotation method: Msp20260116160945_NCDK_conventional_converted_dev_1,False,False,311,0,0.00,1.00,null,null,null,-1.00,-1.00,-0.143,3849.54,P Holpie Rt Mix 4p4 2Xd 4_GC1_01_66378,1411.17004:308738 1412.17471:300226 1413.17938:156898,null,3581902,3573686,3331293,3108596,3398869.00984375,225748.458452765
312,16.441,1421.22583,no MS2: TG 90:12;O2|TG 18:0_22:5_22:6;O(FA 28:0),[M+NH4]+,null,1.00,False,16.616,1421.22949,C93H158O8,TG_EST,AQEIIQYLLZGQRP-UHFFFAOYSA-N,O=C(OCC(OC(=O)CCCCCC=CCC=CCC=CCC=CCC=CCC)COC(=O)CC(OC(=O)CCCCCCCCCCCCCCCCCCCCCCCCCCC)C=CCC=CCC=CCC=CCC=CCC=CCC)CCCCCCCCCCCCCCCCC,530,False,True,False,Normalized unit: Intensity; Annotation method: Msp20260116160945_NCDK_conventional_converted_dev_1,False,False,312,0,0.00,1.00,null,null,null,-1.00,-1.00,-0.143,1523.79,P Holpie Rt Mix 4p4 2Xd 1_GC1_01_66375,1421.22925:151216 1422.23392:147836 1423.23858:72748,null,1046647,1105044,956353,898929,1001743.3855625,91866.3411230243
313,20.649,1427.16467,Unknown,[M+H]+,null,1.00,False,null,null,null,null,null,null,999,False,False,False,Normalized unit: Intensity,False,False,313,0,0.00,null,null,null,null,null,null,null,1350.80,P Holpie Rt Mix 4p4 2Xd 2_GC1_01_66376,1427.16467:113218 1428.16934:104872 1429.17401:51092,null,1497032,1628134,1462364,1231823,1454838.19271875,164928.21844264
314,16.432,1435.24377,no MS2: PC 81:4,[M+Na]+,null,1.00,False,15.669,1435.25562,C89H170NO8P,PC,MVVGNVWXBDXIOD-UHFFFAOYSA-N,O=C(OCC(OC(=O)CCCCCCCCCCCCCCCCCCCCCCCCCCCCCCC=CCC=CCC=CCC=CCC)COP(=O)([O-])OCC[N+](C)(C)C)CCCCCCCCCCCCCCCCCCCCCCCCCCCCCCCCCCCC,530,False,True,False,Normalized unit: Intensity; Annotation method: Msp20260116160945_NCDK_conventional_converted_dev_1,False,False,314,0,0.00,0.85,null,null,null,-1.00,-1.00,-0.216,1796.53,P Holpie Rt Mix 4p4 2Xd 1_GC1_01_66375,1435.24756:125372 1436.25223:125876 1437.25689:65550,null,968482,1020873,898931,844852,933284.481374998,77268.1185529493
315,20.067,1443.15894,Unknown,[M+H]+,null,0.75,False,null,null,null,null,null,null,999,False,False,False,Normalized unit: Intensity,False,False,315,0,0.00,null,null,null,null,null,null,null,1269.90,P Holpie Rt Mix 4p4 2Xd 2_GC1_01_66376,1443.15894:132708 1444.16360:129288 1445.16827:75352,null,1159765,1032874,1010876,898526,1025510.07032813,107110.274665785
