m/z	RT
758.5694	7.394
765.6162	8.434
666.6185	18.037
786.601	8.762
782.5693	7.149
496.3394	2.001
759.5718	7.394
874.7858	17.791
760.5857	8.407
766.6191	8.434
876.8014	18.092
723.5697	8.762
667.6214	18.037
787.6038	8.762
617.5874	11.125
524.3707	2.605
541.5382	8.216
783.5718	7.149
855.8168	18.092
671.6525	18.393
369.3515	18.037
703.5748	6.876
810.601	8.543
875.7885	17.791
372.37	18.393
784.5852	7.75
877.8046	18.092
872.7701	17.464
362.3309	2.849
859.606	6.383
1316.2067	18.037
1315.2038	18.037
527.3862	2.114
761.5889	8.407
771.5901	6.63
848.7702	17.737
391.284	3.598
856.8202	18.092
523.5276	8.216
1325.2704	18.393
724.5729	8.762
902.817	18.147
497.3424	2.001
690.6184	17.819
850.7862	18.092
784.5851	7.53
806.5689	6.821
1082.0696	8.243
900.8012	17.846
873.7729	17.464
760.5748	7.394
672.656	18.393
618.5905	11.125
811.604	8.543
369.3517	18.393
379.3574	2.849
485.3394	2.191
704.5774	6.875
1326.2747	18.393
542.5413	8.216
785.5881	7.75
522.3554	2.111
1317.2099	18.037
860.6085	6.383
849.7733	17.737
846.7544	17.382
1083.0726	8.243
812.617	9.118
788.6168	9.832
903.82	18.147
767.6221	8.434
1324.2637	18.393
525.3736	2.605
344.3204	2.849
901.804	17.846
788.6069	8.762
782.569	6.52
372.37	7.067
338.3417	4.369
668.6249	18.037
1323.2573	18.393
851.7895	18.092
898.7856	17.491
822.7547	17.71
668.6345	18.42
784.5747	7.149
1322.2533	18.393
370.3548	18.037
265.2524	2.849
876.7917	17.791
772.5932	6.63
670.6461	18.393
813.6843	11.125
691.6216	17.819
520.3396	1.757
878.8079	18.092
384.3128	2.797
807.572	6.821
764.6107	8.434
785.5883	7.53
373.3736	18.393
371.364	18.393
811.6689	9.888
582.5498	11.098
808.5847	7.286
820.7388	17.354
847.7574	17.382
616.5816	11.125
787.6688	11.207
991.6714	2.001
899.7885	17.491
664.603	17.627
528.3894	2.114
524.531	8.243
242.2841	1.09
1327.2784	18.393
214.0896	23.105
854.811	18.092
834.6008	8.188
813.6199	9.118
363.3342	2.849
731.6066	8.27
680.4806	8.735
669.6382	18.42
789.6198	9.832
823.7579	17.71
663.4541	8.735
762.5919	8.407
582.55	6.63
1446.1326	8.707
857.8235	18.092
1296.2373	18.393
874.776	17.464
647.459	12.838
878.8171	18.393
783.5721	6.52
640.603	17.955
729.5907	7.093
780.5534	6.328
647.4588	12.92
814.6875	11.125
369.3514	15.269
392.2869	3.598
369.3513	15.187
369.3514	17.819
785.6538	9.888
870.7546	17.163
361.325	2.849
1084.0759	8.243
734.5697	8.243
896.77	17.163
1297.2412	18.393
1447.1361	8.735
526.3802	2.111
370.3554	18.393
1318.2136	18.037
725.576	8.762
821.742	17.354
371.3642	7.067
812.607	8.543
369.3511	15.406
812.6721	9.888
687.6474	16.834
809.5881	7.286
373.3742	7.067
367.336	15.406
992.6747	2.001
904.8328	18.42
850.7766	17.737
673.6595	18.393
786.5912	7.75
861.6113	6.383
766.575	7.75
698.6082	15.214
788.6721	11.207
904.8234	18.147
722.5638	8.762
486.3426	2.193
759.6382	9.696
523.3587	2.111
768.5905	7.997
665.6062	17.627
794.7232	17.3
732.554	7.093
902.8076	17.846
969.6712	2.193
705.5805	6.876
701.5597	5.804
879.8206	18.393
619.5938	11.125
835.6041	8.188
806.5691	6.328
380.3609	2.849
1217.1409	11.125
897.7729	17.163
898.7856	17.71
852.7928	18.092
230.2478	1.594
583.5535	11.07
498.3451	2.001
871.7577	17.163
808.5851	7.668
742.575	8.024
1321.2465	18.393
842.5797	6.383
862.7859	17.928
754.564	6.63
214.0896	22.733
774.5646	4.147
1289.1881	17.983
1379.183	15.214
732.61	8.27
582.5498	6.383
906.7761	15.79
1290.1916	17.955
681.484	8.735
761.5779	7.394
537.5354	8.844
815.7001	12.92
1380.1863	15.214
664.4574	8.735
544.3396	1.702
543.5446	8.243
794.6062	8.106
798.5872	3.598
1104.0514	8.27
521.3426	1.757
565.567	10.355
756.5535	6.465
339.3446	4.369
781.6114	8.513
781.5568	6.328
641.6063	17.955
810.6009	8.161
844.739	17.026
773.596	6.63
378.3514	2.849
786.657	9.888
214.0864	23.671
648.4622	12.838
666.6189	22.733
675.6762	4.369
692.625	17.819
648.462	12.92
813.685	11.426
905.8363	18.42
345.3239	2.849
1218.1444	11.125
692.6343	18.147
730.5941	7.093
824.7704	18.092
786.5914	7.53
688.6027	17.409
818.7234	16.944
247.2419	2.849
744.5904	8.216
767.5594	6.958
896.77	17.354
774.5647	4.259
1298.2449	18.393
796.739	17.71
858.6005	6.383
369.3515	17.627
808.5752	6.821
583.5534	6.63
745.6365	2.824
848.7607	17.382
666.6191	23.039
546.3525	2.633
836.6166	8.625
735.573	8.243
801.685	12.007
836.7704	17.901
369.3516	22.733
591.5718	10.988
756.5536	6.301
369.3518	23.039
1448.1392	8.707
758.5612	7.367
1328.282	18.393
900.792	17.491
899.7889	17.71
768.625	8.434
877.795	17.791
526.3764	2.606
1105.0547	8.27
688.6509	16.834
860.7703	17.6
789.6098	8.762
266.2558	2.849
924.8012	17.71
785.5779	7.149
772.5856	8.051
343.3144	2.849
385.3162	2.797
1222.096	11.098
795.7265	17.3
888.8016	17.955
699.6115	15.214
792.7079	16.944
879.811	18.092
810.601	7.887
770.5846	6.63
1295.2301	18.393
714.6184	17.6
863.7893	17.928
767.5783	7.75
1047.7342	2.605
814.6229	9.118
767.5596	7.122
760.6414	9.696
675.544	5.583
587.3863	1.921
304.2998	1.506
824.7613	17.71
907.7793	15.79
769.5938	7.997
722.6082	15.05
790.5594	4.147
680.5976	15.214
484.3334	2.191
807.5724	6.328
970.6746	2.193
774.564	7.394
932.7912	15.872
663.5711	15.214
647.5763	15.406
801.5533	4.533
785.6538	9.696
1320.2391	18.393
1263.1724	17.955
904.7597	15.132
834.7546	17.573
809.5884	7.668
803.5426	3.598
790.6228	9.832
669.6282	18.037
1364.2067	17.819
642.6186	18.393
829.8014	18.037
383.3066	2.849
372.37	16.834
1294.2233	18.42
845.7421	17.026
757.6228	8.489
733.5574	7.093
612.5567	11.125
370.3546	15.187
702.5627	5.804
922.7855	17.382
369.3518	18.859
370.3547	17.819
1293.2196	18.393
1363.2033	17.818
480.3447	2.221
890.8177	18.256
781.6112	8.434
816.7034	12.92
1222.0958	11.18
581.544	11.098
344.3207	11.125
1381.1895	15.214
1264.1757	17.955
852.8017	18.393
743.5783	7.997
666.6191	23.121
784.5752	6.52
799.5906	3.596
795.6096	8.106
1291.195	17.955
518.3212	1.976
897.7733	17.354
890.7811	15.982
819.7263	16.944
843.5832	6.383
318.305	11.125
367.3358	15.187
775.5678	4.147
815.6908	11.125
1223.0997	11.098
510.355	2.275
864.802	18.256
762.6014	9.668
705.5905	7.394
371.358	18.037
370.3546	15.406
755.5675	6.63
645.6187	11.153
1319.2355	18.393
798.5652	4.837
822.7454	17.354
282.279	2.688
925.8048	17.71
671.6528	22.733
811.6044	8.161
814.6881	11.426
744.5539	6.711
808.739	17.573
825.7737	18.065
797.7423	17.71
693.6377	18.147
813.6753	9.888
243.2873	1.09
1085.0792	8.243
258.279	2.109
993.6779	2.003
525.5343	8.243
757.5569	6.465
904.76	15.05
667.6224	22.733
195.0875	0.701
368.3393	15.406
796.6226	9.421
930.7755	15.269
810.5912	7.286
676.6796	4.369
689.606	17.409
837.7739	17.901
780.5511	7.45
858.8269	18.092
686.6416	16.834
837.62	8.625
776.5798	8.513
802.5962	5.141
689.559	6.274
809.6534	8.735
875.7793	17.464
861.7736	17.6
799.6694	10.658
1319.2173	18.037
814.6326	9.996
529.3923	2.114
583.5532	6.383
768.7079	17.3
782.6151	8.513
745.5938	8.216
798.565	4.532
436.3418	3.598
933.7942	15.872
798.5653	4.45
802.688	12.007
889.8053	17.955
622.5426	11.016
482.3604	2.303
780.5509	7.312
671.6535	23.039
372.3703	22.733
812.6166	8.843
682.6134	18.037
636.5568	10.106
645.6187	11.016
746.6068	9.255
1048.7377	2.605
759.5637	7.395
906.8488	18.722
661.5928	8.543
369.3518	7.067
1216.135	11.125
832.5852	6.957
804.551	7.204
566.5701	10.355
374.3768	18.393
880.8239	18.393
538.5389	8.844
766.692	16.834
1022.7183	2.056
372.3706	23.039
772.5857	7.832
725.5565	6.903
786.5918	8.734
816.703	12.818
158.0272	23.105
798.5639	7.148
793.7111	16.944
898.7762	17.163
675.6292	11.098
923.7889	17.382
789.6754	11.207
905.7631	15.132
802.5963	5.251
926.8173	17.955
757.557	6.328
782.569	6.876
689.5595	6.219
400.2869	2.824
600.561	11.125
610.541	9.942
768.5628	6.958
773.6537	10.438
811.6044	7.887
546.355	1.892
1219.1479	11.125
682.6134	15.406
872.7611	17.163
1021.6595	7.75
773.5888	8.051
723.6116	15.05
599.5915	8.216
891.8209	18.256
715.6219	17.6
763.5951	8.407
840.6223	7.121
658.614	11.098
1011.7181	2.136
638.572	11.316
744.5907	9.063
758.5468	7.368
746.6402	2.824
802.5559	4.56
836.6071	8.189
1445.1266	8.707
1053.7652	2.114
758.5519	7.395
666.6096	17.627
894.7545	16.834
332.331	1.863
835.7581	17.573
671.6532	23.093
886.7859	17.627
798.5645	4.257
681.601	15.269
758.5921	7.394
810.7548	17.873
1406.1426	6.875
279.159	3.598
891.7844	15.982
545.3428	1.702
818.5912	5.113
494.324	1.645
928.8329	18.174
671.5762	15.296
1365.2101	17.819
413.2659	3.598
770.6058	8.325
838.6332	9.558
648.5797	15.406
664.5745	15.214
633.5824	11.125
813.61	8.543
791.5627	4.147
972.7716	16.174
853.805	18.393
804.5461	3.598
865.8055	18.256
830.805	18.037
922.7856	17.573
786.6571	9.723
1308.2449	18.393
768.563	7.122
1357.2608	16.834
367.336	15.05
816.6223	7.45
706.5377	6.93
706.6132	15.324
1048.7341	2.114
1106.0581	8.215
851.7796	17.737
968.6652	2.193
423.3628	2.415
633.5824	11.234
622.5426	11.262
643.622	18.393
903.8104	17.873
670.6502	18.859
775.5673	7.394
888.765	15.324
542.3214	1.757
1025.9889	18.393
667.6225	23.133
1265.1791	17.955
1342.9277	8.735
905.7633	15.05
676.5471	5.583
1348.1967	15.406
774.6014	9.091
746.5698	7.75
765.5934	8.407
592.5753	10.988
1407.1459	6.875
822.5644	4.147
429.3728	8.051
796.5853	7.832
675.6293	11.262
905.8264	18.147
802.5957	8.817
721.5074	8.735
862.6144	6.383
800.5803	4.45
792.5906	7.887
599.5914	8.298
836.6168	9.063
931.7789	15.269
794.6068	9.146
1347.1935	15.406
855.8176	22.733
799.6694	10.41
1343.9311	8.735
1022.9704	18.393
666.619	22.836
400.3078	2.851
800.5789	4.532
215.0929	23.105
744.6307	2.824
1017.9362	18.037
737.5852	7.067
826.5963	5.914
907.8519	18.722
806.5671	7.75
758.6261	8.461
508.3762	2.413
370.3551	22.733
806.7233	17.218
1299.2485	18.393
787.6603	9.888
816.6224	7.368
1449.1425	8.735
782.5599	6.328
787.594	7.75
906.8394	18.42
393.29	3.598
730.5388	6.08
717.5909	7.586
774.5649	7.45
1013.6534	2.003
370.3548	17.627
1309.2492	18.393
370.3557	23.039
718.5754	8.899
764.5228	7.121
663.5716	15.68
670.6209	16.834
809.7424	17.573
916.7966	16.009
972.7717	16.278
720.5908	9.146
804.5509	7.122
782.6148	8.434
1388.1917	15.269
799.5684	4.809
547.3559	2.632
726.5789	8.762
767.5594	6.82
765.6396	8.405
844.654	8.789
1358.2649	16.834
682.4873	8.707
776.5795	8.434
829.6318	6.656
763.6048	9.64
733.6132	8.243
880.8333	18.722
797.6259	9.421
369.3516	23.203
926.817	18.092
802.5959	8.871
360.3158	2.851
829.6318	6.574
786.577	8.735
568.3394	1.645
698.6082	14.858
687.6477	18.502
1221.0902	11.152
228.1958	2.936
1306.148	8.352
369.3615	17.983
810.6568	8.734
832.5829	8.57
927.8209	17.955
1387.1881	15.269
665.4606	8.762
800.58	4.67
649.4654	12.838
726.6394	15.186
666.6371	18.037
1018.9396	18.037
613.5601	11.125
370.3578	7.067
769.7113	17.3
1312.1758	17.627
1023.9743	18.393
360.3236	4.369
593.5983	12.035
1311.1725	17.627
904.635	6.657
683.6166	18.037
638.5168	11.125
826.5961	5.583
584.557	11.098
369.3514	17.409
369.353	16.725
563.5202	8.161
745.5574	6.711
808.5847	6.957
800.6727	10.658
895.7578	16.834
782.5459	7.148
588.3898	1.921
687.6482	23.037
803.5996	5.141
556.5346	10.934
980.6717	2.028
853.7957	18.092
1026.9927	18.393
649.4654	12.92
780.7078	17.163
1221.0904	11.071
806.5671	7.53
932.8274	17.764
786.625	8.762
815.6358	9.97
666.6186	23.38
1023.7219	2.028
1194.8178	7.368
908.7824	15.818
1000.8028	16.665
915.8116	17.791
726.6394	15.269
524.3616	2.111
799.5684	4.532
1224.1031	11.098
770.6063	8.598
838.7865	18.229
646.6222	11.125
800.5801	4.285
706.5938	7.394
777.5833	8.513
887.7896	17.627
739.5662	8.926
814.5596	3.07
731.5974	7.093
799.5686	4.45
767.6954	16.834
674.6628	18.393
283.263	2.849
790.5593	7.394
926.8007	17.6
615.5756	11.125
680.6344	18.201
642.6096	17.955
487.3453	2.193
228.1957	2.799
864.7926	17.928
781.5544	7.422
833.5885	6.958
650.6447	15.296
736.5761	8.216
1006.6871	2.139
364.3379	2.849
864.5612	6.301
671.653	22.836
747.6102	9.255
813.62	8.843
638.5168	11.207
1329.2857	18.393
776.5456	6.684
858.7547	17.272
973.7748	16.174
715.6787	17.354
923.7892	17.573
783.638	8.57
833.6508	9.888
809.7424	17.518
1342.2227	18.092
1022.6631	7.75
710.6445	15.397
768.5901	8.325
693.6291	18.01
971.6778	2.193
264.2686	8.216
654.6188	18.201
787.5978	8.379
782.5933	7.149
796.7298	17.301
1278.3534	16.943
1017.6872	2.056
773.5892	7.832
917.6476	6.41
687.6478	18.42
689.6544	16.834
1237.1567	17.928
360.3158	3.433
369.3518	22.964
803.5997	5.251
690.5624	6.301
549.3683	2.085
1454.0039	2.193
834.599	9.145
1382.1928	15.214
805.5543	7.204
548.3706	2.221
739.601	8.243
841.6258	7.121
783.5728	6.902
581.5439	6.63
582.5506	8.735
1277.3547	16.943
1292.198	17.955
770.5969	7.997
739.5648	8.707
823.6691	8.405
1384.1381	15.214
930.8119	17.491
768.5536	6.52
920.3116	15.79
700.6147	15.214
726.56	6.903
772.6223	9.64
781.5542	7.312
1307.1514	8.351
889.7684	15.324
814.5599	4.45
231.2511	1.594
920.7702	17.19
838.5593	2.961
496.3274	2.004
808.5758	6.328
774.657	10.438
739.6345	15.269
799.5675	7.148
770.6068	9.421
287.3138	3.267
768.5815	7.75
1012.7219	2.141
904.5904	6.52
354.3366	4.366
649.5919	18.037
864.5612	6.493
563.5202	8.297
914.7806	15.434
228.232	2.086
1204.3347	16.697
706.5837	6.876
522.3454	1.757
683.6168	15.406
449.3371	3.596
814.5602	4.753
496.3514	2.003
633.5827	11.316
662.5964	8.543
584.5566	6.63
759.5492	7.368
1385.1415	15.214
1024.9816	18.393
637.5601	10.106
756.6499	15.187
272.2222	1.033
582.5504	6.957
248.2452	2.849
926.8013	17.516
370.3551	18.859
799.5679	4.257
372.3703	22.836
849.7637	17.382
1352.3722	17.162
646.6222	11.016
761.6446	9.696
672.5797	15.324
800.5802	7.777
786.6198	8.735
792.5903	7.668
1386.017	8.735
1341.2193	18.092
846.7455	17.026
839.6364	9.558
596.5272	10.934
740.6764	16.834
1054.7688	2.114
811.7581	17.901
1364.1918	15.324
1306.2308	18.393
1363.1885	15.324
826.5962	5.251
816.708	16.559
814.5595	4.23
1203.336	16.67
671.5762	15.05
1000.8024	16.775
1307.2376	18.393
929.8358	18.174
671.6531	23.38
927.8205	18.092
371.3641	16.834
784.6812	15.215
917.6477	6.356
770.5607	6.629
799.6216	6.656
745.5942	9.091
397.347	2.303
367.3358	14.858
373.3736	16.834
759.5945	7.394
934.8074	16.367
1049.7377	2.114
752.5601	9.531
690.5628	6.22
1196.0808	10.988
818.591	8.871
917.7998	16.009
822.565	4.725
1450.052	8.735
1305.2267	18.393
466.3524	3.62
647.576	15.187
913.7962	17.464
507.3213	2.275
930.8484	18.475
756.6501	15.269
703.6607	11.153
505.5172	8.243
765.6343	8.432
800.5938	3.598
634.5413	8.926
693.6283	17.819
760.5632	8.407
1279.2108	18.393
774.5991	6.63
819.5945	5.113
921.3124	15.79
644.5987	11.098
510.3918	2.989
562.3265	2.605
1129.3172	16.394
1224.103	11.18
620.5968	11.125
764.6766	16.367
707.6166	15.324
225.1962	1.116
794.7236	17.627
577.519	11.098
1195.8211	7.395
482.324	1.756
305.3031	1.506
817.7066	12.92
973.7749	16.278
167.0337	3.598
1351.3733	17.19
368.3392	15.187
782.7234	17.491
926.8079	17.71
698.6085	18.092
644.6382	8.297
917.8274	18.092
672.6572	23.093
798.5654	3.623
694.6495	18.037
158.0281	22.733
384.2721	7.095
809.5782	6.821
1449.0484	8.735
1130.3157	16.394
832.7391	17.3
766.5964	8.407
676.6327	11.098
1276.354	16.943
590.5658	10.988
1387.0204	8.735
742.6275	2.821
429.2398	3.623
994.3308	16.257
762.5803	7.394
611.5442	9.914
481.3481	2.193
868.7393	16.752
639.5755	11.316
707.645	17.983
837.6202	9.091
745.6894	16.835
827.7856	17.71
803.5988	8.707
668.6342	22.733
310.3106	3.404
767.5588	0.732
1426.3907	17.381
877.7251	17.464
374.3782	7.067
784.6814	15.269
1298.1777	18.037
787.5942	7.53
826.7769	18.092
934.8433	18.147
795.6102	9.146
687.5689	15.434
881.8367	18.722
960.8587	17.791
916.8156	17.791
1299.1804	18.037
862.6247	6.656
771.6091	8.325
1349.1999	15.406
1404.1863	15.187
687.648	22.733
796.6225	9.009
1202.3354	16.67
855.8175	23.038
511.3583	2.275
842.7237	16.669
823.5678	4.147
1279.3528	16.943
784.7106	17.573
1014.6567	2.003
875.6006	6.383
868.739	16.834
776.571	4.147
796.6128	8.106
810.5917	7.668
807.7269	17.218
888.7653	17.489
814.559	7.175
808.739	17.873
668.6348	23.039
659.6175	11.098
158.027	20.932
898.7766	17.354
645.5606	15.214
933.831	17.791
887.6372	6.41
601.5644	11.125
719.5694	6.41
734.5604	7.121
1403.1829	15.16
844.5863	6.383
995.3315	16.257
800.6728	10.382
295.2267	15.187
774.6015	8.871
1049.7407	2.605
920.7702	17.026
744.5814	7.997
372.3704	23.38
796.5854	7.614
687.6475	17.027
904.6353	6.93
901.7946	17.518
646.6221	11.235
797.5888	7.832
954.8328	17.955
410.7615	7.122
666.6039	18.01
775.6049	9.091
824.5802	4.369
1128.3164	16.394
600.5948	8.243
815.6914	11.454
694.6502	18.338
295.2268	15.269
830.5546	3.07
894.7546	17.026
703.5658	5.804
790.5742	7.395
874.7578	17.791
634.586	11.125
817.626	7.45
798.7456	17.71
932.8646	18.749
896.8433	18.037
774.5651	3.872
827.5997	5.915
809.5882	6.929
1455.0076	2.193
279.2319	15.406
793.594	7.887
747.5733	7.75
703.6606	11.016
1001.806	16.665
668.6056	16.092
733.6218	8.816
906.8119	17.737
739.5651	8.871
743.1298	2.849
519.3245	1.977
826.5961	8.513
799.6214	6.602
525.3741	2.114
1328.13	8.352
586.3802	1.921
1356.2555	16.834
822.5646	4.45
1148.8429	7.394
345.324	11.125
1344.9345	8.735
768.554	8.844
362.3242	2.826
1425.392	17.381
838.7772	17.928
708.5119	8.676
641.5121	10.106
1069.7162	2.606
1280.2151	18.393
226.6864	18.01
807.5704	7.75
996.3298	16.257
805.5542	7.122
723.5414	5.776
812.6076	8.161
554.3924	2.027
462.1468	5.419
1473.479	2.221
767.5596	7.477
468.3084	1.561
839.7899	18.229
728.674	16.834
815.6259	9.118
745.5518	8.871
760.6086	8.405
703.5634	15.269
724.6603	17.983
862.7768	17.6
685.632	16.092
820.7297	16.944
845.6576	8.762
842.591	5.831
1408.1492	6.875
697.5542	8.543
664.5749	15.68
783.705	17.573
892.8334	18.557
243.117	5.914
1472.9767	2.193
826.5954	6.328
723.5485	8.735
372.3772	18.368
740.6551	15.434
769.5596	7.395
922.3101	15.79
181.0719	0.674
1205.3341	16.67
1353.3716	17.162
836.7707	18.174
1389.195	15.269
803.5996	8.871
727.6428	15.186
697.5546	6.958
667.6399	18.037
905.6383	6.656
644.6382	8.216
934.7978	15.9
723.5866	8.762
546.3529	2.468
776.5454	6.574
817.6258	7.339
787.5801	8.735
362.3382	2.849
744.555	9.063
664.6028	15.406
694.6411	18.147
550.3864	2.687
723.6399	15.434
408.3082	2.799
825.7643	17.71
834.755	17.873
647.5763	15.05
371.2647	6.985
819.5166	3.598
437.3452	3.598
614.4137	2.004
874.8138	17.791
786.6199	8.816
1267.204	18.393
372.3631	18.393
707.541	6.931
838.6232	8.625
766.6422	8.405
534.295	1.974
892.7966	18.112
796.5249	7.395
882.8271	18.037
951.8935	19.521
644.5987	11.207
768.563	6.793
864.6219	6.821
770.5697	7.093
958.8433	17.491
878.7982	17.79
724.528	8.134
688.6513	18.502
1372.1964	15.406
795.5912	8.513
906.7662	15.132
931.8155	17.491
770.0613	7.368
830.638	8.757
643.6031	11.152
796.5472	4.147
685.6322	16.444
215.0896	22.733
812.6164	6.656
372.3806	18.42
160.6818	8.762
911.7313	15.817
403.2325	1.671
715.6786	16.834
714.6584	16.835
927.8041	17.599
372.3709	22.939
676.6328	11.262
723.5906	8.73
699.6117	14.858
800.5726	4.808
890.8084	17.955
722.5112	8.707
738.5887	7.067
787.6279	8.762
745.6227	8.981
1018.691	2.056
798.6003	8.434
690.6094	17.409
1366.2136	17.819
731.542	6.08
781.7111	17.163
1350.3728	17.19
758.56	6.465
787.5853	6.629
703.6434	23.037
798.601	8.216
874.7635	17.791
687.6483	23.093
876.6431	7.368
623.5462	11.262
765.5263	7.122
710.6444	15.488
381.3645	2.849
721.5942	9.146
617.5708	11.097
1353.1521	15.434
794.6059	8.762
827.5996	5.583
667.6027	18.037
226.6864	18.368
807.6357	9.888
429.3727	8.27
921.7738	17.19
1197.0846	10.988
737.6228	16.725
904.7962	17.382
585.5756	8.243
828.7953	18.037
818.5908	8.926
1313.1792	17.627
930.7763	15.543
303.2318	0.617
674.6095	11.234
801.582	4.532
776.571	4.259
1352.1487	15.434
842.6382	7.75
1359.2686	16.834
889.7954	17.737
1371.1933	15.379
544.5479	8.216
816.5757	4.45
1069.3508	16.615
677.6829	4.369
371.3642	23.039
803.6911	11.98
1310.2529	18.393
319.3084	11.125
756.5702	6.602
796.5471	4.23
783.5482	7.149
669.6365	18.037
674.6093	11.07
833.5863	8.57
673.5918	17.819
373.3739	23.039
830.6352	6.656
547.3584	1.892
1301.1168	8.351
746.597	8.216
1068.35	16.615
924.7921	17.382
718.5942	7.53
801.584	4.45
582.5502	7.122
703.6606	11.262
818.6058	7.75
1268.2073	18.42
667.6222	23.203
791.6258	9.832
483.3639	2.303
524.3577	2.607
1427.39	17.381
828.5509	6.821
1055.298	15.982
859.7583	17.3
703.5949	6.875
243.2107	18.01
808.5831	8.844
738.6611	16.285
769.5595	7.45
750.5435	8.243
793.5276	8.707
696.596	16.725
981.6752	2.03
317.2987	11.125
915.7842	15.434
1001.8058	16.775
914.8001	17.491
681.6378	18.174
1052.7594	2.114
801.5837	4.67
343.3144	11.125
670.648	23.039
771.6095	8.57
719.5788	8.899
369.3519	23.601
751.6012	7.75
816.5754	4.285
765.6458	8.461
781.6201	9.695
715.5744	6.438
215.0891	18.502
994.6806	2.003
671.6247	16.834
958.843	17.846
727.643	15.269
694.6329	17.983
876.6431	7.422
688.651	18.42
796.6214	8.734
1294.1454	15.406
935.8107	16.367
801.5837	4.285
828.6118	5.749
501.3342	2.245
791.5625	7.394
581.5438	6.383
671.5736	17.955
892.7877	15.982
961.8619	17.791
794.7144	16.944
808.583	8.735
703.5546	6.848
1295.1488	15.434
842.5913	5.5
1320.2236	18.01
687.5702	15.05
655.6221	18.174
796.5247	7.313
854.8083	18.365
711.6479	15.379
541.552	8.243
340.3479	4.369
582.4239	2.606
773.7206	16.834
876.7729	18.092
1120.0253	8.216
842.5912	5.251
904.675	8.762
817.7064	12.818
934.8805	19.08
524.3836	2.632
960.8594	18.174
1010.7123	2.114
858.5762	6.383
878.7443	14.886
226.9513	0.955
1070.3492	16.615
851.7095	17.382
1424.3913	17.381
790.6925	16.504
1054.2975	15.982
834.6543	9.887
631.6032	11.125
1007.6907	2.139
617.604	11.125
816.5756	7.777
707.6295	18.147
1329.1332	8.351
812.6076	7.887
1131.3149	16.394
807.5704	7.53
244.1907	2.936
769.5932	8.325
892.8243	18.256
908.8647	19.052
962.8751	18.147
956.8275	17.491
1220.1512	11.125
186.0582	23.105
834.6008	7.505
830.554	3.016
1323.267	18.859
757.6533	15.187
714.603	15.16
815.563	3.07
931.8529	18.444
360.3156	2.934
557.5332	8.352
1343.2261	18.092
853.8052	18.092
1086.0826	8.243
788.6018	8.405
889.7687	17.489
724.6149	15.05
783.6175	8.513
684.6291	18.502
797.6059	8.513
918.8314	18.092
897.8467	18.092
822.6383	9.448
904.6351	6.411
716.6252	17.6
880.8138	18.092
784.6416	8.543
584.5254	9.613
696.5927	15.16
868.654	8.571
785.5784	6.52
1191.1255	11.015
786.6319	8.735
817.7114	16.559
899.7783	17.217
796.7394	17.901
682.6141	23.121
818.6384	8.434
688.6517	23.037
770.5692	6.958
876.6838	11.07
702.863	0.955
668.6346	23.093
698.6636	18.365
544.337	2.084
824.5804	4.587
594.6017	12.035
543.3813	2.081
391.2762	3.596
790.6128	8.762
367.3375	16.725
1149.3449	7.368
616.6068	8.216
257.2263	18.037
798.5652	5.141
566.3214	1.702
837.682	12.92
803.5592	4.56
1446.6343	8.762
577.519	18.092
499.3465	2.004
835.667	11.454
778.6923	16.752
664.603	15.05
400.3786	6.219
1148.3417	7.395
768.6863	15.397
823.6668	12.007
541.5245	8.297
831.8084	18.037
839.5627	2.961
810.5761	8.516
836.7612	17.573
816.6941	11.125
370.3546	17.382
921.7738	17.05
1056.2962	16.009
664.6028	15.132
766.5749	7.121
827.6	5.502
160.7933	8.707
740.6045	8.243
346.3274	2.849
668.6055	16.449
586.5407	10.988
805.5493	3.596
905.5938	6.52
913.8588	18.092
1302.1202	8.352
243.117	16.504
835.6024	9.146
631.6032	11.207
212.0743	23.038
865.5648	6.301
283.2824	2.688
684.6295	23.037
650.5952	18.01
754.5387	5.887
878.7808	17.354
806.7235	17.627
1026.6151	7.86
866.8088	18.229
875.7605	17.791
295.2268	0.617
878.7442	15.023
841.5738	6.383
698.6117	16.725
367.3361	22.733
740.6381	15.214
774.5919	8.051
226.6861	7.423
758.5601	6.301
708.6289	15.405
1026.6152	7.805
1363.1883	15.16
712.6454	16.229
941.8278	17.873
884.7702	17.3
226.6864	17.791
753.558	6.629
810.6258	8.543
820.525	7.203
785.7162	17.573
739.5652	9.036
769.6286	8.434
815.5632	4.45
803.5728	8.405
1004.6329	7.751
727.5634	15.05
895.758	17.026
846.2926	14.94
725.6187	15.187
527.5224	7.53
767.5593	8.516
955.8367	17.928
395.3526	2.852
430.3762	8.024
777.549	6.684
918.6511	6.411
869.7427	16.752
1364.1916	15.16
1027.9961	18.393
1473.9806	2.193
695.6532	18.01
771.6104	9.393
876.8298	18.092
716.6824	17.354
855.7897	18.092
883.6902	8.405
367.3362	23.039
1021.9643	18.393
226.6864	2.003
391.2948	3.598
786.5808	7.149
773.6257	9.641
1212.1099	11.125
823.7482	17.382
564.5235	8.161
495.3274	1.645
1107.0615	8.243
866.8176	18.529
1365.195	15.324
699.684	18.365
827.5998	5.251
700.5722	7.121
934.8441	17.737
879.7403	17.791
838.5592	4.147
758.5338	7.368
790.6925	16.471
770.8504	0.955
800.6175	9.448
667.6239	22.939
862.7865	18.256
1386.1451	15.214
794.7228	17.846
644.6132	11.152
828.6119	5.583
634.8758	0.955
639.5203	11.152
666.619	23.56
841.8016	17.901
1314.1916	17.901
508.3758	2.852
932.7812	15.269
430.9134	0.955
414.2691	3.623
869.7424	16.834
906.7664	15.05
741.6798	16.834
1210.8139	6.137
790.6322	11.071
459.4881	1.589
833.7428	17.3
785.6846	15.215
872.7423	17.464
650.4392	7.394
918.6511	6.356
814.5589	3.623
1143.3693	16.89
783.5962	7.177
809.7426	17.873
321.3152	4.369
933.868	18.749
757.6535	15.269
659.6128	8.189
815.5636	4.753
740.5684	8.707
802.5964	4.809
550.556	16.477
767.5594	8.298
777.5833	8.352
401.2902	2.849
769.557	6.52
811.5943	7.285
548.5041	10.713
649.5829	15.406
424.3662	2.413
830.5668	7.259
651.6481	15.296
672.5797	15.05
959.8467	17.464
823.5684	4.725
623.6204	10.354
783.7268	17.491
1019.9427	18.037
876.7794	18.087
1238.0702	11.125
815.5628	4.23
765.6177	11.454
946.7858	17.272
792.5658	4.147
489.4413	17.109
541.5274	8.243
765.6801	16.367
801.5838	7.777
935.8471	18.147
878.7284	17.464
1046.7716	14.499
795.727	17.6
822.4822	4.533
828.7892	17.71
666.5942	18.01
360.3624	2.387
411.2632	7.122
614.5873	17.928
785.6848	15.269
797.6542	9.228
543.3247	1.757
875.7099	17.163
793.5936	7.668
444.3795	2.936
686.6437	23.037
643.6032	11.235
991.6534	2.221
689.6451	11.152
567.5736	10.355
787.5852	8.703
753.5635	9.531
1280.3514	16.943
972.7714	16.03
824.6733	8.432
639.5202	11.071
941.8899	18.092
787.6604	9.723
714.6028	18.092
697.6582	4.369
908.8555	18.722
578.587	17.163
893.837	18.529
814.6785	9.888
246.2296	18.42
708.6486	17.983
761.5664	8.407
862.7496	17.409
901.7253	17.163
642.445	2.602
887.7803	17.409
569.3428	1.645
259.2824	2.109
1354.3702	17.163
774.565	7.723
372.3704	23.23
853.7256	17.71
371.3155	3.675
907.816	17.737
682.6042	15.187
749.5384	8.707
333.3345	1.863
843.7271	16.669
383.3311	23.039
873.7639	17.163
747.6435	2.826
800.6248	6.656
1144.3677	16.916
277.2161	0.617
724.6243	15.625
914.7815	16.229
948.8014	17.573
671.6336	18.42
952.897	19.494
692.6028	16.834
1308.1547	8.352
835.6662	11.207
1142.3687	16.916
684.2041	9.366
557.5382	10.934
671.6716	18.393
354.3365	2.575
824.5806	4.67
776.5797	6.902
680.6335	18.037
685.6328	23.037
765.5335	8.707
1021.7123	2.056
778.6927	16.642
836.6169	8.325
564.523	8.243
444.3793	2.799
672.6565	23.38
684.6289	18.42
648.5796	15.187
930.7762	16.009
704.6642	11.071
566.8881	0.979
370.355	23.38
790.5599	3.899
261.1484	3.596
758.6055	7.395
782.5389	7.177
871.8122	18.092
820.6215	8.27
722.5112	8.789
1026.6149	7.696
880.7965	17.71
429.3728	5.777
790.5596	7.696
1121.0287	8.27
435.3214	3.596
665.5779	15.214
670.6402	18.037
617.5743	11.207
802.606	7.45
797.606	6.656
383.3994	4.368
371.358	17.819
987.8336	17.791
706.4962	8.676
370.3552	23.175
770.6657	15.187
850.669	10.851
339.2316	1.945
286.3103	2.799
905.7565	17.873
786.6322	8.789
854.554	2.961
371.358	15.187
1405.1897	15.187
776.571	7.394
766.5537	8.707
532.4394	8.762
877.7765	18.092
663.5744	16.725
875.8166	17.791
670.631	18.037
856.821	23.133
369.3617	18.42
883.8482	18.092
878.7005	12.423
703.5636	14.83
825.6942	17.354
1196.8243	7.368
934.8068	15.79
954.812	17.163
903.7408	17.546
741.5304	6.876
482.324	2.714
1451.0553	8.73
746.693	16.835
1217.3876	17.109
881.7567	18.147
833.7431	17.218
862.7492	15.132
863.628	6.656
905.6388	6.958
509.3796	2.413
784.5666	7.75
615.4964	9.953
671.6532	23.56
946.8436	17.791
226.6865	18.112
931.7797	15.543
881.8267	18.393
623.5397	15.214
384.7738	7.095
635.5447	8.926
1450.1454	8.707
997.3291	16.257
769.5467	3.566
1332.2017	18.037
886.7861	17.464
251.0466	1.95
725.6635	17.982
859.5846	6.383
815.7708	18.338
877.8327	18.092
1428.3888	17.381
555.5174	8.243
806.7234	17.71
1215.1294	11.125
928.7965	17.163
835.7582	17.873
769.5664	7.122
784.6091	7.751
703.5072	3.648
1170.0656	10.934
880.7605	15.79
950.8174	17.71
226.6866	8.27
738.5226	8.707
669.5581	17.628
827.7012	11.647
759.5426	7.394
1313.1882	17.901
1331.1976	18.037
864.765	17.764
780.6501	15.05
1206.3326	16.67
777.422	11.098
669.638	23.037
379.3503	2.826
1043.7031	2.114
772.623	9.421
370.3615	17.983
1324.2706	18.803
794.606	8.543
366.3732	5.528
386.3198	2.821
150.0265	3.596
557.5331	8.243
695.6536	18.338
925.7948	17.516
527.3992	2.114
943.8435	18.147
399.2806	2.849
790.5601	8.513
186.0585	23.892
494.3837	3.62
498.9008	0.979
579.4942	8.243
800.5804	7.586
797.6259	9.009
697.5261	5.583
748.6603	17.846
859.6334	6.383
914.7815	15.708
260.2453	18.393
1238.0702	11.207
646.5639	15.214
621.5365	11.016
780.5904	8.216
595.5888	8.871
643.5276	11.344
904.7606	15.79
1192.1292	11.043
1046.7712	14.847
695.5737	17.846
780.7078	17.573
799.5682	3.624
738.6042	10.244
377.3452	2.826
815.5622	7.175
1300.2515	18.393
688.5722	15.434
855.7436	15.982
990.783	16.834
759.6297	8.489
370.3548	7.121
831.5579	3.07
781.5284	8.762
734.625	8.789
837.6098	8.188
827.5984	8.513
843.5943	5.831
287.2733	18.037
695.5385	7.339
906.8125	17.354
539.5421	8.844
992.8492	15.79
872.7982	17.464
267.2591	2.826
928.8235	17.955
912.735	15.818
703.5587	6.929
1300.1853	18.01
1157.4004	8.407
820.6223	9.036
1213.1135	11.125
780.6058	8.513
823.5681	4.45
671.5736	18.092
583.5538	8.762
888.6405	6.41
740.523	7.449
832.5703	7.777
550.6289	10.079
543.3438	2.607
1281.2182	18.393
930.7766	16.092
816.5752	4.616
956.7919	15.9
697.6686	18.393
598.5451	6.684
781.6122	8.707
676.4544	7.423
814.5604	5.003
810.7455	17.573
582.5504	7.75
875.7662	17.791
681.4945	3.675
809.6507	11.234
832.5846	6.656
820.5848	7.476
797.5888	7.614
297.2425	16.03
768.5622	0.732
1211.8173	6.137
759.601	7.368
905.8	17.382
288.2896	1.811
771.6382	9.2
725.5203	3.62
1024.7251	2.056
583.554	8.707
527.3785	2.605
721.6277	16.725
920.8649	18.914
860.7707	17.901
186.0586	23.478
847.2932	14.94
876.7823	17.463
395.3528	3.041
918.8128	16.504
563.482	15.187
619.6032	10.934
741.6585	15.46
962.9118	19.383
798.6291	9.421
610.1844	8.134
175.1481	18.01
974.7779	16.174
1428.1865	15.05
370.3577	16.725
1218.3858	17.109
659.4816	3.703
899.6378	6.957
704.5667	15.214
964.818	15.79
804.7077	16.835
781.6124	8.926
849.6943	17.026
916.2649	16.559
599.5548	11.125
811.6597	8.762
960.8962	19.08
1147.3281	10.106
939.812	17.491
808.5833	8.598
756.5541	3.872
716.6338	17.819
506.5205	8.243
822.5411	7.75
758.5337	7.422
858.5752	6.684
872.748	17.464
657.6078	11.098
787.5851	8.784
1465.4961	2.193
665.6063	15.406
367.3358	18.092
907.7721	18.174
429.3728	5.583
988.8909	18.174
767.559	2.826
1019.952	18.42
835.6661	11.125
790.6784	11.207
842.6383	7.503
848.5566	8.57
750.6394	15.078
848.7971	17.737
709.5154	8.757
961.8633	18.174
340.3576	5.5
668.6258	23.133
1023.666	7.751
371.3579	15.406
768.6865	15.488
1156.898	8.405
769.5575	8.843
800.6248	6.602
880.718	16.944
734.6445	15.323
916.7646	16.559
570.3551	1.784
379.365	2.853
831.6424	8.757
770.6658	15.269
161.1324	18.01
902.6593	7.75
711.648	15.488
877.6468	7.368
799.6035	8.434
1071.3483	16.615
834.6004	7.368
644.6132	11.016
776.6059	8.432
935.884	19.052
538.3865	2.961
883.8314	18.035
677.5504	5.583
855.8177	22.836
923.3093	15.79
827.599	6.328
914.782	16.147
256.2634	2.551
523.5174	8.297
336.3264	4.366
820.5201	3.598
754.6922	17.026
748.5856	8.707
990.2834	16.834
775.6049	8.871
645.4608	2.109
1291.4064	17.325
709.6241	15.434
953.2743	16.724
382.2975	2.358
634.5865	11.316
930.7761	15.872
798.6015	6.958
698.255	11.262
909.8683	19.052
812.5417	4.092
226.6862	11.125
672.6584	22.939
1216.3869	17.163
859.8302	18.037
344.3141	2.826
1064.802	17.109
850.5959	5.831
843.6415	7.75
621.5365	11.152
431.3841	2.958
850.5961	5.141
1464.994	2.193
771.5673	6.629
846.6697	9.832
876.8236	18.092
279.2318	0.617
784.6039	7.751
816.7768	18.338
1072.3088	9.009
712.6795	18.365
299.258	16.834
948.8963	19.218
717.5904	7.312
801.676	10.658
824.6534	10.851
797.5287	7.339
896.7611	16.834
558.2953	1.757
875.6012	6.629
226.18	2.799
698.6087	23.105
645.6022	11.098
935.8467	17.737
669.615	16.834
685.6323	18.502
1323.0984	8.352
824.5795	5.279
738.6041	10.575
1373.1997	15.406
775.5685	3.872
747.5332	3.598
703.6429	18.393
669.6092	16.092
1269.2108	18.393
1276.1926	18.42
837.7742	18.174
937.7468	15.927
719.5701	6.985
686.6425	18.502
798.638	9.996
765.6526	8.405
926.8168	17.491
864.5622	7.012
932.8276	17.382
688.6513	17.027
720.5728	6.41
701.6277	23.037
879.2552	16.394
891.8109	18.064
689.6451	11.016
791.5774	7.421
1388.0239	8.707
927.8104	17.79
578.5224	11.098
1324.1018	8.353
280.1622	3.598
806.5551	7.394
914.8621	18.092
630.6225	8.297
1073.3092	9.009
644.6254	18.393
723.5866	8.816
645.6416	8.216
795.6095	8.757
879.7477	14.886
506.3603	2.303
780.7078	17.436
893.6993	17.464
852.7653	17.3
873.6228	8.898
674.6092	11.316
956.7921	16.147
819.6095	7.75
704.6641	11.016
1427.1831	15.05
718.6495	17.846
772.274	12.894
808.6389	9.888
226.686	2.109
816.6475	11.207
738.6264	16.725
1148.3263	10.106
959.848	17.846
799.6042	8.188
780.5544	5.723
603.5348	18.092
372.3704	16.092
729.6779	16.835
712.6237	15.187
834.5916	6.957
420.3316	2.245
610.625	10.382
724.6431	15.406
1146.3275	10.079
642.6032	15.011
770.7145	17.3
816.639	9.969
597.5308	10.908
330.2637	0.617
885.6214	6.356
536.165	6.794
898.7866	22.733
771.6136	6.63
804.6027	5.141
1149.8462	7.395
908.828	18.092
756.5534	4.147
794.0618	7.204
899.7795	17.409
527.3729	2.112
672.5773	17.983
823.6789	16.944
673.5921	15.79
895.7367	15.982
746.5554	8.653
287.2734	18.42
923.7802	17.163
1320.2384	23.105
842.2462	16.174
378.3262	2.849
797.529	7.395
674.6234	11.098
642.5155	10.106
703.591	6.93
1225.1063	11.125
648.5797	15.05
689.645	11.262
777.549	6.602
848.7434	17.764
791.56	3.543
824.5798	5.141
1064.3021	17.109
763.599	7.368
372.3704	23.56
804.6119	9.942
1156.397	8.407
772.548	7.394
716.6824	16.834
686.6358	16.092
575.5032	17.764
814.5599	3.43
540.4773	15.269
924.8011	17.163
914.7807	17.489
724.6237	15.214
865.6255	6.821
1013.7249	2.114
752.6769	16.642
819.594	8.926
883.4043	8.816
787.6276	8.844
803.5731	8.461
1354.1553	15.434
770.5621	7.368
761.612	8.405
259.242	18.01
371.7663	6.985
632.5766	11.125
797.6056	6.602
880.7439	17.764
998.2893	7.887
277.2161	15.187
716.5228	7.668
984.8587	17.491
1027.7927	16.971
873.745	17.464
640.5879	12.92
806.508	4.533
515.3125	1.976
944.8473	18.147
673.5284	4.615
722.6446	17.627
766.5532	7.122
771.5733	7.093
746.5553	8.844
728.5592	9.778
772.5494	4.478
686.6359	16.477
794.724	23.038
344.3277	2.821
1239.0741	11.179
760.6151	8.461
934.6403	4.15
888.7926	17.628
153.243	15.214
988.8367	17.791
784.5858	4.809
726.6394	14.858
924.785	17.217
806.5543	4.149
872.6376	6.656
336.3259	3.598
890.7821	22.733
888.7656	15.9
714.6728	17.354
690.6185	23.133
907.8421	18.448
953.7741	16.724
279.1591	1.506
857.6633	6.656
401.3112	2.851
1278.2036	18.393
890.7993	17.737
585.4396	2.114
767.5594	4.369
277.2162	15.269
1020.8607	2.797
388.3652	7.148
668.6345	23.38
1138.8209	17.327
855.8173	23.38
874.7493	17.791
869.6575	8.543
153.3544	15.214
814.6228	8.844
1292.4048	17.354
870.6702	9.118
796.5488	3.872
575.5036	9.888
852.713	17.382
273.298	2.717
745.5854	7.122
817.5786	4.285
774.091	8.405
862.7495	15.269
724.5517	8.735
724.5448	5.776
986.8745	17.846
1213.1134	11.18
754.5985	9.97
813.6201	6.656
770.0484	3.566
877.6466	7.45
746.626	8.981
991.2826	16.834
226.6864	2.824
715.6628	16.834
450.3404	3.596
810.7548	18.174
1027.293	16.998
579.4942	8.161
722.609	10.52
784.5852	5.141
797.5504	4.147
546.3458	1.702
1468.1145	8.871
654.6269	18.393
691.6138	17.627
880.7437	17.846
879.7551	16.394
767.5587	3.598
944.8279	17.464
1217.0664	11.125
565.3423	2.084
842.5915	3.872
338.3347	4.369
540.5326	8.243
772.5493	4.257
980.2779	15.406
497.3305	2.004
279.2318	15.187
1156.8254	7.395
603.535	11.289
687.6482	22.836
879.7475	15.023
698.5579	7.149
811.5843	8.543
823.6215	6.574
725.5314	8.106
729.6946	18.475
829.6152	5.749
848.6535	9.668
829.5543	6.793
1159.8339	7.395
809.6508	11.179
1221.3456	11.207
924.6429	6.821
383.3672	18.201
949.8052	17.573
723.5969	8.735
748.5278	7.75
876.6042	6.41
917.2641	16.559
767.5597	4.534
756.6349	11.016
804.6118	9.832
599.4287	5.39
1074.307	9.009
259.242	18.393
739.6645	16.285
794.5317	8.757
793.5599	7.204
767.5594	3.046
890.7715	15.324
678.618	17.983
1057.2954	15.982
671.6674	18.447
637.4687	3.735
523.5407	8.27
549.3739	2.221
657.4861	10.106
960.8226	15.872
843.5947	5.501
784.5759	6.848
704.009	3.65
791.696	16.559
361.3269	4.369
1452.9981	2.191
777.5417	7.422
1316.2075	22.733
799.6029	8.516
721.5578	8.757
867.8208	18.502
782.6992	17.573
765.5799	8.379
1047.775	14.499
644.6132	11.235
1132.3133	16.394
885.774	17.3
918.8123	18.112
295.2269	15.68
820.5849	7.285
751.5468	8.243
1277.1968	18.393
586.5793	8.297
842.7232	16.835
799.6787	17.301
876.7654	16.944
792.0616	3.543
1454.5055	2.166
942.8315	17.846
1321.2425	23.038
915.7654	16.559
859.6276	6.41
794.7237	22.733
710.6445	15.078
593.5786	10.988
688.5737	15.05
538.3498	2.112
797.625	8.68
344.3273	2.853
612.5016	10.934
491.4611	15.214
666.6185	23.725
769.69	15.397
226.6863	11.207
746.5604	6.711
740.5686	8.871
563.0688	3.488
843.5947	5.251
954.2736	16.724
1101.3118	17.217
957.8319	17.491
808.7401	23.105
372.3705	16.477
900.6431	7.176
696.5929	23.133
1195.0751	10.988
974.778	16.278
712.6238	15.269
811.5791	8.516
936.8963	19.328
726.022	3.62
369.3517	10.824
1223.3299	2.193
696.5931	14.388
768.6985	16.835
532.337	2.304
767.5598	4.177
712.5912	16.725
762.9788	2.001
748.0349	3.598
242.2113	2.794
928.7604	14.637
1028.2922	16.971
1472.4742	2.221
721.5069	12.92
815.7014	11.759
935.8116	15.79
879.7844	17.354
822.541	7.53
692.6341	17.655
825.5838	4.56
1199.9823	8.816
550.3716	2.085
904.765	16.725
342.3081	2.821
706.6131	17.846
793.6478	9.805
716.6344	17.955
767.56	4.04
947.7895	17.272
958.8806	18.804
717.6292	17.873
989.8939	18.174
1157.327	7.395
749.5376	8.762
1002.6527	2.032
1383.1959	15.214
817.579	4.45
999.2897	7.887
1101.8115	17.245
674.6232	11.262
1290.4058	17.354
924.2696	6.766
1220.3453	11.207
700.6243	23.037
743.5594	10.272
804.6028	5.251
905.6784	8.762
982.8432	17.163
326.2689	2.33
699.6671	18.393
830.5544	7.175
989.7836	16.834
784.5668	7.696
1296.1521	15.434
808.6813	15.078
777.5418	7.368
1027.6186	7.805
838.6856	12.867
859.5945	4.533
1474.4823	2.193
615.4556	3.763
823.6418	9.448
422.3568	2.413
782.5578	7.422
931.7797	16.009
399.3016	2.851
877.6872	11.07
812.7613	17.901
777.1097	8.432
531.408	5.86
1065.3017	17.109
704.6641	11.235
518.324	1.508
809.6531	8.379
715.6065	18.092
352.3207	2.114
701.6634	16.835
838.559	4.396
526.5382	8.243
162.1496	16.725
756.5915	8.461
1222.828	2.195
542.324	1.479
807.727	17.627
519.042	3.57
836.6703	11.454
820.5254	7.122
817.5791	7.777
863.7901	18.201
782.6236	9.695
754.6708	15.46
818.6061	8.762
797.7424	17.873
928.6749	8.57
918.8492	18.612
838.5602	3.182
957.7953	15.982
863.7794	17.71
384.3054	2.797
822.564	6.849
930.8483	18.174
827.7098	17.71
662.5872	17.245
842.7458	16.174
775.4242	11.098
690.638	17.819
724.5938	8.762
807.6356	9.696
778.0431	7.368
809.5861	8.816
577.7442	3.46
786.6382	8.762
912.7652	15.763
774.7243	16.834
874.8221	17.764
830.6384	8.843
774.5922	7.86
842.6289	7.121
497.3544	2.003
779.696	16.752
787.6349	8.735
1456.0109	2.166
372.3626	7.04
1081.0639	8.27
359.3093	2.851
649.614	10.961
880.5908	6.683
806.5442	6.848
861.764	17.354
1304.2197	18.393
876.7134	17.164
840.5751	4.367
1145.367	16.916
940.797	16.339
536.3343	1.756
606.6185	17.628
872.8162	18.092
1350.203	15.406
818.5912	4.837
748.6134	9.255
838.6322	9.914
760.5975	7.394
1365.195	15.132
548.3932	3.516
993.8527	15.79
767.56	5.004
840.6397	9.558
855.8198	22.939
782.606	8.708
533.7176	3.543
779.5952	8.434
707.5973	7.395
840.576	3.016
928.76	15.434
914.7813	15.982
759.7052	16.835
752.6047	7.751
404.3602	7.148
704.5977	15.05
637.5104	11.071
788.5889	6.684
1469.1177	8.649
552.5712	17.163
975.8331	17.791
698.5575	8.516
370.3473	18.01
844.6073	5.5
829.6154	5.611
403.2566	7.04
310.2376	1.671
767.5779	7.122
822.6376	9.118
592.4197	3.43
233.2264	18.393
1047.775	14.416
467.3558	3.596
806.5937	6.82
700.5275	8.352
645.5608	14.748
697.5994	16.725
1003.1608	2.003
967.8882	19.438
445.1204	5.419
665.6061	15.05
832.739	17.573
534.052	3.543
686.642	18.42
720.5541	7.586
756.65	14.858
888.7842	17.409
699.615	16.725
682.6501	18.557
1219.3854	17.163
842.8051	17.873
270.2426	2.799
429.3726	7.504
798.564	6.547
699.6841	18.502
1366.4235	17.491
824.6703	12.007
1316.1545	18.035
1365.4253	17.491
750.5414	8.707
683.6172	23.133
990.8334	15.872
214.2529	1.561
656.6347	18.557
908.7758	18.174
835.6042	7.477
714.6038	23.039
854.5538	2.903
578.0786	3.456
906.7755	17.846
973.7749	16.03
1050.7407	2.111
929.8001	17.163
1225.1062	11.18
511.3951	2.988
909.7853	15.79
681.9961	3.675
226.1802	2.936
226.6862	17.464
608.5252	8.653
563.3297	2.632
643.6178	8.189
802.5964	8.625
792.5904	8.298
905.6392	6.411
589.5566	9.613
1469.1182	8.865
940.7972	16.147
980.7554	16.366
614.5631	11.152
1200.9859	8.789
690.5987	17.873
848.7915	17.764
436.3791	2.853
372.3613	18.037
639.4967	8.947
790.5725	7.997
570.3635	0.617
1002.8093	16.665
745.5589	9.091
368.3392	14.858
931.8535	18.174
824.58	7.285
1047.7281	2.112
805.2362	15.954
1171.0692	10.934
775.6604	10.437
1342.2702	18.418
1138.3212	17.327
703.643	22.733
1296.3646	12.34
667.6128	17.627
1082.0312	8.243
916.7965	17.846
963.9153	19.383
728.5669	15.023
882.8401	18.722
904.796	17.764
872.7928	17.489
715.6062	15.16
754.599	10.106
663.4538	12.92
1027.6188	7.887
1429.3882	17.381
659.9832	3.703
1390.1982	15.269
841.7467	16.174
813.5734	3.516
858.5862	3.844
716.5778	6.41
786.5565	8.762
760.5545	7.368
731.6448	17.846
738.523	8.762
800.5695	7.148
1447.6381	8.73
1139.3204	17.327
759.536	7.368
799.5687	5.141
981.2785	15.405
580.6026	17.71
478.3285	2.001
696.5928	14.499
638.587	17.573
432.28	0.644
1005.6365	7.805
1198.088	10.988
463.1467	5.419
902.7289	17.163
830.5703	6.024
878.7559	16.394
601.519	17.819
774.5939	8.434
754.5988	10.438
734.6157	8.243
1243.0811	11.289
1102.311	17.217
909.7152	15.105
696.629	15.46
797.6633	16.944
1020.9555	18.42
783.5627	6.328
892.798	23.039
848.2901	14.94
888.7659	16.147
746.5045	2.772
764.5589	6.875
583.5536	7.149
1465.9979	2.193
804.7369	15.954
383.3674	18.557
787.5729	8.762
569.5698	9.723
407.389	2.849
767.5599	3.901
687.6484	22.964
743.5594	10.575
904.7444	17.516
776.5662	2.821
1293.4041	17.354
685.2046	9.365
726.6236	15.187
685.6354	16.834
1159.3322	7.422
826.6975	17.354
1082.1083	8.27
846.2922	15.16
843.6478	6.656
881.7635	15.79
854.7293	17.737
1345.9377	8.703
820.5974	5.113
856.5829	8.134
632.634	15.296
915.785	16.229
476.3062	0.644
1222.3435	11.207
852.7833	17.764
766.6486	8.434
1314.1827	17.627
1217.0662	11.207
905.7641	15.79
880.2545	16.394
915.785	15.708
906.7601	17.846
607.4297	3.428
825.5844	4.975
608.6342	18.174
247.242	18.01
931.7795	15.872
791.5629	7.613
382.3003	2.854
808.7394	22.733
563.4031	3.488
806.5575	7.204
814.6127	8.543
902.7878	18.147
669.6093	16.449
768.7077	17.627
384.3202	2.853
836.7343	17.354
1303.1241	8.352
388.2538	0.644
767.5604	4.588
578.5223	18.092
774.5651	5.914
592.7542	3.43
823.4856	4.533
961.9	19.08
694.6498	18.502
361.3192	2.849
863.7536	17.409
811.6291	8.543
1065.8012	17.109
709.6323	15.405
810.6012	5.583
1355.3692	17.162
687.6479	23.313
784.561	7.53
906.8297	18.147
219.0474	1.064
881.7213	16.944
837.6198	8.298
764.5572	7.997
821.6515	10.658
1176.3299	17.436
684.6205	18.037
801.621	9.447
821.5282	7.231
685.6327	18.42
618.5739	11.097
485.3487	2.168
856.793	18.065
882.7604	18.147
894.8492	18.859
1361.1883	17.628
920.312	15.982
671.628	18.393
802.5968	9.036
758.2227	10.741
1011.1466	2.003
968.8646	18.065
965.8215	15.79
189.6429	7.394
519.3766	3.566
406.376	7.04
951.8218	17.71
1033.7004	2.114
1341.2673	18.393
922.8807	19.19
831.57	7.259
696.5926	15.323
1139.8202	17.327
985.8176	17.463
548.7276	3.516
955.8162	17.163
879.7039	12.395
863.7526	15.132
647.6256	11.125
549.4877	17.71
989.8492	18.092
921.8682	18.914
607.0952	3.428
931.7797	16.092
582.5934	8.871
938.7808	15.818
1159.4137	8.432
803.5998	4.809
336.3259	2.575
1295.3661	12.34
373.3664	18.393
670.6474	23.38
928.8326	17.846
632.6063	11.152
908.8292	17.71
159.0111	23.105
509.512	7.53
1330.2886	18.393
798.5398	8.38
956.8286	17.163
917.8184	17.791
682.6135	18.338
791.6352	11.071
184.0733	8.405
543.8456	2.606
1281.3502	16.943
196.0908	0.701
741.5807	5.419
797.5514	4.229
805.7358	15.954
952.7749	16.724
1055.7722	2.112
542.555	8.27
881.8002	17.71
873.8011	17.464
769.4969	3.761
928.7607	14.001
815.5622	3.623
593.4423	3.814
1047.7749	14.792
219.2108	18.342
580.5381	11.07
940.8157	17.491
842.5797	4.532
1279.0968	17.737
243.2107	18.393
397.383	18.338
398.363	5.943
697.5136	11.152
863.6169	6.383
718.6499	18.174
850.5727	9.09
987.8777	17.846
683.4905	8.703
836.6696	11.152
977.7267	16.168
663.5995	8.541
690.6005	17.819
853.8012	17.791
779.6959	16.692
865.7699	17.764
928.7606	15.543
937.5166	6.52
780.65	15.104
752.6914	18.037
672.6372	18.393
233.2264	18.037
906.6064	7.121
820.547	4.809
851.6725	10.851
637.5106	11.207
839.5627	4.147
982.8648	18.24
792.5401	6.684
160.9048	8.762
727.5817	8.762
398.3504	2.303
685.6687	18.365
952.8329	18.037
919.8162	16.504
1082.0392	8.27
212.074	22.733
798.6576	9.228
1341.2658	18.502
1409.1522	6.875
629.5874	11.125
1175.8301	17.436
915.7841	17.489
857.593	6.41
247.242	18.42
928.8158	17.846
501.3346	2.139
801.5418	7.176
767.56	3.295
836.7711	23.105
691.5658	6.301
785.5692	7.75
825.5842	4.698
704.5977	6.875
952.817	17.655
755.5422	5.888
572.3706	2.084
703.6429	18.502
422.3261	3.596
892.814	18.092
1018.8647	15.872
829.5839	4.533
1275.1013	8.243
798.6009	6.602
918.8029	16.037
673.5829	15.296
792.5896	7.204
463.426	5.281
273.2577	18.037
826.597	4.975
740.655	15.05
805.7111	16.835
819.6419	8.38
376.2975	4.369
772.6126	8.325
1475.9853	2.195
704.5611	6.848
722.5477	6.876
771.5734	6.957
899.7905	22.733
956.8645	18.502
919.8432	18.393
814.075	3.514
830.6352	8.543
704.6463	23.037
1015.6592	2.003
355.34	4.366
781.6535	15.05
727.5644	10.796
920.8282	17.737
708.633	18.146
284.2951	3.321
1014.1551	2.001
927.7054	15.79
1218.0699	11.125
792.708	23.105
776.5598	9.173
782.7232	17.873
1026.7933	16.998
768.227	15.625
594.4734	5.419
949.8996	19.218
972.6808	2.166
548.3619	2.085
215.1794	18.01
821.6253	8.325
508.3248	2.276
542.5277	8.216
856.7469	15.982
834.7554	23.038
725.6278	15.625
730.6984	18.365
938.7504	15.927
842.5802	6.985
881.8327	18.092
520.3324	0.644
1156.3241	7.395
555.3958	2.004
669.638	22.836
622.1051	3.401
763.6009	7.559
510.3184	2.056
830.5668	7.641
701.5755	7.122
902.7802	17.436
284.2664	2.849
618.6073	11.125
713.6488	16.229
902.781	17.027
784.6813	14.858
933.8308	17.382
781.5937	8.216
708.6293	15.708
555.5286	10.908
763.5175	8.707
726.6237	15.269
890.7821	23.105
808.7395	18.338
912.7651	14.886
645.5611	14.637
826.5966	4.809
900.8307	17.846
927.8203	17.491
773.6262	9.421
353.2662	2.715
783.7265	17.6
297.2424	18.037
792.5529	8.489
816.5756	3.07
840.6223	6.548
928.7607	14.112
902.8468	18.147
675.6128	11.234
838.6228	9.091
958.8077	16.559
765.5734	8.405
830.555	3.375
900.7845	17.409
750.6396	14.968
765.9874	1.977
878.5784	8.926
939.5148	6.492
814.7651	18.338
907.8156	17.354
866.7817	18.092
909.8316	18.092
918.8107	17.764
1044.7002	2.056
485.3276	2.193
766.4891	1.974
865.7955	17.928
792.5196	6.711
1325.2178	18.393
1364.4247	17.491
916.8335	18.174
942.894	18.037
771.669	15.187
638.5634	10.106
838.5598	4.67
855.5575	2.961
765.6173	12.035
761.6278	6.876
991.7822	16.834
779.4198	11.098
263.2369	2.851
682.6142	18.612
898.7865	23.105
723.6389	15.05
577.5188	17.764
672.675	18.393
664.588	10.079
804.5745	8.379
1250.3492	17.6
629.5876	11.207
707.4916	8.735
783.5413	7.177
679.5666	23.039
784.6092	7.532
621.7708	3.401
226.686	2.606
670.6483	22.939
746.5973	9.091
1149.3256	10.106
860.6482	7.395
775.5683	7.723
776.5803	8.707
1000.2868	7.914
850.6978	17.026
742.5386	7.833
826.5724	9.806
758.5705	12.035
846.5493	2.961
927.8108	17.71
551.5036	10.961
806.7242	23.105
663.5718	23.093
948.8231	15.982
570.457	2.059
203.1794	18.01
1409.1422	15.132
617.5744	11.043
928.7603	14.554
682.6138	22.836
1369.1472	15.324
1063.8027	17.108
810.5916	6.902
710.629	15.46
737.579	8.243
1368.1436	15.313
850.7499	16.944
788.6616	9.914
515.8142	1.976
884.8512	18.092
371.3581	17.627
698.6083	18.147
802.0443	7.149
857.663	6.602
817.7824	18.338
948.8015	17.382
667.5996	16.092
880.5369	6.328
795.6091	8.543
504.3666	3.596
362.926	0.952
828.7046	11.647
835.5866	3.483
700.6879	18.365
430.2431	3.623
1330.137	8.353
947.8472	17.764
371.3713	18.42
884.6943	8.379
821.5882	7.477
1340.2584	18.42
295.2996	2.469
695.6452	18.447
699.6844	18.832
721.5541	7.668
587.544	10.988
795.7262	17.846
801.676	10.41
794.5696	6.984
699.5116	11.125
637.9704	3.735
671.6532	23.725
265.272	8.243
1443.4028	15.105
708.62	15.351
722.609	10.769
848.7487	17.737
229.195	18.01
1212.8398	17.518
967.6592	2.168
1213.3393	17.518
962.8646	17.791
850.2518	5.694
832.7388	17.71
843.2454	16.174
904.7606	15.954
675.6129	11.07
780.7084	23.105
557.4722	3.016
824.5973	2.852
587.549	10.355
617.6101	8.216
552.4026	3.347
957.7957	16.174
946.8807	18.969
917.8377	18.311
408.3082	2.936
1176.829	17.409
212.0742	18.557
1102.8108	17.217
776.5714	7.45
727.563	6.903
704.567	14.83
878.6598	8.38
973.6925	8.461
1320.1583	17.983
906.6417	6.684
857.7603	17.791
718.6328	17.873
746.6086	14.666
686.6417	17.027
758.5605	6.656
902.7442	15.16
902.6592	7.53
846.6603	8.762
765.5331	8.762
1392.1435	15.296
853.7276	15.296
614.5631	11.207
657.6078	11.207
950.817	17.873
784.5858	5.445
954.7758	15.269
738.6037	10.879
836.6698	11.207
636.6294	14.499
1028.7921	16.971
371.364	23.38
925.2693	6.766
985.8622	17.573
793.7112	17.573
788.5971	7.75
799.6555	15.214
739.638	16.725
850.8071	18.338
796.5489	3.098
886.7493	15.214
840.793	18.201
791.563	7.723
684.6209	15.406
904.8137	17.873
992.6568	2.221
928.7598	15.16
800.6177	9.228
810.6015	5.251
589.4809	9.558
797.7329	17.3
851.8134	18.338
506.5298	10.823
883.8485	18.393
629.6385	8.297
901.6467	7.204
566.587	17.354
1249.8491	17.6
840.5753	4.532
1280.1004	17.737
804.6022	8.707
445.3675	7.504
843.6474	6.575
844.6072	5.694
496.3404	11.454
792.5902	7.067
191.4045	8.434
790.5637	8.757
779.5499	8.73
1220.085	11.071
1436.3061	16.835
722.631	16.725
785.6119	7.751
722.5539	7.121
735.6479	15.323
836.0882	3.488
771.669	15.269
280.2632	2.221
547.3563	2.468
1220.085	11.152
1438.0898	7.421
892.7982	22.733
184.0731	7.367
1158.9122	8.434
1389.1953	15.05
945.8311	17.464
717.5546	5.804
219.2107	18.037
808.7297	17.19
849.6249	9.888
430.3762	8.27
614.5722	12.708
551.3898	2.687
791.5635	3.899
744.6839	16.835
755.6063	7.23
1499.411	17.573
842.591	6.135
961.8261	15.872
915.8031	17.491
618.6054	11.18
988.9275	19.383
1406.1928	15.187
867.6836	17.382
781.7111	17.6
585.5288	9.613
702.6391	23.037
833.5882	6.656
700.4547	7.175
684.6262	16.092
680.4805	12.92
699.6122	23.133
850.8132	18.064
483.3274	1.756
799.1008	8.516
794.5971	7.888
930.832	18.147
954.7761	15.68
1008.6935	2.111
1002.8089	16.775
758.5149	7.394
580.4083	2.139
821.6257	9.009
782.5698	11.098
552.3293	1.756
631.4704	9.942
954.7757	15.46
373.3736	23.38
733.518	2.903
958.808	16.471
690.6483	11.152
589.393	1.921
1360.2721	16.834
792.7079	22.733
1464.4918	2.193
624.543	15.187
713.6634	16.064
767.5992	8.434
263.237	2.358
856.6431	6.656
353.316	2.662
798.5919	7.805
821.6484	6.875
1159.9147	8.407
894.7027	17.463
316.321	2.385
718.5751	7.97
846.7812	17.382
792.6864	15.323
748.66	18.065
670.5614	17.627
166.655	18.01
753.6875	17.135
548.3587	2.633
892.7971	18.338
543.3812	2.194
982.6783	2.032
976.8547	15.982
768.562	8.352
809.5788	6.328
615.9574	3.763
549.4664	15.187
900.6413	6.957
660.5868	8.543
1362.1913	17.626
530.394	2.111
522.3682	2.111
846.6599	8.708
809.5862	8.707
764.655	15.324
990.8529	18.092
818.5917	9.036
1244.0847	11.289
781.7111	17.354
843.6415	7.53
601.5196	10.052
711.5414	6.219
820.5468	4.505
880.5366	6.466
658.5093	2.027
1333.2063	18.037
782.5702	5.251
408.3104	3.598
784.6038	7.503
748.5858	8.926
1294.3655	12.34
749.5865	8.68
916.7962	17.491
483.3272	2.168
982.2756	15.406
578.5872	17.301
739.6075	10.244
844.5248	6.82
851.5995	5.141
1276.1046	8.243
643.6133	17.955
615.5907	17.928
703.601	6.876
825.5837	4.837
960.8236	15.982
777.5441	2.876
239.1488	0.672
528.5258	7.532
925.8047	17.163
467.329	2.193
681.6363	18.037
727.6682	16.835
551.5593	16.504
936.7507	9.613
504.3423	2.304
1056.8646	17.516
794.5689	6.711
863.7529	15.269
786.7213	17.573
816.5883	8.106
743.6068	7.778
803.609	7.368
939.5722	0.702
796.6214	9.75
666.4638	8.73
785.606	6.656
628.603	18.174
740.6546	15.132
912.8012	17.873
739.525	8.676
749.6637	17.846
164.1513	18.393
973.8167	17.491
466.3292	2.988
723.6389	15.104
824.5568	8.762
664.5774	16.725
624.6237	10.382
748.576	7.75
1218.0695	11.235
395.3529	3.123
1213.8391	17.518
1251.1804	18.42
786.6528	8.762
525.3606	2.606
769.6899	15.488
726.6588	16.092
977.7269	16.284
873.6214	6.41
850.6066	6.848
849.5601	8.543
782.5703	11.454
515.5506	2.114
564.3586	0.644
903.6627	7.75
1339.2524	18.418
928.7609	13.835
768.5629	8.571
370.3552	6.985
375.3801	18.42
1325.2727	23.038
736.6453	15.708
824.5801	6.465
920.3121	16.092
777.5836	6.876
1393.1464	15.296
667.4788	2.958
701.5483	14.416
1223.8319	2.195
746.6084	14.72
824.7711	23.038
930.8393	18.201
1408.1388	15.132
861.7744	17.928
917.764	16.559
763.4806	1.977
944.7704	16.944
643.618	8.297
1127.1278	8.27
616.4996	9.969
721.5579	8.816
682.6134	23.38
1297.3639	12.34
751.6429	15.077
723.0495	6.876
860.6359	6.41
693.6064	16.834
962.8017	15.132
829.6792	11.125
834.755	22.733
850.7592	18.092
937.7966	17.164
741.5804	5.612
937.8996	19.328
789.6856	11.814
286.1438	1.118
930.8121	17.791
889.769	15.9
936.8139	16.367
689.4919	2.936
850.5958	5.529
370.3552	23.601
753.6179	16.725
571.4292	3.842
774.6381	10.713
723.5968	8.816
713.6271	15.187
824.557	8.844
1342.2705	18.502
496.3402	10.024
930.8129	17.053
908.792	16.339
950.9115	19.466
860.5872	6.383
508.3396	1.866
921.3124	15.982
875.7523	17.791
784.6668	11.481
795.6358	10.437
1311.2574	18.529
930.7802	16.725
854.6385	8.543
917.8003	17.846
962.8019	15.05
820.5467	4.23
1338.2476	18.502
788.5977	9.806
834.755	18.338
912.8019	17.71
825.6567	10.851
727.5644	10.52
928.8084	17.6
288.3172	3.264
817.5788	4.616
1190.1196	11.043
872.7341	17.463
855.7437	17.461
594.6184	17.901
896.74	15.954
678.471	8.735
810.7554	18.338
229.2354	2.086
759.6078	7.395
753.6224	2.797
776.6081	9.118
1339.2042	17.983
824.5709	4.147
756.5901	8.735
772.5697	6.656
846.7278	17.409
614.4832	2.027
1100.8121	17.219
1349.2725	18.338
312.3261	4.284
1003.6572	2.001
727.5636	14.775
832.5846	6.41
1348.2694	18.338
827.7006	11.953
742.5343	6.903
754.5988	10.824
526.4307	2.081
948.823	17.764
782.5322	8.68
539.5237	8.243
891.6839	17.163
371.3642	22.964
925.4511	8.543
624.5494	11.07
810.6541	11.262
367.3361	23.203
824.6822	16.944
857.5995	3.456
303.2318	15.269
981.759	16.366
705.6589	23.037
745.5747	6.438
482.4049	2.109
800.5806	5.528
812.5919	9.09
747.6398	15.324
932.8169	17.491
954.7732	16.724
1154.3828	8.434
916.786	15.434
803.4953	8.817
798.5402	8.489
755.6955	17.027
755.5309	2.903
869.8321	18.092
904.7968	16.971
357.2999	2.849
1221.0588	8.27
796.7398	23.038
1075.3065	9.009
1250.1768	18.393
551.5032	18.061
1223.3433	11.18
720.5932	13.724
892.7968	17.354
703.6432	23.121
1356.2147	18.092
881.7596	16.01
579.5904	17.163
808.6816	14.995
796.6132	9.173
983.8467	17.163
371.3586	23.133
727.5758	6.08
631.5667	11.207
1212.3398	17.518
1175.3302	17.409
880.7973	17.3
714.6034	16.725
381.2976	3.514
1377.1516	15.378
461.3947	2.936
713.6522	16.835
845.5825	6.957
645.4657	2.986
998.3271	16.257
726.6609	16.725
783.0699	7.477
1362.2163	16.834
1344.2297	18.092
764.6048	7.368
704.6463	18.393
805.5276	2.63
804.5542	5.777
739.6074	10.575
780.5889	8.461
544.3844	2.112
1140.32	17.327
640.4293	2.139
1303.2121	18.393
978.834	15.872
724.6239	15.297
878.7808	17.709
693.6294	23.133
788.6308	8.762
574.5454	10.988
1259.3146	2.003
792.5195	6.602
801.6488	9.942
772.5492	4.122
229.1991	2.936
856.5706	3.043
782.5703	4.837
684.6264	16.477
550.5556	16.944
515.4126	8.762
673.6602	23.121
945.8595	18.42
843.7267	16.835
689.6544	18.42
881.4066	8.844
638.538	11.125
676.608	18.502
921.7306	17.873
792.5541	6.219
919.8342	18.092
810.6828	11.454
672.6567	23.56
282.2792	8.243
1401.1153	15.214
568.3372	1.892
281.2475	16.834
920.3122	16.753
828.6223	7.751
950.8877	19.494
776.6058	8.489
815.5638	5.003
669.638	23.38
907.7796	17.955
932.8276	18.174
1367.4234	17.516
910.7855	17.516
795.7271	22.733
811.758	18.174
808.7392	18.502
583.0755	2.799
372.1586	1.118
808.0345	2.63
311.3139	3.405
1207.3314	16.67
685.4149	12.838
851.5992	5.804
794.5672	7.204
780.5537	4.147
636.7805	3.373
961.8166	17.737
801.5838	7.586
549.5074	10.713
702.6547	11.152
906.6067	7.067
856.7391	16.944
1278.3544	19.055
766.5299	7.122
717.6376	17.846
598.4186	2.027
875.8249	17.764
799.6414	9.996
1437.3096	16.834
732.5998	7.067
912.8019	17.491
425.2144	1.671
827.6639	9.942
682.614	22.964
918.7549	16.752
945.6785	6.41
1444.1202	8.707
828.6123	8.461
892.7394	16.422
728.6462	15.215
990.8339	15.982
638.5383	11.234
535.2983	1.976
730.6132	15.05
489.6913	3.625
1092.8072	18.613
679.5692	16.725
800.5804	7.696
709.6263	18.147
779.6954	16.835
618.5775	11.207
549.4882	9.558
928.7957	17.491
935.6437	4.147
469.3118	1.561
242.2114	2.936
1258.8131	2.004
612.5476	9.942
772.6418	9.2
944.269	18.229
817.651	11.235
373.3808	18.393
1166.8259	18.806
1046.7721	13.946
778.5446	7.368
344.2276	0.676
823.5444	7.778
897.7314	18.147
768.5625	2.851
748.5491	7.175
1241.3448	18.969
608.5253	8.871
226.6863	7.75
702.5355	2.0
781.0529	7.341
929.7638	14.637
809.653	8.461
719.5374	15.269
451.4296	15.187
698.6615	4.369
718.4654	7.175
1400.1116	15.214
201.1637	18.037
866.638	7.257
758.624	7.395
788.5565	7.778
648.6296	13.168
905.7684	16.725
858.6674	10.134
769.5848	7.75
522.3422	2.112
853.7689	17.3
257.2264	18.393
769.5659	6.793
925.6465	6.821
1055.7972	18.53
429.3723	6.328
273.2577	18.368
1445.4007	15.105
380.355	2.849
806.2356	15.954
703.5488	6.903
723.516	8.735
677.6362	11.098
632.6064	11.207
806.7232	17.846
846.7331	17.382
786.6018	12.145
767.7278	15.625
965.8722	18.502
976.9274	19.494
840.5739	5.141
750.6394	15.022
1338.2477	18.418
665.5866	18.037
553.7246	2.849
336.3259	2.059
1129.8166	18.723
912.7658	15.57
875.6017	7.04
726.6599	16.477
709.5543	8.051
711.505	2.903
795.576	7.75
782.5928	6.52
810.5683	8.543
668.6532	18.42
1277.8546	19.052
151.579	17.819
277.2164	15.68
767.5592	2.553
665.5782	15.68
805.6152	9.805
1375.1328	8.188
913.7686	15.79
836.771	22.733
959.8844	18.804
785.6053	6.574
1476.9893	2.221
923.7467	18.174
812.6421	9.118
151.4675	17.846
903.791	18.147
864.7844	17.71
603.5722	10.355
782.5505	6.547
782.6197	7.149
818.6299	7.395
1204.3351	18.888
915.785	15.982
892.7975	23.121
821.5924	8.571
674.5954	15.79
739.6344	14.858
800.5811	5.279
1376.1487	15.434
596.5921	8.871
714.6034	23.121
875.601	6.547
592.6024	17.382
668.6067	23.037
1093.3068	18.613
768.6863	15.078
775.0937	8.434
876.8376	18.119
601.5981	8.216
795.7273	23.038
788.5832	8.735
796.0777	7.75
833.574	7.777
1203.8353	18.888
1039.6723	1.756
769.6319	2.794
650.4687	12.838
640.5787	11.316
1029.6274	2.003
788.6407	9.832
864.7656	15.954
727.6427	14.858
431.3841	2.767
1083.0342	8.27
919.8148	17.764
707.4998	8.73
659.5016	11.371
585.5603	11.07
729.5797	15.625
1474.9828	2.221
768.5631	9.832
373.3748	22.939
377.3422	2.358
912.765	15.269
932.7926	15.078
936.8595	18.092
758.6172	7.368
891.7844	17.901
615.417	2.004
759.573	11.098
845.5891	6.356
784.5512	7.149
699.2545	11.262
774.5419	9.531
1367.217	17.846
1366.1981	15.324
767.6455	8.405
856.821	23.38
805.494	8.817
1322.2492	23.105
671.6127	8.216
778.6922	17.301
1072.3464	16.615
622.6141	13.196
1439.4448	17.655
1463.1532	7.395
718.5932	7.313
936.859	18.42
902.7443	15.023
706.6232	18.147
668.5829	9.969
874.6262	8.871
1137.8219	17.327
1440.4434	17.655
871.6737	9.118
860.5812	6.356
941.8009	16.147
1433.1422	15.05
722.6082	10.988
812.5441	3.098
876.7646	17.381
858.1015	3.456
566.5869	17.409
723.5365	8.735
1476.4871	2.221
825.5832	5.251
900.6432	6.547
788.5968	7.53
1019.8681	15.872
842.591	4.285
1130.3161	18.723
1005.7582	16.665
538.3496	2.194
919.8532	18.612
860.5981	4.533
864.7657	22.733
754.638	16.725
822.0938	8.543
934.8319	17.819
757.5577	3.872
243.1169	5.75
944.7687	18.229
200.2373	1.428
842.58	7.067
1464.1564	7.367
867.6965	8.38
1315.3641	19.138
766.5365	8.757
850.7668	17.409
761.6541	10.216
279.2319	16.092
919.7151	17.518
921.7522	16.037
650.4684	12.92
846.2932	16.229
1301.1869	18.01
647.5618	11.125
836.8072	18.557
226.6864	17.736
946.8069	17.489
846.2932	16.753
196.6508	8.762
879.6128	3.43
921.8314	17.737
805.0525	7.204
849.7465	17.737
229.199	2.799
807.5114	4.533
849.6569	9.668
696.6651	18.502
781.5579	5.723
855.7819	18.065
1473.3564	18.037
209.1535	2.799
805.026	2.602
974.8754	18.174
746.5696	8.571
939.7628	16.367
595.5212	10.934
642.6191	23.039
293.2124	16.725
941.8007	16.339
1240.8453	18.971
771.6	7.997
804.5511	6.52
564.5713	16.834
954.8491	18.283
767.5596	5.859
847.6731	9.832
993.8534	15.873
753.6802	16.642
802.5868	4.285
478.2926	1.81
753.6948	17.983
386.3499	23.039
1212.8206	6.137
858.5857	4.202
818.7232	23.105
776.2332	4.67
783.6102	8.707
1361.378	17.873
1428.1248	6.876
638.5721	9.942
834.5891	8.568
504.7011	3.598
777.612	8.432
915.265	16.559
979.6654	2.028
694.5987	10.106
753.5425	8.762
1056.2969	18.529
668.6159	18.42
801.5972	3.596
721.6245	15.708
945.2681	18.229
956.8397	17.955
772.613	8.625
889.7691	15.954
1282.2212	18.393
953.8364	18.037
843.5948	3.844
381.3837	4.368
843.6589	9.942
746.6252	8.707
968.8919	19.438
184.0729	2.003
811.6555	15.214
1237.0642	11.179
778.5387	5.584
920.3121	16.229
798.6378	9.668
907.7779	17.846
1197.8285	7.395
998.7872	16.334
717.6224	23.037
1019.6943	2.059
929.7634	15.434
808.5749	7.75
601.4395	3.041
819.5946	8.844
775.5556	8.707
852.6124	5.39
1429.1898	15.05
1214.1177	11.125
669.6397	22.939
738.6762	18.037
768.7266	15.625
1193.1327	11.043
583.427	2.607
852.6849	12.451
906.8115	18.147
480.368	3.62
1340.2592	18.502
957.8315	17.163
189.1637	18.01
636.4462	3.373
726.5438	8.461
660.5566	9.778
1286.8584	17.71
655.63	18.393
209.1536	2.936
816.5674	6.958
960.8497	17.464
741.5254	7.423
1261.3196	2.003
1226.8089	5.143
748.6227	10.575
751.5723	7.093
1020.6535	7.778
956.8645	18.065
860.7613	17.272
1278.854	19.052
919.6541	6.41
1028.8337	17.132
841.2464	16.174
812.6988	13.335
784.6161	7.75
831.6956	10.355
840.5763	3.209
759.2232	10.768
720.5933	13.78
700.6148	14.858
810.602	5.143
723.6124	10.52
778.0457	2.876
666.6034	11.316
1429.128	6.876
931.6631	6.41
950.8382	18.146
804.2366	15.954
218.1983	18.42
663.5714	14.886
930.6912	9.091
734.0197	2.903
800.682	17.3
1261.8221	2.004
490.4448	17.109
890.7804	17.354
1355.2498	16.834
722.6445	18.01
270.2428	2.936
799.6048	6.958
818.6299	7.45
372.3703	23.725
651.4427	7.394
728.6461	15.269
1376.1355	8.188
800.5808	3.983
682.6138	23.243
697.6579	18.418
888.6797	8.762
602.5678	11.097
643.5922	11.098
1153.8802	8.405
680.5276	7.093
816.7048	11.759
714.6727	16.834
695.6534	18.448
583.4098	2.826
1129.3168	18.723
783.6608	15.406
910.7187	15.104
1432.1386	15.05
821.5882	7.259
813.6646	11.152
644.531	11.371
923.884	19.19
153.466	15.214
706.4643	7.423
917.6995	17.163
720.573	6.985
729.5628	9.778
1352.3736	19.218
826.7795	17.71
813.545	4.092
936.8478	18.147
831.6383	6.656
794.5684	8.052
513.5066	6.821
732.5452	6.081
810.7559	23.105
582.5093	8.461
851.252	5.694
800.5811	5.059
815.5632	3.43
568.3999	2.821
904.7599	17.491
464.1442	5.419
1166.3264	18.806
865.5656	7.012
161.1324	18.393
871.8124	16.916
1315.8638	19.135
920.3123	16.642
723.6482	17.627
683.6531	18.368
764.5381	8.707
908.791	18.147
695.6368	17.983
869.6994	17.71
873.7955	17.489
698.5294	5.584
877.7693	16.944
781.6228	7.423
797.5522	3.899
623.4528	3.013
812.6983	13.419
778.4254	11.098
716.5589	7.805
822.7802	17.71
679.6215	18.065
524.3717	11.454
918.812	17.407
962.8747	18.447
1357.2177	18.092
1286.359	17.71
764.52	8.707
568.7343	2.825
392.2794	3.596
894.8125	17.71
821.6253	8.188
962.7663	9.75
929.6783	8.571
1128.1312	8.243
693.6375	17.655
386.3496	7.148
911.7794	17.163
541.5598	8.243
1167.3257	18.806
812.5974	9.146
1092.3075	18.613
825.5826	5.141
1055.2976	18.53
682.641	18.201
802.587	4.67
782.7142	17.135
929.7642	13.973
958.8093	16.147
784.5859	8.762
734.6443	15.214
991.8385	15.872
288.2766	18.42
688.661	11.098
976.8366	17.791
939.7845	15.79
902.7449	14.471
1249.3496	17.627
807.6072	2.797
847.2925	15.16
949.8622	18.147
523.2952	2.222
761.5264	8.652
752.538	8.707
1250.8483	17.628
660.6209	11.098
244.1906	2.799
880.1145	3.43
904.7957	17.846
690.6576	16.834
794.6656	15.05
947.8016	15.79
776.5464	6.985
567.3248	1.702
1324.2113	18.393
1452.0583	8.735
841.5783	4.369
824.6172	9.228
280.2351	15.406
755.602	9.942
554.059	2.821
846.2929	15.79
558.5359	8.243
1326.2211	18.393
758.5713	12.506
879.7319	17.464
804.5544	5.528
647.5765	17.655
820.6221	9.2
826.6676	11.125
835.6576	9.888
716.6189	18.092
699.6674	18.475
659.6343	11.125
942.8126	16.669
516.3059	1.645
1234.1494	20.461
697.5968	23.093
765.6182	14.056
914.8169	18.092
1314.8645	19.135
564.4852	15.215
704.6345	18.01
651.5976	18.037
818.5909	8.625
1258.3113	2.004
937.8625	18.092
525.3868	2.632
920.8283	17.901
226.686	15.214
1069.3497	16.835
406.3759	7.095
806.7237	22.733
787.6049	11.098
1439.0934	7.421
1466.4995	2.193
677.6453	10.908
920.7918	15.872
945.6793	6.356
316.3208	2.168
677.4579	7.423
611.1835	8.161
551.6322	10.079
1326.2764	23.038
1374.2031	15.378
368.3394	23.039
580.5378	11.18
727.6793	18.393
772.6224	10.492
914.8166	17.491
402.3446	7.094
502.3376	2.245
867.7849	18.092
763.6346	15.023
1241.8447	18.969
1442.4021	15.105
580.2918	1.972
796.5482	7.175
809.7437	23.038
919.8158	18.146
767.5594	2.387
1164.379	8.407
664.6034	23.133
781.6129	9.036
1083.043	8.27
854.8112	23.093
1018.865	15.982
200.0744	23.892
785.5892	4.837
792.5631	3.543
701.6179	15.214
668.6668	10.382
841.5788	3.043
895.8525	18.859
841.6681	17.354
672.6279	16.834
846.5489	2.879
714.603	18.037
840.5755	4.864
226.6859	6.383
696.614	11.316
794.7238	23.352
780.552	8.757
757.6383	11.016
920.7553	9.832
898.7563	17.516
593.944	3.814
1203.3358	18.888
454.2925	2.056
602.5677	11.207
726.6762	18.447
708.5444	6.902
948.8227	15.9
849.8003	17.737
244.1203	5.887
846.2933	23.038
1192.8026	7.258
545.3404	2.111
615.5722	9.888
761.5261	8.844
907.7688	15.132
972.8587	17.846
1066.3007	17.109
236.0717	23.038
928.7611	14.196
1396.1979	15.324
732.6288	15.352
818.7097	12.894
1383.9546	8.707
881.76	16.092
624.2365	9.778
702.5094	7.012
696.665	18.42
663.4538	12.763
824.6532	10.438
884.7709	17.163
480.3084	2.193
832.572	7.175
407.4076	7.04
780.7077	17.873
694.6135	16.999
1203.3353	16.835
739.5918	7.067
978.7303	16.174
826.6062	7.204
840.5745	3.568
643.4484	2.607
1457.1318	6.82
1222.0615	8.27
914.7807	17.163
1150.3475	7.395
823.5666	6.849
425.3626	5.502
549.4161	3.869
797.6157	8.133
851.7533	16.944
962.8205	17.764
886.7497	14.776
1058.2936	15.982
906.6909	9.833
692.6175	17.627
711.5686	15.352
339.2398	3.043
177.1606	18.393
748.5366	3.598
771.7053	16.009
667.5998	16.444
460.4915	1.589
846.2933	16.092
377.2663	2.358
770.5499	3.543
854.8054	17.763
789.541	6.793
846.2933	16.34
524.5037	7.532
839.5624	4.396
675.6663	18.42
822.6011	7.942
889.7694	16.147
424.2821	2.799
835.7484	17.301
791.568	8.73
1389.383	19.273
313.2889	18.01
929.7639	15.543
735.5636	7.121
783.6604	15.16
1167.8253	18.806
702.6668	16.835
753.6949	18.393
206.1984	18.421
866.5904	3.679
786.5539	6.684
986.8214	17.463
404.2358	1.671
700.5274	8.461
644.6062	11.097
906.5967	6.574
845.6106	5.501
816.6944	11.426
608.385	0.644
744.5629	10.272
647.5128	4.45
743.5375	15.05
1498.4105	17.573
837.7753	23.105
928.7087	15.79
722.5974	9.118
926.2664	6.766
925.7885	17.217
539.049	2.854
819.5949	4.837
703.5427	15.434
158.9639	0.979
859.5708	6.356
768.5636	9.172
1066.8528	6.903
655.4707	8.981
900.7808	17.217
727.5746	6.328
953.9005	19.521
983.8689	18.265
409.3114	2.794
713.6272	15.269
337.3076	2.469
683.6536	18.557
1157.901	8.434
1409.2045	11.234
862.7686	17.354
823.641	9.145
1214.3389	17.491
560.311	2.114
702.6545	11.071
952.8331	18.092
821.6512	10.41
1103.3102	17.219
868.6871	17.382
794.724	22.836
1387.149	15.214
1029.2911	16.998
954.7761	15.215
226.686	6.63
1177.329	17.436
905.8019	17.764
854.731	15.269
838.6331	9.227
396.3558	2.849
762.6473	9.723
921.6223	3.043
772.5494	3.761
914.7809	15.16
795.6608	15.405
1154.8845	8.406
807.5474	6.848
659.6344	11.016
690.6485	11.235
677.6362	11.262
670.6218	18.42
836.7708	18.529
200.0743	23.505
747.5223	8.735
1202.3349	16.835
488.3592	2.657
1237.0646	11.235
844.5463	4.092
955.806	17.491
856.8214	22.964
661.6137	11.097
888.7653	17.108
550.5556	17.163
828.7134	17.71
496.3404	12.008
848.8052	17.764
162.1497	23.037
756.0327	2.881
598.0854	2.796
880.7542	16.367
1370.3834	13.89
175.1481	18.368
903.632	6.383
831.5572	2.851
520.3524	1.757
860.7701	18.147
801.5644	6.684
789.541	7.285
820.6214	8.653
766.5836	8.379
1294.4028	17.354
597.7508	2.771
643.6066	15.023
387.3588	7.122
811.5944	7.668
886.7499	15.625
686.2008	9.366
906.8539	23.037
922.7742	17.19
1146.3655	16.916
807.6381	7.969
360.3157	2.358
785.5889	5.141
641.5912	12.92
812.5432	2.853
898.8147	17.491
918.8132	18.214
690.6487	11.016
854.6273	6.356
583.5538	7.805
749.531	7.75
245.2248	18.42
989.2835	16.834
694.4662	7.423
878.2555	16.394
906.7766	23.105
712.0067	2.936
680.5979	17.627
363.3415	2.853
339.2892	11.234
367.336	23.38
757.6535	14.831
376.2832	7.067
913.7686	14.858
697.5963	14.416
799.7487	17.71
774.5629	8.434
772.6168	6.63
296.2301	15.269
902.7448	14.389
824.734	16.835
796.5484	6.329
195.6428	7.149
903.7845	17.027
873.6412	6.656
990.8333	15.132
903.7477	15.16
812.6974	14.885
719.5973	7.53
741.6415	15.269
1351.8738	19.218
903.8494	18.147
845.5416	8.516
773.5529	4.478
974.912	19.245
748.667	2.824
1352.873	19.221
942.8125	17.163
850.7493	17.354
707.6165	17.846
885.4017	8.817
909.8324	17.71
217.195	18.037
661.6136	11.234
824.625	6.574
1403.0905	8.68
906.7758	18.092
949.8264	15.982
450.3573	3.62
646.5642	14.776
834.7551	18.174
712.6516	15.405
780.708	22.733
808.7394	23.352
920.3123	16.505
550.6287	23.038
959.8113	16.559
582.5346	11.098
711.648	15.077
869.7975	23.039
1340.2069	17.983
903.7844	17.436
814.6923	16.092
992.2814	16.834
818.7144	16.559
796.5487	2.961
678.6186	17.791
794.7235	18.338
1005.681	2.141
839.6259	8.622
717.526	7.641
920.8472	18.421
226.6861	3.596
842.5222	7.368
842.5908	4.56
989.9313	19.383
536.4075	3.07
367.3431	15.406
703.6068	6.875
839.7802	17.928
680.5977	14.803
384.3341	23.039
881.594	6.711
766.6713	15.708
678.4344	7.148
687.5486	17.983
704.6338	17.873
635.5538	14.747
640.603	22.733
785.5642	7.53
969.8681	18.061
1222.3252	2.221
303.2317	15.187
866.5677	6.301
189.7677	7.395
1098.0646	8.243
1445.6301	8.73
964.9277	19.604
1470.3277	17.681
404.3603	7.723
219.1743	4.174
884.852	18.393
1220.3843	17.163
762.6608	15.9
952.2746	16.724
912.7655	14.554
799.5571	2.876
813.7095	11.152
709.6518	18.037
691.6413	17.819
985.6664	2.194
696.5417	7.395
865.8051	18.502
402.2851	2.826
563.7374	3.488
865.6684	17.027
550.6282	9.888
773.5527	4.23
1315.2039	23.105
580.4972	8.27
782.57	4.615
701.5304	8.38
533.4427	8.784
785.6453	8.571
1001.2868	7.914
829.7164	13.697
612.7609	2.77
434.3261	3.598
877.7685	18.092
1204.8347	18.888
1240.0781	11.097
582.5094	8.405
995.332	16.753
812.5974	9.09
766.5388	7.614
888.766	23.105
878.782	16.944
791.5759	7.997
720.582	8.899
493.5172	8.27
815.6168	6.656
509.6984	2.878
813.6004	6.356
1441.4424	17.655
728.675	18.612
1221.1535	11.152
828.5386	2.988
960.75	8.762
718.6349	11.125
895.8373	18.092
808.7397	22.836
755.6023	10.161
722.5111	12.92
1130.8158	18.723
662.4397	7.777
1435.2204	11.207
1230.811	2.221
793.5935	8.27
232.2138	18.42
918.8125	17.6
813.61	8.188
833.7429	17.573
1393.1468	15.05
957.8683	18.529
297.2426	23.037
853.7276	15.434
816.5904	7.53
430.3761	5.777
162.1488	17.327
611.6283	10.382
1475.4831	2.194
162.1488	15.9
645.5581	17.928
887.5636	6.492
705.6293	17.627
823.6093	9.888
761.5891	11.043
620.6068	10.934
658.4894	10.106
438.3786	2.109
964.6766	2.221
994.6871	2.221
576.5063	17.764
358.2999	2.717
210.0585	23.105
960.7501	8.843
809.7428	22.733
755.6023	10.438
736.5791	7.067
757.5567	4.149
860.6304	6.41
1316.2079	23.105
937.8626	18.365
1093.8063	18.613
721.554	7.832
1291.075	8.27
981.2786	18.311
578.4128	3.456
862.823	18.612
808.6389	9.696
794.6515	9.763
401.3818	6.219
522.5218	8.243
397.383	18.722
970.8434	17.491
1469.3244	17.682
807.5792	8.762
1277.3549	19.052
696.6658	18.722
765.5333	12.92
958.8069	15.269
921.3119	16.753
902.1277	3.43
1395.194	15.324
707.5861	6.876
363.3273	2.826
910.7865	17.163
1018.6293	2.001
906.7816	16.725
612.5713	17.436
416.3027	2.851
367.336	17.628
990.9432	19.659
723.6429	16.725
697.6323	15.46
713.5944	16.725
1279.3537	19.052
533.5294	16.477
808.5602	7.286
502.2926	1.757
884.4077	8.816
1426.3922	19.328
811.6234	8.543
831.5737	6.024
798.6667	16.889
886.7501	15.543
730.6986	18.475
663.5906	17.272
804.6022	8.844
673.6688	18.612
1169.0597	10.934
771.7053	16.064
639.5906	17.573
1240.3455	18.971
832.583	7.915
902.7452	13.558
1388.8833	19.273
313.2736	11.125
1314.2123	15.269
784.6669	12.673
360.3159	3.321
898.8089	17.489
725.6188	14.858
162.1488	22.733
784.5855	8.461
929.7637	14.72
829.6807	11.509
945.7741	16.916
920.7615	16.725
1157.138	8.243
786.6454	8.816
758.5076	7.395
796.5852	8.516
759.5542	10.162
640.603	23.039
819.6098	8.762
578.3926	1.757
717.695	18.722
787.5664	8.757
726.5233	3.625
780.5536	4.369
893.8001	17.354
667.6219	23.725
1191.0501	11.016
704.5105	3.65
714.6594	23.065
1343.2744	18.42
651.456	3.345
827.6002	4.975
925.7945	17.382
756.6538	16.725
798.5652	3.376
899.79	23.105
712.5879	23.038
660.6212	11.044
783.7043	17.764
593.0884	3.46
367.337	22.939
824.7712	23.121
1057.868	17.516
651.6081	18.393
852.6109	6.574
807.5972	6.82
1389.8826	19.273
849.2898	14.94
955.7792	15.269
798.564	6.465
371.3584	18.859
755.6743	15.397
866.5911	5.113
835.7594	23.105
1028.6683	2.111
766.6925	23.038
857.5862	8.134
736.6237	15.05
583.5534	18.035
1303.204	18.174
947.8845	18.969
524.3482	2.606
843.7447	16.202
832.57	2.879
905.7635	15.954
749.6631	18.01
828.6031	5.97
725.6271	15.214
986.9122	19.135
804.6212	8.434
915.8207	18.01
656.625	18.201
811.6941	9.887
718.5375	8.734
768.563	3.043
678.4702	7.395
823.5444	7.532
711.5693	7.176
768.5631	4.562
938.8001	17.164
888.7659	16.725
782.5185	7.149
961.8263	15.982
957.8225	17.791
977.858	15.982
953.7209	15.927
1321.2332	18.037
942.8127	16.61
721.508	9.063
934.8711	18.749
810.602	4.948
758.5697	4.532
894.8398	18.529
1074.3333	6.903
866.5678	6.52
759.5739	11.454
921.6218	2.878
371.3578	17.382
832.7394	17.873
973.8174	15.872
784.6814	14.802
926.7801	17.163
358.3682	3.182
1470.1273	6.875
1392.1436	15.05
1453.501	2.166
938.7817	15.626
667.9806	2.961
607.764	3.428
924.3072	15.79
949.8266	17.818
1319.1487	15.379
744.5628	10.575
929.7643	14.112
810.6019	11.454
163.145	18.393
777.5738	4.147
800.0586	2.851
509.3791	2.879
283.175	0.676
719.6534	18.174
1323.258	23.038
717.6859	17.354
680.5982	23.039
592.4706	4.92
1161.8513	7.477
768.563	4.205
1368.4212	17.491
821.7331	16.945
237.1022	0.756
844.7301	16.669
767.5626	0.013
784.5984	7.177
1412.192	15.05
777.5704	2.821
796.7392	18.174
859.5897	3.844
821.5699	2.851
769.578	6.63
857.8243	23.121
809.6848	14.984
974.8209	17.491
1389.027	8.735
793.7119	23.105
1403.1833	14.94
760.7088	16.835
1080.0534	8.243
846.7752	17.409
839.7006	11.371
807.5578	4.149
1235.1532	20.461
901.626	3.43
627.6231	8.216
758.6564	15.187
724.6441	22.733
848.7359	17.737
742.6344	15.214
765.5628	6.929
825.678	8.405
793.5926	7.204
817.579	3.07
855.5573	2.903
767.6655	15.406
1143.3687	17.163
295.228	16.725
658.5409	8.652
874.8297	17.791
697.5962	14.499
329.1594	1.671
669.6381	23.243
371.3642	23.23
490.0258	3.625
740.6554	18.037
784.5836	9.64
847.5411	8.513
843.5828	4.532
614.5148	18.01
886.6268	6.41
1369.3847	13.89
955.78	15.68
673.583	15.05
845.6274	6.656
647.5982	11.016
955.7795	15.818
922.8068	17.737
523.4718	17.71
768.5624	3.598
668.6083	18.502
888.6801	8.707
933.7955	15.104
830.7232	16.944
834.5862	5.113
765.5586	8.434
758.5705	11.426
851.5762	9.118
624.5494	11.207
496.3404	10.548
817.7118	16.752
793.5576	8.461
657.638	18.584
945.7856	15.132
1318.1449	15.369
368.4249	4.367
810.5996	6.41
506.3594	2.632
761.5604	8.379
892.7969	17.6
710.5182	8.676
785.6847	14.858
720.5538	7.341
772.6448	15.215
1238.1251	11.262
760.6288	8.434
884.8349	18.065
585.5596	6.63
696.6658	18.859
1384.9578	8.703
946.8072	15.872
396.2386	3.041
972.7715	16.665
633.583	12.062
300.2016	0.676
645.9674	2.986
760.5861	12.035
830.5874	4.533
955.7794	15.46
802.5453	7.149
369.358	15.406
690.5877	16.092
609.5286	8.652
1181.9063	8.461
1363.2202	16.835
1410.1451	15.132
826.5974	4.67
687.6481	23.601
719.5376	14.859
689.9935	2.936
955.2725	16.724
576.5069	9.914
626.4233	5.888
663.4546	22.733
705.6012	15.023
492.4642	15.269
640.6355	8.871
651.1216	3.347
978.8524	18.092
549.062	3.514
775.6015	6.629
550.6285	22.733
556.5208	8.243
631.626	8.243
912.8743	17.928
808.7397	23.203
652.6028	17.791
920.792	16.147
643.5922	11.207
746.5701	10.135
739.5248	8.789
779.6322	10.879
740.6416	16.725
361.3657	2.387
811.6048	5.555
694.6318	17.819
1322.2009	18.393
607.6218	17.627
1133.3119	16.394
951.8209	17.873
1227.8122	5.143
696.6483	18.42
492.4642	15.187
1160.838	7.421
876.7294	13.168
674.5318	4.615
889.6436	6.41
1308.0905	8.27
1304.2073	18.174
1395.1769	15.215
878.744	17.409
1455.5092	2.166
745.5845	7.997
612.1812	8.161
571.9308	3.842
828.5629	4.533
524.5403	16.504
784.7111	17.791
783.7269	17.901
848.5781	5.583
1034.7041	2.085
811.6435	9.888
900.7778	17.791
844.6509	6.656
590.3215	1.645
830.5543	3.486
861.6528	7.341
496.3399	10.933
642.597	11.125
691.5967	16.834
810.6555	8.461
496.3404	9.365
839.6359	9.914
917.7997	17.464
192.1594	0.732
1457.6251	8.68
1065.8495	6.876
719.638	23.037
785.6119	7.532
732.6485	17.819
854.5535	2.221
678.6182	17.655
761.5894	11.454
907.2599	18.146
765.6181	12.506
542.3754	2.112
1309.0951	8.27
370.355	4.672
297.2425	16.477
896.7169	17.764
944.7402	16.174
770.5596	7.04
759.5541	10.41
766.5532	6.739
190.1469	8.407
684.5136	11.097
837.7378	17.354
1319.2319	23.038
858.6675	10.307
977.9311	19.494
774.6289	9.64
808.7395	23.615
946.7711	9.97
558.5098	9.448
807.7278	23.105
873.7368	17.463
697.5959	15.323
606.6184	17.901
651.6516	12.062
1135.8418	8.816
184.0733	8.762
724.6	8.735
1426.8919	19.331
604.538	18.147
929.7641	14.057
496.3405	12.506
835.5914	8.947
1262.3225	2.004
901.7252	17.325
520.3265	1.756
1240.0777	11.153
913.7381	15.845
757.573	6.656
860.8072	18.338
824.5811	3.872
1192.0536	10.988
766.6923	22.733
825.7741	23.038
822.6547	10.658
1427.3915	19.328
772.7144	16.834
959.8113	16.478
523.5108	8.243
784.73	17.464
1463.1311	8.789
746.562	1.972
951.843	18.119
1410.2084	11.235
712.6434	16.092
771.5764	8.461
771.0646	7.368
843.5831	2.826
173.1324	2.936
1270.2142	18.42
235.1692	4.177
978.7303	16.278
782.7242	23.038
1404.1867	14.913
839.6527	16.944
847.7841	17.382
640.5874	11.125
713.6634	16.421
963.8056	15.132
402.3448	7.696
579.4265	3.041
953.8217	17.626
710.6446	15.022
549.5044	7.532
1425.8927	19.328
913.7697	15.598
445.3826	2.936
371.3711	7.067
694.4966	8.68
828.6117	9.2
723.6154	8.762
846.293	22.733
834.7916	18.338
1471.9707	2.193
902.7456	13.447
189.8935	7.367
858.5855	3.541
369.3516	7.915
389.397	7.067
378.3263	2.936
794.7235	23.615
743.6743	16.092
793.5932	7.093
911.5621	7.067
798.6101	6.656
1157.8283	7.422
600.4321	5.39
879.6633	8.379
764.6766	16.944
162.149	14.444
1454.1033	7.339
1411.1881	15.132
1403.09	8.762
968.8278	17.163
534.3863	3.538
758.6316	7.34
719.5739	17.6
1356.3681	17.19
571.3584	1.756
1045.704	2.058
374.3768	16.834
960.8419	17.764
751.643	14.995
612.4264	2.794
786.6028	14.056
767.2274	15.598
685.5534	14.72
822.5641	3.598
1233.8189	2.223
765.5605	7.997
604.5384	11.316
701.5122	2.906
622.6502	18.311
801.6286	6.629
812.6164	6.301
723.5503	6.875
246.2296	7.066
925.6892	15.05
1142.3682	17.163
635.5895	11.125
865.7255	17.6
900.6313	6.356
768.5637	4.977
741.6075	8.27
1314.3646	19.135
915.8202	17.491
931.8158	17.026
535.5447	17.164
531.4077	22.733
827.5998	4.808
992.9241	17.955
891.8109	17.955
770.5005	3.761
812.5442	7.175
825.774	22.733
575.503	17.491
752.6764	16.944
806.5551	7.641
922.7344	17.873
794.5965	7.668
550.5556	17.573
764.6551	15.05
749.6187	15.05
715.6076	23.105
768.5632	4.012
1360.377	17.873
496.3404	9.145
931.4246	6.766
918.2631	16.559
767.559	1.895
1463.4018	19.411
1463.9014	19.411
881.8002	17.3
404.36	7.258
524.7082	2.854
660.5935	11.234
825.685	10.631
767.559	1.785
632.5253	7.942
689.6544	18.502
812.6055	9.778
946.8628	18.42
777.5632	9.173
808.6099	7.286
712.6443	16.422
1042.5893	7.86
583.5537	7.723
912.8524	18.065
902.798	17.518
916.8322	17.764
893.8013	23.105
1426.1586	9.914
990.8709	17.791
788.6952	16.835
808.5856	5.113
219.2009	18.092
768.5632	8.68
539.3836	2.854
743.559	10.879
956.8277	17.71
414.2618	3.041
949.8056	17.436
892.76	15.434
564.5714	16.944
389.3968	18.368
864.6312	6.656
1411.1885	15.05
836.5421	3.099
1205.3342	18.888
683.6415	10.382
527.4028	3.901
793.578	8.434
937.7542	9.613
876.7654	17.791
1231.3131	2.218
815.6527	17.301
622.4394	3.401
647.5984	11.152
684.6014	23.037
581.606	17.71
794.7234	23.725
993.7008	16.168
702.2142	3.788
1446.1409	8.38
800.6086	8.461
976.8535	18.174
1224.3427	11.207
935.7994	15.927
800.6522	11.125
879.744	15.406
920.3125	23.038
851.5997	5.362
1238.7953	2.168
905.8	16.944
939.5321	6.492
638.6088	9.227
591.4966	10.934
782.5704	12.035
1357.263	23.037
878.8058	23.121
1470.1213	8.816
821.5504	4.809
550.5562	23.105
938.7812	15.488
638.4138	1.757
847.2937	16.505
782.6695	16.725
685.4148	12.893
1251.3486	17.6
735.6287	8.762
946.8434	18.146
1324.2654	23.038
868.7393	17.108
609.6375	18.174
774.2704	12.894
910.8716	19.052
1019.8545	2.879
680.4806	12.763
820.5487	2.961
261.2576	18.037
398.7615	7.368
936.8872	19.052
691.6243	11.097
530.3579	2.413
218.6972	17.79
1390.3823	19.273
758.6065	8.899
834.7551	18.502
702.5102	9.338
859.7494	16.945
1056.7965	18.495
832.7395	16.944
1316.3632	19.138
1438.444	17.655
812.5433	2.77
688.6028	15.269
907.6098	7.122
758.4898	7.368
1436.224	11.207
808.5856	5.417
1026.2931	16.998
908.7926	23.105
399.2506	1.539
703.6438	18.881
759.563	6.465
918.8121	15.9
919.8151	17.382
1317.2178	23.105
787.645	11.207
688.6026	15.132
710.6079	15.269
902.745	13.724
806.601	6.82
802.5357	6.274
525.3643	2.139
918.7545	16.835
774.5441	7.887
173.1323	2.794
743.5424	7.805
640.5	8.954
909.7953	16.339
673.5894	18.502
1282.3488	16.943
285.2576	18.01
660.5933	11.07
638.5387	11.316
1353.3727	19.218
784.5857	11.043
742.683	16.807
902.7443	15.269
684.5136	11.016
929.8261	17.955
841.6256	6.547
1298.3624	12.34
582.2954	1.702
420.3554	7.148
628.195	3.043
770.5597	6.493
682.4976	3.648
150.1354	18.42
631.5667	11.097
766.6831	16.367
799.5675	6.547
763.6346	15.104
664.5748	23.133
495.387	3.62
687.6293	11.098
831.5584	3.375
810.5807	6.821
1201.9895	8.816
741.6582	15.05
191.6553	8.432
722.5121	7.149
754.5665	9.53
1024.6771	6.383
524.5182	8.216
1355.1584	15.434
750.676	18.01
203.1794	18.393
709.6608	18.448
386.3779	18.01
700.6878	18.502
942.8113	17.491
919.7584	16.779
850.6281	9.914
804.7074	17.3
728.5678	10.796
855.8177	18.529
772.5486	3.57
965.8729	18.667
652.6513	15.296
746.4787	2.222
779.6332	8.926
683.6172	18.584
824.6272	7.778
768.7082	23.105
977.8475	18.119
1404.0938	8.68
595.605	12.035
858.6665	9.871
820.7643	17.354
1462.3221	16.889
510.033	2.876
726.0577	6.903
599.5035	17.464
1351.3741	19.218
1287.858	17.682
1216.3868	17.272
810.7556	22.733
1234.3209	2.221
976.8544	15.947
1174.8307	17.436
671.6435	18.037
303.2318	15.05
818.6045	9.393
1165.1101	10.961
870.5484	2.221
623.9544	3.013
683.6168	18.338
858.6666	6.602
1361.1732	15.215
753.5887	8.298
922.8442	18.214
747.5081	2.794
739.607	10.906
602.5221	17.819
852.6842	11.316
1063.3022	17.108
1248.8502	17.6
538.5558	16.752
1204.3982	8.516
775.5684	5.914
397.3831	5.419
1150.3246	10.106
820.6211	8.734
184.0729	6.876
951.9143	19.438
807.5583	7.394
177.1022	0.676
1313.209	15.269
798.5655	7.777
859.5789	6.629
392.2947	3.598
1325.2029	18.393
743.674	16.009
822.0719	2.851
970.7558	15.899
541.4806	15.269
839.5631	4.645
895.773	18.283
430.3762	5.832
847.7308	17.409
497.3597	2.027
924.7503	18.174
570.5732	9.75
769.2262	15.625
790.5742	6.931
1436.224	11.125
1108.0641	8.216
806.649	11.482
726.6759	18.393
887.7528	15.215
402.2851	8.407
813.6104	7.86
786.6449	8.707
983.2751	15.378
926.4541	8.516
1013.8493	17.846
903.6627	7.53
1287.3584	17.709
1446.4001	15.105
959.8123	16.147
1453.1007	7.34
886.6648	7.75
893.8004	18.338
1054.7977	18.53
1412.1916	15.132
904.593	6.984
795.7173	16.944
855.7429	18.092
230.2437	1.561
995.3307	16.944
723.6124	10.713
692.559	7.75
879.5817	8.926
889.6166	6.383
724.6427	15.05
372.3189	3.675
700.6238	18.502
650.6176	10.961
913.8063	17.71
708.5771	16.834
159.011	22.733
906.6417	6.93
436.3252	3.596
923.4535	8.516
495.023	2.903
541.5128	8.27
758.6568	15.269
1318.2233	23.105
430.3762	5.583
594.5122	9.558
1047.7755	13.946
824.6155	8.871
668.6259	23.38
922.3098	16.147
902.7449	13.863
220.214	18.368
1277.3546	17.163
804.5396	7.613
1483.9682	2.221
688.6512	23.23
737.5485	8.762
742.5437	8.811
1370.1504	15.313
912.7845	17.164
870.5486	2.879
912.7656	14.306
1366.1981	15.16
627.5345	6.52
757.5929	8.489
166.9058	18.037
692.4507	7.805
1242.344	18.969
915.8195	18.147
1172.0726	10.934
827.576	9.789
751.6015	10.116
204.1827	18.421
749.5524	7.148
998.7872	16.195
794.6657	14.984
383.3307	23.38
808.586	4.753
762.4998	2.553
1004.8492	15.872
1130.1272	10.355
758.5714	14.056
747.6119	14.666
1010.8966	18.521
919.8171	15.982
822.6372	9.914
836.6061	9.145
828.5382	2.879
903.7477	15.023
244.214	18.01
311.223	16.725
698.6086	23.38
866.5217	7.204
788.5426	7.395
902.749	16.725
249.2486	2.826
1077.3418	6.876
799.6039	6.629
979.837	15.872
777.5737	4.257
475.0159	3.653
988.6443	2.195
829.7923	17.682
690.5924	17.819
832.2415	12.229
1474.359	18.065
918.7759	15.543
1073.8317	6.876
698.6724	18.42
847.2931	15.79
778.552	6.684
882.7631	16.01
1484.47	2.221
931.785	16.725
704.5688	5.804
322.3186	4.369
797.0854	8.516
721.5072	12.763
847.2938	16.753
950.8021	15.817
922.7556	16.092
1219.0732	11.125
981.1641	2.193
361.3193	2.934
352.321	4.366
330.3367	2.441
616.5981	11.125
660.4233	7.204
956.7931	15.626
989.841	17.791
708.629	14.721
980.6605	2.223
795.5729	6.984
865.5962	2.821
506.3152	2.195
866.5911	5.224
428.3579	7.723
742.5436	8.707
782.0752	8.434
844.0849	2.821
842.5221	7.477
808.7398	18.804
929.8006	17.491
580.497	8.188
798.629	9.008
885.7654	17.027
670.622	18.502
785.0918	8.405
229.195	18.42
524.3713	10.051
944.828	15.982
1008.703	2.633
1140.8192	17.327
881.7468	17.819
537.1639	6.766
846.5409	7.286
244.1203	16.504
831.5707	7.668
922.3092	16.753
403.3184	5.969
1458.1353	6.793
210.1852	2.799
974.6958	8.462
1048.7782	14.472
878.7798	18.092
908.8179	17.764
795.576	7.532
766.5369	9.063
797.7428	23.105
629.6064	18.174
633.6373	15.296
682.6139	16.477
833.5738	3.07
621.5999	11.125
885.774	17.489
672.6315	18.393
519.711	3.543
822.5645	6.329
578.587	17.709
920.3118	22.733
770.6658	14.858
667.6467	10.355
911.8043	18.675
891.8029	17.737
299.2583	23.037
804.6944	12.035
690.4339	7.148
908.6483	6.821
852.7916	22.733
609.6047	10.355
1292.0791	8.27
655.6101	8.871
832.6452	8.735
698.6089	22.964
808.7393	23.698
848.58	4.285
856.6546	9.09
834.7558	22.964
752.6762	17.3
226.1995	1.118
874.6252	6.41
664.6604	15.79
836.7708	23.285
735.6479	15.406
800.659	15.214
371.3641	16.092
261.2577	18.42
1028.9996	18.393
709.6327	15.708
789.5412	7.586
828.6222	7.53
837.7747	22.733
836.5898	3.488
922.7559	16.009
912.7654	16.752
474.2907	0.594
299.2732	18.037
782.6658	15.215
339.2892	11.125
831.5633	4.533
916.8013	16.725
748.6432	15.324
488.3467	2.191
708.495	8.68
899.7593	17.491
548.3617	1.922
765.6498	15.16
800.6953	16.833
613.505	10.934
1091.8078	18.613
814.5761	3.514
838.5598	3.459
699.6121	18.188
245.2263	18.01
936.8508	17.737
845.6105	5.694
792.5658	7.394
754.6259	2.821
762.6304	6.876
1178.8875	8.489
810.0945	8.543
1464.401	19.411
848.5782	5.914
834.7552	23.203
177.0546	1.062
870.8369	18.037
725.5484	13.724
626.4502	2.607
634.5413	9.585
1307.2438	18.859
879.7847	16.944
852.2489	5.694
1369.1471	15.132
840.729	15.899
777.6942	17.846
898.7348	18.146
1408.2197	15.215
793.7114	22.733
1006.7615	16.669
826.75	17.3
948.806	15.79
781.7117	23.038
879.7848	17.737
378.7803	4.147
617.5146	5.97
293.2114	23.039
383.3308	16.725
756.6098	7.204
696.5926	23.38
824.5562	8.598
728.6186	15.269
598.499	2.988
918.7025	17.164
616.5652	11.097
1371.3828	13.89
982.2778	18.339
711.6734	18.42
1323.8681	17.764
1117.8476	6.876
684.6294	23.23
893.7904	15.982
941.5305	6.52
726.6668	18.01
1158.1409	8.216
720.4454	7.175
478.3222	2.001
205.086	1.511
857.6465	6.656
1029.8371	17.135
652.4113	0.644
816.5666	4.753
813.5948	9.145
1101.5451	8.27
452.2776	0.591
581.5441	8.762
945.6615	6.684
648.6296	13.613
920.3112	16.835
676.455	7.723
508.3442	1.921
787.6922	11.207
538.3496	2.606
795.5725	6.683
524.5442	8.27
823.608	9.118
622.4076	2.606
367.3363	18.42
798.5919	7.614
274.261	18.393
1026.3738	11.18
936.7864	15.818
988.8174	15.269
1020.6533	7.696
793.6899	15.323
1165.0345	10.934
771.6475	16.889
685.5534	15.68
713.6633	16.833
401.7381	7.094
706.6488	18.01
664.584	17.627
888.6417	7.368
867.8114	18.256
794.7241	18.887
647.5791	16.725
1164.8809	8.432
1427.162	9.914
690.4704	7.394
795.0696	7.286
834.7554	22.836
782.724	22.733
739.5154	5.776
893.7429	16.422
367.377	5.528
665.5914	10.079
1087.0856	8.243
816.629	9.145
936.8142	15.79
1019.8685	15.982
837.7642	17.6
935.7305	15.324
590.4546	4.066
603.4665	3.209
553.5744	17.164
658.6142	23.037
688.6529	22.939
842.6716	17.354
747.5999	8.243
445.3825	2.799
754.6213	16.725
1462.9019	19.411
820.7586	17.354
748.5267	8.757
825.56	8.838
1039.6685	2.058
771.5602	6.602
420.3804	7.148
802.596	7.204
374.3262	2.849
933.7835	15.269
688.4548	2.934
843.5947	6.164
746.5099	8.079
862.6644	8.434
963.7699	9.723
889.6834	8.762
640.6357	10.354
430.3639	2.936
245.2262	2.851
754.5358	7.067
659.5372	2.908
871.8127	23.121
799.5425	8.461
260.2453	18.01
811.6048	5.224
205.195	18.393
483.3274	2.714
702.6405	11.125
822.6521	6.875
690.6183	23.38
794.5326	2.879
854.5537	2.58
632.5987	10.961
852.7912	23.039
1306.2406	18.859
914.7856	16.725
702.6544	11.261
405.3338	6.219
851.5992	5.501
722.6299	10.079
879.8003	17.819
889.5805	7.122
964.8814	18.092
940.7979	15.79
750.6611	16.147
476.3289	12.866
541.5654	8.215
506.3153	2.276
697.661	18.859
704.4864	8.844
512.3615	2.275
747.6394	15.16
861.7743	18.037
855.6423	8.543
988.8173	15.187
785.5893	5.445
847.5526	3.016
576.5716	16.554
196.9014	8.735
824.1098	9.136
1283.3422	6.438
226.6859	2.245
1015.8646	18.147
340.2349	1.921
1368.1436	15.132
698.6644	23.039
649.5828	15.16
700.6879	18.832
964.8911	18.749
1214.8384	17.546
193.1587	2.936
819.7276	22.733
722.5577	7.668
1179.3917	8.489
858.598	8.598
904.7966	17.573
828.6258	6.602
931.8066	15.982
515.5224	7.286
886.6267	6.329
940.7663	16.367
792.7082	22.862
920.7184	17.518
524.372	12.506
1446.0734	8.735
842.5904	3.596
775.56	2.821
691.6245	11.262
1337.2388	18.418
915.7841	17.163
836.6146	9.996
832.6538	9.806
1295.4019	17.354
857.7427	16.944
806.5521	3.598
640.5236	11.125
313.2737	11.044
258.2297	18.01
870.746	16.835
797.6252	9.75
551.5032	17.736
963.8333	18.092
963.8786	18.421
890.7813	18.338
841.5784	4.532
940.5182	6.52
766.6208	12.035
672.5048	3.68
180.8929	8.734
411.7695	7.751
716.4498	7.175
808.5658	7.231
808.7398	19.052
1385.1424	14.858
660.4849	3.708
250.1776	2.799
630.5898	11.152
384.3705	18.201
856.643	9.833
696.6146	11.399
1211.8405	17.491
342.305	2.851
1410.2904	16.834
723.6117	11.016
928.8784	18.092
743.0441	8.757
919.7369	15.543
1168.3247	18.806
878.6491	7.368
870.702	17.709
576.5716	16.642
672.6562	23.725
949.8261	15.9
684.5135	11.234
693.558	17.407
825.6848	10.383
642.6224	8.216
566.5869	17.546
799.5424	8.38
673.592	15.597
892.6876	17.163
826.5865	4.369
1042.5892	7.668
833.733	16.916
1131.3153	18.696
1046.7721	15.652
870.5489	2.797
371.3642	16.477
355.3398	2.575
1084.8962	17.901
1463.3256	16.889
888.6429	7.45
1324.3681	17.764
1368.3842	13.89
868.8241	18.529
856.5702	2.879
682.6486	18.393
853.7166	17.382
828.603	5.251
383.331	22.964
975.8795	18.174
838.607	6.328
797.5938	9.696
880.7507	14.94
384.4027	4.341
911.7891	17.573
398.3862	18.338
974.8379	17.845
958.8071	15.872
872.8146	17.491
616.595	11.18
579.4768	15.187
828.704	11.953
959.8026	15.9
811.5714	8.543
834.7455	17.272
806.7239	23.352
876.749	18.087
518.3169	0.594
866.7815	17.3
781.6128	9.337
1219.0731	11.234
899.8176	17.491
832.6647	11.481
159.0111	23.726
763.9824	2.0
664.6214	17.655
892.7867	17.819
832.7397	23.105
777.2335	4.67
714.667	16.037
909.7936	18.147
902.7451	13.946
829.6159	8.434
301.2161	15.05
881.5402	6.356
842.5917	4.698
895.8149	17.71
797.5525	3.098
941.7061	9.613
633.5834	11.565
523.5463	8.27
746.589	7.148
829.6799	11.316
792.5104	6.684
828.6255	6.684
675.5984	17.818
1068.3491	16.999
766.5567	7.75
796.5494	4.505
367.3362	18.502
403.7582	7.067
799.7546	17.3
507.3634	2.303
991.8364	15.078
703.6427	15.818
768.5637	4.699
189.1637	18.42
825.5602	8.762
785.7154	17.764
663.4356	8.735
1430.3875	17.382
684.6295	22.964
762.5689	8.407
940.8697	18.064
671.5743	23.121
713.6824	18.475
700.6711	18.393
637.115	3.373
715.6078	16.725
770.5971	8.325
1066.8003	17.108
271.2421	18.037
677.56	6.052
788.6764	15.927
549.9178	3.869
594.376	2.001
617.5136	11.098
536.3708	2.385
755.6021	10.824
989.1463	2.195
887.6094	2.797
728.5677	10.52
646.464	2.114
279.2318	18.037
836.7711	18.804
1445.138	8.488
551.5591	9.75
806.5371	6.82
827.701	12.258
598.4197	2.796
1276.3541	17.163
800.5706	3.624
590.5601	9.586
226.6861	23.038
935.7308	15.242
496.3038	0.594
640.5149	11.125
288.2767	18.037
1128.8169	18.722
1297.1557	15.434
823.6223	7.86
663.5677	10.106
227.2117	2.799
1194.8859	8.757
851.6096	6.875
1404.094	8.762
373.3737	16.058
787.5853	7.149
759.5738	12.035
685.6328	22.964
877.7684	17.382
766.5525	6.656
760.2196	10.768
242.9254	1.011
950.7996	17.27
829.6256	7.751
837.8108	18.557
848.6535	10.575
373.3669	7.012
742.6346	15.269
775.6415	10.713
796.5927	6.574
582.5346	6.656
638.4718	3.735
742.5842	5.391
801.5837	7.696
676.6028	17.628
1425.3927	19.328
772.645	15.269
1103.8098	17.217
539.3899	2.961
1457.6255	8.789
559.2984	1.757
783.5885	6.656
1440.096	7.368
539.3528	2.112
587.5999	8.243
766.5645	6.848
750.6397	14.721
226.6863	17.164
783.5737	5.224
700.5151	11.152
711.5689	15.506
684.6291	23.38
738.5224	12.92
853.6884	12.451
1394.1494	15.296
192.1826	18.393
1417.633	6.876
385.3432	7.148
663.4536	12.818
659.5129	2.027
883.7749	17.873
938.52	6.547
1001.8486	17.873
738.6032	11.262
673.6138	11.152
825.6005	2.824
251.0468	23.038
765.6586	15.296
859.6706	10.079
829.7162	14.167
905.7632	17.491
801.6209	9.2
766.552	7.395
874.6255	6.356
677.6116	18.444
808.6104	2.826
702.5515	14.361
645.5433	12.947
770.6311	8.406
532.4395	23.038
685.6327	23.38
883.7632	18.146
871.813	18.188
854.7813	17.71
924.1408	3.373
861.5531	6.438
852.6121	5.64
781.6238	8.762
1028.6214	7.833
721.5966	13.724
214.0863	18.257
796.0784	7.532
719.5702	6.904
840.7953	17.873
657.507	5.997
835.795	18.338
583.5969	8.871
946.6823	6.41
902.7288	17.354
935.7317	15.543
790.6892	11.814
869.7573	18.257
426.3574	2.084
959.8021	17.409
668.5466	5.887
933.795	15.067
1025.7276	2.056
991.9468	19.659
813.6453	9.146
776.4276	11.125
167.9133	18.393
853.6156	5.417
638.572	9.86
446.8876	1.006
728.6921	18.859
309.2062	1.367
552.5066	18.092
932.6668	6.411
862.7504	17.764
838.6336	8.789
666.1315	3.345
824.7339	17.3
959.8101	15.259
866.5911	5.417
892.7392	16.752
856.571	3.182
943.7695	18.229
833.7424	17.682
821.5501	4.505
920.7913	17.381
661.5287	5.003
785.6703	11.481
369.3514	6.711
705.6368	17.983
820.7133	17.354
789.5957	9.806
805.5576	5.777
747.6963	16.835
1239.1284	11.262
954.812	17.354
524.3714	10.933
683.6171	23.38
834.586	8.844
675.6055	18.859
859.7758	18.119
1327.2101	18.393
295.2269	23.039
866.6285	6.82
975.9161	19.273
557.4132	3.096
936.7645	15.187
532.4112	5.86
664.6606	15.625
867.6416	7.286
778.5361	6.246
191.1793	2.825
816.5757	4.011
990.6475	2.195
694.6497	23.121
430.2644	0.591
719.5784	7.997
833.5879	6.438
854.7003	12.7
539.3128	1.757
682.6136	23.601
730.7177	15.132
369.3837	4.368
327.2012	0.676
944.8279	17.791
797.7428	22.733
913.8067	17.764
822.6616	8.434
742.662	15.46
211.1692	2.936
1007.6172	2.25
780.6501	14.802
887.7531	14.775
737.6488	15.708
790.5884	2.0
838.6238	8.353
894.7753	17.354
738.6395	15.397
812.5435	3.899
945.7679	18.229
1011.8334	17.491
154.3971	11.125
1447.0767	8.735
234.2297	18.393
767.5592	2.085
845.5829	7.067
965.9308	19.604
369.3516	11.98
696.5934	22.964
906.2601	14.03
691.6126	17.409
205.195	18.037
640.5234	11.234
828.6018	6.328
345.3237	2.136
301.2164	1.313
965.8729	19.273
213.9547	18.061
749.5892	8.947
765.5334	12.763
821.6634	16.559
919.8161	15.9
783.5731	11.043
999.7921	16.334
794.0611	7.504
191.143	2.799
765.5913	6.629
1471.131	6.904
1390.8818	19.273
793.5232	6.712
821.55	4.257
916.7973	23.038
1328.2129	18.502
817.5917	8.106
705.6677	11.125
644.6212	8.189
776.5581	8.757
531.4081	23.011
938.7814	16.092
773.6631	17.27
637.6327	14.499
830.5568	6.82
1231.8142	2.221
459.3238	2.084
327.3046	18.037
881.7586	17.489
898.7861	17.05
1150.8167	6.656
806.7345	15.954
949.8787	19.3
960.8246	16.394
862.7862	18.502
156.2385	6.875
652.6608	15.652
754.6922	17.546
858.6028	3.46
675.6137	11.509
928.7645	16.725
688.6612	11.152
660.6377	11.125
784.6159	7.532
959.812	16.229
419.3154	4.286
813.6372	16.916
802.6524	9.942
752.6761	17.026
778.6928	23.105
1211.1044	11.125
866.5908	5.749
885.7916	18.174
769.5652	0.732
691.6246	11.207
962.8019	15.269
723.6405	23.133
802.6329	10.52
859.649	6.356
724.6593	15.379
696.5924	15.405
1388.3836	19.276
722.6282	15.68
368.3157	1.78
734.6446	15.488
564.4392	3.872
423.3626	2.218
852.7656	16.835
601.9413	3.041
1076.8402	6.903
774.0448	6.848
371.364	18.092
685.6328	23.23
1186.0944	11.043
807.5918	6.848
415.3568	7.286
769.69	15.078
812.6592	15.186
662.6174	11.097
1025.8723	11.18
921.7586	9.832
754.5411	6.984
163.148	2.799
946.6825	6.356
703.5428	6.958
759.5338	10.272
1226.1095	11.125
705.6582	18.42
731.585	8.243
1337.2378	23.105
1354.2423	23.037
813.6	9.145
830.5545	7.777
864.7659	16.944
366.3002	1.539
544.3285	1.729
854.7823	17.272
922.7711	15.79
808.7397	19.411
683.6174	22.964
720.5409	15.188
933.6427	6.383
604.2919	1.758
723.6412	18.612
788.544	4.149
768.5888	9.255
475.3503	3.648
580.4692	3.098
982.8434	17.71
808.7392	20.296
807.6378	7.75
260.2452	7.067
733.5448	18.092
425.3626	5.584
373.3737	16.477
806.7239	22.836
817.6972	11.125
890.7814	23.38
928.7603	15.764
754.5752	7.312
759.5334	10.603
695.6441	18.119
817.5705	6.958
709.6248	23.133
879.744	15.488
538.5557	16.835
1438.3129	16.834
670.5981	11.262
843.5942	4.23
900.7649	17.163
909.8582	18.749
754.6707	15.05
836.7706	23.753
835.7594	22.733
828.6675	9.942
1442.4421	17.655
605.4548	9.613
806.7239	23.45
994.8555	15.79
947.8117	17.489
789.56	7.778
679.5986	11.316
359.3094	2.934
891.7847	17.354
794.7236	20.378
1408.1388	14.94
689.5755	15.397
962.802	15.872
940.5757	0.702
766.6577	16.725
717.6284	17.6
632.5252	8.079
785.5575	7.75
882.6111	6.958
959.8103	15.186
1316.8628	19.135
385.2754	7.095
731.217	15.105
561.5603	17.163
595.4768	5.419
160.5702	8.707
752.5607	8.434
832.699	10.355
608.3233	2.635
214.0863	23.546
688.5514	17.983
936.7648	15.269
820.6123	7.778
957.8683	18.092
857.5737	3.043
889.7686	17.08
316.3078	18.393
834.627	8.188
398.2715	2.358
764.6764	17.245
847.2927	22.733
792.708	23.285
641.6024	8.216
931.8156	17.791
376.3104	2.849
152.1512	18.393
922.3098	16.202
627.1015	2.772
905.7655	23.105
1074.8351	6.903
687.5711	11.043
876.5605	5.307
1144.367	17.163
923.6391	3.401
811.6863	11.481
759.5541	10.824
438.2976	2.303
738.64	15.708
690.5433	7.53
525.3706	1.757
740.559	7.04
881.5402	6.301
843.6844	17.682
1378.1544	15.351
790.6066	7.121
1384.1385	14.858
825.6204	9.2
673.6598	23.38
619.5278	12.626
649.5773	11.125
932.8466	18.42
290.1386	0.674
775.5946	8.079
821.5245	3.623
191.143	2.936
770.5614	8.871
672.6162	8.216
543.3274	1.479
880.7507	15.022
913.7691	14.554
820.6452	8.407
496.3409	14.056
627.4363	2.772
972.7354	10.851
863.5547	6.301
303.2319	15.488
887.7533	15.488
844.5969	5.859
786.6599	8.816
1265.0595	8.188
419.3156	4.369
1167.8885	8.461
972.8228	17.489
459.3024	12.92
1409.1422	14.913
782.6247	7.395
645.6192	12.92
730.6812	16.835
496.3052	2.03
475.2363	3.598
566.3458	2.112
887.6257	4.533
840.5756	3.927
878.6907	11.071
1006.6395	7.75
523.3478	1.756
766.0631	6.876
776.4158	11.097
794.7242	20.093
848.289	15.104
482.3513	2.193
1427.8913	19.328
1434.1456	15.05
792.7078	18.495
685.5322	17.628
1224.3335	2.221
839.6364	9.227
840.5758	3.844
725.6468	15.406
943.816	16.67
804.7076	17.516
916.7984	15.323
1048.7778	14.847
705.6674	11.071
1245.088	11.289
429.3729	18.914
776.5716	3.872
1057.2958	18.53
758.5705	13.169
602.523	10.051
648.5797	17.627
988.8544	17.491
832.6405	8.816
798.6285	8.707
279.232	23.039
828.5982	3.598
263.237	2.934
680.4997	8.73
834.7549	23.712
654.6265	17.272
828.6112	6.602
798.6825	12.34
728.5671	14.72
903.7324	17.164
657.5072	6.08
512.4157	2.141
838.7499	17.3
722.6079	17.846
792.708	18.291
372.3867	18.393
913.7684	15.323
698.5172	11.125
778.6707	15.341
695.6169	16.998
793.5684	4.147
1277.1083	8.27
592.6027	17.516
730.6353	11.152
1076.3047	9.009
636.4239	7.696
226.6861	15.132
748.6465	2.824
550.4696	15.214
933.8324	18.147
367.3289	15.406
800.6077	8.215
651.608	18.229
669.5605	15.05
386.3781	18.42
720.6287	15.405
718.5581	5.804
791.5616	8.434
518.3686	2.657
805.5543	6.52
882.5851	3.623
978.9044	19.494
461.3946	2.767
665.797	3.321
712.6238	14.831
813.7017	13.335
975.7808	16.168
1353.8725	19.19
804.5623	4.56
801.5844	5.251
187.148	18.01
786.609	6.602
578.5871	17.901
1100.3117	17.217
961.7533	8.789
413.41	4.394
689.6547	17.027
943.8332	17.846
942.8147	16.256
994.3312	23.038
234.1746	2.851
728.6749	23.105
247.2329	18.42
578.9586	7.095
708.6292	14.776
1196.3357	7.204
607.4977	4.036
810.7544	18.502
801.5839	5.555
1451.148	8.734
777.5495	7.013
796.6383	10.41
800.6766	16.394
337.3293	3.598
1024.6687	7.805
936.765	15.05
943.8154	17.518
526.2926	1.673
490.3527	3.016
781.7114	22.733
931.6945	9.118
1030.631	2.003
832.8115	18.037
1202.836	18.888
226.6864	15.369
784.6227	7.723
926.7444	12.783
946.8074	15.982
847.2934	23.105
1329.2194	18.174
871.7389	15.79
834.7554	23.45
673.6142	11.071
662.5727	8.953
788.5808	4.615
878.6496	7.45
999.7811	16.174
999.8328	17.491
882.7248	16.944
651.7904	3.345
840.5653	2.961
783.5738	4.809
1330.223	18.174
1457.123	8.707
639.615	8.844
872.8158	16.916
731.6278	8.27
496.3716	2.0
886.7518	16.725
705.5698	15.186
710.6296	18.147
772.7002	16.834
1318.2255	18.584
1324.8682	17.764
588.5522	10.355
862.7495	16.944
865.7689	17.354
647.5677	15.187
799.641	9.668
808.7396	20.102
1094.3059	18.612
236.0717	23.615
808.7396	20.489
1330.2262	18.502
793.5576	6.219
661.5281	7.067
802.586	7.777
841.5792	3.182
783.5486	6.547
747.5731	8.57
226.6864	16.835
724.6457	16.725
740.638	14.858
523.2956	2.113
859.6564	6.383
864.7654	17.163
1202.3349	17.163
615.5756	12.681
851.7532	17.354
813.5464	2.851
399.2632	7.45
772.5472	6.329
705.5702	15.296
808.74	19.798
504.3127	2.221
872.5653	3.043
613.0951	2.77
781.5755	6.957
1099.0687	8.243
581.544	6.957
888.6418	7.586
1165.8265	18.752
769.6318	16.367
653.583	11.125
226.6862	1.757
687.6296	11.179
719.5784	7.914
578.5874	23.038
1131.1306	10.382
1037.6555	7.805
800.1047	8.516
591.4984	5.832
595.5296	11.152
746.9806	2.221
906.7608	18.147
1029.7913	16.998
906.6412	6.41
163.0388	3.596
723.5575	7.122
797.5784	2.852
932.88	19.783
510.5153	7.532
992.7812	16.834
864.648	9.696
1320.2374	23.38
912.6793	8.544
792.7078	23.712
922.7715	23.105
175.1481	2.936
730.583	15.625
429.3686	2.936
1129.3186	16.753
789.6437	9.832
834.719	17.027
504.3059	2.714
825.5836	6.465
304.2302	2.961
685.4358	8.649
578.5222	17.791
893.7203	15.352
1407.2178	15.186
677.5833	10.051
1409.2048	11.125
177.1636	2.851
882.7666	15.79
880.616	3.43
383.3008	2.358
505.3897	3.952
226.6864	9.09
175.148	2.794
612.6042	8.871
617.5476	11.125
580.5344	6.629
780.4235	11.044
712.5448	6.219
724.6241	14.362
1212.055	11.016
1239.8459	18.969
796.7394	23.203
1252.1835	18.447
752.6556	15.626
727.6624	16.092
375.3833	7.067
846.5453	8.489
535.4001	3.101
228.0689	23.105
872.6451	6.302
731.6166	15.023
980.8275	17.354
783.596	6.52
927.2666	6.793
847.293	16.423
495.496	6.794
374.3771	23.039
769.7111	17.709
826.767	17.71
836.7707	23.615
821.6255	9.173
721.5967	13.78
705.6372	17.873
852.7649	17.682
839.7098	17.6
1051.727	14.499
727.6635	16.477
871.606	6.328
389.3686	7.148
386.3497	7.039
716.6194	23.037
341.3609	5.502
1317.22	18.584
725.5487	13.78
385.7538	7.095
842.5894	8.516
365.3382	2.821
633.5832	11.814
824.7512	17.382
649.633	13.168
830.6182	5.749
552.5068	10.934
741.5702	8.789
636.548	8.953
1279.8532	19.052
871.6053	6.384
784.6647	15.187
615.587	8.216
907.8553	23.037
770.6935	15.397
904.797	15.982
788.5805	8.051
678.5072	5.638
692.5833	8.947
1016.8487	15.215
1484.9718	2.221
935.8021	17.737
669.5224	7.149
938.8543	18.037
793.5234	6.602
990.8959	18.147
954.7243	15.9
373.3821	7.066
826.6435	7.97
903.748	14.416
396.3408	2.3
844.6631	9.942
793.5582	7.477
994.3305	22.733
830.5536	2.633
1327.2799	23.038
396.3946	4.396
1371.2418	23.037
778.6921	17.546
429.3725	6.958
687.5718	10.796
752.55	8.27
926.7444	12.92
1260.0354	10.106
640.6032	23.121
640.515	11.207
848.5649	2.934
921.312	23.105
795.7272	23.352
1242.8435	18.971
1027.8135	16.669
638.6562	12.035
922.3096	16.505
801.5842	5.086
1290.4059	17.464
210.0584	17.873
428.4098	6.246
860.6165	8.27
1000.8028	16.174
554.4775	7.095
690.5878	16.444
1232.1339	20.323
907.8157	18.119
775.5396	6.684
429.3724	6.739
532.4394	8.571
897.7647	17.053
678.433	7.395
737.6196	23.093
882.4098	8.784
993.7011	16.278
651.5675	9.942
432.3874	2.958
184.0732	7.148
793.5281	12.92
848.5784	5.279
866.6719	17.027
825.7743	23.121
394.3461	2.853
955.7794	15.215
776.6767	16.339
792.7079	23.615
832.5707	7.614
893.7206	15.515
193.1951	18.42
563.576	17.71
1074.064	8.871
902.7443	15.434
947.8461	18.146
808.7031	17.027
814.5593	6.547
594.3764	7.204
783.5741	10.493
800.5808	7.148
779.6658	18.01
891.7886	16.725
908.7699	17.163
874.5811	3.043
846.5499	3.319
971.802	15.269
792.6287	9.832
921.832	17.928
903.7488	13.558
1324.196	18.393
594.6185	18.229
759.5636	6.328
870.66	8.571
775.5453	9.531
987.9162	19.135
689.6642	23.037
827.6634	9.887
590.484	9.558
1241.8018	2.194
393.2585	7.067
974.8216	15.872
709.554	5.804
909.7788	18.163
769.5966	2.824
921.7957	15.79
1462.4021	19.414
770.5714	9.448
747.6398	15.406
789.5416	7.942
505.0354	3.57
846.789	17.409
905.7474	17.516
827.6712	11.125
704.604	6.876
742.5839	5.611
886.5435	6.301
579.4541	2.986
1336.2328	23.121
718.5375	8.789
796.5847	7.285
799.6556	14.858
808.5862	4.975
506.4932	7.586
867.5938	3.653
605.5504	18.42
962.8374	17.764
669.5606	11.07
1030.8135	16.174
782.4932	7.177
1282.3392	6.384
632.4736	9.97
801.6558	11.125
416.3964	6.356
544.3478	2.606
769.5669	7.587
792.51	6.602
1296.2389	23.038
811.6054	5.143
751.5538	8.73
880.8358	23.037
231.2076	18.393
244.214	18.393
860.6148	9.558
313.289	18.393
1327.2251	18.393
313.2738	4.589
700.6578	16.835
721.5859	6.191
715.6792	18.393
894.5524	8.919
785.6776	9.887
236.0716	23.423
721.5102	16.725
946.1541	3.373
948.7922	17.272
762.5223	8.735
196.9014	8.703
346.3274	11.125
791.0535	7.477
370.3314	1.616
956.8113	17.491
1457.014	2.166
1016.959	19.659
438.3487	3.598
1370.3835	13.946
954.7763	14.94
836.543	2.989
579.5903	17.301
808.6815	14.776
940.7819	15.954
804.4996	8.844
686.418	12.838
658.6136	18.393
1014.8523	17.846
215.1794	18.447
922.8711	18.914
728.6896	18.502
789.5416	8.024
808.7397	19.576
939.7851	15.625
886.7496	17.163
630.5897	11.098
670.5983	11.098
780.7083	22.836
739.5726	7.586
834.755	18.887
814.6045	6.41
519.3274	1.511
394.2939	3.598
1312.2607	18.502
1028.6212	7.75
807.0678	7.751
916.6422	6.41
1407.1947	15.187
945.6525	3.373
743.6743	16.835
339.2893	2.852
874.5801	3.65
866.7292	17.6
724.643	15.132
774.5476	6.848
934.8338	17.409
971.848	17.491
552.5711	17.573
848.5778	5.832
1239.2969	2.191
982.8438	17.354
551.5591	16.752
740.6766	17.3
913.7684	15.022
1369.4218	17.491
848.7339	16.944
769.632	2.903
1347.1944	15.105
750.5919	8.817
712.6445	23.065
1179.8935	8.516
720.5409	15.269
812.5213	4.147
866.6383	7.668
1351.1332	8.215
744.6093	7.75
431.3794	8.051
617.5134	11.207
790.6923	17.354
582.5377	6.602
771.5535	6.602
298.347	3.402
554.3934	2.854
237.102	0.952
691.5746	6.711
636.6657	18.557
1471.3302	17.682
874.581	2.961
883.6997	14.886
795.5715	8.052
524.3714	9.145
373.3737	23.56
969.8317	17.163
945.8314	16.009
713.5298	11.097
890.7821	22.964
327.2273	3.182
1371.8104	8.216
298.2486	16.037
640.5234	11.016
664.5747	14.886
1104.3259	8.789
776.5814	9.036
916.6748	8.734
945.8483	18.174
780.7081	23.258
855.7836	17.71
704.546	15.434
669.5613	10.713
863.8267	18.546
877.6064	6.41
689.5872	15.625
767.6956	22.733
558.5416	10.934
1234.823	2.221
1321.2415	23.38
549.4873	17.382
1411.2939	16.834
758.5016	7.422
674.6489	8.216
1276.8551	19.052
887.7536	14.637
938.7816	15.16
484.423	17.573
670.6648	18.421
163.0754	1.401
834.6144	1.977
709.6328	15.764
228.196	1.033
833.242	12.229
908.8184	17.354
812.6171	7.148
889.6467	7.34
779.5421	5.583
955.8158	17.354
844.6443	7.751
1031.4008	7.368
210.0584	18.092
986.8746	18.147
300.1447	23.038
795.535	8.73
1150.3153	6.657
1377.1395	8.216
932.6663	6.684
696.6141	9.969
704.5974	14.802
929.7568	17.682
750.6761	17.655
963.8056	15.023
841.579	4.892
780.554	4.698
686.4181	12.92
808.7392	20.793
854.6269	6.574
1089.0384	20.931
859.589	4.175
832.6174	4.147
927.7849	17.163
912.5656	7.067
652.6109	18.393
424.3626	2.191
964.9185	19.383
424.7774	8.571
841.5772	5.141
767.6962	23.105
156.3501	6.875
970.7558	15.782
1242.3049	2.249
703.5374	6.849
833.573	2.962
836.6165	6.547
529.3035	2.358
646.6449	8.216
792.7083	23.519
678.4788	23.038
848.2896	15.79
500.3279	2.245
816.566	3.043
753.6953	18.447
630.5978	11.125
864.5749	3.043
800.5604	2.849
812.5979	7.285
864.8386	18.942
706.6328	17.627
877.7165	17.164
858.5855	4.369
245.194	2.936
682.586	23.037
569.0685	2.824
885.7751	17.163
800.1092	9.789
1166.1139	10.961
468.3891	2.168
1192.8257	7.176
788.6177	11.454
643.6223	23.039
219.2107	7.067
949.8789	19.216
673.6616	22.939
707.6091	15.708
854.7001	12.626
762.4996	2.849
666.6096	15.397
319.2266	15.023
557.5668	8.953
926.6591	7.257
834.6802	13.391
1331.23	18.418
816.5752	8.899
538.162	6.794
400.3783	2.879
876.7656	17.081
780.7082	23.45
1284.0666	11.044
882.607	7.668
807.5827	8.513
649.5828	15.05
1294.2229	22.733
811.6494	9.887
787.6501	11.152
425.7854	9.146
226.6864	9.751
825.6568	10.41
929.8004	16.725
1196.5783	8.243
628.5513	11.234
426.3944	5.969
772.6604	17.6
1007.8234	15.817
823.6046	7.915
880.5253	6.438
812.697	9.887
792.5795	7.395
815.6958	16.092
822.6008	8.568
509.5038	7.34
804.0606	7.75
764.6332	8.434
786.5726	7.75
384.3707	18.557
818.5815	4.23
669.5612	10.796
518.4049	2.958
1073.3452	16.615
811.7485	17.545
751.5459	8.707
888.1108	2.799
1103.8239	8.838
389.3682	7.066
999.3253	16.257
773.5524	4.122
523.4718	17.382
771.7054	16.421
1000.8026	17.135
647.436	12.838
812.6634	8.762
885.6521	7.149
780.5301	6.329
901.6465	6.547
1205.8336	18.888
881.2536	16.394
907.694	9.833
299.258	18.502
634.4529	23.038
398.292	2.851
421.387	7.066
609.5287	8.899
892.799	18.612
919.8165	17.6
714.6037	12.145
775.0545	7.149
800.5806	8.051
704.5229	5.831
809.6423	9.888
921.3174	23.037
782.5382	6.548
805.5578	5.555
836.6082	7.477
1291.2042	18.229
795.727	18.495
728.5792	6.08
785.6299	9.888
1352.3016	18.859
992.1555	2.25
983.8369	17.491
801.5842	3.983
789.541	4.342
866.0979	2.798
780.577	6.328
378.3304	2.442
798.5648	5.749
1463.0928	7.204
962.9031	19.08
1351.2169	22.733
1079.0516	8.27
540.4468	2.743
1397.2013	15.324
670.6126	16.037
952.7599	15.022
1464.9005	19.411
871.7486	16.998
209.0807	3.598
944.8456	17.764
665.5876	23.121
667.6066	11.316
838.5589	6.848
829.7275	17.382
973.7747	16.665
637.5518	9.969
388.3652	7.368
1320.2407	22.939
712.572	15.35
1117.3461	6.876
507.5138	16.471
523.4726	9.393
673.5797	17.983
479.3323	2.003
755.0428	6.984
746.6443	17.819
893.8007	17.6
911.7105	16.009
966.8763	18.667
763.5176	12.92
683.6078	15.214
281.2948	2.001
886.4061	8.844
1401.1464	9.888
826.5961	7.013
847.6789	16.67
716.6663	16.835
640.5876	11.07
740.523	6.794
654.6268	18.722
726.5345	8.134
762.6575	10.216
782.5966	8.243
836.5418	4.754
958.8433	18.147
749.619	15.104
716.6096	15.16
663.5718	22.964
814.6916	15.187
830.7199	13.697
939.8754	18.061
922.6258	3.041
860.5735	6.356
743.56	5.419
848.2905	16.753
747.5577	8.871
1457.1318	6.684
614.5403	6.684
846.5484	2.633
623.6174	13.251
747.6295	8.981
783.0762	8.405
890.7828	18.612
1337.1877	17.764
772.6117	6.684
646.6057	11.125
864.6207	6.329
554.5196	9.558
754.635	14.388
1211.1044	11.207
748.6238	15.078
811.759	23.105
729.5697	7.122
851.7008	17.026
723.6483	18.037
740.6582	16.725
700.6241	15.872
712.6449	22.733
796.6642	15.405
424.2822	2.936
830.6182	5.584
650.4392	7.723
813.5476	3.099
864.7559	15.132
1462.0895	7.204
799.6082	9.763
701.5304	8.461
880.7071	12.423
538.5208	8.243
1173.349	7.313
612.4344	2.027
929.8167	17.845
893.7633	15.434
866.7238	16.559
556.4934	8.189
766.6922	18.502
1277.1878	18.174
804.5536	4.065
903.7488	13.419
754.5752	9.778
1174.3523	7.313
961.7521	8.735
783.7273	23.038
1342.2713	23.037
631.5669	6.711
788.6618	9.696
779.6953	17.354
584.4334	2.111
245.2233	7.067
916.7969	16.56
824.6449	9.447
285.2577	18.42
1208.3302	16.67
721.576	6.383
778.6923	22.733
834.6218	8.188
629.4658	2.113
958.8259	17.764
952.7963	16.835
1353.2303	16.064
1323.3698	17.792
780.708	23.753
550.629	10.354
812.6494	9.083
837.6734	11.454
1469.1296	6.876
507.5331	10.824
353.324	2.112
741.6292	17.6
513.8432	16.753
932.8112	17.764
810.6015	5.915
1092.7404	11.206
786.5809	6.52
920.8191	16.504
582.5653	6.63
193.1586	2.799
749.6704	2.824
880.7611	23.038
219.1744	4.56
364.2524	4.036
808.6411	7.969
329.2428	4.036
743.6377	15.215
538.4234	3.844
874.7482	17.464
815.6267	8.789
927.7413	17.382
911.845	18.065
719.6378	18.502
945.7858	15.05
996.3283	16.862
946.2672	18.229
618.5621	11.097
629.4797	4.036
860.7345	17.027
845.5497	4.147
567.5902	17.382
236.0727	23.368
243.2106	15.187
262.1517	3.596
725.6275	15.297
402.7728	7.122
807.5222	8.844
750.6401	16.257
867.5945	5.113
618.5835	10.934
1400.1428	9.915
839.7521	17.764
687.6392	16.092
812.5433	3.623
640.5877	11.016
817.5937	7.559
882.8299	18.393
781.557	4.396
824.6124	9.914
727.5457	8.543
1465.6086	8.707
666.6401	10.686
716.5672	6.739
921.7953	16.147
245.2264	2.359
708.6288	14.831
786.5328	7.04
581.5729	8.871
365.1062	23.892
425.3115	9.915
690.6181	15.405
813.7006	14.885
892.7972	16.477
1064.0599	8.243
794.5673	7.86
877.7329	13.168
831.576	5.196
775.5394	6.629
583.7442	2.799
665.583	11.316
729.6123	7.066
907.759	18.147
859.6976	16.504
782.6658	15.297
873.8088	17.491
669.5611	14.112
405.3919	7.039
832.5679	4.56
822.6546	10.437
868.6075	5.417
669.5861	9.969
802.6786	10.658
563.4652	9.448
647.4448	12.818
302.2922	18.365
824.6534	10.106
730.5982	18.147
807.7274	22.733
813.6191	6.328
828.5512	6.274
806.6011	2.799
593.6058	17.409
379.2819	2.879
744.5408	15.023
908.8455	18.393
920.7551	15.79
697.6692	18.722
792.699	16.505
847.5524	2.908
1492.1216	8.789
598.541	10.354
903.7488	13.78
1166.0216	8.27
1184.3405	7.204
1070.3472	16.999
1483.4653	2.193
713.5845	15.79
1301.2553	18.42
752.5208	6.08
717.5222	14.361
202.6508	8.516
866.5911	3.983
703.6428	16.835
372.3505	18.393
404.3603	7.586
217.1951	18.393
1128.8396	6.848
259.2822	2.553
339.3388	4.368
710.6639	18.393
758.4648	7.341
910.8436	18.365
888.5674	6.52
805.622	7.04
633.5822	6.602
154.1325	15.269
910.8584	17.573
647.4765	12.893
1085.8998	17.873
767.6747	15.708
218.9479	17.792
1014.7271	2.114
550.4908	17.709
946.8071	15.46
1327.2112	18.502
765.6504	15.297
869.7219	9.914
776.1049	8.38
702.5096	7.997
867.7854	23.039
258.2296	18.42
886.7767	17.327
1477.4904	2.221
289.293	1.811
857.5915	5.584
872.5648	2.824
385.3468	23.039
792.6992	16.559
950.9026	19.218
889.683	8.703
724.6452	11.316
666.591	23.133
616.4588	3.763
827.7002	17.354
556.4416	2.109
680.57	23.038
1340.259	23.037
195.8935	7.177
533.3402	2.304
769.6814	15.186
746.5784	6.465
710.5577	8.051
978.9434	19.714
859.6407	6.602
565.951	6.985
549.5602	17.382
1226.1097	11.207
803.5582	7.75
580.6028	18.174
793.5776	7.423
807.5221	8.735
821.624	8.707
876.6848	12.145
976.8181	15.872
1068.3497	22.733
941.8179	17.489
724.6242	14.472
854.7311	15.434
814.6226	6.656
608.5276	10.354
1385.011	8.735
886.7502	14.306
786.6606	15.187
736.6604	15.79
836.5412	4.231
984.8962	18.832
784.5727	8.407
494.3605	2.414
775.7276	16.834
733.6239	15.324
1221.3827	17.109
718.6986	18.722
772.5764	7.04
739.6066	10.989
840.708	16.339
446.3709	7.504
1199.0912	10.988
991.8737	17.764
898.7691	17.054
962.8407	15.982
386.3497	15.927
855.731	17.709
1351.2058	15.405
947.7747	9.915
693.6294	23.38
922.625	2.852
415.3569	7.421
445.3678	4.809
437.382	7.094
855.6308	6.328
811.6784	17.219
195.7677	7.149
768.5632	5.831
670.6218	23.065
880.7471	15.433
950.8069	17.573
887.7538	15.736
890.6199	6.41
774.5592	8.816
812.6469	9.888
717.562	7.75
696.4442	7.45
773.6282	10.52
287.3136	2.794
939.7846	15.46
1405.1901	14.94
920.7545	15.16
806.4971	8.844
720.6564	17.873
936.7341	15.269
800.6276	7.997
952.76	15.269
1447.399	15.105
660.5048	11.345
412.3898	4.423
907.2603	14.112
669.5614	10.244
388.3656	4.672
806.555	3.292
848.58	4.423
793.711	17.955
825.7374	16.835
843.5945	4.587
797.552	2.961
655.4912	5.141
846.2929	23.313
880.5252	6.328
763.6642	15.9
643.5186	10.106
663.5713	23.38
946.7898	15.132
393.3732	2.849
940.7958	17.19
882.7541	17.135
573.5284	8.243
864.7651	17.573
896.741	17.163
355.2121	3.041
1317.2187	18.201
928.8225	17.545
730.5747	10.988
824.5795	7.723
790.5453	6.931
758.6076	8.708
769.5668	7.778
764.677	23.105
796.5496	4.78
889.7861	17.409
711.5688	15.05
884.7792	17.818
748.5275	7.204
610.5771	7.805
263.2369	16.834
778.5753	9.613
464.4294	5.279
926.6925	15.105
607.3914	8.707
1058.8447	16.201
1292.2073	18.229
688.661	11.261
645.6286	18.421
412.3896	2.553
964.8906	18.393
907.2606	14.03
394.3523	2.136
702.5442	9.448
878.7443	15.46
259.242	7.067
756.5341	2.876
1166.0381	10.934
579.9281	3.068
1238.2935	2.218
692.6276	11.097
489.426	2.958
811.7584	22.733
524.3986	2.632
732.59	8.571
595.6218	17.928
944.8651	18.639
886.7502	14.112
550.5556	22.733
1320.1519	15.378
754.6352	14.471
721.6242	14.748
916.7972	17.027
730.5987	23.105
850.6683	11.153
836.7531	17.301
698.6793	18.832
948.7866	15.872
814.5592	7.805
967.8885	18.749
478.3288	7.121
700.4545	2.662
891.7745	15.296
550.6285	16.147
564.5711	17.3
233.2263	7.04
759.6256	7.313
313.2738	9.942
154.2439	15.269
284.331	2.109
786.6092	6.656
800.6591	15.269
798.5648	3.043
1151.3187	6.657
966.8822	19.411
779.6325	9.09
723.6036	23.039
710.7024	17.955
868.5369	7.723
833.5865	7.888
838.7503	17.163
918.7756	15.05
852.5605	5.473
171.138	1.121
879.7475	17.409
858.5993	9.091
767.5437	7.614
848.5803	4.864
623.6174	13.196
711.6838	18.42
846.6309	6.684
957.7964	15.626
298.2133	3.018
321.2104	3.182
888.6125	2.796
838.7876	23.038
720.5928	9.942
840.7039	11.399
605.5878	10.935
826.5965	8.134
974.8381	15.341
1177.8286	17.436
446.1197	5.391
703.643	23.38
633.6097	11.098
364.3573	17.105
744.5457	8.789
747.5579	8.653
816.5752	2.906
796.7393	23.726
1002.9432	19.494
939.7535	15.892
1147.3636	16.89
551.5589	16.944
737.6273	15.05
785.6702	12.646
955.7797	15.982
894.6695	8.652
860.7534	16.945
976.8177	15.927
918.7756	15.132
581.5442	18.037
650.5863	15.434
814.5586	2.139
770.6354	2.794
840.6562	16.945
495.3575	2.908
833.5864	8.106
821.5767	2.634
500.3491	2.027
1372.8142	8.216
1336.2316	18.418
1145.3663	17.164
820.5468	3.598
411.7696	7.559
826.6066	6.547
976.818	15.05
856.7453	18.092
887.6378	7.668
566.3973	1.922
1134.9801	8.243
530.3265	1.918
783.5734	4.615
674.4621	2.194
856.8216	23.093
914.783	23.093
783.6269	9.695
723.6065	16.725
1413.1953	15.05
1409.1075	6.904
437.3994	2.849
175.8941	6.876
731.7164	15.132
899.8425	18.092
527.4324	2.081
1372.3816	13.89
1016.8682	18.146
668.6343	23.725
1435.2996	16.834
854.6271	8.652
930.8006	17.163
818.7881	18.338
695.6021	10.106
554.1758	2.441
445.3674	6.274
386.3496	7.723
656.474	8.953
383.7888	6.985
951.8056	15.789
730.2173	15.105
1368.1221	15.434
504.3057	1.784
228.0689	8.707
909.6225	2.797
943.8973	18.065
320.3118	11.152
723.5154	7.149
717.6857	16.834
685.669	18.546
989.8573	17.491
638.4029	7.148
752.6769	23.105
856.5698	3.541
934.8812	23.037
464.3366	3.598
916.833	18.447
826.5956	3.598
807.068	7.532
725.5479	5.804
886.6165	6.356
803.6644	8.899
848.5442	8.543
839.6887	12.92
740.6676	16.278
496.3403	9.585
680.4725	3.322
913.7689	16.779
1313.8648	19.135
872.8165	23.121
687.6392	16.444
811.6033	6.41
674.6727	18.612
874.7674	17.163
1491.1188	8.816
743.6742	16.477
756.6106	7.313
1059.2923	15.982
480.6821	2.906
641.4328	2.085
711.5476	17.873
1403.1061	9.86
235.1693	1.428
897.7641	16.834
592.6028	17.71
892.7972	23.38
701.4094	8.73
816.5755	7.204
733.6325	15.352
827.617	6.629
619.5278	12.7
836.5416	4.478
806.6083	6.821
926.7453	12.451
764.6398	17.489
740.5234	6.957
829.542	2.989
279.2319	14.858
184.0727	1.892
950.6358	3.428
768.581	7.149
1030.8133	16.284
954.8117	17.518
681.601	14.802
809.5633	7.286
397.347	2.112
570.346	1.647
1346.9412	8.735
786.537	8.757
926.7445	12.728
581.4111	2.139
207.2107	18.42
1120.43	11.207
921.3116	22.733
590.4266	23.038
1125.8305	6.848
752.6764	22.733
834.7551	19.328
749.6267	10.575
421.3348	2.25
401.3382	7.094
1261.039	10.106
709.6693	18.393
758.6998	16.835
695.4688	7.395
1225.341	11.207
689.6551	23.038
681.6013	23.039
1026.8761	11.125
841.7156	12.839
827.712	15.132
659.5442	8.649
214.0858	17.217
950.884	19.328
845.5787	4.56
902.6291	3.43
273.2212	2.77
986.8648	17.491
929.4269	6.766
980.2785	18.339
988.8809	17.873
816.5752	7.942
789.5424	9.31
715.6792	18.502
1458.1348	6.656
573.4876	17.436
753.5882	8.189
708.629	15.104
431.3745	1.424
752.5593	9.145
743.0443	8.816
975.7811	16.284
327.2272	3.099
929.7635	15.79
1384.1953	15.214
1283.2256	18.42
639.5755	9.942
738.6396	14.747
845.7339	16.916
334.3104	3.044
248.2454	18.393
771.6269	6.629
666.5808	15.215
661.5601	9.723
840.6485	7.86
1005.8527	15.872
379.3299	2.853
841.7259	17.928
687.6477	23.725
811.7583	18.502
695.5764	14.885
913.7695	14.306
1185.3436	7.204
799.5684	3.375
663.6296	10.934
1008.655	2.001
510.4152	4.177
1135.3405	8.703
1015.9203	15.406
954.7766	14.802
266.1726	2.799
857.7505	15.954
1141.319	17.327
811.637	9.833
890.7818	17.573
717.5812	6.465
682.6162	16.725
905.596	6.984
850.7137	12.7
908.8287	18.214
799.6321	9.393
955.7723	16.724
765.6504	15.434
800.6761	15.187
870.7827	17.163
685.5166	11.097
753.6089	7.723
1003.8642	18.146
1233.3162	2.218
942.8319	17.491
985.8535	17.791
1394.1505	15.05
801.6943	17.655
825.6733	12.007
760.5575	10.134
772.7089	16.064
875.8316	17.764
287.2733	7.04
825.584	3.872
823.5909	2.825
365.1054	23.478
615.4868	2.027
905.7996	17.573
729.6934	16.834
910.7186	15.269
579.535	12.598
423.3297	3.62
1233.1377	20.323
852.6594	8.106
965.8942	18.749
977.8578	15.928
598.534	10.934
929.7909	15.324
760.5575	10.437
846.7198	17.409
852.6755	10.851
379.2818	2.796
696.686	17.764
903.7485	14.03
221.2264	18.42
647.4818	12.763
753.59	6.465
855.8175	23.725
923.8477	18.229
880.7964	17.846
920.7557	23.105
826.5957	4.204
690.6184	15.077
811.6053	4.92
972.8052	15.214
687.6484	18.804
919.7796	15.543
810.7556	22.836
555.5543	8.981
768.65	15.215
553.4059	3.347
678.4818	16.725
766.5528	0.732
615.4987	5.113
808.5852	5.804
704.5981	14.222
762.6761	17.873
1216.0604	11.125
1467.1087	8.871
278.2194	15.269
151.148	2.849
628.4993	2.688
1464.106	7.75
941.8289	17.464
636.4242	7.395
809.7334	17.244
563.52	8.571
818.7234	23.352
894.8309	18.393
726.6236	14.858
734.5412	6.329
1005.6472	2.003
464.3136	2.413
363.2164	0.729
850.7132	12.838
625.6073	8.216
896.7994	17.163
1329.2256	18.859
758.5706	11.704
946.8332	17.491
713.5913	23.105
940.8326	17.491
705.6139	17.573
191.5296	8.405
846.2929	23.753
385.3461	15.16
665.6064	23.105
836.7344	16.889
527.9046	3.925
1011.9	18.557
832.5698	2.607
786.674	8.735
551.4819	15.214
688.6028	14.913
956.8487	19.493
1137.3212	17.327
362.3478	2.853
874.5812	3.816
921.7588	9.751
201.1638	18.393
766.9909	1.977
795.7268	23.712
1321.2448	22.939
883.6997	15.05
381.2912	2.359
232.2543	1.561
775.2707	12.866
846.2927	23.657
642.6185	23.38
507.5244	8.243
766.5732	9.063
666.6098	15.132
271.2056	2.387
1031.7352	7.394
844.6069	3.844
680.8069	3.321
894.7392	17.409
484.367	2.303
769.7257	15.598
806.7138	16.835
1338.1919	17.737
1018.7405	14.499
551.6318	9.844
780.6988	16.752
652.5519	6.052
1375.2023	15.406
849.7387	17.737
1297.242	23.038
536.2939	2.003
1077.8441	6.876
938.8756	18.722
552.5713	17.873
1352.1354	8.189
686.6429	23.313
646.6062	11.071
741.6581	18.01
993.8887	18.092
834.7548	20.406
738.6396	14.831
806.7237	20.406
280.2351	15.187
720.541	14.83
583.5124	8.489
243.2106	17.818
788.6379	8.707
743.5385	10.769
942.8122	15.479
912.8075	18.749
942.8122	15.397
490.2904	1.561
754.635	14.306
579.5254	11.098
802.624	9.421
575.549	10.961
844.7388	23.105
746.6443	17.409
816.6194	6.684
859.6708	10.307
781.6108	9.942
948.8496	17.764
784.5862	12.035
890.7811	16.971
452.4329	15.214
821.7672	17.354
723.4876	8.757
564.3253	2.606
1368.3842	13.946
736.5063	8.68
938.9028	19.356
625.4486	3.182
603.5346	17.818
729.5702	15.05
932.8657	23.037
716.6336	17.407
923.774	15.79
994.7043	16.174
552.5718	23.038
300.2614	16.834
853.6875	11.344
1018.7405	14.416
385.3464	18.092
852.792	23.121
1430.1929	15.05
210.0584	22.733
827.7529	17.3
431.2378	3.623
1475.3623	18.065
1480.4586	2.191
745.5856	7.204
762.5305	8.898
688.6394	11.207
878.7455	23.038
805.6212	6.821
633.4852	11.125
423.3838	2.849
660.5942	11.316
279.232	16.422
718.5378	6.438
1187.0979	11.043
696.4445	7.395
695.5762	15.05
736.5432	8.708
751.6794	18.037
919.8165	16.339
657.6336	8.216
604.5758	10.354
573.3738	2.057
594.486	6.135
709.5534	14.112
163.1481	2.936
738.6391	15.215
960.8062	15.872
877.7855	17.464
884.6376	6.629
891.7849	16.971
792.6864	15.149
782.6663	15.598
838.7876	22.733
738.6416	16.725
165.1636	2.849
857.574	2.963
689.6062	15.269
815.6813	9.887
852.7284	14.802
1328.2224	18.859
769.5694	7.997
313.2737	2.715
713.6997	18.393
744.5624	10.851
769.565	8.406
782.6661	14.362
829.5674	4.533
1172.8415	7.476
173.1324	18.01
615.4027	5.419
730.5322	6.876
948.7862	15.077
920.8297	23.037
894.8145	23.037
906.2599	14.168
892.797	17.163
1004.9589	19.742
921.7649	16.807
769.5666	8.161
775.5282	10.134
891.7855	23.175
509.3752	2.086
618.6138	8.189
369.3682	18.01
297.2436	16.725
669.5612	14.279
849.5815	5.583
773.5529	3.761
612.5569	9.573
1354.3719	19.218
768.5625	2.578
902.7441	14.776
720.5773	17.6
399.2632	7.34
782.5697	3.985
784.6295	7.75
866.7237	16.367
251.1852	0.727
1413.1952	15.132
867.7846	17.3
818.724	18.311
713.6476	16.092
1291.205	23.038
800.5709	4.176
607.3126	2.218
838.5586	3.625
367.3361	23.601
400.3419	1.972
701.2509	11.235
745.6901	23.037
974.838	17.461
584.473	2.715
547.4718	17.382
767.5346	8.919
722.6118	16.725
816.5638	3.624
893.7428	16.724
669.6703	10.382
815.6173	8.513
1058.8445	16.284
913.8774	17.928
593.4228	3.43
628.6263	8.216
966.824	15.79
873.5857	6.383
1028.8341	16.669
909.7964	23.105
236.074	1.064
886.7688	17.027
806.7238	20.578
794.0368	7.175
168.0371	3.624
727.5729	7.368
880.707	12.369
521.3581	3.62
1041.6875	1.948
174.1488	0.729
831.5575	3.486
512.4154	1.89
277.2162	23.039
850.7131	12.894
785.6628	17.109
629.5504	7.04
837.6728	11.152
1219.3858	17.327
750.5435	7.969
697.6173	11.316
980.159	2.195
936.6469	4.15
1002.8518	17.846
1325.3689	17.792
910.7489	15.187
524.299	2.027
784.5346	7.723
789.5922	6.629
1369.1253	15.434
1029.6727	2.111
874.8383	17.764
943.817	16.284
855.5571	2.249
778.2297	4.67
703.575	11.043
874.5806	4.149
1055.2987	16.753
960.653	6.41
982.7622	16.366
703.5392	2.032
744.6098	7.833
641.7773	2.739
977.7268	16.03
734.5413	6.548
1164.8127	7.34
675.6027	18.503
671.5762	17.409
243.2106	15.406
806.7241	19.991
808.7394	22.208
736.5878	9.751
844.2443	16.175
377.3197	2.852
478.3524	3.596
703.6438	11.125
851.5168	6.739
745.6895	18.502
990.834	15.231
652.6108	16.834
1071.3472	16.944
859.6701	9.925
960.8425	18.112
853.6141	6.602
798.6609	15.872
831.7274	16.944
829.5417	2.852
784.5854	5.831
674.5929	18.503
181.1586	2.936
838.612	8.161
922.3089	23.105
1054.2975	18.529
642.1118	2.739
803.5994	7.204
641.6065	23.039
951.8052	17.297
1370.1506	15.132
585.374	1.921
496.4205	2.797
619.5302	10.106
585.5598	6.383
550.4915	9.558
645.6194	12.811
342.305	2.358
906.8128	18.214
937.7896	15.818
823.6405	9.914
452.3942	2.797
975.8433	16.092
616.5755	9.914
303.3046	4.369
155.0032	13.752
748.6431	15.204
634.4549	16.725
1215.3387	17.518
732.6291	15.46
387.3589	7.368
918.7959	2.906
872.5566	8.133
539.5234	8.188
764.6377	15.132
759.5732	4.532
846.2924	17.955
923.3094	16.147
687.6673	16.834
930.7758	17.489
714.6595	22.964
550.6282	15.982
844.6878	17.681
909.6523	6.821
1002.2843	7.887
1409.1421	14.847
783.7271	22.733
490.3601	3.623
398.374	4.366
1166.8128	7.367
864.766	23.175
756.5451	5.888
868.6989	8.38
812.5205	4.23
941.801	15.79
1391.2009	15.269
576.5064	17.463
823.5669	6.329
805.7115	17.301
690.495	2.961
782.6568	15.05
780.6699	18.01
715.0683	6.904
669.617	18.418
839.6409	12.007
852.6845	11.453
691.622	23.203
369.7633	7.093
564.5712	17.518
933.8833	19.783
1428.3911	19.356
1230.3081	2.191
496.3306	1.645
527.3868	7.45
181.1435	8.707
921.3123	16.916
817.5789	7.586
603.523	10.382
228.1957	0.759
917.8008	15.324
523.2862	2.273
836.5993	7.668
1047.7756	15.644
926.7453	12.506
870.7265	17.163
551.6318	23.038
772.6134	9.393
1128.3167	16.945
644.4544	2.113
369.3583	17.655
782.6435	7.177
699.6123	22.964
712.6452	16.725
926.8066	17.163
844.5977	5.251
289.293	1.673
533.5292	16.724
686.5566	14.72
372.2681	6.985
906.8124	22.733
1280.3529	19.052
666.4346	7.613
737.5486	8.844
780.6358	10.851
812.6168	6.191
669.561	14.07
1318.2234	18.229
838.6322	6.656
386.2383	0.594
794.5335	3.099
1054.2991	16.753
788.581	4.753
933.7161	13.973
990.9061	18.447
859.5887	3.541
734.5913	8.27
1341.2678	23.038
796.6463	10.217
916.797	17.272
995.3309	22.733
834.7553	20.107
257.2668	2.551
796.5918	6.656
846.2935	17.6
666.4657	3.345
1371.1935	15.132
448.3368	1.945
712.5725	7.177
909.7877	18.502
1003.8121	16.669
874.7491	17.026
960.805	17.382
946.6651	6.684
486.3544	2.167
1334.2179	23.105
804.7081	23.038
697.6692	18.675
742.6498	17.6
766.5391	7.969
532.4401	8.188
942.8121	16.091
789.5416	3.927
760.5861	11.426
418.3396	7.094
1025.8721	11.098
1443.4401	17.655
964.6405	2.166
822.124	9.86
960.7508	9.145
817.6971	11.207
935.7313	16.092
1376.2305	15.397
768.0502	7.067
852.5377	2.961
722.5578	7.75
226.6862	4.341
249.2577	18.393
844.5471	4.754
752.6187	15.05
831.7274	16.834
1465.1603	7.395
772.6509	16.862
886.7502	14.001
775.5281	10.051
594.4455	3.814
809.5888	5.141
772.5766	7.122
277.2174	16.725
725.5548	8.757
789.6988	16.835
659.5372	2.743
806.7239	19.466
1393.398	17.19
562.4234	3.209
1168.8245	18.804
1231.7434	6.137
751.5638	14.694
578.7472	3.456
358.3034	2.849
532.4114	23.105
804.6027	4.809
759.6153	9.682
799.6612	9.228
516.5537	2.086
851.6409	11.454
853.6562	12.867
703.2143	3.788
724.6452	15.982
775.5548	7.121
800.6764	15.269
751.5638	14.61
540.526	8.243
892.6544	8.134
1130.3148	16.945
740.5288	8.703
853.7689	17.71
750.6233	15.05
571.46	2.059
616.5566	11.125
1336.2692	18.529
943.8079	16.009
848.2928	23.037
995.3315	23.038
701.6274	23.313
699.6291	11.152
710.6286	23.133
766.5746	6.793
523.5282	11.454
403.3538	7.122
730.5753	7.504
942.5338	6.492
724.6252	16.753
1364.224	16.834
630.5971	11.235
566.5869	17.71
1325.2715	23.38
678.6488	10.908
760.5858	4.809
946.807	15.341
843.5247	7.422
793.6457	15.652
900.7132	16.775
806.7239	19.798
1410.1546	6.902
957.8219	16.009
775.5476	7.915
666.6097	15.05
820.6664	17.489
835.5896	5.113
724.718	18.174
639.5414	11.07
814.6626	11.125
933.643	6.438
1094.8054	18.613
218.1932	17.464
1292.2081	23.105
750.6613	16.725
816.5876	9.173
807.7176	16.835
882.5853	2.824
525.0425	2.851
829.616	6.656
695.6414	10.354
766.5956	6.629
902.7002	11.953
780.7084	18.752
804.6134	7.395
811.1346	9.86
804.0608	7.532
806.5693	4.506
1128.3164	22.733
936.7344	15.324
1409.2212	15.242
565.5747	16.779
1353.3047	18.859
627.7706	2.772
796.5837	9.09
825.6242	11.207
855.5566	2.633
792.708	20.44
898.6277	6.301
797.5914	8.789
646.6142	11.592
709.6362	18.087
778.5874	6.902
799.5676	6.465
707.4678	7.395
1074.8032	14.499
792.7082	20.171
656.5982	23.121
391.3574	2.825
1000.8369	17.491
945.6618	6.411
881.7614	17.737
868.7606	16.476
792.6386	11.044
980.7917	15.872
822.5907	7.503
951.705	15.296
903.7531	16.725
348.2508	2.332
1467.0017	2.193
543.3922	2.193
554.4534	3.013
754.6924	23.105
782.666	14.499
1372.1968	15.105
787.0302	7.394
983.8474	17.71
792.7083	20.024
992.8494	16.367
999.6355	2.221
813.6942	17.573
1488.1803	8.707
883.6996	14.775
977.8397	17.792
750.5951	7.75
709.6687	18.01
686.6172	23.037
910.1243	2.772
401.8093	3.07
1354.2344	16.064
650.5359	5.141
678.4712	8.899
743.6162	16.284
559.5176	8.898
281.2477	23.037
878.7445	17.792
888.7654	23.38
771.7177	17.273
886.6647	7.53
613.5747	17.464
709.5537	14.222
829.7078	11.648
728.5779	6.328
1289.3563	17.71
1430.1321	6.876
946.79	15.05
199.1692	1.813
724.6238	14.885
965.6798	2.194
952.7603	14.776
1043.5927	7.777
809.7432	23.148
1448.6412	8.762
841.5786	4.81
712.5874	14.857
529.4613	15.406
692.5978	16.367
848.2894	22.733
1017.8522	15.242
862.7502	17.05
650.6472	16.725
371.3581	14.802
196.1468	7.75
448.29	1.648
1216.0602	11.235
424.3419	1.702
933.4218	6.739
969.8953	19.438
1016.9237	15.434
852.7286	17.354
1298.2172	15.35
705.6401	11.097
939.7847	16.147
534.3911	2.551
678.4793	22.733
633.4854	11.207
1408.1387	14.802
920.8286	17.573
669.5614	10.492
846.549	2.358
893.8192	18.092
779.6966	23.105
966.8314	17.764
372.3107	2.358
795.6476	16.554
1371.3087	8.216
521.5291	16.834
888.873	18.174
872.7423	15.79
617.5146	8.926
1069.3497	22.733
804.5529	4.122
430.3636	2.794
1283.9224	7.395
608.6344	18.495
496.3754	2.632
689.6636	16.092
1131.8147	18.722
727.5643	11.925
871.5519	2.906
1392.3999	17.162
860.541	2.961
809.5891	5.362
255.2107	18.01
818.7236	23.684
787.7261	17.573
1242.0747	11.289
521.513	8.243
793.6902	15.406
540.3649	2.606
784.7303	17.6
896.7907	17.71
673.6501	11.125
599.4221	2.027
876.7287	12.894
1463.9882	2.195
843.7313	15.05
930.7605	17.655
716.5307	4.15
825.6567	9.914
1129.3171	16.945
769.711	22.733
687.2003	9.366
1409.1945	15.214
937.7682	15.132
984.8235	16.339
957.68	9.613
864.5729	5.859
804.7079	22.733
430.3762	7.53
516.4162	8.784
786.6606	15.269
550.6286	23.401
1195.8895	8.735
813.7641	17.873
652.5518	5.971
769.7115	23.038
768.5902	8.789
888.765	17.983
699.6119	23.38
704.5976	15.269
739.6353	23.038
1075.0667	8.871
966.8765	19.245
923.7681	16.504
785.5888	11.043
772.5771	6.903
605.5504	12.92
724.6445	23.133
917.6992	17.327
751.6432	14.721
727.6258	15.187
541.5385	12.035
647.4429	12.929
401.8095	3.236
917.8345	17.792
740.5584	6.657
689.6635	18.502
1299.362	12.34
709.5802	16.835
838.631	6.301
783.562	7.422
775.5281	10.438
874.6647	7.368
936.7351	15.543
623.576	17.955
660.6376	11.18
614.6276	8.243
1265.1884	18.201
678.4708	7.723
818.5675	7.832
524.3714	12.04
759.6563	9.723
762.4994	2.908
551.6317	22.733
853.5139	6.766
826.6886	10.603
747.6483	17.846
702.5096	7.586
993.6601	2.221
608.0982	3.405
840.7133	17.6
901.6445	6.958
869.8329	18.228
747.5736	10.134
792.5666	7.613
470.35	1.945
683.6175	16.477
1096.3441	8.707
1423.2094	15.214
287.2216	1.808
550.6287	23.808
1411.2112	11.207
743.5385	10.52
778.5016	2.003
208.1696	2.936
730.654	23.065
695.4988	8.676
494.5206	8.243
822.5648	3.07
955.7368	16.367
829.68	8.926
359.3156	3.514
806.7243	19.687
872.7704	16.999
766.5534	7.614
641.6388	8.871
1005.6875	2.659
984.8504	17.163
824.4901	4.533
895.7078	17.434
257.2262	15.187
848.566	7.696
824.771	23.753
955.5695	4.177
820.6429	9.914
550.6286	16.229
601.5189	17.436
939.7841	15.269
973.7387	10.851
958.7349	8.243
961.7474	16.092
874.669	10.796
739.5642	6.958
1208.0033	9.942
822.5652	3.209
1119.4268	11.207
856.5708	3.456
460.3407	3.648
539.8143	1.757
610.309	1.757
536.5479	17.163
214.9022	6.356
672.5933	23.039
1013.798	16.174
1135.34	8.789
924.4571	8.516
861.584	6.383
961.7476	16.174
790.6554	17.491
1332.2351	18.338
791.5783	6.931
1458.6271	8.762
674.6101	11.565
670.6471	23.725
1051.7265	14.83
644.4943	2.086
840.6479	6.684
1465.1093	7.75
859.5551	6.383
407.3789	7.04
725.6202	23.121
997.328	16.835
968.8132	16.504
884.6068	6.739
556.5344	6.465
1351.2167	23.105
766.5978	7.751
794.7474	17.301
257.2264	17.873
1013.8677	11.153
745.5535	15.625
1025.6807	6.356
673.5019	5.914
835.0998	9.109
226.6864	22.836
556.4417	1.863
920.8282	18.502
752.6256	2.824
569.3404	1.892
823.6574	10.685
798.6374	8.73
1337.273	18.529
835.7593	23.352
790.6928	23.105
698.6094	18.612
937.7968	17.354
914.889	18.174
830.72	13.78
713.5299	11.207
667.6096	8.817
214.0861	6.712
812.7618	18.174
648.5157	4.45
830.5551	4.755
749.5392	15.407
746.5612	9.091
887.668	7.75
1012.837	17.491
766.6353	10.216
599.504	8.926
813.5466	2.821
909.7156	15.516
327.2722	2.332
689.5772	15.05
823.5676	3.653
825.6853	16.944
938.6247	2.113
955.7798	14.886
713.4999	5.583
850.75	16.394
805.6055	5.143
468.3326	2.191
989.6485	2.222
852.6117	5.859
281.2476	3.101
834.7373	16.916
679.5993	11.399
831.5571	2.632
1022.583	2.249
765.6506	15.652
694.5615	17.381
771.669	14.858
922.3084	16.835
399.3663	5.943
752.5756	7.094
766.6532	15.16
984.8718	18.283
768.562	1.95
1319.3796	16.945
766.6921	23.684
263.2369	2.772
752.6551	15.46
884.8432	17.6
1018.9018	18.147
1129.3175	23.038
1223.065	8.243
898.5798	2.851
1397.1823	15.214
798.7458	18.092
1236.1566	20.461
769.5757	5.749
175.148	17.818
846.5403	7.668
854.5698	5.777
646.4688	2.986
829.6802	10.575
161.0164	8.734
1001.8062	16.174
1297.2139	15.352
897.7431	15.954
846.2932	23.23
883.8432	18.722
818.6543	11.234
1128.3168	18.696
963.8679	17.791
956.792	14.639
587.5829	8.243
891.741	17.655
311.2218	23.133
600.4682	1.863
772.7911	19.576
713.6476	16.449
299.2582	3.101
1375.2256	15.405
979.9084	19.494
1329.2168	18.502
821.552	2.988
874.7499	16.532
758.7295	18.393
724.6106	16.725
296.2303	15.68
654.5117	11.234
422.294	4.368
853.6153	5.611
668.482	2.961
1317.3627	19.135
840.648	10.548
525.5068	7.559
1383.0953	6.876
931.7566	17.599
865.7694	16.944
252.05	1.972
729.6221	15.269
925.3069	15.79
873.8172	17.464
686.6454	11.125
820.6644	12.34
915.6318	6.41
768.5662	0.013
906.2598	13.946
592.6029	17.873
636.5572	14.747
343.3142	2.167
576.5712	16.944
808.7035	23.038
680.4804	12.811
846.5862	7.149
846.6378	9.063
179.1795	18.42
810.755	23.698
829.6018	3.624
876.6057	7.04
982.8076	15.954
871.5518	2.223
705.6675	11.234
918.849	18.214
1151.3237	10.079
714.6033	23.38
800.5795	6.328
752.5492	6.684
626.5359	9.942
736.645	15.982
715.6135	17.407
824.5806	5.859
930.7769	23.038
440.7669	7.04
743.5384	10.465
714.6037	12.34
911.7216	15.105
1001.8057	17.132
924.6424	3.373
874.6689	10.438
890.7715	17.491
831.1443	9.888
766.6922	18.257
447.1174	5.391
911.8473	18.365
743.5376	14.802
938.8004	17.354
1393.1991	15.214
400.764	6.985
750.543	6.328
806.7237	20.884
631.4912	5.831
972.823	15.479
1441.1086	8.434
843.5242	7.341
1210.8616	18.914
591.5517	9.723
969.6386	2.193
806.6225	6.848
663.4539	13.031
1052.7304	14.499
1203.3351	22.733
726.631	15.625
803.539	6.274
770.5694	7.668
870.761	18.229
857.6578	9.118
532.4394	23.45
711.6405	23.065
814.5723	7.887
881.6996	17.628
684.6448	10.355
1073.7769	2.852
1308.247	18.859
639.6123	9.227
793.6268	2.794
719.6554	11.125
580.6032	18.214
653.5828	11.207
907.7619	17.873
796.5836	9.145
726.5518	13.779
807.7278	22.836
792.708	19.636
281.2478	3.236
902.6001	4.534
1203.3364	23.105
971.8017	17.489
1004.8677	18.174
997.9582	18.393
379.0134	14.831
1008.6205	2.275
566.4547	4.864
691.5912	16.092
853.632	6.656
674.4393	7.148
861.6386	6.41
670.6128	16.423
753.5428	8.844
1451.9914	2.193
587.5806	8.926
908.7561	18.112
1020.8713	15.872
925.8007	15.433
1008.8268	15.818
921.7585	17.491
836.5949	8.953
644.4946	1.835
1006.6399	7.833
1304.1276	8.352
1245.3611	16.725
768.6499	15.269
369.3486	4.698
791.6294	2.849
851.5655	8.947
895.7374	15.708
616.6034	11.097
579.5346	18.365
824.5801	3.623
1351.2786	18.366
628.5808	11.125
685.4361	8.757
968.1673	3.373
698.6088	13.169
392.2586	7.094
370.2566	5.804
1018.9746	19.884
996.3287	23.038
811.6043	11.043
852.7661	23.038
1118.0715	21.153
153.7936	15.214
891.7836	18.338
731.0358	6.876
226.6861	6.274
548.3109	2.304
672.5256	2.66
1350.8744	19.218
904.7606	9.97
385.3461	6.547
355.2842	2.358
862.6323	9.063
920.7402	15.543
614.5722	10.934
937.7682	15.296
688.6399	11.016
1069.3507	23.038
798.68	16.064
754.5989	8.843
682.5616	7.122
789.68	15.954
579.4608	7.093
873.6223	6.985
714.6039	22.964
753.6867	15.397
564.0717	3.488
641.591	11.125
711.6113	15.242
972.8964	18.969
653.606	17.79
725.5969	8.73
924.8233	18.092
891.7856	23.38
967.6655	3.35
766.6344	15.077
627.4267	5.914
932.4284	6.794
858.5869	3.236
837.5456	3.099
847.5436	7.257
514.51	6.794
1233.1418	20.433
920.3116	23.352
938.8166	17.873
801.6988	16.833
1221.8224	2.194
717.6225	18.475
962.8386	16.366
807.6605	15.05
214.0863	7.915
714.652	16.229
687.5441	5.224
1211.8376	2.167
942.7095	9.613
933.716	14.03
688.6516	23.56
311.2409	1.671
1437.2274	11.153
623.6202	8.871
352.3208	1.618
1117.0657	21.125
825.7375	17.3
940.833	18.119
863.7533	16.944
908.2562	18.147
863.7705	17.354
626.4139	2.03
807.6522	11.482
821.7164	17.382
830.7777	8.27
782.7239	23.176
863.7548	23.105
755.6952	17.301
797.6073	4.783
819.6078	9.393
835.7231	17.027
750.6402	10.769
780.7083	19.438
850.66	9.668
372.347	1.671
603.5721	10.988
159.1168	18.037
1193.3273	7.204
976.8912	18.229
902.7816	15.708
726.6607	18.612
818.1355	9.942
1040.6724	2.058
774.4178	11.125
696.5075	11.125
854.811	23.38
729.6954	18.832
936.7649	15.625
1009.7061	2.578
1178.328	17.409
868.537	7.559
956.7915	15.369
485.4294	17.573
848.58	4.588
774.6292	9.421
994.7043	16.278
1357.3668	17.19
860.7343	17.489
933.7158	14.583
781.6236	8.708
550.5559	23.231
798.1265	9.859
1003.8118	16.775
708.5038	8.676
960.8873	18.804
354.3366	2.383
524.4055	2.606
773.6635	17.6
828.5153	4.12
836.608	7.368
731.7018	18.393
686.5568	15.653
382.3791	4.368
164.1513	7.067
1069.3497	17.163
826.6598	10.851
809.6134	7.286
822.5326	7.231
633.5286	7.969
299.2584	3.236
1017.8524	15.296
1005.8075	15.077
836.7348	17.764
775.0472	6.848
848.7524	17.3
830.6831	11.235
820.5482	2.796
692.5827	18.366
1054.2973	22.733
785.5793	6.848
963.806	15.872
822.626	9.832
854.628	6.191
785.6725	9.898
782.7239	23.45
550.5558	23.712
532.4394	18.502
445.3678	6.163
924.8872	19.19
782.724	22.836
705.6399	11.262
219.1744	1.118
849.2891	15.104
208.1695	2.794
538.5556	16.999
708.5987	7.395
589.5918	17.71
692.5824	18.447
870.7325	17.163
776.5816	9.337
586.3088	1.948
752.646	15.077
816.6559	17.301
371.3584	23.313
1386.1455	14.858
832.7393	22.733
872.7186	17.461
1387.8837	19.273
505.3456	2.304
780.7084	20.323
276.2765	18.42
1228.8156	5.141
886.5433	2.249
933.7809	15.214
991.8647	18.393
980.7919	15.982
1090.0422	20.931
377.3007	4.369
885.7889	18.722
830.7198	14.112
402.2938	2.854
731.6018	23.038
774.0602	8.811
904.6655	7.723
810.7191	23.105
557.915	3.096
1237.7903	2.191
748.6238	14.995
615.5752	12.783
551.4239	4.341
1022.8679	2.878
919.7369	15.708
816.5749	3.541
718.4659	7.805
780.5308	8.024
984.2731	15.405
725.6528	16.092
785.512	5.777
337.3293	2.578
728.5852	16.725
921.7581	15.16
916.797	15.186
161.1173	8.735
521.4561	17.327
779.6056	6.629
852.6225	7.286
177.1274	2.415
702.5793	7.121
982.8085	16.092
727.5645	11.814
550.5558	17.901
379.014	13.752
801.6801	16.395
385.3432	15.919
1465.4003	19.411
1017.9629	19.687
978.7753	15.187
693.4538	7.778
1466.4189	17.409
705.6005	6.876
920.3113	17.163
532.4394	11.016
926.6591	7.669
899.7101	16.999
724.5167	8.762
841.6425	9.558
821.762	17.354
838.7872	23.121
248.2453	18.037
589.5596	10.988
388.3652	18.393
837.6851	10.106
807.2344	15.954
801.5831	7.175
899.8112	17.491
636.5716	17.272
523.2867	2.195
812.6175	5.914
901.6372	6.41
745.5851	6.602
1312.2603	18.366
839.6884	12.838
714.6671	16.449
318.2998	11.125
750.541	9.806
894.7242	15.515
742.6546	23.038
477.3682	3.596
853.6779	3.041
695.4823	3.29
709.6323	14.721
509.3428	1.866
252.2686	8.243
622.65	18.495
1128.337	6.876
772.5636	6.629
984.8427	17.545
1058.8449	16.669
483.3766	4.012
648.5825	16.725
904.7973	16.229
729.695	23.037
1234.0197	10.025
923.3093	16.229
782.6979	17.764
772.6601	17.792
934.7703	15.132
793.5137	6.684
933.7857	17.354
768.6134	7.997
803.7315	16.835
967.7215	9.696
919.7368	16.229
798.6012	8.789
337.3292	2.059
753.6797	17.272
846.5621	4.367
789.6936	2.826
997.8174	17.19
948.7859	15.186
789.6217	12.673
676.6088	18.859
402.7866	8.434
780.7081	20.517
822.7185	16.389
814.6407	16.916
855.7034	12.7
674.5956	15.626
905.764	16.092
856.6518	8.735
1067.701	14.499
1322.2522	23.38
544.3366	1.945
679.5661	23.313
847.7787	17.379
808.6099	7.668
754.5989	9.723
582.5654	11.152
450.4309	4.977
465.6723	2.933
882.7622	17.491
734.6286	15.296
798.5975	9.696
1161.3398	7.341
781.5752	7.668
919.7795	15.461
923.8106	17.737
826.5863	4.534
848.5375	7.477
697.5892	18.174
705.5702	14.83
596.5292	6.684
531.4074	6.384
800.6444	9.996
959.8394	18.065
780.7083	19.687
958.8339	17.163
734.5212	2.906
647.5772	18.037
928.7441	17.354
1016.8845	17.846
971.8007	15.186
1142.3692	23.038
312.3624	2.689
780.699	16.67
716.6198	11.125
925.6894	15.269
695.1478	3.295
334.3377	1.868
887.7537	16.697
701.5797	5.777
660.6331	8.216
771.6334	6.602
552.5065	17.791
617.53	3.016
1070.3474	22.733
628.581	11.207
779.6291	15.16
1016.6641	2.003
674.6098	11.814
623.6536	18.311
1424.1118	15.132
943.8163	16.471
1323.1657	11.098
452.3368	3.596
825.6302	7.75
925.7104	9.75
361.2219	1.671
721.625	23.093
160.1332	17.737
1091.3074	18.641
630.5982	11.016
903.7476	15.405
509.3582	3.598
843.5938	3.568
769.7015	16.835
301.289	18.421
698.6644	18.859
894.7237	15.351
376.7846	7.067
825.6193	8.871
419.2924	5.969
795.6696	15.078
1031.8166	16.168
806.5692	4.396
840.5655	4.177
750.6609	16.367
822.6667	16.559
948.787	15.954
863.7101	17.244
1499.9109	19.466
940.5357	6.547
801.7698	17.682
1126.3324	6.876
703.5763	9.282
738.6611	23.038
161.5566	2.194
804.5613	7.723
1093.7438	11.234
739.6065	11.234
1424.2125	15.215
811.6572	11.207
227.2118	2.936
1232.3159	2.195
920.8194	15.982
852.7286	14.886
344.308	2.824
228.2319	1.945
821.1445	9.914
876.7657	15.597
689.6642	11.153
688.6516	23.093
1092.7411	10.988
937.7684	15.05
1241.2994	2.222
1385.9615	8.707
1410.2085	11.125
979.9466	19.714
718.558	7.012
780.7083	19.853
701.6287	22.939
784.7304	17.846
521.5292	16.724
379.282	4.147
818.5642	6.958
388.3655	7.778
342.3081	11.125
665.664	15.79
773.5519	3.541
1431.3872	17.409
934.7346	8.652
446.2836	2.715
532.4396	18.366
781.5106	2.03
184.0732	11.235
860.6015	3.566
205.195	2.825
775.669	10.989
961.8264	16.422
843.6323	7.121
1030.2909	16.998
807.5404	6.82
849.657	10.575
1485.1373	6.876
656.6341	18.393
701.5436	5.804
615.5803	12.008
703.5252	6.902
996.3281	22.733
784.6225	7.532
1000.7861	16.174
1322.1622	11.07
834.7912	18.502
780.5529	3.624
822.5735	2.852
934.8443	23.133
677.6057	17.627
773.7049	16.835
568.473	9.338
798.6273	9.86
923.3093	16.753
1384.0981	6.903
890.7815	17.218
1013.6358	2.276
904.7607	23.313
813.6522	11.207
280.1624	1.511
808.7757	18.283
1055.2988	23.038
541.494	8.243
747.5132	8.079
755.5392	7.095
809.5892	4.753
379.0136	15.982
780.5903	11.016
863.6227	10.106
1009.9352	19.521
1465.106	8.789
860.6016	3.65
834.2386	12.229
841.6439	8.816
768.7079	23.258
532.3735	2.988
171.1377	2.245
839.0547	7.149
848.2894	15.954
921.796	17.409
860.7347	13.585
894.8129	17.518
806.724	22.501
799.6224	7.915
745.6319	16.779
996.6289	2.168
153.905	15.242
839.5629	3.488
804.6116	8.271
549.5435	9.063
730.029	6.876
791.6094	7.122
885.8264	18.061
648.6015	11.18
857.5742	3.182
790.574	7.122
964.8364	18.092
809.7326	17.163
933.8677	18.447
766.5319	23.038
867.5943	5.749
417.4032	6.356
976.8529	17.791
933.7158	14.637
756.5522	8.27
901.768	17.135
909.5457	6.52
941.7122	17.819
661.5521	8.926
622.7738	3.402
1428.1654	9.888
486.3309	2.168
944.7597	16.725
192.8981	6.63
829.6794	9.173
920.8649	23.037
788.544	3.705
332.2925	3.404
755.5801	7.313
694.6098	16.834
692.6346	23.121
1043.5927	7.833
368.3392	23.203
289.2525	2.332
684.6206	23.121
908.2574	14.112
808.0796	7.696
857.8237	23.38
890.5756	2.988
867.5945	5.417
834.592	6.657
953.774	16.835
961.3384	15.79
888.6411	7.75
362.3164	2.826
768.5906	6.657
225.2009	17.819
803.6003	8.974
880.7464	15.341
780.6366	8.926
388.3421	3.675
1126.108	8.243
914.6965	9.091
1434.0842	6.656
853.8065	23.039
1136.3438	8.762
421.3078	6.22
718.635	11.289
688.5	3.35
780.6508	10.493
736.588	9.969
926.6495	6.793
750.6009	8.216
1104.3094	17.245
912.7852	17.272
649.633	13.613
822.6376	10.189
517.3292	2.245
900.7654	16.642
551.5588	17.301
765.6752	15.215
992.959	19.853
818.5817	4.588
723.6332	10.079
1284.8807	19.052
811.7013	9.888
927.7479	12.92
469.3654	5.556
235.2418	18.01
1104.8138	14.472
540.3766	2.032
676.551	6.602
929.7433	9.914
854.6259	6.656
153.5775	15.214
770.4602	2.004
1325.2744	22.939
587.4419	6.958
550.6286	23.23
212.193	17.764
576.5353	10.662
1128.3167	23.038
492.3637	1.922
863.5648	6.739
841.5793	3.844
1202.3354	22.733
933.7881	18.229
213.0775	23.105
1248.3711	18.997
652.6549	12.062
788.5294	6.875
1213.8236	6.164
779.5968	4.921
793.0644	3.543
550.6289	16.807
1394.3977	17.162
1134.3111	16.394
1247.8713	18.999
803.5587	7.53
1292.2095	18.584
319.2268	14.858
646.6175	8.243
682.671	17.573
1170.9069	8.407
403.354	7.723
783.6084	8.407
853.8058	23.121
773.648	15.296
833.7445	23.105
934.8073	23.105
581.606	18.174
886.8596	17.873
977.8225	15.872
468.3894	1.89
964.8168	17.409
925.7257	17.026
902.7816	15.79
550.6282	17.846
857.6462	9.817
926.7811	16.752
648.6016	11.07
864.7559	15.269
766.671	14.748
913.582	7.778
752.605	10.088
337.2739	9.997
228.2685	1.785
588.5505	9.613
496.341	13.752
839.7902	23.038
870.6697	6.629
1206.3334	18.888
856.5587	6.41
795.5905	6.958
1322.39	19.135
744.7599	19.245
882.8121	17.71
274.3013	2.714
828.5376	2.634
553.5744	17.409
697.5966	22.964
821.6003	5.113
957.7966	15.434
1472.1353	6.902
608.4654	5.39
893.7427	16.586
848.6123	4.092
750.64	10.52
944.6662	7.149
866.5997	2.797
503.4574	9.118
855.7035	12.756
919.8045	16.064
962.8065	16.725
151.4659	15.324
300.1445	22.733
524.4752	17.71
877.7331	13.363
917.8014	23.105
1044.9902	19.908
922.7712	15.954
805.6056	5.252
1459.1389	6.793
566.5874	23.105
496.3922	2.001
874.5543	7.559
878.7816	22.733
811.6215	6.602
763.6349	14.776
768.5622	1.784
671.5645	17.627
907.8324	18.147
510.3828	2.413
776.5794	7.395
1243.3432	18.969
902.7813	16.559
844.5467	4.45
747.5628	6.711
613.481	8.981
1136.8425	18.777
747.5652	1.95
941.785	15.954
532.4393	23.698
1449.1156	15.05
419.349	7.094
1204.3348	23.105
513.3872	3.128
712.6442	23.121
684.6561	18.393
741.5618	7.095
739.6432	15.405
988.8535	17.764
844.6069	5.279
853.7275	17.108
778.414	11.07
1425.1148	15.132
429.3607	7.067
1202.3355	18.914
965.8941	18.368
556.3602	2.606
942.8484	18.365
1212.3395	2.194
660.4234	2.33
738.6608	22.733
760.5575	10.824
611.4952	10.908
795.6477	16.478
766.6709	15.406
1285.3803	19.052
780.7083	20.905
344.3145	11.125
996.9551	18.368
747.661	2.824
979.7378	16.201
383.3307	18.502
1033.839	15.872
833.6681	11.454
580.603	23.038
1284.0665	11.18
691.6224	22.964
564.5712	17.655
865.8421	18.942
1194.825	6.575
318.305	2.714
468.4415	4.975
773.5528	7.395
698.6792	18.447
724.6446	18.612
321.2404	3.236
942.5342	6.574
1359.8992	19.19
780.7082	20.655
1009.8624	17.354
594.5823	11.343
760.537	10.272
154.6478	11.125
1285.0703	11.07
766.6922	18.47
274.2457	2.99
783.6476	16.724
839.6259	9.091
1467.4174	17.381
978.8126	17.218
970.7197	9.64
666.5311	5.031
988.1414	2.194
975.8235	17.463
156.0212	15.16
877.769	17.6
668.6499	8.243
1410.1975	15.214
774.56	8.762
723.6333	8.735
880.7157	14.72
892.8346	23.037
1327.1178	11.016
386.3496	23.313
1127.1101	8.215
940.783	15.782
525.5435	16.477
299.2581	18.393
1022.7356	16.692
841.7325	15.892
725.6276	14.362
854.8132	22.939
769.5672	8.543
837.6181	9.996
980.2791	15.736
845.7437	22.733
888.6291	4.533
849.5682	2.906
750.5646	6.683
405.3732	2.821
882.8023	17.709
373.3735	23.725
675.5679	8.926
702.6182	17.6
736.567	6.985
755.6388	15.215
1291.2062	18.584
610.1842	23.105
613.4297	2.799
912.7139	15.981
862.7498	15.79
732.629	15.16
532.4394	23.203
792.5665	3.899
793.7116	23.352
811.605	10.493
670.5638	15.05
1364.193	23.039
788.6768	16.229
854.5545	3.514
688.5205	1.835
368.316	1.367
709.6244	23.38
737.586	9.421
724.6453	16.092
770.6852	16.835
979.7342	16.284
781.6458	15.652
316.3211	23.038
766.6352	10.575
1025.8134	18.529
251.237	16.03
1338.2469	23.105
828.7044	12.284
947.8472	17.6
1361.1727	14.802
807.7272	23.38
711.5677	6.875
936.8015	17.545
825.7376	16.916
837.7747	23.221
977.822	15.927
858.5891	8.133
741.5224	13.779
299.2733	18.421
865.6517	9.696
656.5828	23.105
582.5367	6.383
754.6925	17.737
693.563	7.723
493.3631	3.62
738.6029	15.16
315.3016	18.42
849.7379	16.944
740.611	10.216
865.7698	17.217
387.3813	18.065
668.6552	17.354
981.2799	23.038
751.6644	16.147
678.5532	5.584
617.6345	11.097
756.5416	6.903
847.6639	8.762
732.2156	15.105
226.6861	13.418
745.5522	9.282
703.5667	10.603
727.5462	8.762
804.5543	6.08
700.5364	4.645
504.8145	2.221
1326.2758	23.38
720.593	9.887
883.7586	16.971
933.8323	17.573
188.5247	8.762
807.5607	7.175
282.2791	3.016
856.7384	17.163
853.2488	5.694
862.7866	23.258
875.6293	8.899
727.5644	12.257
550.6285	11.316
362.3037	2.821
1028.8171	16.692
698.5879	15.215
763.6357	10.493
1014.9433	19.411
864.573	5.528
937.7261	16.092
703.567	10.216
798.7187	16.807
1129.3169	22.733
835.6306	8.161
515.3706	4.177
854.6278	5.832
1054.2978	23.105
772.6722	15.215
259.2419	15.187
806.5695	4.232
860.6017	3.816
934.7704	15.05
797.5527	4.505
190.1672	18.42
262.2609	18.42
795.536	2.879
1362.176	14.802
826.6883	10.41
752.5823	9.448
605.5505	12.811
938.8669	18.092
698.5054	11.18
759.6096	8.898
797.7429	22.862
942.7397	11.07
582.5327	8.707
830.6423	9.888
736.6605	17.655
671.5793	16.725
1173.852	18.778
1466.6116	8.762
880.7342	17.463
595.5297	11.234
720.4818	7.723
725.6644	23.121
896.5699	9.109
532.4396	22.836
673.6029	11.125
899.6371	6.356
1194.1357	11.016
953.8	16.807
551.559	17.573
757.5757	5.997
1321.8899	19.135
642.3972	5.914
304.2481	1.785
981.6641	2.221
1477.9921	2.221
923.7756	23.038
860.807	18.503
420.3192	12.007
1003.9473	19.549
680.4806	13.031
810.7561	18.932
542.5414	11.043
646.5466	12.92
296.3029	2.469
951.7042	15.187
719.6387	11.07
763.5548	8.703
1079.7018	7.75
839.5557	7.148
829.8021	23.121
712.5724	15.506
908.2575	14.03
968.8921	18.751
1241.0794	11.207
369.3587	18.859
987.8694	18.146
826.6701	8.73
989.8201	15.296
915.7847	16.725
803.6364	10.492
946.808	16.147
774.2706	16.34
981.832	17.354
913.6834	8.57
889.5805	6.438
1240.1321	11.234
956.7921	13.947
467.3324	3.016
911.8619	17.573
816.6711	15.215
726.5434	8.735
760.5576	9.997
930.7659	14.637
742.5532	7.997
696.5077	11.207
879.7439	17.19
517.3092	1.645
734.6445	14.912
1099.8332	18.694
715.0589	6.902
853.7862	17.791
1339.2519	23.105
564.5791	17.71
1002.8698	16.092
1352.3738	23.105
1468.4162	17.409
801.6853	17.3
940.8154	17.682
550.6283	16.367
1013.3666	11.235
822.6286	9.009
316.2926	11.152
378.7806	3.872
776.581	4.753
168.1647	18.42
893.8006	16.477
1433.4187	19.216
963.8425	15.982
1410.1456	14.913
647.5588	15.011
775.595	7.86
805.6546	6.876
633.4853	11.016
287.2732	15.187
827.7118	15.215
535.5446	17.381
791.5918	1.977
708.6656	18.42
756.6778	15.46
1242.8065	2.249
874.5956	6.41
752.7285	19.604
569.2918	2.195
640.6187	8.871
426.3238	1.977
838.1836	12.92
717.5548	5.363
1242.8033	4.286
719.5706	5.003
210.1852	2.958
773.6448	9.2
740.5188	5.776
850.7509	23.105
642.6188	22.964
882.6853	8.405
257.2264	15.406
614.3401	2.633
372.3614	17.819
783.7268	18.174
697.5937	15.405
951.7059	15.543
711.6481	16.064
792.5524	6.984
1013.7979	16.284
945.7592	8.926
749.038	3.598
806.5942	6.328
700.6244	22.964
727.5636	11.016
724.6606	18.447
293.211	15.269
532.4392	17.983
806.5464	7.969
635.6536	18.256
884.7029	14.886
695.5763	14.83
794.5701	8.844
708.6135	15.708
404.3604	7.915
550.6282	17.573
791.6959	17.3
763.5626	5.417
917.8004	17.026
702.6304	23.038
771.5472	6.656
997.3288	16.752
836.539	8.817
1056.2964	22.733
922.7695	16.834
700.6238	23.38
785.623	9.75
787.6994	11.207
972.8223	15.369
695.5618	23.121
1046.7713	15.46
524.54	17.518
780.5542	3.375
822.6382	10.575
697.6179	11.399
914.6595	7.778
883.7588	17.163
1235.0231	10.025
687.5717	10.299
974.8394	15.461
970.7856	17.108
812.5776	9.118
639.5753	9.887
1058.8711	17.544
674.593	18.338
1437.2278	11.207
724.6452	15.872
1277.3551	22.733
413.7853	9.778
412.3034	9.888
665.6639	15.626
680.6256	18.065
568.5766	10.382
846.6382	9.42
868.7892	23.039
985.9003	18.859
810.7556	20.406
578.5872	22.733
642.5306	5.749
830.5542	4.366
834.1527	9.888
682.6136	16.092
839.6351	8.762
886.7501	23.038
618.5179	5.97
858.5858	3.07
680.6342	23.121
1249.7854	2.191
809.5891	5.307
710.6366	15.405
834.586	4.092
982.8802	18.502
564.5716	23.105
836.734	17.163
206.1984	7.067
823.6046	7.75
767.6048	8.953
997.6309	2.191
887.6374	7.75
541.5029	8.297
550.5078	7.53
970.8066	17.163
811.595	6.931
341.305	3.514
779.6746	15.313
943.8077	16.092
937.8629	18.475
816.5668	5.003
877.7328	12.947
748.6436	15.406
868.6077	3.761
782.6164	9.337
806.7239	22.372
750.5338	7.751
910.7879	15.818
792.5808	8.73
716.5517	2.633
837.6196	6.574
788.5892	7.04
907.6441	6.656
976.8181	15.215
654.6515	10.354
765.6798	17.382
702.5099	10.307
868.6537	7.149
481.3712	3.598
953.7636	15.022
833.5912	6.219
909.8316	18.256
977.8211	15.132
678.6763	16.147
1405.0973	8.817
815.6806	12.893
964.7969	16.147
885.7157	15.845
824.7348	22.733
648.6084	10.933
941.8007	17.163
344.3331	2.851
930.6813	8.543
879.7452	15.708
952.7964	17.163
761.6846	16.835
874.6441	6.684
883.7753	16.504
800.6536	10.851
551.5594	23.105
1059.8481	16.201
309.3263	2.578
859.547	6.383
596.533	11.125
971.7595	15.727
792.5889	9.421
847.2932	23.313
980.2794	16.753
663.5714	18.037
606.6188	23.038
716.5308	4.257
1186.0396	10.934
939.696	17.464
800.7584	17.27
592.4996	10.934
1278.3532	22.733
324.2896	1.673
609.3106	2.221
1464.3289	16.857
824.7343	16.285
661.5558	14.419
776.6633	10.41
698.6087	23.56
892.7976	16.367
841.7957	18.229
670.5259	7.122
742.5972	7.997
806.7239	21.776
873.5684	3.043
1441.2609	16.834
760.5366	10.603
850.2873	14.94
372.3862	7.04
820.7058	17.354
1067.2994	17.109
1429.3918	17.491
685.6158	15.378
1130.3145	22.733
928.4525	8.487
853.7687	16.835
711.6328	15.516
878.7825	23.105
733.6173	23.038
608.6092	10.382
835.578	8.216
661.5558	14.471
977.8212	15.05
654.6394	17.163
850.5433	7.175
846.55	7.149
786.6798	16.064
902.7441	17.491
427.3268	12.92
685.6328	23.56
1194.0697	11.016
1209.0067	9.969
163.148	18.037
720.5933	10.107
656.6136	8.871
549.3962	3.514
807.7275	23.615
963.8411	17.764
796.5497	5.251
1239.7976	2.168
654.5672	11.289
179.1794	18.01
647.576	23.133
740.6106	10.575
708.6142	10.106
779.5394	6.246
1003.8736	16.01
811.1001	9.789
770.6874	16.229
934.646	6.384
1277.3551	23.038
808.6384	7.75
800.6591	14.858
430.3758	6.301
947.8104	15.46
767.6325	9.64
870.5491	2.551
988.818	15.872
386.3499	22.964
867.7275	16.532
766.6712	14.639
943.8154	15.479
719.6068	8.079
947.8104	15.351
1029.1763	2.031
824.5495	7.75
1417.1469	15.05
664.6026	8.571
363.31	2.195
383.3308	16.147
697.5437	7.367
435.3728	2.853
960.8967	23.037
561.5606	17.301
724.6602	23.38
990.9342	19.383
754.6174	15.16
593.474	4.92
896.829	18.229
707.6089	23.039
670.5645	10.796
950.8172	17.354
721.6323	15.35
464.373	3.596
768.0042	2.112
1424.893	19.328
1359.399	19.218
866.5689	7.012
1014.8693	17.518
826.5963	7.915
942.755	16.559
383.3308	23.601
697.5805	17.846
849.6832	11.675
803.7009	12.59
782.6506	11.179
957.7862	15.296
1232.7466	6.137
656.787	2.744
887.5471	6.274
856.5701	2.66
1062.3239	18.612
161.1323	15.215
720.6291	17.628
799.686	12.34
1203.9855	8.27
732.537	7.122
369.3329	18.01
670.5617	6.958
644.596	13.224
617.5288	11.152
839.6097	6.328
236.0738	22.982
769.5923	9.255
1003.6268	7.751
1165.3263	18.806
895.6212	9.871
892.7449	17.628
1394.2015	15.215
1211.3612	18.914
776.6172	10.106
835.7942	18.47
841.7116	16.339
1001.8062	16.284
858.4945	7.368
964.8552	17.709
914.0847	7.751
847.2935	22.836
683.6174	23.601
151.5774	15.324
1086.8762	16.669
934.7972	15.078
852.7297	23.038
873.6102	4.533
249.185	1.452
700.6606	18.475
725.6631	15.397
765.659	15.023
880.748	15.542
1317.3807	16.943
827.6473	7.997
1174.3302	17.409
695.6534	23.121
958.7968	15.9
272.2586	1.228
936.7862	14.858
532.4392	17.628
1008.8593	17.354
864.5741	4.257
839.753	17.272
613.4806	9.036
847.5521	2.605
824.6444	9.109
906.8055	15.818
875.5841	3.016
678.5822	14.388
880.7847	17.354
675.5988	15.763
810.6975	15.626
697.596	23.38
668.626	23.56
301.141	1.511
781.6939	17.6
577.5748	16.532
738.603	15.023
754.5352	7.177
1396.9093	19.248
966.8131	16.147
406.3826	2.851
1280.3518	17.163
939.7844	15.132
905.8011	15.982
845.5914	5.777
946.7769	16.944
1391.3995	17.19
847.2929	23.712
743.6377	15.269
1233.0387	11.207
944.7565	9.255
524.5402	23.038
717.5623	7.833
835.7589	18.888
754.7441	19.969
618.6185	14.554
722.609	11.842
868.6052	6.465
741.6794	17.3
807.6607	15.324
184.0734	8.243
946.6555	3.373
661.5964	11.07
892.6794	8.215
1055.298	22.733
380.3365	2.191
827.5992	4.175
932.1373	2.77
535.9018	3.101
541.5835	8.215
852.7664	22.733
552.5714	22.733
674.5863	15.269
818.5327	2.878
774.2704	16.01
969.7038	2.167
756.706	16.834
974.8021	15.268
850.5961	4.534
377.3256	2.136
789.6006	7.504
607.5661	15.023
311.2578	2.193
827.6648	9.366
891.7862	18.612
736.6512	15.352
902.5868	9.136
797.5884	7.259
825.7375	17.6
868.6542	7.887
445.3677	7.97
827.5684	4.533
758.6291	15.215
902.6996	11.153
758.6067	9.558
1038.8331	2.852
890.6963	9.806
896.8555	18.887
1235.3249	2.195
870.8009	23.038
1320.3787	16.943
320.3116	11.071
785.5899	10.493
610.4863	9.558
716.5586	6.876
1274.852	6.328
1143.3694	22.733
202.9015	8.516
910.7493	14.994
980.8124	15.79
495.4406	17.3
817.5789	4.037
754.5413	6.629
1322.8894	19.135
620.5985	11.564
653.6671	10.382
412.2712	7.723
536.3346	1.117
990.8328	17.491
1322.2529	22.939
921.8315	17.573
1020.8808	16.394
889.7698	23.203
855.6307	8.652
664.5744	23.313
855.7847	17.272
749.6164	9.255
951.6392	3.46
960.8231	16.554
760.5364	10.328
941.5439	7.204
1479.114	6.793
698.6088	12.258
844.7654	17.027
398.3863	18.722
919.8173	23.105
1184.3956	16.916
647.443	12.866
928.76	11.125
923.7791	16.725
654.48	11.207
944.8298	16.504
961.7474	15.954
864.6477	9.969
870.7767	17.164
626.6198	8.871
810.6881	15.051
729.586	23.039
872.8307	17.491
370.3472	15.215
888.7681	22.939
861.6011	4.533
1309.3845	7.751
883.5882	3.623
688.575	10.769
686.6165	18.502
215.1794	17.846
770.6354	16.394
944.7914	17.135
714.659	23.395
656.5828	22.733
598.5457	11.097
893.8011	23.38
835.6836	13.418
703.5664	10.686
881.5288	6.466
603.5344	6.683
852.6025	5.141
988.8184	15.515
784.5386	6.629
786.5024	8.707
1025.609	7.887
372.3612	15.269
610.6086	10.355
417.2853	2.849
559.513	9.475
778.6922	23.352
780.589	7.477
435.3294	3.62
778.6927	22.862
716.689	18.722
623.411	2.606
647.475	12.736
538.5556	17.409
608.3944	8.762
965.8287	17.71
728.5828	23.093
702.6375	18.42
971.803	17.135
781.6543	14.802
830.5544	4.423
178.167	7.04
669.5499	5.888
652.6111	18.256
837.7742	23.546
539.559	16.752
854.6791	3.041
883.6101	7.668
611.3389	2.085
873.6488	6.302
782.724	18.887
1298.1112	11.125
817.7079	11.758
1315.2154	15.269
699.6476	16.835
1418.6328	6.876
824.5489	7.504
761.2194	10.769
703.6438	11.235
797.607	4.645
651.6517	10.382
595.5155	9.573
317.3244	2.387
369.3836	23.352
1308.8823	7.751
934.7351	9.009
538.5556	17.627
771.7055	16.835
767.6659	15.05
951.7267	9.996
368.3392	17.627
1496.3439	17.682
572.4323	3.842
1343.1627	15.68
788.8954	17.354
1243.3619	16.753
959.7374	8.188
369.3435	14.858
1005.9625	19.742
273.2578	7.067
754.5759	10.135
709.6326	14.776
460.6752	3.675
910.7504	13.169
946.7713	15.954
642.5674	9.613
751.6711	15.405
756.6987	17.023
1059.8475	16.284
732.5467	1.808
653.6641	15.68
863.623	10.354
972.8016	17.272
580.4336	4.259
1312.1561	15.434
1130.3152	23.038
723.6404	22.964
540.5452	8.844
702.4704	2.743
1202.3355	23.105
550.628	17.163
637.4492	3.378
891.7875	22.939
670.6115	13.196
818.6054	7.422
580.4802	15.187
331.2999	2.903
783.6609	14.858
566.5508	9.75
978.8608	15.982
763.5032	2.548
1042.6907	1.948
727.0249	3.62
1396.409	19.245
927.7783	18.751
738.5428	8.817
574.4834	23.039
259.242	17.819
385.3465	23.121
636.4232	2.163
685.5169	11.234
732.5752	7.067
750.623	15.104
856.7148	15.022
914.7703	14.886
226.6864	12.736
904.7614	22.964
688.5747	11.098
1210.3619	18.914
840.5751	7.723
1465.109	7.53
848.6766	9.805
631.5671	7.013
823.6571	10.741
669.586	9.887
185.1284	0.674
852.6116	6.274
798.5422	9.136
906.8138	23.133
784.5266	4.56
707.6452	23.066
650.5724	10.106
1416.1438	15.05
602.4512	3.099
909.5904	6.739
897.7227	17.764
995.3309	17.108
1354.2413	18.418
1062.8238	18.612
799.6697	16.944
872.5689	9.805
650.4388	2.273
1344.1662	15.68
974.8018	15.186
662.5723	10.107
281.2476	18.502
1351.3742	23.105
650.476	10.051
535.5444	17.71
660.5051	3.401
781.5575	4.727
1395.909	19.245
796.6465	10.631
974.8745	17.791
828.6122	6.191
847.5534	3.319
906.7758	14.803
825.6244	11.261
593.5142	9.887
931.8528	17.791
647.4732	13.003
386.3495	18.502
532.4392	11.098
883.8168	17.655
768.7078	23.505
676.4852	12.838
742.5308	7.476
430.3888	2.826
877.5639	5.307
641.5907	11.235
952.7601	15.406
943.8163	17.162
930.8122	16.009
763.6355	10.713
731.6386	11.125
665.5119	9.778
878.6403	1.945
838.767	17.682
649.592	15.818
391.7776	6.985
943.8152	15.432
767.624	10.493
684.6292	23.56
154.0024	8.762
920.8546	18.546
850.7499	22.733
451.3606	3.596
837.0912	3.488
703.6242	6.903
569.2918	2.278
920.3117	18.338
963.8051	15.269
736.6514	15.286
712.6452	17.164
779.6305	10.217
201.6428	6.821
369.3486	7.148
712.6574	16.03
369.3834	18.448
789.637	17.273
836.7336	15.05
793.7116	23.712
765.6586	15.132
531.4074	7.204
656.5832	18.037
1442.2654	16.834
994.33	17.3
750.676	18.174
772.642	9.009
784.5938	6.684
809.5894	4.975
558.4882	23.121
929.8117	17.599
668.6061	23.38
624.4344	2.113
368.3156	2.799
830.6386	8.051
882.5975	6.684
172.6549	17.791
962.8021	15.488
892.6386	4.147
929.7133	15.79
818.5673	7.586
573.5391	10.988
756.6503	23.133
900.6848	10.658
874.698	16.752
808.5601	7.668
175.148	15.187
547.5446	16.835
886.6649	7.97
1133.4383	11.125
956.7919	13.864
964.7967	16.009
920.3098	18.092
877.6882	12.145
870.726	9.914
1485.4735	2.223
283.2824	8.27
740.5598	6.903
272.23	2.99
784.5727	8.489
797.7427	23.258
781.5282	12.763
910.7492	14.885
813.547	3.927
962.3388	15.79
875.7531	17.027
842.6713	11.071
871.7581	23.133
381.3514	17.819
703.5133	8.024
823.6569	10.438
633.6095	11.207
694.6338	22.964
798.6458	8.189
809.6268	8.789
944.8642	18.175
832.7395	23.258
846.5639	3.566
682.5985	9.915
814.7129	11.179
232.214	7.067
895.5557	8.926
990.8698	18.174
640.6027	23.38
832.5701	4.285
669.6088	23.133
155.9096	15.16
938.7572	9.613
756.531	6.465
383.3309	23.23
784.7003	18.365
910.7917	18.475
177.1608	7.067
674.6632	23.039
712.5876	23.38
753.5898	6.356
808.5148	4.561
860.7012	16.504
1105.8236	6.876
639.4965	9.558
678.434	8.516
1493.1232	8.816
803.5572	6.984
836.5415	3.624
666.5903	15.654
703.6347	6.903
861.6184	9.53
354.3194	2.63
848.6824	16.642
773.5261	6.053
845.5833	7.45
811.7221	17.3
744.6694	23.038
303.2319	14.886
977.8578	17.819
819.6173	9.86
765.6179	13.197
855.7342	15.324
304.2351	15.269
780.7082	22.022
415.39	6.328
832.0926	9.145
766.537	6.766
1324.2649	23.38
600.5068	17.489
1137.3418	18.749
1294.2229	23.038
868.7601	17.327
920.3118	23.56
602.5873	16.724
588.5472	10.988
904.6934	4.036
864.7658	16.367
372.3953	18.368
1119.9274	11.179
983.6957	9.723
790.5457	7.997
811.6104	6.656
688.5879	11.044
860.6671	4.118
800.5806	3.514
648.4443	12.838
796.1085	9.75
496.3788	2.057
661.5169	12.947
720.6146	8.953
802.5969	9.832
704.646	23.23
945.7853	15.79
826.7774	22.733
675.6521	8.189
496.2911	2.004
1029.8377	16.669
790.6922	18.01
817.6333	9.887
957.8524	19.493
754.5385	5.583
1243.8065	4.287
727.5638	12.035
926.8041	15.433
368.3884	6.93
872.5648	2.635
416.3733	3.675
827.5986	3.625
729.6294	17.409
941.837	18.174
778.5358	6.52
690.5905	15.626
1351.3742	22.733
799.6644	15.872
682.6137	18.887
1294.333	6.328
857.8245	22.964
1000.7861	16.284
968.8131	16.394
908.613	7.067
699.6846	23.037
815.0779	3.514
678.5866	10.106
301.2162	14.831
658.6112	14.527
424.363	1.918
815.7255	12.948
260.2855	2.059
873.6947	16.916
649.4992	5.914
1211.8607	18.914
962.7509	16.174
884.7349	18.42
920.3098	17.792
1283.3484	16.943
639.542	11.207
968.8274	17.354
405.3697	7.723
663.5758	8.953
323.2258	4.04
667.6038	23.133
703.5753	10.051
681.1413	3.319
567.5902	17.546
853.7308	14.802
778.6925	18.311
976.8177	14.984
860.6111	5.611
1136.3423	18.777
717.6008	16.229
930.7656	14.001
479.296	1.784
893.7995	17.218
462.398	2.958
635.5445	9.613
628.5378	6.465
572.3684	2.688
714.5879	15.763
787.6215	16.835
297.2425	23.38
758.6567	14.858
782.6829	7.204
926.7811	16.835
251.0468	23.725
398.3859	6.328
836.7344	16.669
387.3531	23.039
956.7928	14.721
806.5696	4.698
760.6236	9.75
800.5716	5.141
781.7113	23.45
901.6531	6.384
385.3462	15.269
967.8785	18.502
946.8068	15.215
624.5568	10.492
738.6762	18.201
789.5842	4.615
565.5837	10.382
590.5871	16.944
728.6462	14.858
641.5186	11.125
626.2333	9.789
652.5876	11.317
777.6802	16.339
848.6534	9.915
227.1642	2.936
676.4854	12.92
1222.1564	11.125
1052.7306	14.416
944.6581	6.356
416.3963	17.354
728.5828	10.024
1397.1147	8.161
826.5965	4.037
768.6538	16.725
963.8125	17.382
367.3425	15.16
772.7089	16.449
604.6032	13.251
1143.368	17.354
816.6407	4.15
812.6824	17.244
963.7628	16.559
722.6089	12.284
704.5593	8.243
1009.8171	17.162
703.566	9.887
715.6626	23.121
1095.324	16.009
1005.8073	15.16
782.57	5.583
648.4781	12.92
425.813	9.898
1170.3485	16.725
949.7908	15.9
704.6464	15.845
217.0888	18.174
774.588	4.147
827.6348	9.832
842.6734	11.152
983.847	17.327
1215.7694	6.137
505.8914	3.952
806.5444	6.328
799.5954	7.832
724.6246	14.225
720.5926	15.023
226.6866	9.228
958.8711	18.502
282.2792	8.844
426.3193	11.454
878.8054	23.38
726.5673	23.039
897.8021	17.163
1462.1273	8.838
810.7915	18.557
1096.3245	16.009
878.586	9.778
641.518	11.18
891.7739	15.241
1335.2244	23.121
537.4106	3.072
785.5573	7.532
876.7295	14.03
676.6085	23.258
301.2888	18.01
725.6218	16.725
990.9068	18.777
992.7464	3.952
780.6505	14.665
865.5784	3.07
524.3324	2.607
1297.108	11.125
400.308	3.101
845.6108	3.844
840.7664	17.272
705.0122	3.651
876.7287	15.023
794.6306	8.134
656.4528	2.742
962.8381	17.409
986.8585	17.819
685.6165	15.432
869.7225	15.187
740.6758	17.627
243.2107	17.655
716.6192	18.475
812.5812	4.975
599.5023	3.013
921.3121	18.448
527.541	8.243
552.5622	9.723
242.2475	2.223
485.3176	2.195
534.7205	3.541
689.4583	2.933
576.5711	16.999
669.6372	23.725
815.6748	12.92
849.5816	5.279
846.5822	4.533
713.59	11.235
752.6765	17.955
939.8786	18.722
880.5699	3.016
846.7968	17.409
243.2108	23.039
402.3444	7.204
920.7548	15.023
814.6922	16.258
894.8128	18.229
766.5528	2.825
1276.3542	22.733
907.7006	13.613
937.8198	18.749
701.2523	11.125
906.2595	18.119
936.7655	15.542
1305.8736	7.723
975.7001	8.434
911.7475	18.283
876.7283	15.16
637.5508	14.747
898.5806	3.016
914.7849	18.256
910.7501	13.087
670.5644	10.63
664.5884	11.592
766.6925	19.964
1248.8704	18.997
215.0894	23.699
743.5464	7.395
658.5104	5.97
634.4528	1.863
531.4077	7.04
699.255	23.726
426.366	5.557
856.5857	6.301
1208.7989	6.109
958.7903	15.269
789.5837	8.051
795.5897	7.149
1370.1283	15.434
951.8791	18.214
962.8018	17.491
955.78	14.984
880.7986	23.105
1297.108	11.207
774.5414	4.177
848.8069	18.47
771.966	1.974
801.6791	15.188
1174.3521	18.778
722.6274	14.748
576.5713	17.409
996.75	10.988
626.5722	11.98
795.6351	8.161
550.5558	18.503
1081.8163	6.876
740.677	16.202
867.6417	7.668
1478.1497	8.73
757.6898	16.03
908.8665	23.037
771.5495	6.902
678.5634	6.025
1470.4276	19.356
915.8937	18.174
872.6771	9.118
940.7986	15.561
926.7441	14.802
778.5987	9.997
880.527	7.067
992.8684	18.42
855.6296	6.574
594.5818	10.988
963.8236	17.764
871.7296	17.163
769.5756	5.86
829.6148	6.574
846.5489	3.543
550.6282	15.269
687.6483	19.328
703.5428	15.05
885.7921	23.121
565.5525	10.354
729.678	23.105
948.7201	4.012
1345.233	18.092
747.6003	7.777
819.1169	9.86
772.4657	1.977
752.558	8.707
564.4295	5.943
161.1324	15.406
215.0894	23.45
713.6634	18.365
843.7065	9.915
952.7084	15.324
812.581	5.251
668.6504	10.382
670.5643	14.112
963.8421	16.366
924.6427	6.301
944.7708	17.077
742.6328	17.6
196.1467	7.532
679.5678	22.939
827.7102	23.105
1048.7785	13.946
874.6682	9.887
1411.1485	15.159
1498.1116	6.711
937.8164	16.367
972.8595	18.174
219.2105	17.846
668.6087	16.834
1203.8908	2.606
824.7931	18.639
634.5857	6.602
369.3584	15.05
1264.0664	11.344
835.6701	9.146
846.5623	4.505
717.6225	23.23
754.5992	9.503
247.2419	15.187
546.4856	7.559
1016.8495	15.542
917.8372	18.418
757.6899	16.835
727.7151	18.42
752.6901	18.475
747.5642	2.059
798.5654	5.445
1019.7438	14.416
786.6808	9.887
1164.1044	10.961
663.5724	18.612
837.6944	17.191
883.6146	6.984
608.6343	23.105
806.6256	7.067
455.2961	2.086
705.601	14.83
1100.3324	18.694
649.577	6.465
766.6926	20.274
604.6029	17.655
885.8466	17.6
712.6444	22.964
279.6468	1.757
766.5389	5.722
990.1805	3.35
483.4167	17.573
842.5578	2.578
961.828	16.504
678.6388	11.098
693.6298	23.615
537.549	8.871
790.6924	17.518
609.5284	9.09
466.0068	2.936
972.8056	15.268
842.6272	6.547
812.6635	8.838
604.4698	3.209
837.6047	7.668
562.5636	17.135
314.277	11.125
864.7659	16.669
962.6767	6.712
596.5254	9.146
919.5761	9.109
1350.2854	18.859
724.6159	10.52
933.7158	15.57
927.7409	17.573
1379.1394	15.215
782.5609	5.721
890.7813	23.601
864.5731	5.251
1433.9181	19.216
969.6464	2.195
220.214	7.066
993.853	16.367
1226.4899	11.18
944.7909	15.296
713.6272	14.886
385.347	11.454
795.6549	9.763
793.7121	18.265
921.312	23.352
218.4438	17.463
654.6191	18.612
794.539	7.122
933.8726	23.037
550.6282	18.061
507.5136	16.752
593.606	17.518
874.5814	3.321
1220.3828	17.301
782.6878	16.916
870.6201	6.329
1284.3812	19.052
825.6938	17.518
1169.343	16.394
369.3837	23.739
451.3439	3.596
524.3716	9.585
927.7488	12.34
1247.3713	18.997
1499.411	19.466
429.3682	2.767
1448.1116	15.023
433.2928	3.041
674.439	2.825
355.3681	4.368
952.7962	16.944
339.2894	10.106
712.588	10.079
812.581	5.362
952.8241	17.818
696.5795	14.968
766.6923	20.578
664.5716	10.106
751.5466	8.598
731.6738	16.834
909.7739	17.19
962.7803	15.405
778.6708	15.077
297.2427	22.964
816.5754	3.376
191.178	18.393
949.7896	15.131
1132.3142	18.696
200.1645	2.387
800.5803	8.899
507.4414	11.153
554.3334	2.605
1372.3815	13.946
1193.0572	10.988
980.2792	23.038
737.6639	15.79
830.7196	14.251
763.5624	5.611
881.5287	6.329
1295.1227	8.325
1009.156	2.004
531.4078	4.588
811.6049	5.942
837.7396	23.038
810.6016	10.933
719.6449	18.146
1077.304	9.036
319.2994	3.598
692.6276	11.179
663.4546	16.725
770.7142	17.573
820.6211	9.696
590.4262	1.863
978.9334	19.493
773.7209	17.026
740.5756	7.586
840.6229	6.848
798.5818	2.825
990.7104	6.656
701.6274	15.818
726.6612	16.916
215.0881	23.396
1461.9022	19.411
948.8964	23.037
815.7714	19.052
815.5625	7.805
862.7503	15.543
337.2737	9.925
743.6532	17.6
838.7498	16.834
662.5315	7.067
784.5666	6.328
737.6195	14.389
812.1368	9.86
230.1983	18.037
1116.0591	21.153
687.5718	10.437
945.8695	18.612
765.6102	9.627
755.6382	14.389
894.7565	22.733
1465.9	19.414
920.6655	7.204
932.8184	17.053
837.5469	2.991
961.8264	17.464
917.8006	17.272
759.6205	9.708
785.1194	9.75
544.3535	1.698
911.7216	15.023
704.54	6.849
825.6568	10.106
1368.118	11.152
913.7472	16.339
1036.7728	3.929
839.754	23.105
360.3157	3.735
953.7635	14.886
764.655	14.886
816.7315	3.018
867.5946	3.983
783.5736	10.824
871.7859	17.163
1398.2039	15.351
956.7401	16.367
907.7003	13.779
850.6982	17.246
1349.2059	23.038
699.6681	23.039
1390.206	15.434
535.545	23.105
882.5864	3.072
213.1485	15.215
583.5688	11.07
911.7524	15.132
885.7314	18.257
963.7629	16.477
580.5936	17.163
1170.3438	16.367
936.8234	17.354
818.5676	6.356
1004.8856	18.174
958.6837	9.613
740.619	11.235
893.7208	15.9
1030.9745	19.769
1193.8301	7.204
802.6791	10.382
783.5731	4.478
1352.3728	22.733
900.7296	12.451
1074.8028	15.451
986.6712	2.193
1276.3546	19.052
247.2419	15.406
1425.392	22.733
264.2401	2.851
1016.8502	16.147
895.8166	23.037
813.6206	7.122
756.6354	9.942
630.5223	14.802
991.1504	2.221
583.5382	6.63
313.3295	4.287
983.8125	16.009
385.3466	11.043
939.5956	4.15
933.6693	6.711
1437.2247	15.204
1323.2574	23.38
1204.988	8.298
873.6579	6.684
551.3758	2.111
809.5884	5.831
1358.8992	19.193
880.7179	16.779
1391.1998	15.187
782.7238	23.754
391.7544	7.067
753.6591	15.599
1373.381	13.89
288.9219	1.061
646.4076	2.223
849.5834	4.505
744.0479	8.762
725.6276	14.474
855.5795	6.383
901.7807	17.217
281.2667	2.222
1142.3689	22.733
892.7602	16.944
1241.0808	11.044
860.6448	6.63
928.8345	22.733
881.752	16.394
390.4003	18.421
935.8845	23.037
721.6247	14.637
810.7182	16.834
756.5762	6.465
1324.2673	22.939
774.6609	16.367
738.5048	7.641
980.2786	22.733
819.6357	9.2
678.4786	1.837
1391.8809	19.273
1369.2254	20.544
658.5402	8.816
771.5656	7.45
875.6012	7.696
265.2525	11.125
1097.3217	16.009
816.5758	5.087
491.374	3.151
822.6818	11.234
738.6225	15.268
226.6864	18.887
637.6692	18.502
871.5527	3.018
964.7973	16.202
747.6482	17.409
727.5426	15.324
921.8314	18.228
703.5666	10.3
946.7708	15.269
918.8136	16.995
1030.8404	17.105
930.6057	6.574
550.556	20.184
576.5712	17.159
772.6147	4.174
905.8007	16.229
871.7153	18.147
937.7691	15.46
728.6385	23.121
856.5843	6.574
655.6296	17.272
1285.88	19.052
738.6399	17.627
936.7349	16.037
852.6124	5.97
885.5463	6.766
722.5048	1.81
831.5897	9.118
1352.225	16.092
826.5944	6.656
871.7391	16.147
259.242	15.296
846.5864	6.821
671.6981	18.393
860.5411	4.092
1402.0847	8.789
758.6068	9.778
818.7237	20.44
824.7352	23.105
825.7742	23.533
726.6599	22.964
287.2733	15.406
778.6924	23.258
644.6099	15.023
639.5669	11.18
758.6419	11.015
333.2996	2.163
884.7028	14.83
1464.106	7.503
808.5263	8.816
768.5517	7.751
982.808	15.818
781.7115	23.712
671.5743	23.615
711.569	14.913
796.666	11.015
968.7249	9.723
527.321	2.004
698.6643	23.38
864.7663	16.504
645.5342	11.371
1328.1211	11.016
1326.2792	22.939
1010.939	19.521
369.3448	18.174
520.0449	3.569
828.7159	15.132
945.7523	16.312
934.7972	15.149
1286.126	8.216
678.5823	14.306
746.6934	18.42
371.364	17.245
955.8066	15.405
966.9072	19.024
968.8289	16.505
788.544	4.092
832.5631	8.106
753.579	7.094
551.3126	1.702
923.3107	22.733
842.5919	3.265
813.5464	3.598
584.504	23.039
992.9227	19.08
933.6691	6.383
1000.8539	15.542
658.5105	6.08
918.7025	17.354
1118.0718	20.921
1323.3891	19.135
837.6372	16.533
378.3454	2.359
382.3663	2.854
988.8179	15.982
576.5714	17.6
928.7969	16.642
664.603	23.38
704.6466	22.964
715.6068	23.313
848.6163	8.871
790.5355	8.892
768.6706	15.451
984.8427	17.791
690.6188	23.56
701.646	11.125
195.1379	15.214
931.6354	2.771
382.3009	3.514
784.5857	9.887
779.5785	9.613
848.7346	16.559
852.6432	11.18
822.6282	8.188
991.829	15.789
756.6054	9.925
715.6072	12.145
962.8024	14.885
215.0881	23.767
1389.202	15.433
596.6092	10.382
813.6595	11.372
688.4994	3.46
215.0894	23.506
752.6755	17.71
691.5465	7.53
787.6891	16.835
945.7525	16.202
655.63	18.675
825.6485	4.615
637.4806	7.997
1031.823	15.214
722.5892	6.164
427.3268	12.839
1052.7299	14.847
740.5574	8.926
552.5625	16.504
1360.3982	19.19
875.5839	4.15
906.7764	23.38
738.6235	23.039
538.4464	4.177
712.6513	15.078
1007.7646	16.665
839.7529	17.108
851.7129	9.996
691.5912	16.477
980.7921	15.789
905.801	17.053
805.7124	23.105
1330.229	18.859
398.2742	2.853
374.3631	6.081
761.6013	2.799
557.5333	7.532
766.5539	12.756
626.5359	5.914
950.8279	15.982
549.5602	17.516
830.5539	2.085
734.6081	15.05
710.1577	3.267
819.6609	15.323
714.5333	11.152
783.6279	7.421
805.5569	4.092
984.8252	15.982
884.6487	6.52
777.6106	9.091
820.6064	9.832
800.5571	9.64
751.6436	16.229
633.602	10.935
851.754	17.627
891.785	17.573
162.1489	0.729
712.6446	23.38
270.7686	8.243
412.2712	7.532
942.7604	15.296
980.2791	16.229
694.6134	15.434
382.3869	4.368
362.2368	3.184
703.5132	7.914
696.6981	12.035
704.6458	23.313
568.5351	10.28
832.739	23.698
789.6206	11.043
794.7022	15.79
1302.0618	11.016
425.279	8.571
883.5882	2.797
810.6828	11.759
904.7609	9.887
762.5454	18.448
521.3297	1.757
666.5822	16.361
1132.8453	14.499
838.8229	18.916
699.6302	11.098
209.19	2.826
801.5745	4.837
820.5974	4.809
656.583	16.642
1019.9783	19.88
876.7293	14.112
264.2403	2.358
742.6706	18.502
897.7436	17.162
767.4552	2.525
972.8041	17.163
775.528	10.824
813.7105	11.426
744.7137	18.447
825.5794	2.821
984.7501	11.071
1380.1305	15.215
798.6364	8.844
151.0274	3.596
986.7655	11.152
767.5367	7.012
864.5738	3.844
805.68	10.355
673.5083	3.708
1224.835	2.167
754.6832	16.587
1320.2391	23.601
981.2794	16.753
934.7193	14.112
842.6643	11.648
475.4148	10.713
1354.2048	15.269
950.8027	23.038
878.7449	15.735
894.6952	8.871
668.6195	9.218
787.0711	7.75
988.8186	16.147
782.7243	20.71
763.5029	2.799
919.7712	16.944
832.5766	6.053
779.0044	2.059
1448.306	16.834
762.6394	15.296
871.813	22.964
929.7902	15.406
890.5752	2.879
1019.4398	6.492
672.6264	15.324
788.5806	4.478
1032.9901	19.991
303.2317	2.086
1174.8506	18.859
1019.905	18.174
928.2648	6.766
816.5661	3.402
832.58	5.196
910.7981	16.339
581.5442	8.871
855.7418	18.283
903.7035	11.98
745.9756	2.218
1388.1537	15.215
734.6056	9.832
813.6363	6.684
735.6502	11.07
1000.9276	19.273
664.5749	22.964
767.5398	9.063
698.6661	16.642
747.6008	9.09
926.7446	14.94
620.531	12.626
894.7402	23.038
734.5049	2.525
920.7563	9.448
985.8278	16.339
897.6375	11.453
974.7974	17.409
327.2895	5.113
461.3634	4.04
961.7541	9.118
860.6488	8.024
697.5772	23.121
705.5259	5.831
826.7774	23.105
822.7913	18.502
949.7911	15.954
348.2896	1.589
341.3515	4.369
864.6531	16.499
980.8397	15.872
908.7905	17.764
166.0862	0.729
913.7878	17.163
871.8126	23.38
175.1481	15.406
939.8359	19.052
869.6914	17.409
847.2936	18.174
1259.0552	11.289
673.6599	23.684
926.7443	11.207
830.6833	9.173
818.724	20.245
705.6015	14.225
797.6161	9.146
1435.0881	6.656
927.7488	12.479
753.6226	15.05
781.7018	16.753
521.3556	1.729
778.6922	18.475
797.7423	23.725
722.645	18.119
646.6228	12.92
836.5214	4.837
372.3705	6.219
861.6333	6.41
848.7338	17.409
1319.2307	23.38
489.4416	5.502
552.5713	18.229
930.7656	14.112
756.6137	11.18
814.6411	9.546
361.2372	1.835
789.5473	4.118
816.576	3.789
639.4174	1.757
422.191	1.033
755.6738	15.077
942.8487	17.846
704.5976	17.409
891.5974	6.41
941.6479	6.41
859.5889	4.369
1008.8804	18.338
722.6443	15.369
357.1471	23.105
962.8293	15.874
1354.3511	16.01
875.5834	3.624
1059.8481	16.697
1397.4081	19.273
697.6174	9.969
996.3271	17.164
872.7187	18.147
977.8584	18.174
989.679	3.321
766.531	1.81
372.361	15.406
662.532	5.003
368.3396	18.502
426.2871	9.136
1067.3546	6.876
837.5445	4.231
847.293	17.327
565.4886	15.214
753.68	17.463
586.5319	9.64
725.5485	10.106
1075.8063	14.472
821.5501	3.625
488.311	2.989
692.5779	6.684
950.8754	18.557
369.3593	23.121
824.734	17.163
745.5658	10.328
231.2107	18.037
851.7171	12.701
577.5748	16.669
722.5052	8.462
842.5807	3.043
842.719	12.783
1301.1935	18.502
796.6109	9.736
910.6258	2.772
975.842	15.488
895.8158	17.6
786.5922	5.141
176.1544	18.421
754.5387	5.473
930.6904	6.657
1173.3519	18.859
886.7493	17.109
532.4394	18.256
621.61	10.961
636.4962	6.684
730.5656	9.778
819.069	7.696
712.572	15.078
1041.8293	16.669
948.7861	16.94
578.5872	23.726
836.5421	2.635
503.2962	1.729
720.6291	15.077
176.1447	6.876
848.7343	16.449
692.6254	23.133
987.8777	18.174
915.8113	23.133
710.6449	23.121
869.6105	5.39
837.7392	17.737
669.5606	14.803
820.7718	17.352
868.6073	5.584
890.8545	18.944
724.032	7.095
810.0312	7.122
318.3049	6.602
924.7718	16.505
579.3958	1.757
384.3338	23.38
766.6556	23.105
619.5296	7.122
510.3672	2.852
583.2986	1.7
762.504	7.477
686.4388	8.73
694.6334	23.38
1412.1918	15.296
687.5714	9.97
949.809	15.79
835.7589	20.406
907.7007	13.446
750.5425	15.406
1131.3145	16.89
1280.2074	18.229
241.1948	18.035
783.6694	14.362
1021.8841	16.366
939.8021	17.164
550.3772	2.218
876.7289	14.721
533.5293	23.038
893.8021	22.964
741.6142	23.121
699.5324	5.583
607.4701	10.906
874.5804	2.799
548.54	15.955
1426.3917	22.733
824.6981	23.038
670.5642	14.279
883.7662	16.009
836.5424	3.431
993.9359	18.393
954.9038	19.493
782.7243	19.025
994.7173	10.824
1293.2117	23.121
885.6404	6.629
1367.1132	11.125
768.6678	16.202
699.255	23.285
837.7381	17.489
963.8407	17.409
784.5936	6.629
371.1627	23.105
633.5827	7.832
1100.8322	18.694
752.5592	6.902
496.4994	6.794
644.5832	10.961
936.7344	15.106
810.5596	16.725
843.5902	9.668
807.5897	9.777
803.0478	7.149
980.8273	17.573
1006.8111	15.131
604.6032	18.037
767.6954	23.38
758.5606	3.872
749.6187	14.72
717.5703	6.739
343.2956	23.038
818.7237	20.744
670.5646	10.547
767.0664	6.876
714.7028	18.447
561.4664	15.214
848.6983	11.481
684.6297	11.152
1427.3912	22.733
849.2902	16.477
851.7165	12.92
618.5149	11.043
907.8156	18.338
826.628	11.235
903.7852	15.79
802.5856	7.586
923.7591	16.03
815.5623	2.139
850.8228	18.777
720.5926	10.988
952.9177	19.345
940.8325	17.846
740.6056	2.824
720.5329	5.777
1144.367	23.105
1250.2882	2.249
928.7599	11.18
774.2708	17.464
862.7502	16.092
909.7159	15.736
533.529	17.573
795.6005	7.888
1346.1818	23.121
613.1807	8.188
650.4762	9.145
840.6395	9.914
1071.3472	22.733
1067.7004	14.775
824.735	16.366
690.5304	11.016
855.5731	5.777
275.2578	2.25
696.5927	23.684
794.5977	7.066
875.5838	3.705
610.6408	18.137
961.8526	17.491
648.4782	12.866
930.7767	10.134
781.557	4.505
887.6743	6.63
846.5487	2.273
920.7397	15.397
203.1794	15.242
850.5965	4.7
578.5872	23.258
792.5189	7.148
706.6501	18.256
630.619	13.168
920.6558	6.41
686.1379	2.689
929.6484	6.383
770.569	7.751
625.2362	9.558
597.4126	4.589
273.2577	15.397
897.8279	16.834
640.6241	16.752
1447.0789	7.175
771.5745	9.42
835.175	12.922
625.627	10.354
797.5531	4.78
808.6668	10.189
720.6655	18.092
1014.8013	16.174
899.5833	2.797
603.4137	2.191
721.5965	9.942
852.602	5.804
853.5405	3.099
759.533	10.879
977.8947	18.257
855.6842	17.6
807.5584	3.236
1187.3652	7.75
947.8124	15.982
1368.2194	17.819
876.5963	3.598
880.7969	22.733
654.5861	11.098
1306.3751	7.723
775.2705	12.728
726.6604	17.027
957.822	16.092
934.8062	17.819
664.625	9.448
1188.3684	7.723
995.3313	23.175
825.648	8.844
406.759	4.149
669.561	13.779
998.8211	17.163
1205.3344	23.038
1042.9746	19.687
150.2392	15.433
914.6966	6.656
994.3303	23.698
936.7515	9.282
780.6498	15.323
1253.0259	11.043
1414.1986	15.104
799.5691	7.805
978.7755	15.397
1306.2234	18.229
762.5929	11.016
756.6054	10.079
563.576	17.901
748.6246	15.296
843.7417	18.229
719.5611	8.188
757.5744	4.229
850.6694	10.244
236.0716	16.367
966.6298	2.906
758.56	4.147
766.5539	13.031
860.5413	4.175
285.2984	3.322
1317.8624	19.135
809.1169	9.86
419.371	7.067
870.6586	6.629
632.5698	6.738
825.5837	7.696
778.5671	9.146
936.7862	14.968
576.5067	17.381
900.7299	12.534
733.671	11.207
1132.1343	10.355
743.5273	6.903
691.6219	15.077
975.8415	15.872
546.3995	1.89
953.8011	17.163
923.3095	23.038
193.1952	18.037
1455.1067	7.368
703.6432	23.601
955.5476	6.302
936.7653	14.802
984.8238	16.202
769.5658	4.396
550.4906	17.354
1063.323	18.612
710.6295	11.316
744.5418	10.713
847.7227	17.381
798.719	16.229
1459.1387	6.684
390.3999	7.067
1187.8664	7.75
667.6436	10.686
760.5844	6.41
861.739	17.027
811.7596	22.964
233.2262	15.187
932.7605	17.599
881.6741	6.602
565.4785	7.559
809.6418	9.696
945.7869	17.026
786.6881	14.858
816.7769	19.052
889.7692	23.38
647.4861	5.722
226.6861	12.975
599.5921	9.028
956.6664	8.489
992.8329	15.982
383.3308	7.095
408.3466	3.596
1216.7726	6.137
559.4917	23.039
1079.7022	7.86
809.6181	9.833
1003.8738	16.092
836.521	4.23
872.654	9.255
778.7288	17.627
981.2794	15.9
812.5808	4.753
942.8142	15.707
869.5417	7.75
837.5453	4.727
867.7274	16.367
808.7023	17.325
746.5335	3.349
1209.8021	6.137
753.5633	7.122
906.7766	22.964
866.7718	15.927
693.5866	8.947
743.539	6.876
1470.9271	19.267
618.5153	11.262
712.6242	23.039
889.6451	7.586
689.5811	16.092
853.7696	16.889
1499.1139	6.684
875.6282	6.438
666.5673	10.079
1117.0658	20.921
398.3864	5.391
285.2211	2.58
1331.1997	23.121
875.6725	10.437
778.635	13.724
791.6962	23.105
869.5413	7.559
331.3191	18.393
778.6601	16.725
411.3986	18.694
711.6726	12.035
830.6293	7.75
617.6438	11.098
794.6656	14.831
819.7284	22.964
754.598	8.489
981.795	15.872
739.6642	17.163
807.7276	19.798
698.6815	19.273
1495.3416	17.71
1331.226	18.163
1265.0696	11.344
842.663	11.289
940.796	17.737
550.5559	20.378
969.8167	16.471
1099.3333	18.667
393.7574	7.093
983.8029	17.163
766.6545	15.652
628.6068	8.216
793.1012	9.751
796.645	15.023
799.5682	5.749
864.6404	7.122
317.3241	2.141
948.8602	22.733
752.5673	14.666
717.6401	11.125
817.7162	13.779
810.6259	8.161
882.7761	17.709
350.3261	2.168
150.1532	17.163
737.6279	15.132
797.0798	7.723
869.6053	9.914
725.6848	11.207
766.5752	6.492
154.1139	8.735
626.4233	5.721
853.6152	5.804
808.4834	6.684
1367.2008	15.323
693.5459	23.038
689.606	14.858
784.5864	9.365
1080.7991	3.897
824.5686	6.383
827.5992	6.985
388.3654	7.915
973.9012	18.944
1369.2282	23.038
624.4558	3.016
710.575	16.725
718.5256	14.416
973.8275	15.543
756.576	6.301
392.3133	1.621
839.753	16.835
837.6832	11.759
420.3552	7.805
849.5837	4.864
957.7952	14.611
709.8233	3.262
797.7426	18.861
634.6139	12.451
605.5505	18.146
750.64	14.637
1348.1977	23.038
744.5634	5.419
922.8344	17.737
755.6382	14.471
920.7404	15.708
1012.8542	17.163
1171.3414	16.394
806.5693	4.837
579.5906	23.038
885.6375	12.008
662.6813	18.529
1181.33	7.341
768.7597	20.074
1016.8497	15.982
439.3816	2.114
341.3048	15.023
555.481	7.067
680.602	11.316
765.5338	15.187
848.29	16.917
650.4396	7.805
733.6328	15.406
295.2632	4.589
617.5028	9.915
613.4825	2.906
968.6688	3.347
869.7227	15.269
489.4417	19.438
836.6167	5.749
515.1134	3.321
481.3118	2.191
820.5472	5.142
851.7549	18.147
1305.3722	7.723
880.5848	8.926
941.7853	15.782
804.5662	8.487
895.7382	15.214
550.4193	3.874
851.6324	9.915
694.6494	23.352
895.5765	9.763
878.7009	11.73
754.5938	6.438
617.5882	9.558
703.5661	10.934
965.6432	2.193
698.5994	14.391
801.6606	12.007
760.6223	9.969
937.2876	17.301
909.7159	9.996
592.4051	2.163
710.5572	5.804
570.3526	2.249
869.764	16.476
976.8547	16.504
940.7959	17.354
793.5434	6.902
864.6478	6.931
814.572	7.641
712.4546	2.77
639.6597	12.035
835.759	19.358
807.7278	19.052
858.5854	5.859
672.5796	17.409
918.776	17.026
591.4579	4.065
1480.1209	6.848
718.6247	23.105
652.5708	9.969
739.6434	14.693
744.5408	14.775
624.5568	10.658
807.7274	20.517
1088.586	7.86
813.6654	11.427
936.8229	17.764
1146.3644	17.163
226.6861	5.804
441.1883	1.674
724.6973	19.245
606.458	9.613
811.7396	17.109
745.5658	10.575
956.7919	14.058
220.1908	22.733
344.3204	6.602
530.4779	7.997
543.224	3.596
624.5565	9.942
713.0876	11.179
770.5982	9.421
837.7378	16.944
919.7796	15.132
922.7875	22.733
229.195	15.187
775.6324	9.668
848.2898	18.112
934.7192	13.807
791.6655	15.323
778.6921	23.754
917.8	15.479
403.2883	2.824
961.8276	16.312
813.5472	3.844
1345.179	23.121
1161.3212	7.422
743.5589	11.344
766.5526	9.832
955.8071	15.488
997.3298	22.733
1087.8793	16.669
971.7232	9.668
854.6386	7.832
1151.8209	6.629
1205.3358	22.733
798.7356	17.3
826.75	16.78
504.3423	2.139
828.6111	6.931
597.5951	8.844
907.7805	14.912
319.1944	2.548
1218.387	22.733
847.2922	17.546
1338.4111	15.899
810.5411	8.079
843.6111	6.656
748.529	7.286
818.5818	3.07
724.6321	15.214
724.0429	5.777
732.6294	14.169
882.3976	8.816
934.7921	18.229
845.6041	7.832
387.323	2.824
810.5838	6.328
807.7275	20.378
826.669	11.508
1370.2295	20.544
846.2932	20.461
718.53	7.669
1051.7275	13.946
805.5343	7.778
886.5434	2.114
231.116	23.105
986.7872	16.168
748.4764	7.778
662.5726	11.207
760.5494	3.733
988.8905	18.444
236.0716	22.761
701.6632	18.42
1222.3821	17.109
361.3189	2.358
773.7947	19.576
844.6214	7.942
226.6862	15.68
993.9622	19.88
797.6499	10.217
1358.3995	19.19
984.8228	15.872
759.4964	5.583
1403.1231	15.269
872.6163	8.898
603.4964	10.382
805.5572	4.038
690.6186	15.488
698.636	15.46
744.6776	16.477
1038.9278	18.887
882.5317	6.328
846.5485	2.168
833.6208	4.147
846.293	22.262
1469.1417	9.778
743.7104	18.502
753.68	23.038
279.2319	2.553
751.547	7.97
880.7162	13.279
837.5451	4.478
1332.2046	23.121
895.6729	8.625
815.6083	6.356
830.6259	6.328
660.6073	11.098
783.5739	11.426
947.5917	9.805
899.6736	14.913
591.3248	1.647
989.688	6.711
798.6276	9.751
852.5802	9.118
741.68	17.573
691.6217	15.397
725.6485	11.316
774.6396	14.721
1169.3234	18.806
236.0716	16.526
979.8558	18.087
514.8626	3.322
891.6224	6.384
550.5106	10.662
1246.3627	16.725
176.1644	23.133
900.2789	17.163
774.2705	15.709
716.6168	17.407
218.1982	7.095
726.6236	23.133
1290.923	2.607
794.6492	15.652
646.4085	4.755
592.5019	5.859
501.3702	2.004
550.5562	19.525
859.1042	3.483
726.5971	11.18
638.5553	9.942
810.5758	8.134
748.6243	13.752
862.5444	2.358
981.2791	22.733
907.7006	13.503
876.7661	16.476
675.6077	18.092
259.2056	15.214
939.5324	6.656
358.2741	2.41
756.6342	23.038
1216.3871	22.733
964.8192	15.598
609.6376	18.502
662.4758	11.098
726.4704	2.854
938.8174	17.491
1353.2322	23.121
899.6736	14.803
558.5701	8.947
728.5594	7.121
786.5924	4.809
736.624	14.802
943.5599	7.723
215.0895	21.514
948.7875	23.038
591.5874	10.988
749.6277	15.077
824.6771	10.216
1461.3163	16.862
849.2907	22.733
696.5932	18.188
830.7326	17.381
846.5926	6.383
1068.7044	14.499
579.5344	18.146
411.3985	18.503
980.7923	15.434
161.6681	2.193
608.625	17.655
852.6445	11.454
791.578	6.985
304.2351	15.215
536.3894	1.918
747.4821	2.193
154.3555	15.269
748.6595	15.378
842.6636	6.656
197.1283	0.702
823.568	3.043
386.3498	23.23
730.575	8.432
786.6668	17.05
613.6073	8.871
961.657	6.411
226.6864	3.043
884.6155	6.356
856.5961	8.898
1379.128	15.215
659.6172	18.502
1402.1494	9.888
246.2428	1.121
509.8486	16.753
835.7588	20.627
858.5956	5.611
849.2902	16.559
846.5629	4.975
384.3343	22.964
529.529	7.503
841.652	7.832
849.2902	23.105
422.8326	2.961
638.6197	8.871
956.8132	17.214
707.6088	14.747
817.5786	3.569
801.7097	11.98
992.833	15.79
868.6876	17.544
802.6977	17.655
385.3466	18.447
1349.2831	18.859
931.6459	6.657
680.5983	16.753
1428.8909	19.328
550.556	20.662
1034.8425	15.927
926.7142	9.778
968.8286	17.491
436.3505	7.094
907.5998	6.52
907.7003	14.527
934.8801	17.164
854.7314	17.135
887.7538	13.918
972.8436	19.466
762.5642	6.301
817.5905	9.172
650.5353	6.41
659.5984	11.179
867.7854	18.188
828.602	4.753
862.7515	16.753
575.5757	17.407
892.7968	23.684
783.7267	18.366
789.6647	9.914
853.5639	5.473
1406.1935	14.886
778.6343	15.05
889.6685	16.724
920.7402	16.229
1017.8073	15.186
731.5288	17.655
647.5677	14.748
1325.6505	11.098
786.5673	7.532
879.7854	18.338
707.5705	16.834
834.6012	4.809
393.2401	2.358
962.913	23.037
902.745	23.203
783.6697	15.626
698.5807	23.105
859.6642	6.384
374.3861	18.612
584.3111	1.922
877.7693	15.598
720.641	23.038
529.4619	11.508
163.145	7.067
551.5514	9.586
830.6278	5.914
513.3708	2.799
536.5036	7.067
160.1332	15.451
868.7968	17.655
683.6182	16.091
1074.8029	14.819
1240.7987	2.191
750.6398	10.437
844.7346	15.05
851.6	8.216
581.4725	3.071
215.0883	21.264
233.2262	17.819
881.6851	13.168
910.5495	6.52
856.7156	14.529
872.6852	9.97
784.6511	16.725
607.3912	6.985
909.8687	23.037
992.9233	18.722
916.6874	16.779
1002.8329	15.215
877.7317	15.023
808.6209	8.816
934.7191	14.637
698.5994	14.472
665.578	23.039
842.5588	6.41
959.8109	15.818
867.5715	6.301
1280.8526	19.055
891.8234	23.121
851.7531	16.394
920.6661	7.095
934.735	8.953
951.7274	10.052
896.8431	23.133
941.7694	16.367
510.488	6.848
1143.3684	23.105
547.5448	16.775
844.5869	4.533
839.6358	6.383
263.2373	3.21
631.5664	6.548
626.5875	17.709
784.6294	7.477
799.5407	6.93
812.6166	11.043
908.2578	14.196
809.7794	18.338
888.8388	18.639
1044.8294	16.168
630.6184	17.3
748.5861	7.421
839.6349	6.711
251.0466	17.983
864.714	17.272
798.5663	10.024
807.7275	20.185
668.5356	11.043
1204.895	2.607
817.7162	13.89
844.7128	17.027
597.5196	2.221
721.0345	5.804
856.5704	4.037
150.3506	15.405
668.6162	17.655
640.594	17.546
619.5869	10.933
848.5669	7.094
706.6606	18.502
900.7133	17.054
679.5106	5.638
579.4391	9.447
401.2787	2.852
677.6087	11.071
1051.9136	17.327
676.6029	15.433
1366.1278	15.204
811.7581	23.712
1281.3495	17.109
628.2923	1.7
902.5756	5.556
340.2596	23.038
799.5678	2.988
431.2468	3.623
563.5761	18.174
901.7694	16.642
829.5549	6.275
997.3281	23.038
781.5804	6.356
804.6674	8.926
685.5895	18.229
359.3714	3.184
1366.208	23.121
1161.8086	6.657
1262.0421	10.106
671.1281	2.717
795.7757	7.04
940.7969	16.725
945.8689	18.749
368.3462	15.406
989.8226	15.543
975.8059	15.204
827.7128	17.027
710.6286	23.38
935.7319	15.873
766.6345	15.16
1000.8548	15.708
686.6726	18.546
719.6387	11.234
671.4864	5.059
824.7351	17.737
648.4798	12.763
492.8494	3.373
1173.0761	10.934
859.5897	3.07
719.5417	6.438
532.4389	17.381
551.5035	23.105
978.7758	15.05
739.7373	18.256
886.7926	18.722
823.5684	3.209
1353.3528	15.982
820.6544	9.695
849.5679	3.013
756.5311	6.301
1057.2968	16.753
461.2855	1.674
712.5878	9.75
653.6142	16.834
822.5799	2.633
982.8265	17.516
628.5516	11.344
830.6828	8.871
992.9497	19.659
840.5647	6.383
764.6764	23.285
781.5932	7.477
738.6036	11.98
1317.0974	10.934
542.259	2.136
778.5758	9.365
1326.1514	11.125
782.7242	19.881
853.5412	2.796
772.6452	15.708
798.6974	15.406
499.318	2.245
776.5316	10.107
740.6554	23.203
606.5096	7.668
1088.5854	7.696
552.5716	22.836
881.1173	3.43
1237.1189	11.261
915.7842	17.655
1167.1171	10.961
731.5786	7.505
1326.6537	11.07
853.6631	8.106
710.6082	14.857
717.622	23.313
532.4394	11.261
1088.0336	20.932
809.6851	14.802
1164.8587	2.166
783.5731	3.983
273.2212	2.332
985.828	16.285
215.0896	22.069
503.8562	3.322
862.7503	23.352
733.6236	15.104
353.2663	23.105
652.1246	3.35
846.5647	3.733
376.3358	2.358
841.6511	6.629
784.5412	7.532
766.6704	15.351
934.7194	14.583
607.6218	18.174
865.6336	6.656
626.5142	15.16
876.766	23.133
798.7459	22.733
1337.4127	15.927
946.8078	15.626
804.7082	18.366
919.8536	18.257
906.6068	7.449
880.747	17.159
226.6864	1.506
1236.0583	11.152
547.3484	1.702
891.5449	7.559
565.4423	3.899
899.6525	12.92
822.6816	11.152
992.8396	15.149
774.5656	10.024
273.2575	15.214
729.5711	10.796
796.6458	10.824
782.651	10.19
797.5956	6.629
896.7405	15.708
1350.3722	22.733
782.7243	19.473
803.7122	17.354
904.7315	17.214
864.5621	7.532
614.5658	9.86
959.7315	15.68
644.3202	2.578
926.7448	14.639
531.4077	7.696
774.6397	14.639
836.7355	22.964
935.774	15.104
226.6863	4.534
278.2197	15.68
416.3646	6.767
848.2905	22.862
896.7761	23.037
722.629	23.093
1016.8492	15.9
683.5976	23.121
1124.8253	3.846
715.6789	23.121
309.2272	0.729
826.5431	7.423
858.8277	23.066
827.664	5.445
666.6512	10.382
660.6076	11.152
1000.8538	17.491
778.6924	18.859
728.5479	6.465
846.2933	18.7
697.69	17.737
1006.8283	15.873
956.7974	16.725
1334.2554	18.529
687.5712	11.207
870.6697	8.843
215.0896	22.189
782.6495	15.652
196.3975	7.751
857.5732	3.651
618.6182	17.436
696.5796	14.886
875.754	16.559
895.8163	18.228
890.5208	6.82
966.934	19.604
855.7342	15.397
878.5757	5.722
592.6109	18.146
325.2114	2.523
951.7267	9.832
745.5662	10.217
938.7295	16.037
1015.9477	19.411
804.5611	7.532
1249.3699	18.997
933.7857	15.57
1338.2776	18.502
960.8603	23.105
943.7584	16.559
828.6929	12.728
767.5753	9.09
767.5441	7.97
785.606	16.367
784.6496	7.751
688.5748	9.996
767.6386	10.216
936.8594	18.722
660.986	3.708
1425.3928	23.038
782.6061	9.063
817.5604	6.82
273.1848	1.589
308.2944	2.193
783.7274	23.121
962.7505	15.927
947.6858	6.41
1045.994	19.908
654.4454	2.606
1195.3271	6.574
776.6765	16.554
858.5282	2.602
579.5257	11.18
646.6228	12.838
782.5316	12.92
550.5561	19.319
986.7876	16.449
872.5651	2.276
774.5665	9.09
957.7861	15.204
825.5829	3.653
728.5218	6.904
805.6206	8.594
964.7716	9.695
867.7047	15.132
751.6188	2.851
992.8397	15.077
690.5304	11.289
911.7528	14.886
366.2006	2.962
841.6517	10.548
623.6534	18.47
1106.3248	6.876
917.7207	15.735
578.5872	23.423
941.6845	9.832
599.5444	10.382
942.8483	18.475
714.6298	15.204
703.6648	6.876
710.572	23.121
710.5568	14.112
257.2264	17.628
782.6869	16.835
705.6008	15.324
776.617	10.354
680.4812	16.753
933.795	22.733
946.7722	9.531
722.4599	7.723
978.7274	16.064
475.6846	3.653
1471.4646	2.221
810.5756	8.188
773.5725	6.629
804.5392	4.149
836.6609	9.888
1435.1485	15.05
838.7505	16.587
735.6191	8.297
357.2489	5.584
413.2581	3.596
949.6899	14.637
666.5868	11.316
658.6414	18.557
907.7802	14.831
589.4611	5.86
755.6289	2.849
647.4818	12.92
919.7074	17.164
1439.3171	16.834
529.4615	15.735
802.6059	6.711
819.5361	2.852
831.5905	4.533
725.6528	16.449
948.7867	11.043
914.5752	2.851
866.7809	17.026
1047.0056	20.13
753.5242	6.08
712.6806	23.093
422.8329	3.151
845.6105	5.279
384.3371	7.148
1471.4272	19.267
188.6423	8.734
796.6511	16.559
648.666	18.265
1264.391	15.432
670.5988	9.613
848.2899	23.324
866.664	10.686
1361.2074	15.406
812.6174	5.39
550.6289	11.537
677.5504	23.121
785.6432	8.762
698.6295	11.235
665.5871	23.38
967.8173	16.119
1077.9302	17.354
840.6443	11.98
1395.4098	19.245
805.712	22.733
712.571	6.931
1160.0793	10.961
741.6947	18.502
921.7232	17.573
771.5038	3.761
1412.4307	16.201
620.53	11.043
839.7905	22.733
678.4345	7.805
1017.8452	16.009
844.5873	6.985
1005.6827	6.684
806.5694	5.113
602.5661	10.334
660.557	9.337
684.202	17.983
437.4101	4.368
537.5434	16.092
509.328	2.195
937.8951	11.098
563.5512	9.091
757.0426	6.903
732.0339	6.876
906.8024	16.943
927.3939	7.122
1414.199	15.05
501.3348	2.47
793.7116	20.578
894.7461	16.423
660.541	8.622
215.0896	22.411
898.6313	6.958
962.8385	16.834
938.7578	9.573
852.5687	8.926
960.8231	17.819
500.2745	1.81
710.5571	14.196
854.6597	12.948
1221.3832	17.218
662.4138	1.702
1239.3457	18.907
749.5782	7.751
884.6019	3.623
755.6025	8.871
776.5312	10.437
725.7214	18.174
531.4082	8.052
951.8207	17.382
981.2794	16.147
904.7611	13.087
719.559	12.118
251.0468	18.316
849.2896	15.652
1056.2956	23.038
792.5804	7.969
769.5666	4.177
412.805	9.914
754.6354	14.167
1072.3446	16.944
799.6787	23.105
367.3286	15.187
824.591	6.301
847.5445	7.668
931.6263	6.383
772.6132	9.228
621.5453	11.316
1321.243	23.56
700.6154	23.121
639.5665	10.107
951.81	17.6
846.2929	21.272
926.7936	17.27
505.3698	3.596
663.5713	16.34
753.563	9.173
846.293	21.541
551.5591	22.733
648.6292	11.235
226.6856	0.978
237.1484	1.671
803.5887	4.45
855.8181	19.052
865.6254	6.301
605.6234	18.311
369.4282	4.367
795.5369	3.126
787.6131	6.656
1400.1493	15.351
550.6285	14.94
195.1742	2.824
1014.6395	2.303
845.5504	4.753
682.9989	3.678
678.5544	23.039
848.5562	7.887
807.727	20.655
865.6516	9.942
448.8383	1.95
802.4935	6.903
203.1755	15.286
902.5761	5.473
712.4993	4.394
1016.6694	2.275
839.5621	3.652
906.7753	17.354
928.7454	17.573
978.8121	17.027
739.5646	7.121
215.0892	9.091
858.6281	6.41
507.5134	16.944
860.6739	10.116
1345.2418	18.147
887.3192	14.94
583.5686	6.629
783.717	17.108
1480.9607	2.221
756.6051	10.465
658.4982	10.908
908.7922	23.313
925.7107	9.942
724.624	23.121
817.6799	9.641
757.632	16.588
1308.381	7.751
725.5483	10.025
802.6925	16.366
567.4414	2.36
848.2902	23.23
301.2162	11.043
821.5507	3.568
701.5273	15.68
150.042	17.163
735.5448	6.329
676.5512	6.328
626.2329	9.86
814.6037	9.136
769.5667	4.645
842.7192	12.736
698.6294	15.872
203.4215	11.125
774.2702	23.698
852.5375	2.632
774.2704	23.368
812.6171	5.777
1466.1133	7.751
880.8337	22.733
531.3611	2.413
783.6694	14.502
1035.3622	16.725
905.764	9.996
679.5099	5.915
1003.8367	15.215
983.8124	16.091
953.7632	15.35
797.5918	8.68
981.8161	15.845
772.562	8.052
765.5411	8.707
749.656	15.707
798.6803	16.421
936.51	6.52
813.6623	15.215
962.7816	15.626
226.6865	11.454
174.034	23.878
846.2928	22.466
754.6345	14.831
703.5476	9.448
781.6544	10.824
850.5963	4.092
801.5286	4.533
861.6055	3.789
736.6236	15.296
1183.3955	16.89
556.5576	8.981
687.6742	18.421
1143.3745	23.037
791.5475	6.958
552.5716	23.231
776.5315	10.052
546.8534	2.607
648.4442	12.92
965.821	14.912
825.617	9.942
774.8067	19.829
823.1283	9.86
865.5762	5.831
1047.7748	15.46
989.8133	15.077
746.7755	19.548
831.5584	4.755
527.2958	1.674
831.5473	6.52
215.1526	6.383
828.6848	12.368
782.6304	10.189
833.7434	18.147
189.1637	15.269
469.3654	5.969
836.1683	11.427
708.649	23.039
539.5559	8.953
923.7589	16.092
791.5537	7.477
548.5402	16.202
534.2871	1.976
904.6652	7.505
563.5036	17.928
812.6412	10.19
711.6366	16.092
1333.2137	23.093
699.648	16.477
921.8737	23.037
703.5658	10.988
895.5827	6.329
912.6802	8.079
780.6369	9.063
1007.8148	15.16
789.6019	7.723
916.7974	23.38
711.6325	15.681
1362.177	23.121
1275.3545	6.356
592.6032	23.105
929.6484	6.465
755.695	23.105
598.5453	6.356
908.8292	23.133
1432.9188	19.216
796.7028	16.834
637.5562	23.039
742.6179	23.039
1335.2623	18.529
675.5631	5.583
151.1451	18.365
1298.1105	11.07
804.5533	4.339
646.5465	12.838
537.3742	2.385
609.5311	10.354
226.6866	23.725
784.5276	7.777
893.6921	17.132
778.6922	20.44
750.544	6.629
923.7733	16.884
708.6296	16.753
552.4852	15.187
396.2323	3.207
636.5046	11.125
537.4876	17.627
728.5884	4.257
881.6847	13.058
1217.3884	22.733
863.6363	9.063
796.5761	6.684
757.5553	8.216
860.5419	3.182
893.7538	16.916
924.7648	16.834
945.7526	16.092
962.7814	15.57
776.5713	5.915
1262.3921	15.432
724.4924	9.338
962.6768	6.602
663.5717	23.601
670.6114	13.613
516.526	7.286
848.7519	17.053
445.3676	6.929
607.3844	8.762
778.5389	5.307
799.5679	3.068
825.5733	4.149
203.1794	15.352
735.6769	17.243
910.75	16.339
881.5157	5.307
696.5654	23.038
742.6618	15.188
892.7592	23.105
793.6913	15.105
282.2508	16.834
919.6998	17.187
920.864	22.733
994.8995	19.466
846.293	21.846
731.5783	10.961
580.4298	3.041
808.5607	4.147
839.7899	23.121
525.8689	3.292
875.6725	10.796
840.5751	7.175
841.6254	6.876
838.6886	10.107
803.5898	4.285
904.7161	12.645
592.603	18.175
1018.9382	19.107
581.5444	7.778
878.7447	15.872
1428.3708	16.284
668.6668	12.062
705.6587	23.23
810.5813	7.888
413.3112	11.262
847.641	9.09
1408.199	11.234
962.7675	9.42
1380.1434	15.215
918.8131	16.835
509.3476	1.922
859.5308	6.41
613.5506	9.914
793.621	9.2
738.7337	18.42
812.762	18.42
934.7862	17.218
738.5442	8.598
797.743	20.44
1451.1111	6.574
890.6586	8.052
818.698	16.94
926.7446	14.554
870.8057	16.889
296.2277	3.016
913.8202	18.958
812.6078	5.583
664.6331	10.908
1000.8548	16.202
295.2268	23.313
949.6901	13.779
964.8084	15.132
986.7876	16.284
1119.0762	21.125
466.3226	2.195
415.1879	1.064
594.6184	22.733
741.5437	9.696
838.7872	23.615
516.426	5.778
759.556	9.695
728.5676	11.814
406.3312	17.545
815.6948	15.187
576.5717	23.105
903.604	4.534
895.8423	18.529
958.8266	16.009
1263.3938	15.432
738.6398	23.133
903.785	16.505
899.6739	14.996
750.6674	17.846
736.6476	16.725
684.6286	16.834
606.5537	12.894
712.5509	17.819
816.7093	23.105
1000.8547	16.147
584.0786	2.825
451.4273	9.337
785.6842	9.888
646.5922	11.043
829.7282	15.927
754.6898	15.397
794.6275	9.682
822.615	6.574
957.7955	13.975
971.7889	17.109
818.5913	4.037
751.6436	10.492
808.0923	9.763
893.8008	16.968
836.7347	16.394
836.672	9.118
537.542	8.953
729.6946	23.38
723.6034	23.258
802.6116	8.161
848.2896	23.753
1353.3721	23.105
968.8285	16.339
592.4572	4.587
907.782	23.121
560.3347	1.146
1016.7974	16.168
792.7318	16.944
495.6916	2.908
854.6594	12.867
316.308	7.067
827.7118	14.984
1217.388	23.038
617.6332	11.152
796.524	9.53
764.6064	7.751
802.5956	6.356
828.6129	7.177
870.8357	18.228
948.6616	6.411
943.7144	17.354
861.6043	3.65
602.4428	3.043
707.609	14.831
1356.1615	15.434
761.5152	8.789
226.6861	23.45
917.7205	14.913
819.5703	7.86
819.7267	18.444
810.5307	7.122
724.6158	10.713
1425.2161	15.215
785.5436	7.75
796.5765	6.958
956.7811	15.269
696.648	18.119
846.293	22.012
988.8743	18.112
708.6133	14.693
824.6598	10.686
605.5416	11.316
696.6496	23.105
635.5018	12.708
954.776	12.811
998.3267	16.835
848.7347	23.105
299.1368	0.87
852.6133	6.876
213.0774	17.164
920.3119	18.503
1367.1127	11.18
927.7854	16.752
694.6412	17.627
650.4392	2.794
936.7883	17.3
672.4236	2.386
1427.3718	16.284
938.8167	17.163
354.3006	2.88
753.6146	23.038
1018.7855	18.393
982.8075	16.394
826.7509	17.655
919.7367	15.982
793.7118	19.68
390.3635	3.596
711.64	18.42
365.3204	23.039
846.5628	4.727
863.6528	16.642
848.6981	11.4
634.6499	18.529
580.5349	9.887
1105.8172	14.444
872.6535	8.899
786.1228	9.778
844.5977	6.135
750.6613	16.917
1073.8192	16.201
357.2999	3.566
887.5466	2.193
714.5577	6.903
769.5665	4.04
1031.6885	2.606
781.6117	5.75
555.5231	9.558
215.1793	15.214
969.7582	11.18
1350.3742	23.105
580.6027	22.733
712.6448	17.272
781.5938	11.016
621.4679	5.915
959.8482	18.146
657.6374	18.174
703.5754	10.824
700.4547	2.991
770.6302	23.039
1395.3959	17.162
930.747	9.888
858.6683	8.947
725.664	18.214
603.5346	6.766
944.8282	16.669
469.3654	6.026
280.2353	16.037
823.6414	8.892
804.5752	4.45
1436.1917	15.05
465.1428	5.391
866.6641	7.969
802.5365	6.08
726.6593	23.313
832.6403	6.629
1323.8892	19.135
411.3986	18.311
873.5681	2.876
858.7908	18.201
823.7216	16.944
925.6898	15.515
163.6647	2.193
690.6674	23.039
354.337	4.616
886.7865	22.733
624.6404	10.382
949.6901	14.112
1318.1013	10.906
768.7081	19.576
1234.0431	11.153
964.8672	18.667
289.2734	2.195
914.7415	15.79
1088.8018	14.444
883.773	18.475
624.4179	6.985
624.5565	9.887
1046.7732	13.502
656.4944	5.142
735.5441	6.548
726.0957	11.125
674.5859	15.187
828.603	4.975
751.6346	15.625
928.7816	18.722
636.6657	16.092
766.5534	9.613
892.7606	17.627
1161.3059	6.711
523.528	12.035
532.2798	1.645
775.6328	9.723
812.6894	11.454
273.2576	17.819
912.7502	18.256
548.5399	17.164
348.3261	23.038
769.564	3.598
880.7866	16.944
648.5568	10.106
806.5604	5.777
1321.1553	15.378
695.8166	3.292
861.8104	18.502
1020.8271	15.845
932.8645	22.733
856.5595	2.824
889.7714	22.939
981.796	15.955
564.4684	9.448
870.7546	23.352
846.6135	5.64
930.4308	6.766
860.5923	3.872
1377.2329	15.432
664.6971	18.859
935.7107	15.543
389.1976	3.234
752.6461	14.94
508.517	16.477
383.3304	15.16
1355.3514	15.982
388.3652	23.105
1366.1283	14.802
690.531	7.778
1427.3918	23.105
769.6175	7.969
477.445	15.215
710.63	16.725
620.3922	2.139
404.3217	5.97
1046.9331	18.175
883.5354	6.328
824.6771	10.575
314.277	11.071
368.3395	16.835
226.6859	0.617
550.5558	21.258
738.6396	14.554
251.0469	18.495
212.2373	1.589
236.0716	22.179
995.3311	23.657
851.713	9.953
881.7189	14.72
834.5766	3.043
902.7817	15.955
507.5136	22.733
301.289	7.093
956.855	18.311
937.7899	14.913
1225.8724	2.632
768.7086	20.328
400.329	7.094
837.62	6.656
316.2924	11.07
743.5466	8.871
751.46	2.744
550.5559	22.124
706.5617	16.064
422.3963	7.122
647.562	11.289
526.1198	3.293
891.7051	14.72
507.5134	17.159
782.6507	11.345
935.7316	10.106
834.6733	12.894
752.5831	9.86
810.7357	17.3
958.8077	14.94
861.5445	2.962
584.5572	7.805
642.5948	12.92
922.3065	17.163
724.6076	23.121
913.8609	23.093
653.5552	6.052
847.5524	2.358
718.5826	6.41
524.5402	23.258
439.3895	5.943
608.6344	18.694
745.566	10.525
984.699	9.751
796.7026	23.105
851.7531	17.217
1321.2139	15.324
902.7809	15.378
1351.293	18.832
945.7601	9.283
678.6149	18.338
1260.0587	11.262
662.5556	8.926
997.3275	16.999
748.044	6.794
824.1684	11.98
844.7094	9.888
934.8062	17.409
808.7029	17.163
402.311	3.043
672.5774	23.45
703.6704	16.834
852.5883	9.97
203.1548	9.118
830.6835	10.603
301.2164	10.796
1405.1126	9.887
945.7311	17.654
821.6678	12.284
610.1848	7.477
756.59	11.262
830.5684	6.301
1212.8414	2.194
748.615	14.693
960.8243	15.341
386.3266	1.284
962.7504	16.064
535.2896	2.003
485.3602	4.809
768.6504	14.499
838.8136	18.557
830.7226	17.327
1021.3044	15.406
706.6488	17.655
168.2249	18.447
610.6498	18.503
774.6752	17.381
701.6914	18.832
234.1748	2.936
813.6943	23.038
1132.3152	16.753
721.5965	10.079
630.483	4.036
1137.8414	18.777
1494.9584	2.222
723.6037	14.388
819.7282	23.093
1187.0435	10.934
670.5622	11.344
772.5492	5.859
863.7534	15.79
1367.1312	14.802
630.6192	13.224
668.536	11.234
922.6665	1.972
1251.8909	2.249
944.7403	15.672
408.7991	3.292
872.5782	5.141
825.7979	18.624
844.6068	3.569
858.5952	5.5
948.8742	19.3
408.368	2.849
944.7921	15.544
784.5512	6.548
991.9114	18.751
712.5882	9.695
958.7903	15.187
963.3366	15.79
761.5894	4.837
598.7539	2.769
609.5241	14.886
883.8321	23.121
720.4456	7.696
693.6212	17.655
878.7007	11.953
1276.3551	23.105
863.7532	17.108
828.6931	10.662
903.5902	9.109
862.7505	23.243
1167.0416	10.934
606.6186	22.733
415.3568	6.766
1186.3529	7.477
982.277	16.753
552.5714	23.698
891.7051	14.637
612.6318	10.354
1087.7981	14.46
1317.2168	23.38
371.3587	23.601
748.5154	5.418
785.733	17.491
607.5085	15.023
1134.7886	10.465
642.5154	3.018
868.5319	2.633
846.5645	3.983
247.242	17.791
751.5642	10.52
744.6197	16.285
777.5694	8.811
752.6742	15.434
402.3112	3.239
922.7618	9.86
737.6195	14.306
725.6467	15.077
749.6467	15.324
908.7915	17.354
821.5516	2.797
979.7785	15.187
770.6933	15.077
517.3444	4.783
895.7421	17.409
797.6756	15.215
726.7129	19.525
420.3188	4.366
715.6704	16.065
1379.1581	15.369
575.4915	8.871
884.7749	18.42
1216.3881	23.105
1395.1531	15.296
707.6189	11.071
692.6345	23.38
1251.8405	6.164
470.8519	1.918
591.5562	10.961
767.6957	23.657
724.6443	23.313
873.0448	6.492
926.7645	18.447
897.7968	17.709
1006.9744	19.991
864.626	10.106
684.648	18.42
936.6434	6.82
685.8034	2.688
580.5384	12.626
911.7537	13.168
524.4751	17.354
767.5378	14.666
884.7786	16.477
961.8177	16.367
935.8828	17.163
964.7816	10.906
199.1692	2.852
689.6089	11.179
1042.8651	15.982
703.6408	6.904
791.5289	5.804
802.6526	9.887
917.8296	23.093
737.4992	6.684
1350.3735	19.19
847.5669	3.598
732.6294	14.252
1006.8104	14.995
701.618	14.886
1109.3767	16.615
837.7372	15.05
663.4542	22.939
1148.3625	16.889
430.389	23.105
295.2268	14.857
1073.7823	14.499
658.6134	23.38
580.5352	6.383
917.721	15.625
956.2715	16.724
764.6385	14.803
755.6449	17.6
769.5664	4.259
616.5021	5.141
844.5974	3.901
579.5348	18.448
580.4576	2.986
787.6904	15.214
837.6102	9.063
881.6851	13.335
919.8159	15.79
910.8065	17.3
934.8072	17.6
947.8101	15.242
706.6043	15.05
581.5444	7.833
692.5457	6.41
731.5366	8.052
818.638	9.914
404.2602	7.067
864.5743	4.366
1212.8782	3.763
744.6139	23.121
695.5104	4.615
949.9002	23.037
684.2032	15.872
886.7964	23.039
564.5713	22.733
907.7009	14.112
1011.8068	17.544
1074.8031	15.644
940.7967	14.886
390.7803	4.23
1136.8429	8.757
745.6281	16.725
1358.2664	23.039
852.6122	5.058
735.5686	14.968
552.6354	10.079
662.4946	5.914
1465.4183	17.381
628.1051	2.767
804.6504	14.637
803.5898	4.67
798.5554	3.872
616.5759	10.079
764.6764	23.698
391.7883	4.477
926.7449	11.289
825.584	5.832
1286.3792	18.983
882.7029	17.628
441.405	6.247
965.8003	16.009
651.5392	5.141
865.7696	23.313
838.6981	17.218
975.8063	15.286
1012.1936	3.295
236.0716	21.68
160.1331	0.732
720.6658	18.529
828.6123	4.921
695.6453	23.121
734.5313	6.876
545.4562	15.46
954.1503	2.743
977.7214	16.174
877.7312	14.802
844.608	4.864
954.7762	12.708
754.4635	2.191
856.7243	16.642
605.2954	1.758
984.8057	17.162
750.6601	15.79
715.6071	12.34
1468.1371	9.805
916.7394	16.339
768.708	20.517
673.4812	6.025
741.5434	9.75
891.5453	7.778
665.5874	22.964
952.7084	15.242
897.8317	18.229
1325.2726	23.56
871.7352	17.135
678.6124	11.152
924.3075	16.147
918.8123	23.352
316.2238	3.016
950.827	15.9
941.8383	17.518
875.6711	9.888
714.6038	23.601
647.6174	11.564
794.6934	15.323
855.6309	5.859
804.7082	22.836
724.4921	10.327
1133.8484	14.472
785.5888	5.804
1018.8483	16.009
797.6672	15.405
806.6502	17.489
893.721	16.147
778.5744	6.958
183.1018	9.366
808.6821	10.769
881.8005	18.214
721.4863	4.122
1435.1881	15.023
550.5557	21.776
944.7398	15.46
594.6186	23.105
236.0716	22.317
917.7209	14.554
513.889	3.151
906.849	16.642
1007.6425	7.751
994.8643	18.092
381.3515	15.763
751.5644	10.713
1031.9784	19.77
758.5697	4.231
846.2933	21.206
920.7901	17.518
570.536	4.866
773.6192	6.656
1401.1519	15.341
833.5729	2.633
952.7089	15.543
740.6102	10.906
411.3986	18.804
963.7639	16.367
609.3265	2.633
985.8275	15.872
1049.7806	14.46
888.7661	23.56
886.6051	4.534
871.7375	11.207
750.6609	16.999
809.7076	16.916
976.9187	19.273
567.5906	17.873
926.6923	15.297
907.7697	17.272
724.6148	11.071
884.4943	7.175
873.8195	16.89
856.5701	4.366
740.6918	18.502
650.6814	18.649
952.7302	9.997
799.6834	16.064
932.667	7.668
641.5815	11.261
340.3938	3.43
903.7273	9.915
774.5647	6.356
909.6947	15.46
806.1098	9.86
537.1264	3.292
846.2933	19.577
968.7708	16.724
965.801	16.147
772.6446	14.886
521.4565	16.971
930.7924	15.324
728.5676	12.285
652.6111	19.493
362.3314	10.851
767.6744	14.776
699.6123	13.169
701.4578	2.657
897.5721	9.145
776.5208	5.888
766.5639	8.025
1314.1626	15.433
977.7772	9.586
919.8151	17.163
430.3762	18.887
684.6287	23.698
806.7602	18.146
886.735	18.257
532.4396	10.051
752.6766	23.56
910.7502	12.645
779.2299	4.698
368.3322	15.397
811.7228	23.038
898.5796	3.568
553.3899	5.86
1011.6921	3.321
1250.7891	2.191
756.6324	15.16
831.6454	9.915
826.7764	18.444
768.6504	14.362
1113.336	9.036
919.8159	16.995
936.8977	23.037
778.6924	20.13
964.7663	16.504
526.3736	1.753
810.7188	16.587
1416.2255	15.27
762.6402	14.112
740.5942	7.066
1382.2029	23.093
1319.234	22.939
686.6451	11.207
848.5566	8.134
712.6971	19.383
855.6314	6.163
1232.8147	2.221
858.6498	6.656
1243.3059	2.25
794.5531	7.805
900.7297	12.145
887.8629	17.901
964.8669	19.273
860.5202	4.147
367.3035	1.539
866.5913	4.506
1042.8329	16.669
774.5656	11.454
936.7347	15.845
824.6128	9.695
845.6536	6.656
957.7955	13.892
746.5933	23.038
1168.8512	3.818
871.6317	6.629
701.5271	14.693
746.6353	16.78
749.6199	10.796
1014.8012	16.284
552.5716	18.804
769.5667	4.977
875.5578	7.532
297.2425	18.366
890.5762	3.209
963.784	15.405
1098.8337	18.694
695.6777	12.008
371.3578	7.149
826.6764	11.07
813.6227	11.316
1005.8535	16.009
815.6645	10.409
853.7261	23.105
886.7192	15.818
682.6495	18.228
885.653	7.751
766.6528	15.405
786.6732	11.481
626.5719	11.207
856.5854	6.219
983.8122	15.872
1249.2843	2.223
797.7429	19.861
941.5785	0.702
918.8029	15.323
782.4312	7.177
889.8057	23.105
781.5282	13.003
905.7643	23.352
985.2726	15.378
936.8225	16.775
778.6925	19.853
967.9101	19.052
431.352	5.611
894.8124	18.502
893.8008	16.306
999.1328	2.221
797.0794	7.532
779.6063	6.492
904.7505	14.306
927.6633	7.668
770.6289	15.187
481.2532	3.593
558.4879	15.323
764.5202	7.86
964.8542	18.256
947.8032	23.038
403.3761	7.067
392.7962	5.251
1120.9314	11.179
938.8234	18.749
684.5621	4.315
215.0876	7.177
801.6972	16.943
909.2571	14.03
1048.7784	14.057
973.8282	16.229
949.7897	11.152
835.2385	12.229
628.4294	2.221
688.5752	11.152
876.7291	14.637
828.7156	15.023
817.6683	17.655
502.3738	22.733
761.7122	16.834
841.6059	6.465
768.6715	23.038
915.6633	7.75
268.2634	4.368
856.7363	17.791
553.4594	10.662
783.7272	23.615
982.2759	22.733
236.0717	19.328
1093.744	11.015
874.6979	16.912
815.5759	7.887
813.6206	5.915
946.7711	12.783
624.6294	14.112
496.3625	3.598
797.5962	6.931
866.5911	4.366
399.3944	4.423
673.481	6.08
657.1216	2.743
808.7028	16.366
790.6975	2.852
932.6984	9.118
834.6017	5.501
1292.8279	6.356
662.572	15.434
723.6404	23.352
729.5861	9.997
876.7294	23.105
739.6358	22.964
703.5644	13.169
236.0716	16.943
1059.0058	19.991
1246.0911	11.289
857.5157	5.473
279.2318	23.38
753.6591	15.405
872.5421	6.465
519.4409	6.985
692.5219	6.301
485.34	10.051
430.3758	7.149
928.8338	23.039
857.5729	2.605
828.5382	2.193
780.6344	10.216
750.661	23.038
184.0733	7.75
951.7055	16.037
686.6432	23.118
572.5248	9.925
1110.3768	16.615
750.5441	6.52
406.376	7.614
741.6794	22.733
944.7561	11.592
659.6175	23.133
930.7765	9.969
941.7914	15.543
932.8282	23.38
749.6182	7.477
792.6866	14.912
815.6959	16.284
807.5498	7.997
721.544	15.204
637.636	12.035
698.6291	12.894
863.7539	15.873
831.6352	8.926
669.6589	17.301
682.6499	18.859
679.5665	14.857
550.6288	22.485
258.2794	23.038
728.6194	23.121
857.5703	6.383
725.6274	14.885
854.7318	15.095
524.4759	9.42
236.0716	15.653
922.6297	2.275
668.6187	12.949
710.6806	18.447
226.6858	10.328
735.648	14.94
1283.0621	11.071
406.3372	6.22
568.5778	8.871
712.6576	16.449
233.2264	15.406
687.5488	23.121
350.3052	1.753
1145.3674	22.733
584.5249	23.395
806.6663	13.752
1136.9873	8.243
712.6436	18.502
550.6283	14.775
220.1912	23.105
713.591	23.258
383.3196	2.988
313.2888	15.242
724.6444	22.964
719.6556	11.044
538.5561	23.011
728.5831	9.475
1303.0658	11.043
589.5308	10.713
840.6473	10.272
869.7208	15.9
1262.8257	2.109
808.7206	16.862
749.6554	15.405
502.374	23.105
550.6289	19.473
754.6349	23.093
784.665	14.831
829.6057	5.942
777.0686	8.789
887.6684	8.024
1301.8163	6.383
677.6121	23.121
556.442	23.038
737.6486	16.009
483.8783	4.012
957.7955	14.721
1373.2001	15.104
1195.8484	7.75
960.8228	17.382
947.7307	17.599
727.5641	12.617
972.8268	16.725
850.7502	16.504
840.6386	9.228
225.7055	18.146
836.5214	4.505
630.6186	17.382
696.6445	10.382
429.089	5.391
894.7664	15.433
151.148	18.42
1362.2126	15.397
829.5185	4.122
829.7072	11.953
1414.1991	15.296
945.7861	15.488
647.5987	9.613
865.5298	7.45
647.5678	14.637
669.561	9.969
960.7859	15.27
930.7264	15.231
834.5946	5.417
910.7497	12.894
1301.1027	10.906
629.4551	8.953
757.6126	7.203
1482.9644	2.221
814.7654	19.052
350.3055	1.367
783.7271	23.352
945.8315	17.272
1035.3571	16.284
1043.9787	19.687
799.6475	10.657
766.5386	5.583
811.795	18.557
744.5466	7.805
880.5699	2.825
808.6643	15.351
658.6142	22.964
558.4026	1.895
804.7336	16.834
811.7009	15.598
784.5493	6.135
899.7384	18.112
982.1667	2.167
368.3396	18.188
774.2702	15.297
1015.8732	17.491
1315.2031	23.352
740.7284	19.746
828.6838	12.784
737.5912	9.996
978.7765	15.515
202.1804	23.011
741.5435	10.051
855.5783	6.465
905.764	10.052
810.6259	7.887
758.6447	14.984
874.5805	4.366
923.7743	15.899
220.1777	4.175
935.7385	9.008
934.7193	15.543
709.669	18.502
985.8277	16.423
797.7428	20.248
852.7162	10.024
427.3568	6.93
759.6477	17.026
450.3806	7.039
702.5093	1.535
826.6914	12.92
869.658	7.86
224.697	17.491
987.8416	17.491
829.668	17.573
372.3705	5.914
680.5981	22.964
430.376	6.93
797.7864	7.012
1338.1573	11.262
783.6352	10.244
536.5478	17.301
778.6922	20.578
836.5313	5.197
778.6926	19.248
952.7606	14.46
158.1174	0.729
1322.217	15.323
963.8431	15.928
821.6478	9.925
919.7428	9.2
840.7083	16.588
760.664	9.723
293.2111	23.285
674.4396	5.859
980.8652	18.365
701.5855	5.777
943.7632	15.296
785.6778	9.723
532.4394	19.466
236.0716	16.229
832.5703	3.542
412.3037	9.695
1492.4567	2.194
968.7244	9.778
551.6318	22.836
943.8436	17.463
882.8126	18.257
745.7633	19.245
1426.3929	23.037
420.3188	4.257
568.4081	2.221
613.5602	9.6
659.4928	10.106
359.3093	2.358
686.4839	3.068
843.6753	11.016
712.6244	15.626
877.7288	10.134
1117.3196	6.876
187.0619	23.865
774.2699	14.804
995.3311	23.698
1042.8655	16.147
685.5562	10.575
946.7197	10.879
798.7185	17.272
839.6517	10.244
774.0392	6.602
941.6992	17.023
903.7741	15.132
942.7603	15.46
883.7787	23.039
1002.7814	16.168
810.688	14.968
958.7558	15.899
562.5559	16.201
915.6836	17.026
657.6014	23.038
1016.8494	17.491
818.7437	16.944
841.769	17.3
799.5462	9.173
782.6302	10.051
742.6343	14.886
687.6482	18.969
782.6053	6.711
752.7127	17.573
877.7326	14.001
688.4544	2.58
799.6053	8.844
1234.1418	20.356
892.87	19.248
445.3677	5.804
796.651	16.449
580.5778	8.871
845.5502	4.45
1144.3682	17.436
763.6648	16.092
441.2689	7.04
708.6294	15.982
1028.959	19.549
830.497	1.948
764.5913	6.876
702.6376	15.845
982.8269	17.187
708.4453	7.805
828.6926	12.811
755.6021	9.695
676.6086	23.753
1300.3605	12.34
909.2565	14.112
742.6714	23.121
1252.7942	2.25
764.6198	10.603
736.6799	17.219
1116.0596	20.921
903.1305	3.405
988.919	19.107
1384.1165	15.35
838.0525	7.723
767.6381	15.077
630.5094	7.122
552.5716	20.197
656.5249	7.696
1358.366	17.19
834.6017	4.975
757.5389	9.42
784.5489	4.314
552.5711	20.655
738.5222	12.812
805.558	6.081
936.7856	16.78
625.5524	11.207
655.4705	9.218
718.5655	7.75
503.3506	1.367
929.7901	15.79
849.7384	16.505
1360.898	19.19
745.6899	23.38
397.3827	15.982
1316.2072	23.38
1307.2015	23.039
895.7706	17.3
732.6141	23.038
869.6087	6.465
932.8227	15.927
339.2317	2.112
636.5931	8.024
604.5377	17.818
844.6136	6.656
827.6526	17.191
901.6881	10.63
640.536	4.366
764.6391	10.52
872.578	5.804
757.69	16.477
254.2479	4.369
745.6588	2.849
841.6329	6.684
778.6925	19.162
557.4968	8.161
866.7449	16.889
374.3769	23.258
731.6015	15.215
960.813	16.559
920.667	7.504
439.3971	7.148
550.6287	18.778
650.4758	4.531
800.6082	6.63
911.7534	14.776
949.7963	17.273
371.3639	6.356
802.6926	16.423
723.6002	9.145
741.6504	22.733
577.5101	9.887
974.8022	14.94
836.5432	2.276
916.5901	7.778
670.622	22.964
810.5571	1.785
897.6373	11.371
606.591	10.961
708.5119	13.031
891.7861	23.601
797.649	15.05
1003.8364	15.269
901.717	16.807
627.299	1.753
984.8229	17.163
918.813	22.964
882.8023	17.299
285.2902	23.038
161.1324	17.628
814.5976	9.09
668.619	15.04
891.5787	2.986
752.523	5.143
1347.1913	23.121
370.3546	6.712
782.7243	21.236
897.7892	18.521
576.4026	2.853
850.2864	15.022
643.6219	23.38
781.6543	10.52
608.6338	18.01
751.5454	9.778
854.6181	5.417
728.4866	3.319
257.2265	23.039
846.5946	5.777
812.5626	9.118
566.551	23.038
735.5686	14.912
686.643	23.684
881.7506	15.434
1029.6249	7.778
801.5832	6.301
392.7962	4.808
699.6676	23.203
824.5806	3.405
925.7621	18.47
990.7874	15.187
532.4397	19.881
423.2517	4.036
900.6824	12.395
626.2336	9.613
957.7871	17.053
945.7966	17.164
823.6414	10.134
732.6294	14.03
373.3735	6.356
1143.369	17.491
797.7429	19.732
553.575	23.038
901.6388	9.915
324.3263	3.846
633.6189	10.989
1438.2307	11.207
844.6075	4.396
812.6408	10.465
815.6644	10.686
753.732	19.631
811.6554	14.912
860.5911	4.202
1020.9903	20.102
1036.3578	16.257
937.8253	17.71
820.5858	6.957
808.6646	15.05
1020.9541	19.383
683.5072	11.207
175.1482	23.039
903.6545	11.427
1298.1586	15.406
703.5642	12.34
369.319	1.784
1144.3664	22.733
801.657	10.824
868.6078	3.983
937.7369	15.269
590.5869	17.163
606.6184	23.423
864.8295	18.584
1299.2206	15.352
647.5744	18.502
769.5663	3.044
548.5401	16.45
890.6471	6.383
894.7763	23.105
502.3737	1.892
1368.2233	23.121
1198.8583	7.723
534.5326	16.669
563.5036	17.628
865.7705	22.964
1172.3417	16.394
746.5568	15.625
1380.2426	15.204
776.5731	1.785
1145.3674	17.354
1145.3667	23.105
370.7582	5.805
752.6554	14.721
701.6457	11.016
823.7855	18.624
884.7536	16.94
834.601	5.196
964.7663	16.471
750.6604	22.733
743.6744	23.121
1033.9938	19.991
844.5958	4.259
243.2106	15.023
747.6398	14.913
794.5269	6.684
203.176	16.725
779.6024	9.969
828.5799	9.806
616.4061	5.417
802.6236	9.228
633.5085	6.383
1016.8849	17.489
1355.2378	16.058
856.6173	4.23
241.195	15.406
391.2847	11.454
163.0755	1.033
480.387	3.598
1276.3542	17.489
847.6417	9.42
1297.0669	11.18
876.7664	16.559
428.3732	2.55
911.8747	18.983
696.6506	16.202
991.837	15.488
764.6758	18.503
1226.476	9.887
952.8552	18.447
830.6384	7.805
641.5034	8.953
666.5931	16.058
724.8332	3.265
882.5862	3.184
319.2269	15.598
810.6003	6.602
786.5923	5.417
799.7216	16.834
368.3393	23.45
1013.8577	17.163
870.7906	17.135
383.2833	4.036
219.2106	15.405
948.8017	17.053
661.6234	11.125
765.6152	6.465
752.6554	14.776
1080.7054	7.778
775.6691	17.109
830.7235	17.628
848.288	17.354
680.5976	23.38
882.5856	4.012
922.308	23.712
726.6763	18.803
1324.265	23.257
606.5096	7.778
994.8431	17.354
564.4774	14.984
832.6816	14.639
843.6773	17.354
907.6442	6.958
197.1547	9.832
797.553	5.251
1320.239	23.684
963.7646	16.146
881.8017	23.038
1434.9177	19.3
608.6342	22.733
754.6921	23.352
931.6646	8.898
922.4879	6.492
632.5774	11.426
944.792	15.782
150.9732	23.427
1400.1125	14.858
948.8599	18.418
889.7257	17.3
704.5702	10.216
741.6416	14.858
1226.8092	5.971
642.6036	12.673
885.6099	6.738
252.0462	23.892
706.6625	23.121
794.5316	12.845
830.6834	11.482
1003.2842	7.914
881.7568	23.176
688.536	4.26
151.5774	15.159
770.5936	9.778
964.8184	14.721
865.5766	5.528
650.5954	15.845
188.109	6.821
650.572	11.344
932.865	23.121
934.8442	23.38
226.6861	11.98
825.1136	9.146
1003.6271	7.86
528.4059	3.929
383.3672	15.735
877.7312	15.16
1011.8781	17.71
383.3671	15.654
852.5386	2.248
550.6285	21.293
971.801	15.543
858.755	22.733
893.838	23.037
850.6866	11.648
948.7772	9.914
882.5327	6.438
961.6745	6.41
1211.3351	2.167
753.5863	9.421
690.6184	23.698
796.5858	9.844
505.4983	23.105
536.1653	17.764
741.591	6.629
782.3777	11.07
758.5968	8.703
935.7104	15.433
668.6254	23.698
550.6286	18.283
879.5294	6.411
876.5975	3.705
735.6335	23.038
385.3467	10.796
942.8016	16.092
919.6262	6.438
863.5473	2.607
1204.3346	23.23
708.6125	23.133
488.3946	4.645
647.594	15.405
730.6984	23.121
704.57	10.631
968.8483	17.491
770.5333	3.596
596.5249	23.105
908.6735	6.383
955.7291	15.927
1385.1729	14.775
235.1692	15.919
1026.684	6.328
953.8364	18.147
536.165	8.68
836.735	23.352
602.5872	16.944
965.8515	19.107
787.6834	16.064
1132.3135	16.835
784.6218	9.063
807.6606	14.929
1071.006	19.908
585.5758	7.559
909.7667	16.753
778.5978	7.778
675.5351	4.615
304.235	15.049
869.7984	22.964
809.6631	16.752
869.6105	3.648
606.3076	2.081
1071.3481	23.105
917.0923	7.723
856.7239	16.554
666.6035	13.003
832.5851	5.003
690.5822	15.708
953.6489	2.742
801.6375	17.109
914.5751	2.77
861.7383	13.502
780.6092	6.602
864.7657	23.45
797.5883	9.063
908.7719	15.133
946.7902	15.79
1075.8063	15.487
544.4569	7.095
337.2738	2.358
827.193	12.922
524.54	23.505
610.5318	8.811
1025.9304	19.345
680.4808	22.964
696.6508	10.717
765.68	18.338
741.6226	11.235
822.721	17.327
668.6192	13.087
684.5572	9.31
512.3345	1.647
584.5574	7.86
826.2597	16.834
796.6446	15.16
837.7384	17.163
492.4065	16.725
608.5008	4.037
825.7744	20.655
611.5804	7.805
802.643	9.055
910.7491	15.434
458.4203	6.22
554.5779	17.163
856.5707	2.221
294.2145	15.16
786.6016	5.28
867.7851	16.94
776.677	16.916
388.355	5.528
774.5558	4.478
823.7942	18.502
796.6821	15.626
1306.8788	7.751
272.2219	2.881
1490.123	8.843
151.9497	23.105
728.5828	9.558
797.6498	10.548
700.5967	23.105
764.6534	17.818
735.6399	15.79
678.5074	9.145
683.6168	23.698
554.5194	5.418
717.5436	10.134
374.3627	2.961
901.7631	18.694
833.7115	11.925
734.505	2.415
1352.1523	15.05
569.5141	10.988
819.7129	12.92
772.5255	8.27
908.6969	9.832
778.6926	20.301
756.6055	10.824
767.6384	10.603
688.664	8.243
694.6333	23.56
870.7261	15.104
722.6	13.696
937.7548	9.31
550.6287	12.673
938.7681	23.105
502.4463	6.629
755.7474	19.964
226.6862	16.284
546.4366	3.708
816.6988	16.092
864.5521	5.611
245.2264	16.834
826.6328	9.613
661.5555	14.995
709.6327	15.078
865.5776	4.285
1006.6624	3.901
637.575	17.245
785.6679	15.434
952.7959	17.382
801.602	6.684
634.6497	15.286
651.6208	10.933
777.6867	15.323
940.6992	17.436
598.5408	10.079
949.7113	9.008
536.8756	3.265
191.1794	2.355
666.5946	10.079
553.5746	17.846
1106.9205	11.207
719.6374	17.163
379.3184	6.081
928.6753	7.86
956.7924	17.409
901.733	12.507
717.6224	22.964
862.5437	2.304
719.5578	15.187
724.6607	23.56
658.6285	11.179
806.6876	23.038
923.3093	16.916
1231.1281	20.323
616.42	2.057
722.6292	15.05
920.4894	6.52
1015.8372	14.639
608.5982	12.201
728.6187	14.858
429.3728	17.955
850.6695	12.145
1274.3495	6.438
493.4674	15.241
1450.1188	15.05
947.8122	16.147
706.5991	8.953
728.523	5.279
236.0715	17.218
919.7468	23.093
671.6013	11.125
714.6032	12.867
191.1796	1.257
760.6186	9.696
229.195	15.369
614.5404	6.574
626.4517	3.182
848.29	18.47
904.7505	13.613
881.8372	23.037
1363.1791	14.802
812.6407	9.969
870.5537	8.811
335.2919	2.468
633.5832	12.312
774.2704	17.327
339.2398	2.524
236.0717	19.88
894.8005	23.121
755.7	18.393
723.6123	11.842
606.6184	23.258
1367.2126	23.121
941.7919	15.433
808.5854	4.479
984.7502	11.207
453.3945	3.016
681.6373	23.121
562.5556	16.25
913.811	18.722
709.5407	23.039
1324.1683	11.098
993.7387	15.023
697.669	23.121
956.5734	4.149
861.7369	15.378
571.4238	2.084
456.4049	5.943
695.5607	15.16
1074.3444	16.614
762.639	15.132
647.5584	15.397
1411.1874	15.324
833.702	10.354
739.548	8.789
822.6227	11.481
678.5073	10.933
712.6816	16.944
948.8234	16.394
252.0455	23.505
252.0455	1.062
596.6344	18.257
689.6637	23.313
880.7162	13.224
1135.8427	18.749
1199.3614	7.75
703.5645	13.113
858.585	2.799
936.7866	14.792
894.7249	15.215
547.472	17.026
521.479	5.281
960.8122	16.174
768.6357	9.682
206.1751	23.105
884.6025	3.761
724.534	7.066
361.3192	3.072
826.6236	9.2
977.8983	19.521
650.5865	15.215
1006.6866	6.684
415.3573	5.003
681.4841	13.03
1352.3726	20.102
800.7306	7.121
531.3445	4.175
932.7602	15.872
797.7237	17.105
1291.9259	2.635
586.3392	6.41
862.6331	9.558
811.7212	17.573
693.6377	23.133
699.5929	23.121
841.6517	10.161
683.6742	17.516
1003.8272	15.927
896.6245	9.914
734.6446	15.762
638.9732	3.735
829.6798	10.851
299.2581	23.38
801.5739	3.62
812.7621	22.733
671.4652	5.141
979.7792	15.434
805.5787	4.587
750.6398	15.652
624.5017	10.354
226.1802	23.038
236.0717	21.237
1352.352	15.982
664.5758	18.584
979.7794	15.351
671.6263	23.121
877.7327	14.084
874.7139	12.34
557.5374	6.438
882.8284	23.285
679.6797	16.147
891.6544	11.98
874.626	7.095
1312.6414	11.098
790.5838	4.12
429.413	6.219
1326.2767	23.56
161.1325	23.133
707.6086	17.6
960.7509	9.778
702.5096	1.313
650.4392	2.441
870.6229	6.081
834.719	13.086
879.7449	15.982
904.7302	15.187
406.7591	4.231
888.7652	16.504
784.6227	9.31
809.5637	7.668
586.563	11.07
914.659	7.559
743.5755	9.109
970.8806	18.694
174.149	23.038
748.6154	14.637
582.5093	8.844
729.571	10.519
729.5705	14.776
737.498	6.958
605.5292	15.378
521.5288	17.573
414.287	9.763
794.5606	6.191
220.1908	23.011
652.5518	10.08
907.7786	23.38
990.682	3.35
776.6771	23.105
723.6123	12.284
948.8222	17.381
1295.2295	23.121
492.8659	1.918
804.6502	14.72
1005.8058	15.241
722.6264	15.27
948.777	9.997
1281.8366	6.438
724.6606	23.195
993.7501	3.957
811.6778	23.105
540.4981	6.492
722.6439	15.763
825.6947	18.778
444.4198	22.733
832.5832	5.583
1022.8601	15.818
833.5724	4.56
670.6344	16.03
945.8315	16.532
793.6023	9.75
966.8116	17.382
1415.2236	15.269
855.5577	3.514
956.7931	14.471
261.2577	15.434
962.6762	6.41
832.2412	23.038
624.6293	14.168
870.6955	13.613
419.3116	10.658
746.6443	15.406
786.6802	16.45
297.2426	23.23
966.8125	16.806
727.5424	15.46
939.8191	17.164
693.63	18.201
696.6509	10.657
898.7581	15.927
854.5544	4.149
908.704	13.53
393.2977	5.143
895.6991	8.789
733.548	6.081
694.6498	23.56
978.9072	18.942
917.7418	16.505
685.5562	10.162
811.6218	16.559
977.8953	18.475
831.6424	8.051
766.5541	11.426
1238.0929	11.125
826.6597	10.41
828.7168	15.269
782.7753	20.24
540.3058	1.508
1257.4133	17.163
703.5548	14.416
935.8501	23.093
738.6607	18.366
950.8018	18.092
791.6921	11.814
564.5829	10.851
906.2592	23.105
705.5813	11.098
418.7593	4.837
790.6922	18.503
650.5743	12.894
854.8121	23.601
615.5435	6.712
802.5965	6.931
974.7514	12.451
1355.2481	23.121
802.6693	12.284
550.6288	21.625
625.417	5.915
848.5802	3.65
968.8277	16.037
789.6804	16.229
1429.3706	16.284
606.6187	22.836
352.3577	4.92
830.8054	23.121
717.6586	15.735
532.4395	10.88
690.667	16.092
618.5181	8.926
926.7145	9.695
993.9263	18.675
932.8288	22.862
343.2954	2.303
551.5594	18.338
969.8331	16.504
154.0166	15.231
982.2764	16.147
928.7604	17.354
914.7811	23.352
804.7043	12.645
754.5982	11.343
468.3899	23.105
677.554	6.602
563.5412	9.475
606.5461	10.713
923.6289	3.045
529.3292	0.729
851.8262	18.777
243.2108	18.887
713.6668	17.327
844.6201	9.448
869.7968	16.394
651.472	12.838
572.3617	1.756
772.6449	23.038
656.5974	23.38
960.8128	15.186
954.7762	14.557
337.2734	15.187
642.5789	3.016
814.7048	13.419
788.5195	7.587
910.719	15.735
900.6771	14.886
566.5872	22.836
907.7493	15.845
740.6562	22.964
811.7586	20.517
302.2195	15.05
840.5524	5.141
928.7609	11.925
530.4646	15.46
811.605	10.824
797.7065	16.285
858.7314	15.79
610.1842	17.763
950.6935	13.973
490.4234	4.975
689.476	5.859
611.5364	9.585
872.7106	15.132
680.617	15.215
370.3872	23.038
484.3449	2.168
927.6972	15.05
794.7597	18.112
873.5727	9.805
996.3273	23.533
1007.6422	7.832
796.7027	17.163
739.635	23.313
640.6031	23.601
606.5096	8.079
800.6437	9.695
974.8031	15.542
812.6408	10.41
717.6504	16.009
1386.1761	14.803
677.4602	3.708
617.6652	11.18
839.6515	10.575
670.6219	23.38
687.5718	12.229
852.6589	9.146
742.5257	13.724
754.6185	23.133
918.7386	11.262
982.2762	15.791
770.5873	7.778
794.5707	9.421
678.582	23.039
700.6244	23.56
949.79	15.022
1015.8275	15.515
965.7054	9.118
874.749	17.218
827.5996	4.01
1110.8198	6.82
754.6904	16.064
735.629	15.892
1043.8232	15.214
504.3577	3.347
903.7848	15.9
1111.3749	16.614
893.8012	23.56
789.5839	4.727
485.3402	10.824
763.6348	11.016
832.6648	11.73
319.2267	15.378
909.7742	17.297
1039.9313	18.887
1058.933	18.174
1318.2236	23.258
944.7559	11.509
1012.9034	18.521
922.7977	16.119
1045.8389	15.872
980.8859	18.675
882.6785	6.602
837.7383	16.753
838.6324	6.219
902.5389	2.166
859.5693	2.799
962.8753	18.749
655.6546	10.382
880.7599	17.354
1332.433	17.354
226.6864	4.781
750.5435	6.191
1132.4354	11.207
1001.8593	16.229
847.6328	6.684
625.5523	11.043
790.6472	9.832
811.6298	9.942
790.5942	7.477
933.7152	15.433
801.6143	10.851
658.5413	9.172
828.6845	12.7
964.7971	15.652
769.6538	15.215
668.6063	23.56
738.5828	8.298
595.4893	6.136
805.7025	16.394
912.8017	17.164
680.6341	23.38
558.287	1.757
862.5468	5.611
528.462	6.711
1048.7786	15.644
983.8119	15.708
806.5542	2.826
1067.7014	13.946
966.8126	16.559
1152.3224	10.079
1278.354	19.861
1361.1727	23.121
917.7206	14.83
626.6087	16.45
729.6948	17.109
748.6598	15.242
928.7612	9.136
934.7713	15.242
946.8331	16.037
706.496	12.901
837.6106	7.503
758.2222	15.982
387.353	7.094
680.5831	10.106
927.7477	14.94
430.3059	2.849
676.5712	8.926
385.3447	23.38
414.4134	4.341
728.6052	8.489
874.5697	6.383
710.6292	18.612
870.6225	5.832
928.7971	15.982
798.6092	4.754
980.7924	15.296
626.5727	11.703
1426.3917	20.24
946.7711	15.79
223.2055	2.824
863.7561	16.725
816.6834	12.893
725.664	18.447
631.5943	11.125
880.5682	3.844
580.4577	4.977
834.7189	13.224
668.619	9.118
993.9263	19.083
592.3454	2.63
215.1794	15.406
838.692	15.05
799.5952	7.641
717.5342	4.122
866.8198	22.733
808.5872	10.024
495.4407	16.944
808.6821	10.493
832.5599	2.825
608.6341	23.423
791.5148	6.602
215.027	6.383
1449.31	16.802
876.8384	18.832
1048.0092	20.102
920.3116	22.457
524.2738	1.757
990.8165	15.132
928.7608	12.035
982.2762	16.34
756.6054	10.769
580.4937	7.559
721.6178	8.926
946.7341	17.655
778.6598	16.888
917.7209	14.334
816.678	12.92
804.78	16.916
816.7286	12.948
819.7174	16.642
940.8393	19.052
893.7203	15.077
564.3142	2.004
799.5302	6.738
515.4126	8.161
773.5833	10.116
863.6229	9.844
684.2032	18.202
689.5814	16.444
813.6026	6.629
1032.8267	15.268
924.8607	18.229
279.2328	22.939
1006.9385	19.217
298.246	16.449
226.6859	5.114
1352.3731	19.964
704.57	10.548
904.7504	13.724
943.8168	15.707
855.7343	15.16
1068.3501	23.118
201.1637	15.16
539.5587	17.354
662.5592	14.418
566.5869	22.733
783.7276	18.804
880.7601	23.38
1009.8173	17.354
1068.3497	18.147
745.6142	7.778
963.8418	16.834
983.8119	16.339
761.5605	10.162
869.6103	3.703
723.5615	7.696
915.7828	18.256
930.8493	23.039
193.1488	6.629
1000.745	7.122
1280.3322	15.625
1391.2096	15.434
694.6135	14.747
944.756	9.97
894.7763	16.092
752.677	18.283
951.7414	17.272
767.6862	16.394
524.5403	20.352
1142.8289	6.63
622.5414	9.366
725.6482	15.9
928.7969	16.229
625.5521	9.558
841.7165	13.335
962.8223	16.367
813.5842	5.251
592.555	9.751
1091.0458	20.959
686.4396	4.506
1247.7384	5.143
743.5357	7.668
813.5466	2.633
732.629	15.79
768.5374	8.898
761.6059	16.775
743.5594	9.558
152.1513	7.067
1044.8291	16.284
817.579	3.376
765.6092	7.532
795.5534	15.215
572.5253	10.189
407.3889	3.596
694.5498	23.039
780.6501	10.961
1218.387	23.105
549.56	17.928
664.4547	2.796
1044.9165	18.174
990.8163	15.872
689.655	22.964
536.1653	23.753
960.7503	11.316
712.6446	23.56
1424.1124	14.913
776.6445	10.713
711.576	23.039
786.5152	5.777
720.6864	16.944
743.5566	7.997
544.4722	23.133
825.7378	16.285
663.5756	11.125
634.4888	11.207
762.5656	7.805
699.612	12.285
748.6241	10.961
648.4765	12.818
752.6918	23.121
911.7536	13.003
719.5592	12.258
814.6486	9.146
946.7561	16.147
1186.3938	16.89
551.6316	23.203
1363.1843	23.121
748.6245	15.561
734.6291	14.802
922.3089	18.366
842.7084	16.367
789.5412	1.645
928.7964	15.46
670.6343	14.984
184.0733	9.86
703.4749	7.805
817.6912	9.723
749.6193	10.438
734.6065	9.613
937.8891	19.08
770.5936	9.695
703.4734	2.771
923.6743	13.724
725.6192	23.38
733.6327	15.105
1009.8296	15.872
908.7041	13.446
285.2212	15.269
565.5746	17.627
883.5894	3.043
754.6925	23.588
967.8187	16.037
945.7871	9.969
844.533	2.139
647.5758	23.313
738.5898	9.448
752.6548	15.186
849.6824	11.98
907.8089	15.817
881.7543	14.968
274.2609	7.067
889.8771	18.146
597.4004	2.578
790.5354	4.147
822.5998	9.448
930.7764	23.38
691.5796	18.859
920.3123	20.655
848.639	11.509
869.7963	16.752
427.8286	12.866
764.6765	18.859
856.559	3.566
683.5888	23.039
888.5594	2.66
1401.1158	14.858
1001.9323	19.331
464.4312	4.67
945.8328	16.67
747.6106	10.382
720.61	8.134
768.67	15.078
908.7037	13.724
837.6254	10.635
1372.2505	23.039
920.8656	23.121
632.4946	5.832
710.6299	16.504
778.5753	10.079
957.8168	17.187
880.6176	4.175
569.4334	10.686
420.8209	12.008
945.8319	15.928
642.5946	12.838
958.7563	16.03
702.5424	5.777
622.577	14.94
884.6028	3.566
718.4656	8.489
551.632	23.822
892.7244	23.038
856.6182	4.809
843.6594	5.39
980.8284	16.944
801.6792	15.268
781.5576	3.376
640.5883	23.038
311.2944	2.469
562.5635	17.245
944.7561	10.961
800.5155	2.602
959.8107	14.968
782.5474	9.09
961.7821	9.832
853.8058	23.423
817.6972	11.426
640.5879	16.725
743.5871	5.391
336.221	3.044
246.2426	0.978
739.6641	23.133
701.5491	10.216
616.9602	3.758
965.8574	18.119
899.5838	3.016
989.8132	15.79
642.6187	23.684
904.7502	14.389
735.6115	15.05
723.6312	15.652
894.8026	17.354
514.8779	1.922
698.5924	18.119
954.777	12.948
967.8884	18.969
340.2927	11.316
981.868	18.338
882.5919	5.584
370.3872	4.369
974.717	6.629
870.6218	6.629
948.5138	6.328
937.8631	18.722
1044.5961	7.723
301.2164	10.741
1081.8024	3.869
822.6607	9.888
1309.8857	7.723
476.3286	12.812
702.5091	1.621
932.7923	23.121
702.5094	1.09
894.6959	9.31
697.5967	23.601
752.6764	23.754
654.6703	10.382
832.5611	3.375
975.833	16.367
714.6044	18.584
838.6328	5.997
790.5989	9.806
484.3302	1.756
750.6605	17.3
818.5312	4.037
724.6444	18.311
799.5688	5.446
530.3068	2.358
908.7034	14.416
900.5969	2.821
677.51	2.908
231.245	1.561
820.5992	1.78
992.8497	16.229
833.1601	11.426
764.6199	10.272
785.6306	9.682
497.0987	2.717
725.6636	23.38
679.5857	14.416
1109.067	8.27
869.7969	23.38
771.6928	16.807
866.592	3.07
1012.9277	19.135
360.3625	22.733
750.6966	17.162
939.6279	2.084
991.7117	6.711
961.7899	15.16
666.5675	8.898
691.5392	5.169
769.5666	3.431
949.7233	3.985
1204.3347	19.732
1006.8439	17.217
378.2092	3.207
888.5602	3.043
664.4732	11.097
713.664	23.121
1421.212	15.269
941.6988	17.218
903.7849	15.46
790.5586	2.876
1340.2892	18.421
659.4838	10.134
873.8183	23.038
835.5892	4.038
1302.106	10.879
949.6897	14.554
839.8263	18.914
720.5816	7.942
770.5791	5.722
1073.0211	20.13
960.7508	9.996
288.2797	7.04
854.5179	6.738
682.5857	23.352
834.5839	6.492
565.5193	18.229
922.8441	18.502
914.7509	16.339
283.2646	23.037
681.6009	23.203
626.6086	16.554
1060.2921	16.009
600.5072	8.926
731.5862	15.625
962.8759	23.105
727.6696	23.093
713.656	18.859
754.5984	12.008
852.7663	23.176
712.5879	17.655
686.4394	2.495
947.7759	9.558
832.703	15.735
604.5263	10.382
868.6069	4.396
1068.3497	23.35
625.2364	9.997
793.5925	9.392
904.7625	13.168
946.7721	12.035
848.2894	17.628
794.6654	15.269
406.3038	10.438
632.6344	18.146
866.6641	11.399
1487.4789	2.25
651.4715	12.92
274.274	1.484
768.6354	23.038
858.7444	16.917
698.6642	23.753
422.1909	0.758
1494.4552	2.221
689.6547	23.38
800.7494	16.258
767.6386	10.334
780.6001	4.92
931.7808	10.134
914.7704	14.527
780.5902	7.777
908.8655	22.733
385.3468	22.964
1114.3375	9.036
732.6198	14.995
931.7703	16.943
905.6967	4.036
718.4744	7.095
745.6906	22.964
724.4923	9.558
552.5716	19.19
671.6442	18.174
742.6446	15.215
748.6054	7.723
712.6812	16.834
603.5262	10.051
907.2603	22.733
623.5037	16.174
821.6251	9.696
552.5066	17.71
590.5951	17.709
752.6554	15.899
941.8003	17.354
782.6302	10.41
779.696	23.352
579.5905	23.23
779.4293	11.125
906.2593	16.394
746.5569	9.282
719.6066	7.805
827.7526	16.779
995.9032	19.438
961.7473	16.339
584.5252	18.339
952.7609	14.279
365.1055	7.013
980.2786	17.71
445.3678	5.502
670.622	23.23
505.4916	6.656
1354.3722	22.733
898.6645	7.149
1227.8124	5.943
802.6333	10.244
1188.355	10.079
931.6997	12.839
417.3332	7.094
727.6798	23.121
829.615	6.219
935.7912	17.354
1279.3344	15.57
909.716	15.982
727.5154	6.219
749.5318	7.23
684.6658	18.997
1207.3304	16.944
757.6541	23.121
1280.35	22.733
944.8169	16.692
808.6815	10.438
877.731	14.693
738.5223	13.03
943.7424	11.043
519.4084	2.931
1068.7041	14.819
791.6657	15.078
786.6013	5.584
1169.823	18.806
926.7781	17.327
265.2526	6.246
781.6536	10.437
948.7865	14.886
810.5279	2.821
804.6227	7.75
346.3312	2.249
789.5412	0.757
799.6897	16.834
770.7142	23.105
809.6632	16.834
608.6345	18.942
832.7761	18.256
953.8515	19.218
888.755	14.61
851.7538	16.477
993.7819	16.862
792.6698	15.297
710.6454	16.753
1278.3531	23.352
885.5489	4.093
814.5959	5.031
1018.8106	15.186
724.645	16.449
922.7708	23.38
829.504	8.871
941.8019	16.725
959.7313	15.488
704.6468	16.862
708.629	23.121
511.4186	4.176
883.8486	23.121
1003.7424	16.366
722.5996	13.752
698.6006	23.121
920.7551	23.352
236.0717	20.378
1014.7829	13.141
830.6491	10.189
620.5277	10.106
711.6366	16.449
813.6089	9.778
524.5401	20.093
925.8198	18.942
830.724	16.559
955.8159	17.518
960.735	15.68
1054.2976	23.352
751.5672	6.711
236.0717	18.942
812.7342	16.998
865.7587	15.187
812.6148	7.559
684.2029	11.234
951.7059	16.12
1406.4537	17.491
606.6187	23.725
580.6026	23.505
910.6645	7.668
399.2748	2.358
738.6518	15.735
926.7446	11.07
650.4029	4.204
937.7685	14.775
724.6586	15.077
812.7339	17.272
987.7974	9.969
777.5844	4.753
918.6907	9.844
960.8246	15.406
576.4353	2.991
841.7172	13.224
672.578	23.118
890.7449	14.306
1302.3169	6.384
957.7948	15.186
1010.8213	17.163
796.7022	15.735
788.5795	6.547
532.4105	6.411
946.7715	13.196
943.7364	15.817
841.574	6.985
960.751	10.52
415.3571	7.04
962.7831	15.79
814.6311	6.438
709.5486	6.902
856.657	6.711
313.2739	9.613
725.6279	14.225
369.3839	20.107
904.7163	12.451
878.7816	23.38
740.6766	23.45
602.5223	17.464
1017.8881	17.461
838.555	7.75
763.6342	15.406
865.7692	16.504
1336.2355	22.939
569.4764	9.366
850.6696	10.41
1378.0779	10.106
883.75	16.669
755.5792	10.134
942.7951	15.434
863.2687	17.027
493.4979	15.955
872.8154	23.38
679.521	7.095
805.7113	18.502
1049.7806	14.819
713.5754	15.35
766.5378	12.784
679.5664	16.147
236.0717	18.722
996.328	23.221
797.1125	9.736
1236.0569	11.234
667.5345	5.031
683.6018	9.969
759.5545	8.024
1432.2196	15.16
946.8454	16.476
1016.8319	15.204
1360.1968	15.434
339.2398	2.414
792.6717	17.489
764.6198	10.216
439.3008	2.303
924.8603	18.529
771.6897	16.229
793.702	16.554
864.6259	10.354
799.6319	9.008
878.8544	19.107
865.5762	5.251
876.5361	2.933
689.5877	15.982
761.685	23.038
736.6454	16.944
732.7164	15.104
957.7955	14.114
830.7088	12.285
757.5465	6.931
365.3203	16.256
968.7552	11.344
365.1053	23.105
851.5999	4.645
910.7193	10.025
515.3641	3.319
780.5911	10.575
837.62	5.777
840.7927	18.502
524.5404	18.338
963.7852	15.598
852.6845	12.007
839.7534	23.313
1247.1504	11.207
904.761	23.067
1012.8531	17.491
739.6066	15.05
1138.7565	5.557
339.2318	2.386
743.7104	16.834
427.8286	12.977
957.8231	15.872
1233.7498	6.137
905.6698	12.867
950.8026	14.913
778.5986	10.437
906.2598	16.201
918.8144	15.707
979.8164	17.081
353.2663	23.753
1426.0753	8.953
922.8811	23.105
951.8792	18.584
620.5306	11.289
1280.3526	23.105
536.1657	8.161
654.5676	11.426
823.5237	6.903
832.6362	3.239
875.5575	7.75
713.6554	15.397
606.2956	1.645
1418.1503	15.022
311.222	22.964
279.2317	2.166
677.4887	12.92
837.7386	23.203
150.1356	7.066
989.8583	16.01
746.5875	8.024
763.6497	9.696
736.6244	15.652
1052.7306	13.946
870.7551	22.964
905.67	12.929
938.7806	16.834
1210.0101	9.942
945.7598	10.354
591.5351	18.214
168.2789	7.368
808.6821	10.824
879.7042	11.758
879.7861	23.039
797.663	23.038
712.4996	4.229
947.7926	15.104
695.6171	15.652
739.5988	23.038
980.2787	16.862
891.8587	18.942
679.5855	14.472
362.2897	2.825
1115.3336	9.036
539.5589	17.077
619.6037	12.645
965.8008	16.23
938.7795	17.354
825.0459	7.477
881.7534	14.886
320.2949	1.228
946.7716	12.701
1142.3682	23.352
759.6589	15.204
816.5904	6.711
743.6002	8.025
650.5026	5.887
577.519	15.954
757.5755	3.952
460.3273	2.058
826.5276	8.024
745.617	23.133
651.6042	16.834
784.5836	6.301
810.7189	16.284
429.3726	18.502
325.2012	1.312
946.7731	12.145
371.3346	1.616
767.5437	5.694
1068.9904	19.687
341.2088	1.314
864.5252	7.723
601.4716	1.863
762.5786	9.668
926.8173	23.121
1373.2551	18.447
815.6445	9.64
664.515	10.933
538.5558	23.533
778.6564	23.038
789.898	17.382
1376.2097	15.433
690.7128	18.888
551.4464	9.365
972.7621	15.872
944.7559	11.897
251.2005	1.621
416.303	1.484
863.6286	9.476
927.7482	14.554
944.756	12.285
992.7018	9.641
949.6899	14.222
895.743	23.038
482.3473	3.598
962.7657	15.9
635.6537	18.502
367.3427	15.077
795.1296	9.682
983.8849	18.529
1372.2477	18.447
663.6848	18.502
814.6628	11.427
743.5592	11.929
796.5739	8.079
854.6907	12.451
789.5414	1.535
803.4984	6.848
790.6713	14.169
839.7902	23.313
689.5032	3.345
668.5826	11.316
662.5592	14.334
687.5496	23.836
877.5721	8.926
723.6038	14.472
979.7791	15.05
1018.7405	13.863
730.6979	16.834
881.8013	22.733
439.2744	4.036
897.6591	13.196
612.5569	7.094
931.7006	12.507
762.5286	3.321
602.5869	17.136
952.7291	9.871
818.5946	8.107
759.5903	16.285
1098.3215	16.009
619.6218	14.527
907.8163	22.733
990.7975	9.75
507.3638	2.635
697.6168	9.888
600.5215	16.725
726.6874	11.207
902.656	6.411
829.6224	7.942
963.7712	9.42
912.643	6.547
827.6636	7.805
1044.596	7.805
1115.053	21.153
585.4765	2.715
814.6406	6.602
1061.0213	20.213
922.7706	14.886
956.7927	13.003
642.6036	16.725
925.1438	3.404
641.6064	23.203
900.7298	12.091
808.6222	9.227
794.5328	3.789
724.6601	23.725
609.4998	9.366
446.3709	6.302
402.7803	4.122
719.5702	5.776
1426.3713	16.285
785.6684	15.215
236.0716	15.57
733.5385	10.024
1259.4115	17.135
950.6931	14.637
994.9386	19.356
836.5802	4.615
423.2887	23.105
928.7613	9.447
258.279	22.733
767.6961	20.481
916.7986	18.311
788.5802	4.175
172.1331	0.704
1000.7934	16.389
496.3403	10.161
890.7446	14.499
869.7971	16.147
872.5654	3.405
695.5973	15.215
1278.3534	19.991
874.6683	9.751
497.376	2.03
355.284	15.187
832.6553	9.091
539.4267	3.817
1461.0746	7.477
870.5498	3.212
849.6075	9.696
545.4565	15.762
935.804	18.529
1212.0667	15.406
944.7554	9.696
779.1128	9.695
236.0718	9.366
703.5663	11.235
867.7855	23.352
547.5447	17.409
886.7495	23.203
1129.3167	23.698
944.7561	12.229
766.5305	6.329
901.7331	12.451
793.5071	8.024
316.3209	2.004
770.5998	2.797
559.3771	2.109
251.0467	8.024
914.8238	18.983
871.643	6.683
756.6502	23.285
504.4606	9.09
938.7815	14.831
929.7413	17.243
937.693	6.684
564.5718	22.836
316.2482	1.061
302.2922	7.04
595.5855	11.316
652.5298	6.766
406.376	7.887
532.4398	11.508
872.6467	6.053
1129.3166	17.516
673.629	15.296
867.5941	4.147
652.6114	23.121
671.6148	13.168
790.5159	9.53
810.6606	15.05
492.4412	5.555
711.6328	11.317
799.6941	10.658
469.3611	3.181
985.8282	16.147
590.587	17.409
893.8003	16.779
764.6767	19.941
886.7487	17.491
663.5897	15.215
910.586	9.914
779.6384	13.724
900.7289	12.838
917.5942	7.778
1049.691	7.805
716.6188	23.23
614.4842	8.926
898.4991	6.356
691.622	23.505
1088.5861	7.97
941.736	11.016
1392.2255	15.35
734.5706	11.454
784.5495	4.04
226.6862	19.248
599.5033	15.954
1109.333	6.903
922.3083	17.545
857.7438	17.163
621.6377	18.229
662.459	6.492
746.6448	17.654
935.8729	18.777
887.7913	17.272
808.6926	15.214
838.6405	16.559
1147.8196	14.389
536.1653	17.464
522.5323	16.834
878.7356	13.169
891.7856	15.105
831.6957	12.145
617.5144	5.639
1466.1124	7.505
866.6639	7.505
724.4921	7.942
653.6237	18.722
1277.3547	23.313
1094.7476	11.234
308.2946	1.648
972.6534	6.383
769.5948	6.629
812.608	5.252
808.7759	18.444
893.6803	6.41
745.6733	23.038
524.2896	2.221
390.7802	4.532
926.6481	6.356
1409.1167	15.269
578.5874	22.579
728.5819	23.313
910.7354	23.038
763.635	14.637
461.399	8.051
659.6144	14.527
550.6288	19.936
798.618	8.216
978.9073	18.675
861.7375	15.561
261.2577	7.067
522.4595	17.301
843.595	3.293
1343.1123	11.262
746.593	14.858
718.4294	4.479
851.6727	10.272
666.5909	23.352
880.7615	22.964
767.5612	23.505
889.843	18.572
972.8224	15.927
341.3049	16.835
1016.8501	16.505
604.5378	6.711
861.6144	5.583
577.519	15.818
876.7651	15.187
864.5739	3.566
787.6793	17.573
869.61	5.584
782.6665	14.167
964.8167	17.489
785.5894	10.824
759.5547	9.503
1370.2365	23.121
920.3116	21.624
525.5435	17.489
897.6587	13.058
601.435	5.417
852.5432	7.997
876.6399	6.93
594.3763	2.248
1053.7335	14.472
301.2164	10.575
1017.4426	6.52
624.6659	18.639
995.7089	16.168
788.6871	2.851
1392.1215	15.406
684.6139	11.207
1006.8657	16.394
549.5608	23.038
1424.393	19.328
852.791	23.423
280.2351	15.023
811.7222	16.889
387.3528	15.927
371.3582	23.725
955.8066	16.23
868.6073	3.57
974.8023	14.831
774.5299	6.053
204.1958	18.119
918.7247	15.735
216.0963	7.53
902.7451	15.616
861.7381	16.61
1155.9729	9.613
452.434	9.337
710.7027	18.201
965.8289	17.163
294.2148	23.039
744.7056	18.694
369.3839	20.967
726.6035	23.039
788.625	16.834
439.3502	4.091
879.7446	16.147
563.504	10.327
830.5429	2.852
787.6052	4.947
560.4706	8.811
711.6318	15.05
672.5776	23.56
880.6172	4.12
964.7973	15.57
643.5707	9.613
1074.7859	14.499
354.3365	1.673
529.8661	2.632
585.413	4.947
660.4608	6.547
851.6722	11.207
884.6547	9.476
724.7182	16.422
261.1096	0.978
928.7629	12.534
946.772	12.507
277.2161	14.831
668.6554	14.389
371.3641	6.219
780.5896	9.887
892.7977	18.804
665.6063	23.38
1003.8726	17.463
681.5819	23.38
638.6358	14.488
849.8116	18.418
1168.0546	10.934
969.8313	17.327
810.7186	23.258
533.4427	11.043
849.7017	11.481
910.5936	6.766
712.5724	14.858
187.0578	23.105
926.7442	15.268
886.5436	2.825
542.5422	10.024
788.5726	9.805
767.6744	15.405
967.7006	9.997
879.6839	17.243
818.5306	4.23
830.57	4.533
226.6861	14.527
1368.22	20.544
851.7114	15.204
942.5471	7.149
846.5518	4.12
651.5757	10.106
682.6496	17.354
834.5944	6.219
831.6314	5.915
301.2164	10.354
751.6643	16.366
720.6344	17.327
247.2422	23.039
502.3754	16.725
665.5778	14.857
873.6572	9.255
844.5334	2.607
768.5524	10.162
856.6876	17.628
855.6692	12.701
652.4186	7.805
756.5909	7.696
960.8602	22.862
302.2197	1.313
808.6818	15.296
808.6643	14.995
661.5901	18.585
935.8845	18.749
461.865	4.04
923.6742	14.471
969.7871	13.973
578.5872	21.957
908.7922	16.944
828.536	4.176
680.5702	22.964
750.6231	14.748
154.0975	0.842
656.5989	22.939
402.3577	23.105
215.089	1.948
711.6766	18.832
852.5583	7.559
932.7918	23.38
754.6919	23.67
806.5689	9.173
669.609	23.38
551.6318	16.147
1009.6229	2.25
853.6772	10.354
925.7473	16.12
1006.8105	15.269
1056.2979	18.365
721.5851	8.892
798.5552	3.101
860.6019	9.136
763.6608	10.216
1129.3168	23.285
587.5756	17.163
831.7231	13.669
912.6021	11.207
1037.7764	3.925
836.5422	5.002
1278.3334	15.598
244.2634	1.506
864.3903	2.195
638.484	7.969
522.4877	6.41
836.7974	18.366
745.5521	9.558
938.8035	15.763
751.5645	10.272
339.232	1.313
588.5839	8.926
942.7758	15.79
550.5467	9.063
818.5313	3.816
661.5553	23.121
720.4812	7.45
819.5692	7.586
670.5638	14.802
522.3558	9.118
922.7704	14.819
922.8075	23.039
702.5097	0.224
964.7148	3.151
715.6625	23.395
764.5664	5.39
954.7767	12.035
655.4914	5.418
535.4717	17.573
532.4396	12.145
949.7894	16.916
390.7804	4.424
973.8053	17.273
703.5639	23.039
834.7186	16.395
834.7194	23.203
645.5992	13.224
826.6605	9.914
995.3309	18.444
664.6246	9.558
1040.9594	19.466
618.5552	11.125
1148.8228	14.499
1419.1758	15.16
640.5879	7.86
614.4997	10.906
994.7929	9.586
906.7559	16.944
534.3915	2.933
886.7865	17.272
967.7006	9.942
385.3468	10.493
1258.415	17.135
431.3836	7.476
844.5336	2.47
1033.7893	17.132
673.6322	23.039
961.8094	15.874
1017.8016	16.174
802.5871	3.982
862.5444	4.451
950.8755	18.749
906.2597	16.504
773.5117	6.219
810.6374	10.106
808.6672	11.481
828.669	9.421
874.6132	4.533
770.5946	8.843
567.4774	15.132
755.5697	9.531
758.5793	6.026
879.597	10.106
1025.6715	7.75
806.6836	10.354
726.6971	17.132
878.7199	17.136
925.6894	15.735
906.7772	23.601
790.632	9.145
694.6498	22.964
779.6962	23.478
704.5693	9.887
967.8678	19.383
1072.9478	18.365
902.6202	5.859
415.3572	5.059
1311.2222	23.038
962.9109	17.6
851.5996	4.507
765.5616	6.684
929.8274	23.105
196.2717	7.751
418.7591	4.505
535.4333	7.969
1128.3164	23.38
799.6788	23.726
964.7827	23.038
814.6054	6.684
926.7141	9.914
960.7511	10.824
871.6731	6.656
927.6972	15.132
870.7261	15.067
654.6181	23.039
693.5783	5.997
1069.3504	23.324
571.5761	9.723
897.7791	23.037
929.7646	9.118
817.7347	2.988
770.6854	16.421
680.528	7.805
674.5923	23.133
921.8689	22.733
202.9178	9.888
726.5519	10.134
805.1287	9.86
937.7384	15.542
638.4998	6.053
890.7823	19.052
220.9345	1.061
668.655	17.464
719.5612	10.437
448.415	4.284
776.5482	9.53
908.6739	8.189
747.6124	10.658
797.6406	10.41
564.5715	23.313
1157.3148	6.657
802.5867	5.529
524.5402	19.938
604.5746	10.961
944.7579	17.436
385.378	2.849
804.633	10.162
721.6606	18.338
831.5578	4.366
814.7132	11.454
940.5992	4.176
863.7539	17.573
674.609	6.656
980.7928	14.94
798.6377	10.824
904.7164	12.201
662.5202	12.867
1056.99	19.77
492.3678	3.598
650.5742	12.838
820.7215	16.89
739.6078	9.64
1039.3157	7.887
567.4579	4.864
897.6581	12.947
1132.8446	14.819
662.5724	10.796
759.6102	9.558
811.5237	7.587
868.5323	2.275
904.7509	13.418
894.7929	15.954
1082.319	6.875
963.7852	15.708
709.515	12.901
755.5594	4.341
236.0718	9.558
688.575	10.41
401.3414	3.844
728.6664	16.45
773.5802	7.122
801.5606	9.64
817.6737	15.214
451.451	23.105
1378.1288	15.242
803.6639	11.206
672.5778	23.195
887.7716	17.054
978.7811	9.585
539.5592	23.105
895.7389	15.268
858.6492	9.833
902.8896	18.338
596.5038	23.039
794.6872	16.367
805.6146	8.27
789.5846	4.478
642.7804	2.772
593.5058	9.573
287.2735	23.038
614.5082	10.933
701.6276	23.684
873.6892	9.969
737.5494	5.087
739.6072	15.132
928.6746	8.134
370.2952	1.313
661.427	2.33
564.4292	6.438
654.567	9.97
368.4252	22.733
1487.0919	7.723
1203.3365	22.964
804.6598	9.2
906.2589	14.802
555.5113	16.471
869.7653	17.327
886.6989	11.564
650.5803	6.411
814.6772	11.897
736.6456	16.504
800.6237	7.668
812.5806	4.587
759.648	14.967
340.2396	2.414
577.5747	17.27
574.5558	16.092
672.5932	6.711
696.6504	16.085
717.5429	9.778
561.5068	18.502
713.5915	10.134
703.5548	14.334
1439.2315	15.214
1074.8227	16.174
919.7423	9.091
846.7185	16.559
900.681	7.777
843.668	11.647
786.6734	12.646
804.7082	18.859
570.4884	23.121
1054.2981	22.836
934.734	11.07
579.5488	8.981
770.5928	15.078
700.6884	23.121
767.6958	19.996
964.7673	16.202
819.7124	12.839
847.5531	3.459
873.5677	2.167
1205.8158	6.574
844.7394	23.519
686.6448	18.804
706.562	16.444
796.6814	15.46
857.7358	16.559
916.7092	8.947
769.5656	2.688
657.5068	5.639
383.3308	6.135
1012.8751	17.572
740.5746	5.419
1398.1888	15.187
667.5454	9.668
1074.8023	15.296
965.785	10.906
799.6218	16.697
804.5766	7.915
873.569	3.182
419.3488	7.778
550.6287	18.971
828.6026	4.671
708.6652	17.327
1000.3247	16.284
904.7501	13.835
622.4079	2.853
1467.1899	11.235
1161.0829	10.961
832.2409	15.9
554.3448	2.114
892.5573	9.172
827.7104	23.767
1377.9785	11.152
702.5091	1.813
653.4546	7.997
1026.5937	2.194
796.703	16.775
860.6128	9.227
577.5191	17.545
1060.0095	19.991
892.6792	7.668
1084.8612	12.59
1074.8031	16.284
236.0718	9.036
828.716	17.054
646.6497	15.79
879.588	9.778
696.665	23.121
1002.8339	15.543
950.8382	23.039
942.6879	9.778
779.6744	15.078
1008.1218	2.221
650.4392	4.177
710.4924	3.293
717.5436	9.64
538.5559	18.146
1000.8538	15.981
1047.7764	13.474
868.7963	18.201
154.0974	0.952
847.5674	3.653
889.6683	16.916
888.5408	9.805
802.7127	11.98
297.2424	23.56
890.5762	5.859
1044.7561	12.838
687.5714	12.708
699.521	11.125
495.3637	2.413
830.7315	15.9
776.544	3.705
841.6603	16.94
926.7808	15.763
630.6184	17.573
1384.2158	23.011
879.7408	23.313
426.8597	8.161
782.5597	4.118
737.5916	10.051
973.8472	19.438
919.7707	17.354
666.6379	23.121
675.6028	23.121
532.4105	6.602
1000.8908	18.174
1169.1283	7.066
743.6656	15.434
580.6029	19.654
922.7976	15.763
737.6276	14.912
977.8586	16.505
971.5916	9.118
769.7111	23.725
955.8156	16.752
1147.8195	14.488
564.5712	18.338
718.5582	5.362
796.6662	10.934
840.7291	16.834
813.5844	4.975
236.1725	4.177
627.5754	11.957
1040.7943	17.463
705.5495	15.434
919.6063	2.879
765.5134	5.612
924.308	16.505
645.5341	11.481
837.5461	2.635
702.5098	0.111
860.4981	6.738
782.7598	18.201
566.5871	20.461
856.5471	5.141
776.2685	12.839
470.3686	5.583
869.7	23.105
978.8336	16.366
822.7192	17.244
609.4688	5.39
1245.3129	2.25
928.7615	9.53
812.6405	10.824
902.7448	10.989
552.5712	22.134
783.7274	20.655
841.7075	11.371
826.7492	17.409
822.6819	11.317
881.5734	3.07
881.7196	13.335
664.4577	22.964
796.5497	5.003
577.5386	10.713
399.2139	1.091
701.5397	4.67
764.6194	10.879
713.591	14.886
783.5733	5.584
1393.1239	15.406
679.567	23.601
831.7278	17.246
935.774	15.011
777.6212	10.107
818.7197	13.809
515.4127	23.698
926.3045	15.79
682.5982	14.499
251.0468	7.641
879.5963	10.051
871.6211	11.261
738.6971	17.272
412.7582	7.121
886.6403	11.957
900.7655	15.927
854.554	4.285
980.9113	19.494
825.7376	17.163
880.5681	3.653
722.587	15.078
921.7597	9.447
369.3839	19.941
1014.7825	13.641
446.371	4.809
817.5788	3.816
868.6069	5.859
1017.6838	6.657
1431.1953	15.05
988.8186	14.472
1014.7825	13.066
380.2096	3.181
640.5515	9.97
810.5412	7.805
176.0191	6.904
853.7265	15.9
1055.2977	23.698
287.237	2.465
815.5562	7.669
575.5757	17.627
883.7695	15.845
580.416	1.895
919.743	11.18
812.5791	7.805
923.6745	13.418
431.3795	5.777
755.638	14.253
753.6866	15.077
722.6814	18.859
709.6899	10.934
364.2887	3.016
1034.7925	17.105
644.6261	23.039
441.4414	4.366
944.8174	16.284
1104.8131	14.819
946.8076	16.339
874.571	9.09
399.2369	2.988
854.5833	1.785
882.6883	13.058
934.7338	11.179
819.6607	15.214
877.5995	3.623
762.624	9.668
551.5034	17.27
878.7449	23.38
685.618	15.873
894.7759	16.009
782.6306	10.493
643.534	5.749
797.6699	11.016
638.5544	14.747
672.6142	10.988
670.5896	9.969
1223.467	9.914
576.5517	10.988
605.5504	7.668
670.564	9.969
386.3778	15.406
714.5033	5.584
151.1116	15.27
643.4006	5.887
856.5835	7.505
685.6045	23.121
907.7148	17.628
705.659	22.964
1227.7588	6.053
1001.8476	16.009
666.8002	3.319
638.6814	18.829
1049.6749	2.032
872.6508	10.851
863.7543	23.285
841.6428	4.56
718.6042	16.229
680.5699	23.243
1161.0043	9.585
726.639	23.121
901.6549	8.926
877.7121	9.695
645.4979	1.835
769.5667	5.141
490.694	3.598
979.7373	16.559
504.514	9.86
975.8058	14.886
1204.3349	18.448
786.6017	5.198
656.5977	15.817
720.5739	5.003
966.8118	17.163
701.6277	23.45
778.5978	7.832
947.8115	15.077
778.6352	13.614
1202.3355	23.243
776.5314	10.824
614.5404	7.013
713.591	9.806
780.638	23.093
696.6051	10.106
774.531	5.722
909.7163	10.161
1018.8552	15.27
826.6925	16.477
685.5562	9.654
1008.8588	17.545
1238.8475	6.163
983.8112	16.395
690.6183	15.79
963.9056	19.107
1411.149	14.913
1073.3442	16.835
738.4898	2.221
847.2934	22.291
917.7884	15.57
946.7557	16.091
902.6209	5.997
1130.3154	23.352
554.4568	9.063
813.5845	5.362
1344.2396	18.201
216.0963	2.607
721.5847	6.902
551.632	18.338
900.677	14.802
776.5515	7.915
767.6956	19.746
683.6457	18.503
640.624	16.912
650.5811	11.207
840.7656	17.682
937.7369	15.323
852.5374	3.319
788.617	5.804
911.722	15.269
772.553	6.903
748.5492	5.694
740.6028	23.038
937.8158	15.79
216.0962	7.696
962.7676	11.647
343.2011	3.153
681.5816	15.215
848.5644	2.58
741.6008	15.681
766.6708	14.857
1030.8124	16.692
684.593	23.121
810.6367	9.723
1236.0264	10.024
637.6686	18.694
686.5564	6.466
783.5548	10.08
1018.9655	19.659
906.8142	18.749
964.7838	9.573
447.3445	5.583
696.6501	16.367
814.5966	5.169
959.759	15.892
851.2865	14.94
696.6503	16.725
507.4558	15.269
606.554	12.811
458.3478	23.105
748.5285	4.975
866.5918	4.698
285.2575	15.187
877.7697	16.505
667.5622	5.832
589.4806	23.105
595.5311	9.778
733.6327	14.112
397.2651	2.358
908.7909	17.6
1143.33	6.656
899.5831	3.65
918.8489	22.733
825.6947	18.914
789.5417	1.369
834.7183	12.977
804.7078	20.406
1374.1272	9.723
353.2661	23.352
859.5888	5.859
922.5043	6.602
704.5462	15.05
578.5872	22.317
790.6704	15.379
719.5611	10.851
773.6502	23.039
217.195	15.406
974.7419	10.851
605.6066	13.224
1225.9742	9.925
279.232	3.045
836.5434	2.47
648.5202	4.615
809.6532	9.914
798.5899	4.837
622.4192	1.755
837.5246	4.837
936.7512	11.509
1427.3914	20.212
768.4905	3.761
189.1637	15.379
339.2893	9.805
641.6274	16.752
1072.8603	16.697
857.7189	14.554
1135.7923	10.437
733.5946	9.421
867.6772	17.025
687.5482	23.478
752.6392	15.625
1055.2978	23.38
395.3672	16.092
892.7602	14.886
966.812	15.864
959.7315	15.817
780.6866	15.79
594.6184	22.836
790.6338	10.493
857.574	3.844
608.6345	19.245
946.6649	6.438
872.565	3.538
901.6903	15.764
894.6694	9.091
987.7906	16.168
241.1949	15.242
952.7604	11.316
1362.0828	10.162
994.8292	15.79
764.6673	15.899
885.6047	3.62
837.5451	3.62
1007.9777	19.963
854.6909	11.316
833.7437	18.667
844.739	23.684
945.7582	11.262
677.6117	23.38
560.2932	1.755
748.624	9.915
580.603	19.964
904.7507	14.112
907.2604	16.753
317.2114	10.216
802.6633	12.007
883.7658	17.518
741.5906	6.574
743.5872	5.584
1099.8275	6.848
752.7495	16.916
1075.8063	14.819
923.3086	23.352
737.6275	14.775
844.7394	18.503
783.67	14.225
922.6597	12.867
652.6605	15.837
626.274	1.755
566.5873	18.804
1244.8099	4.287
631.6036	11.929
744.6405	15.186
786.6012	5.694
618.5333	3.016
715.5604	6.876
1122.7745	9.832
505.3092	2.712
783.727	19.714
630.5605	6.684
750.6256	23.038
807.5725	4.837
947.7744	15.268
605.6062	17.436
1070.8452	12.09
855.6818	3.016
943.7128	9.585
788.6416	23.039
1253.295	2.278
687.5685	23.121
313.2736	6.602
755.5414	5.584
956.792	14.913
1007.9417	19.245
769.763	20.047
891.7859	23.684
566.5868	23.671
1014.8179	16.669
557.4451	1.868
894.7246	15.9
864.562	8.051
931.7005	12.341
1144.3666	23.352
918.8491	23.133
675.5289	5.611
881.7576	22.836
628.5512	23.105
936.7351	10.134
653.6546	15.286
950.6932	14.085
639.5096	11.18
492.4412	5.805
631.5276	11.953
944.7399	15.782
913.6837	8.134
770.579	5.86
875.6233	9.915
669.6229	9.255
600.5568	11.814
783.5541	10.354
836.6162	6.356
955.8428	19.525
619.6035	12.756
850.643	7.887
898.6407	11.481
677.6063	15.46
958.735	7.915
773.6168	9.421
586.52	23.039
777.6804	23.038
858.5863	5.225
668.596	11.62
826.6518	4.616
534.5325	16.912
943.7369	15.626
699.6849	19.273
980.7933	14.858
269.211	23.133
685.6353	17.026
803.6961	16.423
485.3708	2.195
762.6396	15.077
1203.3351	18.174
659.5978	6.766
907.2604	16.147
847.2931	21.855
976.8911	18.612
724.6817	16.752
704.5979	15.625
1390.1278	14.776
796.5128	3.043
896.7421	15.296
987.7904	16.306
910.6976	15.378
790.5312	2.991
771.5721	7.669
885.5488	4.396
577.5194	18.447
537.5435	16.229
766.5538	3.459
1391.1312	14.775
408.7989	3.072
761.5605	10.465
783.6477	16.889
1043.5287	7.587
702.5094	0.337
1375.1311	9.751
388.254	23.133
778.6168	9.969
784.6664	10.988
669.6291	23.258
960.8596	23.38
619.639	18.529
799.6787	23.588
919.8177	23.313
1012.8176	15.46
852.5161	4.754
726.6225	23.352
1281.8483	2.223
913.6057	11.262
1337.2362	23.258
824.4796	4.534
745.6247	14.112
880.7974	23.352
954.7769	12.09
781.6451	14.721
854.6273	6.958
776.2688	12.949
728.4861	2.989
535.4886	6.793
837.5458	3.431
752.6768	19.356
938.8391	18.229
780.7596	19.936
1051.6709	7.86
779.6866	16.284
935.7107	15.708
840.6713	10.134
429.3725	15.9
1001.857	17.463
947.7689	16.67
583.5534	0.729
1328.2911	18.584
710.6087	14.361
567.4987	9.613
862.7678	17.026
708.613	14.831
907.2602	16.477
1089.589	7.832
1336.2323	23.313
820.1182	9.859
597.5288	9.173
700.5878	23.121
836.6698	10.906
532.4394	12.763
695.6164	15.405
944.7559	10.74
599.5034	17.135
201.1638	15.27
910.7194	10.106
694.5774	23.121
513.8427	23.133
754.6346	23.313
790.6712	14.251
277.2162	14.775
817.7826	19.025
865.7701	18.214
551.5592	23.23
847.566	4.67
650.6449	14.085
1058.2958	16.725
897.6947	16.422
548.5403	9.751
920.5795	9.136
878.7358	13.224
890.7812	15.104
636.4236	7.942
969.7736	16.752
544.3954	2.168
874.7139	11.897
995.8589	15.872
914.5756	2.991
759.5545	8.919
783.727	19.825
908.8286	18.557
813.6207	5.391
954.7766	12.479
627.6229	9.723
650.6363	13.169
226.6862	19.829
991.7907	15.132
867.787	22.939
319.2266	11.044
648.2798	1.919
832.5707	4.7
522.3612	3.624
826.6338	7.75
950.6935	13.864
998.8387	15.782
740.6388	23.313
754.5985	11.399
823.622	6.958
935.8469	18.502
300.2897	2.438
671.615	13.224
921.7434	15.515
175.148	7.122
823.685	11.235
835.6049	4.809
939.6147	6.602
892.8339	23.38
428.3844	1.618
739.7289	14.499
1203.336	19.881
790.6334	10.024
566.5874	18.694
829.7265	18.283
926.7455	13.613
906.7311	14.693
747.6386	9.503
673.5899	23.121
1139.7605	5.529
357.1468	23.739
754.6348	15.598
1001.8585	15.708
595.5083	15.269
944.7914	17.491
929.5947	6.274
852.1304	9.915
954.6511	2.772
758.5765	6.656
742.526	13.807
558.4884	10.107
854.7329	14.886
896.5643	2.933
987.7909	16.449
650.536	5.446
321.2426	15.599
584.525	20.44
1075.0374	20.323
798.5406	4.809
1045.8324	16.168
789.716	16.807
914.7707	14.306
730.5985	9.996
667.5935	15.644
369.3841	18.999
796.6396	8.189
720.659	11.098
817.6321	9.109
832.2409	15.543
930.8491	23.176
1020.844	15.9
600.5563	11.564
904.7606	12.894
831.557	2.058
316.321	15.16
696.6868	15.735
798.6382	10.658
911.7535	16.34
966.7973	15.81
923.7313	15.543
727.543	15.067
549.4881	18.119
201.1637	15.351
831.6214	5.583
952.7611	11.508
695.5804	23.039
981.7961	15.544
703.4918	6.902
998.3262	16.944
1055.2983	23.243
950.7341	16.725
863.5478	2.358
972.822	15.159
1343.2769	23.121
905.7549	16.916
870.6223	4.12
832.2409	22.733
727.678	16.03
749.5575	6.08
335.1651	23.105
1374.3798	13.89
790.6708	15.105
594.5172	9.969
1072.0098	19.936
822.7184	16.615
233.2262	17.655
1015.8378	13.864
769.5658	2.551
566.587	20.213
852.7155	9.888
705.6499	23.121
754.5377	6.356
536.4308	4.174
976.8199	15.515
726.5519	9.997
362.29	3.068
420.7748	5.141
1007.6963	2.633
883.6218	10.635
781.6107	10.19
815.7206	13.003
903.5793	5.556
870.7184	17.132
794.6512	23.038
810.1216	9.871
804.5522	5.224
783.727	19.991
706.614	23.175
845.6116	9.164
608.6341	19.494
827.6725	11.508
848.5659	2.716
952.761	14.001
946.7719	13.335
654.5825	23.039
1202.3351	23.698
777.6484	8.871
924.7889	23.121
741.611	2.824
812.6076	4.948
1074.8031	13.904
805.0624	7.75
906.258	15.214
564.5714	23.712
1034.8596	15.9
256.2634	23.105
827.5877	4.396
750.5439	5.915
621.6019	11.619
960.8584	18.475
784.5756	4.314
1019.6455	7.75
714.6762	18.584
507.3788	3.569
958.8072	17.163
855.7058	9.942
832.2409	16.257
767.535	1.813
692.6039	23.121
787.5311	2.717
533.5293	23.505
394.256	7.095
916.6383	4.23
1252.2901	2.221
806.6656	15.077
853.5411	2.633
1226.8759	2.632
1074.964	18.502
713.5481	6.219
612.5928	16.394
711.6114	14.858
608.6341	23.726
652.6549	10.354
774.2702	14.557
799.6784	17.573
806.5597	6.52
995.8029	16.779
799.7003	15.434
806.5604	5.555
725.7008	19.245
825.1166	9.915
695.5614	23.313
675.5936	11.179
853.7257	23.23
751.6645	16.752
842.7235	15.242
1128.3158	23.657
905.7195	12.562
935.8477	23.38
750.6043	10.272
751.6436	10.824
942.6902	9.09
685.5559	13.779
754.5992	8.079
706.6705	11.125
1130.3156	19.742
782.6302	10.854
927.8209	23.039
553.5134	9.558
748.5281	5.141
743.538	11.98
762.5942	7.532
892.8339	23.175
313.2737	7.149
1075.8068	15.68
273.2578	23.038
680.5273	9.063
970.8076	15.955
891.7052	15.598
510.3672	2.276
770.7	16.449
794.5316	4.257
814.6075	9.996
1276.3545	23.203
1205.3148	14.886
748.7174	17.409
966.7978	15.974
973.8255	17.163
697.5912	17.6
1252.844	6.163
914.8171	18.418
1203.3357	17.546
832.241	15.982
201.1602	16.753
907.8525	16.642
798.6819	23.038
810.6616	10.631
776.6277	8.865
894.814	23.38
592.6028	22.733
1353.3721	20.129
742.5998	23.093
589.5922	18.146
898.7583	3.016
577.5184	6.383
880.835	23.258
841.7697	17.243
1002.8339	15.982
993.7388	14.792
470.4206	5.529
970.808	15.599
595.4271	3.041
600.4998	23.039
733.6534	23.133
724.6076	23.313
819.7519	16.944
251.0468	6.958
963.6626	17.491
1033.858	11.153
408.3084	1.286
547.4722	16.968
519.5136	16.202
813.5842	4.754
524.54	19.746
730.6348	23.039
478.3316	2.935
564.5714	23.478
861.6531	8.024
662.6815	18.675
755.603	9.503
795.7056	15.79
680.5279	8.926
720.5815	8.024
766.554	4.975
824.6762	15.105
863.7536	16.229
1032.827	15.16
861.7378	13.821
947.7799	17.026
313.274	9.503
865.577	4.339
865.577	3.844
918.8038	15.405
855.6432	7.832
524.5402	21.68
828.539	3.488
844.5336	3.013
864.5749	4.809
817.6531	14.847
1021.9934	20.102
1424.1125	14.859
936.75	11.235
648.5568	8.953
725.548	10.879
554.5869	17.599
682.5982	14.418
854.6758	9.392
533.5292	22.836
849.2892	23.35
701.2516	23.121
680.6342	22.964
909.6774	6.328
687.572	12.645
944.7917	16.146
752.6771	19.273
722.6511	18.722
795.5739	8.898
792.576	4.755
640.5882	11.399
693.4552	3.345
752.5831	9.942
158.1288	0.84
863.769	16.999
952.7603	10.988
636.574	10.079
1436.0906	6.602
881.7195	13.28
936.7137	15.543
821.1601	12.008
849.2907	18.174
447.3448	5.445
214.0831	23.601
713.6536	23.121
425.3739	5.97
936.8617	23.176
809.6698	10.189
1129.3169	23.533
630.5612	11.207
786.5902	9.641
908.7038	13.809
780.634	10.575
313.2888	15.35
880.5472	5.832
852.5146	4.23
823.6558	14.776
890.7526	15.982
775.6433	14.721
786.5651	4.175
540.4463	2.273
1278.3537	23.684
890.6718	16.752
727.564	11.372
903.7472	15.654
750.5644	6.574
670.6133	23.121
886.8228	18.444
525.5436	17.105
839.651	10.328
559.5449	16.56
864.6563	16.669
228.1958	2.552
729.5821	6.081
765.6508	14.748
627.5756	12.035
549.4874	17.163
552.4024	3.155
770.6295	9.696
897.7742	23.23
1006.8287	16.009
1495.4606	2.249
822.601	6.793
837.756	17.3
1143.3701	23.519
944.673	6.356
883.5891	3.899
505.3095	1.78
952.709	16.03
916.7982	23.601
335.3139	3.072
1118.8297	14.472
766.655	11.481
311.2581	9.778
842.2458	16.416
868.6073	4.068
809.6451	7.942
409.3828	23.133
911.7531	15.434
391.3106	3.596
553.5747	18.174
794.5836	6.574
808.6647	14.94
740.6217	23.093
880.7607	23.243
961.8273	15.286
646.6498	15.626
752.6186	14.775
848.5543	2.961
1019.9422	19.08
824.8066	18.722
716.6193	10.024
811.5247	9.31
1018.7408	13.946
1004.8863	16.476
386.3497	23.56
1021.9575	19.358
931.6463	6.411
711.6401	23.395
803.6644	10.575
580.6032	19.55
754.6921	16.421
881.7568	23.615
154.0974	0.676
762.6612	22.733
838.6328	5.804
868.596	5.141
721.6244	23.313
720.6124	9.145
875.7129	9.118
898.7665	16.834
505.4978	15.927
790.6557	23.038
846.5503	4.422
622.541	9.887
745.5805	23.039
650.6818	18.804
891.7055	14.057
960.7517	9.448
1203.3356	23.739
698.6296	16.725
893.7212	14.913
998.8389	16.064
990.6911	6.656
1130.3146	23.45
764.6767	20.772
840.6711	10.216
795.6248	10.024
730.6986	18.859
854.5546	3.675
791.6959	23.38
1418.9055	7.778
834.5272	2.221
904.7303	9.888
866.8546	19.218
304.2999	23.133
1277.3551	19.991
936.5253	7.778
582.5095	8.107
805.6979	11.98
524.54	22.068
879.579	5.804
403.788	4.396
776.6535	12.145
808.1376	9.925
634.5775	10.686
419.3115	10.41
799.6788	23.376
796.6469	9.42
880.5937	9.145
680.5279	9.531
936.7858	17.027
780.5175	4.368
977.721	15.982
744.6132	23.38
1037.7329	6.93
685.5558	13.724
559.5448	16.752
831.6114	6.684
996.8232	15.818
884.5096	7.75
673.5038	7.75
945.759	10.134
670.6736	10.382
828.6569	17.217
686.6168	23.23
1340.9389	16.835
755.542	5.501
723.6727	12.035
795.0442	7.75
874.6691	10.051
429.3726	17.518
761.5605	10.051
429.3638	7.997
640.4999	9.586
930.7772	10.3
740.5231	5.446
741.5609	8.953
701.6278	15.735
882.6884	13.28
853.7258	23.78
578.4536	2.524
804.7076	20.102
928.7959	15.506
932.5653	9.145
545.2772	2.305
892.6798	11.371
1054.2975	23.657
267.1954	23.133
849.561	8.134
861.7375	14.444
614.5146	23.093
849.2896	16.916
840.6475	7.477
711.6482	16.449
594.6184	23.712
632.5707	6.985
743.5594	12.063
869.7231	15.597
536.8912	1.89
811.5244	9.421
680.5276	15.406
299.2583	23.118
918.8131	18.557
783.5545	9.996
680.6918	16.366
536.548	17.518
805.5569	4.339
913.5681	7.067
840.553	5.281
586.5411	9.421
844.7731	17.053
666.6398	14.528
524.5403	18.804
662.5636	9.723
1043.8219	15.296
820.6389	9.255
914.7304	13.474
918.8859	19.273
796.6033	9.393
947.7229	10.879
811.5235	10.299
1302.0624	11.262
928.7488	12.865
947.8104	15.599
187.0614	17.682
976.8903	19.3
828.5766	5.281
964.8175	16.367
832.5709	3.816
836.6171	5.28
923.674	14.361
813.7128	3.018
553.5746	22.733
744.5836	3.345
606.619	19.035
902.6484	6.548
950.8021	16.394
853.6675	17.245
888.5598	2.248
724.4923	9.009
679.4821	1.835
580.603	20.662
1029.8202	16.692
1396.3975	17.19
1074.0249	20.129
921.3121	20.019
925.7117	9.447
828.5757	4.753
908.8279	18.448
533.4426	8.161
758.6665	23.203
685.6242	15.406
867.6672	7.477
868.6803	11.62
782.5316	12.845
699.668	18.887
591.5904	16.889
561.5072	23.039
690.6671	23.313
507.5138	23.324
831.7262	17.573
346.2593	3.182
764.6384	14.708
708.7229	16.889
814.7039	14.874
431.3518	6.767
1035.006	20.185
1072.3441	17.163
828.6119	4.367
681.4754	3.319
881.7563	23.423
918.7248	15.625
702.5432	8.625
871.759	23.313
259.2421	23.133
876.7286	15.323
696.5933	10.106
688.1981	9.365
723.5081	1.813
829.6982	12.728
1344.1163	11.234
317.2113	10.575
879.7039	11.98
721.5963	10.988
650.5864	15.149
1256.005	8.947
921.7596	23.203
1152.1088	10.382
781.6395	8.844
558.4879	23.38
760.5365	10.824
720.5926	11.261
710.5936	10.061
571.397	4.56
319.1945	2.41
786.6095	16.394
866.6555	9.723
665.6282	9.42
784.6454	13.973
537.5432	15.954
962.7673	11.897
794.5712	4.147
961.7536	11.07
343.2954	23.285
829.6056	5.252
1296.2384	23.257
836.7348	16.147
854.7445	17.354
847.5663	4.975
986.7665	11.427
594.6187	23.23
762.6612	16.504
971.8846	18.722
762.734	17.628
980.9498	19.603
893.8736	19.276
699.612	12.424
884.8528	23.121
631.5929	10.961
368.4249	23.615
771.5368	3.569
788.8952	17.491
775.8103	19.852
874.7494	15.159
625.5601	10.493
749.6277	13.641
1370.1808	15.323
935.7108	16.257
769.5348	5.776
892.7084	14.72
999.3258	16.834
860.6495	5.251
1383.2068	23.121
733.5502	1.808
987.8083	13.947
702.2484	11.262
339.2894	9.695
368.3156	1.594
790.6245	12.646
966.855	19.08
641.5269	11.153
844.5938	9.682
775.5418	5.473
845.61	4.396
1002.8704	18.112
918.813	23.118
1051.6708	7.75
998.8385	16.312
918.7242	14.885
280.2636	1.454
325.2163	1.339
857.5728	2.194
624.6208	13.169
782.5324	3.569
686.5722	9.75
551.6319	18.137
1370.3115	18.777
635.4558	1.863
1110.0425	18.914
814.613	7.86
1363.0858	10.161
833.7797	18.229
684.6502	16.367
895.7272	15.515
742.547	9.64
693.5783	6.053
611.4896	9.573
740.6196	10.824
566.5868	20.766
830.6294	7.53
969.8956	18.722
916.6879	17.026
666.5928	16.477
907.775	17.682
867.6673	10.658
889.6451	7.833
660.6298	23.121
879.5793	5.666
928.7607	9.063
898.8225	23.121
975.7054	15.68
946.7704	15.434
719.559	23.121
658.6132	17.026
858.7191	12.507
793.6798	15.04
663.576	10.464
714.544	9.063
900.7296	13.696
806.57	10.824
538.5556	20.129
764.639	11.044
591.5635	9.6
465.3166	2.413
872.6125	3.07
486.0916	2.744
678.6188	23.121
579.535	18.675
845.7219	11.207
519.5136	16.366
952.7612	13.224
994.7418	14.984
918.8132	23.56
926.7452	14.112
539.5588	17.6
972.8069	15.542
755.5458	7.532
824.6981	12.508
824.698	17.163
1147.8436	11.454
685.2025	23.038
924.73	11.675
441.2974	4.259
967.8165	16.559
920.6445	11.372
645.5995	13.168
711.6486	16.808
892.6576	12.007
980.2785	23.684
656.5831	9.627
797.6406	14.362
842.5803	5.086
805.5944	7.86
558.5094	9.109
934.8806	23.753
744.5766	23.121
967.8156	17.163
706.5738	15.259
798.063	7.778
364.2566	6.219
845.6243	7.969
311.2582	9.696
1338.2102	15.378
865.7692	16.665
725.5276	14.112
1290.192	23.121
903.7479	11.016
736.5883	10.658
730.6533	18.447
813.7382	16.725
856.5914	9.805
597.6124	10.382
713.591	9.668
781.6811	15.352
751.6644	16.972
739.5655	4.977
603.5906	16.697
955.7792	12.92
263.2371	23.038
533.529	22.733
877.7698	16.449
814.6552	9.997
741.6122	15.16
934.735	10.438
841.6683	17.573
688.6242	11.153
960.7514	11.758
902.6204	6.164
1111.94	11.18
760.5657	6.301
610.6501	18.694
661.5082	11.372
1102.854	16.669
635.6172	12.451
771.6474	17.218
704.633	6.876
768.6502	14.886
606.6186	19.628
873.7461	15.818
801.638	17.163
666.5906	23.23
1006.9016	18.174
368.3394	10.63
973.8265	16.119
876.7661	23.285
963.7834	15.215
710.6436	16.065
766.5316	11.207
864.5338	4.175
320.2948	1.121
779.7313	17.627
920.7808	15.543
927.7475	14.994
789.6763	10.217
825.5842	3.347
957.7961	13.641
796.7202	16.944
894.746	16.587
665.5918	11.564
423.3839	3.041
824.677	10.658
979.9104	18.944
775.6432	14.639
574.4464	6.438
953.7936	18.749
296.2584	1.482
576.5714	11.317
320.2299	15.105
948.5136	6.52
945.7596	11.564
869.7982	18.201
1371.3154	18.804
507.5136	23.45
699.6694	16.642
946.7723	11.925
608.6342	20.074
950.8031	14.994
316.3211	18.338
992.8279	17.272
949.6899	15.543
878.5392	3.068
956.7723	16.724
424.8968	1.006
365.2556	4.036
663.4601	5.722
857.5736	4.065
633.4683	9.942
920.7017	17.19
867.5945	4.506
640.5092	14.747
408.3322	4.012
285.2426	9.613
962.7672	12.229
1030.841	16.669
764.5659	5.611
747.638	9.255
826.5237	3.209
1213.9698	9.915
608.5694	15.023
285.2426	9.53
902.5183	6.274
757.7267	18.859
564.4292	11.016
1202.3354	18.339
985.7539	11.043
936.5254	7.504
969.7858	14.639
757.518	9.627
687.4216	12.929
764.6767	21.043
831.6208	5.749
766.5538	5.887
827.692	10.603
665.607	22.964
1087.7985	13.946
853.6787	10.851
724.5262	9.436
836.6169	6.137
850.6689	11.372
1078.3019	9.009
827.7518	17.682
880.7162	13.474
1013.878	17.573
713.6482	23.23
579.5905	22.784
910.7498	14.389
538.5561	19.576
629.5122	10.492
964.7966	15.479
727.5378	8.161
590.4548	4.698
803.6473	9.063
794.6872	15.708
591.4292	1.866
685.618	16.642
944.8175	15.434
945.7591	9.75
948.7868	15.488
696.5927	15.597
916.7604	14.665
1204.314	14.858
906.7771	14.639
908.8294	22.964
817.5689	3.07
950.6932	14.583
752.501	11.234
813.6449	10.217
961.7825	9.915
972.8174	18.546
663.4548	13.251
1128.3171	17.901
810.5599	7.777
316.321	17.627
759.6094	9.805
317.2113	10.143
751.6645	16.504
774.6612	23.039
930.8131	16.202
744.6331	23.121
636.5045	11.262
391.7882	4.67
533.443	9.09
808.5191	5.777
779.6024	9.778
861.6072	9.028
606.6188	20.223
920.8646	23.258
370.3547	5.86
850.5468	5.804
1468.1919	11.235
313.2737	12.673
921.8213	16.504
646.2778	2.635
811.6785	17.6
621.6296	14.306
848.7352	22.733
746.6292	9.283
950.7148	8.981
963.8358	18.777
793.5562	6.493
1005.8083	15.79
964.5566	9.136
491.8756	3.153
687.5484	23.423
844.6071	4.783
832.8117	18.529
900.6556	12.92
1017.9271	15.405
974.8035	14.499
1197.8425	1.977
674.6086	23.121
810.6882	14.803
370.3546	6.411
766.7654	18.612
960.8964	22.733
878.5385	2.25
867.6678	7.997
798.7464	18.475
849.2891	23.698
745.5444	15.05
898.5795	2.634
601.4806	9.2
509.4561	17.573
969.7275	9.723
764.5232	4.753
698.6644	23.836
1282.3512	17.19
608.6344	20.572
906.7314	14.637
423.2631	6.903
371.1626	23.505
697.7013	12.007
742.5386	5.888
904.7896	15.106
994.3307	20.378
1004.8118	15.16
950.8029	15.597
953.8002	17.023
642.3975	5.721
784.5629	9.255
748.5281	5.556
947.6737	12.865
758.2226	11.372
381.2975	23.588
988.8002	15.16
1379.0815	10.107
842.5817	3.182
233.2265	23.038
1029.9635	19.521
938.7811	16.394
1277.3545	18.201
426.3147	9.887
836.7347	15.982
318.2791	1.093
502.3164	1.922
1002.9059	18.147
956.8104	15.515
710.6291	23.684
539.559	22.733
649.6694	18.338
895.7267	15.378
657.5881	23.037
1037.9669	19.521
868.5317	3.099
864.5527	5.831
606.619	20.093
649.5599	10.106
1425.1155	14.859
994.3311	19.138
824.6765	15.023
692.5826	18.859
551.6317	16.367
552.5624	16.642
431.3796	5.555
894.7766	15.79
1333.4332	17.327
536.1654	7.914
836.5801	4.531
228.1594	23.133
965.921	19.383
538.5559	20.406
972.7619	15.789
781.6538	15.35
681.6621	10.354
736.6512	15.04
696.6498	23.45
760.5583	9.654
831.7234	13.614
967.8156	15.79
773.5126	9.476
766.6349	11.289
948.8787	18.751
1020.7468	14.416
826.7774	23.38
864.5522	5.914
1279.3533	19.991
739.5073	7.641
811.5444	8.024
864.7292	23.038
1013.9325	19.135
799.6787	23.247
753.6798	22.733
996.771	15.927
904.7376	17.163
538.556	20.766
317.2114	10.354
721.6349	11.179
1206.3129	14.913
718.4838	8.025
562.5556	16.504
448.102	2.493
888.8384	18.833
829.6882	12.34
900.5964	3.016
803.6812	10.658
371.1628	23.298
868.5577	9.778
648.6656	18.475
743.6861	16.779
682.6329	15.406
696.665	18.228
462.1465	23.105
954.7766	16.229
969.787	14.112
955.8159	16.944
902.6413	9.914
914.7303	13.391
1129.3173	18.146
1100.9803	18.502
880.7393	16.835
940.7966	16.916
652.5509	6.41
418.759	4.257
524.4459	15.132
566.5873	19.052
947.8477	16.504
935.7814	16.916
703.643	16.257
1147.3629	17.135
843.5493	6.328
683.6536	18.859
409.3828	18.444
584.525	20.047
769.7115	20.323
437.3738	1.401
178.1437	15.187
341.3049	12.763
664.5744	16.34
689.5398	6.274
587.312	1.974
883.5897	3.182
1334.0959	10.906
796.5472	5.942
698.6205	11.316
1070.3477	23.118
714.6594	18.804
944.7916	14.499
853.4993	5.805
712.6449	23.754
316.3211	23.698
660.6297	22.733
838.5369	4.257
983.2776	16.753
810.5286	3.238
653.4754	4.615
175.1482	18.859
741.7318	19.742
740.5744	5.584
855.6686	12.839
908.2566	15.323
929.7643	11.98
921.8584	18.694
793.5442	6.656
976.8373	16.367
860.7525	17.08
746.5846	9.255
696.63	23.121
285.2576	15.405
837.5486	6.329
680.4804	23.144
724.4916	1.117
197.4054	9.832
582.6091	17.681
768.6886	23.148
778.6593	16.229
584.525	20.71
637.5962	7.997
724.6244	16.477
980.9231	19.19
1369.1763	15.434
591.4873	9.586
816.7236	12.866
935.8987	19.908
505.4975	17.19
769.7116	19.991
987.8076	14.611
860.7346	23.203
630.6224	7.504
904.761	9.641
839.616	15.405
1016.8502	16.587
868.5953	3.623
577.5362	8.981
888.6711	7.777
281.2385	15.407
925.8646	18.229
845.7439	23.258
1281.3325	15.599
215.0869	18.887
1035.9741	19.466
926.6927	15.543
804.7082	19.19
955.8059	15.708
446.371	7.969
839.7538	16.615
828.5763	4.976
706.6144	22.964
616.579	12.7
920.7552	16.499
984.7505	9.145
994.3311	19.861
928.7608	12.451
958.7349	8.871
891.6616	8.025
847.4847	7.148
816.5758	5.417
1351.3735	19.964
414.394	6.219
537.5432	16.366
746.6942	23.093
1015.8362	15.927
637.5508	8.926
970.8287	19.245
641.5133	6.383
724.6241	11.316
566.5848	10.355
751.5462	6.602
893.8002	23.698
878.732	10.106
875.7173	12.284
551.6316	15.542
813.7371	16.944
596.48	5.417
558.4889	22.939
814.6214	6.302
631.6217	17.3
1413.1949	15.297
219.2108	23.038
960.7863	14.984
625.5596	9.969
721.5443	14.859
571.4284	3.543
631.6223	13.141
740.6555	23.45
779.604	10.024
870.6229	4.423
909.714	9.844
625.5601	10.686
727.7161	19.604
778.6593	16.366
614.5664	10.134
570.5095	9.008
855.7418	23.176
771.551	15.242
715.6076	23.601
713.5752	15.46
932.703	12.783
493.4978	17.327
170.1174	23.133
981.2796	16.916
892.7979	20.406
562.423	3.708
426.8597	7.641
675.5989	15.597
712.588	23.684
779.579	9.393
1328.2833	23.121
301.2164	14.057
816.6863	14.984
788.6551	14.886
875.5843	4.259
451.3312	2.958
756.5534	9.145
764.7124	17.354
968.7559	9.503
756.5909	7.915
908.755	14.886
607.6219	23.011
935.6493	12.867
536.1655	17.023
532.4396	12.34
837.7388	16.394
423.7695	7.668
969.8322	16.037
529.546	13.946
897.7548	16.195
581.6062	23.16
657.6173	11.207
906.7314	14.003
627.5393	5.914
903.893	18.338
806.5682	5.418
523.5278	16.642
790.6333	10.796
617.5786	9.86
935.7382	11.07
749.6278	15.297
606.6189	20.559
778.6592	15.873
714.6396	11.125
846.5627	5.306
430.759	4.118
577.5188	17.3
767.5367	9.255
615.4987	5.418
953.764	14.527
1214.9503	9.844
923.8737	18.914
844.5952	4.147
996.3274	17.682
948.7874	14.693
783.6543	11.316
640.6026	23.698
513.8426	22.887
907.2598	15.79
643.5451	14.361
764.6765	22.244
926.5679	6.712
982.8081	15.432
679.482	11.043
359.3269	23.808
768.4585	2.498
704.5678	23.121
789.5417	0.252
951.9057	19.221
917.8	15.078
829.541	2.575
848.6981	12.035
944.5639	7.75
758.6355	16.588
729.581	6.383
831.6428	7.86
770.5336	3.404
840.5889	7.723
882.5192	5.307
1040.8495	15.79
313.2736	12.783
970.8069	14.914
931.781	9.996
1189.3738	14.554
750.6044	10.548
905.7649	13.168
918.7403	11.453
976.8375	15.927
576.466	5.86
781.6389	10.826
936.7139	15.433
833.5736	3.543
1184.3962	16.999
260.2454	23.039
900.6554	12.838
851.5994	4.037
782.6477	14.776
558.4882	9.942
1406.2389	15.432
203.4055	9.145
571.5598	7.559
764.6762	21.633
691.5343	11.098
1068.7047	13.946
690.6668	11.098
949.8048	17.026
790.6712	14.03
958.8562	19.494
1040.9953	18.311
705.5796	15.681
169.1334	0.676
934.788	15.269
900.7297	13.613
861.7761	23.726
381.2974	23.423
720.5627	12.145
682.6044	14.802
757.5178	9.75
413.0923	2.52
938.566	0.701
865.6901	13.557
1136.8043	12.008
639.6477	15.104
685.6178	16.202
679.4315	10.354
774.5362	2.767
768.4603	2.275
383.3307	15.955
985.8257	17.163
758.5422	9.447
737.6044	10.107
850.7147	22.836
298.2459	23.148
1001.8391	17.518
608.6344	20.468
850.6986	17.6
1011.1285	2.25
809.6858	10.741
902.7822	16.807
980.2783	23.574
288.2536	1.257
834.5785	9.392
1365.1967	23.121
746.6487	23.037
461.0098	3.703
904.7607	23.684
927.8357	19.19
865.7699	23.56
807.7643	18.201
797.6404	14.418
834.5271	3.099
911.7539	12.681
1020.8438	15.818
187.058	23.92
811.6784	23.376
687.5601	14.721
368.3392	23.684
918.7393	23.313
927.7484	14.389
935.6024	3.181
840.6715	10.465
928.7609	22.964
570.295	2.221
955.8069	15.16
1303.0663	11.234
913.7186	15.982
857.8246	23.684
894.7762	17.545
305.2475	15.79
901.6163	6.383
1348.1118	9.668
773.7226	23.093
872.7706	15.982
741.5437	10.382
1132.7738	9.31
916.76	14.488
747.7789	19.521
799.6444	10.41
770.626	7.832
1396.1962	15.077
802.655	15.16
946.7621	8.898
906.5705	2.988
929.7214	16.339
828.6673	5.417
897.7524	16.477
1087.7984	14.792
814.5966	4.864
910.6982	15.487
968.8283	16.692
954.8549	19.218
782.6874	16.285
798.7476	17.272
758.2214	17.163
965.7796	16.394
738.6036	12.423
877.7258	23.105
928.7614	11.703
668.62	16.725
808.7032	23.313
872.5783	5.362
948.9325	19.825
762.507	4.257
502.374	22.836
813.6447	10.079
836.5804	4.782
931.6182	9.942
1015.7859	13.141
986.9022	18.859
871.8129	23.671
920.6889	3.181
762.6028	7.97
714.6513	16.477
717.6588	23.121
951.8059	14.913
751.6427	11.043
904.7614	12.118
983.8109	15.259
741.6596	22.862
844.7391	18.888
788.7512	16.669
786.5652	4.038
858.7192	12.451
584.5249	19.521
856.6416	6.958
667.5454	9.953
243.1168	3.043
941.7998	14.847
904.7611	9.558
631.5258	14.792
1279.353	23.285
919.7696	14.819
701.5507	11.759
832.2402	15.241
859.794	18.146
749.5187	5.419
1387.15	14.886
617.4924	11.098
620.6346	18.444
976.8544	16.367
926.7809	15.46
470.4204	5.612
371.1627	22.862
926.6526	11.262
720.5644	8.188
633.582	6.411
918.7405	9.558
628.5516	12.008
870.7391	16.642
1198.8573	7.504
844.6039	6.547
879.7414	23.657
961.7543	9.996
1325.193	23.121
923.774	14.886
836.5925	5.114
187.0578	23.478
879.786	22.836
797.5273	9.53
920.8289	23.23
819.5834	4.257
664.5519	8.947
989.8138	15.542
732.5908	9.613
1229.805	2.136
894.8025	16.477
775.2707	23.065
1377.1517	15.077
887.5477	2.413
1075.9147	16.999
698.6297	15.708
880.5564	6.411
692.5824	23.133
807.6699	13.669
493.4249	16.861
1046.8423	15.892
590.4782	23.121
989.7862	12.645
945.7132	17.491
669.5588	15.432
908.7698	16.779
954.7778	11.786
939.7422	16.504
174.0339	23.427
1440.1619	9.723
790.6924	20.107
640.6241	17.08
566.5554	10.354
923.6744	14.085
790.6926	19.969
811.7222	16.559
824.6978	12.563
948.8233	15.106
343.3084	2.355
702.639	23.395
187.0596	23.423
907.2596	15.873
674.4392	6.574
733.5388	9.447
900.6512	15.46
317.211	11.262
831.7177	16.554
566.5874	21.043
932.8289	23.118
701.5492	9.996
604.4998	10.327
768.6706	16.03
1405.2356	15.407
841.6516	10.327
810.6972	15.46
636.5016	9.914
1004.9226	18.997
330.3002	4.587
1007.869	16.394
463.3426	1.73
789.5421	0.083
853.8061	23.726
644.6134	12.92
359.327	23.133
918.7404	10.796
1337.391	12.34
874.75	14.72
532.4114	5.003
918.7244	14.306
955.78	12.617
725.5481	9.695
839.7097	23.105
1395.1631	15.461
721.654	23.038
577.519	16.085
860.6029	3.21
1037.3551	16.256
819.5846	4.451
894.7248	16.147
951.8359	18.969
1007.8474	17.108
981.8322	16.916
790.5447	1.84
701.2515	11.453
1276.0467	10.988
738.603	15.323
939.906	19.328
740.6762	18.475
944.9014	19.273
368.4251	23.808
742.6346	23.121
575.5032	15.187
886.7878	23.093
808.6558	11.482
729.6782	23.313
591.4986	5.5
979.7921	14.858
876.5355	2.276
711.6324	15.873
717.5799	15.625
1105.8166	14.885
924.73	11.619
918.7397	10.603
610.582	12.763
678.7131	18.932
928.6686	12.92
195.8934	6.548
858.7537	15.927
1304.8234	6.383
790.5309	2.767
1426.1195	14.941
662.4033	4.755
768.5412	14.637
1169.7938	6.656
906.2593	15.46
929.3923	6.957
712.6449	17.655
870.7243	15.927
748.6435	14.913
153.9486	23.822
521.5124	9.448
849.7384	17.19
955.7802	12.145
770.6859	23.038
1380.1081	14.416
780.6508	10.327
739.607	11.925
965.8004	15.846
702.6034	23.039
891.5795	3.236
712.5882	10.63
978.7971	15.022
826.678	9.448
246.2298	2.359
850.5961	6.711
323.3308	3.046
837.62	5.832
1034.9697	19.493
969.7872	13.835
631.4654	3.182
631.4915	5.474
795.6252	10.162
805.7026	16.669
988.8178	14.858
335.2219	10.189
784.549	5.833
787.6051	5.279
866.7446	15.434
900.7294	14.112
703.5148	0.013
862.5447	3.099
538.5562	19.08
1044.7566	12.984
667.5704	10.106
725.586	9.969
617.5124	11.62
740.713	16.147
995.3313	18.778
862.5449	4.755
583.414	13.696
669.5436	11.564
1249.7409	6.053
872.5441	2.606
951.8792	18.722
967.7223	9.421
429.3727	19.632
976.7831	16.168
930.8329	23.066
537.5432	17.301
753.5856	9.832
698.6294	12.811
295.2267	2.275
880.5676	4.147
756.6349	11.289
852.7681	22.939
515.4126	11.316
923.3076	17.71
819.5947	4.095
678.4346	5.251
1349.115	9.668
864.5606	3.043
519.5135	17.218
752.6195	10.216
509.4561	17.164
928.7496	12.783
305.2336	2.989
674.5361	5.694
187.144	0.676
810.6452	9.915
794.6664	10.713
959.8723	18.502
948.8961	23.352
573.4878	8.838
759.5326	11.344
952.7616	13.418
908.5647	9.806
945.8315	16.422
813.5656	9.146
868.6071	6.109
536.1651	14.874
297.2422	15.204
921.7945	15.132
648.485	12.92
717.5632	6.876
988.8545	16.835
722.5138	5.141
607.6218	23.093
998.8391	15.616
226.6863	14.195
258.2793	23.615
746.6814	18.557
754.6348	22.913
458.3473	1.892
881.7102	12.423
536.1653	5.749
851.7536	16.669
779.5406	6.52
835.7226	13.169
569.5385	10.299
738.6232	14.335
733.5745	16.229
1024.8385	15.79
944.7921	16.258
766.5539	12.507
739.6354	13.085
551.5035	18.502
1006.9657	19.746
532.4113	5.584
685.6689	23.203
665.5878	23.601
823.6698	16.554
535.4719	17.246
1062.025	20.185
824.6766	10.906
236.0716	17.6
952.7609	13.918
684.578	9.97
596.5255	9.613
881.7502	17.159
564.5718	19.025
640.5792	9.942
344.321	9.613
783.6543	10.143
838.7876	21.681
617.5136	6.356
746.4608	5.529
1205.3342	19.881
861.5448	4.204
946.7712	13.724
698.6292	13.059
914.5408	9.118
243.0196	16.753
711.7055	18.174
496.4441	17.299
708.5984	15.81
891.4076	2.358
350.3052	2.986
799.7008	15.215
819.5948	4.01
900.7294	13.946
768.6522	15.46
908.2395	9.173
997.3282	23.23
686.5589	10.189
966.8497	18.174
834.7188	16.285
831.7182	16.477
277.2161	23.38
720.5648	10.382
709.6934	10.382
617.5124	12.145
685.617	16.943
806.5376	7.723
562.3505	1.174
933.8331	23.352
933.6344	11.4
928.761	23.175
251.0467	0.617
848.2897	20.772
853.7261	23.505
1042.8645	15.899
620.5018	6.135
315.3016	7.04
640.5875	15.763
880.7604	16.944
737.6196	14.112
832.2411	15.681
430.3893	23.808
809.7129	15.405
808.5484	4.231
595.6218	18.503
332.331	1.702
834.6716	11.454
813.6806	9.146
894.7551	18.502
492.8842	1.008
826.6228	8.865
998.9119	19.052
766.5308	11.016
965.7861	9.613
483.4158	5.557
1005.89	16.504
812.6275	7.97
986.7665	11.929
832.2411	12.59
989.7854	12.92
770.7754	19.273
1069.994	19.714
812.5974	7.614
572.5399	15.104
666.6397	14.637
603.4547	3.099
813.6449	10.465
610.1848	19.138
782.5455	2.304
753.6588	14.708
885.7377	16.339
994.3302	21.689
960.7349	15.764
626.6084	16.752
835.7226	16.559
761.6196	13.724
787.6793	17.407
796.7024	15.479
496.4202	2.273
1066.9745	19.466
851.6726	12.145
924.7763	15.845
960.8964	23.12
895.7799	16.037
537.4876	23.105
750.6396	12.035
837.7386	23.352
1142.368	23.657
704.646	23.601
721.4848	9.091
825.7375	23.105
775.2698	15.104
918.7407	10.3
968.7039	9.996
668.6187	15.79
739.6794	18.228
962.8011	17.217
1049.0219	20.296
1230.3469	16.669
341.3052	16.725
857.6061	10.416
1339.2537	22.939
1426.3919	18.338
608.4734	10.934
1047.6755	7.833
891.8222	23.352
611.6531	18.529
1312.2343	23.011
571.5124	8.899
420.3318	7.477
790.6922	19.774
862.7512	23.601
773.6541	16.861
426.8208	11.152
974.8208	15.241
828.7076	16.559
861.5452	3.153
388.3654	16.916
1057.994	19.798
812.7129	15.406
523.472	22.733
187.0614	17.19
427.3782	5.39
838.7878	22.041
1108.7727	10.493
499.3192	1.256
1057.8232	16.168
573.4873	17.08
701.5506	11.676
912.765	23.313
535.5448	23.45
800.5713	3.347
929.7912	15.078
999.8255	17.163
948.897	22.784
316.3211	7.942
940.7854	15.461
666.5481	12.894
884.6019	4.037
667.5077	6.054
769.5676	0.013
841.7261	23.16
780.65	12.007
1004.9507	19.548
923.3097	23.615
724.492	10.603
538.5558	22.871
830.7003	14.306
865.5776	4.534
809.5889	4.45
750.6231	10.464
908.6446	11.98
920.8283	17.327
680.4813	13.251
866.7822	23.726
843.6846	23.808
847.5675	3.955
440.3134	2.413
1024.8748	17.352
1352.3722	23.712
873.5815	5.141
948.7713	16.587
508.5168	16.669
884.7342	16.257
718.7442	19.245
847.5877	6.958
916.8701	18.942
215.0871	19.411
322.2136	3.181
810.6632	10.244
839.7101	23.726
934.7358	9.338
848.29	19.026
932.7065	9.969
871.6422	12.92
781.6122	4.782
533.5296	23.12
775.7371	18.722
880.7971	23.684
817.5263	15.406
562.5558	16.692
628.4988	2.195
650.6364	13.224
650.536	5.831
757.6226	7.805
627.5671	10.961
805.7125	23.313
796.6638	15.131
367.336	21.283
917.743	16.334
822.7186	15.707
960.7507	12.118
733.6326	14.28
803.5397	6.081
919.7795	17.025
801.6475	9.173
706.7074	16.725
712.6083	11.317
905.6847	12.451
301.2164	14.001
1413.4296	16.229
1371.2334	20.544
829.6872	12.811
201.1598	16.258
864.646	7.75
325.2113	1.09
558.4886	10.244
1326.1952	23.066
616.5302	23.038
887.7549	17.054
279.2318	15.79
536.165	14.984
882.7546	16.752
236.1676	11.235
910.844	18.475
245.1236	5.887
1341.2667	23.258
968.871	19.358
805.5791	4.451
724.6082	14.418
535.545	18.283
948.896	22.862
1292.4059	23.133
798.746	23.23
804.7806	18.201
953.7647	14.306
736.5884	10.769
725.6639	23.56
620.3928	4.7
699.56	0.729
513.4186	1.895
975.8063	15.544
820.611	9.392
850.5959	3.541
776.6549	15.296
523.5278	17.05
809.6097	10.934
645.5868	10.961
968.7554	10.934
818.5335	3.182
713.6834	23.038
628.5515	16.306
426.8596	7.805
667.5988	12.92
841.557	5.141
1486.0906	7.75
868.7088	15.077
828.7079	16.395
800.662	9.228
958.7953	15.708
337.2737	8.926
613.6074	9.751
812.6593	14.874
826.698	23.753
987.8428	15.506
768.6508	14.225
687.5602	15.653
584.5251	19.221
150.9732	23.221
778.5985	7.942
1352.3727	23.589
421.826	6.465
716.6191	10.079
932.704	12.423
285.2213	15.16
920.7745	14.914
894.7249	15.023
835.7226	13.224
965.822	14.721
911.6643	17.026
837.6253	10.41
741.5225	10.106
840.6918	12.893
1046.9695	19.383
790.5734	6.465
776.618	9.832
783.7276	22.845
755.5603	4.891
215.087	19.024
566.4416	4.588
295.227	23.56
1426.3911	23.34
871.6261	6.08
299.252	16.064
928.7611	10.493
870.6353	9.668
962.9124	23.121
818.6833	9.668
1029.8085	14.084
680.5278	10.438
968.8485	18.146
923.8039	18.639
1277.3553	18.475
835.6051	4.975
926.7808	15.9
827.6916	10.355
1011.9431	19.493
657.6012	22.836
671.615	13.613
886.6989	10.088
869.6107	4.011
1399.2058	15.378
832.7038	11.73
175.144	0.676
798.661	15.625
795.6704	14.721
866.8192	23.12
896.7559	23.121
963.8787	18.722
368.3394	10.19
538.556	19.825
775.2708	14.885
797.6629	23.376
946.8433	23.066
988.801	9.969
220.1908	18.832
921.7427	15.432
762.2174	10.768
794.6863	15.79
726.64	13.168
640.5879	16.505
692.5941	16.091
905.7191	12.673
752.5678	10.575
969.8331	16.175
576.4989	5.473
878.2556	16.642
750.6289	10.575
692.7286	19.245
562.5558	16.944
582.5095	8.947
945.7595	9.969
420.3318	2.551
986.7662	7.696
885.7374	12.728
1002.8162	15.296
593.6063	18.146
727.571	23.039
874.7499	14.802
757.6543	22.836
754.599	23.038
739.643	14.499
844.6791	12.975
622.4714	5.914
929.7942	19.052
867.7849	23.684
341.3049	12.949
525.5435	9.668
959.8378	17.135
922.8453	23.093
1004.8125	15.204
598.5408	9.613
960.7865	14.515
773.6771	10.41
826.6586	10.106
940.7971	14.335
665.5871	16.476
693.5613	10.19
906.2597	15.652
643.545	9.75
833.6852	14.639
892.7081	14.775
244.2271	1.033
672.4896	5.058
651.5385	6.41
755.63	23.215
952.7085	16.12
447.3472	5.198
492.3084	1.506
157.097	0.676
882.5708	4.81
896.587	6.301
1457.21	11.399
780.5175	4.285
1216.3876	22.836
600.5564	16.229
714.588	10.216
930.6544	6.438
962.7656	12.893
596.5099	4.449
741.6591	16.477
830.6166	6.602
686.557	8.865
747.6036	13.724
745.6248	14.169
842.6042	9.009
667.5277	10.416
719.561	10.217
892.7608	17.105
759.2219	11.234
915.7854	23.258
1402.1552	15.313
647.4308	12.92
1017.8523	16.147
861.7374	23.105
962.7514	15.625
799.6838	16.449
396.7574	7.067
935.811	16.945
965.7121	17.491
890.7446	14.611
1018.8109	15.104
742.6561	16.229
531.5137	15.762
777.621	10.355
684.5774	9.925
717.6222	23.56
861.6826	11.399
680.5829	6.08
688.5	3.874
710.6366	15.782
970.7907	13.973
234.2296	7.04
768.6717	16.284
173.1284	15.187
905.7648	13.085
738.6767	23.105
1385.1995	15.241
826.587	3.9
750.6612	22.836
797.649	14.968
735.5327	12.091
962.803	13.196
946.7724	23.23
732.6292	14.913
808.703	16.147
608.5616	14.112
970.8445	16.752
809.7064	16.361
669.622	15.187
573.4664	8.843
691.5622	5.114
1324.2665	23.56
662.5872	14.747
704.5678	13.169
368.3396	10.244
537.5432	17.19
610.1846	18.613
752.6771	21.099
699.6837	23.352
953.7915	14.885
1460.1424	6.849
951.7059	15.845
791.6366	9.942
350.9828	13.752
796.7031	16.559
794.6886	16.807
831.7229	14.168
716.4494	4.149
570.5096	9.2
615.4984	4.782
594.6186	20.223
895.8164	23.23
861.7376	14.404
963.7701	12.562
949.8279	16.389
908.7184	17.628
907.2595	14.775
838.621	9.969
845.6109	4.837
769.712	19.216
1071.8486	12.09
766.5546	13.234
574.5554	17.381
580.6026	22.856
891.7053	13.724
673.427	2.358
907.26	15.542
1160.7911	9.173
805.5061	3.016
865.6507	6.438
1067.9778	19.469
969.7593	11.262
687.4126	12.811
817.6438	4.149
725.5486	10.52
656.5312	3.401
964.8907	19.052
766.7442	19.742
811.6927	15.215
862.5455	3.65
813.7372	17.272
664.603	23.684
790.6924	20.967
660.5566	7.997
922.7712	14.708
200.1646	23.105
728.6402	11.206
766.5389	5.308
301.216	1.702
537.5434	16.917
953.7988	17.436
901.686	12.423
687.5601	14.666
759.2223	23.133
203.1754	16.834
866.7456	23.121
551.5032	15.872
775.6646	23.121
712.6761	12.007
624.6208	13.28
941.8911	23.176
751.5284	7.723
717.5434	23.039
783.7788	20.24
876.6434	4.15
970.8074	14.515
803.6096	6.711
902.7455	11.565
830.7003	14.388
798.5275	3.623
685.6693	18.832
1058.2941	16.505
697.6576	23.066
936.8005	17.379
950.7152	9.338
985.8464	17.217
551.5594	19.162
810.682	12.763
807.6617	10.741
760.5766	4.56
723.6245	16.504
1049.8987	16.971
778.6458	9.09
838.5368	4.505
954.813	16.888
792.5324	5.805
852.613	4.45
946.8079	16.998
741.5226	10.025
580.6028	22.398
929.765	12.562
841.6693	23.836
852.6115	4.12
843.7074	14.94
698.6082	10.961
1207.331	17.108
885.7059	14.886
877.7285	15.259
963.8441	15.79
790.6826	15.927
728.5675	12.647
864.3902	2.879
879.858	19.01
813.6443	10.824
684.6502	16.285
833.668	11.731
858.5757	3.016
1006.9015	18.722
854.4971	1.755
803.5268	2.303
960.7511	11.925
368.3392	16.368
548.5039	23.105
809.6521	10.244
787.0678	9.091
803.6268	9.448
934.8456	23.684
985.783	9.009
981.2784	23.464
352.3211	1.289
690.6095	15.269
367.3358	23.726
670.5646	13.697
317.2113	10.631
892.7086	14.554
933.7164	9.338
744.1707	9.448
833.2407	16.147
995.9416	19.358
843.7444	17.6
201.1598	15.434
780.5183	4.892
915.5782	2.824
928.7973	16.394
680.5982	23.601
810.5593	9.778
523.5277	16.367
757.5348	6.301
934.7714	13.113
1190.3522	10.079
699.6492	23.121
556.4936	7.915
746.5565	9.42
810.5572	15.16
946.9172	19.521
918.7405	9.969
796.6462	9.832
943.7369	15.954
986.7673	12.319
628.603	17.135
804.6117	5.832
771.6004	9.366
916.8339	23.121
966.7085	9.118
594.3767	4.423
667.6131	15.434
822.7198	23.285
920.8293	23.45
989.786	12.59
890.5761	5.529
782.6509	23.203
614.4864	2.876
712.6801	18.832
812.6253	16.554
829.8013	23.313
855.7414	23.38
1378.3824	17.19
610.5245	9.942
187.1481	15.369
731.6064	9.145
865.5554	5.583
1089.5891	7.942
695.6454	23.23
618.4861	5.143
592.603	18.888
558.5095	9.063
987.8685	17.463
1351.3737	18.338
405.7696	8.051
989.7859	12.34
541.3664	1.23
551.5592	19.466
856.5714	2.359
1026.9325	19.438
833.659	9.118
946.7715	10.382
932.7038	12.506
581.6062	22.733
781.6454	14.666
614.572	16.531
615.3436	2.602
783.6338	10.382
924.8023	22.836
743.5592	12.395
1425.3928	20.184
533.4142	5.859
897.7158	15.515
713.6487	17.327
910.6627	16.971
709.5726	5.859
1060.7876	14.472
869.7986	23.601
1156.9763	9.613
960.7345	15.927
792.6693	15.16
520.3674	1.727
964.8187	14.361
1006.8098	15.79
945.7591	12.368
964.3361	15.79
980.7403	16.559
580.535	5.722
921.761	22.964
901.2776	17.163
381.2973	23.767
893.5592	9.118
852.766	23.533
1337.16	15.378
851.6627	9.695
714.4709	5.528
316.3209	17.109
884.6492	5.584
826.678	9.573
832.7407	16.752
876.5888	9.558
745.5658	10.824
987.7702	11.481
838.6289	10.63
580.9179	1.863
710.666	16.423
981.926	19.19
813.6944	23.257
566.5868	21.466
895.6992	9.283
638.5895	11.317
848.2911	18.778
667.6034	23.313
918.849	23.38
651.6848	18.694
636.5046	12.736
797.6857	15.625
686.62	15.405
984.9109	15.379
779.6632	16.752
1190.3718	14.527
862.5449	3.319
1339.4114	15.901
579.4384	9.09
854.617	5.611
878.5389	2.606
261.2212	15.432
156.1495	0.645
326.3049	1.976
656.6347	23.039
1032.9543	19.273
1004.7261	11.593
610.5816	12.893
748.6322	8.981
960.7873	13.502
551.5597	20.019
968.8913	18.942
718.5469	10.134
860.5287	2.58
1058.2909	16.835
836.6162	4.505
544.473	22.836
941.8002	14.529
896.5807	9.778
661.5606	9.338
1350.2112	23.285
398.3263	1.618
1023.6959	14.472
738.6042	11.593
236.1676	11.043
625.2353	11.261
504.5143	9.641
642.5802	11.593
702.509	0.812
262.0503	16.944
725.6629	15.078
855.7416	22.733
152.9702	23.781
1015.8371	14.583
768.6702	14.499
964.8442	15.982
984.7513	9.228
897.6592	13.28
868.7309	16.505
750.7126	19.273
819.5956	4.23
978.8348	15.597
889.5633	2.632
960.7512	10.272
832.7016	12.145
710.6086	14.472
777.6797	17.217
726.5335	5.419
945.7948	15.901
970.8076	16.202
1295.8623	2.221
773.6128	8.079
153.9484	17.708
942.7395	9.832
959.8391	16.505
791.5438	7.969
665.5515	23.039
858.5193	5.474
823.668	9.42
811.5238	10.713
895.6409	12.894
875.7178	12.202
370.3868	17.409
571.5233	15.297
307.263	18.502
698.5208	3.814
748.5628	8.871
804.5912	10.575
921.6338	12.008
634.614	12.145
832.2411	23.258
832.2406	16.477
568.4965	9.448
809.686	10.492
568.535	6.053
746.6295	15.625
939.8041	17.327
530.4651	11.509
948.8963	23.615
713.7004	19.411
950.8025	23.313
868.5326	2.36
705.5789	15.818
625.2352	10.355
900.7297	13.169
271.2421	15.269
960.8261	18.502
774.5314	5.915
963.6897	8.134
591.5905	17.026
782.6666	14.886
876.5353	2.632
696.65	11.043
532.4112	4.588
877.6	3.705
1256.904	3.735
696.6504	16.999
689.6641	23.56
507.5138	19.935
925.6898	10.025
727.5429	14.994
838.6594	9.558
741.6798	23.215
536.1653	5.584
965.6251	11.454
707.4911	12.81
733.6328	14.03
606.5096	7.887
860.592	3.735
1417.1995	15.214
685.5564	9.915
727.555	13.779
836.735	23.533
836.6176	5.418
505.3892	3.598
1041.963	19.438
236.0717	3.295
561.525	8.106
398.3626	2.359
950.7285	6.656
574.5558	16.367
831.558	4.229
704.5677	12.229
211.133	23.105
826.7112	15.242
853.7692	18.338
811.5243	10.106
944.8289	17.053
1031.8236	15.543
215.0871	19.908
815.6533	23.427
833.744	20.828
649.4823	5.859
960.7349	15.542
696.6498	23.753
359.3269	23.452
677.6119	18.859
910.6911	9.172
429.3723	15.132
863.5502	5.584
957.6805	9.283
381.2678	3.209
640.5876	16.174
725.7138	13.252
187.0614	15.159
957.7959	14.306
826.6982	23.478
999.8422	14.886
902.7453	10.851
988.8193	14.28
316.3214	9.558
997.3283	17.6
836.6596	11.897
1026.9435	19.3
681.6142	12.92
808.5494	3.706
1135.8436	11.98
635.5981	10.961
641.5136	6.574
752.6406	23.203
775.5234	6.052
885.7062	14.94
771.6384	11.371
534.5326	17.109
952.7613	13.142
791.6959	18.163
699.6328	15.873
808.5847	4.175
810.5569	2.163
634.6502	18.749
681.5068	6.246
551.6316	14.994
505.4978	16.669
853.6273	9.915
829.6964	10.662
880.6754	9.668
694.6133	14.665
775.542	5.363
294.1484	15.186
860.5418	4.616
536.1654	11.957
629.5122	10.658
871.6257	5.859
852.7663	18.612
978.8233	15.105
1426.3911	23.753
848.2894	21.309
852.6927	17.463
701.4098	12.92
849.6424	11.454
800.689	12.313
905.6849	12.534
905.5244	4.837
696.5936	9.996
1008.9537	19.469
216.0962	2.221
851.6987	13.669
858.8273	17.491
1040.3369	11.398
150.9731	22.733
340.2596	22.964
719.5611	10.741
1029.8083	13.862
690.5882	23.121
687.4603	5.059
962.8282	16.559
158.1286	0.676
848.2894	19.746
366.2006	2.524
661.4994	11.371
1090.797	14.46
856.8113	17.217
1336.3931	12.312
710.6445	23.34
763.6354	15.708
997.328	23.588
850.5966	3.705
785.6258	9.31
798.6376	10.437
582.5507	23.066
794.6667	10.52
924.6777	13.724
966.318	10.134
972.823	19.396
836.5802	5.251
834.7145	11.925
1037.7988	9.586
802.5022	5.804
727.5552	13.696
944.7919	14.666
745.6246	14.03
592.6029	23.67
699.6676	23.753
854.7003	13.419
674.4842	5.997
776.5803	5.75
850.5846	4.285
659.5134	5.97
878.7817	18.557
215.0872	20.489
942.8001	15.817
1029.8421	16.009
975.8066	14.639
523.5277	17.191
779.5422	5.306
275.2006	14.361
839.6363	5.997
316.321	6.302
960.7649	14.737
975.7543	12.479
513.8426	15.982
859.5338	5.307
553.5746	23.38
746.5125	4.699
374.377	16.03
948.8964	23.45
316.3209	3.624
914.7298	13.793
1012.8177	15.873
980.2787	23.118
926.7503	16.119
994.9656	19.853
982.2585	10.41
890.7241	16.339
513.3633	2.276
863.5615	3.043
150.9733	23.56
677.667	10.382
757.618	10.465
881.6844	12.901
795.7629	18.112
648.439	12.811
611.1838	7.805
926.8231	18.942
864.7078	16.147
562.5637	17.628
884.6488	5.804
998.8591	17.573
729.5586	15.763
686.5588	10.272
854.616	6.602
537.4881	10.161
534.5326	17.491
860.5205	4.286
768.6786	15.681
896.5646	3.099
1381.1118	14.416
664.5871	15.762
936.7658	14.361
656.5956	12.479
759.6471	15.023
862.6214	9.503
982.2771	23.285
774.5366	3.101
868.8268	18.214
783.5551	9.832
594.6186	19.783
605.5788	10.354
202.1804	22.845
989.8211	15.872
866.7826	16.367
610.1842	22.689
908.7827	14.94
666.6763	16.092
820.1516	11.234
846.5512	4.725
344.2187	2.989
596.6082	12.035
993.7047	9.64
688.575	12.257
399.2423	2.986
585.5281	23.352
756.5182	5.003
858.7381	16.56
881.5717	3.844
962.7671	12.151
779.6028	10.41
742.5389	5.362
505.4979	16.229
1002.8336	16.12
814.6921	14.886
523.5276	16.912
729.6231	23.121
998.838	14.847
988.8184	14.529
952.7615	11.73
550.2176	7.997
551.6322	12.063
549.4154	3.541
1230.1182	20.185
877.7287	15.625
533.4427	11.207
607.5662	18.751
935.7218	14.001
949.725	16.916
908.7545	14.802
774.602	9.925
926.781	16.037
525.5428	17.572
1029.8082	14.666
848.2901	21.994
950.8006	6.41
640.5875	15.982
838.7505	23.726
950.8397	23.176
540.5592	8.953
738.6614	19.138
972.824	16.394
844.6785	12.893
740.6771	19.025
779.6029	7.75
961.8267	15.489
987.843	16.587
850.5963	3.428
784.5493	3.817
551.632	11.98
775.2704	23.726
869.6101	5.859
900.6022	12.035
859.7154	18.214
676.6972	18.694
761.5606	10.824
790.544	1.758
908.7925	23.601
687.3158	2.493
906.8486	17.354
782.6664	23.121
591.4989	8.871
713.6482	22.964
483.4156	5.473
1216.3872	23.313
750.6608	23.698
538.5558	21.846
742.7444	18.907
783.5073	8.898
662.5725	9.2
701.4098	12.838
659.5451	9.145
810.5567	2.635
309.2062	23.039
895.8161	18.502
858.6611	9.146
577.5567	10.216
910.6634	17.077
803.6726	12.34
998.8384	14.499
782.6874	16.532
643.5451	14.253
942.7767	15.589
738.661	20.71
425.4102	4.368
812.5432	2.139
767.5374	10.686
855.7419	23.753
890.7444	14.831
831.6847	11.207
258.279	23.38
729.5867	9.421
924.8025	23.313
810.5562	6.356
708.5928	14.361
785.553	6.164
833.5888	4.975
750.6608	23.34
215.0872	20.904
419.8132	10.607
752.6916	23.423
739.6648	22.862
981.8917	18.722
708.6121	17.682
915.6218	12.893
761.6848	23.23
473.399	15.432
201.1598	14.445
771.5966	9.778
840.7932	23.105
996.3271	18.502
739.5636	6.876
409.3827	17.027
856.6717	12.701
934.7357	23.175
878.5529	3.073
625.5049	10.354
773.5524	5.859
370.3872	23.45
785.552	4.339
796.6456	9.97
839.6357	6.219
900.7288	11.043
852.7658	23.671
948.7873	23.313
777.687	15.27
867.5948	3.07
999.832	15.488
384.3339	18.502
896.5623	2.77
803.5996	9.832
1073.3438	17.027
357.147	0.592
736.6548	11.153
538.5556	21.513
981.2792	23.712
792.6508	13.724
920.8654	23.671
619.4706	10.355
395.3526	3.68
839.7103	23.478
665.5871	16.037
1162.0071	9.613
879.7866	23.176
591.5827	10.603
880.745	23.38
953.7908	15.708
874.5942	5.39
839.7538	16.505
722.6082	23.203
905.7195	12.173
891.7482	14.416
970.7908	14.639
609.6379	18.649
1088.8828	16.669
413.2749	3.625
776.5982	8.079
741.5436	10.769
957.7961	13.085
810.5579	11.016
778.5381	3.844
726.6311	14.362
850.2881	16.34
965.8022	15.681
723.6039	23.56
928.7612	10.575
877.8423	18.752
262.0503	23.133
860.6146	9.942
368.425	23.45
792.6718	11.427
551.6319	11.4
924.6779	13.53
668.5467	5.611
1076.8094	14.472
778.6245	8.871
811.678	22.836
870.6082	9.942
737.6542	15.352
371.3582	11.071
854.6379	8.134
1004.9227	18.907
824.58	6.191
1133.8475	14.792
304.3002	23.808
764.523	5.306
692.5827	9.228
568.5932	17.381
704.5676	12.34
285.2212	15.46
999.8416	16.119
944.7559	12.486
607.5215	10.334
907.853	23.423
480.5141	10.686
650.5952	23.176
846.6216	6.302
834.2199	7.942
861.7367	14.886
946.7907	15.46
666.6401	12.063
908.6222	7.805
767.6867	16.505
664.5748	23.684
773.6476	14.885
1086.9636	18.502
429.3679	6.191
898.7462	15.982
836.7347	15.708
548.5035	18.475
867.7859	23.601
1301.3599	12.34
726.6035	14.361
891.7481	14.499
538.5558	22.788
551.3917	3.735
951.7277	9.531
365.3202	14.499
551.5594	22.901
203.1755	18.175
1353.3725	23.175
298.2133	2.551
512.4674	5.224
926.6933	15.735
421.3354	23.133
929.765	9.503
954.7747	16.995
878.7826	18.999
907.7	14.72
394.3289	1.592
829.669	23.809
430.3889	23.588
662.5874	14.515
925.8901	19.19
610.1844	19.969
562.5555	17.163
737.5492	4.368
948.8613	23.037
885.5496	3.844
853.6121	9.86
576.5714	23.395
577.5193	23.203
843.2455	16.389
815.6535	23.808
874.8232	18.495
769.5647	1.729
649.5919	23.231
897.733	23.836
1185.3933	16.861
625.6327	14.112
626.2334	10.116
738.6036	12.542
796.6294	6.602
1008.9308	19.494
298.274	1.674
744.5626	11.98
550.218	7.723
424.7775	7.915
712.6452	18.804
851.5991	6.356
696.6135	15.16
799.722	16.23
1135.7476	10.52
944.74	15.954
871.6257	4.122
914.7294	13.863
945.7584	17.354
532.4112	11.317
1012.6293	2.275
187.0615	14.886
762.6607	17.081
550.4907	17.518
420.332	8.079
705.571	5.805
852.7198	12.783
661.5553	14.914
948.6776	12.756
669.6227	9.09
850.6333	9.31
852.5161	4.477
493.4982	16.615
820.6192	9.969
862.663	9.091
775.5282	8.926
856.6443	7.805
336.3261	3.101
924.7134	16.697
1004.7236	11.234
163.1529	16.725
867.6678	11.399
1217.3886	23.657
758.65	23.037
1186.8417	2.304
911.7542	13.419
937.769	14.665
290.274	9.613
416.3602	7.04
576.5788	17.491
1335.392	12.34
730.6984	23.38
884.5706	9.97
282.2792	10.382
796.7306	23.698
796.5856	5.583
707.6542	18.256
750.6615	18.339
802.702	16.944
922.3085	18.916
739.7008	17.301
892.5483	7.75
1218.3859	23.38
850.2891	15.736
962.9122	23.34
1029.6244	7.997
567.5907	22.733
1026.8182	16.83
798.746	23.45
852.7655	19.245
882.7305	14.968
215.0953	6.384
826.7774	23.505
878.5669	5.335
919.7717	17.163
1379.1602	9.778
806.6511	23.038
838.5472	6.246
743.6382	14.913
915.7061	13.168
653.5506	23.121
680.5272	15.982
947.7751	12.008
1053.7329	14.819
941.7999	14.804
922.3089	19.466
289.293	23.533
860.6089	9.778
740.6398	12.179
838.7509	16.147
742.6711	23.285
736.5878	11.372
894.696	13.196
988.8185	13.752
550.2176	7.887
570.4517	7.668
1031.8187	16.036
932.7031	12.893
873.5687	3.376
933.8692	23.203
863.5477	2.934
900.7651	14.857
854.7302	23.16
898.662	13.003
688.6424	16.064
987.771	10.189
1330.1868	20.828
944.8186	15.542
891.7057	15.735
830.5921	4.976
1337.8676	10.052
350.9826	14.389
1006.8102	15.873
796.6452	11.317
798.5646	9.064
759.5546	12.063
1303.1098	10.879
228.1957	1.647
850.7505	23.395
1350.3727	23.313
833.5637	3.073
972.8231	14.681
714.6396	23.133
927.7335	17.027
955.7803	12.091
316.3209	3.016
881.6255	11.98
1402.1195	14.83
760.4996	5.612
574.5557	17.108
680.6341	23.684
920.8288	18.778
668.6192	16.202
688.5877	9.723
932.7737	16.943
1203.3362	19.328
827.6363	9.558
668.6189	16.587
388.3422	5.004
828.57	9.887
551.5594	19.659
828.7094	16.615
955.7803	13.086
463.3186	5.584
873.6506	6.053
854.7296	23.352
677.612	23.56
960.8233	15.16
706.6139	16.421
1132.7596	7.723
652.6356	10.355
750.6403	11.814
610.185	11.537
863.7538	16.533
1392.2051	15.269
244.214	15.214
507.5136	20.848
744.5205	7.067
1019.7783	17.709
766.5386	6.026
285.29	22.733
832.2405	23.725
188.2223	6.848
881.6592	11.426
1419.4081	7.696
916.7593	15.424
842.7065	16.256
714.5876	9.915
861.7381	17.409
784.5748	4.45
1149.8586	12.92
773.566	8.079
899.7703	16.366
564.5714	22.317
425.3533	7.778
752.6918	23.313
158.1288	1.009
925.7747	16.505
934.7354	10.631
605.5122	11.814
1022.8243	9.585
975.8065	14.802
559.4788	3.016
823.6254	11.481
507.5136	19.687
1277.3553	19.3
1111.0463	18.914
697.6537	16.229
492.4414	5.969
720.7596	19.576
900.7651	16.091
969.7864	14.555
708.6138	14.306
1076.0407	20.323
730.6136	14.252
686.559	10.493
810.5264	3.596
671.5677	10.769
727.6641	17.107
519.5138	16.61
844.6625	5.39
766.5388	5.224
554.4626	10.686
259.2423	18.859
629.4757	5.307
215.0956	6.629
894.8137	18.751
192.1594	23.105
761.5403	10.3
678.6034	10.106
316.321	8.024
342.264	1.119
1057.2788	11.73
842.7201	13.251
900.5603	5.086
616.5792	12.645
800.6758	14.885
600.5568	16.147
739.6794	15.406
1008.8172	15.159
159.1169	15.242
571.9308	3.569
997.3273	23.725
564.4296	5.529
754.5755	9.366
1044.7714	11.234
668.6191	12.784
981.2789	18.495
764.6398	23.203
833.7438	21.994
963.7707	11.648
314.2326	1.033
807.5582	3.431
393.1988	1.062
774.6448	9.2
605.529	15.104
680.6188	11.316
615.455	3.541
710.7024	16.092
748.6245	10.024
908.792	23.684
764.5232	4.977
885.6055	3.763
866.5971	9.668
918.7394	15.79
535.5449	18.804
368.3392	11.071
730.6137	14.141
608.5119	15.023
827.6622	10.354
920.5865	4.424
625.6439	10.382
808.6226	9.503
826.6985	23.285
775.2704	13.586
953.7917	14.472
833.6452	8.947
800.625	16.697
963.7698	11.953
936.7514	11.759
727.6354	23.12
686.1996	9.064
519.5135	16.692
873.5687	2.441
705.6585	23.726
850.6541	13.391
959.7314	14.886
640.5878	23.285
725.5482	11.372
624.6407	12.035
904.7062	11.953
882.7611	23.368
920.7743	14.802
423.8039	3.653
876.5367	3.099
767.5378	10.575
551.5874	10.851
255.2106	2.276
358.2456	2.962
1145.3668	23.23
840.6558	9.789
858.5541	9.682
981.7965	15.077
667.6068	13.03
201.1598	14.692
661.6143	10.327
771.7056	23.121
828.5548	5.306
1071.3475	23.753
738.6398	23.23
678.5672	8.926
673.5896	23.423
985.7552	9.145
548.5481	16.752
841.726	23.35
938.7803	16.916
1040.8495	15.652
676.4548	2.575
905.7645	9.668
861.7374	16.45
760.5571	8.079
412.3786	5.969
812.7618	23.615
907.2598	23.231
508.5166	17.108
715.6066	12.763
922.3091	19.825
630.5838	9.558
299.2736	23.039
468.3894	23.215
761.5406	10.603
204.1959	21.3
320.23	14.858
1056.2953	23.561
713.6849	16.835
638.6394	12.035
549.4879	17.054
814.6128	9.969
924.6774	14.416
726.6977	17.27
933.7969	23.148
933.7163	9.146
594.609	17.436
850.7505	23.726
576.4986	5.556
1228.7625	6.053
766.6122	9.64
718.4837	11.454
770.594	10.244
970.8075	14.666
832.2406	14.886
652.5513	5.611
1044.8263	15.241
934.8075	23.45
725.5488	9.613
924.6779	13.391
833.7441	21.022
551.5032	16.334
297.2428	23.698
634.5476	14.775
797.6622	22.836
182.1287	0.645
1023.5913	2.276
548.3346	8.025
901.7322	12.866
946.7707	14.984
697.5763	23.313
735.5086	2.465
558.9044	1.89
720.6409	17.081
340.2594	23.368
995.3308	22.383
429.3729	16.092
720.5472	7.832
819.5967	9.627
979.9249	19.521
799.6434	10.851
1015.8378	13.821
948.8233	23.039
889.5636	3.016
258.2794	23.698
603.5907	16.916
987.7694	11.957
954.7985	17.187
874.7142	12.451
666.5476	12.811
949.7115	11.592
563.5593	16.202
596.4836	3.016
806.2353	16.092
881.8374	23.285
805.5168	9.145
996.3288	18.338
825.7382	16.559
852.7663	19.328
1425.3926	23.726
775.6324	9.42
1493.1407	9.118
696.5926	12.975
576.572	19.356
623.5346	2.989
885.7372	14.913
958.843	23.285
935.7215	14.637
737.649	16.256
812.7618	23.258
1329.1834	20.856
750.6608	23.505
690.5812	15.05
799.7204	17.3
697.669	23.423
984.7517	9.558
316.321	7.805
822.7187	15.79
766.5312	23.753
1056.2955	17.628
255.2106	15.242
681.698	12.035
782.6856	15.434
846.5994	9.118
298.0422	10.299
252.1018	15.79
1052.9407	19.525
402.3577	23.427
532.4114	9.063
262.0504	23.427
594.6188	20.559
724.6366	10.079
697.654	10.741
876.7295	23.313
1106.7582	9.255
1021.8022	9.778
668.6196	23.175
802.64	17.053
778.6355	10.024
632.5194	14.775
666.7129	19.273
1054.9758	19.549
710.666	16.692
754.5988	12.312
784.6096	10.161
851.713	14.583
273.2578	18.832
722.5139	5.418
537.1648	15.187
596.6345	18.529
680.5276	12.395
835.6592	9.476
1153.042	21.208
982.8074	14.776
862.5892	5.06
593.4422	3.459
798.5457	4.506
627.4966	9.365
642.6044	22.964
809.6267	9.228
860.528	2.248
733.5181	9.778
684.2037	11.481
784.5763	5.197
845.6237	9.448
830.7111	11.675
898.6625	13.141
1126.0378	19.052
984.8234	14.847
921.8685	23.352
549.543	17.025
1131.3146	23.313
496.4441	7.915
502.3738	23.698
953.7645	11.564
961.9001	23.176
876.5856	2.988
713.503	4.421
881.5721	3.705
803.5802	3.598
689.5782	10.796
850.6108	9.695
689.5126	9.366
607.6218	23.478
678.566	6.438
851.709	23.247
943.7705	14.472
719.5607	9.723
1461.1403	9.668
551.5035	22.733
960.7649	14.886
427.3566	6.821
381.2976	23.011
553.5747	19.411
926.7819	15.598
766.5316	3.675
760.6509	17.026
722.5124	12.975
657.469	8.953
963.7702	12.451
832.7158	15.709
561.5603	23.231
961.8266	16.835
960.8945	17.191
174.1489	23.176
768.6506	15.597
850.686	11.98
948.8124	15.46
384.3339	23.684
966.7826	16.366
850.2875	16.834
953.7652	13.279
960.7868	14.404
827.7102	22.954
792.651	13.78
792.6762	16.916
357.147	1.537
753.6496	15.04
353.3241	1.621
331.8016	2.851
1094.7471	10.988
1059.9369	18.174
988.8192	13.279
725.6193	23.684
999.2903	7.75
1085.8553	16.697
737.6284	15.625
838.6334	5.694
1161.8596	11.454
796.5858	5.224
728.5674	11.426
699.6323	12.947
600.2804	1.755
866.7441	17.3
552.5629	17.218
833.5746	3.349
624.5589	12.618
571.4288	2.58
810.7456	18.832
798.5547	2.961
828.714	23.698
865.5779	4.78
945.7589	12.035
866.7437	15.947
877.5401	2.879
669.6702	12.035
654.567	5.859
1020.4447	6.52
762.6401	13.987
970.8306	17.187
785.662	23.16
758.7756	19.383
553.5748	20.185
648.5788	23.121
918.8322	22.836
1220.3855	23.038
628.6036	16.807
890.5753	4.147
894.8138	18.999
1336.4116	15.9
662.5874	14.334
875.7011	16.725
754.7081	18.832
878.782	20.267
884.6025	2.986
995.7963	9.613
986.7676	10.854
853.6543	11.565
865.6902	13.502
901.7692	15.269
553.5752	18.502
946.7903	10.024
662.5876	14.637
420.332	3.596
662.5727	9.613
905.6046	9.925
688.5748	12.701
694.6709	15.79
884.8068	18.201
1278.3538	20.517
755.6962	23.519
518.3104	7.75
1439.1595	9.723
850.2885	16.56
761.6191	10.906
876.7684	22.939
805.7354	16.34
900.7296	14.279
636.5027	9.997
163.148	15.05
959.7314	14.967
549.5436	16.588
365.3203	15.625
1004.9226	19.107
537.4878	9.914
852.7664	18.997
641.4917	5.888
690.4343	5.832
794.6663	10.826
600.4345	2.303
757.617	11.207
984.8243	15.46
870.6132	5.391
989.7755	9.695
316.321	16.01
1492.1392	9.146
936.825	23.037
863.5501	5.5
745.69	23.533
735.6104	9.64
725.7218	16.394
694.6136	15.133
935.8842	23.395
680.6672	13.224
849.6852	16.67
880.6431	6.191
551.5032	16.229
563.4648	9.19
729.6225	14.886
650.6364	13.613
866.819	23.423
574.5556	17.026
651.4422	2.278
891.8211	22.913
1131.8247	14.376
824.6974	12.756
414.7566	4.122
974.8045	13.28
892.7599	22.862
760.5584	9.503
841.6691	23.427
187.0613	6.547
706.6334	15.35
215.0956	23.258
182.962	14.445
293.2113	14.388
804.6391	10.492
261.2214	16.092
936.7505	12.091
899.5838	3.541
823.722	16.587
924.6773	14.139
800.6824	23.726
532.4112	7.942
1279.3525	23.546
892.6764	9.118
996.8428	16.916
507.5139	19.19
934.7197	15.05
508.1053	2.689
692.6558	16.559
840.692	12.839
782.7016	15.46
628.5512	23.684
201.1599	16.999
423.8043	3.431
1073.7827	13.946
919.7431	11.016
1041.3131	7.887
291.232	1.753
551.6325	11.565
624.5205	4.975
628.5522	11.759
1219.3868	22.836
860.6107	11.071
301.2164	14.196
551.6319	18.804
885.611	9.476
1217.3886	23.144
735.6486	15.79
740.6404	12.035
433.3312	4.755
671.5677	10.575
359.3268	23.285
766.5324	11.565
685.5602	9.31
900.5962	3.569
685.2031	10.989
994.7419	14.776
701.2518	12.035
810.5586	9.996
927.7492	13.669
285.29	23.67
373.3505	1.676
886.5524	4.147
656.6189	17.135
874.6997	9.844
412.4021	18.694
881.8006	23.38
838.607	9.518
624.6574	18.338
929.7653	12.452
829.7062	12.257
929.8013	16.003
782.6874	17.163
775.5493	9.036
876.5591	7.75
876.6439	5.114
184.0734	9.723
733.5177	10.107
721.5738	23.121
710.607	23.121
1031.8237	9.97
946.7726	11.454
693.5614	10.273
661.61	3.016
869.6834	11.647
314.3418	3.675
707.5408	5.915
942.7392	11.262
960.7875	13.653
918.7403	12.035
962.7848	9.805
870.7268	15.487
371.3583	10.189
582.5511	23.808
988.8547	16.998
644.5216	10.079
509.4564	17.105
699.6844	23.56
909.5914	6.548
748.6238	11.262
871.5531	3.239
546.3995	0.617
1131.314	23.684
917.7637	15.077
1097.0214	19.936
947.7752	13.031
285.2442	23.037
685.4346	12.812
697.5965	10.171
229.0414	23.427
610.1844	12.035
564.4297	5.032
564.5716	22.483
368.425	23.395
423.8039	4.147
341.2364	4.038
714.6039	10.988
779.5788	10.08
729.5261	5.279
1315.2052	23.601
753.6802	18.639
984.7512	9.997
951.8053	14.847
839.6509	10.851
810.5642	4.231
712.6452	20.44
762.6249	23.038
933.6951	15.735
604.6029	23.203
1147.7791	9.109
802.6922	16.692
681.5865	10.106
615.4553	2.989
945.8146	16.003
508.5454	12.424
581.6064	22.836
553.5745	20.461
810.7456	23.368
881.685	14.001
949.7903	14.775
205.191	14.94
502.3738	23.615
918.8479	22.862
1045.7601	12.956
368.2796	1.201
1350.3735	23.615
670.5623	15.378
764.5063	2.548
906.8853	19.411
244.2634	1.785
585.5282	15.982
739.664	23.38
551.6316	21.328
340.2594	23.698
1104.814	13.904
610.5277	14.857
741.68	23.505
855.7414	23.506
682.6494	23.121
925.5418	4.396
888.5729	5.142
646.4081	3.044
942.7759	14.666
226.1802	23.313
916.7097	10.106
931.7805	12.257
513.8428	15.709
692.583	23.452
888.5728	3.706
682.5993	16.559
1207.3116	14.913
792.5758	4.672
623.5448	9.365
777.6576	12.145
969.787	14.07
741.5792	7.532
971.8484	16.724
832.2417	22.862
575.5035	5.5
694.7439	19.604
770.5692	4.616
996.7715	15.789
589.4803	23.588
795.5342	4.23
958.7713	13.779
792.6718	23.313
880.7449	23.118
961.7265	16.284
680.5274	14.693
942.7101	9.31
1017.8532	16.554
936.8972	22.836
613.4828	4.615
155.1176	1.948
912.7655	22.913
628.6034	11.619
236.0715	1.592
215.0896	0.507
797.7066	15.727
1134.7887	10.658
725.4952	10.272
892.7088	14.306
893.5958	7.586
779.6386	13.835
826.7284	15.433
738.6242	10.061
956.8105	16.284
1425.3936	23.258
594.5463	11.758
725.7128	15.286
923.848	23.121
552.5625	16.944
753.5868	8.025
381.2973	22.733
909.8317	18.557
946.7711	14.057
988.8192	14.169
701.2518	23.533
171.1379	22.733
360.3626	23.808
885.7379	14.611
725.4956	9.393
607.6222	18.887
874.7131	12.92
316.3211	11.453
982.6834	9.118
737.5902	11.043
1068.35	19.68
776.2687	16.257
664.4749	6.82
917.7643	14.554
589.4828	5.279
551.5034	15.982
755.6386	23.121
797.6634	22.708
766.5322	12.146
900.7292	14.721
736.572	14.819
535.5449	19.705
525.3748	9.118
350.9829	14.056
842.5395	4.177
159.1128	14.665
957.7151	14.775
675.6026	23.313
370.3873	23.34
722.5051	0.62
943.7385	16.147
790.5779	9.118
924.8599	18.694
383.3672	18.997
683.6538	23.121
215.0958	9.817
967.9118	18.722
682.5982	15.872
663.4539	23.45
515.413	10.362
360.323	3.016
444.4202	23.037
802.6902	16.944
628.5515	16.14
1020.9532	19.08
344.2797	1.229
1095.0057	19.687
876.7169	9.172
953.7645	14.003
933.7161	12.007
382.2952	1.396
831.6519	10.161
697.6534	16.12
705.4974	11.317
736.6598	15.625
545.5122	12.736
884.6025	3.347
757.5172	9.997
712.6452	19.576
929.6787	8.106
847.6674	10.631
760.6441	14.94
882.5173	4.533
965.7061	10.051
648.6021	9.585
559.545	10.961
896.5626	4.092
812.7617	18.832
680.528	12.312
1048.9852	19.632
794.6876	23.313
841.7261	23.067
666.531	5.362
902.7462	11.648
628.5509	23.38
751.5472	6.191
691.5936	15.625
940.6383	4.12
859.7356	15.763
823.6782	23.712
773.5392	15.313
993.8354	15.982
826.7776	18.7
801.6627	14.858
975.7054	15.79
875.673	10.079
714.4708	3.153
951.8077	23.175
946.7708	14.363
844.5704	3.347
881.8004	18.529
663.4537	16.009
808.6668	23.203
790.6336	11.426
736.6246	10.768
839.7101	22.708
718.4751	11.592
865.6898	13.863
1464.1315	10.575
726.6764	23.203
628.5877	16.395
722.6446	22.836
766.5402	4.975
724.4915	1.341
567.5904	23.258
636.5052	12.674
1359.8503	9.97
786.5652	4.562
857.6215	4.809
187.0577	23.34
691.7162	18.914
790.5448	0.757
715.6066	12.893
1036.0093	20.19
610.1846	12.313
763.6439	14.029
844.739	19.386
1056.2961	17.301
893.6255	11.427
555.511	16.642
589.4799	23.726
852.7661	20.738
950.6937	15.543
187.1443	14.444
766.5534	14.363
1006.8528	15.901
589.4804	23.505
1041.583	7.86
791.6654	14.941
722.6086	12.673
546.3996	2.304
548.5037	23.258
742.62	10.63
885.7371	15.187
772.5782	9.42
548.5036	23.726
764.7124	17.627
987.8442	16.147
236.1674	2.168
919.7437	9.585
801.6487	9.31
908.2563	14.499
1216.3873	23.753
854.6915	11.426
201.1599	14.029
981.6799	9.036
386.3502	15.214
685.2025	23.368
851.6986	14.112
698.6282	14.847
1088.8021	13.946
972.788	8.981
953.7648	11.62
775.2705	13.946
838.5373	4.67
748.6452	15.736
662.6447	14.802
549.5432	17.219
341.305	3.046
626.2334	10.334
968.7568	9.365
977.8948	18.722
718.4748	11.842
901.7331	13.613
824.7351	23.657
216.0962	1.867
817.0674	7.778
1110.043	19.025
631.5281	11.731
685.2022	15.845
551.632	20.998
642.6036	16.505
811.5618	9.118
958.7347	9.806
1038.9433	19.19
159.1128	13.363
1083.0061	19.798
791.675	14.169
584.293	1.647
843.722	12.811
703.513	1.482
611.184	23.615
954.7976	18.751
753.5852	9.925
893.8378	23.312
922.6595	13.03
1069.3504	19.466
366.3732	4.892
273.2577	16.808
882.5176	4.837
507.5136	22.32
810.5579	23.324
805.6454	15.077
715.643	23.121
884.6018	4.259
839.7285	3.073
942.7751	15.405
603.4964	10.134
655.491	6.164
536.1653	12.736
892.7091	13.973
880.5698	3.405
960.736	11.675
201.1598	12.866
670.5528	5.887
522.4595	16.999
923.4911	6.465
818.5656	5.142
771.6398	15.023
701.5036	8.025
594.6186	22.527
779.5962	5.197
710.6934	10.906
701.251	22.733
751.7296	13.196
576.5718	18.722
806.748	17.219
988.8912	18.749
958.7711	14.112
470.3687	5.969
970.8077	14.28
949.7114	10.334
1352.062	9.997
563.4671	4.698
704.5169	9.338
564.4292	5.143
902.745	10.355
921.8329	23.38
215.0959	9.708
612.5928	16.092
1371.133	15.405
561.4874	17.572
791.5228	8.052
680.4803	15.763
614.5108	2.989
812.5808	5.694
692.6344	23.712
576.572	19.135
551.6319	19.37
766.5534	15.874
858.7188	14.831
553.3898	23.753
679.6829	12.062
908.258	16.477
680.5829	12.506
585.5282	23.712
1021.802	9.64
794.6869	13.363
673.6172	12.681
726.589	5.447
928.7595	9.887
1047.8189	9.778
850.2517	23.16
594.6184	22.207
758.2216	14.858
638.4036	4.698
889.8427	18.832
551.5036	18.804
357.1468	22.872
680.5274	12.535
796.7025	23.38
826.5364	5.804
1044.9539	19.135
1069.7085	14.46
669.623	12.949
720.6866	17.163
553.5749	18.888
878.7813	20.959
176.1645	23.45
906.7647	16.119
647.487	12.81
739.6195	11.261
996.3287	19.216
262.0504	23.836
855.5579	4.038
725.4954	9.31
974.8049	14.142
1044.7727	11.758
652.5878	9.942
880.7618	23.601
987.808	14.417
1005.9267	18.971
810.557	1.644
1074.7854	14.775
536.1656	12.458
737.5496	4.892
780.6776	15.27
953.7338	10.024
665.609	10.961
879.739	16.889
956.7778	14.913
908.8295	23.23
771.6896	16.449
846.5855	7.805
854.7293	23.739
796.7303	18.722
706.5738	14.857
974.8022	15.79
739.664	23.27
1015.7863	13.653
551.5036	16.779
846.6824	10.824
600.5562	15.873
609.6378	18.752
749.5318	4.975
522.4519	5.723
612.181	7.723
903.6245	6.053
812.6981	12.626
385.3467	23.601
849.7016	11.98
787.6344	14.666
1055.2977	19.608
403.2818	4.092
529.5384	7.997
701.2524	22.964
725.4951	12.34
429.3726	15.57
955.7698	13.974
921.7597	11.758
822.6024	5.141
780.5813	9.613
642.6031	16.944
742.5474	9.53
638.5547	11.289
933.8324	23.684
718.4748	12.479
829.6804	9.668
960.896	23.451
858.7192	14.5
854.5671	5.501
859.5877	5.474
838.5963	4.837
869.5351	2.878
798.644	14.388
913.859	23.368
805.5162	8.079
936.7143	16.258
525.5438	23.092
872.7704	15.763
819.1389	9.887
662.6446	14.085
812.7627	18.997
958.843	16.01
805.5562	4.782
196.4143	9.887
992.8851	18.612
391.2838	15.187
1057.2942	23.352
882.7764	16.201
686.559	13.724
1465.1343	10.575
844.5964	5.003
745.5752	10.796
1032.8279	15.543
839.7897	22.29
955.7793	14.528
806.7062	16.394
996.8235	15.68
635.4565	9.118
546.3996	1.647
536.1651	14.598
685.6693	18.997
990.9062	19.083
854.7009	13.335
767.5372	9.996
947.7755	13.391
920.8289	23.753
570.5098	9.476
936.7662	13.947
831.7122	12.313
942.7764	14.03
958.7348	10.851
965.8944	19.055
739.6644	23.601
952.7611	11.897
829.669	23.427
907.7349	14.639
1098.8769	13.196
791.5206	9.53
752.5568	10.906
917.8737	18.969
1019.7443	13.848
642.6032	23.118
711.5884	9.942
1087.037	20.24
850.7505	19.687
981.8254	19.107
744.5412	11.98
856.5694	4.534
805.7123	19.549
734.5422	10.025
915.7055	13.087
741.6228	10.796
989.8221	13.614
975.7269	12.534
805.5063	3.899
592.603	19.964
921.9053	19.548
960.7877	13.429
902.6277	11.984
551.6319	12.313
900.7303	13.28
638.6198	10.382
991.7217	10.162
926.7151	9.464
869.7008	23.808
874.6981	10.935
841.5679	4.092
187.0615	9.763
986.7664	10.389
420.3317	2.688
1129.3173	20.468
943.7714	13.474
845.6112	4.726
599.5442	10.134
897.7534	23.121
1055.2982	19.241
902.7449	10.63
701.4585	2.99
925.7331	11.675
575.4456	23.808
717.6755	16.25
934.9168	19.659
1058.2761	11.73
743.5592	12.507
742.5469	10.171
174.1488	23.34
1010.9117	18.859
353.2662	22.899
884.6246	10.658
778.6827	16.229
788.521	5.584
726.5308	14.114
520.5167	16.12
569.3847	5.942
836.5805	5.003
778.5374	3.098
535.451	11.427
845.536	2.794
671.568	10.299
960.8599	23.533
216.0962	1.566
687.5688	23.221
846.6374	10.162
1145.3673	23.726
676.6605	15.242
878.7319	14.499
818.6162	5.086
565.4806	15.022
791.5034	6.602
549.4876	23.38
990.7985	14.417
753.5994	5.969
654.6395	13.085
551.6316	22.272
971.8124	14.611
703.5131	1.341
857.7274	16.638
420.3316	4.314
698.6297	16.339
316.321	12.866
963.7704	12.257
755.6159	16.147
1088.981	18.557
1423.1005	8.051
1150.8625	12.894
952.8394	18.997
226.1802	23.588
684.2035	12.479
562.5197	10.686
969.7606	9.503
1004.8123	9.996
694.6346	15.461
975.7271	10.079
1199.8639	7.751
934.7351	10.244
804.6846	14.334
753.5703	14.694
561.5608	18.256
682.5987	14.112
736.645	23.38
806.609	5.141
865.69	13.725
766.5534	15.516
923.7741	14.802
604.3682	2.607
871.7725	18.502
1012.8176	14.913
1147.8198	13.932
902.7456	11.929
989.785	12.811
1353.1833	20.849
187.0614	21.264
725.4954	10.162
607.6218	23.368
942.8857	18.969
159.1128	15.707
244.1907	23.352
826.7135	16.23
623.5446	9.942
704.5168	9.173
1350.3734	23.684
684.6505	16.615
936.7512	12.395
921.7587	11.953
921.8317	16.89
795.6702	10.769
753.6803	19.632
943.7706	13.614
767.5376	10.273
819.5344	3.844
748.6243	11.925
724.4922	23.864
741.614	10.272
766.5314	3.566
505.4978	23.753
651.6483	14.112
187.0616	10.051
948.6772	12.838
837.658	15.434
683.6018	14.502
910.6634	16.257
816.5636	7.696
953.7651	13.446
799.5288	10.025
806.236	16.229
1057.7295	8.953
740.6191	14.418
406.2925	1.59
845.5369	3.043
920.865	22.604
1278.3534	20.184
736.6127	16.229
706.6827	13.196
689.655	23.221
545.5122	16.586
627.576	11.703
881.7569	23.781
187.0617	12.57
725.4952	12.59
718.4752	8.079
838.654	9.53
611.1848	23.011
663.4539	16.174
925.3059	16.581
605.512	11.536
636.4236	2.988
1012.8552	16.229
929.7655	11.759
371.3584	10.52
963.9172	23.12
282.2066	22.913
1044.7567	12.514
709.4997	10.079
548.5036	22.862
796.5854	5.28
778.6594	17.301
967.7219	12.59
371.1626	0.589
564.5072	10.327
805.5062	4.698
870.7255	15.763
594.6182	21.439
741.6798	23.781
588.5714	16.367
805.5061	3.678
865.5646	7.997
1433.0851	9.531
619.5213	5.997
981.2793	18.749
878.7812	22.035
679.4914	5.418
698.6284	23.039
838.6919	15.9
823.6788	23.395
293.2112	14.499
770.5686	4.202
875.7534	14.775
835.7227	13.474
901.5996	2.988
515.4132	11.481
262.0506	22.784
624.6658	18.859
767.616	15.928
168.9837	22.733
273.2577	23.285
810.6826	13.141
761.6194	10.106
626.2331	10.879
971.8111	14.94
667.5276	10.824
759.534	9.613
1022.9701	19.632
957.7153	14.94
722.6424	15.077
663.5334	14.984
902.7464	12.756
854.5318	4.259
553.5747	19.549
949.7115	11.731
878.7455	12.702
827.6808	9.475
551.6318	22.439
780.6728	22.939
570.4367	10.713
738.5526	5.113
805.5052	4.394
1061.7954	12.179
411.3985	19.218
189.1598	14.389
635.4564	23.067
592.6029	20.578
687.5692	16.477
776.677	17.627
532.4112	9.778
962.8036	13.28
880.7967	22.606
666.4344	5.777
942.8549	19.331
187.0617	11.565
908.2559	15.708
906.8132	19.293
941.8	14.418
841.6753	10.217
674.536	5.419
738.6303	15.049
914.7288	12.956
805.5944	8.134
880.6	10.354
852.7657	22.401
961.8633	22.964
980.9283	19.521
844.7384	21.689
1204.3341	20.385
739.5647	4.783
686.5855	13.169
663.6494	10.963
578.5784	16.56
933.8692	23.368
837.6204	5.279
751.6435	15.68
948.7717	16.312
886.5444	2.934
918.8492	23.726
974.8044	13.53
704.5159	10.493
968.7015	10.879
371.1628	12.451
921.7592	12.7
1013.813	14.141
228.1957	9.914
879.7851	23.671
878.7815	21.347
833.5742	3.816
533.5292	22.475
999.8435	14.557
731.6168	16.505
848.6095	6.025
551.6318	20.44
553.5744	20.655
890.5756	3.651
728.6758	15.023
161.8653	12.838
593.9434	3.543
800.5448	4.285
909.2408	9.146
730.598	10.824
871.6256	6.191
766.5326	11.703
784.7292	18.53
187.0614	21.043
232.1907	16.258
717.5442	9.366
570.5096	9.421
1160.8044	6.63
725.4958	9.53
626.2326	11.262
930.8492	23.615
1055.2983	20.544
581.6061	23.45
1370.3823	15.79
200.0376	15.872
701.252	11.706
753.5798	15.599
651.605	19.521
888.7563	13.807
521.5294	19.521
371.1625	1.537
888.6079	3.098
215.0958	7.887
516.4163	23.45
724.491	23.133
973.8276	14.639
898.6632	13.279
341.305	16.229
553.3899	23.45
999.916	19.025
908.2564	15.05
991.9367	19.438
901.7704	14.858
402.3577	23.794
990.7973	14.665
969.7595	10.961
923.3098	18.529
864.5628	9.282
845.7449	23.684
795.6247	10.851
788.5193	9.009
906.6292	10.657
173.1326	15.406
236.0717	1.286
409.3828	23.533
758.2224	12.063
878.6898	12.118
1049.7816	13.932
975.7278	11.648
1027.9471	19.328
1352.3722	23.01
159.1128	13.918
892.7085	14.084
833.2422	23.16
740.6391	13.086
962.7576	9.118
946.8797	23.698
546.3999	2.524
551.5036	19.193
827.7104	22.816
902.7465	12.285
972.8246	14.557
718.4836	5.251
852.7662	20.932
151.9497	23.203
992.8277	17.026
805.6362	10.189
521.5295	19.852
420.3316	2.908
1004.7922	15.133
643.607	12.674
861.694	16.94
535.5448	22.485
576.5717	19.853
949.8993	23.23
201.1598	12.728
912.7246	15.051
851.7101	23.395
859.519	4.176
844.7389	21.855
823.7221	15.7
986.7665	12.514
289.2932	10.989
775.5293	9.531
692.6192	10.988
1130.3146	20.296
724.4913	1.482
782.5034	5.584
724.609	10.024
341.3051	2.797
864.6489	5.335
881.5712	4.147
847.616	5.5
1130.3157	19.853
812.7351	16.449
777.5614	8.161
891.7479	14.28
949.9003	23.34
880.5466	5.529
475.0628	2.383
766.531	0.619
718.4837	11.98
1030.8116	14.61
781.6318	16.34
715.592	15.762
387.1817	2.495
862.7409	13.613
237.075	23.808
1128.3169	19.411
187.0578	16.339
549.5432	16.861
512.4156	23.698
1202.3355	20.489
743.7104	18.694
854.6808	10.355
1452.1052	16.113
662.645	14.444
929.8281	23.56
602.5878	11.619
1479.1338	16.504
576.572	18.969
791.6961	19.718
629.5556	11.482
805.7121	19.718
810.5658	4.505
187.0616	18.613
316.321	16.423
810.5584	10.382
766.5308	4.752
875.6231	9.695
600.5562	23.45
851.7134	13.918
908.8293	19.687
960.7876	14.127
647.4112	4.754
613.5598	15.727
538.4912	17.6
784.6232	9.832
880.7448	23.574
774.5183	9.447
1424.3927	23.34
602.9302	1.868
911.7545	13.973
620.6344	23.352
650.5354	6.164
790.5447	1.482
942.7764	14.557
805.506	10.437
389.3012	4.01
829.5792	5.281
846.6134	3.844
922.8812	23.505
801.6945	23.367
607.622	19.438
682.5986	13.752
173.1285	19.632
787.5676	4.175
625.6693	18.639
187.0615	21.681
858.7548	23.684
637.4687	3.068
895.718	23.478
653.658	12.035
917.7205	15.432
1202.3356	19.328
908.8297	19.162
1443.4038	15.79
1130.2969	13.168
810.5577	10.851
784.609	10.824
771.6472	23.35
187.0577	16.586
581.6062	20.213
948.6781	12.479
759.5323	11.957
958.7718	14.666
567.5906	20.717
808.5614	3.266
719.5381	12.173
1396.1832	19.576
539.5594	23.615
411.3986	20.544
963.8063	13.141
627.6118	16.45
794.6896	22.939
581.6062	18.53
551.5034	20.44
966.8132	15.515
782.535	4.864
770.6302	9.366
755.6961	19.908
906.8487	17.135
762.6232	13.697
944.7917	13.835
929.7653	12.202
615.4556	3.321
929.7651	11.648
252.0457	11.925
693.586	23.066
302.2196	14.831
571.4854	16.477
647.5016	12.007
1003.793	13.613
1143.3689	20.184
907.7006	9.31
371.1628	22.553
876.7286	11.289
725.4956	11.814
886.6976	10.354
579.4268	22.862
898.6981	16.422
1295.3652	15.818
921.6588	12.451
187.0578	22.708
258.2064	18.175
1277.3553	20.406
746.5126	4.809
851.5991	3.678
256.2636	23.34
934.7351	10.19
537.1638	15.818
1292.4055	23.203
739.5978	23.285
980.2789	20.162
992.6779	5.306
1014.8174	14.638
567.5907	18.829
595.622	18.778
886.6175	4.341
365.1055	23.313
576.5719	19.687
628.5878	16.504
203.1756	13.085
1064.7097	10.88
770.5686	10.961
894.7559	23.615
852.7919	19.08
187.0616	22.208
810.5574	23.725
532.4112	10.824
894.8129	20.578
838.7502	21.125
740.5232	5.141
842.5823	3.514
590.4257	0.674
587.5442	16.119
523.472	16.834
979.8679	19.3
607.5497	10.713
852.5759	3.236
576.5718	20.96
252.0457	12.229
563.5764	18.502
829.5793	4.975
187.0615	21.957
581.6064	20.489
622.6497	23.781
483.3764	3.625
894.6289	11.289
512.4157	23.45
563.5666	17.107
1006.8662	16.03
1077.7853	14.432
814.6985	23.616
551.6322	19.473
409.3827	23.203
357.1471	0.14
344.2252	23.258
974.8035	14.348
796.7303	20.074
657.6007	15.762
908.2593	23.011
625.2356	12.479
187.1443	13.975
798.7461	20.655
371.1628	11.62
980.7929	13.224
736.6126	15.872
1015.8214	16.747
395.2201	3.096
429.3731	11.565
974.913	23.037
680.411	15.231
830.6868	15.269
228.1957	6.683
869.7	23.464
877.7283	16.806
980.2786	19.654
881.8369	23.753
521.5291	22.899
187.0615	12.763
173.1285	1.698
699.562	23.864
637.9703	3.265
173.1283	17.163
750.6609	20.24
1014.7822	12.653
430.3889	22.954
805.5058	3.402
915.7332	13.457
881.8006	23.247
948.7899	13.168
600.5564	23.56
451.4509	20.517
706.7441	19.383
686.5861	13.641
525.5436	20.295
642.6031	23.272
203.1755	16.202
1279.3536	20.301
948.7878	10.713
928.7618	10.3
567.5904	23.726
576.5714	22.373
796.7302	19.908
909.7522	16.257
814.5271	4.23
805.5802	7.942
579.5904	21.161
409.3828	16.779
824.7348	23.367
838.7768	20.102
551.5037	19.687
173.0784	17.054
591.535	11.953
958.735	10.961
894.8135	22.788
724.6447	23.712
850.7507	20.273
535.5446	22.105
214.18	16.944
784.7033	16.559
626.5722	10.354
343.2954	21.68
839.6364	5.805
791.6966	20.273
852.7911	23.782
998.822	15.735
523.4722	23.615
712.645	21.292
875.6085	12.008
901.7325	13.087
298.0424	9.337
722.5055	0.338
960.8266	18.804
898.7867	15.845
825.6977	13.557
411.3988	20.433
911.7539	14.306
1278.3539	18.667
784.6388	10.197
909.6946	15.873
576.5716	22.816
837.6201	6.163
886.7494	23.505
565.433	5.941
357.147	22.235
849.2902	20.184
911.6655	16.779
971.8112	15.817
549.5608	19.328
357.1472	0.31
785.5527	4.037
934.8787	17.572
968.7566	10.161
651.5771	12.783
963.7684	11.289
204.196	13.114
776.6554	14.197
561.5604	23.56
780.518	3.293
431.3796	6.109
617.5118	23.505
294.1487	17.327
1354.3701	23.313
316.3212	5.168
1277.3557	19.742
343.2956	20.877
200.0373	6.574
585.5284	15.625
772.6461	12.118
532.8606	11.426
1204.3344	21.024
535.5449	22.318
368.3394	10.851
1448.0841	7.833
1292.4064	23.684
668.6192	10.41
950.9129	20.019
878.7811	21.79
989.8225	13.401
357.1468	21.717
593.6138	11.98
567.5905	22.811
553.5746	21.855
712.6812	17.327
911.8472	18.694
677.5514	10.107
688.6974	18.529
515.4134	11.675
664.4572	23.221
304.2998	23.258
172.1332	23.671
594.3766	4.231
523.472	23.352
357.1472	22.513
671.5673	14.195
934.7706	14.721
154.7946	15.296
805.5553	5.224
576.499	6.024
357.1468	21.828
613.5598	16.477
850.7508	20.074
903.749	11.537
802.6161	5.141
838.7506	20.655
576.571	21.181
815.7109	23.615
357.1471	22.152
704.5166	10.657
283.2633	18.613
577.4383	2.933
772.5254	7.97
927.785	15.954
963.879	23.423
858.7547	18.887
766.5319	16.504
152.9701	23.478
853.7694	23.478
365.3203	13.752
581.6065	19.328
939.6841	16.697
950.8394	17.6
766.5316	1.339
641.6272	16.862
236.1676	3.018
537.5354	16.146
753.6803	21.07
797.675	16.119
252.0457	12.424
739.4606	2.52
652.5884	12.063
791.5483	4.56
420.332	5.942
607.622	20.248
592.603	21.356
844.739	22.494
759.222	23.615
959.7319	12.008
729.5705	11.787
316.3211	4.809
856.6336	6.052
891.8226	23.67
961.7906	14.142
587.5445	9.476
812.762	19.245
523.4724	23.037
622.6499	23.422
1055.2972	20.904
567.5902	23.422
1075.9165	19.687
313.2738	12.008
749.5316	5.583
849.2901	19.654
561.5608	18.546
199.1804	14.94
894.8131	19.825
1143.3684	21.624
549.5606	19.88
864.3907	2.441
175.1442	14.611
920.8646	22.164
581.6062	19.912
824.6724	9.448
215.0956	10.988
776.2685	15.763
553.5748	22.179
424.3633	23.56
549.5604	18.916
713.6461	23.505
868.5319	3.321
753.68	19.964
371.1629	3.21
827.7105	19.912
561.5605	23.478
753.6802	21.542
551.5036	20.267
881.8004	23.712
551.6317	14.46
563.5597	16.504
958.7355	9.337
423.2888	22.733
812.7616	19.687
567.5907	19.345
951.7278	12.091
696.6868	16.092
961.7542	10.273
867.7855	19.08
1045.8856	16.587
759.222	23.753
357.1472	10.796
766.6558	12.486
236.0718	0.053
838.7506	20.848
680.5278	5.859
812.7622	19.466
357.1472	0.481
922.6376	11.98
719.538	12.284
1128.3167	20.772
298.0421	9.118
333.3349	23.452
892.7965	22.04
905.6849	12.091
664.6247	12.229
844.7387	22.189
722.6291	16.944
187.0615	22.484
486.3426	5.611
669.6291	23.505
565.5752	22.811
722.6092	13.613
732.5392	8.024
906.7772	14.389
1276.3546	19.549
859.6061	14.775
243.0196	13.197
723.5088	5.749
739.6644	20.434
878.7335	14.112
680.528	13.558
1142.3687	19.941
962.7303	16.174
1056.2952	20.047
931.7	14.554
1013.8127	13.919
513.8427	14.141
704.5162	10.906
632.635	13.224
657.5864	23.726
216.0962	0.422
932.8645	22.527
298.0422	0.195
549.4878	20.44
811.5235	1.345
829.7268	23.221
576.5718	22.622
513.8426	23.753
1105.8169	13.904
776.5451	5.473
943.744	9.393
752.6188	10.906
357.1469	1.673
216.0962	0.591
612.5926	16.747
838.7505	18.722
1130.314	21.652
1130.3147	20.96
549.5608	20.634
809.707	16.692
547.4714	17.573
316.321	14.583
1056.2962	19.356
981.2786	20.24
496.4206	23.367
216.0962	0.98
343.2955	16.692
258.0977	8.024
713.649	23.753
685.2033	10.465
724.7178	17.159
980.2786	18.751
549.4878	19.052
1276.3545	20.218
768.6136	10.162
1056.8298	11.619
981.8452	14.306
897.6947	16.642
553.5746	21.717
1204.3347	21.347
515.413	12.681
327.2318	14.902
567.5904	20.296
805.7124	22.899
980.2786	22.483
849.2914	21.236
805.5059	12.562
298.0422	0.393
850.7512	18.971
909.869	23.615
840.714	23.368
920.8654	21.681
805.7122	21.957
630.5802	12.201
350.2539	9.172
981.2794	19.273
725.4954	4.975
719.538	13.113
714.6036	9.723
604.6035	19.466
794.5327	4.038
744.5626	12.423
172.0967	17.163
943.7695	14.253
343.2955	21.514
226.1802	18.887
852.7924	20.24
800.6528	11.98
975.7268	10.334
1424.3922	23.423
187.0616	20.268
1132.2949	13.168
587.4652	23.698
168.9838	23.506
216.0938	2.36
698.5879	14.847
793.6322	9.86
632.607	11.98
827.7107	19.714
815.7108	23.491
906.2597	20.489
200.0376	14.94
553.5744	21.577
267.2109	15.269
699.5608	2.908
700.6162	13.168
502.374	9.996
811.523	1.508
892.7963	22.456
551.5034	20.129
975.7272	11.453
1001.8226	14.086
796.6672	11.593
923.3096	19.857
947.7751	14.169
205.1908	15.405
371.1627	21.517
170.0964	10.079
981.2784	18.969
834.2373	15.919
187.0617	13.597
1353.3739	20.572
444.4196	23.395
406.2926	1.289
236.0717	0.507
860.6108	11.537
229.0413	23.169
849.2899	18.751
311.258	23.23
609.6382	20.71
565.5672	16.78
200.0375	16.807
395.2924	3.293
755.6952	20.821
640.5876	14.666
188.0551	23.849
703.5132	0.393
170.0964	23.313
272.222	11.344
316.321	4.506
251.0469	0.251
701.2514	12.368
750.6612	19.88
626.572	16.312
157.1335	3.651
1352.371	18.861
812.7614	20.637
371.1624	22.161
1277.3544	21.486
766.5318	0.477
959.7758	13.973
609.6379	19.396
765.5346	13.502
805.7122	22.289
686.1995	23.45
525.5438	19.548
882.723	13.279
199.1886	1.317
937.7692	14.306
251.0469	0.395
353.2662	19.963
696.5776	5.887
923.3088	20.461
782.714	23.38
622.6501	19.964
766.5319	0.255
170.0966	23.726
371.1626	22.04
692.6552	16.89
858.7188	14.278
750.6618	18.932
371.1627	0.338
836.2369	12.201
790.5452	0.366
741.6802	20.323
521.5291	21.735
858.7552	20.301
1277.3555	21.042
446.3708	5.556
808.5494	6.024
654.5673	12.313
502.3734	4.118
289.293	20.96
816.7082	23.698
628.552	12.258
565.5667	23.34
741.68	19.77
867.7054	14.775
590.4267	0.394
893.8015	19.798
984.7515	10.217
565.4324	23.644
525.5439	19.273
852.7297	16.807
214.9176	3.486
272.2588	23.01
1130.3156	22.485
808.6659	10.465
252.0456	0.224
169.1337	13.502
750.6616	20.544
663.4544	16.532
622.6498	21.022
849.29	20.931
813.6944	19.963
628.5516	19.628
906.7611	23.56
252.0456	3.761
839.7103	19.273
289.2931	22.872
680.6558	16.587
1030.866	16.559
905.7571	23.67
549.5609	19.714
881.8015	20.328
563.5763	19.908
685.5558	11.925
813.6956	19.026
371.1628	10.607
746.6088	13.669
950.8026	23.754
716.6103	12.312
226.1802	16.559
284.2948	23.671
371.1626	16.587
791.696	21.3
595.6218	19.273
285.2424	23.451
