,,,,,,,,,,,,,,,,,,,,,,,,,,,,,,,,,,Class,1,1,1,1,NA,NA
,,,,,,,,,,,,,,,,,,,,,,,,,,,,,,,,,,File type,Sample,Sample,Sample,Sample,NA,NA
,,,,,,,,,,,,,,,,,,,,,,,,,,,,,,,,,,Injection order,1,2,3,4,NA,NA
,,,,,,,,,,,,,,,,,,,,,,,,,,,,,,,,,,Batch ID,1,1,1,1,Average,Stdev
Alignment ID,Average Rt(min),Average Mz,Metabolite name,Adduct type,Post curation result,Fill %,MS/MS assigned,Reference RT,Reference m/z,Formula,Ontology,INCHIKEY,SMILES,Annotation tag (VS1.0),RT matched,m/z matched,MS/MS matched,Comment,Manually modified for quantification,Manually modified for annotation,Isotope tracking parent ID,Isotope tracking weight number,RT similarity,m/z similarity,Simple dot product,Weighted dot product,Reverse dot product,Matched peaks count,Matched peaks percentage,Total score,S/N average,Spectrum reference file name,MS1 isotopic spectrum,MS/MS spectrum,P Finnie Serum clmn TEST 1_GD1_01_66704,P Finnie Serum clmn TEST 2_GD1_01_66705,P Finnie Serum clmn TEST 3_GD1_01_66706,P Finnie Serum clmn TEST 4_GD1_01_66707,1,1
0,10.896,369.35059,no MS2: RIKEN P-VS1 ID-2084 from Mouse_Plasma_ApoEKO_N_F1EPA,[M+H]+,null,1.00,False,15.240,369.34921,null,Unknown,null,null,530,False,True,False,Normalized unit: Intensity; Annotation method: Msp20260116160945_NCDK_conventional_converted_dev_1,False,False,0,0,0.00,0.99,null,null,null,-1.00,-1.00,-0.133,46.76,P Finnie Serum clmn TEST 1_GD1_01_66704,369.34991:421752 370.35458:132024 371.35925:19352,null,1545488,1672444,1571282,1550161,1584844.0201875,59468.4648098224
1,11.685,369.35193,no MS2: RIKEN P-VS1 ID-2084 from Mouse_Plasma_ApoEKO_N_F1EPA,[M+H]+,null,1.00,False,15.240,369.34921,null,Unknown,null,null,530,False,True,False,Normalized unit: Intensity; Annotation method: Msp20260116160945_NCDK_conventional_converted_dev_1,False,False,1,0,0.00,0.97,null,null,null,-1.00,-1.00,-0.144,107.62,P Finnie Serum clmn TEST 1_GD1_01_66704,369.35052:920870 370.35519:270188 371.35986:36718,null,3825342,3547733,3649127,3949853,3743013.85314064,179359.731360937
2,11.182,369.35205,no MS2: ST 27:1;O,[M+H-H2O]+,null,1.00,False,8.638,369.35159,C27H46O,ST,HVYWMOMLDIMFJA-UHFFFAOYSA-N,OC1CC2=CCC3C(CCC4(C)C(CCC34)C(C)CCCC(C)C)C2(C)CC1,530,False,True,False,Normalized unit: Intensity; Annotation method: Msp20260116160945_NCDK_conventional_converted_dev_1,False,False,2,0,0.00,1.00,null,null,null,-1.00,-1.00,-0.145,165.06,P Finnie Serum clmn TEST 4_GD1_01_66707,369.35205:1381150 370.35672:401866 371.36139:55708,null,6047375,6402030,6244589,6606915,6325227.34276562,237312.148308633
3,3.862,391.28278,no MS2: Dioctyl phthalate (also known as the production of plastic),[M+H]+,null,0.75,False,7.431,391.28427,C24H38O4,Others,MQIUGAXCHLFZKX-UHFFFAOYSA-N,CCCCCCCCOC(=O)C1=C(C=CC=C1)C(=O)OCCCCCCCC,530,False,True,False,Normalized unit: Intensity; Annotation method: Msp20260116160945_NCDK_conventional_converted_dev_1,False,False,3,0,0.00,0.99,null,null,null,-1.00,-1.00,-0.150,3306.17,P Finnie Serum clmn TEST 4_GD1_01_66707,391.28345:813676 392.28812:272650 393.29278:42654,null,9557,1497586,1475319,1463678,1111535.01625,734786.802072174
4,3.724,391.28293,no MS2: Dioctyl phthalate (also known as the production of plastic),[M+H]+,null,0.25,False,7.431,391.28427,C24H38O4,Others,MQIUGAXCHLFZKX-UHFFFAOYSA-N,CCCCCCCCOC(=O)C1=C(C=CC=C1)C(=O)OCCCCCCCC,530,False,True,False,Normalized unit: Intensity; Annotation method: Msp20260116160945_NCDK_conventional_converted_dev_1,False,False,4,0,0.00,0.96,null,null,null,-1.00,-1.00,-0.161,3950.63,P Finnie Serum clmn TEST 1_GD1_01_66704,391.28293:715724 392.28760:239788 393.29226:36040,null,1538745,6595,7021,7755,390028.7139375,765810.930640787
5,3.724,413.26535,no MS2: NAGlySer 16:2;O,[M+Na]+,null,0.25,False,3.683,413.26459,C21H36N2O6,NAGlySer,ZLROQDUGSHYFDW-UHFFFAOYSA-N,O=C(O)C(NC(=O)CNC(=O)CC(O)CCCCCC=CCC=CCCC)CO,530,False,True,False,Normalized unit: Intensity; Annotation method: Msp20260116160945_NCDK_conventional_converted_dev_1,False,False,5,0,0.00,0.99,null,null,null,-1.00,-1.00,-0.149,1435.12,P Finnie Serum clmn TEST 1_GD1_01_66704,413.26535:300854 414.27002:78380 415.27469:11898,null,848924,5388,4950,4424,215921.3828125,422002.085243141
6,3.862,413.26563,no MS2: NAGlySer 16:2;O,[M+Na]+,null,0.75,False,3.683,413.26459,C21H36N2O6,NAGlySer,ZLROQDUGSHYFDW-UHFFFAOYSA-N,O=C(O)C(NC(=O)CNC(=O)CC(O)CCCCCC=CCC=CCCC)CO,530,False,True,False,Normalized unit: Intensity; Annotation method: Msp20260116160945_NCDK_conventional_converted_dev_1,False,False,6,0,0.00,1.00,null,null,null,-1.00,-1.00,-0.144,1324.21,P Finnie Serum clmn TEST 3_GD1_01_66706,413.26495:319604 414.26962:85404 415.27429:12072,null,12121,815345,809727,823139,615083.1650625,402012.547306584
7,3.862,429.23938,Unknown,[M+K]+,null,0.75,False,null,null,null,null,null,null,999,False,False,False,Normalized unit: Intensity,False,False,7,0,0.00,null,null,null,null,null,null,null,622.91,P Finnie Serum clmn TEST 2_GD1_01_66705,429.23938:116304 430.24405:27852 431.24872:9156,null,2309,278862,275634,271430,207058.55553125,136533.701228436
8,3.724,429.23944,Unknown,[M+K]+,null,0.25,False,null,null,null,null,null,null,999,False,False,False,Normalized unit: Intensity,False,False,8,0,0.00,null,null,null,null,null,null,null,803.14,P Finnie Serum clmn TEST 1_GD1_01_66704,429.23944:113336 430.24411:29470 431.24878:8594,null,285227,1325,814,1462,72206.969109375,142013.319972897
9,3.862,435.32050,no MS2: NAOrn 20:4;O,[M+H]+,null,0.75,False,5.430,435.32169,C25H42N2O4,NAOrn,JTVXKANNMRGXBT-UHFFFAOYSA-N,O=C(O)C(NC(=O)CC(O)CCCCC=CCC=CCC=CCC=CCC)CCCN,530,False,True,False,Normalized unit: Intensity; Annotation method: Msp20260116160945_NCDK_conventional_converted_dev_1,False,False,9,0,0.00,1.00,null,null,null,-1.00,-1.00,-0.143,738.99,P Finnie Serum clmn TEST 4_GD1_01_66707,435.32147:141188 436.32614:0 437.33081:0,null,9621,438048,458978,448373,338754.89828125,219589.062332154
10,3.724,435.32120,no MS2: NAOrn 20:4;O,[M+H]+,null,0.25,False,5.430,435.32169,C25H42N2O4,NAOrn,JTVXKANNMRGXBT-UHFFFAOYSA-N,O=C(O)C(NC(=O)CC(O)CCCCC=CCC=CCC=CCC=CCC)CCCN,530,False,True,False,Normalized unit: Intensity; Annotation method: Msp20260116160945_NCDK_conventional_converted_dev_1,False,False,10,0,0.00,1.00,null,null,null,-1.00,-1.00,-0.145,879.71,P Finnie Serum clmn TEST 1_GD1_01_66704,435.32120:143188 436.32587:0 437.33053:0,null,482147,3196,4212,1685,122810.105875,239560.032570035
11,3.862,464.37283,no MS2: CAR 21:3,[M+H]+,null,0.75,False,6.834,464.37341,C28H49NO4,CAR,ZPOWZIAUGKOQTA-UHFFFAOYSA-N,O=C([O-])CC(OC(=O)CCCCCCCC=CCC=CCC=CCCCCC)C[N+](C)(C)C,530,False,True,False,Normalized unit: Intensity; Annotation method: Msp20260116160945_NCDK_conventional_converted_dev_1,False,False,11,0,0.00,1.00,null,null,null,-1.00,-1.00,-0.143,461.89,P Finnie Serum clmn TEST 4_GD1_01_66707,464.37320:112716 465.37787:34452 466.38253:6172,null,3596,321698,313585,315872,238687.826328125,156764.935658352
12,3.724,464.37286,no MS2: CAR 21:3,[M+H]+,null,0.25,False,6.834,464.37341,C28H49NO4,CAR,ZPOWZIAUGKOQTA-UHFFFAOYSA-N,O=C([O-])CC(OC(=O)CCCCCCCC=CCC=CCC=CCCCCC)C[N+](C)(C)C,530,False,True,False,Normalized unit: Intensity; Annotation method: Msp20260116160945_NCDK_conventional_converted_dev_1,False,False,12,0,0.00,0.99,null,null,null,-1.00,-1.00,-0.146,476.78,P Finnie Serum clmn TEST 1_GD1_01_66704,464.37286:110146 465.37753:35724 466.38220:5820,null,332916,1082,1044,1094,84033.8880624999,165921.659514166
13,1.184,478.32852,no MS2: LPC O-16:2,[M+H-H2O]+,null,0.25,False,6.160,478.32919,C24H48NO6P,EtherLPC,UOPHUBYUKOXZMA-UHFFFAOYSA-N,O=P([O-])(OCC[N+](C)(C)C)OCC(OCCCCCCCCC=CCC=CCCC)CO,530,False,True,False,Normalized unit: Intensity; Annotation method: Msp20260116160945_NCDK_conventional_converted_dev_1,False,False,13,0,0.00,0.99,null,null,null,-1.00,-1.00,-0.147,730.85,P Finnie Serum clmn TEST 1_GD1_01_66704,478.32852:98148 479.33319:25956 480.33786:4472,null,538150,59,102,502,134703.440546875,268964.650647509
14,1.572,478.32986,no MS2: LPC O-16:2,[M+H-H2O]+,null,0.75,False,6.160,478.32919,C24H48NO6P,EtherLPC,UOPHUBYUKOXZMA-UHFFFAOYSA-N,O=P([O-])(OCC[N+](C)(C)C)OCC(OCCCCCCCCC=CCC=CCCC)CO,530,False,True,False,Normalized unit: Intensity; Annotation method: Msp20260116160945_NCDK_conventional_converted_dev_1,False,False,14,0,0.00,1.00,null,null,null,-1.00,-1.00,-0.143,1115.90,P Finnie Serum clmn TEST 3_GD1_01_66706,478.32904:182010 479.33371:50694 480.33838:7152,null,2106,528719,542285,535375,402121.284015625,266734.580010481
15,1.804,480.34467,no MS2: Cer 29:6;O2|Cer 12:2;O2/17:4,[M+Na]+,null,0.75,False,6.904,480.34479,C29H47NO3,Cer_NS,AVUPTUJEMLICEL-UHFFFAOYSA-N,O=C(NC(CO)C(O)C=CCCC=CCCC)CCCC=CCC=CCC=CCC=CCC,530,False,True,False,Normalized unit: Intensity; Annotation method: Msp20260116160945_NCDK_conventional_converted_dev_1,False,False,15,0,0.00,1.00,null,null,null,-1.00,-1.00,-0.143,502.70,P Finnie Serum clmn TEST 4_GD1_01_66707,480.34467:116710 481.34933:30240 482.35400:4858,null,805,330888,336244,340801,252184.463171875,167635.500229416
16,1.515,482.35916,no MS2: Cer 29:5;O2|Cer 12:1;O2/17:4,[M+Na]+,null,0.25,False,6.882,482.36050,C29H49NO3,Cer_NS,MJZZTRKAMZIQEW-UHFFFAOYSA-N,O=C(NC(CO)C(O)C=CCCCCCCC)CCCC=CCC=CCC=CCC=CCC,530,False,True,False,Normalized unit: Intensity; Annotation method: Msp20260116160945_NCDK_conventional_converted_dev_1,False,False,16,0,0.00,0.96,null,null,null,-1.00,-1.00,-0.161,654.00,P Finnie Serum clmn TEST 1_GD1_01_66704,482.35916:75358 483.36383:20776 484.36850:2956,null,400634,898,492,408,100607.892140625,200017.470233055
17,1.862,482.36060,no MS2: Cer 29:5;O2|Cer 12:1;O2/17:4,[M+Na]+,null,0.75,False,6.882,482.36050,C29H49NO3,Cer_NS,MJZZTRKAMZIQEW-UHFFFAOYSA-N,O=C(NC(CO)C(O)C=CCCCCCCC)CCCC=CCC=CCC=CCC=CCC,530,False,True,False,Normalized unit: Intensity; Annotation method: Msp20260116160945_NCDK_conventional_converted_dev_1,False,False,17,0,0.00,1.00,null,null,null,-1.00,-1.00,-0.143,660.48,P Finnie Serum clmn TEST 4_GD1_01_66707,482.36060:140714 483.36526:36096 484.36993:6166,null,1421,399498,405584,409121,303906.050765625,201695.611432172
18,1.138,494.32324,no MS2: PC O-16:1|PC O-8:0_8:1,[M+H]+,null,0.75,False,5.283,494.32410,C24H48NO7P,EtherPC,LGLMQQWIHREYEK-UHFFFAOYSA-N,O=C(OC(COCCCCCCCC)COP(=O)([O-])OCC[N+](C)(C)C)CCC=CCCC,530,False,True,False,Normalized unit: Intensity; Annotation method: Msp20260116160945_NCDK_conventional_converted_dev_1,False,False,18,0,0.00,0.99,null,null,null,-1.00,-1.00,-0.149,283.65,P Finnie Serum clmn TEST 4_GD1_01_66707,494.32330:102318 495.32797:26232 496.33264:4692,null,382,602388,607779,591150,450424.570359375,300108.644116009
19,1.184,496.33905,no MS2: PC O-16:0|PC O-8:0_8:0,[M+H]+,null,0.25,False,5.632,496.33981,C24H50NO7P,EtherPC,GDMHMXIBVHRZGP-UHFFFAOYSA-N,O=C(OC(COCCCCCCCC)COP(=O)([O-])OCC[N+](C)(C)C)CCCCCCC,530,False,True,False,Normalized unit: Intensity; Annotation method: Msp20260116160945_NCDK_conventional_converted_dev_1,False,False,19,0,0.00,0.99,null,null,null,-1.00,-1.00,-0.149,18781.13,P Finnie Serum clmn TEST 1_GD1_01_66704,496.33905:4252776 497.34372:1292984 498.34839:234996,null,24143296,20339,27772,25969,6054344.1156875,12059301.8397803
20,1.433,496.33939,no MS2: PC O-16:0|PC O-8:0_8:0,[M+H]+,null,0.75,False,5.632,496.33981,C24H50NO7P,EtherPC,GDMHMXIBVHRZGP-UHFFFAOYSA-N,O=C(OC(COCCCCCCCC)COP(=O)([O-])OCC[N+](C)(C)C)CCCCCCC,530,False,True,False,Normalized unit: Intensity; Annotation method: Msp20260116160945_NCDK_conventional_converted_dev_1,False,False,20,0,0.00,1.00,null,null,null,-1.00,-1.00,-0.143,3648.88,P Finnie Serum clmn TEST 4_GD1_01_66707,496.33972:1094316 497.34439:327588 498.34906:55318,null,79625,3060249,2932187,3234721,2326695.64028125,1503169.39823371
21,1.578,496.34045,no MS2: PC O-16:0|PC O-8:0_8:0,[M+H]+,null,0.75,False,5.632,496.33981,C24H50NO7P,EtherPC,GDMHMXIBVHRZGP-UHFFFAOYSA-N,O=C(OC(COCCCCCCCC)COP(=O)([O-])OCC[N+](C)(C)C)CCCCCCC,530,False,True,False,Normalized unit: Intensity; Annotation method: Msp20260116160945_NCDK_conventional_converted_dev_1,False,False,21,0,0.00,1.00,null,null,null,-1.00,-1.00,-0.143,23433.89,P Finnie Serum clmn TEST 3_GD1_01_66706,496.33978:6343796 497.34445:2023836 498.34912:370720,null,28945,22730991,22750739,22506133,17004202.0306094,11317381.7888393
22,1.184,496.87503,Unknown,[M+H]+,null,0.25,False,null,null,null,null,null,null,999,False,False,False,Normalized unit: Intensity,False,False,22,0,0.00,null,null,null,null,null,null,null,1728.65,P Finnie Serum clmn TEST 1_GD1_01_66704,496.87503:119830 497.87970:13640 498.88437:452,null,547698,54,327,357,137109.0070625,273726.294777977
23,1.578,496.87546,Unknown,[M+H]+,null,0.75,False,null,null,null,null,null,null,999,False,False,False,Normalized unit: Intensity,False,False,23,0,0.00,null,null,null,null,null,null,null,2087.02,P Finnie Serum clmn TEST 2_GD1_01_66705,496.87546:231544 497.88013:30538 498.88479:938,null,464,614231,576236,593027,445989.249046875,297423.646561889
24,1.584,510.35373,no MS2: PC O-17:0|PC O-8:0_9:0,[M+H]+,null,0.25,False,6.183,510.35541,C25H52NO7P,EtherPC,UHSLTHBXDXKKEO-UHFFFAOYSA-N,O=C(OC(COCCCCCCCC)COP(=O)([O-])OCC[N+](C)(C)C)CCCCCCCC,530,False,True,False,Normalized unit: Intensity; Annotation method: Msp20260116160945_NCDK_conventional_converted_dev_1,False,False,24,0,0.00,0.95,null,null,null,-1.00,-1.00,-0.169,593.68,P Finnie Serum clmn TEST 1_GD1_01_66704,510.35373:91728 511.35840:25744 512.36306:4722,null,702768,452,458,322,175999.8950625,351178.910958091
25,1.972,510.35498,no MS2: PC O-17:0|PC O-8:0_9:0,[M+H]+,null,0.75,False,6.183,510.35541,C25H52NO7P,EtherPC,UHSLTHBXDXKKEO-UHFFFAOYSA-N,O=C(OC(COCCCCCCCC)COP(=O)([O-])OCC[N+](C)(C)C)CCCCCCCC,530,False,True,False,Normalized unit: Intensity; Annotation method: Msp20260116160945_NCDK_conventional_converted_dev_1,False,False,25,0,0.00,1.00,null,null,null,-1.00,-1.00,-0.145,758.41,P Finnie Serum clmn TEST 4_GD1_01_66707,510.35498:137392 511.35965:39970 512.36432:6342,null,2579,467131,479279,502108,362774.29325,240567.247694006
26,1.184,518.32104,no MS2: LPC 16:0,[M+Na]+,null,0.25,False,6.131,518.32172,C24H50NO7P,LPC,ASWBNKHCZGQVJV-UHFFFAOYSA-N,O=C(OCC(O)COP(=O)([O-])OCC[N+](C)(C)C)CCCCCCCCCCCCCCC,530,False,True,False,Normalized unit: Intensity; Annotation method: Msp20260116160945_NCDK_conventional_converted_dev_1,False,False,26,0,0.00,0.99,null,null,null,-1.00,-1.00,-0.147,1320.66,P Finnie Serum clmn TEST 1_GD1_01_66704,518.32104:232152 519.32571:63424 520.33038:10258,null,1171859,2006,2229,2174,294567.15921875,584861.476455713
27,1.578,518.32239,no MS2: LPC 16:0,[M+Na]+,null,0.75,False,6.131,518.32172,C24H50NO7P,LPC,ASWBNKHCZGQVJV-UHFFFAOYSA-N,O=C(OCC(O)COP(=O)([O-])OCC[N+](C)(C)C)CCCCCCCCCCCCCCC,530,False,True,False,Normalized unit: Intensity; Annotation method: Msp20260116160945_NCDK_conventional_converted_dev_1,False,False,27,0,0.00,1.00,null,null,null,-1.00,-1.00,-0.143,1934.60,P Finnie Serum clmn TEST 3_GD1_01_66706,518.32172:428112 519.32638:105810 520.33105:20374,null,1411,1337318,1359316,1384995,1020760.1145625,679845.082975147
28,1.300,520.33942,no MS2: PE O-21:2|PE O-13:1_8:1,[M+H]+,null,0.75,False,6.504,520.33978,C26H50NO7P,EtherPE,FOTOPSOAFDHFNP-UHFFFAOYSA-N,O=C(OC(COCCCCCCCCC=CCCC)COP(=O)(O)OCCN)CCC=CCCC,530,False,True,False,Normalized unit: Intensity; Annotation method: Msp20260116160945_NCDK_conventional_converted_dev_1,False,False,28,0,0.00,1.00,null,null,null,-1.00,-1.00,-0.144,4200.91,P Finnie Serum clmn TEST 4_GD1_01_66707,520.33942:1516460 521.34408:477788 522.34875:82098,null,8528,4462377,4828400,4427533,3431709.25875,2289312.43498496
29,1.341,522.35376,no MS2: RIKEN P-VS1 ID-4567 from Mouse_Feces_WT_N_Ctr,[M+H]+,null,0.25,False,4.870,522.35168,null,Unknown,null,null,530,False,True,False,Normalized unit: Intensity; Annotation method: Msp20260116160945_NCDK_conventional_converted_dev_1,False,False,29,0,0.00,0.92,null,null,null,-1.00,-1.00,-0.163,5880.76,P Finnie Serum clmn TEST 1_GD1_01_66704,522.35376:831238 523.35843:247040 524.36310:42394,null,5216432,224397,255739,248899,1486366.78817187,2486746.76904326
30,1.752,522.35461,no MS2: PC O-18:1|PC O-8:0_10:1,[M+H]+,null,0.75,False,6.132,522.35541,C26H52NO7P,EtherPC,LJRRIGXUSMYHGY-UHFFFAOYSA-N,O=C(OC(COCCCCCCCC)COP(=O)([O-])OCC[N+](C)(C)C)CCCCC=CCCC,530,False,True,False,Normalized unit: Intensity; Annotation method: Msp20260116160945_NCDK_conventional_converted_dev_1,False,False,30,0,0.00,1.00,null,null,null,-1.00,-1.00,-0.143,4412.41,P Finnie Serum clmn TEST 4_GD1_01_66707,522.35553:1310494 523.36020:424766 524.36487:70690,null,4954,5296336,5171209,5162930,3908857.21498437,2603317.68229727
31,1.845,524.36938,no MS2: PC O-18:0|PC O-8:0_10:0,[M+H]+,null,0.25,False,6.232,524.37109,C26H54NO7P,EtherPC,LIRQQTBXFZSLII-UHFFFAOYSA-N,O=C(OC(COCCCCCCCC)COP(=O)([O-])OCC[N+](C)(C)C)CCCCCCCCC,530,False,True,False,Normalized unit: Intensity; Annotation method: Msp20260116160945_NCDK_conventional_converted_dev_1,False,False,31,0,0.00,0.95,null,null,null,-1.00,-1.00,-0.169,1833.24,P Finnie Serum clmn TEST 1_GD1_01_66704,524.36938:324658 525.37405:88218 526.37872:19078,null,1641574,24055,271132,262706,549866.6530625,736762.850562123
32,2.233,524.36987,no MS2: PC O-18:0|PC O-8:0_10:0,[M+H]+,null,0.75,False,6.232,524.37109,C26H54NO7P,EtherPC,LIRQQTBXFZSLII-UHFFFAOYSA-N,O=C(OC(COCCCCCCCC)COP(=O)([O-])OCC[N+](C)(C)C)CCCCCCCCC,530,False,True,False,Normalized unit: Intensity; Annotation method: Msp20260116160945_NCDK_conventional_converted_dev_1,False,False,32,0,0.00,0.99,null,null,null,-1.00,-1.00,-0.146,2076.64,P Finnie Serum clmn TEST 4_GD1_01_66707,524.37054:528154 525.37521:153488 526.37988:25732,null,80688,1667182,1650685,1649769,1262081.01778125,787635.936261241
33,2.054,524.37024,no MS2: PC O-18:0|PC O-8:0_10:0,[M+H]+,null,0.25,False,6.232,524.37109,C26H54NO7P,EtherPC,LIRQQTBXFZSLII-UHFFFAOYSA-N,O=C(OC(COCCCCCCCC)COP(=O)([O-])OCC[N+](C)(C)C)CCCCCCCCC,530,False,True,False,Normalized unit: Intensity; Annotation method: Msp20260116160945_NCDK_conventional_converted_dev_1,False,False,33,0,0.00,0.99,null,null,null,-1.00,-1.00,-0.149,14678.15,P Finnie Serum clmn TEST 1_GD1_01_66704,524.37024:2586954 525.37491:863570 526.37957:148076,null,13902577,951,461,843,3476208.0446875,6950912.31238899
34,2.436,524.37030,no MS2: PC O-18:0|PC O-8:0_10:0,[M+H]+,null,0.75,False,6.232,524.37109,C26H54NO7P,EtherPC,LIRQQTBXFZSLII-UHFFFAOYSA-N,O=C(OC(COCCCCCCCC)COP(=O)([O-])OCC[N+](C)(C)C)CCCCCCCCC,530,False,True,False,Normalized unit: Intensity; Annotation method: Msp20260116160945_NCDK_conventional_converted_dev_1,False,False,34,0,0.00,1.00,null,null,null,-1.00,-1.00,-0.143,17305.16,P Finnie Serum clmn TEST 4_GD1_01_66707,524.37097:4434426 525.37564:1379826 526.38031:245034,null,18246,13990379,13994520,14097704,10525212.2846406,7004820.19102453
35,2.442,524.92151,Unknown,[M+H]+,null,0.75,False,null,null,null,null,null,null,999,False,False,False,Normalized unit: Intensity,False,False,35,0,0.00,null,null,null,null,null,null,null,624.29,P Finnie Serum clmn TEST 2_GD1_01_66705,524.92151:113098 525.92618:13052 526.93084:640,null,476,278562,277218,270265,206630.029765625,137484.207393529
36,6.401,537.53552,Unknown,[M+H]+,null,1.00,False,null,null,null,null,null,null,999,False,False,False,Normalized unit: Intensity,False,False,36,0,0.00,null,null,null,null,null,null,null,366.63,P Finnie Serum clmn TEST 4_GD1_01_66707,537.53552:234672 538.54019:83792 539.54486:15822,null,1496106,2616520,2623202,2606987,2335703.79723437,559771.736494787
37,1.271,544.33905,no MS2: PE O-23:4|PE O-8:0_15:4,[M+H]+,null,0.75,False,6.609,544.33978,C28H50NO7P,EtherPE,ORVQTMKUQPTJSK-UHFFFAOYSA-N,O=C(OC(COCCCCCCCC)COP(=O)(O)OCCN)CC=CCC=CCC=CCC=CCC,530,False,True,False,Normalized unit: Intensity; Annotation method: Msp20260116160945_NCDK_conventional_converted_dev_1,False,False,37,0,0.00,0.99,null,null,null,-1.00,-1.00,-0.145,2619.90,P Finnie Serum clmn TEST 4_GD1_01_66707,544.33923:512192 545.34390:153992 546.34857:28554,null,134565,1476885,1451954,1437783,1125296.51978125,660685.682063064
38,2.436,546.35217,no MS2: LPC 18:0,[M+Na]+,null,0.75,False,6.748,546.35303,C26H54NO7P,LPC,IHNKQIMGVNPMTC-UHFFFAOYSA-N,O=C(OCC(O)COP(=O)([O-])OCC[N+](C)(C)C)CCCCCCCCCCCCCCCCC,530,False,True,False,Normalized unit: Intensity; Annotation method: Msp20260116160945_NCDK_conventional_converted_dev_1,False,False,38,0,0.00,1.00,null,null,null,-1.00,-1.00,-0.143,324.75,P Finnie Serum clmn TEST 4_GD1_01_66707,546.35291:237204 547.35757:66476 548.36224:11898,null,697,656108,663416,662342,495640.82684375,329978.132845826
39,2.054,546.35217,no MS2: LPC 18:0,[M+Na]+,null,0.25,False,6.748,546.35303,C26H54NO7P,LPC,IHNKQIMGVNPMTC-UHFFFAOYSA-N,O=C(OCC(O)COP(=O)([O-])OCC[N+](C)(C)C)CCCCCCCCCCCCCCCCC,530,False,True,False,Normalized unit: Intensity; Annotation method: Msp20260116160945_NCDK_conventional_converted_dev_1,False,False,39,0,0.00,0.99,null,null,null,-1.00,-1.00,-0.149,259.58,P Finnie Serum clmn TEST 1_GD1_01_66704,546.35217:120446 547.35684:34004 548.36151:5932,null,555485,352,787,0,139155.9684375,277552.909754416
40,1.520,546.35437,no MS2: PE O-23:3|PE O-8:0_15:3,[M+H]+,null,0.75,False,6.612,546.35541,C28H52NO7P,EtherPE,BGJKNDHQOAVPKY-UHFFFAOYSA-N,O=C(OC(COCCCCCCCC)COP(=O)(O)OCCN)CCCCC=CCC=CCC=CCC,530,False,True,False,Normalized unit: Intensity; Annotation method: Msp20260116160945_NCDK_conventional_converted_dev_1,False,False,40,0,0.00,1.00,null,null,null,-1.00,-1.00,-0.143,183.97,P Finnie Serum clmn TEST 4_GD1_01_66707,546.35541:122512 547.36008:33880 548.36474:6434,null,1123,412371,410019,407380,307723.356640625,204410.455847836
41,7.331,548.50421,no MS2: Cer 35:2;O3|Cer 13:0;O2/22:2;O,[M+H-H2O]+,null,0.75,False,9.029,548.50372,C35H67NO4,Cer_HDS,VKOOPZWKDVJCLX-UHFFFAOYSA-N,O=C(NC(CO)C(O)CCCCCCCCCC)C(O)CCCCCCCCCCC=CCC=CCCCCC,530,False,True,False,Normalized unit: Intensity; Annotation method: Msp20260116160945_NCDK_conventional_converted_dev_1,False,False,41,0,0.00,1.00,null,null,null,-1.00,-1.00,-0.145,259.87,P Finnie Serum clmn TEST 4_GD1_01_66707,548.50421:83734 549.50888:31470 550.51355:5704,null,232213,399255,398139,423863,363367.194671875,88238.7361993218
42,7.126,565.56610,Unknown,[M+H]+,null,1.00,False,null,null,null,null,null,null,999,False,False,False,Normalized unit: Intensity,False,False,42,0,0.00,null,null,null,null,null,null,null,857.16,P Finnie Serum clmn TEST 3_GD1_01_66706,565.56610:547320 566.57077:212226 567.57544:41036,null,2162221,3251436,3613432,3487119,3128552.13135938,661456.865774362
43,7.334,575.51508,Unknown,[M+H]+,null,0.50,False,null,null,null,null,null,null,999,False,False,False,Normalized unit: Intensity,False,False,43,0,0.00,null,null,null,null,null,null,null,132.87,P Finnie Serum clmn TEST 4_GD1_01_66707,575.51508:79676 576.51974:30418 577.52441:6462,null,227090,332067,368388,355079,320655.923484375,64156.3382810921
44,11.633,577.51831,no MS2: RIKEN P-VS1 ID-5423 from Mouse_Plasma_ApoEKO_N_F1DHA,[M+H]+,null,1.00,False,13.050,577.51569,null,Unknown,null,null,530,False,True,False,Normalized unit: Intensity; Annotation method: Msp20260116160945_NCDK_conventional_converted_dev_1,False,False,44,0,0.00,0.90,null,null,null,-1.00,-1.00,-0.173,98.24,P Finnie Serum clmn TEST 3_GD1_01_66706,577.51831:101438 578.52298:42368 579.52765:9872,null,351302,354772,353454,349178,352176.404468749,2457.75460767023
45,7.482,577.51959,no MS2: RIKEN P-VS1 ID-5423 from Mouse_Plasma_ApoEKO_N_F1DHA,[M+H-H2O]+,null,1.00,False,13.050,577.51569,null,Unknown,null,null,530,False,True,False,Normalized unit: Intensity; Annotation method: Msp20260116160945_NCDK_conventional_converted_dev_1,False,False,45,0,0.00,0.87,null,null,null,-1.00,-1.00,-0.185,111.01,P Finnie Serum clmn TEST 3_GD1_01_66706,577.51868:114232 578.52334:44152 579.52801:8654,null,391743,398091,393107,384571,391878.108296875,5583.14205833186
46,6.377,581.57324,Unknown,[M+H]+,null,0.75,False,null,null,null,null,null,null,999,False,False,False,Normalized unit: Intensity,False,False,46,0,0.00,null,null,null,null,null,null,null,156.12,P Finnie Serum clmn TEST 4_GD1_01_66707,581.57324:67414 582.57791:25214 583.58258:4826,null,433946,782450,782899,788846,697035.047265625,175417.076873497
47,6.962,585.49963,Unknown,[M+H]+,null,0.25,False,null,null,null,null,null,null,999,False,False,False,Normalized unit: Intensity,False,False,47,0,0.00,null,null,null,null,null,null,null,427.86,P Finnie Serum clmn TEST 1_GD1_01_66704,585.49963:110764 586.50430:43962 587.50897:7914,null,555664,169293,99846,86188,227747.842015625,221618.36515729
48,7.123,587.54852,no MS2: RIKEN P-VS1 ID-5566 from Mouse_Macrophage_WT_N_F1AA,[M+H]+,null,0.75,False,10.920,587.54388,null,Unknown,null,null,530,False,True,False,Normalized unit: Intensity; Annotation method: Msp20260116160945_NCDK_conventional_converted_dev_1,False,False,48,0,0.00,0.77,null,null,null,-1.00,-1.00,-0.231,238.90,P Finnie Serum clmn TEST 3_GD1_01_66706,587.54810:100786 588.55276:37532 589.55743:8426,null,290330,518890,529884,552678,472945.3236875,122554.119339868
49,7.846,593.59802,Unknown,[M+H]+,null,0.75,False,null,null,null,null,null,null,999,False,False,False,Normalized unit: Intensity,False,False,49,0,0.00,null,null,null,null,null,null,null,642.36,P Finnie Serum clmn TEST 2_GD1_01_66705,593.59802:148352 594.60269:61648 595.60736:12692,null,722833,718931,711508,769116,730596.921546875,26105.3547201082
50,2.715,594.41168,no MS2: NAGlySer 27:5;O2|NAGlySer 8:0;O(FA 19:4),[M+NH4]+,null,0.25,False,6.367,594.41132,C32H52N2O7,NAGlySer,QIMCPIPADLLTPI-UHFFFAOYSA-N,O=C(OC(CCC)CCCC(=O)NCC(=O)NC(C(=O)O)CO)CCCCCC=CCC=CCC=CCC=CCC,530,False,True,False,Normalized unit: Intensity; Annotation method: Msp20260116160945_NCDK_conventional_converted_dev_1,False,False,50,0,0.00,1.00,null,null,null,-1.00,-1.00,-0.144,618.79,P Finnie Serum clmn TEST 1_GD1_01_66704,594.41168:68926 595.41635:22388 596.42102:4400,null,347188,1167,774,1292,87605.2148125001,173055.240296133
51,7.126,609.60364,Unknown,[M+H]+,null,1.00,False,null,null,null,null,null,null,999,False,False,False,Normalized unit: Intensity,False,False,51,0,0.00,null,null,null,null,null,null,null,286.01,P Finnie Serum clmn TEST 4_GD1_01_66707,609.60364:202292 610.60831:81336 611.61297:14720,null,587306,1222627,1103017,1112650,1006399.88382813,284615.388596122
52,6.927,610.53992,no MS2: Cer 37:2;O4|Cer 12:1;O3/25:1(2OH),[M+NH4]+,null,1.00,False,9.412,610.54053,C37H71NO5,Cer_AP,KHGKWTNERDCOKC-UHFFFAOYSA-N,O=C(NC(CO)C(O)C(O)CCCC=CCCC)C(O)CCCCCCCCCCCC=CCCCCCCCCCC,530,False,True,False,Normalized unit: Intensity; Annotation method: Msp20260116160945_NCDK_conventional_converted_dev_1,False,False,52,0,0.00,1.00,null,null,null,-1.00,-1.00,-0.143,252.86,P Finnie Serum clmn TEST 1_GD1_01_66704,610.54065:103476 611.54532:39956 612.54998:9146,null,388637,394163,392335,371295,386607.728859375,10463.9102541102
53,7.482,612.55609,no MS2: Cer 37:1;O4|Cer 12:1;O3/25:0(2OH),[M+NH4]+,null,1.00,False,9.844,612.55621,C37H73NO5,Cer_AP,RUEOUTPJRGEUDQ-UHFFFAOYSA-N,O=C(NC(CO)C(O)C(O)CCCC=CCCC)C(O)CCCCCCCCCCCCCCCCCCCCCCC,530,False,True,False,Normalized unit: Intensity; Annotation method: Msp20260116160945_NCDK_conventional_converted_dev_1,False,False,53,0,0.00,1.00,null,null,null,-1.00,-1.00,-0.143,868.50,P Finnie Serum clmn TEST 2_GD1_01_66705,612.55609:131102 613.56076:50804 614.56543:11068,null,444791,457613,437216,433358,443244.55715625,10691.4551418207
54,6.927,615.49591,no MS2: RIKEN P-VS1 ID-6122 from Mouse_Feces_WT_ABX_Ctr,[M+H]+,null,1.00,False,11.000,615.49432,null,Unknown,null,null,530,False,True,False,Normalized unit: Intensity; Annotation method: Msp20260116160945_NCDK_conventional_converted_dev_1,False,False,54,0,0.00,0.98,null,null,null,-1.00,-1.00,-0.136,71.03,P Finnie Serum clmn TEST 2_GD1_01_66705,615.49548:108968 616.50015:40946 617.50482:9482,null,384858,420074,422700,410571,409550.64365625,17266.7419461577
55,7.482,617.51184,no MS2: RIKEN P-VS1 ID-6157 from Mouse_Feces_WT_N_Ctr,[M+Na]+,null,1.00,False,12.020,617.50983,null,Unknown,null,null,530,False,True,False,Normalized unit: Intensity; Annotation method: Msp20260116160945_NCDK_conventional_converted_dev_1,False,False,55,0,0.00,0.99,null,null,null,-1.00,-1.00,-0.135,319.59,P Finnie Serum clmn TEST 3_GD1_01_66706,617.51086:126814 618.51553:54188 619.52020:11206,null,470379,486373,471755,475372,475969.628546875,7248.08487600154
56,3.550,622.44324,no MS2: NAGlySer 29:5;O2|NAGlySer 8:0;O(FA 21:4),[M+NH4]+,null,0.25,False,7.188,622.44263,C34H56N2O7,NAGlySer,HOIKSWWKGJLMQB-UHFFFAOYSA-N,O=C(OC(CCC)CCCC(=O)NCC(=O)NC(C(=O)O)CO)CCCCCCCC=CCC=CCC=CCC=CCC,530,False,True,False,Normalized unit: Intensity; Annotation method: Msp20260116160945_NCDK_conventional_converted_dev_1,False,False,56,0,0.00,1.00,null,null,null,-1.00,-1.00,-0.145,510.82,P Finnie Serum clmn TEST 1_GD1_01_66704,622.44324:196304 623.44791:66340 624.45257:12876,null,482631,717,916,602,121216.690625,240942.832487048
57,6.988,636.55609,no MS2: Cer 39:3;O4|Cer 13:1;O3/26:2(2OH),[M+H]+,null,1.00,False,10.444,636.55621,C39H73NO5,Cer_AP,RNLOLCADZMWTBL-UHFFFAOYSA-N,O=C(NC(CO)C(O)C(O)CCCC=CCCCC)C(O)CCCCCCCCCCCCC=CCC=CCCCCCCC,530,False,True,False,Normalized unit: Intensity; Annotation method: Msp20260116160945_NCDK_conventional_converted_dev_1,False,False,57,0,0.00,1.00,null,null,null,-1.00,-1.00,-0.143,360.91,P Finnie Serum clmn TEST 2_GD1_01_66705,636.55609:128472 637.56076:55878 638.56543:12366,null,468305,470248,454863,458529,462986.13959375,7458.32673641984
58,7.539,638.57178,no MS2: Cer 39:2;O4|Cer 12:1;O3/27:1(2OH),[M+H]+,null,1.00,False,10.761,638.57178,C39H75NO5,Cer_AP,QMYJSYAMPMHEJN-UHFFFAOYSA-N,O=C(NC(CO)C(O)C(O)CCCC=CCCC)C(O)CCCCCCCCCCCCCC=CCCCCCCCCCC,530,False,True,False,Normalized unit: Intensity; Annotation method: Msp20260116160945_NCDK_conventional_converted_dev_1,False,False,58,0,0.00,1.00,null,null,null,-1.00,-1.00,-0.143,188.76,P Finnie Serum clmn TEST 3_GD1_01_66706,638.57178:89856 639.57645:41448 640.58111:9504,null,371558,372287,370395,369167,370851.642578125,1367.11389574356
59,7.491,639.56738,no MS2: NAGly 36:2;O2|NAGly 8:0;O(FA 28:1),[M+NH4]+,null,1.00,False,10.089,639.56702,C38H71NO5,NAGly,PADYNNJRHNWUGL-UHFFFAOYSA-N,O=C(O)CNC(=O)CCCC(OC(=O)CCCCCCCCCCCCCCCCCC=CCCCCCCCC)CCC,530,False,True,False,Normalized unit: Intensity; Annotation method: Msp20260116160945_NCDK_conventional_converted_dev_1,False,False,59,0,0.00,1.00,null,null,null,-1.00,-1.00,-0.143,331.63,P Finnie Serum clmn TEST 1_GD1_01_66704,639.56683:102060 640.57150:42992 641.57617:7878,null,483215,501064,489782,483414,489368.724265625,8371.96784320451
60,11.112,640.60236,no MS2: SE 28:2/15:0,[M+NH4]+,null,1.00,False,14.512,640.60272,C43H74O2,BRSE,CYVYXFRHNWNKJU-UHFFFAOYSA-N,O=C(OC1CC2=CCC3C(CCC4(C)C(CCC34)C(C=CC(C)C(C)C)C)C2(C)CC1)CCCCCCCCCCCCCC,530,False,True,False,Normalized unit: Intensity; Annotation method: Msp20260116160945_NCDK_conventional_converted_dev_1,False,False,60,0,0.00,1.00,null,null,null,-1.00,-1.00,-0.143,3110.51,P Finnie Serum clmn TEST 3_GD1_01_66706,640.60248:873702 641.60715:389132 642.61181:96842,null,2454390,2522758,2479028,2457713,2478472.30546874,31477.3918651517
61,6.983,641.51129,no MS2: DG 36:3,[M+Na]+,null,1.00,False,11.361,641.51147,C39H70O5,DG,PHDXFGKEFPXZKF-UHFFFAOYSA-N,O=C(OCC(OC(=O)CCCCCCCCCCCCC=CCC=CCC=CCCCCCCC)CO)CCCCCCC,530,False,True,False,Normalized unit: Intensity; Annotation method: Msp20260116160945_NCDK_conventional_converted_dev_1,False,False,61,0,0.00,1.00,null,null,null,-1.00,-1.00,-0.143,299.98,P Finnie Serum clmn TEST 3_GD1_01_66706,641.51160:96376 642.51626:43972 643.52093:9088,null,341644,374757,364339,388663,367350.54075,19823.7119417418
62,8.786,642.60352,no MS2: Cer 39:0;O4|Cer 12:0;O3/27:0(2OH),[M+H]+,null,0.25,False,10.890,642.60309,C39H79NO5,Cer_AP,UVJIZYHAMUHMSR-UHFFFAOYSA-N,O=C(NC(CO)C(O)C(O)CCCCCCCC)C(O)CCCCCCCCCCCCCCCCCCCCCCCCC,530,False,True,False,Normalized unit: Intensity; Annotation method: Msp20260116160945_NCDK_conventional_converted_dev_1,False,False,62,0,0.00,1.00,null,null,null,-1.00,-1.00,-0.144,51.54,P Finnie Serum clmn TEST 1_GD1_01_66704,642.60352:92420 643.60818:40748 644.61285:9674,null,329148,78159,46092,47163,125140.570453125,136815.583667929
63,11.702,642.61938,no MS2: SE 28:1/15:0,[M+NH4]+,null,1.00,False,14.419,642.61841,C43H76O2,CASE,VYXJXPORGYLSCM-UHFFFAOYSA-N,O=C(OC1CC2=CCC3C(CCC4(C)C(CCC34)C(C)CCC(C)C(C)C)C2(C)CC1)CCCCCCCCCCCCCC,530,False,True,False,Normalized unit: Intensity; Annotation method: Msp20260116160945_NCDK_conventional_converted_dev_1,False,False,63,0,0.00,1.00,null,null,null,-1.00,-1.00,-0.143,300.01,P Finnie Serum clmn TEST 2_GD1_01_66705,642.61810:643816 643.62277:313282 644.62744:73454,null,2627317,2646439,2580089,2725263,2644777.27025001,60470.8947218306
64,8.892,647.57642,no MS2: SE 28:4/17:0,[M+H]+,null,1.00,False,14.344,647.57617,C45H74O2,DEGSE,SMBKRNCNALQNLI-UHFFFAOYSA-N,O=C(OC1CC2=CC=C3C(=CCC4(C)C3CCC4C(C=CC(C)C(C)C)C)C2(C)CC1)CCCCCCCCCCCCCCCC,530,False,True,False,Normalized unit: Intensity; Annotation method: Msp20260116160945_NCDK_conventional_converted_dev_1,False,False,64,0,0.00,1.00,null,null,null,-1.00,-1.00,-0.143,396.29,P Finnie Serum clmn TEST 3_GD1_01_66706,647.57599:141284 648.58066:68078 649.58532:16456,null,512847,558930,552350,539886,541003.12446875,20364.2742880663
65,11.182,649.59406,no MS2: SE 28:3/17:0,[M+H]+,null,1.00,False,14.427,649.59180,C45H76O2,EGSE,VGUZMPDGGYQYST-UHFFFAOYSA-N,O=C(OC1CC2=CC=C3C(CCC4(C)C3CCC4C(C=CC(C)C(C)C)C)C2(C)CC1)CCCCCCCCCCCCCCCC,530,False,True,False,Normalized unit: Intensity; Annotation method: Msp20260116160945_NCDK_conventional_converted_dev_1,False,False,65,0,0.00,1.00,null,null,null,-1.00,-1.00,-0.143,662.75,P Finnie Serum clmn TEST 1_GD1_01_66704,649.59204:137946 650.59671:63550 651.60138:15196,null,731431,745897,755549,755305,747045.582203125,11337.9165527186
66,4.073,650.47449,no MS2: NAGlySer 31:5;O2|NAGlySer 9:0;O(FA 22:4),[M+NH4]+,null,0.25,False,7.508,650.47388,C36H60N2O7,NAGlySer,JAFHXPGXEPKWNS-UHFFFAOYSA-N,O=C(OC(CCCC(=O)NCC(=O)NC(C(=O)O)CO)CCCC)CCCCCCCCC=CCC=CCC=CCC=CCC,530,False,True,False,Normalized unit: Intensity; Annotation method: Msp20260116160945_NCDK_conventional_converted_dev_1,False,False,66,0,0.00,1.00,null,null,null,-1.00,-1.00,-0.145,365.62,P Finnie Serum clmn TEST 1_GD1_01_66704,650.47449:158352 651.47916:57078 652.48382:13262,null,453336,846,943,647,113942.936203125,226262.265889693
67,6.401,663.45361,no MS2: RIKEN P-VS1 ID-7082 from Mouse_Macrophage_WT_N_F1AA,[M+H]+,null,1.00,False,9.900,663.45538,null,Unknown,null,null,530,False,True,False,Normalized unit: Intensity; Annotation method: Msp20260116160945_NCDK_conventional_converted_dev_1,False,False,67,0,0.00,0.99,null,null,null,-1.00,-1.00,-0.133,427.97,P Finnie Serum clmn TEST 1_GD1_01_66704,663.45447:698732 664.45914:309556 665.46380:69426,null,4616644,7354587,7936321,7364554,6818026.43003125,1492565.91634754
68,6.983,663.56720,no MS2: RIKEN P-VS1 ID-7094 from Mouse_Plasma_ApoEKO_N_F1EPA,[M+H]+,null,1.00,False,13.620,663.56750,null,Unknown,null,null,530,False,True,False,Normalized unit: Intensity; Annotation method: Msp20260116160945_NCDK_conventional_converted_dev_1,False,False,68,0,0.00,1.00,null,null,null,-1.00,-1.00,-0.129,44.87,P Finnie Serum clmn TEST 2_GD1_01_66705,663.56720:98230 664.57187:43874 665.57654:9750,null,309667,346406,345040,345398,336627.71290625,17982.9845774832
69,8.996,663.57086,no MS2: SL 37:0;O|SL 12:0;O/25:0,[M+NH4]+,null,1.00,False,10.979,663.57037,C37H75NO5S,SL,GERSZGWKMLRVRK-UHFFFAOYSA-N,O=C(N(CC(O)CCCCCCCCC)CS(=O)(=O)O)CCCCCCCCCCCCCCCCCCCCCCCC,530,False,True,False,Normalized unit: Intensity; Annotation method: Msp20260116160945_NCDK_conventional_converted_dev_1,False,False,69,0,0.00,1.00,null,null,null,-1.00,-1.00,-0.144,35.01,P Finnie Serum clmn TEST 1_GD1_01_66704,663.57086:121868 664.57553:58652 665.58020:14656,null,504885,428671,409816,389914,433321.528390624,50264.9524906226
70,10.731,664.60199,no MS2: SE 28:2/17:2,[M+NH4]+,null,1.00,False,14.133,664.60272,C45H74O2,BRSE,YNGVKVHZBTYWFJ-UHFFFAOYSA-N,O=C(OC1CC2=CCC3C(CCC4(C)C(CCC34)C(C=CC(C)C(C)C)C)C2(C)CC1)CCCCCCCC=CCC=CCCCC,530,False,True,False,Normalized unit: Intensity; Annotation method: Msp20260116160945_NCDK_conventional_converted_dev_1,False,False,70,0,0.00,1.00,null,null,null,-1.00,-1.00,-0.143,304.66,P Finnie Serum clmn TEST 3_GD1_01_66706,664.60291:964738 665.60757:485060 666.61224:121482,null,3746933,3857557,3809386,3810282,3806039.7875625,45375.704717133
71,11.177,666.62109,no MS2: SE 28:2/17:1,[M+NH4]+,null,1.00,False,14.759,666.61841,C45H76O2,BRSE,KZVQJMDFHGPLAH-UHFFFAOYSA-N,O=C(OC1CC2=CCC3C(CCC4(C)C(CCC34)C(C=CC(C)C(C)C)C)C2(C)CC1)CCCCCCCC=CCCCCCCC,530,False,True,False,Normalized unit: Intensity; Annotation method: Msp20260116160945_NCDK_conventional_converted_dev_1,False,False,71,0,0.00,0.99,null,null,null,-1.00,-1.00,-0.145,21889.42,P Finnie Serum clmn TEST 1_GD1_01_66704,666.61908:13472166 667.62375:8791258 668.62842:2029842,null,73853367,72817839,74023470,73173499,73467043.6695156,567594.396607169
72,11.182,666.76129,Unknown,[M+2H]2+,null,1.00,False,null,null,null,null,null,null,999,False,False,False,Normalized unit: Intensity,False,False,72,0,0.00,null,null,null,null,null,null,null,2959.86,P Finnie Serum clmn TEST 2_GD1_01_66705,666.76129:320820 667.76596:179724 668.77063:17918,null,1538166,1514693,1535196,1507985,1524010.28453125,14934.5991971915
73,11.182,666.87469,Unknown,[M+H]+,null,1.00,False,null,null,null,null,null,null,999,False,False,False,Normalized unit: Intensity,False,False,73,0,0.00,null,null,null,null,null,null,null,2489.02,P Finnie Serum clmn TEST 4_GD1_01_66707,666.87469:253000 667.87936:163244 668.88403:15652,null,1268795,1267468,1269392,1279187,1271210.44259375,5378.15399755028
74,11.182,667.00024,Unknown,[M+H]+,null,1.00,False,null,null,null,null,null,null,999,False,False,False,Normalized unit: Intensity,False,False,74,0,0.00,null,null,null,null,null,null,null,1447.58,P Finnie Serum clmn TEST 4_GD1_01_66707,667.00024:126784 668.00491:0 669.00958:0,null,467562,478108,464319,491539,475382.039515625,12274.9261561403
75,11.685,668.63403,no MS2: SE 28:2/17:0,[M+NH4]+,null,1.00,False,14.709,668.63397,C45H78O2,BRSE,JRHOHGAECXXOMB-UHFFFAOYSA-N,O=C(OC1CC2=CCC3C(CCC4(C)C(CCC34)C(C=CC(C)C(C)C)C)C2(C)CC1)CCCCCCCCCCCCCCCC,530,False,True,False,Normalized unit: Intensity; Annotation method: Msp20260116160945_NCDK_conventional_converted_dev_1,False,False,75,0,0.00,1.00,null,null,null,-1.00,-1.00,-0.143,13366.74,P Finnie Serum clmn TEST 2_GD1_01_66705,668.63403:4407464 669.63870:1949160 670.64337:494046,null,18868383,18625616,18374325,18552314,18605159.2688907,204761.740021989
76,11.676,668.77637,Unknown,[M+2H]2+,null,1.00,False,null,null,null,null,null,null,999,False,False,False,Normalized unit: Intensity,False,False,76,0,0.00,null,null,null,null,null,null,null,849.02,P Finnie Serum clmn TEST 1_GD1_01_66704,668.77637:98048 669.78103:37808 670.78570:2298,null,322492,307408,305843,319028,313692.653125001,8306.78804601682
77,11.681,668.88464,Unknown,[M+H]+,null,1.00,False,null,null,null,null,null,null,999,False,False,False,Normalized unit: Intensity,False,False,77,0,0.00,null,null,null,null,null,null,null,839.85,P Finnie Serum clmn TEST 4_GD1_01_66707,668.88464:82708 669.88931:22030 670.89398:1468,null,292875,284793,277549,304102,289829.590234376,11389.554101685
78,10.731,669.55859,no MS2: SE 28:4/17:0,[M+Na]+,null,1.00,False,14.344,669.55811,C45H74O2,DEGSE,SMBKRNCNALQNLI-UHFFFAOYSA-N,O=C(OC1CC2=CC=C3C(=CCC4(C)C3CCC4C(C=CC(C)C(C)C)C)C2(C)CC1)CCCCCCCCCCCCCCCC,530,False,True,False,Normalized unit: Intensity; Annotation method: Msp20260116160945_NCDK_conventional_converted_dev_1,False,False,78,0,0.00,1.00,null,null,null,-1.00,-1.00,-0.143,246.77,P Finnie Serum clmn TEST 1_GD1_01_66704,669.55817:115196 670.56283:53066 671.56750:13532,null,537997,550558,546003,547103,545415.3975,5312.58943192168
79,12.197,670.64807,no MS2: SE 28:1/17:0,[M+NH4]+,null,1.00,False,15.099,670.64972,C45H80O2,CASE,VQOOUCOARUDCMH-UHFFFAOYSA-N,O=C(OC1CC2=CCC3C(CCC4(C)C(CCC34)C(C)CCC(C)C(C)C)C2(C)CC1)CCCCCCCCCCCCCCCC,530,False,True,False,Normalized unit: Intensity; Annotation method: Msp20260116160945_NCDK_conventional_converted_dev_1,False,False,79,0,0.00,1.00,null,null,null,-1.00,-1.00,-0.143,865.60,P Finnie Serum clmn TEST 4_GD1_01_66707,670.64960:100162 671.65426:49800 672.65893:11682,null,298402,325103,322279,313138,314730.619390624,12024.0466012832
80,11.164,671.57397,no MS2: SE 28:4/19:2,[M+Na]+,null,1.00,False,14.218,671.57617,C47H74O2,DEGSE,ZJTNNWFGVBBRTO-UHFFFAOYSA-N,O=C(OC1CC2=CC=C3C(=CCC4(C)C3CCC4C(C=CC(C)C(C)C)C)C2(C)CC1)CCCCCCCC=CCC=CCCCCCC,530,False,True,False,Normalized unit: Intensity; Annotation method: Msp20260116160945_NCDK_conventional_converted_dev_1,False,False,80,0,0.00,1.00,null,null,null,-1.00,-1.00,-0.143,368.41,P Finnie Serum clmn TEST 4_GD1_01_66707,671.57605:89754 672.58072:41812 673.58539:11092,null,689072,677359,826718,822846,753998.590937499,81888.1591514338
81,8.823,671.57660,no MS2: SE 28:4/19:2,[M+H]+,null,1.00,False,14.218,671.57617,C47H74O2,DEGSE,ZJTNNWFGVBBRTO-UHFFFAOYSA-N,O=C(OC1CC2=CC=C3C(=CCC4(C)C3CCC4C(C=CC(C)C(C)C)C)C2(C)CC1)CCCCCCCC=CCC=CCCCCCC,530,False,True,False,Normalized unit: Intensity; Annotation method: Msp20260116160945_NCDK_conventional_converted_dev_1,False,False,81,0,0.00,1.00,null,null,null,-1.00,-1.00,-0.143,361.13,P Finnie Serum clmn TEST 3_GD1_01_66706,671.57629:86760 672.58096:41284 673.58563:10102,null,771947,771448,764663,751323,764845.147921875,9607.58336158762
82,10.887,673.59344,no MS2: SE 28:4/19:1,[M+H]+,null,1.00,False,14.541,673.59180,C47H76O2,DEGSE,MGDBSUWQPQWINH-UHFFFAOYSA-N,O=C(OC1CC2=CC=C3C(=CCC4(C)C3CCC4C(C=CC(C)C(C)C)C)C2(C)CC1)CCCCCCCC=CCCCCCCCCC,530,False,True,False,Normalized unit: Intensity; Annotation method: Msp20260116160945_NCDK_conventional_converted_dev_1,False,False,82,0,0.00,1.00,null,null,null,-1.00,-1.00,-0.143,418.89,P Finnie Serum clmn TEST 1_GD1_01_66704,673.59186:232210 674.59653:124176 675.60119:28058,null,847851,872975,847070,877096,861247.940890623,16012.1170073632
83,4.627,675.54254,no MS2: SM 32:1;O2|SM 12:1;O2/20:0,[M+H]+,null,0.75,False,8.381,675.54358,C37H75N2O6P,SM,WVZYDPLIGWKWEU-UHFFFAOYSA-N,O=C(NC(COP(=O)([O-])OCC[N+](C)(C)C)C(O)C=CCCCCCCC)CCCCCCCCCCCCCCCCCCC,530,False,True,False,Normalized unit: Intensity; Annotation method: Msp20260116160945_NCDK_conventional_converted_dev_1,False,False,83,0,0.00,1.00,null,null,null,-1.00,-1.00,-0.145,838.69,P Finnie Serum clmn TEST 4_GD1_01_66707,675.54303:542700 676.54770:222772 677.55237:44738,null,19924,1461131,1382893,1398094,1065510.669125,697880.348189938
84,4.525,675.54340,no MS2: SM 32:1;O2|SM 12:1;O2/20:0,[M+H]+,null,0.25,False,8.381,675.54358,C37H75N2O6P,SM,WVZYDPLIGWKWEU-UHFFFAOYSA-N,O=C(NC(COP(=O)([O-])OCC[N+](C)(C)C)C(O)C=CCCCCCCC)CCCCCCCCCCCCCCCCCCC,530,False,True,False,Normalized unit: Intensity; Annotation method: Msp20260116160945_NCDK_conventional_converted_dev_1,False,False,84,0,0.00,1.00,null,null,null,-1.00,-1.00,-0.143,1346.06,P Finnie Serum clmn TEST 1_GD1_01_66704,675.54340:516700 676.54806:210080 677.55273:45670,null,1390311,5661,5052,3780,351201.018125,692740.383043957
85,4.629,678.50684,no MS2: DMPE 29:0|DMPE 24:0_5:0,[M+H]+,null,0.25,False,8.668,678.50677,C36H72NO8P,DMPE,QPDHMTGOUFFHHI-UHFFFAOYSA-N,O=C(OCC(OC(=O)CCCC)COP(=O)(O)OCCN(C)C)CCCCCCCCCCCCCCCCCCCCCCC,530,False,True,False,Normalized unit: Intensity; Annotation method: Msp20260116160945_NCDK_conventional_converted_dev_1,False,False,85,0,0.00,1.00,null,null,null,-1.00,-1.00,-0.143,280.28,P Finnie Serum clmn TEST 1_GD1_01_66704,678.50684:173754 679.51150:63036 680.51617:14630,null,459145,439,177,90,114962.73503125,229455.222382355
86,6.401,680.48029,no MS2: RIKEN P-VS1 ID-7491 from Mouse_Macrophage_WT_N_F1AA,[M+H]+,null,1.00,False,9.910,680.48163,null,Unknown,null,null,530,False,True,False,Normalized unit: Intensity; Annotation method: Msp20260116160945_NCDK_conventional_converted_dev_1,False,False,86,0,0.00,0.99,null,null,null,-1.00,-1.00,-0.132,283.05,P Finnie Serum clmn TEST 1_GD1_01_66704,680.48077:461556 681.48544:206088 682.49011:46712,null,2997684,4657593,4748936,5116598,4380202.93485937,942787.794821669
87,6.400,685.43579,no MS2: SM 32:7;O2,[M+Na]+,null,0.75,False,6.300,685.43158,C37H63N2O6P,SM,XKTXCUCZGOGZTL-UHFFFAOYSA-N,O=C(NC(COP(=O)([O-])OCC[N+](C)(C)C)C(O)C=CCCC=CCCC)CCCC=CCC=CCC=CCC=CCC=CCC,530,False,True,False,Normalized unit: Intensity; Annotation method: Msp20260116160945_NCDK_conventional_converted_dev_1,False,False,87,0,0.00,0.83,null,null,null,-1.00,-1.00,-0.229,80.45,P Finnie Serum clmn TEST 3_GD1_01_66706,685.43579:145288 686.44046:71114 687.44513:16932,null,553191,890594,910589,866603,805244.06540625,168995.035226125
88,8.994,685.55304,no MS2: BA 24:1;O3;G/16:2,[M+NH4]+,null,0.25,False,8.416,685.55139,C42H69NO5,GLCAE,LXMQNVPHLGGKBS-UHFFFAOYSA-N,O=C(O)CNC(=O)CCC(C)C1CCC2C3CCC4CC(OC(=O)CCCCCCCC=CCC=CCCC)CCC4(C)C3CCC12C,530,False,True,False,Normalized unit: Intensity; Annotation method: Msp20260116160945_NCDK_conventional_converted_dev_1,False,False,88,0,0.00,0.97,null,null,null,-1.00,-1.00,-0.157,41.48,P Finnie Serum clmn TEST 1_GD1_01_66704,685.55304:80800 686.55771:42420 687.56238:11930,null,332452,299473,286071,278416,299102.978390625,23875.4908566725
89,8.892,687.56915,no MS2: SL 39:2;O|SL 12:1;O/27:1,[M+NH4]+,null,1.00,False,10.758,687.57037,C39H75NO5S,SL,CBWSNIPGEHXIIN-UHFFFAOYSA-N,O=C(N(CC(O)C=CCCCCCCC)CS(=O)(=O)O)CCCCCCCCCCCCCCC=CCCCCCCCCCC,530,False,True,False,Normalized unit: Intensity; Annotation method: Msp20260116160945_NCDK_conventional_converted_dev_1,False,False,89,0,0.00,0.98,null,null,null,-1.00,-1.00,-0.151,188.97,P Finnie Serum clmn TEST 2_GD1_01_66705,687.56915:259930 688.57382:128114 689.57849:31520,null,1131416,1146613,1119273,1124244,1130386.36998438,11910.5351947836
90,10.436,688.60223,no MS2: SE 28:2/19:4,[M+NH4]+,null,1.00,False,13.944,688.60272,C47H74O2,BRSE,ZNKOFJNOJYEHQU-UHFFFAOYSA-N,O=C(OC1CC2=CCC3C(CCC4(C)C(CCC34)C(C=CC(C)C(C)C)C)C2(C)CC1)CCCCCC=CCC=CCC=CCC=CCC,530,False,True,False,Normalized unit: Intensity; Annotation method: Msp20260116160945_NCDK_conventional_converted_dev_1,False,False,90,0,0.00,1.00,null,null,null,-1.00,-1.00,-0.143,342.94,P Finnie Serum clmn TEST 3_GD1_01_66706,688.60303:372864 689.60770:196478 690.61236:48238,null,1689190,1438533,1310148,1329241,1441777.70639063,174369.515228187
91,4.915,689.55927,no MS2: SM 33:1;O2|SM 12:1;O2/21:0,[M+H]+,null,1.00,False,8.656,689.55920,C38H77N2O6P,SM,REEYJRIAQSUMNO-UHFFFAOYSA-N,O=C(NC(COP(=O)([O-])OCC[N+](C)(C)C)C(O)C=CCCCCCCC)CCCCCCCCCCCCCCCCCCCC,530,False,True,False,Normalized unit: Intensity; Annotation method: Msp20260116160945_NCDK_conventional_converted_dev_1,False,False,91,0,0.00,1.00,null,null,null,-1.00,-1.00,-0.143,223.09,P Finnie Serum clmn TEST 2_GD1_01_66705,689.55927:303876 690.56393:120978 691.56860:26096,null,878807,890709,871989,847304,872202.409140626,18312.9611751106
92,10.887,690.61841,no MS2: SE 28:2/19:3,[M+NH4]+,null,1.00,False,14.517,690.61841,C47H76O2,BRSE,YTEYFXJGUXEGQA-UHFFFAOYSA-N,O=C(OC1CC2=CCC3C(CCC4(C)C(CCC34)C(C=CC(C)C(C)C)C)C2(C)CC1)CCCCCCCCC=CCC=CCC=CCC,530,False,True,False,Normalized unit: Intensity; Annotation method: Msp20260116160945_NCDK_conventional_converted_dev_1,False,False,92,0,0.00,1.00,null,null,null,-1.00,-1.00,-0.143,4706.75,P Finnie Serum clmn TEST 2_GD1_01_66705,690.61841:7221422 691.62308:3689750 692.62774:870120,null,24516516,25789909,25095752,25635605,25259445.3915781,577819.783673039
93,10.887,690.76569,Unknown,[M+2H]2+,null,1.00,False,null,null,null,null,null,null,999,False,False,False,Normalized unit: Intensity,False,False,93,0,0.00,null,null,null,null,null,null,null,962.49,P Finnie Serum clmn TEST 4_GD1_01_66707,690.76569:130326 691.77035:55150 692.77502:3090,null,378490,400066,387490,414818,395216.158578124,15781.979143536
94,10.887,690.87402,Unknown,[M+H]+,null,1.00,False,null,null,null,null,null,null,999,False,False,False,Normalized unit: Intensity,False,False,94,0,0.00,null,null,null,null,null,null,null,1237.61,P Finnie Serum clmn TEST 2_GD1_01_66705,690.87402:127134 691.87869:47156 692.88336:0,null,389094,402803,390663,400300,395714.989890624,6846.45767591125
95,10.731,691.61279,Unknown,[M+H]+,null,1.00,False,null,null,null,null,null,null,999,False,False,False,Normalized unit: Intensity,False,False,95,0,0.00,null,null,null,null,null,null,null,464.91,P Finnie Serum clmn TEST 2_GD1_01_66705,691.61279:460518 692.61746:223198 693.62213:56444,null,1614874,1676363,1654831,1619174,1641310.67926562,29441.2275292976
96,11.251,692.63385,no MS2: SE 28:2/19:2,[M+NH4]+,null,1.00,False,14.462,692.63397,C47H78O2,BRSE,UDQMRBUAOHSUHM-UHFFFAOYSA-N,O=C(OC1CC2=CCC3C(CCC4(C)C(CCC34)C(C=CC(C)C(C)C)C)C2(C)CC1)CCCCCCCC=CCC=CCCCCCC,530,False,True,False,Normalized unit: Intensity; Annotation method: Msp20260116160945_NCDK_conventional_converted_dev_1,False,False,96,0,0.00,1.00,null,null,null,-1.00,-1.00,-0.143,3704.23,P Finnie Serum clmn TEST 3_GD1_01_66706,692.63385:540718 693.63852:293030 694.64319:80582,null,2207230,2173017,2317309,2148349,2211476.47279687,74571.5134813087
97,10.436,693.55786,no MS2: SE 28:4/19:2,[M+Na]+,null,1.00,False,14.218,693.55811,C47H74O2,DEGSE,ZJTNNWFGVBBRTO-UHFFFAOYSA-N,O=C(OC1CC2=CC=C3C(=CCC4(C)C3CCC4C(C=CC(C)C(C)C)C)C2(C)CC1)CCCCCCCC=CCC=CCCCCCC,530,False,True,False,Normalized unit: Intensity; Annotation method: Msp20260116160945_NCDK_conventional_converted_dev_1,False,False,97,0,0.00,1.00,null,null,null,-1.00,-1.00,-0.143,111.37,P Finnie Serum clmn TEST 1_GD1_01_66704,693.55786:100538 694.56253:50074 695.56720:11710,null,495732,439770,418870,434224,447148.772921875,33573.3509223522
98,11.164,693.63000,Unknown,[M+H]+,null,1.00,False,null,null,null,null,null,null,999,False,False,False,Normalized unit: Intensity,False,False,98,0,0.00,null,null,null,null,null,null,null,4761.27,P Finnie Serum clmn TEST 1_GD1_01_66704,693.63000:461176 694.63467:231176 695.63934:57404,null,4927099,4675653,4840607,4784000,4806839.52996875,105410.757234281
99,10.904,695.57562,no MS2: SE 28:4/19:1,[M+Na]+,null,1.00,False,14.541,695.57379,C47H76O2,DEGSE,MGDBSUWQPQWINH-UHFFFAOYSA-N,O=C(OC1CC2=CC=C3C(=CCC4(C)C3CCC4C(C=CC(C)C(C)C)C)C2(C)CC1)CCCCCCCC=CCCCCCCCCC,530,False,True,False,Normalized unit: Intensity; Annotation method: Msp20260116160945_NCDK_conventional_converted_dev_1,False,False,99,0,0.00,1.00,null,null,null,-1.00,-1.00,-0.143,538.39,P Finnie Serum clmn TEST 3_GD1_01_66706,695.57385:180564 696.57852:88544 697.58319:23014,null,1036196,1090837,1055753,1112015,1073700.49559375,34109.7021225546
100,11.702,695.64508,Unknown,[M+H]+,null,1.00,False,null,null,null,null,null,null,999,False,False,False,Normalized unit: Intensity,False,False,100,0,0.00,null,null,null,null,null,null,null,1596.02,P Finnie Serum clmn TEST 1_GD1_01_66704,695.64508:257046 696.64975:129206 697.65442:32686,null,1794308,1722397,1678050,1768098,1740713.1316875,51265.6022519787
101,11.108,696.66656,no MS2: SE 28:2/19:0,[M+NH4]+,null,1.00,False,15.541,696.66528,C47H82O2,BRSE,LZJGAWOCEYUMNW-UHFFFAOYSA-N,O=C(OC1CC2=CCC3C(CCC4(C)C(CCC34)C(C=CC(C)C(C)C)C)C2(C)CC1)CCCCCCCCCCCCCCCCCC,530,False,True,False,Normalized unit: Intensity; Annotation method: Msp20260116160945_NCDK_conventional_converted_dev_1,False,False,101,0,0.00,1.00,null,null,null,-1.00,-1.00,-0.144,111.06,P Finnie Serum clmn TEST 1_GD1_01_66704,696.66492:120840 697.66958:58854 698.67425:13928,null,328543,314269,311293,320858,318740.901999999,7660.21450681534
102,12.197,697.65881,no MS2: RIKEN P-VS1 ID-7906 from Mouse_Macrophage_WT_N_F1AA,[M+H]+,null,1.00,False,7.850,697.65942,null,Unknown,null,null,530,False,True,False,Normalized unit: Intensity; Annotation method: Msp20260116160945_NCDK_conventional_converted_dev_1,False,False,102,0,0.00,1.00,null,null,null,-1.00,-1.00,-0.129,833.73,P Finnie Serum clmn TEST 1_GD1_01_66704,697.65912:168952 698.66379:78550 699.66845:20574,null,582127,617404,618065,594978,603143.485609373,17648.3154774546
103,4.726,701.55804,no MS2: SM 34:2;O2|SM 12:1;O2/22:1,[M+H]+,null,0.75,False,8.555,701.55920,C39H77N2O6P,SM,VYDHYGBBAHKWKG-UHFFFAOYSA-N,O=C(NC(COP(=O)([O-])OCC[N+](C)(C)C)C(O)C=CCCCCCCC)CCCCCCCCCCCC=CCCCCCCCC,530,False,True,False,Normalized unit: Intensity; Annotation method: Msp20260116160945_NCDK_conventional_converted_dev_1,False,False,103,0,0.00,1.00,null,null,null,-1.00,-1.00,-0.143,1019.62,P Finnie Serum clmn TEST 2_GD1_01_66705,701.55890:921058 702.56357:373888 703.56823:89846,null,2678134,2704090,2755355,2705873,2710862.97671875,32256.9236862881
104,4.629,701.55896,no MS2: SM 34:2;O2|SM 12:1;O2/22:1,[M+H]+,null,0.25,False,8.555,701.55920,C39H77N2O6P,SM,VYDHYGBBAHKWKG-UHFFFAOYSA-N,O=C(NC(COP(=O)([O-])OCC[N+](C)(C)C)C(O)C=CCCCCCCC)CCCCCCCCCCCC=CCCCCCCCC,530,False,True,False,Normalized unit: Intensity; Annotation method: Msp20260116160945_NCDK_conventional_converted_dev_1,False,False,104,0,0.00,1.00,null,null,null,-1.00,-1.00,-0.143,1166.55,P Finnie Serum clmn TEST 1_GD1_01_66704,701.55896:903856 702.56363:374786 703.56830:83218,null,2677905,2704090,6723,5148,1348466.5250625,1550258.24808226
105,8.801,703.56415,no MS2: SL 39:2;O2|SL 12:1;O/27:1;O,[M+NH4]+,null,1.00,False,9.495,703.56531,C39H75NO6S,SL,RIUPWCLRDKXJJK-UHFFFAOYSA-N,O=C(N(CC(O)C=CCCCCCCC)CS(=O)(=O)O)C(O)CCCCCCCCCCCCCC=CCCCCCCCCCC,530,False,True,False,Normalized unit: Intensity; Annotation method: Msp20260116160945_NCDK_conventional_converted_dev_1,False,False,105,0,0.00,0.99,null,null,null,-1.00,-1.00,-0.147,221.03,P Finnie Serum clmn TEST 4_GD1_01_66707,703.56445:139066 704.56912:64110 705.57379:15712,null,515364,532979,511819,517218,519344.823953125,9361.1318454398
106,5.237,703.57495,no MS2: SM 34:1;O2|SM 12:1;O2/22:0,[M+H]+,null,1.00,False,8.929,703.57489,C39H79N2O6P,SM,ASWNCHFNKSPKBK-UHFFFAOYSA-N,O=C(NC(COP(=O)([O-])OCC[N+](C)(C)C)C(O)C=CCCCCCCC)CCCCCCCCCCCCCCCCCCCCC,530,False,True,False,Normalized unit: Intensity; Annotation method: Msp20260116160945_NCDK_conventional_converted_dev_1,False,False,106,0,0.00,1.00,null,null,null,-1.00,-1.00,-0.143,9195.64,P Finnie Serum clmn TEST 3_GD1_01_66706,703.57495:7565270 704.57962:3421554 705.58429:771786,null,21378911,21164266,21412582,21600045,21388950.9092656,178608.657537804
107,5.237,703.72272,Unknown,[M+2H]2+,null,1.00,False,null,null,null,null,null,null,999,False,False,False,Normalized unit: Intensity,False,False,107,0,0.00,null,null,null,null,null,null,null,554.02,P Finnie Serum clmn TEST 2_GD1_01_66705,703.72272:105134 704.72739:23920 705.73205:2346,null,261966,278566,272500,266818,269962.22771875,7171.75346781357
108,5.237,703.83258,Unknown,[M+H]+,null,1.00,False,null,null,null,null,null,null,999,False,False,False,Normalized unit: Intensity,False,False,108,0,0.00,null,null,null,null,null,null,null,901.05,P Finnie Serum clmn TEST 3_GD1_01_66706,703.83258:121248 704.83725:28194 705.84192:1580,null,280478,292297,289320,275826,284480.326125,7647.14816967546
109,5.477,705.59045,no MS2: SM 34:0;O2|SM 12:0;O2/22:0,[M+H]+,null,1.00,False,9.170,705.59052,C39H81N2O6P,SM,JIOJUELCHJZSCJ-UHFFFAOYSA-N,O=C(NC(COP(=O)([O-])OCC[N+](C)(C)C)C(O)CCCCCCCCC)CCCCCCCCCCCCCCCCCCCCC,530,False,True,False,Normalized unit: Intensity; Annotation method: Msp20260116160945_NCDK_conventional_converted_dev_1,False,False,109,0,0.00,1.00,null,null,null,-1.00,-1.00,-0.143,425.78,P Finnie Serum clmn TEST 3_GD1_01_66706,705.59045:266904 706.59512:108174 707.59979:23834,null,760682,784375,776620,774062,773934.708593749,9863.23913644231
110,5.324,706.53778,no MS2: DMPE 31:0|DMPE 26:0_5:0,[M+H]+,null,1.00,False,9.669,706.53809,C38H76NO8P,DMPE,DWEKJNHYPZSNIT-UHFFFAOYSA-N,O=C(OCC(OC(=O)CCCC)COP(=O)(O)OCCN(C)C)CCCCCCCCCCCCCCCCCCCCCCCCC,530,False,True,False,Normalized unit: Intensity; Annotation method: Msp20260116160945_NCDK_conventional_converted_dev_1,False,False,110,0,0.00,1.00,null,null,null,-1.00,-1.00,-0.143,900.86,P Finnie Serum clmn TEST 2_GD1_01_66705,706.53802:266636 707.54269:104798 708.54736:24586,null,1611366,822254,708883,694839,959335.392500001,438414.069220529
111,6.410,707.49115,Unknown,[M+H]+,null,1.00,False,null,null,null,null,null,null,999,False,False,False,Normalized unit: Intensity,False,False,111,0,0.00,null,null,null,null,null,null,null,79.42,P Finnie Serum clmn TEST 3_GD1_01_66706,707.49115:992668 708.49582:487490 709.50049:117390,null,4696086,6991999,7097717,7059320,6461280.55423437,1177607.54010507
112,8.996,707.60822,Unknown,[M+H]+,null,1.00,False,null,null,null,null,null,null,999,False,False,False,Normalized unit: Intensity,False,False,112,0,0.00,null,null,null,null,null,null,null,24.78,P Finnie Serum clmn TEST 1_GD1_01_66704,707.60822:329428 708.61288:164942 709.61755:43228,null,1454055,1277145,1219761,1199553,1287628.71335937,115716.305005423
113,11.164,708.66589,no MS2: SE 28:2/20:1,[M+NH4]+,null,1.00,False,15.144,708.66528,C48H82O2,BRSE,AERGVMDMBPPOOG-UHFFFAOYSA-N,O=C(OC1CC2=CCC3C(CCC4(C)C(CCC34)C(C=CC(C)C(C)C)C)C2(C)CC1)CCCCCCCCCC=CCCCCCCCC,530,False,True,False,Normalized unit: Intensity; Annotation method: Msp20260116160945_NCDK_conventional_converted_dev_1,False,False,113,0,0.00,1.00,null,null,null,-1.00,-1.00,-0.143,557.97,P Finnie Serum clmn TEST 3_GD1_01_66706,708.66516:69356 709.66983:34920 710.67450:8394,null,613002,587159,605283,594080,599880.916296874,11501.5053485
114,8.892,709.62390,Unknown,[M+H]+,null,1.00,False,null,null,null,null,null,null,999,False,False,False,Normalized unit: Intensity,False,False,114,0,0.00,null,null,null,null,null,null,null,1955.88,P Finnie Serum clmn TEST 3_GD1_01_66706,709.62390:773862 710.62857:396176 711.63324:96228,null,3171801,3180083,3141647,3117648,3152794.73946875,28667.3533239472
115,8.714,709.62445,Unknown,[M+H]+,null,1.00,False,null,null,null,null,null,null,999,False,False,False,Normalized unit: Intensity,False,False,115,0,0.00,null,null,null,null,null,null,null,205.34,P Finnie Serum clmn TEST 2_GD1_01_66705,709.62445:183334 710.62912:93882 711.63379:18898,null,637088,647165,630695,631656,636650.941718749,7553.0821502709
116,8.836,711.56934,no MS2: SL 41:4;O|SL 13:1;O/28:3,[M+NH4]+,null,1.00,False,10.839,711.57037,C41H75NO5S,SL,FGTSTGQMUWVJKU-UHFFFAOYSA-N,O=C(N(CC(O)C=CCCCCCCCC)CS(=O)(=O)O)CCCCCCCCCCCCC=CCC=CCC=CCCCCCCC,530,False,True,False,Normalized unit: Intensity; Annotation method: Msp20260116160945_NCDK_conventional_converted_dev_1,False,False,116,0,0.00,0.99,null,null,null,-1.00,-1.00,-0.148,122.34,P Finnie Serum clmn TEST 4_GD1_01_66707,711.56934:150850 712.57400:77516 713.57867:20844,null,1227868,1266163,1262062,1270814,1256726.83032812,19568.6544255607
117,10.627,714.61743,no MS2: SE 28:2/21:5,[M+NH4]+,null,1.00,False,13.735,714.61841,C49H76O2,BRSE,NAGKOUYLLGPXFP-UHFFFAOYSA-N,O=C(OC1CC2=CCC3C(CCC4(C)C(CCC34)C(C=CC(C)C(C)C)C)C2(C)CC1)CCCCC=CCC=CCC=CCC=CCC=CCC,530,False,True,False,Normalized unit: Intensity; Annotation method: Msp20260116160945_NCDK_conventional_converted_dev_1,False,False,117,0,0.00,1.00,null,null,null,-1.00,-1.00,-0.143,1368.21,P Finnie Serum clmn TEST 4_GD1_01_66707,714.61835:336648 715.62301:176922 716.62768:48994,null,1257811,1309263,1260610,1214145,1260457.58951563,38875.3722330755
118,10.436,715.61304,Unknown,[M+H]+,null,1.00,False,null,null,null,null,null,null,999,False,False,False,Normalized unit: Intensity,False,False,118,0,0.00,null,null,null,null,null,null,null,357.61,P Finnie Serum clmn TEST 1_GD1_01_66704,715.61304:294166 716.61770:153912 717.62237:37116,null,1168948,995804,930046,976773,1017892.73420313,104424.590841943
119,5.581,717.59186,no MS2: SM 35:1;O2|SM 12:1;O2/23:0,[M+H]+,null,1.00,False,9.350,717.59052,C40H81N2O6P,SM,ASVIEZNRHGUMIU-UHFFFAOYSA-N,O=C(NC(COP(=O)([O-])OCC[N+](C)(C)C)C(O)C=CCCCCCCC)CCCCCCCCCCCCCCCCCCCCCC,530,False,True,False,Normalized unit: Intensity; Annotation method: Msp20260116160945_NCDK_conventional_converted_dev_1,False,False,119,0,0.00,1.00,null,null,null,-1.00,-1.00,-0.143,215.52,P Finnie Serum clmn TEST 3_GD1_01_66706,717.59070:121908 718.59537:50720 719.60003:12178,null,376903,403585,385676,396497,390665.288312501,11764.6306111811
120,10.904,717.63141,Unknown,[M+H]+,null,1.00,False,null,null,null,null,null,null,999,False,False,False,Normalized unit: Intensity,False,False,120,0,0.00,null,null,null,null,null,null,null,4414.30,P Finnie Serum clmn TEST 1_GD1_01_66704,717.62903:852454 718.63370:455848 719.63836:121298,null,4182383,4337386,4228854,4472561,4305295.97599999,129045.815567811
121,6.280,718.57483,no MS2: PC O-32:1|PC O-8:0_24:1,[M+H]+,null,1.00,False,9.876,718.57452,C40H80NO7P,EtherPC,JSCQQTZMIJRPQQ-UHFFFAOYSA-N,O=C(OC(COCCCCCCCC)COP(=O)([O-])OCC[N+](C)(C)C)CCCCCCCCCCCCCC=CCCCCCCCC,530,False,True,False,Normalized unit: Intensity; Annotation method: Msp20260116160945_NCDK_conventional_converted_dev_1,False,False,121,0,0.00,1.00,null,null,null,-1.00,-1.00,-0.143,163.91,P Finnie Serum clmn TEST 4_GD1_01_66707,718.57465:129472 719.57931:53894 720.58398:13154,null,446789,456230,436384,437136,444134.665265625,9352.43911067629
122,10.622,719.57318,no MS2: RIKEN P-VS1 ID-8477 from Mouse_Muscle_WT_CTX3_Ctr,[M+H]+,null,1.00,False,8.620,719.57471,null,Unknown,null,null,530,False,True,False,Normalized unit: Intensity; Annotation method: Msp20260116160945_NCDK_conventional_converted_dev_1,False,False,122,0,0.00,1.00,null,null,null,-1.00,-1.00,-0.130,44.43,P Finnie Serum clmn TEST 4_GD1_01_66707,719.57416:139980 720.57883:74228 721.58349:18320,null,603512,608821,618746,582039,603279.28828125,15503.8610413185
123,6.371,720.59088,no MS2: PC O-32:0|PC O-8:0_24:0,[M+H]+,null,1.00,False,10.204,720.59021,C40H82NO7P,EtherPC,AXEPEEXNGOBZFB-UHFFFAOYSA-N,O=C(OC(COCCCCCCCC)COP(=O)([O-])OCC[N+](C)(C)C)CCCCCCCCCCCCCCCCCCCCCCC,530,False,True,False,Normalized unit: Intensity; Annotation method: Msp20260116160945_NCDK_conventional_converted_dev_1,False,False,123,0,0.00,1.00,null,null,null,-1.00,-1.00,-0.144,68.14,P Finnie Serum clmn TEST 2_GD1_01_66705,720.59070:147354 721.59537:56010 722.60003:11648,null,616141,569127,540584,551141,569248.433984376,33408.85504664
124,10.731,720.66461,no MS2: RIKEN P-VS1 ID-8511 from Mouse_Feces_WT_N_Ctr,[M+H]+,null,1.00,False,14.650,720.66351,null,Unknown,null,null,530,False,True,False,Normalized unit: Intensity; Annotation method: Msp20260116160945_NCDK_conventional_converted_dev_1,False,False,124,0,0.00,0.99,null,null,null,-1.00,-1.00,-0.134,145.64,P Finnie Serum clmn TEST 2_GD1_01_66705,720.66461:131780 721.66928:70736 722.67395:16848,null,506729,521065,516212,516447,515113.364078125,6019.52578583723
125,6.400,721.50702,Unknown,[M+H]+,null,0.75,False,null,null,null,null,null,null,999,False,False,False,Normalized unit: Intensity,False,False,125,0,0.00,null,null,null,null,null,null,null,95.19,P Finnie Serum clmn TEST 3_GD1_01_66706,721.50702:88530 722.51169:0 723.51635:0,null,304529,494971,553201,547398,475024.858359375,116641.799274586
126,6.401,722.52533,no MS2: RIKEN P-VS1 ID-8558 from Mouse_Feces_WT_N_Ctr,[M+H]+,null,1.00,False,8.530,722.52838,null,Unknown,null,null,530,False,True,False,Normalized unit: Intensity; Annotation method: Msp20260116160945_NCDK_conventional_converted_dev_1,False,False,126,0,0.00,0.96,null,null,null,-1.00,-1.00,-0.147,83.45,P Finnie Serum clmn TEST 1_GD1_01_66704,722.52631:86000 723.53097:41488 724.53564:10084,null,599214,853860,879549,855131,796938.62778125,132345.46029559
127,11.164,722.68201,no MS2: SE 28:2/21:1,[M+NH4]+,null,1.00,False,15.338,722.68103,C49H84O2,BRSE,JLQDQWBHGPPKFG-UHFFFAOYSA-N,O=C(OC1CC2=CCC3C(CCC4(C)C(CCC34)C(C=CC(C)C(C)C)C)C2(C)CC1)CCCCCCCCCC=CCCCCCCCCC,530,False,True,False,Normalized unit: Intensity; Annotation method: Msp20260116160945_NCDK_conventional_converted_dev_1,False,False,127,0,0.00,1.00,null,null,null,-1.00,-1.00,-0.143,465.60,P Finnie Serum clmn TEST 2_GD1_01_66705,722.68109:170004 723.68576:95666 724.69043:22462,null,1389842,1318453,1360049,1362165,1357627.47392187,29432.6990576047
128,5.899,724.52856,no MS2: PC O-33:5|PC O-9:0_24:5,[M+H]+,null,0.75,False,8.990,724.52759,C41H74NO7P,EtherPC,DJDJEENEQLJKCQ-UHFFFAOYSA-N,O=C(OC(COCCCCCCCCC)COP(=O)([O-])OCC[N+](C)(C)C)CCCCCCCC=CCC=CCC=CCC=CCC=CCC,530,False,True,False,Normalized unit: Intensity; Annotation method: Msp20260116160945_NCDK_conventional_converted_dev_1,False,False,128,0,0.00,1.00,null,null,null,-1.00,-1.00,-0.143,15.95,P Finnie Serum clmn TEST 3_GD1_01_66706,724.52759:94440 725.53226:43520 726.53692:11656,null,287191,288119,279752,275700,282690.7843125,5978.38110048187
129,11.694,724.69824,no MS2: SE 28:2/21:0,[M+NH4]+,null,1.00,False,15.896,724.69659,C49H86O2,BRSE,PNMYZNGUORCLAM-UHFFFAOYSA-N,O=C(OC1CC2=CCC3C(CCC4(C)C(CCC34)C(C=CC(C)C(C)C)C)C2(C)CC1)CCCCCCCCCCCCCCCCCCCC,530,False,True,False,Normalized unit: Intensity; Annotation method: Msp20260116160945_NCDK_conventional_converted_dev_1,False,False,129,0,0.00,1.00,null,null,null,-1.00,-1.00,-0.143,34.22,P Finnie Serum clmn TEST 1_GD1_01_66704,724.69647:118752 725.70114:63744 726.70581:16746,null,795417,778958,769139,802001,786378.512046877,15033.4749145958
130,5.237,725.55731,no MS2: RIKEN P-VS1 ID-8650 from Cell_HeLa_WT_N_Ctr,[M+H]+,null,1.00,False,9.810,725.55829,null,Unknown,null,null,530,False,True,False,Normalized unit: Intensity; Annotation method: Msp20260116160945_NCDK_conventional_converted_dev_1,False,False,130,0,0.00,0.99,null,null,null,-1.00,-1.00,-0.132,121.06,P Finnie Serum clmn TEST 1_GD1_01_66704,725.55737:502948 726.56204:215782 727.56671:48514,null,1477049,1480145,1501625,1537697,1499128.9865,27938.2739508447
131,8.801,725.61975,no MS2: RIKEN P-VS1 ID-8656 from Mouse_Heart_WT_N_F1,[M+H]+,null,1.00,False,9.020,725.62079,null,Unknown,null,null,530,False,True,False,Normalized unit: Intensity; Annotation method: Msp20260116160945_NCDK_conventional_converted_dev_1,False,False,131,0,0.00,0.99,null,null,null,-1.00,-1.00,-0.133,412.80,P Finnie Serum clmn TEST 1_GD1_01_66704,725.61975:440414 726.62442:220218 727.62909:52340,null,1663000,1586980,1545235,1545923,1585284.59028125,55364.7908121966
132,5.350,729.59039,no MS2: SM 36:2;O2|SM 12:1;O2/24:1,[M+H]+,null,1.00,False,9.012,729.59052,C41H81N2O6P,SM,KZQWICJJTVELAN-UHFFFAOYSA-N,O=C(NC(COP(=O)([O-])OCC[N+](C)(C)C)C(O)C=CCCCCCCC)CCCCCCCCCCCCCC=CCCCCCCCC,530,False,True,False,Normalized unit: Intensity; Annotation method: Msp20260116160945_NCDK_conventional_converted_dev_1,False,False,132,0,0.00,1.00,null,null,null,-1.00,-1.00,-0.143,3167.35,P Finnie Serum clmn TEST 2_GD1_01_66705,729.59039:2260624 730.59506:1045008 731.59973:259672,null,5520246,6058604,5845894,5821674,5811604.752875,221491.877355064
133,4.920,730.53796,no MS2: DMPE 33:2|DMPE 5:0_28:2,[M+H]+,null,1.00,False,9.485,730.53809,C40H76NO8P,DMPE,CIMMRNSOHYKOSL-UHFFFAOYSA-N,O=C(OCC(OC(=O)CCCCCCCCCCCCCCCC=CCC=CCCCCCCC)COP(=O)(O)OCCN(C)C)CCCC,530,False,True,False,Normalized unit: Intensity; Annotation method: Msp20260116160945_NCDK_conventional_converted_dev_1,False,False,133,0,0.00,1.00,null,null,null,-1.00,-1.00,-0.143,271.91,P Finnie Serum clmn TEST 2_GD1_01_66705,730.53796:234396 731.54263:99798 732.54730:23960,null,629651,645746,627412,622286,631273.520046875,10128.6363060383
134,6.401,731.49127,Unknown,[M+H]+,null,1.00,False,null,null,null,null,null,null,999,False,False,False,Normalized unit: Intensity,False,False,134,0,0.00,null,null,null,null,null,null,null,108.50,P Finnie Serum clmn TEST 3_GD1_01_66706,731.49127:222666 732.49594:108054 733.50061:25908,null,1050128,1500779,1517713,1485872,1388623.0895,226037.92680873
135,5.924,731.60645,no MS2: SM 36:1;O2|SM 12:1;O2/24:0,[M+H]+,null,1.00,False,9.598,731.60620,C41H83N2O6P,SM,IMSJPGOHOORVQA-UHFFFAOYSA-N,O=C(NC(COP(=O)([O-])OCC[N+](C)(C)C)C(O)C=CCCCCCCC)CCCCCCCCCCCCCCCCCCCCCCC,530,False,True,False,Normalized unit: Intensity; Annotation method: Msp20260116160945_NCDK_conventional_converted_dev_1,False,False,135,0,0.00,1.00,null,null,null,-1.00,-1.00,-0.143,524.67,P Finnie Serum clmn TEST 3_GD1_01_66706,731.60608:1300038 732.61075:591060 733.61541:140128,null,4216008,4262505,4209367,4293443,4245330.71984374,39845.3038584221
136,5.398,732.55347,no MS2: DMPE 33:1|DMPE 5:0_28:1,[M+H]+,null,1.00,False,9.369,732.55377,C40H78NO8P,DMPE,OIISTJMMSRDWTO-UHFFFAOYSA-N,O=C(OCC(OC(=O)CCCCCCCCCCCCCCCCCC=CCCCCCCCC)COP(=O)(O)OCCN(C)C)CCCC,530,False,True,False,Normalized unit: Intensity; Annotation method: Msp20260116160945_NCDK_conventional_converted_dev_1,False,False,136,0,0.00,1.00,null,null,null,-1.00,-1.00,-0.143,281.18,P Finnie Serum clmn TEST 4_GD1_01_66707,732.55371:592256 733.55838:252606 734.56305:59288,null,1984667,2392393,2284487,2266980,2232132.06729687,174047.946617929
137,10.900,732.66699,no MS2: SE 28:2/22:3,[M+NH4]+,null,1.00,False,14.874,732.66528,C50H82O2,BRSE,ZKIALIRUHUMUBC-UHFFFAOYSA-N,O=C(OC1CC2=CCC3C(CCC4(C)C(CCC34)C(C=CC(C)C(C)C)C)C2(C)CC1)CCCCCCCCC=CCC=CCC=CCCCCC,530,False,True,False,Normalized unit: Intensity; Annotation method: Msp20260116160945_NCDK_conventional_converted_dev_1,False,False,137,0,0.00,1.00,null,null,null,-1.00,-1.00,-0.143,501.60,P Finnie Serum clmn TEST 2_GD1_01_66705,732.66528:143430 733.66995:79100 734.67462:20586,null,646203,664093,660061,680303,662665.232312498,14034.6607777047
138,8.836,733.62390,no MS2: SM 36:0;O2|SM 12:0;O2/24:0,[M+H]+,null,1.00,False,9.860,733.62183,C41H85N2O6P,SM,HHUPDMAQIBSEGQ-UHFFFAOYSA-N,O=C(NC(COP(=O)([O-])OCC[N+](C)(C)C)C(O)CCCCCCCCC)CCCCCCCCCCCCCCCCCCCCCCC,530,False,True,False,Normalized unit: Intensity; Annotation method: Msp20260116160945_NCDK_conventional_converted_dev_1,False,False,138,0,0.00,0.96,null,null,null,-1.00,-1.00,-0.162,829.40,P Finnie Serum clmn TEST 2_GD1_01_66705,733.62390:263384 734.62857:139666 735.63324:35336,null,2479814,2510193,2429081,2422710,2460449.46498438,41863.4209573809
139,5.972,734.56940,no MS2: DMPE 33:0|DMPE 28:0_5:0,[M+H]+,null,1.00,False,10.672,734.56940,C40H80NO8P,DMPE,ZZNGNZPJNJRLFS-UHFFFAOYSA-N,O=C(OCC(OC(=O)CCCC)COP(=O)(O)OCCN(C)C)CCCCCCCCCCCCCCCCCCCCCCCCCCC,530,False,True,False,Normalized unit: Intensity; Annotation method: Msp20260116160945_NCDK_conventional_converted_dev_1,False,False,139,0,0.00,1.00,null,null,null,-1.00,-1.00,-0.143,4812.00,P Finnie Serum clmn TEST 2_GD1_01_66705,734.56940:1079008 735.57406:482916 736.57873:118862,null,3639604,3721535,3583671,3671015,3653956.14823437,57746.4463133241
140,10.618,735.54718,no MS2: SM 37:6;O2|SM 13:1;O2/24:5,[M+K]+,null,1.00,False,8.377,735.54358,C42H75N2O6P,SM,RYVVCEAQKHUEJM-UHFFFAOYSA-N,O=C(NC(COP(=O)([O-])OCC[N+](C)(C)C)C(O)C=CCCCCCCCC)CCCCCCCC=CCC=CCC=CCC=CCC=CCC,530,False,True,False,Normalized unit: Intensity; Annotation method: Msp20260116160945_NCDK_conventional_converted_dev_1,False,False,140,0,0.00,0.89,null,null,null,-1.00,-1.00,-0.199,251.01,P Finnie Serum clmn TEST 1_GD1_01_66704,735.54718:97458 736.55185:52492 737.55652:18016,null,404678,397274,400277,381169,395849.466953125,10248.2718573514
141,6.401,736.54291,no MS2: RIKEN P-VS1 ID-8977 from Mouse_Feces_WT_N_Ctr,[M+H]+,null,1.00,False,8.720,736.54358,null,Unknown,null,null,530,False,True,False,Normalized unit: Intensity; Annotation method: Msp20260116160945_NCDK_conventional_converted_dev_1,False,False,141,0,0.00,1.00,null,null,null,-1.00,-1.00,-0.129,99.01,P Finnie Serum clmn TEST 1_GD1_01_66704,736.54370:165016 737.54837:79340 738.55304:19626,null,1172775,1695920,1838419,1800184,1626824.71821875,308631.948131947
142,8.892,738.67645,no MS2: Cer 49:5;O3|Cer 13:0;O2/36:5;O,[M+H-H2O]+,null,1.00,False,12.854,738.67590,C49H89NO4,Cer_HDS,WDZDTIAJBHRHBO-UHFFFAOYSA-N,O=C(NC(CO)C(O)CCCCCCCCCC)C(O)CCCCCCCCCCCCCCCCCCC=CCC=CCC=CCC=CCC=CCC,530,False,True,False,Normalized unit: Intensity; Annotation method: Msp20260116160945_NCDK_conventional_converted_dev_1,False,False,142,0,0.00,1.00,null,null,null,-1.00,-1.00,-0.143,116.10,P Finnie Serum clmn TEST 3_GD1_01_66706,738.67603:157188 739.68069:82182 740.68536:23120,null,592355,587323,574193,557711,577895.586953125,15481.7550768989
143,10.627,741.62830,Unknown,[M+H]+,null,1.00,False,null,null,null,null,null,null,999,False,False,False,Normalized unit: Intensity,False,False,143,0,0.00,null,null,null,null,null,null,null,908.29,P Finnie Serum clmn TEST 2_GD1_01_66705,741.62830:420040 742.63296:229496 743.63763:58390,null,1483028,1481776,1443245,1388199,1449061.9355625,44579.8400282672
144,10.891,741.63013,no MS2: DG 43:2,[M+Na]+,null,1.00,False,13.501,741.63672,C46H86O5,DG,LINOJCLFVUMJHD-UHFFFAOYSA-N,O=C(OCC(OC(=O)CCC=CCCC)CO)CCCCCCCCCCCCCCCCCCCCCCC=CCCCCCCCCCC,530,False,True,False,Normalized unit: Intensity; Annotation method: Msp20260116160945_NCDK_conventional_converted_dev_1,False,False,144,0,0.00,0.78,null,null,null,-1.00,-1.00,-0.251,120.43,P Finnie Serum clmn TEST 4_GD1_01_66707,741.63153:85662 742.63620:45362 743.64087:15818,null,356365,361636,335739,352476,351554.209437499,11191.531830105
145,5.824,742.57404,no MS2: PC O-34:3|PC O-8:0_26:3,[M+H]+,null,1.00,False,9.597,742.57452,C42H80NO7P,EtherPC,MIKWCKCBCDZUNB-UHFFFAOYSA-N,O=C(OC(COCCCCCCCC)COP(=O)([O-])OCC[N+](C)(C)C)CCCCCCCCCCC=CCC=CCC=CCCCCCCC,530,False,True,False,Normalized unit: Intensity; Annotation method: Msp20260116160945_NCDK_conventional_converted_dev_1,False,False,145,0,0.00,1.00,null,null,null,-1.00,-1.00,-0.143,396.51,P Finnie Serum clmn TEST 4_GD1_01_66707,742.57489:804510 743.57956:369358 744.58423:92340,null,2636667,2651199,2595408,2632788,2629015.42217187,23765.1970254892
146,5.229,744.55377,no MS2: DMPE 34:2|DMPE 6:0_28:2,[M+H]+,null,1.00,False,9.726,744.55377,C41H78NO8P,DMPE,JDJIDZCZEYWKIZ-UHFFFAOYSA-N,O=C(OCC(OC(=O)CCCCCCCCCCCCCCCC=CCC=CCCCCCCC)COP(=O)(O)OCCN(C)C)CCCCC,530,False,True,False,Normalized unit: Intensity; Annotation method: Msp20260116160945_NCDK_conventional_converted_dev_1,False,False,146,0,0.00,1.00,null,null,null,-1.00,-1.00,-0.143,433.74,P Finnie Serum clmn TEST 2_GD1_01_66705,744.55377:276112 745.55844:121720 746.56311:29792,null,718141,728741,714517,716328,719431.678078125,6380.16704635573
147,6.345,744.59064,no MS2: PC O-34:2|PC O-8:0_26:2,[M+H]+,null,1.00,False,9.905,744.59021,C42H82NO7P,EtherPC,WBAZRZTVRJLENP-UHFFFAOYSA-N,O=C(OC(COCCCCCCCC)COP(=O)([O-])OCC[N+](C)(C)C)CCCCCCCCCCCCCC=CCC=CCCCCCCC,530,False,True,False,Normalized unit: Intensity; Annotation method: Msp20260116160945_NCDK_conventional_converted_dev_1,False,False,147,0,0.00,1.00,null,null,null,-1.00,-1.00,-0.143,600.06,P Finnie Serum clmn TEST 4_GD1_01_66707,744.59033:197062 745.59500:88332 746.59967:22318,null,734313,714933,700512,706549,714076.96859375,14729.9627245138
148,5.924,744.59113,no MS2: PC O-34:2|PC O-8:0_26:2,[M+H]+,null,1.00,False,9.905,744.59021,C42H82NO7P,EtherPC,WBAZRZTVRJLENP-UHFFFAOYSA-N,O=C(OC(COCCCCCCCC)COP(=O)([O-])OCC[N+](C)(C)C)CCCCCCCCCCCCCC=CCC=CCCCCCCC,530,False,True,False,Normalized unit: Intensity; Annotation method: Msp20260116160945_NCDK_conventional_converted_dev_1,False,False,148,0,0.00,1.00,null,null,null,-1.00,-1.00,-0.143,1758.25,P Finnie Serum clmn TEST 3_GD1_01_66706,744.59015:525230 745.59482:246456 746.59948:61190,null,1994087,1972454,1952427,2012434,1982850.60104687,26045.5835369525
149,5.720,746.57043,no MS2: DMPE 34:1|DMPE 5:0_29:1,[M+H]+,null,1.00,False,10.127,746.56940,C41H80NO8P,DMPE,KHJUHSUCVYWNIE-UHFFFAOYSA-N,O=C(OCC(OC(=O)CCCCCCCCCCCCCCC=CCCCCCCCCCCCC)COP(=O)(O)OCCN(C)C)CCCC,530,False,True,False,Normalized unit: Intensity; Annotation method: Msp20260116160945_NCDK_conventional_converted_dev_1,False,False,149,0,0.00,1.00,null,null,null,-1.00,-1.00,-0.143,440.89,P Finnie Serum clmn TEST 3_GD1_01_66706,746.56958:146056 747.57425:62224 748.57892:13302,null,527800,544938,526478,527613,531707.421015625,8839.98273736029
150,6.436,746.60608,no MS2: PC O-34:1|PC O-8:0_26:1,[M+H]+,null,1.00,False,10.376,746.60577,C42H84NO7P,EtherPC,DJYYQHGJOYRXDR-UHFFFAOYSA-N,O=C(OC(COCCCCCCCC)COP(=O)([O-])OCC[N+](C)(C)C)CCCCCCCCCCCCCCCC=CCCCCCCCC,530,False,True,False,Normalized unit: Intensity; Annotation method: Msp20260116160945_NCDK_conventional_converted_dev_1,False,False,150,0,0.00,1.00,null,null,null,-1.00,-1.00,-0.143,897.95,P Finnie Serum clmn TEST 3_GD1_01_66706,746.60577:246060 747.61044:107646 748.61511:25912,null,1235092,1234370,1208641,1188554,1216664.14129687,22417.5056521816
151,10.900,746.68298,no MS2: Cer 51:7;O2|Cer 13:1;O2/38:6,[M+H-H2O]+,null,1.00,False,12.759,746.68103,C51H89NO3,Cer_NS,JGDMWKYWSCHGIK-UHFFFAOYSA-N,O=C(NC(CO)C(O)C=CCCCCCCCC)CCCCCCCCCCCCCCCCCCC=CCC=CCC=CCC=CCC=CCC=CCC,530,False,True,False,Normalized unit: Intensity; Annotation method: Msp20260116160945_NCDK_conventional_converted_dev_1,False,False,151,0,0.00,1.00,null,null,null,-1.00,-1.00,-0.143,486.23,P Finnie Serum clmn TEST 1_GD1_01_66704,746.68097:280796 747.68564:157914 748.69030:41222,null,1363779,1394436,1355216,1427726,1385289.1745,32922.5656699516
152,5.346,751.57233,no MS2: SM 36:2;O2,[M+Na]+,null,1.00,False,9.012,751.57239,C41H81N2O6P,SM,KZQWICJJTVELAN-UHFFFAOYSA-N,O=C(NC(COP(=O)([O-])OCC[N+](C)(C)C)C(O)C=CCCCCCCC)CCCCCCCCCCCCCC=CCCCCCCCC,530,False,True,False,Normalized unit: Intensity; Annotation method: Msp20260116160945_NCDK_conventional_converted_dev_1,False,False,152,0,0.00,1.00,null,null,null,-1.00,-1.00,-0.143,139.81,P Finnie Serum clmn TEST 2_GD1_01_66705,751.57233:143808 752.57699:60778 753.58166:13994,null,358138,382261,373975,357320,367923.644578125,12252.6850925573
153,6.584,752.55927,no MS2: RIKEN P-VS1 ID-9414 from Cell_HeLa_WT_N_Ctr,[M+H]+,null,1.00,False,11.840,752.56042,null,Unknown,null,null,530,False,True,False,Normalized unit: Intensity; Annotation method: Msp20260116160945_NCDK_conventional_converted_dev_1,False,False,153,0,0.00,0.99,null,null,null,-1.00,-1.00,-0.133,188.32,P Finnie Serum clmn TEST 4_GD1_01_66707,752.55933:129450 753.56399:60110 754.56866:14268,null,444486,440770,431440,423324,435005.0551875,9526.81024386877
154,5.107,756.55334,no MS2: DMPE 35:3|DMPE 5:0_30:3,[M+H]+,null,1.00,False,9.213,756.55377,C42H78NO8P,DMPE,ICNCFQIVQRJXQI-UHFFFAOYSA-N,O=C(OCC(OC(=O)CCCCCCCCCCCCCCC=CCC=CCC=CCCCCCCC)COP(=O)(O)OCCN(C)C)CCCC,530,False,True,False,Normalized unit: Intensity; Annotation method: Msp20260116160945_NCDK_conventional_converted_dev_1,False,False,154,0,0.00,1.00,null,null,null,-1.00,-1.00,-0.143,209.84,P Finnie Serum clmn TEST 4_GD1_01_66707,756.55402:371220 757.55868:168992 758.56335:39538,null,1816172,1857398,1867786,1919222,1865144.30734375,42385.7415730138
155,6.024,757.62305,no MS2: SM 38:2;O2|SM 12:1;O2/26:1,[M+H]+,null,1.00,False,9.580,757.62183,C43H85N2O6P,SM,LCCGGRXCXDWGPP-UHFFFAOYSA-N,O=C(NC(COP(=O)([O-])OCC[N+](C)(C)C)C(O)C=CCCCCCCC)CCCCCCCCCCCCCCCC=CCCCCCCCC,530,False,True,False,Normalized unit: Intensity; Annotation method: Msp20260116160945_NCDK_conventional_converted_dev_1,False,False,155,0,0.00,1.00,null,null,null,-1.00,-1.00,-0.144,399.34,P Finnie Serum clmn TEST 3_GD1_01_66706,757.62225:359502 758.62692:168326 759.63159:41656,null,1204587,1216739,1193726,1180886,1198984.47921875,15294.8310901011
156,5.546,758.57214,no MS2: Cer 49:12;O4|Cer 12:1;O2/37:11;O2,[M+H]+,null,1.00,False,10.594,758.57178,C49H75NO5,Cer_EOS,YJXCZRFEUFCVMT-UHFFFAOYSA-N,O=C(OCCC=CCC=CCC=CCC=CCC(=O)NC(CO)C(O)C=CCCCCCCC)CCC=CCC=CCC=CCC=CCC=CCC=CCC,530,False,True,False,Normalized unit: Intensity; Annotation method: Msp20260116160945_NCDK_conventional_converted_dev_1,False,False,156,0,0.00,1.00,null,null,null,-1.00,-1.00,-0.143,43207.18,P Finnie Serum clmn TEST 2_GD1_01_66705,758.57202:13549566 759.57669:12018472 760.58136:3262908,null,65353153,63887262,64054465,63465913,64190198.0824376,813888.91749155
157,5.546,758.72272,Unknown,[M+2H]2+,null,1.00,False,null,null,null,null,null,null,999,False,False,False,Normalized unit: Intensity,False,False,157,0,0.00,null,null,null,null,null,null,null,2810.76,P Finnie Serum clmn TEST 2_GD1_01_66705,758.72272:332106 759.72739:136050 760.73205:9688,null,1168149,1174764,1152152,1166071,1165284.20314063,9506.92854559594
158,5.546,758.84332,Unknown,[M+H]+,null,1.00,False,null,null,null,null,null,null,999,False,False,False,Normalized unit: Intensity,False,False,158,0,0.00,null,null,null,null,null,null,null,3029.90,P Finnie Serum clmn TEST 2_GD1_01_66705,758.84332:291476 759.84799:163976 760.85266:11710,null,1079831,1089328,1065542,1048478,1070794.62520313,17802.2908497815
159,5.542,758.97809,Unknown,[M+H]+,null,1.00,False,null,null,null,null,null,null,999,False,False,False,Normalized unit: Intensity,False,False,159,0,0.00,null,null,null,null,null,null,null,1638.37,P Finnie Serum clmn TEST 1_GD1_01_66704,758.97809:164406 759.98276:0 760.98742:0,null,521421,483984,519478,496182,505266.388734376,18242.931531686
160,5.542,759.57507,no MS2: RIKEN P-VS1 ID-9678 from Mouse_Liver_WT_N_F1EPA,[M+H]+,null,1.00,False,9.340,759.57300,null,Unknown,null,null,530,False,True,False,Normalized unit: Intensity; Annotation method: Msp20260116160945_NCDK_conventional_converted_dev_1,False,False,160,0,0.00,0.98,null,null,null,-1.00,-1.00,-0.138,40426.02,P Finnie Serum clmn TEST 3_GD1_01_66706,759.57458:12236394 760.57925:3103002 761.58392:521178,null,44155205,44244111,43338381,42884067,43655440.9390157,656211.728883769
161,6.627,759.63812,no MS2: SM 38:1;O2|SM 12:1;O2/26:0,[M+H]+,null,1.00,False,10.341,759.63751,C43H87N2O6P,SM,GJBCRJRMBDUHKZ-UHFFFAOYSA-N,O=C(NC(COP(=O)([O-])OCC[N+](C)(C)C)C(O)C=CCCCCCCC)CCCCCCCCCCCCCCCCCCCCCCCCC,530,False,True,False,Normalized unit: Intensity; Annotation method: Msp20260116160945_NCDK_conventional_converted_dev_1,False,False,161,0,0.00,1.00,null,null,null,-1.00,-1.00,-0.143,2090.33,P Finnie Serum clmn TEST 4_GD1_01_66707,759.63788:855468 760.64255:400032 761.64721:96532,null,3079466,3189434,3107803,3133159,3127465.62123438,46772.4861125537
162,6.041,760.58655,no MS2: Cer 49:11;O4|Cer 12:1;O2/37:10;O2,[M+H]+,null,1.00,False,10.908,760.58752,C49H77NO5,Cer_EOS,DDLJIZBIJAEWSX-UHFFFAOYSA-N,O=C(OCCC=CCC=CCC=CCCCCC(=O)NC(CO)C(O)C=CCCCCCCC)CCC=CCC=CCC=CCC=CCC=CCC=CCC,530,False,True,False,Normalized unit: Intensity; Annotation method: Msp20260116160945_NCDK_conventional_converted_dev_1,False,False,162,0,0.00,1.00,null,null,null,-1.00,-1.00,-0.143,66294.18,P Finnie Serum clmn TEST 1_GD1_01_66704,760.58716:11500838 761.59183:6129672 762.59649:1510908,null,44757871,45145573,44300742,44610358,44703635.9037188,350843.513559729
163,6.041,760.73932,Unknown,[M+2H]2+,null,1.00,False,null,null,null,null,null,null,999,False,False,False,Normalized unit: Intensity,False,False,163,0,0.00,null,null,null,null,null,null,null,1312.80,P Finnie Serum clmn TEST 1_GD1_01_66704,760.73932:195698 761.74399:66432 762.74865:5280,null,683918,686102,671926,668096,677510.526234376,8844.91915401762
164,6.041,760.85663,Unknown,[M+H]+,null,1.00,False,null,null,null,null,null,null,999,False,False,False,Normalized unit: Intensity,False,False,164,0,0.00,null,null,null,null,null,null,null,1571.84,P Finnie Serum clmn TEST 2_GD1_01_66705,760.85663:190502 761.86130:94098 762.86596:4218,null,682292,708345,675249,666535,683105.460375001,18018.5149973209
165,6.041,762.25537,Unknown,[M+H]+,null,1.00,False,null,null,null,null,null,null,999,False,False,False,Normalized unit: Intensity,False,False,165,0,0.00,null,null,null,null,null,null,null,1092.70,P Finnie Serum clmn TEST 2_GD1_01_66705,762.25537:165738 763.26004:7488 764.26471:1334,null,490121,493924,484935,489795,489693.730281251,3684.48606640361
166,6.645,762.60126,no MS2: DMPE 35:0|DMPE 30:0_5:0,[M+H]+,null,1.00,False,13.068,762.60071,C42H84NO8P,DMPE,JRWXOFFZCHKSOK-UHFFFAOYSA-N,O=C(OCC(OC(=O)CCCC)COP(=O)(O)OCCN(C)C)CCCCCCCCCCCCCCCCCCCCCCCCCCCCC,530,False,True,False,Normalized unit: Intensity; Annotation method: Msp20260116160945_NCDK_conventional_converted_dev_1,False,False,166,0,0.00,1.00,null,null,null,-1.00,-1.00,-0.143,867.63,P Finnie Serum clmn TEST 3_GD1_01_66706,762.60065:355594 763.60531:161022 764.60998:37816,null,1180341,1225333,1201054,1203035,1202440.54564063,18391.2749452478
167,8.823,762.67694,no MS2: Cer 51:7;O3|Cer 13:1;O2/38:6;O,[M+H-H2O]+,null,1.00,False,13.115,762.67590,C51H89NO4,Cer_HS,TXLLWKBWMOGOTH-UHFFFAOYSA-N,O=C(NC(CO)C(O)C=CCCCCCCCC)C(O)CCCCCCCCCCCCCCCCCC=CCC=CCC=CCC=CCC=CCC=CCC,530,False,True,False,Normalized unit: Intensity; Annotation method: Msp20260116160945_NCDK_conventional_converted_dev_1,False,False,167,0,0.00,1.00,null,null,null,-1.00,-1.00,-0.143,224.18,P Finnie Serum clmn TEST 3_GD1_01_66706,762.67609:62014 763.68075:32200 764.68542:9538,null,508068,503492,492128,486820,497626.847765625,9839.53819132877
168,5.702,766.57507,no MS2: PC O-36:5|PC O-8:0_28:5,[M+H]+,null,1.00,False,9.545,766.57452,C44H80NO7P,EtherPC,RDKCYWXIOLUDKK-UHFFFAOYSA-N,O=C(OC(COCCCCCCCC)COP(=O)([O-])OCC[N+](C)(C)C)CCCCCCCCCCCC=CCC=CCC=CCC=CCC=CCC,530,False,True,False,Normalized unit: Intensity; Annotation method: Msp20260116160945_NCDK_conventional_converted_dev_1,False,False,168,0,0.00,1.00,null,null,null,-1.00,-1.00,-0.143,618.40,P Finnie Serum clmn TEST 3_GD1_01_66706,766.57483:1040714 767.57950:523880 768.58416:132830,null,3234918,3351864,3250033,3222861,3264919.2025625,59019.6595562157
169,10.176,766.69116,no MS2: TG 44:1|TG 8:0_8:0_28:1,[M+NH4]+,null,0.75,False,13.834,766.69189,C47H88O6,TG,RPHPGMSYTPNXSG-UHFFFAOYSA-N,O=C(OCC(OC(=O)CCCCCCC)COC(=O)CCCCCCCCCCCCCCCCCC=CCCCCCCCC)CCCCCCC,530,False,True,False,Normalized unit: Intensity; Annotation method: Msp20260116160945_NCDK_conventional_converted_dev_1,False,False,169,0,0.00,1.00,null,null,null,-1.00,-1.00,-0.143,57.43,P Finnie Serum clmn TEST 3_GD1_01_66706,766.69159:74276 767.69626:47738 768.70092:16568,null,329391,346859,335678,343413,338835.114984375,7842.05397582128
170,6.267,768.55420,no MS2: DMPE 36:4|DMPE 6:0_30:4,[M+H]+,null,1.00,False,9.066,768.55377,C43H78NO8P,DMPE,YADWDHZNQSACMH-UHFFFAOYSA-N,O=C(OCC(OC(=O)CCCCCCCCCCCCCCCCC=CCC=CCC=CCC=CCC)COP(=O)(O)OCCN(C)C)CCCCC,530,False,True,False,Normalized unit: Intensity; Annotation method: Msp20260116160945_NCDK_conventional_converted_dev_1,False,False,170,0,0.00,1.00,null,null,null,-1.00,-1.00,-0.144,329.60,P Finnie Serum clmn TEST 2_GD1_01_66705,768.55420:107560 769.55887:48198 770.56353:13598,null,337208,345284,335357,330940,337197.3135625,5997.93936531934
171,5.815,768.58948,no MS2: PC O-36:4|PC O-8:0_28:4,[M+H]+,null,1.00,False,9.912,768.59021,C44H82NO7P,EtherPC,AMIRMXUBGHUMRM-UHFFFAOYSA-N,O=C(OC(COCCCCCCCC)COP(=O)([O-])OCC[N+](C)(C)C)CCCCCCCCCCCCCCC=CCC=CCC=CCC=CCC,530,False,True,False,Normalized unit: Intensity; Annotation method: Msp20260116160945_NCDK_conventional_converted_dev_1,False,False,171,0,0.00,1.00,null,null,null,-1.00,-1.00,-0.143,2890.31,P Finnie Serum clmn TEST 4_GD1_01_66707,768.59039:1298566 769.59506:624578 770.59973:152638,null,4430593,4546388,4722348,4767251,4616644.89942187,156425.245907336
172,10.679,768.70679,no MS2: TG 44:0|TG 8:0_8:0_28:0,[M+NH4]+,null,1.00,False,14.035,768.70758,C47H90O6,TG,PHHBNNKHOXPVFM-UHFFFAOYSA-N,O=C(OCC(OC(=O)CCCCCCC)COC(=O)CCCCCCCCCCCCCCCCCCCCCCCCCCC)CCCCCCC,530,False,True,False,Normalized unit: Intensity; Annotation method: Msp20260116160945_NCDK_conventional_converted_dev_1,False,False,172,0,0.00,1.00,null,null,null,-1.00,-1.00,-0.143,716.88,P Finnie Serum clmn TEST 3_GD1_01_66706,768.70746:123498 769.71213:60600 770.71679:14506,null,459804,483907,469703,468517,470482.436640624,9978.74133624648
173,6.488,770.60583,no MS2: PC O-36:3|PC O-8:0_28:3,[M+H]+,null,1.00,False,10.485,770.60577,C44H84NO7P,EtherPC,GDJAIASCRXEGBE-UHFFFAOYSA-N,O=C(OC(COCCCCCCCC)COP(=O)([O-])OCC[N+](C)(C)C)CCCCCCCCCCCCC=CCC=CCC=CCCCCCCC,530,False,True,False,Normalized unit: Intensity; Annotation method: Msp20260116160945_NCDK_conventional_converted_dev_1,False,False,173,0,0.00,1.00,null,null,null,-1.00,-1.00,-0.143,291.99,P Finnie Serum clmn TEST 3_GD1_01_66706,770.60583:141186 771.61050:64824 772.61517:62178,null,606079,600682,596489,587703,597738.009109375,7756.78715299712
174,5.967,770.60583,no MS2: PC O-36:3|PC O-8:0_28:3,[M+H]+,null,1.00,False,10.485,770.60577,C44H84NO7P,EtherPC,GDJAIASCRXEGBE-UHFFFAOYSA-N,O=C(OC(COCCCCCCCC)COP(=O)([O-])OCC[N+](C)(C)C)CCCCCCCCCCCCC=CCC=CCC=CCCCCCCC,530,False,True,False,Normalized unit: Intensity; Annotation method: Msp20260116160945_NCDK_conventional_converted_dev_1,False,False,174,0,0.00,1.00,null,null,null,-1.00,-1.00,-0.143,352.26,P Finnie Serum clmn TEST 4_GD1_01_66707,770.60583:208848 771.61050:94336 772.61517:22274,null,716131,700748,709318,725777,712993.271593749,10594.5441207376
175,5.867,772.58563,no MS2: DMPE 36:2|DMPE 6:0_30:2,[M+H]+,null,1.00,False,10.872,772.58508,C43H82NO8P,DMPE,AQFCIVPGTXEDJL-UHFFFAOYSA-N,O=C(OCC(OC(=O)CCCCCCCCCCCCCCCCCC=CCC=CCCCCCCC)COP(=O)(O)OCCN(C)C)CCCCC,530,False,True,False,Normalized unit: Intensity; Annotation method: Msp20260116160945_NCDK_conventional_converted_dev_1,False,False,175,0,0.00,1.00,null,null,null,-1.00,-1.00,-0.143,1257.35,P Finnie Serum clmn TEST 2_GD1_01_66705,772.58484:488188 773.58951:231106 774.59417:57668,null,2519992,2512371,2459102,2545707,2509292.88184375,36373.4864378144
176,6.597,772.62207,no MS2: PC O-36:2|PC O-8:0_28:2,[M+H]+,null,1.00,False,11.247,772.62152,C44H86NO7P,EtherPC,MFLNWJCWDLDCLH-UHFFFAOYSA-N,O=C(OC(COCCCCCCCC)COP(=O)([O-])OCC[N+](C)(C)C)CCCCCCCCCCCCCCCC=CCC=CCCCCCCC,530,False,True,False,Normalized unit: Intensity; Annotation method: Msp20260116160945_NCDK_conventional_converted_dev_1,False,False,176,0,0.00,1.00,null,null,null,-1.00,-1.00,-0.143,83.88,P Finnie Serum clmn TEST 3_GD1_01_66706,772.62164:128218 773.62631:58656 774.63098:14798,null,501961,516624,479766,481096,494861.935859375,17714.3480935784
177,6.979,773.65289,no MS2: SM 39:1;O2|SM 12:1;O2/27:0,[M+H]+,null,1.00,False,11.110,773.65308,C44H89N2O6P,SM,LBBHHYRFVVPTSY-UHFFFAOYSA-N,O=C(NC(COP(=O)([O-])OCC[N+](C)(C)C)C(O)C=CCCCCCCC)CCCCCCCCCCCCCCCCCCCCCCCCCC,530,False,True,False,Normalized unit: Intensity; Annotation method: Msp20260116160945_NCDK_conventional_converted_dev_1,False,False,177,0,0.00,1.00,null,null,null,-1.00,-1.00,-0.143,380.48,P Finnie Serum clmn TEST 4_GD1_01_66707,773.65289:299140 774.65756:143560 775.66223:33426,null,1075190,1090763,1058324,1101145,1081355.5346875,18696.0068332475
178,4.105,774.56342,no MS2: TG 46:11|TG 8:1_16:4_22:6,[M+NH4]+,null,0.75,False,11.665,774.56671,C49H72O6,TG,YEILBZXUULCYAC-UHFFFAOYSA-N,O=C(OCC(OC(=O)CCC=CCC=CCC=CCC=CCC)COC(=O)CCC=CCCC)CCC=CCC=CCC=CCC=CCC=CCC=CCC,530,False,True,False,Normalized unit: Intensity; Annotation method: Msp20260116160945_NCDK_conventional_converted_dev_1,False,False,178,0,0.00,0.94,null,null,null,-1.00,-1.00,-0.173,237.00,P Finnie Serum clmn TEST 4_GD1_01_66707,774.56396:174600 775.56863:79694 776.57330:19508,null,93576,1073181,1059434,1043655,817461.718984375,482740.976686303
179,3.986,774.56360,no MS2: TG 46:11|TG 8:1_16:4_22:6,[M+NH4]+,null,0.25,False,11.665,774.56671,C49H72O6,TG,YEILBZXUULCYAC-UHFFFAOYSA-N,O=C(OCC(OC(=O)CCC=CCC=CCC=CCC=CCC)COC(=O)CCC=CCCC)CCC=CCC=CCC=CCC=CCC=CCC=CCC,530,False,True,False,Normalized unit: Intensity; Annotation method: Msp20260116160945_NCDK_conventional_converted_dev_1,False,False,179,0,0.00,0.92,null,null,null,-1.00,-1.00,-0.182,214.90,P Finnie Serum clmn TEST 1_GD1_01_66704,774.56360:206854 775.56827:93816 776.57293:21260,null,1057345,52863,50178,50704,302772.466546875,503049.484767045
180,6.375,774.60168,no MS2: DMPE 36:1|DMPE 5:0_31:1,[M+H]+,null,1.00,False,12.043,774.60071,C43H84NO8P,DMPE,DPPXPNPITQVOFM-UHFFFAOYSA-N,O=C(OCC(OC(=O)CCCCCCCCCCCCCCCCCCC=CCCCCCCCCCC)COP(=O)(O)OCCN(C)C)CCCC,530,False,True,False,Normalized unit: Intensity; Annotation method: Msp20260116160945_NCDK_conventional_converted_dev_1,False,False,180,0,0.00,1.00,null,null,null,-1.00,-1.00,-0.145,453.98,P Finnie Serum clmn TEST 2_GD1_01_66705,774.60138:156510 775.60605:72948 776.61071:16572,null,893161,870408,838898,838779,860311.340546875,26477.7279154476
181,5.546,780.55225,no MS2: NAGlySer 41:10;O2|NAGlySer 15:3;O(FA 26:6),[M+NH4]+,null,1.00,False,8.247,780.55212,C46H70N2O7,NAGlySer,QJXPKYVYSTZUAR-UHFFFAOYSA-N,O=C(OC(C=CCC=CCC=CCC)CCCC(=O)NCC(=O)NC(C(=O)O)CO)CCCCCCC=CCC=CCC=CCC=CCC=CCC=CCC,530,False,True,False,Normalized unit: Intensity; Annotation method: Msp20260116160945_NCDK_conventional_converted_dev_1,False,False,181,0,0.00,1.00,null,null,null,-1.00,-1.00,-0.143,1120.38,P Finnie Serum clmn TEST 2_GD1_01_66705,780.55225:837988 781.55691:401470 782.56158:157230,null,3441329,3456888,3413645,3426601,3434615.80203126,18664.9869240121
182,5.037,780.55389,no MS2: DMPE 37:5|DMPE 5:0_32:5,[M+H]+,null,1.00,False,9.141,780.55377,C44H78NO8P,DMPE,UFMBOMNSZABXBI-UHFFFAOYSA-N,O=C(OCC(OC(=O)CCCCCCCCCCCCCCCC=CCC=CCC=CCC=CCC=CCC)COP(=O)(O)OCCN(C)C)CCCC,530,False,True,False,Normalized unit: Intensity; Annotation method: Msp20260116160945_NCDK_conventional_converted_dev_1,False,False,182,0,0.00,1.00,null,null,null,-1.00,-1.00,-0.143,894.62,P Finnie Serum clmn TEST 2_GD1_01_66705,780.55389:950850 781.55856:443426 782.56323:119108,null,2597947,2755190,2618786,2630662,2650646.32,70995.6192032646
183,6.041,782.56757,no MS2: NAGlySer 41:9;O2|NAGlySer 15:2;O(FA 26:6),[M+NH4]+,null,1.00,False,7.892,782.56781,C46H72N2O7,NAGlySer,JMCCZEKHWHPGJT-UHFFFAOYSA-N,O=C(OC(C=CCC=CCCC)CCCCCC(=O)NCC(=O)NC(C(=O)O)CO)CCCCCCC=CCC=CCC=CCC=CCC=CCC=CCC,530,False,True,False,Normalized unit: Intensity; Annotation method: Msp20260116160945_NCDK_conventional_converted_dev_1,False,False,183,0,0.00,1.00,null,null,null,-1.00,-1.00,-0.143,3866.43,P Finnie Serum clmn TEST 3_GD1_01_66706,782.56787:606006 783.57254:279356 784.57721:66994,null,2033463,2154980,2118243,2137868,2111138.50403125,53914.9625739158
184,5.133,782.56903,no MS2: DMPE 37:4|DMPE 5:0_32:4,[M+H]+,null,1.00,False,9.233,782.56940,C44H80NO8P,DMPE,CPCUZPPRBXVYNM-UHFFFAOYSA-N,O=C(OCC(OC(=O)CCCCCCCCCCCCCCCCCCC=CCC=CCC=CCC=CCC)COP(=O)(O)OCCN(C)C)CCCC,530,False,True,False,Normalized unit: Intensity; Annotation method: Msp20260116160945_NCDK_conventional_converted_dev_1,False,False,184,0,0.00,1.00,null,null,null,-1.00,-1.00,-0.143,5418.09,P Finnie Serum clmn TEST 4_GD1_01_66707,782.56958:1858440 783.57425:913262 784.57892:240008,null,5716735,6004412,5895419,5814954,5857880.12298437,121990.911169461
185,5.442,782.57141,no MS2: DMPE 37:4|DMPE 5:0_32:4,[M+H]+,null,1.00,False,9.233,782.56940,C44H80NO8P,DMPE,CPCUZPPRBXVYNM-UHFFFAOYSA-N,O=C(OCC(OC(=O)CCCCCCCCCCCCCCCCCCC=CCC=CCC=CCC=CCC)COP(=O)(O)OCCN(C)C)CCCC,530,False,True,False,Normalized unit: Intensity; Annotation method: Msp20260116160945_NCDK_conventional_converted_dev_1,False,False,185,0,0.00,0.99,null,null,null,-1.00,-1.00,-0.149,83117.61,P Finnie Serum clmn TEST 3_GD1_01_66706,782.57062:11977516 783.57529:7523136 784.57995:1896946,null,42807933,42935604,43005827,43350879,43025060.5829062,232145.37596946
186,5.442,782.72534,no MS2: TG 45:0|TG 8:0_8:0_29:0,[M+NH4]+,null,1.00,False,14.092,782.72321,C48H92O6,TG,PRPRFFOYMLCWLQ-UHFFFAOYSA-N,O=C(OCC(OC(=O)CCCCCCC)COC(=O)CCCCCCCCCCCCCCCCCCCCCCCCCCCC)CCCCCCC,530,False,True,False,Normalized unit: Intensity; Annotation method: Msp20260116160945_NCDK_conventional_converted_dev_1,False,False,186,0,0.00,0.98,null,null,null,-1.00,-1.00,-0.153,884.60,P Finnie Serum clmn TEST 3_GD1_01_66706,782.72479:213520 783.72946:93500 784.73413:6820,null,634156,652966,623159,628528,634702.227265625,12977.2820894061
187,5.442,782.84625,Unknown,[M+H]+,null,1.00,False,null,null,null,null,null,null,999,False,False,False,Normalized unit: Intensity,False,False,187,0,0.00,null,null,null,null,null,null,null,1922.23,P Finnie Serum clmn TEST 2_GD1_01_66705,782.84625:206196 783.85092:118178 784.85559:0,null,622304,643509,618895,624981,627422.274734375,11009.7045713239
188,5.711,784.58557,no MS2: DMPE 37:3|DMPE 5:0_32:3,[M+H]+,null,1.00,False,9.841,784.58508,C44H82NO8P,DMPE,KTPQRINJOWGTIA-UHFFFAOYSA-N,O=C(OCC(OC(=O)CCCCCCCCCCCCCCCCC=CCC=CCC=CCCCCCCC)COP(=O)(O)OCCN(C)C)CCCC,530,False,True,False,Normalized unit: Intensity; Annotation method: Msp20260116160945_NCDK_conventional_converted_dev_1,False,False,188,0,0.00,1.00,null,null,null,-1.00,-1.00,-0.144,44280.39,P Finnie Serum clmn TEST 3_GD1_01_66706,784.58557:7436974 785.59024:3621842 786.59491:962004,null,25701057,28975305,27292863,27502255,27367870.1316718,1339875.45684868
189,5.711,784.74109,Unknown,[M+2H]2+,null,1.00,False,null,null,null,null,null,null,999,False,False,False,Normalized unit: Intensity,False,False,189,0,0.00,null,null,null,null,null,null,null,295.53,P Finnie Serum clmn TEST 2_GD1_01_66705,784.74109:108694 785.74576:31938 786.75042:0,null,351930,366939,342904,330876,348162.06884375,15201.3700489708
190,5.707,784.85822,Unknown,[M+H]+,null,1.00,False,null,null,null,null,null,null,999,False,False,False,Normalized unit: Intensity,False,False,190,0,0.00,null,null,null,null,null,null,null,536.84,P Finnie Serum clmn TEST 3_GD1_01_66706,784.85822:131156 785.86288:42800 786.86755:0,null,360574,372664,357813,350468,360379.6879375,9233.3365811809
191,6.718,785.65405,no MS2: SM 40:2;O2|SM 12:1;O2/28:1,[M+H]+,null,1.00,False,10.853,785.65308,C45H89N2O6P,SM,ZHZLSBZCLWXQLV-UHFFFAOYSA-N,O=C(NC(COP(=O)([O-])OCC[N+](C)(C)C)C(O)C=CCCCCCCC)CCCCCCCCCCCCCCCCCC=CCCCCCCCC,530,False,True,False,Normalized unit: Intensity; Annotation method: Msp20260116160945_NCDK_conventional_converted_dev_1,False,False,191,0,0.00,1.00,null,null,null,-1.00,-1.00,-0.144,1997.97,P Finnie Serum clmn TEST 3_GD1_01_66706,785.65369:1063520 786.65835:539344 787.66302:136524,null,3913061,3989549,3822012,3901904,3906631.5725625,68555.1543695167
192,6.193,786.60272,no MS2: Cer 51:12;O4|Cer 12:1;O2/39:11;O2,[M+H]+,null,1.00,False,11.046,786.60309,C51H79NO5,Cer_EOS,MLGJHRAHIPLDHN-UHFFFAOYSA-N,O=C(OCCC=CCC=CCC=CCC=CCCCC(=O)NC(CO)C(O)C=CCCCCCCC)CCC=CCC=CCC=CCC=CCC=CCC=CCC,530,False,True,False,Normalized unit: Intensity; Annotation method: Msp20260116160945_NCDK_conventional_converted_dev_1,False,False,192,0,0.00,1.00,null,null,null,-1.00,-1.00,-0.143,21632.21,P Finnie Serum clmn TEST 4_GD1_01_66707,786.60321:13470000 787.60788:9698130 788.61255:2437002,null,61079249,61537776,60864289,61013437,61123687.680125,290336.834806867
193,6.193,786.75665,Unknown,[M+2H]2+,null,1.00,False,null,null,null,null,null,null,999,False,False,False,Normalized unit: Intensity,False,False,193,0,0.00,null,null,null,null,null,null,null,1433.73,P Finnie Serum clmn TEST 3_GD1_01_66706,786.75665:270924 787.76132:126990 788.76599:9134,null,947621,966170,964399,935954,953535.907234375,14396.2433412735
194,6.193,786.87915,Unknown,[M+H]+,null,1.00,False,null,null,null,null,null,null,999,False,False,False,Normalized unit: Intensity,False,False,194,0,0.00,null,null,null,null,null,null,null,1719.16,P Finnie Serum clmn TEST 3_GD1_01_66706,786.87915:232956 787.88382:130666 788.88849:0,null,852419,878448,852462,844439,856941.989796875,14825.0950111195
195,6.193,787.01581,Unknown,[M+H]+,null,1.00,False,null,null,null,null,null,null,999,False,False,False,Normalized unit: Intensity,False,False,195,0,0.00,null,null,null,null,null,null,null,1021.43,P Finnie Serum clmn TEST 3_GD1_01_66706,787.01581:133412 788.02048:0 789.02514:0,null,348555,353621,359630,347973,352445.016265625,5420.11464278077
196,7.322,787.66980,no MS2: SM 40:1;O2|SM 12:1;O2/28:0,[M+H]+,null,1.00,False,12.194,787.66882,C45H91N2O6P,SM,QHMKUNDEIJYLPC-UHFFFAOYSA-N,O=C(NC(COP(=O)([O-])OCC[N+](C)(C)C)C(O)C=CCCCCCCC)CCCCCCCCCCCCCCCCCCCCCCCCCCC,530,False,True,False,Normalized unit: Intensity; Annotation method: Msp20260116160945_NCDK_conventional_converted_dev_1,False,False,196,0,0.00,1.00,null,null,null,-1.00,-1.00,-0.143,2077.18,P Finnie Serum clmn TEST 3_GD1_01_66706,787.66888:1720370 788.67355:869590 789.67822:224068,null,7194460,7356544,7096076,7050983,7174515.76609375,135333.229507005
197,6.193,788.28259,Unknown,[M+H]+,null,1.00,False,null,null,null,null,null,null,999,False,False,False,Normalized unit: Intensity,False,False,197,0,0.00,null,null,null,null,null,null,null,1616.42,P Finnie Serum clmn TEST 3_GD1_01_66706,788.28259:255286 789.28726:21068 790.29193:1644,null,756120,793614,775621,777250,775651.61628125,15348.120524687
198,6.714,788.61743,no MS2: DMPE 37:1|DMPE 5:0_32:1,[M+H]+,null,1.00,False,12.658,788.61639,C44H86NO8P,DMPE,UUVHRGQBUHHGHP-UHFFFAOYSA-N,O=C(OCC(OC(=O)CCCCCCCCCCCCCCCCCCCCCC=CCCCCCCCC)COP(=O)(O)OCCN(C)C)CCCC,530,False,True,False,Normalized unit: Intensity; Annotation method: Msp20260116160945_NCDK_conventional_converted_dev_1,False,False,198,0,0.00,1.00,null,null,null,-1.00,-1.00,-0.144,6272.82,P Finnie Serum clmn TEST 3_GD1_01_66706,788.61682:3048310 789.62149:1489280 790.62616:379896,null,11529924,11133487,11124051,11156741,11236050.9296875,196396.740940421
199,5.521,790.57532,no MS2: PC O-38:7|PC O-10:0_28:7,[M+H-H2O]+,null,0.25,False,9.837,790.57452,C46H80NO7P,EtherPC,UUNPNPNQDISOCV-UHFFFAOYSA-N,O=C(OC(COCCCCCCCCCC)COP(=O)([O-])OCC[N+](C)(C)C)CCCCCC=CCC=CCC=CCC=CCC=CCC=CCC=CCC,530,False,True,False,Normalized unit: Intensity; Annotation method: Msp20260116160945_NCDK_conventional_converted_dev_1,False,False,199,0,0.00,0.99,null,null,null,-1.00,-1.00,-0.145,41.66,P Finnie Serum clmn TEST 2_GD1_01_66705,790.57532:104508 791.57999:46358 792.58465:16744,null,287253,298575,283026,282536,287847.633296875,7458.5754749008
200,7.293,790.63330,no MS2: Cer 51:10;O4|Cer 12:1;O2/39:9;O2,[M+H]+,null,0.25,False,12.338,790.63440,C51H83NO5,Cer_EOS,JYFNGOFQIOBAIX-UHFFFAOYSA-N,O=C(OCCCCC=CCC=CCCCCCCCC(=O)NC(CO)C(O)C=CCCCCCCC)CCC=CCC=CCC=CCC=CCC=CCC=CCC,530,False,True,False,Normalized unit: Intensity; Annotation method: Msp20260116160945_NCDK_conventional_converted_dev_1,False,False,200,0,0.00,0.99,null,null,null,-1.00,-1.00,-0.148,94.86,P Finnie Serum clmn TEST 1_GD1_01_66704,790.63330:191868 791.63797:88154 792.64264:21502,null,653802,242165,161053,152907,302481.81125,237654.117656589
201,5.755,792.59003,no MS2: PC O-38:6|PC O-10:0_28:6,[M+H-H2O]+,null,1.00,False,10.050,792.59021,C46H82NO7P,EtherPC,LYVCXQZOQYYLAM-UHFFFAOYSA-N,O=C(OC(COCCCCCCCCCC)COP(=O)([O-])OCC[N+](C)(C)C)CCCCCCCCC=CCC=CCC=CCC=CCC=CCC=CCC,530,False,True,False,Normalized unit: Intensity; Annotation method: Msp20260116160945_NCDK_conventional_converted_dev_1,False,False,201,0,0.00,1.00,null,null,null,-1.00,-1.00,-0.143,729.54,P Finnie Serum clmn TEST 2_GD1_01_66705,792.59003:182372 793.59469:91228 794.59936:24126,null,838997,873062,818963,820666,837922.309859375,25121.0638788058
202,10.232,792.70721,no MS2: TG 46:2|TG 8:0_8:0_30:2,[M+NH4]+,null,1.00,False,13.763,792.70758,C49H90O6,TG,VNWIDJKCIMPSPM-UHFFFAOYSA-N,O=C(OCC(OC(=O)CCCCCCC)COC(=O)CCCCCCCCCCCCCCCCCC=CCC=CCCCCCCC)CCCCCCC,530,False,True,False,Normalized unit: Intensity; Annotation method: Msp20260116160945_NCDK_conventional_converted_dev_1,False,False,202,0,0.00,1.00,null,null,null,-1.00,-1.00,-0.143,725.72,P Finnie Serum clmn TEST 1_GD1_01_66704,792.70740:132710 793.71207:74356 794.71673:22058,null,738179,762209,734095,732123,741651.577234376,13935.3787387788
203,5.859,794.60608,no MS2: PC O-38:5|PC O-10:0_28:5,[M+H]+,null,1.00,False,10.330,794.60577,C46H84NO7P,EtherPC,XDRAHGUDUSFGRJ-UHFFFAOYSA-N,O=C(OC(COCCCCCCCCCC)COP(=O)([O-])OCC[N+](C)(C)C)CCCCCCCCCCCC=CCC=CCC=CCC=CCC=CCC,530,False,True,False,Normalized unit: Intensity; Annotation method: Msp20260116160945_NCDK_conventional_converted_dev_1,False,False,203,0,0.00,1.00,null,null,null,-1.00,-1.00,-0.143,1625.78,P Finnie Serum clmn TEST 2_GD1_01_66705,794.60571:877618 795.61038:438526 796.61505:122494,null,3295422,3262703,3192062,3286972,3259289.6975625,46915.338174041
204,6.367,794.60693,no MS2: PC O-38:5|PC O-10:0_28:5,[M+H]+,null,1.00,False,10.330,794.60577,C46H84NO7P,EtherPC,XDRAHGUDUSFGRJ-UHFFFAOYSA-N,O=C(OC(COCCCCCCCCCC)COP(=O)([O-])OCC[N+](C)(C)C)CCCCCCCCCCCC=CCC=CCC=CCC=CCC=CCC,530,False,True,False,Normalized unit: Intensity; Annotation method: Msp20260116160945_NCDK_conventional_converted_dev_1,False,False,204,0,0.00,1.00,null,null,null,-1.00,-1.00,-0.143,316.22,P Finnie Serum clmn TEST 2_GD1_01_66705,794.60608:217756 795.61075:113042 796.61541:32226,null,782526,726051,716648,727026,738063.069187501,30009.3081415635
205,10.696,794.72284,no MS2: TG 46:1|TG 8:0_8:0_30:1,[M+NH4]+,null,1.00,False,14.163,794.72321,C49H92O6,TG,NMHMTWQHQHBCQY-UHFFFAOYSA-N,O=C(OCC(OC(=O)CCCCCCC)COC(=O)CCCCCCCCCCCCCCCCCCCC=CCCCCCCCC)CCCCCCC,530,False,True,False,Normalized unit: Intensity; Annotation method: Msp20260116160945_NCDK_conventional_converted_dev_1,False,False,205,0,0.00,1.00,null,null,null,-1.00,-1.00,-0.143,1317.10,P Finnie Serum clmn TEST 2_GD1_01_66705,794.72284:480648 795.72751:291102 796.73217:87436,null,1786987,1837691,1719147,1763744,1776892.18064063,49348.185573933
206,5.763,796.58478,no MS2: DMPE 38:4|DMPE 6:0_32:4,[M+H]+,null,1.00,False,9.585,796.58508,C45H82NO8P,DMPE,VRIKPFFYPTVQSF-UHFFFAOYSA-N,O=C(OCC(OC(=O)CCCCCCCCCCCCCCCCCCC=CCC=CCC=CCC=CCC)COP(=O)(O)OCCN(C)C)CCCCC,530,False,True,False,Normalized unit: Intensity; Annotation method: Msp20260116160945_NCDK_conventional_converted_dev_1,False,False,206,0,0.00,1.00,null,null,null,-1.00,-1.00,-0.143,256.15,P Finnie Serum clmn TEST 1_GD1_01_66704,796.58521:215612 797.58987:103300 798.59454:26794,null,1004056,1027669,1003117,1006988,1010457.8305625,11592.1742751645
207,6.488,796.62146,no MS2: PC O-38:4|PC O-10:0_28:4,[M+H]+,null,1.00,False,10.425,796.62152,C46H86NO7P,EtherPC,JZNRQLVUHAJDFY-UHFFFAOYSA-N,O=C(OC(COCCCCCCCCCC)COP(=O)([O-])OCC[N+](C)(C)C)CCCCCCCCCCCCCCC=CCC=CCC=CCC=CCC,530,False,True,False,Normalized unit: Intensity; Annotation method: Msp20260116160945_NCDK_conventional_converted_dev_1,False,False,207,0,0.00,1.00,null,null,null,-1.00,-1.00,-0.143,529.26,P Finnie Serum clmn TEST 4_GD1_01_66707,796.62152:428250 797.62619:214292 798.63086:53516,null,1542094,1540433,1523446,1493573,1524886.56278125,22512.2866184931
208,11.164,796.73969,no MS2: TG 46:0|TG 8:0_8:0_30:0,[M+NH4]+,null,1.00,False,14.486,796.73889,C49H94O6,TG,RBULVXCVDAPDHO-UHFFFAOYSA-N,O=C(OCC(OC(=O)CCCCCCC)COC(=O)CCCCCCCCCCCCCCCCCCCCCCCCCCCCC)CCCCCCC,530,False,True,False,Normalized unit: Intensity; Annotation method: Msp20260116160945_NCDK_conventional_converted_dev_1,False,False,208,0,0.00,1.00,null,null,null,-1.00,-1.00,-0.143,1135.42,P Finnie Serum clmn TEST 2_GD1_01_66705,796.73907:368446 797.74374:203774 798.74841:52606,null,1400225,1418613,1437074,1417995,1418476.76375,15046.9506407569
209,4.419,798.56390,no MS2: TG 48:13|TG 15:4_15:4_18:5,[M+NH4]+,null,0.75,False,12.087,798.56671,C51H72O6,TG,RLWVOESMQPXHOK-UHFFFAOYSA-N,O=C(OCC(OC(=O)CC=CCC=CCC=CCC=CCC)COC(=O)CC=CCC=CCC=CCC=CCC)CC=CCC=CCC=CCC=CCC=CCC,530,False,True,False,Normalized unit: Intensity; Annotation method: Msp20260116160945_NCDK_conventional_converted_dev_1,False,False,209,0,0.00,0.95,null,null,null,-1.00,-1.00,-0.168,493.10,P Finnie Serum clmn TEST 4_GD1_01_66707,798.56415:155950 799.56882:74564 800.57348:40752,null,89846,633506,611394,611277,486505.495796875,264646.2673274
210,4.177,798.56403,no MS2: TG 48:13|TG 15:4_15:4_18:5,[M+NH4]+,null,0.25,False,12.087,798.56671,C51H72O6,TG,RLWVOESMQPXHOK-UHFFFAOYSA-N,O=C(OCC(OC(=O)CC=CCC=CCC=CCC=CCC)COC(=O)CC=CCC=CCC=CCC=CCC)CC=CCC=CCC=CCC=CCC=CCC,530,False,True,False,Normalized unit: Intensity; Annotation method: Msp20260116160945_NCDK_conventional_converted_dev_1,False,False,210,0,0.00,0.95,null,null,null,-1.00,-1.00,-0.170,543.64,P Finnie Serum clmn TEST 1_GD1_01_66704,798.56403:134740 799.56869:65486 800.57336:28988,null,568344,376545,393379,377514,428945.45609375,93252.0062636779
211,4.284,798.56439,no MS2: TG 48:13|TG 15:4_15:4_18:5,[M+NH4]+,null,1.00,False,12.087,798.56671,C51H72O6,TG,RLWVOESMQPXHOK-UHFFFAOYSA-N,O=C(OCC(OC(=O)CC=CCC=CCC=CCC=CCC)COC(=O)CC=CCC=CCC=CCC=CCC)CC=CCC=CCC=CCC=CCC=CCC,530,False,True,False,Normalized unit: Intensity; Annotation method: Msp20260116160945_NCDK_conventional_converted_dev_1,False,False,211,0,0.00,0.96,null,null,null,-1.00,-1.00,-0.164,367.13,P Finnie Serum clmn TEST 1_GD1_01_66704,798.56439:150004 799.56906:71648 800.57373:38822,null,578528,607213,562525,556858,576280.887828125,22570.7087088485
212,3.724,798.58673,no MS2: RIKEN P-VS1 ID-11218 from Mouse_Heart_WT_N_F1,[2M+NH4]+,null,0.25,False,10.700,798.58521,null,Unknown,null,null,530,False,True,False,Normalized unit: Intensity; Annotation method: Msp20260116160945_NCDK_conventional_converted_dev_1,False,False,212,0,0.00,0.98,null,null,null,-1.00,-1.00,-0.137,86.15,P Finnie Serum clmn TEST 1_GD1_01_66704,798.58673:248042 799.59140:130350 800.59607:34538,null,436847,0,0,0,109211.779828125,218423.55965625
213,3.862,798.58704,no MS2: RIKEN P-VS1 ID-11218 from Mouse_Heart_WT_N_F1,[2M+NH4]+,null,0.75,False,10.700,798.58521,null,Unknown,null,null,530,False,True,False,Normalized unit: Intensity; Annotation method: Msp20260116160945_NCDK_conventional_converted_dev_1,False,False,213,0,0.00,1.00,null,null,null,-1.00,-1.00,-0.129,486.07,P Finnie Serum clmn TEST 3_GD1_01_66706,798.58545:284192 799.59012:140674 800.59478:39878,null,0,466356,457203,467010,347642.15290625,231804.671850479
214,7.070,799.66937,no MS2: SM 41:2;O2|SM 12:1;O2/29:1,[M+H]+,null,1.00,False,11.389,799.66882,C46H91N2O6P,SM,MUJUIOOFUNCSJZ-UHFFFAOYSA-N,O=C(NC(COP(=O)([O-])OCC[N+](C)(C)C)C(O)C=CCCCCCCC)CCCCCCCCCCCCCCC=CCCCCCCCCCCCC,530,False,True,False,Normalized unit: Intensity; Annotation method: Msp20260116160945_NCDK_conventional_converted_dev_1,False,False,214,0,0.00,1.00,null,null,null,-1.00,-1.00,-0.143,327.38,P Finnie Serum clmn TEST 3_GD1_01_66706,799.66876:373490 800.67343:189080 801.67810:48672,null,1410797,1516768,1447141,1409890,1446148.81179687,50174.6265002123
215,7.660,801.68500,no MS2: SM 41:1;O2|SM 12:1;O2/29:0,[M+H]+,null,1.00,False,12.823,801.68439,C46H93N2O6P,SM,BLDDOFPGXMISDI-UHFFFAOYSA-N,O=C(NC(COP(=O)([O-])OCC[N+](C)(C)C)C(O)C=CCCCCCCC)CCCCCCCCCCCCCCCCCCCCCCCCCCCC,530,False,True,False,Normalized unit: Intensity; Annotation method: Msp20260116160945_NCDK_conventional_converted_dev_1,False,False,215,0,0.00,1.00,null,null,null,-1.00,-1.00,-0.144,649.00,P Finnie Serum clmn TEST 1_GD1_01_66704,801.68488:748812 802.68954:371396 803.69421:97132,null,2988808,3041015,2919412,2959758,2977248.40932813,51155.8553914825
216,4.569,802.59552,no MS2: RIKEN P-VS1 ID-11369 from Mouse_AdrenalGlands_fads2KO_N_Ctr,[M+H]+,null,0.75,False,8.110,802.59460,null,Unknown,null,null,530,False,True,False,Normalized unit: Intensity; Annotation method: Msp20260116160945_NCDK_conventional_converted_dev_1,False,False,216,0,0.00,1.00,null,null,null,-1.00,-1.00,-0.129,108.68,P Finnie Serum clmn TEST 3_GD1_01_66706,802.59467:103196 803.59933:51408 804.60400:12830,null,249732,330837,310010,299034,297403.361671875,34409.1281864587
217,4.473,802.59619,no MS2: RIKEN P-VS1 ID-11369 from Mouse_AdrenalGlands_fads2KO_N_Ctr,[M+H]+,null,0.25,False,8.110,802.59460,null,Unknown,null,null,530,False,True,False,Normalized unit: Intensity; Annotation method: Msp20260116160945_NCDK_conventional_converted_dev_1,False,False,217,0,0.00,0.98,null,null,null,-1.00,-1.00,-0.137,97.68,P Finnie Serum clmn TEST 1_GD1_01_66704,802.59619:111804 803.60086:52696 804.60553:12766,null,278181,77697,55572,72144,120898.469875,105275.39187815
218,5.546,802.60809,no MS2: RIKEN P-VS1 ID-11372 from Mouse_Feces_WT_N_Ctr,[M+H]+,null,1.00,False,3.780,802.61481,null,Unknown,null,null,530,False,True,False,Normalized unit: Intensity; Annotation method: Msp20260116160945_NCDK_conventional_converted_dev_1,False,False,218,0,0.00,0.73,null,null,null,-1.00,-1.00,-0.249,454.49,P Finnie Serum clmn TEST 4_GD1_01_66707,802.60846:234004 803.61313:111798 804.61779:25650,null,1299162,1255826,1237280,1215147,1251853.73459375,35654.2414449379
219,3.724,803.54211,no MS2: RIKEN P-VS1 ID-11405 from Cell_C2C12_WT_N_4h10DHA,[M+H]+,null,0.25,False,7.370,803.53680,null,Unknown,null,null,530,False,True,False,Normalized unit: Intensity; Annotation method: Msp20260116160945_NCDK_conventional_converted_dev_1,False,False,219,0,0.00,0.80,null,null,null,-1.00,-1.00,-0.217,2422.00,P Finnie Serum clmn TEST 1_GD1_01_66704,803.54211:1255232 804.54678:676322 805.55145:186420,null,2646771,893,956,199,662204.41921875,1323044.246977
220,3.856,803.54248,no MS2: RIKEN P-VS1 ID-11405 from Cell_C2C12_WT_N_4h10DHA,[M+H]+,null,0.75,False,7.370,803.53680,null,Unknown,null,null,530,False,True,False,Normalized unit: Intensity; Annotation method: Msp20260116160945_NCDK_conventional_converted_dev_1,False,False,220,0,0.00,0.87,null,null,null,-1.00,-1.00,-0.186,2557.63,P Finnie Serum clmn TEST 3_GD1_01_66706,803.54102:1396218 804.54568:723158 805.55035:203922,null,243,2687795,2669221,2663578,2005209.53017187,1336684.3778668
221,5.442,804.55219,no MS2: NAGlySer 43:12;O2|NAGlySer 19:5;O(FA 24:6),[M+NH4]+,null,1.00,False,8.425,804.55212,C48H70N2O7,NAGlySer,OGYJQVVOLIBTIU-UHFFFAOYSA-N,O=C(OC(C=CCC=CCC=CCC=CCC=CCC)CC(=O)NCC(=O)NC(C(=O)O)CO)CCCCC=CCC=CCC=CCC=CCC=CCC=CCC,530,False,True,False,Normalized unit: Intensity; Annotation method: Msp20260116160945_NCDK_conventional_converted_dev_1,False,False,221,0,0.00,1.00,null,null,null,-1.00,-1.00,-0.143,1157.13,P Finnie Serum clmn TEST 4_GD1_01_66707,804.55219:694238 805.55685:328468 806.56152:90256,null,1907881,2080487,2037461,2120005,2036458.46428125,92108.0699569473
222,6.041,804.62323,no MS2: RIKEN P-VS1 ID-11454 from Mouse_Brain_WT_N_F1EPA,[M+H]+,null,1.00,False,11.100,804.62830,null,Unknown,null,null,530,False,True,False,Normalized unit: Intensity; Annotation method: Msp20260116160945_NCDK_conventional_converted_dev_1,False,False,222,0,0.00,0.85,null,null,null,-1.00,-1.00,-0.194,249.92,P Finnie Serum clmn TEST 1_GD1_01_66704,804.62378:274194 805.62845:137524 806.63311:34686,null,959267,1004755,1004754,1006823,993899.819250001,23109.0497812596
223,5.711,806.56732,no MS2: NAGlySer 43:11;O2|NAGlySer 15:4;O(FA 28:6),[M+NH4]+,null,1.00,False,8.463,806.56781,C48H72N2O7,NAGlySer,QESQZFHZPIQFIJ-UHFFFAOYSA-N,O=C(OC(C=CCC=CCC=CCC)C=CCC(=O)NCC(=O)NC(C(=O)O)CO)CCCCCCCCC=CCC=CCC=CCC=CCC=CCC=CCC,530,False,True,False,Normalized unit: Intensity; Annotation method: Msp20260116160945_NCDK_conventional_converted_dev_1,False,False,223,0,0.00,1.00,null,null,null,-1.00,-1.00,-0.143,1526.58,P Finnie Serum clmn TEST 1_GD1_01_66704,806.56793:295194 807.57260:139278 808.57727:382166,null,1009871,1147950,1064148,1072894,1073715.58803125,56800.788289481
224,5.037,806.56952,no MS2: DMPE 39:6|DMPE 5:0_34:6,[M+H]+,null,1.00,False,9.378,806.56940,C46H80NO8P,DMPE,SEJOVQNZGAADLK-UHFFFAOYSA-N,O=C(OCC(OC(=O)CCCCCCCCCCCCCCC=CCC=CCC=CCC=CCC=CCC=CCC)COP(=O)(O)OCCN(C)C)CCCC,530,False,True,False,Normalized unit: Intensity; Annotation method: Msp20260116160945_NCDK_conventional_converted_dev_1,False,False,224,0,0.00,1.00,null,null,null,-1.00,-1.00,-0.143,2244.47,P Finnie Serum clmn TEST 2_GD1_01_66705,806.56952:573792 807.57419:286970 808.57885:74102,null,1929227,2039036,1897889,1924371,1947630.87576562,62473.5710149601
225,5.276,806.57050,no MS2: DMPE 39:6|DMPE 5:0_34:6,[M+H]+,null,1.00,False,9.378,806.56940,C46H80NO8P,DMPE,SEJOVQNZGAADLK-UHFFFAOYSA-N,O=C(OCC(OC(=O)CCCCCCCCCCCCCCC=CCC=CCC=CCC=CCC=CCC=CCC)COP(=O)(O)OCCN(C)C)CCCC,530,False,True,False,Normalized unit: Intensity; Annotation method: Msp20260116160945_NCDK_conventional_converted_dev_1,False,False,225,0,0.00,1.00,null,null,null,-1.00,-1.00,-0.143,30552.55,P Finnie Serum clmn TEST 3_GD1_01_66706,806.56976:5743672 807.57443:2795114 808.57910:822318,null,18469018,17689837,17147159,17530160,17709043.4986094,555470.534560657
226,5.257,806.84552,Unknown,[M+H]+,null,0.50,False,null,null,null,null,null,null,999,False,False,False,Normalized unit: Intensity,False,False,226,0,0.00,null,null,null,null,null,null,null,309.70,P Finnie Serum clmn TEST 2_GD1_01_66705,806.84552:108508 807.85019:33900 808.85486:0,null,254558,257000,236574,234914,245761.477875,11629.9678998749
227,5.272,807.25543,Unknown,[M+H]+,null,1.00,False,null,null,null,null,null,null,999,False,False,False,Normalized unit: Intensity,False,False,227,0,0.00,null,null,null,null,null,null,null,814.72,P Finnie Serum clmn TEST 2_GD1_01_66705,807.25543:173646 808.26010:57658 809.26477:3760,null,418746,415566,386326,396306,404236.221078125,15519.4047430433
228,6.193,808.58331,no MS2: NAGlySer 43:10;O2|NAGlySer 15:3;O(FA 28:6),[M+NH4]+,null,1.00,False,8.251,808.58337,C48H74N2O7,NAGlySer,GBANVCZVXXRIAQ-UHFFFAOYSA-N,O=C(OC(C=CCC=CCC=CCC)CCCC(=O)NCC(=O)NC(C(=O)O)CO)CCCCCCCCC=CCC=CCC=CCC=CCC=CCC=CCC,530,False,True,False,Normalized unit: Intensity; Annotation method: Msp20260116160945_NCDK_conventional_converted_dev_1,False,False,228,0,0.00,1.00,null,null,null,-1.00,-1.00,-0.143,2037.04,P Finnie Serum clmn TEST 3_GD1_01_66706,808.58331:840062 809.58798:400164 810.59265:143138,null,2856288,3044628,3107085,3091655,3024914.03517187,115513.077556121
229,5.485,808.58484,no MS2: DMPE 39:5|DMPE 5:0_34:5,[M+H]+,null,1.00,False,10.202,808.58508,C46H82NO8P,DMPE,BPZOUFRZDZCMRY-UHFFFAOYSA-N,O=C(OCC(OC(=O)CCCCCCCCCCCCCCCCCC=CCC=CCC=CCC=CCC=CCC)COP(=O)(O)OCCN(C)C)CCCC,530,False,True,False,Normalized unit: Intensity; Annotation method: Msp20260116160945_NCDK_conventional_converted_dev_1,False,False,229,0,0.00,1.00,null,null,null,-1.00,-1.00,-0.143,6383.92,P Finnie Serum clmn TEST 2_GD1_01_66705,808.58484:1839154 809.58951:959304 810.59417:260888,null,8231967,8489051,8212253,8225473,8289686.05867187,133162.70417189
230,5.676,808.58496,no MS2: DMPE 39:5|DMPE 5:0_34:5,[M+H]+,null,1.00,False,10.202,808.58508,C46H82NO8P,DMPE,BPZOUFRZDZCMRY-UHFFFAOYSA-N,O=C(OCC(OC(=O)CCCCCCCCCCCCCCCCCC=CCC=CCC=CCC=CCC=CCC)COP(=O)(O)OCCN(C)C)CCCC,530,False,True,False,Normalized unit: Intensity; Annotation method: Msp20260116160945_NCDK_conventional_converted_dev_1,False,False,230,0,0.00,1.00,null,null,null,-1.00,-1.00,-0.143,2332.27,P Finnie Serum clmn TEST 4_GD1_01_66707,808.58508:709212 809.58975:354088 810.59442:143186,null,3971064,4060230,4120302,4054704,4051574.82709375,61346.3641496338
231,6.124,809.65393,no MS2: SM 42:4;O2|SM 12:1;O2/30:3,[M+H]+,null,1.00,False,10.201,809.65308,C47H89N2O6P,SM,BPIDPBMVWUMKNC-UHFFFAOYSA-N,O=C(NC(COP(=O)([O-])OCC[N+](C)(C)C)C(O)C=CCCCCCCC)CCCCCCCCCCCCCCC=CCC=CCC=CCCCCCCC,530,False,True,False,Normalized unit: Intensity; Annotation method: Msp20260116160945_NCDK_conventional_converted_dev_1,False,False,231,0,0.00,1.00,null,null,null,-1.00,-1.00,-0.143,277.08,P Finnie Serum clmn TEST 3_GD1_01_66706,809.65283:169268 810.65750:14438 811.66217:4552,null,696840,697332,682138,677194,688376.26409375,10259.8650340417
232,6.714,810.59918,no MS2: NAGlySer 43:9;O2|NAGlySer 15:2;O(FA 28:6),[M+Na]+,null,1.00,False,8.181,810.59912,C48H76N2O7,NAGlySer,LNUXQXMKLJJQDM-UHFFFAOYSA-N,O=C(OC(C=CCC=CCCC)CCCCCC(=O)NCC(=O)NC(C(=O)O)CO)CCCCCCCCC=CCC=CCC=CCC=CCC=CCC=CCC,530,False,True,False,Normalized unit: Intensity; Annotation method: Msp20260116160945_NCDK_conventional_converted_dev_1,False,False,232,0,0.00,1.00,null,null,null,-1.00,-1.00,-0.143,50.60,P Finnie Serum clmn TEST 2_GD1_01_66705,810.59918:129960 811.60385:59158 812.60852:17186,null,437795,441032,426249,428532,433401.959390625,7127.54049321875
233,5.772,810.60004,no MS2: DMPE 39:4|DMPE 5:0_34:4,[M+H]+,null,1.00,False,10.938,810.60071,C46H84NO8P,DMPE,YZBROJFPJKNUJO-UHFFFAOYSA-N,O=C(OCC(OC(=O)CCCCCCCCCCCCCCCCCCCCC=CCC=CCC=CCC=CCC)COP(=O)(O)OCCN(C)C)CCCC,530,False,True,False,Normalized unit: Intensity; Annotation method: Msp20260116160945_NCDK_conventional_converted_dev_1,False,False,233,0,0.00,1.00,null,null,null,-1.00,-1.00,-0.143,204.02,P Finnie Serum clmn TEST 4_GD1_01_66707,810.60052:494994 811.60519:243712 812.60986:60586,null,2652641,2808950,2615410,2603309,2670077.52932812,94931.8342381662
234,5.902,810.60150,no MS2: DMPE 39:4|DMPE 5:0_34:4,[M+H]+,null,1.00,False,10.938,810.60071,C46H84NO8P,DMPE,YZBROJFPJKNUJO-UHFFFAOYSA-N,O=C(OCC(OC(=O)CCCCCCCCCCCCCCCCCCCCC=CCC=CCC=CCC=CCC)COP(=O)(O)OCCN(C)C)CCCC,530,False,True,False,Normalized unit: Intensity; Annotation method: Msp20260116160945_NCDK_conventional_converted_dev_1,False,False,234,0,0.00,1.00,null,null,null,-1.00,-1.00,-0.143,246.72,P Finnie Serum clmn TEST 3_GD1_01_66706,810.60052:652224 811.60519:329668 812.60986:93828,null,2933073,2480442,2674272,2796525,2721077.9594375,192119.97493658
235,6.089,810.60187,no MS2: Cer 53:14;O4|Cer 12:2;O2/41:12;O2,[M+H]+,null,1.00,False,11.258,810.60309,C53H79NO5,Cer_EOS,YORWMDJEVOZALX-UHFFFAOYSA-N,O=C(OCCC=CCC=CCC=CCC=CCC=CCCC(=O)NC(CO)C(O)C=CCCC=CCCC)CCC=CCC=CCC=CCC=CCC=CCC=CCC,530,False,True,False,Normalized unit: Intensity; Annotation method: Msp20260116160945_NCDK_conventional_converted_dev_1,False,False,235,0,0.00,1.00,null,null,null,-1.00,-1.00,-0.144,4103.28,P Finnie Serum clmn TEST 1_GD1_01_66704,810.60266:9937102 811.60733:5220380 812.61200:1359674,null,32048697,32770604,32013641,32021389,32213582.7665313,371652.086995077
236,6.089,810.88007,Unknown,[M+H]+,null,1.00,False,null,null,null,null,null,null,999,False,False,False,Normalized unit: Intensity,False,False,236,0,0.00,null,null,null,null,null,null,null,269.71,P Finnie Serum clmn TEST 2_GD1_01_66705,810.88007:166694 811.88473:86964 812.88940:0,null,485423,494690,467527,466443,478520.859796876,13854.3264736423
237,6.089,811.28918,Unknown,[M+H]+,null,1.00,False,null,null,null,null,null,null,999,False,False,False,Normalized unit: Intensity,False,False,237,0,0.00,null,null,null,null,null,null,null,1760.72,P Finnie Serum clmn TEST 2_GD1_01_66705,811.28918:286918 812.29385:139448 813.29852:5854,null,816175,843712,805513,818262,820915.422921876,16190.5507505744
238,6.697,811.66919,no MS2: SM 42:3;O2|SM 12:1;O2/30:2,[M+H]+,null,1.00,False,10.722,811.66882,C47H91N2O6P,SM,OSQDHYJRSISFIL-UHFFFAOYSA-N,O=C(NC(COP(=O)([O-])OCC[N+](C)(C)C)C(O)C=CCCCCCCC)CCCCCCCCCCCCCCCCCC=CCC=CCCCCCCC,530,False,True,False,Normalized unit: Intensity; Annotation method: Msp20260116160945_NCDK_conventional_converted_dev_1,False,False,238,0,0.00,1.00,null,null,null,-1.00,-1.00,-0.143,788.99,P Finnie Serum clmn TEST 3_GD1_01_66706,811.66895:1672426 812.67361:901314 813.67828:246716,null,6435309,6515648,6345117,6450458,6436633.21632812,70264.7361524294
239,6.367,812.61725,no MS2: DMPE 39:3|DMPE 5:0_34:3,[M+H]+,null,1.00,False,11.616,812.61639,C46H86NO8P,DMPE,PWBLIPDTDTZCDQ-UHFFFAOYSA-N,O=C(OCC(OC(=O)CCCCCCCCCCCCCCCCCCC=CCC=CCC=CCCCCCCC)COP(=O)(O)OCCN(C)C)CCCC,530,False,True,False,Normalized unit: Intensity; Annotation method: Msp20260116160945_NCDK_conventional_converted_dev_1,False,False,239,0,0.00,1.00,null,null,null,-1.00,-1.00,-0.143,1206.50,P Finnie Serum clmn TEST 2_GD1_01_66705,812.61633:3674756 813.62100:1788302 814.62567:501212,null,13350635,12785037,12633452,12708204,12869331.7932656,326782.342056017
240,7.287,813.68542,no MS2: SM 42:2;O2|SM 12:1;O2/30:1,[M+H]+,null,1.00,False,12.174,813.68439,C47H93N2O6P,SM,OQOXDFBSXXNVGR-UHFFFAOYSA-N,O=C(NC(COP(=O)([O-])OCC[N+](C)(C)C)C(O)C=CCCCCCCC)CCCCCCCCCCCCCCCCCCCC=CCCCCCCCC,530,False,True,False,Normalized unit: Intensity; Annotation method: Msp20260116160945_NCDK_conventional_converted_dev_1,False,False,240,0,0.00,1.00,null,null,null,-1.00,-1.00,-0.144,6822.15,P Finnie Serum clmn TEST 4_GD1_01_66707,813.68481:2465790 814.68948:1367820 815.69415:369720,null,9698140,10093285,9682258,9811816,9821374.736375,190234.026517203
241,6.792,814.63281,no MS2: DMPE 39:2|DMPE 5:0_34:2,[M+H]+,null,1.00,False,12.876,814.63202,C46H88NO8P,DMPE,YGKOCXWHRNEVNC-UHFFFAOYSA-N,O=C(OCC(OC(=O)CCCCCCCCCCCCCCCCCCCCCC=CCC=CCCCCCCC)COP(=O)(O)OCCN(C)C)CCCC,530,False,True,False,Normalized unit: Intensity; Annotation method: Msp20260116160945_NCDK_conventional_converted_dev_1,False,False,241,0,0.00,1.00,null,null,null,-1.00,-1.00,-0.143,299.11,P Finnie Serum clmn TEST 3_GD1_01_66706,814.63202:256198 815.63669:134232 816.64135:34046,null,1292729,1300309,1247047,1225515,1266399.89485937,36005.2806024822
242,8.003,815.70081,no MS2: SM 42:1;O2|SM 12:1;O2/30:0,[M+H]+,null,1.00,False,13.070,815.70007,C47H95N2O6P,SM,SJKQWVPGRUTFNL-UHFFFAOYSA-N,O=C(NC(COP(=O)([O-])OCC[N+](C)(C)C)C(O)C=CCCCCCCC)CCCCCCCCCCCCCCCCCCCCCCCCCCCCC,530,False,True,False,Normalized unit: Intensity; Annotation method: Msp20260116160945_NCDK_conventional_converted_dev_1,False,False,242,0,0.00,1.00,null,null,null,-1.00,-1.00,-0.143,1296.31,P Finnie Serum clmn TEST 3_GD1_01_66706,815.70026:1149508 816.70492:582710 817.70959:156562,null,4660846,4589861,4569831,4594877,4603853.69851563,39505.0957734672
243,5.695,818.60590,no MS2: PC O-40:7|PC O-12:0_28:7,[M+H]+,null,0.25,False,9.720,818.60577,C48H84NO7P,EtherPC,VQFHSIDWVIVATB-UHFFFAOYSA-N,O=C(OC(COCCCCCCCCCCCC)COP(=O)([O-])OCC[N+](C)(C)C)CCCCCC=CCC=CCC=CCC=CCC=CCC=CCC=CCC,530,False,True,False,Normalized unit: Intensity; Annotation method: Msp20260116160945_NCDK_conventional_converted_dev_1,False,False,243,0,0.00,1.00,null,null,null,-1.00,-1.00,-0.143,109.86,P Finnie Serum clmn TEST 2_GD1_01_66705,818.60590:93436 819.61056:46124 820.61523:13128,null,311360,331029,305787,299746,311980.520078125,13555.7217240068
244,10.262,818.72272,no MS2: SE 24:1;O4/27:0;O,[M+NH4]+,null,1.00,False,13.837,818.72321,C51H92O6,DCAE,VFKXZTNFVYAFDK-UHFFFAOYSA-N,O=C(O)CCC(C)C1CCC2C3CCC4CC(OC(=O)CCCCCCCC(O)CCCCCCCCCCCCCCCCCC)CCC4(C)C3CC(O)C12C,530,False,True,False,Normalized unit: Intensity; Annotation method: Msp20260116160945_NCDK_conventional_converted_dev_1,False,False,244,0,0.00,1.00,null,null,null,-1.00,-1.00,-0.143,862.24,P Finnie Serum clmn TEST 1_GD1_01_66704,818.72327:260318 819.72793:198040 820.73260:68658,null,1410748,1459156,1402235,1420852,1423247.90410938,25119.1229809903
245,10.748,820.73846,no MS2: TG 48:2|TG 8:0_8:0_32:2,[M+NH4]+,null,1.00,False,14.167,820.73889,C51H94O6,TG,XJRNFRCYKQXMGQ-UHFFFAOYSA-N,O=C(OCC(OC(=O)CCCCCCC)COC(=O)CCCCCCCCCCCCCCCCCCCC=CCC=CCCCCCCC)CCCCCCC,530,False,True,False,Normalized unit: Intensity; Annotation method: Msp20260116160945_NCDK_conventional_converted_dev_1,False,False,245,0,0.00,1.00,null,null,null,-1.00,-1.00,-0.144,1560.64,P Finnie Serum clmn TEST 2_GD1_01_66705,820.73846:1030256 821.74313:595058 822.74780:173410,null,5612946,5776226,5521093,5573370,5620908.52732812,110166.519655375
246,11.182,822.75751,no MS2: TG 48:1|TG 8:0_8:0_32:1,[M+NH4]+,null,1.00,False,14.440,822.75452,C51H96O6,TG,HWMSPIVEAFDGBF-UHFFFAOYSA-N,O=C(OCC(OC(=O)CCCCCCC)COC(=O)CCCCCCCCCCCCCCCCCCCCCC=CCCCCCCCC)CCCCCCC,530,False,True,False,Normalized unit: Intensity; Annotation method: Msp20260116160945_NCDK_conventional_converted_dev_1,False,False,246,0,0.00,1.00,null,null,null,-1.00,-1.00,-0.145,2417.40,P Finnie Serum clmn TEST 3_GD1_01_66706,822.75519:1524794 823.75986:866976 824.76452:252248,null,6984801,6949639,6993638,7044137,6993053.63371875,38999.3277019731
247,10.263,823.67914,no MS2: TG 48:3|TG 8:0_8:0_32:3,[M+Na]+,null,0.75,False,13.957,823.67859,C51H92O6,TG,SVUUFERWFZNDEK-UHFFFAOYSA-N,O=C(OCC(OC(=O)CCCCCCC)COC(=O)CCCCCCCCCCCCCCCCC=CCC=CCC=CCCCCCCC)CCCCCCC,530,False,True,False,Normalized unit: Intensity; Annotation method: Msp20260116160945_NCDK_conventional_converted_dev_1,False,False,247,0,0.00,1.00,null,null,null,-1.00,-1.00,-0.144,141.59,P Finnie Serum clmn TEST 2_GD1_01_66705,823.67810:76448 824.68277:42052 825.68744:11720,null,377720,402057,400853,407154,396946.069203125,13105.3966538011
248,11.633,824.76996,no MS2: TG 48:0|TG 8:0_8:0_32:0,[M+NH4]+,null,1.00,False,14.998,824.77020,C51H98O6,TG,JZFABHSXSAWMSE-UHFFFAOYSA-N,O=C(OCC(OC(=O)CCCCCCC)COC(=O)CCCCCCCCCCCCCCCCCCCCCCCCCCCCCCC)CCCCCCC,530,False,True,False,Normalized unit: Intensity; Annotation method: Msp20260116160945_NCDK_conventional_converted_dev_1,False,False,248,0,0.00,1.00,null,null,null,-1.00,-1.00,-0.143,1441.93,P Finnie Serum clmn TEST 1_GD1_01_66704,824.77014:1009626 825.77481:550070 826.77948:163058,null,3557507,3603217,3576329,3496419,3558367.93821874,45359.6994090058
249,10.735,825.69550,no MS2: TG 48:2|TG 8:0_8:0_32:2,[M+Na]+,null,1.00,False,14.167,825.69427,C51H94O6,TG,XJRNFRCYKQXMGQ-UHFFFAOYSA-N,O=C(OCC(OC(=O)CCCCCCC)COC(=O)CCCCCCCCCCCCCCCCCCCC=CCC=CCCCCCCC)CCCCCCC,530,False,True,False,Normalized unit: Intensity; Annotation method: Msp20260116160945_NCDK_conventional_converted_dev_1,False,False,249,0,0.00,1.00,null,null,null,-1.00,-1.00,-0.143,844.00,P Finnie Serum clmn TEST 1_GD1_01_66704,825.69403:109294 826.69870:61558 827.70337:16176,null,666727,707706,698683,706394,694877.709984375,19184.6717081908
250,5.442,826.60657,no MS2: SL 50:9;O2|SL 16:3;O/34:6;O,[M+H]+,null,1.00,False,11.709,826.60138,C50H83NO6S,SL,XWFDEAWGAPVDRQ-UHFFFAOYSA-N,O=C(N(CC(O)C=CCCC=CCCC=CCCC)CS(=O)(=O)O)C(O)CCCCCCCCCCCCCC=CCC=CCC=CCC=CCC=CCC=CCC,530,False,True,False,Normalized unit: Intensity; Annotation method: Msp20260116160945_NCDK_conventional_converted_dev_1,False,False,250,0,0.00,0.82,null,null,null,-1.00,-1.00,-0.232,222.85,P Finnie Serum clmn TEST 3_GD1_01_66706,826.60657:312064 827.61124:159584 828.61590:38200,null,1009602,1049135,1046113,1041990,1036710.12825,18307.6230186627
251,5.276,828.55139,no MS2: PC 38:6,[M+Na]+,null,1.00,False,8.900,828.55139,C46H80NO8P,PC,KKVDMSZJVFAMDW-UHFFFAOYSA-N,O=C(OCC(OC(=O)CCCCCCCCCCCCC=CCC=CCC=CCC=CCC=CCC=CCC)COP(=O)([O-])OCC[N+](C)(C)C)CCCCC,530,False,True,False,Normalized unit: Intensity; Annotation method: Msp20260116160945_NCDK_conventional_converted_dev_1,False,False,251,0,0.00,1.00,null,null,null,-1.00,-1.00,-0.143,538.41,P Finnie Serum clmn TEST 1_GD1_01_66704,828.55139:200424 829.55606:97400 830.56073:32184,null,876681,807996,779059,798553,815572.38490625,42483.6485687655
252,5.711,828.62256,no MS2: RIKEN P-VS1 ID-12526 from Mouse_Liver_WT_N_Ctr,[M+H]+,null,1.00,False,9.780,828.62457,null,Unknown,null,null,530,False,True,False,Normalized unit: Intensity; Annotation method: Msp20260116160945_NCDK_conventional_converted_dev_1,False,False,252,0,0.00,0.99,null,null,null,-1.00,-1.00,-0.132,150.77,P Finnie Serum clmn TEST 4_GD1_01_66707,828.62354:184684 829.62820:93640 830.63287:21876,null,566524,644250,601335,597876,602496.008531249,31937.8068155717
253,6.197,830.63873,no MS2: RIKEN P-VS1 ID-12610 from Mouse_Heart_WT_N_F1,[M+H]+,null,1.00,False,8.830,830.63397,null,Unknown,null,null,530,False,True,False,Normalized unit: Intensity; Annotation method: Msp20260116160945_NCDK_conventional_converted_dev_1,False,False,253,0,0.00,0.85,null,null,null,-1.00,-1.00,-0.197,433.39,P Finnie Serum clmn TEST 3_GD1_01_66706,830.63873:363536 831.64340:189792 832.64807:49026,null,1402642,1489233,1525626,1489376,1476719.21098437,52268.8154324974
254,6.089,832.58344,no MS2: NAGlySer 45:12;O2|NAGlySer 19:5;O(FA 26:6),[M+NH4]+,null,1.00,False,8.632,832.58337,C50H74N2O7,NAGlySer,RKZUWXMDVDKJAJ-UHFFFAOYSA-N,O=C(OC(C=CCC=CCC=CCC=CCC=CCC)CC(=O)NCC(=O)NC(C(=O)O)CO)CCCCCCC=CCC=CCC=CCC=CCC=CCC=CCC,530,False,True,False,Normalized unit: Intensity; Annotation method: Msp20260116160945_NCDK_conventional_converted_dev_1,False,False,254,0,0.00,1.00,null,null,null,-1.00,-1.00,-0.143,1001.81,P Finnie Serum clmn TEST 2_GD1_01_66705,832.58337:436702 833.58804:226948 834.59271:57068,null,1307487,1387334,1371325,1384014,1362540.13435938,37344.6465295009
255,5.342,832.58466,no MS2: DMPE 41:7|DMPE 11:1_30:6,[M+H]+,null,1.00,False,9.331,832.58508,C48H82NO8P,DMPE,LJMXYOIPOFQCJE-UHFFFAOYSA-N,O=C(OCC(OC(=O)CCCCCCCCCCC=CCC=CCC=CCC=CCC=CCC=CCC)COP(=O)(O)OCCN(C)C)CCCCCC=CCCC,530,False,True,False,Normalized unit: Intensity; Annotation method: Msp20260116160945_NCDK_conventional_converted_dev_1,False,False,255,0,0.00,1.00,null,null,null,-1.00,-1.00,-0.143,1894.90,P Finnie Serum clmn TEST 4_GD1_01_66707,832.58527:429610 833.58993:226100 834.59460:58712,null,1601520,1631308,1566534,1571246,1592652.1053125,30073.788203374
256,6.714,832.65405,no MS2: RIKEN P-VS1 ID-12699 from Mouse_Spleen_WT_N_F1AA,[M+H]+,null,1.00,False,12.680,832.65588,null,Unknown,null,null,530,False,True,False,Normalized unit: Intensity; Annotation method: Msp20260116160945_NCDK_conventional_converted_dev_1,False,False,256,0,0.00,0.99,null,null,null,-1.00,-1.00,-0.134,207.14,P Finnie Serum clmn TEST 1_GD1_01_66704,832.65460:99872 833.65927:112326 834.66394:45784,null,289350,303883,287390,288348,292242.509015625,7801.19551567036
257,6.367,834.59924,no MS2: NAGlySer 45:11;O2|NAGlySer 17:4;O(FA 28:6),[M+Na]+,null,1.00,False,8.489,834.59912,C50H76N2O7,NAGlySer,KTACFGIKOYJQQO-UHFFFAOYSA-N,O=C(OC(C=CCC=CCC=CCC=CCC)CCC(=O)NCC(=O)NC(C(=O)O)CO)CCCCCCCCC=CCC=CCC=CCC=CCC=CCC=CCC,530,False,True,False,Normalized unit: Intensity; Annotation method: Msp20260116160945_NCDK_conventional_converted_dev_1,False,False,257,0,0.00,1.00,null,null,null,-1.00,-1.00,-0.143,71.53,P Finnie Serum clmn TEST 4_GD1_01_66707,834.59906:99744 835.60373:49328 836.60840:166622,null,401386,321178,313067,324852,340120.992359375,41139.198626277
258,5.911,834.60126,no MS2: DMPE 41:6|DMPE 5:0_36:6,[M+H]+,null,1.00,False,9.792,834.60071,C48H84NO8P,DMPE,HKKYVOXALIOUIL-UHFFFAOYSA-N,O=C(OCC(OC(=O)CCCCCCCCCCCCCCCCC=CCC=CCC=CCC=CCC=CCC=CCC)COP(=O)(O)OCCN(C)C)CCCC,530,False,True,False,Normalized unit: Intensity; Annotation method: Msp20260116160945_NCDK_conventional_converted_dev_1,False,False,258,0,0.00,1.00,null,null,null,-1.00,-1.00,-0.143,1485.35,P Finnie Serum clmn TEST 4_GD1_01_66707,834.60065:2059992 835.60531:1101630 836.60998:309946,null,6343272,6407967,6314019,6392505,6364440.84001562,43484.0661275144
259,10.939,834.75366,no MS2: TG 49:2|TG 8:0_8:1_33:1,[M+NH4]+,null,1.00,False,13.816,834.75452,C52H96O6,TG,WBJXEWVFNZCCAP-UHFFFAOYSA-N,O=C(OCC(OC(=O)CCC=CCCC)COC(=O)CCCCCCCCCCCCCCCCCCCCC=CCCCCCCCCCC)CCCCCCC,530,False,True,False,Normalized unit: Intensity; Annotation method: Msp20260116160945_NCDK_conventional_converted_dev_1,False,False,259,0,0.00,1.00,null,null,null,-1.00,-1.00,-0.143,105.99,P Finnie Serum clmn TEST 3_GD1_01_66706,834.75427:105074 835.75894:73130 836.76361:25216,null,776646,790319,761505,757501,771492.99746875,15016.6656418791
260,7.287,835.66748,no MS2: SM 42:2;O2,[M+Na]+,null,1.00,False,12.174,835.66632,C47H93N2O6P,SM,OQOXDFBSXXNVGR-UHFFFAOYSA-N,O=C(NC(COP(=O)([O-])OCC[N+](C)(C)C)C(O)C=CCCCCCCC)CCCCCCCCCCCCCCCCCCCC=CCCCCCCCC,530,False,True,False,Normalized unit: Intensity; Annotation method: Msp20260116160945_NCDK_conventional_converted_dev_1,False,False,260,0,0.00,1.00,null,null,null,-1.00,-1.00,-0.144,259.14,P Finnie Serum clmn TEST 4_GD1_01_66707,835.66699:122580 836.67166:61792 837.67633:15028,null,411890,406135,390350,394555,400732.806765625,9993.89797126732
261,6.111,836.61639,no MS2: DMPE 41:5|DMPE 5:0_36:5,[M+H]+,null,1.00,False,10.950,836.61639,C48H86NO8P,DMPE,QOYHFZQVPRPDHD-UHFFFAOYSA-N,O=C(OCC(OC(=O)CCCCCCCCCCCCCCCCCCCC=CCC=CCC=CCC=CCC=CCC)COP(=O)(O)OCCN(C)C)CCCC,530,False,True,False,Normalized unit: Intensity; Annotation method: Msp20260116160945_NCDK_conventional_converted_dev_1,False,False,261,0,0.00,1.00,null,null,null,-1.00,-1.00,-0.143,268.00,P Finnie Serum clmn TEST 2_GD1_01_66705,836.61639:658868 837.62106:333458 838.62573:94596,null,2059799,2100155,2037700,2024777,2055607.67951563,33031.6716148161
262,6.349,836.61694,no MS2: DMPE 41:5|DMPE 5:0_36:5,[M+H]+,null,1.00,False,10.950,836.61639,C48H86NO8P,DMPE,QOYHFZQVPRPDHD-UHFFFAOYSA-N,O=C(OCC(OC(=O)CCCCCCCCCCCCCCCCCCCC=CCC=CCC=CCC=CCC=CCC)COP(=O)(O)OCCN(C)C)CCCC,530,False,True,False,Normalized unit: Intensity; Annotation method: Msp20260116160945_NCDK_conventional_converted_dev_1,False,False,262,0,0.00,1.00,null,null,null,-1.00,-1.00,-0.143,360.59,P Finnie Serum clmn TEST 4_GD1_01_66707,836.61621:246740 837.62088:128704 838.62555:37256,null,839043,798303,793571,798792,807427.075796875,21208.0901026173
263,11.407,836.76892,no MS2: TG 49:1|TG 8:0_8:0_33:1,[M+NH4]+,null,1.00,False,14.378,836.77020,C52H98O6,TG,VCEFMDOXMKROQX-UHFFFAOYSA-N,O=C(OCC(OC(=O)CCCCCCC)COC(=O)CCCCCCCCCCCCCCCCCCCCC=CCCCCCCCCCC)CCCCCCC,530,False,True,False,Normalized unit: Intensity; Annotation method: Msp20260116160945_NCDK_conventional_converted_dev_1,False,False,263,0,0.00,1.00,null,null,null,-1.00,-1.00,-0.144,90.10,P Finnie Serum clmn TEST 3_GD1_01_66706,836.76959:193814 837.77426:121934 838.77893:39726,null,956395,979788,958043,956981,962801.951703127,11344.4712014239
264,6.562,838.63239,no MS2: RIKEN P-VS1 ID-12943 from Mouse_SmallIntestine_WT_N_F1AA,[M+H]+,null,1.00,False,1.690,838.63263,null,Unknown,null,null,530,False,True,False,Normalized unit: Intensity; Annotation method: Msp20260116160945_NCDK_conventional_converted_dev_1,False,False,264,0,0.00,1.00,null,null,null,-1.00,-1.00,-0.129,105.00,P Finnie Serum clmn TEST 1_GD1_01_66704,838.63269:267498 839.63736:138524 840.64203:34910,null,959013,986114,963400,953967,965623.685781251,14193.7485918888
265,10.336,844.73792,no MS2: TG 50:4|TG 8:0_8:0_34:4,[M+NH4]+,null,1.00,False,13.930,844.73889,C53H94O6,TG,NBOUVXSQNXDJHU-UHFFFAOYSA-N,O=C(OCC(OC(=O)CCCCCCC)COC(=O)CCCCCCCCCCCCCCCCCCCCC=CCC=CCC=CCC=CCC)CCCCCCC,530,False,True,False,Normalized unit: Intensity; Annotation method: Msp20260116160945_NCDK_conventional_converted_dev_1,False,False,265,0,0.00,1.00,null,null,null,-1.00,-1.00,-0.143,611.46,P Finnie Serum clmn TEST 3_GD1_01_66706,844.73853:318692 845.74319:219318 846.74786:72218,null,2235706,2283396,2210035,2248154,2244322.7755,30503.1063764404
266,10.766,846.75403,no MS2: TG 50:3|TG 8:0_8:0_34:3,[M+NH4]+,null,1.00,False,13.920,846.75452,C53H96O6,TG,JLQAKOSOIVPICE-UHFFFAOYSA-N,O=C(OCC(OC(=O)CCCCCCC)COC(=O)CCCCCCCCCCCCCCCCCCC=CCC=CCC=CCCCCCCC)CCCCCCC,530,False,True,False,Normalized unit: Intensity; Annotation method: Msp20260116160945_NCDK_conventional_converted_dev_1,False,False,266,0,0.00,1.00,null,null,null,-1.00,-1.00,-0.143,5460.27,P Finnie Serum clmn TEST 3_GD1_01_66706,846.75464:2738352 847.75931:1716890 848.76397:583268,null,13159989,13693298,13244441,13488725,13396613.2828906,241973.48634518
267,11.217,848.77197,no MS2: TG 50:2|TG 8:0_8:0_34:2,[M+NH4]+,null,1.00,False,14.271,848.77020,C53H98O6,TG,VZLKOMBMLGTLFF-UHFFFAOYSA-N,O=C(OCC(OC(=O)CCCCCCC)COC(=O)CCCCCCCCCCCCCCCCCCCCCC=CCC=CCCCCCCC)CCCCCCC,530,False,True,False,Normalized unit: Intensity; Annotation method: Msp20260116160945_NCDK_conventional_converted_dev_1,False,False,267,0,0.00,1.00,null,null,null,-1.00,-1.00,-0.143,19069.35,P Finnie Serum clmn TEST 1_GD1_01_66704,848.77002:4585792 849.77469:2688514 850.77936:774224,null,27578789,27495635,27844617,27523155,27610548.8725469,159832.568733353
268,11.217,848.93024,Unknown,[M+2H]2+,null,1.00,False,null,null,null,null,null,null,999,False,False,False,Normalized unit: Intensity,False,False,268,0,0.00,null,null,null,null,null,null,null,1480.06,P Finnie Serum clmn TEST 2_GD1_01_66705,848.93024:122580 849.93490:61686 850.93957:4574,null,660984,682843,660675,647593,663023.704421874,14612.4827907903
269,11.217,849.05298,Unknown,[M+H]+,null,1.00,False,null,null,null,null,null,null,999,False,False,False,Normalized unit: Intensity,False,False,269,0,0.00,null,null,null,null,null,null,null,1294.00,P Finnie Serum clmn TEST 4_GD1_01_66707,849.05298:113534 850.05765:56752 851.06231:0,null,539716,553795,529907,564619,547009.207390625,15295.1864171993
270,10.332,849.69434,no MS2: TG 50:4|TG 8:0_8:0_34:4,[M+Na]+,null,1.00,False,13.930,849.69427,C53H94O6,TG,NBOUVXSQNXDJHU-UHFFFAOYSA-N,O=C(OCC(OC(=O)CCCCCCC)COC(=O)CCCCCCCCCCCCCCCCCCCCC=CCC=CCC=CCC=CCC)CCCCCCC,530,False,True,False,Normalized unit: Intensity; Annotation method: Msp20260116160945_NCDK_conventional_converted_dev_1,False,False,270,0,0.00,1.00,null,null,null,-1.00,-1.00,-0.143,867.49,P Finnie Serum clmn TEST 3_GD1_01_66706,849.69434:92504 850.69900:55298 851.70367:14968,null,585214,608119,608703,621873,605977.369796875,15229.1810459821
271,5.272,850.60626,no MS2: RIKEN P-VS1 ID-13386 from Mouse_Muscle_WT_N_F1DHA,[M+H]+,null,1.00,False,8.880,850.60632,null,Unknown,null,null,530,False,True,False,Normalized unit: Intensity; Annotation method: Msp20260116160945_NCDK_conventional_converted_dev_1,False,False,271,0,0.00,1.00,null,null,null,-1.00,-1.00,-0.129,114.84,P Finnie Serum clmn TEST 3_GD1_01_66706,850.60626:189472 851.61093:99150 852.61560:28978,null,457825,518530,510518,509558,499107.89665625,27814.4870586313
272,11.633,850.78711,no MS2: TG 50:1|TG 8:0_8:0_34:1,[M+NH4]+,null,1.00,False,14.765,850.78583,C53H100O6,TG,WLEHGRAGAYLVMG-UHFFFAOYSA-N,O=C(OCC(OC(=O)CCCCCCC)COC(=O)CCCCCCCCCCCCCCCCCCCCCCCC=CCCCCCCCC)CCCCCCC,530,False,True,False,Normalized unit: Intensity; Annotation method: Msp20260116160945_NCDK_conventional_converted_dev_1,False,False,272,0,0.00,1.00,null,null,null,-1.00,-1.00,-0.143,58003.24,P Finnie Serum clmn TEST 1_GD1_01_66704,850.78564:7364028 851.79031:4249460 852.79498:1246534,null,25628072,26234151,25987576,26321539,26042834.4555937,310569.250645937
273,11.633,850.94623,Unknown,[M+H]+,null,1.00,False,null,null,null,null,null,null,999,False,False,False,Normalized unit: Intensity,False,False,273,0,0.00,null,null,null,null,null,null,null,1162.57,P Finnie Serum clmn TEST 1_GD1_01_66704,850.94623:168460 851.95090:95874 852.95556:8210,null,541666,542852,527671,534198,536596.789578124,7076.98421813251
274,11.633,851.06927,Unknown,[M+H]+,null,1.00,False,null,null,null,null,null,null,999,False,False,False,Normalized unit: Intensity,False,False,274,0,0.00,null,null,null,null,null,null,null,1532.05,P Finnie Serum clmn TEST 1_GD1_01_66704,851.06927:154766 852.07394:99370 853.07861:5728,null,488897,491799,476950,483757,485350.903937499,6513.39627150305
275,10.766,851.70953,no MS2: TG 50:3|TG 8:0_8:0_34:3,[M+Na]+,null,1.00,False,13.920,851.70990,C53H96O6,TG,JLQAKOSOIVPICE-UHFFFAOYSA-N,O=C(OCC(OC(=O)CCCCCCC)COC(=O)CCCCCCCCCCCCCCCCCCC=CCC=CCC=CCCCCCCC)CCCCCCC,530,False,True,False,Normalized unit: Intensity; Annotation method: Msp20260116160945_NCDK_conventional_converted_dev_1,False,False,275,0,0.00,1.00,null,null,null,-1.00,-1.00,-0.143,996.84,P Finnie Serum clmn TEST 3_GD1_01_66706,851.71021:330330 852.71487:187834 853.71954:54914,null,1562375,1668059,1579632,1653492,1615889.33664062,52643.5040643367
276,12.054,852.80188,no MS2: TG 50:0|TG 8:0_8:0_34:0,[M+NH4]+,null,1.00,False,15.279,852.80151,C53H102O6,TG,VQYLXXPIAZUCDF-UHFFFAOYSA-N,O=C(OCC(OC(=O)CCCCCCC)COC(=O)CCCCCCCCCCCCCCCCCCCCCCCCCCCCCCCCC)CCCCCCC,530,False,True,False,Normalized unit: Intensity; Annotation method: Msp20260116160945_NCDK_conventional_converted_dev_1,False,False,276,0,0.00,1.00,null,null,null,-1.00,-1.00,-0.143,4248.18,P Finnie Serum clmn TEST 3_GD1_01_66706,852.80133:609184 853.80600:343016 854.81067:102616,null,1977842,2004826,2001719,2013189,1999394.12425,15162.2613529366
277,11.234,853.72577,no MS2: TG 50:2|TG 8:0_8:0_34:2,[M+Na]+,null,1.00,False,14.271,853.72559,C53H98O6,TG,VZLKOMBMLGTLFF-UHFFFAOYSA-N,O=C(OCC(OC(=O)CCCCCCC)COC(=O)CCCCCCCCCCCCCCCCCCCCCC=CCC=CCCCCCCC)CCCCCCC,530,False,True,False,Normalized unit: Intensity; Annotation method: Msp20260116160945_NCDK_conventional_converted_dev_1,False,False,277,0,0.00,1.00,null,null,null,-1.00,-1.00,-0.143,877.48,P Finnie Serum clmn TEST 2_GD1_01_66705,853.72546:107750 854.73013:66512 855.73480:17694,null,629608,627823,658320,642945,639674.159703124,14143.5914535021
278,6.089,854.63788,no MS2: RIKEN P-VS1 ID-13569 from Mouse_Muscle_WT_N_F1AA,[M+H]+,null,1.00,False,9.700,854.63239,null,Unknown,null,null,530,False,True,False,Normalized unit: Intensity; Annotation method: Msp20260116160945_NCDK_conventional_converted_dev_1,False,False,278,0,0.00,0.81,null,null,null,-1.00,-1.00,-0.213,477.31,P Finnie Serum clmn TEST 3_GD1_01_66706,854.63788:267234 855.64255:138664 856.64721:36736,null,839203,853793,853876,845578,848112.672109376,7101.35490244158
279,11.616,855.74274,no MS2: TG 50:1|TG 8:0_8:0_34:1,[M+Na]+,null,1.00,False,14.765,855.74121,C53H100O6,TG,WLEHGRAGAYLVMG-UHFFFAOYSA-N,O=C(OCC(OC(=O)CCCCCCC)COC(=O)CCCCCCCCCCCCCCCCCCCCCCCC=CCCCCCCCC)CCCCCCC,530,False,True,False,Normalized unit: Intensity; Annotation method: Msp20260116160945_NCDK_conventional_converted_dev_1,False,False,279,0,0.00,1.00,null,null,null,-1.00,-1.00,-0.143,598.95,P Finnie Serum clmn TEST 2_GD1_01_66705,855.74121:178152 856.74588:101808 857.75055:27486,null,719310,738028,731239,754653,735807.385671873,14754.6686230494
280,11.008,860.77222,no MS2: TG 51:3|TG 8:0_9:0_34:3,[M+NH4]+,null,1.00,False,14.212,860.77020,C54H98O6,TG,CXEFTXACLQXSHA-UHFFFAOYSA-N,O=C(OCC(OC(=O)CCCCCCCC)COC(=O)CCCCCCCCCCCCCCCCCCC=CCC=CCC=CCCCCCCC)CCCCCCC,530,False,True,False,Normalized unit: Intensity; Annotation method: Msp20260116160945_NCDK_conventional_converted_dev_1,False,False,280,0,0.00,1.00,null,null,null,-1.00,-1.00,-0.143,247.97,P Finnie Serum clmn TEST 3_GD1_01_66706,860.77002:236204 861.77469:172340 862.77936:61898,null,1170375,1203836,1174373,1205415,1188499.66029688,18702.9576238752
281,11.412,862.78394,no MS2: TG 51:2|TG 8:0_8:1_35:1,[M+NH4]+,null,1.00,False,14.615,862.78583,C54H100O6,TG,QSFMDQGXOXRHNU-UHFFFAOYSA-N,O=C(OCC(OC(=O)CCC=CCCC)COC(=O)CCCCCCCCCCCCCCCCCCCCCCC=CCCCCCCCCCC)CCCCCCC,530,False,True,False,Normalized unit: Intensity; Annotation method: Msp20260116160945_NCDK_conventional_converted_dev_1,False,False,281,0,0.00,1.00,null,null,null,-1.00,-1.00,-0.144,3439.38,P Finnie Serum clmn TEST 4_GD1_01_66707,862.78638:367192 863.79104:292292 864.79571:115536,null,1815741,1816014,1749451,1736834,1779509.68526563,42308.536530475
282,11.841,864.80035,no MS2: TG 51:1|TG 8:0_8:0_35:1,[M+NH4]+,null,1.00,False,14.871,864.80151,C54H102O6,TG,OVVKXWWCKQETBC-UHFFFAOYSA-N,O=C(OCC(OC(=O)CCCCCCC)COC(=O)CCCCCCCCCCCCCCCCCCCCCCC=CCCCCCCCCCC)CCCCCCC,530,False,True,False,Normalized unit: Intensity; Annotation method: Msp20260116160945_NCDK_conventional_converted_dev_1,False,False,282,0,0.00,1.00,null,null,null,-1.00,-1.00,-0.143,745.01,P Finnie Serum clmn TEST 4_GD1_01_66707,864.80188:120012 865.80655:88172 866.81122:31142,null,777401,814758,791514,802633,796576.60175,15922.3028666714
283,11.426,867.74042,no MS2: TG 51:2|TG 8:0_8:1_35:1,[M+Na]+,null,0.75,False,14.615,867.74121,C54H100O6,TG,QSFMDQGXOXRHNU-UHFFFAOYSA-N,O=C(OCC(OC(=O)CCC=CCCC)COC(=O)CCCCCCCCCCCCCCCCCCCCCCC=CCCCCCCCCCC)CCCCCCC,530,False,True,False,Normalized unit: Intensity; Annotation method: Msp20260116160945_NCDK_conventional_converted_dev_1,False,False,283,0,0.00,1.00,null,null,null,-1.00,-1.00,-0.144,70.61,P Finnie Serum clmn TEST 3_GD1_01_66706,867.74066:64482 868.74533:35182 869.75000:10388,null,368793,386593,374873,376750,376752.23996875,7387.3675653365
284,10.453,870.75330,no MS2: TG 52:5|TG 8:0_8:0_36:5,[M+NH4]+,null,1.00,False,13.969,870.75452,C55H96O6,TG,OXXCYSJBSYMWQA-UHFFFAOYSA-N,O=C(OCC(OC(=O)CCCCCCC)COC(=O)CCCCCCCCCCCCCCCCCCCC=CCC=CCC=CCC=CCC=CCC)CCCCCCC,530,False,True,False,Normalized unit: Intensity; Annotation method: Msp20260116160945_NCDK_conventional_converted_dev_1,False,False,284,0,0.00,1.00,null,null,null,-1.00,-1.00,-0.143,1376.44,P Finnie Serum clmn TEST 3_GD1_01_66706,870.75446:690516 871.75912:466950 872.76379:153664,null,5639542,5822930,5541754,5566632,5642714.525,127107.972455855
285,10.349,872.75610,no MS2: MGDG O-42:1|MGDG O-14:0_28:1,[M+NH4]+,null,1.00,False,13.204,872.75488,C51H98O9,EtherMGDG,NEZUVLKATLZDGI-UHFFFAOYSA-N,O=C(OC(COCCCCCCCCCCCCCC)COC1OC(CO)C(O)C(O)C1O)CCCCCCCCCCCCCCCCCC=CCCCCCCCC,530,False,True,False,Normalized unit: Intensity; Annotation method: Msp20260116160945_NCDK_conventional_converted_dev_1,False,False,285,0,0.00,1.00,null,null,null,-1.00,-1.00,-0.143,214.40,P Finnie Serum clmn TEST 2_GD1_01_66705,872.75458:152538 873.75925:43524 874.76391:7746,null,922739,902113,921673,924290,917703.76153125,10449.5065801813
286,11.095,872.76935,no MS2: TG 52:4|TG 8:0_8:0_36:4,[M+NH4]+,null,1.00,False,14.237,872.77020,C55H98O6,TG,TVCXNLFXLACFHK-UHFFFAOYSA-N,O=C(OCC(OC(=O)CCCCCCC)COC(=O)CCCCCCCCCCCCCCCCCCCCCCC=CCC=CCC=CCC=CCC)CCCCCCC,530,False,True,False,Normalized unit: Intensity; Annotation method: Msp20260116160945_NCDK_conventional_converted_dev_1,False,False,286,0,0.00,1.00,null,null,null,-1.00,-1.00,-0.145,283.21,P Finnie Serum clmn TEST 3_GD1_01_66706,872.76941:288354 873.77408:174032 874.77874:52298,null,1362017,1136276,1338810,1265960,1275765.91029687,101599.774577406
287,10.852,872.76965,no MS2: TG 52:4|TG 8:0_8:0_36:4,[M+NH4]+,null,1.00,False,14.237,872.77020,C55H98O6,TG,TVCXNLFXLACFHK-UHFFFAOYSA-N,O=C(OCC(OC(=O)CCCCCCC)COC(=O)CCCCCCCCCCCCCCCCCCCCCCC=CCC=CCC=CCC=CCC)CCCCCCC,530,False,True,False,Normalized unit: Intensity; Annotation method: Msp20260116160945_NCDK_conventional_converted_dev_1,False,False,287,0,0.00,1.00,null,null,null,-1.00,-1.00,-0.143,9128.18,P Finnie Serum clmn TEST 2_GD1_01_66705,872.77008:7754456 873.77475:4732894 874.77942:1454586,null,40541637,40246071,39036160,39558827,39845673.3914375,678792.181670496
288,10.852,872.93329,no MS2: RIKEN P-VS1 ID-14223 from Mouse_SmallIntestine_WT_N_F1,[M+H]+,null,1.00,False,14.290,872.94012,null,Unknown,null,null,530,False,True,False,Normalized unit: Intensity; Annotation method: Msp20260116160945_NCDK_conventional_converted_dev_1,False,False,288,0,0.00,0.88,null,null,null,-1.00,-1.00,-0.182,1606.85,P Finnie Serum clmn TEST 4_GD1_01_66707,872.93573:147638 873.94040:68554 874.94507:6146,null,623295,623952,610957,622139,620085.848265626,6131.9303334869
289,10.852,873.05792,Unknown,[M+H]+,null,1.00,False,null,null,null,null,null,null,999,False,False,False,Normalized unit: Intensity,False,False,289,0,0.00,null,null,null,null,null,null,null,1659.42,P Finnie Serum clmn TEST 4_GD1_01_66707,873.06049:145592 874.06515:92278 875.06982:4406,null,602223,614755,603253,594712,603735.769031251,8273.95123456871
290,10.852,873.48340,Unknown,[M+H]+,null,1.00,False,null,null,null,null,null,null,999,False,False,False,Normalized unit: Intensity,False,False,290,0,0.00,null,null,null,null,null,null,null,1216.48,P Finnie Serum clmn TEST 2_GD1_01_66705,873.48340:223962 874.48807:127546 875.49273:4972,null,902974,919122,890963,888483,900385.580687501,14002.1512644664
291,11.251,874.78625,no MS2: TG 52:3|TG 8:0_8:0_36:3,[M+NH4]+,null,1.00,False,14.469,874.78583,C55H100O6,TG,SMVJWGZQUSFCNG-UHFFFAOYSA-N,O=C(OCC(OC(=O)CCCCCCC)COC(=O)CCCCCCCCCCCCCCCCCCCCC=CCC=CCC=CCCCCCCC)CCCCCCC,530,False,True,False,Normalized unit: Intensity; Annotation method: Msp20260116160945_NCDK_conventional_converted_dev_1,False,False,291,0,0.00,1.00,null,null,null,-1.00,-1.00,-0.143,119300.00,P Finnie Serum clmn TEST 2_GD1_01_66705,874.78577:13530486 875.79043:11285186 876.79510:3854272,null,67137622,65748379,66891868,65986915,66441195.8751874,676875.223372731
292,11.247,874.95050,Unknown,[M+H]+,null,1.00,False,null,null,null,null,null,null,999,False,False,False,Normalized unit: Intensity,False,False,292,0,0.00,null,null,null,null,null,null,null,3603.07,P Finnie Serum clmn TEST 4_GD1_01_66707,874.95050:316846 875.95517:170412 876.95984:25776,null,1250148,1284052,1292780,1296096,1280769.02065625,21036.4961780775
293,11.247,875.07733,Unknown,[M+H]+,null,1.00,False,null,null,null,null,null,null,999,False,False,False,Normalized unit: Intensity,False,False,293,0,0.00,null,null,null,null,null,null,null,2727.65,P Finnie Serum clmn TEST 2_GD1_01_66705,875.07733:247854 876.08200:189754 877.08667:47978,null,1112030,1118290,1108596,1100998,1109978.34403125,7207.68780275936
294,11.247,875.22076,Unknown,[M+H]+,null,1.00,False,null,null,null,null,null,null,999,False,False,False,Normalized unit: Intensity,False,False,294,0,0.00,null,null,null,null,null,null,null,879.33,P Finnie Serum clmn TEST 2_GD1_01_66705,875.22076:138782 876.22543:82296 877.23010:4744,null,431632,442937,437264,393104,426234.433562499,22563.9902487147
295,11.247,875.49872,Unknown,[M+H]+,null,1.00,False,null,null,null,null,null,null,999,False,False,False,Normalized unit: Intensity,False,False,295,0,0.00,null,null,null,null,null,null,null,5744.27,P Finnie Serum clmn TEST 2_GD1_01_66705,875.49872:550184 876.50339:323950 877.50805:67784,null,2093750,2105546,2103258,2085877,2097107.75092187,9063.6985326116
296,10.453,875.71143,no MS2: TG 52:5|TG 8:0_8:0_36:5,[M+Na]+,null,1.00,False,13.969,875.70990,C55H96O6,TG,OXXCYSJBSYMWQA-UHFFFAOYSA-N,O=C(OCC(OC(=O)CCCCCCC)COC(=O)CCCCCCCCCCCCCCCCCCCC=CCC=CCC=CCC=CCC=CCC)CCCCCCC,530,False,True,False,Normalized unit: Intensity; Annotation method: Msp20260116160945_NCDK_conventional_converted_dev_1,False,False,296,0,0.00,1.00,null,null,null,-1.00,-1.00,-0.143,1050.35,P Finnie Serum clmn TEST 3_GD1_01_66706,875.71027:141786 876.71493:82576 877.71960:23938,null,1366005,1381983,1394860,1407851,1387674.91648438,17894.9206068421
297,10.731,876.79926,no MS2: TG 52:2|TG 8:0_8:0_36:2,[M+NH4]+,null,1.00,False,14.765,876.80151,C55H102O6,TG,RNPAKTRKCHCWDH-UHFFFAOYSA-N,O=C(OCC(OC(=O)CCCCCCC)COC(=O)CCCCCCCCCCCCCCCCCCCCCCCC=CCC=CCCCCCCC)CCCCCCC,530,False,True,False,Normalized unit: Intensity; Annotation method: Msp20260116160945_NCDK_conventional_converted_dev_1,False,False,297,0,0.00,1.00,null,null,null,-1.00,-1.00,-0.143,321.73,P Finnie Serum clmn TEST 4_GD1_01_66707,876.80182:80450 877.80649:48518 878.81115:13920,null,489875,500330,477714,488385,489075.877171875,9253.44035452617
298,11.637,876.80182,no MS2: TG 52:2|TG 8:0_8:0_36:2,[M+NH4]+,null,1.00,False,14.765,876.80151,C55H102O6,TG,RNPAKTRKCHCWDH-UHFFFAOYSA-N,O=C(OCC(OC(=O)CCCCCCC)COC(=O)CCCCCCCCCCCCCCCCCCCCCCCC=CCC=CCCCCCCC)CCCCCCC,530,False,True,False,Normalized unit: Intensity; Annotation method: Msp20260116160945_NCDK_conventional_converted_dev_1,False,False,298,0,0.00,1.00,null,null,null,-1.00,-1.00,-0.143,109411.10,P Finnie Serum clmn TEST 2_GD1_01_66705,876.80182:12747206 877.80649:9491602 878.81115:2903114,null,62760797,64269422,63500663,63785467,63579087.3020937,631110.878149264
299,11.650,876.96393,Unknown,[M+H]+,null,1.00,False,null,null,null,null,null,null,999,False,False,False,Normalized unit: Intensity,False,False,299,0,0.00,null,null,null,null,null,null,null,2493.10,P Finnie Serum clmn TEST 2_GD1_01_66705,876.96393:249710 877.96860:163584 878.97326:15420,null,1176854,1186483,1165288,1152901,1170381.1611875,14521.9893559187
300,11.637,877.09198,Unknown,[M+H]+,null,1.00,False,null,null,null,null,null,null,999,False,False,False,Normalized unit: Intensity,False,False,300,0,0.00,null,null,null,null,null,null,null,2010.57,P Finnie Serum clmn TEST 2_GD1_01_66705,877.09198:230816 878.09665:164990 879.10132:18806,null,1018788,1077326,1020411,1035649,1038043.43840625,27267.4295775016
301,11.633,877.23694,Unknown,[M+H]+,null,1.00,False,null,null,null,null,null,null,999,False,False,False,Normalized unit: Intensity,False,False,301,0,0.00,null,null,null,null,null,null,null,647.73,P Finnie Serum clmn TEST 4_GD1_01_66707,877.23694:117354 878.24161:54738 879.24627:0,null,307997,308714,309870,309709,309072.752015624,880.59678801594
302,11.637,877.51611,Unknown,[M+H]+,null,1.00,False,null,null,null,null,null,null,999,False,False,False,Normalized unit: Intensity,False,False,302,0,0.00,null,null,null,null,null,null,null,956.26,P Finnie Serum clmn TEST 1_GD1_01_66704,877.51611:494550 878.52078:294400 879.52545:41218,null,1900057,1913166,1888711,1847805,1887434.52951562,28246.2101692585
303,10.835,877.72546,no MS2: TG 52:4|TG 8:0_8:0_36:4,[M+Na]+,null,1.00,False,14.237,877.72559,C55H98O6,TG,TVCXNLFXLACFHK-UHFFFAOYSA-N,O=C(OCC(OC(=O)CCCCCCC)COC(=O)CCCCCCCCCCCCCCCCCCCCCCC=CCC=CCC=CCC=CCC)CCCCCCC,530,False,True,False,Normalized unit: Intensity; Annotation method: Msp20260116160945_NCDK_conventional_converted_dev_1,False,False,303,0,0.00,1.00,null,null,null,-1.00,-1.00,-0.143,2448.93,P Finnie Serum clmn TEST 2_GD1_01_66705,877.72546:542472 878.73013:315912 879.73480:95830,null,3041155,3164933,3121020,3148028,3118784.00535938,54821.5628436268
304,7.782,878.70074,no MS2: PC O-44:5|PC O-16:0_28:5,[M+H]+,null,1.00,False,12.917,878.69971,C52H96NO7P,EtherPC,NKGFQIYBEVOJQB-UHFFFAOYSA-N,O=C(OC(COCCCCCCCCCCCCCCCC)COP(=O)([O-])OCC[N+](C)(C)C)CCCCCCCCCCCC=CCC=CCC=CCC=CCC=CCC,530,False,True,False,Normalized unit: Intensity; Annotation method: Msp20260116160945_NCDK_conventional_converted_dev_1,False,False,304,0,0.00,1.00,null,null,null,-1.00,-1.00,-0.143,107.95,P Finnie Serum clmn TEST 4_GD1_01_66707,878.69983:92220 879.70450:52272 880.70916:16636,null,372513,383789,364423,359985,370177.557671875,10451.9281553613
305,12.054,878.81573,no MS2: TG 52:1|TG 8:0_8:0_36:1,[M+NH4]+,null,1.00,False,15.104,878.81708,C55H104O6,TG,SQUKIHAMTAEABK-UHFFFAOYSA-N,O=C(OCC(OC(=O)CCCCCCC)COC(=O)CCCCCCCCCCCCCCCCCCCCCCCC=CCCCCCCCCCC)CCCCCCC,530,False,True,False,Normalized unit: Intensity; Annotation method: Msp20260116160945_NCDK_conventional_converted_dev_1,False,False,305,0,0.00,1.00,null,null,null,-1.00,-1.00,-0.143,5788.20,P Finnie Serum clmn TEST 4_GD1_01_66707,878.81738:2178236 879.82205:1439104 880.82672:484102,null,7073728,7170555,6988316,6967173,7049942.97921874,92667.3373846825
306,11.264,879.74036,no MS2: TG 52:3|TG 8:0_8:0_36:3,[M+Na]+,null,1.00,False,14.469,879.74121,C55H100O6,TG,SMVJWGZQUSFCNG-UHFFFAOYSA-N,O=C(OCC(OC(=O)CCCCCCC)COC(=O)CCCCCCCCCCCCCCCCCCCCC=CCC=CCC=CCCCCCCC)CCCCCCC,530,False,True,False,Normalized unit: Intensity; Annotation method: Msp20260116160945_NCDK_conventional_converted_dev_1,False,False,306,0,0.00,1.00,null,null,null,-1.00,-1.00,-0.145,961.34,P Finnie Serum clmn TEST 3_GD1_01_66706,879.74036:476028 880.74502:284450 881.74969:81170,null,2909600,2831455,2938939,2796159,2869038.28285937,66471.3841910941
307,12.379,880.83044,no MS2: TG 52:0|TG 8:0_8:0_36:0,[M+NH4]+,null,1.00,False,15.344,880.83282,C55H106O6,TG,BSJPVRXTJVRYDO-UHFFFAOYSA-N,O=C(OCC(OC(=O)CCCCCCC)COC(=O)CCCCCCCCCCCCCCCCCCCCCCCCCCCCCCCCCCC)CCCCCCC,530,False,True,False,Normalized unit: Intensity; Annotation method: Msp20260116160945_NCDK_conventional_converted_dev_1,False,False,307,0,0.00,1.00,null,null,null,-1.00,-1.00,-0.144,88.20,P Finnie Serum clmn TEST 4_GD1_01_66707,880.83234:185466 881.83700:111632 882.84167:30460,null,508146,508864,509484,498838,506332.923687501,5026.73792347047
308,11.616,881.75757,no MS2: TG 52:2|TG 8:0_8:0_36:2,[M+Na]+,null,1.00,False,14.765,881.75690,C55H102O6,TG,RNPAKTRKCHCWDH-UHFFFAOYSA-N,O=C(OCC(OC(=O)CCCCCCC)COC(=O)CCCCCCCCCCCCCCCCCCCCCCCC=CCC=CCCCCCCC)CCCCCCC,530,False,True,False,Normalized unit: Intensity; Annotation method: Msp20260116160945_NCDK_conventional_converted_dev_1,False,False,308,0,0.00,1.00,null,null,null,-1.00,-1.00,-0.144,381.40,P Finnie Serum clmn TEST 2_GD1_01_66705,881.75629:400502 882.76095:235084 883.76562:67718,null,1976705,2037057,2038144,2080983,2033222.4504375,42872.7093778868
309,12.058,883.77283,no MS2: TG 52:1|TG 8:0_8:0_36:1,[M+Na]+,null,1.00,False,15.104,883.77252,C55H104O6,TG,SQUKIHAMTAEABK-UHFFFAOYSA-N,O=C(OCC(OC(=O)CCCCCCC)COC(=O)CCCCCCCCCCCCCCCCCCCCCCCC=CCCCCCCCCCC)CCCCCCC,530,False,True,False,Normalized unit: Intensity; Annotation method: Msp20260116160945_NCDK_conventional_converted_dev_1,False,False,309,0,0.00,1.00,null,null,null,-1.00,-1.00,-0.143,574.02,P Finnie Serum clmn TEST 4_GD1_01_66707,883.77283:226242 884.77749:132424 885.78216:39460,null,891269,912617,909722,897591,902799.785312499,10072.8044550611
310,11.078,886.78528,no MS2: TG 53:4|TG 8:0_9:0_36:4,[M+NH4]+,null,1.00,False,14.667,886.78583,C56H100O6,TG,DKDMJQMLAKSNCB-UHFFFAOYSA-N,O=C(OCC(OC(=O)CCCCCCCC)COC(=O)CCCCCCCCCCCCCCCCCCCCCCC=CCC=CCC=CCC=CCC)CCCCCCC,530,False,True,False,Normalized unit: Intensity; Annotation method: Msp20260116160945_NCDK_conventional_converted_dev_1,False,False,310,0,0.00,1.00,null,null,null,-1.00,-1.00,-0.144,1001.95,P Finnie Serum clmn TEST 2_GD1_01_66705,886.78528:94202 887.78995:72308 888.79461:26996,null,807149,828482,808657,830132,818604.945703125,12390.9363701775
311,11.451,888.80035,no MS2: TG 53:3|TG 8:0_9:0_36:3,[M+NH4]+,null,1.00,False,14.452,888.80151,C56H102O6,TG,PROAZUBDFFEGFS-UHFFFAOYSA-N,O=C(OCC(OC(=O)CCCCCCCC)COC(=O)CCCCCCCCCCCCCCCCCCCCC=CCC=CCC=CCCCCCCC)CCCCCCC,530,False,True,False,Normalized unit: Intensity; Annotation method: Msp20260116160945_NCDK_conventional_converted_dev_1,False,False,311,0,0.00,1.00,null,null,null,-1.00,-1.00,-0.143,1536.49,P Finnie Serum clmn TEST 4_GD1_01_66707,888.80182:142584 889.80649:189804 890.81115:91776,null,1241568,1250470,1229909,1243837,1241445.8029375,8568.7830933262
312,10.766,888.80121,no MS2: TG 53:3|TG 8:0_9:0_36:3,[M+NH4]+,null,1.00,False,14.452,888.80151,C56H102O6,TG,PROAZUBDFFEGFS-UHFFFAOYSA-N,O=C(OCC(OC(=O)CCCCCCCC)COC(=O)CCCCCCCCCCCCCCCCCCCCC=CCC=CCC=CCCCCCCC)CCCCCCC,530,False,True,False,Normalized unit: Intensity; Annotation method: Msp20260116160945_NCDK_conventional_converted_dev_1,False,False,312,0,0.00,1.00,null,null,null,-1.00,-1.00,-0.143,1051.89,P Finnie Serum clmn TEST 4_GD1_01_66707,888.80121:152320 889.80588:89002 890.81054:29216,null,629213,653136,640096,645237,641920.38046875,10026.5067275232
313,11.841,890.81561,no MS2: TG 53:2|TG 8:0_8:1_37:1,[M+NH4]+,null,1.00,False,15.003,890.81708,C56H104O6,TG,PYYLIQYOBHNTCW-UHFFFAOYSA-N,O=C(OCC(OC(=O)CCC=CCCC)COC(=O)CCCCCCCCCCCCCCCCCCCCCCCCC=CCCCCCCCCCC)CCCCCCC,530,False,True,False,Normalized unit: Intensity; Annotation method: Msp20260116160945_NCDK_conventional_converted_dev_1,False,False,313,0,0.00,1.00,null,null,null,-1.00,-1.00,-0.143,1074.87,P Finnie Serum clmn TEST 4_GD1_01_66707,890.81732:138948 891.82199:169894 892.82666:75404,null,857142,885435,849354,841516,858361.83653125,19142.8129098318
314,11.616,892.83234,no MS2: TG 53:1|TG 8:0_8:0_37:1,[M+NH4]+,null,1.00,False,15.399,892.83282,C56H106O6,TG,BMWFTUMDRGAGKC-UHFFFAOYSA-N,O=C(OCC(OC(=O)CCCCCCC)COC(=O)CCCCCCCCCCCCCCCCCCCCCCCCC=CCCCCCCCCCC)CCCCCCC,530,False,True,False,Normalized unit: Intensity; Annotation method: Msp20260116160945_NCDK_conventional_converted_dev_1,False,False,314,0,0.00,1.00,null,null,null,-1.00,-1.00,-0.144,92.13,P Finnie Serum clmn TEST 4_GD1_01_66707,892.83234:113378 893.83700:64688 894.84167:18822,null,405671,413171,411995,422587,413355.785578124,6980.00166428992
315,10.818,893.69983,no MS2: DG 55:10,[M+K]+,null,1.00,False,13.426,893.69928,C58H94O5,DG,NBDAMURSQTXDDU-UHFFFAOYSA-N,O=C(OCC(OC(=O)CCCCCCC=CCC=CCC=CCC=CCC=CCC=CCC=CCC=CCC=CCC=CCC)CO)CCCCCCCCCCCCCCCC,530,False,True,False,Normalized unit: Intensity; Annotation method: Msp20260116160945_NCDK_conventional_converted_dev_1,False,False,315,0,0.00,1.00,null,null,null,-1.00,-1.00,-0.143,439.94,P Finnie Serum clmn TEST 3_GD1_01_66706,893.69940:110654 894.70407:64620 895.70874:24208,null,520992,537845,523785,532198,528705.070359375,7733.55839055329
316,10.037,894.75421,no MS2: TG 54:7|TG 8:0_8:0_38:7,[M+NH4]+,null,1.00,False,13.258,894.75452,C57H96O6,TG,VGEWCLLUPAZUPL-UHFFFAOYSA-N,O=C(OCC(OC(=O)CCCCCCC)COC(=O)CCCCCCCCCCCCCCCC=CCC=CCC=CCC=CCC=CCC=CCC=CCC)CCCCCCC,530,False,True,False,Normalized unit: Intensity; Annotation method: Msp20260116160945_NCDK_conventional_converted_dev_1,False,False,316,0,0.00,1.00,null,null,null,-1.00,-1.00,-0.143,204.90,P Finnie Serum clmn TEST 3_GD1_01_66706,894.75433:155738 895.75900:118976 896.76367:40236,null,1030818,990153,972282,984756,994502.296359375,25340.7228081552
317,10.449,896.76917,no MS2: TG 54:6|TG 8:0_8:0_38:6,[M+NH4]+,null,1.00,False,13.776,896.77020,C57H98O6,TG,MPJPHTZTJJUBFS-UHFFFAOYSA-N,O=C(OCC(OC(=O)CCCCCCC)COC(=O)CCCCCCCCCCCCCCCCCCC=CCC=CCC=CCC=CCC=CCC=CCC)CCCCCCC,530,False,True,False,Normalized unit: Intensity; Annotation method: Msp20260116160945_NCDK_conventional_converted_dev_1,False,False,317,0,0.00,1.00,null,null,null,-1.00,-1.00,-0.143,3174.98,P Finnie Serum clmn TEST 3_GD1_01_66706,896.77008:804866 897.77475:773918 898.77942:343642,null,5231237,4916791,4973943,4935564,5014383.6245625,146512.263787648
318,10.696,896.77057,no MS2: TG 54:6|TG 8:0_8:0_38:6,[M+NH4]+,null,1.00,False,13.776,896.77020,C57H98O6,TG,MPJPHTZTJJUBFS-UHFFFAOYSA-N,O=C(OCC(OC(=O)CCCCCCC)COC(=O)CCCCCCCCCCCCCCCCCCC=CCC=CCC=CCC=CCC=CCC=CCC)CCCCCCC,530,False,True,False,Normalized unit: Intensity; Annotation method: Msp20260116160945_NCDK_conventional_converted_dev_1,False,False,318,0,0.00,1.00,null,null,null,-1.00,-1.00,-0.143,1276.89,P Finnie Serum clmn TEST 4_GD1_01_66707,896.77057:553640 897.77524:363432 898.77990:114132,null,2877608,2956941,2914926,2973753,2930806.97740625,43242.3558435367
319,11.108,898.78467,no MS2: TG 54:5|TG 8:0_8:0_38:5,[M+NH4]+,null,1.00,False,14.112,898.78583,C57H100O6,TG,QEUNXFKXMXOSEM-UHFFFAOYSA-N,O=C(OCC(OC(=O)CCCCCCC)COC(=O)CCCCCCCCCCCCCCCCCCCCCC=CCC=CCC=CCC=CCC=CCC)CCCCCCC,530,False,True,False,Normalized unit: Intensity; Annotation method: Msp20260116160945_NCDK_conventional_converted_dev_1,False,False,319,0,0.00,1.00,null,null,null,-1.00,-1.00,-0.145,9615.30,P Finnie Serum clmn TEST 3_GD1_01_66706,898.78503:1024692 899.78970:686958 900.79437:239034,null,4415553,4553531,4535642,4398389,4475778.69329687,80094.1799537688
320,10.870,898.78485,no MS2: TG 54:5|TG 8:0_8:0_38:5,[M+NH4]+,null,1.00,False,14.112,898.78583,C57H100O6,TG,QEUNXFKXMXOSEM-UHFFFAOYSA-N,O=C(OCC(OC(=O)CCCCCCC)COC(=O)CCCCCCCCCCCCCCCCCCCCCC=CCC=CCC=CCC=CCC=CCC)CCCCCCC,530,False,True,False,Normalized unit: Intensity; Annotation method: Msp20260116160945_NCDK_conventional_converted_dev_1,False,False,320,0,0.00,1.00,null,null,null,-1.00,-1.00,-0.143,36775.56,P Finnie Serum clmn TEST 3_GD1_01_66706,898.78546:3419656 899.79013:2630848 900.79480:954076,null,18676821,18407126,17737223,17741129,18140574.5785,476395.961679621
321,11.264,900.79980,no MS2: TG 54:4|TG 8:0_8:0_38:4,[M+NH4]+,null,1.00,False,14.090,900.80151,C57H102O6,TG,SDHHDMYGROQKNA-UHFFFAOYSA-N,O=C(OCC(OC(=O)CCCCCCC)COC(=O)CCCCCCCCCCCCCCCCCCCCCCCCC=CCC=CCC=CCC=CCC)CCCCCCC,530,False,True,False,Normalized unit: Intensity; Annotation method: Msp20260116160945_NCDK_conventional_converted_dev_1,False,False,321,0,0.00,0.99,null,null,null,-1.00,-1.00,-0.146,47769.11,P Finnie Serum clmn TEST 3_GD1_01_66706,900.80054:5537072 901.80520:4843138 902.80987:1869378,null,26502834,26614713,26733065,26404794,26563851.527125,141706.773702233
322,11.254,900.96912,Unknown,[M+H]+,null,0.25,False,null,null,null,null,null,null,999,False,False,False,Normalized unit: Intensity,False,False,322,0,0.00,null,null,null,null,null,null,null,831.71,P Finnie Serum clmn TEST 4_GD1_01_66707,900.96912:92874 901.97378:67692 902.97845:6974,null,266448,279281,277080,305786,282148.610890625,16724.7351321473
323,11.260,901.08972,Unknown,[M+H]+,null,1.00,False,null,null,null,null,null,null,999,False,False,False,Normalized unit: Intensity,False,False,323,0,0.00,null,null,null,null,null,null,null,828.45,P Finnie Serum clmn TEST 2_GD1_01_66705,901.08972:103590 902.09439:92328 903.09906:7664,null,325090,341418,313598,330967,327768.246593749,11612.1656825088
324,11.264,901.52417,Unknown,[M+H]+,null,1.00,False,null,null,null,null,null,null,999,False,False,False,Normalized unit: Intensity,False,False,324,0,0.00,null,null,null,null,null,null,null,746.91,P Finnie Serum clmn TEST 2_GD1_01_66705,901.52417:144116 902.52884:106808 903.53351:9790,null,490419,511938,465839,476792,486246.903734374,19860.6215313009
325,10.453,901.72485,no MS2: TG 54:6|TG 8:0_8:0_38:6,[M+Na]+,null,1.00,False,13.776,901.72559,C57H98O6,TG,MPJPHTZTJJUBFS-UHFFFAOYSA-N,O=C(OCC(OC(=O)CCCCCCC)COC(=O)CCCCCCCCCCCCCCCCCCC=CCC=CCC=CCC=CCC=CCC=CCC)CCCCCCC,530,False,True,False,Normalized unit: Intensity; Annotation method: Msp20260116160945_NCDK_conventional_converted_dev_1,False,False,325,0,0.00,1.00,null,null,null,-1.00,-1.00,-0.143,309.70,P Finnie Serum clmn TEST 3_GD1_01_66706,901.72595:153362 902.73062:91252 903.73529:27946,null,1241104,1202051,1210751,1217140,1217761.64482813,16745.256974265
326,11.620,901.79639,no MS2: SL 53:1;O2|SL 17:1;O/36:0;O,[M+H]+,null,1.00,False,13.403,901.80011,C53H105NO6S,SL,NCGZLJNHILSLNJ-UHFFFAOYSA-N,O=C(N(CC(O)C=CCCCCCCCCCCCC)CS(=O)(=O)O)C(O)CCCCCCCCCCCCCCCCCCCCCCCCCCCCCCCCCC,530,False,True,False,Normalized unit: Intensity; Annotation method: Msp20260116160945_NCDK_conventional_converted_dev_1,False,False,326,0,0.00,0.98,null,null,null,-1.00,-1.00,-0.152,251.75,P Finnie Serum clmn TEST 4_GD1_01_66707,901.79840:161536 902.80307:0 903.80774:2369366,null,1018541,1045332,1022819,1014654,1025336.1915625,13741.2040133306
327,10.766,902.81616,no MS2: TG 54:3|TG 8:0_8:0_38:3,[M+NH4]+,null,1.00,False,14.407,902.81708,C57H104O6,TG,RCSKZUBNPPWQCB-UHFFFAOYSA-N,O=C(OCC(OC(=O)CCCCCCC)COC(=O)CCCCCCCCCCCCCCCCCCCCCCC=CCC=CCC=CCCCCCCC)CCCCCCC,530,False,True,False,Normalized unit: Intensity; Annotation method: Msp20260116160945_NCDK_conventional_converted_dev_1,False,False,327,0,0.00,1.00,null,null,null,-1.00,-1.00,-0.143,504.75,P Finnie Serum clmn TEST 3_GD1_01_66706,902.81708:242674 903.82175:155152 904.82641:47730,null,879051,917978,900112,899263,899100.960968749,15910.0962029738
328,11.668,902.81653,no MS2: TG 54:3|TG 8:0_8:0_38:3,[M+NH4]+,null,1.00,False,14.407,902.81708,C57H104O6,TG,RCSKZUBNPPWQCB-UHFFFAOYSA-N,O=C(OCC(OC(=O)CCCCCCC)COC(=O)CCCCCCCCCCCCCCCCCCCCCCC=CCC=CCC=CCCCCCCC)CCCCCCC,530,False,True,False,Normalized unit: Intensity; Annotation method: Msp20260116160945_NCDK_conventional_converted_dev_1,False,False,328,0,0.00,1.00,null,null,null,-1.00,-1.00,-0.144,10624.50,P Finnie Serum clmn TEST 2_GD1_01_66705,902.81653:3535564 903.82120:2515368 904.82586:882100,null,25054969,25607172,25366909,24853533,25220645.6961719,333174.516250715
329,11.668,902.98254,Unknown,[M+H]+,null,1.00,False,null,null,null,null,null,null,999,False,False,False,Normalized unit: Intensity,False,False,329,0,0.00,null,null,null,null,null,null,null,940.30,P Finnie Serum clmn TEST 2_GD1_01_66705,902.98254:75630 903.98721:28156 904.99188:0,null,372803,377693,364395,361180,369017.861500001,7580.23341175824
330,11.668,903.11005,Unknown,[M+H]+,null,1.00,False,null,null,null,null,null,null,999,False,False,False,Normalized unit: Intensity,False,False,330,0,0.00,null,null,null,null,null,null,null,767.13,P Finnie Serum clmn TEST 4_GD1_01_66707,903.11005:73658 904.11471:39722 905.11938:1518,null,328749,333541,329088,381739,343279.020531251,25732.8942314017
331,11.668,903.54370,Unknown,[M+H]+,null,1.00,False,null,null,null,null,null,null,999,False,False,False,Normalized unit: Intensity,False,False,331,0,0.00,null,null,null,null,null,null,null,742.56,P Finnie Serum clmn TEST 4_GD1_01_66707,903.54370:86704 904.54837:41220 905.55304:1572,null,465069,480347,473937,484161,475878.510718751,8350.25281712737
332,11.096,903.74255,no MS2: TG 54:5|TG 8:0_8:0_38:5,[M+Na]+,null,0.75,False,14.112,903.74121,C57H100O6,TG,QEUNXFKXMXOSEM-UHFFFAOYSA-N,O=C(OCC(OC(=O)CCCCCCC)COC(=O)CCCCCCCCCCCCCCCCCCCCCC=CCC=CCC=CCC=CCC=CCC)CCCCCCC,530,False,True,False,Normalized unit: Intensity; Annotation method: Msp20260116160945_NCDK_conventional_converted_dev_1,False,False,332,0,0.00,0.99,null,null,null,-1.00,-1.00,-0.146,174.86,P Finnie Serum clmn TEST 2_GD1_01_66705,903.74017:148010 904.74484:91164 905.74951:29116,null,523027,555057,592361,568465,559727.551890624,28925.6412093619
333,10.852,903.74298,no MS2: TG 54:5|TG 8:0_8:0_38:5,[M+Na]+,null,1.00,False,14.112,903.74121,C57H100O6,TG,QEUNXFKXMXOSEM-UHFFFAOYSA-N,O=C(OCC(OC(=O)CCCCCCC)COC(=O)CCCCCCCCCCCCCCCCCCCCCC=CCC=CCC=CCC=CCC=CCC)CCCCCCC,530,False,True,False,Normalized unit: Intensity; Annotation method: Msp20260116160945_NCDK_conventional_converted_dev_1,False,False,333,0,0.00,1.00,null,null,null,-1.00,-1.00,-0.143,615.31,P Finnie Serum clmn TEST 3_GD1_01_66706,903.74078:210188 904.74545:127876 905.75012:36572,null,1321046,1350702,1306550,1367934,1336557.78654688,27842.4916924637
334,5.424,904.59137,no MS2: PI 38:4,[M+NH4]+,null,1.00,False,8.453,904.59100,C47H83O13P,PI,DLTKHZSJDRZTDM-UHFFFAOYSA-N,O=C(OCC(OC(=O)CCCCCCCCCCCCCCCCCCC=CCC=CCC=CCC=CCC)COP(=O)(O)OC1C(O)C(O)C(O)C(O)C1O)CCCCC,530,False,True,False,Normalized unit: Intensity; Annotation method: Msp20260116160945_NCDK_conventional_converted_dev_1,False,False,334,0,0.00,1.00,null,null,null,-1.00,-1.00,-0.143,262.95,P Finnie Serum clmn TEST 1_GD1_01_66704,904.59106:184764 905.59573:97240 906.60040:28594,null,493500,581613,555400,553168,545920.324171875,37256.8814187425
335,12.058,904.83124,no MS2: TG 54:2|TG 8:0_8:0_38:2,[M+NH4]+,null,1.00,False,14.863,904.83282,C57H106O6,TG,CJABAEYPPMEUSO-UHFFFAOYSA-N,O=C(OCC(OC(=O)CCCCCCC)COC(=O)CCCCCCCCCCCCCCCCCCCCCCCCCC=CCC=CCCCCCCC)CCCCCCC,530,False,True,False,Normalized unit: Intensity; Annotation method: Msp20260116160945_NCDK_conventional_converted_dev_1,False,False,335,0,0.00,1.00,null,null,null,-1.00,-1.00,-0.143,759.11,P Finnie Serum clmn TEST 4_GD1_01_66707,904.83282:1576536 905.83749:1521704 906.84216:644870,null,6023657,5987208,5780218,5745303,5884096.34959375,141613.870643269
336,11.303,905.75604,no MS2: TG 54:4|TG 8:0_8:0_38:4,[M+Na]+,null,1.00,False,14.090,905.75690,C57H102O6,TG,SDHHDMYGROQKNA-UHFFFAOYSA-N,O=C(OCC(OC(=O)CCCCCCC)COC(=O)CCCCCCCCCCCCCCCCCCCCCCCCC=CCC=CCC=CCC=CCC)CCCCCCC,530,False,True,False,Normalized unit: Intensity; Annotation method: Msp20260116160945_NCDK_conventional_converted_dev_1,False,False,336,0,0.00,1.00,null,null,null,-1.00,-1.00,-0.145,1448.73,P Finnie Serum clmn TEST 3_GD1_01_66706,905.75604:250372 906.76071:162896 907.76538:46112,null,1834338,1825944,1894203,1866404,1855222.02235938,31293.6018791349
337,12.379,906.84589,no MS2: TG 54:1|TG 8:0_8:0_38:1,[M+NH4]+,null,1.00,False,15.126,906.84839,C57H108O6,TG,LELWTXMKFFCBDE-UHFFFAOYSA-N,O=C(OCC(OC(=O)CCCCCCC)COC(=O)CCCCCCCCCCCCCCCCCCCCCCCCCC=CCCCCCCCCCC)CCCCCCC,530,False,True,False,Normalized unit: Intensity; Annotation method: Msp20260116160945_NCDK_conventional_converted_dev_1,False,False,337,0,0.00,0.99,null,null,null,-1.00,-1.00,-0.145,383.37,P Finnie Serum clmn TEST 4_GD1_01_66707,906.84747:284060 907.85214:273658 908.85681:122830,null,831389,814262,807246,809516,815603.343843752,10922.293485527
338,12.062,909.78693,no MS2: TG 54:2|TG 8:0_8:0_38:2,[M+Na]+,null,1.00,False,14.863,909.78821,C57H106O6,TG,CJABAEYPPMEUSO-UHFFFAOYSA-N,O=C(OCC(OC(=O)CCCCCCC)COC(=O)CCCCCCCCCCCCCCCCCCCCCCCCCC=CCC=CCCCCCCC)CCCCCCC,530,False,True,False,Normalized unit: Intensity; Annotation method: Msp20260116160945_NCDK_conventional_converted_dev_1,False,False,338,0,0.00,1.00,null,null,null,-1.00,-1.00,-0.143,493.55,P Finnie Serum clmn TEST 4_GD1_01_66707,909.78839:150878 910.79306:95182 911.79773:27958,null,875816,863646,853450,859834,863186.502015624,9411.95022436855
339,10.835,914.81671,no MS2: TG 55:4|TG 8:0_9:0_38:4,[M+NH4]+,null,1.00,False,14.310,914.81708,C58H104O6,TG,PARRZFOYIANCKA-UHFFFAOYSA-N,O=C(OCC(OC(=O)CCCCCCCC)COC(=O)CCCCCCCCCCCCCCCCCCCCCCCCC=CCC=CCC=CCC=CCC)CCCCCCC,530,False,True,False,Normalized unit: Intensity; Annotation method: Msp20260116160945_NCDK_conventional_converted_dev_1,False,False,339,0,0.00,1.00,null,null,null,-1.00,-1.00,-0.143,312.14,P Finnie Serum clmn TEST 4_GD1_01_66707,914.81671:265010 915.82138:167046 916.82605:52506,null,1306047,1336026,1311771,1361444,1328821.83104688,25334.3382776142
340,11.254,915.81152,no MS2: RIKEN P-VS1 ID-15692 from Mouse_Adipose_WT_N_F1,[M+H]+,null,0.50,False,14.190,915.81299,null,Unknown,null,null,530,False,True,False,Normalized unit: Intensity; Annotation method: Msp20260116160945_NCDK_conventional_converted_dev_1,False,False,340,0,0.00,1.00,null,null,null,-1.00,-1.00,-0.131,214.00,P Finnie Serum clmn TEST 4_GD1_01_66707,915.81390:111314 916.81857:0 917.82324:0,null,480841,497633,529654,516657,506196.087078125,21415.8653055413
341,11.459,915.81165,no MS2: RIKEN P-VS1 ID-15692 from Mouse_Adipose_WT_N_F1,[M+H]+,null,1.00,False,14.190,915.81299,null,Unknown,null,null,530,False,True,False,Normalized unit: Intensity; Annotation method: Msp20260116160945_NCDK_conventional_converted_dev_1,False,False,341,0,0.00,1.00,null,null,null,-1.00,-1.00,-0.129,187.12,P Finnie Serum clmn TEST 4_GD1_01_66707,915.81329:141048 916.81796:82994 917.82263:25002,null,931300,924001,912028,911277,919651.429968749,9709.77991004292
342,11.841,917.82709,no MS2: SL 54:0;O2|SL 18:0;O/36:0;O,[M+NH4]+,null,1.00,False,13.738,917.83142,C54H109NO6S,SL,ZCFCOQUQAMEYLD-UHFFFAOYSA-N,O=C(N(CC(O)CCCCCCCCCCCCCCC)CS(=O)(=O)O)C(O)CCCCCCCCCCCCCCCCCCCCCCCCCCCCCCCCCC,530,False,True,False,Normalized unit: Intensity; Annotation method: Msp20260116160945_NCDK_conventional_converted_dev_1,False,False,342,0,0.00,0.96,null,null,null,-1.00,-1.00,-0.163,104.29,P Finnie Serum clmn TEST 4_GD1_01_66707,917.82880:123894 918.83346:72288 919.83813:21248,null,733715,764363,734145,756363,747146.573875,15607.4777179349
343,11.616,918.84729,no MS2: TG 55:2|TG 8:0_9:0_38:2,[M+NH4]+,null,1.00,False,14.880,918.84839,C58H108O6,TG,QJFPJRKLXUEYEO-UHFFFAOYSA-N,O=C(OCC(OC(=O)CCCCCCCC)COC(=O)CCCCCCCCCCCCCCCCCCCCCCCCCC=CCC=CCCCCCCC)CCCCCCC,530,False,True,False,Normalized unit: Intensity; Annotation method: Msp20260116160945_NCDK_conventional_converted_dev_1,False,False,343,0,0.00,0.99,null,null,null,-1.00,-1.00,-0.146,738.18,P Finnie Serum clmn TEST 4_GD1_01_66707,918.84729:256682 919.85196:152670 920.85663:49494,null,1031322,1061070,1051998,1077900,1055572.58909375,19404.2642154875
344,10.488,920.76917,no MS2: TG 56:8|TG 8:0_10:0_38:8,[M+NH4]+,null,1.00,False,13.038,920.77020,C59H98O6,TG,IGKHUCZLFYVCFZ-UHFFFAOYSA-N,O=C(OCC(OC(=O)CCCCCCCCC)COC(=O)CCCCCCCCCCCCC=CCC=CCC=CCC=CCC=CCC=CCC=CCC=CCC)CCCCCCC,530,False,True,False,Normalized unit: Intensity; Annotation method: Msp20260116160945_NCDK_conventional_converted_dev_1,False,False,344,0,0.00,1.00,null,null,null,-1.00,-1.00,-0.143,752.63,P Finnie Serum clmn TEST 3_GD1_01_66706,920.77032:119524 921.77499:92364 922.77966:37910,null,583882,575869,573385,552287,571355.573406251,13478.6491538987
345,12.054,920.86115,no MS2: TG 55:1|TG 8:0_9:0_38:1,[M+NH4]+,null,1.00,False,15.267,920.86407,C58H110O6,TG,XHPHQGFNMJDKEK-UHFFFAOYSA-N,O=C(OCC(OC(=O)CCCCCCCC)COC(=O)CCCCCCCCCCCCCCCCCCCCCCCCCC=CCCCCCCCCCC)CCCCCCC,530,False,True,False,Normalized unit: Intensity; Annotation method: Msp20260116160945_NCDK_conventional_converted_dev_1,False,False,345,0,0.00,0.99,null,null,null,-1.00,-1.00,-0.149,690.84,P Finnie Serum clmn TEST 4_GD1_01_66707,920.86267:116430 921.86734:70948 922.87201:21242,null,458394,453216,455439,451896,454736.115718749,2842.92423654493
346,11.324,921.73029,no MS2: DG 57:10,[M+K]+,null,0.25,False,13.320,921.73059,C60H98O5,DG,QSELURWXGAKXTF-UHFFFAOYSA-N,O=C(OCC(OC(=O)CCCCCCC=CCC=CCC=CCC=CCC=CCC=CCC=CCC=CCC=CCC=CCC)CO)CCCCCCCCCCCCCCCCCC,530,False,True,False,Normalized unit: Intensity; Annotation method: Msp20260116160945_NCDK_conventional_converted_dev_1,False,False,346,0,0.00,1.00,null,null,null,-1.00,-1.00,-0.143,241.19,P Finnie Serum clmn TEST 3_GD1_01_66706,921.73029:66744 922.73495:38342 923.73962:13996,null,459009,458366,484128,464158,466415.111046875,12089.941092956
347,10.037,921.76471,no MS2: SL 55:5;O2|SL 19:1;O/36:4;O,[M+NH4]+,null,1.00,False,13.272,921.76880,C55H101NO6S,SL,FBCFMOCCCVHUEZ-UHFFFAOYSA-N,O=C(N(CC(O)C=CCCCCCCCCCCCCCC)CS(=O)(=O)O)C(O)CCCCCCCCCCCCCCCCCCCCCC=CCC=CCC=CCC=CCC,530,False,True,False,Normalized unit: Intensity; Annotation method: Msp20260116160945_NCDK_conventional_converted_dev_1,False,False,347,0,0.00,0.97,null,null,null,-1.00,-1.00,-0.158,622.10,P Finnie Serum clmn TEST 4_GD1_01_66707,921.76654:152960 922.77121:100340 923.77588:34162,null,914631,853361,863557,866235,874445.974749999,27358.09344795
348,10.696,922.78534,no MS2: RIKEN P-VS1 ID-15887 from Mouse_SmallIntestine_WT_N_F1AA,[M+H]+,null,1.00,False,15.040,922.78387,null,Unknown,null,null,530,False,True,False,Normalized unit: Intensity; Annotation method: Msp20260116160945_NCDK_conventional_converted_dev_1,False,False,348,0,0.00,1.00,null,null,null,-1.00,-1.00,-0.130,3246.91,P Finnie Serum clmn TEST 1_GD1_01_66704,922.78473:408704 923.78940:432778 924.79406:210344,null,1930730,1978922,1854079,1946701,1927607.9205,52959.086861249
349,10.904,922.78595,no MS2: RIKEN P-VS1 ID-15887 from Mouse_SmallIntestine_WT_N_F1AA,[M+H]+,null,1.00,False,15.040,922.78387,null,Unknown,null,null,530,False,True,False,Normalized unit: Intensity; Annotation method: Msp20260116160945_NCDK_conventional_converted_dev_1,False,False,349,0,0.00,1.00,null,null,null,-1.00,-1.00,-0.129,2457.04,P Finnie Serum clmn TEST 1_GD1_01_66704,922.78442:363928 923.78909:312284 924.79376:152484,null,1542568,1596613,1554533,1553423,1561784.2831875,23838.0716959108
350,10.453,923.78015,no MS2: SL 55:4;O2|SL 19:1;O/36:3;O,[M+NH4]+,null,1.00,False,13.115,923.78442,C55H103NO6S,SL,RKMJEAHFPKCJPX-UHFFFAOYSA-N,O=C(N(CC(O)C=CCCCCCCCCCCCCCC)CS(=O)(=O)O)C(O)CCCCCCCCCCCCCCCCCCCC=CCC=CCC=CCCCCCCC,530,False,True,False,Normalized unit: Intensity; Annotation method: Msp20260116160945_NCDK_conventional_converted_dev_1,False,False,350,0,0.00,0.98,null,null,null,-1.00,-1.00,-0.155,4738.15,P Finnie Serum clmn TEST 4_GD1_01_66707,923.78235:443072 924.78702:281998 925.79168:87650,null,3423644,3318859,3325379,3354392,3355568.39217188,47939.8599266759
351,11.108,924.80219,no MS2: TG 56:6|TG 8:0_10:0_38:6,[M+NH4]+,null,1.00,False,13.927,924.80151,C59H102O6,TG,NBELXFIZZACUET-UHFFFAOYSA-N,O=C(OCC(OC(=O)CCCCCCCCC)COC(=O)CCCCCCCCCCCCCCCCCCC=CCC=CCC=CCC=CCC=CCC=CCC)CCCCCCC,530,False,True,False,Normalized unit: Intensity; Annotation method: Msp20260116160945_NCDK_conventional_converted_dev_1,False,False,351,0,0.00,1.00,null,null,null,-1.00,-1.00,-0.144,3127.39,P Finnie Serum clmn TEST 4_GD1_01_66707,924.80219:561282 925.80685:526442 926.81152:234950,null,3692964,3707753,3602114,3712635,3678866.39957812,51847.4279155738
352,11.251,925.79541,no MS2: SL 55:3;O2|SL 19:1;O/36:2;O,[M+NH4]+,null,1.00,False,13.086,925.80011,C55H105NO6S,SL,BJQQWDMWCSIMCW-UHFFFAOYSA-N,O=C(N(CC(O)C=CCCCCCCCCCCCCCC)CS(=O)(=O)O)C(O)CCCCCCCCCCCCCCCCCCCCCCC=CCC=CCCCCCCC,530,False,True,False,Normalized unit: Intensity; Annotation method: Msp20260116160945_NCDK_conventional_converted_dev_1,False,False,352,0,0.00,0.99,null,null,null,-1.00,-1.00,-0.150,5213.54,P Finnie Serum clmn TEST 4_GD1_01_66707,925.79852:597436 926.80319:368536 927.80786:537448,null,3094488,2867444,3053503,2829231,2961166.38478125,132276.922168228
353,11.563,926.81543,no MS2: TG 56:5|TG 8:0_10:0_38:5,[M+NH4]+,null,1.00,False,14.139,926.81708,C59H104O6,TG,PSNIIMQPZCNEHN-UHFFFAOYSA-N,O=C(OCC(OC(=O)CCCCCCCCC)COC(=O)CCCCCCCCCCCCCCCCCCCCCC=CCC=CCC=CCC=CCC=CCC)CCCCCCC,530,False,True,False,Normalized unit: Intensity; Annotation method: Msp20260116160945_NCDK_conventional_converted_dev_1,False,False,353,0,0.00,1.00,null,null,null,-1.00,-1.00,-0.143,1072.25,P Finnie Serum clmn TEST 4_GD1_01_66707,926.81732:224942 927.82199:197698 928.82666:77748,null,1015965,1020093,1000754,982237,1004762.07532813,17165.6009809788
354,11.078,929.75867,no MS2: TG 56:6|TG 8:0_10:0_38:6,[M+Na]+,null,1.00,False,13.927,929.75690,C59H102O6,TG,NBELXFIZZACUET-UHFFFAOYSA-N,O=C(OCC(OC(=O)CCCCCCCCC)COC(=O)CCCCCCCCCCCCCCCCCCC=CCC=CCC=CCC=CCC=CCC=CCC)CCCCCCC,530,False,True,False,Normalized unit: Intensity; Annotation method: Msp20260116160945_NCDK_conventional_converted_dev_1,False,False,354,0,0.00,1.00,null,null,null,-1.00,-1.00,-0.144,232.10,P Finnie Serum clmn TEST 3_GD1_01_66706,929.75635:85120 930.76102:54448 931.76568:13596,null,468386,497643,498885,505529,492610.83496875,16517.0584269013
355,12.058,930.84277,no MS2: TG 56:3|TG 8:0_10:0_38:3,[M+NH4]+,null,1.00,False,14.826,930.84839,C59H108O6,TG,NOVXGRSLICIXCX-UHFFFAOYSA-N,O=C(OCC(OC(=O)CCCCCCCCC)COC(=O)CCCCCCCCCCCCCCCCCCCCCCC=CCC=CCC=CCCCCCCC)CCCCCCC,530,False,True,False,Normalized unit: Intensity; Annotation method: Msp20260116160945_NCDK_conventional_converted_dev_1,False,False,355,0,0.00,0.91,null,null,null,-1.00,-1.00,-0.188,520.70,P Finnie Serum clmn TEST 4_GD1_01_66707,930.84436:117940 931.84903:545474 932.85370:342098,null,642240,673058,626201,645506,646751.490109375,19461.6630494611
356,11.616,932.86249,no MS2: TG 56:2|TG 8:0_10:0_38:2,[M+NH4]+,null,1.00,False,14.958,932.86407,C59H110O6,TG,RKKOGNQHZJLVOB-UHFFFAOYSA-N,O=C(OCC(OC(=O)CCCCCCCCC)COC(=O)CCCCCCCCCCCCCCCCCCCCCCCCCC=CCC=CCCCCCCC)CCCCCCC,530,False,True,False,Normalized unit: Intensity; Annotation method: Msp20260116160945_NCDK_conventional_converted_dev_1,False,False,356,0,0.00,1.00,null,null,null,-1.00,-1.00,-0.143,344.45,P Finnie Serum clmn TEST 4_GD1_01_66707,932.86444:439940 933.86911:290460 934.87378:102176,null,1925230,1927135,1940262,1960073,1938174.96270312,16055.2058235727
357,12.379,933.85864,Unknown,[M+H]+,null,1.00,False,null,null,null,null,null,null,999,False,False,False,Normalized unit: Intensity,False,False,357,0,0.00,null,null,null,null,null,null,null,172.43,P Finnie Serum clmn TEST 2_GD1_01_66705,933.85864:251436 934.86331:147020 935.86798:42628,null,794710,793296,770702,769835,782135.922718752,13719.749100529
358,11.290,942.84540,no MS2: TG 57:4|TG 8:0_11:0_38:4,[M+NH4]+,null,1.00,False,14.442,942.84839,C60H108O6,TG,BCEMOFYPGIXNDL-UHFFFAOYSA-N,O=C(OCC(OC(=O)CCCCCCCCCC)COC(=O)CCCCCCCCCCCCCCCCCCCCCCCCC=CCC=CCC=CCC=CCC)CCCCCCC,530,False,True,False,Normalized unit: Intensity; Annotation method: Msp20260116160945_NCDK_conventional_converted_dev_1,False,False,358,0,0.00,1.00,null,null,null,-1.00,-1.00,-0.144,768.35,P Finnie Serum clmn TEST 4_GD1_01_66707,942.84772:105462 943.85239:68440 944.85705:28400,null,796490,781539,749606,778320,776488.913328125,19592.3559986548
359,12.058,946.87732,no MS2: TG 57:2|TG 8:0_11:0_38:2,[M+NH4]+,null,1.00,False,14.872,946.87970,C60H112O6,TG,WWYDDGQTUMZLBC-UHFFFAOYSA-N,O=C(OCC(OC(=O)CCCCCCCCCC)COC(=O)CCCCCCCCCCCCCCCCCCCCCCCCCC=CCC=CCCCCCCC)CCCCCCC,530,False,True,False,Normalized unit: Intensity; Annotation method: Msp20260116160945_NCDK_conventional_converted_dev_1,False,False,359,0,0.00,0.99,null,null,null,-1.00,-1.00,-0.146,678.07,P Finnie Serum clmn TEST 4_GD1_01_66707,946.87866:80398 947.88333:49270 948.88800:20292,null,392665,393675,381535,387545,388855.3535,5569.07100869379
360,10.479,947.78119,no MS2: RIKEN P-VS1 ID-16565 from Mouse_Plasma_ApoEKO_N_F1EPA,[M+H]+,null,1.00,False,14.280,947.78271,null,Unknown,null,null,530,False,True,False,Normalized unit: Intensity; Annotation method: Msp20260116160945_NCDK_conventional_converted_dev_1,False,False,360,0,0.00,1.00,null,null,null,-1.00,-1.00,-0.129,637.70,P Finnie Serum clmn TEST 3_GD1_01_66706,947.78241:131578 948.78708:79874 949.79175:25698,null,940675,906463,879675,890489,904325.354890626,26614.5656510235
361,10.870,949.79700,no MS2: SL 57:5;O2|SL 21:1;O/36:4;O,[M+NH4]+,null,1.00,False,12.860,949.80011,C57H105NO6S,SL,MHJQFWSYPXADHY-UHFFFAOYSA-N,O=C(N(CC(O)C=CCCCCCCCCCCCCCCCC)CS(=O)(=O)O)C(O)CCCCCCCCCCCCCCCCCCCCCC=CCC=CCC=CCC=CCC,530,False,True,False,Normalized unit: Intensity; Annotation method: Msp20260116160945_NCDK_conventional_converted_dev_1,False,False,361,0,0.00,0.99,null,null,null,-1.00,-1.00,-0.146,1435.82,P Finnie Serum clmn TEST 4_GD1_01_66707,949.79907:167502 950.80374:107914 951.80841:35252,null,1414952,1424571,1378159,1404756,1405609.30259375,20009.0698409965
362,10.696,949.79736,no MS2: SL 57:5;O2|SL 21:1;O/36:4;O,[M+NH4]+,null,1.00,False,12.860,949.80011,C57H105NO6S,SL,MHJQFWSYPXADHY-UHFFFAOYSA-N,O=C(N(CC(O)C=CCCCCCCCCCCCCCCCC)CS(=O)(=O)O)C(O)CCCCCCCCCCCCCCCCCCCCCC=CCC=CCC=CCC=CCC,530,False,True,False,Normalized unit: Intensity; Annotation method: Msp20260116160945_NCDK_conventional_converted_dev_1,False,False,362,0,0.00,0.96,null,null,null,-1.00,-1.00,-0.161,1225.87,P Finnie Serum clmn TEST 3_GD1_01_66706,949.79755:187664 950.80221:114294 951.80688:37398,null,886047,916748,896317,925069,906045.3155625,17990.8560718411
363,11.269,951.81195,no MS2: RIKEN P-VS1 ID-16649 from Mouse_Testis_WT_N_Ctr,[M+H]+,null,1.00,False,13.960,951.81598,null,Unknown,null,null,530,False,True,False,Normalized unit: Intensity; Annotation method: Msp20260116160945_NCDK_conventional_converted_dev_1,False,False,363,0,0.00,0.99,null,null,null,-1.00,-1.00,-0.135,460.65,P Finnie Serum clmn TEST 4_GD1_01_66707,951.81433:182832 952.81900:115458 953.82367:48590,null,1161389,1134683,1133719,1136372,1141540.81807812,13277.27128995
364,11.078,951.81427,no MS2: RIKEN P-VS1 ID-16649 from Mouse_Testis_WT_N_Ctr,[M+H]+,null,1.00,False,13.960,951.81598,null,Unknown,null,null,530,False,True,False,Normalized unit: Intensity; Annotation method: Msp20260116160945_NCDK_conventional_converted_dev_1,False,False,364,0,0.00,0.98,null,null,null,-1.00,-1.00,-0.136,250.13,P Finnie Serum clmn TEST 4_GD1_01_66707,951.81427:190568 952.81894:114362 953.82361:37988,null,1089909,1479766,1471499,1475408,1379145.59767187,192853.777372965
365,10.453,952.83215,no MS2: TG 58:6|TG 8:0_12:0_38:6,[M+NH4]+,null,1.00,False,14.356,952.83282,C61H106O6,TG,XAGZYHYDHZLUPF-UHFFFAOYSA-N,O=C(OCC(OC(=O)CCCCCCCCCCC)COC(=O)CCCCCCCCCCCCCCCCCCC=CCC=CCC=CCC=CCC=CCC=CCC)CCCCCCC,530,False,True,False,Normalized unit: Intensity; Annotation method: Msp20260116160945_NCDK_conventional_converted_dev_1,False,False,365,0,0.00,1.00,null,null,null,-1.00,-1.00,-0.143,110.68,P Finnie Serum clmn TEST 3_GD1_01_66706,952.83319:81282 953.83786:56792 954.84253:20644,null,601115,557478,560930,569056,572144.497546875,19913.9486308567
366,11.563,953.82672,no MS2: RIKEN P-VS1 ID-16694 from Mouse_Testis_WT_N_Ctr,[M+H]+,null,1.00,False,14.180,953.82617,null,Unknown,null,null,530,False,True,False,Normalized unit: Intensity; Annotation method: Msp20260116160945_NCDK_conventional_converted_dev_1,False,False,366,0,0.00,1.00,null,null,null,-1.00,-1.00,-0.129,236.65,P Finnie Serum clmn TEST 1_GD1_01_66704,953.82672:179614 954.83139:112520 955.83606:34182,null,1239571,1238139,1205501,1209485,1223174.0138125,18189.0006235851
367,10.852,954.84766,no MS2: TG 58:5|TG 8:0_12:0_38:5,[M+NH4]+,null,1.00,False,14.590,954.84839,C61H108O6,TG,PCGCRHWKJJUQJE-UHFFFAOYSA-N,O=C(OCC(OC(=O)CCCCCCCCCCC)COC(=O)CCCCCCCCCCCCCCCCCCCCCC=CCC=CCC=CCC=CCC=CCC)CCCCCCC,530,False,True,False,Normalized unit: Intensity; Annotation method: Msp20260116160945_NCDK_conventional_converted_dev_1,False,False,367,0,0.00,1.00,null,null,null,-1.00,-1.00,-0.143,432.26,P Finnie Serum clmn TEST 2_GD1_01_66705,954.84808:157150 955.85275:98578 956.85742:45626,null,915827,899473,908975,886074,902587.359531251,12890.1185793553
368,11.286,956.86285,no MS2: TG 58:4|TG 8:0_12:0_38:4,[M+NH4]+,null,1.00,False,14.820,956.86407,C61H110O6,TG,UZBDRFLVTNRQRD-UHFFFAOYSA-N,O=C(OCC(OC(=O)CCCCCCCCCCC)COC(=O)CCCCCCCCCCCCCCCCCCCCCCCCC=CCC=CCC=CCC=CCC)CCCCCCC,530,False,True,False,Normalized unit: Intensity; Annotation method: Msp20260116160945_NCDK_conventional_converted_dev_1,False,False,368,0,0.00,0.99,null,null,null,-1.00,-1.00,-0.145,365.84,P Finnie Serum clmn TEST 4_GD1_01_66707,956.86505:183524 957.86972:125746 958.87439:48576,null,1324674,1299961,1308534,1284010,1304294.73921875,16966.036063045
369,11.635,958.88049,no MS2: TG 58:3|TG 8:0_12:0_38:3,[M+NH4]+,null,0.25,False,15.255,958.87970,C61H112O6,TG,GPJLDOHEVQBDQL-UHFFFAOYSA-N,O=C(OCC(OC(=O)CCCCCCCCCCC)COC(=O)CCCCCCCCCCCCCCCCCCCCCCC=CCC=CCC=CCCCCCCC)CCCCCCC,530,False,True,False,Normalized unit: Intensity; Annotation method: Msp20260116160945_NCDK_conventional_converted_dev_1,False,False,369,0,0.00,1.00,null,null,null,-1.00,-1.00,-0.145,830.67,P Finnie Serum clmn TEST 4_GD1_01_66707,958.88049:69124 959.88516:41582 960.88983:30570,null,313399,313742,605511,636511,467290.843234375,177951.795636482
370,12.058,960.89404,no MS2: TG 58:2|TG 8:0_12:0_38:2,[M+NH4]+,null,1.00,False,15.547,960.89539,C61H114O6,TG,IEQINIXYBNTBLE-UHFFFAOYSA-N,O=C(OCC(OC(=O)CCCCCCCCCCC)COC(=O)CCCCCCCCCCCCCCCCCCCCCCCCCC=CCC=CCCCCCCC)CCCCCCC,530,False,True,False,Normalized unit: Intensity; Annotation method: Msp20260116160945_NCDK_conventional_converted_dev_1,False,False,370,0,0.00,1.00,null,null,null,-1.00,-1.00,-0.143,96.33,P Finnie Serum clmn TEST 4_GD1_01_66707,960.89545:139642 961.90011:89172 962.90478:34016,null,680121,652233,638983,652280,655904.041421875,17314.7274505923
371,1.184,991.67053,no MS2: TG 62:17|TG 15:4_15:4_32:9,[2M+H]+,null,0.25,False,13.131,991.67859,C65H92O6,TG,UFOXRNXLLJBQLM-UHFFFAOYSA-N,O=C(OCC(OC(=O)CC=CCC=CCC=CCC=CCC)COC(=O)CCCC=CCC=CCC=CCC=CCC=CCC=CCC=CCC=CCC=CCC)CC=CCC=CCC=CCC=CCC,530,False,True,False,Normalized unit: Intensity; Annotation method: Msp20260116160945_NCDK_conventional_converted_dev_1,False,False,371,0,0.00,0.72,null,null,null,-1.00,-1.00,-0.283,211.02,P Finnie Serum clmn TEST 1_GD1_01_66704,991.67053:145096 992.67520:77730 993.67987:20476,null,481481,74,246,128,120482.2404375,240665.661115747
372,1.572,991.67145,no MS2: TG 62:17|TG 15:4_15:4_32:9,[M+Na]+,null,0.75,False,13.131,991.67859,C65H92O6,TG,UFOXRNXLLJBQLM-UHFFFAOYSA-N,O=C(OCC(OC(=O)CC=CCC=CCC=CCC=CCC)COC(=O)CCCC=CCC=CCC=CCC=CCC=CCC=CCC=CCC=CCC=CCC)CC=CCC=CCC=CCC=CCC,530,False,True,False,Normalized unit: Intensity; Annotation method: Msp20260116160945_NCDK_conventional_converted_dev_1,False,False,372,0,0.00,0.84,null,null,null,-1.00,-1.00,-0.224,796.90,P Finnie Serum clmn TEST 4_GD1_01_66707,991.67267:610042 992.67734:326186 993.68200:97272,null,157,1394798,1347795,1339148,1020474.41685937,680650.883611234
373,11.113,991.91962,Unknown,[M+H]+,null,0.75,False,null,null,null,null,null,null,999,False,False,False,Normalized unit: Intensity,False,False,373,0,0.00,null,null,null,null,null,null,null,308.85,P Finnie Serum clmn TEST 2_GD1_01_66705,991.91962:112698 992.92428:91568 993.92895:29848,null,256679,284647,270274,282712,273577.881843749,12941.3831412059
374,11.694,993.93506,Unknown,[M+H]+,null,1.00,False,null,null,null,null,null,null,999,False,False,False,Normalized unit: Intensity,False,False,374,0,0.00,null,null,null,null,null,null,null,1124.92,P Finnie Serum clmn TEST 2_GD1_01_66705,993.93506:246764 994.93973:186776 995.94439:64124,null,812634,850930,838656,842027,836061.877171879,16454.33355939
375,1.572,1013.65472,no MS2: RIKEN P-VS1 ID-17726 from Mouse_Muscle_WT_CTX1_Ctr,[2M+Na]+,null,0.75,False,6.220,1013.65289,null,Unknown,null,null,530,False,True,False,Normalized unit: Intensity; Annotation method: Msp20260116160945_NCDK_conventional_converted_dev_1,False,False,375,0,0.00,1.00,null,null,null,-1.00,-1.00,-0.129,650.59,P Finnie Serum clmn TEST 2_GD1_01_66705,1013.65350:199214 1014.65817:103794 1015.66284:28750,null,124,384873,393118,398301,294103.91025,196064.500684931
376,11.173,1017.93854,Unknown,[M+H]+,null,1.00,False,null,null,null,null,null,null,999,False,False,False,Normalized unit: Intensity,False,False,376,0,0.00,null,null,null,null,null,null,null,2750.72,P Finnie Serum clmn TEST 4_GD1_01_66707,1017.93854:424788 1018.94321:353498 1019.94787:127512,null,1708992,1827752,1862862,1853608,1813303.6431875,71110.9436893225
377,11.685,1019.95099,Unknown,[M+H]+,null,1.00,False,null,null,null,null,null,null,999,False,False,False,Normalized unit: Intensity,False,False,377,0,0.00,null,null,null,null,null,null,null,6331.63,P Finnie Serum clmn TEST 2_GD1_01_66705,1019.95099:666542 1020.95566:526670 1021.96032:204926,null,2202880,2417694,2410796,2421256,2363156.30000001,106939.340778445
378,11.112,1237.15442,no MS2: Cer 84:9;O4|Cer 18:2;O2/66:7;O2,[M+H-H2O]+,null,1.00,False,16.457,1237.15588,C84H151NO5,Cer_EOS,OODFOTNOEDMCBY-UHFFFAOYSA-N,O=C(OCCC=CCC=CCC=CCC=CCC=CCC=CCCCCCCCCCCCCCCCCCCC(=O)NC(CO)C(O)C=CCCC=CCCCCCCCCC)CCCCCCCCCCCCCCCCCCCCCCCCCCC,530,False,True,False,Normalized unit: Intensity; Annotation method: Msp20260116160945_NCDK_conventional_converted_dev_1,False,False,378,0,0.00,1.00,null,null,null,-1.00,-1.00,-0.143,1596.97,P Finnie Serum clmn TEST 3_GD1_01_66706,1237.15527:183066 1238.15994:176554 1239.16461:76606,null,499410,483050,460634,478770,480465.965953124,15934.4083785898
379,11.702,1250.17468,Unknown,[M+H]+,null,1.00,False,null,null,null,null,null,null,999,False,False,False,Normalized unit: Intensity,False,False,379,0,0.00,null,null,null,null,null,null,null,2709.82,P Finnie Serum clmn TEST 2_GD1_01_66705,1250.17468:495030 1251.17935:470430 1252.18402:226832,null,1533375,1584867,1534024,1589693,1560489.73604688,30998.7503227339
380,11.112,1263.16968,no MS2: RIKEN P-VS1 ID-19263 from Mouse_Testis_fads2KO_N_Ctr,[M+H]+,null,1.00,False,14.350,1263.16809,null,Unknown,null,null,530,False,True,False,Normalized unit: Intensity; Annotation method: Msp20260116160945_NCDK_conventional_converted_dev_1,False,False,380,0,0.00,1.00,null,null,null,-1.00,-1.00,-0.130,5942.53,P Finnie Serum clmn TEST 2_GD1_01_66705,1263.16907:701460 1264.17374:652232 1265.17840:317674,null,1915790,1880716,1807081,1755089,1839669.093625,72330.2452128855
381,11.702,1267.20117,no MS2: RIKEN P-VS1 ID-19271 from Mouse_AdrenalGlands_fads2KO_N_Ctr,[M+H]+,null,1.00,False,14.700,1267.20154,null,Unknown,null,null,530,False,True,False,Normalized unit: Intensity; Annotation method: Msp20260116160945_NCDK_conventional_converted_dev_1,False,False,381,0,0.00,1.00,null,null,null,-1.00,-1.00,-0.129,18070.61,P Finnie Serum clmn TEST 2_GD1_01_66705,1267.20117:1571940 1268.20584:1508836 1269.21051:721394,null,4868990,4922930,4683244,4836387,4827887.77553127,102821.001953745
382,11.685,1276.19080,Unknown,[M+H]+,null,1.00,False,null,null,null,null,null,null,999,False,False,False,Normalized unit: Intensity,False,False,382,0,0.00,null,null,null,null,null,null,null,5615.23,P Finnie Serum clmn TEST 2_GD1_01_66705,1276.19080:630248 1277.19546:621952 1278.20013:289620,null,2074425,2119706,2040828,2118422,2088345.12317188,38034.1708176957
383,11.130,1289.18616,no MS2: RIKEN P-VS1 ID-19354 from Mouse_Liver_fads2KO_N_Ctr,[M+H]+,null,1.00,False,14.370,1289.18262,null,Unknown,null,null,530,False,True,False,Normalized unit: Intensity; Annotation method: Msp20260116160945_NCDK_conventional_converted_dev_1,False,False,383,0,0.00,0.99,null,null,null,-1.00,-1.00,-0.135,11528.52,P Finnie Serum clmn TEST 2_GD1_01_66705,1289.18481:1219396 1290.18948:1229646 1291.19415:563348,null,3164430,3081087,2996105,2911896,3038379.57359374,108777.636132648
384,11.685,1293.21655,no MS2: Cer 88:9;O4|Cer 22:2;O2/66:7;O2,[M+H-H2O]+,null,1.00,False,16.498,1293.21851,C88H159NO5,Cer_EOS,LKZDSMPBAUYSDE-UHFFFAOYSA-N,O=C(OCCC=CCC=CCC=CCC=CCC=CCC=CCCCCCCCCCCCCCCCCCCC(=O)NC(CO)C(O)C=CCCC=CCCCCCCCCCCCCC)CCCCCCCCCCCCCCCCCCCCCCCCCCC,530,False,True,False,Normalized unit: Intensity; Annotation method: Msp20260116160945_NCDK_conventional_converted_dev_1,False,False,384,0,0.00,1.00,null,null,null,-1.00,-1.00,-0.144,79000.75,P Finnie Serum clmn TEST 4_GD1_01_66707,1293.21924:5575976 1294.22391:5451006 1295.22857:2582372,null,18822730,19058563,18204273,18624590,18677539.1699688,361959.379557535
385,11.685,1293.41223,Unknown,[M+H]+,null,1.00,False,null,null,null,null,null,null,999,False,False,False,Normalized unit: Intensity,False,False,385,0,0.00,null,null,null,null,null,null,null,1104.17,P Finnie Serum clmn TEST 1_GD1_01_66704,1293.41223:131670 1294.41690:120564 1295.42157:36466,null,411204,406497,390037,392249,399996.694484377,10441.8879249184
386,11.685,1293.56482,Unknown,[M+2H]2+,null,1.00,False,null,null,null,null,null,null,999,False,False,False,Normalized unit: Intensity,False,False,386,0,0.00,null,null,null,null,null,null,null,1148.09,P Finnie Serum clmn TEST 2_GD1_01_66705,1293.56482:116440 1294.56949:114118 1295.57415:32232,null,317560,315197,305270,314546,313143.566203126,5406.12341291255
387,11.177,1298.18030,Unknown,[M+H]+,null,1.00,False,null,null,null,null,null,null,999,False,False,False,Normalized unit: Intensity,False,False,387,0,0.00,null,null,null,null,null,null,null,4068.44,P Finnie Serum clmn TEST 4_GD1_01_66707,1298.18030:338216 1299.18497:334868 1300.18963:163620,null,1306469,1276442,1282886,1282374,1287042.65395312,13277.3200506702
388,11.668,1302.20496,Unknown,[M+H]+,null,1.00,False,null,null,null,null,null,null,999,False,False,False,Normalized unit: Intensity,False,False,388,0,0.00,null,null,null,null,null,null,null,3574.79,P Finnie Serum clmn TEST 1_GD1_01_66704,1302.20496:299824 1303.20962:296262 1304.21429:148020,null,1017506,1002821,983929,1013449,1004426.35204688,15002.5690967909
389,10.731,1311.16931,no MS2: AHexCer 77:3;O3|AHexCer (O-28:0)13:1;O2/36:2;O,[M+H-H2O]+,null,1.00,False,15.110,1311.17749,C83H157NO10,AHexCer,WDJWRWUGWLUCMJ-UHFFFAOYSA-N,O=C(OCC1OC(OCC(NC(=O)C(O)CCCCCCCCCCCCCCCCCCCCCCC=CCC=CCCCCCCC)C(O)C=CCCCCCCCC)C(O)C(O)C1O)CCCCCCCCCCCCCCCCCCCCCCCCCCC,530,False,True,False,Normalized unit: Intensity; Annotation method: Msp20260116160945_NCDK_conventional_converted_dev_1,False,False,389,0,0.00,0.90,null,null,null,-1.00,-1.00,-0.194,1092.44,P Finnie Serum clmn TEST 4_GD1_01_66707,1311.17139:138842 1312.17605:139386 1313.18072:66754,null,424692,427411,407331,399982,414853.757390626,13319.4775722324
390,11.182,1315.20215,no MS2: RIKEN P-VS1 ID-19445 from Mouse_AdrenalGlands_fads2KO_N_Ctr,[M+H]+,null,1.00,False,14.420,1315.20972,null,Unknown,null,null,530,False,True,False,Normalized unit: Intensity; Annotation method: Msp20260116160945_NCDK_conventional_converted_dev_1,False,False,390,0,0.00,0.96,null,null,null,-1.00,-1.00,-0.148,197610.60,P Finnie Serum clmn TEST 4_GD1_01_66707,1315.20581:12206566 1316.21048:12197946 1317.21515:7767864,null,58119368,55906264,56474201,55527162,56506748.7053437,1143353.56527276
391,11.182,1315.39819,Unknown,[M+H]+,null,1.00,False,null,null,null,null,null,null,999,False,False,False,Normalized unit: Intensity,False,False,391,0,0.00,null,null,null,null,null,null,null,4492.89,P Finnie Serum clmn TEST 4_GD1_01_66707,1315.39819:276734 1316.40286:179808 1317.40753:94902,null,1160603,1123806,1074049,1168923,1131845.40207812,43230.9873788731
392,11.182,1315.55798,Unknown,[M+2H]2+,null,1.00,False,null,null,null,null,null,null,999,False,False,False,Normalized unit: Intensity,False,False,392,0,0.00,null,null,null,null,null,null,null,4343.62,P Finnie Serum clmn TEST 1_GD1_01_66704,1315.55798:240338 1316.56265:215914 1317.56732:127072,null,1058846,1020208,1012117,1009975,1025286.71879687,22802.6914659546
393,10.731,1316.12622,Unknown,[M+H]+,null,1.00,False,null,null,null,null,null,null,999,False,False,False,Normalized unit: Intensity,False,False,393,0,0.00,null,null,null,null,null,null,null,1159.50,P Finnie Serum clmn TEST 3_GD1_01_66706,1316.12622:92204 1317.13089:89506 1318.13556:43514,null,285149,303125,306947,297615,298209.14765625,9511.73583913683
394,11.177,1316.20544,Unknown,[M+2H]2+,null,1.00,False,null,null,null,null,null,null,999,False,False,False,Normalized unit: Intensity,False,False,394,0,0.00,null,null,null,null,null,null,null,202887.20,P Finnie Serum clmn TEST 4_GD1_01_66707,1316.20898:12197946 1317.21365:7767864 1318.21832:2396376,null,58078788,55935708,56442783,55427679,56471239.3060312,1149033.57467367
395,11.177,1317.20837,Unknown,[M+H]+,null,1.00,False,null,null,null,null,null,null,999,False,False,False,Normalized unit: Intensity,False,False,395,0,0.00,null,null,null,null,null,null,null,122134.90,P Finnie Serum clmn TEST 1_GD1_01_66704,1317.20837:7924924 1318.21304:2391132 1319.21771:557626,null,33741260,32182479,31963893,31111878,32249877.6764063,1096295.70956187
396,11.668,1319.23083,no MS2: RIKEN P-VS1 ID-19454 from Mouse_AdrenalGlands_fads2KO_N_Ctr,[M+H]+,null,1.00,False,14.750,1319.23706,null,Unknown,null,null,530,False,True,False,Normalized unit: Intensity; Annotation method: Msp20260116160945_NCDK_conventional_converted_dev_1,False,False,396,0,0.00,0.97,null,null,null,-1.00,-1.00,-0.140,66446.02,P Finnie Serum clmn TEST 4_GD1_01_66707,1319.23401:5279552 1320.23868:5078064 1321.24334:2545306,null,18673250,18193572,17071058,17461091,17849742.8926876,719671.800447547
397,11.668,1319.42920,Unknown,[M+H]+,null,1.00,False,null,null,null,null,null,null,999,False,False,False,Normalized unit: Intensity,False,False,397,0,0.00,null,null,null,null,null,null,null,1284.34,P Finnie Serum clmn TEST 1_GD1_01_66704,1319.42920:124198 1320.43387:122430 1321.43853:29856,null,346317,333574,318926,335572,333597.020062501,11268.2040212201
398,11.668,1319.58154,Unknown,[M+2H]2+,null,1.00,False,null,null,null,null,null,null,999,False,False,False,Normalized unit: Intensity,False,False,398,0,0.00,null,null,null,null,null,null,null,1333.16,P Finnie Serum clmn TEST 1_GD1_01_66704,1319.58154:114050 1320.58621:109814 1321.59088:26442,null,307842,298526,280514,289953,294208.494390626,11692.6994869714
399,11.230,1341.21545,no MS2: RIKEN P-VS1 ID-19537 from Mouse_AdrenalGlands_WT_N_Ctr,[M+H]+,null,1.00,False,14.480,1341.22034,null,Unknown,null,null,530,False,True,False,Normalized unit: Intensity; Annotation method: Msp20260116160945_NCDK_conventional_converted_dev_1,False,False,399,0,0.00,0.98,null,null,null,-1.00,-1.00,-0.136,1348.91,P Finnie Serum clmn TEST 4_GD1_01_66707,1341.21790:111062 1342.22256:116574 1343.22723:53204,null,413821,390699,383304,384940,393190.861734374,14114.4519393327
400,6.395,1342.92493,no MS2: RIKEN P-VS1 ID-19541 from Mouse_AdrenalGlands_fads2KO_N_Ctr,[M+H]+,null,0.75,False,9.910,1342.92664,null,Unknown,null,null,530,False,True,False,Normalized unit: Intensity; Annotation method: Msp20260116160945_NCDK_conventional_converted_dev_1,False,False,400,0,0.00,0.99,null,null,null,-1.00,-1.00,-0.132,1590.06,P Finnie Serum clmn TEST 2_GD1_01_66705,1342.92493:146420 1343.92959:136840 1344.93426:63340,null,110681,477606,475677,473107,384267.580453125,182400.613373459
401,8.888,1352.14685,no MS2: TG 87:12|TG 11:0_38:2_38:10,[M+Na]+,null,1.00,False,16.534,1352.14807,C90H152O6,TG,CYOYCULGPKWXLD-UHFFFAOYSA-N,O=C(OCC(OC(=O)CCCCCCCCCCCCCCCCCCCCCCCCCC=CCC=CCCCCCCC)COC(=O)CCCCCCCCCC)CCCCCCC=CCC=CCC=CCC=CCC=CCC=CCC=CCC=CCC=CCC=CCC,530,False,True,False,Normalized unit: Intensity; Annotation method: Msp20260116160945_NCDK_conventional_converted_dev_1,False,False,401,0,0.00,1.00,null,null,null,-1.00,-1.00,-0.144,839.29,P Finnie Serum clmn TEST 1_GD1_01_66704,1352.14722:94526 1353.15188:93324 1354.15655:40780,null,286478,298243,285822,283715,288564.59725,6559.34409574114
402,10.887,1363.19983,no MS2: RIKEN P-VS1 ID-19625 from Mouse_AdrenalGlands_WT_N_Ctr,[M+H]+,null,1.00,False,14.270,1363.20703,null,Unknown,null,null,530,False,True,False,Normalized unit: Intensity; Annotation method: Msp20260116160945_NCDK_conventional_converted_dev_1,False,False,402,0,0.00,0.93,null,null,null,-1.00,-1.00,-0.158,17451.14,P Finnie Serum clmn TEST 4_GD1_01_66707,1363.20203:2059242 1364.20669:2091190 1365.21136:1072992,null,6193728,6126224,5684805,5897690,5975611.63009373,231588.064974206
403,10.887,1368.15686,Unknown,[M+H]+,null,1.00,False,null,null,null,null,null,null,999,False,False,False,Normalized unit: Intensity,False,False,403,0,0.00,null,null,null,null,null,null,null,2305.21,P Finnie Serum clmn TEST 4_GD1_01_66707,1368.15686:224882 1369.16153:244726 1370.16620:119064,null,888324,904039,866726,928933,897005.525093747,26211.0968845848
404,6.395,1369.93445,no MS2: RIKEN P-VS1 ID-19652 from Mouse_Feces_WT_N_Ctr,[M+H]+,null,0.75,False,13.870,1369.92639,null,Unknown,null,null,530,False,True,False,Normalized unit: Intensity; Annotation method: Msp20260116160945_NCDK_conventional_converted_dev_1,False,False,404,0,0.00,0.84,null,null,null,-1.00,-1.00,-0.200,2233.56,P Finnie Serum clmn TEST 3_GD1_01_66706,1369.93445:159388 1370.93912:153236 1371.94378:75372,null,187836,556536,566877,549366,465153.74646875,185017.872366756
