,,,,,,,,,,,,,,,,,,,,,,,,,,,,,,,,,,Class,1,1,1,1,NA,NA
,,,,,,,,,,,,,,,,,,,,,,,,,,,,,,,,,,File type,Sample,Sample,Sample,Sample,NA,NA
,,,,,,,,,,,,,,,,,,,,,,,,,,,,,,,,,,Injection order,1,2,3,4,NA,NA
,,,,,,,,,,,,,,,,,,,,,,,,,,,,,,,,,,Batch ID,1,1,1,1,Average,Stdev
Alignment ID,Average Rt(min),Average Mz,Metabolite name,Adduct type,Post curation result,Fill %,MS/MS assigned,Reference RT,Reference m/z,Formula,Ontology,INCHIKEY,SMILES,Annotation tag (VS1.0),RT matched,m/z matched,MS/MS matched,Comment,Manually modified for quantification,Manually modified for annotation,Isotope tracking parent ID,Isotope tracking weight number,RT similarity,m/z similarity,Simple dot product,Weighted dot product,Reverse dot product,Matched peaks count,Matched peaks percentage,Total score,S/N average,Spectrum reference file name,MS1 isotopic spectrum,MS/MS spectrum,P Finnie Mix 4p4 clmn TEST 2_GC2_01_66699,P Finnie Mix 4p4 clmn TEST 3_GC2_01_66700,P Finnie Mix 4p4 clmn TEST 4_GC2_01_66701,P Finnie Mix 4p4 clmn TEST 5_GC2_01_66702,1,1
0,8.808,341.30396,Unknown,[M+H]+,null,1.00,False,null,null,null,null,null,null,999,False,False,False,Normalized unit: Intensity,False,False,0,0,0.00,null,null,null,null,null,null,null,1130.05,P Finnie Mix 4p4 clmn TEST 3_GC2_01_66700,341.30396:109204 342.30862:24110 343.31329:3750,null,315704,331585,329934,330719,326985.5211875,7551.23937111297
1,2.876,354.40863,Unknown,[M+H]+,null,0.75,False,null,null,null,null,null,null,999,False,False,False,Normalized unit: Intensity,False,False,1,0,0.00,null,null,null,null,null,null,null,4709.16,P Finnie Mix 4p4 clmn TEST 5_GC2_01_66702,354.40863:293540 355.41330:103276 356.41797:11836,null,1380,850907,842689,840566,633885.41915625,421693.817171338
2,2.331,354.40994,Unknown,[M+H]+,null,0.25,False,null,null,null,null,null,null,999,False,False,False,Normalized unit: Intensity,False,False,2,0,0.00,null,null,null,null,null,null,null,4977.76,P Finnie Mix 4p4 clmn TEST 2_GC2_01_66699,354.40994:174530 355.41461:47354 356.41928:5474,null,970300,1,73,1,242593.89934375,485137.466556901
3,8.821,367.33475,no MS2: ST 27:2;O,[M+H-H2O]+,null,1.00,False,7.592,367.33591,C27H44O,ST,AVSXSVCZWQODGV-UHFFFAOYSA-N,OC1CC2=CCC3C(CCC4(C)C(CCC34)C(C)CCC=C(C)C)C2(C)CC1,530,False,True,False,Normalized unit: Intensity; Annotation method: Msp20260116160945_NCDK_conventional_converted_dev_1,False,False,3,0,0.00,0.99,null,null,null,-1.00,-1.00,-0.147,55.64,P Finnie Mix 4p4 clmn TEST 2_GC2_01_66699,367.33530:120240 368.33996:37368 369.34463:408040,null,732300,770638,785415,770293,764661.46103125,22696.8236484085
4,6.991,369.35025,no MS2: RIKEN P-VS1 ID-2084 from Mouse_Plasma_ApoEKO_N_F1EPA,[M+H]+,null,1.00,False,15.240,369.34921,null,Unknown,null,null,530,False,True,False,Normalized unit: Intensity; Annotation method: Msp20260116160945_NCDK_conventional_converted_dev_1,False,False,4,0,0.00,0.99,null,null,null,-1.00,-1.00,-0.135,11.92,P Finnie Mix 4p4 clmn TEST 3_GC2_01_66700,369.35007:414806 370.35473:126208 371.35940:19558,null,2594847,2781974,2783540,2745716,2726519.23289063,89503.2714974232
5,8.813,369.35034,no MS2: RIKEN P-VS1 ID-2084 from Mouse_Plasma_ApoEKO_N_F1EPA,[M+H]+,null,1.00,False,15.240,369.34921,null,Unknown,null,null,530,False,True,False,Normalized unit: Intensity; Annotation method: Msp20260116160945_NCDK_conventional_converted_dev_1,False,False,5,0,0.00,0.98,null,null,null,-1.00,-1.00,-0.138,13.27,P Finnie Mix 4p4 clmn TEST 5_GC2_01_66702,369.35025:452154 370.35492:135580 371.35959:19438,null,2273474,2391331,2383559,2343957,2348080.40114063,53890.0607620295
6,11.185,369.35046,no MS2: RIKEN P-VS1 ID-2084 from Mouse_Plasma_ApoEKO_N_F1EPA,[M+H]+,null,1.00,False,15.240,369.34921,null,Unknown,null,null,530,False,True,False,Normalized unit: Intensity; Annotation method: Msp20260116160945_NCDK_conventional_converted_dev_1,False,False,6,0,0.00,0.97,null,null,null,-1.00,-1.00,-0.142,28.76,P Finnie Mix 4p4 clmn TEST 4_GC2_01_66701,369.35046:1001904 370.35513:275642 371.35980:38938,null,4185361,4287860,4457314,4331977,4315628.10253125,112668.876707321
7,11.688,369.35049,no MS2: ST 27:1;O,[M+H-H2O]+,null,1.00,False,8.638,369.35159,C27H46O,ST,HVYWMOMLDIMFJA-UHFFFAOYSA-N,OC1CC2=CCC3C(CCC4(C)C(CCC34)C(C)CCCC(C)C)C2(C)CC1,530,False,True,False,Normalized unit: Intensity; Annotation method: Msp20260116160945_NCDK_conventional_converted_dev_1,False,False,7,0,0.00,1.00,null,null,null,-1.00,-1.00,-0.143,41.30,P Finnie Mix 4p4 clmn TEST 3_GC2_01_66700,369.35168:1210742 370.35635:352406 371.36102:47542,null,6511942,6660646,7034529,7032329,6809861.54570312,265197.0479187
8,10.439,369.35065,no MS2: RIKEN P-VS1 ID-2084 from Mouse_Plasma_ApoEKO_N_F1EPA,[M+H]+,null,1.00,False,15.240,369.34921,null,Unknown,null,null,530,False,True,False,Normalized unit: Intensity; Annotation method: Msp20260116160945_NCDK_conventional_converted_dev_1,False,False,8,0,0.00,0.99,null,null,null,-1.00,-1.00,-0.133,24.04,P Finnie Mix 4p4 clmn TEST 5_GC2_01_66702,369.34991:889344 370.35458:248702 371.35925:36744,null,3541066,3837732,3654364,3750658,3695954.89289063,127558.423275116
9,6.582,369.35080,no MS2: RIKEN P-VS1 ID-2084 from Mouse_Plasma_ApoEKO_N_F1EPA,[M+H]+,null,1.00,False,15.240,369.34921,null,Unknown,null,null,530,False,True,False,Normalized unit: Intensity; Annotation method: Msp20260116160945_NCDK_conventional_converted_dev_1,False,False,9,0,0.00,0.97,null,null,null,-1.00,-1.00,-0.142,6.16,P Finnie Mix 4p4 clmn TEST 4_GC2_01_66701,369.35043:247570 370.35510:84050 371.35977:13042,null,1438603,1577839,1498776,1435971,1487797.23117187,66668.3857585993
10,8.826,491.46048,Unknown,[M+H]+,null,1.00,False,null,null,null,null,null,null,999,False,False,False,Normalized unit: Intensity,False,False,10,0,0.00,null,null,null,null,null,null,null,729.10,P Finnie Mix 4p4 clmn TEST 3_GC2_01_66700,491.46048:145476 492.46515:55252 493.46982:10380,null,700810,741172,740703,733782,729116.71065625,19171.2337104685
11,1.601,496.33945,no MS2: PC O-16:0|PC O-8:0_8:0,[M+H]+,null,0.75,False,5.632,496.33981,C24H50NO7P,EtherPC,GDMHMXIBVHRZGP-UHFFFAOYSA-N,O=C(OC(COCCCCCCCC)COP(=O)([O-])OCC[N+](C)(C)C)CCCCCCC,530,False,True,False,Normalized unit: Intensity; Annotation method: Msp20260116160945_NCDK_conventional_converted_dev_1,False,False,11,0,0.00,1.00,null,null,null,-1.00,-1.00,-0.144,813.92,P Finnie Mix 4p4 clmn TEST 3_GC2_01_66700,496.33945:263048 497.34411:66408 498.34878:11798,null,1888,714616,596799,564671,469493.221203125,318331.809036652
12,1.201,496.34030,no MS2: PC O-16:0|PC O-8:0_8:0,[M+H]+,null,0.25,False,5.632,496.33981,C24H50NO7P,EtherPC,GDMHMXIBVHRZGP-UHFFFAOYSA-N,O=C(OC(COCCCCCCCC)COP(=O)([O-])OCC[N+](C)(C)C)CCCCCCC,530,False,True,False,Normalized unit: Intensity; Annotation method: Msp20260116160945_NCDK_conventional_converted_dev_1,False,False,12,0,0.00,1.00,null,null,null,-1.00,-1.00,-0.145,611.06,P Finnie Mix 4p4 clmn TEST 2_GC2_01_66699,496.34030:109356 497.34497:28036 498.34964:5588,null,498349,874,724,238,125046.383796875,248868.8322248
13,6.409,537.53546,Unknown,[M+H]+,null,1.00,False,null,null,null,null,null,null,999,False,False,False,Normalized unit: Intensity,False,False,13,0,0.00,null,null,null,null,null,null,null,287.54,P Finnie Mix 4p4 clmn TEST 4_GC2_01_66701,537.53546:270228 538.54013:97354 539.54480:15754,null,1422039,2590734,2658390,2660897,2333014.97890625,608186.49505256
14,1.462,538.35095,no MS2: DMPE 19:0|DMPE 14:0_5:0,[M+H]+,null,0.75,False,6.318,538.35028,C26H52NO8P,DMPE,QIRNOKORVQUESQ-UHFFFAOYSA-N,O=C(OCC(OC(=O)CCCC)COP(=O)(O)OCCN(C)C)CCCCCCCCCCCCC,530,False,True,False,Normalized unit: Intensity; Annotation method: Msp20260116160945_NCDK_conventional_converted_dev_1,False,False,14,0,0.00,1.00,null,null,null,-1.00,-1.00,-0.143,55526.26,P Finnie Mix 4p4 clmn TEST 4_GC2_01_66701,538.35016:7871796 539.35483:2726254 540.35949:513570,null,14918,26556731,26132260,26193123,19724258.3033125,13140896.37067
15,1.462,538.48059,no MS2: CAR 26:1,[M+H]+,null,0.75,False,8.191,538.48297,C33H63NO4,CAR,IEXHCKQROJJVJL-UHFFFAOYSA-N,O=C([O-])CC(OC(=O)CCCCCCCCCCCCCCCC=CCCCCCCCC)C[N+](C)(C)C,530,False,True,False,Normalized unit: Intensity; Annotation method: Msp20260116160945_NCDK_conventional_converted_dev_1,False,False,15,0,0.00,0.91,null,null,null,-1.00,-1.00,-0.189,147.30,P Finnie Mix 4p4 clmn TEST 3_GC2_01_66700,538.48059:133308 539.48526:17892 540.48993:1514,null,176,335692,314551,320572,242747.712765625,161958.593882772
16,1.462,538.57758,Unknown,[M+H]+,null,0.75,False,null,null,null,null,null,null,999,False,False,False,Normalized unit: Intensity,False,False,16,0,0.00,null,null,null,null,null,null,null,1126.08,P Finnie Mix 4p4 clmn TEST 3_GC2_01_66700,538.57758:120570 539.58224:12368 540.58691:0,null,0,294944,275477,286854,214318.555453125,143102.002203408
17,1.462,538.90942,Unknown,[M+H]+,null,0.75,False,null,null,null,null,null,null,999,False,False,False,Normalized unit: Intensity,False,False,17,0,0.00,null,null,null,null,null,null,null,2116.54,P Finnie Mix 4p4 clmn TEST 3_GC2_01_66700,538.90942:307012 539.91409:45542 540.91876:1654,null,314,797185,768126,771896,584380.221203125,389591.215259655
18,8.821,540.47693,no MS2: SE 28:2/8:1,[M+NH4]+,null,1.00,False,12.310,540.47748,C36H58O2,BRSE,PJKYPVQDEZHKRL-UHFFFAOYSA-N,O=C(OC1CC2=CCC3C(CCC4(C)C(CCC34)C(C=CC(C)C(C)C)C)C2(C)CC1)CCC=CCCC,530,False,True,False,Normalized unit: Intensity; Annotation method: Msp20260116160945_NCDK_conventional_converted_dev_1,False,False,18,0,0.00,0.99,null,null,null,-1.00,-1.00,-0.145,673.90,P Finnie Mix 4p4 clmn TEST 3_GC2_01_66700,540.47693:137880 541.48160:53364 542.48626:11268,null,579249,624236,620426,617597,610376.703640625,20929.4472745512
19,6.986,541.46155,no MS2: NAGly 29:2;O2|NAGly 8:0;O(FA 21:1),[M+NH4]+,null,1.00,False,8.178,541.45752,C31H57NO5,NAGly,KAGNPJXTJFIRNG-UHFFFAOYSA-N,O=C(O)CNC(=O)CCCC(OC(=O)CCCCCCCCCC=CCCCCCCCCC)CCC,530,False,True,False,Normalized unit: Intensity; Annotation method: Msp20260116160945_NCDK_conventional_converted_dev_1,False,False,19,0,0.00,0.76,null,null,null,-1.00,-1.00,-0.261,820.89,P Finnie Mix 4p4 clmn TEST 5_GC2_01_66702,541.46149:204088 542.46615:76514 543.47082:14574,null,1148164,1253273,1244118,1229291,1218711.44751563,48058.7164448612
20,6.669,544.47284,no MS2: Cer 35:4;O3|Cer 13:0;O2/22:4;O,[M+H-H2O]+,null,1.00,False,8.416,544.47241,C35H63NO4,Cer_HDS,YWAXVFIDCWLHKS-UHFFFAOYSA-N,O=C(NC(CO)C(O)CCCCCCCCCC)C(O)CCCCCCCC=CCC=CCC=CCC=CCC,530,False,True,False,Normalized unit: Intensity; Annotation method: Msp20260116160945_NCDK_conventional_converted_dev_1,False,False,20,0,0.00,1.00,null,null,null,-1.00,-1.00,-0.143,670.86,P Finnie Mix 4p4 clmn TEST 5_GC2_01_66702,544.47235:163710 545.47702:63316 546.48169:11766,null,735242,835827,799323,752994,780846.318171875,45533.2534653502
21,6.665,549.42761,no MS2: BA 24:1;O3;G/6:0,[M+NH4]+,null,1.00,False,6.745,549.42621,C32H53NO5,GLCAE,SYPQNQVRVIZXSI-UHFFFAOYSA-N,O=C(O)CNC(=O)CCC(C)C1CCC2C3CCC4CC(OC(=O)CCCCC)CCC4(C)C3CCC12C,530,False,True,False,Normalized unit: Intensity; Annotation method: Msp20260116160945_NCDK_conventional_converted_dev_1,False,False,21,0,0.00,0.97,null,null,null,-1.00,-1.00,-0.159,187.35,P Finnie Mix 4p4 clmn TEST 5_GC2_01_66702,549.42761:128388 550.43228:47678 551.43695:10142,null,562161,619148,602519,612062,598972.394828125,25469.5945681921
22,8.795,549.46552,no MS2: VAE 18:2,[M+H]+,null,1.00,False,13.030,549.46661,C38H60O2,VAE,XJKITIOIYQCXQR-UHFFFAOYSA-N,O=C(OCC=C(C=CC=C(C=CC1=C(C)CCCC1(C)C)C)C)CCCCCCCC=CCC=CCCCCC,530,False,True,False,Normalized unit: Intensity; Annotation method: Msp20260116160945_NCDK_conventional_converted_dev_1,False,False,22,0,0.00,1.00,null,null,null,-1.00,-1.00,-0.143,170.10,P Finnie Mix 4p4 clmn TEST 3_GC2_01_66700,549.46655:98868 550.47122:37290 551.47589:30842,null,353710,384040,376765,385369,374970.8473125,14669.8097428534
23,6.578,557.45709,no MS2: NAGlySer 26:0;O,[M+H]+,null,1.00,False,8.313,557.45239,C31H60N2O6,NAGlySer,GBJCWKUBOQEHCA-UHFFFAOYSA-N,O=C(NC(C(=O)O)CO)CNC(=O)CC(O)CCCCCCCCCCCCCCCCCCCCCCC,530,False,True,False,Normalized unit: Intensity; Annotation method: Msp20260116160945_NCDK_conventional_converted_dev_1,False,False,23,0,0.00,0.73,null,null,null,-1.00,-1.00,-0.276,774.39,P Finnie Mix 4p4 clmn TEST 4_GC2_01_66701,557.45679:263900 558.46145:100564 559.46612:21174,null,897540,937717,917451,879941,908162.058609375,24960.11783809
24,6.986,558.48792,no MS2: Cer 36:4;O3|Cer 12:0;O2/24:4;O,[M+H-H2O]+,null,1.00,False,8.063,558.48810,C36H65NO4,Cer_HDS,AYICWSMDHURIRF-UHFFFAOYSA-N,O=C(NC(CO)C(O)CCCCCCCCC)C(O)CCCCCCCCCC=CCC=CCC=CCC=CCC,530,False,True,False,Normalized unit: Intensity; Annotation method: Msp20260116160945_NCDK_conventional_converted_dev_1,False,False,24,0,0.00,1.00,null,null,null,-1.00,-1.00,-0.143,973.67,P Finnie Mix 4p4 clmn TEST 3_GC2_01_66700,558.48792:1583412 559.49258:627714 560.49725:128526,null,7818154,8559763,8288336,8059086,8181334.55332813,317018.561880863
25,1.462,560.33148,no MS2: PC 18:0,[M+Na]+,null,0.75,False,6.185,560.33228,C26H52NO8P,PC,RRUAPWUSGRCXJR-UHFFFAOYSA-N,O=C(OCC(OC(=O)CCCC)COP(=O)([O-])OCC[N+](C)(C)C)CCCCCCCCCCCC,530,False,True,False,Normalized unit: Intensity; Annotation method: Msp20260116160945_NCDK_conventional_converted_dev_1,False,False,25,0,0.00,1.00,null,null,null,-1.00,-1.00,-0.144,1832.23,P Finnie Mix 4p4 clmn TEST 4_GC2_01_66701,560.33185:364226 561.33652:96564 562.34118:16860,null,579,1059311,1087701,1087178,808692.166109375,538905.376672892
26,6.982,563.44324,no MS2: NATau 28:1;O,[M+NH4]+,null,1.00,False,8.598,563.44519,C30H59NO5S,NATau,PPAXWBIIHAURHW-UHFFFAOYSA-N,O=C(NCCS(=O)(=O)O)CC(O)CCCCCCCCCCCCCC=CCCCCCCCCCC,530,False,True,False,Normalized unit: Intensity; Annotation method: Msp20260116160945_NCDK_conventional_converted_dev_1,False,False,26,0,0.00,0.97,null,null,null,-1.00,-1.00,-0.156,195.72,P Finnie Mix 4p4 clmn TEST 2_GC2_01_66699,563.44391:373986 564.44858:138224 565.45324:29256,null,2980197,3111889,3133001,3149217,3093576.13504688,77115.3280159782
27,8.804,563.48102,no MS2: VAE 19:2,[M+H]+,null,1.00,False,13.554,563.48230,C39H62O2,VAE,CYZIVBLWNMJHRQ-UHFFFAOYSA-N,O=C(OCC=C(C=CC=C(C=CC1=C(C)CCCC1(C)C)C)C)CCCCCCCC=CCC=CCCCCCC,530,False,True,False,Normalized unit: Intensity; Annotation method: Msp20260116160945_NCDK_conventional_converted_dev_1,False,False,27,0,0.00,1.00,null,null,null,-1.00,-1.00,-0.144,65.15,P Finnie Mix 4p4 clmn TEST 3_GC2_01_66700,563.48193:152420 564.48660:62160 565.49127:14756,null,638718,677742,688252,696382,675273.555359375,25537.1559099157
28,7.130,565.56573,Unknown,[M+H]+,null,1.00,False,null,null,null,null,null,null,999,False,False,False,Normalized unit: Intensity,False,False,28,0,0.00,null,null,null,null,null,null,null,275.35,P Finnie Mix 4p4 clmn TEST 4_GC2_01_66701,565.56573:554628 566.57040:211942 567.57507:40838,null,1554697,2867792,2902029,2893381,2554474.77915625,666677.075087925
29,2.186,566.38269,no MS2: DMPE 21:0|DMPE 16:0_5:0,[M+H]+,null,0.75,False,7.048,566.38159,C28H56NO8P,DMPE,CMFPEMGUXLZBKX-UHFFFAOYSA-N,O=C(OCC(OC(=O)CCCC)COP(=O)(O)OCCN(C)C)CCCCCCCCCCCCCCC,530,False,True,False,Normalized unit: Intensity; Annotation method: Msp20260116160945_NCDK_conventional_converted_dev_1,False,False,29,0,0.00,1.00,null,null,null,-1.00,-1.00,-0.145,5273.06,P Finnie Mix 4p4 clmn TEST 5_GC2_01_66702,566.38110:7996064 567.38577:2697730 568.39044:523598,null,19305,28438945,27953112,28655437,21266699.6164844,14167973.8814474
30,1.705,566.38306,no MS2: NAGly 33:9;O2|NAGly 15:3;O(FA 18:5),[M+H]+,null,0.25,False,7.352,566.38397,C35H51NO5,NAGly,UBVQDNKLUZAWHW-UHFFFAOYSA-N,O=C(O)CNC(=O)CCCC(OC(=O)CC=CCC=CCC=CCC=CCC=CCC)C=CCC=CCC=CCC,530,False,True,False,Normalized unit: Intensity; Annotation method: Msp20260116160945_NCDK_conventional_converted_dev_1,False,False,30,0,0.00,0.99,null,null,null,-1.00,-1.00,-0.149,4294.69,P Finnie Mix 4p4 clmn TEST 2_GC2_01_66699,566.38306:5860534 567.38772:1882058 568.39239:377298,null,30160292,1495,1221,1089,7541024.1594375,15079511.7479515
31,2.186,566.51544,no MS2: CAR 28:1,[M+H]+,null,0.75,False,8.293,566.51428,C35H67NO4,CAR,CEFGXBJUHZCUJB-UHFFFAOYSA-N,O=C([O-])CC(OC(=O)CCCCCCCCCCCCCCCCCC=CCCCCCCCC)C[N+](C)(C)C,530,False,True,False,Normalized unit: Intensity; Annotation method: Msp20260116160945_NCDK_conventional_converted_dev_1,False,False,31,0,0.00,1.00,null,null,null,-1.00,-1.00,-0.144,109.33,P Finnie Mix 4p4 clmn TEST 5_GC2_01_66702,566.51385:120952 567.51852:12880 568.52319:1676,null,172,362128,354966,352252,267379.430953125,178187.019660171
32,1.705,566.51593,no MS2: CAR 28:1,[M+H]+,null,0.25,False,8.293,566.51428,C35H67NO4,CAR,CEFGXBJUHZCUJB-UHFFFAOYSA-N,O=C([O-])CC(OC(=O)CCCCCCCCCCCCCCCCCC=CCCCCCCCC)C[N+](C)(C)C,530,False,True,False,Normalized unit: Intensity; Annotation method: Msp20260116160945_NCDK_conventional_converted_dev_1,False,False,32,0,0.00,0.96,null,null,null,-1.00,-1.00,-0.164,94.50,P Finnie Mix 4p4 clmn TEST 2_GC2_01_66699,566.51593:75982 567.52060:8032 568.52527:872,null,304565,191,28,99,76220.60003125,152229.62437455
33,2.186,566.61481,Unknown,[M+H]+,null,0.75,False,null,null,null,null,null,null,999,False,False,False,Normalized unit: Intensity,False,False,33,0,0.00,null,null,null,null,null,null,null,191.87,P Finnie Mix 4p4 clmn TEST 3_GC2_01_66700,566.61481:130266 567.61947:15640 568.62414:0,null,16,343999,338532,325947,252123.378765625,168241.683250276
34,2.186,566.95581,Unknown,[M+H]+,null,0.75,False,null,null,null,null,null,null,999,False,False,False,Normalized unit: Intensity,False,False,34,0,0.00,null,null,null,null,null,null,null,2553.62,P Finnie Mix 4p4 clmn TEST 3_GC2_01_66700,566.95581:305710 567.96048:50394 568.96515:1678,null,132,829850,843066,830131,625794.944015625,417154.199876778
35,1.705,566.95593,Unknown,[M+H]+,null,0.25,False,null,null,null,null,null,null,999,False,False,False,Normalized unit: Intensity,False,False,35,0,0.00,null,null,null,null,null,null,null,2004.56,P Finnie Mix 4p4 clmn TEST 2_GC2_01_66699,566.95593:184480 567.96060:23960 568.96527:1220,null,757178,78,98,373,189431.88309375,378497.725787156
36,6.930,570.48810,no MS2: Cer 37:5;O3|Cer 13:0;O2/24:5;O,[M+H-H2O]+,null,1.00,False,8.331,570.48810,C37H65NO4,Cer_HDS,NDGMITMDBJPZEE-UHFFFAOYSA-N,O=C(NC(CO)C(O)CCCCCCCCCC)C(O)CCCCCCC=CCC=CCC=CCC=CCC=CCC,530,False,True,False,Normalized unit: Intensity; Annotation method: Msp20260116160945_NCDK_conventional_converted_dev_1,False,False,36,0,0.00,1.00,null,null,null,-1.00,-1.00,-0.143,294.82,P Finnie Mix 4p4 clmn TEST 3_GC2_01_66700,570.48810:121284 571.49277:47694 572.49743:16518,null,353733,394118,380372,364442,373166.38071875,17745.2173033682
37,6.665,571.48358,Unknown,[M+H]+,null,1.00,False,null,null,null,null,null,null,999,False,False,False,Normalized unit: Intensity,False,False,37,0,0.00,null,null,null,null,null,null,null,688.06,P Finnie Mix 4p4 clmn TEST 3_GC2_01_66700,571.48358:228808 572.48825:76252 573.49292:0,null,872884,963401,953108,941844,932808.900218751,40908.7502671842
38,6.986,572.50360,no MS2: Cer 37:4;O3|Cer 13:0;O2/24:4;O,[M+H-H2O]+,null,1.00,False,8.266,572.50372,C37H67NO4,Cer_HDS,LWQSSMXCEPYIPV-UHFFFAOYSA-N,O=C(NC(CO)C(O)CCCCCCCCCC)C(O)CCCCCCCCCC=CCC=CCC=CCC=CCC,530,False,True,False,Normalized unit: Intensity; Annotation method: Msp20260116160945_NCDK_conventional_converted_dev_1,False,False,38,0,0.00,1.00,null,null,null,-1.00,-1.00,-0.143,48.82,P Finnie Mix 4p4 clmn TEST 3_GC2_01_66700,572.50378:89880 573.50845:35474 574.51312:7778,null,381905,415041,398265,392253,396865.7824375,13873.1334729068
39,6.578,574.48370,no MS2: Cer 36:4;O4|Cer 12:1;O3/24:3(2OH),[M+H-H2O]+,null,1.00,False,8.266,574.48297,C36H65NO5,Cer_AP,DBUJMPXYWFGVIW-UHFFFAOYSA-N,O=C(NC(CO)C(O)C(O)CCCC=CCCC)C(O)CCCCCCCC=CCC=CCC=CCCCCCCC,530,False,True,False,Normalized unit: Intensity; Annotation method: Msp20260116160945_NCDK_conventional_converted_dev_1,False,False,39,0,0.00,1.00,null,null,null,-1.00,-1.00,-0.144,1399.47,P Finnie Mix 4p4 clmn TEST 5_GC2_01_66702,574.48334:443838 575.48801:177452 576.49267:35702,null,1389526,1474975,1410638,1375916,1412763.7005,43865.3538609733
40,11.627,577.51978,no MS2: RIKEN P-VS1 ID-5423 from Mouse_Plasma_ApoEKO_N_F1DHA,[M+H]+,null,1.00,False,13.050,577.51569,null,Unknown,null,null,530,False,True,False,Normalized unit: Intensity; Annotation method: Msp20260116160945_NCDK_conventional_converted_dev_1,False,False,40,0,0.00,0.92,null,null,null,-1.00,-1.00,-0.163,127.99,P Finnie Mix 4p4 clmn TEST 5_GC2_01_66702,577.51801:150064 578.52267:59398 579.52734:12410,null,449280,475121,460893,457027,460580.40453125,10829.5559286774
41,6.578,579.43878,no MS2: SL 30:1;O2|SL 12:1;O/18:0;O,[M+NH4]+,null,1.00,False,7.551,579.44012,C30H59NO6S,SL,RVIKRDHQZKUVIK-UHFFFAOYSA-N,O=C(N(CC(O)C=CCCCCCCC)CS(=O)(=O)O)C(O)CCCCCCCCCCCCCCCC,530,False,True,False,Normalized unit: Intensity; Annotation method: Msp20260116160945_NCDK_conventional_converted_dev_1,False,False,41,0,0.00,0.98,null,null,null,-1.00,-1.00,-0.153,51.73,P Finnie Mix 4p4 clmn TEST 2_GC2_01_66699,579.43896:284684 580.44363:103082 581.44830:21966,null,915963,938918,917460,922253,923648.675328125,10527.3985696688
42,5.176,579.48883,Unknown,[M+H]+,null,1.00,False,null,null,null,null,null,null,999,False,False,False,Normalized unit: Intensity,False,False,42,0,0.00,null,null,null,null,null,null,null,80.58,P Finnie Mix 4p4 clmn TEST 3_GC2_01_66700,579.48883:503822 580.49350:214248 581.49817:43088,null,1329223,1470525,1456685,1404114,1415136.85653125,64022.7309139652
43,5.497,579.48883,Unknown,[M+H]+,null,1.00,False,null,null,null,null,null,null,999,False,False,False,Normalized unit: Intensity,False,False,43,0,0.00,null,null,null,null,null,null,null,47.15,P Finnie Mix 4p4 clmn TEST 3_GC2_01_66700,579.48883:313132 580.49350:129108 581.49817:24972,null,841531,838818,849256,831031,840158.938125001,7522.17086779631
44,8.132,579.53387,no MS2: RIKEN P-VS1 ID-5453 from Mouse_Macrophage_WT_N_F1AA,[M+H]+,null,1.00,False,12.890,579.53418,null,Unknown,null,null,530,False,True,False,Normalized unit: Intensity; Annotation method: Msp20260116160945_NCDK_conventional_converted_dev_1,False,False,44,0,0.00,1.00,null,null,null,-1.00,-1.00,-0.129,1774.02,P Finnie Mix 4p4 clmn TEST 4_GC2_01_66701,579.53387:9018814 580.53854:3704086 581.54321:709028,null,30918801,31809414,32472248,32005638,31801525.1064063,650844.570687304
45,8.132,579.66785,Unknown,[M+H-H2O]+,null,1.00,False,null,null,null,null,null,null,999,False,False,False,Normalized unit: Intensity,False,False,45,0,0.00,null,null,null,null,null,null,null,1909.57,P Finnie Mix 4p4 clmn TEST 3_GC2_01_66700,579.66785:177634 580.67251:56324 581.67718:0,null,531629,558399,556820,544025,547717.849093751,12509.0653692083
46,8.132,579.76733,Unknown,[M+H-H2O]+,null,1.00,False,null,null,null,null,null,null,999,False,False,False,Normalized unit: Intensity,False,False,46,0,0.00,null,null,null,null,null,null,null,1612.94,P Finnie Mix 4p4 clmn TEST 4_GC2_01_66701,579.76733:154728 580.77200:35834 581.77667:1328,null,464473,482515,494821,486026,481958.644765626,12754.8541817279
47,8.132,580.11432,Unknown,[M+H]+,null,1.00,False,null,null,null,null,null,null,999,False,False,False,Normalized unit: Intensity,False,False,47,0,0.00,null,null,null,null,null,null,null,2234.86,P Finnie Mix 4p4 clmn TEST 4_GC2_01_66701,580.11432:248212 581.11899:81856 582.12365:952,null,774643,801029,815156,793998,796206.446062501,16854.023540398
48,6.398,581.57263,Unknown,[M+H]+,null,0.25,False,null,null,null,null,null,null,999,False,False,False,Normalized unit: Intensity,False,False,48,0,0.00,null,null,null,null,null,null,null,129.68,P Finnie Mix 4p4 clmn TEST 5_GC2_01_66702,581.57263:50950 582.57730:17906 583.58197:0,null,295521,545529,559577,539950,485144.234515625,126685.001838797
49,7.251,584.50305,no MS2: Cer 38:5;O3|Cer 12:0;O2/26:5;O,[M+H-H2O]+,null,1.00,False,8.606,584.50372,C38H67NO4,Cer_HDS,YKOKEEGMJPEQKO-UHFFFAOYSA-N,O=C(NC(CO)C(O)CCCCCCCCC)C(O)CCCCCCCCC=CCC=CCC=CCC=CCC=CCC,530,False,True,False,Normalized unit: Intensity; Annotation method: Msp20260116160945_NCDK_conventional_converted_dev_1,False,False,49,0,0.00,1.00,null,null,null,-1.00,-1.00,-0.143,254.22,P Finnie Mix 4p4 clmn TEST 2_GC2_01_66699,584.50360:112452 585.50827:65232 586.51294:20418,null,439056,541828,490877,471133,485723.362796876,43069.9094946608
50,6.982,585.49890,Unknown,[M+H]+,null,1.00,False,null,null,null,null,null,null,999,False,False,False,Normalized unit: Intensity,False,False,50,0,0.00,null,null,null,null,null,null,null,333.38,P Finnie Mix 4p4 clmn TEST 5_GC2_01_66702,585.49890:943154 586.50357:378342 587.50824:75898,null,6618003,6868510,6892936,6910903,6822588.12810938,137491.922692689
51,2.186,588.36292,no MS2: PC 20:0,[M+Na]+,null,0.75,False,6.882,588.36359,C28H56NO8P,PC,FQFCSQCHUFDFJL-UHFFFAOYSA-N,O=C(OCC(OC(=O)CCCC)COP(=O)([O-])OCC[N+](C)(C)C)CCCCCCCCCCCCCC,530,False,True,False,Normalized unit: Intensity; Annotation method: Msp20260116160945_NCDK_conventional_converted_dev_1,False,False,51,0,0.00,0.99,null,null,null,-1.00,-1.00,-0.146,441.48,P Finnie Mix 4p4 clmn TEST 5_GC2_01_66702,588.36292:378922 589.36758:110332 590.37225:18950,null,1805,1159306,1165312,1171392,874453.819640625,581786.556368231
52,1.705,588.36493,no MS2: DMPE 23:3|DMPE 5:0_18:3,[M+Na]+,null,0.25,False,6.172,588.36603,C30H54NO8P,DMPE,BDYUNARLRONSHF-UHFFFAOYSA-N,O=C(OCC(OC(=O)CCCCCCCC=CCC=CCC=CCC)COP(=O)(O)OCCN(C)C)CCCC,530,False,True,False,Normalized unit: Intensity; Annotation method: Msp20260116160945_NCDK_conventional_converted_dev_1,False,False,52,0,0.00,0.98,null,null,null,-1.00,-1.00,-0.151,255.39,P Finnie Mix 4p4 clmn TEST 2_GC2_01_66699,588.36493:219880 589.36960:68792 590.37426:11862,null,1002973,226,330,123,250912.77309375,501373.343140366
53,6.248,588.49792,no MS2: Cer 37:4;O4|Cer 13:1;O3/24:3(2OH),[M+H-H2O]+,null,1.00,False,8.523,588.49860,C37H67NO5,Cer_AP,GGNPIEIGNCJILT-UHFFFAOYSA-N,O=C(NC(CO)C(O)C(O)CCCC=CCCCC)C(O)CCCCCCCC=CCC=CCC=CCCCCCCC,530,False,True,False,Normalized unit: Intensity; Annotation method: Msp20260116160945_NCDK_conventional_converted_dev_1,False,False,53,0,0.00,1.00,null,null,null,-1.00,-1.00,-0.143,127.37,P Finnie Mix 4p4 clmn TEST 2_GC2_01_66699,588.49854:98510 589.50320:41066 590.50787:8464,null,570954,505422,510778,517567,526180.591015625,30260.0502244675
54,6.248,593.45404,no MS2: SL 31:1;O2|SL 12:1;O/19:0;O,[M+NH4]+,null,1.00,False,7.771,593.45581,C31H61NO6S,SL,GOKYMVJWAYZSHR-UHFFFAOYSA-N,O=C(N(CC(O)C=CCCCCCCC)CS(=O)(=O)O)C(O)CCCCCCCCCCCCCCCCC,530,False,True,False,Normalized unit: Intensity; Annotation method: Msp20260116160945_NCDK_conventional_converted_dev_1,False,False,54,0,0.00,0.98,null,null,null,-1.00,-1.00,-0.153,135.27,P Finnie Mix 4p4 clmn TEST 3_GC2_01_66700,593.45459:140874 594.45926:60044 595.46393:11166,null,742189,675376,676034,703320,699229.655171875,31460.3434682538
55,5.202,593.50482,Unknown,[M+H]+,null,1.00,False,null,null,null,null,null,null,999,False,False,False,Normalized unit: Intensity,False,False,55,0,0.00,null,null,null,null,null,null,null,84.85,P Finnie Mix 4p4 clmn TEST 3_GC2_01_66700,593.50482:107026 594.50949:46364 595.51416:9808,null,314336,339401,326812,326016,326641.282234375,10241.3804021136
56,7.845,593.59790,Unknown,[M+H]+,null,0.75,False,null,null,null,null,null,null,999,False,False,False,Normalized unit: Intensity,False,False,56,0,0.00,null,null,null,null,null,null,null,149.45,P Finnie Mix 4p4 clmn TEST 4_GC2_01_66701,593.59790:121478 594.60257:51206 595.60724:10612,null,578293,585241,603828,595597,590739.834984375,11255.7058663708
57,3.126,594.41461,no MS2: DMPE 23:0|DMPE 18:0_5:0,[M+H]+,null,0.75,False,7.439,594.41290,C30H60NO8P,DMPE,BIDVNWJRCAHERY-UHFFFAOYSA-N,O=C(OCC(OC(=O)CCCC)COP(=O)(O)OCCN(C)C)CCCCCCCCCCCCCCCCC,530,False,True,False,Normalized unit: Intensity; Annotation method: Msp20260116160945_NCDK_conventional_converted_dev_1,False,False,57,0,0.00,1.00,null,null,null,-1.00,-1.00,-0.145,17174.42,P Finnie Mix 4p4 clmn TEST 5_GC2_01_66702,594.41345:10856818 595.41812:4463400 596.42279:889722,null,54260,38627350,38147182,37887254,28679011.6067969,19085629.963434
58,2.748,594.41541,no MS2: NAGly 35:9;O2|NAGly 15:3;O(FA 20:5),[M+H]+,null,0.25,False,7.873,594.41528,C37H55NO5,NAGly,NWOXTSJDYAWZTF-UHFFFAOYSA-N,O=C(O)CNC(=O)CCCC(OC(=O)CCCC=CCC=CCC=CCC=CCC=CCC)C=CCC=CCC=CCC,530,False,True,False,Normalized unit: Intensity; Annotation method: Msp20260116160945_NCDK_conventional_converted_dev_1,False,False,58,0,0.00,1.00,null,null,null,-1.00,-1.00,-0.143,15627.03,P Finnie Mix 4p4 clmn TEST 2_GC2_01_66699,594.41541:8376362 595.42007:3010460 596.42474:596716,null,44114843,1425,951,954,11029543.3729062,22056866.342602
59,3.126,594.54968,no MS2: Cer 37:1;O4|Cer 12:1;O3/25:0(2OH),[M+H-H2O]+,null,0.75,False,9.844,594.54559,C37H73NO5,Cer_AP,RUEOUTPJRGEUDQ-UHFFFAOYSA-N,O=C(NC(CO)C(O)C(O)CCCC=CCCC)C(O)CCCCCCCCCCCCCCCCCCCCCCC,530,False,True,False,Normalized unit: Intensity; Annotation method: Msp20260116160945_NCDK_conventional_converted_dev_1,False,False,59,0,0.00,0.87,null,null,null,-1.00,-1.00,-0.209,760.18,P Finnie Mix 4p4 clmn TEST 5_GC2_01_66702,594.54877:189538 595.55343:35574 596.55810:2466,null,343,569161,534387,554989,414720.045578125,276619.96719595
60,2.748,594.55103,no MS2: Cer 37:1;O4|Cer 12:1;O3/25:0(2OH),[M+H-H2O]+,null,0.25,False,9.844,594.54559,C37H73NO5,Cer_AP,RUEOUTPJRGEUDQ-UHFFFAOYSA-N,O=C(NC(CO)C(O)C(O)CCCC=CCCC)C(O)CCCCCCCCCCCCCCCCCCCCCCC,530,False,True,False,Normalized unit: Intensity; Annotation method: Msp20260116160945_NCDK_conventional_converted_dev_1,False,False,60,0,0.00,0.66,null,null,null,-1.00,-1.00,-0.313,36.19,P Finnie Mix 4p4 clmn TEST 2_GC2_01_66699,594.55103:127308 595.55569:18600 596.56036:0,null,553600,272,71,264,138551.69446875,276698.920111256
61,2.748,594.65356,Unknown,[M+H]+,null,0.25,False,null,null,null,null,null,null,999,False,False,False,Normalized unit: Intensity,False,False,61,0,0.00,null,null,null,null,null,null,null,565.36,P Finnie Mix 4p4 clmn TEST 2_GC2_01_66699,594.65356:136076 595.65823:15654 596.66290:1132,null,615164,47,151,147,153877.1045,307524.62893197
62,3.126,594.65387,Unknown,[M+H]+,null,0.75,False,null,null,null,null,null,null,999,False,False,False,Normalized unit: Intensity,False,False,62,0,0.00,null,null,null,null,null,null,null,1450.04,P Finnie Mix 4p4 clmn TEST 3_GC2_01_66700,594.65387:189134 595.65854:37124 596.66321:0,null,35,551087,563114,541266,413875.488,276038.25271547
63,3.126,595.00177,Unknown,[M+H]+,null,0.75,False,null,null,null,null,null,null,999,False,False,False,Normalized unit: Intensity,False,False,63,0,0.00,null,null,null,null,null,null,null,3976.85,P Finnie Mix 4p4 clmn TEST 3_GC2_01_66700,595.00177:434248 596.00644:123398 597.01111:4028,null,118,1200977,1202385,1220945,906106.092781251,604060.633487601
64,2.748,595.00256,Unknown,[M+H]+,null,0.25,False,null,null,null,null,null,null,999,False,False,False,Normalized unit: Intensity,False,False,64,0,0.00,null,null,null,null,null,null,null,3104.64,P Finnie Mix 4p4 clmn TEST 2_GC2_01_66699,595.00256:276654 596.00723:57482 597.01190:2512,null,1251628,128,460,126,313085.480375,625695.033890573
65,6.478,595.47217,no MS2: SL 31:0;O2|SL 12:0;O/19:0;O,[M+NH4]+,null,1.00,False,8.038,595.47137,C31H63NO6S,SL,NASMRBIRMOZDRH-UHFFFAOYSA-N,O=C(N(CC(O)CCCCCCCCC)CS(=O)(=O)O)C(O)CCCCCCCCCCCCCCCCC,530,False,True,False,Normalized unit: Intensity; Annotation method: Msp20260116160945_NCDK_conventional_converted_dev_1,False,False,65,0,0.00,0.99,null,null,null,-1.00,-1.00,-0.146,89.19,P Finnie Mix 4p4 clmn TEST 4_GC2_01_66701,595.47205:96098 596.47671:41386 597.48138:8562,null,359824,371033,372025,372411,368823.015796875,6027.46800298062
66,8.132,597.54443,Unknown,[M+H]+,null,1.00,False,null,null,null,null,null,null,999,False,False,False,Normalized unit: Intensity,False,False,66,0,0.00,null,null,null,null,null,null,null,2464.75,P Finnie Mix 4p4 clmn TEST 4_GC2_01_66701,597.54443:3104584 598.54910:1159396 599.55377:240660,null,10211813,10592813,10741273,10529634,10518883.3478281,223107.155291307
67,6.991,599.51404,Unknown,[M+H]+,null,1.00,False,null,null,null,null,null,null,999,False,False,False,Normalized unit: Intensity,False,False,67,0,0.00,null,null,null,null,null,null,null,39.68,P Finnie Mix 4p4 clmn TEST 5_GC2_01_66702,599.51404:116954 600.51871:0 601.52337:0,null,581060,643184,637716,659514,630368.686453126,34151.6664382831
68,5.883,600.51007,Unknown,[M+H]+,null,1.00,False,null,null,null,null,null,null,999,False,False,False,Normalized unit: Intensity,False,False,68,0,0.00,null,null,null,null,null,null,null,139.47,P Finnie Mix 4p4 clmn TEST 3_GC2_01_66700,600.51007:242364 601.51474:99456 602.51941:19840,null,648313,714120,695440,695229,688275.709468749,28075.0354473286
69,6.986,600.53351,no MS2: Cer 39:4;O3|Cer 13:0;O2/26:4;O,[M+H-H2O]+,null,1.00,False,10.409,600.53497,C39H71NO4,Cer_HDS,GHPQYRSQNKGQNO-UHFFFAOYSA-N,O=C(NC(CO)C(O)CCCCCCCCCC)C(O)CCCCCCCCCCCC=CCC=CCC=CCC=CCC,530,False,True,False,Normalized unit: Intensity; Annotation method: Msp20260116160945_NCDK_conventional_converted_dev_1,False,False,69,0,0.00,1.00,null,null,null,-1.00,-1.00,-0.145,201.83,P Finnie Mix 4p4 clmn TEST 2_GC2_01_66699,600.53448:166298 601.53915:66770 602.54382:15106,null,1157511,1219719,1203913,1189925,1192767.01257813,26468.6082319505
70,6.578,601.49481,no MS2: SE 28:3/12:0,[M+Na]+,null,1.00,False,13.710,601.49548,C40H66O2,EGSE,NMBSWEUSWULRQZ-UHFFFAOYSA-N,O=C(OC1CC2=CC=C3C(CCC4(C)C3CCC4C(C=CC(C)C(C)C)C)C2(C)CC1)CCCCCCCCCCC,530,False,True,False,Normalized unit: Intensity; Annotation method: Msp20260116160945_NCDK_conventional_converted_dev_1,False,False,70,0,0.00,0.99,null,null,null,-1.00,-1.00,-0.146,140.86,P Finnie Mix 4p4 clmn TEST 3_GC2_01_66700,601.49481:244306 602.49948:82704 603.50415:0,null,964017,974473,963207,954044,963935.157625,8354.6684018805
71,6.265,604.49335,no MS2: RIKEN P-VS1 ID-5876 from Mouse_Feces_WT_N_Ctr,[M+NH4]+,null,1.00,False,8.390,604.49408,null,Unknown,null,null,530,False,True,False,Normalized unit: Intensity; Annotation method: Msp20260116160945_NCDK_conventional_converted_dev_1,False,False,71,0,0.00,1.00,null,null,null,-1.00,-1.00,-0.129,178.93,P Finnie Mix 4p4 clmn TEST 3_GC2_01_66700,604.49390:163254 605.49856:60914 606.50323:12326,null,514514,535420,531376,522802,526027.970328125,9305.79978512099
72,8.791,607.56525,no MS2: RIKEN P-VS1 ID-5931 from Mouse_Macrophage_WT_N_F1AA,[M+H]+,null,1.00,False,13.200,607.56232,null,Unknown,null,null,530,False,True,False,Normalized unit: Intensity; Annotation method: Msp20260116160945_NCDK_conventional_converted_dev_1,False,False,72,0,0.00,0.92,null,null,null,-1.00,-1.00,-0.165,22516.92,P Finnie Mix 4p4 clmn TEST 5_GC2_01_66702,607.56482:6222498 608.56949:2577960 609.57415:523334,null,22368118,23954330,24458079,23543183,23580927.5576719,890909.111204503
73,8.791,607.70184,Unknown,[M+H]+,null,1.00,False,null,null,null,null,null,null,999,False,False,False,Normalized unit: Intensity,False,False,73,0,0.00,null,null,null,null,null,null,null,1162.66,P Finnie Mix 4p4 clmn TEST 3_GC2_01_66700,607.70184:141936 608.70651:35758 609.71118:1560,null,416892,446986,443229,427546,433662.992984375,13996.4462283283
74,8.791,607.80316,Unknown,[M+H]+,null,1.00,False,null,null,null,null,null,null,999,False,False,False,Normalized unit: Intensity,False,False,74,0,0.00,null,null,null,null,null,null,null,1213.44,P Finnie Mix 4p4 clmn TEST 4_GC2_01_66701,607.80316:126216 608.80783:26348 609.81250:0,null,335004,374423,383930,364195,364387.611015625,21182.1926365238
75,8.791,608.15973,Unknown,[M+H]+,null,1.00,False,null,null,null,null,null,null,999,False,False,False,Normalized unit: Intensity,False,False,75,0,0.00,null,null,null,null,null,null,null,1406.81,P Finnie Mix 4p4 clmn TEST 4_GC2_01_66701,608.15973:186462 609.16440:37498 610.16906:854,null,537946,589475,603766,583056,578560.9475625,28426.4253200297
76,6.265,609.44885,no MS2: DG 34:5,[M+Na]+,null,1.00,False,9.111,609.44891,C37H62O5,DG,ISLIFCNTWVJFNJ-UHFFFAOYSA-N,O=C(OCC(OC(=O)CCCCCCCCCC=CCC=CCC=CCC=CCC=CCC)CO)CCCCCCC,530,False,True,False,Normalized unit: Intensity; Annotation method: Msp20260116160945_NCDK_conventional_converted_dev_1,False,False,76,0,0.00,1.00,null,null,null,-1.00,-1.00,-0.143,77.61,P Finnie Mix 4p4 clmn TEST 2_GC2_01_66699,609.44891:111156 610.45358:41428 611.45825:9596,null,380728,411614,433765,432435,414635.488046875,24776.4937985281
77,7.128,609.60364,Unknown,[M+H]+,null,0.75,False,null,null,null,null,null,null,999,False,False,False,Normalized unit: Intensity,False,False,77,0,0.00,null,null,null,null,null,null,null,98.76,P Finnie Mix 4p4 clmn TEST 5_GC2_01_66702,609.60364:143546 610.60831:59920 611.61297:10534,null,419998,687431,704786,743411,638906.45359375,147802.719302164
78,7.242,611.51410,Unknown,[M+H]+,null,1.00,False,null,null,null,null,null,null,999,False,False,False,Normalized unit: Intensity,False,False,78,0,0.00,null,null,null,null,null,null,null,93.90,P Finnie Mix 4p4 clmn TEST 3_GC2_01_66700,611.51410:220448 612.51877:94314 613.52343:18264,null,735837,867953,803253,785782,798206.041921876,54571.9640317617
79,6.860,612.49866,no MS2: Cer 39:6;O4|Cer 13:1;O3/26:5(2OH),[M+H-H2O]+,null,1.00,False,9.126,612.49860,C39H67NO5,Cer_AP,HPBWSLZHQNQFGH-UHFFFAOYSA-N,O=C(NC(CO)C(O)C(O)CCCC=CCCCC)C(O)CCCCCCCCC=CCC=CCC=CCC=CCC=CCC,530,False,True,False,Normalized unit: Intensity; Annotation method: Msp20260116160945_NCDK_conventional_converted_dev_1,False,False,79,0,0.00,1.00,null,null,null,-1.00,-1.00,-0.143,150.31,P Finnie Mix 4p4 clmn TEST 3_GC2_01_66700,612.49866:153956 613.50332:67054 614.50799:15980,null,542035,563964,558462,558280,555685.3684375,9474.53123318733
80,6.478,612.49896,no MS2: Cer 39:6;O4|Cer 13:1;O3/26:5(2OH),[M+H-H2O]+,null,1.00,False,9.126,612.49860,C39H67NO5,Cer_AP,HPBWSLZHQNQFGH-UHFFFAOYSA-N,O=C(NC(CO)C(O)C(O)CCCC=CCCCC)C(O)CCCCCCCCC=CCC=CCC=CCC=CCC=CCC,530,False,True,False,Normalized unit: Intensity; Annotation method: Msp20260116160945_NCDK_conventional_converted_dev_1,False,False,80,0,0.00,1.00,null,null,null,-1.00,-1.00,-0.143,190.58,P Finnie Mix 4p4 clmn TEST 4_GC2_01_66701,612.49829:205160 613.50296:89400 614.50763:20910,null,702205,761280,747072,723350,733476.812578126,26066.2254852822
81,5.918,612.49951,no MS2: Cer 39:6;O4|Cer 13:1;O3/26:5(2OH),[M+H-H2O]+,null,1.00,False,9.126,612.49860,C39H67NO5,Cer_AP,HPBWSLZHQNQFGH-UHFFFAOYSA-N,O=C(NC(CO)C(O)C(O)CCCC=CCCCC)C(O)CCCCCCCCC=CCC=CCC=CCC=CCC=CCC,530,False,True,False,Normalized unit: Intensity; Annotation method: Msp20260116160945_NCDK_conventional_converted_dev_1,False,False,81,0,0.00,1.00,null,null,null,-1.00,-1.00,-0.143,63.92,P Finnie Mix 4p4 clmn TEST 5_GC2_01_66702,612.49841:103448 613.50308:42274 614.50775:9212,null,364796,374512,358950,351980,362559.493171875,9536.45353777624
82,6.986,614.55029,no MS2: Cer 40:4;O3|Cer 12:0;O2/28:4;O,[M+H-H2O]+,null,1.00,False,10.627,614.55072,C40H73NO4,Cer_HDS,WJGXCBXEWAIZFC-UHFFFAOYSA-N,O=C(NC(CO)C(O)CCCCCCCCC)C(O)CCCCCCCCCCCCCC=CCC=CCC=CCC=CCC,530,False,True,False,Normalized unit: Intensity; Annotation method: Msp20260116160945_NCDK_conventional_converted_dev_1,False,False,82,0,0.00,1.00,null,null,null,-1.00,-1.00,-0.143,608.46,P Finnie Mix 4p4 clmn TEST 3_GC2_01_66700,614.55066:275752 615.55533:126050 616.55999:26752,null,2086237,2149866,2054401,2067570,2089518.37075,42298.5543834505
83,8.132,614.57123,no MS2: Cer 37:0;O4|Cer 12:0;O3/25:0(2OH),[M+H]+,null,1.00,False,9.921,614.57178,C37H75NO5,Cer_AP,NUDZJDBCWPEIMF-UHFFFAOYSA-N,O=C(NC(CO)C(O)C(O)CCCCCCCC)C(O)CCCCCCCCCCCCCCCCCCCCCCC,530,False,True,False,Normalized unit: Intensity; Annotation method: Msp20260116160945_NCDK_conventional_converted_dev_1,False,False,83,0,0.00,1.00,null,null,null,-1.00,-1.00,-0.143,19162.25,P Finnie Mix 4p4 clmn TEST 3_GC2_01_66700,614.57190:10760064 615.57657:6270026 616.58123:1230604,null,43566737,44148528,44846425,44733185,44323718.7505313,590084.258935396
84,8.132,614.70880,Unknown,[M+NH4]+,null,1.00,False,null,null,null,null,null,null,999,False,False,False,Normalized unit: Intensity,False,False,84,0,0.00,null,null,null,null,null,null,null,2075.33,P Finnie Mix 4p4 clmn TEST 4_GC2_01_66701,614.70880:229904 615.71347:75940 616.71814:3890,null,781634,807345,812167,806294,801859.899343751,13724.5399271039
85,8.132,614.81390,Unknown,[M+NH4]+,null,1.00,False,null,null,null,null,null,null,999,False,False,False,Normalized unit: Intensity,False,False,85,0,0.00,null,null,null,null,null,null,null,1453.71,P Finnie Mix 4p4 clmn TEST 4_GC2_01_66701,614.81390:191926 615.81857:77008 616.82324:0,null,693465,707517,724198,695382,705140.488265626,14146.5521829279
86,8.124,614.92523,Unknown,[M+H]+,null,0.25,False,null,null,null,null,null,null,999,False,False,False,Normalized unit: Intensity,False,False,86,0,0.00,null,null,null,null,null,null,null,850.63,P Finnie Mix 4p4 clmn TEST 2_GC2_01_66699,614.92523:64722 615.92990:0 616.93457:1226,null,300950,216704,283423,215124,254050.36803125,44618.021098747
87,8.132,615.16846,Unknown,[M+H]+,null,1.00,False,null,null,null,null,null,null,999,False,False,False,Normalized unit: Intensity,False,False,87,0,0.00,null,null,null,null,null,null,null,3362.31,P Finnie Mix 4p4 clmn TEST 4_GC2_01_66701,615.16846:405378 616.17312:141204 617.17779:4114,null,1375155,1396728,1432303,1404351,1402134.41617188,23609.1360502915
88,6.248,615.50934,no MS2: SE 28:3/13:0,[M+Na]+,null,1.00,False,13.837,615.51123,C41H68O2,EGSE,XJVFESQHVSZTEG-UHFFFAOYSA-N,O=C(OC1CC2=CC=C3C(CCC4(C)C3CCC4C(C=CC(C)C(C)C)C)C2(C)CC1)CCCCCCCCCCCC,530,False,True,False,Normalized unit: Intensity; Annotation method: Msp20260116160945_NCDK_conventional_converted_dev_1,False,False,88,0,0.00,0.98,null,null,null,-1.00,-1.00,-0.153,75.08,P Finnie Mix 4p4 clmn TEST 3_GC2_01_66700,615.51001:119624 616.51468:48290 617.51935:14126,null,665523,563078,552120,579882,590150.826578125,51529.0321610631
89,3.126,616.39514,no MS2: PC 22:0,[M+Na]+,null,0.75,False,7.456,616.39490,C30H60NO8P,PC,ILDZIBMDHOBSCW-UHFFFAOYSA-N,O=C(OCC(OC(=O)CCCC)COP(=O)([O-])OCC[N+](C)(C)C)CCCCCCCCCCCCCCCC,530,False,True,False,Normalized unit: Intensity; Annotation method: Msp20260116160945_NCDK_conventional_converted_dev_1,False,False,89,0,0.00,1.00,null,null,null,-1.00,-1.00,-0.143,395.34,P Finnie Mix 4p4 clmn TEST 5_GC2_01_66702,616.39514:555494 617.39981:170344 618.40448:30798,null,0,1673293,1616352,1736448,1256523.15676563,839116.96061282
90,2.748,616.39734,no MS2: DMPE 25:3|DMPE 5:0_20:3,[M+H]+,null,0.25,False,6.660,616.39728,C32H58NO8P,DMPE,SZESLHFGAKRGJN-UHFFFAOYSA-N,O=C(OCC(OC(=O)CCCCCCCCCC=CCC=CCC=CCC)COP(=O)(O)OCCN(C)C)CCCC,530,False,True,False,Normalized unit: Intensity; Annotation method: Msp20260116160945_NCDK_conventional_converted_dev_1,False,False,90,0,0.00,1.00,null,null,null,-1.00,-1.00,-0.143,195.01,P Finnie Mix 4p4 clmn TEST 2_GC2_01_66699,616.39734:369536 617.40201:123598 618.40667:21198,null,1695867,518,353,517,424313.772671875,847702.043534363
91,7.064,616.52991,no MS2: Cer 39:4;O4|Cer 13:1;O3/26:3(2OH),[M+H-H2O]+,null,1.00,False,9.357,616.52991,C39H71NO5,Cer_AP,QRNZDMXRMRCBNE-UHFFFAOYSA-N,O=C(NC(CO)C(O)C(O)CCCC=CCCCC)C(O)CCCCCCCCCC=CCC=CCC=CCCCCCCC,530,False,True,False,Normalized unit: Intensity; Annotation method: Msp20260116160945_NCDK_conventional_converted_dev_1,False,False,91,0,0.00,1.00,null,null,null,-1.00,-1.00,-0.143,205.10,P Finnie Mix 4p4 clmn TEST 3_GC2_01_66700,616.52991:231444 617.53457:97786 618.53924:21686,null,1467002,1520113,1553468,1541549,1520532.9213125,38262.6936815806
92,8.140,619.52606,no MS2: DG 34:0,[M+Na]+,null,1.00,False,12.929,619.52722,C37H72O5,DG,SSJMMYPUZPYGQU-UHFFFAOYSA-N,O=C(OCC(OC(=O)CCCCCCC)CO)CCCCCCCCCCCCCCCCCCCCCCCCC,530,False,True,False,Normalized unit: Intensity; Annotation method: Msp20260116160945_NCDK_conventional_converted_dev_1,False,False,92,0,0.00,1.00,null,null,null,-1.00,-1.00,-0.144,746.02,P Finnie Mix 4p4 clmn TEST 2_GC2_01_66699,619.52759:392392 620.53226:153910 621.53692:28922,null,2819589,2860647,2959876,2928595,2892176.76001563,63698.8295357978
93,7.073,621.48480,no MS2: RIKEN P-VS1 ID-6225 from Mouse_Feces_WT_N_Ctr,[M+H]+,null,1.00,False,7.810,621.48547,null,Unknown,null,null,530,False,True,False,Normalized unit: Intensity; Annotation method: Msp20260116160945_NCDK_conventional_converted_dev_1,False,False,93,0,0.00,1.00,null,null,null,-1.00,-1.00,-0.129,365.64,P Finnie Mix 4p4 clmn TEST 3_GC2_01_66700,621.48560:95364 622.49026:37552 623.49493:14624,null,566364,598952,620065,609840,598805.2573125,23282.3168226028
94,3.699,622.44678,no MS2: DG 36:10|DG 18:5_18:5,[M+NH4]+,null,0.75,False,9.348,622.44659,C39H56O5,DG,LVGAOMFLJDVJKC-UHFFFAOYSA-N,O=C(OCC(OC(=O)CC=CCC=CCC=CCC=CCC=CCC)CO)CC=CCC=CCC=CCC=CCC=CCC,530,False,True,False,Normalized unit: Intensity; Annotation method: Msp20260116160945_NCDK_conventional_converted_dev_1,False,False,94,0,0.00,1.00,null,null,null,-1.00,-1.00,-0.143,20884.76,P Finnie Mix 4p4 clmn TEST 4_GC2_01_66701,622.44666:13554038 623.45132:8012560 624.45599:1622184,null,232606,38210681,35610166,36583856,27659327.09,18315923.3159501
95,3.566,622.44708,no MS2: DG 36:10|DG 18:5_18:5,[M+NH4]+,null,0.25,False,9.348,622.44659,C39H56O5,DG,LVGAOMFLJDVJKC-UHFFFAOYSA-N,O=C(OCC(OC(=O)CC=CCC=CCC=CCC=CCC=CCC)CO)CC=CCC=CCC=CCC=CCC=CCC,530,False,True,False,Normalized unit: Intensity; Annotation method: Msp20260116160945_NCDK_conventional_converted_dev_1,False,False,95,0,0.00,1.00,null,null,null,-1.00,-1.00,-0.144,2229.27,P Finnie Mix 4p4 clmn TEST 2_GC2_01_66699,622.44708:13045480 623.45175:6778984 624.45642:1316160,null,41806602,39,2040,1223,10452475.9125156,20902750.5642895
96,3.699,622.58472,Unknown,[M+H]+,null,0.75,False,null,null,null,null,null,null,999,False,False,False,Normalized unit: Intensity,False,False,96,0,0.00,null,null,null,null,null,null,null,1120.43,P Finnie Mix 4p4 clmn TEST 3_GC2_01_66700,622.58472:286340 623.58938:74004 624.59405:3700,null,301,670894,649055,644728,491244.536265625,327495.858053607
97,3.566,622.58527,Unknown,[M+H]+,null,0.25,False,null,null,null,null,null,null,999,False,False,False,Normalized unit: Intensity,False,False,97,0,0.00,null,null,null,null,null,null,null,769.35,P Finnie Mix 4p4 clmn TEST 2_GC2_01_66699,622.58527:265866 623.58993:67254 624.59460:3772,null,694080,242,163,55,173634.89896875,346963.105056648
98,3.699,622.69257,Unknown,[M+H]+,null,0.75,False,null,null,null,null,null,null,999,False,False,False,Normalized unit: Intensity,False,False,98,0,0.00,null,null,null,null,null,null,null,1364.20,P Finnie Mix 4p4 clmn TEST 3_GC2_01_66700,622.69257:231998 623.69723:97276 624.70190:0,null,182,569673,565959,551584,421849.655953125,281219.884679045
99,3.566,622.69263,Unknown,[M+H]+,null,0.25,False,null,null,null,null,null,null,999,False,False,False,Normalized unit: Intensity,False,False,99,0,0.00,null,null,null,null,null,null,null,1837.07,P Finnie Mix 4p4 clmn TEST 2_GC2_01_66699,622.69263:215832 623.69729:86782 624.70196:0,null,600731,135,90,101,150264.296828125,300311.443847675
100,3.705,622.81494,Unknown,[M+H]+,null,0.25,False,null,null,null,null,null,null,999,False,False,False,Normalized unit: Intensity,False,False,100,0,0.00,null,null,null,null,null,null,null,628.39,P Finnie Mix 4p4 clmn TEST 3_GC2_01_66700,622.81494:121338 623.81961:7198 624.82428:1704,null,227,247039,233066,237633,179491.07578125,119651.157175406
101,3.699,623.04742,Unknown,[M+H]+,null,0.75,False,null,null,null,null,null,null,999,False,False,False,Normalized unit: Intensity,False,False,101,0,0.00,null,null,null,null,null,null,null,4548.54,P Finnie Mix 4p4 clmn TEST 3_GC2_01_66700,623.04742:612144 624.05209:198272 625.05676:6598,null,133,1430968,1413757,1428701,1068389.47148438,712212.203661027
102,3.566,623.04785,Unknown,[M+H]+,null,0.25,False,null,null,null,null,null,null,999,False,False,False,Normalized unit: Intensity,False,False,102,0,0.00,null,null,null,null,null,null,null,4252.60,P Finnie Mix 4p4 clmn TEST 2_GC2_01_66699,623.04785:561206 624.05252:179012 625.05719:5734,null,1480205,242,333,298,370269.447281249,739956.736600121
103,8.800,623.53870,no MS2: NAGly 35:3;O2|NAGly 9:0;O(FA 26:2),[M+NH4]+,null,1.00,False,9.194,623.53571,C37H67NO5,NAGly,MVLKLFMFPHBHCB-UHFFFAOYSA-N,O=C(O)CNC(=O)CCCC(OC(=O)CCCCCCCCCCCCCC=CCC=CCCCCCCC)CCCC,530,False,True,False,Normalized unit: Intensity; Annotation method: Msp20260116160945_NCDK_conventional_converted_dev_1,False,False,103,0,0.00,0.89,null,null,null,-1.00,-1.00,-0.197,324.98,P Finnie Mix 4p4 clmn TEST 5_GC2_01_66702,623.53870:145032 624.54336:65514 625.54803:0,null,558317,640329,638432,653897,622743.808328125,43499.5906260875
104,6.196,625.49371,no MS2: SE 28:4/14:1,[M+Na]+,null,1.00,False,13.310,625.49548,C42H66O2,DEGSE,NZCQYAAPWCVESE-UHFFFAOYSA-N,O=C(OC1CC2=CC=C3C(=CCC4(C)C3CCC4C(C=CC(C)C(C)C)C)C2(C)CC1)CCCCCCCC=CCCCC,530,False,True,False,Normalized unit: Intensity; Annotation method: Msp20260116160945_NCDK_conventional_converted_dev_1,False,False,104,0,0.00,0.99,null,null,null,-1.00,-1.00,-0.148,76.49,P Finnie Mix 4p4 clmn TEST 3_GC2_01_66700,625.49457:104752 626.49924:45616 627.50390:11670,null,317011,362903,364367,378761,355760.3411875,26805.8628071097
105,8.795,625.57574,Unknown,[M+H]+,null,1.00,False,null,null,null,null,null,null,999,False,False,False,Normalized unit: Intensity,False,False,105,0,0.00,null,null,null,null,null,null,null,5337.31,P Finnie Mix 4p4 clmn TEST 4_GC2_01_66701,625.57574:1576748 626.58041:673896 627.58508:154226,null,5717081,6172496,6073941,6007405,5992730.67785938,195881.210362265
106,6.396,630.50977,no MS2: Cer 39:6;O4|Cer 13:1;O3/26:5(2OH),[M+H]+,null,1.00,False,9.126,630.50922,C39H67NO5,Cer_AP,HPBWSLZHQNQFGH-UHFFFAOYSA-N,O=C(NC(CO)C(O)C(O)CCCC=CCCCC)C(O)CCCCCCCCC=CCC=CCC=CCC=CCC=CCC,530,False,True,False,Normalized unit: Intensity; Annotation method: Msp20260116160945_NCDK_conventional_converted_dev_1,False,False,106,0,0.00,1.00,null,null,null,-1.00,-1.00,-0.143,267.92,P Finnie Mix 4p4 clmn TEST 4_GC2_01_66701,630.50922:187834 631.51388:75058 632.51855:19906,null,743712,739547,715401,695202,723465.543890625,22600.6324953183
107,6.589,630.54602,no MS2: Cer 40:4;O4|Cer 12:1;O3/28:3(2OH),[M+H-H2O]+,null,0.25,False,10.079,630.54559,C40H73NO5,Cer_AP,JISJKQCNUZPLQU-UHFFFAOYSA-N,O=C(NC(CO)C(O)C(O)CCCC=CCCC)C(O)CCCCCCCCCCCC=CCC=CCC=CCCCCCCC,530,False,True,False,Normalized unit: Intensity; Annotation method: Msp20260116160945_NCDK_conventional_converted_dev_1,False,False,107,0,0.00,1.00,null,null,null,-1.00,-1.00,-0.144,141.14,P Finnie Mix 4p4 clmn TEST 5_GC2_01_66702,630.54602:82924 631.55069:35492 632.55536:8208,null,264049,276568,279417,273993,273506.68975,6683.09484647201
108,6.265,631.50464,no MS2: BA 24:1;O3;G/12:1,[M+K]+,null,1.00,False,7.668,631.50439,C38H63NO5,GLCAE,YGMNNAKOUGAQLM-UHFFFAOYSA-N,O=C(O)CNC(=O)CCC(C)C1CCC2C3CCC4CC(OC(=O)CCCCCCC=CCCC)CCC4(C)C3CCC12C,530,False,True,False,Normalized unit: Intensity; Annotation method: Msp20260116160945_NCDK_conventional_converted_dev_1,False,False,108,0,0.00,1.00,null,null,null,-1.00,-1.00,-0.143,231.49,P Finnie Mix 4p4 clmn TEST 5_GC2_01_66702,631.50464:165458 632.50931:67318 633.51397:14122,null,495682,528679,547562,543810,528933.211515625,23622.6733473862
109,5.623,635.55078,Unknown,[M+H]+,null,1.00,False,null,null,null,null,null,null,999,False,False,False,Normalized unit: Intensity,False,False,109,0,0.00,null,null,null,null,null,null,null,385.05,P Finnie Mix 4p4 clmn TEST 4_GC2_01_66701,635.55078:487198 636.55545:221202 637.56012:46340,null,1918895,1975001,1954485,1945506,1948471.90460938,23263.5369736874
110,6.478,639.50995,no MS2: SE 28:4/15:1,[M+Na]+,null,1.00,False,13.605,639.51123,C43H68O2,DEGSE,YXBVSESTAZDFLB-UHFFFAOYSA-N,O=C(OC1CC2=CC=C3C(=CCC4(C)C3CCC4C(C=CC(C)C(C)C)C)C2(C)CC1)CCCCCCCC=CCCCCC,530,False,True,False,Normalized unit: Intensity; Annotation method: Msp20260116160945_NCDK_conventional_converted_dev_1,False,False,110,0,0.00,0.99,null,null,null,-1.00,-1.00,-0.147,805.40,P Finnie Mix 4p4 clmn TEST 2_GC2_01_66699,639.51044:398626 640.51510:162014 641.51977:38774,null,1493128,1763661,1750676,1738461,1686481.59842188,129312.443477961
111,8.140,641.58185,no MS2: NAGly 36:1;O2|NAGly 8:0;O(FA 28:0),[M+NH4]+,null,1.00,False,11.737,641.58270,C38H73NO5,NAGly,PPSRXUPCRPPAKT-UHFFFAOYSA-N,O=C(O)CNC(=O)CCCC(OC(=O)CCCCCCCCCCCCCCCCCCCCCCCCCCC)CCC,530,False,True,False,Normalized unit: Intensity; Annotation method: Msp20260116160945_NCDK_conventional_converted_dev_1,False,False,111,0,0.00,1.00,null,null,null,-1.00,-1.00,-0.143,2546.80,P Finnie Mix 4p4 clmn TEST 3_GC2_01_66700,641.58252:374456 642.58719:163206 643.59186:0,null,2291686,2247974,2396622,2376526,2328202.13990625,70205.5525782895
112,8.795,642.60278,no MS2: Cer 39:0;O4|Cer 12:0;O3/27:0(2OH),[M+H]+,null,1.00,False,10.890,642.60309,C39H79NO5,Cer_AP,UVJIZYHAMUHMSR-UHFFFAOYSA-N,O=C(NC(CO)C(O)C(O)CCCCCCCC)C(O)CCCCCCCCCCCCCCCCCCCCCCCCC,530,False,True,False,Normalized unit: Intensity; Annotation method: Msp20260116160945_NCDK_conventional_converted_dev_1,False,False,112,0,0.00,1.00,null,null,null,-1.00,-1.00,-0.143,9495.56,P Finnie Mix 4p4 clmn TEST 4_GC2_01_66701,642.60278:11599790 643.60745:6004982 644.61212:1226018,null,46811734,48162482,48033070,47667226,47668628.2269688,608544.668008646
113,8.795,642.74261,Unknown,[M+2H]2+,null,1.00,False,null,null,null,null,null,null,999,False,False,False,Normalized unit: Intensity,False,False,113,0,0.00,null,null,null,null,null,null,null,1959.13,P Finnie Mix 4p4 clmn TEST 4_GC2_01_66701,642.74261:235700 643.74728:97886 644.75195:5638,null,826718,862360,879494,854941,855877.872390626,21991.8395454003
114,8.795,642.85126,Unknown,[M+H]+,null,1.00,False,null,null,null,null,null,null,999,False,False,False,Normalized unit: Intensity,False,False,114,0,0.00,null,null,null,null,null,null,null,1698.09,P Finnie Mix 4p4 clmn TEST 4_GC2_01_66701,642.85126:198422 643.85593:93592 644.86059:4476,null,709282,748502,767554,753859,744799.364187501,25000.5075944834
115,8.791,642.97583,Unknown,[M+H]+,null,0.75,False,null,null,null,null,null,null,999,False,False,False,Normalized unit: Intensity,False,False,115,0,0.00,null,null,null,null,null,null,null,1035.43,P Finnie Mix 4p4 clmn TEST 3_GC2_01_66700,642.97583:133392 643.98050:0 644.98517:0,null,283148,327572,280458,176316,266873.46696875,64120.9586382626
116,7.069,643.54071,no MS2: SE 28:3/15:0,[M+Na]+,null,1.00,False,14.526,643.54248,C43H72O2,EGSE,WFBLYQBTCCVFDO-UHFFFAOYSA-N,O=C(OC1CC2=CC=C3C(CCC4(C)C3CCC4C(C=CC(C)C(C)C)C)C2(C)CC1)CCCCCCCCCCCCCC,530,False,True,False,Normalized unit: Intensity; Annotation method: Msp20260116160945_NCDK_conventional_converted_dev_1,False,False,116,0,0.00,0.98,null,null,null,-1.00,-1.00,-0.152,311.13,P Finnie Mix 4p4 clmn TEST 2_GC2_01_66699,643.54126:280266 644.54593:118024 645.55060:66358,null,1844029,1854651,1897865,1905997,1875635.66192187,30850.4253054999
117,3.699,644.42651,no MS2: PC 24:0,[M+Na]+,null,0.75,False,7.648,644.42621,C32H64NO8P,PC,OAWBCSUVFHGGHW-UHFFFAOYSA-N,O=C(OCC(OC(=O)CCCC)COP(=O)([O-])OCC[N+](C)(C)C)CCCCCCCCCCCCCCCCCC,530,False,True,False,Normalized unit: Intensity; Annotation method: Msp20260116160945_NCDK_conventional_converted_dev_1,False,False,117,0,0.00,1.00,null,null,null,-1.00,-1.00,-0.143,1215.19,P Finnie Mix 4p4 clmn TEST 5_GC2_01_66702,644.42651:742862 645.43118:249728 646.43585:46652,null,5249,1992631,2024488,2088762,1527782.51440625,1015809.33377643
118,3.566,644.42865,no MS2: DMPE 27:3|DMPE 5:0_22:3,[M+H]+,null,0.25,False,7.269,644.42859,C34H62NO8P,DMPE,QQFSGSBFGWTLSI-UHFFFAOYSA-N,O=C(OCC(OC(=O)CCCCCCCCC=CCC=CCC=CCCCCC)COP(=O)(O)OCCN(C)C)CCCC,530,False,True,False,Normalized unit: Intensity; Annotation method: Msp20260116160945_NCDK_conventional_converted_dev_1,False,False,118,0,0.00,1.00,null,null,null,-1.00,-1.00,-0.143,576.38,P Finnie Mix 4p4 clmn TEST 2_GC2_01_66699,644.42865:692978 645.43332:244758 646.43799:47170,null,2123050,0,577,468,531023.777046873,1061350.99906462
119,7.017,645.55847,no MS2: VAE 23:0,[M+Na]+,null,1.00,False,14.689,645.55811,C43H74O2,VAE,ABIKWACHXVOLTR-UHFFFAOYSA-N,O=C(OCC=C(C=CC=C(C=CC1=C(C)CCCC1(C)C)C)C)CCCCCCCCCCCCCCCCCCCCCC,530,False,True,False,Normalized unit: Intensity; Annotation method: Msp20260116160945_NCDK_conventional_converted_dev_1,False,False,119,0,0.00,1.00,null,null,null,-1.00,-1.00,-0.143,68.51,P Finnie Mix 4p4 clmn TEST 4_GC2_01_66701,645.55817:151950 646.56283:67746 647.56750:15950,null,961285,999902,979910,973618,978678.652296875,16125.6165801065
120,8.804,645.55939,no MS2: SE 28:4/17:1,[M+H]+,null,1.00,False,14.333,645.56049,C45H72O2,DEGSE,PWVHPMJHUOHTEN-UHFFFAOYSA-N,O=C(OC1CC2=CC=C3C(=CCC4(C)C3CCC4C(C=CC(C)C(C)C)C)C2(C)CC1)CCCCCCCC=CCCCCCCC,530,False,True,False,Normalized unit: Intensity; Annotation method: Msp20260116160945_NCDK_conventional_converted_dev_1,False,False,120,0,0.00,1.00,null,null,null,-1.00,-1.00,-0.143,117.23,P Finnie Mix 4p4 clmn TEST 3_GC2_01_66700,645.56030:272906 646.56497:129648 647.56964:323620,null,1209293,1289070,1290829,1318820,1277003.03623438,47152.2732463468
121,7.902,645.56049,no MS2: SE 28:4/17:1,[M+H]+,null,1.00,False,14.333,645.56049,C45H72O2,DEGSE,PWVHPMJHUOHTEN-UHFFFAOYSA-N,O=C(OC1CC2=CC=C3C(=CCC4(C)C3CCC4C(C=CC(C)C(C)C)C)C2(C)CC1)CCCCCCCC=CCCCCCCC,530,False,True,False,Normalized unit: Intensity; Annotation method: Msp20260116160945_NCDK_conventional_converted_dev_1,False,False,121,0,0.00,1.00,null,null,null,-1.00,-1.00,-0.143,58.41,P Finnie Mix 4p4 clmn TEST 3_GC2_01_66700,645.56049:125016 646.56515:57834 647.56982:14836,null,605757,658490,647834,627340,634855.3590625,23311.2566309148
122,8.791,647.56659,Unknown,[M+H]+,null,1.00,False,null,null,null,null,null,null,999,False,False,False,Normalized unit: Intensity,False,False,122,0,0.00,null,null,null,null,null,null,null,140.23,P Finnie Mix 4p4 clmn TEST 4_GC2_01_66701,647.56659:288718 648.57126:133634 649.57592:30096,null,2581389,2705152,2703836,2668266,2664660.85307813,58084.2341856578
123,5.836,649.56683,Unknown,[M+H]+,null,1.00,False,null,null,null,null,null,null,999,False,False,False,Normalized unit: Intensity,False,False,123,0,0.00,null,null,null,null,null,null,null,843.17,P Finnie Mix 4p4 clmn TEST 4_GC2_01_66701,649.56683:1225518 650.57150:589302 651.57617:130444,null,5469127,5713633,5668307,5620169,5617808.879875,106213.712915355
124,11.181,649.59131,no MS2: SE 28:3/17:0,[M+H]+,null,1.00,False,14.427,649.59180,C45H76O2,EGSE,VGUZMPDGGYQYST-UHFFFAOYSA-N,O=C(OC1CC2=CC=C3C(CCC4(C)C3CCC4C(C=CC(C)C(C)C)C)C2(C)CC1)CCCCCCCCCCCCCCCC,530,False,True,False,Normalized unit: Intensity; Annotation method: Msp20260116160945_NCDK_conventional_converted_dev_1,False,False,124,0,0.00,1.00,null,null,null,-1.00,-1.00,-0.143,68.87,P Finnie Mix 4p4 clmn TEST 4_GC2_01_66701,649.59198:118952 650.59665:56028 651.60132:14356,null,563114,600777,595608,609787,592321.693328125,20334.2979888937
125,4.187,650.47766,no MS2: DG 38:10|DG 16:4_22:6,[M+NH4]+,null,0.75,False,9.339,650.47791,C41H60O5,DG,AWYKNXIHLDGFDB-UHFFFAOYSA-N,O=C(OCC(OC(=O)CCC=CCC=CCC=CCC=CCC=CCC=CCC)CO)CCC=CCC=CCC=CCC=CCC,530,False,True,False,Normalized unit: Intensity; Annotation method: Msp20260116160945_NCDK_conventional_converted_dev_1,False,False,125,0,0.00,1.00,null,null,null,-1.00,-1.00,-0.143,2255.60,P Finnie Mix 4p4 clmn TEST 4_GC2_01_66701,650.47766:13530166 651.48233:7930200 652.48700:1649324,null,389015,40592177,40833114,40312939,30531811.314125,20096321.3566726
126,4.070,650.47864,no MS2: DG 38:10|DG 16:4_22:6,[M+NH4]+,null,0.25,False,9.339,650.47791,C41H60O5,DG,AWYKNXIHLDGFDB-UHFFFAOYSA-N,O=C(OCC(OC(=O)CCC=CCC=CCC=CCC=CCC=CCC=CCC)CO)CCC=CCC=CCC=CCC=CCC,530,False,True,False,Normalized unit: Intensity; Annotation method: Msp20260116160945_NCDK_conventional_converted_dev_1,False,False,126,0,0.00,0.99,null,null,null,-1.00,-1.00,-0.146,8592.35,P Finnie Mix 4p4 clmn TEST 2_GC2_01_66699,650.47864:13474680 651.48331:7231466 652.48797:1563854,null,43345592,3565,12573,6438,10842041.9158281,21669033.6829065
127,4.181,650.61847,Unknown,[M+2H]2+,null,0.75,False,null,null,null,null,null,null,999,False,False,False,Normalized unit: Intensity,False,False,127,0,0.00,null,null,null,null,null,null,null,174.87,P Finnie Mix 4p4 clmn TEST 4_GC2_01_66701,650.61847:291670 651.62314:86532 652.62780:5170,null,3735,717755,748670,722814,548243.536859375,363258.087665887
128,4.070,650.61957,Unknown,[M+2H]2+,null,0.25,False,null,null,null,null,null,null,999,False,False,False,Normalized unit: Intensity,False,False,128,0,0.00,null,null,null,null,null,null,null,154.72,P Finnie Mix 4p4 clmn TEST 2_GC2_01_66699,650.61957:277034 651.62424:80762 652.62890:4948,null,767592,50,79,113,191958.635828125,383755.873719289
129,4.181,650.72858,Unknown,[M+H]+,null,0.75,False,null,null,null,null,null,null,999,False,False,False,Normalized unit: Intensity,False,False,129,0,0.00,null,null,null,null,null,null,null,876.11,P Finnie Mix 4p4 clmn TEST 4_GC2_01_66701,650.72858:241526 651.73324:123536 652.73791:0,null,212,621374,655285,630686,476889.49471875,318106.643565592
130,4.070,650.72931,Unknown,[M+H]+,null,0.25,False,null,null,null,null,null,null,999,False,False,False,Normalized unit: Intensity,False,False,130,0,0.00,null,null,null,null,null,null,null,790.64,P Finnie Mix 4p4 clmn TEST 2_GC2_01_66699,650.72931:228198 651.73398:112194 652.73864:0,null,667732,168,196,141,167059.309703125,333781.796057421
131,4.184,650.85486,Unknown,[M+H]+,null,0.50,False,null,null,null,null,null,null,999,False,False,False,Normalized unit: Intensity,False,False,131,0,0.00,null,null,null,null,null,null,null,509.17,P Finnie Mix 4p4 clmn TEST 3_GC2_01_66700,650.85486:109884 651.85953:0 652.86419:0,null,108,268989,228422,258488,189001.909390625,127097.054854553
132,6.626,651.49591,no MS2: RIKEN P-VS1 ID-6836 from Mouse_Plasma_ApoEKO_N_F1DHA,[M+H]+,null,1.00,False,7.720,651.49628,null,Unknown,null,null,530,False,True,False,Normalized unit: Intensity; Annotation method: Msp20260116160945_NCDK_conventional_converted_dev_1,False,False,132,0,0.00,1.00,null,null,null,-1.00,-1.00,-0.129,52.16,P Finnie Mix 4p4 clmn TEST 4_GC2_01_66701,651.49615:106876 652.50082:43798 653.50549:12844,null,496670,559205,588621,575968,555116.097265626,40784.1042169719
133,4.181,652.09613,Unknown,[M+H]+,null,0.75,False,null,null,null,null,null,null,999,False,False,False,Normalized unit: Intensity,False,False,133,0,0.00,null,null,null,null,null,null,null,1651.58,P Finnie Mix 4p4 clmn TEST 4_GC2_01_66701,652.09613:223022 653.10080:8032 654.10547:1646,null,1628,483354,482545,473859,360346.448734375,239183.945316414
134,4.070,652.09698,Unknown,[M+H]+,null,0.25,False,null,null,null,null,null,null,999,False,False,False,Normalized unit: Intensity,False,False,134,0,0.00,null,null,null,null,null,null,null,887.51,P Finnie Mix 4p4 clmn TEST 2_GC2_01_66699,652.09698:208744 653.10165:6150 654.10632:1574,null,504016,209,101,221,126136.727375,251919.200233035
135,8.531,652.56555,no MS2: RIKEN P-VS1 ID-6861 from Mouse_AdrenalGlands_WT_N_Ctr,[M+H]+,null,1.00,False,13.440,652.56500,null,Unknown,null,null,530,False,True,False,Normalized unit: Intensity; Annotation method: Msp20260116160945_NCDK_conventional_converted_dev_1,False,False,135,0,0.00,1.00,null,null,null,-1.00,-1.00,-0.129,121.08,P Finnie Mix 4p4 clmn TEST 5_GC2_01_66702,652.56500:207192 653.56967:102066 654.57434:21474,null,794938,808903,778446,764229,786628.856671876,19441.3474178128
136,6.860,656.53601,no MS2: SE 28:4/17:4,[M+NH4]+,null,1.00,False,13.250,656.54010,C45H66O2,DEGSE,AWOJODHRPDFUTH-UHFFFAOYSA-N,O=C(OC1CC2=CC=C3C(=CCC4(C)C3CCC4C(C=CC(C)C(C)C)C)C2(C)CC1)CCCC=CCC=CCC=CCC=CCC,530,False,True,False,Normalized unit: Intensity; Annotation method: Msp20260116160945_NCDK_conventional_converted_dev_1,False,False,136,0,0.00,0.88,null,null,null,-1.00,-1.00,-0.202,112.43,P Finnie Mix 4p4 clmn TEST 2_GC2_01_66699,656.53680:107918 657.54147:46464 658.54614:14674,null,363605,374648,379125,379780,374289.517375,7479.14532313737
137,8.145,656.61804,no MS2: Cer 40:0;O4|Cer 12:0;O3/28:0(2OH),[M+H]+,null,1.00,False,12.845,656.61877,C40H81NO5,Cer_AP,MHLZDWWJWWLEEU-UHFFFAOYSA-N,O=C(NC(CO)C(O)C(O)CCCCCCCC)C(O)CCCCCCCCCCCCCCCCCCCCCCCCCC,530,False,True,False,Normalized unit: Intensity; Annotation method: Msp20260116160945_NCDK_conventional_converted_dev_1,False,False,137,0,0.00,1.00,null,null,null,-1.00,-1.00,-0.143,161.67,P Finnie Mix 4p4 clmn TEST 3_GC2_01_66700,656.61859:110058 657.62326:48274 658.62793:10354,null,685171,664607,683685,695437,682224.9685625,12855.3045194863
138,8.921,660.57147,no MS2: SE 28:2/17:4,[M+NH4]+,null,0.75,False,13.377,660.57141,C45H70O2,BRSE,XUYZSOMGKYZQCL-UHFFFAOYSA-N,O=C(OC1CC2=CCC3C(CCC4(C)C(CCC34)C(C=CC(C)C(C)C)C)C2(C)CC1)CCCC=CCC=CCC=CCC=CCC,530,False,True,False,Normalized unit: Intensity; Annotation method: Msp20260116160945_NCDK_conventional_converted_dev_1,False,False,138,0,0.00,1.00,null,null,null,-1.00,-1.00,-0.143,114.08,P Finnie Mix 4p4 clmn TEST 3_GC2_01_66700,660.57147:86332 661.57614:39484 662.58081:10074,null,387156,402065,410179,387473,396718.2411875,11353.3265218556
139,7.294,661.55585,no MS2: SL 37:1;O|SL 12:1;O/25:0,[M+NH4]+,null,1.00,False,9.975,661.55481,C37H73NO5S,SL,YMDVQLNGPZIERA-UHFFFAOYSA-N,O=C(N(CC(O)C=CCCCCCCC)CS(=O)(=O)O)CCCCCCCCCCCCCCCCCCCCCCCC,530,False,True,False,Normalized unit: Intensity; Annotation method: Msp20260116160945_NCDK_conventional_converted_dev_1,False,False,139,0,0.00,0.99,null,null,null,-1.00,-1.00,-0.149,108.21,P Finnie Mix 4p4 clmn TEST 3_GC2_01_66700,661.55585:110184 662.56051:55850 663.56518:17890,null,536799,490927,489519,472150,497348.56271875,27651.4218683602
140,6.404,663.45380,no MS2: RIKEN P-VS1 ID-7082 from Mouse_Macrophage_WT_N_F1AA,[M+H]+,null,1.00,False,9.900,663.45538,null,Unknown,null,null,530,False,True,False,Normalized unit: Intensity; Annotation method: Msp20260116160945_NCDK_conventional_converted_dev_1,False,False,140,0,0.00,0.99,null,null,null,-1.00,-1.00,-0.132,112.60,P Finnie Mix 4p4 clmn TEST 2_GC2_01_66699,663.45459:684228 664.45926:312828 665.46393:68820,null,4028263,7190828,7427287,7525059,6542859.53585937,1682258.93890309
141,8.808,663.57007,no MS2: RIKEN P-VS1 ID-7095 from Mouse_Muscle_WT_CTX0_Ctr,[M+H]+,null,1.00,False,12.100,663.56897,null,Unknown,null,null,530,False,True,False,Normalized unit: Intensity; Annotation method: Msp20260116160945_NCDK_conventional_converted_dev_1,False,False,141,0,0.00,0.99,null,null,null,-1.00,-1.00,-0.135,91.79,P Finnie Mix 4p4 clmn TEST 5_GC2_01_66702,663.57007:985434 664.57474:482536 665.57940:114112,null,4443298,4825464,4927632,4825156,4755387.38620313,213577.655814894
142,8.999,663.57050,no MS2: RIKEN P-VS1 ID-7095 from Mouse_Muscle_WT_CTX0_Ctr,[M+H]+,null,1.00,False,12.100,663.56897,null,Unknown,null,null,530,False,True,False,Normalized unit: Intensity; Annotation method: Msp20260116160945_NCDK_conventional_converted_dev_1,False,False,142,0,0.00,1.00,null,null,null,-1.00,-1.00,-0.129,196.03,P Finnie Mix 4p4 clmn TEST 5_GC2_01_66702,663.56927:2066456 664.57394:1048346 665.57861:263384,null,9712330,10196061,9972463,9907779,9947158.32898438,199405.370611773
143,8.149,663.57068,no MS2: RIKEN P-VS1 ID-7095 from Mouse_Muscle_WT_CTX0_Ctr,[M+H]+,null,1.00,False,12.100,663.56897,null,Unknown,null,null,530,False,True,False,Normalized unit: Intensity; Annotation method: Msp20260116160945_NCDK_conventional_converted_dev_1,False,False,143,0,0.00,0.98,null,null,null,-1.00,-1.00,-0.139,8.41,P Finnie Mix 4p4 clmn TEST 4_GC2_01_66701,663.57043:93852 664.57510:46880 665.57977:49440,null,432093,479409,480234,477422,467289.119296875,23493.9912918258
144,7.889,663.57117,no MS2: SL 37:0;O|SL 12:0;O/25:0,[M+NH4]+,null,1.00,False,10.979,663.57037,C37H75NO5S,SL,GERSZGWKMLRVRK-UHFFFAOYSA-N,O=C(N(CC(O)CCCCCCCCC)CS(=O)(=O)O)CCCCCCCCCCCCCCCCCCCCCCCC,530,False,True,False,Normalized unit: Intensity; Annotation method: Msp20260116160945_NCDK_conventional_converted_dev_1,False,False,144,0,0.00,1.00,null,null,null,-1.00,-1.00,-0.144,17.69,P Finnie Mix 4p4 clmn TEST 5_GC2_01_66702,663.57074:176514 664.57541:87788 665.58008:21504,null,1113459,1221055,1193681,1175403,1175899.2691875,45658.9379997514
145,10.665,664.60168,no MS2: SE 28:2/17:2,[M+NH4]+,null,1.00,False,14.133,664.60272,C45H74O2,BRSE,YNGVKVHZBTYWFJ-UHFFFAOYSA-N,O=C(OC1CC2=CCC3C(CCC4(C)C(CCC34)C(C=CC(C)C(C)C)C)C2(C)CC1)CCCCCCCC=CCC=CCCCC,530,False,True,False,Normalized unit: Intensity; Annotation method: Msp20260116160945_NCDK_conventional_converted_dev_1,False,False,145,0,0.00,1.00,null,null,null,-1.00,-1.00,-0.143,15.00,P Finnie Mix 4p4 clmn TEST 2_GC2_01_66699,664.60303:183706 665.60770:89440 666.61236:20122,null,785297,827764,789905,761513,791119.714968748,27415.1199214932
146,9.624,665.58527,no MS2: NAGly 38:3;O2|NAGly 10:0;O(FA 28:2),[M+NH4]+,null,1.00,False,10.892,665.58270,C40H73NO5,NAGly,FCLGARUURSJBIN-UHFFFAOYSA-N,O=C(O)CNC(=O)CCCCCC(OC(=O)CCCCCCCCCCCCCCCC=CCC=CCCCCCCC)CCC,530,False,True,False,Normalized unit: Intensity; Annotation method: Msp20260116160945_NCDK_conventional_converted_dev_1,False,False,146,0,0.00,0.97,null,null,null,-1.00,-1.00,-0.159,11.41,P Finnie Mix 4p4 clmn TEST 5_GC2_01_66702,665.58441:104590 666.58908:48932 667.59375:12732,null,512015,542675,543234,523789,530428.095484374,15243.4549851447
147,9.316,665.58563,no MS2: NAGly 38:3;O2|NAGly 10:0;O(FA 28:2),[M+NH4]+,null,1.00,False,10.892,665.58270,C40H73NO5,NAGly,FCLGARUURSJBIN-UHFFFAOYSA-N,O=C(O)CNC(=O)CCCCCC(OC(=O)CCCCCCCCCCCCCCCC=CCC=CCCCCCCC)CCC,530,False,True,False,Normalized unit: Intensity; Annotation method: Msp20260116160945_NCDK_conventional_converted_dev_1,False,False,147,0,0.00,0.96,null,null,null,-1.00,-1.00,-0.161,10.94,P Finnie Mix 4p4 clmn TEST 5_GC2_01_66702,665.58453:86366 666.58920:42658 667.59387:11074,null,552672,630926,585936,576765,586574.59209375,32726.4130881492
148,11.181,666.61829,no MS2: SE 28:2/17:1,[M+NH4]+,null,1.00,False,14.759,666.61841,C45H76O2,BRSE,KZVQJMDFHGPLAH-UHFFFAOYSA-N,O=C(OC1CC2=CCC3C(CCC4(C)C(CCC34)C(C=CC(C)C(C)C)C)C2(C)CC1)CCCCCCCC=CCCCCCCC,530,False,True,False,Normalized unit: Intensity; Annotation method: Msp20260116160945_NCDK_conventional_converted_dev_1,False,False,148,0,0.00,1.00,null,null,null,-1.00,-1.00,-0.143,4122.44,P Finnie Mix 4p4 clmn TEST 5_GC2_01_66702,666.61829:12745336 667.62295:8200210 668.62762:1827404,null,59147826,62230147,60883462,61714258,60993923.5457031,1349988.75020912
149,11.181,666.76093,Unknown,[M+2H]2+,null,1.00,False,null,null,null,null,null,null,999,False,False,False,Normalized unit: Intensity,False,False,149,0,0.00,null,null,null,null,null,null,null,2082.87,P Finnie Mix 4p4 clmn TEST 5_GC2_01_66702,666.76093:250298 667.76559:136400 668.77026:7526,null,1005899,1068023,1034323,1060735,1042244.96189062,28226.4136095052
150,11.181,666.87286,Unknown,[M+H]+,null,1.00,False,null,null,null,null,null,null,999,False,False,False,Normalized unit: Intensity,False,False,150,0,0.00,null,null,null,null,null,null,null,1937.79,P Finnie Mix 4p4 clmn TEST 3_GC2_01_66700,666.87286:214116 667.87753:130104 668.88220:7696,null,944699,973640,973976,945337,959413.122390625,16624.533906985
151,11.184,666.99768,Unknown,[M+H]+,null,0.75,False,null,null,null,null,null,null,999,False,False,False,Normalized unit: Intensity,False,False,151,0,0.00,null,null,null,null,null,null,null,945.66,P Finnie Mix 4p4 clmn TEST 3_GC2_01_66700,666.99768:180038 668.00235:0 669.00702:0,null,283614,491240,323597,277833,344071.019375,100200.462482843
152,8.513,668.56030,no MS2: Cer 43:6;O4|Cer 13:1;O3/30:5(2OH),[M+H-H2O]+,null,1.00,False,10.883,668.56122,C43H75NO5,Cer_AP,ZONIEZPNUFUHOV-UHFFFAOYSA-N,O=C(NC(CO)C(O)C(O)CCCC=CCCCC)C(O)CCCCCCCCCCCCC=CCC=CCC=CCC=CCC=CCC,530,False,True,False,Normalized unit: Intensity; Annotation method: Msp20260116160945_NCDK_conventional_converted_dev_1,False,False,152,0,0.00,1.00,null,null,null,-1.00,-1.00,-0.143,8.93,P Finnie Mix 4p4 clmn TEST 2_GC2_01_66699,668.56140:66032 669.56607:29846 670.57074:9916,null,587123,599114,606306,592043,596146.494875,8372.09364311958
153,6.486,668.56171,no MS2: Cer 43:6;O4|Cer 13:1;O3/30:5(2OH),[M+H-H2O]+,null,0.75,False,10.883,668.56122,C43H75NO5,Cer_AP,ZONIEZPNUFUHOV-UHFFFAOYSA-N,O=C(NC(CO)C(O)C(O)CCCC=CCCCC)C(O)CCCCCCCCCCCCC=CCC=CCC=CCC=CCC=CCC,530,False,True,False,Normalized unit: Intensity; Annotation method: Msp20260116160945_NCDK_conventional_converted_dev_1,False,False,153,0,0.00,1.00,null,null,null,-1.00,-1.00,-0.143,20.67,P Finnie Mix 4p4 clmn TEST 5_GC2_01_66702,668.56104:95456 669.56570:41240 670.57037:10038,null,451557,517920,512396,505727,496900.02909375,30636.7261065255
154,11.679,668.63599,no MS2: SE 28:2/17:0,[M+NH4]+,null,1.00,False,14.709,668.63397,C45H78O2,BRSE,JRHOHGAECXXOMB-UHFFFAOYSA-N,O=C(OC1CC2=CCC3C(CCC4(C)C(CCC34)C(C=CC(C)C(C)C)C)C2(C)CC1)CCCCCCCCCCCCCCCC,530,False,True,False,Normalized unit: Intensity; Annotation method: Msp20260116160945_NCDK_conventional_converted_dev_1,False,False,154,0,0.00,1.00,null,null,null,-1.00,-1.00,-0.143,45496.08,P Finnie Mix 4p4 clmn TEST 4_GC2_01_66701,668.63373:8294004 669.63840:4037864 670.64306:883304,null,45340411,48052638,47084955,46856526,46833632.6748906,1122404.00222394
155,11.679,668.77521,Unknown,[M+2H]2+,null,1.00,False,null,null,null,null,null,null,999,False,False,False,Normalized unit: Intensity,False,False,155,0,0.00,null,null,null,null,null,null,null,1886.13,P Finnie Mix 4p4 clmn TEST 4_GC2_01_66701,668.77521:190192 669.77988:97944 670.78454:5346,null,933535,963027,962535,964001,955774.70409375,14838.6696923675
156,11.679,668.88684,Unknown,[M+H]+,null,1.00,False,null,null,null,null,null,null,999,False,False,False,Normalized unit: Intensity,False,False,156,0,0.00,null,null,null,null,null,null,null,2048.91,P Finnie Mix 4p4 clmn TEST 3_GC2_01_66700,668.88684:167452 669.89151:80992 670.89618:3412,null,821888,868104,858083,840066,847035.342671875,20387.1975341695
157,8.787,669.61377,no MS2: NAGly 38:1;O2|NAGly 10:0;O(FA 28:0),[M+NH4]+,null,1.00,False,12.373,669.61401,C40H77NO5,NAGly,JPEJTVAOJATUIU-UHFFFAOYSA-N,O=C(O)CNC(=O)CCCCCC(OC(=O)CCCCCCCCCCCCCCCCCCCCCCCCCCC)CCC,530,False,True,False,Normalized unit: Intensity; Annotation method: Msp20260116160945_NCDK_conventional_converted_dev_1,False,False,157,0,0.00,1.00,null,null,null,-1.00,-1.00,-0.143,116.32,P Finnie Mix 4p4 clmn TEST 3_GC2_01_66700,669.61420:291480 670.61886:128154 671.62353:37088,null,1901628,1990148,2040553,2013567,1986473.96753125,60196.8670953115
158,8.145,670.63373,no MS2: Cer 41:0;O4|Cer 12:0;O3/29:0(2OH),[M+H]+,null,1.00,False,12.642,670.63440,C41H83NO5,Cer_AP,BOJNERMWPCTWPY-UHFFFAOYSA-N,O=C(NC(CO)C(O)C(O)CCCCCCCC)C(O)CCCCCCCCCCCCCCCCCCCCCCCCCCC,530,False,True,False,Normalized unit: Intensity; Annotation method: Msp20260116160945_NCDK_conventional_converted_dev_1,False,False,158,0,0.00,1.00,null,null,null,-1.00,-1.00,-0.143,332.56,P Finnie Mix 4p4 clmn TEST 3_GC2_01_66700,670.63452:244332 671.63919:104062 672.64386:22282,null,1390695,1372729,1435282,1431684,1407597.25585938,30811.8906184734
159,9.433,670.63470,no MS2: Cer 41:0;O4|Cer 12:0;O3/29:0(2OH),[M+H]+,null,1.00,False,12.642,670.63440,C41H83NO5,Cer_AP,BOJNERMWPCTWPY-UHFFFAOYSA-N,O=C(NC(CO)C(O)C(O)CCCCCCCC)C(O)CCCCCCCCCCCCCCCCCCCCCCCCCCC,530,False,True,False,Normalized unit: Intensity; Annotation method: Msp20260116160945_NCDK_conventional_converted_dev_1,False,False,159,0,0.00,1.00,null,null,null,-1.00,-1.00,-0.143,627.30,P Finnie Mix 4p4 clmn TEST 2_GC2_01_66699,670.63470:105370 671.63937:44958 672.64404:9608,null,349968,346841,344560,341793,345790.613359376,3466.68056313119
160,11.185,671.57343,no MS2: SE 28:3/17:0,[M+Na]+,null,1.00,False,14.427,671.57379,C45H76O2,EGSE,VGUZMPDGGYQYST-UHFFFAOYSA-N,O=C(OC1CC2=CC=C3C(CCC4(C)C3CCC4C(C=CC(C)C(C)C)C)C2(C)CC1)CCCCCCCCCCCCCCCC,530,False,True,False,Normalized unit: Intensity; Annotation method: Msp20260116160945_NCDK_conventional_converted_dev_1,False,False,160,0,0.00,1.00,null,null,null,-1.00,-1.00,-0.144,17.96,P Finnie Mix 4p4 clmn TEST 5_GC2_01_66702,671.57343:116192 672.57809:54342 673.58276:13538,null,1244478,1330010,1302664,1353762,1307728.46584375,47052.3188719337
161,10.435,671.57666,no MS2: SE 28:4/19:2,[M+H]+,null,1.00,False,14.218,671.57617,C47H74O2,DEGSE,ZJTNNWFGVBBRTO-UHFFFAOYSA-N,O=C(OC1CC2=CC=C3C(=CCC4(C)C3CCC4C(C=CC(C)C(C)C)C)C2(C)CC1)CCCCCCCC=CCC=CCCCCCC,530,False,True,False,Normalized unit: Intensity; Annotation method: Msp20260116160945_NCDK_conventional_converted_dev_1,False,False,161,0,0.00,1.00,null,null,null,-1.00,-1.00,-0.143,53.72,P Finnie Mix 4p4 clmn TEST 4_GC2_01_66701,671.57587:483542 672.58053:246130 673.58520:59962,null,2185841,2422345,2305448,2362190,2318956.03953125,100764.72794075
162,4.187,672.45831,no MS2: NAGlySer 33:8;O2|NAGlySer 15:2;O(FA 18:5),[M+NH4]+,null,0.75,False,6.837,672.45819,C38H58N2O7,NAGlySer,BYGAKDKLSNXTFE-UHFFFAOYSA-N,O=C(OC(C=CCC=CCCC)CCCCCC(=O)NCC(=O)NC(C(=O)O)CO)CC=CCC=CCC=CCC=CCC=CCC,530,False,True,False,Normalized unit: Intensity; Annotation method: Msp20260116160945_NCDK_conventional_converted_dev_1,False,False,162,0,0.00,1.00,null,null,null,-1.00,-1.00,-0.143,156.15,P Finnie Mix 4p4 clmn TEST 5_GC2_01_66702,672.45831:743666 673.46298:267280 674.46765:51870,null,9518,2121014,2165168,2212823,1627130.927,1079060.12940564
163,4.070,672.46002,no MS2: DMPE 29:3|DMPE 5:0_24:3,[M+H]+,null,0.25,False,8.002,672.45990,C36H66NO8P,DMPE,OLPAAMLBJGXHGT-UHFFFAOYSA-N,O=C(OCC(OC(=O)CCCCCCCCC=CCC=CCC=CCCCCCCC)COP(=O)(O)OCCN(C)C)CCCC,530,False,True,False,Normalized unit: Intensity; Annotation method: Msp20260116160945_NCDK_conventional_converted_dev_1,False,False,163,0,0.00,1.00,null,null,null,-1.00,-1.00,-0.143,96.16,P Finnie Mix 4p4 clmn TEST 2_GC2_01_66699,672.46002:772888 673.46469:269602 674.46936:57204,null,2212116,29,247,63,553114.073093751,1106001.60971767
164,6.634,673.55151,no MS2: BA 24:1;O3;G/15:1,[M+NH4]+,null,1.00,False,8.600,673.55139,C41H69NO5,GLCAE,QOVSRTINJJJJSR-UHFFFAOYSA-N,O=C(O)CNC(=O)CCC(C)C1CCC2C3CCC4CC(OC(=O)CCCCCCCC=CCCCCC)CCC4(C)C3CCC12C,530,False,True,False,Normalized unit: Intensity; Annotation method: Msp20260116160945_NCDK_conventional_converted_dev_1,False,False,164,0,0.00,1.00,null,null,null,-1.00,-1.00,-0.143,208.90,P Finnie Mix 4p4 clmn TEST 5_GC2_01_66702,673.55133:375300 674.55600:162142 675.56067:40706,null,1680116,1872037,1894923,1876354,1830857.34510938,100983.786876584
165,11.719,673.58917,no MS2: VAE 25:0,[M+Na]+,null,1.00,False,14.642,673.58942,C45H78O2,VAE,HJYFPBYXTPMOIB-UHFFFAOYSA-N,O=C(OCC=C(C=CC=C(C=CC1=C(C)CCCC1(C)C)C)C)CCCCCCCCCCCCCCCCCCCCCCCC,530,False,True,False,Normalized unit: Intensity; Annotation method: Msp20260116160945_NCDK_conventional_converted_dev_1,False,False,165,0,0.00,1.00,null,null,null,-1.00,-1.00,-0.143,49.78,P Finnie Mix 4p4 clmn TEST 4_GC2_01_66701,673.58917:72474 674.59384:32838 675.59851:8906,null,661406,669460,672636,657041,665135.725921875,7173.78773715556
166,4.710,678.50970,no MS2: DG 40:10|DG 8:1_32:9,[M+NH4]+,null,1.00,False,8.962,678.50922,C43H64O5,DG,AUIMXXAWVRDXDL-UHFFFAOYSA-N,O=C(OCC(OC(=O)CCCC=CCC=CCC=CCC=CCC=CCC=CCC=CCC=CCC=CCC)CO)CCC=CCCC,530,False,True,False,Normalized unit: Intensity; Annotation method: Msp20260116160945_NCDK_conventional_converted_dev_1,False,False,166,0,0.00,1.00,null,null,null,-1.00,-1.00,-0.143,17802.39,P Finnie Mix 4p4 clmn TEST 2_GC2_01_66699,678.50940:13264840 679.51407:7207384 680.51873:1534748,null,45581791,46110191,44697961,45489137,45469770.1742031,582738.30219514
167,4.710,678.65344,Unknown,[M+2H]2+,null,1.00,False,null,null,null,null,null,null,999,False,False,False,Normalized unit: Intensity,False,False,167,0,0.00,null,null,null,null,null,null,null,1108.36,P Finnie Mix 4p4 clmn TEST 3_GC2_01_66700,678.65344:276886 679.65811:107722 680.66278:5318,null,723619,775909,748776,728956,744314.827265625,23680.4561571862
168,4.710,678.76599,Unknown,[M+H]+,null,1.00,False,null,null,null,null,null,null,999,False,False,False,Normalized unit: Intensity,False,False,168,0,0.00,null,null,null,null,null,null,null,940.76,P Finnie Mix 4p4 clmn TEST 3_GC2_01_66700,678.76599:235374 679.77066:127546 680.77533:5574,null,695745,708058,696127,665767,691424.17084375,18034.7791990055
169,4.710,678.89417,Unknown,[M+H]+,null,1.00,False,null,null,null,null,null,null,999,False,False,False,Normalized unit: Intensity,False,False,169,0,0.00,null,null,null,null,null,null,null,647.55,P Finnie Mix 4p4 clmn TEST 3_GC2_01_66700,678.89417:135522 679.89883:0 680.90350:0,null,307405,326448,311703,313060,314654.043671875,8223.90817430434
170,7.893,679.56616,no MS2: SL 37:0;O2|SL 12:0;O/25:0;O,[M+NH4]+,null,1.00,False,9.618,679.56531,C37H75NO6S,SL,HRKHLLMYVHITRH-UHFFFAOYSA-N,O=C(N(CC(O)CCCCCCCCC)CS(=O)(=O)O)C(O)CCCCCCCCCCCCCCCCCCCCCCC,530,False,True,False,Normalized unit: Intensity; Annotation method: Msp20260116160945_NCDK_conventional_converted_dev_1,False,False,170,0,0.00,1.00,null,null,null,-1.00,-1.00,-0.144,90.81,P Finnie Mix 4p4 clmn TEST 4_GC2_01_66701,679.56586:277576 680.57052:140218 681.57519:343928,null,1049876,1104125,1108358,1158822,1105295.21045313,44523.7082705941
171,8.097,679.56647,no MS2: SL 37:0;O2|SL 12:0;O/25:0;O,[M+NH4]+,null,1.00,False,9.618,679.56531,C37H75NO6S,SL,HRKHLLMYVHITRH-UHFFFAOYSA-N,O=C(N(CC(O)CCCCCCCCC)CS(=O)(=O)O)C(O)CCCCCCCCCCCCCCCCCCCCCCC,530,False,True,False,Normalized unit: Intensity; Annotation method: Msp20260116160945_NCDK_conventional_converted_dev_1,False,False,171,0,0.00,1.00,null,null,null,-1.00,-1.00,-0.143,142.96,P Finnie Mix 4p4 clmn TEST 4_GC2_01_66701,679.56525:445930 680.56991:213892 681.57458:62232,null,1964026,2259108,2164526,2059278,2111734.535375,127900.434648718
172,5.766,679.57788,Unknown,[M+H]+,null,1.00,False,null,null,null,null,null,null,999,False,False,False,Normalized unit: Intensity,False,False,172,0,0.00,null,null,null,null,null,null,null,135.76,P Finnie Mix 4p4 clmn TEST 4_GC2_01_66701,679.57788:300556 680.58255:141182 681.58722:32804,null,1729667,1760229,1764456,1729145,1745874.07632813,19095.5000641236
173,6.409,680.48016,no MS2: RIKEN P-VS1 ID-7491 from Mouse_Macrophage_WT_N_F1AA,[M+H]+,null,1.00,False,9.910,680.48163,null,Unknown,null,null,530,False,True,False,Normalized unit: Intensity; Annotation method: Msp20260116160945_NCDK_conventional_converted_dev_1,False,False,173,0,0.00,1.00,null,null,null,-1.00,-1.00,-0.131,113.77,P Finnie Mix 4p4 clmn TEST 2_GC2_01_66699,680.48096:458064 681.48562:208804 682.49029:46008,null,2696416,4660322,4731726,4700999,4197365.8690625,1001060.68990354
174,8.808,680.59698,no MS2: Cer 45:6;O3|Cer 13:0;O2/32:6;O,[M+H-H2O]+,null,1.00,False,12.094,680.59760,C45H79NO4,Cer_HDS,IMKVRXPFYIJVDT-UHFFFAOYSA-N,O=C(NC(CO)C(O)CCCCCCCCCC)C(O)CCCCCCCCCCCC=CCC=CCC=CCC=CCC=CCC=CCC,530,False,True,False,Normalized unit: Intensity; Annotation method: Msp20260116160945_NCDK_conventional_converted_dev_1,False,False,174,0,0.00,1.00,null,null,null,-1.00,-1.00,-0.143,215.57,P Finnie Mix 4p4 clmn TEST 3_GC2_01_66700,680.59760:1436064 681.60226:691128 682.60693:172432,null,7000091,7518284,7574834,7516432,7402410.31945313,269579.138609957
175,7.898,681.58093,Unknown,[M+H]+,null,1.00,False,null,null,null,null,null,null,999,False,False,False,Normalized unit: Intensity,False,False,175,0,0.00,null,null,null,null,null,null,null,26.86,P Finnie Mix 4p4 clmn TEST 3_GC2_01_66700,681.58093:355054 682.58560:155276 683.59027:40220,null,1561578,1658227,1629953,1619979,1617434.32854687,40608.3790207496
176,9.628,682.61273,no MS2: Cer 45:5;O3|Cer 13:0;O2/32:5;O,[M+H-H2O]+,null,1.00,False,12.237,682.61328,C45H81NO4,Cer_HDS,GYCYIPZNYODISX-UHFFFAOYSA-N,O=C(NC(CO)C(O)CCCCCCCCCC)C(O)CCCCCCCCCCCCCCC=CCC=CCC=CCC=CCC=CCC,530,False,True,False,Normalized unit: Intensity; Annotation method: Msp20260116160945_NCDK_conventional_converted_dev_1,False,False,176,0,0.00,1.00,null,null,null,-1.00,-1.00,-0.143,118.79,P Finnie Mix 4p4 clmn TEST 2_GC2_01_66699,682.61353:570910 683.61819:288506 684.62286:69512,null,2528159,2688920,2626767,2603462,2611827.12176562,66424.8119556417
177,10.005,684.62860,no MS2: Cer 45:4;O3|Cer 13:0;O2/32:4;O,[M+H-H2O]+,null,1.00,False,12.951,684.62891,C45H83NO4,Cer_HDS,MMCKNJGGLAFKBU-UHFFFAOYSA-N,O=C(NC(CO)C(O)CCCCCCCCCC)C(O)CCCCCCCCCCCCCCCCCC=CCC=CCC=CCC=CCC,530,False,True,False,Normalized unit: Intensity; Annotation method: Msp20260116160945_NCDK_conventional_converted_dev_1,False,False,177,0,0.00,1.00,null,null,null,-1.00,-1.00,-0.143,445.24,P Finnie Mix 4p4 clmn TEST 3_GC2_01_66700,684.62860:129108 685.63327:62868 686.63794:13426,null,445854,499393,474095,451554,467724.102578126,24380.8994182348
178,8.787,684.64929,no MS2: Cer 42:0;O4|Cer 12:0;O3/30:0(2OH),[M+H]+,null,1.00,False,12.301,684.65009,C42H85NO5,Cer_AP,OKSAIGIQXDCTFM-UHFFFAOYSA-N,O=C(NC(CO)C(O)C(O)CCCCCCCC)C(O)CCCCCCCCCCCCCCCCCCCCCCCCCCCC,530,False,True,False,Normalized unit: Intensity; Annotation method: Msp20260116160945_NCDK_conventional_converted_dev_1,False,False,178,0,0.00,1.00,null,null,null,-1.00,-1.00,-0.143,385.51,P Finnie Mix 4p4 clmn TEST 2_GC2_01_66699,684.65033:59478 685.65500:27664 686.65967:6234,null,467711,479195,498307,478482,480923.929765625,12724.1667171288
179,6.405,685.43610,no MS2: SM 32:7;O2,[M+Na]+,null,0.75,False,6.300,685.43158,C37H63N2O6P,SM,XKTXCUCZGOGZTL-UHFFFAOYSA-N,O=C(NC(COP(=O)([O-])OCC[N+](C)(C)C)C(O)C=CCCC=CCCC)CCCC=CCC=CCC=CCC=CCC=CCC,530,False,True,False,Normalized unit: Intensity; Annotation method: Msp20260116160945_NCDK_conventional_converted_dev_1,False,False,179,0,0.00,0.81,null,null,null,-1.00,-1.00,-0.236,48.44,P Finnie Mix 4p4 clmn TEST 4_GC2_01_66701,685.43597:134268 686.44064:61254 687.44531:17106,null,400962,704199,727878,756467,647376.302765625,165660.447281554
180,8.999,685.55139,no MS2: BA 24:1;O3;G/16:2,[M+NH4]+,null,1.00,False,8.416,685.55139,C42H69NO5,GLCAE,LXMQNVPHLGGKBS-UHFFFAOYSA-N,O=C(O)CNC(=O)CCC(C)C1CCC2C3CCC4CC(OC(=O)CCCCCCCC=CCC=CCCC)CCC4(C)C3CCC12C,530,False,True,False,Normalized unit: Intensity; Annotation method: Msp20260116160945_NCDK_conventional_converted_dev_1,False,False,180,0,0.00,1.00,null,null,null,-1.00,-1.00,-0.143,239.67,P Finnie Mix 4p4 clmn TEST 5_GC2_01_66702,685.55139:578156 686.55606:275260 687.56073:68048,null,3133965,3278493,3321538,3330207,3266050.87064063,90914.2419234033
181,10.040,686.58630,no MS2: RIKEN P-VS1 ID-7651 from Mouse_Plasma_ApoEKO_N_F1DHA,[M+H]+,null,1.00,False,13.920,686.58899,null,Unknown,null,null,530,False,True,False,Normalized unit: Intensity; Annotation method: Msp20260116160945_NCDK_conventional_converted_dev_1,False,False,181,0,0.00,0.98,null,null,null,-1.00,-1.00,-0.139,57.76,P Finnie Mix 4p4 clmn TEST 2_GC2_01_66699,686.58752:82784 687.59219:42456 688.59686:10534,null,418238,437426,419333,404610,419901.786468751,13466.1905661609
182,9.624,687.56714,no MS2: BA 24:1;O3;G/16:1,[M+NH4]+,null,1.00,False,8.768,687.56702,C42H71NO5,GLCAE,WFFMHKJPNDEUHA-UHFFFAOYSA-N,O=C(O)CNC(=O)CCC(C)C1CCC2C3CCC4CC(OC(=O)CCCCCCCC=CCCCCCC)CCC4(C)C3CCC12C,530,False,True,False,Normalized unit: Intensity; Annotation method: Msp20260116160945_NCDK_conventional_converted_dev_1,False,False,182,0,0.00,1.00,null,null,null,-1.00,-1.00,-0.143,210.55,P Finnie Mix 4p4 clmn TEST 4_GC2_01_66701,687.56714:302428 688.57181:146678 689.57647:34010,null,1503458,1555644,1573583,1566485,1549792.31345312,31758.0524632737
183,6.817,687.56744,no MS2: BA 24:1;O3;G/16:1,[M+NH4]+,null,1.00,False,8.768,687.56702,C42H71NO5,GLCAE,WFFMHKJPNDEUHA-UHFFFAOYSA-N,O=C(O)CNC(=O)CCC(C)C1CCC2C3CCC4CC(OC(=O)CCCCCCCC=CCCCCCC)CCC4(C)C3CCC12C,530,False,True,False,Normalized unit: Intensity; Annotation method: Msp20260116160945_NCDK_conventional_converted_dev_1,False,False,183,0,0.00,1.00,null,null,null,-1.00,-1.00,-0.143,101.18,P Finnie Mix 4p4 clmn TEST 5_GC2_01_66702,687.56689:123088 688.57156:56104 689.57623:17624,null,1256055,1439530,1440865,1399138,1383897.14596875,87399.7695894713
184,9.316,687.56769,no MS2: BA 24:1;O3;G/16:1,[M+NH4]+,null,1.00,False,8.768,687.56702,C42H71NO5,GLCAE,WFFMHKJPNDEUHA-UHFFFAOYSA-N,O=C(O)CNC(=O)CCC(C)C1CCC2C3CCC4CC(OC(=O)CCCCCCCC=CCCCCCC)CCC4(C)C3CCC12C,530,False,True,False,Normalized unit: Intensity; Annotation method: Msp20260116160945_NCDK_conventional_converted_dev_1,False,False,184,0,0.00,1.00,null,null,null,-1.00,-1.00,-0.143,66.92,P Finnie Mix 4p4 clmn TEST 4_GC2_01_66701,687.56720:92326 688.57187:44800 689.57654:40934,null,540946,617963,602523,576074,584376.602734375,33726.7570858166
185,8.912,687.56848,no MS2: BA 24:1;O3;G/16:1,[M+NH4]+,null,1.00,False,8.768,687.56702,C42H71NO5,GLCAE,WFFMHKJPNDEUHA-UHFFFAOYSA-N,O=C(O)CNC(=O)CCC(C)C1CCC2C3CCC4CC(OC(=O)CCCCCCCC=CCCCCCC)CCC4(C)C3CCC12C,530,False,True,False,Normalized unit: Intensity; Annotation method: Msp20260116160945_NCDK_conventional_converted_dev_1,False,False,185,0,0.00,1.00,null,null,null,-1.00,-1.00,-0.143,93.60,P Finnie Mix 4p4 clmn TEST 5_GC2_01_66702,687.56720:141976 688.57187:65406 689.57654:18084,null,958194,997621,1008011,1001587,991353.295734375,22516.8629127091
186,10.430,688.60291,no MS2: SE 28:2/19:4,[M+NH4]+,null,1.00,False,13.944,688.60272,C47H74O2,BRSE,ZNKOFJNOJYEHQU-UHFFFAOYSA-N,O=C(OC1CC2=CCC3C(CCC4(C)C(CCC34)C(C=CC(C)C(C)C)C)C2(C)CC1)CCCCCC=CCC=CCC=CCC=CCC,530,False,True,False,Normalized unit: Intensity; Annotation method: Msp20260116160945_NCDK_conventional_converted_dev_1,False,False,186,0,0.00,1.00,null,null,null,-1.00,-1.00,-0.143,2817.13,P Finnie Mix 4p4 clmn TEST 4_GC2_01_66701,688.60291:13383994 689.60757:9704844 690.61224:2319240,null,66825523,69506436,68863116,68715600,68477668.8097813,1153708.2390522
187,10.435,688.74872,Unknown,[M+2H]2+,null,1.00,False,null,null,null,null,null,null,999,False,False,False,Normalized unit: Intensity,False,False,187,0,0.00,null,null,null,null,null,null,null,2259.02,P Finnie Mix 4p4 clmn TEST 3_GC2_01_66700,688.74872:256664 689.75339:141962 690.75805:9060,null,1100742,1188759,1137942,1151563,1144751.65834375,36360.1672432146
188,10.430,688.85999,Unknown,[M+H]+,null,1.00,False,null,null,null,null,null,null,999,False,False,False,Normalized unit: Intensity,False,False,188,0,0.00,null,null,null,null,null,null,null,1973.82,P Finnie Mix 4p4 clmn TEST 5_GC2_01_66702,688.85999:238346 689.86465:143238 690.86932:7712,null,1072492,1111950,1093120,1098722,1094070.78820313,16409.9135929772
189,10.439,688.98755,Unknown,[M+H]+,null,1.00,False,null,null,null,null,null,null,999,False,False,False,Normalized unit: Intensity,False,False,189,0,0.00,null,null,null,null,null,null,null,725.05,P Finnie Mix 4p4 clmn TEST 4_GC2_01_66701,688.98755:199944 689.99222:23484 690.99688:0,null,304526,401049,468492,317240,372826.656890625,76818.6439111035
190,10.009,689.58417,no MS2: BA 24:1;O3;G/16:0,[M+NH4]+,null,0.50,False,9.029,689.58270,C42H73NO5,GLCAE,MWFDDGQQCFCTNE-UHFFFAOYSA-N,O=C(O)CNC(=O)CCC(C)C1CCC2C3CCC4CC(OC(=O)CCCCCCCCCCCCCCC)CCC4(C)C3CCC12C,530,False,True,False,Normalized unit: Intensity; Annotation method: Msp20260116160945_NCDK_conventional_converted_dev_1,False,False,190,0,0.00,1.00,null,null,null,-1.00,-1.00,-0.143,13.20,P Finnie Mix 4p4 clmn TEST 4_GC2_01_66701,689.58270:77718 690.58737:35086 691.59204:8740,null,326005,368449,365261,335126,348710.218796876,21320.0576996729
191,10.673,691.61285,Unknown,[M+H]+,null,1.00,False,null,null,null,null,null,null,999,False,False,False,Normalized unit: Intensity,False,False,191,0,0.00,null,null,null,null,null,null,null,108.96,P Finnie Mix 4p4 clmn TEST 3_GC2_01_66700,691.61285:182166 692.61752:88776 693.62219:21692,null,762444,784081,763940,723366,758457.615171873,25389.6661178526
192,10.396,693.55676,no MS2: SE 28:4/19:2,[M+Na]+,null,1.00,False,14.218,693.55811,C47H74O2,DEGSE,ZJTNNWFGVBBRTO-UHFFFAOYSA-N,O=C(OC1CC2=CC=C3C(=CCC4(C)C3CCC4C(C=CC(C)C(C)C)C)C2(C)CC1)CCCCCCCC=CCC=CCCCCCC,530,False,True,False,Normalized unit: Intensity; Annotation method: Msp20260116160945_NCDK_conventional_converted_dev_1,False,False,192,0,0.00,1.00,null,null,null,-1.00,-1.00,-0.143,58.17,P Finnie Mix 4p4 clmn TEST 3_GC2_01_66700,693.55786:493930 694.56253:247532 695.56720:58250,null,3260808,3537319,3512188,3553675,3465997.733375,137852.876130155
193,5.762,693.59320,Unknown,[M+H]+,null,1.00,False,null,null,null,null,null,null,999,False,False,False,Normalized unit: Intensity,False,False,193,0,0.00,null,null,null,null,null,null,null,30.05,P Finnie Mix 4p4 clmn TEST 3_GC2_01_66700,693.59320:64756 694.59787:29140 695.60254:7882,null,522941,564193,551918,539774,544706.52875,17605.1433239583
194,11.185,693.62872,Unknown,[M+H]+,null,1.00,False,null,null,null,null,null,null,999,False,False,False,Normalized unit: Intensity,False,False,194,0,0.00,null,null,null,null,null,null,null,5463.67,P Finnie Mix 4p4 clmn TEST 5_GC2_01_66702,693.62872:664410 694.63339:335090 695.63806:85222,null,6465710,6709549,6542711,6856462,6643608.03139063,174626.480991643
195,4.070,694.51587,Unknown,[M+H]+,null,0.25,False,null,null,null,null,null,null,999,False,False,False,Normalized unit: Intensity,False,False,195,0,0.00,null,null,null,null,null,null,null,371.15,P Finnie Mix 4p4 clmn TEST 2_GC2_01_66699,694.51587:104234 695.52054:40430 696.52520:8656,null,348945,97,15,11,87266.8951718751,174452.136818652
196,4.187,694.51624,Unknown,[M+H]+,null,0.75,False,null,null,null,null,null,null,999,False,False,False,Normalized unit: Intensity,False,False,196,0,0.00,null,null,null,null,null,null,null,10.41,P Finnie Mix 4p4 clmn TEST 3_GC2_01_66700,694.51624:95748 695.52090:35838 696.52557:8562,null,2093,318067,309093,315131,236096.019375,156046.408815196
197,7.303,695.56110,no MS2: DG 40:4,[M+Na]+,null,1.00,False,12.801,695.55847,C43H76O5,DG,VKHXVQHJSQUHDB-UHFFFAOYSA-N,O=C(OCC(OC(=O)CCCCCCCCCCCCCCCCCCC=CCC=CCC=CCC=CCC)CO)CCCCCCC,530,False,True,False,Normalized unit: Intensity; Annotation method: Msp20260116160945_NCDK_conventional_converted_dev_1,False,False,197,0,0.00,0.93,null,null,null,-1.00,-1.00,-0.177,76.58,P Finnie Mix 4p4 clmn TEST 3_GC2_01_66700,695.56110:548972 696.56576:265640 697.57043:68184,null,1879874,1937857,1895846,1881251,1898706.723125,27082.1815105
198,11.723,695.64423,Unknown,[M+H]+,null,1.00,False,null,null,null,null,null,null,999,False,False,False,Normalized unit: Intensity,False,False,198,0,0.00,null,null,null,null,null,null,null,3071.47,P Finnie Mix 4p4 clmn TEST 4_GC2_01_66701,695.64423:530876 696.64889:273838 697.65356:71552,null,3694346,3733954,3808160,3648747,3721301.64478125,67565.4873411245
199,8.427,696.59161,no MS2: Cer 45:6;O4|Cer 13:1;O3/32:5(2OH),[M+H-H2O]+,null,1.00,False,12.035,696.59253,C45H79NO5,Cer_AP,LSTVUEMPZUXCSH-UHFFFAOYSA-N,O=C(NC(CO)C(O)C(O)CCCC=CCCCC)C(O)CCCCCCCCCCCCCCC=CCC=CCC=CCC=CCC=CCC,530,False,True,False,Normalized unit: Intensity; Annotation method: Msp20260116160945_NCDK_conventional_converted_dev_1,False,False,199,0,0.00,1.00,null,null,null,-1.00,-1.00,-0.143,90.03,P Finnie Mix 4p4 clmn TEST 2_GC2_01_66699,696.59222:243958 697.59689:119870 698.60156:65290,null,1191092,1419321,1329772,1275069,1303813.3415,95826.7329936723
200,8.110,696.59271,no MS2: Cer 45:6;O4|Cer 13:1;O3/32:5(2OH),[M+H-H2O]+,null,1.00,False,12.035,696.59253,C45H79NO5,Cer_AP,LSTVUEMPZUXCSH-UHFFFAOYSA-N,O=C(NC(CO)C(O)C(O)CCCC=CCCCC)C(O)CCCCCCCCCCCCCCC=CCC=CCC=CCC=CCC=CCC,530,False,True,False,Normalized unit: Intensity; Annotation method: Msp20260116160945_NCDK_conventional_converted_dev_1,False,False,200,0,0.00,1.00,null,null,null,-1.00,-1.00,-0.143,200.62,P Finnie Mix 4p4 clmn TEST 3_GC2_01_66700,696.59271:606148 697.59738:307800 698.60205:548300,null,3334875,3700792,3571246,3569931,3544211.06029688,152459.320081738
201,7.893,696.59271,no MS2: Cer 45:6;O4|Cer 13:1;O3/32:5(2OH),[M+H-H2O]+,null,1.00,False,12.035,696.59253,C45H79NO5,Cer_AP,LSTVUEMPZUXCSH-UHFFFAOYSA-N,O=C(NC(CO)C(O)C(O)CCCC=CCCCC)C(O)CCCCCCCCCCCCCCC=CCC=CCC=CCC=CCC=CCC,530,False,True,False,Normalized unit: Intensity; Annotation method: Msp20260116160945_NCDK_conventional_converted_dev_1,False,False,201,0,0.00,1.00,null,null,null,-1.00,-1.00,-0.143,285.43,P Finnie Mix 4p4 clmn TEST 3_GC2_01_66700,696.59271:1090946 697.59738:519678 698.60205:591900,null,4003859,4255366,4156376,4066083,4120420.80526562,109608.837839468
202,7.889,698.60681,no MS2: RIKEN P-VS1 ID-7928 from Mouse_AdrenalGlands_fads2KO_N_Ctr,[M+H]+,null,1.00,False,13.140,698.60577,null,Unknown,null,null,530,False,True,False,Normalized unit: Intensity; Annotation method: Msp20260116160945_NCDK_conventional_converted_dev_1,False,False,202,0,0.00,1.00,null,null,null,-1.00,-1.00,-0.131,1434.68,P Finnie Mix 4p4 clmn TEST 5_GC2_01_66702,698.60645:593432 699.61111:269148 700.61578:63606,null,2976423,3294336,3187865,3229719,3172085.69426562,137597.722355208
203,8.140,698.60718,no MS2: RIKEN P-VS1 ID-7928 from Mouse_AdrenalGlands_fads2KO_N_Ctr,[M+H]+,null,1.00,False,13.140,698.60577,null,Unknown,null,null,530,False,True,False,Normalized unit: Intensity; Annotation method: Msp20260116160945_NCDK_conventional_converted_dev_1,False,False,203,0,0.00,0.99,null,null,null,-1.00,-1.00,-0.135,1619.34,P Finnie Mix 4p4 clmn TEST 4_GC2_01_66701,698.60693:629750 699.61160:298522 700.61627:75864,null,3405848,3648319,3650484,3579556,3571051.80423438,114955.234359683
204,9.220,698.60724,no MS2: RIKEN P-VS1 ID-7928 from Mouse_AdrenalGlands_fads2KO_N_Ctr,[M+H]+,null,1.00,False,13.140,698.60577,null,Unknown,null,null,530,False,True,False,Normalized unit: Intensity; Annotation method: Msp20260116160945_NCDK_conventional_converted_dev_1,False,False,204,0,0.00,0.99,null,null,null,-1.00,-1.00,-0.132,588.87,P Finnie Mix 4p4 clmn TEST 4_GC2_01_66701,698.60669:234262 699.61136:113178 700.61602:383872,null,1055966,1107351,1095536,1085925,1086194.51220312,21974.9801546624
205,8.808,698.60822,no MS2: RIKEN P-VS1 ID-7928 from Mouse_AdrenalGlands_fads2KO_N_Ctr,[M+H]+,null,1.00,False,13.140,698.60577,null,Unknown,null,null,530,False,True,False,Normalized unit: Intensity; Annotation method: Msp20260116160945_NCDK_conventional_converted_dev_1,False,False,205,0,0.00,0.97,null,null,null,-1.00,-1.00,-0.140,4530.68,P Finnie Mix 4p4 clmn TEST 5_GC2_01_66702,698.60736:2329710 699.61203:1086964 700.61670:276878,null,11059442,11424185,11364256,11370890,11304693.0847188,165686.818694318
206,8.761,698.66748,no MS2: Cer 43:0;O4|Cer 12:0;O3/31:0(2OH),[M+H]+,null,1.00,False,13.171,698.66571,C43H87NO5,Cer_AP,VYZDKUBJKVWCJJ-UHFFFAOYSA-N,O=C(NC(CO)C(O)C(O)CCCCCCCC)C(O)CCCCCCCCCCCCCCCCCCCCCCCCCCCCC,530,False,True,False,Normalized unit: Intensity; Annotation method: Msp20260116160945_NCDK_conventional_converted_dev_1,False,False,206,0,0.00,1.00,null,null,null,-1.00,-1.00,-0.145,168.41,P Finnie Mix 4p4 clmn TEST 5_GC2_01_66702,698.66632:96508 699.67099:46990 700.67566:14814,null,411017,422666,445114,436603,428850.207625,15065.2554977016
207,4.710,700.49103,no MS2: DMPE 31:3|DMPE 5:0_26:3,[M+H]+,null,1.00,False,8.099,700.49121,C38H70NO8P,DMPE,ZSNPQMGLIRGPCH-UHFFFAOYSA-N,O=C(OCC(OC(=O)CCCCCCCCCCC=CCC=CCC=CCCCCCCC)COP(=O)(O)OCCN(C)C)CCCC,530,False,True,False,Normalized unit: Intensity; Annotation method: Msp20260116160945_NCDK_conventional_converted_dev_1,False,False,207,0,0.00,1.00,null,null,null,-1.00,-1.00,-0.143,1329.48,P Finnie Mix 4p4 clmn TEST 4_GC2_01_66701,700.49109:748848 701.49576:285832 702.50042:60774,null,2221541,2347629,2353300,2326871,2312335.3999375,61586.1818715116
208,9.203,700.62244,no MS2: Cer 45:4;O4|Cer 13:1;O3/32:3(2OH),[M+H-H2O]+,null,1.00,False,12.223,700.62378,C45H83NO5,Cer_AP,UXXLMQXJNIJJLZ-UHFFFAOYSA-N,O=C(NC(CO)C(O)C(O)CCCC=CCCCC)C(O)CCCCCCCCCCCCCCCC=CCC=CCC=CCCCCCCC,530,False,True,False,Normalized unit: Intensity; Annotation method: Msp20260116160945_NCDK_conventional_converted_dev_1,False,False,208,0,0.00,0.99,null,null,null,-1.00,-1.00,-0.148,1214.64,P Finnie Mix 4p4 clmn TEST 2_GC2_01_66699,700.62274:393608 701.62741:186236 702.63208:44512,null,1927430,2014539,1977339,1920303,1959902.60848437,44391.4451140551
209,8.427,701.54730,no MS2: BA 24:1;O4;G/16:2,[M+NH4]+,null,1.00,False,7.500,701.54633,C42H69NO6,GDCAE,IPDYQZPKMAWZLM-UHFFFAOYSA-N,O=C(O)CNC(=O)CCC(C)C1CCC2C3CCC4CC(OC(=O)CCCCCCCC=CCC=CCCC)CCC4(C)C3CC(O)C12C,530,False,True,False,Normalized unit: Intensity; Annotation method: Msp20260116160945_NCDK_conventional_converted_dev_1,False,False,209,0,0.00,1.00,null,null,null,-1.00,-1.00,-0.144,43.23,P Finnie Mix 4p4 clmn TEST 5_GC2_01_66702,701.54675:134704 702.55142:64226 703.55609:58500,null,625175,747197,706048,703994,695603.46565625,50995.1673596549
210,8.031,701.54736,no MS2: BA 24:1;O4;G/16:2,[M+NH4]+,null,0.50,False,7.500,701.54633,C42H69NO6,GDCAE,IPDYQZPKMAWZLM-UHFFFAOYSA-N,O=C(O)CNC(=O)CCC(C)C1CCC2C3CCC4CC(OC(=O)CCCCCCCC=CCC=CCCC)CCC4(C)C3CC(O)C12C,530,False,True,False,Normalized unit: Intensity; Annotation method: Msp20260116160945_NCDK_conventional_converted_dev_1,False,False,210,0,0.00,0.99,null,null,null,-1.00,-1.00,-0.148,48.71,P Finnie Mix 4p4 clmn TEST 4_GC2_01_66701,701.54736:121458 702.55203:57908 703.55670:40558,null,901637,953359,1019084,942400,954119.72959375,48691.7969642554
211,9.624,703.54089,no MS2: SE 28:4/20:4,[M+Na]+,null,1.00,False,14.030,703.54248,C48H72O2,DEGSE,OJOARSZKSDLZLT-UHFFFAOYSA-N,O=C(OC1CC2=CC=C3C(=CCC4(C)C3CCC4C(C=CC(C)C(C)C)C)C2(C)CC1)CCCCCCC=CCC=CCC=CCC=CCC,530,False,True,False,Normalized unit: Intensity; Annotation method: Msp20260116160945_NCDK_conventional_converted_dev_1,False,False,211,0,0.00,1.00,null,null,null,-1.00,-1.00,-0.143,35.44,P Finnie Mix 4p4 clmn TEST 3_GC2_01_66700,703.54254:74088 704.54721:37430 705.55188:11592,null,422095,434594,448211,453256,439538.8468125,14048.8108385238
212,8.860,703.56238,no MS2: BA 24:1;O4;G/16:1,[M+NH4]+,null,1.00,False,7.779,703.56201,C42H71NO6,GDCAE,CJCUCDWRGAZUGG-UHFFFAOYSA-N,O=C(O)CNC(=O)CCC(C)C1CCC2C3CCC4CC(OC(=O)CCCCCCCC=CCCCCCC)CCC4(C)C3CC(O)C12C,530,False,True,False,Normalized unit: Intensity; Annotation method: Msp20260116160945_NCDK_conventional_converted_dev_1,False,False,212,0,0.00,1.00,null,null,null,-1.00,-1.00,-0.144,119.19,P Finnie Mix 4p4 clmn TEST 4_GC2_01_66701,703.56238:276890 704.56705:128550 705.57171:30368,null,2042828,2071309,2083349,2096146,2073408.18070312,22769.7018469871
213,7.893,703.56305,no MS2: BA 24:1;O4;G/16:1,[M+NH4]+,null,1.00,False,7.779,703.56201,C42H71NO6,GDCAE,CJCUCDWRGAZUGG-UHFFFAOYSA-N,O=C(O)CNC(=O)CCC(C)C1CCC2C3CCC4CC(OC(=O)CCCCCCCC=CCCCCCC)CCC4(C)C3CC(O)C12C,530,False,True,False,Normalized unit: Intensity; Annotation method: Msp20260116160945_NCDK_conventional_converted_dev_1,False,False,213,0,0.00,0.99,null,null,null,-1.00,-1.00,-0.148,216.61,P Finnie Mix 4p4 clmn TEST 5_GC2_01_66702,703.56305:463372 704.56772:219054 705.57238:54782,null,3246133,3413165,3421697,3474652,3388911.77548437,98995.4962451066
214,9.190,705.57745,no MS2: RIKEN P-VS1 ID-8119 from Mouse_Aorta_WT_N_Ctr,[M+H]+,null,1.00,False,15.390,705.57758,null,Unknown,null,null,530,False,True,False,Normalized unit: Intensity; Annotation method: Msp20260116160945_NCDK_conventional_converted_dev_1,False,False,214,0,0.00,1.00,null,null,null,-1.00,-1.00,-0.129,111.17,P Finnie Mix 4p4 clmn TEST 4_GC2_01_66701,705.57745:166338 706.58212:74310 707.58679:0,null,1073292,1142742,1125940,1122145,1116029.33534375,29864.5585434978
215,5.324,706.54102,no MS2: RIKEN P-VS1 ID-8138 from Mouse_SmallIntestine_WT_N_F1,[M+H]+,null,1.00,False,13.050,706.54138,null,Unknown,null,null,530,False,True,False,Normalized unit: Intensity; Annotation method: Msp20260116160945_NCDK_conventional_converted_dev_1,False,False,215,0,0.00,1.00,null,null,null,-1.00,-1.00,-0.129,2635.23,P Finnie Mix 4p4 clmn TEST 3_GC2_01_66700,706.54102:13499044 707.54568:8495332 708.55035:1977488,null,50696757,50881870,51410591,50144934,50783537.7872813,522242.206436971
216,5.324,706.68707,Unknown,[M+2H]2+,null,1.00,False,null,null,null,null,null,null,999,False,False,False,Normalized unit: Intensity,False,False,216,0,0.00,null,null,null,null,null,null,null,702.74,P Finnie Mix 4p4 clmn TEST 3_GC2_01_66700,706.68707:275848 707.69174:108728 708.69641:7934,null,840843,866360,850143,831535,847220.3205,14850.0441858286
217,5.324,706.80249,Unknown,[M+H]+,null,1.00,False,null,null,null,null,null,null,999,False,False,False,Normalized unit: Intensity,False,False,217,0,0.00,null,null,null,null,null,null,null,1229.65,P Finnie Mix 4p4 clmn TEST 3_GC2_01_66700,706.80249:244180 707.80716:110712 708.81183:0,null,783897,809294,808092,792271,798388.554734376,12389.6951338483
218,5.324,706.93231,Unknown,[M+H]+,null,1.00,False,null,null,null,null,null,null,999,False,False,False,Normalized unit: Intensity,False,False,218,0,0.00,null,null,null,null,null,null,null,408.90,P Finnie Mix 4p4 clmn TEST 2_GC2_01_66699,706.93231:126508 707.93698:13900 708.94165:0,null,391908,336911,301914,315022,336438.5431875,39697.6498151086
219,6.404,707.49115,Unknown,[M+H]+,null,1.00,False,null,null,null,null,null,null,999,False,False,False,Normalized unit: Intensity,False,False,219,0,0.00,null,null,null,null,null,null,null,77.87,P Finnie Mix 4p4 clmn TEST 4_GC2_01_66701,707.49115:1065656 708.49582:507688 709.50049:129156,null,3528453,5854135,6139524,6279562,5450418.2180625,1293481.70387763
220,8.999,707.60681,Unknown,[M+H]+,null,1.00,False,null,null,null,null,null,null,999,False,False,False,Normalized unit: Intensity,False,False,220,0,0.00,null,null,null,null,null,null,null,180.19,P Finnie Mix 4p4 clmn TEST 5_GC2_01_66702,707.60681:1969266 708.61148:1021088 709.61615:248486,null,12151569,12471374,12709363,12553329,12471408.6222031,234968.537884394
221,5.324,708.18549,Unknown,[M+H]+,null,1.00,False,null,null,null,null,null,null,999,False,False,False,Normalized unit: Intensity,False,False,221,0,0.00,null,null,null,null,null,null,null,917.64,P Finnie Mix 4p4 clmn TEST 3_GC2_01_66700,708.18549:243656 709.19015:15374 710.19482:1626,null,672851,681049,666104,658348,669588.229296875,9669.25260015083
222,11.185,708.66443,no MS2: SE 28:2/20:1,[M+NH4]+,null,1.00,False,15.144,708.66528,C48H82O2,BRSE,AERGVMDMBPPOOG-UHFFFAOYSA-N,O=C(OC1CC2=CCC3C(CCC4(C)C(CCC34)C(C=CC(C)C(C)C)C)C2(C)CC1)CCCCCCCCCC=CCCCCCCCC,530,False,True,False,Normalized unit: Intensity; Annotation method: Msp20260116160945_NCDK_conventional_converted_dev_1,False,False,222,0,0.00,0.99,null,null,null,-1.00,-1.00,-0.146,517.25,P Finnie Mix 4p4 clmn TEST 5_GC2_01_66702,708.66443:112254 709.66910:53736 710.67376:13166,null,948468,983435,997261,1008098,984315.618500001,25942.2924734912
223,8.904,709.61652,Unknown,[M+H]+,null,0.75,False,null,null,null,null,null,null,999,False,False,False,Normalized unit: Intensity,False,False,223,0,0.00,null,null,null,null,null,null,null,211.60,P Finnie Mix 4p4 clmn TEST 4_GC2_01_66701,709.61652:601348 710.62118:296980 711.62585:71092,null,3576617,3748215,3810067,3714152,3712262.60367188,98761.2968562165
224,9.624,709.62250,Unknown,[M+H]+,null,1.00,False,null,null,null,null,null,null,999,False,False,False,Normalized unit: Intensity,False,False,224,0,0.00,null,null,null,null,null,null,null,1665.57,P Finnie Mix 4p4 clmn TEST 4_GC2_01_66701,709.62250:1429626 710.62717:737482 711.63183:186898,null,7106355,7417908,7429118,7161808,7278797.27157812,168692.210356349
225,9.311,709.62311,Unknown,[M+H]+,null,1.00,False,null,null,null,null,null,null,999,False,False,False,Normalized unit: Intensity,False,False,225,0,0.00,null,null,null,null,null,null,null,503.66,P Finnie Mix 4p4 clmn TEST 3_GC2_01_66700,709.62311:433736 710.62778:216978 711.63244:115718,null,2366353,2583832,2486257,2464781,2475305.81482813,89217.6319790896
226,11.723,710.68011,no MS2: SE 28:2/20:0,[M+NH4]+,null,1.00,False,15.375,710.68103,C48H84O2,BRSE,HONSYXCJYKKODR-UHFFFAOYSA-N,O=C(OC1CC2=CCC3C(CCC4(C)C(CCC34)C(C=CC(C)C(C)C)C)C2(C)CC1)CCCCCCCCCCCCCCCCCCC,530,False,True,False,Normalized unit: Intensity; Annotation method: Msp20260116160945_NCDK_conventional_converted_dev_1,False,False,226,0,0.00,1.00,null,null,null,-1.00,-1.00,-0.144,8.08,P Finnie Mix 4p4 clmn TEST 3_GC2_01_66700,710.68152:101700 711.68619:50994 712.69085:12806,null,616031,611936,630467,615368,618450.813046875,8209.65016397879
227,9.242,711.63855,Unknown,[M+H]+,null,1.00,False,null,null,null,null,null,null,999,False,False,False,Normalized unit: Intensity,False,False,227,0,0.00,null,null,null,null,null,null,null,312.26,P Finnie Mix 4p4 clmn TEST 4_GC2_01_66701,711.63733:137562 712.64200:65746 713.64666:15420,null,1294910,1416460,1347104,1332904,1347844.42667187,50773.7463667254
228,10.005,711.63947,Unknown,[M+H]+,null,1.00,False,null,null,null,null,null,null,999,False,False,False,Normalized unit: Intensity,False,False,228,0,0.00,null,null,null,null,null,null,null,924.90,P Finnie Mix 4p4 clmn TEST 4_GC2_01_66701,711.63806:450620 712.64273:223972 713.64740:49464,null,1725548,1914369,1811093,1775425,1806608.8176875,79949.2909356221
229,7.321,712.58832,no MS2: RIKEN P-VS1 ID-8299 from Mouse_AdrenalGlands_fads2KO_N_Ctr,[M+NH4]+,null,1.00,False,12.140,712.58807,null,Unknown,null,null,530,False,True,False,Normalized unit: Intensity; Annotation method: Msp20260116160945_NCDK_conventional_converted_dev_1,False,False,229,0,0.00,1.00,null,null,null,-1.00,-1.00,-0.129,22.04,P Finnie Mix 4p4 clmn TEST 4_GC2_01_66701,712.58832:88442 713.59299:44162 714.59765:70678,null,863915,888630,873301,842840,867171.507703125,19154.5809571774
230,10.053,713.59753,Unknown,[M+H]+,null,1.00,False,null,null,null,null,null,null,999,False,False,False,Normalized unit: Intensity,False,False,230,0,0.00,null,null,null,null,null,null,null,45.36,P Finnie Mix 4p4 clmn TEST 3_GC2_01_66700,713.59753:102652 714.60220:51310 715.60687:12082,null,459416,478596,449849,446024,458471.068562501,14550.7938484213
231,7.500,714.60205,no MS2: Cer 45:6;O4|Cer 13:1;O3/32:5(2OH),[M+H]+,null,0.75,False,12.035,714.60309,C45H79NO5,Cer_AP,LSTVUEMPZUXCSH-UHFFFAOYSA-N,O=C(NC(CO)C(O)C(O)CCCC=CCCCC)C(O)CCCCCCCCCCCCCCC=CCC=CCC=CCC=CCC=CCC,530,False,True,False,Normalized unit: Intensity; Annotation method: Msp20260116160945_NCDK_conventional_converted_dev_1,False,False,231,0,0.00,1.00,null,null,null,-1.00,-1.00,-0.144,39.79,P Finnie Mix 4p4 clmn TEST 2_GC2_01_66699,714.60260:116762 715.60727:52736 716.61194:16608,null,929338,993552,975726,948162,961694.479421874,28530.1553521333
232,8.097,714.60248,no MS2: Cer 45:6;O4|Cer 13:1;O3/32:5(2OH),[M+H]+,null,1.00,False,12.035,714.60309,C45H79NO5,Cer_AP,LSTVUEMPZUXCSH-UHFFFAOYSA-N,O=C(NC(CO)C(O)C(O)CCCC=CCCCC)C(O)CCCCCCCCCCCCCCC=CCC=CCC=CCC=CCC=CCC,530,False,True,False,Normalized unit: Intensity; Annotation method: Msp20260116160945_NCDK_conventional_converted_dev_1,False,False,232,0,0.00,1.00,null,null,null,-1.00,-1.00,-0.144,387.07,P Finnie Mix 4p4 clmn TEST 5_GC2_01_66702,714.60272:833602 715.60739:400554 716.61206:105812,null,4155137,4410045,4363802,4446771,4343938.69428125,130365.182786192
233,7.833,714.60278,no MS2: Cer 45:6;O4|Cer 13:1;O3/32:5(2OH),[M+H]+,null,1.00,False,12.035,714.60309,C45H79NO5,Cer_AP,LSTVUEMPZUXCSH-UHFFFAOYSA-N,O=C(NC(CO)C(O)C(O)CCCC=CCCCC)C(O)CCCCCCCCCCCCCCC=CCC=CCC=CCC=CCC=CCC,530,False,True,False,Normalized unit: Intensity; Annotation method: Msp20260116160945_NCDK_conventional_converted_dev_1,False,False,233,0,0.00,1.00,null,null,null,-1.00,-1.00,-0.143,1020.53,P Finnie Mix 4p4 clmn TEST 3_GC2_01_66700,714.60291:2118806 715.60757:1090464 716.61224:285010,null,16210192,16804462,16983612,16795786,16698512.8980781,336861.145557479
234,10.426,715.61420,Unknown,[M+H]+,null,1.00,False,null,null,null,null,null,null,999,False,False,False,Normalized unit: Intensity,False,False,234,0,0.00,null,null,null,null,null,null,null,1178.01,P Finnie Mix 4p4 clmn TEST 5_GC2_01_66702,715.61267:1208188 716.61734:617856 717.62201:153298,null,11372220,12158301,11867767,11983424,11845427.8527344,337321.698470374
235,6.891,716.61841,no MS2: Cer 45:5;O4|Cer 13:1;O3/32:4(2OH),[M+H]+,null,0.75,False,12.285,716.61877,C45H81NO5,Cer_AP,KIOIIZLWLIMLQP-UHFFFAOYSA-N,O=C(NC(CO)C(O)C(O)CCCC=CCCCC)C(O)CCCCCCCCCCCCCCCCCC=CCC=CCC=CCC=CCC,530,False,True,False,Normalized unit: Intensity; Annotation method: Msp20260116160945_NCDK_conventional_converted_dev_1,False,False,235,0,0.00,1.00,null,null,null,-1.00,-1.00,-0.144,38.57,P Finnie Mix 4p4 clmn TEST 3_GC2_01_66700,716.61841:67666 717.62308:29748 718.62774:7294,null,805823,856833,840904,826182,832435.255296875,21712.5535919801
236,7.303,717.54364,no MS2: DG 42:7,[M+Na]+,null,1.00,False,11.617,717.54279,C45H74O5,DG,AIRGHYYBGWIEJK-UHFFFAOYSA-N,O=C(OCC(OC(=O)CCCCCCCCCCCC=CCC=CCC=CCC=CCC=CCC=CCC=CCC)CO)CCCCCCC,530,False,True,False,Normalized unit: Intensity; Annotation method: Msp20260116160945_NCDK_conventional_converted_dev_1,False,False,236,0,0.00,1.00,null,null,null,-1.00,-1.00,-0.144,15.83,P Finnie Mix 4p4 clmn TEST 3_GC2_01_66700,717.54327:177810 718.54794:90126 719.55261:45166,null,967556,987212,1009473,1029155,998348.88975,26739.4035154143
237,11.185,717.63129,Unknown,[M+H]+,null,1.00,False,null,null,null,null,null,null,999,False,False,False,Normalized unit: Intensity,False,False,237,0,0.00,null,null,null,null,null,null,null,12.25,P Finnie Mix 4p4 clmn TEST 5_GC2_01_66702,717.62921:89594 718.63388:48128 719.63855:10338,null,598150,596942,567679,581255,586006.46734375,14439.7592924874
238,7.819,719.55798,no MS2: DG 42:6,[M+Na]+,null,1.00,False,12.889,719.55847,C45H76O5,DG,DWNBNJDZOMMNHN-UHFFFAOYSA-N,O=C(OCC(OC(=O)CCCCCCCCCCCCCCC=CCC=CCC=CCC=CCC=CCC=CCC)CO)CCCCCCC,530,False,True,False,Normalized unit: Intensity; Annotation method: Msp20260116160945_NCDK_conventional_converted_dev_1,False,False,238,0,0.00,1.00,null,null,null,-1.00,-1.00,-0.143,83.36,P Finnie Mix 4p4 clmn TEST 3_GC2_01_66700,719.55853:347970 720.56320:177188 721.56787:42726,null,2734448,2805452,2845133,2847197,2808057.3173125,52699.4950167436
239,6.400,721.50726,Unknown,[M+H]+,null,0.75,False,null,null,null,null,null,null,999,False,False,False,Normalized unit: Intensity,False,False,239,0,0.00,null,null,null,null,null,null,null,95.03,P Finnie Mix 4p4 clmn TEST 4_GC2_01_66701,721.50726:85844 722.51193:0 723.51660:0,null,213222,429348,456959,464058,390896.71596875,119392.555280118
240,7.476,721.58649,no MS2: SM 34:0;O3,[M+H]+,null,0.25,False,8.604,721.58539,C39H81N2O7P,SM,KCEDXANCLAIXNJ-UHFFFAOYSA-N,O=C(NC(COP(=O)([O-])OCC[N+](C)(C)C)C(O)C(O)CCCCCCCC)CCCCCCCCCCCCCCCCCCCCC,530,False,True,False,Normalized unit: Intensity; Annotation method: Msp20260116160945_NCDK_conventional_converted_dev_1,False,False,240,0,0.00,0.99,null,null,null,-1.00,-1.00,-0.149,27.60,P Finnie Mix 4p4 clmn TEST 3_GC2_01_66700,721.58649:95102 722.59115:47124 723.59582:52226,null,350685,385456,380255,371883,372069.48671875,15313.8027781219
241,8.999,721.62317,no MS2: RIKEN P-VS1 ID-8542 from Mouse_Feces_WT_ABX_Ctr,[M+H]+,null,1.00,False,13.310,721.62720,null,Unknown,null,null,530,False,True,False,Normalized unit: Intensity; Annotation method: Msp20260116160945_NCDK_conventional_converted_dev_1,False,False,241,0,0.00,0.92,null,null,null,-1.00,-1.00,-0.164,36.39,P Finnie Mix 4p4 clmn TEST 2_GC2_01_66699,721.62427:111524 722.62894:0 723.63360:0,null,687421,794858,825762,808597,779159.325125,62451.966089084
242,6.405,722.52563,no MS2: RIKEN P-VS1 ID-8558 from Mouse_Feces_WT_N_Ctr,[M+H]+,null,0.75,False,8.530,722.52838,null,Unknown,null,null,530,False,True,False,Normalized unit: Intensity; Annotation method: Msp20260116160945_NCDK_conventional_converted_dev_1,False,False,242,0,0.00,0.96,null,null,null,-1.00,-1.00,-0.146,36.36,P Finnie Mix 4p4 clmn TEST 3_GC2_01_66700,722.52637:152790 723.53103:74666 724.53570:18052,null,543942,883871,908995,934396,817801.030671875,183734.148014975
243,4.710,722.54700,Unknown,[M+H]+,null,1.00,False,null,null,null,null,null,null,999,False,False,False,Normalized unit: Intensity,False,False,243,0,0.00,null,null,null,null,null,null,null,19.81,P Finnie Mix 4p4 clmn TEST 3_GC2_01_66700,722.54700:145148 723.55166:55638 724.55633:14948,null,501426,522468,514940,511377,512552.612703125,8740.53155974535
244,8.999,722.64178,no MS2: RIKEN P-VS1 ID-8571 from Mouse_Feces_WT_ABX_Ctr,[M+H]+,null,1.00,False,13.550,722.64111,null,Unknown,null,null,530,False,True,False,Normalized unit: Intensity; Annotation method: Msp20260116160945_NCDK_conventional_converted_dev_1,False,False,244,0,0.00,1.00,null,null,null,-1.00,-1.00,-0.131,702.33,P Finnie Mix 4p4 clmn TEST 5_GC2_01_66702,722.64178:323360 723.64645:166482 724.65112:39366,null,1681116,1797638,1800054,1782391,1765299.56898438,56664.8238111889
245,11.185,722.68066,no MS2: SE 28:2/21:1,[M+NH4]+,null,1.00,False,15.338,722.68103,C49H84O2,BRSE,JLQDQWBHGPPKFG-UHFFFAOYSA-N,O=C(OC1CC2=CCC3C(CCC4(C)C(CCC34)C(C=CC(C)C(C)C)C)C2(C)CC1)CCCCCCCCCC=CCCCCCCCCC,530,False,True,False,Normalized unit: Intensity; Annotation method: Msp20260116160945_NCDK_conventional_converted_dev_1,False,False,245,0,0.00,1.00,null,null,null,-1.00,-1.00,-0.143,600.36,P Finnie Mix 4p4 clmn TEST 5_GC2_01_66702,722.68066:242716 723.68533:132740 724.69000:29252,null,2187626,2242493,2250532,2303314,2245991.36960938,47347.0305984389
246,8.205,723.60229,no MS2: SE 28:4/21:1,[M+Na]+,null,1.00,False,14.882,723.60510,C49H80O2,DEGSE,HZDQZTPXFFJCPM-UHFFFAOYSA-N,O=C(OC1CC2=CC=C3C(=CCC4(C)C3CCC4C(C=CC(C)C(C)C)C)C2(C)CC1)CCCCCCCCCC=CCCCCCCCCC,530,False,True,False,Normalized unit: Intensity; Annotation method: Msp20260116160945_NCDK_conventional_converted_dev_1,False,False,246,0,0.00,0.98,null,null,null,-1.00,-1.00,-0.151,17.81,P Finnie Mix 4p4 clmn TEST 2_GC2_01_66699,723.60382:234480 724.60849:110870 725.61316:215944,null,1223621,1384804,1331162,1176892,1279119.75235937,95582.8193906337
247,8.427,723.60260,no MS2: SE 28:4/21:1,[M+Na]+,null,1.00,False,14.882,723.60510,C49H80O2,DEGSE,HZDQZTPXFFJCPM-UHFFFAOYSA-N,O=C(OC1CC2=CC=C3C(=CCC4(C)C3CCC4C(C=CC(C)C(C)C)C)C2(C)CC1)CCCCCCCCCC=CCCCCCCCCC,530,False,True,False,Normalized unit: Intensity; Annotation method: Msp20260116160945_NCDK_conventional_converted_dev_1,False,False,247,0,0.00,0.96,null,null,null,-1.00,-1.00,-0.161,11.90,P Finnie Mix 4p4 clmn TEST 2_GC2_01_66699,723.60315:408104 724.60782:201660 725.61248:114988,null,2168520,2527592,2420921,2344446,2365369.86870313,151205.92780917
248,8.672,723.60291,no MS2: SE 28:4/21:1,[M+Na]+,null,0.75,False,14.882,723.60510,C49H80O2,DEGSE,HZDQZTPXFFJCPM-UHFFFAOYSA-N,O=C(OC1CC2=CC=C3C(=CCC4(C)C3CCC4C(C=CC(C)C(C)C)C)C2(C)CC1)CCCCCCCCCC=CCCCCCCCCC,530,False,True,False,Normalized unit: Intensity; Annotation method: Msp20260116160945_NCDK_conventional_converted_dev_1,False,False,248,0,0.00,0.95,null,null,null,-1.00,-1.00,-0.165,15.76,P Finnie Mix 4p4 clmn TEST 3_GC2_01_66700,723.60291:122356 724.60757:63626 725.61224:34242,null,416528,540798,495987,480200,483378.524671874,51429.7871170477
249,7.893,723.60303,no MS2: SE 28:4/21:1,[M+Na]+,null,1.00,False,14.882,723.60510,C49H80O2,DEGSE,HZDQZTPXFFJCPM-UHFFFAOYSA-N,O=C(OC1CC2=CC=C3C(=CCC4(C)C3CCC4C(C=CC(C)C(C)C)C)C2(C)CC1)CCCCCCCCCC=CCCCCCCCCC,530,False,True,False,Normalized unit: Intensity; Annotation method: Msp20260116160945_NCDK_conventional_converted_dev_1,False,False,249,0,0.00,0.99,null,null,null,-1.00,-1.00,-0.147,29.47,P Finnie Mix 4p4 clmn TEST 2_GC2_01_66699,723.60413:511500 724.60879:259196 725.61346:689818,null,2246121,2296930,2379513,2346349,2317228.0028125,58297.3941699903
250,8.058,723.60321,no MS2: SE 28:4/21:1,[M+Na]+,null,1.00,False,14.882,723.60510,C49H80O2,DEGSE,HZDQZTPXFFJCPM-UHFFFAOYSA-N,O=C(OC1CC2=CC=C3C(=CCC4(C)C3CCC4C(C=CC(C)C(C)C)C)C2(C)CC1)CCCCCCCCCC=CCCCCCCCCC,530,False,True,False,Normalized unit: Intensity; Annotation method: Msp20260116160945_NCDK_conventional_converted_dev_1,False,False,250,0,0.00,0.98,null,null,null,-1.00,-1.00,-0.152,26.59,P Finnie Mix 4p4 clmn TEST 2_GC2_01_66699,723.60370:280960 724.60837:144060 725.61303:94994,null,3552709,4118913,3922442,4089741,3920951.30273437,260309.608086298
251,5.931,723.60468,no MS2: SE 28:4/21:1,[M+Na]+,null,1.00,False,14.882,723.60510,C49H80O2,DEGSE,HZDQZTPXFFJCPM-UHFFFAOYSA-N,O=C(OC1CC2=CC=C3C(=CCC4(C)C3CCC4C(C=CC(C)C(C)C)C)C2(C)CC1)CCCCCCCCCC=CCCCCCCCCC,530,False,True,False,Normalized unit: Intensity; Annotation method: Msp20260116160945_NCDK_conventional_converted_dev_1,False,False,251,0,0.00,1.00,null,null,null,-1.00,-1.00,-0.144,29.79,P Finnie Mix 4p4 clmn TEST 3_GC2_01_66700,723.60468:189462 724.60934:90772 725.61401:23104,null,953678,1056128,1048147,1028172,1021531.4131875,46738.5996886653
252,9.626,723.63824,Unknown,[M+H]+,null,0.75,False,null,null,null,null,null,null,999,False,False,False,Normalized unit: Intensity,False,False,252,0,0.00,null,null,null,null,null,null,null,183.17,P Finnie Mix 4p4 clmn TEST 4_GC2_01_66701,723.63824:76614 724.64291:0 725.64758:0,null,383906,418699,435330,427594,416382.127609375,22692.3161487656
253,6.578,724.58881,no MS2: Cer 46:8;O4|Cer 12:2;O3/34:6(2OH),[M+H]+,null,1.00,False,11.780,724.58752,C46H77NO5,Cer_AP,CVTVNHQWTILWEF-UHFFFAOYSA-N,O=C(NC(CO)C(O)C(O)C=CCCC=CCC)C(O)CCCCCCCCCCCCCC=CCC=CCC=CCC=CCC=CCC=CCC,530,False,True,False,Normalized unit: Intensity; Annotation method: Msp20260116160945_NCDK_conventional_converted_dev_1,False,False,253,0,0.00,0.99,null,null,null,-1.00,-1.00,-0.147,24.32,P Finnie Mix 4p4 clmn TEST 4_GC2_01_66701,724.58844:104562 725.59311:51908 726.59778:12660,null,613784,642675,627165,622251,626468.67821875,12135.6853388891
254,9.624,724.65826,no MS2: Cer 46:3;O2|Cer 12:0;O2/34:3,[M+Na]+,null,1.00,False,13.331,724.65778,C46H87NO3,Cer_NDS,RHPMUIUSLDTDJG-UHFFFAOYSA-N,O=C(NC(CO)C(O)CCCCCCCCC)CCCCCCCCCCCCCCCCCCC=CCC=CCC=CCCCCCCC,530,False,True,False,Normalized unit: Intensity; Annotation method: Msp20260116160945_NCDK_conventional_converted_dev_1,False,False,254,0,0.00,1.00,null,null,null,-1.00,-1.00,-0.144,5.01,P Finnie Mix 4p4 clmn TEST 3_GC2_01_66700,724.65826:142028 725.66293:74352 726.66760:20432,null,635797,679249,666765,650913,658181.023187499,18898.2372711662
255,11.723,724.69525,no MS2: SE 28:2/21:0,[M+NH4]+,null,1.00,False,15.896,724.69659,C49H86O2,BRSE,PNMYZNGUORCLAM-UHFFFAOYSA-N,O=C(OC1CC2=CCC3C(CCC4(C)C(CCC34)C(C=CC(C)C(C)C)C)C2(C)CC1)CCCCCCCCCCCCCCCCCCCC,530,False,True,False,Normalized unit: Intensity; Annotation method: Msp20260116160945_NCDK_conventional_converted_dev_1,False,False,255,0,0.00,1.00,null,null,null,-1.00,-1.00,-0.144,8.54,P Finnie Mix 4p4 clmn TEST 3_GC2_01_66700,724.69714:236898 725.70181:120760 726.70648:32572,null,1510972,1533584,1551853,1535372,1532945.01173437,16798.9029126307
256,9.220,725.61743,no MS2: RIKEN P-VS1 ID-8656 from Mouse_Heart_WT_N_F1,[M+H]+,null,1.00,False,9.020,725.62079,null,Unknown,null,null,530,False,True,False,Normalized unit: Intensity; Annotation method: Msp20260116160945_NCDK_conventional_converted_dev_1,False,False,256,0,0.00,0.96,null,null,null,-1.00,-1.00,-0.146,440.31,P Finnie Mix 4p4 clmn TEST 2_GC2_01_66699,725.61877:522862 726.62344:252444 727.62811:338048,null,2922777,3085966,3093317,3023369,3031357.34584374,78897.9905427484
257,8.184,725.61761,no MS2: RIKEN P-VS1 ID-8656 from Mouse_Heart_WT_N_F1,[M+H]+,null,1.00,False,9.020,725.62079,null,Unknown,null,null,530,False,True,False,Normalized unit: Intensity; Annotation method: Msp20260116160945_NCDK_conventional_converted_dev_1,False,False,257,0,0.00,0.98,null,null,null,-1.00,-1.00,-0.138,19.88,P Finnie Mix 4p4 clmn TEST 2_GC2_01_66699,725.61926:373892 726.62393:184846 727.62860:67562,null,2299320,2440913,2434447,2433546,2402056.51639062,68569.8157372419
258,8.843,725.61792,no MS2: RIKEN P-VS1 ID-8656 from Mouse_Heart_WT_N_F1,[M+H]+,null,1.00,False,9.020,725.62079,null,Unknown,null,null,530,False,True,False,Normalized unit: Intensity; Annotation method: Msp20260116160945_NCDK_conventional_converted_dev_1,False,False,258,0,0.00,0.98,null,null,null,-1.00,-1.00,-0.136,1082.56,P Finnie Mix 4p4 clmn TEST 2_GC2_01_66699,725.61945:1292518 726.62411:628224 727.62878:154374,null,9571069,9997149,10143111,10193000,9976082.20426562,282507.163457813
259,7.898,725.61871,no MS2: RIKEN P-VS1 ID-8656 from Mouse_Heart_WT_N_F1,[M+H]+,null,1.00,False,9.020,725.62079,null,Unknown,null,null,530,False,True,False,Normalized unit: Intensity; Annotation method: Msp20260116160945_NCDK_conventional_converted_dev_1,False,False,259,0,0.00,0.99,null,null,null,-1.00,-1.00,-0.133,634.65,P Finnie Mix 4p4 clmn TEST 2_GC2_01_66699,725.61981:689818 726.62448:322816 727.62915:102058,null,5308842,5598398,5576081,5507529,5497712.6014375,131716.710566875
260,9.190,727.63324,no MS2: SE 28:3/21:0,[M+Na]+,null,1.00,False,15.237,727.63641,C49H84O2,EGSE,VKQXTSWVYRHTST-UHFFFAOYSA-N,O=C(OC1CC2=CC=C3C(CCC4(C)C3CCC4C(C=CC(C)C(C)C)C)C2(C)CC1)CCCCCCCCCCCCCCCCCCCC,530,False,True,False,Normalized unit: Intensity; Annotation method: Msp20260116160945_NCDK_conventional_converted_dev_1,False,False,260,0,0.00,0.94,null,null,null,-1.00,-1.00,-0.174,1029.67,P Finnie Mix 4p4 clmn TEST 2_GC2_01_66699,727.63379:425602 728.63846:209890 729.64312:50570,null,2981597,3157598,3117567,3046639,3075850.25307812,77803.325626639
261,5.324,728.52173,no MS2: DMPE 33:3|DMPE 5:0_28:3,[M+H]+,null,1.00,False,9.071,728.52252,C40H74NO8P,DMPE,VXPDBZKATQLCSY-UHFFFAOYSA-N,O=C(OCC(OC(=O)CCCCCCCCCCCCC=CCC=CCC=CCCCCCCC)COP(=O)(O)OCCN(C)C)CCCC,530,False,True,False,Normalized unit: Intensity; Annotation method: Msp20260116160945_NCDK_conventional_converted_dev_1,False,False,261,0,0.00,1.00,null,null,null,-1.00,-1.00,-0.144,88.04,P Finnie Mix 4p4 clmn TEST 2_GC2_01_66699,728.52203:762774 729.52670:310482 730.53137:64428,null,2408081,2487826,2550608,2586841,2508338.91560938,78361.489167213
262,7.025,728.58313,no MS2: SE 24:1;O4/21:3;O,[M+NH4]+,null,0.50,False,8.851,728.58240,C45H74O6,DCAE,BPQRQWANHDKAFJ-UHFFFAOYSA-N,O=C(O)CCC(C)C1CCC2C3CCC4CC(OC(=O)CCCCCCC(O)C=CCC=CCC=CCCCCC)CCC4(C)C3CC(O)C12C,530,False,True,False,Normalized unit: Intensity; Annotation method: Msp20260116160945_NCDK_conventional_converted_dev_1,False,False,262,0,0.00,0.99,null,null,null,-1.00,-1.00,-0.145,57.91,P Finnie Mix 4p4 clmn TEST 3_GC2_01_66700,728.58313:93280 729.58780:44708 730.59247:677512,null,856945,892930,868729,898193,879199.026906251,19614.495695991
263,7.872,730.59741,no MS2: RIKEN P-VS1 ID-8801 from Mouse_Adipose_WT_N_F1EPA,[M+H]+,null,1.00,False,12.960,730.59589,null,Unknown,null,null,530,False,True,False,Normalized unit: Intensity; Annotation method: Msp20260116160945_NCDK_conventional_converted_dev_1,False,False,263,0,0.00,0.98,null,null,null,-1.00,-1.00,-0.136,614.23,P Finnie Mix 4p4 clmn TEST 4_GC2_01_66701,730.59723:331750 731.60190:162746 732.60656:42358,null,1995216,2105794,2114776,2119610,2083848.884375,59365.0933880056
264,7.012,730.59802,no MS2: RIKEN P-VS1 ID-8801 from Mouse_Adipose_WT_N_F1EPA,[M+H]+,null,1.00,False,12.960,730.59589,null,Unknown,null,null,530,False,True,False,Normalized unit: Intensity; Annotation method: Msp20260116160945_NCDK_conventional_converted_dev_1,False,False,264,0,0.00,0.97,null,null,null,-1.00,-1.00,-0.140,1015.54,P Finnie Mix 4p4 clmn TEST 4_GC2_01_66701,730.59753:631266 731.60220:301926 732.60687:174490,null,4616719,4652850,4625984,4615425,4627744.59925,17385.2091687526
265,7.294,730.59875,no MS2: SE 24:1;O4/21:2;O,[M+NH4]+,null,1.00,False,9.374,730.59802,C45H76O6,DCAE,NKPGBBWESBYUIJ-UHFFFAOYSA-N,O=C(O)CCC(C)C1CCC2C3CCC4CC(OC(=O)CCCCCCCCC(O)C=CCC=CCCCCCC)CCC4(C)C3CC(O)C12C,530,False,True,False,Normalized unit: Intensity; Annotation method: Msp20260116160945_NCDK_conventional_converted_dev_1,False,False,265,0,0.00,1.00,null,null,null,-1.00,-1.00,-0.143,935.81,P Finnie Mix 4p4 clmn TEST 3_GC2_01_66700,730.59827:653758 731.60293:313312 732.60760:92646,null,2891447,2900987,2978202,2885197,2913958.22370313,43318.3277245261
266,10.430,730.64807,no MS2: RIKEN P-VS1 ID-8807 from Mouse_AdrenalGlands_fads2KO_N_Ctr,[M+H]+,null,1.00,False,14.480,730.65143,null,Unknown,null,null,530,False,True,False,Normalized unit: Intensity; Annotation method: Msp20260116160945_NCDK_conventional_converted_dev_1,False,False,266,0,0.00,0.98,null,null,null,-1.00,-1.00,-0.138,1243.45,P Finnie Mix 4p4 clmn TEST 2_GC2_01_66699,730.64996:154430 731.65463:82604 732.65930:20206,null,1370613,1428250,1389383,1414938,1400795.92910938,25787.3956969424
267,6.409,731.49127,Unknown,[M+H]+,null,1.00,False,null,null,null,null,null,null,999,False,False,False,Normalized unit: Intensity,False,False,267,0,0.00,null,null,null,null,null,null,null,91.17,P Finnie Mix 4p4 clmn TEST 4_GC2_01_66701,731.49127:286578 732.49594:141850 733.50061:30754,null,1112156,1696201,1717964,1717194,1560878.67526562,299318.543561005
268,8.999,731.60803,no MS2: SM 36:1;O2|SM 12:1;O2/24:0,[M+H]+,null,1.00,False,9.598,731.60620,C41H83N2O6P,SM,IMSJPGOHOORVQA-UHFFFAOYSA-N,O=C(NC(COP(=O)([O-])OCC[N+](C)(C)C)C(O)C=CCCCCCCC)CCCCCCCCCCCCCCCCCCCCCCC,530,False,True,False,Normalized unit: Intensity; Annotation method: Msp20260116160945_NCDK_conventional_converted_dev_1,False,False,268,0,0.00,0.99,null,null,null,-1.00,-1.00,-0.146,147.26,P Finnie Mix 4p4 clmn TEST 5_GC2_01_66702,731.60699:383820 732.61166:196132 733.61633:51458,null,2120421,2249597,2193228,2123990,2171809.20535938,61744.4559631719
269,6.851,732.61353,no MS2: SE 24:1;O4/21:1;O,[M+NH4]+,null,0.50,False,9.581,732.61371,C45H78O6,DCAE,MODVCXGGWJKSRZ-UHFFFAOYSA-N,O=C(O)CCC(C)C1CCC2C3CCC4CC(OC(=O)CCCCCCCCC(O)C=CCCCCCCCCC)CCC4(C)C3CC(O)C12C,530,False,True,False,Normalized unit: Intensity; Annotation method: Msp20260116160945_NCDK_conventional_converted_dev_1,False,False,269,0,0.00,1.00,null,null,null,-1.00,-1.00,-0.143,388.53,P Finnie Mix 4p4 clmn TEST 3_GC2_01_66700,732.61353:148598 733.61819:65720 734.62286:16796,null,900623,951446,943614,1000607,949072.581187501,40982.0704231493
270,8.895,733.62299,no MS2: SM 36:0;O2|SM 12:0;O2/24:0,[M+H]+,null,1.00,False,9.860,733.62183,C41H85N2O6P,SM,HHUPDMAQIBSEGQ-UHFFFAOYSA-N,O=C(NC(COP(=O)([O-])OCC[N+](C)(C)C)C(O)CCCCCCCCC)CCCCCCCCCCCCCCCCCCCCCCC,530,False,True,False,Normalized unit: Intensity; Annotation method: Msp20260116160945_NCDK_conventional_converted_dev_1,False,False,270,0,0.00,1.00,null,null,null,-1.00,-1.00,-0.143,42.52,P Finnie Mix 4p4 clmn TEST 4_GC2_01_66701,733.62213:89232 734.62680:41704 735.63147:11244,null,398387,436577,421632,387335,410982.772640625,22258.7497181865
271,9.624,733.62396,no MS2: SM 36:0;O2|SM 12:0;O2/24:0,[M+H]+,null,1.00,False,9.860,733.62183,C41H85N2O6P,SM,HHUPDMAQIBSEGQ-UHFFFAOYSA-N,O=C(NC(COP(=O)([O-])OCC[N+](C)(C)C)C(O)CCCCCCCCC)CCCCCCCCCCCCCCCCCCCCCCC,530,False,True,False,Normalized unit: Intensity; Annotation method: Msp20260116160945_NCDK_conventional_converted_dev_1,False,False,271,0,0.00,1.00,null,null,null,-1.00,-1.00,-0.143,107.27,P Finnie Mix 4p4 clmn TEST 5_GC2_01_66702,733.62189:135748 734.62655:67588 735.63122:19218,null,638012,665441,648707,625528,644422.174968749,16914.0431575583
272,5.979,734.57068,no MS2: DMPE 33:0|DMPE 28:0_5:0,[M+H]+,null,1.00,False,10.672,734.56940,C40H80NO8P,DMPE,ZZNGNZPJNJRLFS-UHFFFAOYSA-N,O=C(OCC(OC(=O)CCCC)COP(=O)(O)OCCN(C)C)CCCCCCCCCCCCCCCCCCCCCCCCCCC,530,False,True,False,Normalized unit: Intensity; Annotation method: Msp20260116160945_NCDK_conventional_converted_dev_1,False,False,272,0,0.00,1.00,null,null,null,-1.00,-1.00,-0.143,851.29,P Finnie Mix 4p4 clmn TEST 4_GC2_01_66701,734.56970:684876 735.57437:290620 736.57904:69800,null,2134445,2330360,2241630,2178112,2221136.993125,85081.0666553003
273,6.409,736.54297,no MS2: RIKEN P-VS1 ID-8977 from Mouse_Feces_WT_N_Ctr,[M+H]+,null,1.00,False,8.720,736.54358,null,Unknown,null,null,530,False,True,False,Normalized unit: Intensity; Annotation method: Msp20260116160945_NCDK_conventional_converted_dev_1,False,False,273,0,0.00,1.00,null,null,null,-1.00,-1.00,-0.129,56.61,P Finnie Mix 4p4 clmn TEST 5_GC2_01_66702,736.54346:291254 737.54812:145502 738.55279:34408,null,1326387,1800616,1833266,1792552,1688205.1851875,241853.393903259
274,8.999,736.65961,no MS2: Cer 49:6;O3|Cer 13:0;O2/36:6;O,[M+H-H2O]+,null,1.00,False,12.828,736.66022,C49H87NO4,Cer_HDS,CTDNMYVCGZJCSS-UHFFFAOYSA-N,O=C(NC(CO)C(O)CCCCCCCCCC)C(O)CCCCCCCCCCCCCCCC=CCC=CCC=CCC=CCC=CCC=CCC,530,False,True,False,Normalized unit: Intensity; Annotation method: Msp20260116160945_NCDK_conventional_converted_dev_1,False,False,274,0,0.00,1.00,null,null,null,-1.00,-1.00,-0.144,108.83,P Finnie Mix 4p4 clmn TEST 2_GC2_01_66699,736.65973:494832 737.66440:274564 738.66906:70330,null,2832534,3027506,3009012,2931699,2950187.5150625,88736.7831781471
275,8.895,738.67395,no MS2: Cer 47:3;O2|Cer 13:0;O2/34:3,[M+Na]+,null,1.00,False,13.630,738.67352,C47H89NO3,Cer_NDS,BTYHHTNVSIVMCF-UHFFFAOYSA-N,O=C(NC(CO)C(O)CCCCCCCCCC)CCCCCCCCCCCCCCCCCCC=CCC=CCC=CCCCCCCC,530,False,True,False,Normalized unit: Intensity; Annotation method: Msp20260116160945_NCDK_conventional_converted_dev_1,False,False,275,0,0.00,1.00,null,null,null,-1.00,-1.00,-0.144,29.19,P Finnie Mix 4p4 clmn TEST 4_GC2_01_66701,738.67395:140438 739.67862:66796 740.68329:0,null,616414,907999,607236,631162,690702.818156251,145199.155217613
276,9.624,738.67554,no MS2: Cer 47:3;O2|Cer 13:0;O2/34:3,[M+Na]+,null,1.00,False,13.630,738.67352,C47H89NO3,Cer_NDS,BTYHHTNVSIVMCF-UHFFFAOYSA-N,O=C(NC(CO)C(O)CCCCCCCCCC)CCCCCCCCCCCCCCCCCCC=CCC=CCC=CCCCCCCC,530,False,True,False,Normalized unit: Intensity; Annotation method: Msp20260116160945_NCDK_conventional_converted_dev_1,False,False,276,0,0.00,1.00,null,null,null,-1.00,-1.00,-0.143,56.76,P Finnie Mix 4p4 clmn TEST 5_GC2_01_66702,738.67377:234138 739.67843:128916 740.68310:34860,null,1176529,1213245,1196586,1157167,1185881.58615625,24326.884415112
277,7.294,739.59912,no MS2: BA 24:1;O3;G/20:3,[M+NH4]+,null,1.00,False,9.539,739.59839,C46H75NO5,GLCAE,FKOWUHFBTAIKBW-UHFFFAOYSA-N,O=C(O)CNC(=O)CCC(C)C1CCC2C3CCC4CC(OC(=O)CCCCCCCCCC=CCC=CCC=CCC)CCC4(C)C3CCC12C,530,False,True,False,Normalized unit: Intensity; Annotation method: Msp20260116160945_NCDK_conventional_converted_dev_1,False,False,277,0,0.00,1.00,null,null,null,-1.00,-1.00,-0.143,162.56,P Finnie Mix 4p4 clmn TEST 3_GC2_01_66700,739.59863:438184 740.60330:212960 741.60797:119894,null,2260843,2322606,2346080,2312378,2310476.71482813,35971.6596318962
278,10.430,739.61438,Unknown,[M+H]+,null,1.00,False,null,null,null,null,null,null,999,False,False,False,Normalized unit: Intensity,False,False,278,0,0.00,null,null,null,null,null,null,null,532.25,P Finnie Mix 4p4 clmn TEST 4_GC2_01_66701,739.61334:221400 740.61801:120938 741.62268:30654,null,1361397,1532317,1404336,1389007,1421764.30839063,75813.2364122765
279,8.839,739.63385,no MS2: SE 28:4/22:0,[M+Na]+,null,1.00,False,14.999,739.63641,C50H84O2,DEGSE,JEHJSAOHOQIHJP-UHFFFAOYSA-N,O=C(OC1CC2=CC=C3C(=CCC4(C)C3CCC4C(C=CC(C)C(C)C)C)C2(C)CC1)CCCCCCCCCCCCCCCCCCCCC,530,False,True,False,Normalized unit: Intensity; Annotation method: Msp20260116160945_NCDK_conventional_converted_dev_1,False,False,279,0,0.00,0.99,null,null,null,-1.00,-1.00,-0.148,136.88,P Finnie Mix 4p4 clmn TEST 2_GC2_01_66699,739.63531:81510 740.63998:0 741.64465:0,null,693275,801236,814719,832502,785433.10825,62759.0424708444
280,8.834,740.65234,no MS2: Cer 48:5;O4|Cer 12:1;O3/36:4(2OH),[M+H-H2O]+,null,1.00,False,13.140,740.65509,C48H87NO5,Cer_AP,ZIYSRMIEGZKZPZ-UHFFFAOYSA-N,O=C(NC(CO)C(O)C(O)CCCC=CCCC)C(O)CCCCCCCCCCCCCCCCCCCCCC=CCC=CCC=CCC=CCC,530,False,True,False,Normalized unit: Intensity; Annotation method: Msp20260116160945_NCDK_conventional_converted_dev_1,False,False,280,0,0.00,1.00,null,null,null,-1.00,-1.00,-0.145,809.79,P Finnie Mix 4p4 clmn TEST 2_GC2_01_66699,740.65448:151178 741.65915:77022 742.66382:19988,null,1248547,1260412,1311673,1307402,1282008.77665625,32202.1566861165
281,7.893,740.65295,no MS2: Cer 48:5;O4|Cer 12:1;O3/36:4(2OH),[M+H-H2O]+,null,1.00,False,13.140,740.65509,C48H87NO5,Cer_AP,ZIYSRMIEGZKZPZ-UHFFFAOYSA-N,O=C(NC(CO)C(O)C(O)CCCC=CCCC)C(O)CCCCCCCCCCCCCCCCCCCCCC=CCC=CCC=CCC=CCC,530,False,True,False,Normalized unit: Intensity; Annotation method: Msp20260116160945_NCDK_conventional_converted_dev_1,False,False,281,0,0.00,0.99,null,null,null,-1.00,-1.00,-0.146,67.02,P Finnie Mix 4p4 clmn TEST 2_GC2_01_66699,740.65430:116304 741.65896:38896 742.66363:0,null,753986,796166,800346,800315,787703.37109375,22563.6982343229
282,7.815,741.61359,no MS2: BA 24:1;O3;G/20:2,[M+NH4]+,null,1.00,False,9.956,741.61401,C46H77NO5,GLCAE,QTIISWVDXAIDSY-UHFFFAOYSA-N,O=C(O)CNC(=O)CCC(C)C1CCC2C3CCC4CC(OC(=O)CCCCCCCCCC=CCC=CCCCCC)CCC4(C)C3CCC12C,530,False,True,False,Normalized unit: Intensity; Annotation method: Msp20260116160945_NCDK_conventional_converted_dev_1,False,False,282,0,0.00,1.00,null,null,null,-1.00,-1.00,-0.143,231.52,P Finnie Mix 4p4 clmn TEST 2_GC2_01_66699,741.61407:888544 742.61874:421466 743.62341:117320,null,5861101,6176627,6191258,6416369,6161338.63384375,228263.045809264
283,8.062,741.61383,no MS2: BA 24:1;O3;G/20:2,[M+NH4]+,null,1.00,False,9.956,741.61401,C46H77NO5,GLCAE,QTIISWVDXAIDSY-UHFFFAOYSA-N,O=C(O)CNC(=O)CCC(C)C1CCC2C3CCC4CC(OC(=O)CCCCCCCCCC=CCC=CCCCCC)CCC4(C)C3CCC12C,530,False,True,False,Normalized unit: Intensity; Annotation method: Msp20260116160945_NCDK_conventional_converted_dev_1,False,False,283,0,0.00,1.00,null,null,null,-1.00,-1.00,-0.143,105.62,P Finnie Mix 4p4 clmn TEST 2_GC2_01_66699,741.61414:375730 742.61880:185478 743.62347:45406,null,2463283,2686144,2605184,2748613,2625805.77426562,123235.901247284
284,10.430,744.66608,no MS2: Cer 51:8;O2|Cer 13:2;O2/38:6,[M+H-H2O]+,null,1.00,False,12.752,744.66528,C51H87NO3,Cer_NS,ZQMJVKKVFWCHJY-UHFFFAOYSA-N,O=C(NC(CO)C(O)C=CCCC=CCCCC)CCCCCCCCCCCCCCCCCCC=CCC=CCC=CCC=CCC=CCC=CCC,530,False,True,False,Normalized unit: Intensity; Annotation method: Msp20260116160945_NCDK_conventional_converted_dev_1,False,False,284,0,0.00,1.00,null,null,null,-1.00,-1.00,-0.144,721.98,P Finnie Mix 4p4 clmn TEST 4_GC2_01_66701,744.66479:331238 745.66946:182372 746.67413:45682,null,2816795,3018390,2969743,2958446,2940843.66635938,86691.7994072547
285,7.672,746.59265,no MS2: RIKEN P-VS1 ID-9259 from Mouse_SmallIntestine_WT_N_F1,[M+H]+,null,1.00,False,9.110,746.59338,null,Unknown,null,null,530,False,True,False,Normalized unit: Intensity; Annotation method: Msp20260116160945_NCDK_conventional_converted_dev_1,False,False,285,0,0.00,1.00,null,null,null,-1.00,-1.00,-0.129,214.15,P Finnie Mix 4p4 clmn TEST 2_GC2_01_66699,746.59363:188052 747.59830:86782 748.60296:24476,null,1055064,1104552,1126751,1099011,1096344.60164062,30017.4575963115
286,6.808,746.59387,no MS2: RIKEN P-VS1 ID-9259 from Mouse_SmallIntestine_WT_N_F1,[M+H]+,null,1.00,False,9.110,746.59338,null,Unknown,null,null,530,False,True,False,Normalized unit: Intensity; Annotation method: Msp20260116160945_NCDK_conventional_converted_dev_1,False,False,286,0,0.00,1.00,null,null,null,-1.00,-1.00,-0.129,232.95,P Finnie Mix 4p4 clmn TEST 5_GC2_01_66702,746.59351:152776 747.59817:75190 748.60284:150954,null,1709112,1637268,1653219,1680606,1670051.31695312,31597.6993920654
287,7.893,747.60370,no MS2: SM 36:1;O3|SM 24:0;O2(FA 12:0),[M+H]+,null,1.00,False,8.746,747.60107,C41H83N2O7P,ASM,RJZHARRKJPITLD-UHFFFAOYSA-N,O=C(OC(CCCCCCCCC)C(NC(=O)CCCCCCCCCCC)COP(=O)([O-])OCC[N+](C)(C)C)CCCCCCCCCCC,530,False,True,False,Normalized unit: Intensity; Annotation method: Msp20260116160945_NCDK_conventional_converted_dev_1,False,False,287,0,0.00,0.96,null,null,null,-1.00,-1.00,-0.162,247.89,P Finnie Mix 4p4 clmn TEST 5_GC2_01_66702,747.60315:152368 748.60782:77964 749.61248:136690,null,652133,670216,660085,673373,663951.926062499,9706.71324263551
288,8.101,747.60394,no MS2: SM 36:1;O3|SM 24:0;O2(FA 12:0),[M+H]+,null,0.25,False,8.746,747.60107,C41H83N2O7P,ASM,RJZHARRKJPITLD-UHFFFAOYSA-N,O=C(OC(CCCCCCCCC)C(NC(=O)CCCCCCCCCCC)COP(=O)([O-])OCC[N+](C)(C)C)CCCCCCCCCCC,530,False,True,False,Normalized unit: Intensity; Annotation method: Msp20260116160945_NCDK_conventional_converted_dev_1,False,False,288,0,0.00,0.93,null,null,null,-1.00,-1.00,-0.178,172.99,P Finnie Mix 4p4 clmn TEST 3_GC2_01_66700,747.60394:162122 748.60861:81606 749.61328:51066,null,595747,671707,638829,582090,622093.176796875,40971.3817740603
289,6.791,748.60754,no MS2: ASG 28:1;O;Hex;FA 11:0,[M+NH4]+,null,1.00,False,11.318,748.60858,C45H78O7,AHexCAS,WDWLOCOPVBLQPK-UHFFFAOYSA-N,O=C(OCC1OC(OC2CC3=CCC4C(CCC5(C)C(CCC45)C(C)CCC(C)C(C)C)C3(C)CC2)C(O)C(O)C1O)CCCCCCCCCC,530,False,True,False,Normalized unit: Intensity; Annotation method: Msp20260116160945_NCDK_conventional_converted_dev_1,False,False,289,0,0.00,1.00,null,null,null,-1.00,-1.00,-0.143,217.51,P Finnie Mix 4p4 clmn TEST 3_GC2_01_66700,748.60870:157932 749.61337:73668 750.61804:19996,null,938210,976722,988849,963356,966784.390156249,21708.9314692651
290,7.889,749.61792,no MS2: SM 36:0;O3,[M+H]+,null,1.00,False,8.400,749.61670,C41H85N2O7P,SM,BVBWOIGBYWMHGJ-UHFFFAOYSA-N,O=C(NC(COP(=O)([O-])OCC[N+](C)(C)C)C(O)C(O)CCCCCCCC)CCCCCCCCCCCCCCCCCCCCCCC,530,False,True,False,Normalized unit: Intensity; Annotation method: Msp20260116160945_NCDK_conventional_converted_dev_1,False,False,290,0,0.00,0.99,null,null,null,-1.00,-1.00,-0.148,221.24,P Finnie Mix 4p4 clmn TEST 5_GC2_01_66702,749.61774:138908 750.62240:67578 751.62707:16658,null,824830,873217,844226,849057,847832.423515625,19899.5138315122
291,8.817,749.61877,no MS2: SM 36:0;O3,[M+H]+,null,1.00,False,8.400,749.61670,C41H85N2O7P,SM,BVBWOIGBYWMHGJ-UHFFFAOYSA-N,O=C(NC(COP(=O)([O-])OCC[N+](C)(C)C)C(O)C(O)CCCCCCCC)CCCCCCCCCCCCCCCCCCCCCCC,530,False,True,False,Normalized unit: Intensity; Annotation method: Msp20260116160945_NCDK_conventional_converted_dev_1,False,False,291,0,0.00,0.98,null,null,null,-1.00,-1.00,-0.151,971.69,P Finnie Mix 4p4 clmn TEST 5_GC2_01_66702,749.61804:366848 750.62271:184088 751.62738:48126,null,2227833,2262601,2279570,2230255,2250064.83517188,25261.0914134782
292,5.324,750.57751,Unknown,[M+H]+,null,1.00,False,null,null,null,null,null,null,999,False,False,False,Normalized unit: Intensity,False,False,292,0,0.00,null,null,null,null,null,null,null,317.00,P Finnie Mix 4p4 clmn TEST 5_GC2_01_66702,750.57770:199578 751.58237:83388 752.58703:17998,null,700843,723709,701282,718987,711205.379296875,11870.8652742396
293,7.893,752.65479,no MS2: Cer 49:6;O4|Cer 13:1;O3/36:5(2OH),[M+H-H2O]+,null,1.00,False,12.888,752.65509,C49H87NO5,Cer_AP,SAPOUTRDZRAKRW-UHFFFAOYSA-N,O=C(NC(CO)C(O)C(O)CCCC=CCCCC)C(O)CCCCCCCCCCCCCCCCCCC=CCC=CCC=CCC=CCC=CCC,530,False,True,False,Normalized unit: Intensity; Annotation method: Msp20260116160945_NCDK_conventional_converted_dev_1,False,False,293,0,0.00,1.00,null,null,null,-1.00,-1.00,-0.143,60.28,P Finnie Mix 4p4 clmn TEST 4_GC2_01_66701,752.65491:177098 753.65957:90094 754.66424:242816,null,677439,751276,701019,750254,719997.03040625,36811.4372579627
294,8.082,752.65552,no MS2: Cer 49:6;O4|Cer 13:1;O3/36:5(2OH),[M+H-H2O]+,null,0.75,False,12.888,752.65509,C49H87NO5,Cer_AP,SAPOUTRDZRAKRW-UHFFFAOYSA-N,O=C(NC(CO)C(O)C(O)CCCC=CCCCC)C(O)CCCCCCCCCCCCCCCCCCC=CCC=CCC=CCC=CCC=CCC,530,False,True,False,Normalized unit: Intensity; Annotation method: Msp20260116160945_NCDK_conventional_converted_dev_1,False,False,294,0,0.00,1.00,null,null,null,-1.00,-1.00,-0.143,51.34,P Finnie Mix 4p4 clmn TEST 5_GC2_01_66702,752.65472:163028 753.65939:86332 754.66406:36550,null,900956,956339,1000541,920292,944532.222078124,43828.4848812719
295,9.220,754.66931,no MS2: Cer 49:5;O4|Cer 13:1;O3/36:4(2OH),[M+H-H2O]+,null,1.00,False,13.218,754.67078,C49H89NO5,Cer_AP,KISDUEUGYCHQQO-UHFFFAOYSA-N,O=C(NC(CO)C(O)C(O)CCCC=CCCCC)C(O)CCCCCCCCCCCCCCCCCCCCCC=CCC=CCC=CCC=CCC,530,False,True,False,Normalized unit: Intensity; Annotation method: Msp20260116160945_NCDK_conventional_converted_dev_1,False,False,295,0,0.00,1.00,null,null,null,-1.00,-1.00,-0.143,67.88,P Finnie Mix 4p4 clmn TEST 2_GC2_01_66699,754.67078:85398 755.67544:42986 756.68011:59856,null,473738,487344,487243,458853,476794.461437499,13560.7984225127
296,8.843,754.66962,no MS2: Cer 49:5;O4|Cer 13:1;O3/36:4(2OH),[M+H-H2O]+,null,1.00,False,13.218,754.67078,C49H89NO5,Cer_AP,KISDUEUGYCHQQO-UHFFFAOYSA-N,O=C(NC(CO)C(O)C(O)CCCC=CCCCC)C(O)CCCCCCCCCCCCCCCCCCCCCC=CCC=CCC=CCC=CCC,530,False,True,False,Normalized unit: Intensity; Annotation method: Msp20260116160945_NCDK_conventional_converted_dev_1,False,False,296,0,0.00,1.00,null,null,null,-1.00,-1.00,-0.144,349.75,P Finnie Mix 4p4 clmn TEST 3_GC2_01_66700,754.67035:362114 755.67502:194426 756.67968:49128,null,2394032,2510232,2506389,2481718,2473093.11439062,54200.0670196088
297,7.893,754.66998,no MS2: Cer 49:5;O4|Cer 13:1;O3/36:4(2OH),[M+H-H2O]+,null,1.00,False,13.218,754.67078,C49H89NO5,Cer_AP,KISDUEUGYCHQQO-UHFFFAOYSA-N,O=C(NC(CO)C(O)C(O)CCCC=CCCCC)C(O)CCCCCCCCCCCCCCCCCCCCCC=CCC=CCC=CCC=CCC,530,False,True,False,Normalized unit: Intensity; Annotation method: Msp20260116160945_NCDK_conventional_converted_dev_1,False,False,297,0,0.00,1.00,null,null,null,-1.00,-1.00,-0.143,214.49,P Finnie Mix 4p4 clmn TEST 2_GC2_01_66699,754.67084:230424 755.67551:117406 756.68017:30420,null,1477069,1559104,1551904,1548559,1534158.85575,38313.6756236662
298,7.819,756.64856,no MS2: Cer 48:6;O4|Cer 12:1;O3/36:5(2OH),[M+H]+,null,1.00,False,12.310,756.65009,C48H85NO5,Cer_AP,TTYZULRAPSDEAC-UHFFFAOYSA-N,O=C(NC(CO)C(O)C(O)CCCC=CCCC)C(O)CCCCCCCCCCCCCCCCCCC=CCC=CCC=CCC=CCC=CCC,530,False,True,False,Normalized unit: Intensity; Annotation method: Msp20260116160945_NCDK_conventional_converted_dev_1,False,False,298,0,0.00,1.00,null,null,null,-1.00,-1.00,-0.144,25.21,P Finnie Mix 4p4 clmn TEST 2_GC2_01_66699,756.64966:147638 757.65433:59338 758.65899:0,null,1035446,1061376,1050877,1049898,1049399.35675,10654.6639855585
299,9.190,756.68408,no MS2: Cer 49:4;O4|Cer 13:1;O3/36:3(2OH),[M+H-H2O]+,null,1.00,False,13.536,756.68640,C49H91NO5,Cer_AP,PWZPIUYBEBAAPU-UHFFFAOYSA-N,O=C(NC(CO)C(O)C(O)CCCC=CCCCC)C(O)CCCCCCCCCCCCCCCCCCCC=CCC=CCC=CCCCCCCC,530,False,True,False,Normalized unit: Intensity; Annotation method: Msp20260116160945_NCDK_conventional_converted_dev_1,False,False,299,0,0.00,0.99,null,null,null,-1.00,-1.00,-0.146,16.46,P Finnie Mix 4p4 clmn TEST 2_GC2_01_66699,756.68561:76822 757.69028:37208 758.69494:9802,null,506082,538628,542738,526104,528388.274828125,16467.7432969946
300,6.795,757.60864,no MS2: BA 24:1;O4;G/20:2,[M+NH4]+,null,1.00,False,8.604,757.60889,C46H77NO6,GDCAE,RCEJTWFUTHXAGB-UHFFFAOYSA-N,O=C(O)CNC(=O)CCC(C)C1CCC2C3CCC4CC(OC(=O)CCCCCCCCCC=CCC=CCCCCC)CCC4(C)C3CC(O)C12C,530,False,True,False,Normalized unit: Intensity; Annotation method: Msp20260116160945_NCDK_conventional_converted_dev_1,False,False,300,0,0.00,1.00,null,null,null,-1.00,-1.00,-0.143,46.60,P Finnie Mix 4p4 clmn TEST 4_GC2_01_66701,757.60864:137998 758.61331:67274 759.61798:33548,null,1252843,1333874,1359938,1340295,1321737.65721875,47249.3986298134
301,7.850,757.60901,no MS2: BA 24:1;O4;G/20:2,[M+NH4]+,null,1.00,False,8.604,757.60889,C46H77NO6,GDCAE,RCEJTWFUTHXAGB-UHFFFAOYSA-N,O=C(O)CNC(=O)CCC(C)C1CCC2C3CCC4CC(OC(=O)CCCCCCCCCC=CCC=CCCCCC)CCC4(C)C3CC(O)C12C,530,False,True,False,Normalized unit: Intensity; Annotation method: Msp20260116160945_NCDK_conventional_converted_dev_1,False,False,301,0,0.00,1.00,null,null,null,-1.00,-1.00,-0.143,58.02,P Finnie Mix 4p4 clmn TEST 4_GC2_01_66701,757.60889:153152 758.61355:84612 759.61822:18618,null,968873,1013180,1037919,1043573,1015886.14978125,34007.6434266284
302,7.277,757.60944,no MS2: BA 24:1;O4;G/20:2,[M+NH4]+,null,1.00,False,8.604,757.60889,C46H77NO6,GDCAE,RCEJTWFUTHXAGB-UHFFFAOYSA-N,O=C(O)CNC(=O)CCC(C)C1CCC2C3CCC4CC(OC(=O)CCCCCCCCCC=CCC=CCCCCC)CCC4(C)C3CC(O)C12C,530,False,True,False,Normalized unit: Intensity; Annotation method: Msp20260116160945_NCDK_conventional_converted_dev_1,False,False,302,0,0.00,1.00,null,null,null,-1.00,-1.00,-0.143,39.84,P Finnie Mix 4p4 clmn TEST 3_GC2_01_66700,757.60876:155162 758.61343:72454 759.61810:25508,null,901047,919644,951087,937609,927346.726375,21755.5221429415
303,7.012,757.60980,no MS2: BA 24:1;O4;G/20:2,[M+NH4]+,null,0.25,False,8.604,757.60889,C46H77NO6,GDCAE,RCEJTWFUTHXAGB-UHFFFAOYSA-N,O=C(O)CNC(=O)CCC(C)C1CCC2C3CCC4CC(OC(=O)CCCCCCCCCC=CCC=CCCCCC)CCC4(C)C3CC(O)C12C,530,False,True,False,Normalized unit: Intensity; Annotation method: Msp20260116160945_NCDK_conventional_converted_dev_1,False,False,303,0,0.00,0.99,null,null,null,-1.00,-1.00,-0.146,35.38,P Finnie Mix 4p4 clmn TEST 2_GC2_01_66699,757.60980:152918 758.61447:71930 759.61914:28592,null,862651,781200,750633,793029,796878.211828125,47347.0653867596
304,6.590,757.60980,no MS2: BA 24:1;O4;G/20:2,[M+NH4]+,null,0.75,False,8.604,757.60889,C46H77NO6,GDCAE,RCEJTWFUTHXAGB-UHFFFAOYSA-N,O=C(O)CNC(=O)CCC(C)C1CCC2C3CCC4CC(OC(=O)CCCCCCCCCC=CCC=CCCCCC)CCC4(C)C3CC(O)C12C,530,False,True,False,Normalized unit: Intensity; Annotation method: Msp20260116160945_NCDK_conventional_converted_dev_1,False,False,304,0,0.00,0.99,null,null,null,-1.00,-1.00,-0.146,27.31,P Finnie Mix 4p4 clmn TEST 4_GC2_01_66701,757.60980:103186 758.61447:52578 759.61914:17308,null,564652,590081,603429,597046,588801.916468751,16998.0899075692
305,5.536,758.57257,no MS2: Cer 49:12;O4|Cer 12:1;O2/37:11;O2,[M+H]+,null,1.00,False,10.594,758.57178,C49H75NO5,Cer_EOS,YJXCZRFEUFCVMT-UHFFFAOYSA-N,O=C(OCCC=CCC=CCC=CCC=CCC(=O)NC(CO)C(O)C=CCCCCCCC)CCC=CCC=CCC=CCC=CCC=CCC=CCC,530,False,True,False,Normalized unit: Intensity; Annotation method: Msp20260116160945_NCDK_conventional_converted_dev_1,False,False,305,0,0.00,0.99,null,null,null,-1.00,-1.00,-0.146,52428.19,P Finnie Mix 4p4 clmn TEST 3_GC2_01_66700,758.57257:13552846 759.57724:10364500 760.58191:2334210,null,61811676,62837133,61972383,62267214,62222101.3863438,451334.097429718
306,5.536,758.72412,Unknown,[M+2H]2+,null,1.00,False,null,null,null,null,null,null,999,False,False,False,Normalized unit: Intensity,False,False,306,0,0.00,null,null,null,null,null,null,null,2141.57,P Finnie Mix 4p4 clmn TEST 4_GC2_01_66701,758.72412:284774 759.72879:121270 760.73346:7978,null,998872,1031262,1018369,990287,1009697.36609375,18566.9991678881
307,5.536,758.84387,Unknown,[M+H]+,null,1.00,False,null,null,null,null,null,null,999,False,False,False,Normalized unit: Intensity,False,False,307,0,0.00,null,null,null,null,null,null,null,2292.57,P Finnie Mix 4p4 clmn TEST 4_GC2_01_66701,758.84387:250090 759.84854:145080 760.85321:8394,null,965115,994640,978296,972410,977615.062359375,12565.1859535755
308,5.536,758.97754,Unknown,[M+H]+,null,1.00,False,null,null,null,null,null,null,999,False,False,False,Normalized unit: Intensity,False,False,308,0,0.00,null,null,null,null,null,null,null,1023.88,P Finnie Mix 4p4 clmn TEST 3_GC2_01_66700,758.97754:135698 759.98221:0 760.98687:0,null,396912,424707,408484,405420,408880.862171875,11631.2123696457
309,6.053,760.58795,no MS2: Cer 49:11;O4|Cer 12:1;O2/37:10;O2,[M+H]+,null,1.00,False,10.908,760.58752,C49H77NO5,Cer_EOS,DDLJIZBIJAEWSX-UHFFFAOYSA-N,O=C(OCCC=CCC=CCC=CCCCCC(=O)NC(CO)C(O)C=CCCCCCCC)CCC=CCC=CCC=CCC=CCC=CCC=CCC,530,False,True,False,Normalized unit: Intensity; Annotation method: Msp20260116160945_NCDK_conventional_converted_dev_1,False,False,309,0,0.00,1.00,null,null,null,-1.00,-1.00,-0.143,63985.78,P Finnie Mix 4p4 clmn TEST 5_GC2_01_66702,760.58765:13274510 761.59231:9484446 762.59698:2212348,null,56440032,58023664,58010116,56857801,57332903.5024843,808024.111105142
310,6.053,760.73944,Unknown,[M+2H]2+,null,1.00,False,null,null,null,null,null,null,999,False,False,False,Normalized unit: Intensity,False,False,310,0,0.00,null,null,null,null,null,null,null,1925.16,P Finnie Mix 4p4 clmn TEST 4_GC2_01_66701,760.73944:271264 761.74411:114570 762.74878:8738,null,930324,958224,943173,938988,942677.296187499,11664.2792511568
311,6.053,760.85858,Unknown,[M+H]+,null,1.00,False,null,null,null,null,null,null,999,False,False,False,Normalized unit: Intensity,False,False,311,0,0.00,null,null,null,null,null,null,null,2351.97,P Finnie Mix 4p4 clmn TEST 2_GC2_01_66699,760.85858:240260 761.86325:129842 762.86792:7636,null,920394,921801,905997,919791,916995.415343749,7380.66099851025
312,6.053,760.99359,Unknown,[M+H]+,null,1.00,False,null,null,null,null,null,null,999,False,False,False,Normalized unit: Intensity,False,False,312,0,0.00,null,null,null,null,null,null,null,1128.78,P Finnie Mix 4p4 clmn TEST 4_GC2_01_66701,760.99359:131120 761.99826:0 763.00293:0,null,332084,373445,384701,329301,354882.719671875,28331.1297848786
313,6.652,762.60034,no MS2: DMPE 35:0|DMPE 30:0_5:0,[M+H]+,null,1.00,False,13.068,762.60071,C42H84NO8P,DMPE,JRWXOFFZCHKSOK-UHFFFAOYSA-N,O=C(OCC(OC(=O)CCCC)COP(=O)(O)OCCN(C)C)CCCCCCCCCCCCCCCCCCCCCCCCCCCCC,530,False,True,False,Normalized unit: Intensity; Annotation method: Msp20260116160945_NCDK_conventional_converted_dev_1,False,False,313,0,0.00,1.00,null,null,null,-1.00,-1.00,-0.143,174.05,P Finnie Mix 4p4 clmn TEST 3_GC2_01_66700,762.60065:157078 763.60531:71486 764.60998:20386,null,577675,617131,606289,563706,591200.012015626,24758.2198623488
314,7.819,765.61414,no MS2: BA 24:1;O3;G/22:4,[M+NH4]+,null,1.00,False,9.525,765.61401,C48H77NO5,GLCAE,IKHMFXYHPYWWHV-UHFFFAOYSA-N,O=C(O)CNC(=O)CCC(C)C1CCC2C3CCC4CC(OC(=O)CCCCCCCCC=CCC=CCC=CCC=CCC)CCC4(C)C3CCC12C,530,False,True,False,Normalized unit: Intensity; Annotation method: Msp20260116160945_NCDK_conventional_converted_dev_1,False,False,314,0,0.00,1.00,null,null,null,-1.00,-1.00,-0.143,223.12,P Finnie Mix 4p4 clmn TEST 4_GC2_01_66701,765.61395:130948 766.61862:70636 767.62329:18632,null,758786,805731,778179,760378,775768.552437501,21823.7693682767
315,7.294,768.65131,no MS2: Cer 49:7;O4|Cer 13:1;O3/36:6(2OH),[M+H]+,null,1.00,False,13.152,768.65009,C49H85NO5,Cer_AP,SJLLCJFUQSKSCX-UHFFFAOYSA-N,O=C(NC(CO)C(O)C(O)CCCC=CCCCC)C(O)CCCCCCCCCCCCCCCC=CCC=CCC=CCC=CCC=CCC=CCC,530,False,True,False,Normalized unit: Intensity; Annotation method: Msp20260116160945_NCDK_conventional_converted_dev_1,False,False,315,0,0.00,1.00,null,null,null,-1.00,-1.00,-0.145,197.86,P Finnie Mix 4p4 clmn TEST 3_GC2_01_66700,768.65076:104038 769.65542:55408 770.66009:23926,null,467729,474292,482869,469367,473564.171796875,6801.40339098282
316,7.819,770.66541,no MS2: Cer 49:6;O4|Cer 13:1;O3/36:5(2OH),[M+H]+,null,1.00,False,12.888,770.66571,C49H87NO5,Cer_AP,SAPOUTRDZRAKRW-UHFFFAOYSA-N,O=C(NC(CO)C(O)C(O)CCCC=CCCCC)C(O)CCCCCCCCCCCCCCCCCCC=CCC=CCC=CCC=CCC=CCC,530,False,True,False,Normalized unit: Intensity; Annotation method: Msp20260116160945_NCDK_conventional_converted_dev_1,False,False,316,0,0.00,1.00,null,null,null,-1.00,-1.00,-0.143,427.11,P Finnie Mix 4p4 clmn TEST 4_GC2_01_66701,770.66547:298122 771.67013:149458 772.67480:39524,null,1853907,1912649,1920107,1925273,1902983.69734375,33125.6507706934
317,7.668,773.60358,no MS2: BA 24:1;O4;G/20:2;O,[M+NH4]+,null,1.00,False,7.790,773.60382,C46H77NO7,GDCAE,ZBSKJXLKUZHTBJ-UHFFFAOYSA-N,O=C(O)CNC(=O)CCC(C)C1CCC2C3CCC4CC(OC(=O)CCCCCCCCC(O)C=CCC=CCCCCC)CCC4(C)C3CC(O)C12C,530,False,True,False,Normalized unit: Intensity; Annotation method: Msp20260116160945_NCDK_conventional_converted_dev_1,False,False,317,0,0.00,1.00,null,null,null,-1.00,-1.00,-0.143,46.94,P Finnie Mix 4p4 clmn TEST 5_GC2_01_66702,773.60388:117924 774.60855:55682 775.61322:15818,null,693923,736404,733381,716848,720139.002984375,19476.4199456318
318,4.414,774.56635,no MS2: TG 46:11|TG 8:1_16:4_22:6,[M+NH4]+,null,1.00,False,11.665,774.56671,C49H72O6,TG,YEILBZXUULCYAC-UHFFFAOYSA-N,O=C(OCC(OC(=O)CCC=CCC=CCC=CCC=CCC)COC(=O)CCC=CCCC)CCC=CCC=CCC=CCC=CCC=CCC=CCC,530,False,True,False,Normalized unit: Intensity; Annotation method: Msp20260116160945_NCDK_conventional_converted_dev_1,False,False,318,0,0.00,1.00,null,null,null,-1.00,-1.00,-0.143,254.77,P Finnie Mix 4p4 clmn TEST 3_GC2_01_66700,774.56635:96388 775.57101:44402 776.57568:12036,null,590621,639534,622203,600201,613139.81390625,22010.1212528934
319,5.536,780.55341,no MS2: DMPE 37:5|DMPE 5:0_32:5,[M+H]+,null,1.00,False,9.141,780.55377,C44H78NO8P,DMPE,UFMBOMNSZABXBI-UHFFFAOYSA-N,O=C(OCC(OC(=O)CCCCCCCCCCCCCCCC=CCC=CCC=CCC=CCC=CCC)COP(=O)(O)OCCN(C)C)CCCC,530,False,True,False,Normalized unit: Intensity; Annotation method: Msp20260116160945_NCDK_conventional_converted_dev_1,False,False,319,0,0.00,1.00,null,null,null,-1.00,-1.00,-0.143,435.80,P Finnie Mix 4p4 clmn TEST 2_GC2_01_66699,780.55353:784042 781.55820:357378 782.56286:84320,null,2896803,3010571,3056409,3035249,2999758.15367188,71146.7256902968
320,6.053,782.56860,no MS2: NAGlySer 41:9;O2|NAGlySer 15:2;O(FA 26:6),[M+NH4]+,null,1.00,False,7.892,782.56781,C46H72N2O7,NAGlySer,JMCCZEKHWHPGJT-UHFFFAOYSA-N,O=C(OC(C=CCC=CCCC)CCCCCC(=O)NCC(=O)NC(C(=O)O)CO)CCCCCCC=CCC=CCC=CCC=CCC=CCC=CCC,530,False,True,False,Normalized unit: Intensity; Annotation method: Msp20260116160945_NCDK_conventional_converted_dev_1,False,False,320,0,0.00,1.00,null,null,null,-1.00,-1.00,-0.144,511.62,P Finnie Mix 4p4 clmn TEST 5_GC2_01_66702,782.56824:745334 783.57291:334526 784.57757:79886,null,2399230,2642884,2670147,2653471,2591432.94589062,128625.541372186
321,6.122,786.60144,no MS2: DMPE 37:2|DMPE 5:0_32:2,[M+H]+,null,1.00,False,11.902,786.60071,C44H84NO8P,DMPE,XWRPWKLEUYPPTC-UHFFFAOYSA-N,O=C(OCC(OC(=O)CCCCCCCCCCCCCCCCCCCC=CCC=CCCCCCCC)COP(=O)(O)OCCN(C)C)CCCC,530,False,True,False,Normalized unit: Intensity; Annotation method: Msp20260116160945_NCDK_conventional_converted_dev_1,False,False,321,0,0.00,1.00,null,null,null,-1.00,-1.00,-0.143,306.34,P Finnie Mix 4p4 clmn TEST 4_GC2_01_66701,786.60107:351752 787.60574:170250 788.61041:40312,null,1417096,1693885,1538884,1551615,1550370.1165,113272.602161507
322,6.721,788.61945,no MS2: Cer 51:11;O4|Cer 12:1;O2/39:10;O2,[M+H]+,null,1.00,False,11.494,788.61877,C51H81NO5,Cer_EOS,UWYOHPVGSOMAKF-UHFFFAOYSA-N,O=C(OCCC=CCC=CCC=CCCCCCCC(=O)NC(CO)C(O)C=CCCCCCCC)CCC=CCC=CCC=CCC=CCC=CCC=CCC,530,False,True,False,Normalized unit: Intensity; Annotation method: Msp20260116160945_NCDK_conventional_converted_dev_1,False,False,322,0,0.00,1.00,null,null,null,-1.00,-1.00,-0.143,46502.79,P Finnie Mix 4p4 clmn TEST 5_GC2_01_66702,788.61865:13535896 789.62332:9760572 790.62799:2260050,null,57268415,57896356,57263103,57870540,57574603.5458906,356785.299492834
323,6.721,788.77350,Unknown,[M+2H]2+,null,1.00,False,null,null,null,null,null,null,999,False,False,False,Normalized unit: Intensity,False,False,323,0,0.00,null,null,null,null,null,null,null,1690.44,P Finnie Mix 4p4 clmn TEST 3_GC2_01_66700,788.77350:266320 789.77817:137906 790.78283:9766,null,926094,964354,954640,927265,943088.565515625,19363.5014356858
324,6.721,788.89490,Unknown,[M+H]+,null,1.00,False,null,null,null,null,null,null,999,False,False,False,Normalized unit: Intensity,False,False,324,0,0.00,null,null,null,null,null,null,null,2266.19,P Finnie Mix 4p4 clmn TEST 4_GC2_01_66701,788.89490:238410 789.89957:133504 790.90423:0,null,887686,910211,906986,904884,902441.733390625,10078.2562150247
325,6.721,789.03186,Unknown,[M+H]+,null,1.00,False,null,null,null,null,null,null,999,False,False,False,Normalized unit: Intensity,False,False,325,0,0.00,null,null,null,null,null,null,null,965.41,P Finnie Mix 4p4 clmn TEST 3_GC2_01_66700,789.03186:133234 790.03653:0 791.04120:0,null,311424,333201,331862,315653,323034.909015625,11114.3338932603
326,7.325,790.63385,no MS2: Cer 51:10;O4|Cer 12:1;O2/39:9;O2,[M+H]+,null,1.00,False,12.338,790.63440,C51H83NO5,Cer_EOS,JYFNGOFQIOBAIX-UHFFFAOYSA-N,O=C(OCCCCC=CCC=CCCCCCCCC(=O)NC(CO)C(O)C=CCCCCCCC)CCC=CCC=CCC=CCC=CCC=CCC=CCC,530,False,True,False,Normalized unit: Intensity; Annotation method: Msp20260116160945_NCDK_conventional_converted_dev_1,False,False,326,0,0.00,1.00,null,null,null,-1.00,-1.00,-0.143,24927.60,P Finnie Mix 4p4 clmn TEST 2_GC2_01_66699,790.63440:13368018 791.63907:9212782 792.64373:2261694,null,60694160,61316452,61773151,60329950,61028428.2231718,642177.813756597
327,7.325,790.78864,Unknown,[M+2H]2+,null,1.00,False,null,null,null,null,null,null,999,False,False,False,Normalized unit: Intensity,False,False,327,0,0.00,null,null,null,null,null,null,null,1642.17,P Finnie Mix 4p4 clmn TEST 2_GC2_01_66699,790.78864:255856 791.79330:130806 792.79797:9506,null,992184,1003550,986874,978234,990210.494781249,10589.3704356638
328,7.325,790.91052,Unknown,[M+H]+,null,1.00,False,null,null,null,null,null,null,999,False,False,False,Normalized unit: Intensity,False,False,328,0,0.00,null,null,null,null,null,null,null,2392.85,P Finnie Mix 4p4 clmn TEST 5_GC2_01_66702,790.91052:232304 791.91519:129742 792.91986:9026,null,936766,959927,957421,956667,952695.491171874,10710.5172739813
329,7.325,791.04712,Unknown,[M+H]+,null,1.00,False,null,null,null,null,null,null,999,False,False,False,Normalized unit: Intensity,False,False,329,0,0.00,null,null,null,null,null,null,null,1018.47,P Finnie Mix 4p4 clmn TEST 4_GC2_01_66701,791.04712:124690 792.05179:0 793.05645:0,null,348900,381661,381422,321749,358433.053453124,28894.5978805397
330,9.225,796.70160,no MS2: HexCer 42:0;O2|HexCer 16:0;O2/26:0,[M+H-H2O]+,null,1.00,False,13.113,796.70251,C48H95NO8,HexCer_NDS,BKSXKRUSYDJGAP-UHFFFAOYSA-N,O=C(NC(COC1OC(CO)C(O)C(O)C1O)C(O)CCCCCCCCCCCCC)CCCCCCCCCCCCCCCCCCCCCCCCC,530,False,True,False,Normalized unit: Intensity; Annotation method: Msp20260116160945_NCDK_conventional_converted_dev_1,False,False,330,0,0.00,1.00,null,null,null,-1.00,-1.00,-0.143,640.17,P Finnie Mix 4p4 clmn TEST 2_GC2_01_66699,796.70264:173840 797.70730:87558 798.71197:22660,null,683818,784309,755763,728529,738104.664484374,42760.6122161726
331,5.545,802.60925,no MS2: RIKEN P-VS1 ID-11372 from Mouse_Feces_WT_N_Ctr,[M+H]+,null,1.00,False,3.780,802.61481,null,Unknown,null,null,530,False,True,False,Normalized unit: Intensity; Annotation method: Msp20260116160945_NCDK_conventional_converted_dev_1,False,False,331,0,0.00,0.79,null,null,null,-1.00,-1.00,-0.223,1193.23,P Finnie Mix 4p4 clmn TEST 2_GC2_01_66699,802.60931:277834 803.61398:131556 804.61865:30708,null,1099387,1123819,1135714,1095659,1113644.7685,19298.8978603609
332,6.053,804.62421,no MS2: RIKEN P-VS1 ID-11454 from Mouse_Brain_WT_N_F1EPA,[M+H]+,null,1.00,False,11.100,804.62830,null,Unknown,null,null,530,False,True,False,Normalized unit: Intensity; Annotation method: Msp20260116160945_NCDK_conventional_converted_dev_1,False,False,332,0,0.00,0.88,null,null,null,-1.00,-1.00,-0.183,637.31,P Finnie Mix 4p4 clmn TEST 3_GC2_01_66700,804.62421:289430 805.62887:133032 806.63354:33954,null,1032562,1124755,1090042,1049798,1074289.24804687,41375.9310946923
333,6.721,810.59900,no MS2: NAGlySer 43:9;O2|NAGlySer 15:2;O(FA 28:6),[M+NH4]+,null,1.00,False,8.181,810.59912,C48H76N2O7,NAGlySer,LNUXQXMKLJJQDM-UHFFFAOYSA-N,O=C(OC(C=CCC=CCCC)CCCCCC(=O)NCC(=O)NC(C(=O)O)CO)CCCCCCCCC=CCC=CCC=CCC=CCC=CCC=CCC,530,False,True,False,Normalized unit: Intensity; Annotation method: Msp20260116160945_NCDK_conventional_converted_dev_1,False,False,333,0,0.00,1.00,null,null,null,-1.00,-1.00,-0.143,843.59,P Finnie Mix 4p4 clmn TEST 4_GC2_01_66701,810.59900:655700 811.60367:314540 812.60833:73014,null,2171038,2273091,2317480,2288649,2262564.49625,63728.7703198289
334,7.329,812.61469,no MS2: NAGlySer 43:8;O2|NAGlySer 15:1;O(FA 28:6),[M+NH4]+,null,1.00,False,9.063,812.61469,C48H78N2O7,NAGlySer,KUZPIEVYOYJJNW-UHFFFAOYSA-N,O=C(OC(C=CCCCCC)CCCCCCC(=O)NCC(=O)NC(C(=O)O)CO)CCCCCCCCC=CCC=CCC=CCC=CCC=CCC=CCC,530,False,True,False,Normalized unit: Intensity; Annotation method: Msp20260116160945_NCDK_conventional_converted_dev_1,False,False,334,0,0.00,1.00,null,null,null,-1.00,-1.00,-0.143,1323.26,P Finnie Mix 4p4 clmn TEST 5_GC2_01_66702,812.61469:580606 813.61935:272508 814.62402:68356,null,2064685,2129791,2205531,2173024,2143257.468125,60879.8353370829
335,7.989,818.66260,no MS2: DMPE 39:0|DMPE 34:0_5:0,[M+H]+,null,1.00,False,12.973,818.66333,C46H92NO8P,DMPE,PBFYZIOATXJMEP-UHFFFAOYSA-N,O=C(OCC(OC(=O)CCCC)COP(=O)(O)OCCN(C)C)CCCCCCCCCCCCCCCCCCCCCCCCCCCCCCCCC,530,False,True,False,Normalized unit: Intensity; Annotation method: Msp20260116160945_NCDK_conventional_converted_dev_1,False,False,335,0,0.00,1.00,null,null,null,-1.00,-1.00,-0.143,919.40,P Finnie Mix 4p4 clmn TEST 2_GC2_01_66699,818.66333:283744 819.66800:141198 820.67267:37636,null,1083124,1133459,1136897,1121227,1118676.92509375,24637.5455162416
336,9.225,823.71252,no MS2: DG 49:3,[M+Na]+,null,1.00,False,13.702,823.71503,C52H96O5,DG,HUURGFPLUKPOSX-UHFFFAOYSA-N,O=C(OCC(OC(=O)CCCCCCCCCCCCCCCCCCCCCCC=CCC=CCC=CCCCCCCC)CO)CCCCCCCCCC,530,False,True,False,Normalized unit: Intensity; Annotation method: Msp20260116160945_NCDK_conventional_converted_dev_1,False,False,336,0,0.00,0.98,null,null,null,-1.00,-1.00,-0.152,518.82,P Finnie Mix 4p4 clmn TEST 2_GC2_01_66699,823.71344:140366 824.71811:73858 825.72278:20256,null,601440,679355,668305,647745,649211.337624999,34435.7328859824
337,6.721,832.65570,no MS2: RIKEN P-VS1 ID-12699 from Mouse_Spleen_WT_N_F1AA,[M+H]+,null,1.00,False,12.680,832.65588,null,Unknown,null,null,530,False,True,False,Normalized unit: Intensity; Annotation method: Msp20260116160945_NCDK_conventional_converted_dev_1,False,False,337,0,0.00,1.00,null,null,null,-1.00,-1.00,-0.129,672.58,P Finnie Mix 4p4 clmn TEST 3_GC2_01_66700,832.65570:314254 833.66037:153982 834.66504:39192,null,1014200,1028019,1017829,995143,1013797.68440625,13743.5616591876
338,7.329,834.67004,no MS2: RIKEN P-VS1 ID-12795 from Mouse_Brain_WT_N_Ctr,[M+H]+,null,1.00,False,12.210,834.66577,null,Unknown,null,null,530,False,True,False,Normalized unit: Intensity; Annotation method: Msp20260116160945_NCDK_conventional_converted_dev_1,False,False,338,0,0.00,0.88,null,null,null,-1.00,-1.00,-0.184,842.74,P Finnie Mix 4p4 clmn TEST 4_GC2_01_66701,834.67004:276098 835.67471:131078 836.67938:32428,null,895800,909156,945651,924069,918669.178703124,21374.7609519159
339,11.250,848.77057,no MS2: TG 50:2|TG 8:0_8:0_34:2,[M+NH4]+,null,1.00,False,14.271,848.77020,C53H98O6,TG,VZLKOMBMLGTLFF-UHFFFAOYSA-N,O=C(OCC(OC(=O)CCCCCCC)COC(=O)CCCCCCCCCCCCCCCCCCCCCC=CCC=CCCCCCCC)CCCCCCC,530,False,True,False,Normalized unit: Intensity; Annotation method: Msp20260116160945_NCDK_conventional_converted_dev_1,False,False,339,0,0.00,1.00,null,null,null,-1.00,-1.00,-0.143,330.42,P Finnie Mix 4p4 clmn TEST 3_GC2_01_66700,848.77057:84258 849.77524:45890 850.77990:12760,null,502320,574653,512635,491948,520388.708875,37148.763261566
340,11.632,850.78662,no MS2: TG 50:1|TG 8:0_8:0_34:1,[M+NH4]+,null,1.00,False,14.765,850.78583,C53H100O6,TG,WLEHGRAGAYLVMG-UHFFFAOYSA-N,O=C(OCC(OC(=O)CCCCCCC)COC(=O)CCCCCCCCCCCCCCCCCCCCCCCC=CCCCCCCCC)CCCCCCC,530,False,True,False,Normalized unit: Intensity; Annotation method: Msp20260116160945_NCDK_conventional_converted_dev_1,False,False,340,0,0.00,1.00,null,null,null,-1.00,-1.00,-0.145,129451.20,P Finnie Mix 4p4 clmn TEST 4_GC2_01_66701,850.78662:13565950 851.79129:12234414 852.79596:4068672,null,53932457,54876047,55699439,54092688,54650157.7869688,811969.711094229
341,11.636,850.94763,Unknown,[M+H]+,null,1.00,False,null,null,null,null,null,null,999,False,False,False,Normalized unit: Intensity,False,False,341,0,0.00,null,null,null,null,null,null,null,3577.02,P Finnie Mix 4p4 clmn TEST 3_GC2_01_66700,850.94763:327004 851.95230:193326 852.95697:31208,null,1113912,1176351,1147782,1135625,1143417.52284375,26044.6813132994
342,11.636,851.07605,Unknown,[M+H]+,null,1.00,False,null,null,null,null,null,null,999,False,False,False,Normalized unit: Intensity,False,False,342,0,0.00,null,null,null,null,null,null,null,3554.74,P Finnie Mix 4p4 clmn TEST 3_GC2_01_66700,851.07605:273398 852.08072:202122 853.08539:0,null,932743,1001972,985646,970288,972662.172843751,29590.5405136273
343,11.632,851.21765,Unknown,[M+H]+,null,1.00,False,null,null,null,null,null,null,999,False,False,False,Normalized unit: Intensity,False,False,343,0,0.00,null,null,null,null,null,null,null,712.81,P Finnie Mix 4p4 clmn TEST 3_GC2_01_66700,851.21765:153706 852.22232:83290 853.22699:0,null,377917,431680,381120,298766,372370.740796875,54901.447892284
344,11.632,851.49188,Unknown,[M+H]+,null,1.00,False,null,null,null,null,null,null,999,False,False,False,Normalized unit: Intensity,False,False,344,0,0.00,null,null,null,null,null,null,null,3016.07,P Finnie Mix 4p4 clmn TEST 3_GC2_01_66700,851.49188:638688 852.49655:357668 853.50122:62876,null,1914529,2047423,1989131,1973477,1981140.05657813,54628.9473662194
345,11.614,855.73938,no MS2: TG 50:1|TG 8:0_8:0_34:1,[M+Na]+,null,1.00,False,14.765,855.74121,C53H100O6,TG,WLEHGRAGAYLVMG-UHFFFAOYSA-N,O=C(OCC(OC(=O)CCCCCCC)COC(=O)CCCCCCCCCCCCCCCCCCCCCCCC=CCCCCCCCC)CCCCCCC,530,False,True,False,Normalized unit: Intensity; Annotation method: Msp20260116160945_NCDK_conventional_converted_dev_1,False,False,345,0,0.00,1.00,null,null,null,-1.00,-1.00,-0.144,1846.47,P Finnie Mix 4p4 clmn TEST 3_GC2_01_66700,855.74170:493238 856.74637:288808 857.75103:74470,null,1488501,1597477,1610162,1606213,1575588.381,58299.8652514862
346,10.855,872.77075,no MS2: TG 52:4|TG 8:0_8:0_36:4,[M+H-2H2O]+,null,1.00,False,14.237,872.77020,C55H98O6,TG,TVCXNLFXLACFHK-UHFFFAOYSA-N,O=C(OCC(OC(=O)CCCCCCC)COC(=O)CCCCCCCCCCCCCCCCCCCCCCC=CCC=CCC=CCC=CCC)CCCCCCC,530,False,True,False,Normalized unit: Intensity; Annotation method: Msp20260116160945_NCDK_conventional_converted_dev_1,False,False,346,0,0.00,1.00,null,null,null,-1.00,-1.00,-0.144,156.65,P Finnie Mix 4p4 clmn TEST 3_GC2_01_66700,872.77069:108976 873.77536:61028 874.78003:19020,null,704608,633651,590648,592522,630357.1788125,53330.0507830601
347,11.250,874.78607,no MS2: TG 52:3|TG 8:0_8:0_36:3,[M+NH4]+,null,1.00,False,14.469,874.78583,C55H100O6,TG,SMVJWGZQUSFCNG-UHFFFAOYSA-N,O=C(OCC(OC(=O)CCCCCCC)COC(=O)CCCCCCCCCCCCCCCCCCCCC=CCC=CCC=CCCCCCCC)CCCCCCC,530,False,True,False,Normalized unit: Intensity; Annotation method: Msp20260116160945_NCDK_conventional_converted_dev_1,False,False,347,0,0.00,1.00,null,null,null,-1.00,-1.00,-0.143,1000.09,P Finnie Mix 4p4 clmn TEST 3_GC2_01_66700,874.78607:132980 875.79074:122224 876.79541:47664,null,742243,772781,689791,643003,711954.863765625,57337.5745051319
348,11.619,877.79510,no MS2: RIKEN P-VS1 ID-14438 from Mouse_Plasma_WT_N_Ctr,[M+H]+,null,1.00,False,14.550,877.79492,null,Unknown,null,null,530,False,True,False,Normalized unit: Intensity; Annotation method: Msp20260116160945_NCDK_conventional_converted_dev_1,False,False,348,0,0.00,1.00,null,null,null,-1.00,-1.00,-0.129,16294.96,P Finnie Mix 4p4 clmn TEST 5_GC2_01_66702,877.79510:2135486 878.79977:1256718 879.80444:388088,null,6339357,6877981,6991427,7003803,6803141.94325,314331.63915327
349,11.623,891.81110,no MS2: RIKEN P-VS1 ID-14892 from Mouse_Plasma_ApoEKO_N_F1DHA,[M+H]+,null,1.00,False,14.840,891.81812,null,Unknown,null,null,530,False,True,False,Normalized unit: Intensity; Annotation method: Msp20260116160945_NCDK_conventional_converted_dev_1,False,False,349,0,0.00,0.89,null,null,null,-1.00,-1.00,-0.180,614.27,P Finnie Mix 4p4 clmn TEST 2_GC2_01_66699,891.81372:107740 892.81839:0 893.82306:0,null,397524,451896,460524,450604,440137.143296875,28747.7397962901
350,10.448,896.77081,no MS2: TG 54:6|TG 8:0_8:0_38:6,[M+NH4]+,null,1.00,False,13.776,896.77020,C57H98O6,TG,MPJPHTZTJJUBFS-UHFFFAOYSA-N,O=C(OCC(OC(=O)CCCCCCC)COC(=O)CCCCCCCCCCCCCCCCCCC=CCC=CCC=CCC=CCC=CCC=CCC)CCCCCCC,530,False,True,False,Normalized unit: Intensity; Annotation method: Msp20260116160945_NCDK_conventional_converted_dev_1,False,False,350,0,0.00,1.00,null,null,null,-1.00,-1.00,-0.144,472.85,P Finnie Mix 4p4 clmn TEST 2_GC2_01_66699,896.77081:288112 897.77548:183688 898.78015:57208,null,2071251,1713252,1749061,1751000,1821140.81815625,167640.90020176
351,10.868,898.78693,no MS2: TG 54:5|TG 8:0_8:0_38:5,[M+NH4]+,null,1.00,False,14.112,898.78583,C57H100O6,TG,QEUNXFKXMXOSEM-UHFFFAOYSA-N,O=C(OCC(OC(=O)CCCCCCC)COC(=O)CCCCCCCCCCCCCCCCCCCCCC=CCC=CCC=CCC=CCC=CCC)CCCCCCC,530,False,True,False,Normalized unit: Intensity; Annotation method: Msp20260116160945_NCDK_conventional_converted_dev_1,False,False,351,0,0.00,1.00,null,null,null,-1.00,-1.00,-0.143,199.28,P Finnie Mix 4p4 clmn TEST 3_GC2_01_66700,898.78583:128200 899.79050:135874 900.79516:60994,null,1044636,892566,873710,882334,923311.377296875,81249.1928550854
352,11.272,900.80084,no MS2: TG 54:4|TG 8:0_8:0_38:4,[M+NH4]+,null,1.00,False,14.090,900.80151,C57H102O6,TG,SDHHDMYGROQKNA-UHFFFAOYSA-N,O=C(OCC(OC(=O)CCCCCCC)COC(=O)CCCCCCCCCCCCCCCCCCCCCCCCC=CCC=CCC=CCC=CCC)CCCCCCC,530,False,True,False,Normalized unit: Intensity; Annotation method: Msp20260116160945_NCDK_conventional_converted_dev_1,False,False,352,0,0.00,1.00,null,null,null,-1.00,-1.00,-0.143,94.22,P Finnie Mix 4p4 clmn TEST 3_GC2_01_66700,900.80121:90180 901.80588:116300 902.81054:54724,null,973794,843977,805963,807289,857755.765015624,79339.0543195261
353,11.623,901.79773,no MS2: SL 53:1;O2|SL 17:1;O/36:0;O,[M+NH4]+,null,1.00,False,13.403,901.80011,C53H105NO6S,SL,NCGZLJNHILSLNJ-UHFFFAOYSA-N,O=C(N(CC(O)C=CCCCCCCCCCCCC)CS(=O)(=O)O)C(O)CCCCCCCCCCCCCCCCCCCCCCCCCCCCCCCCCC,530,False,True,False,Normalized unit: Intensity; Annotation method: Msp20260116160945_NCDK_conventional_converted_dev_1,False,False,353,0,0.00,0.97,null,null,null,-1.00,-1.00,-0.157,1622.55,P Finnie Mix 4p4 clmn TEST 2_GC2_01_66699,901.79791:599408 902.80258:375878 903.80725:113986,null,2021440,2116300,2066227,1978559,2045631.49884375,59166.7222072617
354,12.100,904.83356,no MS2: TG 54:2|TG 8:0_8:0_38:2,[M+NH4]+,null,1.00,False,14.863,904.83282,C57H106O6,TG,CJABAEYPPMEUSO-UHFFFAOYSA-N,O=C(OCC(OC(=O)CCCCCCC)COC(=O)CCCCCCCCCCCCCCCCCCCCCCCCCC=CCC=CCCCCCCC)CCCCCCC,530,False,True,False,Normalized unit: Intensity; Annotation method: Msp20260116160945_NCDK_conventional_converted_dev_1,False,False,354,0,0.00,1.00,null,null,null,-1.00,-1.00,-0.143,25181.39,P Finnie Mix 4p4 clmn TEST 4_GC2_01_66701,904.83264:12852650 905.83731:8898016 906.84198:2775738,null,42647313,44590143,43135644,43646519,43504904.9068906,830584.970621222
355,12.100,904.99896,Unknown,[M+H]+,null,1.00,False,null,null,null,null,null,null,999,False,False,False,Normalized unit: Intensity,False,False,355,0,0.00,null,null,null,null,null,null,null,1659.11,P Finnie Mix 4p4 clmn TEST 3_GC2_01_66700,904.99896:220564 906.00363:125568 907.00830:14136,null,687992,696421,696866,683798,691269.070296874,6440.08408903366
356,12.100,905.12909,Unknown,[M+H]+,null,1.00,False,null,null,null,null,null,null,999,False,False,False,Normalized unit: Intensity,False,False,356,0,0.00,null,null,null,null,null,null,null,1757.57,P Finnie Mix 4p4 clmn TEST 3_GC2_01_66700,905.12909:202642 906.13376:146252 907.13842:10150,null,659423,688472,667279,657613,668196.515593749,14152.8794025535
357,12.100,905.55884,Unknown,[M+H]+,null,1.00,False,null,null,null,null,null,null,999,False,False,False,Normalized unit: Intensity,False,False,357,0,0.00,null,null,null,null,null,null,null,1391.90,P Finnie Mix 4p4 clmn TEST 3_GC2_01_66700,905.55884:387600 906.56351:241584 907.56817:31272,null,1140990,1196726,1167922,1153551,1164797.22703125,23961.8105617711
358,11.614,906.84668,no MS2: TG 54:1|TG 8:0_8:0_38:1,[M+NH4]+,null,1.00,False,15.126,906.84839,C57H108O6,TG,LELWTXMKFFCBDE-UHFFFAOYSA-N,O=C(OCC(OC(=O)CCCCCCC)COC(=O)CCCCCCCCCCCCCCCCCCCCCCCCCC=CCCCCCCCCCC)CCCCCCC,530,False,True,False,Normalized unit: Intensity; Annotation method: Msp20260116160945_NCDK_conventional_converted_dev_1,False,False,358,0,0.00,1.00,null,null,null,-1.00,-1.00,-0.144,1620.49,P Finnie Mix 4p4 clmn TEST 3_GC2_01_66700,906.84906:624718 907.85373:400198 908.85840:116122,null,1900915,1937758,1932784,1937392,1927212.19403125,17676.9342707587
359,12.382,906.84808,no MS2: TG 54:1|TG 8:0_8:0_38:1,[M+NH4]+,null,1.00,False,15.126,906.84839,C57H108O6,TG,LELWTXMKFFCBDE-UHFFFAOYSA-N,O=C(OCC(OC(=O)CCCCCCC)COC(=O)CCCCCCCCCCCCCCCCCCCCCCCCCC=CCCCCCCCCCC)CCCCCCC,530,False,True,False,Normalized unit: Intensity; Annotation method: Msp20260116160945_NCDK_conventional_converted_dev_1,False,False,359,0,0.00,1.00,null,null,null,-1.00,-1.00,-0.143,273.10,P Finnie Mix 4p4 clmn TEST 3_GC2_01_66700,906.84808:105604 907.85275:62906 908.85742:20144,null,391646,404448,384804,378846,389936.070578125,10997.8516308114
360,12.564,908.86420,no MS2: TG 54:0|TG 8:0_8:0_38:0,[M+NH4]+,null,1.00,False,15.751,908.86407,C57H110O6,TG,HNLIVTDTZQZJSZ-UHFFFAOYSA-N,O=C(OCC(OC(=O)CCCCCCC)COC(=O)CCCCCCCCCCCCCCCCCCCCCCCCCCCCCCCCCCCCC)CCCCCCC,530,False,True,False,Normalized unit: Intensity; Annotation method: Msp20260116160945_NCDK_conventional_converted_dev_1,False,False,360,0,0.00,1.00,null,null,null,-1.00,-1.00,-0.143,217.53,P Finnie Mix 4p4 clmn TEST 3_GC2_01_66700,908.86420:128118 909.86886:74708 910.87353:20568,null,308897,309809,297335,291663,301925.701093751,8890.91984925264
361,12.100,909.78644,no MS2: TG 54:2|TG 8:0_8:0_38:2,[M+Na]+,null,1.00,False,14.863,909.78821,C57H106O6,TG,CJABAEYPPMEUSO-UHFFFAOYSA-N,O=C(OCC(OC(=O)CCCCCCC)COC(=O)CCCCCCCCCCCCCCCCCCCCCCCCCC=CCC=CCCCCCCC)CCCCCCC,530,False,True,False,Normalized unit: Intensity; Annotation method: Msp20260116160945_NCDK_conventional_converted_dev_1,False,False,361,0,0.00,1.00,null,null,null,-1.00,-1.00,-0.143,4575.07,P Finnie Mix 4p4 clmn TEST 2_GC2_01_66699,909.78845:651726 910.79312:396232 911.79779:121640,null,3194521,3168667,3229405,3213946,3201634.79225,26205.7205183699
362,12.824,915.85388,no MS2: SL 55:0;O|SL 19:0;O/36:0,[M+NH4]+,null,1.00,False,14.077,915.85211,C55H111NO5S,SL,XTVIHKJNYSEQCJ-UHFFFAOYSA-N,O=C(N(CC(O)CCCCCCCCCCCCCCCC)CS(=O)(=O)O)CCCCCCCCCCCCCCCCCCCCCCCCCCCCCCCCCCC,530,False,True,False,Normalized unit: Intensity; Annotation method: Msp20260116160945_NCDK_conventional_converted_dev_1,False,False,362,0,0.00,1.00,null,null,null,-1.00,-1.00,-0.143,663.90,P Finnie Mix 4p4 clmn TEST 4_GC2_01_66701,915.85254:348248 916.85721:246496 917.86187:81366,null,873965,882187,861840,846663,866163.801859374,15455.2606969611
363,12.105,925.76080,no MS2: DG 57:8,[M+K]+,null,1.00,False,13.677,925.76190,C60H102O5,DG,HLUWBWSLQDTFFG-UHFFFAOYSA-N,O=C(OCC(OC(=O)CCCCCCCCCCCCC=CCC=CCC=CCC=CCC=CCC=CCC=CCC=CCC)CO)CCCCCCCCCCCCCCCCCC,530,False,True,False,Normalized unit: Intensity; Annotation method: Msp20260116160945_NCDK_conventional_converted_dev_1,False,False,363,0,0.00,1.00,null,null,null,-1.00,-1.00,-0.143,361.10,P Finnie Mix 4p4 clmn TEST 3_GC2_01_66700,925.76196:68410 926.76663:42846 927.77130:14668,null,506829,491002,518518,501640,504497.16525,11435.5009527036
364,10.868,925.79767,no MS2: SL 55:3;O2|SL 19:1;O/36:2;O,[M+NH4]+,null,1.00,False,13.086,925.80011,C55H105NO6S,SL,BJQQWDMWCSIMCW-UHFFFAOYSA-N,O=C(N(CC(O)C=CCCCCCCCCCCCCCC)CS(=O)(=O)O)C(O)CCCCCCCCCCCCCCCCCCCCCCC=CCC=CCCCCCCC,530,False,True,False,Normalized unit: Intensity; Annotation method: Msp20260116160945_NCDK_conventional_converted_dev_1,False,False,364,0,0.00,0.97,null,null,null,-1.00,-1.00,-0.160,243.72,P Finnie Mix 4p4 clmn TEST 2_GC2_01_66699,925.79767:157440 926.80234:97816 927.80700:31686,null,1190069,1013371,992613,1005090,1050285.72939063,93578.4939494516
365,11.302,927.81238,no MS2: RIKEN P-VS1 ID-16007 from Mouse_Aorta_ApoEKO_N_F1DHA,[M+H]+,null,1.00,False,14.630,927.80823,null,Unknown,null,null,530,False,True,False,Normalized unit: Intensity; Annotation method: Msp20260116160945_NCDK_conventional_converted_dev_1,False,False,365,0,0.00,0.97,null,null,null,-1.00,-1.00,-0.142,397.89,P Finnie Mix 4p4 clmn TEST 4_GC2_01_66701,927.81055:69114 928.81521:36626 929.81988:13360,null,803083,748798,711139,699062,740520.4885625,46778.3041122667
366,12.105,931.84222,no MS2: SL 55:0;O2|SL 19:0;O/36:0;O,[M+NH4]+,null,1.00,False,13.897,931.84698,C55H111NO6S,SL,GGYZFEAOQHKSAV-UHFFFAOYSA-N,O=C(N(CC(O)CCCCCCCCCCCCCCCC)CS(=O)(=O)O)C(O)CCCCCCCCCCCCCCCCCCCCCCCCCCCCCCCCCC,530,False,True,False,Normalized unit: Intensity; Annotation method: Msp20260116160945_NCDK_conventional_converted_dev_1,False,False,366,0,0.00,0.96,null,null,null,-1.00,-1.00,-0.162,9577.89,P Finnie Mix 4p4 clmn TEST 2_GC2_01_66699,931.84436:1960684 932.84903:1209706 933.85370:397328,null,10150944,10379185,10484974,10538880,10388495.8638437,171698.453932927
367,12.824,932.88007,no MS2: Cer 63:6;O3|Cer 25:0;O2/38:6;O,[M+H-H2O]+,null,1.00,False,14.192,932.87927,C63H115NO4,Cer_HDS,XEVBCDWLGUIGFJ-UHFFFAOYSA-N,O=C(NC(CO)C(O)CCCCCCCCCCCCCCCCCCCCCC)C(O)CCCCCCCCCCCCCCCCCC=CCC=CCC=CCC=CCC=CCC=CCC,530,False,True,False,Normalized unit: Intensity; Annotation method: Msp20260116160945_NCDK_conventional_converted_dev_1,False,False,367,0,0.00,1.00,null,null,null,-1.00,-1.00,-0.143,9839.58,P Finnie Mix 4p4 clmn TEST 3_GC2_01_66700,932.87921:1418826 933.88388:974182 934.88855:330166,null,3422441,3381574,3295768,3199631,3324853.41737499,98771.1167104114
368,10.287,936.82220,no MS2: AHexCer 51:0;O2|AHexCer (O-26:0)12:0;O2/13:0,[M+H-H2O]+,null,1.00,False,13.574,936.82257,C57H111NO9,AHexCer,CXADNKATNWLIQK-UHFFFAOYSA-N,O=C(OCC1OC(OCC(NC(=O)CCCCCCCCCCCC)C(O)CCCCCCCCC)C(O)C(O)C1O)CCCCCCCCCCCCCCCCCCCCCCCCC,530,False,True,False,Normalized unit: Intensity; Annotation method: Msp20260116160945_NCDK_conventional_converted_dev_1,False,False,368,0,0.00,1.00,null,null,null,-1.00,-1.00,-0.143,1717.48,P Finnie Mix 4p4 clmn TEST 2_GC2_01_66699,936.82269:411836 937.82736:254568 938.83203:78056,null,2601639,2785501,2656498,2636116,2669938.41159374,80299.9345770731
369,12.820,937.83484,no MS2: SL 57:3;O|SL 21:1;O/36:2,[M+NH4]+,null,0.25,False,13.431,937.83649,C57H109NO5S,SL,WVNJNXZQFZSBPM-UHFFFAOYSA-N,O=C(N(CC(O)C=CCCCCCCCCCCCCCCCC)CS(=O)(=O)O)CCCCCCCCCCCCCCCCCCCCCCCC=CCC=CCCCCCCC,530,False,True,False,Normalized unit: Intensity; Annotation method: Msp20260116160945_NCDK_conventional_converted_dev_1,False,False,369,0,0.00,0.98,null,null,null,-1.00,-1.00,-0.151,111.57,P Finnie Mix 4p4 clmn TEST 3_GC2_01_66700,937.83484:104666 938.83951:74336 939.84417:21092,null,250183,266883,261343,256232,258660.091046875,7131.03391156906
370,10.283,941.77765,no MS2: SL 58:8;O|SL 22:2;O/36:6,[M+NH4]+,null,1.00,False,13.421,941.77393,C58H101NO5S,SL,PIWHTKOHSHZSNL-UHFFFAOYSA-N,O=C(N(CC(O)C=CCCC=CCCCCCCCCCCCCC)CS(=O)(=O)O)CCCCCCCCCCCCCCCCC=CCC=CCC=CCC=CCC=CCC=CCC,530,False,True,False,Normalized unit: Intensity; Annotation method: Msp20260116160945_NCDK_conventional_converted_dev_1,False,False,370,0,0.00,0.98,null,null,null,-1.00,-1.00,-0.154,865.55,P Finnie Mix 4p4 clmn TEST 5_GC2_01_66702,941.77594:249376 942.78061:150480 943.78528:45644,null,1322865,1451642,1408803,1413278,1399147.10876562,54367.9654996516
371,10.512,945.82135,no MS2: DG 58:5,[M+Na]+,null,0.25,False,14.375,945.82452,C61H110O5,DG,OVQXKFXNDGOGQQ-UHFFFAOYSA-N,O=C(OCC(OC(=O)CCCCCCCCCCCCCCCCCCCCCC=CCC=CCC=CCC=CCC=CCC)CO)CCCCCCCCCCCCCCCCCCC,530,False,True,False,Normalized unit: Intensity; Annotation method: Msp20260116160945_NCDK_conventional_converted_dev_1,False,False,371,0,0.00,0.95,null,null,null,-1.00,-1.00,-0.170,440.20,P Finnie Mix 4p4 clmn TEST 4_GC2_01_66701,945.82135:88462 946.82602:52904 947.83069:17104,null,290034,275326,291813,309491,291666.003375002,13992.9430971926
372,12.100,945.85791,no MS2: SL 56:0;O2|SL 20:0;O/36:0;O,[M+NH4]+,null,1.00,False,13.958,945.86267,C56H113NO6S,SL,OTFVMQGHXVTRRN-UHFFFAOYSA-N,O=C(N(CC(O)CCCCCCCCCCCCCCCCC)CS(=O)(=O)O)C(O)CCCCCCCCCCCCCCCCCCCCCCCCCCCCCCCCCC,530,False,True,False,Normalized unit: Intensity; Annotation method: Msp20260116160945_NCDK_conventional_converted_dev_1,False,False,372,0,0.00,0.96,null,null,null,-1.00,-1.00,-0.164,437.60,P Finnie Mix 4p4 clmn TEST 2_GC2_01_66699,945.85986:112720 946.86453:0 947.86920:0,null,504817,561065,579323,564851,552513.947562499,32756.6824865538
373,12.863,953.31824,Unknown,[M+H]+,null,1.00,False,null,null,null,null,null,null,999,False,False,False,Normalized unit: Intensity,False,False,373,0,0.00,null,null,null,null,null,null,null,470.37,P Finnie Mix 4p4 clmn TEST 4_GC2_01_66701,953.31824:88432 954.32291:23768 955.32757:2264,null,318229,315842,330414,289622,313526.576890625,17166.8580013483
374,12.100,955.84320,no MS2: RIKEN P-VS1 ID-16730 from Mouse_Liver_WT_N_Ctr,[M+H]+,null,1.00,False,14.420,955.84430,null,Unknown,null,null,530,False,True,False,Normalized unit: Intensity; Annotation method: Msp20260116160945_NCDK_conventional_converted_dev_1,False,False,374,0,0.00,1.00,null,null,null,-1.00,-1.00,-0.129,501.68,P Finnie Mix 4p4 clmn TEST 2_GC2_01_66699,955.84406:456078 956.84872:301020 957.85339:91934,null,1722208,1752206,1733360,1686118,1723473.0664375,27810.8554340065
375,10.283,957.75183,Unknown,[M+H]+,null,1.00,False,null,null,null,null,null,null,999,False,False,False,Normalized unit: Intensity,False,False,375,0,0.00,null,null,null,null,null,null,null,479.38,P Finnie Mix 4p4 clmn TEST 3_GC2_01_66700,957.75183:80516 958.75650:46636 959.76117:18014,null,440431,491901,480013,456915,467314.957203124,23069.8039056707
376,12.824,959.89008,Unknown,[M+H]+,null,1.00,False,null,null,null,null,null,null,999,False,False,False,Normalized unit: Intensity,False,False,376,0,0.00,null,null,null,null,null,null,null,388.49,P Finnie Mix 4p4 clmn TEST 3_GC2_01_66700,959.89008:415964 960.89474:298474 961.89941:100434,null,1001822,1074025,1055530,1034364,1041435.15164062,30983.7811168877
377,12.100,960.89478,no MS2: TG 58:2|TG 8:0_12:0_38:2,[M+NH4]+,null,1.00,False,15.547,960.89539,C61H114O6,TG,IEQINIXYBNTBLE-UHFFFAOYSA-N,O=C(OCC(OC(=O)CCCCCCCCCCC)COC(=O)CCCCCCCCCCCCCCCCCCCCCCCCCC=CCC=CCCCCCCC)CCCCCCC,530,False,True,False,Normalized unit: Intensity; Annotation method: Msp20260116160945_NCDK_conventional_converted_dev_1,False,False,377,0,0.00,1.00,null,null,null,-1.00,-1.00,-0.143,1355.03,P Finnie Mix 4p4 clmn TEST 2_GC2_01_66699,960.89569:723004 961.90036:485540 962.90503:155806,null,3225112,3275816,3232328,3303498,3259188.62540625,37069.6314614693
378,10.283,963.83301,no MS2: TG 58:3|TG 8:0_12:0_38:3,[M+Na]+,null,1.00,False,15.255,963.83508,C61H112O6,TG,GPJLDOHEVQBDQL-UHFFFAOYSA-N,O=C(OCC(OC(=O)CCCCCCCCCCC)COC(=O)CCCCCCCCCCCCCCCCCCCCCCC=CCC=CCC=CCCCCCCC)CCCCCCC,530,False,True,False,Normalized unit: Intensity; Annotation method: Msp20260116160945_NCDK_conventional_converted_dev_1,False,False,378,0,0.00,0.99,null,null,null,-1.00,-1.00,-0.148,600.86,P Finnie Mix 4p4 clmn TEST 2_GC2_01_66699,963.83374:378452 964.83841:248476 965.84308:77794,null,2106341,2277270,2131323,2128004,2160734.48515625,78475.9959191682
379,11.944,972.81671,no MS2: AHexCer 54:3;O2|AHexCer (O-28:0)12:1;O2/14:2,[M+H-H2O]+,null,1.00,False,13.865,972.82257,C60H111NO9,AHexCer,BBGLWILTMXNCLG-UHFFFAOYSA-N,O=C(OCC1OC(OCC(NC(=O)CCC=CCCCC=CCCCC)C(O)C=CCCCCCCC)C(O)C(O)C1O)CCCCCCCCCCCCCCCCCCCCCCCCCCC,530,False,True,False,Normalized unit: Intensity; Annotation method: Msp20260116160945_NCDK_conventional_converted_dev_1,False,False,379,0,0.00,0.83,null,null,null,-1.00,-1.00,-0.226,264.06,P Finnie Mix 4p4 clmn TEST 2_GC2_01_66699,972.81671:121060 973.82138:87760 974.82605:29340,null,467635,472924,463117,449964,463409.824828124,9819.11878549238
380,12.820,988.94116,no MS2: Cer 67:6;O3|Cer 29:0;O2/38:6;O,[M+H-H2O]+,null,0.25,False,14.598,988.94189,C67H123NO4,Cer_HDS,DLXKLOHBDSXMQI-UHFFFAOYSA-N,O=C(NC(CO)C(O)CCCCCCCCCCCCCCCCCCCCCCCCCC)C(O)CCCCCCCCCCCCCCCCCC=CCC=CCC=CCC=CCC=CCC=CCC,530,False,True,False,Normalized unit: Intensity; Annotation method: Msp20260116160945_NCDK_conventional_converted_dev_1,False,False,380,0,0.00,1.00,null,null,null,-1.00,-1.00,-0.144,70.26,P Finnie Mix 4p4 clmn TEST 4_GC2_01_66701,988.94116:110090 989.94583:80636 990.95050:27102,null,256359,268579,274740,264769,266111.602125,7691.08149699545
381,10.283,992.88507,no MS2: AHexCer 55:0;O2|AHexCer (O-28:0)12:0;O2/15:0,[M+H-H2O]+,null,1.00,False,14.095,992.88519,C61H119NO9,AHexCer,JURSJMPIAXTLSS-UHFFFAOYSA-N,O=C(OCC1OC(OCC(NC(=O)CCCCCCCCCCCCCC)C(O)CCCCCCCCC)C(O)C(O)C1O)CCCCCCCCCCCCCCCCCCCCCCCCCCC,530,False,True,False,Normalized unit: Intensity; Annotation method: Msp20260116160945_NCDK_conventional_converted_dev_1,False,False,381,0,0.00,1.00,null,null,null,-1.00,-1.00,-0.143,342.14,P Finnie Mix 4p4 clmn TEST 3_GC2_01_66700,992.88507:80854 993.88974:55252 994.89441:16172,null,415268,450222,406153,410976,420654.793328124,20060.3139282885
382,11.944,999.82745,no MS2: SM 56:7;O2|SM 18:1;O2/38:6,[M+H]+,null,1.00,False,13.217,999.82532,C61H111N2O6P,SM,JAMWEQUVHNRZHT-UHFFFAOYSA-N,O=C(NC(COP(=O)([O-])OCC[N+](C)(C)C)C(O)C=CCCCCCCCCCCCCC)CCCCCCCCCCCCCCCCCCC=CCC=CCC=CCC=CCC=CCC=CCC,530,False,True,False,Normalized unit: Intensity; Annotation method: Msp20260116160945_NCDK_conventional_converted_dev_1,False,False,382,0,0.00,1.00,null,null,null,-1.00,-1.00,-0.143,675.00,P Finnie Mix 4p4 clmn TEST 5_GC2_01_66702,999.82532:147246 1000.82999:110752 1001.83465:39690,null,637978,638861,629681,610897,629354.247687499,12980.9826473742
383,11.181,1017.93512,Unknown,[M+H]+,null,1.00,False,null,null,null,null,null,null,999,False,False,False,Normalized unit: Intensity,False,False,383,0,0.00,null,null,null,null,null,null,null,1848.62,P Finnie Mix 4p4 clmn TEST 5_GC2_01_66702,1017.93512:345608 1018.93979:277088 1019.94446:102516,null,1139328,1303372,1337389,1335593,1278920.52060938,94365.1920330337
384,11.679,1019.95038,Unknown,[M+H]+,null,1.00,False,null,null,null,null,null,null,999,False,False,False,Normalized unit: Intensity,False,False,384,0,0.00,null,null,null,null,null,null,null,10964.04,P Finnie Mix 4p4 clmn TEST 5_GC2_01_66702,1019.95038:1411596 1020.95505:1134252 1021.95971:432522,null,5737046,6700878,6631813,6699708,6442361.20396875,471317.202410244
385,1.456,1075.69397,Unknown,[M+H]+,null,0.75,False,null,null,null,null,null,null,999,False,False,False,Normalized unit: Intensity,False,False,385,0,0.00,null,null,null,null,null,null,null,2203.11,P Finnie Mix 4p4 clmn TEST 3_GC2_01_66700,1075.69397:525724 1076.69864:306346 1077.70331:105606,null,119,993118,927001,925382,711404.909203125,475239.401137164
386,11.051,1075.91602,no MS2: SM 60:5;O3|SM 32:4;O2(FA 28:0),[M+H]+,null,1.00,False,13.888,1075.91406,C65H123N2O7P,ASM,HDNARCNNLBBIRP-UHFFFAOYSA-N,O=C(OC(C=CCCCCCCC)C(NC(=O)CCCCCCCCCC=CCC=CCC=CCC)COP(=O)([O-])OCC[N+](C)(C)C)CCCCCCCCCCCCCCCCCCCCCCCCCCC,530,False,True,False,Normalized unit: Intensity; Annotation method: Msp20260116160945_NCDK_conventional_converted_dev_1,False,False,386,0,0.00,1.00,null,null,null,-1.00,-1.00,-0.143,446.59,P Finnie Mix 4p4 clmn TEST 4_GC2_01_66701,1075.91418:221550 1076.91885:173744 1077.92352:65962,null,901638,982175,911124,889106,921011.074437499,41761.1212812614
387,11.181,1089.93311,no MS2: SM 61:5;O3|SM 33:4;O2(FA 28:0),[M+H]+,null,1.00,False,13.986,1089.92969,C66H125N2O7P,ASM,XFCOZBNVRGMEKK-UHFFFAOYSA-N,O=C(OC(C=CCCCCCCC)C(NC(=O)CCCCCCCC=CCC=CCC=CCCCCC)COP(=O)([O-])OCC[N+](C)(C)C)CCCCCCCCCCCCCCCCCCCCCCCCCCC,530,False,True,False,Normalized unit: Intensity; Annotation method: Msp20260116160945_NCDK_conventional_converted_dev_1,False,False,387,0,0.00,0.99,null,null,null,-1.00,-1.00,-0.146,4052.87,P Finnie Mix 4p4 clmn TEST 4_GC2_01_66701,1089.93091:615824 1090.93558:507140 1091.94024:199916,null,2532138,2659701,2630204,2607063,2607276.63535937,54527.7721323948
388,12.612,1092.93140,no MS2: Cer 73:13;O4|Cer 13:1;O2/60:12;O2,[M+H]+,null,1.00,False,14.614,1092.93176,C73H121NO5,Cer_EOS,QOJFQIUXNLEGRY-UHFFFAOYSA-N,O=C(OCCC=CCC=CCC=CCC=CCC=CCCCCCCCCCCCCCCCCCCCCCC(=O)NC(CO)C(O)C=CCCCCCCCC)CCC=CCC=CCC=CCC=CCC=CCC=CCC,530,False,True,False,Normalized unit: Intensity; Annotation method: Msp20260116160945_NCDK_conventional_converted_dev_1,False,False,388,0,0.00,1.00,null,null,null,-1.00,-1.00,-0.143,643.46,P Finnie Mix 4p4 clmn TEST 2_GC2_01_66699,1092.93140:306250 1093.93606:238512 1094.94073:94976,null,1042011,897166,840063,828245,901871.222437499,98153.3853535433
389,6.982,1098.94214,no MS2: TG 69:10|TG 8:0_23:0_38:10,[M+NH4]+,null,1.00,False,15.238,1098.94226,C72H120O6,TG,KBZOGIQOHDZDRU-UHFFFAOYSA-N,O=C(OCC(OC(=O)CCCCCCCCCCCCCCCCCCCCCC)COC(=O)CCCCCCC)CCCCCCC=CCC=CCC=CCC=CCC=CCC=CCC=CCC=CCC=CCC=CCC,530,False,True,False,Normalized unit: Intensity; Annotation method: Msp20260116160945_NCDK_conventional_converted_dev_1,False,False,389,0,0.00,1.00,null,null,null,-1.00,-1.00,-0.143,5820.46,P Finnie Mix 4p4 clmn TEST 3_GC2_01_66700,1098.94214:758488 1099.94681:604034 1100.95147:232118,null,2617078,2992474,2785491,2671754,2766699.35289063,166060.709565282
390,6.982,1103.89746,no MS2: TG 69:10|TG 8:0_23:0_38:10,[M+Na]+,null,1.00,False,15.238,1103.89771,C72H120O6,TG,KBZOGIQOHDZDRU-UHFFFAOYSA-N,O=C(OCC(OC(=O)CCCCCCCCCCCCCCCCCCCCCC)COC(=O)CCCCCCC)CCCCCCC=CCC=CCC=CCC=CCC=CCC=CCC=CCC=CCC=CCC=CCC,530,False,True,False,Normalized unit: Intensity; Annotation method: Msp20260116160945_NCDK_conventional_converted_dev_1,False,False,390,0,0.00,1.00,null,null,null,-1.00,-1.00,-0.143,1004.66,P Finnie Mix 4p4 clmn TEST 3_GC2_01_66700,1103.89746:711352 1104.90213:555498 1105.90680:213510,null,3043110,3372264,3339679,3292213,3261816.51729688,149462.890189991
391,12.612,1108.92603,no MS2: TG 70:12|TG 8:0_24:2_38:10,[M+NH4]+,null,1.00,False,15.143,1108.92676,C73H118O6,TG,DUPTWZLCELWTHG-UHFFFAOYSA-N,O=C(OCC(OC(=O)CCCCCCCCCCCC=CCC=CCCCCCCC)COC(=O)CCCCCCC)CCCCCCC=CCC=CCC=CCC=CCC=CCC=CCC=CCC=CCC=CCC=CCC,530,False,True,False,Normalized unit: Intensity; Annotation method: Msp20260116160945_NCDK_conventional_converted_dev_1,False,False,391,0,0.00,1.00,null,null,null,-1.00,-1.00,-0.143,203.41,P Finnie Mix 4p4 clmn TEST 2_GC2_01_66699,1108.92676:98162 1109.93143:75824 1110.93609:35780,null,387865,396144,385549,367104,384165.7015,12249.6081249235
392,11.172,1119.94250,Unknown,[M+H]+,null,1.00,False,null,null,null,null,null,null,999,False,False,False,Normalized unit: Intensity,False,False,392,0,0.00,null,null,null,null,null,null,null,536.83,P Finnie Mix 4p4 clmn TEST 5_GC2_01_66702,1119.94250:83784 1120.94717:67246 1121.95184:26842,null,346372,355416,349535,353274,351149.32371875,4005.87864718369
393,9.862,1128.31555,no MS2: RIKEN P-VS1 ID-18454 from Mouse_Macrophage_WT_N_F1DHA,[M+H]+,null,1.00,False,13.400,1128.31299,null,Unknown,null,null,530,False,True,False,Normalized unit: Intensity; Annotation method: Msp20260116160945_NCDK_conventional_converted_dev_1,False,False,393,0,0.00,1.00,null,null,null,-1.00,-1.00,-0.129,570.93,P Finnie Mix 4p4 clmn TEST 5_GC2_01_66702,1128.31274:106042 1129.31741:114440 1130.32208:110386,null,346365,358314,344666,343004,348087.146921875,6954.58621653359
394,6.569,1130.93274,no MS2: AHexCer 66:8;O2|AHexCer (O-22:6)12:1;O2/32:1,[M+H-H2O]+,null,1.00,False,14.451,1130.93213,C72H125NO9,AHexCer,ILJLVPKQLKAAKK-UHFFFAOYSA-N,O=C(OCC1OC(OCC(NC(=O)CCCCCCCCCCCCCCCCCCCCCC=CCCCCCCCC)C(O)C=CCCCCCCC)C(O)C(O)C1O)CCC=CCC=CCC=CCC=CCC=CCC=CCC,530,False,True,False,Normalized unit: Intensity; Annotation method: Msp20260116160945_NCDK_conventional_converted_dev_1,False,False,394,0,0.00,1.00,null,null,null,-1.00,-1.00,-0.143,948.91,P Finnie Mix 4p4 clmn TEST 4_GC2_01_66701,1130.93213:272288 1131.93680:219368 1132.94146:84234,null,577956,627147,578740,557289,585282.753484374,29623.9413907839
395,2.180,1131.75745,Unknown,[M+H]+,null,0.75,False,null,null,null,null,null,null,999,False,False,False,Normalized unit: Intensity,False,False,395,0,0.00,null,null,null,null,null,null,null,1025.89,P Finnie Mix 4p4 clmn TEST 3_GC2_01_66700,1131.75745:356756 1132.76211:220430 1133.76678:71904,null,37,733773,683298,633199,512576.832140625,344151.191823237
396,1.705,1131.75745,Unknown,[2M+H]+,null,0.25,False,null,null,null,null,null,null,999,False,False,False,Normalized unit: Intensity,False,False,396,0,0.00,null,null,null,null,null,null,null,400.22,P Finnie Mix 4p4 clmn TEST 2_GC2_01_66699,1131.75745:91582 1132.76211:52686 1133.76678:17772,null,292737,0,132,63,73232.9373437499,146335.92768172
397,6.569,1135.88818,Unknown,[M+H]+,null,1.00,False,null,null,null,null,null,null,999,False,False,False,Normalized unit: Intensity,False,False,397,0,0.00,null,null,null,null,null,null,null,580.49,P Finnie Mix 4p4 clmn TEST 3_GC2_01_66700,1135.88818:150808 1136.89285:117026 1137.89752:45104,null,333209,374108,364290,340172,352944.384078125,19401.3118862316
398,3.120,1187.82019,Unknown,[M+H]+,null,0.75,False,null,null,null,null,null,null,999,False,False,False,Normalized unit: Intensity,False,False,398,0,0.00,null,null,null,null,null,null,null,3104.69,P Finnie Mix 4p4 clmn TEST 3_GC2_01_66700,1187.82019:704390 1188.82486:472342 1189.82953:178138,null,141,1429944,1350598,1304105,1021197.3703125,682683.713109613
399,2.731,1187.82129,Unknown,[M+H]+,null,0.25,False,null,null,null,null,null,null,999,False,False,False,Normalized unit: Intensity,False,False,399,0,0.00,null,null,null,null,null,null,null,1078.13,P Finnie Mix 4p4 clmn TEST 2_GC2_01_66699,1187.82129:216350 1188.82596:136678 1189.83062:49678,null,679911,61,34,86,170022.86584375,339925.467652277
400,10.253,1202.33386,no MS2: RIKEN P-VS1 ID-18892 from Mouse_Macrophage_WT_N_F1AA,[M+H]+,null,1.00,False,13.540,1202.34021,null,Unknown,null,null,530,False,True,False,Normalized unit: Intensity; Annotation method: Msp20260116160945_NCDK_conventional_converted_dev_1,False,False,400,0,0.00,0.90,null,null,null,-1.00,-1.00,-0.175,644.59,P Finnie Mix 4p4 clmn TEST 2_GC2_01_66699,1202.33459:115494 1203.33926:136948 1204.34393:138874,null,394044,415813,388439,388515,396702.811625,13007.612340717
401,3.120,1209.80188,Unknown,[2M+Na]+,null,0.75,False,null,null,null,null,null,null,999,False,False,False,Normalized unit: Intensity,False,False,401,0,0.00,null,null,null,null,null,null,null,454.08,P Finnie Mix 4p4 clmn TEST 3_GC2_01_66700,1209.80188:155656 1210.80655:105412 1211.81122:32490,null,87,310923,302134,302809,228988.424296875,152652.987699211
402,8.132,1211.11084,no MS2: RIKEN P-VS1 ID-18979 from Mouse_Macrophage_WT_N_F1AA,[M+H]+,null,1.00,False,12.900,1211.11206,null,Unknown,null,null,530,False,True,False,Normalized unit: Intensity; Annotation method: Msp20260116160945_NCDK_conventional_converted_dev_1,False,False,402,0,0.00,0.99,null,null,null,-1.00,-1.00,-0.131,31011.90,P Finnie Mix 4p4 clmn TEST 2_GC2_01_66699,1211.11084:5428266 1212.11551:4640452 1213.12018:1789882,null,16568594,14964849,14734499,14301522,15142365.9239688,989783.02092616
403,8.132,1211.30188,Unknown,[M+H]+,null,1.00,False,null,null,null,null,null,null,999,False,False,False,Normalized unit: Intensity,False,False,403,0,0.00,null,null,null,null,null,null,null,639.43,P Finnie Mix 4p4 clmn TEST 2_GC2_01_66699,1211.30188:134192 1212.30655:108484 1213.31122:12880,null,331034,289833,282450,275520,294709.264390625,24911.7252060943
404,8.132,1211.44653,Unknown,[M+2H]2+,null,1.00,False,null,null,null,null,null,null,999,False,False,False,Normalized unit: Intensity,False,False,404,0,0.00,null,null,null,null,null,null,null,660.18,P Finnie Mix 4p4 clmn TEST 2_GC2_01_66699,1211.44653:117012 1212.45120:90610 1213.45587:0,null,289031,264639,254331,251812,264953.2758125,16983.5556931707
405,8.130,1212.95447,no MS2: PG 67:9|PG 29:0_38:9,[M+NH4]+,null,0.50,False,12.777,1212.95044,C73H127O10P,PG,CRBTVAHKHWFWHQ-UHFFFAOYSA-N,O=C(OCC(OC(=O)CCCCCCCCCC=CCC=CCC=CCC=CCC=CCC=CCC=CCC=CCC=CCC)COP(=O)(O)OCC(O)CO)CCCCCCCCCCCCCCCCCCCCCCCCCCCC,530,False,True,False,Normalized unit: Intensity; Annotation method: Msp20260116160945_NCDK_conventional_converted_dev_1,False,False,405,0,0.00,0.97,null,null,null,-1.00,-1.00,-0.156,262.07,P Finnie Mix 4p4 clmn TEST 3_GC2_01_66700,1212.95325:111798 1213.95791:9644 1214.96258:0,null,275247,253783,235540,234748,249829.4735625,19090.2464807652
406,8.132,1216.06311,no MS2: RIKEN P-VS1 ID-19012 from Mouse_Macrophage_WT_N_F1AA,[M+H]+,null,1.00,False,12.890,1216.06641,null,Unknown,null,null,530,False,True,False,Normalized unit: Intensity; Annotation method: Msp20260116160945_NCDK_conventional_converted_dev_1,False,False,406,0,0.00,1.00,null,null,null,-1.00,-1.00,-0.129,10618.38,P Finnie Mix 4p4 clmn TEST 2_GC2_01_66699,1216.06580:2137934 1217.07046:1698664 1218.07513:688700,null,8805387,8664274,8807345,8757121,8758531.80604688,66994.0839985272
407,3.694,1243.88306,Unknown,[M+H]+,null,0.75,False,null,null,null,null,null,null,999,False,False,False,Normalized unit: Intensity,False,False,407,0,0.00,null,null,null,null,null,null,null,6222.46,P Finnie Mix 4p4 clmn TEST 3_GC2_01_66700,1243.88306:1184682 1244.88772:810646 1245.89239:321016,null,71,2247491,2103599,2093622,1611195.51134375,1076381.33664631
408,3.566,1243.88379,Unknown,[M+H]+,null,0.25,False,null,null,null,null,null,null,999,False,False,False,Normalized unit: Intensity,False,False,408,0,0.00,null,null,null,null,null,null,null,3987.22,P Finnie Mix 4p4 clmn TEST 2_GC2_01_66699,1243.88379:943142 1244.88846:645720 1245.89312:256264,null,1772109,193,115,2,443104.652843749,886002.828170495
409,3.694,1265.86487,Unknown,[M+H]+,null,0.75,False,null,null,null,null,null,null,999,False,False,False,Normalized unit: Intensity,False,False,409,0,0.00,null,null,null,null,null,null,null,1113.82,P Finnie Mix 4p4 clmn TEST 3_GC2_01_66700,1265.86487:256156 1266.86954:194570 1267.87420:67238,null,60,495220,475428,489254,364990.547875,243428.036638567
410,3.566,1265.86560,Unknown,[M+H]+,null,0.25,False,null,null,null,null,null,null,999,False,False,False,Normalized unit: Intensity,False,False,410,0,0.00,null,null,null,null,null,null,null,1240.63,P Finnie Mix 4p4 clmn TEST 2_GC2_01_66699,1265.86560:206600 1266.87027:152456 1267.87494:52556,null,392427,148,133,5,98178.3253749997,196165.607079963
411,8.791,1267.17249,no MS2: Cer 85:10;O4|Cer 19:3;O2/66:7;O2,[M+H]+,null,1.00,False,16.452,1267.16650,C85H151NO5,Cer_EOS,WYIBOKAUWGAEDN-UHFFFAOYSA-N,O=C(OCCC=CCC=CCC=CCC=CCC=CCC=CCCCCCCCCCCCCCCCCCCC(=O)NC(CO)C(O)C=CCCC=CCCC=CCCCCCC)CCCCCCCCCCCCCCCCCCCCCCCCCCC,530,False,True,False,Normalized unit: Intensity; Annotation method: Msp20260116160945_NCDK_conventional_converted_dev_1,False,False,411,0,0.00,0.96,null,null,null,-1.00,-1.00,-0.161,8950.61,P Finnie Mix 4p4 clmn TEST 5_GC2_01_66702,1267.16992:2956868 1268.17459:2612224 1269.17926:1116290,null,10422670,10083184,9865880,9264563,9909074.17764063,486948.341237851
412,8.791,1272.12549,no MS2: SM 74:5;O3|SM 46:4;O2(FA 28:0),[M+H]+,null,1.00,False,15.301,1272.13318,C79H151N2O7P,ASM,SOFNHZHFBRUQAX-UHFFFAOYSA-N,O=C(OC(C=CCCCCCCC)C(NC(=O)CCCCCCCCCCCCCCCCCCC=CCC=CCC=CCCCCCCC)COP(=O)([O-])OCC[N+](C)(C)C)CCCCCCCCCCCCCCCCCCCCCCCCCCC,530,False,True,False,Normalized unit: Intensity; Annotation method: Msp20260116160945_NCDK_conventional_converted_dev_1,False,False,412,0,0.00,0.91,null,null,null,-1.00,-1.00,-0.187,1188.11,P Finnie Mix 4p4 clmn TEST 2_GC2_01_66699,1272.12769:790362 1273.13235:662452 1274.13702:290512,null,3429948,3477163,3526322,3393435,3456716.99679688,57689.0783597783
413,10.608,1276.35278,no MS2: RIKEN P-VS1 ID-19307 from Mouse_Feces_WT_ABX_Ctr,[M+H]+,null,1.00,False,13.660,1276.34729,null,Unknown,null,null,530,False,True,False,Normalized unit: Intensity; Annotation method: Msp20260116160945_NCDK_conventional_converted_dev_1,False,False,413,0,0.00,0.98,null,null,null,-1.00,-1.00,-0.139,376.25,P Finnie Mix 4p4 clmn TEST 4_GC2_01_66701,1276.35010:123518 1277.35477:148430 1278.35943:151788,null,388168,403413,385562,382207,389837.572593748,9373.29769572029
414,12.842,1277.07727,no MS2: PG 71:5|PG 33:0_38:5,[M+NH4]+,null,1.00,False,13.471,1277.07568,C77H143O10P,PG,KSFTWDRGDUZLJZ-UHFFFAOYSA-N,O=C(OCC(OC(=O)CCCCCCCCCCCCCCCCCCCCCC=CCC=CCC=CCC=CCC=CCC)COP(=O)(O)OCC(O)CO)CCCCCCCCCCCCCCCCCCCCCCCCCCCCCCCC,530,False,True,False,Normalized unit: Intensity; Annotation method: Msp20260116160945_NCDK_conventional_converted_dev_1,False,False,414,0,0.00,1.00,null,null,null,-1.00,-1.00,-0.144,344.69,P Finnie Mix 4p4 clmn TEST 5_GC2_01_66702,1277.07666:136820 1278.08133:128900 1279.08600:61592,null,474378,532189,592598,555721,538721.403546874,49579.8816376927
415,8.114,1293.12927,no MS2: AHexCer 76:5;O3|AHexCer (O-28:0)12:1;O2/36:4;O,[M+H-H2O]+,null,1.00,False,15.151,1293.13049,C82H151NO10,AHexCer,WBUHJFAQSXGRCJ-UHFFFAOYSA-N,O=C(OCC1OC(OCC(NC(=O)C(O)CCCCCCCCCCCCCCCCCCCCCC=CCC=CCC=CCC=CCC)C(O)C=CCCCCCCC)C(O)C(O)C1O)CCCCCCCCCCCCCCCCCCCCCCCCCCC,530,False,True,False,Normalized unit: Intensity; Annotation method: Msp20260116160945_NCDK_conventional_converted_dev_1,False,False,415,0,0.00,1.00,null,null,null,-1.00,-1.00,-0.143,1590.12,P Finnie Mix 4p4 clmn TEST 2_GC2_01_66699,1293.13074:428652 1294.13541:385680 1295.14007:235746,null,1487616,1474274,1367514,1330098,1414875.68075,77995.314141161
416,11.697,1293.22107,no MS2: Cer 88:9;O4|Cer 22:2;O2/66:7;O2,[M+H-H2O]+,null,1.00,False,16.498,1293.21851,C88H159NO5,Cer_EOS,LKZDSMPBAUYSDE-UHFFFAOYSA-N,O=C(OCCC=CCC=CCC=CCC=CCC=CCC=CCCCCCCCCCCCCCCCCCCC(=O)NC(CO)C(O)C=CCCC=CCCCCCCCCCCCCC)CCCCCCCCCCCCCCCCCCCCCCCCCCC,530,False,True,False,Normalized unit: Intensity; Annotation method: Msp20260116160945_NCDK_conventional_converted_dev_1,False,False,416,0,0.00,1.00,null,null,null,-1.00,-1.00,-0.145,1238.84,P Finnie Mix 4p4 clmn TEST 4_GC2_01_66701,1293.21729:194556 1294.22195:191842 1295.22662:85604,null,749911,850806,764213,746759,777922.552828124,49179.097193575
417,8.097,1298.08484,Unknown,[M+H]+,null,1.00,False,null,null,null,null,null,null,999,False,False,False,Normalized unit: Intensity,False,False,417,0,0.00,null,null,null,null,null,null,null,543.32,P Finnie Mix 4p4 clmn TEST 3_GC2_01_66700,1298.08484:213448 1299.08951:192396 1300.09417:140844,null,632887,660832,636806,632151,640668.783171875,13596.5186483273
418,11.181,1298.17834,Unknown,[M+H]+,null,1.00,False,null,null,null,null,null,null,999,False,False,False,Normalized unit: Intensity,False,False,418,0,0.00,null,null,null,null,null,null,null,1152.84,P Finnie Mix 4p4 clmn TEST 3_GC2_01_66700,1298.17834:247900 1299.18301:248540 1300.18768:114996,null,913568,937872,893192,888995,908406.92871875,22383.9801043458
419,4.175,1299.94531,Unknown,[M+H]+,null,0.75,False,null,null,null,null,null,null,999,False,False,False,Normalized unit: Intensity,False,False,419,0,0.00,null,null,null,null,null,null,null,2118.48,P Finnie Mix 4p4 clmn TEST 3_GC2_01_66700,1299.94531:821198 1300.94998:609234 1301.95465:236254,null,55,1622263,1550124,1467583,1160006.07489063,775878.703549231
420,4.070,1299.94580,Unknown,[M+H]+,null,0.25,False,null,null,null,null,null,null,999,False,False,False,Normalized unit: Intensity,False,False,420,0,0.00,null,null,null,null,null,null,null,1346.84,P Finnie Mix 4p4 clmn TEST 2_GC2_01_66699,1299.94580:752276 1300.95047:572834 1301.95514:232964,null,1326646,40,24,67,331694.241562501,663301.176981371
421,11.679,1302.21155,Unknown,[M+H]+,null,1.00,False,null,null,null,null,null,null,999,False,False,False,Normalized unit: Intensity,False,False,421,0,0.00,null,null,null,null,null,null,null,5931.33,P Finnie Mix 4p4 clmn TEST 3_GC2_01_66700,1302.21155:1493372 1303.21622:1454672 1304.22088:726398,null,6539821,6698094,6592762,6544399,6593769.07282813,73558.3121824352
422,8.114,1311.14099,no MS2: RIKEN P-VS1 ID-19429 from Mouse_AdrenalGlands_WT_N_Ctr,[M+H]+,null,1.00,False,12.290,1311.14270,null,Unknown,null,null,530,False,True,False,Normalized unit: Intensity; Annotation method: Msp20260116160945_NCDK_conventional_converted_dev_1,False,False,422,0,0.00,0.99,null,null,null,-1.00,-1.00,-0.132,335.12,P Finnie Mix 4p4 clmn TEST 2_GC2_01_66699,1311.14099:178546 1312.14566:158674 1313.15033:73408,null,565808,471467,446881,439893,481012.35990625,58129.2682292359
423,11.181,1315.20398,no MS2: RIKEN P-VS1 ID-19445 from Mouse_AdrenalGlands_fads2KO_N_Ctr,[M+H]+,null,1.00,False,14.420,1315.20972,null,Unknown,null,null,530,False,True,False,Normalized unit: Intensity; Annotation method: Msp20260116160945_NCDK_conventional_converted_dev_1,False,False,423,0,0.00,0.91,null,null,null,-1.00,-1.00,-0.169,61212.01,P Finnie Mix 4p4 clmn TEST 2_GC2_01_66699,1315.20398:11433028 1316.20865:11475410 1317.21331:5952020,null,45306640,44948617,43472918,43088270,44204111.341375,1087750.63487686
424,11.181,1315.39917,Unknown,[M+H]+,null,1.00,False,null,null,null,null,null,null,999,False,False,False,Normalized unit: Intensity,False,False,424,0,0.00,null,null,null,null,null,null,null,1691.47,P Finnie Mix 4p4 clmn TEST 2_GC2_01_66699,1315.39917:210096 1316.40384:176354 1317.40851:64338,null,801208,764967,751427,728350,761487.97378125,30490.9208978588
425,11.181,1315.55859,Unknown,[M+2H]2+,null,1.00,False,null,null,null,null,null,null,999,False,False,False,Normalized unit: Intensity,False,False,425,0,0.00,null,null,null,null,null,null,null,1620.03,P Finnie Mix 4p4 clmn TEST 2_GC2_01_66699,1315.55859:197444 1316.56326:185046 1317.56793:101700,null,748572,728185,719273,685898,720481.955875,26114.6077062871
426,8.097,1316.09521,no MS2: RIKEN P-VS1 ID-19448 from Mouse_AdrenalGlands_WT_N_Ctr,[M+H]+,null,1.00,False,12.320,1316.08862,null,Unknown,null,null,530,False,True,False,Normalized unit: Intensity; Annotation method: Msp20260116160945_NCDK_conventional_converted_dev_1,False,False,426,0,0.00,0.96,null,null,null,-1.00,-1.00,-0.147,345.54,P Finnie Mix 4p4 clmn TEST 4_GC2_01_66701,1316.09241:163056 1317.09707:149122 1318.10174:66478,null,525241,513556,500064,504889,510937.4721875,11049.33160533
427,11.679,1319.23621,no MS2: RIKEN P-VS1 ID-19454 from Mouse_AdrenalGlands_fads2KO_N_Ctr,[M+H]+,null,1.00,False,14.750,1319.23706,null,Unknown,null,null,530,False,True,False,Normalized unit: Intensity; Annotation method: Msp20260116160945_NCDK_conventional_converted_dev_1,False,False,427,0,0.00,1.00,null,null,null,-1.00,-1.00,-0.130,115588.30,P Finnie Mix 4p4 clmn TEST 2_GC2_01_66699,1319.23621:12631606 1320.24087:12607812 1321.24554:9061596,null,70230158,70499626,69617009,69171512,69879576.3552969,599351.123110156
428,11.675,1319.42297,Unknown,[M+2H]2+,null,1.00,False,null,null,null,null,null,null,999,False,False,False,Normalized unit: Intensity,False,False,428,0,0.00,null,null,null,null,null,null,null,2229.11,P Finnie Mix 4p4 clmn TEST 3_GC2_01_66700,1319.42297:238536 1320.42764:197922 1321.43231:64406,null,1122812,1281989,1106667,1259365,1192708.11029688,90742.8803322688
429,11.679,1319.59363,Unknown,[M+2H]2+,null,1.00,False,null,null,null,null,null,null,999,False,False,False,Normalized unit: Intensity,False,False,429,0,0.00,null,null,null,null,null,null,null,2608.67,P Finnie Mix 4p4 clmn TEST 2_GC2_01_66699,1319.59363:300626 1320.59830:251752 1321.60296:132746,null,1411994,1405526,1372372,1356035,1386481.71514063,26706.4304322229
430,11.679,1320.23926,no MS2: SM 77:2;O3|SM 49:1;O2(FA 28:0),[M+H]+,null,1.00,False,15.425,1320.22705,C82H163N2O7P,ASM,XQLHZISVIBAODF-UHFFFAOYSA-N,O=C(OC(C=CCCCCCCC)C(NC(=O)CCCCCCCCCCCCCCCCCCCCCCCCCCCCCCCCCCCC)COP(=O)([O-])OCC[N+](C)(C)C)CCCCCCCCCCCCCCCCCCCCCCCCCCC,530,False,True,False,Normalized unit: Intensity; Annotation method: Msp20260116160945_NCDK_conventional_converted_dev_1,False,False,430,0,0.00,0.83,null,null,null,-1.00,-1.00,-0.230,83545.14,P Finnie Mix 4p4 clmn TEST 4_GC2_01_66701,1320.23523:12428460 1321.23990:8832492 1322.24456:2741704,null,69949570,70033740,69246236,69276579,69626531.4254688,423187.830994128
431,11.679,1321.24329,Unknown,[M+H]+,null,1.00,False,null,null,null,null,null,null,999,False,False,False,Normalized unit: Intensity,False,False,431,0,0.00,null,null,null,null,null,null,null,38122.24,P Finnie Mix 4p4 clmn TEST 2_GC2_01_66699,1321.24329:9061596 1322.24795:2785424 1323.25262:655188,null,44050388,44025024,43077154,42575245,43431952.5445938,728931.795088107
432,11.675,1321.42761,Unknown,[M+H]+,null,1.00,False,null,null,null,null,null,null,999,False,False,False,Normalized unit: Intensity,False,False,432,0,0.00,null,null,null,null,null,null,null,607.35,P Finnie Mix 4p4 clmn TEST 4_GC2_01_66701,1321.42761:65964 1322.43228:8120 1323.43695:3736,null,353324,368441,374865,369702,366583.0289375,9265.67087598681
433,4.175,1321.92505,Unknown,[M+H]+,null,0.75,False,null,null,null,null,null,null,999,False,False,False,Normalized unit: Intensity,False,False,433,0,0.00,null,null,null,null,null,null,null,636.11,P Finnie Mix 4p4 clmn TEST 5_GC2_01_66702,1321.92505:206152 1322.92972:164358 1323.93438:57582,null,42,360219,346033,359708,266500.62734375,177760.416292231
434,4.070,1321.92725,Unknown,[M+H]+,null,0.25,False,null,null,null,null,null,null,999,False,False,False,Normalized unit: Intensity,False,False,434,0,0.00,null,null,null,null,null,null,null,526.82,P Finnie Mix 4p4 clmn TEST 2_GC2_01_66699,1321.92725:168640 1322.93191:133208 1323.93658:46788,null,293610,101,69,219,73499.8058906251,146740.460085977
435,8.800,1323.17676,no MS2: AHexCer 78:4;O3|AHexCer (O-28:0)12:1;O2/38:3;O,[M+H-H2O]+,null,1.00,False,15.221,1323.17749,C84H157NO10,AHexCer,PXPNJFZOGXMHKY-UHFFFAOYSA-N,O=C(OCC1OC(OCC(NC(=O)C(O)CCCCCCCCCCCCCCCCCCCCCC=CCC=CCC=CCCCCCCC)C(O)C=CCCCCCCC)C(O)C(O)C1O)CCCCCCCCCCCCCCCCCCCCCCCCCCC,530,False,True,False,Normalized unit: Intensity; Annotation method: Msp20260116160945_NCDK_conventional_converted_dev_1,False,False,435,0,0.00,1.00,null,null,null,-1.00,-1.00,-0.144,22264.64,P Finnie Mix 4p4 clmn TEST 2_GC2_01_66699,1323.17676:4488838 1324.18143:4038472 1325.18609:1826980,null,16076780,15730454,15164695,14657758,15407421.7464375,625380.101101718
436,8.800,1323.37634,Unknown,[M+H]+,null,1.00,False,null,null,null,null,null,null,999,False,False,False,Normalized unit: Intensity,False,False,436,0,0.00,null,null,null,null,null,null,null,618.55,P Finnie Mix 4p4 clmn TEST 2_GC2_01_66699,1323.37634:106614 1324.38101:89562 1325.38568:10662,null,317682,314208,297601,281742,302808.23165625,16553.7747724221
437,8.798,1323.52820,Unknown,[M+2H]2+,null,0.50,False,null,null,null,null,null,null,999,False,False,False,Normalized unit: Intensity,False,False,437,0,0.00,null,null,null,null,null,null,null,556.54,P Finnie Mix 4p4 clmn TEST 2_GC2_01_66699,1323.52820:92164 1324.53287:80956 1325.53753:12092,null,273956,265392,251522,243292,258540.624703125,13740.2964033126
438,8.783,1325.05859,no MS2: PI 68:4,[M+NH4]+,null,0.25,False,13.991,1325.06055,C77H143O13P,PI,NUMRVJOHCKCQMB-UHFFFAOYSA-N,O=C(OCC(OC(=O)CCCCCCCCCCCCCCCCCCCCCCCCC=CCC=CCC=CCC=CCC)COP(=O)(O)OC1C(O)C(O)C(O)C(O)C1O)CCCCCCCCCCCCCCCCCCCCCCCCCCCCC,530,False,True,False,Normalized unit: Intensity; Annotation method: Msp20260116160945_NCDK_conventional_converted_dev_1,False,False,438,0,0.00,0.99,null,null,null,-1.00,-1.00,-0.148,69.59,P Finnie Mix 4p4 clmn TEST 2_GC2_01_66699,1325.05859:95626 1326.06326:13372 1327.06793:0,null,264889,252317,245170,223618,246498.4053125,17294.7953575288
439,8.804,1328.12927,no MS2: RIKEN P-VS1 ID-19489 from Mouse_Brain_fads2KO_N_Ctr,[M+H]+,null,1.00,False,10.540,1328.14001,null,Unknown,null,null,530,False,True,False,Normalized unit: Intensity; Annotation method: Msp20260116160945_NCDK_conventional_converted_dev_1,False,False,439,0,0.00,0.82,null,null,null,-1.00,-1.00,-0.208,1734.34,P Finnie Mix 4p4 clmn TEST 2_GC2_01_66699,1328.13171:556732 1329.13638:501132 1330.14105:240302,null,3001581,2987714,3062306,2895599,2986800.10523438,68891.7355061068
440,6.400,1342.92603,no MS2: RIKEN P-VS1 ID-19541 from Mouse_AdrenalGlands_fads2KO_N_Ctr,[M+H]+,null,0.75,False,9.910,1342.92664,null,Unknown,null,null,530,False,True,False,Normalized unit: Intensity; Annotation method: Msp20260116160945_NCDK_conventional_converted_dev_1,False,False,440,0,0.00,1.00,null,null,null,-1.00,-1.00,-0.129,529.78,P Finnie Mix 4p4 clmn TEST 3_GC2_01_66700,1342.92603:158474 1343.93069:146088 1344.93536:65236,null,125258,506894,505555,501914,409905.36325,189776.55374445
441,8.995,1343.15955,no MS2: TG 87:14|TG 11:0_38:4_38:10,[M+NH4]+,null,1.00,False,16.512,1343.16138,C90H148O6,TG,COAQZOPVCDDPOU-UHFFFAOYSA-N,O=C(OCC(OC(=O)CCCCCCCCCCCCCCCCCCCCCCCCC=CCC=CCC=CCC=CCC)COC(=O)CCCCCCCCCC)CCCCCCC=CCC=CCC=CCC=CCC=CCC=CCC=CCC=CCC=CCC=CCC,530,False,True,False,Normalized unit: Intensity; Annotation method: Msp20260116160945_NCDK_conventional_converted_dev_1,False,False,441,0,0.00,0.99,null,null,null,-1.00,-1.00,-0.147,865.27,P Finnie Mix 4p4 clmn TEST 3_GC2_01_66700,1343.15955:480746 1344.16421:482784 1345.16888:223832,null,1606795,1630139,1507821,1464862,1552404.14173438,78850.9272290093
442,8.995,1348.11462,no MS2: TG 87:14|TG 11:0_38:4_38:10,[M+Na]+,null,1.00,False,16.512,1348.11682,C90H148O6,TG,COAQZOPVCDDPOU-UHFFFAOYSA-N,O=C(OCC(OC(=O)CCCCCCCCCCCCCCCCCCCCCCCCC=CCC=CCC=CCC=CCC)COC(=O)CCCCCCCCCC)CCCCCCC=CCC=CCC=CCC=CCC=CCC=CCC=CCC=CCC=CCC=CCC,530,False,True,False,Normalized unit: Intensity; Annotation method: Msp20260116160945_NCDK_conventional_converted_dev_1,False,False,442,0,0.00,0.99,null,null,null,-1.00,-1.00,-0.149,1618.40,P Finnie Mix 4p4 clmn TEST 3_GC2_01_66700,1348.11462:422478 1349.11929:422566 1350.12396:204010,null,1671563,1695372,1644051,1601781,1653191.87640625,40180.2885273274
443,10.933,1350.37122,Unknown,[M+H]+,null,1.00,False,null,null,null,null,null,null,999,False,False,False,Normalized unit: Intensity,False,False,443,0,0.00,null,null,null,null,null,null,null,738.78,P Finnie Mix 4p4 clmn TEST 2_GC2_01_66699,1350.37122:117030 1351.37588:151734 1352.38055:167992,null,353334,345633,346426,340566,346489.698921875,5249.50994226594
444,9.624,1352.14563,no MS2: TG 87:12|TG 11:0_38:2_38:10,[M+Na]+,null,1.00,False,16.534,1352.14807,C90H152O6,TG,CYOYCULGPKWXLD-UHFFFAOYSA-N,O=C(OCC(OC(=O)CCCCCCCCCCCCCCCCCCCCCCCCCC=CCC=CCCCCCCC)COC(=O)CCCCCCCCCC)CCCCCCC=CCC=CCC=CCC=CCC=CCC=CCC=CCC=CCC=CCC=CCC,530,False,True,False,Normalized unit: Intensity; Annotation method: Msp20260116160945_NCDK_conventional_converted_dev_1,False,False,444,0,0.00,1.00,null,null,null,-1.00,-1.00,-0.144,264.89,P Finnie Mix 4p4 clmn TEST 2_GC2_01_66699,1352.14734:86098 1353.15201:80136 1354.15667:38424,null,300920,319904,319603,298595,309755.586203125,11584.3761809341
445,4.706,1356.00647,Unknown,[M+H]+,null,1.00,False,null,null,null,null,null,null,999,False,False,False,Normalized unit: Intensity,False,False,445,0,0.00,null,null,null,null,null,null,null,851.34,P Finnie Mix 4p4 clmn TEST 3_GC2_01_66700,1356.00647:672264 1357.01114:532540 1358.01581:230540,null,1024926,1213937,1088695,1079855,1101853.5051875,79870.0209702637
446,10.430,1359.17053,no MS2: RIKEN P-VS1 ID-19602 from Mouse_AdrenalGlands_WT_N_Ctr,[M+H]+,null,1.00,False,14.050,1359.17676,null,Unknown,null,null,530,False,True,False,Normalized unit: Intensity; Annotation method: Msp20260116160945_NCDK_conventional_converted_dev_1,False,False,446,0,0.00,0.90,null,null,null,-1.00,-1.00,-0.173,13057.79,P Finnie Mix 4p4 clmn TEST 2_GC2_01_66699,1359.17053:4944366 1360.17520:5012780 1361.17987:2457968,null,15856955,14475918,13978241,13456014,14441782.0051406,1031259.88526401
447,10.431,1359.37292,Unknown,[M+H]+,null,0.25,False,null,null,null,null,null,null,999,False,False,False,Normalized unit: Intensity,False,False,447,0,0.00,null,null,null,null,null,null,null,490.01,P Finnie Mix 4p4 clmn TEST 2_GC2_01_66699,1359.37292:100792 1360.37759:99552 1361.38226:22814,null,256676,242788,210944,204055,228615.7975,25190.9088082851
448,10.430,1360.06055,no MS2: PI 70:3,[M+Na]+,null,1.00,False,13.931,1360.06274,C79H149O13P,PI,SAEIKYBDBKHLKY-UHFFFAOYSA-N,O=C(OCC(OC(=O)CCCCCCCCCCCCCCCCCCCCCCC=CCC=CCC=CCCCCCCC)COP(=O)(O)OC1C(O)C(O)C(O)C(O)C1O)CCCCCCCCCCCCCCCCCCCCCCCCCCCCCCC,530,False,True,False,Normalized unit: Intensity; Annotation method: Msp20260116160945_NCDK_conventional_converted_dev_1,False,False,448,0,0.00,0.99,null,null,null,-1.00,-1.00,-0.149,175.25,P Finnie Mix 4p4 clmn TEST 2_GC2_01_66699,1360.06055:132004 1361.06521:126002 1362.06988:34160,null,347525,314745,286500,274791,305890.2331875,32429.6719819385
449,8.864,1363.18396,no MS2: AHexCer 80:7;O3|AHexCer (O-28:0)14:1;O2/38:6;O,[M+H]+,null,0.25,False,14.989,1363.17236,C86H155NO10,AHexCer,NGBBZQJQFXXYSE-UHFFFAOYSA-N,O=C(OCC1OC(OCC(NC(=O)C(O)CCCCCCCCCCCCCCCCCC=CCC=CCC=CCC=CCC=CCC=CCC)C(O)C=CCCCCCCCCC)C(O)C(O)C1O)CCCCCCCCCCCCCCCCCCCCCCCCCCC,530,False,True,False,Normalized unit: Intensity; Annotation method: Msp20260116160945_NCDK_conventional_converted_dev_1,False,False,449,0,0.00,0.70,null,null,null,-1.00,-1.00,-0.295,215.62,P Finnie Mix 4p4 clmn TEST 3_GC2_01_66700,1363.18396:66388 1364.18863:67652 1365.19330:31524,null,316623,337768,314262,307347,319000.06190625,13116.5586481156
450,8.878,1368.13879,no MS2: SM 82:13;O3|SM 60:6;O2(FA 22:6),[M+H]+,null,1.00,False,14.696,1368.13318,C87H151N2O7P,ASM,YDCZZXGXCVLSFX-UHFFFAOYSA-N,O=C(OC(C=CCCCCCCCCCCCCCCCCC)C(NC(=O)CCCCCCCCCCCCCCCCCCCCCC=CCC=CCC=CCC=CCC=CCC)COP(=O)([O-])OCC[N+](C)(C)C)CCC=CCC=CCC=CCC=CCC=CCC=CCC,530,False,True,False,Normalized unit: Intensity; Annotation method: Msp20260116160945_NCDK_conventional_converted_dev_1,False,False,450,0,0.00,0.93,null,null,null,-1.00,-1.00,-0.177,142.01,P Finnie Mix 4p4 clmn TEST 5_GC2_01_66702,1368.13831:97494 1369.14297:90206 1370.14764:42296,null,369661,381704,357295,348263,364230.6665,14581.9025855073
451,6.400,1369.93616,no MS2: RIKEN P-VS1 ID-19652 from Mouse_Feces_WT_N_Ctr,[M+H]+,null,0.75,False,13.870,1369.92639,null,Unknown,null,null,530,False,True,False,Normalized unit: Intensity; Annotation method: Msp20260116160945_NCDK_conventional_converted_dev_1,False,False,451,0,0.00,0.78,null,null,null,-1.00,-1.00,-0.230,541.40,P Finnie Mix 4p4 clmn TEST 4_GC2_01_66701,1369.93616:126520 1370.94082:122578 1371.94549:58424,null,150528,423268,442663,438479,363734.24740625,142381.714154003
452,8.999,1370.16968,Unknown,[M+H]+,null,1.00,False,null,null,null,null,null,null,999,False,False,False,Normalized unit: Intensity,False,False,452,0,0.00,null,null,null,null,null,null,null,1104.97,P Finnie Mix 4p4 clmn TEST 2_GC2_01_66699,1370.16968:176912 1371.17435:173762 1372.17901:92570,null,679684,655121,633443,615523,645942.591515626,27714.6475572047
453,7.889,1377.16382,no MS2: TG 87:13;O2|TG 15:0_22:6_22:6;O(FA 28:0),[M+NH4]+,null,1.00,False,16.475,1377.16687,C90H150O8,TG_EST,FPMBSYOLAABYCR-UHFFFAOYSA-N,O=C(OCC(OC(=O)CCC=CCC=CCC=CCC=CCC=CCC=CCC)COC(=O)CC(OC(=O)CCCCCCCCCCCCCCCCCCCCCCCCCCC)C=CCC=CCC=CCC=CCC=CCC=CCC)CCCCCCCCCCCCCC,530,False,True,False,Normalized unit: Intensity; Annotation method: Msp20260116160945_NCDK_conventional_converted_dev_1,False,False,453,0,0.00,0.99,null,null,null,-1.00,-1.00,-0.147,543.26,P Finnie Mix 4p4 clmn TEST 2_GC2_01_66699,1377.16516:105672 1378.16983:94132 1379.17450:130652,null,299406,314728,306628,290567,302831.9538125,10297.314642922
454,12.855,1377.16626,no MS2: TG 87:13;O2|TG 15:0_22:6_22:6;O(FA 28:0),[M+NH4]+,null,1.00,False,16.475,1377.16687,C90H150O8,TG_EST,FPMBSYOLAABYCR-UHFFFAOYSA-N,O=C(OCC(OC(=O)CCC=CCC=CCC=CCC=CCC=CCC=CCC)COC(=O)CC(OC(=O)CCCCCCCCCCCCCCCCCCCCCCCCCCC)C=CCC=CCC=CCC=CCC=CCC=CCC)CCCCCCCCCCCCCC,530,False,True,False,Normalized unit: Intensity; Annotation method: Msp20260116160945_NCDK_conventional_converted_dev_1,False,False,454,0,0.00,1.00,null,null,null,-1.00,-1.00,-0.143,2653.79,P Finnie Mix 4p4 clmn TEST 2_GC2_01_66699,1377.16626:470720 1378.17093:456058 1379.17560:291798,null,2475724,2382888,2237866,2102403,2299720.36107812,163965.721312731
455,4.732,1377.98853,Unknown,[M+H]+,null,0.50,False,null,null,null,null,null,null,999,False,False,False,Normalized unit: Intensity,False,False,455,0,0.00,null,null,null,null,null,null,null,187.54,P Finnie Mix 4p4 clmn TEST 3_GC2_01_66700,1377.98853:141806 1378.99319:120760 1379.99786:43842,null,72,253994,236308,243961,183583.692734375,122555.545167162
456,8.808,1379.18127,no MS2: TG 87:12;O2|TG 15:0_22:5_22:6;O(FA 28:0),[M+NH4]+,null,1.00,False,16.453,1379.18250,C90H152O8,TG_EST,PSDXNPZRATWHCV-UHFFFAOYSA-N,O=C(OCC(OC(=O)CCCCCC=CCC=CCC=CCC=CCC=CCC)COC(=O)CC(OC(=O)CCCCCCCCCCCCCCCCCCCCCCCCCCC)C=CCC=CCC=CCC=CCC=CCC=CCC)CCCCCCCCCCCCCC,530,False,True,False,Normalized unit: Intensity; Annotation method: Msp20260116160945_NCDK_conventional_converted_dev_1,False,False,456,0,0.00,1.00,null,null,null,-1.00,-1.00,-0.145,2054.93,P Finnie Mix 4p4 clmn TEST 2_GC2_01_66699,1379.18127:2516388 1380.18594:2536530 1381.19061:1165092,null,9012654,8970524,8696068,8477842,8789272.25070313,250617.40795222
457,7.892,1383.12305,no MS2: TG 88:17;O2|TG 20:4_22:6_22:6;O(FA 24:0),[M+NH4]+,null,0.25,False,16.079,1383.11987,C91H144O8,TG_EST,VCCAQFPWLABWQJ-UHFFFAOYSA-N,O=C(OCC(OC(=O)CCC=CCC=CCC=CCC=CCC=CCC=CCC)COC(=O)CC(OC(=O)CCCCCCCCCCCCCCCCCCCCCCC)C=CCC=CCC=CCC=CCC=CCC=CCC)CCCCCCC=CCC=CCC=CCC=CCC,530,False,True,False,Normalized unit: Intensity; Annotation method: Msp20260116160945_NCDK_conventional_converted_dev_1,False,False,457,0,0.00,0.97,null,null,null,-1.00,-1.00,-0.156,316.00,P Finnie Mix 4p4 clmn TEST 4_GC2_01_66701,1383.12305:88652 1384.12771:244710 1385.13238:213938,null,311126,320965,324267,312124,317120.18703125,6500.09001656683
458,12.790,1393.16113,Unknown,[M+H]+,null,1.00,False,null,null,null,null,null,null,999,False,False,False,Normalized unit: Intensity,False,False,458,0,0.00,null,null,null,null,null,null,null,4060.82,P Finnie Mix 4p4 clmn TEST 2_GC2_01_66699,1393.16113:1110274 1394.16580:1143262 1395.17047:915060,null,3528066,3394399,3274949,3188842,3346563.83742189,147462.885127655
459,7.889,1395.17358,no MS2: RIKEN P-VS1 ID-19743 from Mouse_AdrenalGlands_fads2KO_N_Ctr,[M+H]+,null,1.00,False,12.950,1395.16992,null,Unknown,null,null,530,False,True,False,Normalized unit: Intensity; Annotation method: Msp20260116160945_NCDK_conventional_converted_dev_1,False,False,459,0,0.00,0.97,null,null,null,-1.00,-1.00,-0.140,157.77,P Finnie Mix 4p4 clmn TEST 4_GC2_01_66701,1395.17310:88084 1396.17776:76706 1397.18243:33128,null,462306,488552,463059,434181,462024.28653125,22212.1058330467
460,12.790,1398.11487,Unknown,[M+H]+,null,1.00,False,null,null,null,null,null,null,999,False,False,False,Normalized unit: Intensity,False,False,460,0,0.00,null,null,null,null,null,null,null,123.01,P Finnie Mix 4p4 clmn TEST 3_GC2_01_66700,1398.11487:131896 1399.11954:126928 1400.12420:123224,null,450218,464683,435916,437305,447030.416437502,13415.216179828
461,7.893,1400.12817,Unknown,[M+H]+,null,1.00,False,null,null,null,null,null,null,999,False,False,False,Normalized unit: Intensity,False,False,461,0,0.00,null,null,null,null,null,null,null,302.73,P Finnie Mix 4p4 clmn TEST 4_GC2_01_66701,1400.12817:90338 1401.13284:83782 1402.13751:40588,null,654436,686892,664528,639900,661439.10475,19751.6646101728
462,12.859,1404.17700,no MS2: RIKEN P-VS1 ID-19784 from Mouse_Kidney_WT_N_Ctr,[M+H]+,null,1.00,False,11.770,1404.18079,null,Unknown,null,null,530,False,True,False,Normalized unit: Intensity; Annotation method: Msp20260116160945_NCDK_conventional_converted_dev_1,False,False,462,0,0.00,0.96,null,null,null,-1.00,-1.00,-0.145,575.59,P Finnie Mix 4p4 clmn TEST 2_GC2_01_66699,1404.17700:124920 1405.18167:117202 1406.18634:76040,null,569702,624686,641107,607803,610824.5319375,30601.3638229373
463,8.834,1406.19189,Unknown,[M+H]+,null,1.00,False,null,null,null,null,null,null,999,False,False,False,Normalized unit: Intensity,False,False,463,0,0.00,null,null,null,null,null,null,null,756.76,P Finnie Mix 4p4 clmn TEST 2_GC2_01_66699,1406.19189:119200 1407.19656:122602 1408.20123:62422,null,620425,575374,576694,569877,585592.382734375,23408.3078483968
464,12.634,1409.15552,no MS2: PI 74:4,[M+NH4]+,null,1.00,False,13.889,1409.15442,C83H155O13P,PI,YPBPDGPSCKKZRA-UHFFFAOYSA-N,O=C(OCC(OC(=O)CCCCCCCCCCCCCCCCCCCCCCCCC=CCC=CCC=CCC=CCC)COP(=O)(O)OC1C(O)C(O)C(O)C(O)C1O)CCCCCCCCCCCCCCCCCCCCCCCCCCCCCCCCCCC,530,False,True,False,Normalized unit: Intensity; Annotation method: Msp20260116160945_NCDK_conventional_converted_dev_1,False,False,464,0,0.00,1.00,null,null,null,-1.00,-1.00,-0.143,710.77,P Finnie Mix 4p4 clmn TEST 3_GC2_01_66700,1409.15454:302156 1410.15921:296828 1411.16388:514982,null,2715962,1968058,1884881,2309783,2219671.15010938,378514.093319442
465,7.819,1411.16956,no MS2: PI 74:3,[M+NH4]+,null,1.00,False,13.873,1411.17004,C83H157O13P,PI,XLIPBZFRWVDBRT-UHFFFAOYSA-N,O=C(OCC(OC(=O)CCCCCCCCCCCCCCCCCCCCCCC=CCC=CCC=CCCCCCCC)COP(=O)(O)OC1C(O)C(O)C(O)C(O)C1O)CCCCCCCCCCCCCCCCCCCCCCCCCCCCCCCCCCC,530,False,True,False,Normalized unit: Intensity; Annotation method: Msp20260116160945_NCDK_conventional_converted_dev_1,False,False,465,0,0.00,1.00,null,null,null,-1.00,-1.00,-0.143,597.08,P Finnie Mix 4p4 clmn TEST 5_GC2_01_66702,1411.16980:140206 1412.17447:140432 1413.17914:66258,null,591590,621297,591083,555682,589912.882328125,26838.3689830573
466,12.733,1411.17090,no MS2: PI 74:3,[M+NH4]+,null,1.00,False,13.873,1411.17004,C83H157O13P,PI,XLIPBZFRWVDBRT-UHFFFAOYSA-N,O=C(OCC(OC(=O)CCCCCCCCCCCCCCCCCCCCCCC=CCC=CCC=CCCCCCCC)COP(=O)(O)OC1C(O)C(O)C(O)C(O)C1O)CCCCCCCCCCCCCCCCCCCCCCCCCCCCCCCCCCC,530,False,True,False,Normalized unit: Intensity; Annotation method: Msp20260116160945_NCDK_conventional_converted_dev_1,False,False,466,0,0.00,1.00,null,null,null,-1.00,-1.00,-0.144,8917.18,P Finnie Mix 4p4 clmn TEST 3_GC2_01_66700,1411.17078:3057778 1412.17544:2999926 1413.18011:1484908,null,15613905,14185567,13841988,13426431,14266972.5972969,950083.371413154
467,5.319,1412.06860,no MS2: RIKEN P-VS1 ID-19808 from Mouse_Muscle_fads2KO_N_Ctr,[M+H]+,null,1.00,False,8.850,1412.06299,null,Unknown,null,null,530,False,True,False,Normalized unit: Intensity; Annotation method: Msp20260116160945_NCDK_conventional_converted_dev_1,False,False,467,0,0.00,0.94,null,null,null,-1.00,-1.00,-0.156,657.64,P Finnie Mix 4p4 clmn TEST 4_GC2_01_66701,1412.06799:442830 1413.07266:371224 1414.07733:165148,null,886536,1002286,906356,858529,913426.945828126,62404.2538989658
468,7.302,1413.09717,no MS2: PI 75:9,[M+NH4]+,null,0.25,False,13.588,1413.09180,C84H147O13P,PI,HQUCQQVDGMQPCE-UHFFFAOYSA-N,O=C(OCC(OC(=O)CCCCCCCCCC=CCC=CCC=CCC=CCC=CCC=CCC=CCC=CCC=CCC)COP(=O)(O)OC1C(O)C(O)C(O)C(O)C1O)CCCCCCCCCCCCCCCCCCCCCCCCCCCCCCCCCCCC,530,False,True,False,Normalized unit: Intensity; Annotation method: Msp20260116160945_NCDK_conventional_converted_dev_1,False,False,468,0,0.00,0.93,null,null,null,-1.00,-1.00,-0.178,208.73,P Finnie Mix 4p4 clmn TEST 4_GC2_01_66701,1413.09717:89700 1414.10184:56910 1415.10650:27260,null,278063,271910,278035,266133,273535.4043125,5720.69370141583
469,12.634,1414.11072,no MS2: PI 74:4,[M+Na]+,null,0.25,False,13.889,1414.10974,C83H155O13P,PI,YPBPDGPSCKKZRA-UHFFFAOYSA-N,O=C(OCC(OC(=O)CCCCCCCCCCCCCCCCCCCCCCCCC=CCC=CCC=CCC=CCC)COP(=O)(O)OC1C(O)C(O)C(O)C(O)C1O)CCCCCCCCCCCCCCCCCCCCCCCCCCCCCCCCCCC,530,False,True,False,Normalized unit: Intensity; Annotation method: Msp20260116160945_NCDK_conventional_converted_dev_1,False,False,469,0,0.00,1.00,null,null,null,-1.00,-1.00,-0.144,214.25,P Finnie Mix 4p4 clmn TEST 2_GC2_01_66699,1414.11072:69816 1415.11539:71986 1416.12005:86742,null,382056,406845,377193,349204,378824.442125001,23633.3810299741
470,7.819,1416.12476,no MS2: PI 74:3,[M+Na]+,null,1.00,False,13.873,1416.12537,C83H157O13P,PI,XLIPBZFRWVDBRT-UHFFFAOYSA-N,O=C(OCC(OC(=O)CCCCCCCCCCCCCCCCCCCCCCC=CCC=CCC=CCCCCCCC)COP(=O)(O)OC1C(O)C(O)C(O)C(O)C1O)CCCCCCCCCCCCCCCCCCCCCCCCCCCCCCCCCCC,530,False,True,False,Normalized unit: Intensity; Annotation method: Msp20260116160945_NCDK_conventional_converted_dev_1,False,False,470,0,0.00,1.00,null,null,null,-1.00,-1.00,-0.143,652.47,P Finnie Mix 4p4 clmn TEST 5_GC2_01_66702,1416.12488:122736 1417.12955:124486 1418.13421:57378,null,668846,685527,674016,639932,667080.1346875,19395.4450459126
471,12.785,1420.17065,no MS2: PI 74:1,[M+Na]+,null,1.00,False,14.177,1420.15674,C83H161O13P,PI,MGIIDVIOIAEDSA-UHFFFAOYSA-N,O=C(OCC(OC(=O)CCCCCCCCCCCCCCCCCCCCCCCCCC=CCCCCCCCCCC)COP(=O)(O)OC1C(O)C(O)C(O)C(O)C1O)CCCCCCCCCCCCCCCCCCCCCCCCCCCCCCCCCCC,530,False,True,False,Normalized unit: Intensity; Annotation method: Msp20260116160945_NCDK_conventional_converted_dev_1,False,False,471,0,0.00,0.76,null,null,null,-1.00,-1.00,-0.265,398.65,P Finnie Mix 4p4 clmn TEST 5_GC2_01_66702,1420.16736:124692 1421.17203:117318 1422.17669:103760,null,524838,513126,503395,515793,514288.159125002,8823.78928938688
472,11.228,1424.38843,Unknown,[M+H]+,null,1.00,False,null,null,null,null,null,null,999,False,False,False,Normalized unit: Intensity,False,False,472,0,0.00,null,null,null,null,null,null,null,534.62,P Finnie Mix 4p4 clmn TEST 2_GC2_01_66699,1424.38843:102950 1425.39310:134548 1426.39776:151100,null,319161,312103,313045,295518,309956.767546875,10121.5983152466
473,12.438,1425.15027,Unknown,[M+H]+,null,1.00,False,null,null,null,null,null,null,999,False,False,False,Normalized unit: Intensity,False,False,473,0,0.00,null,null,null,null,null,null,null,590.39,P Finnie Mix 4p4 clmn TEST 2_GC2_01_66699,1425.15027:185128 1426.15494:177238 1427.15960:143764,null,1534513,1485945,1359349,1326883,1426672.45226563,99386.9457563328
474,12.577,1427.16589,Unknown,[M+H]+,null,1.00,False,null,null,null,null,null,null,999,False,False,False,Normalized unit: Intensity,False,False,474,0,0.00,null,null,null,null,null,null,null,3124.43,P Finnie Mix 4p4 clmn TEST 2_GC2_01_66699,1427.16589:570868 1428.17056:538822 1429.17523:275434,null,3815151,3508704,3246873,3143937,3428666.40284375,299942.150576127
475,12.577,1433.12500,no MS2: RIKEN P-VS1 ID-19882 from Mouse_AdrenalGlands_fads2KO_N_Ctr,[M+H]+,null,1.00,False,10.910,1433.12183,null,Unknown,null,null,530,False,True,False,Normalized unit: Intensity; Annotation method: Msp20260116160945_NCDK_conventional_converted_dev_1,False,False,475,0,0.00,1.00,null,null,null,-1.00,-1.00,-0.129,246.45,P Finnie Mix 4p4 clmn TEST 5_GC2_01_66702,1433.12158:88200 1434.12625:41922 1435.13092:15054,null,578081,537458,533672,506689,538975.170328125,29451.1437832482
476,12.733,1438.18091,Unknown,[M+H]+,null,1.00,False,null,null,null,null,null,null,999,False,False,False,Normalized unit: Intensity,False,False,476,0,0.00,null,null,null,null,null,null,null,1289.03,P Finnie Mix 4p4 clmn TEST 2_GC2_01_66699,1438.18091:207790 1439.18558:207128 1440.19024:104586,null,1286468,831618,814232,800292,933152.389390625,235892.073330719
477,12.595,1443.16040,Unknown,[M+H]+,null,1.00,False,null,null,null,null,null,null,999,False,False,False,Normalized unit: Intensity,False,False,477,0,0.00,null,null,null,null,null,null,null,1095.10,P Finnie Mix 4p4 clmn TEST 2_GC2_01_66699,1443.16040:160828 1444.16507:154688 1445.16974:82496,null,1693230,1511838,1437523,1411719,1513577.61428125,127066.432845287
478,12.356,1443.16040,Unknown,[M+H]+,null,1.00,False,null,null,null,null,null,null,999,False,False,False,Normalized unit: Intensity,False,False,478,0,0.00,null,null,null,null,null,null,null,688.43,P Finnie Mix 4p4 clmn TEST 2_GC2_01_66699,1443.16040:179832 1444.16507:168622 1445.16974:93840,null,1346441,1262722,1173476,1083538,1216544.53121875,113359.474200766
479,7.312,1485.18298,Unknown,[M+H]+,null,1.00,False,null,null,null,null,null,null,999,False,False,False,Normalized unit: Intensity,False,False,479,0,0.00,null,null,null,null,null,null,null,741.59,P Finnie Mix 4p4 clmn TEST 3_GC2_01_66700,1485.18298:111892 1486.18765:112988 1487.19232:61710,null,304471,299311,288608,269868,290564.32540625,15297.8242105221
