,,,,,,,,,,,,,,,,,,,,,,,,,,,,,,,,,,Class,1,1,1,1,NA,NA
,,,,,,,,,,,,,,,,,,,,,,,,,,,,,,,,,,File type,Sample,Sample,Sample,Sample,NA,NA
,,,,,,,,,,,,,,,,,,,,,,,,,,,,,,,,,,Injection order,1,2,3,4,NA,NA
,,,,,,,,,,,,,,,,,,,,,,,,,,,,,,,,,,Batch ID,1,1,1,1,Average,Stdev
Alignment ID,Average Rt(min),Average Mz,Metabolite name,Adduct type,Post curation result,Fill %,MS/MS assigned,Reference RT,Reference m/z,Formula,Ontology,INCHIKEY,SMILES,Annotation tag (VS1.0),RT matched,m/z matched,MS/MS matched,Comment,Manually modified for quantification,Manually modified for annotation,Isotope tracking parent ID,Isotope tracking weight number,RT similarity,m/z similarity,Simple dot product,Weighted dot product,Reverse dot product,Matched peaks count,Matched peaks percentage,Total score,S/N average,Spectrum reference file name,MS1 isotopic spectrum,MS/MS spectrum,P Sandie 50 Serum 1_GD1_01_66550,P Sandie 50 Serum 2_GD1_01_66551,P Sandie 50 Serum 3_GD1_01_66552,P Sandie 50 Serum 4_GD1_01_66553,1,1
0,35.884,367.33517,no MS2: ST 27:2;O,[M+H-H2O]+,null,1.00,False,7.592,367.33591,C27H44O,ST,AVSXSVCZWQODGV-UHFFFAOYSA-N,OC1CC2=CCC3C(CCC4(C)C(CCC34)C(C)CCC=C(C)C)C2(C)CC1,530,False,True,False,Normalized unit: Intensity; Annotation method: Msp20260116160945_NCDK_conventional_converted_dev_1,False,False,0,0,0.00,1.00,null,null,null,-1.00,-1.00,-0.143,904.06,P Sandie 50 Serum 2_GD1_01_66551,367.33591:65640 368.34057:18404 369.34524:41028,null,464417,464307,484996,477426,472786.4000625,10206.8770372887
1,39.543,369.35028,no MS2: RIKEN P-VS1 ID-2084 from Mouse_Plasma_ApoEKO_N_F1EPA,[M+H]+,null,1.00,False,15.240,369.34921,null,Unknown,null,null,530,False,True,False,Normalized unit: Intensity; Annotation method: Msp20260116160945_NCDK_conventional_converted_dev_1,False,False,1,0,0.00,0.98,null,null,null,-1.00,-1.00,-0.139,851.01,P Sandie 50 Serum 4_GD1_01_66553,369.35028:570960 370.35495:169384 371.35962:23922,null,3430728,3785273,3711256,3680155,3651852.91204686,153868.952093222
2,38.229,369.35043,no MS2: RIKEN P-VS1 ID-2084 from Mouse_Plasma_ApoEKO_N_F1EPA,[M+H]+,null,1.00,False,15.240,369.34921,null,Unknown,null,null,530,False,True,False,Normalized unit: Intensity; Annotation method: Msp20260116160945_NCDK_conventional_converted_dev_1,False,False,2,0,0.00,0.97,null,null,null,-1.00,-1.00,-0.142,210.15,P Sandie 50 Serum 4_GD1_01_66553,369.35043:177864 370.35510:51258 371.35977:6672,null,700740,709383,722095,749103,720329.99378125,21091.8017726252
3,40.636,369.35083,no MS2: RIKEN P-VS1 ID-2084 from Mouse_Plasma_ApoEKO_N_F1EPA,[M+H]+,null,1.00,False,15.240,369.34921,null,Unknown,null,null,530,False,True,False,Normalized unit: Intensity; Annotation method: Msp20260116160945_NCDK_conventional_converted_dev_1,False,False,3,0,0.00,0.99,null,null,null,-1.00,-1.00,-0.131,141.97,P Sandie 50 Serum 4_GD1_01_66553,369.34973:85620 370.35440:25192 371.35907:3948,null,608161,599080,642261,618593,617023.940203125,18618.2098989967
4,38.429,369.35098,no MS2: ST 27:1;O,[M+H-H2O]+,null,1.00,False,8.638,369.35159,C27H46O,ST,HVYWMOMLDIMFJA-UHFFFAOYSA-N,OC1CC2=CCC3C(CCC4(C)C(CCC34)C(C)CCCC(C)C)C2(C)CC1,530,False,True,False,Normalized unit: Intensity; Annotation method: Msp20260116160945_NCDK_conventional_converted_dev_1,False,False,4,0,0.00,1.00,null,null,null,-1.00,-1.00,-0.143,399.05,P Sandie 50 Serum 2_GD1_01_66551,369.35141:309128 370.35608:93358 371.36075:13892,null,1482978,1471004,1503653,1516260,1493473.94314062,20313.0534456445
5,39.700,369.35101,no MS2: RIKEN P-VS1 ID-2084 from Mouse_Plasma_ApoEKO_N_F1EPA,[M+H]+,null,1.00,False,15.240,369.34921,null,Unknown,null,null,530,False,True,False,Normalized unit: Intensity; Annotation method: Msp20260116160945_NCDK_conventional_converted_dev_1,False,False,5,0,0.00,0.98,null,null,null,-1.00,-1.00,-0.139,688.14,P Sandie 50 Serum 4_GD1_01_66553,369.35031:378334 370.35498:109048 371.35965:17152,null,3166200,3062733,3214624,3133419,3144243.89406254,63761.285758762
6,38.751,369.35150,no MS2: ST 27:1;O,[M+H-H2O]+,null,1.00,False,8.638,369.35159,C27H46O,ST,HVYWMOMLDIMFJA-UHFFFAOYSA-N,OC1CC2=CCC3C(CCC4(C)C(CCC34)C(C)CCCC(C)C)C2(C)CC1,530,False,True,False,Normalized unit: Intensity; Annotation method: Msp20260116160945_NCDK_conventional_converted_dev_1,False,False,6,0,0.00,1.00,null,null,null,-1.00,-1.00,-0.143,814.48,P Sandie 50 Serum 2_GD1_01_66551,369.35150:595080 370.35617:177020 371.36084:26606,null,3653742,3698432,3481634,3652943,3621687.86521875,95758.6495344166
7,38.995,369.35172,no MS2: RIKEN P-VS1 ID-2084 from Mouse_Plasma_ApoEKO_N_F1EPA,[M+H]+,null,1.00,False,15.240,369.34921,null,Unknown,null,null,530,False,True,False,Normalized unit: Intensity; Annotation method: Msp20260116160945_NCDK_conventional_converted_dev_1,False,False,7,0,0.00,0.98,null,null,null,-1.00,-1.00,-0.139,1008.76,P Sandie 50 Serum 4_GD1_01_66553,369.35031:580426 370.35498:169242 371.35965:25574,null,4845033,4932957,4890823,4894398,4890802.63692189,35985.2531997453
8,20.436,369.35199,no MS2: ST 27:1;O,[M+H-H2O]+,null,1.00,False,8.638,369.35159,C27H46O,ST,HVYWMOMLDIMFJA-UHFFFAOYSA-N,OC1CC2=CCC3C(CCC4(C)C(CCC34)C(C)CCCC(C)C)C2(C)CC1,530,False,True,False,Normalized unit: Intensity; Annotation method: Msp20260116160945_NCDK_conventional_converted_dev_1,False,False,8,0,0.00,1.00,null,null,null,-1.00,-1.00,-0.143,183.75,P Sandie 50 Serum 2_GD1_01_66551,369.35165:100980 370.35632:32862 371.36099:5238,null,958010,982626,1022695,1056909,1005059.89659375,43651.0322153693
9,12.229,391.28522,no MS2: Dioctyl phthalate (also known as the production of plastic),[M+H]+,null,1.00,False,7.431,391.28427,C24H38O4,Others,MQIUGAXCHLFZKX-UHFFFAOYSA-N,CCCCCCCCOC(=O)C1=C(C=CC=C1)C(=O)OCCCCCCCC,530,False,True,False,Normalized unit: Intensity; Annotation method: Msp20260116160945_NCDK_conventional_converted_dev_1,False,False,9,0,0.00,1.00,null,null,null,-1.00,-1.00,-0.143,5257.28,P Sandie 50 Serum 2_GD1_01_66551,391.28439:498168 392.28906:184366 393.29373:28056,null,3216526,3264539,3347608,3331119,3289948.06632813,60707.3442428474
10,20.436,409.34448,no MS2: ST 27:1;O,[M+Na]+,null,1.00,False,8.638,409.34409,C27H46O,ST,HVYWMOMLDIMFJA-UHFFFAOYSA-N,OC1CC2=CCC3C(CCC4(C)C(CCC34)C(C)CCCC(C)C)C2(C)CC1,530,False,True,False,Normalized unit: Intensity; Annotation method: Msp20260116160945_NCDK_conventional_converted_dev_1,False,False,10,0,0.00,1.00,null,null,null,-1.00,-1.00,-0.143,984.87,P Sandie 50 Serum 2_GD1_01_66551,409.34424:67338 410.34891:20272 411.35357:3410,null,585023,608452,653365,640567,621851.642734375,30979.9241208308
11,12.229,413.26712,no MS2: Dioctyl phthalate (also known as the production of plastic),[M+Na]+,null,1.00,False,7.435,413.26624,C24H38O4,Others,MQIUGAXCHLFZKX-UHFFFAOYSA-N,CCCCCCCCOC(=O)C1=CC=CC=C1C(=O)OCCCCCCCC,530,False,True,False,Normalized unit: Intensity; Annotation method: Msp20260116160945_NCDK_conventional_converted_dev_1,False,False,11,0,0.00,1.00,null,null,null,-1.00,-1.00,-0.143,3105.17,P Sandie 50 Serum 2_GD1_01_66551,413.26617:328602 414.27084:91302 415.27551:12710,null,2526293,2654031,2679582,2692235,2638035.21598438,76170.8142806981
12,18.743,429.37338,no MS2: NAOrn 19:0;O,[M+H]+,null,1.00,False,7.476,429.36871,C24H48N2O4,NAOrn,NLINSKFNHFZJMM-UHFFFAOYSA-N,O=C(NC(C(=O)O)CCCN)CC(O)CCCCCCCCCCCCCCCC,530,False,True,False,Normalized unit: Intensity; Annotation method: Msp20260116160945_NCDK_conventional_converted_dev_1,False,False,12,0,0.00,0.82,null,null,null,-1.00,-1.00,-0.233,807.86,P Sandie 50 Serum 4_GD1_01_66553,429.37186:85486 430.37652:26118 431.38119:4856,null,727199,784064,766520,765469,760812.937828124,23977.3846058593
13,12.229,435.32297,no MS2: NAOrn 20:4;O,[M+H]+,null,1.00,False,5.430,435.32169,C25H42N2O4,NAOrn,JTVXKANNMRGXBT-UHFFFAOYSA-N,O=C(O)C(NC(=O)CC(O)CCCCC=CCC=CCC=CCC=CCC)CCCN,530,False,True,False,Normalized unit: Intensity; Annotation method: Msp20260116160945_NCDK_conventional_converted_dev_1,False,False,13,0,0.00,1.00,null,null,null,-1.00,-1.00,-0.143,1258.23,P Sandie 50 Serum 4_GD1_01_66553,435.32162:82592 436.32629:20550 437.33096:3538,null,655919,670420,694414,665145,671474.5090625,16424.879999156
14,5.906,468.30792,no MS2: PE O-17:0|PE O-8:0_9:0,[M+H]+,null,1.00,False,6.461,468.30850,C22H46NO7P,EtherPE,IKGPZDUJSSAYQG-UHFFFAOYSA-N,O=C(OC(COCCCCCCCC)COP(=O)(O)OCCN)CCCCCCCC,530,False,True,False,Normalized unit: Intensity; Annotation method: Msp20260116160945_NCDK_conventional_converted_dev_1,False,False,14,0,0.00,0.99,null,null,null,-1.00,-1.00,-0.146,1980.69,P Sandie 50 Serum 3_GD1_01_66552,468.30792:231202 469.31259:55232 470.31726:8862,null,714064,721159,728446,691974,713910.69365625,15759.056750056
15,18.743,469.36566,no MS2: NAGly 24:3;O2|NAGly 8:0;O(FA 16:2),[M+NH4]+,null,1.00,False,6.636,469.36359,C26H45NO5,NAGly,ONCCAFAPDLKMOX-UHFFFAOYSA-N,O=C(O)CNC(=O)CCCC(OC(=O)CCCCCCCC=CCC=CCCC)CCC,530,False,True,False,Normalized unit: Intensity; Annotation method: Msp20260116160945_NCDK_conventional_converted_dev_1,False,False,15,0,0.00,0.99,null,null,null,-1.00,-1.00,-0.150,1740.16,P Sandie 50 Serum 4_GD1_01_66553,469.36441:133792 470.36908:44750 471.37375:7404,null,1195728,1243206,1265565,1246898,1237849.29179687,29737.1966791827
16,7.324,478.32928,no MS2: LPC O-16:2,[M+H]+,null,1.00,False,6.160,478.32919,C24H48NO6P,EtherLPC,UOPHUBYUKOXZMA-UHFFFAOYSA-N,O=P([O-])(OCC[N+](C)(C)C)OCC(OCCCCCCCCC=CCC=CCCC)CO,530,False,True,False,Normalized unit: Intensity; Annotation method: Msp20260116160945_NCDK_conventional_converted_dev_1,False,False,16,0,0.00,1.00,null,null,null,-1.00,-1.00,-0.143,2732.37,P Sandie 50 Serum 3_GD1_01_66552,478.32928:268696 479.33395:75516 480.33862:12582,null,1230962,1237246,1300275,1308665,1269287.23332812,40850.7897416214
17,8.052,480.34500,no MS2: LPC O-16:1,[M+H]+,null,1.00,False,6.571,480.34491,C24H50NO6P,EtherLPC,KPOMNOXBHDPKBF-UHFFFAOYSA-N,O=P([O-])(OCC[N+](C)(C)C)OCC(OCCCCCCCCC=CCCCCCC)CO,530,False,True,False,Normalized unit: Intensity; Annotation method: Msp20260116160945_NCDK_conventional_converted_dev_1,False,False,17,0,0.00,1.00,null,null,null,-1.00,-1.00,-0.143,1677.28,P Sandie 50 Serum 3_GD1_01_66552,480.34500:191522 481.34967:49656 482.35434:9512,null,995208,1002240,1060404,1016337,1018547.19434375,29254.9001851556
18,6.569,482.32425,no MS2: PE O-18:0|PE O-8:0_10:0,[M+H]+,null,1.00,False,6.778,482.32410,C23H48NO7P,EtherPE,ISGKNNWWOJWCLP-UHFFFAOYSA-N,O=C(OC(COCCCCCCCC)COP(=O)(O)OCCN)CCCCCCCCC,530,False,True,False,Normalized unit: Intensity; Annotation method: Msp20260116160945_NCDK_conventional_converted_dev_1,False,False,18,0,0.00,1.00,null,null,null,-1.00,-1.00,-0.143,1630.78,P Sandie 50 Serum 3_GD1_01_66552,482.32401:180014 483.32867:50600 484.33334:8192,null,652108,639881,649007,630133,642782.522984375,9901.78380746642
19,8.297,482.36090,no MS2: Cer 29:5;O2|Cer 12:1;O2/17:4,[M+Na]+,null,1.00,False,6.882,482.36050,C29H49NO3,Cer_NS,MJZZTRKAMZIQEW-UHFFFAOYSA-N,O=C(NC(CO)C(O)C=CCCCCCCC)CCCC=CCC=CCC=CCC=CCC,530,False,True,False,Normalized unit: Intensity; Annotation method: Msp20260116160945_NCDK_conventional_converted_dev_1,False,False,19,0,0.00,1.00,null,null,null,-1.00,-1.00,-0.144,2186.54,P Sandie 50 Serum 2_GD1_01_66551,482.36078:190842 483.36545:50012 484.37011:8034,null,1087937,1127370,1145215,1110977,1117874.69151563,24368.7725791818
20,6.307,494.32391,no MS2: PC O-16:1|PC O-8:0_8:1,[M+H]+,null,1.00,False,5.283,494.32410,C24H48NO7P,EtherPC,LGLMQQWIHREYEK-UHFFFAOYSA-N,O=C(OC(COCCCCCCCC)COP(=O)([O-])OCC[N+](C)(C)C)CCC=CCCC,530,False,True,False,Normalized unit: Intensity; Annotation method: Msp20260116160945_NCDK_conventional_converted_dev_1,False,False,20,0,0.00,1.00,null,null,null,-1.00,-1.00,-0.143,2477.01,P Sandie 50 Serum 3_GD1_01_66552,494.32391:276706 495.32858:71824 496.33325:12016,null,1368046,1320590,1410640,1380311,1369896.6890625,37430.0534732668
21,7.332,496.34003,no MS2: PC O-16:0|PC O-8:0_8:0,[M+H]+,null,1.00,False,5.632,496.33981,C24H50NO7P,EtherPC,GDMHMXIBVHRZGP-UHFFFAOYSA-N,O=C(OC(COCCCCCCCC)COP(=O)([O-])OCC[N+](C)(C)C)CCCCCCC,530,False,True,False,Normalized unit: Intensity; Annotation method: Msp20260116160945_NCDK_conventional_converted_dev_1,False,False,21,0,0.00,1.00,null,null,null,-1.00,-1.00,-0.143,89873.47,P Sandie 50 Serum 3_GD1_01_66552,496.34003:9193004 497.34469:3040314 498.34936:549618,null,48374013,49089747,50430335,48583950,49119511.1481562,924074.265286927
22,6.966,496.34030,no MS2: PC O-16:0|PC O-8:0_8:0,[M+H]+,null,1.00,False,5.632,496.33981,C24H50NO7P,EtherPC,GDMHMXIBVHRZGP-UHFFFAOYSA-N,O=C(OC(COCCCCCCCC)COP(=O)([O-])OCC[N+](C)(C)C)CCCCCCC,530,False,True,False,Normalized unit: Intensity; Annotation method: Msp20260116160945_NCDK_conventional_converted_dev_1,False,False,22,0,0.00,1.00,null,null,null,-1.00,-1.00,-0.143,18501.19,P Sandie 50 Serum 1_GD1_01_66550,496.33975:2127642 497.34442:673946 498.34909:116050,null,8687314,8883767,9048329,8688731,8827035.2825625,174011.032042293
23,7.332,496.46490,Unknown,[M+H]+,null,1.00,False,null,null,null,null,null,null,999,False,False,False,Normalized unit: Intensity,False,False,23,0,0.00,null,null,null,null,null,null,null,1580.69,P Sandie 50 Serum 3_GD1_01_66552,496.46490:142400 497.46957:14800 498.47424:1496,null,586301,592958,619620,580628,594876.714203125,17247.8979334043
24,7.332,496.55829,Unknown,[M+H]+,null,1.00,False,null,null,null,null,null,null,999,False,False,False,Normalized unit: Intensity,False,False,24,0,0.00,null,null,null,null,null,null,null,1850.23,P Sandie 50 Serum 3_GD1_01_66552,496.55829:118692 497.56296:14916 498.56762:0,null,500457,494695,507825,494962,499484.836109375,6161.95217596859
25,7.332,496.87549,Unknown,[M+H]+,null,1.00,False,null,null,null,null,null,null,999,False,False,False,Normalized unit: Intensity,False,False,25,0,0.00,null,null,null,null,null,null,null,3190.72,P Sandie 50 Serum 4_GD1_01_66553,496.87549:319206 497.88016:50890 498.88482:1558,null,1391395,1447777,1418661,1451528,1427340.28046875,28107.4861632146
26,9.309,506.36188,no MS2: Cer 31:7;O2|Cer 12:2;O2/19:5,[M+H-H2O]+,null,1.00,False,6.957,506.36050,C31H49NO3,Cer_NS,WKHZKJNBPHMLGH-UHFFFAOYSA-N,O=C(NC(CO)C(O)C=CCCC=CCCC)CCC=CCC=CCC=CCC=CCC=CCC,530,False,True,False,Normalized unit: Intensity; Annotation method: Msp20260116160945_NCDK_conventional_converted_dev_1,False,False,26,0,0.00,1.00,null,null,null,-1.00,-1.00,-0.143,1217.02,P Sandie 50 Serum 4_GD1_01_66553,506.36060:81240 507.36526:25400 508.36993:4298,null,536206,544987,567025,556881,551274.775531249,13491.8487782934
27,8.834,508.37613,no MS2: Cer 31:6;O2|Cer 12:1;O2/19:5,[M+Na]+,null,1.00,False,7.274,508.37610,C31H51NO3,Cer_NS,OFSBMBOLKXPXSU-UHFFFAOYSA-N,O=C(NC(CO)C(O)C=CCCCCCCC)CCC=CCC=CCC=CCC=CCC=CCC,530,False,True,False,Normalized unit: Intensity; Annotation method: Msp20260116160945_NCDK_conventional_converted_dev_1,False,False,27,0,0.00,1.00,null,null,null,-1.00,-1.00,-0.143,1427.44,P Sandie 50 Serum 3_GD1_01_66552,508.37613:125096 509.38080:38250 510.38546:6598,null,758699,761505,793312,799092,778152.181171875,21006.6635747144
28,8.240,510.35522,no MS2: PC O-17:0|PC O-8:0_9:0,[M+H]+,null,1.00,False,6.183,510.35541,C25H52NO7P,EtherPC,UHSLTHBXDXKKEO-UHFFFAOYSA-N,O=C(OC(COCCCCCCCC)COP(=O)([O-])OCC[N+](C)(C)C)CCCCCCCC,530,False,True,False,Normalized unit: Intensity; Annotation method: Msp20260116160945_NCDK_conventional_converted_dev_1,False,False,28,0,0.00,1.00,null,null,null,-1.00,-1.00,-0.143,3555.91,P Sandie 50 Serum 2_GD1_01_66551,510.35532:252940 511.35998:73198 512.36465:12856,null,1346170,1333815,1422541,1388125,1372662.75442188,40570.655036857
29,8.013,510.35532,no MS2: PC O-17:0|PC O-8:0_9:0,[M+H]+,null,1.00,False,6.183,510.35541,C25H52NO7P,EtherPC,UHSLTHBXDXKKEO-UHFFFAOYSA-N,O=C(OC(COCCCCCCCC)COP(=O)([O-])OCC[N+](C)(C)C)CCCCCCCC,530,False,True,False,Normalized unit: Intensity; Annotation method: Msp20260116160945_NCDK_conventional_converted_dev_1,False,False,29,0,0.00,1.00,null,null,null,-1.00,-1.00,-0.143,1036.25,P Sandie 50 Serum 3_GD1_01_66552,510.35532:101562 511.35998:27456 512.36465:4420,null,649120,652888,711947,673604,671889.75571875,28792.5241855599
30,6.316,516.30566,no MS2: LPC 16:1,[M+Na]+,null,0.25,False,5.618,516.30609,C24H48NO7P,LPC,LFUDDCMNKWEORN-UHFFFAOYSA-N,O=C(OCC(O)COP(=O)([O-])OCC[N+](C)(C)C)CCCCCCCC=CCCCCCC,530,False,True,False,Normalized unit: Intensity; Annotation method: Msp20260116160945_NCDK_conventional_converted_dev_1,False,False,30,0,0.00,1.00,null,null,null,-1.00,-1.00,-0.145,550.84,P Sandie 50 Serum 3_GD1_01_66552,516.30566:72932 517.31033:21256 518.31500:7346,null,378224,380217,397276,366414,380532.69103125,12716.1231364293
31,6.970,518.32147,no MS2: LPC 16:0,[M+Na]+,null,1.00,False,6.131,518.32172,C24H50NO7P,LPC,ASWBNKHCZGQVJV-UHFFFAOYSA-N,O=C(OCC(O)COP(=O)([O-])OCC[N+](C)(C)C)CCCCCCCCCCCCCCC,530,False,True,False,Normalized unit: Intensity; Annotation method: Msp20260116160945_NCDK_conventional_converted_dev_1,False,False,31,0,0.00,1.00,null,null,null,-1.00,-1.00,-0.143,4779.52,P Sandie 50 Serum 1_GD1_01_66550,518.32159:551890 519.32626:145456 520.33093:43886,null,2455510,2523001,2613271,2522920,2528675.61026563,64742.9060159599
32,7.332,518.32166,no MS2: LPC 16:0,[M+Na]+,null,1.00,False,6.131,518.32172,C24H50NO7P,LPC,ASWBNKHCZGQVJV-UHFFFAOYSA-N,O=C(OCC(O)COP(=O)([O-])OCC[N+](C)(C)C)CCCCCCCCCCCCCCC,530,False,True,False,Normalized unit: Intensity; Annotation method: Msp20260116160945_NCDK_conventional_converted_dev_1,False,False,32,0,0.00,1.00,null,null,null,-1.00,-1.00,-0.143,15669.32,P Sandie 50 Serum 1_GD1_01_66550,518.32172:1486392 519.32638:406714 520.33105:68044,null,9815606,10057024,10571824,10499681,10236033.8065313,361048.989840446
33,6.534,520.33911,no MS2: PE O-21:2|PE O-13:1_8:1,[M+H]+,null,1.00,False,6.504,520.33978,C26H50NO7P,EtherPE,FOTOPSOAFDHFNP-UHFFFAOYSA-N,O=C(OC(COCCCCCCCCC=CCCC)COP(=O)(O)OCCN)CCC=CCCC,530,False,True,False,Normalized unit: Intensity; Annotation method: Msp20260116160945_NCDK_conventional_converted_dev_1,False,False,33,0,0.00,1.00,null,null,null,-1.00,-1.00,-0.143,4203.14,P Sandie 50 Serum 2_GD1_01_66551,520.33997:559848 521.34463:156162 522.34930:28238,null,1732638,1782364,1843844,1755451,1778574.188375,48025.5112733256
34,6.827,520.34033,no MS2: PE O-21:2|PE O-13:1_8:1,[M+H]+,null,1.00,False,6.504,520.33978,C26H50NO7P,EtherPE,FOTOPSOAFDHFNP-UHFFFAOYSA-N,O=C(OC(COCCCCCCCCC=CCCC)COP(=O)(O)OCCN)CCC=CCCC,530,False,True,False,Normalized unit: Intensity; Annotation method: Msp20260116160945_NCDK_conventional_converted_dev_1,False,False,34,0,0.00,1.00,null,null,null,-1.00,-1.00,-0.143,21570.54,P Sandie 50 Serum 1_GD1_01_66550,520.33978:3146414 521.34445:941460 522.34912:175520,null,11827361,12055525,11927698,11582868,11848363.0815156,200115.564625345
35,7.424,522.35480,no MS2: PC O-18:1|PC O-8:0_10:1,[M+H]+,null,1.00,False,6.132,522.35541,C26H52NO7P,EtherPC,LJRRIGXUSMYHGY-UHFFFAOYSA-N,O=C(OC(COCCCCCCCC)COP(=O)([O-])OCC[N+](C)(C)C)CCCCC=CCCC,530,False,True,False,Normalized unit: Intensity; Annotation method: Msp20260116160945_NCDK_conventional_converted_dev_1,False,False,35,0,0.00,1.00,null,null,null,-1.00,-1.00,-0.143,3955.99,P Sandie 50 Serum 2_GD1_01_66551,522.35516:350796 523.35983:101358 524.36450:19490,null,1563010,1581037,1565253,1544923,1563555.65909375,14786.5520071906
36,8.035,522.35510,no MS2: PC O-18:1|PC O-8:0_10:1,[M+H]+,null,1.00,False,6.132,522.35541,C26H52NO7P,EtherPC,LJRRIGXUSMYHGY-UHFFFAOYSA-N,O=C(OC(COCCCCCCCC)COP(=O)([O-])OCC[N+](C)(C)C)CCCCC=CCCC,530,False,True,False,Normalized unit: Intensity; Annotation method: Msp20260116160945_NCDK_conventional_converted_dev_1,False,False,36,0,0.00,1.00,null,null,null,-1.00,-1.00,-0.144,4058.21,P Sandie 50 Serum 3_GD1_01_66552,522.35510:326472 523.35977:95996 524.36444:16742,null,2401931,2564105,2610796,2532504,2527333.86739062,89574.5661094797
37,7.808,522.35535,no MS2: PC O-18:1|PC O-8:0_10:1,[M+H]+,null,1.00,False,6.132,522.35541,C26H52NO7P,EtherPC,LJRRIGXUSMYHGY-UHFFFAOYSA-N,O=C(OC(COCCCCCCCC)COP(=O)([O-])OCC[N+](C)(C)C)CCCCC=CCCC,530,False,True,False,Normalized unit: Intensity; Annotation method: Msp20260116160945_NCDK_conventional_converted_dev_1,False,False,37,0,0.00,1.00,null,null,null,-1.00,-1.00,-0.143,24188.67,P Sandie 50 Serum 2_GD1_01_66551,522.35535:2524246 523.36001:796466 524.36468:145960,null,13043532,13219388,13256319,13398909,13229537.0930156,146178.934787895
38,8.786,524.37103,no MS2: PC O-18:0|PC O-8:0_10:0,[M+H]+,null,1.00,False,6.232,524.37109,C26H54NO7P,EtherPC,LIRQQTBXFZSLII-UHFFFAOYSA-N,O=C(OC(COCCCCCCCC)COP(=O)([O-])OCC[N+](C)(C)C)CCCCCCCCC,530,False,True,False,Normalized unit: Intensity; Annotation method: Msp20260116160945_NCDK_conventional_converted_dev_1,False,False,38,0,0.00,1.00,null,null,null,-1.00,-1.00,-0.143,6421.56,P Sandie 50 Serum 3_GD1_01_66552,524.37103:899770 525.37570:271698 526.38037:48590,null,5102412,5212535,5494945,5316103,5281498.7343125,166918.192096532
39,9.309,524.37231,no MS2: PC O-18:0|PC O-8:0_10:0,[M+H]+,null,1.00,False,6.232,524.37109,C26H54NO7P,EtherPC,LIRQQTBXFZSLII-UHFFFAOYSA-N,O=C(OC(COCCCCCCCC)COP(=O)([O-])OCC[N+](C)(C)C)CCCCCCCCC,530,False,True,False,Normalized unit: Intensity; Annotation method: Msp20260116160945_NCDK_conventional_converted_dev_1,False,False,39,0,0.00,1.00,null,null,null,-1.00,-1.00,-0.143,40621.07,P Sandie 50 Serum 4_GD1_01_66553,524.37091:5577722 525.37558:1729614 526.38025:320038,null,37674188,38501258,39556782,39468524,38800187.8408906,890007.709912608
40,9.309,524.50098,no MS2: Cer 33:0;O3|Cer 12:0;O2/21:0;O,[M+H-H2O]+,null,1.00,False,9.140,524.50372,C33H67NO4,Cer_HDS,BCVVFTNPXYSLBJ-UHFFFAOYSA-N,O=C(NC(CO)C(O)CCCCCCCCC)C(O)CCCCCCCCCCCCCCCCCCC,530,False,True,False,Normalized unit: Intensity; Annotation method: Msp20260116160945_NCDK_conventional_converted_dev_1,False,False,40,0,0.00,0.87,null,null,null,-1.00,-1.00,-0.207,926.62,P Sandie 50 Serum 3_GD1_01_66552,524.50098:78970 525.50564:10148 526.51031:692,null,348299,361053,409554,387792,376674.611187499,27409.8471413657
41,9.316,524.59515,Unknown,[M+H]+,null,0.25,False,null,null,null,null,null,null,999,False,False,False,Normalized unit: Intensity,False,False,41,0,0.00,null,null,null,null,null,null,null,1377.44,P Sandie 50 Serum 3_GD1_01_66552,524.59515:69006 525.59982:8306 526.60449:0,null,327850,337409,367609,340351,343304.548203124,17058.9152502503
42,9.309,524.92322,Unknown,[M+H]+,null,1.00,False,null,null,null,null,null,null,999,False,False,False,Normalized unit: Intensity,False,False,42,0,0.00,null,null,null,null,null,null,null,1294.04,P Sandie 50 Serum 3_GD1_01_66552,524.92322:182956 525.92789:27982 526.93255:860,null,911939,941302,1012171,973425,959709.058718749,43054.8212450857
43,8.240,532.33691,no MS2: LPC 17:0,[M+Na]+,null,1.00,False,6.464,532.33740,C25H52NO7P,LPC,SRRQPVVYXBTRQK-UHFFFAOYSA-N,O=C(OCC(O)COP(=O)([O-])OCC[N+](C)(C)C)CCCCCCCCCCCCCCCC,530,False,True,False,Normalized unit: Intensity; Annotation method: Msp20260116160945_NCDK_conventional_converted_dev_1,False,False,43,0,0.00,1.00,null,null,null,-1.00,-1.00,-0.144,798.21,P Sandie 50 Serum 2_GD1_01_66551,532.33710:83612 533.34176:23168 534.34643:4376,null,456019,456166,467207,452853,458061.228937501,6285.91449692309
44,27.442,540.30267,no MS2: RIKEN P-VS1 ID-4828 from Mouse_Plasma_ApoEKO_N_Ctr,[M+H]+,null,1.00,False,6.250,540.30072,null,Unknown,null,null,530,False,True,False,Normalized unit: Intensity; Annotation method: Msp20260116160945_NCDK_conventional_converted_dev_1,False,False,44,0,0.00,0.94,null,null,null,-1.00,-1.00,-0.157,577.38,P Sandie 50 Serum 4_GD1_01_66553,540.30267:86018 541.30734:21550 542.31201:3918,null,2210275,2258796,2337081,999425,1951393.96039063,636792.66683388
45,26.806,540.30280,no MS2: RIKEN P-VS1 ID-4828 from Mouse_Plasma_ApoEKO_N_Ctr,[M+H]+,null,1.00,False,6.250,540.30072,null,Unknown,null,null,530,False,True,False,Normalized unit: Intensity; Annotation method: Msp20260116160945_NCDK_conventional_converted_dev_1,False,False,45,0,0.00,0.95,null,null,null,-1.00,-1.00,-0.152,474.34,P Sandie 50 Serum 4_GD1_01_66553,540.30249:70554 541.30716:20788 542.31183:3518,null,1368037,1411868,1466473,1443249,1422406.74632813,42596.4602102036
46,7.335,540.30292,no MS2: RIKEN P-VS1 ID-4828 from Mouse_Plasma_ApoEKO_N_Ctr,[M+2Na-H]+,null,0.25,False,6.250,540.30072,null,Unknown,null,null,530,False,True,False,Normalized unit: Intensity; Annotation method: Msp20260116160945_NCDK_conventional_converted_dev_1,False,False,46,0,0.00,0.92,null,null,null,-1.00,-1.00,-0.164,405.05,P Sandie 50 Serum 4_GD1_01_66553,540.30292:59570 541.30759:14454 542.31225:2320,null,421846,438829,443067,455325,439766.976984375,13844.4263486972
47,6.534,542.31982,no MS2: LPC 18:2,[M+Na]+,null,1.00,False,5.779,542.32172,C26H50NO7P,LPC,SPJFYYJXNPEZDW-UHFFFAOYSA-N,O=C(OCC(O)COP(=O)([O-])OCC[N+](C)(C)C)CCCCCCCC=CCC=CCCCCC,530,False,True,False,Normalized unit: Intensity; Annotation method: Msp20260116160945_NCDK_conventional_converted_dev_1,False,False,47,0,0.00,1.00,null,null,null,-1.00,-1.00,-0.143,550.93,P Sandie 50 Serum 2_GD1_01_66551,542.32178:130288 543.32645:36708 544.33111:15946,null,439809,426430,446140,443540,438979.851125,8760.57563098658
48,6.831,542.32153,no MS2: LPC 18:2,[M+Na]+,null,1.00,False,5.779,542.32172,C26H50NO7P,LPC,SPJFYYJXNPEZDW-UHFFFAOYSA-N,O=C(OCC(O)COP(=O)([O-])OCC[N+](C)(C)C)CCCCCCCC=CCC=CCCCCC,530,False,True,False,Normalized unit: Intensity; Annotation method: Msp20260116160945_NCDK_conventional_converted_dev_1,False,False,48,0,0.00,1.00,null,null,null,-1.00,-1.00,-0.143,2672.54,P Sandie 50 Serum 1_GD1_01_66550,542.32153:557966 543.32620:153050 544.33087:779148,null,2312872,2315416,2352248,2309663,2322549.72804688,19937.9996920565
49,7.808,544.33691,no MS2: LPC 18:1,[M+Na]+,null,1.00,False,6.299,544.33740,C26H52NO7P,LPC,YAMUFBLWGFFICM-UHFFFAOYSA-N,O=C(OCC(O)COP(=O)([O-])OCC[N+](C)(C)C)CCCCCCCC=CCCCCCCCC,530,False,True,False,Normalized unit: Intensity; Annotation method: Msp20260116160945_NCDK_conventional_converted_dev_1,False,False,49,0,0.00,1.00,null,null,null,-1.00,-1.00,-0.143,8545.48,P Sandie 50 Serum 3_GD1_01_66552,544.33740:553186 545.34207:153616 546.34674:28336,null,3255918,3297966,3356957,3291155,3300498.99123437,41907.6447757079
50,6.582,544.33911,no MS2: PE O-23:4|PE O-8:0_15:4,[M+H]+,null,1.00,False,6.609,544.33978,C28H50NO7P,EtherPE,ORVQTMKUQPTJSK-UHFFFAOYSA-N,O=C(OC(COCCCCCCCC)COP(=O)(O)OCCN)CC=CCC=CCC=CCC=CCC,530,False,True,False,Normalized unit: Intensity; Annotation method: Msp20260116160945_NCDK_conventional_converted_dev_1,False,False,50,0,0.00,1.00,null,null,null,-1.00,-1.00,-0.143,1353.64,P Sandie 50 Serum 2_GD1_01_66551,544.33984:157000 545.34451:44282 546.34918:9066,null,595499,594015,591174,604408,596274.09115625,5712.01427865152
51,6.844,544.34009,no MS2: PE O-23:4|PE O-8:0_15:4,[M+H]+,null,1.00,False,6.609,544.33978,C28H50NO7P,EtherPE,ORVQTMKUQPTJSK-UHFFFAOYSA-N,O=C(OC(COCCCCCCCC)COP(=O)(O)OCCN)CC=CCC=CCC=CCC=CCC,530,False,True,False,Normalized unit: Intensity; Annotation method: Msp20260116160945_NCDK_conventional_converted_dev_1,False,False,51,0,0.00,1.00,null,null,null,-1.00,-1.00,-0.143,13061.91,P Sandie 50 Serum 1_GD1_01_66550,544.33978:1054290 545.34445:341744 546.34912:63544,null,3893579,3955524,3967994,3971730,3947206.84881251,36417.03913718
52,8.786,546.35229,no MS2: LPC 18:0,[M+Na]+,null,1.00,False,6.748,546.35303,C26H54NO7P,LPC,IHNKQIMGVNPMTC-UHFFFAOYSA-N,O=C(OCC(O)COP(=O)([O-])OCC[N+](C)(C)C)CCCCCCCCCCCCCCCCC,530,False,True,False,Normalized unit: Intensity; Annotation method: Msp20260116160945_NCDK_conventional_converted_dev_1,False,False,52,0,0.00,1.00,null,null,null,-1.00,-1.00,-0.144,2384.91,P Sandie 50 Serum 3_GD1_01_66552,546.35266:251980 547.35733:73096 548.36200:12614,null,1559388,1607005,1614622,1638553,1604892.09939062,33180.4219605956
53,9.314,546.35419,no MS2: LPC 18:0,[M+Na]+,null,1.00,False,6.748,546.35303,C26H54NO7P,LPC,IHNKQIMGVNPMTC-UHFFFAOYSA-N,O=C(OCC(O)COP(=O)([O-])OCC[N+](C)(C)C)CCCCCCCCCCCCCCCCC,530,False,True,False,Normalized unit: Intensity; Annotation method: Msp20260116160945_NCDK_conventional_converted_dev_1,False,False,53,0,0.00,1.00,null,null,null,-1.00,-1.00,-0.143,9827.78,P Sandie 50 Serum 4_GD1_01_66553,546.35291:1033430 547.35757:291166 548.36224:51990,null,9131928,9372280,9685810,9539032,9432262.42493749,237686.811002834
54,7.459,546.35443,no MS2: PE O-23:3|PE O-8:0_15:3,[M+H]+,null,1.00,False,6.612,546.35541,C28H52NO7P,EtherPE,BGJKNDHQOAVPKY-UHFFFAOYSA-N,O=C(OC(COCCCCCCCC)COP(=O)(O)OCCN)CCCCC=CCC=CCC=CCC,530,False,True,False,Normalized unit: Intensity; Annotation method: Msp20260116160945_NCDK_conventional_converted_dev_1,False,False,54,0,0.00,1.00,null,null,null,-1.00,-1.00,-0.144,964.34,P Sandie 50 Serum 2_GD1_01_66551,546.35510:304484 547.35977:88428 548.36444:16512,null,1321297,1327267,1398874,1325648,1343271.69484375,37154.0514773296
55,6.848,566.32117,no MS2: RIKEN P-VS1 ID-5239 from Mouse_Plasma_ApoEKO_N_F1DHA,[M+Na]+,null,1.00,False,6.390,566.32172,null,Unknown,null,null,530,False,True,False,Normalized unit: Intensity; Annotation method: Msp20260116160945_NCDK_conventional_converted_dev_1,False,False,55,0,0.00,1.00,null,null,null,-1.00,-1.00,-0.129,1519.06,P Sandie 50 Serum 1_GD1_01_66550,566.32172:178262 567.32638:56644 568.33105:226840,null,755201,760500,773679,739458,757209.547171876,14156.6396020316
56,28.464,568.33386,no MS2: LPC 20:3,[M+Na]+,null,1.00,False,5.943,568.33740,C28H52NO7P,LPC,XUDGAAFUMTTZCO-UHFFFAOYSA-N,O=C(OCC(O)COP(=O)([O-])OCC[N+](C)(C)C)CCCCCCCCCC=CCC=CCC=CCC,530,False,True,False,Normalized unit: Intensity; Annotation method: Msp20260116160945_NCDK_conventional_converted_dev_1,False,False,56,0,0.00,0.93,null,null,null,-1.00,-1.00,-0.179,1032.14,P Sandie 50 Serum 3_GD1_01_66552,568.33521:88300 569.33987:26144 570.34454:4112,null,2453602,2536426,2635102,2734321,2589862.4076875,121569.307123888
57,9.316,568.33618,no MS2: LPC 20:3,[M+2Na-H]+,null,0.25,False,5.943,568.33740,C28H52NO7P,LPC,XUDGAAFUMTTZCO-UHFFFAOYSA-N,O=C(OCC(O)COP(=O)([O-])OCC[N+](C)(C)C)CCCCCCCCCC=CCC=CCC=CCC,530,False,True,False,Normalized unit: Intensity; Annotation method: Msp20260116160945_NCDK_conventional_converted_dev_1,False,False,57,0,0.00,0.98,null,null,null,-1.00,-1.00,-0.154,432.20,P Sandie 50 Serum 3_GD1_01_66552,568.33618:55696 569.34085:14766 570.34552:2886,null,451781,474461,522798,508054,489273.444703124,32154.3882381602
58,7.476,568.33667,no MS2: LPC 20:3,[M+Na]+,null,0.25,False,5.943,568.33740,C28H52NO7P,LPC,XUDGAAFUMTTZCO-UHFFFAOYSA-N,O=C(OCC(O)COP(=O)([O-])OCC[N+](C)(C)C)CCCCCCCCCC=CCC=CCC=CCC,530,False,True,False,Normalized unit: Intensity; Annotation method: Msp20260116160945_NCDK_conventional_converted_dev_1,False,False,58,0,0.00,0.99,null,null,null,-1.00,-1.00,-0.147,835.87,P Sandie 50 Serum 2_GD1_01_66551,568.33667:70692 569.34134:21748 570.34601:3840,null,350196,365043,356868,338570,352669.61865625,11189.9502227165
59,6.848,568.33893,no MS2: LPC 22:6,[M+H]+,null,1.00,False,5.888,568.33978,C30H50NO7P,LPC,LSOWKZULVQWMLY-UHFFFAOYSA-N,O=C(OCC(O)COP(=O)([O-])OCC[N+](C)(C)C)CCC=CCC=CCC=CCC=CCC=CCC=CCC,530,False,True,False,Normalized unit: Intensity; Annotation method: Msp20260116160945_NCDK_conventional_converted_dev_1,False,False,59,0,0.00,1.00,null,null,null,-1.00,-1.00,-0.143,1984.60,P Sandie 50 Serum 2_GD1_01_66551,568.33978:226754 569.34445:70712 570.34912:16678,null,823543,842728,864145,813542,835989.492546876,22338.0924433896
60,29.482,575.50232,Unknown,[M+H]+,null,1.00,False,null,null,null,null,null,null,999,False,False,False,Normalized unit: Intensity,False,False,60,0,0.00,null,null,null,null,null,null,null,598.40,P Sandie 50 Serum 4_GD1_01_66553,575.50232:76344 576.50699:27942 577.51165:6492,null,600183,600764,616656,597451,603763.191468749,8715.46259415705
61,31.058,577.51941,no MS2: RIKEN P-VS1 ID-5423 from Mouse_Plasma_ApoEKO_N_F1DHA,[M+H]+,null,1.00,False,13.050,577.51569,null,Unknown,null,null,530,False,True,False,Normalized unit: Intensity; Annotation method: Msp20260116160945_NCDK_conventional_converted_dev_1,False,False,61,0,0.00,0.90,null,null,null,-1.00,-1.00,-0.173,1298.08,P Sandie 50 Serum 1_GD1_01_66550,577.51831:154626 578.52298:60530 579.52765:14482,null,1244219,1280822,1337014,1324742,1296699.16504687,42496.6151438483
62,30.436,591.49524,no MS2: RIKEN P-VS1 ID-5627 from Mouse_AdrenalGlands_WT_N_Ctr,[M+H]+,null,1.00,False,11.480,591.49652,null,Unknown,null,null,530,False,True,False,Normalized unit: Intensity; Annotation method: Msp20260116160945_NCDK_conventional_converted_dev_1,False,False,62,0,0.00,1.00,null,null,null,-1.00,-1.00,-0.129,648.22,P Sandie 50 Serum 3_GD1_01_66552,591.49622:106520 592.50088:39248 593.50555:8382,null,1064701,1063495,1087637,1100832,1079166.57692187,18220.6206100042
63,29.456,610.53973,no MS2: Cer 37:2;O4|Cer 12:1;O3/25:1(2OH),[M+H]+,null,1.00,False,9.412,610.54053,C37H71NO5,Cer_AP,KHGKWTNERDCOKC-UHFFFAOYSA-N,O=C(NC(CO)C(O)C(O)CCCC=CCCC)C(O)CCCCCCCCCCCC=CCCCCCCCCCC,530,False,True,False,Normalized unit: Intensity; Annotation method: Msp20260116160945_NCDK_conventional_converted_dev_1,False,False,63,0,0.00,1.00,null,null,null,-1.00,-1.00,-0.143,1044.17,P Sandie 50 Serum 1_GD1_01_66550,610.54047:75196 611.54513:32052 612.54980:7380,null,1201116,1208186,1240380,1217103,1216696.33542187,17090.2657312514
64,31.027,612.55627,no MS2: Cer 37:1;O4|Cer 12:1;O3/25:0(2OH),[M+H]+,null,1.00,False,9.844,612.55621,C37H73NO5,Cer_AP,RUEOUTPJRGEUDQ-UHFFFAOYSA-N,O=C(NC(CO)C(O)C(O)CCCC=CCCC)C(O)CCCCCCCCCCCCCCCCCCCCCCC,530,False,True,False,Normalized unit: Intensity; Annotation method: Msp20260116160945_NCDK_conventional_converted_dev_1,False,False,64,0,0.00,1.00,null,null,null,-1.00,-1.00,-0.143,2814.91,P Sandie 50 Serum 3_GD1_01_66552,612.55627:138754 613.56094:56736 614.56561:12304,null,1450317,1493475,1548786,1513650,1501556.87778125,41100.386177218
65,38.586,614.58691,no MS2: SE 28:1/13:0,[M+NH4]+,null,1.00,False,13.987,614.58710,C41H72O2,CASE,IZISIMGNZGDQOF-UHFFFAOYSA-N,O=C(OC1CC2=CCC3C(CCC4(C)C(CCC34)C(C)CCC(C)C(C)C)C2(C)CC1)CCCCCCCCCCCC,530,False,True,False,Normalized unit: Intensity; Annotation method: Msp20260116160945_NCDK_conventional_converted_dev_1,False,False,65,0,0.00,1.00,null,null,null,-1.00,-1.00,-0.143,2849.79,P Sandie 50 Serum 2_GD1_01_66551,614.58691:224866 615.59158:102044 616.59625:23174,null,856048,891597,887918,889296,881214.816499995,16846.194441438
66,29.478,615.49597,no MS2: RIKEN P-VS1 ID-6122 from Mouse_Feces_WT_ABX_Ctr,[M+H]+,null,1.00,False,11.000,615.49432,null,Unknown,null,null,530,False,True,False,Normalized unit: Intensity; Annotation method: Msp20260116160945_NCDK_conventional_converted_dev_1,False,False,66,0,0.00,1.00,null,null,null,-1.00,-1.00,-0.131,1246.97,P Sandie 50 Serum 4_GD1_01_66553,615.49493:252120 616.49960:99768 617.50427:22092,null,3492194,3466877,3540979,3514757,3503701.95482812,31624.3035390571
67,31.045,617.51154,no MS2: RIKEN P-VS1 ID-6157 from Mouse_Feces_WT_N_Ctr,[M+H]+,null,1.00,False,12.020,617.50983,null,Unknown,null,null,530,False,True,False,Normalized unit: Intensity; Annotation method: Msp20260116160945_NCDK_conventional_converted_dev_1,False,False,67,0,0.00,0.99,null,null,null,-1.00,-1.00,-0.132,3507.82,P Sandie 50 Serum 1_GD1_01_66550,617.51056:408292 618.51523:164616 619.51989:35862,null,4921505,4875144,4986926,4861966,4911385.188375,56463.8566240032
68,32.751,619.52747,no MS2: DG 34:0,[M+Na]+,null,1.00,False,12.929,619.52722,C37H72O5,DG,SSJMMYPUZPYGQU-UHFFFAOYSA-N,O=C(OCC(OC(=O)CCCCCCC)CO)CCCCCCCCCCCCCCCCCCCCCCCCC,530,False,True,False,Normalized unit: Intensity; Annotation method: Msp20260116160945_NCDK_conventional_converted_dev_1,False,False,68,0,0.00,1.00,null,null,null,-1.00,-1.00,-0.143,635.92,P Sandie 50 Serum 3_GD1_01_66552,619.52740:57312 620.53207:24730 621.53674:5454,null,524294,518888,531498,520872,523888.002171874,5542.76133198981
69,38.586,619.54071,no MS2: SE 28:4/15:0,[M+Na]+,null,1.00,False,14.078,619.54492,C43H70O2,DEGSE,DVYIEXRFGYCTFU-UHFFFAOYSA-N,O=C(OC1CC2=CC=C3C(=CCC4(C)C3CCC4C(C=CC(C)C(C)C)C)C2(C)CC1)CCCCCCCCCCCCCC,530,False,True,False,Normalized unit: Intensity; Annotation method: Msp20260116160945_NCDK_conventional_converted_dev_1,False,False,69,0,0.00,0.91,null,null,null,-1.00,-1.00,-0.188,853.46,P Sandie 50 Serum 2_GD1_01_66551,619.54224:94810 620.54690:42334 621.55157:9426,null,404941,416725,407822,421926,412853.434906248,7857.39505193477
70,31.032,633.48468,no MS2: SL 34:2;O2|SL 12:1;O/22:1;O,[M+K]+,null,1.00,False,8.811,633.48712,C34H65NO6S,SL,WOKZAGXRGUEHSU-UHFFFAOYSA-N,O=C(N(CC(O)C=CCCCCCCC)CS(=O)(=O)O)C(O)CCCCCCCCCCC=CCCCCCCCC,530,False,True,False,Normalized unit: Intensity; Annotation method: Msp20260116160945_NCDK_conventional_converted_dev_1,False,False,70,0,0.00,0.99,null,null,null,-1.00,-1.00,-0.149,645.22,P Sandie 50 Serum 2_GD1_01_66551,633.48615:65838 634.49081:26292 635.49548:9226,null,795501,766199,772481,743142,769330.45228125,21528.6930931727
71,30.100,636.55554,no MS2: Cer 39:3;O4|Cer 13:1;O3/26:2(2OH),[M+NH4]+,null,1.00,False,10.444,636.55621,C39H73NO5,Cer_AP,RNLOLCADZMWTBL-UHFFFAOYSA-N,O=C(NC(CO)C(O)C(O)CCCC=CCCCC)C(O)CCCCCCCCCCCCC=CCC=CCCCCCCC,530,False,True,False,Normalized unit: Intensity; Annotation method: Msp20260116160945_NCDK_conventional_converted_dev_1,False,False,71,0,0.00,1.00,null,null,null,-1.00,-1.00,-0.143,1348.07,P Sandie 50 Serum 3_GD1_01_66552,636.55634:109276 637.56100:43762 638.56567:11750,null,1424957,1438795,1373807,1416691,1413562.23375,28028.4314615456
72,31.602,638.57251,no MS2: Cer 39:2;O4|Cer 12:1;O3/27:1(2OH),[M+H]+,null,1.00,False,10.761,638.57178,C39H75NO5,Cer_AP,QMYJSYAMPMHEJN-UHFFFAOYSA-N,O=C(NC(CO)C(O)C(O)CCCC=CCCC)C(O)CCCCCCCCCCCCCC=CCCCCCCCCCC,530,False,True,False,Normalized unit: Intensity; Annotation method: Msp20260116160945_NCDK_conventional_converted_dev_1,False,False,72,0,0.00,1.00,null,null,null,-1.00,-1.00,-0.143,1454.31,P Sandie 50 Serum 2_GD1_01_66551,638.57159:83854 639.57626:35116 640.58093:8202,null,1025188,1024512,1075863,1075392,1050238.84101563,29318.3819439479
73,38.160,638.58557,no MS2: SE 28:2/15:1,[M+NH4]+,null,1.00,False,14.117,638.58710,C43H72O2,BRSE,PUXMADHTYWYWDS-UHFFFAOYSA-N,O=C(OC1CC2=CCC3C(CCC4(C)C(CCC34)C(C=CC(C)C(C)C)C)C2(C)CC1)CCCCCCCC=CCCCCC,530,False,True,False,Normalized unit: Intensity; Annotation method: Msp20260116160945_NCDK_conventional_converted_dev_1,False,False,73,0,0.00,0.99,null,null,null,-1.00,-1.00,-0.147,931.29,P Sandie 50 Serum 2_GD1_01_66551,638.58624:73242 639.59091:34340 640.59558:7806,null,357726,346982,379017,374520,364561.386203125,14876.048794379
74,31.049,639.56708,no MS2: NAGly 36:2;O2|NAGly 8:0;O(FA 28:1),[M+NH4]+,null,1.00,False,10.089,639.56702,C38H71NO5,NAGly,PADYNNJRHNWUGL-UHFFFAOYSA-N,O=C(O)CNC(=O)CCCC(OC(=O)CCCCCCCCCCCCCCCCCC=CCCCCCCCC)CCC,530,False,True,False,Normalized unit: Intensity; Annotation method: Msp20260116160945_NCDK_conventional_converted_dev_1,False,False,74,0,0.00,1.00,null,null,null,-1.00,-1.00,-0.143,836.40,P Sandie 50 Serum 2_GD1_01_66551,639.56708:80698 640.57175:33848 641.57641:8366,null,792064,787467,801097,781285,790478.1884375,8343.65227601775
75,38.734,640.60095,no MS2: SE 28:2/15:0,[M+NH4]+,null,1.00,False,14.512,640.60272,C43H74O2,BRSE,CYVYXFRHNWNKJU-UHFFFAOYSA-N,O=C(OC1CC2=CCC3C(CCC4(C)C(CCC34)C(C=CC(C)C(C)C)C)C2(C)CC1)CCCCCCCCCCCCCC,530,False,True,False,Normalized unit: Intensity; Annotation method: Msp20260116160945_NCDK_conventional_converted_dev_1,False,False,75,0,0.00,1.00,null,null,null,-1.00,-1.00,-0.144,8553.20,P Sandie 50 Serum 1_GD1_01_66550,640.60229:738702 641.60696:349084 642.61163:81872,null,4441975,4545931,4556802,4501002,4511427.60092187,52222.7593211131
76,30.118,641.51111,no MS2: DG 36:3,[M+Na]+,null,1.00,False,11.361,641.51147,C39H70O5,DG,PHDXFGKEFPXZKF-UHFFFAOYSA-N,O=C(OCC(OC(=O)CCCCCCCCCCCCC=CCC=CCC=CCCCCCCC)CO)CCCCCCC,530,False,True,False,Normalized unit: Intensity; Annotation method: Msp20260116160945_NCDK_conventional_converted_dev_1,False,False,76,0,0.00,1.00,null,null,null,-1.00,-1.00,-0.143,2607.85,P Sandie 50 Serum 3_GD1_01_66552,641.51147:237724 642.51614:96814 643.52081:22646,null,2722051,2750406,2683355,2743453,2724816.39054688,30159.7242186305
77,39.535,642.61707,no MS2: RIKEN P-VS1 ID-6673 from Mouse_AdrenalGlands_WT_N_Ctr,[M+H]+,null,1.00,False,10.900,642.61560,null,Unknown,null,null,530,False,True,False,Normalized unit: Intensity; Annotation method: Msp20260116160945_NCDK_conventional_converted_dev_1,False,False,77,0,0.00,0.98,null,null,null,-1.00,-1.00,-0.137,10609.10,P Sandie 50 Serum 4_GD1_01_66553,642.61688:1487080 643.62155:674252 644.62622:159382,null,9671484,9890945,9963312,9910100,9858960.2967344,128679.040531451
78,31.637,643.52655,no MS2: RIKEN P-VS1 ID-6693 from Mouse_Feces_WT_N_Ctr,[M+H]+,null,1.00,False,12.240,643.52728,null,Unknown,null,null,530,False,True,False,Normalized unit: Intensity; Annotation method: Msp20260116160945_NCDK_conventional_converted_dev_1,False,False,78,0,0.00,1.00,null,null,null,-1.00,-1.00,-0.129,1473.34,P Sandie 50 Serum 2_GD1_01_66551,643.52722:156648 644.53189:64882 645.53656:15156,null,2098705,2161068,2141632,2111884,2128322.29128125,28265.5933947699
79,33.268,645.54254,no MS2: RIKEN P-VS1 ID-6727 from Mouse_Brain_WT_N_F1DHA,[M+H]+,null,1.00,False,12.990,645.54449,null,Unknown,null,null,530,False,True,False,Normalized unit: Intensity; Annotation method: Msp20260116160945_NCDK_conventional_converted_dev_1,False,False,79,0,0.00,0.97,null,null,null,-1.00,-1.00,-0.140,1429.85,P Sandie 50 Serum 3_GD1_01_66552,645.54303:92928 646.54770:39944 647.55237:8956,null,852890,831403,868598,877008,857474.712859373,20050.1617234829
80,38.734,645.55750,no MS2: VAE 23:0,[M+Na]+,null,1.00,False,14.689,645.55811,C43H74O2,VAE,ABIKWACHXVOLTR-UHFFFAOYSA-N,O=C(OCC=C(C=CC=C(C=CC1=C(C)CCCC1(C)C)C)C)CCCCCCCCCCCCCCCCCCCCCC,530,False,True,False,Normalized unit: Intensity; Annotation method: Msp20260116160945_NCDK_conventional_converted_dev_1,False,False,80,0,0.00,1.00,null,null,null,-1.00,-1.00,-0.144,1421.12,P Sandie 50 Serum 1_GD1_01_66550,645.55768:98330 646.56235:47660 647.56701:10610,null,720983,752774,733217,725155,733032.239296874,14106.6260761595
81,39.535,647.57385,no MS2: SE 28:4/17:0,[M+H]+,null,1.00,False,14.344,647.57617,C45H74O2,DEGSE,SMBKRNCNALQNLI-UHFFFAOYSA-N,O=C(OC1CC2=CC=C3C(=CCC4(C)C3CCC4C(C=CC(C)C(C)C)C)C2(C)CC1)CCCCCCCCCCCCCCCC,530,False,True,False,Normalized unit: Intensity; Annotation method: Msp20260116160945_NCDK_conventional_converted_dev_1,False,False,81,0,0.00,0.94,null,null,null,-1.00,-1.00,-0.174,4335.63,P Sandie 50 Serum 2_GD1_01_66551,647.57385:295396 648.57852:136508 649.58319:33636,null,2177311,2309254,2105519,2109946,2175507.60728125,95022.9441368514
82,35.884,647.57458,no MS2: SE 28:4/17:0,[M+H]+,null,1.00,False,14.344,647.57617,C45H74O2,DEGSE,SMBKRNCNALQNLI-UHFFFAOYSA-N,O=C(OC1CC2=CC=C3C(=CCC4(C)C3CCC4C(C=CC(C)C(C)C)C)C2(C)CC1)CCCCCCCCCCCCCCCC,530,False,True,False,Normalized unit: Intensity; Annotation method: Msp20260116160945_NCDK_conventional_converted_dev_1,False,False,82,0,0.00,1.00,null,null,null,-1.00,-1.00,-0.144,2813.70,P Sandie 50 Serum 2_GD1_01_66551,647.57574:196688 648.58041:95844 649.58508:22318,null,1350183,1330210,1409278,1384807,1368619.34090625,35262.5889896842
83,38.429,647.57526,no MS2: SE 28:4/17:0,[M+H]+,null,1.00,False,14.344,647.57617,C45H74O2,DEGSE,SMBKRNCNALQNLI-UHFFFAOYSA-N,O=C(OC1CC2=CC=C3C(=CCC4(C)C3CCC4C(C=CC(C)C(C)C)C)C2(C)CC1)CCCCCCCCCCCCCCCC,530,False,True,False,Normalized unit: Intensity; Annotation method: Msp20260116160945_NCDK_conventional_converted_dev_1,False,False,83,0,0.00,1.00,null,null,null,-1.00,-1.00,-0.143,1242.27,P Sandie 50 Serum 2_GD1_01_66551,647.57593:93846 648.58060:45948 649.58526:12566,null,550178,543267,566176,564209,555957.523312499,11059.7677420911
84,38.986,649.59216,no MS2: SE 28:3/17:0,[M+H]+,null,1.00,False,14.427,649.59180,C45H76O2,EGSE,VGUZMPDGGYQYST-UHFFFAOYSA-N,O=C(OC1CC2=CC=C3C(CCC4(C)C3CCC4C(C=CC(C)C(C)C)C)C2(C)CC1)CCCCCCCCCCCCCCCC,530,False,True,False,Normalized unit: Intensity; Annotation method: Msp20260116160945_NCDK_conventional_converted_dev_1,False,False,84,0,0.00,1.00,null,null,null,-1.00,-1.00,-0.143,1181.82,P Sandie 50 Serum 1_GD1_01_66550,649.59210:94328 650.59677:43916 651.60144:9994,null,882714,894516,887036,886447,887677.996765628,4943.82307730028
85,39.195,654.61786,no MS2: RIKEN P-VS1 ID-6912 from Mouse_SmallIntestine_WT_N_F1,[M+H]+,null,1.00,False,12.890,654.61493,null,Unknown,null,null,530,False,True,False,Normalized unit: Intensity; Annotation method: Msp20260116160945_NCDK_conventional_converted_dev_1,False,False,85,0,0.00,0.98,null,null,null,-1.00,-1.00,-0.140,2221.03,P Sandie 50 Serum 4_GD1_01_66553,654.61639:237924 655.62106:116246 656.62573:29912,null,933863,947300,931185,927010,934839.42617188,8772.42945029728
86,33.791,658.61047,no MS2: Cer 41:1;O2|Cer 12:0;O2/29:1,[M+Na]+,null,1.00,False,12.950,658.61090,C41H81NO3,Cer_NDS,RAQBTACWADCHLH-UHFFFAOYSA-N,O=C(NC(CO)C(O)CCCCCCCCC)CCCCCCCCCCCCCCC=CCCCCCCCCCCCC,530,False,True,False,Normalized unit: Intensity; Annotation method: Msp20260116160945_NCDK_conventional_converted_dev_1,False,False,86,0,0.00,1.00,null,null,null,-1.00,-1.00,-0.144,731.19,P Sandie 50 Serum 3_GD1_01_66552,658.61047:63768 659.61514:27896 660.61981:6746,null,414759,420211,430370,421876,421804.11484375,6469.16802868379
87,37.916,662.58563,no MS2: SE 28:2/17:3,[M+NH4]+,null,1.00,False,14.636,662.58710,C45H72O2,BRSE,JMCYXJBXDSFMHC-UHFFFAOYSA-N,O=C(OC1CC2=CCC3C(CCC4(C)C(CCC34)C(C=CC(C)C(C)C)C)C2(C)CC1)CCCCCCC=CCC=CCC=CCC,530,False,True,False,Normalized unit: Intensity; Annotation method: Msp20260116160945_NCDK_conventional_converted_dev_1,False,False,87,0,0.00,0.99,null,null,null,-1.00,-1.00,-0.149,1589.26,P Sandie 50 Serum 2_GD1_01_66551,662.58606:182470 663.59073:86108 664.59540:20104,null,640020,659115,671951,666928,659503.79348438,14021.7036404634
88,27.520,663.45233,no MS2: RIKEN P-VS1 ID-7082 from Mouse_Macrophage_WT_N_F1AA,[M+H]+,null,1.00,False,9.900,663.45538,null,Unknown,null,null,530,False,True,False,Normalized unit: Intensity; Annotation method: Msp20260116160945_NCDK_conventional_converted_dev_1,False,False,88,0,0.00,0.97,null,null,null,-1.00,-1.00,-0.144,6186.10,P Sandie 50 Serum 3_GD1_01_66552,663.45361:1113452 664.45828:503584 665.46295:116366,null,9994590,11112662,10948103,10248939,10576073.4238125,538972.261752322
89,36.471,663.56964,no MS2: RIKEN P-VS1 ID-7095 from Mouse_Muscle_WT_CTX0_Ctr,[M+H]+,null,1.00,False,12.100,663.56897,null,Unknown,null,null,530,False,True,False,Normalized unit: Intensity; Annotation method: Msp20260116160945_NCDK_conventional_converted_dev_1,False,False,89,0,0.00,1.00,null,null,null,-1.00,-1.00,-0.129,2087.93,P Sandie 50 Serum 1_GD1_01_66550,663.56879:473542 664.57345:228014 665.57812:54126,null,2524438,2552674,2633746,2624261,2583779.84446874,53617.358723455
90,38.421,664.60101,no MS2: SE 28:2/17:2,[M+NH4]+,null,1.00,False,14.133,664.60272,C45H74O2,BRSE,YNGVKVHZBTYWFJ-UHFFFAOYSA-N,O=C(OC1CC2=CCC3C(CCC4(C)C(CCC34)C(C=CC(C)C(C)C)C)C2(C)CC1)CCCCCCCC=CCC=CCCCC,530,False,True,False,Normalized unit: Intensity; Annotation method: Msp20260116160945_NCDK_conventional_converted_dev_1,False,False,90,0,0.00,1.00,null,null,null,-1.00,-1.00,-0.143,29427.21,P Sandie 50 Serum 2_GD1_01_66551,664.60248:5124256 665.60715:2483586 666.61181:571904,null,23452408,23368116,23966532,24127964,23728754.5660624,375203.927462199
91,38.421,664.74463,Unknown,[M+2H]2+,null,1.00,False,null,null,null,null,null,null,999,False,False,False,Normalized unit: Intensity,False,False,91,0,0.00,null,null,null,null,null,null,null,588.48,P Sandie 50 Serum 4_GD1_01_66553,664.74463:98114 665.74930:36220 666.75396:2630,null,350686,350294,355913,362174,354766.841968748,5563.06756505657
92,38.421,664.85150,Unknown,[M+H]+,null,1.00,False,null,null,null,null,null,null,999,False,False,False,Normalized unit: Intensity,False,False,92,0,0.00,null,null,null,null,null,null,null,394.90,P Sandie 50 Serum 4_GD1_01_66553,664.85150:86912 665.85617:40250 666.86084:2366,null,298458,295263,312454,319332,306376.541921874,11416.2700096242
93,38.986,666.61896,no MS2: SE 28:2/17:1,[M+NH4]+,null,1.00,False,14.759,666.61841,C45H76O2,BRSE,KZVQJMDFHGPLAH-UHFFFAOYSA-N,O=C(OC1CC2=CCC3C(CCC4(C)C(CCC34)C(C=CC(C)C(C)C)C)C2(C)CC1)CCCCCCCC=CCCCCCCC,530,False,True,False,Normalized unit: Intensity; Annotation method: Msp20260116160945_NCDK_conventional_converted_dev_1,False,False,93,0,0.00,1.00,null,null,null,-1.00,-1.00,-0.144,96876.95,P Sandie 50 Serum 3_GD1_01_66552,666.61804:10362658 667.62271:5849766 668.62738:1331092,null,86226035,87500914,86437399,86808476,86743206.0227504,559572.982593649
94,38.986,666.75977,Unknown,[M+2H]2+,null,1.00,False,null,null,null,null,null,null,999,False,False,False,Normalized unit: Intensity,False,False,94,0,0.00,null,null,null,null,null,null,null,1956.41,P Sandie 50 Serum 4_GD1_01_66553,666.75977:203404 667.76443:100566 668.76910:6634,null,1577900,1602141,1574886,1646621,1600387.14857813,33149.5047409555
95,38.986,666.87067,Unknown,[M+H]+,null,1.00,False,null,null,null,null,null,null,999,False,False,False,Normalized unit: Intensity,False,False,95,0,0.00,null,null,null,null,null,null,null,1391.71,P Sandie 50 Serum 3_GD1_01_66552,666.87067:171776 667.87533:103488 668.88000:6792,null,1344475,1366722,1361442,1373804,1361610.94628126,12495.9389687331
96,38.986,666.98248,Unknown,[M+H]+,null,1.00,False,null,null,null,null,null,null,999,False,False,False,Normalized unit: Intensity,False,False,96,0,0.00,null,null,null,null,null,null,null,692.78,P Sandie 50 Serum 4_GD1_01_66553,666.98248:72642 667.98715:14326 668.99182:0,null,435294,454855,478811,500761,467430.270078128,28468.2931998928
97,39.387,668.63318,no MS2: SE 28:2/17:0,[M+NH4]+,null,1.00,False,14.709,668.63397,C45H78O2,BRSE,JRHOHGAECXXOMB-UHFFFAOYSA-N,O=C(OC1CC2=CCC3C(CCC4(C)C(CCC34)C(C=CC(C)C(C)C)C)C2(C)CC1)CCCCCCCCCCCCCCCC,530,False,True,False,Normalized unit: Intensity; Annotation method: Msp20260116160945_NCDK_conventional_converted_dev_1,False,False,97,0,0.00,0.99,null,null,null,-1.00,-1.00,-0.145,2108.85,P Sandie 50 Serum 1_GD1_01_66550,668.63330:192958 669.63797:99530 670.64264:23604,null,834284,841836,835310,843182,838652.830296875,4505.63487854006
98,39.696,668.63354,no MS2: SE 28:2/17:0,[M+NH4]+,null,1.00,False,14.709,668.63397,C45H78O2,BRSE,JRHOHGAECXXOMB-UHFFFAOYSA-N,O=C(OC1CC2=CCC3C(CCC4(C)C(CCC34)C(C=CC(C)C(C)C)C)C2(C)CC1)CCCCCCCCCCCCCCCC,530,False,True,False,Normalized unit: Intensity; Annotation method: Msp20260116160945_NCDK_conventional_converted_dev_1,False,False,98,0,0.00,1.00,null,null,null,-1.00,-1.00,-0.143,62592.04,P Sandie 50 Serum 1_GD1_01_66550,668.63379:3905598 669.63846:2008126 670.64312:456344,null,31752871,33090479,33311888,33232001,32846809.6865001,735016.161239949
99,39.696,668.77728,Unknown,[M+2H]2+,null,1.00,False,null,null,null,null,null,null,999,False,False,False,Normalized unit: Intensity,False,False,99,0,0.00,null,null,null,null,null,null,null,658.18,P Sandie 50 Serum 2_GD1_01_66551,668.77728:85036 669.78195:24182 670.78662:1842,null,544441,585124,497868,509182,534153.503015627,39344.726624438
100,39.696,668.88263,Unknown,[M+H]+,null,1.00,False,null,null,null,null,null,null,999,False,False,False,Normalized unit: Intensity,False,False,100,0,0.00,null,null,null,null,null,null,null,500.80,P Sandie 50 Serum 2_GD1_01_66551,668.88263:69214 669.88730:19954 670.89196:1702,null,474787,490604,475228,480048,480166.652671877,7354.75740445884
101,38.429,669.55652,no MS2: SE 28:4/17:0,[M+Na]+,null,1.00,False,14.344,669.55811,C45H74O2,DEGSE,SMBKRNCNALQNLI-UHFFFAOYSA-N,O=C(OC1CC2=CC=C3C(=CCC4(C)C3CCC4C(C=CC(C)C(C)C)C)C2(C)CC1)CCCCCCCCCCCCCCCC,530,False,True,False,Normalized unit: Intensity; Annotation method: Msp20260116160945_NCDK_conventional_converted_dev_1,False,False,101,0,0.00,1.00,null,null,null,-1.00,-1.00,-0.144,1968.43,P Sandie 50 Serum 2_GD1_01_66551,669.55774:263996 670.56241:130058 671.56707:31962,null,1592858,1629590,1592994,1617364,1608201.38192187,18331.4106372791
102,39.677,669.62842,Unknown,[M+H]+,null,0.25,False,null,null,null,null,null,null,999,False,False,False,Normalized unit: Intensity,False,False,102,0,0.00,null,null,null,null,null,null,null,21179.60,P Sandie 50 Serum 4_GD1_01_66553,669.62842:2056886 670.63309:484014 671.63775:78414,null,17143978,17520087,17454565,17297965,17354148.448,168272.98242653
103,33.077,670.61084,no MS2: Cer 42:2;O2|Cer 12:0;O2/30:2,[M+Na]+,null,1.00,False,12.872,670.61090,C42H81NO3,Cer_NDS,CMHCVSKJSNVGPX-UHFFFAOYSA-N,O=C(NC(CO)C(O)CCCCCCCCC)CCCCCCCCCCCCCCCCCC=CCC=CCCCCCCC,530,False,True,False,Normalized unit: Intensity; Annotation method: Msp20260116160945_NCDK_conventional_converted_dev_1,False,False,103,0,0.00,1.00,null,null,null,-1.00,-1.00,-0.143,704.27,P Sandie 50 Serum 4_GD1_01_66553,670.61084:73116 671.61551:32382 672.62018:9140,null,438551,431630,470474,470941,452898.938609375,20757.5655477727
104,40.623,670.64856,no MS2: SE 28:1/17:0,[M+NH4]+,null,1.00,False,15.099,670.64972,C45H80O2,CASE,VQOOUCOARUDCMH-UHFFFAOYSA-N,O=C(OC1CC2=CCC3C(CCC4(C)C(CCC34)C(C)CCC(C)C(C)C)C2(C)CC1)CCCCCCCCCCCCCCCC,530,False,True,False,Normalized unit: Intensity; Annotation method: Msp20260116160945_NCDK_conventional_converted_dev_1,False,False,104,0,0.00,1.00,null,null,null,-1.00,-1.00,-0.143,6563.05,P Sandie 50 Serum 1_GD1_01_66550,670.64972:359562 671.65439:181832 672.65905:44748,null,2251324,2238360,2279508,2218878,2247017.28735938,25435.8006413462
105,38.991,671.57397,no MS2: SE 28:3/17:0,[M+Na]+,null,1.00,False,14.427,671.57379,C45H76O2,EGSE,VGUZMPDGGYQYST-UHFFFAOYSA-N,O=C(OC1CC2=CC=C3C(CCC4(C)C3CCC4C(C=CC(C)C(C)C)C)C2(C)CC1)CCCCCCCCCCCCCCCC,530,False,True,False,Normalized unit: Intensity; Annotation method: Msp20260116160945_NCDK_conventional_converted_dev_1,False,False,105,0,0.00,1.00,null,null,null,-1.00,-1.00,-0.143,4307.01,P Sandie 50 Serum 1_GD1_01_66550,671.57385:285074 672.57852:144072 673.58319:34922,null,3553109,3743954,3458087,3462858,3554501.87907814,133652.002862397
106,36.001,671.57507,no MS2: SE 28:3/17:0,[M+Na]+,null,1.00,False,14.427,671.57379,C45H76O2,EGSE,VGUZMPDGGYQYST-UHFFFAOYSA-N,O=C(OC1CC2=CC=C3C(CCC4(C)C3CCC4C(C=CC(C)C(C)C)C)C2(C)CC1)CCCCCCCCCCCCCCCC,530,False,True,False,Normalized unit: Intensity; Annotation method: Msp20260116160945_NCDK_conventional_converted_dev_1,False,False,106,0,0.00,1.00,null,null,null,-1.00,-1.00,-0.144,1524.10,P Sandie 50 Serum 1_GD1_01_66550,671.57422:149120 672.57889:75096 673.58355:20290,null,1449573,1441629,1515071,1475866,1470534.7446875,33099.90476639
107,38.225,671.57611,no MS2: SE 28:4/19:2,[M+H]+,null,1.00,False,14.218,671.57617,C47H74O2,DEGSE,ZJTNNWFGVBBRTO-UHFFFAOYSA-N,O=C(OC1CC2=CC=C3C(=CCC4(C)C3CCC4C(C=CC(C)C(C)C)C)C2(C)CC1)CCCCCCCC=CCC=CCCCCCC,530,False,True,False,Normalized unit: Intensity; Annotation method: Msp20260116160945_NCDK_conventional_converted_dev_1,False,False,107,0,0.00,1.00,null,null,null,-1.00,-1.00,-0.143,852.93,P Sandie 50 Serum 2_GD1_01_66551,671.57611:102180 672.58078:49368 673.58545:12246,null,390062,389405,390038,398444,391987.4134375,4314.91990151047
108,34.761,672.62634,no MS2: Cer 42:1;O2|Cer 12:0;O2/30:1,[M+Na]+,null,1.00,False,13.093,672.62653,C42H83NO3,Cer_NDS,DGPMLOUFNUIKOS-UHFFFAOYSA-N,O=C(NC(CO)C(O)CCCCCCCCC)CCCCCCCCCCCCCCCCCCCC=CCCCCCCCC,530,False,True,False,Normalized unit: Intensity; Annotation method: Msp20260116160945_NCDK_conventional_converted_dev_1,False,False,108,0,0.00,1.00,null,null,null,-1.00,-1.00,-0.143,1506.37,P Sandie 50 Serum 3_GD1_01_66552,672.62634:165164 673.63101:75542 674.63568:17838,null,1092526,1086149,1093035,1103901,1093902.85139062,7364.76857971256
109,39.687,673.58899,no MS2: VAE 25:0,[M+Na]+,null,1.00,False,14.642,673.58942,C45H78O2,VAE,HJYFPBYXTPMOIB-UHFFFAOYSA-N,O=C(OCC=C(C=CC=C(C=CC1=C(C)CCCC1(C)C)C)C)CCCCCCCCCCCCCCCCCCCCCCCC,530,False,True,False,Normalized unit: Intensity; Annotation method: Msp20260116160945_NCDK_conventional_converted_dev_1,False,False,109,0,0.00,1.00,null,null,null,-1.00,-1.00,-0.143,3767.91,P Sandie 50 Serum 1_GD1_01_66550,673.58936:311958 674.59402:153672 675.59869:35390,null,2975456,3234736,2886816,2926426,3005858.33160938,156832.956628215
110,38.747,673.59027,no MS2: SE 28:4/19:1,[M+H]+,null,1.00,False,14.541,673.59180,C47H76O2,DEGSE,MGDBSUWQPQWINH-UHFFFAOYSA-N,O=C(OC1CC2=CC=C3C(=CCC4(C)C3CCC4C(C=CC(C)C(C)C)C)C2(C)CC1)CCCCCCCC=CCCCCCCCCC,530,False,True,False,Normalized unit: Intensity; Annotation method: Msp20260116160945_NCDK_conventional_converted_dev_1,False,False,110,0,0.00,1.00,null,null,null,-1.00,-1.00,-0.143,3677.26,P Sandie 50 Serum 1_GD1_01_66550,673.59161:265378 674.59628:136428 675.60095:33642,null,1624005,1651315,1637884,1680644,1648462.14509375,24179.0808843384
111,20.179,675.54376,no MS2: SM 32:1;O2|SM 12:1;O2/20:0,[M+H]+,null,1.00,False,8.381,675.54358,C37H75N2O6P,SM,WVZYDPLIGWKWEU-UHFFFAOYSA-N,O=C(NC(COP(=O)([O-])OCC[N+](C)(C)C)C(O)C=CCCCCCCC)CCCCCCCCCCCCCCCCCCC,530,False,True,False,Normalized unit: Intensity; Annotation method: Msp20260116160945_NCDK_conventional_converted_dev_1,False,False,111,0,0.00,1.00,null,null,null,-1.00,-1.00,-0.143,5030.67,P Sandie 50 Serum 3_GD1_01_66552,675.54376:474058 676.54843:186482 677.55310:40056,null,4742381,4837862,5147572,5044072,4942971.68820313,185622.351918887
112,40.623,675.60571,no MS2: SE 28:4/19:0,[M+Na]+,null,1.00,False,14.422,675.60748,C47H78O2,DEGSE,AHNVWZPGFDBTCX-UHFFFAOYSA-N,O=C(OC1CC2=CC=C3C(=CCC4(C)C3CCC4C(C=CC(C)C(C)C)C)C2(C)CC1)CCCCCCCCCCCCCCCCCC,530,False,True,False,Normalized unit: Intensity; Annotation method: Msp20260116160945_NCDK_conventional_converted_dev_1,False,False,112,0,0.00,0.97,null,null,null,-1.00,-1.00,-0.160,1131.94,P Sandie 50 Serum 2_GD1_01_66551,675.60571:107770 676.61038:54248 677.61505:13494,null,712086,737880,720485,717609,722015.128312501,11135.9574034888
113,38.649,678.61658,no MS2: SE 28:2/18:2,[M+NH4]+,null,0.50,False,14.362,678.61841,C46H76O2,BRSE,HVPLUXLFGSCIOU-UHFFFAOYSA-N,O=C(OC1CC2=CCC3C(CCC4(C)C(CCC34)C(C=CC(C)C(C)C)C)C2(C)CC1)CCCCCCCC=CCC=CCCCCC,530,False,True,False,Normalized unit: Intensity; Annotation method: Msp20260116160945_NCDK_conventional_converted_dev_1,False,False,113,0,0.00,0.96,null,null,null,-1.00,-1.00,-0.161,249.09,P Sandie 50 Serum 4_GD1_01_66553,678.61658:99852 679.62124:49800 680.62591:12266,null,331641,336209,362801,368012,349665.818546875,18394.7466250953
114,27.520,680.47894,no MS2: RIKEN P-VS1 ID-7491 from Mouse_Macrophage_WT_N_F1AA,[M+H]+,null,1.00,False,9.910,680.48163,null,Unknown,null,null,530,False,True,False,Normalized unit: Intensity; Annotation method: Msp20260116160945_NCDK_conventional_converted_dev_1,False,False,114,0,0.00,0.98,null,null,null,-1.00,-1.00,-0.138,3624.61,P Sandie 50 Serum 3_GD1_01_66552,680.48022:685786 681.48489:324420 682.48956:79268,null,6446916,7239173,6985496,6517749,6797333.40764064,379291.904478315
115,39.369,680.63312,no MS2: SE 28:2/18:1,[M+NH4]+,null,1.00,False,14.736,680.63397,C46H78O2,BRSE,CGYFMWDHSCHCSL-UHFFFAOYSA-N,O=C(OC1CC2=CCC3C(CCC4(C)C(CCC34)C(C=CC(C)C(C)C)C)C2(C)CC1)CCCCCCCC=CCCCCCCCC,530,False,True,False,Normalized unit: Intensity; Annotation method: Msp20260116160945_NCDK_conventional_converted_dev_1,False,False,115,0,0.00,1.00,null,null,null,-1.00,-1.00,-0.145,4444.26,P Sandie 50 Serum 2_GD1_01_66551,680.63330:417362 681.63797:209946 682.64264:52280,null,1692891,1687980,1699906,1712090,1698216.76773437,10463.6356020642
116,38.734,681.62805,Unknown,[M+H]+,null,1.00,False,null,null,null,null,null,null,999,False,False,False,Normalized unit: Intensity,False,False,116,0,0.00,null,null,null,null,null,null,null,1513.53,P Sandie 50 Serum 3_GD1_01_66552,681.62805:87516 682.63272:43522 683.63739:11064,null,563835,600895,619746,602473,596737.61421875,23538.2628930244
117,37.202,682.61127,no MS2: Cer 43:3;O2|Cer 13:0;O2/30:3,[M+Na]+,null,1.00,False,12.806,682.61090,C43H81NO3,Cer_NDS,YUVLLUVJYGDHFD-UHFFFAOYSA-N,O=C(NC(CO)C(O)CCCCCCCCCC)CCCCCCCCCCCCCCC=CCC=CCC=CCCCCCCC,530,False,True,False,Normalized unit: Intensity; Annotation method: Msp20260116160945_NCDK_conventional_converted_dev_1,False,False,117,0,0.00,1.00,null,null,null,-1.00,-1.00,-0.144,633.14,P Sandie 50 Serum 4_GD1_01_66553,682.61127:90776 683.61593:44816 684.62060:11610,null,355614,353668,358574,360179,357008.790406251,2921.44522164555
118,40.153,682.64673,no MS2: SE 28:2/18:0,[M+NH4]+,null,1.00,False,15.100,682.64972,C46H80O2,BRSE,VFULYKUWZVCBNO-UHFFFAOYSA-N,O=C(OC1CC2=CCC3C(CCC4(C)C(CCC34)C(C=CC(C)C(C)C)C)C2(C)CC1)CCCCCCCCCCCCCCCCC,530,False,True,False,Normalized unit: Intensity; Annotation method: Msp20260116160945_NCDK_conventional_converted_dev_1,False,False,118,0,0.00,1.00,null,null,null,-1.00,-1.00,-0.144,1009.17,P Sandie 50 Serum 2_GD1_01_66551,682.64935:65080 683.65402:33818 684.65869:7746,null,438247,433161,436076,437657,436285.513687499,2275.48706800634
119,39.539,683.64392,Unknown,[M+H]+,null,1.00,False,null,null,null,null,null,null,999,False,False,False,Normalized unit: Intensity,False,False,119,0,0.00,null,null,null,null,null,null,null,5957.14,P Sandie 50 Serum 3_GD1_01_66552,683.64392:303456 684.64859:159042 685.65326:38344,null,2423446,2465031,2526231,2517632,2483085.26189063,48089.4955736724
120,27.524,685.43433,no MS2: SM 32:7;O2,[M+Na]+,null,1.00,False,6.300,685.43158,C37H63N2O6P,SM,XKTXCUCZGOGZTL-UHFFFAOYSA-N,O=C(NC(COP(=O)([O-])OCC[N+](C)(C)C)C(O)C=CCCC=CCCC)CCCC=CCC=CCC=CCC=CCC=CCC,530,False,True,False,Normalized unit: Intensity; Annotation method: Msp20260116160945_NCDK_conventional_converted_dev_1,False,False,120,0,0.00,0.92,null,null,null,-1.00,-1.00,-0.181,1445.12,P Sandie 50 Serum 4_GD1_01_66553,685.43433:225826 686.43899:105718 687.44366:25802,null,2340605,2590757,2518246,2243871,2423369.58728125,159258.52151225
121,36.458,685.55188,no MS2: BA 24:1;O3;G/16:2,[M+NH4]+,null,1.00,False,8.416,685.55139,C42H69NO5,GLCAE,LXMQNVPHLGGKBS-UHFFFAOYSA-N,O=C(O)CNC(=O)CCC(C)C1CCC2C3CCC4CC(OC(=O)CCCCCCCC=CCC=CCCC)CCC4(C)C3CCC12C,530,False,True,False,Normalized unit: Intensity; Annotation method: Msp20260116160945_NCDK_conventional_converted_dev_1,False,False,121,0,0.00,1.00,null,null,null,-1.00,-1.00,-0.143,862.69,P Sandie 50 Serum 2_GD1_01_66551,685.55145:165412 686.55612:75562 687.56079:36778,null,1121330,873849,919492,931594,961566.204156247,109372.846926478
122,35.092,685.55225,no MS2: BA 24:1;O3;G/16:2,[M+NH4]+,null,1.00,False,8.416,685.55139,C42H69NO5,GLCAE,LXMQNVPHLGGKBS-UHFFFAOYSA-N,O=C(O)CNC(=O)CCC(C)C1CCC2C3CCC4CC(OC(=O)CCCCCCCC=CCC=CCCC)CCC4(C)C3CCC12C,530,False,True,False,Normalized unit: Intensity; Annotation method: Msp20260116160945_NCDK_conventional_converted_dev_1,False,False,122,0,0.00,1.00,null,null,null,-1.00,-1.00,-0.143,752.81,P Sandie 50 Serum 1_GD1_01_66550,685.55121:117280 686.55588:56234 687.56054:14270,null,1307703,1308364,1344178,1323883,1321032.25392188,17146.5668633628
123,35.884,687.56763,no MS2: BA 24:1;O3;G/16:1,[M+NH4]+,null,1.00,False,8.768,687.56702,C42H71NO5,GLCAE,WFFMHKJPNDEUHA-UHFFFAOYSA-N,O=C(O)CNC(=O)CCC(C)C1CCC2C3CCC4CC(OC(=O)CCCCCCCC=CCCCCCC)CCC4(C)C3CCC12C,530,False,True,False,Normalized unit: Intensity; Annotation method: Msp20260116160945_NCDK_conventional_converted_dev_1,False,False,123,0,0.00,1.00,null,null,null,-1.00,-1.00,-0.143,6258.68,P Sandie 50 Serum 1_GD1_01_66550,687.56696:563830 688.57162:271590 689.57629:65226,null,4696823,4774564,4788322,4791410,4762779.73704687,44576.7574431196
124,35.440,687.56842,no MS2: BA 24:1;O3;G/16:1,[M+NH4]+,null,1.00,False,8.768,687.56702,C42H71NO5,GLCAE,WFFMHKJPNDEUHA-UHFFFAOYSA-N,O=C(O)CNC(=O)CCC(C)C1CCC2C3CCC4CC(OC(=O)CCCCCCCC=CCCCCCC)CCC4(C)C3CCC12C,530,False,True,False,Normalized unit: Intensity; Annotation method: Msp20260116160945_NCDK_conventional_converted_dev_1,False,False,124,0,0.00,1.00,null,null,null,-1.00,-1.00,-0.143,2762.86,P Sandie 50 Serum 4_GD1_01_66553,687.56720:267868 688.57187:136580 689.57654:32350,null,1806752,1843914,1865223,1853659,1842387.23664062,25303.1917348922
125,38.225,688.60126,no MS2: SE 28:2/19:4,[M+NH4]+,null,1.00,False,13.944,688.60272,C47H74O2,BRSE,ZNKOFJNOJYEHQU-UHFFFAOYSA-N,O=C(OC1CC2=CCC3C(CCC4(C)C(CCC34)C(C=CC(C)C(C)C)C)C2(C)CC1)CCCCCC=CCC=CCC=CCC=CCC,530,False,True,False,Normalized unit: Intensity; Annotation method: Msp20260116160945_NCDK_conventional_converted_dev_1,False,False,125,0,0.00,1.00,null,null,null,-1.00,-1.00,-0.145,34924.06,P Sandie 50 Serum 2_GD1_01_66551,688.60205:3622334 689.60672:1823508 690.61139:467402,null,13370745,13202089,13848020,13778254,13549776.7620781,313097.527636462
126,21.789,689.55914,no MS2: SM 33:1;O2|SM 12:1;O2/21:0,[M+H]+,null,1.00,False,8.656,689.55920,C38H77N2O6P,SM,REEYJRIAQSUMNO-UHFFFAOYSA-N,O=C(NC(COP(=O)([O-])OCC[N+](C)(C)C)C(O)C=CCCCCCCC)CCCCCCCCCCCCCCCCCCCC,530,False,True,False,Normalized unit: Intensity; Annotation method: Msp20260116160945_NCDK_conventional_converted_dev_1,False,False,126,0,0.00,1.00,null,null,null,-1.00,-1.00,-0.143,3296.59,P Sandie 50 Serum 3_GD1_01_66552,689.55914:294726 690.56381:117696 691.56848:26122,null,2805503,2827318,3054630,2957597,2911261.96604688,116808.848714197
127,38.747,690.61682,no MS2: SE 28:2/19:3,[M+NH4]+,null,1.00,False,14.517,690.61841,C47H76O2,BRSE,YTEYFXJGUXEGQA-UHFFFAOYSA-N,O=C(OC1CC2=CCC3C(CCC4(C)C(CCC34)C(C=CC(C)C(C)C)C)C2(C)CC1)CCCCCCCCC=CCC=CCC=CCC,530,False,True,False,Normalized unit: Intensity; Annotation method: Msp20260116160945_NCDK_conventional_converted_dev_1,False,False,127,0,0.00,1.00,null,null,null,-1.00,-1.00,-0.143,85491.90,P Sandie 50 Serum 1_GD1_01_66550,690.61823:7924372 691.62289:4173434 692.62756:981934,null,49367704,50072610,50636730,50883236,50240070.0493593,673317.010963503
128,38.743,690.76239,Unknown,[M+2H]2+,null,1.00,False,null,null,null,null,null,null,999,False,False,False,Normalized unit: Intensity,False,False,128,0,0.00,null,null,null,null,null,null,null,1342.18,P Sandie 50 Serum 4_GD1_01_66553,690.76239:163622 691.76706:84914 692.77173:6100,null,862893,870229,875496,909679,879574.345828123,20724.4858800801
129,38.747,690.87244,Unknown,[M+H]+,null,1.00,False,null,null,null,null,null,null,999,False,False,False,Normalized unit: Intensity,False,False,129,0,0.00,null,null,null,null,null,null,null,1120.16,P Sandie 50 Serum 4_GD1_01_66553,690.87244:147774 691.87710:77722 692.88177:3594,null,777900,781535,809585,824133,798288.065124998,22300.1403759609
130,38.429,691.61212,Unknown,[M+H]+,null,1.00,False,null,null,null,null,null,null,999,False,False,False,Normalized unit: Intensity,False,False,130,0,0.00,null,null,null,null,null,null,null,4130.15,P Sandie 50 Serum 4_GD1_01_66553,691.61212:401120 692.61679:210184 693.62146:51900,null,2129643,2195704,2171818,2177224,2168597.11037499,27910.598124738
131,39.230,692.63190,no MS2: SE 28:2/19:2,[M+NH4]+,null,1.00,False,14.462,692.63397,C47H78O2,BRSE,UDQMRBUAOHSUHM-UHFFFAOYSA-N,O=C(OC1CC2=CCC3C(CCC4(C)C(CCC34)C(C=CC(C)C(C)C)C)C2(C)CC1)CCCCCCCC=CCC=CCCCCCC,530,False,True,False,Normalized unit: Intensity; Annotation method: Msp20260116160945_NCDK_conventional_converted_dev_1,False,False,131,0,0.00,1.00,null,null,null,-1.00,-1.00,-0.143,19388.32,P Sandie 50 Serum 2_GD1_01_66551,692.63367:1698896 693.63833:863400 694.64300:232894,null,7940400,7962602,8012637,8299114,8053688.40232817,166383.153619656
132,38.221,693.55768,no MS2: SE 28:4/19:2,[M+Na]+,null,1.00,False,14.218,693.55811,C47H74O2,DEGSE,ZJTNNWFGVBBRTO-UHFFFAOYSA-N,O=C(OC1CC2=CC=C3C(=CCC4(C)C3CCC4C(C=CC(C)C(C)C)C)C2(C)CC1)CCCCCCCC=CCC=CCCCCCC,530,False,True,False,Normalized unit: Intensity; Annotation method: Msp20260116160945_NCDK_conventional_converted_dev_1,False,False,132,0,0.00,1.00,null,null,null,-1.00,-1.00,-0.144,2209.64,P Sandie 50 Serum 2_GD1_01_66551,693.55768:256364 694.56235:130020 695.56701:30832,null,1173560,1175664,1163569,1183712,1174126.18192188,8286.84722230795
133,39.004,693.62964,Unknown,[M+H]+,null,1.00,False,null,null,null,null,null,null,999,False,False,False,Normalized unit: Intensity,False,False,133,0,0.00,null,null,null,null,null,null,null,4037.55,P Sandie 50 Serum 2_GD1_01_66551,693.62964:259888 694.63431:133442 695.63897:30678,null,2870169,2949201,2848402,2879210,2886745.58829688,43598.5538338341
134,39.957,694.64709,no MS2: SE 28:2/19:1,[M+NH4]+,null,1.00,False,15.181,694.64972,C47H80O2,BRSE,QTNZXJRFGQVHFQ-UHFFFAOYSA-N,O=C(OC1CC2=CCC3C(CCC4(C)C(CCC34)C(C=CC(C)C(C)C)C)C2(C)CC1)CCCCCCCC=CCCCCCCCCC,530,False,True,False,Normalized unit: Intensity; Annotation method: Msp20260116160945_NCDK_conventional_converted_dev_1,False,False,134,0,0.00,1.00,null,null,null,-1.00,-1.00,-0.145,1205.25,P Sandie 50 Serum 2_GD1_01_66551,694.64905:94256 695.65372:50884 696.65838:13458,null,432444,429792,445178,441893,437326.816171878,7373.59402801524
135,39.783,694.64722,no MS2: SE 28:2/19:1,[M+NH4]+,null,1.00,False,15.181,694.64972,C47H80O2,BRSE,QTNZXJRFGQVHFQ-UHFFFAOYSA-N,O=C(OC1CC2=CCC3C(CCC4(C)C(CCC34)C(C=CC(C)C(C)C)C)C2(C)CC1)CCCCCCCC=CCCCCCCCCC,530,False,True,False,Normalized unit: Intensity; Annotation method: Msp20260116160945_NCDK_conventional_converted_dev_1,False,False,135,0,0.00,0.99,null,null,null,-1.00,-1.00,-0.147,2684.37,P Sandie 50 Serum 2_GD1_01_66551,694.64886:243462 695.65353:202488 696.65820:72252,null,898590,897287,894428,917042,901836.974437498,10284.8763741929
136,38.751,695.57330,no MS2: SE 28:4/19:1,[M+Na]+,null,1.00,False,14.541,695.57379,C47H76O2,DEGSE,MGDBSUWQPQWINH-UHFFFAOYSA-N,O=C(OC1CC2=CC=C3C(=CCC4(C)C3CCC4C(C=CC(C)C(C)C)C)C2(C)CC1)CCCCCCCC=CCCCCCCCCC,530,False,True,False,Normalized unit: Intensity; Annotation method: Msp20260116160945_NCDK_conventional_converted_dev_1,False,False,136,0,0.00,1.00,null,null,null,-1.00,-1.00,-0.143,2850.31,P Sandie 50 Serum 1_GD1_01_66550,695.57349:247782 696.57815:129176 697.58282:31620,null,1905650,2014558,1907716,1933252,1940293.9795625,51075.7487376778
137,39.648,695.64478,Unknown,[M+H]+,null,1.00,False,null,null,null,null,null,null,999,False,False,False,Normalized unit: Intensity,False,False,137,0,0.00,null,null,null,null,null,null,null,4124.00,P Sandie 50 Serum 2_GD1_01_66551,695.64478:340284 696.64944:174818 697.65411:43880,null,1382206,1356298,1245522,1301819,1321461.30265625,60707.1538014377
138,20.179,697.52594,no MS2: SM 32:1;O2,[M+Na]+,null,1.00,False,8.381,697.52551,C37H75N2O6P,SM,WVZYDPLIGWKWEU-UHFFFAOYSA-N,O=C(NC(COP(=O)([O-])OCC[N+](C)(C)C)C(O)C=CCCCCCCC)CCCCCCCCCCCCCCCCCCC,530,False,True,False,Normalized unit: Intensity; Annotation method: Msp20260116160945_NCDK_conventional_converted_dev_1,False,False,138,0,0.00,1.00,null,null,null,-1.00,-1.00,-0.144,1889.62,P Sandie 50 Serum 2_GD1_01_66551,697.52515:239908 698.52981:100298 699.53448:20034,null,2629228,2659089,2827596,2821410,2734330.64098438,104863.511480574
139,39.230,697.58942,no MS2: SE 28:4/19:0,[M+Na]+,null,1.00,False,14.422,697.58942,C47H78O2,DEGSE,AHNVWZPGFDBTCX-UHFFFAOYSA-N,O=C(OC1CC2=CC=C3C(=CCC4(C)C3CCC4C(C=CC(C)C(C)C)C)C2(C)CC1)CCCCCCCCCCCCCCCCCC,530,False,True,False,Normalized unit: Intensity; Annotation method: Msp20260116160945_NCDK_conventional_converted_dev_1,False,False,139,0,0.00,1.00,null,null,null,-1.00,-1.00,-0.143,582.23,P Sandie 50 Serum 2_GD1_01_66551,697.58942:109166 698.59408:54814 699.59875:14858,null,544123,550629,510068,531251,534017.672109378,17882.0733613149
140,14.329,697.65649,no MS2: RIKEN P-VS1 ID-7906 from Mouse_Macrophage_WT_N_F1AA,[M+H]+,null,0.50,False,7.850,697.65942,null,Unknown,null,null,530,False,True,False,Normalized unit: Intensity; Annotation method: Msp20260116160945_NCDK_conventional_converted_dev_1,False,False,140,0,0.00,0.95,null,null,null,-1.00,-1.00,-0.153,719.55,P Sandie 50 Serum 1_GD1_01_66550,697.65710:64300 698.66177:31584 699.66644:8422,null,424045,347348,451616,372225,398808.382390624,47540.5126013894
141,40.623,697.66193,no MS2: RIKEN P-VS1 ID-7906 from Mouse_Macrophage_WT_N_F1AA,[M+H]+,null,1.00,False,7.850,697.65942,null,Unknown,null,null,530,False,True,False,Normalized unit: Intensity; Annotation method: Msp20260116160945_NCDK_conventional_converted_dev_1,False,False,141,0,0.00,1.00,null,null,null,-1.00,-1.00,-0.129,609.17,P Sandie 50 Serum 4_GD1_01_66553,697.65961:85978 698.66427:40312 699.66894:9846,null,590813,621445,591161,607549,602742.14278125,14711.9086562358
142,21.154,701.55688,no MS2: SM 34:2;O2|SM 12:1;O2/22:1,[M+H]+,null,1.00,False,8.555,701.55920,C39H77N2O6P,SM,VYDHYGBBAHKWKG-UHFFFAOYSA-N,O=C(NC(COP(=O)([O-])OCC[N+](C)(C)C)C(O)C=CCCCCCCC)CCCCCCCCCCCC=CCCCCCCCC,530,False,True,False,Normalized unit: Intensity; Annotation method: Msp20260116160945_NCDK_conventional_converted_dev_1,False,False,142,0,0.00,1.00,null,null,null,-1.00,-1.00,-0.143,5392.32,P Sandie 50 Serum 3_GD1_01_66552,701.55945:832724 702.56412:364696 703.56878:86532,null,9029063,9038871,9281725,9123920,9118394.51973438,116920.812238694
143,35.744,703.56335,no MS2: BA 24:1;O4;G/16:1,[M+NH4]+,null,1.00,False,7.779,703.56201,C42H71NO6,GDCAE,CJCUCDWRGAZUGG-UHFFFAOYSA-N,O=C(O)CNC(=O)CCC(C)C1CCC2C3CCC4CC(OC(=O)CCCCCCCC=CCCCCCC)CCC4(C)C3CC(O)C12C,530,False,True,False,Normalized unit: Intensity; Annotation method: Msp20260116160945_NCDK_conventional_converted_dev_1,False,False,143,0,0.00,1.00,null,null,null,-1.00,-1.00,-0.143,2462.67,P Sandie 50 Serum 1_GD1_01_66550,703.56177:313570 704.56644:147124 705.57110:38016,null,2103513,2120147,2105991,2102778,2108107.31901563,8143.57284806397
144,23.329,703.57526,no MS2: SM 34:1;O2|SM 12:1;O2/22:0,[M+H]+,null,1.00,False,8.929,703.57489,C39H79N2O6P,SM,ASWNCHFNKSPKBK-UHFFFAOYSA-N,O=C(NC(COP(=O)([O-])OCC[N+](C)(C)C)C(O)C=CCCCCCCC)CCCCCCCCCCCCCCCCCCCCC,530,False,True,False,Normalized unit: Intensity; Annotation method: Msp20260116160945_NCDK_conventional_converted_dev_1,False,False,144,0,0.00,1.00,null,null,null,-1.00,-1.00,-0.143,45959.47,P Sandie 50 Serum 4_GD1_01_66553,703.57477:5369754 704.57944:2291300 705.58410:561708,null,57346483,58210814,60087307,59886253,58882714.0290624,1325341.42292392
145,23.329,703.72302,Unknown,[M+2H]2+,null,1.00,False,null,null,null,null,null,null,999,False,False,False,Normalized unit: Intensity,False,False,145,0,0.00,null,null,null,null,null,null,null,1361.11,P Sandie 50 Serum 3_GD1_01_66552,703.72302:89268 704.72769:22392 705.73236:1450,null,619986,612940,708202,697796,659730.909687499,50224.3760451013
146,23.325,703.83105,Unknown,[M+H]+,null,1.00,False,null,null,null,null,null,null,999,False,False,False,Normalized unit: Intensity,False,False,146,0,0.00,null,null,null,null,null,null,null,1091.19,P Sandie 50 Serum 4_GD1_01_66553,703.83105:104082 704.83572:20028 705.84039:1270,null,708042,694233,879839,888628,792685.438218749,105921.634476017
147,24.483,705.58960,no MS2: SM 34:0;O2|SM 12:0;O2/22:0,[M+H]+,null,1.00,False,9.170,705.59052,C39H81N2O6P,SM,JIOJUELCHJZSCJ-UHFFFAOYSA-N,O=C(NC(COP(=O)([O-])OCC[N+](C)(C)C)C(O)CCCCCCCCC)CCCCCCCCCCCCCCCCCCCCC,530,False,True,False,Normalized unit: Intensity; Annotation method: Msp20260116160945_NCDK_conventional_converted_dev_1,False,False,147,0,0.00,0.99,null,null,null,-1.00,-1.00,-0.147,2270.94,P Sandie 50 Serum 3_GD1_01_66552,705.58960:267472 706.59427:112110 707.59894:26764,null,2530747,2549855,2685601,2731254,2624364.44329687,99148.255643064
148,38.429,705.62830,Unknown,[M+H]+,null,1.00,False,null,null,null,null,null,null,999,False,False,False,Normalized unit: Intensity,False,False,148,0,0.00,null,null,null,null,null,null,null,7461.89,P Sandie 50 Serum 3_GD1_01_66552,705.62830:713354 706.63296:377224 707.63763:96326,null,2779393,2784024,3018882,2936787,2879771.74054686,118104.327501142
149,23.995,706.53735,no MS2: NAGlySer 35:5;O2|NAGlySer 9:0;O(FA 26:4),[M+NH4]+,null,1.00,False,8.709,706.53650,C40H68N2O7,NAGlySer,AQMXDZMGSNHPBY-UHFFFAOYSA-N,O=C(OC(CCCC(=O)NCC(=O)NC(C(=O)O)CO)CCCC)CCCCCCCCCCCCC=CCC=CCC=CCC=CCC,530,False,True,False,Normalized unit: Intensity; Annotation method: Msp20260116160945_NCDK_conventional_converted_dev_1,False,False,149,0,0.00,1.00,null,null,null,-1.00,-1.00,-0.144,916.23,P Sandie 50 Serum 1_GD1_01_66550,706.53607:92578 707.54074:39024 708.54541:8648,null,1328099,1326848,1386006,1392968,1358480.1589375,35919.8955038558
150,36.040,706.61169,no MS2: Cer 45:5;O2|Cer 13:0;O2/32:5,[M+Na]+,null,1.00,False,12.867,706.61090,C45H81NO3,Cer_NDS,GIFIWWUUUVKQDR-UHFFFAOYSA-N,O=C(NC(CO)C(O)CCCCCCCCCC)CCCCCCCCCCCCCCCC=CCC=CCC=CCC=CCC=CCC,530,False,True,False,Normalized unit: Intensity; Annotation method: Msp20260116160945_NCDK_conventional_converted_dev_1,False,False,150,0,0.00,1.00,null,null,null,-1.00,-1.00,-0.143,876.70,P Sandie 50 Serum 1_GD1_01_66550,706.61102:114648 707.61569:63534 708.62036:16960,null,790223,785619,813517,817055,801603.876703122,15976.0271964355
151,27.529,707.48975,Unknown,[M+H]+,null,1.00,False,null,null,null,null,null,null,999,False,False,False,Normalized unit: Intensity,False,False,151,0,0.00,null,null,null,null,null,null,null,1259.05,P Sandie 50 Serum 4_GD1_01_66553,707.48975:156086 708.49441:74126 709.49908:16948,null,1858175,1935979,1950626,1510849,1813907.21395313,206072.345504138
152,36.462,707.60748,Unknown,[M+H]+,null,1.00,False,null,null,null,null,null,null,999,False,False,False,Normalized unit: Intensity,False,False,152,0,0.00,null,null,null,null,null,null,null,683.88,P Sandie 50 Serum 3_GD1_01_66552,707.60748:112372 708.61215:58950 709.61682:15318,null,591243,652745,643328,624958,628068.846609374,27126.6841360074
153,38.991,707.64435,Unknown,[M+H]+,null,1.00,False,null,null,null,null,null,null,999,False,False,False,Normalized unit: Intensity,False,False,153,0,0.00,null,null,null,null,null,null,null,13353.04,P Sandie 50 Serum 3_GD1_01_66552,707.64435:1052998 708.64902:537426 709.65368:139708,null,9869891,10027265,10246986,10157112,10075313.4750782,163981.130118851
154,34.953,709.55212,no MS2: BA 24:1;O3;G/18:4,[M+NH4]+,null,1.00,False,8.631,709.55139,C44H69NO5,GLCAE,AIHUJGGYTJJOOL-UHFFFAOYSA-N,O=C(O)CNC(=O)CCC(C)C1CCC2C3CCC4CC(OC(=O)CCCCC=CCC=CCC=CCC=CCC)CCC4(C)C3CCC12C,530,False,True,False,Normalized unit: Intensity; Annotation method: Msp20260116160945_NCDK_conventional_converted_dev_1,False,False,154,0,0.00,1.00,null,null,null,-1.00,-1.00,-0.144,889.34,P Sandie 50 Serum 1_GD1_01_66550,709.55182:91330 710.55649:47816 711.56115:11736,null,1078075,1094584,1137751,1138374,1112195.809125,30620.1748004269
155,35.884,709.62262,Unknown,[M+H]+,null,1.00,False,null,null,null,null,null,null,999,False,False,False,Normalized unit: Intensity,False,False,155,0,0.00,null,null,null,null,null,null,null,3870.34,P Sandie 50 Serum 3_GD1_01_66552,709.62262:323900 710.62729:165044 711.63196:32516,null,2475516,2495968,2593116,2572004,2534151.06823437,57171.5008528893
156,35.440,709.62274,Unknown,[M+H]+,null,1.00,False,null,null,null,null,null,null,999,False,False,False,Normalized unit: Intensity,False,False,156,0,0.00,null,null,null,null,null,null,null,1343.09,P Sandie 50 Serum 4_GD1_01_66553,709.62274:119832 710.62741:60690 711.63208:14302,null,785787,790573,797524,806283,795041.866953124,8909.6469204634
157,39.678,709.66046,no MS2: RIKEN P-VS1 ID-8236 from Mouse_AdrenalGlands_WT_N_Ctr,[M+H]+,null,1.00,False,8.410,709.65637,null,Unknown,null,null,530,False,True,False,Normalized unit: Intensity; Annotation method: Msp20260116160945_NCDK_conventional_converted_dev_1,False,False,157,0,0.00,0.93,null,null,null,-1.00,-1.00,-0.158,10408.61,P Sandie 50 Serum 4_GD1_01_66553,709.65900:639242 710.66366:329816 711.66833:86832,null,6362242,6287724,6463008,6345913,6364721.71292188,72912.8895634167
158,21.789,711.54126,no MS2: SM 33:1;O2,[M+Na]+,null,1.00,False,8.656,711.54108,C38H77N2O6P,SM,REEYJRIAQSUMNO-UHFFFAOYSA-N,O=C(NC(COP(=O)([O-])OCC[N+](C)(C)C)C(O)C=CCCCCCCC)CCCCCCCCCCCCCCCCCCCC,530,False,True,False,Normalized unit: Intensity; Annotation method: Msp20260116160945_NCDK_conventional_converted_dev_1,False,False,158,0,0.00,1.00,null,null,null,-1.00,-1.00,-0.143,1857.90,P Sandie 50 Serum 3_GD1_01_66552,711.54126:172236 712.54593:73406 713.55060:16624,null,1682842,1734646,1835668,1807215,1765092.82935938,69395.9458901485
159,36.023,711.56769,no MS2: BA 24:1;O3;G/18:3,[M+NH4]+,null,1.00,False,8.950,711.56702,C44H71NO5,GLCAE,ASRPSWFUWRNZII-UHFFFAOYSA-N,O=C(O)CNC(=O)CCC(C)C1CCC2C3CCC4CC(OC(=O)CCCCCCCC=CCC=CCC=CCC)CCC4(C)C3CCC12C,530,False,True,False,Normalized unit: Intensity; Annotation method: Msp20260116160945_NCDK_conventional_converted_dev_1,False,False,159,0,0.00,1.00,null,null,null,-1.00,-1.00,-0.143,4456.94,P Sandie 50 Serum 4_GD1_01_66553,711.56720:515054 712.57187:262146 713.57654:67560,null,4988735,5042428,5105206,5072143,5052127.90345311,49432.1840878147
160,40.623,711.67627,Unknown,[M+H]+,null,1.00,False,null,null,null,null,null,null,999,False,False,False,Normalized unit: Intensity,False,False,160,0,0.00,null,null,null,null,null,null,null,1534.49,P Sandie 50 Serum 1_GD1_01_66550,711.67627:158916 712.68094:82466 713.68561:21764,null,919491,903590,930552,906887,915130.047875001,12355.5618911838
161,36.906,712.64319,no MS2: TG 40:0|TG 8:0_8:0_24:0,[M+NH4]+,null,1.00,False,13.464,712.64502,C43H82O6,TG,JZQNGQCOZWAAIZ-UHFFFAOYSA-N,O=C(OCC(OC(=O)CCCCCCC)COC(=O)CCCCCCCCCCCCCCCCCCCCCCC)CCCCCCC,530,False,True,False,Normalized unit: Intensity; Annotation method: Msp20260116160945_NCDK_conventional_converted_dev_1,False,False,161,0,0.00,0.99,null,null,null,-1.00,-1.00,-0.148,1291.08,P Sandie 50 Serum 2_GD1_01_66551,712.64404:168154 713.64871:75572 714.65338:18538,null,573571,568568,585677,588441,579064.239140628,9521.8198872595
162,38.543,714.61652,no MS2: SE 28:2/21:5,[M+NH4]+,null,1.00,False,13.735,714.61841,C49H76O2,BRSE,NAGKOUYLLGPXFP-UHFFFAOYSA-N,O=C(OC1CC2=CCC3C(CCC4(C)C(CCC34)C(C=CC(C)C(C)C)C)C2(C)CC1)CCCCC=CCC=CCC=CCC=CCC=CCC,530,False,True,False,Normalized unit: Intensity; Annotation method: Msp20260116160945_NCDK_conventional_converted_dev_1,False,False,162,0,0.00,1.00,null,null,null,-1.00,-1.00,-0.144,25168.45,P Sandie 50 Serum 2_GD1_01_66551,714.61804:2687022 715.62271:1366458 716.62738:380722,null,10681400,10529009,11130890,10904072,10811342.6571563,262872.744341491
163,38.221,715.61224,Unknown,[M+H]+,null,1.00,False,null,null,null,null,null,null,999,False,False,False,Normalized unit: Intensity,False,False,163,0,0.00,null,null,null,null,null,null,null,1548.37,P Sandie 50 Serum 4_GD1_01_66553,715.61224:465746 716.61691:246438 717.62158:62994,null,1877243,1882201,1918319,1939937,1904425.128375,29927.5374194439
164,38.917,716.63257,no MS2: SE 28:2/21:4,[M+NH4]+,null,1.00,False,14.510,716.63397,C49H78O2,BRSE,BGIDJBKNBVZBHB-UHFFFAOYSA-N,O=C(OC1CC2=CCC3C(CCC4(C)C(CCC34)C(C=CC(C)C(C)C)C)C2(C)CC1)CCCCCCCC=CCC=CCC=CCC=CCC,530,False,True,False,Normalized unit: Intensity; Annotation method: Msp20260116160945_NCDK_conventional_converted_dev_1,False,False,164,0,0.00,1.00,null,null,null,-1.00,-1.00,-0.143,1037.30,P Sandie 50 Serum 1_GD1_01_66550,716.63397:99012 717.63864:59438 718.64331:18282,null,332244,340917,344057,351869,342271.950968751,8117.45817740944
165,39.091,716.63452,no MS2: SE 28:2/21:4,[M+NH4]+,null,1.00,False,14.510,716.63397,C49H78O2,BRSE,BGIDJBKNBVZBHB-UHFFFAOYSA-N,O=C(OC1CC2=CCC3C(CCC4(C)C(CCC34)C(C=CC(C)C(C)C)C)C2(C)CC1)CCCCCCCC=CCC=CCC=CCC=CCC,530,False,True,False,Normalized unit: Intensity; Annotation method: Msp20260116160945_NCDK_conventional_converted_dev_1,False,False,165,0,0.00,1.00,null,null,null,-1.00,-1.00,-0.143,1588.65,P Sandie 50 Serum 1_GD1_01_66550,716.63367:144290 717.63833:79668 718.64300:21606,null,518108,515464,521653,524821,520011.521718747,4087.82018446877
166,24.844,717.58929,no MS2: SM 35:1;O2|SM 12:1;O2/23:0,[M+H]+,null,1.00,False,9.350,717.59052,C40H81N2O6P,SM,ASVIEZNRHGUMIU-UHFFFAOYSA-N,O=C(NC(COP(=O)([O-])OCC[N+](C)(C)C)C(O)C=CCCCCCCC)CCCCCCCCCCCCCCCCCCCCCC,530,False,True,False,Normalized unit: Intensity; Annotation method: Msp20260116160945_NCDK_conventional_converted_dev_1,False,False,166,0,0.00,0.99,null,null,null,-1.00,-1.00,-0.150,773.25,P Sandie 50 Serum 3_GD1_01_66552,717.58929:142470 718.59396:61532 719.59863:14348,null,1376898,1404634,1486009,1480596,1437034.22675,54657.3870946479
167,38.743,717.62909,Unknown,[M+H]+,null,1.00,False,null,null,null,null,null,null,999,False,False,False,Normalized unit: Intensity,False,False,167,0,0.00,null,null,null,null,null,null,null,4024.46,P Sandie 50 Serum 2_GD1_01_66551,717.62909:230346 718.63376:123918 719.63842:30400,null,2586680,2692333,2544409,2551077,2593624.44184375,68371.6823208673
168,28.077,718.57428,no MS2: PC O-32:1|PC O-8:0_24:1,[M+H]+,null,1.00,False,9.876,718.57452,C40H80NO7P,EtherPC,JSCQQTZMIJRPQQ-UHFFFAOYSA-N,O=C(OC(COCCCCCCCC)COP(=O)([O-])OCC[N+](C)(C)C)CCCCCCCCCCCCCC=CCCCCCCCC,530,False,True,False,Normalized unit: Intensity; Annotation method: Msp20260116160945_NCDK_conventional_converted_dev_1,False,False,168,0,0.00,1.00,null,null,null,-1.00,-1.00,-0.143,762.38,P Sandie 50 Serum 2_GD1_01_66551,718.57458:84698 719.57925:36858 720.58392:9574,null,1360864,1346956,1385286,1380384,1368372.42135937,17751.7905054563
169,39.494,718.64862,no MS2: SE 28:2/21:3,[M+NH4]+,null,0.50,False,14.939,718.64972,C49H80O2,BRSE,IQAHECZBYVYZQK-UHFFFAOYSA-N,O=C(OC1CC2=CCC3C(CCC4(C)C(CCC34)C(C=CC(C)C(C)C)C)C2(C)CC1)CCCCCCCC=CCC=CCC=CCCCCC,530,False,True,False,Normalized unit: Intensity; Annotation method: Msp20260116160945_NCDK_conventional_converted_dev_1,False,False,169,0,0.00,0.99,null,null,null,-1.00,-1.00,-0.148,826.76,P Sandie 50 Serum 4_GD1_01_66553,718.64868:75108 719.65335:40506 720.65802:11034,null,339741,344151,353357,349587,346708.890828126,5988.20031668757
170,38.543,719.57367,no MS2: RIKEN P-VS1 ID-8477 from Mouse_Muscle_WT_CTX3_Ctr,[M+H]+,null,1.00,False,8.620,719.57471,null,Unknown,null,null,530,False,True,False,Normalized unit: Intensity; Annotation method: Msp20260116160945_NCDK_conventional_converted_dev_1,False,False,170,0,0.00,0.99,null,null,null,-1.00,-1.00,-0.133,746.27,P Sandie 50 Serum 2_GD1_01_66551,719.57367:142716 720.57834:74326 721.58300:19332,null,606097,609694,586710,593561,599015.563156252,10729.0138621452
171,39.221,719.64459,Unknown,[M+H]+,null,1.00,False,null,null,null,null,null,null,999,False,False,False,Normalized unit: Intensity,False,False,171,0,0.00,null,null,null,null,null,null,null,1296.84,P Sandie 50 Serum 2_GD1_01_66551,719.64459:154268 720.64926:80164 721.65393:21098,null,565860,573317,543598,537135,554977.50717188,17345.6624414605
172,28.425,720.59082,no MS2: PC O-32:0|PC O-8:0_24:0,[M+H]+,null,1.00,False,10.204,720.59021,C40H82NO7P,EtherPC,AXEPEEXNGOBZFB-UHFFFAOYSA-N,O=C(OC(COCCCCCCCC)COP(=O)([O-])OCC[N+](C)(C)C)CCCCCCCCCCCCCCCCCCCCCCC,530,False,True,False,Normalized unit: Intensity; Annotation method: Msp20260116160945_NCDK_conventional_converted_dev_1,False,False,172,0,0.00,1.00,null,null,null,-1.00,-1.00,-0.145,599.50,P Sandie 50 Serum 1_GD1_01_66550,720.59082:78634 721.59549:35022 722.60016:8150,null,1378556,1357989,1424511,1388623,1387419.90140625,27820.4102188956
173,27.520,721.50555,Unknown,[M+H]+,null,1.00,False,null,null,null,null,null,null,999,False,False,False,Normalized unit: Intensity,False,False,173,0,0.00,null,null,null,null,null,null,null,777.75,P Sandie 50 Serum 4_GD1_01_66553,721.50555:146896 722.51022:66192 723.51489:17992,null,1374872,1491743,1497738,1284937,1412322.58157813,102034.476749052
174,36.467,721.62286,no MS2: RIKEN P-VS1 ID-8542 from Mouse_Feces_WT_ABX_Ctr,[M+H]+,null,1.00,False,13.310,721.62720,null,Unknown,null,null,530,False,True,False,Normalized unit: Intensity; Annotation method: Msp20260116160945_NCDK_conventional_converted_dev_1,False,False,174,0,0.00,0.88,null,null,null,-1.00,-1.00,-0.183,1888.18,P Sandie 50 Serum 2_GD1_01_66551,721.62354:242938 722.62820:123250 723.63287:32078,null,1474028,1511548,1592757,1601818,1545037.64467187,62356.6100178048
175,21.154,723.54150,no MS2: SM 34:2;O2,[M+Na]+,null,1.00,False,8.555,723.54108,C39H77N2O6P,SM,VYDHYGBBAHKWKG-UHFFFAOYSA-N,O=C(NC(COP(=O)([O-])OCC[N+](C)(C)C)C(O)C=CCCCCCCC)CCCCCCCCCCCC=CCCCCCCCC,530,False,True,False,Normalized unit: Intensity; Annotation method: Msp20260116160945_NCDK_conventional_converted_dev_1,False,False,175,0,0.00,1.00,null,null,null,-1.00,-1.00,-0.143,4103.40,P Sandie 50 Serum 4_GD1_01_66553,723.54089:417390 724.54556:183218 725.55023:40248,null,4409571,4387088,5130088,5117470,4761054.48770312,418970.723034931
176,35.884,723.63812,Unknown,[M+H]+,null,1.00,False,null,null,null,null,null,null,999,False,False,False,Normalized unit: Intensity,False,False,176,0,0.00,null,null,null,null,null,null,null,2661.38,P Sandie 50 Serum 3_GD1_01_66552,723.63812:200182 724.64279:102198 725.64746:27012,null,1290907,1344967,1469900,1407784,1378389.44632812,77478.0547759597
177,37.205,723.63812,Unknown,[M+H]+,null,0.50,False,null,null,null,null,null,null,999,False,False,False,Normalized unit: Intensity,False,False,177,0,0.00,null,null,null,null,null,null,null,730.60,P Sandie 50 Serum 3_GD1_01_66552,723.63812:90508 724.64279:45336 725.64746:12048,null,291986,306599,336554,332469,316902.016625001,21256.1039914191
178,23.329,725.55609,no MS2: RIKEN P-VS1 ID-8650 from Cell_HeLa_WT_N_Ctr,[M+H]+,null,1.00,False,9.810,725.55829,null,Unknown,null,null,530,False,True,False,Normalized unit: Intensity; Annotation method: Msp20260116160945_NCDK_conventional_converted_dev_1,False,False,178,0,0.00,0.98,null,null,null,-1.00,-1.00,-0.136,8061.68,P Sandie 50 Serum 3_GD1_01_66552,725.55701:1407114 726.56167:637680 727.56634:142182,null,19989633,20428819,21086572,21244732,20687439.0807344,584151.746221202
179,35.744,725.61816,no MS2: RIKEN P-VS1 ID-8656 from Mouse_Heart_WT_N_F1,[M+H]+,null,1.00,False,9.020,725.62079,null,Unknown,null,null,530,False,True,False,Normalized unit: Intensity; Annotation method: Msp20260116160945_NCDK_conventional_converted_dev_1,False,False,179,0,0.00,0.96,null,null,null,-1.00,-1.00,-0.145,813.81,P Sandie 50 Serum 2_GD1_01_66551,725.61884:161878 726.62350:83456 727.62817:16236,null,1041214,1058971,1118020,1092383,1077646.85292188,34269.9608917917
180,23.329,726.56030,no MS2: SE 24:1;O4/21:4;O,[M+NH4]+,null,1.00,False,8.273,726.56671,C45H72O6,DCAE,PVLZYPRFOIYPLX-UHFFFAOYSA-N,O=C(O)CCC(C)C1CCC2C3CCC4CC(OC(=O)CCCCCCC(O)C=CCC=CCC=CCC=CCC)CCC4(C)C3CC(O)C12C,530,False,True,False,Normalized unit: Intensity; Annotation method: Msp20260116160945_NCDK_conventional_converted_dev_1,False,False,180,0,0.00,0.68,null,null,null,-1.00,-1.00,-0.304,4652.30,P Sandie 50 Serum 3_GD1_01_66552,726.56030:637680 727.56497:142182 728.56964:22754,null,8478321,8646335,9267825,9242613,8908773.25640625,406009.193244899
181,24.483,727.57153,no MS2: SM 34:0;O2,[M+Na]+,null,1.00,False,9.170,727.57239,C39H81N2O6P,SM,JIOJUELCHJZSCJ-UHFFFAOYSA-N,O=C(NC(COP(=O)([O-])OCC[N+](C)(C)C)C(O)CCCCCCCCC)CCCCCCCCCCCCCCCCCCCCC,530,False,True,False,Normalized unit: Intensity; Annotation method: Msp20260116160945_NCDK_conventional_converted_dev_1,False,False,181,0,0.00,0.99,null,null,null,-1.00,-1.00,-0.146,1132.58,P Sandie 50 Serum 3_GD1_01_66552,727.57153:170332 728.57620:72882 729.58087:84354,null,1594552,1604768,1656931,1678048,1633574.67573437,40315.107355525
182,24.252,729.58832,no MS2: SM 36:2;O2|SM 12:1;O2/24:1,[M+H]+,null,1.00,False,9.012,729.59052,C41H81N2O6P,SM,KZQWICJJTVELAN-UHFFFAOYSA-N,O=C(NC(COP(=O)([O-])OCC[N+](C)(C)C)C(O)C=CCCCCCCC)CCCCCCCCCCCCCC=CCCCCCCCC,530,False,True,False,Normalized unit: Intensity; Annotation method: Msp20260116160945_NCDK_conventional_converted_dev_1,False,False,182,0,0.00,0.99,null,null,null,-1.00,-1.00,-0.147,3564.18,P Sandie 50 Serum 3_GD1_01_66552,729.58954:606546 730.59421:274366 731.59887:66796,null,6855087,6851099,7031241,6987610,6931259.24757813,92013.8007620105
183,38.221,729.62817,no MS2: RIKEN P-VS1 ID-8765 from Mouse_Feces_WT_ABX_Ctr,[M+H]+,null,1.00,False,13.510,729.63177,null,Unknown,null,null,530,False,True,False,Normalized unit: Intensity; Annotation method: Msp20260116160945_NCDK_conventional_converted_dev_1,False,False,183,0,0.00,0.93,null,null,null,-1.00,-1.00,-0.162,4031.15,P Sandie 50 Serum 2_GD1_01_66551,729.62891:372962 730.63357:208638 731.63824:52848,null,1445730,1468117,1597837,1568554,1520059.53065625,74440.0046056903
184,22.847,730.53693,no MS2: DMPE 33:2|DMPE 5:0_28:2,[M+H]+,null,1.00,False,9.485,730.53809,C40H76NO8P,DMPE,CIMMRNSOHYKOSL-UHFFFAOYSA-N,O=C(OCC(OC(=O)CCCCCCCCCCCCCCCC=CCC=CCCCCCCC)COP(=O)(O)OCCN(C)C)CCCC,530,False,True,False,Normalized unit: Intensity; Annotation method: Msp20260116160945_NCDK_conventional_converted_dev_1,False,False,184,0,0.00,1.00,null,null,null,-1.00,-1.00,-0.143,1293.69,P Sandie 50 Serum 3_GD1_01_66552,730.53809:135982 731.54275:60140 732.54742:16018,null,2011733,2004190,2187141,2118433,2080374.44915625,88248.3855691242
185,26.258,731.60504,no MS2: SM 36:1;O2|SM 12:1;O2/24:0,[M+H]+,null,1.00,False,9.598,731.60620,C41H83N2O6P,SM,IMSJPGOHOORVQA-UHFFFAOYSA-N,O=C(NC(COP(=O)([O-])OCC[N+](C)(C)C)C(O)C=CCCCCCCC)CCCCCCCCCCCCCCCCCCCCCCC,530,False,True,False,Normalized unit: Intensity; Annotation method: Msp20260116160945_NCDK_conventional_converted_dev_1,False,False,185,0,0.00,0.99,null,null,null,-1.00,-1.00,-0.146,11234.17,P Sandie 50 Serum 3_GD1_01_66552,731.60535:1259604 732.61001:588774 733.61468:141370,null,13239104,12774483,13630645,13498077,13285577.3298438,377537.967925235
186,38.747,731.64331,Unknown,[M+H]+,null,1.00,False,null,null,null,null,null,null,999,False,False,False,Normalized unit: Intensity,False,False,186,0,0.00,null,null,null,null,null,null,null,16935.95,P Sandie 50 Serum 3_GD1_01_66552,731.64331:1078518 732.64798:591614 733.65265:153316,null,7062288,7169392,7363621,7164866,7190041.57762499,125845.188709735
187,24.779,732.55273,no MS2: NAGlySer 37:6;O2|NAGlySer 9:0;O(FA 28:5),[M+NH4]+,null,1.00,False,8.721,732.55212,C42H70N2O7,NAGlySer,CDFGNRBRJDZREB-UHFFFAOYSA-N,O=C(OC(CCCC(=O)NCC(=O)NC(C(=O)O)CO)CCCC)CCCCCCCCCCCC=CCC=CCC=CCC=CCC=CCC,530,False,True,False,Normalized unit: Intensity; Annotation method: Msp20260116160945_NCDK_conventional_converted_dev_1,False,False,187,0,0.00,1.00,null,null,null,-1.00,-1.00,-0.143,3797.58,P Sandie 50 Serum 4_GD1_01_66553,732.55231:344244 733.55697:148650 734.56164:36264,null,5846932,5916971,6370308,6298537,6108186.9259375,264422.922044252
188,27.285,733.62158,no MS2: SM 36:0;O2|SM 12:0;O2/24:0,[M+H]+,null,1.00,False,9.860,733.62183,C41H85N2O6P,SM,HHUPDMAQIBSEGQ-UHFFFAOYSA-N,O=C(NC(COP(=O)([O-])OCC[N+](C)(C)C)C(O)CCCCCCCCC)CCCCCCCCCCCCCCCCCCCCCCC,530,False,True,False,Normalized unit: Intensity; Annotation method: Msp20260116160945_NCDK_conventional_converted_dev_1,False,False,188,0,0.00,1.00,null,null,null,-1.00,-1.00,-0.143,386.56,P Sandie 50 Serum 2_GD1_01_66551,733.62177:60312 734.62643:24340 735.63110:6268,null,584549,592365,617135,621046,603773.6275,18042.706183499
189,36.019,733.62341,no MS2: SM 36:0;O2|SM 12:0;O2/24:0,[M+H]+,null,1.00,False,9.860,733.62183,C41H85N2O6P,SM,HHUPDMAQIBSEGQ-UHFFFAOYSA-N,O=C(NC(COP(=O)([O-])OCC[N+](C)(C)C)C(O)CCCCCCCCC)CCCCCCCCCCCCCCCCCCCCCCC,530,False,True,False,Normalized unit: Intensity; Annotation method: Msp20260116160945_NCDK_conventional_converted_dev_1,False,False,189,0,0.00,1.00,null,null,null,-1.00,-1.00,-0.145,905.11,P Sandie 50 Serum 1_GD1_01_66550,733.62256:174516 734.62723:90420 735.63189:24294,null,1762994,1779706,1911645,1897634,1837994.78565624,77468.2235368065
190,39.230,733.65930,Unknown,[M+H]+,null,1.00,False,null,null,null,null,null,null,999,False,False,False,Normalized unit: Intensity,False,False,190,0,0.00,null,null,null,null,null,null,null,2696.50,P Sandie 50 Serum 3_GD1_01_66552,733.65930:345564 734.66397:192408 735.66864:50142,null,1360478,1320845,1371161,1351338,1350955.37103126,21646.5905080061
191,26.806,734.56836,no MS2: DMPE 33:0|DMPE 28:0_5:0,[M+H]+,null,1.00,False,10.672,734.56940,C40H80NO8P,DMPE,ZZNGNZPJNJRLFS-UHFFFAOYSA-N,O=C(OCC(OC(=O)CCCC)COP(=O)(O)OCCN(C)C)CCCCCCCCCCCCCCCCCCCCCCCCCCC,530,False,True,False,Normalized unit: Intensity; Annotation method: Msp20260116160945_NCDK_conventional_converted_dev_1,False,False,191,0,0.00,1.00,null,null,null,-1.00,-1.00,-0.143,7454.47,P Sandie 50 Serum 3_GD1_01_66552,734.56934:734116 735.57400:323614 736.57867:80046,null,10378077,10035644,10706611,10731981,10463078.2093594,327384.871044185
192,36.613,736.64087,no MS2: TG 42:2|TG 8:0_8:0_26:2,[M+NH4]+,null,0.50,False,13.429,736.64502,C45H82O6,TG,CNHRWYPNIFAJEL-UHFFFAOYSA-N,O=C(OCC(OC(=O)CCCCCCC)COC(=O)CCCCCCCCCCCCCC=CCC=CCCCCCCC)CCCCCCC,530,False,True,False,Normalized unit: Intensity; Annotation method: Msp20260116160945_NCDK_conventional_converted_dev_1,False,False,192,0,0.00,0.90,null,null,null,-1.00,-1.00,-0.192,666.30,P Sandie 50 Serum 3_GD1_01_66552,736.64166:74694 737.64633:35612 738.65100:9122,null,550465,560376,573555,586474,567717.52315625,15678.0206785487
193,37.054,738.65875,no MS2: RIKEN P-VS1 ID-9043 from Mouse_AdrenalGlands_WT_N_Ctr,[M+H]+,null,1.00,False,7.450,738.65912,null,Unknown,null,null,530,False,True,False,Normalized unit: Intensity; Annotation method: Msp20260116160945_NCDK_conventional_converted_dev_1,False,False,193,0,0.00,1.00,null,null,null,-1.00,-1.00,-0.129,2052.90,P Sandie 50 Serum 1_GD1_01_66550,738.65906:219940 739.66373:109638 740.66839:27396,null,1057529,1036740,1065755,1065811,1056458.89615625,13709.6256268525
194,24.844,739.57043,no MS2: RIKEN P-VS1 ID-9064 from Mouse_Brain_WT_N_F1DHA,[M+Na]+,null,1.00,False,11.130,739.57019,null,Unknown,null,null,530,False,True,False,Normalized unit: Intensity; Annotation method: Msp20260116160945_NCDK_conventional_converted_dev_1,False,False,194,0,0.00,1.00,null,null,null,-1.00,-1.00,-0.129,385.90,P Sandie 50 Serum 1_GD1_01_66550,739.57043:74720 740.57510:32850 741.57977:7908,null,754884,742616,787028,800109,771159.306203125,26892.0014019195
195,35.744,739.63245,no MS2: SE 28:4/22:0,[M+Na]+,null,1.00,False,14.999,739.63641,C50H84O2,DEGSE,JEHJSAOHOQIHJP-UHFFFAOYSA-N,O=C(OC1CC2=CC=C3C(=CCC4(C)C3CCC4C(C=CC(C)C(C)C)C)C2(C)CC1)CCCCCCCCCCCCCCCCCCCCC,530,False,True,False,Normalized unit: Intensity; Annotation method: Msp20260116160945_NCDK_conventional_converted_dev_1,False,False,195,0,0.00,0.98,null,null,null,-1.00,-1.00,-0.153,645.05,P Sandie 50 Serum 2_GD1_01_66551,739.63489:77244 740.63956:38284 741.64422:10252,null,493374,506122,533857,526478,514957.970312502,18563.7174842907
196,37.507,740.67474,no MS2: TG 42:0|TG 8:0_8:0_26:0,[M+NH4]+,null,1.00,False,13.851,740.67627,C45H86O6,TG,DIXITASRIXUPEG-UHFFFAOYSA-N,O=C(OCC(OC(=O)CCCCCCC)COC(=O)CCCCCCCCCCCCCCCCCCCCCCCCC)CCCCCCC,530,False,True,False,Normalized unit: Intensity; Annotation method: Msp20260116160945_NCDK_conventional_converted_dev_1,False,False,196,0,0.00,0.99,null,null,null,-1.00,-1.00,-0.148,1881.96,P Sandie 50 Serum 2_GD1_01_66551,740.67523:418782 741.67990:209546 742.68457:53866,null,1407654,1345033,1370570,1390020,1378319.33889062,26866.7108747954
197,38.543,741.62915,Unknown,[M+H]+,null,1.00,False,null,null,null,null,null,null,999,False,False,False,Normalized unit: Intensity,False,False,197,0,0.00,null,null,null,null,null,null,null,2521.61,P Sandie 50 Serum 2_GD1_01_66551,741.62915:275350 742.63382:156546 743.63849:43094,null,1173266,1194900,1162375,1176721,1176815.74767188,13517.8431441286
198,26.998,742.57367,no MS2: PC O-34:3|PC O-8:0_26:3,[M+H]+,null,1.00,False,9.597,742.57452,C42H80NO7P,EtherPC,MIKWCKCBCDZUNB-UHFFFAOYSA-N,O=C(OC(COCCCCCCCC)COP(=O)([O-])OCC[N+](C)(C)C)CCCCCCCCCCC=CCC=CCC=CCCCCCCC,530,False,True,False,Normalized unit: Intensity; Annotation method: Msp20260116160945_NCDK_conventional_converted_dev_1,False,False,198,0,0.00,1.00,null,null,null,-1.00,-1.00,-0.145,4267.18,P Sandie 50 Serum 3_GD1_01_66552,742.57391:527938 743.57858:244590 744.58325:59662,null,7912004,7945050,8139593,8184448,8045273.54445312,136713.041463557
199,24.361,744.55322,no MS2: NAGlySer 38:7;O2|NAGlySer 10:0;O(FA 28:6),[M+NH4]+,null,1.00,False,8.105,744.55212,C43H70N2O7,NAGlySer,RIEZRNVCIJXFMX-UHFFFAOYSA-N,O=C(OC(CCC)CCCCCC(=O)NCC(=O)NC(C(=O)O)CO)CCCCCCCCC=CCC=CCC=CCC=CCC=CCC=CCC,530,False,True,False,Normalized unit: Intensity; Annotation method: Msp20260116160945_NCDK_conventional_converted_dev_1,False,False,199,0,0.00,1.00,null,null,null,-1.00,-1.00,-0.143,1355.95,P Sandie 50 Serum 1_GD1_01_66550,744.55176:134334 745.55643:58904 746.56109:14034,null,1939309,1954753,2028056,2044302,1991604.86485937,52276.75095802
200,28.660,744.59003,no MS2: PC O-34:2|PC O-8:0_26:2,[M+H]+,null,1.00,False,9.905,744.59021,C42H82NO7P,EtherPC,WBAZRZTVRJLENP-UHFFFAOYSA-N,O=C(OC(COCCCCCCCC)COP(=O)([O-])OCC[N+](C)(C)C)CCCCCCCCCCCCCC=CCC=CCCCCCCC,530,False,True,False,Normalized unit: Intensity; Annotation method: Msp20260116160945_NCDK_conventional_converted_dev_1,False,False,200,0,0.00,1.00,null,null,null,-1.00,-1.00,-0.143,1267.73,P Sandie 50 Serum 1_GD1_01_66550,744.59003:137510 745.59469:59088 746.59936:16314,null,2332788,2295058,2324501,2363687,2329008.5635,28224.6482599957
201,27.420,744.59052,no MS2: PC O-34:2|PC O-8:0_26:2,[M+H]+,null,1.00,False,9.905,744.59021,C42H82NO7P,EtherPC,WBAZRZTVRJLENP-UHFFFAOYSA-N,O=C(OC(COCCCCCCCC)COP(=O)([O-])OCC[N+](C)(C)C)CCCCCCCCCCCCCC=CCC=CCCCCCCC,530,False,True,False,Normalized unit: Intensity; Annotation method: Msp20260116160945_NCDK_conventional_converted_dev_1,False,False,201,0,0.00,1.00,null,null,null,-1.00,-1.00,-0.143,2561.21,P Sandie 50 Serum 3_GD1_01_66552,744.59033:259470 745.59500:125210 746.59967:31020,null,4401244,4434983,4431945,4544892,4453265.75278125,62956.0241895316
202,27.633,745.61951,no MS2: SM 37:1;O2|SM 12:1;O2/25:0,[M+H]+,null,1.00,False,10.060,745.62183,C42H85N2O6P,SM,AWIFGOBWPWIAOU-UHFFFAOYSA-N,O=C(NC(COP(=O)([O-])OCC[N+](C)(C)C)C(O)C=CCCCCCCC)CCCCCCCCCCCCCCCCCCCCCCCC,530,False,True,False,Normalized unit: Intensity; Annotation method: Msp20260116160945_NCDK_conventional_converted_dev_1,False,False,202,0,0.00,1.00,null,null,null,-1.00,-1.00,-0.144,1005.91,P Sandie 50 Serum 1_GD1_01_66550,745.62140:67270 746.62607:30440 747.63073:8454,null,651162,637345,651042,661328,650219.240953125,9843.92899720659
203,26.141,746.56897,no MS2: NAGlySer 38:6;O2|NAGlySer 10:0;O(FA 28:5),[M+NH4]+,null,1.00,False,8.870,746.56781,C43H72N2O7,NAGlySer,KJHVTRJQBBLJRX-UHFFFAOYSA-N,O=C(OC(CCC)CCCCCC(=O)NCC(=O)NC(C(=O)O)CO)CCCCCCCCCCCC=CCC=CCC=CCC=CCC=CCC,530,False,True,False,Normalized unit: Intensity; Annotation method: Msp20260116160945_NCDK_conventional_converted_dev_1,False,False,203,0,0.00,1.00,null,null,null,-1.00,-1.00,-0.143,1030.50,P Sandie 50 Serum 4_GD1_01_66553,746.56775:114830 747.57242:49942 748.57708:12826,null,1595465,1571321,1659670,1659597,1621513.23034375,45107.5112949672
204,29.100,746.60571,no MS2: PC O-34:1|PC O-8:0_26:1,[M+H]+,null,1.00,False,10.376,746.60577,C42H84NO7P,EtherPC,DJYYQHGJOYRXDR-UHFFFAOYSA-N,O=C(OC(COCCCCCCCC)COP(=O)([O-])OCC[N+](C)(C)C)CCCCCCCCCCCCCCCC=CCCCCCCCC,530,False,True,False,Normalized unit: Intensity; Annotation method: Msp20260116160945_NCDK_conventional_converted_dev_1,False,False,204,0,0.00,1.00,null,null,null,-1.00,-1.00,-0.143,1815.93,P Sandie 50 Serum 1_GD1_01_66550,746.60571:191106 747.61038:90198 748.61505:21948,null,3898113,3837606,4018571,3962961,3929312.7398125,78491.654954824
205,23.338,747.53912,no MS2: SM 36:4;O2,[M+2Na-H]+,null,1.00,False,8.190,747.54108,C41H77N2O6P,SM,YQPWOWONNHDEPU-UHFFFAOYSA-N,O=C(NC(COP(=O)([O-])OCC[N+](C)(C)C)C(O)C=CCCCCCCC)CCCCCCCCC=CCC=CCC=CCCCCCCC,530,False,True,False,Normalized unit: Intensity; Annotation method: Msp20260116160945_NCDK_conventional_converted_dev_1,False,False,205,0,0.00,0.98,null,null,null,-1.00,-1.00,-0.154,592.86,P Sandie 50 Serum 3_GD1_01_66552,747.53949:75596 748.54416:30522 749.54883:6918,null,1174803,1249542,1392972,1435237,1313138.52801562,121741.053096711
206,36.023,747.63916,no MS2: SM 37:0;O2|SM 12:0;O2/25:0,[M+H]+,null,1.00,False,10.205,747.63751,C42H87N2O6P,SM,OAVKGZSSBPPMBW-UHFFFAOYSA-N,O=C(NC(COP(=O)([O-])OCC[N+](C)(C)C)C(O)CCCCCCCCC)CCCCCCCCCCCCCCCCCCCCCCCC,530,False,True,False,Normalized unit: Intensity; Annotation method: Msp20260116160945_NCDK_conventional_converted_dev_1,False,False,206,0,0.00,0.99,null,null,null,-1.00,-1.00,-0.146,660.79,P Sandie 50 Serum 1_GD1_01_66550,747.63837:90994 748.64303:47962 749.64770:11826,null,881924,907411,948069,951198,922150.580578123,33421.2600217312
207,24.252,751.57178,no MS2: RIKEN P-VS1 ID-9391 from Mouse_Feces_WT_N_Ctr,[M+H]+,null,1.00,False,11.590,751.56897,null,Unknown,null,null,530,False,True,False,Normalized unit: Intensity; Annotation method: Msp20260116160945_NCDK_conventional_converted_dev_1,False,False,207,0,0.00,0.98,null,null,null,-1.00,-1.00,-0.137,2233.14,P Sandie 50 Serum 1_GD1_01_66550,751.57043:277268 752.57510:126660 753.57977:26688,null,3379884,3338031,3574621,3635263,3481949.83540625,145170.092906468
208,29.635,752.55890,no MS2: RIKEN P-VS1 ID-9414 from Cell_HeLa_WT_N_Ctr,[M+H]+,null,1.00,False,11.840,752.56042,null,Unknown,null,null,530,False,True,False,Normalized unit: Intensity; Annotation method: Msp20260116160945_NCDK_conventional_converted_dev_1,False,False,208,0,0.00,1.00,null,null,null,-1.00,-1.00,-0.130,888.01,P Sandie 50 Serum 2_GD1_01_66551,752.55981:92736 753.56448:43644 754.56915:11106,null,1001059,989409,1036008,1017306,1010945.55040625,20249.496128795
209,26.254,753.58746,no MS2: SM 36:1;O2,[M+Na]+,null,1.00,False,9.598,753.58807,C41H83N2O6P,SM,IMSJPGOHOORVQA-UHFFFAOYSA-N,O=C(NC(COP(=O)([O-])OCC[N+](C)(C)C)C(O)C=CCCCCCCC)CCCCCCCCCCCCCCCCCCCCCCC,530,False,True,False,Normalized unit: Intensity; Annotation method: Msp20260116160945_NCDK_conventional_converted_dev_1,False,False,209,0,0.00,1.00,null,null,null,-1.00,-1.00,-0.144,4563.09,P Sandie 50 Serum 3_GD1_01_66552,753.58746:507176 754.59213:225858 755.59680:51184,null,5268314,5167239,5380670,5286285,5275626.81717188,87462.8732745136
210,24.779,754.53510,no MS2: PC 32:1,[M+Na]+,null,1.00,False,9.089,754.53571,C40H78NO8P,PC,KXKFHTLYVUKVHF-UHFFFAOYSA-N,O=C(OCC(OC(=O)CCCCCCCCCCCCCCC=CCCCCCCCCCC)COP(=O)([O-])OCC[N+](C)(C)C)CCCC,530,False,True,False,Normalized unit: Intensity; Annotation method: Msp20260116160945_NCDK_conventional_converted_dev_1,False,False,210,0,0.00,1.00,null,null,null,-1.00,-1.00,-0.144,838.09,P Sandie 50 Serum 3_GD1_01_66552,754.53510:78520 755.53976:35000 756.54443:27320,null,1344541,1352627,1436814,1446964,1395236.55335938,54129.3790043028
211,22.829,754.53766,no MS2: NAGlySer 39:9;O2|NAGlySer 15:2;O(FA 24:6),[M+NH4]+,null,1.00,False,7.480,754.53650,C44H68N2O7,NAGlySer,MXFFEQCNPYFLHY-UHFFFAOYSA-N,O=C(OC(C=CCC=CCCC)CCCCCC(=O)NCC(=O)NC(C(=O)O)CO)CCCCC=CCC=CCC=CCC=CCC=CCC=CCC,530,False,True,False,Normalized unit: Intensity; Annotation method: Msp20260116160945_NCDK_conventional_converted_dev_1,False,False,211,0,0.00,1.00,null,null,null,-1.00,-1.00,-0.143,643.08,P Sandie 50 Serum 1_GD1_01_66550,754.53668:59642 755.54135:28092 756.54602:6954,null,806710,806510,863224,836051,828123.809578125,27206.5091032668
212,38.543,755.64337,Unknown,[M+H]+,null,1.00,False,null,null,null,null,null,null,999,False,False,False,Normalized unit: Intensity,False,False,212,0,0.00,null,null,null,null,null,null,null,3355.12,P Sandie 50 Serum 3_GD1_01_66552,755.64337:431848 756.64804:243984 757.65271:66574,null,1533537,1485891,1651434,1554404,1556316.32078125,69593.3237202508
213,26.815,756.55164,no MS2: PC 32:0,[M+Na]+,null,1.00,False,9.557,756.55139,C40H80NO8P,PC,UXYMBTVVBCRHHL-UHFFFAOYSA-N,O=C(OCC(OC(=O)CCCC)COP(=O)([O-])OCC[N+](C)(C)C)CCCCCCCCCCCCCCCCCCCCCCCCCC,530,False,True,False,Normalized unit: Intensity; Annotation method: Msp20260116160945_NCDK_conventional_converted_dev_1,False,False,213,0,0.00,1.00,null,null,null,-1.00,-1.00,-0.143,924.13,P Sandie 50 Serum 3_GD1_01_66552,756.55164:119534 757.55630:53662 758.56097:122188,null,1813481,1839692,1873380,1866978,1848382.91235938,27473.0853939373
214,24.187,756.55286,no MS2: PC 32:0,[M+Na]+,null,1.00,False,9.557,756.55139,C40H80NO8P,PC,UXYMBTVVBCRHHL-UHFFFAOYSA-N,O=C(OCC(OC(=O)CCCC)COP(=O)([O-])OCC[N+](C)(C)C)CCCCCCCCCCCCCCCCCCCCCCCCCC,530,False,True,False,Normalized unit: Intensity; Annotation method: Msp20260116160945_NCDK_conventional_converted_dev_1,False,False,214,0,0.00,1.00,null,null,null,-1.00,-1.00,-0.143,1959.02,P Sandie 50 Serum 1_GD1_01_66550,756.55170:235680 757.55636:108496 758.56103:28672,null,6182601,6360012,6799294,6666550,6502114.36467188,281446.488477171
215,23.673,756.55353,no MS2: NAGlySer 39:8;O2|NAGlySer 13:1;O(FA 26:6),[M+NH4]+,null,1.00,False,7.990,756.55212,C44H70N2O7,NAGlySer,ZQYLSYCCGMINJL-UHFFFAOYSA-N,O=C(OC(C=CCCC)CCCCCCC(=O)NCC(=O)NC(C(=O)O)CO)CCCCCCC=CCC=CCC=CCC=CCC=CCC=CCC,530,False,True,False,Normalized unit: Intensity; Annotation method: Msp20260116160945_NCDK_conventional_converted_dev_1,False,False,215,0,0.00,1.00,null,null,null,-1.00,-1.00,-0.143,1713.73,P Sandie 50 Serum 1_GD1_01_66550,756.55200:226892 757.55667:98126 758.56134:25578,null,3267729,3260132,3389300,3350444,3316901.39951562,63265.2599388625
216,27.076,757.62073,no MS2: SM 38:2;O2|SM 12:1;O2/26:1,[M+H]+,null,1.00,False,9.580,757.62183,C43H85N2O6P,SM,LCCGGRXCXDWGPP-UHFFFAOYSA-N,O=C(NC(COP(=O)([O-])OCC[N+](C)(C)C)C(O)C=CCCCCCCC)CCCCCCCCCCCCCCCC=CCCCCCCCC,530,False,True,False,Normalized unit: Intensity; Annotation method: Msp20260116160945_NCDK_conventional_converted_dev_1,False,False,216,0,0.00,1.00,null,null,null,-1.00,-1.00,-0.143,3085.31,P Sandie 50 Serum 2_GD1_01_66551,757.62158:365862 758.62625:161588 759.63092:38998,null,3930609,3864860,4018010,4038308,3962946.74495312,80369.8540919417
217,25.736,758.57068,no MS2: DMPE 35:2|DMPE 5:0_30:2,[M+H]+,null,1.00,False,9.467,758.56940,C42H80NO8P,DMPE,WAZBQZUKCFBZHP-UHFFFAOYSA-N,O=C(OCC(OC(=O)CCCCCCCCCCCCCCCCCC=CCC=CCCCCCCC)COP(=O)(O)OCCN(C)C)CCCC,530,False,True,False,Normalized unit: Intensity; Annotation method: Msp20260116160945_NCDK_conventional_converted_dev_1,False,False,217,0,0.00,1.00,null,null,null,-1.00,-1.00,-0.143,106098.70,P Sandie 50 Serum 4_GD1_01_66553,758.56976:12782186 759.57443:8749436 760.57910:2162802,null,232392861,237073350,240793858,244671465,238732883.396875,5242909.40657648
218,25.736,758.72296,Unknown,[M+2H]2+,null,1.00,False,null,null,null,null,null,null,999,False,False,False,Normalized unit: Intensity,False,False,218,0,0.00,null,null,null,null,null,null,null,2492.31,P Sandie 50 Serum 3_GD1_01_66552,758.72296:289200 759.72763:128764 760.73230:8504,null,3555116,3557919,3883032,3928674,3731185.25539062,202550.965565178
219,25.736,758.84076,Unknown,[M+H]+,null,1.00,False,null,null,null,null,null,null,999,False,False,False,Normalized unit: Intensity,False,False,219,0,0.00,null,null,null,null,null,null,null,1803.22,P Sandie 50 Serum 3_GD1_01_66552,758.84076:235332 759.84543:139052 760.85009:9280,null,3305702,3405605,3519448,3573158,3450978.03879687,119415.163031289
220,25.736,758.97614,Unknown,[M+H]+,null,1.00,False,null,null,null,null,null,null,999,False,False,False,Normalized unit: Intensity,False,False,220,0,0.00,null,null,null,null,null,null,null,1209.06,P Sandie 50 Serum 3_GD1_01_66552,758.97614:135084 759.98080:0 760.98547:0,null,1110616,1073081,1004094,1103133,1072730.94357813,48548.0475007627
221,25.736,759.57349,no MS2: RIKEN P-VS1 ID-9678 from Mouse_Liver_WT_N_F1EPA,[M+H]+,null,1.00,False,9.340,759.57300,null,Unknown,null,null,530,False,True,False,Normalized unit: Intensity; Annotation method: Msp20260116160945_NCDK_conventional_converted_dev_1,False,False,221,0,0.00,1.00,null,null,null,-1.00,-1.00,-0.129,73851.31,P Sandie 50 Serum 2_GD1_01_66551,759.57318:9232204 760.57785:2200030 761.58252:380094,null,127889496,130528108,131504906,132334822,130564332.99325,1930058.01646161
222,28.938,759.63782,no MS2: SM 38:1;O2|SM 12:1;O2/26:0,[M+H]+,null,1.00,False,10.341,759.63751,C43H87N2O6P,SM,GJBCRJRMBDUHKZ-UHFFFAOYSA-N,O=C(NC(COP(=O)([O-])OCC[N+](C)(C)C)C(O)C=CCCCCCCC)CCCCCCCCCCCCCCCCCCCCCCCCC,530,False,True,False,Normalized unit: Intensity; Annotation method: Msp20260116160945_NCDK_conventional_converted_dev_1,False,False,222,0,0.00,1.00,null,null,null,-1.00,-1.00,-0.143,7292.95,P Sandie 50 Serum 2_GD1_01_66551,759.63745:837156 760.64212:405220 761.64679:101216,null,10559275,10402049,10624306,10538636,10531066.4575781,93438.3725279183
223,27.476,760.58521,no MS2: DMPE 35:1|DMPE 5:0_30:1,[M+H]+,null,1.00,False,10.844,760.58508,C42H82NO8P,DMPE,HFSMUVCIGBLXRW-UHFFFAOYSA-N,O=C(OCC(OC(=O)CCCCCCCCCCCCCCCCCCCC=CCCCCCCCC)COP(=O)(O)OCCN(C)C)CCCC,530,False,True,False,Normalized unit: Intensity; Annotation method: Msp20260116160945_NCDK_conventional_converted_dev_1,False,False,223,0,0.00,1.00,null,null,null,-1.00,-1.00,-0.143,67903.22,P Sandie 50 Serum 2_GD1_01_66551,760.58502:8448840 761.58969:4077276 762.59436:1062144,null,134992429,134271847,138656457,138151588,136518080.087047,2207123.16993842
224,27.476,760.73755,Unknown,[M+2H]2+,null,1.00,False,null,null,null,null,null,null,999,False,False,False,Normalized unit: Intensity,False,False,224,0,0.00,null,null,null,null,null,null,null,1669.90,P Sandie 50 Serum 4_GD1_01_66553,760.73755:153552 761.74222:53320 762.74688:2766,null,1848673,1826045,1838149,1868717,1845396.095875,18088.7576197318
225,27.476,760.85345,Unknown,[M+H]+,null,1.00,False,null,null,null,null,null,null,999,False,False,False,Normalized unit: Intensity,False,False,225,0,0.00,null,null,null,null,null,null,null,1329.70,P Sandie 50 Serum 4_GD1_01_66553,760.85345:150108 761.85812:62306 762.86279:0,null,1856270,1840295,1967759,1986799,1912780.67410938,75164.1871921662
226,27.449,760.97711,Unknown,[M+H]+,null,0.25,False,null,null,null,null,null,null,999,False,False,False,Normalized unit: Intensity,False,False,226,0,0.00,null,null,null,null,null,null,null,676.14,P Sandie 50 Serum 1_GD1_01_66550,760.97711:78610 761.98178:5352 762.98645:1498,null,508782,495292,384679,400469,447305.449046876,63764.5536004378
227,27.474,760.98639,Unknown,[M+H]+,null,0.25,False,null,null,null,null,null,null,999,False,False,False,Normalized unit: Intensity,False,False,227,0,0.00,null,null,null,null,null,null,null,612.65,P Sandie 50 Serum 2_GD1_01_66551,760.98639:71804 761.99106:0 762.99572:0,null,369322,398568,257226,84203,277329.731921876,142435.068141137
228,27.476,762.25391,Unknown,[M+H]+,null,1.00,False,null,null,null,null,null,null,999,False,False,False,Normalized unit: Intensity,False,False,228,0,0.00,null,null,null,null,null,null,null,1756.05,P Sandie 50 Serum 1_GD1_01_66550,762.25391:117704 763.25857:5146 764.26324:1094,null,1128927,1099788,1112907,1084497,1106529.701875,18913.8617890021
229,29.435,762.60077,no MS2: DMPE 35:0|DMPE 30:0_5:0,[M+H]+,null,1.00,False,13.068,762.60071,C42H84NO8P,DMPE,JRWXOFFZCHKSOK-UHFFFAOYSA-N,O=C(OCC(OC(=O)CCCC)COP(=O)(O)OCCN(C)C)CCCCCCCCCCCCCCCCCCCCCCCCCCCCC,530,False,True,False,Normalized unit: Intensity; Annotation method: Msp20260116160945_NCDK_conventional_converted_dev_1,False,False,229,0,0.00,1.00,null,null,null,-1.00,-1.00,-0.143,2409.82,P Sandie 50 Serum 1_GD1_01_66550,762.60077:244346 763.60544:115804 764.61010:27804,null,3875664,3818182,3923967,3859931,3869435.9214375,43702.6981428954
230,27.002,764.55609,no MS2: LPC 34:3,[M+Na]+,null,1.00,False,9.820,764.55652,C42H80NO7P,LPC,OWJSKPIUELIMJY-UHFFFAOYSA-N,O=C(OCC(O)COP(=O)([O-])OCC[N+](C)(C)C)CCCCCCCCCCCCCCCCCCC=CCC=CCC=CCCCCCCC,530,False,True,False,Normalized unit: Intensity; Annotation method: Msp20260116160945_NCDK_conventional_converted_dev_1,False,False,230,0,0.00,1.00,null,null,null,-1.00,-1.00,-0.143,1035.07,P Sandie 50 Serum 3_GD1_01_66552,764.55627:108576 765.56094:50528 766.56561:450816,null,1596245,1575278,1592764,1624012,1597074.73221875,20165.7129616049
231,37.228,764.67480,no MS2: TG 44:2|TG 8:0_8:0_28:2,[M+NH4]+,null,1.00,False,13.523,764.67627,C47H86O6,TG,QBENZTIGQCMGBK-UHFFFAOYSA-N,O=C(OCC(OC(=O)CCCCCCC)COC(=O)CCCCCCCCCCCCCCCC=CCC=CCCCCCCC)CCCCCCC,530,False,True,False,Normalized unit: Intensity; Annotation method: Msp20260116160945_NCDK_conventional_converted_dev_1,False,False,231,0,0.00,0.98,null,null,null,-1.00,-1.00,-0.152,2983.11,P Sandie 50 Serum 3_GD1_01_66552,764.67480:447166 765.67947:223532 766.68414:58722,null,1711868,1653397,1707808,1709095,1695541.98776563,28147.5310500816
232,26.919,766.57385,no MS2: PC O-36:5|PC O-8:0_28:5,[M+H]+,null,1.00,False,9.545,766.57452,C44H80NO7P,EtherPC,RDKCYWXIOLUDKK-UHFFFAOYSA-N,O=C(OC(COCCCCCCCC)COP(=O)([O-])OCC[N+](C)(C)C)CCCCCCCCCCCC=CCC=CCC=CCC=CCC=CCC,530,False,True,False,Normalized unit: Intensity; Annotation method: Msp20260116160945_NCDK_conventional_converted_dev_1,False,False,232,0,0.00,1.00,null,null,null,-1.00,-1.00,-0.145,3133.85,P Sandie 50 Serum 3_GD1_01_66552,766.57385:748728 767.57852:363650 768.58319:92556,null,9231126,9121576,9649401,9409538,9352909.80674999,230550.336141104
233,37.637,766.69000,no MS2: TG 44:1|TG 8:0_8:0_28:1,[M+NH4]+,null,1.00,False,13.834,766.69189,C47H88O6,TG,RPHPGMSYTPNXSG-UHFFFAOYSA-N,O=C(OCC(OC(=O)CCCCCCC)COC(=O)CCCCCCCCCCCCCCCCCC=CCCCCCCCC)CCCCCCC,530,False,True,False,Normalized unit: Intensity; Annotation method: Msp20260116160945_NCDK_conventional_converted_dev_1,False,False,233,0,0.00,0.99,null,null,null,-1.00,-1.00,-0.147,2321.76,P Sandie 50 Serum 2_GD1_01_66551,766.69086:941486 767.69552:487410 768.70019:130876,null,3278481,3127726,3323237,3289416,3254715.10751561,86776.6541993153
234,24.326,768.55322,no MS2: NAGlySer 40:9;O2|NAGlySer 16:2;O(FA 24:6),[M+NH4]+,null,1.00,False,7.887,768.55212,C45H70N2O7,NAGlySer,XCWHEVGTQKVZKQ-UHFFFAOYSA-N,O=C(OC(C=CCC=CCCC)CCCCCCC(=O)NCC(=O)NC(C(=O)O)CO)CCCCC=CCC=CCC=CCC=CCC=CCC=CCC,530,False,True,False,Normalized unit: Intensity; Annotation method: Msp20260116160945_NCDK_conventional_converted_dev_1,False,False,234,0,0.00,1.00,null,null,null,-1.00,-1.00,-0.143,477.60,P Sandie 50 Serum 4_GD1_01_66553,768.55212:58600 769.55679:26486 770.56146:7276,null,812781,817551,885278,870538,846537.119515625,36772.0649333056
235,28.503,768.55396,no MS2: DMPE 36:4|DMPE 6:0_30:4,[M+H]+,null,1.00,False,9.066,768.55377,C43H78NO8P,DMPE,YADWDHZNQSACMH-UHFFFAOYSA-N,O=C(OCC(OC(=O)CCCCCCCCCCCCCCCCC=CCC=CCC=CCC=CCC)COP(=O)(O)OCCN(C)C)CCCCC,530,False,True,False,Normalized unit: Intensity; Annotation method: Msp20260116160945_NCDK_conventional_converted_dev_1,False,False,235,0,0.00,1.00,null,null,null,-1.00,-1.00,-0.143,849.97,P Sandie 50 Serum 3_GD1_01_66552,768.55396:114714 769.55862:54374 770.56329:13648,null,1025773,1043683,1058580,1036851,1041221.6375625,13725.0944824114
236,27.372,768.58942,no MS2: PC O-36:4|PC O-8:0_28:4,[M+H]+,null,1.00,False,9.912,768.59021,C44H82NO7P,EtherPC,AMIRMXUBGHUMRM-UHFFFAOYSA-N,O=C(OC(COCCCCCCCC)COP(=O)([O-])OCC[N+](C)(C)C)CCCCCCCCCCCCCCC=CCC=CCC=CCC=CCC,530,False,True,False,Normalized unit: Intensity; Annotation method: Msp20260116160945_NCDK_conventional_converted_dev_1,False,False,236,0,0.00,1.00,null,null,null,-1.00,-1.00,-0.143,6290.58,P Sandie 50 Serum 2_GD1_01_66551,768.59021:830640 769.59488:391118 770.59955:100764,null,11597963,11525415,11720092,11666543,11627503.231625,84442.1356173051
237,38.116,768.70605,no MS2: TG 44:0|TG 8:0_8:0_28:0,[M+NH4]+,null,1.00,False,14.035,768.70758,C47H90O6,TG,PHHBNNKHOXPVFM-UHFFFAOYSA-N,O=C(OCC(OC(=O)CCCCCCC)COC(=O)CCCCCCCCCCCCCCCCCCCCCCCCCCC)CCCCCCC,530,False,True,False,Normalized unit: Intensity; Annotation method: Msp20260116160945_NCDK_conventional_converted_dev_1,False,False,237,0,0.00,1.00,null,null,null,-1.00,-1.00,-0.143,5486.55,P Sandie 50 Serum 2_GD1_01_66551,768.70728:1021584 769.71194:521766 770.71661:138892,null,3580463,3581291,3654094,3630353,3611550.39812501,36722.3324530667
238,28.042,770.60480,no MS2: RIKEN P-VS1 ID-10129 from Cell_HEK293_WT_N_Ctr,[M+H]+,null,1.00,False,11.540,770.60260,null,Unknown,null,null,530,False,True,False,Normalized unit: Intensity; Annotation method: Msp20260116160945_NCDK_conventional_converted_dev_1,False,False,238,0,0.00,0.98,null,null,null,-1.00,-1.00,-0.136,1441.68,P Sandie 50 Serum 4_GD1_01_66553,770.60400:135026 771.60867:59096 772.61334:16442,null,1912449,1878427,1939547,1910765,1910296.84215625,25007.0056543409
239,28.379,770.60516,no MS2: PC O-36:3|PC O-8:0_28:3,[M+H]+,null,0.25,False,10.485,770.60577,C44H84NO7P,EtherPC,GDJAIASCRXEGBE-UHFFFAOYSA-N,O=C(OC(COCCCCCCCC)COP(=O)([O-])OCC[N+](C)(C)C)CCCCCCCCCCCCC=CCC=CCC=CCCCCCCC,530,False,True,False,Normalized unit: Intensity; Annotation method: Msp20260116160945_NCDK_conventional_converted_dev_1,False,False,239,0,0.00,1.00,null,null,null,-1.00,-1.00,-0.144,920.72,P Sandie 50 Serum 4_GD1_01_66553,770.60516:82356 771.60983:39052 772.61450:10680,null,1512101,1546881,1684216,1740627,1620956.04157812,109025.10765292
240,29.591,770.60590,no MS2: PC O-36:3|PC O-8:0_28:3,[M+H]+,null,1.00,False,10.485,770.60577,C44H84NO7P,EtherPC,GDJAIASCRXEGBE-UHFFFAOYSA-N,O=C(OC(COCCCCCCCC)COP(=O)([O-])OCC[N+](C)(C)C)CCCCCCCCCCCCC=CCC=CCC=CCCCCCCC,530,False,True,False,Normalized unit: Intensity; Annotation method: Msp20260116160945_NCDK_conventional_converted_dev_1,False,False,240,0,0.00,1.00,null,null,null,-1.00,-1.00,-0.143,1179.89,P Sandie 50 Serum 1_GD1_01_66550,770.60590:98238 771.61056:47714 772.61523:31526,null,1835547,1830969,1986264,1914343,1891780.81590625,73702.7374704129
241,37.637,771.64587,no MS2: TG 44:1|TG 8:0_8:0_28:1,[M+Na]+,null,1.00,False,13.834,771.64728,C47H88O6,TG,RPHPGMSYTPNXSG-UHFFFAOYSA-N,O=C(OCC(OC(=O)CCCCCCC)COC(=O)CCCCCCCCCCCCCCCCCC=CCCCCCCCC)CCCCCCC,530,False,True,False,Normalized unit: Intensity; Annotation method: Msp20260116160945_NCDK_conventional_converted_dev_1,False,False,241,0,0.00,0.99,null,null,null,-1.00,-1.00,-0.146,904.52,P Sandie 50 Serum 2_GD1_01_66551,771.64642:129298 772.65109:69760 773.65576:17232,null,513823,476980,509793,521062,505414.513328123,19521.5657155834
242,27.146,772.58380,no MS2: DMPE 36:2|DMPE 6:0_30:2,[M+H]+,null,1.00,False,10.872,772.58508,C43H82NO8P,DMPE,AQFCIVPGTXEDJL-UHFFFAOYSA-N,O=C(OCC(OC(=O)CCCCCCCCCCCCCCCCCC=CCC=CCCCCCCC)COP(=O)(O)OCCN(C)C)CCCCC,530,False,True,False,Normalized unit: Intensity; Annotation method: Msp20260116160945_NCDK_conventional_converted_dev_1,False,False,242,0,0.00,1.00,null,null,null,-1.00,-1.00,-0.143,2657.34,P Sandie 50 Serum 2_GD1_01_66551,772.58472:396160 773.58938:178622 774.59405:44872,null,5615556,5578503,5597909,5636550,5607129.31201562,24772.6548006963
243,26.763,772.58527,no MS2: DMPE 36:2|DMPE 6:0_30:2,[M+H-H2O]+,null,1.00,False,10.872,772.58508,C43H82NO8P,DMPE,AQFCIVPGTXEDJL-UHFFFAOYSA-N,O=C(OCC(OC(=O)CCCCCCCCCCCCCCCCCC=CCC=CCCCCCCC)COP(=O)(O)OCCN(C)C)CCCCC,530,False,True,False,Normalized unit: Intensity; Annotation method: Msp20260116160945_NCDK_conventional_converted_dev_1,False,False,243,0,0.00,1.00,null,null,null,-1.00,-1.00,-0.143,1096.31,P Sandie 50 Serum 3_GD1_01_66552,772.58502:170296 773.58969:79440 774.59436:20810,null,2240774,2207950,2219172,2260640,2232134.27360937,23381.764918861
244,30.170,773.65289,no MS2: SM 39:1;O2|SM 12:1;O2/27:0,[M+H]+,null,1.00,False,11.110,773.65308,C44H89N2O6P,SM,LBBHHYRFVVPTSY-UHFFFAOYSA-N,O=C(NC(COP(=O)([O-])OCC[N+](C)(C)C)C(O)C=CCCCCCCC)CCCCCCCCCCCCCCCCCCCCCCCCCC,530,False,True,False,Normalized unit: Intensity; Annotation method: Msp20260116160945_NCDK_conventional_converted_dev_1,False,False,244,0,0.00,1.00,null,null,null,-1.00,-1.00,-0.143,2424.05,P Sandie 50 Serum 1_GD1_01_66550,773.65289:336182 774.65756:158870 775.66223:40672,null,3686495,3694879,3803023,3752022,3734104.62539063,54394.0030149764
245,18.270,774.56470,no MS2: TG 46:11|TG 8:1_16:4_22:6,[M+NH4]+,null,0.75,False,11.665,774.56671,C49H72O6,TG,YEILBZXUULCYAC-UHFFFAOYSA-N,O=C(OCC(OC(=O)CCC=CCC=CCC=CCC=CCC)COC(=O)CCC=CCCC)CCC=CCC=CCC=CCC=CCC=CCC=CCC,530,False,True,False,Normalized unit: Intensity; Annotation method: Msp20260116160945_NCDK_conventional_converted_dev_1,False,False,245,0,0.00,0.97,null,null,null,-1.00,-1.00,-0.156,1161.22,P Sandie 50 Serum 1_GD1_01_66550,774.56494:168936 775.56961:78880 776.57428:19122,null,2104959,2241159,2386525,2483472,2304028.87585937,165918.540357657
246,28.786,774.60132,no MS2: DMPE 36:1|DMPE 5:0_31:1,[M+H]+,null,1.00,False,12.043,774.60071,C43H84NO8P,DMPE,DPPXPNPITQVOFM-UHFFFAOYSA-N,O=C(OCC(OC(=O)CCCCCCCCCCCCCCCCCCC=CCCCCCCCCCC)COP(=O)(O)OCCN(C)C)CCCC,530,False,True,False,Normalized unit: Intensity; Annotation method: Msp20260116160945_NCDK_conventional_converted_dev_1,False,False,246,0,0.00,1.00,null,null,null,-1.00,-1.00,-0.143,1041.30,P Sandie 50 Serum 3_GD1_01_66552,774.60071:130944 775.60538:64142 776.61004:15070,null,2314858,2312449,2372163,2351805,2337818.51623437,29131.6627521989
247,27.089,779.60297,no MS2: SM 38:2;O2,[M+Na]+,null,1.00,False,9.580,779.60370,C43H85N2O6P,SM,LCCGGRXCXDWGPP-UHFFFAOYSA-N,O=C(NC(COP(=O)([O-])OCC[N+](C)(C)C)C(O)C=CCCCCCCC)CCCCCCCCCCCCCCCC=CCCCCCCCC,530,False,True,False,Normalized unit: Intensity; Annotation method: Msp20260116160945_NCDK_conventional_converted_dev_1,False,False,247,0,0.00,1.00,null,null,null,-1.00,-1.00,-0.143,1317.59,P Sandie 50 Serum 3_GD1_01_66552,779.60358:143222 780.60824:68978 781.61291:16754,null,1588579,1588002,1604791,1604455,1596456.98814062,9433.68651308598
248,25.753,780.55157,no MS2: PC 34:2,[M+Na]+,null,1.00,False,9.322,780.55139,C42H80NO8P,PC,DMKGBZJOEARPBA-UHFFFAOYSA-N,O=C(OCC(OC(=O)CCCCCCCCCCCCCCCC=CCC=CCCCCCCC)COP(=O)([O-])OCC[N+](C)(C)C)CCCCC,530,False,True,False,Normalized unit: Intensity; Annotation method: Msp20260116160945_NCDK_conventional_converted_dev_1,False,False,248,0,0.00,1.00,null,null,null,-1.00,-1.00,-0.143,8961.43,P Sandie 50 Serum 2_GD1_01_66551,780.55127:1498802 781.55594:698014 782.56061:7078644,null,31798181,32473703,33564928,35191451,33257065.7047969,1480836.09829648
249,24.213,780.55170,no MS2: NAGlySer 41:10;O2|NAGlySer 15:3;O(FA 26:6),[M+NH4]+,null,1.00,False,8.247,780.55212,C46H70N2O7,NAGlySer,QJXPKYVYSTZUAR-UHFFFAOYSA-N,O=C(OC(C=CCC=CCC=CCC)CCCC(=O)NCC(=O)NC(C(=O)O)CO)CCCCCCC=CCC=CCC=CCC=CCC=CCC=CCC,530,False,True,False,Normalized unit: Intensity; Annotation method: Msp20260116160945_NCDK_conventional_converted_dev_1,False,False,249,0,0.00,1.00,null,null,null,-1.00,-1.00,-0.143,3493.73,P Sandie 50 Serum 3_GD1_01_66552,780.55231:636720 781.55697:305418 782.56164:83228,null,8706294,8887469,9372726,9085861,9013087.38926562,285504.429953004
250,37.933,780.70575,no MS2: TG 45:1|TG 8:0_8:0_29:1,[M+NH4]+,null,1.00,False,13.985,780.70758,C48H90O6,TG,VHXLQQFQZDISEY-UHFFFAOYSA-N,O=C(OCC(OC(=O)CCCCCCC)COC(=O)CCCCCCCCCCCCCCC=CCCCCCCCCCCCC)CCCCCCC,530,False,True,False,Normalized unit: Intensity; Annotation method: Msp20260116160945_NCDK_conventional_converted_dev_1,False,False,250,0,0.00,1.00,null,null,null,-1.00,-1.00,-0.144,652.78,P Sandie 50 Serum 3_GD1_01_66552,780.70697:97336 781.71164:52756 782.71631:12632,null,468328,456628,474968,482974,470724.448078128,11143.1760092918
251,25.762,781.55438,no MS2: RIKEN P-VS1 ID-10479 from Mouse_Plasma_WT_N_Ctr,[M+H-H2O]+,null,1.00,False,8.870,781.55432,null,Unknown,null,null,530,False,True,False,Normalized unit: Intensity; Annotation method: Msp20260116160945_NCDK_conventional_converted_dev_1,False,False,251,0,0.00,1.00,null,null,null,-1.00,-1.00,-0.129,3971.53,P Sandie 50 Serum 2_GD1_01_66551,781.55438:693234 782.55905:5834330 783.56372:2774752,null,15053898,15553898,15237596,15967534,15453231.5667812,400252.646405678
252,28.938,781.61981,no MS2: SM 38:1;O2,[M+Na]+,null,1.00,False,10.341,781.61938,C43H87N2O6P,SM,GJBCRJRMBDUHKZ-UHFFFAOYSA-N,O=C(NC(COP(=O)([O-])OCC[N+](C)(C)C)C(O)C=CCCCCCCC)CCCCCCCCCCCCCCCCCCCCCCCCC,530,False,True,False,Normalized unit: Intensity; Annotation method: Msp20260116160945_NCDK_conventional_converted_dev_1,False,False,252,0,0.00,1.00,null,null,null,-1.00,-1.00,-0.143,1956.87,P Sandie 50 Serum 3_GD1_01_66552,781.61926:350310 782.62393:165350 783.62860:38584,null,4497416,4528265,4575620,4541802,4535775.62271875,32412.64313092
253,37.507,781.70111,Unknown,[M+H]+,null,1.00,False,null,null,null,null,null,null,999,False,False,False,Normalized unit: Intensity,False,False,253,0,0.00,null,null,null,null,null,null,null,899.64,P Sandie 50 Serum 4_GD1_01_66553,781.70111:137794 782.70578:69078 783.71045:18482,null,399788,414869,443504,451725,427471.415796875,24293.2767462246
254,27.459,782.56671,no MS2: PC 34:1,[M+Na]+,null,1.00,False,9.776,782.56702,C42H82NO8P,PC,LUVCJAYPIYFSQI-UHFFFAOYSA-N,O=C(OCC(OC(=O)CCCCCCCCCCCCCCC=CCCCCCCCCCCCC)COP(=O)([O-])OCC[N+](C)(C)C)CCCC,530,False,True,False,Normalized unit: Intensity; Annotation method: Msp20260116160945_NCDK_conventional_converted_dev_1,False,False,254,0,0.00,1.00,null,null,null,-1.00,-1.00,-0.143,7981.55,P Sandie 50 Serum 3_GD1_01_66552,782.56714:1162218 783.57181:542116 784.57647:209942,null,22780837,23277210,23155024,23734965,23237008.918375,393442.562721069
255,25.305,782.56836,no MS2: PC 34:1,[M+Na]+,null,1.00,False,9.776,782.56702,C42H82NO8P,PC,LUVCJAYPIYFSQI-UHFFFAOYSA-N,O=C(OCC(OC(=O)CCCCCCCCCCCCCCC=CCCCCCCCCCCCC)COP(=O)([O-])OCC[N+](C)(C)C)CCCC,530,False,True,False,Normalized unit: Intensity; Annotation method: Msp20260116160945_NCDK_conventional_converted_dev_1,False,False,255,0,0.00,1.00,null,null,null,-1.00,-1.00,-0.143,704.47,P Sandie 50 Serum 1_GD1_01_66550,782.56732:220204 783.57199:103952 784.57666:27686,null,2959218,3026347,3204573,3292578,3120679.19934375,154440.225023436
256,24.692,782.56866,no MS2: NAGlySer 41:9;O2|NAGlySer 15:2;O(FA 26:6),[M+NH4]+,null,1.00,False,7.892,782.56781,C46H72N2O7,NAGlySer,JMCCZEKHWHPGJT-UHFFFAOYSA-N,O=C(OC(C=CCC=CCCC)CCCCCC(=O)NCC(=O)NC(C(=O)O)CO)CCCCCCC=CCC=CCC=CCC=CCC=CCC=CCC,530,False,True,False,Normalized unit: Intensity; Annotation method: Msp20260116160945_NCDK_conventional_converted_dev_1,False,False,256,0,0.00,1.00,null,null,null,-1.00,-1.00,-0.143,8461.84,P Sandie 50 Serum 1_GD1_01_66550,782.56775:1248878 783.57242:603728 784.57708:158798,null,17188910,17418134,18600301,18461506,17917212.8565312,717023.845227864
257,25.701,782.56909,no MS2: DMPE 37:4|DMPE 5:0_32:4,[M+H]+,null,1.00,False,9.233,782.56940,C44H80NO8P,DMPE,CPCUZPPRBXVYNM-UHFFFAOYSA-N,O=C(OCC(OC(=O)CCCCCCCCCCCCCCCCCCC=CCC=CCC=CCC=CCC)COP(=O)(O)OCCN(C)C)CCCC,530,False,True,False,Normalized unit: Intensity; Annotation method: Msp20260116160945_NCDK_conventional_converted_dev_1,False,False,257,0,0.00,1.00,null,null,null,-1.00,-1.00,-0.143,69480.88,P Sandie 50 Serum 3_GD1_01_66552,782.56952:8906278 783.57419:4233334 784.57885:1081070,null,112430120,113385159,116411332,117593330,114954985.069672,2444116.23532434
258,38.440,782.72229,no MS2: TG 45:0|TG 8:0_8:0_29:0,[M+NH4]+,null,0.50,False,14.092,782.72321,C48H92O6,TG,PRPRFFOYMLCWLQ-UHFFFAOYSA-N,O=C(OCC(OC(=O)CCCCCCC)COC(=O)CCCCCCCCCCCCCCCCCCCCCCCCCCCC)CCCCCCC,530,False,True,False,Normalized unit: Intensity; Annotation method: Msp20260116160945_NCDK_conventional_converted_dev_1,False,False,258,0,0.00,0.99,null,null,null,-1.00,-1.00,-0.145,731.84,P Sandie 50 Serum 3_GD1_01_66552,782.72241:106168 783.72708:52678 784.73175:14940,null,375552,375820,373320,373769,374615.084593749,1254.72925453495
259,25.701,782.72418,no MS2: TG 45:0|TG 8:0_8:0_29:0,[M+NH4]+,null,1.00,False,14.092,782.72321,C48H92O6,TG,PRPRFFOYMLCWLQ-UHFFFAOYSA-N,O=C(OCC(OC(=O)CCCCCCC)COC(=O)CCCCCCCCCCCCCCCCCCCCCCCCCCCC)CCCCCCC,530,False,True,False,Normalized unit: Intensity; Annotation method: Msp20260116160945_NCDK_conventional_converted_dev_1,False,False,259,0,0.00,1.00,null,null,null,-1.00,-1.00,-0.145,1564.81,P Sandie 50 Serum 4_GD1_01_66553,782.72388:136664 783.72854:43532 784.73321:2744,null,1383346,1348328,1440601,1483679,1413988.47917187,60042.438727939
260,25.701,782.84296,Unknown,[M+H]+,null,1.00,False,null,null,null,null,null,null,999,False,False,False,Normalized unit: Intensity,False,False,260,0,0.00,null,null,null,null,null,null,null,1227.82,P Sandie 50 Serum 3_GD1_01_66552,782.84296:143610 783.84762:56878 784.85229:2024,null,1454164,1465084,1564948,1584597,1517198.19021875,67111.6349957838
261,27.459,783.57013,no MS2: RIKEN P-VS1 ID-10574 from Mouse_Macrophage_WT_N_F1AA,[M+H]+,null,1.00,False,9.020,783.56982,null,Unknown,null,null,530,False,True,False,Normalized unit: Intensity; Annotation method: Msp20260116160945_NCDK_conventional_converted_dev_1,False,False,261,0,0.00,1.00,null,null,null,-1.00,-1.00,-0.129,2389.86,P Sandie 50 Serum 1_GD1_01_66550,783.57013:560336 784.57480:210986 785.57946:70126,null,10540954,10669251,10698637,10806601,10678860.675625,109269.62634384
262,25.701,784.24768,Unknown,[M+H]+,null,1.00,False,null,null,null,null,null,null,999,False,False,False,Normalized unit: Intensity,False,False,262,0,0.00,null,null,null,null,null,null,null,1495.09,P Sandie 50 Serum 3_GD1_01_66552,784.24768:108068 785.25235:2068 786.25702:0,null,721444,730548,849081,833663,783683.990125,67012.3979746621
263,26.450,784.58405,no MS2: NAGlySer 41:8;O2|NAGlySer 13:1;O(FA 28:6),[M+NH4]+,null,1.00,False,8.647,784.58337,C46H74N2O7,NAGlySer,GYELLSMDYMJSGU-UHFFFAOYSA-N,O=C(OC(C=CCCC)CCCCCCC(=O)NCC(=O)NC(C(=O)O)CO)CCCCCCCCC=CCC=CCC=CCC=CCC=CCC=CCC,530,False,True,False,Normalized unit: Intensity; Annotation method: Msp20260116160945_NCDK_conventional_converted_dev_1,False,False,263,0,0.00,1.00,null,null,null,-1.00,-1.00,-0.144,24241.68,P Sandie 50 Serum 3_GD1_01_66552,784.58386:2919602 785.58853:1446016 786.59320:387156,null,37168243,36941655,37413365,38071425,37398672.1814688,488117.11362592
264,26.798,784.58539,no MS2: DMPE 37:3|DMPE 5:0_32:3,[M+H]+,null,1.00,False,9.841,784.58508,C44H82NO8P,DMPE,KTPQRINJOWGTIA-UHFFFAOYSA-N,O=C(OCC(OC(=O)CCCCCCCCCCCCCCCCC=CCC=CCC=CCCCCCCC)COP(=O)(O)OCCN(C)C)CCCC,530,False,True,False,Normalized unit: Intensity; Annotation method: Msp20260116160945_NCDK_conventional_converted_dev_1,False,False,264,0,0.00,1.00,null,null,null,-1.00,-1.00,-0.143,41665.18,P Sandie 50 Serum 3_GD1_01_66552,784.58539:5154894 785.59006:2542004 786.59472:679076,null,76169047,80991472,85826939,85236162,82055905.0960469,4476711.73177196
265,26.798,784.74152,Unknown,[M+2H]2+,null,1.00,False,null,null,null,null,null,null,999,False,False,False,Normalized unit: Intensity,False,False,265,0,0.00,null,null,null,null,null,null,null,910.77,P Sandie 50 Serum 3_GD1_01_66552,784.74152:94442 785.74618:23180 786.75085:1750,null,826428,813649,974450,989378,900976.222984375,93802.5925385988
266,26.798,784.85522,Unknown,[M+H]+,null,1.00,False,null,null,null,null,null,null,999,False,False,False,Normalized unit: Intensity,False,False,266,0,0.00,null,null,null,null,null,null,null,974.46,P Sandie 50 Serum 1_GD1_01_66550,784.85522:103232 785.85989:25426 786.86456:0,null,1044898,979367,1059871,1086048,1042545.96101563,45422.9909021808
267,26.450,785.25916,Unknown,[M+H]+,null,1.00,False,null,null,null,null,null,null,999,False,False,False,Normalized unit: Intensity,False,False,267,0,0.00,null,null,null,null,null,null,null,1194.37,P Sandie 50 Serum 4_GD1_01_66553,785.25916:72884 786.26382:11908 787.26849:1064,null,487636,476692,564056,594959,530835.971140626,57772.9687980012
268,29.339,785.65265,no MS2: SM 40:2;O2|SM 12:1;O2/28:1,[M+H]+,null,1.00,False,10.853,785.65308,C45H89N2O6P,SM,ZHZLSBZCLWXQLV-UHFFFAOYSA-N,O=C(NC(COP(=O)([O-])OCC[N+](C)(C)C)C(O)C=CCCCCCCC)CCCCCCCCCCCCCCCCCC=CCCCCCCCC,530,False,True,False,Normalized unit: Intensity; Annotation method: Msp20260116160945_NCDK_conventional_converted_dev_1,False,False,268,0,0.00,1.00,null,null,null,-1.00,-1.00,-0.143,3717.83,P Sandie 50 Serum 1_GD1_01_66550,785.65277:440344 786.65744:203298 787.66211:52410,null,4051645,4093780,4173822,4158896,4119535.59095313,57063.5839132039
269,29.652,785.65332,no MS2: SM 40:2;O2|SM 12:1;O2/28:1,[M+H]+,null,1.00,False,10.853,785.65308,C45H89N2O6P,SM,ZHZLSBZCLWXQLV-UHFFFAOYSA-N,O=C(NC(COP(=O)([O-])OCC[N+](C)(C)C)C(O)C=CCCCCCCC)CCCCCCCCCCCCCCCCCC=CCCCCCCCC,530,False,True,False,Normalized unit: Intensity; Annotation method: Msp20260116160945_NCDK_conventional_converted_dev_1,False,False,269,0,0.00,1.00,null,null,null,-1.00,-1.00,-0.143,9733.54,P Sandie 50 Serum 3_GD1_01_66552,785.65332:1213688 786.65799:561070 787.66266:146602,null,12612547,12828432,13343855,13164399,12987308.351875,328722.134858543
270,28.421,786.60242,no MS2: DMPE 37:2|DMPE 5:0_32:2,[M+H]+,null,1.00,False,11.902,786.60071,C44H84NO8P,DMPE,XWRPWKLEUYPPTC-UHFFFAOYSA-N,O=C(OCC(OC(=O)CCCCCCCCCCCCCCCCCCCC=CCC=CCCCCCCC)COP(=O)(O)OCCN(C)C)CCCC,530,False,True,False,Normalized unit: Intensity; Annotation method: Msp20260116160945_NCDK_conventional_converted_dev_1,False,False,270,0,0.00,1.00,null,null,null,-1.00,-1.00,-0.143,86906.53,P Sandie 50 Serum 4_GD1_01_66553,786.60089:11469124 787.60556:6207004 788.61023:1561336,null,198824076,200142028,202537169,204623290,201531640.421828,2571077.14344546
271,28.421,786.75696,Unknown,[M+2H]2+,null,1.00,False,null,null,null,null,null,null,999,False,False,False,Normalized unit: Intensity,False,False,271,0,0.00,null,null,null,null,null,null,null,1681.75,P Sandie 50 Serum 1_GD1_01_66550,786.75696:211112 787.76163:112906 788.76629:6538,null,2762228,2713940,2793905,2784646,2763679.63360938,35727.0094317459
272,28.421,786.87555,Unknown,[M+H]+,null,1.00,False,null,null,null,null,null,null,999,False,False,False,Normalized unit: Intensity,False,False,272,0,0.00,null,null,null,null,null,null,null,1542.87,P Sandie 50 Serum 3_GD1_01_66552,786.87555:192870 787.88022:111978 788.88488:0,null,2755111,2719489,2832210,2861548,2792089.5985625,66010.9930309591
273,28.431,786.99963,Unknown,[M+H]+,null,0.50,False,null,null,null,null,null,null,999,False,False,False,Normalized unit: Intensity,False,False,273,0,0.00,null,null,null,null,null,null,null,1504.11,P Sandie 50 Serum 4_GD1_01_66553,786.99963:161230 788.00430:0 789.00897:0,null,783136,397410,1065077,1134553,845043.915312501,334882.622454007
274,28.410,787.01270,Unknown,[M+H]+,null,0.50,False,null,null,null,null,null,null,999,False,False,False,Normalized unit: Intensity,False,False,274,0,0.00,null,null,null,null,null,null,null,2097.63,P Sandie 50 Serum 1_GD1_01_66550,787.01270:169902 788.01736:0 789.02203:1876,null,662965,631923,332796,249530,469303.339390626,208873.614031259
275,31.288,787.66962,no MS2: SM 40:1;O2|SM 12:1;O2/28:0,[M+H]+,null,1.00,False,12.194,787.66882,C45H91N2O6P,SM,QHMKUNDEIJYLPC-UHFFFAOYSA-N,O=C(NC(COP(=O)([O-])OCC[N+](C)(C)C)C(O)C=CCCCCCCC)CCCCCCCCCCCCCCCCCCCCCCCCCCC,530,False,True,False,Normalized unit: Intensity; Annotation method: Msp20260116160945_NCDK_conventional_converted_dev_1,False,False,275,0,0.00,1.00,null,null,null,-1.00,-1.00,-0.143,17286.18,P Sandie 50 Serum 4_GD1_01_66553,787.66888:1907318 788.67355:959706 789.67822:249630,null,22460325,22604721,23429274,23278702,22943255.2410781,481859.431392776
276,26.919,788.55573,no MS2: RIKEN P-VS1 ID-10794 from Mouse_Brain_fads2KO_N_Ctr,[M+H]+,null,1.00,False,10.650,788.55603,null,Unknown,null,null,530,False,True,False,Normalized unit: Intensity; Annotation method: Msp20260116160945_NCDK_conventional_converted_dev_1,False,False,276,0,0.00,1.00,null,null,null,-1.00,-1.00,-0.129,1418.87,P Sandie 50 Serum 2_GD1_01_66551,788.55609:149664 789.56076:69840 790.56543:28790,null,2045382,2047346,2084856,2107251,2071208.69334375,30120.712091873
277,30.031,788.61658,no MS2: DMPE 37:1|DMPE 5:0_32:1,[M+H]+,null,1.00,False,12.658,788.61639,C44H86NO8P,DMPE,UUVHRGQBUHHGHP-UHFFFAOYSA-N,O=C(OCC(OC(=O)CCCCCCCCCCCCCCCCCCCCCC=CCCCCCCCC)COP(=O)(O)OCCN(C)C)CCCC,530,False,True,False,Normalized unit: Intensity; Annotation method: Msp20260116160945_NCDK_conventional_converted_dev_1,False,False,277,0,0.00,1.00,null,null,null,-1.00,-1.00,-0.143,19893.11,P Sandie 50 Serum 1_GD1_01_66550,788.61658:2002970 789.62124:981516 790.62591:259234,null,33868535,33995654,34573111,34662722,34275005.6073125,401017.795940778
278,27.359,790.57166,no MS2: LPC 36:4,[M+Na]+,null,1.00,False,9.934,790.57208,C44H82NO7P,LPC,NBNLVXFQTGAUGX-UHFFFAOYSA-N,O=C(OCC(O)COP(=O)([O-])OCC[N+](C)(C)C)CCCCCCCCCCCCCCCCCCCCCCC=CCC=CCC=CCC=CCC,530,False,True,False,Normalized unit: Intensity; Annotation method: Msp20260116160945_NCDK_conventional_converted_dev_1,False,False,278,0,0.00,1.00,null,null,null,-1.00,-1.00,-0.143,1328.66,P Sandie 50 Serum 3_GD1_01_66552,790.57220:152810 791.57687:76246 792.58154:52008,null,1574145,1541045,1549547,1516570,1545326.7675,23759.7964493554
279,26.741,790.57385,no MS2: PC O-38:7|PC O-10:0_28:7,[M+H]+,null,1.00,False,9.837,790.57452,C46H80NO7P,EtherPC,UUNPNPNQDISOCV-UHFFFAOYSA-N,O=C(OC(COCCCCCCCCCC)COP(=O)([O-])OCC[N+](C)(C)C)CCCCCC=CCC=CCC=CCC=CCC=CCC=CCC=CCC,530,False,True,False,Normalized unit: Intensity; Annotation method: Msp20260116160945_NCDK_conventional_converted_dev_1,False,False,279,0,0.00,1.00,null,null,null,-1.00,-1.00,-0.143,738.88,P Sandie 50 Serum 2_GD1_01_66551,790.57440:80332 791.57907:35772 792.58374:11552,null,1151150,1157624,1188816,1174356,1167986.43848437,16983.0248238819
280,37.368,790.68951,no MS2: SE 24:1;O4/25:0;O,[M+NH4]+,null,1.00,False,13.588,790.69189,C49H88O6,DCAE,YCGUSOGJMORMAC-UHFFFAOYSA-N,O=C(O)CCC(C)C1CCC2C3CCC4CC(OC(=O)CCCCCCCC(O)CCCCCCCCCCCCCCCC)CCC4(C)C3CC(O)C12C,530,False,True,False,Normalized unit: Intensity; Annotation method: Msp20260116160945_NCDK_conventional_converted_dev_1,False,False,280,0,0.00,0.98,null,null,null,-1.00,-1.00,-0.151,2268.59,P Sandie 50 Serum 1_GD1_01_66550,790.69049:266354 791.69516:143060 792.69983:0,null,1928362,1811138,1923954,1931990,1898861.10526562,58574.1731492287
281,25.701,792.55151,no MS2: PC 35:3,[M+Na]+,null,1.00,False,9.312,792.55139,C43H80NO8P,PC,WVQVDOAAOZLSNO-UHFFFAOYSA-N,O=C(OCC(OC(=O)CCCCCCCCCCCCCCC=CCC=CCC=CCCCCCCC)COP(=O)([O-])OCC[N+](C)(C)C)CCCC,530,False,True,False,Normalized unit: Intensity; Annotation method: Msp20260116160945_NCDK_conventional_converted_dev_1,False,False,281,0,0.00,1.00,null,null,null,-1.00,-1.00,-0.143,649.26,P Sandie 50 Serum 2_GD1_01_66551,792.55145:59654 793.55612:34610 794.56079:9384,null,1101577,1138286,1174488,1208031,1155595.16404687,45912.9927898431
282,27.224,792.58978,no MS2: PC O-38:6|PC O-10:0_28:6,[M+H]+,null,1.00,False,10.050,792.59021,C46H82NO7P,EtherPC,LYVCXQZOQYYLAM-UHFFFAOYSA-N,O=C(OC(COCCCCCCCCCC)COP(=O)([O-])OCC[N+](C)(C)C)CCCCCCCCC=CCC=CCC=CCC=CCC=CCC=CCC,530,False,True,False,Normalized unit: Intensity; Annotation method: Msp20260116160945_NCDK_conventional_converted_dev_1,False,False,282,0,0.00,1.00,null,null,null,-1.00,-1.00,-0.143,1091.99,P Sandie 50 Serum 2_GD1_01_66551,792.58997:118970 793.59463:61634 794.59930:0,null,1350864,1333676,1344046,1324847,1338358.2645,11448.8607868235
283,27.550,792.59003,no MS2: PC O-38:6|PC O-10:0_28:6,[M+H]+,null,1.00,False,10.050,792.59021,C46H82NO7P,EtherPC,LYVCXQZOQYYLAM-UHFFFAOYSA-N,O=C(OC(COCCCCCCCCCC)COP(=O)([O-])OCC[N+](C)(C)C)CCCCCCCCC=CCC=CCC=CCC=CCC=CCC=CCC,530,False,True,False,Normalized unit: Intensity; Annotation method: Msp20260116160945_NCDK_conventional_converted_dev_1,False,False,283,0,0.00,1.00,null,null,null,-1.00,-1.00,-0.143,900.14,P Sandie 50 Serum 2_GD1_01_66551,792.59003:155504 793.59469:73748 794.59936:20266,null,2579032,2563963,2640450,2636410,2604963.7789375,39164.9551712804
284,37.794,792.70618,no MS2: TG 46:2|TG 8:0_8:0_30:2,[M+NH4]+,null,1.00,False,13.763,792.70758,C49H90O6,TG,VNWIDJKCIMPSPM-UHFFFAOYSA-N,O=C(OCC(OC(=O)CCCCCCC)COC(=O)CCCCCCCCCCCCCCCCCC=CCC=CCCCCCCC)CCCCCCC,530,False,True,False,Normalized unit: Intensity; Annotation method: Msp20260116160945_NCDK_conventional_converted_dev_1,False,False,284,0,0.00,0.99,null,null,null,-1.00,-1.00,-0.148,9991.32,P Sandie 50 Serum 2_GD1_01_66551,792.70648:1477164 793.71115:801540 794.71582:227262,null,7109321,6910039,7344067,7274722,7159537.228375,193295.825059855
285,23.334,793.54480,no MS2: RIKEN P-VS1 ID-11006 from Mouse_Muscle_WT_CTX0_Ctr,[M+H]+,null,1.00,False,9.850,793.54852,null,Unknown,null,null,530,False,True,False,Normalized unit: Intensity; Annotation method: Msp20260116160945_NCDK_conventional_converted_dev_1,False,False,285,0,0.00,0.90,null,null,null,-1.00,-1.00,-0.175,687.98,P Sandie 50 Serum 3_GD1_01_66552,793.54480:85062 794.54947:37844 795.55414:8648,null,1349034,1377699,1477246,1453835,1414453.42190625,60894.4131478957
286,27.159,794.56610,no MS2: PC 35:2,[M+Na]+,null,1.00,False,9.456,794.56702,C43H82NO8P,PC,HJLYXMFZEJDPNP-UHFFFAOYSA-N,O=C(OCC(OC(=O)CCCCCCCCCCCCCCCCCC=CCC=CCCCCCCC)COP(=O)([O-])OCC[N+](C)(C)C)CCCC,530,False,True,False,Normalized unit: Intensity; Annotation method: Msp20260116160945_NCDK_conventional_converted_dev_1,False,False,286,0,0.00,1.00,null,null,null,-1.00,-1.00,-0.143,705.72,P Sandie 50 Serum 3_GD1_01_66552,794.56726:82246 795.57193:39784 796.57660:141102,null,1108755,1106428,1146154,1132175,1123377.7604375,19124.587691744
287,29.500,794.60504,no MS2: PC O-38:5|PC O-10:0_28:5,[M+H]+,null,1.00,False,10.330,794.60577,C46H84NO7P,EtherPC,XDRAHGUDUSFGRJ-UHFFFAOYSA-N,O=C(OC(COCCCCCCCCCC)COP(=O)([O-])OCC[N+](C)(C)C)CCCCCCCCCCCC=CCC=CCC=CCC=CCC=CCC,530,False,True,False,Normalized unit: Intensity; Annotation method: Msp20260116160945_NCDK_conventional_converted_dev_1,False,False,287,0,0.00,1.00,null,null,null,-1.00,-1.00,-0.143,1694.19,P Sandie 50 Serum 1_GD1_01_66550,794.60608:169580 795.61075:84290 796.61541:75522,null,2541879,2580928,3258959,3226881,2902161.56054687,394014.550845893
288,27.986,794.60535,no MS2: PC O-38:5|PC O-10:0_28:5,[M+H]+,null,1.00,False,10.330,794.60577,C46H84NO7P,EtherPC,XDRAHGUDUSFGRJ-UHFFFAOYSA-N,O=C(OC(COCCCCCCCCCC)COP(=O)([O-])OCC[N+](C)(C)C)CCCCCCCCCCCC=CCC=CCC=CCC=CCC=CCC,530,False,True,False,Normalized unit: Intensity; Annotation method: Msp20260116160945_NCDK_conventional_converted_dev_1,False,False,288,0,0.00,1.00,null,null,null,-1.00,-1.00,-0.144,7287.00,P Sandie 50 Serum 1_GD1_01_66550,794.60535:707818 795.61001:353212 796.61468:92714,null,9960414,9807909,10091652,10093252,9988306.615625,135419.325481185
289,38.247,794.72198,no MS2: TG 46:1|TG 8:0_8:0_30:1,[M+NH4]+,null,1.00,False,14.163,794.72321,C49H92O6,TG,NMHMTWQHQHBCQY-UHFFFAOYSA-N,O=C(OCC(OC(=O)CCCCCCC)COC(=O)CCCCCCCCCCCCCCCCCCCC=CCCCCCCCC)CCCCCCC,530,False,True,False,Normalized unit: Intensity; Annotation method: Msp20260116160945_NCDK_conventional_converted_dev_1,False,False,289,0,0.00,1.00,null,null,null,-1.00,-1.00,-0.143,21094.95,P Sandie 50 Serum 1_GD1_01_66550,794.72296:3797554 795.72763:2032906 796.73230:546020,null,13370115,13228461,14056296,13769257,13606032.1896562,377534.260719476
290,30.192,795.63422,no MS2: RIKEN P-VS1 ID-11095 from Mouse_Brain_WT_N_F1EPA,[M+Na]+,null,1.00,False,13.110,795.63751,null,Unknown,null,null,530,False,True,False,Normalized unit: Intensity; Annotation method: Msp20260116160945_NCDK_conventional_converted_dev_1,False,False,290,0,0.00,0.99,null,null,null,-1.00,-1.00,-0.134,1302.00,P Sandie 50 Serum 2_GD1_01_66551,795.63623:119448 796.64090:0 797.64557:0,null,1381695,1409672,1441652,1470550,1425892.14489063,38553.7105550924
291,20.436,795.69916,no MS2: SE 28:4/26:0,[2M+Na]+,null,1.00,False,15.820,795.69897,C54H92O2,DEGSE,FLMWKPJEQMRGLO-UHFFFAOYSA-N,O=C(OC1CC2=CC=C3C(=CCC4(C)C3CCC4C(C=CC(C)C(C)C)C)C2(C)CC1)CCCCCCCCCCCCCCCCCCCCCCCCC,530,False,True,False,Normalized unit: Intensity; Annotation method: Msp20260116160945_NCDK_conventional_converted_dev_1,False,False,291,0,0.00,1.00,null,null,null,-1.00,-1.00,-0.143,838.79,P Sandie 50 Serum 4_GD1_01_66553,795.69916:101276 796.70383:61856 797.70849:16818,null,698293,736250,746700,750912,733038.87521875,23969.7233533131
292,18.162,796.54486,no MS2: RIKEN P-VS1 ID-11120 from Mouse_Heart_WT_N_F1,[M+H]+,null,0.25,False,9.760,796.54419,null,Unknown,null,null,530,False,True,False,Normalized unit: Intensity; Annotation method: Msp20260116160945_NCDK_conventional_converted_dev_1,False,False,292,0,0.00,1.00,null,null,null,-1.00,-1.00,-0.130,305.21,P Sandie 50 Serum 4_GD1_01_66553,796.54486:61264 797.54953:27316 798.55420:15146,null,627001,593442,597257,622797,610124.307546874,17217.2379402772
293,18.267,796.54706,no MS2: RIKEN P-VS1 ID-11120 from Mouse_Heart_WT_N_F1,[M+H]+,null,0.50,False,9.760,796.54419,null,Unknown,null,null,530,False,True,False,Normalized unit: Intensity; Annotation method: Msp20260116160945_NCDK_conventional_converted_dev_1,False,False,293,0,0.00,0.99,null,null,null,-1.00,-1.00,-0.132,287.08,P Sandie 50 Serum 4_GD1_01_66553,796.54510:61912 797.54977:27312 798.55444:11710,null,708738,765696,810672,776811,765478.994140626,42388.692366546
294,27.111,796.58325,no MS2: NAGlySer 42:9;O2|NAGlySer 16:2;O(FA 26:6),[M+NH4]+,null,1.00,False,8.044,796.58337,C47H74N2O7,NAGlySer,AFKDLUVZQGNPJB-UHFFFAOYSA-N,O=C(OC(C=CCC=CCCC)CCCCCCC(=O)NCC(=O)NC(C(=O)O)CO)CCCCCCC=CCC=CCC=CCC=CCC=CCC=CCC,530,False,True,False,Normalized unit: Intensity; Annotation method: Msp20260116160945_NCDK_conventional_converted_dev_1,False,False,294,0,0.00,1.00,null,null,null,-1.00,-1.00,-0.143,954.38,P Sandie 50 Serum 4_GD1_01_66553,796.58344:180168 797.58810:89958 798.59277:21782,null,2354778,2340923,2411071,2439075,2386461.65775,46373.2647162751
295,26.728,796.58405,no MS2: NAGlySer 42:9;O2|NAGlySer 16:2;O(FA 26:6),[M+NH4]+,null,1.00,False,8.044,796.58337,C47H74N2O7,NAGlySer,AFKDLUVZQGNPJB-UHFFFAOYSA-N,O=C(OC(C=CCC=CCCC)CCCCCCC(=O)NCC(=O)NC(C(=O)O)CO)CCCCCCC=CCC=CCC=CCC=CCC=CCC=CCC,530,False,True,False,Normalized unit: Intensity; Annotation method: Msp20260116160945_NCDK_conventional_converted_dev_1,False,False,295,0,0.00,1.00,null,null,null,-1.00,-1.00,-0.143,415.00,P Sandie 50 Serum 4_GD1_01_66553,796.58356:86070 797.58822:39520 798.59289:11396,null,1073592,1059765,1092397,1113344,1084774.324625,23272.7554654019
296,29.443,796.62079,no MS2: RIKEN P-VS1 ID-11139 from Cell_HeLa_WT_N_Ctr,[M+H]+,null,1.00,False,11.590,796.61792,null,Unknown,null,null,530,False,True,False,Normalized unit: Intensity; Annotation method: Msp20260116160945_NCDK_conventional_converted_dev_1,False,False,296,0,0.00,0.98,null,null,null,-1.00,-1.00,-0.139,831.78,P Sandie 50 Serum 4_GD1_01_66553,796.61963:88998 797.62430:42170 798.62896:10172,null,1479375,1537528,1518512,1536885,1518075.23571875,27264.7754147521
297,29.948,796.62164,no MS2: PC O-38:4|PC O-10:0_28:4,[M+H]+,null,1.00,False,10.425,796.62152,C46H86NO7P,EtherPC,JZNRQLVUHAJDFY-UHFFFAOYSA-N,O=C(OC(COCCCCCCCCCC)COP(=O)([O-])OCC[N+](C)(C)C)CCCCCCCCCCCCCCC=CCC=CCC=CCC=CCC,530,False,True,False,Normalized unit: Intensity; Annotation method: Msp20260116160945_NCDK_conventional_converted_dev_1,False,False,297,0,0.00,1.00,null,null,null,-1.00,-1.00,-0.143,3625.58,P Sandie 50 Serum 1_GD1_01_66550,796.62164:315148 797.62631:172068 798.63098:43962,null,5576656,5583900,5857947,5713149,5682912.99296875,132470.686173795
298,38.795,796.73694,no MS2: TG 46:0|TG 8:0_8:0_30:0,[M+NH4]+,null,1.00,False,14.486,796.73889,C49H94O6,TG,RBULVXCVDAPDHO-UHFFFAOYSA-N,O=C(OCC(OC(=O)CCCCCCC)COC(=O)CCCCCCCCCCCCCCCCCCCCCCCCCCCCC)CCCCCCC,530,False,True,False,Normalized unit: Intensity; Annotation method: Msp20260116160945_NCDK_conventional_converted_dev_1,False,False,298,0,0.00,1.00,null,null,null,-1.00,-1.00,-0.143,9804.13,P Sandie 50 Serum 2_GD1_01_66551,796.73859:1560916 797.74325:820362 798.74792:224744,null,5448370,5497466,5529483,5618110,5523357.49315622,71435.5496686389
299,37.794,797.66083,no MS2: TG 46:2|TG 8:0_8:0_30:2,[M+Na]+,null,1.00,False,13.763,797.66302,C49H90O6,TG,VNWIDJKCIMPSPM-UHFFFAOYSA-N,O=C(OCC(OC(=O)CCCCCCC)COC(=O)CCCCCCCCCCCCCCCCCC=CCC=CCCCCCCC)CCCCCCC,530,False,True,False,Normalized unit: Intensity; Annotation method: Msp20260116160945_NCDK_conventional_converted_dev_1,False,False,299,0,0.00,0.99,null,null,null,-1.00,-1.00,-0.147,1573.15,P Sandie 50 Serum 2_GD1_01_66551,797.66199:186034 798.66666:100850 799.67132:25328,null,941844,919477,921312,936247,929720.15090625,11033.4462808029
300,18.747,798.56445,no MS2: TG 48:13|TG 15:4_15:4_18:5,[M+NH4]+,null,1.00,False,12.087,798.56671,C51H72O6,TG,RLWVOESMQPXHOK-UHFFFAOYSA-N,O=C(OCC(OC(=O)CC=CCC=CCC=CCC=CCC)COC(=O)CC=CCC=CCC=CCC=CCC)CC=CCC=CCC=CCC=CCC=CCC,530,False,True,False,Normalized unit: Intensity; Annotation method: Msp20260116160945_NCDK_conventional_converted_dev_1,False,False,300,0,0.00,0.97,null,null,null,-1.00,-1.00,-0.157,612.41,P Sandie 50 Serum 1_GD1_01_66550,798.56482:88346 799.56949:41416 800.57415:18656,null,958258,966869,1024916,986460,984125.622968749,29643.5393099317
301,20.109,798.56506,no MS2: TG 48:13|TG 15:4_15:4_18:5,[M+NH4]+,null,1.00,False,12.087,798.56671,C51H72O6,TG,RLWVOESMQPXHOK-UHFFFAOYSA-N,O=C(OCC(OC(=O)CC=CCC=CCC=CCC=CCC)COC(=O)CC=CCC=CCC=CCC=CCC)CC=CCC=CCC=CCC=CCC=CCC,530,False,True,False,Normalized unit: Intensity; Annotation method: Msp20260116160945_NCDK_conventional_converted_dev_1,False,False,301,0,0.00,0.98,null,null,null,-1.00,-1.00,-0.153,886.62,P Sandie 50 Serum 3_GD1_01_66552,798.56506:128392 799.56973:64074 800.57440:46660,null,1438636,1454578,1527623,1526204,1486760.23634375,46823.1429435174
302,19.452,798.56512,no MS2: TG 48:13|TG 15:4_15:4_18:5,[M+NH4]+,null,1.00,False,12.087,798.56671,C51H72O6,TG,RLWVOESMQPXHOK-UHFFFAOYSA-N,O=C(OCC(OC(=O)CC=CCC=CCC=CCC=CCC)COC(=O)CC=CCC=CCC=CCC=CCC)CC=CCC=CCC=CCC=CCC=CCC,530,False,True,False,Normalized unit: Intensity; Annotation method: Msp20260116160945_NCDK_conventional_converted_dev_1,False,False,302,0,0.00,0.98,null,null,null,-1.00,-1.00,-0.153,677.98,P Sandie 50 Serum 3_GD1_01_66552,798.56512:104614 799.56979:52260 800.57446:32954,null,1159697,1149138,1212126,1157996,1169739.20303125,28634.6999682154
303,12.225,798.58777,no MS2: RIKEN P-VS1 ID-11218 from Mouse_Heart_WT_N_F1,[M+H]+,null,1.00,False,10.700,798.58521,null,Unknown,null,null,530,False,True,False,Normalized unit: Intensity; Annotation method: Msp20260116160945_NCDK_conventional_converted_dev_1,False,False,303,0,0.00,0.99,null,null,null,-1.00,-1.00,-0.133,1658.95,P Sandie 50 Serum 1_GD1_01_66550,798.58630:230392 799.59097:116308 800.59564:32490,null,1087330,1108682,1187705,1136886,1130150.58171875,43406.4408675507
304,28.125,798.60046,no MS2: DMPE 38:3|DMPE 6:0_32:3,[M+H]+,null,1.00,False,10.877,798.60071,C45H84NO8P,DMPE,AKGDHADIUCDJGB-UHFFFAOYSA-N,O=C(OCC(OC(=O)CCCCCCCCCCCCCCCCC=CCC=CCC=CCCCCCCC)COP(=O)(O)OCCN(C)C)CCCCC,530,False,True,False,Normalized unit: Intensity; Annotation method: Msp20260116160945_NCDK_conventional_converted_dev_1,False,False,304,0,0.00,1.00,null,null,null,-1.00,-1.00,-0.143,220.40,P Sandie 50 Serum 3_GD1_01_66552,798.60059:83092 799.60525:39914 800.60992:11356,null,1232704,1009490,1031896,1148230,1105580.18839062,104310.723766098
305,30.505,799.66956,no MS2: SM 41:2;O2|SM 12:1;O2/29:1,[M+H]+,null,1.00,False,11.389,799.66882,C46H91N2O6P,SM,MUJUIOOFUNCSJZ-UHFFFAOYSA-N,O=C(NC(COP(=O)([O-])OCC[N+](C)(C)C)C(O)C=CCCCCCCC)CCCCCCCCCCCCCCC=CCCCCCCCCCCCC,530,False,True,False,Normalized unit: Intensity; Annotation method: Msp20260116160945_NCDK_conventional_converted_dev_1,False,False,305,0,0.00,1.00,null,null,null,-1.00,-1.00,-0.143,1005.87,P Sandie 50 Serum 4_GD1_01_66553,799.66846:238988 800.67312:124340 801.67779:34448,null,2433107,2469934,2569984,2494207,2491808.06779687,57854.6410033963
306,30.836,799.66956,no MS2: SM 41:2;O2|SM 12:1;O2/29:1,[M+H]+,null,1.00,False,11.389,799.66882,C46H91N2O6P,SM,MUJUIOOFUNCSJZ-UHFFFAOYSA-N,O=C(NC(COP(=O)([O-])OCC[N+](C)(C)C)C(O)C=CCCCCCCC)CCCCCCCCCCCCCCC=CCCCCCCCCCCCC,530,False,True,False,Normalized unit: Intensity; Annotation method: Msp20260116160945_NCDK_conventional_converted_dev_1,False,False,306,0,0.00,1.00,null,null,null,-1.00,-1.00,-0.143,1875.11,P Sandie 50 Serum 4_GD1_01_66553,799.66882:459630 800.67349:233794 801.67816:59976,null,5404486,5386678,5747619,5632539,5542830.48328125,176549.11749977
307,38.247,799.67773,no MS2: TG 46:1|TG 8:0_8:0_30:1,[M+Na]+,null,1.00,False,14.163,799.67859,C49H92O6,TG,NMHMTWQHQHBCQY-UHFFFAOYSA-N,O=C(OCC(OC(=O)CCCCCCC)COC(=O)CCCCCCCCCCCCCCCCCCCC=CCCCCCCCC)CCCCCCC,530,False,True,False,Normalized unit: Intensity; Annotation method: Msp20260116160945_NCDK_conventional_converted_dev_1,False,False,307,0,0.00,1.00,null,null,null,-1.00,-1.00,-0.143,943.43,P Sandie 50 Serum 1_GD1_01_66550,799.67883:129572 800.68350:68838 801.68817:17894,null,554384,564545,563434,564369,561682.928749999,4890.20046480045
308,32.389,801.68512,no MS2: SM 41:1;O2|SM 12:1;O2/29:0,[M+H]+,null,1.00,False,12.823,801.68439,C46H93N2O6P,SM,BLDDOFPGXMISDI-UHFFFAOYSA-N,O=C(NC(COP(=O)([O-])OCC[N+](C)(C)C)C(O)C=CCCCCCCC)CCCCCCCCCCCCCCCCCCCCCCCCCCCC,530,False,True,False,Normalized unit: Intensity; Annotation method: Msp20260116160945_NCDK_conventional_converted_dev_1,False,False,308,0,0.00,1.00,null,null,null,-1.00,-1.00,-0.143,5511.57,P Sandie 50 Serum 4_GD1_01_66553,801.68433:860388 802.68899:419502 803.69366:115676,null,9740927,9919449,10422850,10524087,10151828.1019844,380731.316558902
309,24.209,802.53461,no MS2: PC 36:5,[M+Na]+,null,1.00,False,8.721,802.53571,C44H78NO8P,PC,CQFURSURYXJXCF-UHFFFAOYSA-N,O=C(OCC(OC(=O)CCCCCCCCCCCCCC=CCC=CCC=CCC=CCC=CCC)COP(=O)([O-])OCC[N+](C)(C)C)CCCCC,530,False,True,False,Normalized unit: Intensity; Annotation method: Msp20260116160945_NCDK_conventional_converted_dev_1,False,False,309,0,0.00,1.00,null,null,null,-1.00,-1.00,-0.145,1008.45,P Sandie 50 Serum 4_GD1_01_66553,802.53491:141690 803.53958:68584 804.54425:21416,null,2048531,2115186,2127357,2121130,2103050.9565,36684.7065327096
310,21.341,802.59674,no MS2: RIKEN P-VS1 ID-11369 from Mouse_AdrenalGlands_fads2KO_N_Ctr,[M+H]+,null,1.00,False,8.110,802.59460,null,Unknown,null,null,530,False,True,False,Normalized unit: Intensity; Annotation method: Msp20260116160945_NCDK_conventional_converted_dev_1,False,False,310,0,0.00,1.00,null,null,null,-1.00,-1.00,-0.130,693.30,P Sandie 50 Serum 1_GD1_01_66550,802.59528:92116 803.59994:41858 804.60461:10470,null,1243026,1851178,2012660,1918295,1756289.47382812,348527.774988596
311,25.771,802.60748,no MS2: SL 48:7;O2|SL 12:1;O/36:6;O,[M+H]+,null,1.00,False,11.535,802.60138,C48H83NO6S,SL,MPLXKFDGTYYHIU-UHFFFAOYSA-N,O=C(N(CC(O)C=CCCCCCCC)CS(=O)(=O)O)C(O)CCCCCCCCCCCCCCCC=CCC=CCC=CCC=CCC=CCC=CCC,530,False,True,False,Normalized unit: Intensity; Annotation method: Msp20260116160945_NCDK_conventional_converted_dev_1,False,False,311,0,0.00,0.83,null,null,null,-1.00,-1.00,-0.225,563.10,P Sandie 50 Serum 4_GD1_01_66553,802.60620:80698 803.61087:37530 804.61554:4320,null,1680698,1751092,1742460,1763640,1734472.62984375,36889.2362538061
312,12.225,803.54315,no MS2: RIKEN P-VS1 ID-11405 from Cell_C2C12_WT_N_4h10DHA,[M+H]+,null,1.00,False,7.370,803.53680,null,Unknown,null,null,530,False,True,False,Normalized unit: Intensity; Annotation method: Msp20260116160945_NCDK_conventional_converted_dev_1,False,False,312,0,0.00,0.82,null,null,null,-1.00,-1.00,-0.210,5343.15,P Sandie 50 Serum 1_GD1_01_66550,803.54187:837898 804.54654:427324 805.55121:124582,null,4290330,4413008,4583698,4398227,4421315.76067187,121281.408788732
313,25.679,804.55054,no MS2: NAGlySer 43:12;O2|NAGlySer 19:5;O(FA 24:6),[M+NH4]+,null,1.00,False,8.425,804.55212,C48H70N2O7,NAGlySer,OGYJQVVOLIBTIU-UHFFFAOYSA-N,O=C(OC(C=CCC=CCC=CCC=CCC=CCC)CC(=O)NCC(=O)NC(C(=O)O)CO)CCCCC=CCC=CCC=CCC=CCC=CCC=CCC,530,False,True,False,Normalized unit: Intensity; Annotation method: Msp20260116160945_NCDK_conventional_converted_dev_1,False,False,313,0,0.00,1.00,null,null,null,-1.00,-1.00,-0.143,4006.13,P Sandie 50 Serum 3_GD1_01_66552,804.55194:696182 805.55661:337774 806.56128:934026,null,12686562,12994846,13171807,13506930,13090036.2454844,342704.868722883
314,24.692,804.55066,no MS2: PC 36:4,[M+Na]+,null,1.00,False,9.134,804.55139,C44H80NO8P,PC,ROAWVQALUMGMDA-UHFFFAOYSA-N,O=C(OCC(OC(=O)CCCCCCCCCCCCCCCCC=CCC=CCC=CCC=CCC)COP(=O)([O-])OCC[N+](C)(C)C)CCCCC,530,False,True,False,Normalized unit: Intensity; Annotation method: Msp20260116160945_NCDK_conventional_converted_dev_1,False,False,314,0,0.00,1.00,null,null,null,-1.00,-1.00,-0.145,1902.16,P Sandie 50 Serum 3_GD1_01_66552,804.55066:278500 805.55533:129656 806.55999:342348,null,3964081,3997792,4286775,4285461,4133527.4040625,176734.016880261
315,27.463,804.62201,no MS2: SL 48:6;O2|SL 12:1;O/36:5;O,[M+H]+,null,1.00,False,12.268,804.61700,C48H85NO6S,SL,MXPVIWHHRQPEHE-UHFFFAOYSA-N,O=C(N(CC(O)C=CCCCCCCC)CS(=O)(=O)O)C(O)CCCCCCCCCCCCCCCCCCC=CCC=CCC=CCC=CCC=CCC,530,False,True,False,Normalized unit: Intensity; Annotation method: Msp20260116160945_NCDK_conventional_converted_dev_1,False,False,315,0,0.00,0.86,null,null,null,-1.00,-1.00,-0.212,358.59,P Sandie 50 Serum 4_GD1_01_66553,804.62140:60952 805.62607:29058 806.63073:6874,null,1149654,1147180,1187715,1171512,1164015.23509375,19214.1025623466
316,37.228,805.70166,no MS2: SL 46:0;O2|SL 12:0;O/34:0;O,[M+NH4]+,null,1.00,False,13.517,805.70618,C46H93NO6S,SL,XTOAMYHXBNDUSO-UHFFFAOYSA-N,O=C(N(CC(O)CCCCCCCCC)CS(=O)(=O)O)C(O)CCCCCCCCCCCCCCCCCCCCCCCCCCCCCCCC,530,False,True,False,Normalized unit: Intensity; Annotation method: Msp20260116160945_NCDK_conventional_converted_dev_1,False,False,316,0,0.00,0.85,null,null,null,-1.00,-1.00,-0.216,746.98,P Sandie 50 Serum 3_GD1_01_66552,805.70166:115430 806.70633:67128 807.71100:17268,null,426827,456721,492218,492688,467113.584359376,31703.5114436275
317,26.798,806.56592,no MS2: PC 36:3,[M+Na]+,null,1.00,False,9.689,806.56702,C44H82NO8P,PC,WSXZDAPARWPHLV-UHFFFAOYSA-N,O=C(OCC(OC(=O)CCCCCCCCCCCCCCC=CCC=CCC=CCCCCCCC)COP(=O)([O-])OCC[N+](C)(C)C)CCCCC,530,False,True,False,Normalized unit: Intensity; Annotation method: Msp20260116160945_NCDK_conventional_converted_dev_1,False,False,317,0,0.00,1.00,null,null,null,-1.00,-1.00,-0.143,4789.14,P Sandie 50 Serum 3_GD1_01_66552,806.56708:911632 807.57175:443242 808.57641:239292,null,15772189,16158594,16077446,16378757,16096746.5532031,251041.016145267
318,26.458,806.56635,no MS2: PC 36:3,[M+Na]+,null,1.00,False,9.689,806.56702,C44H82NO8P,PC,WSXZDAPARWPHLV-UHFFFAOYSA-N,O=C(OCC(OC(=O)CCCCCCCCCCCCCCC=CCC=CCC=CCCCCCCC)COP(=O)([O-])OCC[N+](C)(C)C)CCCCC,530,False,True,False,Normalized unit: Intensity; Annotation method: Msp20260116160945_NCDK_conventional_converted_dev_1,False,False,318,0,0.00,1.00,null,null,null,-1.00,-1.00,-0.144,3534.79,P Sandie 50 Serum 1_GD1_01_66550,806.56641:578258 807.57107:288474 808.57574:1671832,null,7940893,7744464,7930771,7710354,7831620.62292188,121206.803344402
319,25.562,806.56799,no MS2: NAGlySer 43:11;O2|NAGlySer 15:4;O(FA 28:6),[M+NH4]+,null,1.00,False,8.463,806.56781,C48H72N2O7,NAGlySer,QESQZFHZPIQFIJ-UHFFFAOYSA-N,O=C(OC(C=CCC=CCC=CCC)C=CCC(=O)NCC(=O)NC(C(=O)O)CO)CCCCCCCCC=CCC=CCC=CCC=CCC=CCC=CCC,530,False,True,False,Normalized unit: Intensity; Annotation method: Msp20260116160945_NCDK_conventional_converted_dev_1,False,False,319,0,0.00,1.00,null,null,null,-1.00,-1.00,-0.143,30245.72,P Sandie 50 Serum 1_GD1_01_66550,806.56799:4536004 807.57266:2215294 808.57733:613032,null,42921032,43223504,44152765,44165516,43615704.3594532,639561.511096871
320,38.090,806.72125,no MS2: TG 47:2|TG 8:0_8:1_31:1,[M+NH4]+,null,1.00,False,14.191,806.72321,C50H92O6,TG,YBQAFKGWHATJDV-UHFFFAOYSA-N,O=C(OCC(OC(=O)CCC=CCCC)COC(=O)CCCCCCCCCCCCCCCCCCC=CCCCCCCCCCC)CCCCCCC,530,False,True,False,Normalized unit: Intensity; Annotation method: Msp20260116160945_NCDK_conventional_converted_dev_1,False,False,320,0,0.00,1.00,null,null,null,-1.00,-1.00,-0.143,948.65,P Sandie 50 Serum 2_GD1_01_66551,806.72302:116734 807.72769:60670 808.73236:17206,null,954958,937635,952128,965406,952531.79153125,11455.5470497479
321,25.577,806.72711,no MS2: TG 47:2|TG 8:0_8:1_31:1,[M+NH4]+,null,0.50,False,14.191,806.72321,C50H92O6,TG,YBQAFKGWHATJDV-UHFFFAOYSA-N,O=C(OCC(OC(=O)CCC=CCCC)COC(=O)CCCCCCCCCCCCCCCCCCC=CCCCCCCCCCC)CCCCCCC,530,False,True,False,Normalized unit: Intensity; Annotation method: Msp20260116160945_NCDK_conventional_converted_dev_1,False,False,321,0,0.00,0.91,null,null,null,-1.00,-1.00,-0.190,533.27,P Sandie 50 Serum 4_GD1_01_66553,806.72681:69960 807.73147:19738 808.73614:1466,null,326732,319205,444242,422802,378245.052062501,64498.7428331951
322,25.562,806.84131,Unknown,[M+H]+,null,1.00,False,null,null,null,null,null,null,999,False,False,False,Normalized unit: Intensity,False,False,322,0,0.00,null,null,null,null,null,null,null,559.47,P Sandie 50 Serum 4_GD1_01_66553,806.84131:81614 807.84598:12592 808.85064:0,null,431550,406628,499383,505992,460888.326328126,49400.2074847251
323,29.321,807.63434,no MS2: RIKEN P-VS1 ID-11605 from Mouse_Brain_WT_N_F1AA,[M+Na]+,null,1.00,False,12.480,807.63660,null,Unknown,null,null,530,False,True,False,Normalized unit: Intensity; Annotation method: Msp20260116160945_NCDK_conventional_converted_dev_1,False,False,323,0,0.00,1.00,null,null,null,-1.00,-1.00,-0.130,789.14,P Sandie 50 Serum 2_GD1_01_66551,807.63605:164440 808.64072:72534 809.64538:18202,null,1502560,1524694,1569955,1609342,1551637.56967188,47609.1952756988
324,29.652,807.63599,no MS2: RIKEN P-VS1 ID-11605 from Mouse_Brain_WT_N_F1AA,[M+H]+,null,1.00,False,12.480,807.63660,null,Unknown,null,null,530,False,True,False,Normalized unit: Intensity; Annotation method: Msp20260116160945_NCDK_conventional_converted_dev_1,False,False,324,0,0.00,1.00,null,null,null,-1.00,-1.00,-0.130,2187.69,P Sandie 50 Serum 2_GD1_01_66551,807.63599:448862 808.64065:221674 809.64532:56488,null,5137764,5318617,5346680,5447029,5312522.2873125,128888.000972192
325,37.637,807.71655,Unknown,[M+H]+,null,1.00,False,null,null,null,null,null,null,999,False,False,False,Normalized unit: Intensity,False,False,325,0,0.00,null,null,null,null,null,null,null,1620.53,P Sandie 50 Serum 3_GD1_01_66552,807.71655:298620 808.72122:162146 809.72589:42154,null,997360,1005100,1107582,1084153,1048548.69723437,55559.860132693
326,28.438,808.58331,no MS2: NAGlySer 43:10;O2|NAGlySer 15:3;O(FA 28:6),[M+NH4]+,null,1.00,False,8.251,808.58337,C48H74N2O7,NAGlySer,GBANVCZVXXRIAQ-UHFFFAOYSA-N,O=C(OC(C=CCC=CCC=CCC)CCCC(=O)NCC(=O)NC(C(=O)O)CO)CCCCCCCCC=CCC=CCC=CCC=CCC=CCC=CCC,530,False,True,False,Normalized unit: Intensity; Annotation method: Msp20260116160945_NCDK_conventional_converted_dev_1,False,False,326,0,0.00,1.00,null,null,null,-1.00,-1.00,-0.143,7749.25,P Sandie 50 Serum 3_GD1_01_66552,808.58331:1343722 809.58798:663462 810.59265:5094440,null,26717408,27845181,28059005,28444008,27766400.3835625,741925.700682464
327,27.041,808.58405,no MS2: NAGlySer 43:10;O2|NAGlySer 15:3;O(FA 28:6),[M+NH4]+,null,1.00,False,8.251,808.58337,C48H74N2O7,NAGlySer,GBANVCZVXXRIAQ-UHFFFAOYSA-N,O=C(OC(C=CCC=CCC=CCC)CCCC(=O)NCC(=O)NC(C(=O)O)CO)CCCCCCCCC=CCC=CCC=CCC=CCC=CCC=CCC,530,False,True,False,Normalized unit: Intensity; Annotation method: Msp20260116160945_NCDK_conventional_converted_dev_1,False,False,327,0,0.00,1.00,null,null,null,-1.00,-1.00,-0.143,4736.11,P Sandie 50 Serum 4_GD1_01_66553,808.58331:743924 809.58798:377540 810.59265:105230,null,12488855,12487643,12897882,13063412,12734447.9374531,292208.171569268
328,26.410,808.58411,no MS2: NAGlySer 43:10;O2|NAGlySer 15:3;O(FA 28:6),[M+NH4]+,null,1.00,False,8.251,808.58337,C48H74N2O7,NAGlySer,GBANVCZVXXRIAQ-UHFFFAOYSA-N,O=C(OC(C=CCC=CCC=CCC)CCCC(=O)NCC(=O)NC(C(=O)O)CO)CCCCCCCCC=CCC=CCC=CCC=CCC=CCC=CCC,530,False,True,False,Normalized unit: Intensity; Annotation method: Msp20260116160945_NCDK_conventional_converted_dev_1,False,False,328,0,0.00,1.00,null,null,null,-1.00,-1.00,-0.143,12941.72,P Sandie 50 Serum 4_GD1_01_66553,808.58362:1940846 809.58829:961712 810.59295:263312,null,28067862,27568793,28549229,28525077,28177740.3120469,462434.143881294
329,38.577,808.73700,no MS2: TG 47:1|TG 8:0_8:0_31:1,[M+NH4]+,null,1.00,False,14.345,808.73889,C50H94O6,TG,BXESBGJPQKVTOD-UHFFFAOYSA-N,O=C(OCC(OC(=O)CCCCCCC)COC(=O)CCCCCCCCCCCCCCCCCCC=CCCCCCCCCCC)CCCCCCC,530,False,True,False,Normalized unit: Intensity; Annotation method: Msp20260116160945_NCDK_conventional_converted_dev_1,False,False,329,0,0.00,1.00,null,null,null,-1.00,-1.00,-0.144,1989.79,P Sandie 50 Serum 1_GD1_01_66550,808.73846:270314 809.74313:150714 810.74780:43380,null,1259583,1247440,1261827,1253170,1255504.95629687,6508.69712547733
330,28.434,809.58655,no MS2: RIKEN P-VS1 ID-11705 from Mouse_Macrophage_WT_N_F1AA,[M+H]+,null,1.00,False,9.880,809.58990,null,Unknown,null,null,530,False,True,False,Normalized unit: Intensity; Annotation method: Msp20260116160945_NCDK_conventional_converted_dev_1,False,False,330,0,0.00,0.93,null,null,null,-1.00,-1.00,-0.158,4782.65,P Sandie 50 Serum 3_GD1_01_66552,809.58691:663462 810.59158:5094440 811.59625:2581880,null,13414352,13653078,13780885,13786309,13658655.8702813,174117.794391087
331,31.288,809.65076,no MS2: SM 40:1;O2,[M+Na]+,null,1.00,False,12.194,809.65070,C45H91N2O6P,SM,QHMKUNDEIJYLPC-UHFFFAOYSA-N,O=C(NC(COP(=O)([O-])OCC[N+](C)(C)C)C(O)C=CCCCCCCC)CCCCCCCCCCCCCCCCCCCCCCCCCCC,530,False,True,False,Normalized unit: Intensity; Annotation method: Msp20260116160945_NCDK_conventional_converted_dev_1,False,False,331,0,0.00,1.00,null,null,null,-1.00,-1.00,-0.143,5122.76,P Sandie 50 Serum 4_GD1_01_66553,809.65076:716126 810.65542:359572 811.66009:91624,null,8611173,9017987,9698130,9750535,9269456.3933125,551292.958807536
332,28.329,809.65265,no MS2: SM 42:4;O2|SM 12:1;O2/30:3,[M+H]+,null,1.00,False,10.201,809.65308,C47H89N2O6P,SM,BPIDPBMVWUMKNC-UHFFFAOYSA-N,O=C(NC(COP(=O)([O-])OCC[N+](C)(C)C)C(O)C=CCCCCCCC)CCCCCCCCCCCCCCC=CCC=CCC=CCCCCCCC,530,False,True,False,Normalized unit: Intensity; Annotation method: Msp20260116160945_NCDK_conventional_converted_dev_1,False,False,332,0,0.00,1.00,null,null,null,-1.00,-1.00,-0.144,1297.21,P Sandie 50 Serum 4_GD1_01_66553,809.65265:147882 810.65732:8076 811.66198:1458,null,1066939,1079493,1114219,1118483,1094783.56846875,25485.420905983
333,38.116,809.73254,Unknown,[M+H]+,null,1.00,False,null,null,null,null,null,null,999,False,False,False,Normalized unit: Intensity,False,False,333,0,0.00,null,null,null,null,null,null,null,1503.76,P Sandie 50 Serum 3_GD1_01_66552,809.73254:276270 810.73721:138436 811.74188:40700,null,843184,849929,955487,934143,895685.556640628,57460.8401203475
334,30.026,810.59863,no MS2: PC 36:1,[M+Na]+,null,1.00,False,10.628,810.59833,C44H86NO8P,PC,BKACBHCGNYBKHD-UHFFFAOYSA-N,O=C(OCC(OC(=O)CCCCCCCCCCCCCCCCCCC=CCCCCCCCCCC)COP(=O)([O-])OCC[N+](C)(C)C)CCCC,530,False,True,False,Normalized unit: Intensity; Annotation method: Msp20260116160945_NCDK_conventional_converted_dev_1,False,False,334,0,0.00,1.00,null,null,null,-1.00,-1.00,-0.143,2242.94,P Sandie 50 Serum 1_GD1_01_66550,810.59845:336424 811.60312:167436 812.60779:112400,null,7128149,7357460,7518101,7638799,7410627.204875,220781.715687017
335,27.424,810.59961,no MS2: DMPE 39:4|DMPE 5:0_34:4,[M+H]+,null,1.00,False,10.938,810.60071,C46H84NO8P,DMPE,YZBROJFPJKNUJO-UHFFFAOYSA-N,O=C(OCC(OC(=O)CCCCCCCCCCCCCCCCCCCCC=CCC=CCC=CCC=CCC)COP(=O)(O)OCCN(C)C)CCCC,530,False,True,False,Normalized unit: Intensity; Annotation method: Msp20260116160945_NCDK_conventional_converted_dev_1,False,False,335,0,0.00,1.00,null,null,null,-1.00,-1.00,-0.143,2029.32,P Sandie 50 Serum 3_GD1_01_66552,810.60071:360652 811.60538:185716 812.61004:49430,null,5867689,5920182,5909980,5999743,5924398.586375,55131.256279103
336,27.877,810.59967,no MS2: DMPE 39:4|DMPE 5:0_34:4,[M+H]+,null,1.00,False,10.938,810.60071,C46H84NO8P,DMPE,YZBROJFPJKNUJO-UHFFFAOYSA-N,O=C(OCC(OC(=O)CCCCCCCCCCCCCCCCCCCCC=CCC=CCC=CCC=CCC)COP(=O)(O)OCCN(C)C)CCCC,530,False,True,False,Normalized unit: Intensity; Annotation method: Msp20260116160945_NCDK_conventional_converted_dev_1,False,False,336,0,0.00,1.00,null,null,null,-1.00,-1.00,-0.143,2508.42,P Sandie 50 Serum 2_GD1_01_66551,810.60071:518212 811.60538:264156 812.61004:72646,null,9255220,9132452,9404627,9580749,9343261.800125,193526.931719706
337,28.382,810.60089,no MS2: DMPE 39:4|DMPE 5:0_34:4,[M+H]+,null,1.00,False,10.938,810.60071,C46H84NO8P,DMPE,YZBROJFPJKNUJO-UHFFFAOYSA-N,O=C(OCC(OC(=O)CCCCCCCCCCCCCCCCCCCCC=CCC=CCC=CCC=CCC)COP(=O)(O)OCCN(C)C)CCCC,530,False,True,False,Normalized unit: Intensity; Annotation method: Msp20260116160945_NCDK_conventional_converted_dev_1,False,False,337,0,0.00,1.00,null,null,null,-1.00,-1.00,-0.143,45138.46,P Sandie 50 Serum 1_GD1_01_66550,810.60089:6736948 811.60556:3454986 812.61023:921670,null,87028248,88404156,87956015,90349233,88434412.9145782,1399239.90002368
338,39.160,810.75275,no MS2: TG 47:0|TG 8:0_8:0_31:0,[M+NH4]+,null,1.00,False,14.599,810.75452,C50H96O6,TG,PYDYTVPPCAOBMK-UHFFFAOYSA-N,O=C(OCC(OC(=O)CCCCCCC)COC(=O)CCCCCCCCCCCCCCCCCCCCCCCCCCCCCC)CCCCCCC,530,False,True,False,Normalized unit: Intensity; Annotation method: Msp20260116160945_NCDK_conventional_converted_dev_1,False,False,338,0,0.00,1.00,null,null,null,-1.00,-1.00,-0.143,848.16,P Sandie 50 Serum 1_GD1_01_66550,810.75433:177398 811.75900:96536 812.76367:28320,null,682493,676970,704675,714948,694771.625156251,18007.2880249344
339,28.382,810.87823,Unknown,[M+H]+,null,1.00,False,null,null,null,null,null,null,999,False,False,False,Normalized unit: Intensity,False,False,339,0,0.00,null,null,null,null,null,null,null,1026.12,P Sandie 50 Serum 1_GD1_01_66550,810.87823:124504 811.88290:43990 812.88757:3704,null,1158125,1090918,1206192,1185264,1160124.85776563,50158.7039509766
340,28.382,811.28839,Unknown,[M+H]+,null,1.00,False,null,null,null,null,null,null,999,False,False,False,Normalized unit: Intensity,False,False,340,0,0.00,null,null,null,null,null,null,null,2834.83,P Sandie 50 Serum 3_GD1_01_66552,811.28839:198854 812.29306:73808 813.29773:1882,null,1844548,1787676,1938245,1870526,1860248.69617188,62456.2464772498
341,30.018,811.66882,no MS2: RIKEN P-VS1 ID-11826 from Mouse_Kidney_WT_N_F1,[M+H]+,null,1.00,False,12.770,811.66669,null,Unknown,null,null,530,False,True,False,Normalized unit: Intensity; Annotation method: Msp20260116160945_NCDK_conventional_converted_dev_1,False,False,341,0,0.00,0.98,null,null,null,-1.00,-1.00,-0.137,8265.95,P Sandie 50 Serum 4_GD1_01_66553,811.66827:1707200 812.67294:870764 813.67761:234832,null,21021174,21143273,21558694,21590064,21328301.5349531,288769.264515315
342,28.956,812.61591,no MS2: NAGlySer 43:8;O2|NAGlySer 15:1;O(FA 28:6),[M+NH4]+,null,1.00,False,9.063,812.61469,C48H78N2O7,NAGlySer,KUZPIEVYOYJJNW-UHFFFAOYSA-N,O=C(OC(C=CCCCCC)CCCCCCC(=O)NCC(=O)NC(C(=O)O)CO)CCCCCCCCC=CCC=CCC=CCC=CCC=CCC=CCC,530,False,True,False,Normalized unit: Intensity; Annotation method: Msp20260116160945_NCDK_conventional_converted_dev_1,False,False,342,0,0.00,1.00,null,null,null,-1.00,-1.00,-0.143,926.74,P Sandie 50 Serum 4_GD1_01_66553,812.61469:167278 813.61935:79520 814.62402:21948,null,2612104,2685051,2687025,2685355,2667383.988,36863.3498390647
343,29.391,812.61627,no MS2: DMPE 39:3|DMPE 5:0_34:3,[M+H]+,null,1.00,False,11.616,812.61639,C46H86NO8P,DMPE,PWBLIPDTDTZCDQ-UHFFFAOYSA-N,O=C(OCC(OC(=O)CCCCCCCCCCCCCCCCCCC=CCC=CCC=CCCCCCCC)COP(=O)(O)OCCN(C)C)CCCC,530,False,True,False,Normalized unit: Intensity; Annotation method: Msp20260116160945_NCDK_conventional_converted_dev_1,False,False,343,0,0.00,1.00,null,null,null,-1.00,-1.00,-0.143,23214.67,P Sandie 50 Serum 1_GD1_01_66550,812.61627:2697984 813.62094:1435582 814.62561:381406,null,41914012,41703426,42887992,42643875,42287326.1726719,568104.626355647
344,29.392,813.30298,Unknown,[M+H]+,null,0.75,False,null,null,null,null,null,null,999,False,False,False,Normalized unit: Intensity,False,False,344,0,0.00,null,null,null,null,null,null,null,788.34,P Sandie 50 Serum 1_GD1_01_66550,813.30298:60818 814.30765:9252 815.31231:922,null,472874,430020,501699,491508,474025.2300625,31671.3446527773
345,31.602,813.68396,no MS2: SM 42:2;O2|SM 12:1;O2/30:1,[M+H]+,null,1.00,False,12.174,813.68439,C47H93N2O6P,SM,OQOXDFBSXXNVGR-UHFFFAOYSA-N,O=C(NC(COP(=O)([O-])OCC[N+](C)(C)C)C(O)C=CCCCCCCC)CCCCCCCCCCCCCCCCCCCC=CCCCCCCCC,530,False,True,False,Normalized unit: Intensity; Annotation method: Msp20260116160945_NCDK_conventional_converted_dev_1,False,False,345,0,0.00,1.00,null,null,null,-1.00,-1.00,-0.143,14994.12,P Sandie 50 Serum 2_GD1_01_66551,813.68469:3010090 814.68936:1536906 815.69403:419932,null,30029106,30369200,29688107,29824528,29977735.477125,296221.014933043
346,31.950,813.68481,no MS2: SM 42:2;O2|SM 12:1;O2/30:1,[M+H]+,null,1.00,False,12.174,813.68439,C47H93N2O6P,SM,OQOXDFBSXXNVGR-UHFFFAOYSA-N,O=C(NC(COP(=O)([O-])OCC[N+](C)(C)C)C(O)C=CCCCCCCC)CCCCCCCCCCCCCCCCCCCC=CCCCCCCCC,530,False,True,False,Normalized unit: Intensity; Annotation method: Msp20260116160945_NCDK_conventional_converted_dev_1,False,False,346,0,0.00,1.00,null,null,null,-1.00,-1.00,-0.143,9213.11,P Sandie 50 Serum 2_GD1_01_66551,813.68451:1015052 814.68918:524070 815.69384:143584,null,12911588,13089006,13624258,13937495,13390586.9998437,474025.905733796
347,31.602,814.37097,Unknown,[M+H]+,null,1.00,False,null,null,null,null,null,null,999,False,False,False,Normalized unit: Intensity,False,False,347,0,0.00,null,null,null,null,null,null,null,819.94,P Sandie 50 Serum 1_GD1_01_66550,814.37097:74338 815.37564:11002 816.38031:858,null,453700,453606,452080,431140,447631.503437501,11019.6458037136
348,30.758,814.63287,no MS2: DMPE 39:2|DMPE 5:0_34:2,[M+H]+,null,1.00,False,12.876,814.63202,C46H88NO8P,DMPE,YGKOCXWHRNEVNC-UHFFFAOYSA-N,O=C(OCC(OC(=O)CCCCCCCCCCCCCCCCCCCCCC=CCC=CCCCCCCC)COP(=O)(O)OCCN(C)C)CCCC,530,False,True,False,Normalized unit: Intensity; Annotation method: Msp20260116160945_NCDK_conventional_converted_dev_1,False,False,348,0,0.00,1.00,null,null,null,-1.00,-1.00,-0.143,1653.78,P Sandie 50 Serum 4_GD1_01_66553,814.63190:185938 815.63656:92336 816.64123:25516,null,4466810,4538371,4647196,4635198,4571893.44870313,85331.1779870014
349,37.172,814.68976,no MS2: SE 24:2;O5/27:1,[M+NH4]+,null,1.00,False,13.311,814.69189,C51H88O6,KDCAE,BYAYZUDZCGECMC-UHFFFAOYSA-N,O=C(O)CCC(C)C1CCC2C3C(=O)CC4CC(OC(=O)CCCCCCCCCCCCCCC=CCCCCCCCCCC)CCC4(C)C3CC(O)C12C,530,False,True,False,Normalized unit: Intensity; Annotation method: Msp20260116160945_NCDK_conventional_converted_dev_1,False,False,349,0,0.00,1.00,null,null,null,-1.00,-1.00,-0.143,466.22,P Sandie 50 Serum 2_GD1_01_66551,814.69153:113604 815.69620:73038 816.70086:24346,null,614190,607047,628220,651473,625232.369140625,19580.1599567064
350,33.421,815.69855,no MS2: SM 42:1;O2|SM 12:1;O2/30:0,[M+H]+,null,1.00,False,13.070,815.70007,C47H95N2O6P,SM,SJKQWVPGRUTFNL-UHFFFAOYSA-N,O=C(NC(COP(=O)([O-])OCC[N+](C)(C)C)C(O)C=CCCCCCCC)CCCCCCCCCCCCCCCCCCCCCCCCCCCCC,530,False,True,False,Normalized unit: Intensity; Annotation method: Msp20260116160945_NCDK_conventional_converted_dev_1,False,False,350,0,0.00,1.00,null,null,null,-1.00,-1.00,-0.143,9950.40,P Sandie 50 Serum 4_GD1_01_66553,815.70007:1221186 816.70474:625384 817.70941:182572,null,15227919,15283840,15457906,15500420,15367521.4592656,132064.26871203
351,27.990,816.58740,no MS2: RIKEN P-VS1 ID-12029 from Mouse_Testis_WT_N_Ctr,[M+H]+,null,1.00,False,10.030,816.58862,null,Unknown,null,null,530,False,True,False,Normalized unit: Intensity; Annotation method: Msp20260116160945_NCDK_conventional_converted_dev_1,False,False,351,0,0.00,0.99,null,null,null,-1.00,-1.00,-0.133,1054.78,P Sandie 50 Serum 1_GD1_01_66550,816.58752:141430 817.59219:71078 818.59686:31436,null,2024103,2002190,2067053,2051265,2036152.81646875,28762.7337333319
352,25.745,816.62280,no MS2: RIKEN P-VS1 ID-12036 from Mouse_Macrophage_WT_N_F1,[M+NH4]+,null,1.00,False,9.130,816.62610,null,Unknown,null,null,530,False,True,False,Normalized unit: Intensity; Annotation method: Msp20260116160945_NCDK_conventional_converted_dev_1,False,False,352,0,0.00,0.92,null,null,null,-1.00,-1.00,-0.164,400.84,P Sandie 50 Serum 3_GD1_01_66552,816.62280:68182 817.62747:33142 818.63214:8662,null,1070625,1105659,1187443,1125188,1122228.86803125,48987.1629010668
353,37.533,816.70575,no MS2: SE 24:1;O4/27:1;O,[M+NH4]+,null,1.00,False,13.660,816.70758,C51H90O6,DCAE,KETQVFQTNGVDNW-UHFFFAOYSA-N,O=C(O)CCC(C)C1CCC2C3CCC4CC(OC(=O)CCCCCCCC(O)CCCCCCCCC=CCCCCCCCC)CCC4(C)C3CC(O)C12C,530,False,True,False,Normalized unit: Intensity; Annotation method: Msp20260116160945_NCDK_conventional_converted_dev_1,False,False,353,0,0.00,0.99,null,null,null,-1.00,-1.00,-0.148,3363.33,P Sandie 50 Serum 2_GD1_01_66551,816.70642:573182 817.71109:304050 818.71576:87686,null,3165806,3060247,3104293,3119033,3112344.65823438,43519.5346859246
354,29.920,818.60352,no MS2: LPC 38:4,[M+Na]+,null,0.25,False,10.775,818.60339,C46H86NO7P,LPC,YAXLRNAVRKNGDD-UHFFFAOYSA-N,O=C(OCC(O)COP(=O)([O-])OCC[N+](C)(C)C)CCCCCCCCCCCCCCCCCCCCCCCCC=CCC=CCC=CCC=CCC,530,False,True,False,Normalized unit: Intensity; Annotation method: Msp20260116160945_NCDK_conventional_converted_dev_1,False,False,354,0,0.00,1.00,null,null,null,-1.00,-1.00,-0.143,650.09,P Sandie 50 Serum 1_GD1_01_66550,818.60352:64320 819.60818:31296 820.61285:29272,null,985575,1121487,1181749,1161004,1112453.80460938,88202.0139277815
355,37.933,818.72211,no MS2: SE 24:1;O4/27:0;O,[M+NH4]+,null,1.00,False,13.837,818.72321,C51H92O6,DCAE,VFKXZTNFVYAFDK-UHFFFAOYSA-N,O=C(O)CCC(C)C1CCC2C3CCC4CC(OC(=O)CCCCCCCC(O)CCCCCCCCCCCCCCCCCC)CCC4(C)C3CC(O)C12C,530,False,True,False,Normalized unit: Intensity; Annotation method: Msp20260116160945_NCDK_conventional_converted_dev_1,False,False,355,0,0.00,0.99,null,null,null,-1.00,-1.00,-0.146,17017.63,P Sandie 50 Serum 2_GD1_01_66551,818.72229:3245822 819.72696:1833934 820.73163:538120,null,14290639,14019360,14483126,14394256,14296845.2524688,201019.166698286
356,28.384,820.58313,no MS2: NAGlySer 44:11;O2|NAGlySer 16:4;O(FA 28:6),[M+NH4]+,null,0.50,False,8.516,820.58337,C49H74N2O7,NAGlySer,ZHIBGRCAMBNOTO-UHFFFAOYSA-N,O=C(OC(C=CCC=CCC=CCC=CCC)CC(=O)NCC(=O)NC(C(=O)O)CO)CCCCCCCCC=CCC=CCC=CCC=CCC=CCC=CCC,530,False,True,False,Normalized unit: Intensity; Annotation method: Msp20260116160945_NCDK_conventional_converted_dev_1,False,False,356,0,0.00,1.00,null,null,null,-1.00,-1.00,-0.143,417.83,P Sandie 50 Serum 3_GD1_01_66552,820.58313:62764 821.58780:38110 822.59247:9260,null,982776,998763,1014609,1025097,1005311.114,18517.0730942338
357,38.403,820.73755,no MS2: TG 48:2|TG 8:0_8:0_32:2,[M+NH4]+,null,1.00,False,14.167,820.73889,C51H94O6,TG,XJRNFRCYKQXMGQ-UHFFFAOYSA-N,O=C(OCC(OC(=O)CCCCCCC)COC(=O)CCCCCCCCCCCCCCCCCCCC=CCC=CCCCCCCC)CCCCCCC,530,False,True,False,Normalized unit: Intensity; Annotation method: Msp20260116160945_NCDK_conventional_converted_dev_1,False,False,357,0,0.00,1.00,null,null,null,-1.00,-1.00,-0.143,46460.86,P Sandie 50 Serum 2_GD1_01_66551,820.73865:4793062 821.74332:2692068 822.74798:771516,null,34460204,34424782,35429233,35442019,34939059.2654999,573591.476475885
358,38.412,820.89709,Unknown,[M+2H]2+,null,1.00,False,null,null,null,null,null,null,999,False,False,False,Normalized unit: Intensity,False,False,358,0,0.00,null,null,null,null,null,null,null,831.08,P Sandie 50 Serum 4_GD1_01_66553,820.89709:115216 821.90176:47614 822.90643:3280,null,571909,570048,592460,611727,586535.943343747,19625.447644074
359,38.403,821.01483,Unknown,[M+H]+,null,1.00,False,null,null,null,null,null,null,999,False,False,False,Normalized unit: Intensity,False,False,359,0,0.00,null,null,null,null,null,null,null,1513.91,P Sandie 50 Serum 4_GD1_01_66553,821.01483:111068 822.01950:36534 823.02417:2402,null,555712,540683,600889,614398,577920.560078122,35298.6987478837
360,28.386,821.08337,Unknown,[M+H]+,null,1.00,False,null,null,null,null,null,null,999,False,False,False,Normalized unit: Intensity,False,False,360,0,0.00,null,null,null,null,null,null,null,557.84,P Sandie 50 Serum 4_GD1_01_66553,821.08337:68602 822.08804:18474 823.09271:2098,null,942950,983124,989282,1023834,984797.462171876,33155.7877496244
361,30.505,821.65143,no MS2: SM 41:2;O2,[M+Na]+,null,1.00,False,11.389,821.65070,C46H91N2O6P,SM,MUJUIOOFUNCSJZ-UHFFFAOYSA-N,O=C(NC(COP(=O)([O-])OCC[N+](C)(C)C)C(O)C=CCCCCCCC)CCCCCCCCCCCCCCC=CCCCCCCCCCCCC,530,False,True,False,Normalized unit: Intensity; Annotation method: Msp20260116160945_NCDK_conventional_converted_dev_1,False,False,361,0,0.00,1.00,null,null,null,-1.00,-1.00,-0.143,688.58,P Sandie 50 Serum 4_GD1_01_66553,821.65063:121858 822.65530:64362 823.65997:0,null,1179534,1206271,1277787,1234118,1224427.4799375,41977.2177939929
362,30.836,821.65161,no MS2: SM 41:2;O2,[M+Na]+,null,1.00,False,11.389,821.65070,C46H91N2O6P,SM,MUJUIOOFUNCSJZ-UHFFFAOYSA-N,O=C(NC(COP(=O)([O-])OCC[N+](C)(C)C)C(O)C=CCCCCCCC)CCCCCCCCCCCCCCC=CCCCCCCCCCCCC,530,False,True,False,Normalized unit: Intensity; Annotation method: Msp20260116160945_NCDK_conventional_converted_dev_1,False,False,362,0,0.00,1.00,null,null,null,-1.00,-1.00,-0.143,1274.51,P Sandie 50 Serum 4_GD1_01_66553,821.65082:229198 822.65549:114650 823.66015:28538,null,2441987,2494959,2690563,2687000,2578627.08360938,129028.770644954
363,37.533,821.66205,no MS2: TG 48:4|TG 8:0_8:0_32:4,[M+Na]+,null,1.00,False,13.928,821.66302,C51H90O6,TG,PHPXQGCOMVJDIK-UHFFFAOYSA-N,O=C(OCC(OC(=O)CCCCCCC)COC(=O)CCCCCCCCCCCCCCCCCCC=CCC=CCC=CCC=CCC)CCCCCCC,530,False,True,False,Normalized unit: Intensity; Annotation method: Msp20260116160945_NCDK_conventional_converted_dev_1,False,False,363,0,0.00,1.00,null,null,null,-1.00,-1.00,-0.145,683.60,P Sandie 50 Serum 2_GD1_01_66551,821.66229:87926 822.66696:46390 823.67163:15168,null,503690,479167,504251,502457,497391.202875,12172.8213122101
364,38.917,822.75293,no MS2: TG 48:1|TG 8:0_8:0_32:1,[M+NH4]+,null,1.00,False,14.440,822.75452,C51H96O6,TG,HWMSPIVEAFDGBF-UHFFFAOYSA-N,O=C(OCC(OC(=O)CCCCCCC)COC(=O)CCCCCCCCCCCCCCCCCCCCCC=CCCCCCCCC)CCCCCCC,530,False,True,False,Normalized unit: Intensity; Annotation method: Msp20260116160945_NCDK_conventional_converted_dev_1,False,False,364,0,0.00,1.00,null,null,null,-1.00,-1.00,-0.143,49280.69,P Sandie 50 Serum 1_GD1_01_66550,822.75446:7820628 823.75912:4172874 824.76379:1210654,null,25077546,24611665,25917963,26670507,25569420.191047,911611.934590447
365,38.917,822.91162,Unknown,[M+2H]2+,null,1.00,False,null,null,null,null,null,null,999,False,False,False,Normalized unit: Intensity,False,False,365,0,0.00,null,null,null,null,null,null,null,846.54,P Sandie 50 Serum 4_GD1_01_66553,822.91162:155126 823.91629:90418 824.92096:6278,null,467354,462437,488850,520216,484714.238375002,26300.325522285
366,38.917,823.03265,Unknown,[M+H]+,null,1.00,False,null,null,null,null,null,null,999,False,False,False,Normalized unit: Intensity,False,False,366,0,0.00,null,null,null,null,null,null,null,1286.26,P Sandie 50 Serum 4_GD1_01_66553,823.03265:135788 824.03732:95078 825.04199:0,null,429438,428903,432953,444699,433998.454171877,7356.63299443823
367,23.340,823.55511,Unknown,[M+H]+,null,0.50,False,null,null,null,null,null,null,999,False,False,False,Normalized unit: Intensity,False,False,367,0,0.00,null,null,null,null,null,null,null,330.82,P Sandie 50 Serum 3_GD1_01_66552,823.55511:52610 824.55978:21546 825.56445:5554,null,743312,783398,894639,889251,827650.08325,76055.8199175999
368,32.389,823.66632,no MS2: SM 41:1;O2,[M+Na]+,null,1.00,False,12.823,823.66632,C46H93N2O6P,SM,BLDDOFPGXMISDI-UHFFFAOYSA-N,O=C(NC(COP(=O)([O-])OCC[N+](C)(C)C)C(O)C=CCCCCCCC)CCCCCCCCCCCCCCCCCCCCCCCCCCCC,530,False,True,False,Normalized unit: Intensity; Annotation method: Msp20260116160945_NCDK_conventional_converted_dev_1,False,False,368,0,0.00,1.00,null,null,null,-1.00,-1.00,-0.143,2402.44,P Sandie 50 Serum 4_GD1_01_66553,823.66632:378726 824.67099:197354 825.67566:48780,null,4720813,4743947,4945710,5066887,4869339.33453125,165972.369092957
369,37.933,823.67719,no MS2: TG 48:3|TG 8:0_8:0_32:3,[M+Na]+,null,1.00,False,13.957,823.67859,C51H92O6,TG,SVUUFERWFZNDEK-UHFFFAOYSA-N,O=C(OCC(OC(=O)CCCCCCC)COC(=O)CCCCCCCCCCCCCCCCC=CCC=CCC=CCCCCCCC)CCCCCCC,530,False,True,False,Normalized unit: Intensity; Annotation method: Msp20260116160945_NCDK_conventional_converted_dev_1,False,False,369,0,0.00,0.99,null,null,null,-1.00,-1.00,-0.146,2277.67,P Sandie 50 Serum 2_GD1_01_66551,823.67761:299482 824.68228:165730 825.68695:45040,null,1503344,1468428,1439419,1452718,1465977.10578126,27588.6311656272
370,39.561,824.76843,no MS2: TG 48:0|TG 8:0_8:0_32:0,[M+NH4]+,null,1.00,False,14.998,824.77020,C51H98O6,TG,JZFABHSXSAWMSE-UHFFFAOYSA-N,O=C(OCC(OC(=O)CCCCCCC)COC(=O)CCCCCCCCCCCCCCCCCCCCCCCCCCCCCCC)CCCCCCC,530,False,True,False,Normalized unit: Intensity; Annotation method: Msp20260116160945_NCDK_conventional_converted_dev_1,False,False,370,0,0.00,1.00,null,null,null,-1.00,-1.00,-0.143,27864.93,P Sandie 50 Serum 2_GD1_01_66551,824.77039:4041484 825.77505:2338394 826.77972:640328,null,16991082,16592785,17795553,17666064,17261371.2727813,568386.697693282
371,39.561,825.46161,Unknown,[M+H]+,null,1.00,False,null,null,null,null,null,null,999,False,False,False,Normalized unit: Intensity,False,False,371,0,0.00,null,null,null,null,null,null,null,983.28,P Sandie 50 Serum 3_GD1_01_66552,825.46161:125092 826.46628:42208 827.47094:1670,null,344548,337935,378574,375348,359101.384890626,20840.349204697
372,38.395,825.69415,no MS2: TG 48:2|TG 8:0_8:0_32:2,[M+Na]+,null,1.00,False,14.167,825.69427,C51H94O6,TG,XJRNFRCYKQXMGQ-UHFFFAOYSA-N,O=C(OCC(OC(=O)CCCCCCC)COC(=O)CCCCCCCCCCCCCCCCCCCC=CCC=CCCCCCCC)CCCCCCC,530,False,True,False,Normalized unit: Intensity; Annotation method: Msp20260116160945_NCDK_conventional_converted_dev_1,False,False,372,0,0.00,1.00,null,null,null,-1.00,-1.00,-0.143,1645.46,P Sandie 50 Serum 2_GD1_01_66551,825.69415:165312 826.69882:90858 827.70349:23286,null,1360259,1401327,1303200,1329105,1348472.83351562,42258.2119097756
373,23.108,826.59625,no MS2: TG 50:13|TG 15:4_15:4_20:5,[M+NH4]+,null,1.00,False,12.134,826.59802,C53H76O6,TG,CKZLXIHGFRGPRX-UHFFFAOYSA-N,O=C(OCC(OC(=O)CC=CCC=CCC=CCC=CCC)COC(=O)CCCC=CCC=CCC=CCC=CCC=CCC)CC=CCC=CCC=CCC=CCC,530,False,True,False,Normalized unit: Intensity; Annotation method: Msp20260116160945_NCDK_conventional_converted_dev_1,False,False,373,0,0.00,0.98,null,null,null,-1.00,-1.00,-0.154,505.20,P Sandie 50 Serum 3_GD1_01_66552,826.59625:83292 827.60092:42058 828.60559:22212,null,856197,845840,951496,930905,896109.54825,52909.7412301634
374,32.333,827.70007,no MS2: SM 43:2;O2|SM 12:1;O2/31:1,[M+H]+,null,1.00,False,12.985,827.70007,C48H95N2O6P,SM,VKNUJKMHSZNGMX-UHFFFAOYSA-N,O=C(NC(COP(=O)([O-])OCC[N+](C)(C)C)C(O)C=CCCCCCCC)CCCCCCCCCCCCCCCCCCC=CCCCCCCCCCC,530,False,True,False,Normalized unit: Intensity; Annotation method: Msp20260116160945_NCDK_conventional_converted_dev_1,False,False,374,0,0.00,1.00,null,null,null,-1.00,-1.00,-0.143,777.05,P Sandie 50 Serum 3_GD1_01_66552,827.70007:84632 828.70474:43584 829.70941:10980,null,817457,813130,888376,887988,851737.861468748,42119.218352027
375,38.912,827.70813,no MS2: TG 48:1|TG 8:0_8:0_32:1,[M+Na]+,null,1.00,False,14.440,827.70990,C51H96O6,TG,HWMSPIVEAFDGBF-UHFFFAOYSA-N,O=C(OCC(OC(=O)CCCCCCC)COC(=O)CCCCCCCCCCCCCCCCCCCCCC=CCCCCCCCC)CCCCCCC,530,False,True,False,Normalized unit: Intensity; Annotation method: Msp20260116160945_NCDK_conventional_converted_dev_1,False,False,375,0,0.00,1.00,null,null,null,-1.00,-1.00,-0.143,843.97,P Sandie 50 Serum 2_GD1_01_66551,827.71008:143930 828.71475:81848 829.71942:22214,null,466607,477570,469533,489890,475899.805437501,10414.9660632619
376,25.562,828.55023,no MS2: PC 38:6,[M+Na]+,null,1.00,False,8.900,828.55139,C46H80NO8P,PC,KKVDMSZJVFAMDW-UHFFFAOYSA-N,O=C(OCC(OC(=O)CCCCCCCCCCCCC=CCC=CCC=CCC=CCC=CCC=CCC)COP(=O)([O-])OCC[N+](C)(C)C)CCCCC,530,False,True,False,Normalized unit: Intensity; Annotation method: Msp20260116160945_NCDK_conventional_converted_dev_1,False,False,376,0,0.00,0.99,null,null,null,-1.00,-1.00,-0.148,4474.00,P Sandie 50 Serum 3_GD1_01_66552,828.55023:881830 829.55490:442412 830.55957:113852,null,7057731,7061142,7222238,7186241,7131837.95562501,84895.1922258944
377,24.635,828.55090,no MS2: PC 38:6,[M+Na]+,null,1.00,False,8.900,828.55139,C46H80NO8P,PC,KKVDMSZJVFAMDW-UHFFFAOYSA-N,O=C(OCC(OC(=O)CCCCCCCCCCCCC=CCC=CCC=CCC=CCC=CCC=CCC)COP(=O)([O-])OCC[N+](C)(C)C)CCCCC,530,False,True,False,Normalized unit: Intensity; Annotation method: Msp20260116160945_NCDK_conventional_converted_dev_1,False,False,377,0,0.00,1.00,null,null,null,-1.00,-1.00,-0.144,509.54,P Sandie 50 Serum 3_GD1_01_66552,828.55090:96252 829.55557:45398 830.56024:23662,null,1193881,1235150,1631591,1698382,1439751.02028125,262047.071832961
378,27.041,830.56592,no MS2: PC 38:5,[M+Na]+,null,1.00,False,9.639,830.56702,C46H82NO8P,PC,CANZVNSRAPPYKG-UHFFFAOYSA-N,O=C(OCC(OC(=O)CCCCCCCCCCCCCCCC=CCC=CCC=CCC=CCC=CCC)COP(=O)([O-])OCC[N+](C)(C)C)CCCCC,530,False,True,False,Normalized unit: Intensity; Annotation method: Msp20260116160945_NCDK_conventional_converted_dev_1,False,False,378,0,0.00,1.00,null,null,null,-1.00,-1.00,-0.143,784.78,P Sandie 50 Serum 3_GD1_01_66552,830.56665:159922 831.57132:78780 832.57599:23840,null,2590413,2535625,2569709,2597711,2573364.33910938,27815.0387872825
379,26.397,830.56610,no MS2: PC 38:5,[M+Na]+,null,1.00,False,9.639,830.56702,C46H82NO8P,PC,CANZVNSRAPPYKG-UHFFFAOYSA-N,O=C(OCC(OC(=O)CCCCCCCCCCCCCCCC=CCC=CCC=CCC=CCC=CCC)COP(=O)([O-])OCC[N+](C)(C)C)CCCCC,530,False,True,False,Normalized unit: Intensity; Annotation method: Msp20260116160945_NCDK_conventional_converted_dev_1,False,False,379,0,0.00,1.00,null,null,null,-1.00,-1.00,-0.143,2245.63,P Sandie 50 Serum 3_GD1_01_66552,830.56665:360622 831.57132:185382 832.57599:81094,null,5479092,5399223,5506275,5528276,5478216.09454687,56373.6179131185
380,28.434,830.63867,no MS2: RIKEN P-VS1 ID-12610 from Mouse_Heart_WT_N_F1,[M+H]+,null,1.00,False,8.830,830.63397,null,Unknown,null,null,530,False,True,False,Normalized unit: Intensity; Annotation method: Msp20260116160945_NCDK_conventional_converted_dev_1,False,False,380,0,0.00,0.93,null,null,null,-1.00,-1.00,-0.158,375.22,P Sandie 50 Serum 4_GD1_01_66553,830.63702:73610 831.64169:40628 832.64636:4994,null,1473508,1606394,1655548,1640283,1593933.41878125,82869.7570613708
381,37.368,831.71613,no MS2: BA 24:1;O4;G/25:0,[M+NH4]+,null,1.00,False,13.320,831.71851,C51H91NO6,GDCAE,JCNKJPBHYXQHSZ-UHFFFAOYSA-N,O=C(O)CNC(=O)CCC(C)C1CCC2C3CCC4CC(OC(=O)CCCCCCCCCCCCCCCCCCCCCCCC)CCC4(C)C3CC(O)C12C,530,False,True,False,Normalized unit: Intensity; Annotation method: Msp20260116160945_NCDK_conventional_converted_dev_1,False,False,381,0,0.00,0.99,null,null,null,-1.00,-1.00,-0.150,700.21,P Sandie 50 Serum 1_GD1_01_66550,831.71710:78206 832.72177:44368 833.72644:12806,null,575933,584873,645681,656352,615709.602015625,41162.8289863669
382,27.877,832.58215,no MS2: PC 38:4,[M+Na]+,null,1.00,False,9.783,832.58270,C46H84NO8P,PC,FJQQQTLUYGFYFW-UHFFFAOYSA-N,O=C(OCC(OC(=O)CCCCCCCCCCCCCCCCCCC=CCC=CCC=CCC=CCC)COP(=O)([O-])OCC[N+](C)(C)C)CCCCC,530,False,True,False,Normalized unit: Intensity; Annotation method: Msp20260116160945_NCDK_conventional_converted_dev_1,False,False,382,0,0.00,1.00,null,null,null,-1.00,-1.00,-0.143,631.73,P Sandie 50 Serum 2_GD1_01_66551,832.58295:109272 833.58761:56440 834.59228:22054,null,2074922,1994434,2110814,2140086,2080063.6874375,63000.4346478524
383,28.355,832.58301,no MS2: NAGlySer 45:12;O2|NAGlySer 19:5;O(FA 26:6),[M+NH4]+,null,1.00,False,8.632,832.58337,C50H74N2O7,NAGlySer,RKZUWXMDVDKJAJ-UHFFFAOYSA-N,O=C(OC(C=CCC=CCC=CCC=CCC=CCC)CC(=O)NCC(=O)NC(C(=O)O)CO)CCCCCCC=CCC=CCC=CCC=CCC=CCC=CCC,530,False,True,False,Normalized unit: Intensity; Annotation method: Msp20260116160945_NCDK_conventional_converted_dev_1,False,False,383,0,0.00,1.00,null,null,null,-1.00,-1.00,-0.143,4052.00,P Sandie 50 Serum 2_GD1_01_66551,832.58319:708798 833.58786:362304 834.59253:442854,null,11442773,11706562,11893451,12073247,11779008.5684688,269552.726194632
384,26.258,832.58441,no MS2: NAGlySer 45:12;O2|NAGlySer 19:5;O(FA 26:6),[M+NH4]+,null,1.00,False,8.632,832.58337,C50H74N2O7,NAGlySer,RKZUWXMDVDKJAJ-UHFFFAOYSA-N,O=C(OC(C=CCC=CCC=CCC=CCC=CCC)CC(=O)NCC(=O)NC(C(=O)O)CO)CCCCCCC=CCC=CCC=CCC=CCC=CCC=CCC,530,False,True,False,Normalized unit: Intensity; Annotation method: Msp20260116160945_NCDK_conventional_converted_dev_1,False,False,384,0,0.00,1.00,null,null,null,-1.00,-1.00,-0.143,1319.94,P Sandie 50 Serum 4_GD1_01_66553,832.58350:181928 833.58816:96092 834.59283:26402,null,3198542,3185465,3332413,3315947,3258091.60004688,76793.6161005437
385,38.238,832.73761,no MS2: SE 24:1;O4/28:0;O,[M+NH4]+,null,1.00,False,13.773,832.73889,C52H94O6,DCAE,TXZXBSAYOVJZOM-UHFFFAOYSA-N,O=C(O)CCC(C)C1CCC2C3CCC4CC(OC(=O)CCCCCCCC(O)CCCCCCCCCCCCCCCCCCC)CCC4(C)C3CC(O)C12C,530,False,True,False,Normalized unit: Intensity; Annotation method: Msp20260116160945_NCDK_conventional_converted_dev_1,False,False,385,0,0.00,1.00,null,null,null,-1.00,-1.00,-0.143,1812.83,P Sandie 50 Serum 1_GD1_01_66550,832.73877:285148 833.74344:165640 834.74811:47290,null,1827474,1810974,1858262,1867965,1841168.75304687,26517.3663550791
386,30.013,833.65082,no MS2: SM 42:3;O2,[M+Na]+,null,1.00,False,10.722,833.65070,C47H91N2O6P,SM,OSQDHYJRSISFIL-UHFFFAOYSA-N,O=C(NC(COP(=O)([O-])OCC[N+](C)(C)C)C(O)C=CCCCCCCC)CCCCCCCCCCCCCCCCCC=CCC=CCCCCCCC,530,False,True,False,Normalized unit: Intensity; Annotation method: Msp20260116160945_NCDK_conventional_converted_dev_1,False,False,386,0,0.00,1.00,null,null,null,-1.00,-1.00,-0.143,4026.25,P Sandie 50 Serum 1_GD1_01_66550,833.65076:509642 834.65542:261736 835.66009:65844,null,7272338,7428943,7521065,7766843,7497297.18565625,206961.206894476
387,37.794,833.73254,no MS2: SL 48:0;O2|SL 12:0;O/36:0;O,[M+NH4]+,null,1.00,False,13.687,833.73749,C48H97NO6S,SL,QPXKRMQCYMLEHO-UHFFFAOYSA-N,O=C(N(CC(O)CCCCCCCCC)CS(=O)(=O)O)C(O)CCCCCCCCCCCCCCCCCCCCCCCCCCCCCCCCCC,530,False,True,False,Normalized unit: Intensity; Annotation method: Msp20260116160945_NCDK_conventional_converted_dev_1,False,False,387,0,0.00,0.86,null,null,null,-1.00,-1.00,-0.213,3086.95,P Sandie 50 Serum 2_GD1_01_66551,833.73291:426852 834.73758:245672 835.74225:68190,null,2087570,2133343,2359325,2305316,2221388.67814062,131313.752222678
388,29.391,834.59814,no MS2: PC 38:3,[M+Na]+,null,1.00,False,10.314,834.59833,C46H86NO8P,PC,RSFPKBHSGZGCAF-UHFFFAOYSA-N,O=C(OCC(OC(=O)CCCCCCCCCCCCCCCCC=CCC=CCC=CCCCCCCC)COP(=O)([O-])OCC[N+](C)(C)C)CCCCC,530,False,True,False,Normalized unit: Intensity; Annotation method: Msp20260116160945_NCDK_conventional_converted_dev_1,False,False,388,0,0.00,1.00,null,null,null,-1.00,-1.00,-0.143,2956.36,P Sandie 50 Serum 1_GD1_01_66550,834.59814:537686 835.60281:278642 836.60748:80492,null,8880642,8927536,9155577,9153186,9029235.095875,145772.409474082
389,28.229,834.60040,no MS2: DMPE 41:6|DMPE 5:0_36:6,[M+H]+,null,1.00,False,9.792,834.60071,C48H84NO8P,DMPE,HKKYVOXALIOUIL-UHFFFAOYSA-N,O=C(OCC(OC(=O)CCCCCCCCCCCCCCCCC=CCC=CCC=CCC=CCC=CCC=CCC)COP(=O)(O)OCCN(C)C)CCCC,530,False,True,False,Normalized unit: Intensity; Annotation method: Msp20260116160945_NCDK_conventional_converted_dev_1,False,False,389,0,0.00,1.00,null,null,null,-1.00,-1.00,-0.143,9273.32,P Sandie 50 Serum 2_GD1_01_66551,834.60065:1706572 835.60531:925788 836.60998:265704,null,18560147,18229331,18723151,18727578,18560051.7255781,233839.625795675
390,33.186,834.68024,no MS2: RIKEN P-VS1 ID-12797 from Mouse_Brain_fads2KO_N_Ctr,[M+H]+,null,1.00,False,12.850,834.67609,null,Unknown,null,null,530,False,True,False,Normalized unit: Intensity; Annotation method: Msp20260116160945_NCDK_conventional_converted_dev_1,False,False,390,0,0.00,0.96,null,null,null,-1.00,-1.00,-0.148,530.42,P Sandie 50 Serum 1_GD1_01_66550,834.67859:79148 835.68326:42990 836.68792:12388,null,518300,519272,552651,543951,533543.560234374,17411.1590865253
391,38.691,834.75311,no MS2: TG 49:2|TG 8:0_8:1_33:1,[M+NH4]+,null,1.00,False,13.816,834.75452,C52H96O6,TG,WBJXEWVFNZCCAP-UHFFFAOYSA-N,O=C(OCC(OC(=O)CCC=CCCC)COC(=O)CCCCCCCCCCCCCCCCCCCCC=CCCCCCCCCCC)CCCCCCC,530,False,True,False,Normalized unit: Intensity; Annotation method: Msp20260116160945_NCDK_conventional_converted_dev_1,False,False,391,0,0.00,1.00,null,null,null,-1.00,-1.00,-0.143,2376.62,P Sandie 50 Serum 1_GD1_01_66550,834.75446:436986 835.75912:250958 836.76379:71806,null,3578057,3535488,3625187,3698616,3609336.85217187,69890.6681779423
392,31.954,835.66681,no MS2: SM 42:2;O2,[M+Na]+,null,1.00,False,12.174,835.66632,C47H93N2O6P,SM,OQOXDFBSXXNVGR-UHFFFAOYSA-N,O=C(NC(COP(=O)([O-])OCC[N+](C)(C)C)C(O)C=CCCCCCCC)CCCCCCCCCCCCCCCCCCCC=CCCCCCCCC,530,False,True,False,Normalized unit: Intensity; Annotation method: Msp20260116160945_NCDK_conventional_converted_dev_1,False,False,392,0,0.00,1.00,null,null,null,-1.00,-1.00,-0.143,3098.53,P Sandie 50 Serum 3_GD1_01_66552,835.66663:454652 836.67129:239346 837.67596:64490,null,6146282,6154035,6441785,6801621,6385931.02178125,309367.78632987
393,31.597,835.66730,no MS2: SM 42:2;O2,[M+Na]+,null,1.00,False,12.174,835.66632,C47H93N2O6P,SM,OQOXDFBSXXNVGR-UHFFFAOYSA-N,O=C(NC(COP(=O)([O-])OCC[N+](C)(C)C)C(O)C=CCCCCCCC)CCCCCCCCCCCCCCCCCCCC=CCCCCCCCC,530,False,True,False,Normalized unit: Intensity; Annotation method: Msp20260116160945_NCDK_conventional_converted_dev_1,False,False,393,0,0.00,1.00,null,null,null,-1.00,-1.00,-0.143,5116.50,P Sandie 50 Serum 2_GD1_01_66551,835.66650:829042 836.67117:429210 837.67584:113862,null,9552820,9968992,10251550,10214053,9996853.76257814,321448.639071336
394,38.247,835.74847,Unknown,[M+H]+,null,1.00,False,null,null,null,null,null,null,999,False,False,False,Normalized unit: Intensity,False,False,394,0,0.00,null,null,null,null,null,null,null,3301.44,P Sandie 50 Serum 3_GD1_01_66552,835.74847:676202 836.75314:381068 837.75781:105184,null,2405659,2418240,2714150,2605541,2535897.18295312,149921.755713597
395,29.613,836.61536,no MS2: NAGlySer 45:10;O2|NAGlySer 17:3;O(FA 28:6),[M+NH4]+,null,1.00,False,9.430,836.61469,C50H78N2O7,NAGlySer,OOHNUDYIIZLLPF-UHFFFAOYSA-N,O=C(OC(CC=CCC=CCC=CCC)CCCCC(=O)NCC(=O)NC(C(=O)O)CO)CCCCCCCCC=CCC=CCC=CCC=CCC=CCC=CCC,530,False,True,False,Normalized unit: Intensity; Annotation method: Msp20260116160945_NCDK_conventional_converted_dev_1,False,False,395,0,0.00,1.00,null,null,null,-1.00,-1.00,-0.143,1912.06,P Sandie 50 Serum 4_GD1_01_66553,836.61481:200480 837.61947:101180 838.62414:29468,null,3050535,3098234,3171131,3260897,3145199.503625,91697.841268269
396,29.008,836.61633,no MS2: DMPE 41:5|DMPE 5:0_36:5,[M+H]+,null,1.00,False,10.950,836.61639,C48H86NO8P,DMPE,QOYHFZQVPRPDHD-UHFFFAOYSA-N,O=C(OCC(OC(=O)CCCCCCCCCCCCCCCCCCCC=CCC=CCC=CCC=CCC=CCC)COP(=O)(O)OCCN(C)C)CCCC,530,False,True,False,Normalized unit: Intensity; Annotation method: Msp20260116160945_NCDK_conventional_converted_dev_1,False,False,396,0,0.00,1.00,null,null,null,-1.00,-1.00,-0.143,3938.93,P Sandie 50 Serum 1_GD1_01_66550,836.61633:431928 837.62100:236732 838.62567:67176,null,6192244,6203805,6322975,6290195,6252304.9138125,64263.5744296944
397,39.317,836.76794,no MS2: TG 49:1|TG 8:0_8:0_33:1,[M+NH4]+,null,1.00,False,14.378,836.77020,C52H98O6,TG,VCEFMDOXMKROQX-UHFFFAOYSA-N,O=C(OCC(OC(=O)CCCCCCC)COC(=O)CCCCCCCCCCCCCCCCCCCCC=CCCCCCCCCCC)CCCCCCC,530,False,True,False,Normalized unit: Intensity; Annotation method: Msp20260116160945_NCDK_conventional_converted_dev_1,False,False,397,0,0.00,1.00,null,null,null,-1.00,-1.00,-0.143,3373.50,P Sandie 50 Serum 2_GD1_01_66551,836.77026:490690 837.77493:287778 838.77960:87252,null,2146541,2058739,2133870,2130736,2117471.27617185,39746.817882046
398,39.178,836.76801,no MS2: TG 49:1|TG 8:0_8:0_33:1,[M+NH4]+,null,1.00,False,14.378,836.77020,C52H98O6,TG,VCEFMDOXMKROQX-UHFFFAOYSA-N,O=C(OCC(OC(=O)CCCCCCC)COC(=O)CCCCCCCCCCCCCCCCCCCCC=CCCCCCCCCCC)CCCCCCC,530,False,True,False,Normalized unit: Intensity; Annotation method: Msp20260116160945_NCDK_conventional_converted_dev_1,False,False,398,0,0.00,1.00,null,null,null,-1.00,-1.00,-0.144,2586.84,P Sandie 50 Serum 1_GD1_01_66550,836.76959:376544 837.77426:222194 838.77893:70120,null,1438360,1537815,1510664,1548621,1508865.01475001,49641.5483156039
399,33.425,837.68207,no MS2: SM 42:1;O2,[M+Na]+,null,1.00,False,13.070,837.68201,C47H95N2O6P,SM,SJKQWVPGRUTFNL-UHFFFAOYSA-N,O=C(NC(COP(=O)([O-])OCC[N+](C)(C)C)C(O)C=CCCCCCCC)CCCCCCCCCCCCCCCCCCCCCCCCCCCCC,530,False,True,False,Normalized unit: Intensity; Annotation method: Msp20260116160945_NCDK_conventional_converted_dev_1,False,False,399,0,0.00,1.00,null,null,null,-1.00,-1.00,-0.143,3259.86,P Sandie 50 Serum 3_GD1_01_66552,837.68207:503604 838.68674:259788 839.69140:68232,null,6500825,6684966,7246967,7161947,6898676.13531251,362664.094259066
400,38.795,837.76361,no MS2: RIKEN P-VS1 ID-12915 from Mouse_Ear_fads2KO_N_Ctr,[M+H]+,null,1.00,False,15.550,837.76727,null,Unknown,null,null,530,False,True,False,Normalized unit: Intensity; Annotation method: Msp20260116160945_NCDK_conventional_converted_dev_1,False,False,400,0,0.00,0.96,null,null,null,-1.00,-1.00,-0.145,2753.58,P Sandie 50 Serum 2_GD1_01_66551,837.76501:373396 838.76968:214610 839.77435:58054,null,1448925,1431918,1531642,1530492,1485744.39378124,52794.8551183024
401,30.344,838.63232,no MS2: RIKEN P-VS1 ID-12943 from Mouse_SmallIntestine_WT_N_F1AA,[M+H]+,null,1.00,False,1.690,838.63263,null,Unknown,null,null,530,False,True,False,Normalized unit: Intensity; Annotation method: Msp20260116160945_NCDK_conventional_converted_dev_1,False,False,401,0,0.00,1.00,null,null,null,-1.00,-1.00,-0.129,1979.51,P Sandie 50 Serum 3_GD1_01_66552,838.63232:224440 839.63699:118754 840.64166:31728,null,3273874,3333249,3475391,3351936,3358612.62007812,84667.242920065
402,39.979,838.78278,no MS2: TG 49:0|TG 8:0_8:0_33:0,[M+NH4]+,null,1.00,False,14.722,838.78583,C52H100O6,TG,BPOBZWBSUWAXCF-UHFFFAOYSA-N,O=C(OCC(OC(=O)CCCCCCC)COC(=O)CCCCCCCCCCCCCCCCCCCCCCCCCCCCCCCC)CCCCCCC,530,False,True,False,Normalized unit: Intensity; Annotation method: Msp20260116160945_NCDK_conventional_converted_dev_1,False,False,402,0,0.00,1.00,null,null,null,-1.00,-1.00,-0.144,1463.02,P Sandie 50 Serum 2_GD1_01_66551,838.78522:183500 839.78989:105744 840.79455:29614,null,781843,790998,825778,822806,805356.065734381,22215.5265660374
403,37.733,842.72083,no MS2: TG 50:5|TG 8:0_8:0_34:5,[M+NH4]+,null,1.00,False,13.968,842.72321,C53H92O6,TG,YXKXYJLCCLIVPY-UHFFFAOYSA-N,O=C(OCC(OC(=O)CCCCCCC)COC(=O)CCCCCCCCCCCCCCCCCC=CCC=CCC=CCC=CCC=CCC)CCCCCCC,530,False,True,False,Normalized unit: Intensity; Annotation method: Msp20260116160945_NCDK_conventional_converted_dev_1,False,False,403,0,0.00,0.98,null,null,null,-1.00,-1.00,-0.154,3391.63,P Sandie 50 Serum 2_GD1_01_66551,842.72144:427620 843.72610:253970 844.73077:80726,null,4032919,3910335,4119515,4163420,4056547.10298438,111539.338533642
404,28.434,844.65430,no MS2: SL 51:7;O2|SL 15:1;O/36:6;O,[M+H]+,null,1.00,False,12.682,844.64832,C51H89NO6S,SL,JDDAOBCUVILWKX-UHFFFAOYSA-N,O=C(N(CC(O)C=CCCCCCCCCCC)CS(=O)(=O)O)C(O)CCCCCCCCCCCCCCCC=CCC=CCC=CCC=CCC=CCC=CCC,530,False,True,False,Normalized unit: Intensity; Annotation method: Msp20260116160945_NCDK_conventional_converted_dev_1,False,False,404,0,0.00,0.87,null,null,null,-1.00,-1.00,-0.206,376.41,P Sandie 50 Serum 4_GD1_01_66553,844.65271:58776 845.65738:28504 846.66205:7888,null,942693,973426,1029922,991529,984392.440187501,36437.1036435554
405,38.107,844.73706,no MS2: TG 50:4|TG 8:0_8:0_34:4,[M+NH4]+,null,1.00,False,13.930,844.73889,C53H94O6,TG,NBOUVXSQNXDJHU-UHFFFAOYSA-N,O=C(OCC(OC(=O)CCCCCCC)COC(=O)CCCCCCCCCCCCCCCCCCCCC=CCC=CCC=CCC=CCC)CCCCCCC,530,False,True,False,Normalized unit: Intensity; Annotation method: Msp20260116160945_NCDK_conventional_converted_dev_1,False,False,405,0,0.00,1.00,null,null,null,-1.00,-1.00,-0.144,24136.45,P Sandie 50 Serum 2_GD1_01_66551,844.73828:3928748 845.74295:2279492 846.74762:673428,null,22900149,22803987,23703488,23615555,23255794.8460782,469209.101122199
406,38.336,844.73761,no MS2: TG 50:4|TG 8:0_8:0_34:4,[M+NH4]+,null,0.50,False,13.930,844.73889,C53H94O6,TG,NBOUVXSQNXDJHU-UHFFFAOYSA-N,O=C(OCC(OC(=O)CCCCCCC)COC(=O)CCCCCCCCCCCCCCCCCCCCC=CCC=CCC=CCC=CCC)CCCCCCC,530,False,True,False,Normalized unit: Intensity; Annotation method: Msp20260116160945_NCDK_conventional_converted_dev_1,False,False,406,0,0.00,0.99,null,null,null,-1.00,-1.00,-0.149,3098.94,P Sandie 50 Serum 3_GD1_01_66552,844.73761:490494 845.74228:282894 846.74695:86032,null,2036799,2034131,1956289,1932088,1989826.69853125,53627.9376732379
407,38.107,845.43762,Unknown,[M+H]+,null,1.00,False,null,null,null,null,null,null,999,False,False,False,Normalized unit: Intensity,False,False,407,0,0.00,null,null,null,null,null,null,null,551.25,P Sandie 50 Serum 3_GD1_01_66552,845.43762:91744 846.44229:22368 847.44696:1526,null,298133,286083,349998,345561,319943.993625001,32566.7579021044
408,37.933,845.73303,no MS2: BA 24:1;O4;G/26:0,[M+NH4]+,null,1.00,False,13.573,845.73407,C52H93NO6,GDCAE,HTLJIGPMOBZBIL-UHFFFAOYSA-N,O=C(O)CNC(=O)CCC(C)C1CCC2C3CCC4CC(OC(=O)CCCCCCCCCCCCCCCCCCCCCCCCC)CCC4(C)C3CC(O)C12C,530,False,True,False,Normalized unit: Intensity; Annotation method: Msp20260116160945_NCDK_conventional_converted_dev_1,False,False,408,0,0.00,0.99,null,null,null,-1.00,-1.00,-0.145,3343.62,P Sandie 50 Serum 2_GD1_01_66551,845.73322:482058 846.73788:274428 847.74255:79086,null,1872541,1969658,1933956,1891484,1916909.41996877,43543.2064282389
409,38.560,846.75323,no MS2: TG 50:3|TG 8:0_8:0_34:3,[M+NH4]+,null,1.00,False,13.920,846.75452,C53H96O6,TG,JLQAKOSOIVPICE-UHFFFAOYSA-N,O=C(OCC(OC(=O)CCCCCCC)COC(=O)CCCCCCCCCCCCCCCCCCC=CCC=CCC=CCCCCCCC)CCCCCCC,530,False,True,False,Normalized unit: Intensity; Annotation method: Msp20260116160945_NCDK_conventional_converted_dev_1,False,False,409,0,0.00,1.00,null,null,null,-1.00,-1.00,-0.143,105528.60,P Sandie 50 Serum 1_GD1_01_66550,846.75476:12480106 847.75943:8521058 848.76410:2415986,null,68508986,68069099,69754333,70235755,69142043.1599531,1020306.39038431
410,38.560,846.91412,Unknown,[M+2H]2+,null,1.00,False,null,null,null,null,null,null,999,False,False,False,Normalized unit: Intensity,False,False,410,0,0.00,null,null,null,null,null,null,null,1561.11,P Sandie 50 Serum 4_GD1_01_66553,846.91412:230520 847.91879:145396 848.92346:19944,null,1055200,1043788,1086895,1098723,1071151.44370312,25892.6712209432
411,38.560,847.03815,no MS2: GM1 44:1;O2|GM1 16:1;O2/28:0,[M+2NH4]2+,null,1.00,False,9.502,847.03479,C81H147N3O31,GM1,GVRVJGRGNITMOU-UHFFFAOYSA-N,O=C(O)C1(OC2C(O)C(OC(CO)C2OC3OC(CO)C(O)C(OC4OC(CO)C(O)C(O)C4O)C3NC(=O)C)OC5C(O)C(O)C(OCC(NC(=O)CCCCCCCCCCCCCCCCCCCCCCCCCCC)C(O)C=CCCCCCCCCCCC)OC5CO)OC(C(O)C(O)CO)C(NC(=O)C)C(O)C1,530,False,True,False,Normalized unit: Intensity; Annotation method: Msp20260116160945_NCDK_conventional_converted_dev_1,False,False,411,0,0.00,0.93,null,null,null,-1.00,-1.00,-0.177,2766.14,P Sandie 50 Serum 3_GD1_01_66552,847.03796:195954 848.04263:143848 849.04730:0,null,950830,943303,994631,1027143,978976.849499999,39284.9159171575
412,38.563,847.17908,Unknown,[M+H]+,null,0.25,False,null,null,null,null,null,null,999,False,False,False,Normalized unit: Intensity,False,False,412,0,0.00,null,null,null,null,null,null,null,1190.63,P Sandie 50 Serum 4_GD1_01_66553,847.17908:190976 848.18374:0 849.18841:3290,null,179678,96121,98255,295648,167425.5651875,93915.0283869894
413,37.724,847.67731,no MS2: TG 50:5|TG 8:0_8:0_34:5,[M+Na]+,null,1.00,False,13.968,847.67859,C53H92O6,TG,YXKXYJLCCLIVPY-UHFFFAOYSA-N,O=C(OCC(OC(=O)CCCCCCC)COC(=O)CCCCCCCCCCCCCCCCCC=CCC=CCC=CCC=CCC=CCC)CCCCCCC,530,False,True,False,Normalized unit: Intensity; Annotation method: Msp20260116160945_NCDK_conventional_converted_dev_1,False,False,413,0,0.00,0.99,null,null,null,-1.00,-1.00,-0.147,481.66,P Sandie 50 Serum 2_GD1_01_66551,847.67749:82920 848.68216:48520 849.68683:12748,null,568919,559252,549295,559816,559320.673281251,8018.3997903756
414,25.832,848.53748,no MS2: DGDG 28:3|DGDG 8:0_20:3,[M+NH4]+,null,1.00,False,7.185,848.53662,C43H74O15,DGDG,CGASEBJZEIZHTN-UHFFFAOYSA-N,O=C(OCC(OC(=O)CCCCCCCCCC=CCC=CCC=CCC)COC1OC(COC2OC(CO)C(O)C(O)C2O)C(O)C(O)C1O)CCCCCCC,530,False,True,False,Normalized unit: Intensity; Annotation method: Msp20260116160945_NCDK_conventional_converted_dev_1,False,False,414,0,0.00,0.99,null,null,null,-1.00,-1.00,-0.145,1129.63,P Sandie 50 Serum 4_GD1_01_66553,848.53748:133426 849.54214:60032 850.54681:15560,null,3125680,3304939,3508501,3498461,3359395.62596875,181805.756001309
415,39.100,848.76855,no MS2: TG 50:2|TG 8:0_8:0_34:2,[M+NH4]+,null,1.00,False,14.271,848.77020,C53H98O6,TG,VZLKOMBMLGTLFF-UHFFFAOYSA-N,O=C(OCC(OC(=O)CCCCCCC)COC(=O)CCCCCCCCCCCCCCCCCCCCCC=CCC=CCCCCCCC)CCCCCCC,530,False,True,False,Normalized unit: Intensity; Annotation method: Msp20260116160945_NCDK_conventional_converted_dev_1,False,False,415,0,0.00,1.00,null,null,null,-1.00,-1.00,-0.143,130727.50,P Sandie 50 Serum 1_GD1_01_66550,848.77008:11776506 849.77475:7705662 850.77942:2243804,null,98810707,98392611,100290955,100900884,99598789.1895308,1190305.79908294
416,39.095,848.93048,Unknown,[M+2H]2+,null,1.00,False,null,null,null,null,null,null,999,False,False,False,Normalized unit: Intensity,False,False,416,0,0.00,null,null,null,null,null,null,null,2095.92,P Sandie 50 Serum 4_GD1_01_66553,848.93048:225988 849.93515:133118 850.93982:14880,null,1754649,1754953,1810592,1845849,1791510.88585937,44766.1906359934
417,39.095,849.05420,Unknown,[M+H]+,null,1.00,False,null,null,null,null,null,null,999,False,False,False,Normalized unit: Intensity,False,False,417,0,0.00,null,null,null,null,null,null,null,3339.49,P Sandie 50 Serum 4_GD1_01_66553,849.05420:192972 850.05887:142916 851.06353:18374,null,1562446,1528240,1559826,1581206,1557929.43168749,21963.8432819939
418,39.084,849.18860,Unknown,[M+H]+,null,0.25,False,null,null,null,null,null,null,999,False,False,False,Normalized unit: Intensity,False,False,418,0,0.00,null,null,null,null,null,null,null,1618.02,P Sandie 50 Serum 3_GD1_01_66552,849.18860:178236 850.19327:49402 851.19793:6646,null,612770,627428,669608,806246,679012.724656245,88177.3787165064
419,38.116,849.69324,no MS2: TG 50:4|TG 8:0_8:0_34:4,[M+Na]+,null,1.00,False,13.930,849.69427,C53H94O6,TG,NBOUVXSQNXDJHU-UHFFFAOYSA-N,O=C(OCC(OC(=O)CCCCCCC)COC(=O)CCCCCCCCCCCCCCCCCCCCC=CCC=CCC=CCC=CCC)CCCCCCC,530,False,True,False,Normalized unit: Intensity; Annotation method: Msp20260116160945_NCDK_conventional_converted_dev_1,False,False,419,0,0.00,1.00,null,null,null,-1.00,-1.00,-0.143,2414.57,P Sandie 50 Serum 2_GD1_01_66551,849.69391:235320 850.69858:155944 851.70324:50870,null,1912399,1867236,1843579,1871001,1873553.71153125,28599.8070910507
420,38.910,849.76392,Unknown,[M+H]+,null,0.50,False,null,null,null,null,null,null,999,False,False,False,Normalized unit: Intensity,False,False,420,0,0.00,null,null,null,null,null,null,null,2200.50,P Sandie 50 Serum 4_GD1_01_66553,849.76392:389606 850.76858:226752 851.77325:64768,null,1182440,1156512,1173243,1200969,1178291.17539064,18540.8153013107
421,27.459,850.55432,no MS2: DGDG 28:2|DGDG 8:0_20:2,[M+NH4]+,null,1.00,False,7.777,850.55219,C43H76O15,DGDG,OLSWAQPRLRUCAG-UHFFFAOYSA-N,O=C(OCC(OC(=O)CCCCCCCCCC=CCC=CCCCCC)COC1OC(COC2OC(CO)C(O)C(O)C2O)C(O)C(O)C1O)CCCCCCC,530,False,True,False,Normalized unit: Intensity; Annotation method: Msp20260116160945_NCDK_conventional_converted_dev_1,False,False,421,0,0.00,0.99,null,null,null,-1.00,-1.00,-0.145,885.26,P Sandie 50 Serum 4_GD1_01_66553,850.55304:140770 851.55771:64332 852.56238:18124,null,3059935,3045849,3134765,3225828,3116594.11223438,82618.1298146089
422,39.718,850.78491,no MS2: TG 50:1|TG 8:0_8:0_34:1,[M+NH4]+,null,1.00,False,14.765,850.78583,C53H100O6,TG,WLEHGRAGAYLVMG-UHFFFAOYSA-N,O=C(OCC(OC(=O)CCCCCCC)COC(=O)CCCCCCCCCCCCCCCCCCCCCCCC=CCCCCCCCC)CCCCCCC,530,False,True,False,Normalized unit: Intensity; Annotation method: Msp20260116160945_NCDK_conventional_converted_dev_1,False,False,422,0,0.00,1.00,null,null,null,-1.00,-1.00,-0.143,82883.41,P Sandie 50 Serum 2_GD1_01_66551,850.78619:11240686 851.79086:7412182 852.79553:2042798,null,67339740,67653100,68906483,69616436,68378939.797141,1067157.94591352
423,39.713,850.94635,Unknown,[M+2H]2+,null,1.00,False,null,null,null,null,null,null,999,False,False,False,Normalized unit: Intensity,False,False,423,0,0.00,null,null,null,null,null,null,null,1701.91,P Sandie 50 Serum 3_GD1_01_66552,850.94635:216766 851.95102:133502 852.95569:13196,null,1163609,1128734,1241984,1246907,1195308.40959376,58532.1602816162
424,39.713,851.07111,Unknown,[M+H]+,null,1.00,False,null,null,null,null,null,null,999,False,False,False,Normalized unit: Intensity,False,False,424,0,0.00,null,null,null,null,null,null,null,2961.41,P Sandie 50 Serum 2_GD1_01_66551,851.07111:190100 852.07577:137302 853.08044:16708,null,1126920,1130018,1103911,1120130,1120244.65806251,11645.9519250797
425,39.724,851.20813,Unknown,[M+H]+,null,0.50,False,null,null,null,null,null,null,999,False,False,False,Normalized unit: Intensity,False,False,425,0,0.00,null,null,null,null,null,null,null,1010.87,P Sandie 50 Serum 2_GD1_01_66551,851.20813:161618 852.21280:33708 853.21747:0,null,240711,388130,83344,90400,200646.167437501,144533.191605558
426,38.569,851.71008,no MS2: TG 50:3|TG 8:0_8:0_34:3,[M+Na]+,null,1.00,False,13.920,851.70990,C53H96O6,TG,JLQAKOSOIVPICE-UHFFFAOYSA-N,O=C(OCC(OC(=O)CCCCCCC)COC(=O)CCCCCCCCCCCCCCCCCCC=CCC=CCC=CCCCCCCC)CCCCCCC,530,False,True,False,Normalized unit: Intensity; Annotation method: Msp20260116160945_NCDK_conventional_converted_dev_1,False,False,426,0,0.00,1.00,null,null,null,-1.00,-1.00,-0.143,3900.04,P Sandie 50 Serum 2_GD1_01_66551,851.71008:496264 852.71475:285628 853.71942:83780,null,3142338,3222883,3090611,3110965,3141699.1108125,58154.4559119281
427,39.717,851.78253,no MS2: RIKEN P-VS1 ID-13448 from Mouse_Ear_fads2KO_N_Ctr,[M+H]+,null,0.75,False,15.710,851.78552,null,Unknown,null,null,530,False,True,False,Normalized unit: Intensity; Annotation method: Msp20260116160945_NCDK_conventional_converted_dev_1,False,False,427,0,0.00,0.98,null,null,null,-1.00,-1.00,-0.137,32382.20,P Sandie 50 Serum 2_GD1_01_66551,851.78387:7412182 852.78854:2042798 853.79321:413426,null,41713300,41434633,43072985,43002858,42305943.9485315,853317.503288332
428,39.713,852.49280,no MS2: RIKEN P-VS1 ID-13462 from Mouse_Heart_WT_N_F1DHA,[M+H]+,null,1.00,False,8.850,852.49402,null,Unknown,null,null,530,False,True,False,Normalized unit: Intensity; Annotation method: Msp20260116160945_NCDK_conventional_converted_dev_1,False,False,428,0,0.00,1.00,null,null,null,-1.00,-1.00,-0.129,1182.98,P Sandie 50 Serum 2_GD1_01_66551,852.49408:190872 853.49875:19126 854.50342:1792,null,968665,945312,1006177,1022329,985620.684218757,35034.4940514692
429,40.462,852.79944,no MS2: TG 50:0|TG 8:0_8:0_34:0,[M+NH4]+,null,1.00,False,15.279,852.80151,C53H102O6,TG,VQYLXXPIAZUCDF-UHFFFAOYSA-N,O=C(OCC(OC(=O)CCCCCCC)COC(=O)CCCCCCCCCCCCCCCCCCCCCCCCCCCCCCCCC)CCCCCCC,530,False,True,False,Normalized unit: Intensity; Annotation method: Msp20260116160945_NCDK_conventional_converted_dev_1,False,False,429,0,0.00,1.00,null,null,null,-1.00,-1.00,-0.143,13071.47,P Sandie 50 Serum 2_GD1_01_66551,852.80121:1848502 853.80588:1081650 854.81054:333944,null,8929600,8747972,9187625,8801447,8916661.06778125,196060.756525972
430,39.108,853.72534,no MS2: TG 50:2|TG 8:0_8:0_34:2,[M+Na]+,null,1.00,False,14.271,853.72559,C53H98O6,TG,VZLKOMBMLGTLFF-UHFFFAOYSA-N,O=C(OCC(OC(=O)CCCCCCC)COC(=O)CCCCCCCCCCCCCCCCCCCCCC=CCC=CCCCCCCC)CCCCCCC,530,False,True,False,Normalized unit: Intensity; Annotation method: Msp20260116160945_NCDK_conventional_converted_dev_1,False,False,430,0,0.00,1.00,null,null,null,-1.00,-1.00,-0.143,4854.02,P Sandie 50 Serum 2_GD1_01_66551,853.72534:475100 854.73001:274314 855.73468:82168,null,3292331,3440687,3200612,3269191,3300705.51165623,101121.752356655
431,39.731,855.74066,no MS2: TG 50:1|TG 8:0_8:0_34:1,[M+Na]+,null,1.00,False,14.765,855.74121,C53H100O6,TG,WLEHGRAGAYLVMG-UHFFFAOYSA-N,O=C(OCC(OC(=O)CCCCCCC)COC(=O)CCCCCCCCCCCCCCCCCCCCCCCC=CCCCCCCCC)CCCCCCC,530,False,True,False,Normalized unit: Intensity; Annotation method: Msp20260116160945_NCDK_conventional_converted_dev_1,False,False,431,0,0.00,1.00,null,null,null,-1.00,-1.00,-0.143,1374.62,P Sandie 50 Serum 1_GD1_01_66550,855.74127:138514 856.74594:81154 857.75061:21312,null,1043911,1108745,1000503,1001607,1038691.2580625,50886.5273849051
432,37.019,855.74274,no MS2: TG 50:1|TG 8:0_8:0_34:1,[M+Na]+,null,1.00,False,14.765,855.74121,C53H100O6,TG,WLEHGRAGAYLVMG-UHFFFAOYSA-N,O=C(OCC(OC(=O)CCCCCCC)COC(=O)CCCCCCCCCCCCCCCCCCCCCCCC=CCCCCCCCC)CCCCCCC,530,False,True,False,Normalized unit: Intensity; Annotation method: Msp20260116160945_NCDK_conventional_converted_dev_1,False,False,432,0,0.00,0.99,null,null,null,-1.00,-1.00,-0.148,450.43,P Sandie 50 Serum 1_GD1_01_66550,855.74249:94002 856.74716:57088 857.75183:14960,null,550714,549814,555649,562584,554690.322328123,5854.26262972058
433,28.229,856.58289,no MS2: PC 40:6,[M+Na]+,null,1.00,False,9.286,856.58270,C48H84NO8P,PC,ITSVFHIEQXZXCM-UHFFFAOYSA-N,O=C(OCC(OC(=O)CCCCCCCCCCCCCCC=CCC=CCC=CCC=CCC=CCC=CCC)COP(=O)([O-])OCC[N+](C)(C)C)CCCCC,530,False,True,False,Normalized unit: Intensity; Annotation method: Msp20260116160945_NCDK_conventional_converted_dev_1,False,False,433,0,0.00,1.00,null,null,null,-1.00,-1.00,-0.143,2337.49,P Sandie 50 Serum 2_GD1_01_66551,856.58258:365942 857.58725:191890 858.59192:54050,null,3534888,3434770,3609711,3589633,3542250.3713125,78320.5250968484
434,38.033,856.73663,no MS2: TG 51:5|TG 8:0_9:0_34:5,[M+NH4]+,null,1.00,False,13.931,856.73889,C54H94O6,TG,JZIVZFMVFGLCJI-UHFFFAOYSA-N,O=C(OCC(OC(=O)CCCCCCCC)COC(=O)CCCCCCCCCCCCCCCCCC=CCC=CCC=CCC=CCC=CCC)CCCCCCC,530,False,True,False,Normalized unit: Intensity; Annotation method: Msp20260116160945_NCDK_conventional_converted_dev_1,False,False,434,0,0.00,1.00,null,null,null,-1.00,-1.00,-0.143,416.10,P Sandie 50 Serum 2_GD1_01_66551,856.73877:71476 857.74344:40010 858.74811:13640,null,725010,701329,750589,756985,733477.981390624,25499.2764355983
435,37.533,857.73285,no MS2: BA 24:1;O4;G/27:1,[M+NH4]+,null,1.00,False,13.146,857.73407,C53H93NO6,GDCAE,FAZKWXYLMFWOEG-UHFFFAOYSA-N,O=C(O)CNC(=O)CCC(C)C1CCC2C3CCC4CC(OC(=O)CCCCCCCCCCCCCCC=CCCCCCCCCCC)CCC4(C)C3CC(O)C12C,530,False,True,False,Normalized unit: Intensity; Annotation method: Msp20260116160945_NCDK_conventional_converted_dev_1,False,False,435,0,0.00,0.99,null,null,null,-1.00,-1.00,-0.147,1301.59,P Sandie 50 Serum 2_GD1_01_66551,857.73297:172220 858.73764:100616 859.74231:26540,null,950266,957314,1067339,1059051,1008492.4016875,63320.9604353664
436,40.462,857.75690,no MS2: TG 50:0|TG 8:0_8:0_34:0,[M+Na]+,null,1.00,False,15.279,857.75690,C53H102O6,TG,VQYLXXPIAZUCDF-UHFFFAOYSA-N,O=C(OCC(OC(=O)CCCCCCC)COC(=O)CCCCCCCCCCCCCCCCCCCCCCCCCCCCCCCCC)CCCCCCC,530,False,True,False,Normalized unit: Intensity; Annotation method: Msp20260116160945_NCDK_conventional_converted_dev_1,False,False,436,0,0.00,1.00,null,null,null,-1.00,-1.00,-0.143,1051.94,P Sandie 50 Serum 2_GD1_01_66551,857.75690:144478 858.76156:82140 859.76623:24794,null,677121,713821,658691,677282,681728.75434375,23105.757175897
437,29.012,858.59875,no MS2: PC 40:5,[M+Na]+,null,1.00,False,10.071,858.59833,C48H86NO8P,PC,HNCLFWCLQUEVGH-UHFFFAOYSA-N,O=C(OCC(OC(=O)CCCCCCCCCCCCCCCCCC=CCC=CCC=CCC=CCC=CCC)COP(=O)([O-])OCC[N+](C)(C)C)CCCCC,530,False,True,False,Normalized unit: Intensity; Annotation method: Msp20260116160945_NCDK_conventional_converted_dev_1,False,False,437,0,0.00,1.00,null,null,null,-1.00,-1.00,-0.143,561.73,P Sandie 50 Serum 1_GD1_01_66550,858.59875:99430 859.60342:53142 860.60809:15658,null,1468984,1444039,1500650,1488548,1475555.2433125,24731.6684025392
438,38.421,858.75287,no MS2: TG 51:4|TG 8:0_9:0_34:4,[M+NH4]+,null,1.00,False,13.952,858.75452,C54H96O6,TG,JONYMDUNQJVTAE-UHFFFAOYSA-N,O=C(OCC(OC(=O)CCCCCCCC)COC(=O)CCCCCCCCCCCCCCCCCCCCC=CCC=CCC=CCC=CCC)CCCCCCC,530,False,True,False,Normalized unit: Intensity; Annotation method: Msp20260116160945_NCDK_conventional_converted_dev_1,False,False,438,0,0.00,1.00,null,null,null,-1.00,-1.00,-0.143,3044.40,P Sandie 50 Serum 2_GD1_01_66551,858.75476:424014 859.75943:261156 860.76410:75568,null,3047320,3053976,3134936,3174040,3102568.17809375,62100.4403520309
439,37.933,859.74866,no MS2: BA 24:1;O4;G/27:0,[M+NH4]+,null,1.00,False,13.615,859.74982,C53H95NO6,GDCAE,MVJJWQAQALYJOS-UHFFFAOYSA-N,O=C(O)CNC(=O)CCC(C)C1CCC2C3CCC4CC(OC(=O)CCCCCCCCCCCCCCCCCCCCCCCCCC)CCC4(C)C3CC(O)C12C,530,False,True,False,Normalized unit: Intensity; Annotation method: Msp20260116160945_NCDK_conventional_converted_dev_1,False,False,439,0,0.00,0.99,null,null,null,-1.00,-1.00,-0.147,4902.52,P Sandie 50 Serum 3_GD1_01_66552,859.74866:778506 860.75332:438748 861.75799:131134,null,3442806,3614459,4010442,3915269,3745744.19157815,263192.708654485
440,38.899,860.76831,no MS2: TG 51:3|TG 8:0_9:0_34:3,[M+NH4]+,null,1.00,False,14.212,860.77020,C54H98O6,TG,CXEFTXACLQXSHA-UHFFFAOYSA-N,O=C(OCC(OC(=O)CCCCCCCC)COC(=O)CCCCCCCCCCCCCCCCCCC=CCC=CCC=CCCCCCCC)CCCCCCC,530,False,True,False,Normalized unit: Intensity; Annotation method: Msp20260116160945_NCDK_conventional_converted_dev_1,False,False,440,0,0.00,1.00,null,null,null,-1.00,-1.00,-0.143,8305.88,P Sandie 50 Serum 2_GD1_01_66551,860.77026:1266980 861.77493:731894 862.77960:229066,null,5887166,5735026,5944980,6192259,5939857.8671875,190144.732481541
441,38.403,861.76392,no MS2: RIKEN P-VS1 ID-13820 from Mouse_Feces_WT_N_Ctr,[M+H]+,null,1.00,False,8.880,861.76428,null,Unknown,null,null,530,False,True,False,Normalized unit: Intensity; Annotation method: Msp20260116160945_NCDK_conventional_converted_dev_1,False,False,441,0,0.00,1.00,null,null,null,-1.00,-1.00,-0.129,10218.01,P Sandie 50 Serum 4_GD1_01_66553,861.76434:1077160 862.76901:612166 863.77368:185674,null,6835949,6895859,7523769,7365418,7155248.88948435,341180.74883273
442,39.456,862.78387,no MS2: TG 51:2|TG 8:0_8:1_35:1,[M+NH4]+,null,1.00,False,14.615,862.78583,C54H100O6,TG,QSFMDQGXOXRHNU-UHFFFAOYSA-N,O=C(OCC(OC(=O)CCC=CCCC)COC(=O)CCCCCCCCCCCCCCCCCCCCCCC=CCCCCCCCCCC)CCCCCCC,530,False,True,False,Normalized unit: Intensity; Annotation method: Msp20260116160945_NCDK_conventional_converted_dev_1,False,False,442,0,0.00,1.00,null,null,null,-1.00,-1.00,-0.143,9635.08,P Sandie 50 Serum 2_GD1_01_66551,862.78564:1459812 863.79031:843370 864.79498:262550,null,9270845,9040025,9439505,9519418,9317448.38800002,211994.755544084
443,38.917,863.77948,no MS2: RIKEN P-VS1 ID-13892 from Mouse_Muscle_WT_CTX0_Ctr,[M+H]+,null,1.00,False,14.380,863.78552,null,Unknown,null,null,530,False,True,False,Normalized unit: Intensity; Annotation method: Msp20260116160945_NCDK_conventional_converted_dev_1,False,False,443,0,0.00,0.92,null,null,null,-1.00,-1.00,-0.165,12318.42,P Sandie 50 Serum 2_GD1_01_66551,863.78198:1959424 864.78665:1061192 865.79132:324942,null,6617201,6435258,7078479,7054470,6796351.79943752,320782.537930354
444,40.153,864.79834,no MS2: TG 51:1|TG 8:0_8:0_35:1,[M+NH4]+,null,1.00,False,14.871,864.80151,C54H102O6,TG,OVVKXWWCKQETBC-UHFFFAOYSA-N,O=C(OCC(OC(=O)CCCCCCC)COC(=O)CCCCCCCCCCCCCCCCCCCCCCC=CCCCCCCCCCC)CCCCCCC,530,False,True,False,Normalized unit: Intensity; Annotation method: Msp20260116160945_NCDK_conventional_converted_dev_1,False,False,444,0,0.00,1.00,null,null,null,-1.00,-1.00,-0.144,4422.50,P Sandie 50 Serum 1_GD1_01_66550,864.80084:712484 865.80551:435548 866.81018:130384,null,3213070,3249880,3385728,3341106,3297446.04459374,79753.4014465232
445,39.996,864.79932,no MS2: TG 51:1|TG 8:0_8:0_35:1,[M+NH4]+,null,1.00,False,14.871,864.80151,C54H102O6,TG,OVVKXWWCKQETBC-UHFFFAOYSA-N,O=C(OCC(OC(=O)CCCCCCC)COC(=O)CCCCCCCCCCCCCCCCCCCCCCC=CCCCCCCCCCC)CCCCCCC,530,False,True,False,Normalized unit: Intensity; Annotation method: Msp20260116160945_NCDK_conventional_converted_dev_1,False,False,445,0,0.00,1.00,null,null,null,-1.00,-1.00,-0.144,2404.90,P Sandie 50 Serum 2_GD1_01_66551,864.80096:373278 865.80563:228910 866.81030:73812,null,1752439,1716359,1782524,1754093,1751353.86860938,27110.4583986166
446,39.561,865.79480,no MS2: RIKEN P-VS1 ID-13962 from Mouse_Adipose_WT_N_F1EPA,[M+H]+,null,1.00,False,15.790,865.79077,null,Unknown,null,null,530,False,True,False,Normalized unit: Intensity; Annotation method: Msp20260116160945_NCDK_conventional_converted_dev_1,False,False,446,0,0.00,0.90,null,null,null,-1.00,-1.00,-0.175,7639.19,P Sandie 50 Serum 3_GD1_01_66552,865.79480:1060546 866.79947:638092 867.80414:189614,null,4798186,4731808,5039525,4993008,4890631.69781251,148796.143332977
447,37.890,868.73718,no MS2: TG 52:6|TG 8:0_8:0_36:6,[M+NH4]+,null,1.00,False,13.840,868.73889,C55H94O6,TG,CURGLEGXZYHDPR-UHFFFAOYSA-N,O=C(OCC(OC(=O)CCCCCCC)COC(=O)CCCCCCCCCCCCCCCCC=CCC=CCC=CCC=CCC=CCC=CCC)CCCCCCC,530,False,True,False,Normalized unit: Intensity; Annotation method: Msp20260116160945_NCDK_conventional_converted_dev_1,False,False,447,0,0.00,1.00,null,null,null,-1.00,-1.00,-0.145,4573.74,P Sandie 50 Serum 2_GD1_01_66551,868.73816:400390 869.74283:258290 870.74749:83446,null,3291728,3223337,3422293,3497240,3358649.73254684,123889.380525324
448,38.325,870.75323,no MS2: TG 52:5|TG 8:0_8:0_36:5,[M+NH4]+,null,1.00,False,13.969,870.75452,C55H96O6,TG,OXXCYSJBSYMWQA-UHFFFAOYSA-N,O=C(OCC(OC(=O)CCCCCCC)COC(=O)CCCCCCCCCCCCCCCCCCCC=CCC=CCC=CCC=CCC=CCC)CCCCCCC,530,False,True,False,Normalized unit: Intensity; Annotation method: Msp20260116160945_NCDK_conventional_converted_dev_1,False,False,448,0,0.00,1.00,null,null,null,-1.00,-1.00,-0.144,48636.57,P Sandie 50 Serum 2_GD1_01_66551,870.75403:6325708 871.75870:3765218 872.76336:1176788,null,48463436,47950291,50253049,49979656,49161608.0677968,1127708.62502159
449,38.325,870.91736,Unknown,[M+H]+,null,1.00,False,null,null,null,null,null,null,999,False,False,False,Normalized unit: Intensity,False,False,449,0,0.00,null,null,null,null,null,null,null,742.95,P Sandie 50 Serum 4_GD1_01_66553,870.91736:118798 871.92203:55044 872.92669:3888,null,615575,592663,612358,629740,612583.9781875,15277.0495276404
450,38.325,871.03955,Unknown,[M+H]+,null,1.00,False,null,null,null,null,null,null,999,False,False,False,Normalized unit: Intensity,False,False,450,0,0.00,null,null,null,null,null,null,null,944.39,P Sandie 50 Serum 4_GD1_01_66553,871.03955:117394 872.04422:65338 873.04889:4268,null,612401,596119,597666,604243,602607.120640625,7418.39047454131
451,38.325,871.46564,Unknown,[M+H]+,null,1.00,False,null,null,null,null,null,null,999,False,False,False,Normalized unit: Intensity,False,False,451,0,0.00,null,null,null,null,null,null,null,2014.64,P Sandie 50 Serum 3_GD1_01_66552,871.46564:176986 872.47030:96556 873.47497:4276,null,934628,921680,989983,993817,960027.130140624,37214.1678727857
452,39.034,872.76880,no MS2: TG 52:4|TG 8:0_8:0_36:4,[M+NH4]+,null,1.00,False,14.237,872.77020,C55H98O6,TG,TVCXNLFXLACFHK-UHFFFAOYSA-N,O=C(OCC(OC(=O)CCCCCCC)COC(=O)CCCCCCCCCCCCCCCCCCCCCCC=CCC=CCC=CCC=CCC)CCCCCCC,530,False,True,False,Normalized unit: Intensity; Annotation method: Msp20260116160945_NCDK_conventional_converted_dev_1,False,False,452,0,0.00,1.00,null,null,null,-1.00,-1.00,-0.143,3659.04,P Sandie 50 Serum 2_GD1_01_66551,872.76990:541480 873.77457:327984 874.77923:105816,null,1955214,2002731,2077753,2068264,2025990.32199998,57783.1639919154
453,38.751,872.76947,no MS2: TG 52:4|TG 8:0_8:0_36:4,[M+NH4]+,null,1.00,False,14.237,872.77020,C55H98O6,TG,TVCXNLFXLACFHK-UHFFFAOYSA-N,O=C(OCC(OC(=O)CCCCCCC)COC(=O)CCCCCCCCCCCCCCCCCCCCCCC=CCC=CCC=CCC=CCC)CCCCCCC,530,False,True,False,Normalized unit: Intensity; Annotation method: Msp20260116160945_NCDK_conventional_converted_dev_1,False,False,453,0,0.00,1.00,null,null,null,-1.00,-1.00,-0.145,124300.80,P Sandie 50 Serum 4_GD1_01_66553,872.76947:12135346 873.77414:8470008 874.77881:2558048,null,105438367,104178258,107269395,109278311,106541082.690891,2222744.65710804
454,38.751,872.93231,no MS2: RIKEN P-VS1 ID-14223 from Mouse_SmallIntestine_WT_N_F1,[M+H]+,null,1.00,False,14.290,872.94012,null,Unknown,null,null,530,False,True,False,Normalized unit: Intensity; Annotation method: Msp20260116160945_NCDK_conventional_converted_dev_1,False,False,454,0,0.00,0.75,null,null,null,-1.00,-1.00,-0.242,1907.74,P Sandie 50 Serum 1_GD1_01_66550,872.93347:218328 873.93814:146520 874.94281:18102,null,1815992,1834880,1862161,1891293,1851081.50889062,32830.4443588924
455,38.751,873.05756,Unknown,[M+H]+,null,1.00,False,null,null,null,null,null,null,999,False,False,False,Normalized unit: Intensity,False,False,455,0,0.00,null,null,null,null,null,null,null,3296.91,P Sandie 50 Serum 1_GD1_01_66550,873.05988:205128 874.06454:148662 875.06921:28912,null,1755251,1759362,1758044,1762134,1758697.947,2861.25480668249
456,38.754,873.18842,Unknown,[M+H]+,null,0.50,False,null,null,null,null,null,null,999,False,False,False,Normalized unit: Intensity,False,False,456,0,0.00,null,null,null,null,null,null,null,1489.56,P Sandie 50 Serum 3_GD1_01_66552,873.18842:102470 874.19308:36958 875.19775:3110,null,517626,422773,663814,607116,552832.075296874,105543.962599628
457,38.758,873.20300,Unknown,[M+H]+,null,0.50,False,null,null,null,null,null,null,999,False,False,False,Normalized unit: Intensity,False,False,457,0,0.00,null,null,null,null,null,null,null,987.67,P Sandie 50 Serum 2_GD1_01_66551,873.20300:180322 874.20767:31540 875.21234:0,null,277723,289645,275325,280828,280880.321734373,6262.32323193818
458,38.751,873.48169,Unknown,[M+H]+,null,1.00,False,null,null,null,null,null,null,999,False,False,False,Normalized unit: Intensity,False,False,458,0,0.00,null,null,null,null,null,null,null,4231.46,P Sandie 50 Serum 4_GD1_01_66553,873.48169:387934 874.48636:225786 875.49102:30104,null,2921203,2913501,2966043,2996273,2949255.16098437,38977.9121104877
459,38.562,873.76300,no MS2: BA 24:1;O4;G/28:0,[M+NH4]+,null,0.25,False,13.978,873.76538,C54H97NO6,GDCAE,PWBYXHZFJVAEQL-UHFFFAOYSA-N,O=C(O)CNC(=O)CCC(C)C1CCC2C3CCC4CC(OC(=O)CCCCCCCCCCCCCCCCCCCCCCCCCCC)CCC4(C)C3CC(O)C12C,530,False,True,False,Normalized unit: Intensity; Annotation method: Msp20260116160945_NCDK_conventional_converted_dev_1,False,False,459,0,0.00,0.96,null,null,null,-1.00,-1.00,-0.161,8016.90,P Sandie 50 Serum 3_GD1_01_66552,873.76300:1033880 874.76767:598780 875.77234:182924,null,4941938,4954759,5383332,4636199,4979057.07131244,307114.536286838
460,26.798,874.55341,no MS2: DGDG 30:4|DGDG 8:0_22:4,[M+NH4]+,null,1.00,False,7.983,874.55219,C45H76O15,DGDG,FGQNBIPFRYGTKU-UHFFFAOYSA-N,O=C(OCC(OC(=O)CCCCCCCCC=CCC=CCC=CCC=CCC)COC1OC(COC2OC(CO)C(O)C(O)C2O)C(O)C(O)C1O)CCCCCCC,530,False,True,False,Normalized unit: Intensity; Annotation method: Msp20260116160945_NCDK_conventional_converted_dev_1,False,False,460,0,0.00,0.99,null,null,null,-1.00,-1.00,-0.148,1130.95,P Sandie 50 Serum 4_GD1_01_66553,874.55341:112232 875.55807:55236 876.56274:14414,null,1920461,1933453,1984027,2061691,1974908.114125,64024.201028482
461,39.265,874.78705,no MS2: TG 52:3|TG 8:0_8:0_36:3,[M+NH4]+,null,1.00,False,14.469,874.78583,C55H100O6,TG,SMVJWGZQUSFCNG-UHFFFAOYSA-N,O=C(OCC(OC(=O)CCCCCCC)COC(=O)CCCCCCCCCCCCCCCCCCCCC=CCC=CCC=CCCCCCCC)CCCCCCC,530,False,True,False,Normalized unit: Intensity; Annotation method: Msp20260116160945_NCDK_conventional_converted_dev_1,False,False,461,0,0.00,1.00,null,null,null,-1.00,-1.00,-0.143,109411.70,P Sandie 50 Serum 4_GD1_01_66553,874.78558:12808122 875.79025:12748072 876.79492:4939972,null,121191858,120208596,120683532,121232664,120829162.726594,483277.935938486
462,39.269,874.94922,Unknown,[M+H]+,null,1.00,False,null,null,null,null,null,null,999,False,False,False,Normalized unit: Intensity,False,False,462,0,0.00,null,null,null,null,null,null,null,3029.00,P Sandie 50 Serum 1_GD1_01_66550,874.94922:378902 875.95389:185060 876.95855:20562,null,2584657,2581488,2487474,2521397,2543753.80676563,47484.1293163067
463,39.269,875.07800,Unknown,[M+H]+,null,1.00,False,null,null,null,null,null,null,999,False,False,False,Normalized unit: Intensity,False,False,463,0,0.00,null,null,null,null,null,null,null,4464.94,P Sandie 50 Serum 2_GD1_01_66551,875.07800:306320 876.08267:193206 877.08734:53070,null,2107291,2125498,2116286,2157091,2126541.55917188,21680.3582052142
464,39.274,875.22125,Unknown,[M+H]+,null,1.00,False,null,null,null,null,null,null,999,False,False,False,Normalized unit: Intensity,False,False,464,0,0.00,null,null,null,null,null,null,null,2306.56,P Sandie 50 Serum 3_GD1_01_66552,875.22125:164726 876.22592:117648 877.23059:0,null,762302,829132,879841,866032,834326.630203126,52571.766957379
465,39.269,875.33661,Unknown,[M+H]+,null,1.00,False,null,null,null,null,null,null,999,False,False,False,Normalized unit: Intensity,False,False,465,0,0.00,null,null,null,null,null,null,null,1689.46,P Sandie 50 Serum 4_GD1_01_66553,875.33661:125198 876.34128:37776 877.34594:4386,null,616669,595596,621508,639131,618225.903875,17909.9351792655
466,39.269,875.49780,Unknown,[M+H]+,null,1.00,False,null,null,null,null,null,null,999,False,False,False,Normalized unit: Intensity,False,False,466,0,0.00,null,null,null,null,null,null,null,7940.07,P Sandie 50 Serum 4_GD1_01_66553,875.49780:739110 876.50247:446176 877.50714:116992,null,4542321,4536538,4614805,4676224,4592472.05326563,66224.2290378591
467,38.316,875.70947,no MS2: TG 52:5|TG 8:0_8:0_36:5,[M+Na]+,null,1.00,False,13.969,875.70990,C55H96O6,TG,OXXCYSJBSYMWQA-UHFFFAOYSA-N,O=C(OCC(OC(=O)CCCCCCC)COC(=O)CCCCCCCCCCCCCCCCCCCC=CCC=CCC=CCC=CCC=CCC)CCCCCCC,530,False,True,False,Normalized unit: Intensity; Annotation method: Msp20260116160945_NCDK_conventional_converted_dev_1,False,False,467,0,0.00,1.00,null,null,null,-1.00,-1.00,-0.143,2903.95,P Sandie 50 Serum 1_GD1_01_66550,875.70959:338468 876.71426:201576 877.71893:60428,null,2570913,2628318,2481283,2508879,2547348.34692187,65716.3330407093
468,28.473,876.56927,no MS2: DGDG 30:3|DGDG 8:0_22:3,[M+NH4]+,null,1.00,False,8.415,876.56787,C45H78O15,DGDG,GYWCXMVSOLKXST-UHFFFAOYSA-N,O=C(OCC(OC(=O)CCCCCCCCC=CCC=CCC=CCCCCC)COC1OC(COC2OC(CO)C(O)C(O)C2O)C(O)C(O)C1O)CCCCCCC,530,False,True,False,Normalized unit: Intensity; Annotation method: Msp20260116160945_NCDK_conventional_converted_dev_1,False,False,468,0,0.00,0.99,null,null,null,-1.00,-1.00,-0.149,1276.97,P Sandie 50 Serum 4_GD1_01_66553,876.56927:137536 877.57394:69338 878.57861:18638,null,3376987,3393091,3509048,3667428,3486638.7344375,134116.481297024
469,39.874,876.80035,no MS2: TG 52:2|TG 8:0_8:0_36:2,[M+NH4]+,null,1.00,False,14.765,876.80151,C55H102O6,TG,RNPAKTRKCHCWDH-UHFFFAOYSA-N,O=C(OCC(OC(=O)CCCCCCC)COC(=O)CCCCCCCCCCCCCCCCCCCCCCCC=CCC=CCCCCCCC)CCCCCCC,530,False,True,False,Normalized unit: Intensity; Annotation method: Msp20260116160945_NCDK_conventional_converted_dev_1,False,False,469,0,0.00,1.00,null,null,null,-1.00,-1.00,-0.143,115612.90,P Sandie 50 Serum 1_GD1_01_66550,876.80182:12799584 877.80649:12171306 878.81115:3917788,null,122020030,122619405,123222146,123422439,122821004.951687,633730.069249123
470,39.870,876.96411,Unknown,[M+H]+,null,1.00,False,null,null,null,null,null,null,999,False,False,False,Normalized unit: Intensity,False,False,470,0,0.00,null,null,null,null,null,null,null,2394.75,P Sandie 50 Serum 3_GD1_01_66552,876.96411:302592 877.96878:160278 878.97345:18386,null,2236916,2217621,2312826,2276696,2261014.77612499,42402.8449341572
471,39.870,877.09161,Unknown,[M+H]+,null,1.00,False,null,null,null,null,null,null,999,False,False,False,Normalized unit: Intensity,False,False,471,0,0.00,null,null,null,null,null,null,null,3714.45,P Sandie 50 Serum 3_GD1_01_66552,877.09161:257250 878.09628:181304 879.10095:44576,null,2018514,2004763,2087341,2073169,2045946.72512499,40427.9700573075
472,39.870,877.23999,Unknown,[M+H]+,null,1.00,False,null,null,null,null,null,null,999,False,False,False,Normalized unit: Intensity,False,False,472,0,0.00,null,null,null,null,null,null,null,1963.13,P Sandie 50 Serum 1_GD1_01_66550,877.23999:148364 878.24466:88462 879.24933:5078,null,750877,691929,677295,684746,701211.801921872,33644.9956332841
473,39.870,877.35236,Unknown,[M+H]+,null,1.00,False,null,null,null,null,null,null,999,False,False,False,Normalized unit: Intensity,False,False,473,0,0.00,null,null,null,null,null,null,null,1203.27,P Sandie 50 Serum 4_GD1_01_66553,877.35236:99732 878.35702:15530 879.36169:3964,null,458686,467095,453277,476097,463788.638109373,9982.78705951697
474,39.870,877.51392,Unknown,[M+H]+,null,1.00,False,null,null,null,null,null,null,999,False,False,False,Normalized unit: Intensity,False,False,474,0,0.00,null,null,null,null,null,null,null,5330.74,P Sandie 50 Serum 3_GD1_01_66552,877.51392:565280 878.51858:350558 879.52325:78704,null,3913161,3989082,4020740,3985709,3977173.00315624,45498.7237234702
475,31.288,877.63794,no MS2: RIKEN P-VS1 ID-14430 from Mouse_Ear_fads2KO_N_Ctr,[M+H]+,null,1.00,False,13.590,877.63849,null,Unknown,null,null,530,False,True,False,Normalized unit: Intensity; Annotation method: Msp20260116160945_NCDK_conventional_converted_dev_1,False,False,475,0,0.00,1.00,null,null,null,-1.00,-1.00,-0.129,705.86,P Sandie 50 Serum 4_GD1_01_66553,877.63849:68902 878.64316:34494 879.64782:9296,null,972745,984695,959249,961703,969597.9721875,11651.0277819391
476,38.795,877.72504,no MS2: TG 52:4|TG 8:0_8:0_36:4,[M+Na]+,null,1.00,False,14.237,877.72559,C55H98O6,TG,TVCXNLFXLACFHK-UHFFFAOYSA-N,O=C(OCC(OC(=O)CCCCCCC)COC(=O)CCCCCCCCCCCCCCCCCCCCCCC=CCC=CCC=CCC=CCC)CCCCCCC,530,False,True,False,Normalized unit: Intensity; Annotation method: Msp20260116160945_NCDK_conventional_converted_dev_1,False,False,476,0,0.00,1.00,null,null,null,-1.00,-1.00,-0.144,3151.04,P Sandie 50 Serum 2_GD1_01_66551,877.72504:348770 878.72970:208698 879.73437:63156,null,3430833,3648988,3353009,3374894,3451930.657625,135396.946482149
477,25.836,878.54767,no MS2: RIKEN P-VS1 ID-14458 from Mouse_Plasma_ApoEKO_N_F1EPA,[M+H]+,null,1.00,False,9.360,878.55042,null,Unknown,null,null,530,False,True,False,Normalized unit: Intensity; Annotation method: Msp20260116160945_NCDK_conventional_converted_dev_1,False,False,477,0,0.00,1.00,null,null,null,-1.00,-1.00,-0.130,1024.12,P Sandie 50 Serum 3_GD1_01_66552,878.54968:92994 879.55435:43468 880.55902:12564,null,2470920,2504426,2523143,2607109,2526399.65907812,57980.9778744092
478,40.636,878.81549,no MS2: TG 52:1|TG 8:0_8:0_36:1,[M+NH4]+,null,1.00,False,15.104,878.81708,C55H104O6,TG,SQUKIHAMTAEABK-UHFFFAOYSA-N,O=C(OCC(OC(=O)CCCCCCC)COC(=O)CCCCCCCCCCCCCCCCCCCCCCCC=CCCCCCCCCCC)CCCCCCC,530,False,True,False,Normalized unit: Intensity; Annotation method: Msp20260116160945_NCDK_conventional_converted_dev_1,False,False,478,0,0.00,1.00,null,null,null,-1.00,-1.00,-0.143,56539.32,P Sandie 50 Serum 1_GD1_01_66550,878.81708:7164644 879.82175:4327628 880.82641:1320880,null,37836201,36965253,37741551,37395657,37484665.4686407,394664.021279574
479,40.636,878.97949,Unknown,[M+H]+,null,1.00,False,null,null,null,null,null,null,999,False,False,False,Normalized unit: Intensity,False,False,479,0,0.00,null,null,null,null,null,null,null,1114.42,P Sandie 50 Serum 4_GD1_01_66553,878.97949:129900 879.98416:61240 880.98883:3848,null,544138,533183,548835,560945,546775.143531252,11499.6395072898
480,40.636,879.10364,Unknown,[M+H]+,null,1.00,False,null,null,null,null,null,null,999,False,False,False,Normalized unit: Intensity,False,False,480,0,0.00,null,null,null,null,null,null,null,1532.31,P Sandie 50 Serum 4_GD1_01_66553,879.10364:134870 880.10831:87308 881.11297:4704,null,598253,580032,589660,606531,593619.262578127,11379.3270797929
481,40.636,879.53040,Unknown,[M+H]+,null,1.00,False,null,null,null,null,null,null,999,False,False,False,Normalized unit: Intensity,False,False,481,0,0.00,null,null,null,null,null,null,null,1623.26,P Sandie 50 Serum 4_GD1_01_66553,879.53040:211068 880.53506:121236 881.53973:6788,null,925725,914432,943238,953498,934223.207593753,17480.5243647314
482,39.274,879.74072,no MS2: TG 52:3|TG 8:0_8:0_36:3,[M+Na]+,null,1.00,False,14.469,879.74121,C55H100O6,TG,SMVJWGZQUSFCNG-UHFFFAOYSA-N,O=C(OCC(OC(=O)CCCCCCC)COC(=O)CCCCCCCCCCCCCCCCCCCCC=CCC=CCC=CCCCCCCC)CCCCCCC,530,False,True,False,Normalized unit: Intensity; Annotation method: Msp20260116160945_NCDK_conventional_converted_dev_1,False,False,482,0,0.00,1.00,null,null,null,-1.00,-1.00,-0.144,5877.39,P Sandie 50 Serum 2_GD1_01_66551,879.74072:585442 880.74539:348246 881.75006:104508,null,4883500,5113699,4763073,4807851,4892031.01542188,155912.140023524
483,40.462,879.81262,Unknown,[M+H]+,null,1.00,False,null,null,null,null,null,null,999,False,False,False,Normalized unit: Intensity,False,False,483,0,0.00,null,null,null,null,null,null,null,2777.63,P Sandie 50 Serum 2_GD1_01_66551,879.81262:326102 880.81729:198154 881.82196:57294,null,1467639,1561723,1583081,1572142,1546146.29432813,53059.6326129276
484,27.455,880.56470,no MS2: SHexCer 42:7;O2|SHexCer 14:1;O2/28:6,[M+H]+,null,1.00,False,8.328,880.56030,C48H81NO11S,SHexCer,NJHGIZOLRMNMKN-UHFFFAOYSA-N,O=C(NC(COC1OC(CO)C(O)C(OS(=O)(=O)O)C1O)C(O)C=CCCCCCCCCC)CCCCCCCCC=CCC=CCC=CCC=CCC=CCC=CCC,530,False,True,False,Normalized unit: Intensity; Annotation method: Msp20260116160945_NCDK_conventional_converted_dev_1,False,False,484,0,0.00,0.93,null,null,null,-1.00,-1.00,-0.179,1112.24,P Sandie 50 Serum 4_GD1_01_66553,880.56372:102556 881.56839:48912 882.57306:13952,null,2264287,2271636,2304044,2341956,2295480.78426563,35472.5853844738
485,38.421,880.71613,no MS2: Cer 59:12;O4|Cer 13:1;O2/46:11;O2,[M+H-H2O]+,null,1.00,False,12.495,880.71771,C59H95NO5,Cer_EOS,AIIUQNKADIAVHY-UHFFFAOYSA-N,O=C(OCCC=CCC=CCC=CCC=CCCCCCCCCCCC(=O)NC(CO)C(O)C=CCCCCCCCC)CCC=CCC=CCC=CCC=CCC=CCC=CCC,530,False,True,False,Normalized unit: Intensity; Annotation method: Msp20260116160945_NCDK_conventional_converted_dev_1,False,False,485,0,0.00,1.00,null,null,null,-1.00,-1.00,-0.143,2000.18,P Sandie 50 Serum 2_GD1_01_66551,880.71796:316604 881.72262:208944 882.72729:65776,null,1143288,1154878,1168560,1196587,1165828.10796874,22960.7263694513
486,41.532,880.83313,no MS2: TG 52:0|TG 8:0_8:0_36:0,[M+NH4]+,null,1.00,False,15.344,880.83282,C55H106O6,TG,BSJPVRXTJVRYDO-UHFFFAOYSA-N,O=C(OCC(OC(=O)CCCCCCC)COC(=O)CCCCCCCCCCCCCCCCCCCCCCCCCCCCCCCCCCC)CCCCCCC,530,False,True,False,Normalized unit: Intensity; Annotation method: Msp20260116160945_NCDK_conventional_converted_dev_1,False,False,486,0,0.00,1.00,null,null,null,-1.00,-1.00,-0.143,2076.50,P Sandie 50 Serum 1_GD1_01_66550,880.83313:288800 881.83780:169138 882.84247:50710,null,1531609,1513548,1477343,1477276,1499944.07892187,27156.474078538
487,39.874,881.75549,no MS2: TG 52:2|TG 8:0_8:0_36:2,[M+Na]+,null,1.00,False,14.765,881.75690,C55H102O6,TG,RNPAKTRKCHCWDH-UHFFFAOYSA-N,O=C(OCC(OC(=O)CCCCCCC)COC(=O)CCCCCCCCCCCCCCCCCCCCCCCC=CCC=CCCCCCCC)CCCCCCC,530,False,True,False,Normalized unit: Intensity; Annotation method: Msp20260116160945_NCDK_conventional_converted_dev_1,False,False,487,0,0.00,0.99,null,null,null,-1.00,-1.00,-0.148,6166.44,P Sandie 50 Serum 1_GD1_01_66550,881.75568:579274 882.76034:346298 883.76501:102622,null,5275552,5642004,5260133,5249598,5356821.72910937,190420.142711743
488,37.724,883.74792,no MS2: RIKEN P-VS1 ID-14640 from Mouse_Aorta_ApoEKO_N_F1DHA,[M+H]+,null,1.00,False,6.710,883.75031,null,Unknown,null,null,530,False,True,False,Normalized unit: Intensity; Annotation method: Msp20260116160945_NCDK_conventional_converted_dev_1,False,False,488,0,0.00,0.97,null,null,null,-1.00,-1.00,-0.142,1287.56,P Sandie 50 Serum 2_GD1_01_66551,883.74817:179172 884.75284:102804 885.75750:29816,null,1301648,1340173,1433224,1439127,1378543.02001563,68424.257054302
489,40.640,883.77216,no MS2: TG 52:1|TG 8:0_8:0_36:1,[M+Na]+,null,1.00,False,15.104,883.77252,C55H104O6,TG,SQUKIHAMTAEABK-UHFFFAOYSA-N,O=C(OCC(OC(=O)CCCCCCC)COC(=O)CCCCCCCCCCCCCCCCCCCCCCCC=CCCCCCCCCCC)CCCCCCC,530,False,True,False,Normalized unit: Intensity; Annotation method: Msp20260116160945_NCDK_conventional_converted_dev_1,False,False,489,0,0.00,1.00,null,null,null,-1.00,-1.00,-0.143,2529.87,P Sandie 50 Serum 2_GD1_01_66551,883.77216:277964 884.77682:174398 885.78149:49076,null,1686397,1779721,1638697,1665962,1692694.17673438,61220.2276742334
490,22.529,884.60693,no MS2: Hex2Cer 36:4;O2|Hex2Cer 16:1;O2/20:3,[M+H]+,null,1.00,False,8.360,884.60938,C48H85NO13,Hex2Cer,XYTMYNBERCVQEL-UHFFFAOYSA-N,O=C(NC(COC1OC(CO)C(OC2OC(CO)C(O)C(O)C2O)C(O)C1O)C(O)C=CCCCCCCCCCCC)CCCCCCCCCC=CCC=CCC=CCC,530,False,True,False,Normalized unit: Intensity; Annotation method: Msp20260116160945_NCDK_conventional_converted_dev_1,False,False,490,0,0.00,0.98,null,null,null,-1.00,-1.00,-0.151,859.21,P Sandie 50 Serum 3_GD1_01_66552,884.60773:91768 885.61239:44348 886.61706:13960,null,641033,672866,733244,750308,699362.975921875,51146.1869737214
491,38.569,884.76819,no MS2: TG 53:5|TG 8:0_9:0_36:5,[M+NH4]+,null,1.00,False,14.228,884.77020,C56H98O6,TG,DBAGJOKBFJKZPE-UHFFFAOYSA-N,O=C(OCC(OC(=O)CCCCCCCC)COC(=O)CCCCCCCCCCCCCCCCCCCC=CCC=CCC=CCC=CCC=CCC)CCCCCCC,530,False,True,False,Normalized unit: Intensity; Annotation method: Msp20260116160945_NCDK_conventional_converted_dev_1,False,False,491,0,0.00,1.00,null,null,null,-1.00,-1.00,-0.144,1556.35,P Sandie 50 Serum 2_GD1_01_66551,884.77075:156872 885.77542:95388 886.78009:30412,null,1460022,1454668,1490156,1518660,1480876.60817188,29639.564326647
492,38.107,885.76343,no MS2: SL 52:2;O2|SL 16:1;O/36:1;O,[M+NH4]+,null,1.00,False,13.025,885.76880,C52H101NO6S,SL,TXEQYFIONRTKEL-UHFFFAOYSA-N,O=C(N(CC(O)C=CCCCCCCCCCCC)CS(=O)(=O)O)C(O)CCCCCCCCCCCCCCCCCCCCCCC=CCCCCCCCCCC,530,False,True,False,Normalized unit: Intensity; Annotation method: Msp20260116160945_NCDK_conventional_converted_dev_1,False,False,492,0,0.00,0.90,null,null,null,-1.00,-1.00,-0.193,6682.83,P Sandie 50 Serum 2_GD1_01_66551,885.76471:784664 886.76938:493016 887.77404:147784,null,5243441,5353968,5984073,5741373,5580713.57239063,343354.222779854
493,39.091,886.78430,no MS2: TG 53:4|TG 8:0_9:0_36:4,[M+NH4]+,null,1.00,False,14.667,886.78583,C56H100O6,TG,DKDMJQMLAKSNCB-UHFFFAOYSA-N,O=C(OCC(OC(=O)CCCCCCCC)COC(=O)CCCCCCCCCCCCCCCCCCCCCCC=CCC=CCC=CCC=CCC)CCCCCCC,530,False,True,False,Normalized unit: Intensity; Annotation method: Msp20260116160945_NCDK_conventional_converted_dev_1,False,False,493,0,0.00,1.00,null,null,null,-1.00,-1.00,-0.143,3203.48,P Sandie 50 Serum 2_GD1_01_66551,886.78601:395954 887.79068:248056 888.79535:75904,null,3202544,3186185,3247004,3282818,3229637.82448436,43787.0579951135
494,38.560,887.77844,no MS2: SL 52:1;O2|SL 16:1;O/36:0;O,[M+NH4]+,null,1.00,False,13.348,887.78442,C52H103NO6S,SL,OTPOJKKXGSCVFS-UHFFFAOYSA-N,O=C(N(CC(O)C=CCCCCCCCCCCC)CS(=O)(=O)O)C(O)CCCCCCCCCCCCCCCCCCCCCCCCCCCCCCCCCC,530,False,True,False,Normalized unit: Intensity; Annotation method: Msp20260116160945_NCDK_conventional_converted_dev_1,False,False,494,0,0.00,0.94,null,null,null,-1.00,-1.00,-0.173,23035.50,P Sandie 50 Serum 2_GD1_01_66551,887.78131:3254904 888.78598:1908462 889.79065:572264,null,16103429,15771000,17419174,17174357,16616990.1582969,802828.411593962
495,36.654,888.76312,no MS2: RIKEN P-VS1 ID-14796 from Mouse_Liver_WT_N_F1DHA,[M+H]+,null,1.00,False,14.210,888.76422,null,Unknown,null,null,530,False,True,False,Normalized unit: Intensity; Annotation method: Msp20260116160945_NCDK_conventional_converted_dev_1,False,False,495,0,0.00,1.00,null,null,null,-1.00,-1.00,-0.129,3697.39,P Sandie 50 Serum 3_GD1_01_66552,888.76379:395890 889.76846:245014 890.77313:79394,null,3325092,3222989,3208292,3280656,3259257.40473437,53867.0353334797
496,38.212,888.76422,no MS2: RIKEN P-VS1 ID-14796 from Mouse_Liver_WT_N_F1DHA,[M+H]+,null,1.00,False,14.210,888.76422,null,Unknown,null,null,530,False,True,False,Normalized unit: Intensity; Annotation method: Msp20260116160945_NCDK_conventional_converted_dev_1,False,False,496,0,0.00,1.00,null,null,null,-1.00,-1.00,-0.129,549.95,P Sandie 50 Serum 4_GD1_01_66553,888.76422:82012 889.76889:48098 890.77356:15076,null,542250,544266,435171,593010,528674.307125001,66606.6462843197
497,39.635,888.79968,no MS2: TG 53:3|TG 8:0_9:0_36:3,[M+NH4]+,null,1.00,False,14.452,888.80151,C56H102O6,TG,PROAZUBDFFEGFS-UHFFFAOYSA-N,O=C(OCC(OC(=O)CCCCCCCC)COC(=O)CCCCCCCCCCCCCCCCCCCCC=CCC=CCC=CCCCCCCC)CCCCCCC,530,False,True,False,Normalized unit: Intensity; Annotation method: Msp20260116160945_NCDK_conventional_converted_dev_1,False,False,497,0,0.00,1.00,null,null,null,-1.00,-1.00,-0.144,6684.20,P Sandie 50 Serum 2_GD1_01_66551,888.80103:804012 889.80569:501584 890.81036:156846,null,6747544,6669238,6967941,6956434,6835289.22529686,150049.92841835
498,39.100,889.79437,no MS2: SL 52:0;O2|SL 16:0;O/36:0;O,[M+NH4]+,null,1.00,False,13.492,889.80011,C52H105NO6S,SL,KUTAXGAHVKPUNJ-UHFFFAOYSA-N,O=C(N(CC(O)CCCCCCCCCCCCC)CS(=O)(=O)O)C(O)CCCCCCCCCCCCCCCCCCCCCCCCCCCCCCCCCC,530,False,True,False,Normalized unit: Intensity; Annotation method: Msp20260116160945_NCDK_conventional_converted_dev_1,False,False,498,0,0.00,0.93,null,null,null,-1.00,-1.00,-0.178,44187.13,P Sandie 50 Serum 2_GD1_01_66551,889.79669:4034502 890.80136:2313540 891.80603:717714,null,34014938,32507326,35788264,35211122,34380412.5578905,1450764.09709777
499,39.091,889.96069,Unknown,[M+H]+,null,1.00,False,null,null,null,null,null,null,999,False,False,False,Normalized unit: Intensity,False,False,499,0,0.00,null,null,null,null,null,null,null,743.90,P Sandie 50 Serum 4_GD1_01_66553,889.96069:66864 890.96536:18234 891.97003:0,null,459589,430353,471815,478456,460053.432515623,21286.3709160053
500,39.095,890.08148,Unknown,[M+H]+,null,1.00,False,null,null,null,null,null,null,999,False,False,False,Normalized unit: Intensity,False,False,500,0,0.00,null,null,null,null,null,null,null,1034.62,P Sandie 50 Serum 3_GD1_01_66552,890.08148:77792 891.08615:22380 892.09082:0,null,464001,439086,565982,542124,502798.122687497,60836.348535424
501,39.100,890.51422,Unknown,[M+H]+,null,1.00,False,null,null,null,null,null,null,999,False,False,False,Normalized unit: Intensity,False,False,501,0,0.00,null,null,null,null,null,null,null,1067.07,P Sandie 50 Serum 3_GD1_01_66552,890.51422:115574 891.51889:41254 892.52356:1462,null,735856,689089,806317,797097,757089.764921871,55072.2404997993
502,37.019,890.77881,no MS2: RIKEN P-VS1 ID-14859 from Mouse_Adipose_WT_N_F1,[M+H]+,null,1.00,False,13.690,890.77722,null,Unknown,null,null,530,False,True,False,Normalized unit: Intensity; Annotation method: Msp20260116160945_NCDK_conventional_converted_dev_1,False,False,502,0,0.00,0.99,null,null,null,-1.00,-1.00,-0.135,4109.94,P Sandie 50 Serum 1_GD1_01_66550,890.77869:608036 891.78335:365204 892.78802:112942,null,3193037,3088481,3221612,3241688,3186204.45289061,68138.6422639367
503,40.170,890.81378,no MS2: TG 53:2|TG 8:0_8:1_37:1,[M+NH4]+,null,1.00,False,15.003,890.81708,C56H104O6,TG,PYYLIQYOBHNTCW-UHFFFAOYSA-N,O=C(OCC(OC(=O)CCC=CCCC)COC(=O)CCCCCCCCCCCCCCCCCCCCCCCCC=CCCCCCCCCCC)CCCCCCC,530,False,True,False,Normalized unit: Intensity; Annotation method: Msp20260116160945_NCDK_conventional_converted_dev_1,False,False,503,0,0.00,1.00,null,null,null,-1.00,-1.00,-0.143,2146.10,P Sandie 50 Serum 1_GD1_01_66550,890.81665:294732 891.82132:246882 892.82599:100946,null,1447844,1544825,1386953,1394380,1443500.47345313,72791.6795779626
504,40.322,890.81384,no MS2: TG 53:2|TG 8:0_8:1_37:1,[M+NH4]+,null,1.00,False,15.003,890.81708,C56H104O6,TG,PYYLIQYOBHNTCW-UHFFFAOYSA-N,O=C(OCC(OC(=O)CCC=CCCC)COC(=O)CCCCCCCCCCCCCCCCCCCCCCCCC=CCCCCCCCCCC)CCCCCCC,530,False,True,False,Normalized unit: Intensity; Annotation method: Msp20260116160945_NCDK_conventional_converted_dev_1,False,False,504,0,0.00,1.00,null,null,null,-1.00,-1.00,-0.144,4403.27,P Sandie 50 Serum 1_GD1_01_66550,890.81647:619972 891.82114:375318 892.82580:125784,null,3800081,3621668,3925502,3791282,3784633.51192185,124745.879362747
505,39.718,891.81067,no MS2: RIKEN P-VS1 ID-14892 from Mouse_Plasma_ApoEKO_N_F1DHA,[M+H]+,null,1.00,False,14.840,891.81812,null,Unknown,null,null,530,False,True,False,Normalized unit: Intensity; Annotation method: Msp20260116160945_NCDK_conventional_converted_dev_1,False,False,505,0,0.00,0.80,null,null,null,-1.00,-1.00,-0.219,35049.11,P Sandie 50 Serum 1_GD1_01_66550,891.81213:3436082 892.81680:2087798 893.82147:633084,null,21332930,20529648,21977644,21687278,21381874.8143907,626337.951791463
506,39.728,891.97839,Unknown,[M+H]+,null,0.25,False,null,null,null,null,null,null,999,False,False,False,Normalized unit: Intensity,False,False,506,0,0.00,null,null,null,null,null,null,null,784.65,P Sandie 50 Serum 2_GD1_01_66551,891.97839:70366 892.98306:14398 893.98773:1596,null,292965,295759,268119,266560,280850.621312502,15656.1743552936
507,39.718,892.53235,no MS2: RIKEN P-VS1 ID-14903 from Mouse_Lung_WT_N_F1AA,[M+H]+,null,1.00,False,9.030,892.53381,null,Unknown,null,null,530,False,True,False,Normalized unit: Intensity; Annotation method: Msp20260116160945_NCDK_conventional_converted_dev_1,False,False,507,0,0.00,0.99,null,null,null,-1.00,-1.00,-0.135,696.68,P Sandie 50 Serum 1_GD1_01_66550,892.53235:91254 893.53702:23500 894.54168:948,null,379612,363966,376875,369844,372574.466484378,7061.36138783458
508,37.664,892.73792,no MS2: RIKEN P-VS1 ID-14933 from Mouse_Lung_WT_N_F1,[M+H]+,null,1.00,False,14.390,892.73743,null,Unknown,null,null,530,False,True,False,Normalized unit: Intensity; Annotation method: Msp20260116160945_NCDK_conventional_converted_dev_1,False,False,508,0,0.00,1.00,null,null,null,-1.00,-1.00,-0.129,1290.60,P Sandie 50 Serum 4_GD1_01_66553,892.73737:196136 893.74203:135982 894.74670:48182,null,1030105,985738,1058149,953238,1006807.54329687,46520.140716716
509,36.650,893.71899,no MS2: SE 28:4/36:10,[M+H]+,null,1.00,False,14.017,893.71698,C64H92O2,DEGSE,ZJPHSAVDKKKSDS-UHFFFAOYSA-N,O=C(OC1CC2=CC=C3C(=CCC4(C)C3CCC4C(C=CC(C)C(C)C)C)C2(C)CC1)CCCCC=CCC=CCC=CCC=CCC=CCC=CCC=CCC=CCC=CCC=CCC,530,False,True,False,Normalized unit: Intensity; Annotation method: Msp20260116160945_NCDK_conventional_converted_dev_1,False,False,509,0,0.00,0.97,null,null,null,-1.00,-1.00,-0.155,1565.01,P Sandie 50 Serum 1_GD1_01_66550,893.71899:184696 894.72366:108734 895.72833:34668,null,1381904,1336717,1367805,1396633,1370764.71309375,25568.6485144163
510,40.462,893.82587,Unknown,[M+H]+,null,1.00,False,null,null,null,null,null,null,999,False,False,False,Normalized unit: Intensity,False,False,510,0,0.00,null,null,null,null,null,null,null,11193.65,P Sandie 50 Serum 3_GD1_01_66552,893.82587:1426992 894.83053:857478 895.83520:276168,null,7420829,7136948,7736051,7435988,7432453.79896875,244705.673519871
511,38.029,894.75159,no MS2: TG 54:7|TG 8:0_8:0_38:7,[M+NH4]+,null,1.00,False,13.258,894.75452,C57H96O6,TG,VGEWCLLUPAZUPL-UHFFFAOYSA-N,O=C(OCC(OC(=O)CCCCCCC)COC(=O)CCCCCCCCCCCCCCCC=CCC=CCC=CCC=CCC=CCC=CCC=CCC)CCCCCCC,530,False,True,False,Normalized unit: Intensity; Annotation method: Msp20260116160945_NCDK_conventional_converted_dev_1,False,False,511,0,0.00,1.00,null,null,null,-1.00,-1.00,-0.145,13706.37,P Sandie 50 Serum 2_GD1_01_66551,894.75378:1369020 895.75845:857896 896.76312:291016,null,8935004,8829713,9152496,9223050,9035065.58235931,183766.28669829
512,38.255,894.75305,no MS2: TG 54:7|TG 8:0_8:0_38:7,[M+NH4]+,null,1.00,False,13.258,894.75452,C57H96O6,TG,VGEWCLLUPAZUPL-UHFFFAOYSA-N,O=C(OCC(OC(=O)CCCCCCC)COC(=O)CCCCCCCCCCCCCCCC=CCC=CCC=CCC=CCC=CCC=CCC=CCC)CCCCCCC,530,False,True,False,Normalized unit: Intensity; Annotation method: Msp20260116160945_NCDK_conventional_converted_dev_1,False,False,512,0,0.00,1.00,null,null,null,-1.00,-1.00,-0.143,5694.48,P Sandie 50 Serum 1_GD1_01_66550,894.75433:827978 895.75900:518266 896.76367:168244,null,5172957,5095866,5133543,5050631,5113249.2792344,52281.4144849886
513,37.019,895.73456,no MS2: SE 28:4/36:9,[M+H]+,null,1.00,False,14.970,895.73273,C64H94O2,DEGSE,VKUYUPUALDHWOS-UHFFFAOYSA-N,O=C(OC1CC2=CC=C3C(=CCC4(C)C3CCC4C(C=CC(C)C(C)C)C)C2(C)CC1)CCCCCCCC=CCC=CCC=CCC=CCC=CCC=CCC=CCC=CCC=CCC,530,False,True,False,Normalized unit: Intensity; Annotation method: Msp20260116160945_NCDK_conventional_converted_dev_1,False,False,513,0,0.00,0.99,null,null,null,-1.00,-1.00,-0.149,1651.37,P Sandie 50 Serum 1_GD1_01_66550,895.73419:199592 896.73886:120572 897.74353:35500,null,1188084,1160958,1212048,1214999,1194022.17285937,25122.5522407509
514,25.553,896.53766,no MS2: DGDG 32:7|DGDG 10:1_22:6,[M+NH4]+,null,1.00,False,7.635,896.53662,C47H74O15,DGDG,JTWAITYGWQSWFR-UHFFFAOYSA-N,O=C(OCC(OC(=O)CCC=CCC=CCC=CCC=CCC=CCC=CCC)COC1OC(COC2OC(CO)C(O)C(O)C2O)C(O)C(O)C1O)CCCCC=CCCC,530,False,True,False,Normalized unit: Intensity; Annotation method: Msp20260116160945_NCDK_conventional_converted_dev_1,False,False,514,0,0.00,1.00,null,null,null,-1.00,-1.00,-0.145,940.54,P Sandie 50 Serum 1_GD1_01_66550,896.53741:77478 897.54208:40338 898.54675:12086,null,657265,671531,731047,735528,698842.753750001,40239.3448854405
515,38.656,896.76794,no MS2: TG 54:6|TG 8:0_8:0_38:6,[M+NH4]+,null,1.00,False,13.776,896.77020,C57H98O6,TG,MPJPHTZTJJUBFS-UHFFFAOYSA-N,O=C(OCC(OC(=O)CCCCCCC)COC(=O)CCCCCCCCCCCCCCCCCCC=CCC=CCC=CCC=CCC=CCC=CCC)CCCCCCC,530,False,True,False,Normalized unit: Intensity; Annotation method: Msp20260116160945_NCDK_conventional_converted_dev_1,False,False,515,0,0.00,0.99,null,null,null,-1.00,-1.00,-0.147,30776.26,P Sandie 50 Serum 2_GD1_01_66551,896.76904:4044116 897.77371:2490582 898.77838:757668,null,16553563,16454888,17645387,17682904,17084185.6832813,671065.30077655
516,38.865,896.76825,no MS2: TG 54:6|TG 8:0_8:0_38:6,[M+NH4]+,null,1.00,False,13.776,896.77020,C57H98O6,TG,MPJPHTZTJJUBFS-UHFFFAOYSA-N,O=C(OCC(OC(=O)CCCCCCC)COC(=O)CCCCCCCCCCCCCCCCCCC=CCC=CCC=CCC=CCC=CCC=CCC)CCCCCCC,530,False,True,False,Normalized unit: Intensity; Annotation method: Msp20260116160945_NCDK_conventional_converted_dev_1,False,False,516,0,0.00,1.00,null,null,null,-1.00,-1.00,-0.143,2222.80,P Sandie 50 Serum 2_GD1_01_66551,896.76990:297182 897.77457:183194 898.77923:8686220,null,1066230,1052241,1113222,1134083,1091444.08292187,38578.7801706846
517,38.438,896.76862,no MS2: TG 54:6|TG 8:0_8:0_38:6,[M+NH4]+,null,1.00,False,13.776,896.77020,C57H98O6,TG,MPJPHTZTJJUBFS-UHFFFAOYSA-N,O=C(OCC(OC(=O)CCCCCCC)COC(=O)CCCCCCCCCCCCCCCCCCC=CCC=CCC=CCC=CCC=CCC=CCC)CCCCCCC,530,False,True,False,Normalized unit: Intensity; Annotation method: Msp20260116160945_NCDK_conventional_converted_dev_1,False,False,517,0,0.00,1.00,null,null,null,-1.00,-1.00,-0.143,45807.13,P Sandie 50 Serum 1_GD1_01_66550,896.77008:4062314 897.77475:2570206 898.77942:828236,null,31093864,31353216,31327313,31610884,31346319.0993437,211452.854964382
518,38.438,896.93524,Unknown,[M+H]+,null,1.00,False,null,null,null,null,null,null,999,False,False,False,Normalized unit: Intensity,False,False,518,0,0.00,null,null,null,null,null,null,null,667.38,P Sandie 50 Serum 4_GD1_01_66553,896.93524:100966 897.93991:37318 898.94458:2630,null,411520,414648,510195,531980,467085.589046874,62999.5321174609
519,38.438,897.05664,Unknown,[M+H]+,null,1.00,False,null,null,null,null,null,null,999,False,False,False,Normalized unit: Intensity,False,False,519,0,0.00,null,null,null,null,null,null,null,1002.89,P Sandie 50 Serum 4_GD1_01_66553,897.05664:94026 898.06131:38748 899.06598:3358,null,485032,489230,480055,497002,487829.800374999,7172.97881263845
520,38.649,897.49054,Unknown,[M+H]+,null,0.50,False,null,null,null,null,null,null,999,False,False,False,Normalized unit: Intensity,False,False,520,0,0.00,null,null,null,null,null,null,null,594.40,P Sandie 50 Serum 4_GD1_01_66553,897.49054:114980 898.49521:37222 899.49988:2154,null,241442,238631,271429,285813,259328.787578125,23066.3171057699
521,38.438,897.49152,Unknown,[M+H]+,null,1.00,False,null,null,null,null,null,null,999,False,False,False,Normalized unit: Intensity,False,False,521,0,0.00,null,null,null,null,null,null,null,1112.21,P Sandie 50 Serum 4_GD1_01_66553,897.49152:130250 898.49618:52116 899.50085:2220,null,629719,614443,677823,693960,653986.239984374,37941.2400372793
522,38.444,898.76831,no MS2: AHexCer 47:0;O2|AHexCer (O-18:0)12:0;O2/17:0,[M+H]+,null,0.50,False,13.666,898.77063,C53H103NO9,AHexCer,HTFQACHBMDDQFX-UHFFFAOYSA-N,O=C(OCC1OC(OCC(NC(=O)CCCCCCCCCCCCCCCC)C(O)CCCCCCCCC)C(O)C(O)C1O)CCCCCCCCCCCCCCCCC,530,False,True,False,Normalized unit: Intensity; Annotation method: Msp20260116160945_NCDK_conventional_converted_dev_1,False,False,522,0,0.00,0.97,null,null,null,-1.00,-1.00,-0.158,5820.17,P Sandie 50 Serum 1_GD1_01_66550,898.76837:828236 899.77304:263828 900.77771:76218,null,9069797,9104087,9408854,9461100,9260959.34279686,202551.077168943
523,39.165,898.78333,no MS2: TG 54:5|TG 8:0_8:0_38:5,[M+NH4]+,null,1.00,False,14.112,898.78583,C57H100O6,TG,QEUNXFKXMXOSEM-UHFFFAOYSA-N,O=C(OCC(OC(=O)CCCCCCC)COC(=O)CCCCCCCCCCCCCCCCCCCCCC=CCC=CCC=CCC=CCC=CCC)CCCCCCC,530,False,True,False,Normalized unit: Intensity; Annotation method: Msp20260116160945_NCDK_conventional_converted_dev_1,False,False,523,0,0.00,0.99,null,null,null,-1.00,-1.00,-0.146,22164.02,P Sandie 50 Serum 1_GD1_01_66550,898.78479:3991992 899.78946:2539098 900.79413:807742,null,15985303,16284417,15556128,17012625,16209618.0609375,613128.9750625
524,38.886,898.78406,no MS2: TG 54:5|TG 8:0_8:0_38:5,[M+NH4]+,null,1.00,False,14.112,898.78583,C57H100O6,TG,QEUNXFKXMXOSEM-UHFFFAOYSA-N,O=C(OCC(OC(=O)CCCCCCC)COC(=O)CCCCCCCCCCCCCCCCCCCCCC=CCC=CCC=CCC=CCC=CCC)CCCCCCC,530,False,True,False,Normalized unit: Intensity; Annotation method: Msp20260116160945_NCDK_conventional_converted_dev_1,False,False,524,0,0.00,1.00,null,null,null,-1.00,-1.00,-0.143,69234.50,P Sandie 50 Serum 1_GD1_01_66550,898.78546:11816668 899.79013:7916152 900.79480:2460992,null,50760109,49905949,52271093,52721993,51414785.8679062,1309865.44351717
525,38.891,898.94989,Unknown,[M+H]+,null,1.00,False,null,null,null,null,null,null,999,False,False,False,Normalized unit: Intensity,False,False,525,0,0.00,null,null,null,null,null,null,null,1205.84,P Sandie 50 Serum 4_GD1_01_66553,898.94989:204464 899.95456:115954 900.95923:14264,null,809975,792128,826188,884535,828206.680140624,40045.968105457
526,38.891,899.07898,Unknown,[M+H]+,null,1.00,False,null,null,null,null,null,null,999,False,False,False,Normalized unit: Intensity,False,False,526,0,0.00,null,null,null,null,null,null,null,1973.28,P Sandie 50 Serum 4_GD1_01_66553,899.07898:168590 900.08365:129080 901.08831:13014,null,747216,730952,760009,768577,751688.430015624,16375.0604425851
527,38.886,899.50732,Unknown,[M+H]+,null,1.00,False,null,null,null,null,null,null,999,False,False,False,Normalized unit: Intensity,False,False,527,0,0.00,null,null,null,null,null,null,null,2667.49,P Sandie 50 Serum 4_GD1_01_66553,899.50732:351498 900.51199:220984 901.51666:28772,null,1267674,1235868,1259001,1324086,1271657.0204375,37442.0562327573
528,39.169,899.50806,Unknown,[M+H]+,null,1.00,False,null,null,null,null,null,null,999,False,False,False,Normalized unit: Intensity,False,False,528,0,0.00,null,null,null,null,null,null,null,468.51,P Sandie 50 Serum 1_GD1_01_66550,899.50806:110740 900.51272:41628 901.51739:1240,null,289802,284528,275294,295765,286347.361328125,8681.67104188635
529,38.025,899.70874,no MS2: TG 54:7|TG 8:0_8:0_38:7,[M+Na]+,null,1.00,False,13.258,899.70990,C57H96O6,TG,VGEWCLLUPAZUPL-UHFFFAOYSA-N,O=C(OCC(OC(=O)CCCCCCC)COC(=O)CCCCCCCCCCCCCCCC=CCC=CCC=CCC=CCC=CCC=CCC=CCC)CCCCCCC,530,False,True,False,Normalized unit: Intensity; Annotation method: Msp20260116160945_NCDK_conventional_converted_dev_1,False,False,529,0,0.00,0.99,null,null,null,-1.00,-1.00,-0.145,973.43,P Sandie 50 Serum 3_GD1_01_66552,899.70898:159918 900.71365:97402 901.71832:26916,null,770642,875565,697920,847958,798021.353312495,80159.299972239
530,28.347,900.56989,no MS2: DGDG 32:5|DGDG 10:0_22:5,[M+NH4]+,null,1.00,False,8.632,900.56787,C47H78O15,DGDG,PFQDACBMXOHOAJ-UHFFFAOYSA-N,O=C(OCC(OC(=O)CCCCCC=CCC=CCC=CCC=CCC=CCC)COC1OC(COC2OC(CO)C(O)C(O)C2O)C(O)C(O)C1O)CCCCCCCCC,530,False,True,False,Normalized unit: Intensity; Annotation method: Msp20260116160945_NCDK_conventional_converted_dev_1,False,False,530,0,0.00,0.99,null,null,null,-1.00,-1.00,-0.147,693.84,P Sandie 50 Serum 4_GD1_01_66553,900.56903:70874 901.57370:35232 902.57837:9664,null,1337896,1356694,1306380,1367934,1342225.8164375,26919.1011256887
531,39.805,900.79834,no MS2: TG 54:4|TG 8:0_8:0_38:4,[M+NH4]+,null,1.00,False,14.090,900.80151,C57H102O6,TG,SDHHDMYGROQKNA-UHFFFAOYSA-N,O=C(OCC(OC(=O)CCCCCCC)COC(=O)CCCCCCCCCCCCCCCCCCCCCCCCC=CCC=CCC=CCC=CCC)CCCCCCC,530,False,True,False,Normalized unit: Intensity; Annotation method: Msp20260116160945_NCDK_conventional_converted_dev_1,False,False,531,0,0.00,1.00,null,null,null,-1.00,-1.00,-0.145,2074.87,P Sandie 50 Serum 2_GD1_01_66551,900.80066:304682 901.80533:192254 902.80999:64010,null,1613788,1546477,1588685,1572848,1580449.52981249,28232.6079845823
532,39.435,900.79980,no MS2: TG 54:4|TG 8:0_8:0_38:4,[M+NH4]+,null,1.00,False,14.090,900.80151,C57H102O6,TG,SDHHDMYGROQKNA-UHFFFAOYSA-N,O=C(OCC(OC(=O)CCCCCCC)COC(=O)CCCCCCCCCCCCCCCCCCCCCCCCC=CCC=CCC=CCC=CCC)CCCCCCC,530,False,True,False,Normalized unit: Intensity; Annotation method: Msp20260116160945_NCDK_conventional_converted_dev_1,False,False,532,0,0.00,1.00,null,null,null,-1.00,-1.00,-0.143,106510.90,P Sandie 50 Serum 2_GD1_01_66551,900.80139:12462976 901.80606:9251416 902.81073:2860892,null,91350188,91459190,93170180,93529734,92377323.1002346,1133526.69257646
533,39.435,900.96564,Unknown,[M+H]+,null,1.00,False,null,null,null,null,null,null,999,False,False,False,Normalized unit: Intensity,False,False,533,0,0.00,null,null,null,null,null,null,null,1953.35,P Sandie 50 Serum 3_GD1_01_66552,900.96564:224338 901.97030:145028 902.97497:14870,null,1467876,1428095,1515825,1502572,1478592.12906251,39268.8680756847
534,39.435,901.09393,Unknown,[M+H]+,null,1.00,False,null,null,null,null,null,null,999,False,False,False,Normalized unit: Intensity,False,False,534,0,0.00,null,null,null,null,null,null,null,3005.73,P Sandie 50 Serum 4_GD1_01_66553,901.09393:212574 902.09860:146804 903.10327:16874,null,1412588,1427669,1446744,1503382,1447595.94867188,39730.2532875322
535,39.426,901.23932,Unknown,[M+H]+,null,1.00,False,null,null,null,null,null,null,999,False,False,False,Normalized unit: Intensity,False,False,535,0,0.00,null,null,null,null,null,null,null,1076.70,P Sandie 50 Serum 4_GD1_01_66553,901.23932:99650 902.24399:56770 903.24865:3338,null,291879,371747,363888,370804,349579.183656251,38626.1841327582
536,39.435,901.52362,Unknown,[M+H]+,null,1.00,False,null,null,null,null,null,null,999,False,False,False,Normalized unit: Intensity,False,False,536,0,0.00,null,null,null,null,null,null,null,3529.33,P Sandie 50 Serum 4_GD1_01_66553,901.52362:413486 902.52829:244242 903.53296:40268,null,2405102,2355509,2459578,2477915,2424525.75171876,55436.8781065368
537,38.647,901.72345,no MS2: TG 54:6|TG 8:0_8:0_38:6,[M+Na]+,null,1.00,False,13.776,901.72559,C57H98O6,TG,MPJPHTZTJJUBFS-UHFFFAOYSA-N,O=C(OCC(OC(=O)CCCCCCC)COC(=O)CCCCCCCCCCCCCCCCCCC=CCC=CCC=CCC=CCC=CCC=CCC)CCCCCCC,530,False,True,False,Normalized unit: Intensity; Annotation method: Msp20260116160945_NCDK_conventional_converted_dev_1,False,False,537,0,0.00,0.99,null,null,null,-1.00,-1.00,-0.147,1491.68,P Sandie 50 Serum 2_GD1_01_66551,901.72449:191676 902.72916:119476 903.73382:36550,null,894583,911478,847087,867732,880220.106921877,28502.3446908944
538,38.451,901.72528,no MS2: TG 54:6|TG 8:0_8:0_38:6,[M+Na]+,null,1.00,False,13.776,901.72559,C57H98O6,TG,MPJPHTZTJJUBFS-UHFFFAOYSA-N,O=C(OCC(OC(=O)CCCCCCC)COC(=O)CCCCCCCCCCCCCCCCCCC=CCC=CCC=CCC=CCC=CCC=CCC)CCCCCCC,530,False,True,False,Normalized unit: Intensity; Annotation method: Msp20260116160945_NCDK_conventional_converted_dev_1,False,False,538,0,0.00,1.00,null,null,null,-1.00,-1.00,-0.143,1977.62,P Sandie 50 Serum 2_GD1_01_66551,901.72528:239984 902.72995:143020 903.73462:43278,null,1467483,1540084,1443057,1455307,1476482.69971875,43557.5491895884
539,29.391,902.58575,no MS2: DGDG 32:4|DGDG 10:0_22:4,[M+NH4]+,null,1.00,False,8.651,902.58350,C47H80O15,DGDG,VRCIVLDVAQTFOU-UHFFFAOYSA-N,O=C(OCC(OC(=O)CCCCCCCCC=CCC=CCC=CCC=CCC)COC1OC(COC2OC(CO)C(O)C(O)C2O)C(O)C(O)C1O)CCCCCCCCC,530,False,True,False,Normalized unit: Intensity; Annotation method: Msp20260116160945_NCDK_conventional_converted_dev_1,False,False,539,0,0.00,0.99,null,null,null,-1.00,-1.00,-0.146,818.68,P Sandie 50 Serum 4_GD1_01_66553,902.58447:77238 903.58914:37938 904.59381:10992,null,1338621,1303292,1307624,1329090,1319656.87128125,16943.2277370018
540,39.278,902.79999,no MS2: Cer 60:8;O4|Cer 22:2;O3/38:6(2OH),[M+H-H2O]+,null,1.00,False,13.282,902.79602,C60H105NO5,Cer_AP,KLPVWANHJMNDFM-UHFFFAOYSA-N,O=C(NC(CO)C(O)C(O)CCCC=CCCC=CCCCCCCCCC)C(O)CCCCCCCCCCCCCCCCCC=CCC=CCC=CCC=CCC=CCC=CCC,530,False,True,False,Normalized unit: Intensity; Annotation method: Msp20260116160945_NCDK_conventional_converted_dev_1,False,False,540,0,0.00,0.98,null,null,null,-1.00,-1.00,-0.151,7064.05,P Sandie 50 Serum 4_GD1_01_66553,902.79761:749638 903.80228:241688 904.80694:48264,null,5828599,6420743,6125344,6228125,6150702.67610941,247190.907815457
541,40.061,902.81464,no MS2: TG 54:3|TG 8:0_8:0_38:3,[M+NH4]+,null,1.00,False,14.407,902.81708,C57H104O6,TG,RCSKZUBNPPWQCB-UHFFFAOYSA-N,O=C(OCC(OC(=O)CCCCCCC)COC(=O)CCCCCCCCCCCCCCCCCCCCCCC=CCC=CCC=CCCCCCCC)CCCCCCC,530,False,True,False,Normalized unit: Intensity; Annotation method: Msp20260116160945_NCDK_conventional_converted_dev_1,False,False,541,0,0.00,1.00,null,null,null,-1.00,-1.00,-0.143,100411.60,P Sandie 50 Serum 1_GD1_01_66550,902.81683:10585402 903.82150:6884544 904.82617:2070800,null,90538810,91027026,94312598,93543140,92355393.574406,1853458.45546292
542,40.061,902.98102,Unknown,[M+H]+,null,1.00,False,null,null,null,null,null,null,999,False,False,False,Normalized unit: Intensity,False,False,542,0,0.00,null,null,null,null,null,null,null,2639.81,P Sandie 50 Serum 4_GD1_01_66553,902.98102:172262 903.98569:91084 904.99035:6578,null,1465331,1480196,1488600,1522068,1489048.63107812,24023.1158627251
543,40.061,903.11102,Unknown,[M+H]+,null,1.00,False,null,null,null,null,null,null,999,False,False,False,Normalized unit: Intensity,False,False,543,0,0.00,null,null,null,null,null,null,null,2560.60,P Sandie 50 Serum 1_GD1_01_66550,903.11102:167790 904.11569:116562 905.12036:9154,null,1421340,1393300,1423773,1426497,1416227.37379687,15429.4555729109
544,40.051,903.23914,Unknown,[M+H]+,null,0.75,False,null,null,null,null,null,null,999,False,False,False,Normalized unit: Intensity,False,False,544,0,0.00,null,null,null,null,null,null,null,1025.99,P Sandie 50 Serum 3_GD1_01_66552,903.23914:121518 904.24380:16474 905.24847:0,null,379951,379410,561952,419843,435289.076140623,86538.4967102127
545,40.061,903.54199,Unknown,[M+H]+,null,1.00,False,null,null,null,null,null,null,999,False,False,False,Normalized unit: Intensity,False,False,545,0,0.00,null,null,null,null,null,null,null,3115.83,P Sandie 50 Serum 1_GD1_01_66550,903.54199:287058 904.54666:179220 905.55133:15348,null,2327353,2267124,2343292,2305336,2310776.39056249,33000.7677836119
546,39.169,903.74017,no MS2: TG 54:5|TG 8:0_8:0_38:5,[M+Na]+,null,1.00,False,14.112,903.74121,C57H100O6,TG,QEUNXFKXMXOSEM-UHFFFAOYSA-N,O=C(OCC(OC(=O)CCCCCCC)COC(=O)CCCCCCCCCCCCCCCCCCCCCC=CCC=CCC=CCC=CCC=CCC)CCCCCCC,530,False,True,False,Normalized unit: Intensity; Annotation method: Msp20260116160945_NCDK_conventional_converted_dev_1,False,False,546,0,0.00,1.00,null,null,null,-1.00,-1.00,-0.144,1182.42,P Sandie 50 Serum 1_GD1_01_66550,903.74054:171370 904.74521:103028 905.74988:31628,null,684202,705413,639474,650422,669877.570687499,30391.0758719881
547,38.882,903.74091,no MS2: TG 54:5|TG 8:0_8:0_38:5,[M+Na]+,null,1.00,False,14.112,903.74121,C57H100O6,TG,QEUNXFKXMXOSEM-UHFFFAOYSA-N,O=C(OCC(OC(=O)CCCCCCC)COC(=O)CCCCCCCCCCCCCCCCCCCCCC=CCC=CCC=CCC=CCC=CCC)CCCCCCC,530,False,True,False,Normalized unit: Intensity; Annotation method: Msp20260116160945_NCDK_conventional_converted_dev_1,False,False,547,0,0.00,1.00,null,null,null,-1.00,-1.00,-0.143,3275.36,P Sandie 50 Serum 2_GD1_01_66551,903.74091:423420 904.74557:262444 905.75024:82922,null,1753883,1790208,1678984,1768249,1747831.0813125,48267.3546662435
548,39.874,903.81146,no MS2: SL 53:0;O2|SL 17:0;O/36:0;O,[M+NH4]+,null,1.00,False,13.516,903.81567,C53H107NO6S,SL,RCVXRKUUOMNFJX-UHFFFAOYSA-N,O=C(N(CC(O)CCCCCCCCCCCCCC)CS(=O)(=O)O)C(O)CCCCCCCCCCCCCCCCCCCCCCCCCCCCCCCCCC,530,False,True,False,Normalized unit: Intensity; Annotation method: Msp20260116160945_NCDK_conventional_converted_dev_1,False,False,548,0,0.00,0.90,null,null,null,-1.00,-1.00,-0.194,13106.54,P Sandie 50 Serum 1_GD1_01_66550,903.81146:1308156 904.81613:795440 905.82080:249922,null,10326760,9736215,9669416,9653920,9846577.4743437,322106.735622359
549,26.783,904.56366,no MS2: SHexCer 44:9;O2|SHexCer 16:3;O2/28:6,[M+H]+,null,0.50,False,8.151,904.56030,C50H81NO11S,SHexCer,XKVDIKJJKMNVOB-UHFFFAOYSA-N,O=C(NC(COC1OC(CO)C(O)C(OS(=O)(=O)O)C1O)C(O)C=CCCC=CCCC=CCCC)CCCCCCCCC=CCC=CCC=CCC=CCC=CCC=CCC,530,False,True,False,Normalized unit: Intensity; Annotation method: Msp20260116160945_NCDK_conventional_converted_dev_1,False,False,549,0,0.00,0.93,null,null,null,-1.00,-1.00,-0.176,908.33,P Sandie 50 Serum 1_GD1_01_66550,904.56366:90210 905.56833:41876 906.57300:11870,null,1593910,1550205,1613449,1624410,1595493.58367187,32721.6244984125
550,22.890,904.59076,no MS2: PI 38:4,[M+NH4]+,null,1.00,False,8.453,904.59100,C47H83O13P,PI,DLTKHZSJDRZTDM-UHFFFAOYSA-N,O=C(OCC(OC(=O)CCCCCCCCCCCCCCCCCCC=CCC=CCC=CCC=CCC)COP(=O)(O)OC1C(O)C(O)C(O)C(O)C1O)CCCCC,530,False,True,False,Normalized unit: Intensity; Annotation method: Msp20260116160945_NCDK_conventional_converted_dev_1,False,False,550,0,0.00,1.00,null,null,null,-1.00,-1.00,-0.143,809.20,P Sandie 50 Serum 4_GD1_01_66553,904.59082:90612 905.59549:46078 906.60016:13262,null,510697,518235,567520,554486,537734.404140625,27562.4553111426
551,36.576,904.75885,no MS2: AHexCer 49:2;O2|AHexCer (O-24:0)12:1;O2/13:1,[M+H-H2O]+,null,1.00,False,13.362,904.76001,C55H103NO9,AHexCer,ZJVXDAYHDIUFTI-UHFFFAOYSA-N,O=C(OCC1OC(OCC(NC(=O)CCCCCCCC=CCCC)C(O)C=CCCCCCCC)C(O)C(O)C1O)CCCCCCCCCCCCCCCCCCCCCCC,530,False,True,False,Normalized unit: Intensity; Annotation method: Msp20260116160945_NCDK_conventional_converted_dev_1,False,False,551,0,0.00,0.99,null,null,null,-1.00,-1.00,-0.147,1772.02,P Sandie 50 Serum 3_GD1_01_66552,904.75885:162474 905.76352:92000 906.76819:33860,null,1760652,1750743,1817476,1827333,1789051.09892187,38933.7422111064
552,40.827,904.83264,no MS2: TG 54:2|TG 8:0_8:0_38:2,[M+NH4]+,null,1.00,False,14.863,904.83282,C57H106O6,TG,CJABAEYPPMEUSO-UHFFFAOYSA-N,O=C(OCC(OC(=O)CCCCCCC)COC(=O)CCCCCCCCCCCCCCCCCCCCCCCCCC=CCC=CCCCCCCC)CCCCCCC,530,False,True,False,Normalized unit: Intensity; Annotation method: Msp20260116160945_NCDK_conventional_converted_dev_1,False,False,552,0,0.00,1.00,null,null,null,-1.00,-1.00,-0.143,39285.31,P Sandie 50 Serum 1_GD1_01_66550,904.83295:4674368 905.83761:2780642 906.84228:900226,null,27444413,27710560,26922069,26578062,27163776.2693594,509644.820969263
553,40.827,905.12189,Unknown,[M+H]+,null,1.00,False,null,null,null,null,null,null,999,False,False,False,Normalized unit: Intensity,False,False,553,0,0.00,null,null,null,null,null,null,null,745.50,P Sandie 50 Serum 4_GD1_01_66553,905.12189:92950 906.12655:26010 907.13122:1972,null,343649,338639,370597,385442,359581.641390626,22230.0626508399
554,40.827,905.55890,Unknown,[M+H]+,null,1.00,False,null,null,null,null,null,null,999,False,False,False,Normalized unit: Intensity,False,False,554,0,0.00,null,null,null,null,null,null,null,1079.94,P Sandie 50 Serum 2_GD1_01_66551,905.55890:123334 906.56357:62264 907.56823:3160,null,524544,524351,496157,499236,511072.034578126,15496.004460098
555,33.421,905.66821,no MS2: BA 24:1;O4;T/26:3;O,[M+NH4]+,null,1.00,False,9.904,905.66467,C52H89NO8S,TDCAE,NEMYFRQJSLWYGT-UHFFFAOYSA-N,O=C(OC1CCC2(C)C(CCC3C4CCC(C(C)CCC(O)=NCCS(=O)(=O)O)C4(C)C(O)CC32)C1)CCCCCCCC(O)CCCCC=CCC=CCC=CCCCCC,530,False,True,False,Normalized unit: Intensity; Annotation method: Msp20260116160945_NCDK_conventional_converted_dev_1,False,False,555,0,0.00,0.93,null,null,null,-1.00,-1.00,-0.180,624.18,P Sandie 50 Serum 1_GD1_01_66550,905.66821:60392 906.67288:33234 907.67755:9568,null,884278,929366,942154,908885,916170.567500001,25294.5835569503
556,39.430,905.75586,no MS2: TG 54:4|TG 8:0_8:0_38:4,[M+Na]+,null,1.00,False,14.090,905.75690,C57H102O6,TG,SDHHDMYGROQKNA-UHFFFAOYSA-N,O=C(OCC(OC(=O)CCCCCCC)COC(=O)CCCCCCCCCCCCCCCCCCCCCCCCC=CCC=CCC=CCC=CCC)CCCCCCC,530,False,True,False,Normalized unit: Intensity; Annotation method: Msp20260116160945_NCDK_conventional_converted_dev_1,False,False,556,0,0.00,0.99,null,null,null,-1.00,-1.00,-0.146,4553.44,P Sandie 50 Serum 2_GD1_01_66551,905.75586:523612 906.76053:329088 907.76519:101104,null,3436781,3585840,3323130,3348505,3423564.12779688,118643.777391118
557,40.105,905.82703,Unknown,[M+H]+,null,1.00,False,null,null,null,null,null,null,999,False,False,False,Normalized unit: Intensity,False,False,557,0,0.00,null,null,null,null,null,null,null,4469.58,P Sandie 50 Serum 1_GD1_01_66550,905.82703:537540 906.83169:166906 907.83636:18966,null,3785143,3934518,3477502,3944415,3785394.60554689,217810.040325537
558,40.640,905.82794,Unknown,[M+H]+,null,1.00,False,null,null,null,null,null,null,999,False,False,False,Normalized unit: Intensity,False,False,558,0,0.00,null,null,null,null,null,null,null,5723.35,P Sandie 50 Serum 2_GD1_01_66551,905.82794:708112 906.83261:432694 907.83728:141962,null,4207260,4106783,4019990,4181540,4128893.16396881,84185.9789817834
559,28.486,906.57959,no MS2: SHexCer 44:8;O2|SHexCer 16:2;O2/28:6,[M+H]+,null,1.00,False,8.067,906.57599,C50H83NO11S,SHexCer,DQALRXJZAIDWIG-UHFFFAOYSA-N,O=C(NC(COC1OC(CO)C(O)C(OS(=O)(=O)O)C1O)C(O)C=CCCC=CCCCCCCC)CCCCCCCCC=CCC=CCC=CCC=CCC=CCC=CCC,530,False,True,False,Normalized unit: Intensity; Annotation method: Msp20260116160945_NCDK_conventional_converted_dev_1,False,False,559,0,0.00,0.92,null,null,null,-1.00,-1.00,-0.181,1087.35,P Sandie 50 Serum 4_GD1_01_66553,906.57959:99678 907.58426:46778 908.58893:12126,null,2428418,2458584,2548162,2669078,2526060.59703125,108058.135098642
560,36.946,906.77362,no MS2: AHexCer 49:1;O2|AHexCer (O-24:0)12:1;O2/13:0,[M+H-H2O]+,null,1.00,False,13.913,906.77557,C55H105NO9,AHexCer,USVSSNODPBOSEV-UHFFFAOYSA-N,O=C(OCC1OC(OCC(NC(=O)CCCCCCCCCCCC)C(O)C=CCCCCCCC)C(O)C(O)C1O)CCCCCCCCCCCCCCCCCCCCCCC,530,False,True,False,Normalized unit: Intensity; Annotation method: Msp20260116160945_NCDK_conventional_converted_dev_1,False,False,560,0,0.00,0.99,null,null,null,-1.00,-1.00,-0.145,2287.99,P Sandie 50 Serum 2_GD1_01_66551,906.77466:326026 907.77933:197412 908.78399:60346,null,1677598,1636011,1649329,1647697,1652658.45279687,17652.398448783
561,41.741,906.84918,no MS2: TG 54:1|TG 8:0_8:0_38:1,[M+NH4]+,null,1.00,False,15.126,906.84839,C57H108O6,TG,LELWTXMKFFCBDE-UHFFFAOYSA-N,O=C(OCC(OC(=O)CCCCCCC)COC(=O)CCCCCCCCCCCCCCCCCCCCCCCCCC=CCCCCCCCCCC)CCCCCCC,530,False,True,False,Normalized unit: Intensity; Annotation method: Msp20260116160945_NCDK_conventional_converted_dev_1,False,False,561,0,0.00,1.00,null,null,null,-1.00,-1.00,-0.144,3353.58,P Sandie 50 Serum 1_GD1_01_66550,906.84778:410126 907.85245:267214 908.85711:81700,null,2418794,2461145,2312394,2366420,2389688.06121874,64469.8379204444
562,40.066,907.77155,no MS2: TG 54:3|TG 8:0_8:0_38:3,[M+Na]+,null,1.00,False,14.407,907.77252,C57H104O6,TG,RCSKZUBNPPWQCB-UHFFFAOYSA-N,O=C(OCC(OC(=O)CCCCCCC)COC(=O)CCCCCCCCCCCCCCCCCCCCCCC=CCC=CCC=CCCCCCCC)CCCCCCC,530,False,True,False,Normalized unit: Intensity; Annotation method: Msp20260116160945_NCDK_conventional_converted_dev_1,False,False,562,0,0.00,0.99,null,null,null,-1.00,-1.00,-0.146,4426.38,P Sandie 50 Serum 2_GD1_01_66551,907.77155:430676 908.77621:268970 909.78088:84182,null,4257216,4397589,4087949,4124704,4216864.50578124,140715.639974807
563,36.571,909.71393,no MS2: NAOrn 54:13;O2|NAOrn 26:6;O(FA 28:6),[M+H]+,null,1.00,False,12.089,909.70789,C59H92N2O5,NAOrn,YDFAFACCDLKAFF-UHFFFAOYSA-N,O=C(OC(C=CCC=CCC=CCC=CCC=CCC=CCC)CCCCCC(=O)NC(C(=O)O)CCCN)CCCCCCCCC=CCC=CCC=CCC=CCC=CCC=CCC,530,False,True,False,Normalized unit: Intensity; Annotation method: Msp20260116160945_NCDK_conventional_converted_dev_1,False,False,563,0,0.00,0.81,null,null,null,-1.00,-1.00,-0.238,997.97,P Sandie 50 Serum 4_GD1_01_66553,909.71381:112534 910.71847:64204 911.72314:19824,null,970212,930571,992361,988012,970289.110015624,28159.2052714088
564,40.827,909.78815,no MS2: TG 54:2|TG 8:0_8:0_38:2,[M+Na]+,null,1.00,False,14.863,909.78821,C57H106O6,TG,CJABAEYPPMEUSO-UHFFFAOYSA-N,O=C(OCC(OC(=O)CCCCCCC)COC(=O)CCCCCCCCCCCCCCCCCCCCCCCCCC=CCC=CCCCCCCC)CCCCCCC,530,False,True,False,Normalized unit: Intensity; Annotation method: Msp20260116160945_NCDK_conventional_converted_dev_1,False,False,564,0,0.00,1.00,null,null,null,-1.00,-1.00,-0.143,2303.48,P Sandie 50 Serum 2_GD1_01_66551,909.78815:277222 910.79281:166350 911.79748:53094,null,1823657,1952755,1742088,1782731,1825307.689375,91257.5128940036
565,37.879,910.76752,no MS2: AHexCer 48:0;O3|AHexCer (O-24:0)12:0;O2/12:0;O,[M+H-H2O]+,null,0.50,False,13.691,910.77063,C54H105NO10,AHexCer,DDJYIWVDJPNBRU-UHFFFAOYSA-N,O=C(OCC1OC(OCC(NC(=O)C(O)CCCCCCCCCC)C(O)CCCCCCCCC)C(O)C(O)C1O)CCCCCCCCCCCCCCCCCCCCCCC,530,False,True,False,Normalized unit: Intensity; Annotation method: Msp20260116160945_NCDK_conventional_converted_dev_1,False,False,565,0,0.00,0.96,null,null,null,-1.00,-1.00,-0.162,966.33,P Sandie 50 Serum 1_GD1_01_66550,910.76807:83034 911.77273:26540 912.77740:16698,null,494326,514521,597326,602527,552175.178281249,55792.2196850333
566,36.946,911.72992,no MS2: SL 56:9;O|SL 20:3;O/36:6,[M+NH4]+,null,1.00,False,13.308,911.72693,C56H95NO5S,SL,ZDBMWOYDSWTMNS-UHFFFAOYSA-N,O=C(N(CC(O)C=CCCC=CCCC=CCCCCCCC)CS(=O)(=O)O)CCCCCCCCCCCCCCCCC=CCC=CCC=CCC=CCC=CCC=CCC,530,False,True,False,Normalized unit: Intensity; Annotation method: Msp20260116160945_NCDK_conventional_converted_dev_1,False,False,566,0,0.00,0.96,null,null,null,-1.00,-1.00,-0.163,1159.78,P Sandie 50 Serum 3_GD1_01_66552,911.72955:132278 912.73422:78818 913.73889:0,null,653588,643227,641941,652327,647770.672093749,6034.23888584836
567,38.316,911.77960,no MS2: SL 54:3;O2|SL 18:1;O/36:2;O,[M+NH4]+,null,1.00,False,13.129,911.78442,C54H103NO6S,SL,LUERMGCSBBAQHE-UHFFFAOYSA-N,O=C(N(CC(O)C=CCCCCCCCCCCCCC)CS(=O)(=O)O)C(O)CCCCCCCCCCCCCCCCCCCCCCC=CCC=CCCCCCCC,530,False,True,False,Normalized unit: Intensity; Annotation method: Msp20260116160945_NCDK_conventional_converted_dev_1,False,False,567,0,0.00,0.92,null,null,null,-1.00,-1.00,-0.184,10367.96,P Sandie 50 Serum 1_GD1_01_66550,911.78064:1187594 912.78531:729536 913.78998:233526,null,9694727,9662828,10598916,10301010,10064370.3045156,461739.274662501
568,38.756,913.79486,no MS2: SL 54:2;O2|SL 18:1;O/36:1;O,[M+NH4]+,null,1.00,False,13.305,913.80011,C54H105NO6S,SL,RKZQMLBZUOEOMF-UHFFFAOYSA-N,O=C(N(CC(O)C=CCCCCCCCCCCCCC)CS(=O)(=O)O)C(O)CCCCCCCCCCCCCCCCCCCCCCC=CCCCCCCCCCC,530,False,True,False,Normalized unit: Intensity; Annotation method: Msp20260116160945_NCDK_conventional_converted_dev_1,False,False,568,0,0.00,0.93,null,null,null,-1.00,-1.00,-0.175,33096.59,P Sandie 50 Serum 1_GD1_01_66550,913.79675:3521706 914.80142:2196126 915.80609:665008,null,28413135,27795460,30244929,29776038,29057390.5039062,1145168.84018696
569,39.039,913.79547,no MS2: SL 54:2;O2|SL 18:1;O/36:1;O,[M+NH4]+,null,1.00,False,13.305,913.80011,C54H105NO6S,SL,RKZQMLBZUOEOMF-UHFFFAOYSA-N,O=C(N(CC(O)C=CCCCCCCCCCCCCC)CS(=O)(=O)O)C(O)CCCCCCCCCCCCCCCCCCCCCCC=CCCCCCCCCCC,530,False,True,False,Normalized unit: Intensity; Annotation method: Msp20260116160945_NCDK_conventional_converted_dev_1,False,False,569,0,0.00,0.93,null,null,null,-1.00,-1.00,-0.180,1058.04,P Sandie 50 Serum 2_GD1_01_66551,913.79651:169970 914.80118:106688 915.80584:33454,null,863984,877248,917932,918351,894378.938234368,27968.4184678325
570,38.751,913.96271,Unknown,[M+H]+,null,1.00,False,null,null,null,null,null,null,999,False,False,False,Normalized unit: Intensity,False,False,570,0,0.00,null,null,null,null,null,null,null,602.57,P Sandie 50 Serum 4_GD1_01_66553,913.96271:74448 914.96738:26978 915.97204:1720,null,367581,362627,381719,396220,377036.830078124,15132.6921442937
571,38.754,914.08466,Unknown,[M+H]+,null,0.50,False,null,null,null,null,null,null,999,False,False,False,Normalized unit: Intensity,False,False,571,0,0.00,null,null,null,null,null,null,null,766.50,P Sandie 50 Serum 4_GD1_01_66553,914.08466:68848 915.08932:14748 916.09399:926,null,326336,321534,344471,359230,337892.979359374,17317.9642886385
572,38.751,914.52435,Unknown,[M+H]+,null,1.00,False,null,null,null,null,null,null,999,False,False,False,Normalized unit: Intensity,False,False,572,0,0.00,null,null,null,null,null,null,null,806.13,P Sandie 50 Serum 4_GD1_01_66553,914.52435:96814 915.52902:22012 916.53369:756,null,438989,426785,514640,515726,474035.033953124,47776.1694273858
573,36.789,914.77917,no MS2: ASG 28:2;O;Hex;FA 23:0,[M+NH4]+,null,1.00,False,14.140,914.78070,C57H100O7,AHexBRS,ZLMDMYKUGKMBBT-UHFFFAOYSA-N,O=C(OCC1OC(OC2CC3=CCC4C(CCC5(C)C(CCC45)C(C=CC(C)C(C)C)C)C3(C)CC2)C(O)C(O)C1O)CCCCCCCCCCCCCCCCCCCCCC,530,False,True,False,Normalized unit: Intensity; Annotation method: Msp20260116160945_NCDK_conventional_converted_dev_1,False,False,573,0,0.00,0.99,null,null,null,-1.00,-1.00,-0.148,2031.22,P Sandie 50 Serum 2_GD1_01_66551,914.77936:310366 915.78403:198780 916.78869:65982,null,1871018,1774937,1783590,1792698,1805560.88740624,44236.5932047968
574,39.269,915.80963,no MS2: RIKEN P-VS1 ID-15692 from Mouse_Adipose_WT_N_F1,[M+H]+,null,1.00,False,14.190,915.81299,null,Unknown,null,null,530,False,True,False,Normalized unit: Intensity; Annotation method: Msp20260116160945_NCDK_conventional_converted_dev_1,False,False,574,0,0.00,1.00,null,null,null,-1.00,-1.00,-0.131,75536.09,P Sandie 50 Serum 2_GD1_01_66551,915.81213:8847042 916.81680:5329400 917.82147:1678864,null,60162980,58269834,63395088,62692363,61130066.0651563,2358479.66933891
575,39.269,915.97791,Unknown,[M+H]+,null,1.00,False,null,null,null,null,null,null,999,False,False,False,Normalized unit: Intensity,False,False,575,0,0.00,null,null,null,null,null,null,null,2159.82,P Sandie 50 Serum 4_GD1_01_66553,915.97791:152490 916.98257:74108 917.98724:4204,null,855738,833555,894076,888721,868022.648109375,28554.5965599025
576,39.269,916.10571,Unknown,[M+H]+,null,1.00,False,null,null,null,null,null,null,999,False,False,False,Normalized unit: Intensity,False,False,576,0,0.00,null,null,null,null,null,null,null,1883.69,P Sandie 50 Serum 3_GD1_01_66552,916.10571:143164 917.11038:93930 918.11505:0,null,843832,810138,896765,874727,856365.430859376,37697.5559123498
577,39.269,916.54041,Unknown,[M+H]+,null,1.00,False,null,null,null,null,null,null,999,False,False,False,Normalized unit: Intensity,False,False,577,0,0.00,null,null,null,null,null,null,null,2240.73,P Sandie 50 Serum 3_GD1_01_66552,916.54041:227908 917.54507:145696 918.54974:5320,null,1298605,1242659,1377200,1341344,1314951.89584375,57921.9641932276
578,37.137,916.79407,no MS2: RIKEN P-VS1 ID-15729 from Mouse_AdrenalGlands_WT_N_Ctr,[M+H]+,null,1.00,False,13.370,916.79510,null,Unknown,null,null,530,False,True,False,Normalized unit: Intensity; Annotation method: Msp20260116160945_NCDK_conventional_converted_dev_1,False,False,578,0,0.00,1.00,null,null,null,-1.00,-1.00,-0.130,2218.64,P Sandie 50 Serum 1_GD1_01_66550,916.79437:285434 917.79904:171306 918.80371:52422,null,2481904,2423192,2506925,2509884,2480475.90146875,40198.9319977194
579,40.322,917.82452,no MS2: SL 54:0;O2|SL 18:0;O/36:0;O,[M+NH4]+,null,1.00,False,13.738,917.83142,C54H109NO6S,SL,ZCFCOQUQAMEYLD-UHFFFAOYSA-N,O=C(N(CC(O)CCCCCCCCCCCCCCC)CS(=O)(=O)O)C(O)CCCCCCCCCCCCCCCCCCCCCCCCCCCCCCCCCC,530,False,True,False,Normalized unit: Intensity; Annotation method: Msp20260116160945_NCDK_conventional_converted_dev_1,False,False,579,0,0.00,0.92,null,null,null,-1.00,-1.00,-0.181,917.81,P Sandie 50 Serum 2_GD1_01_66551,917.82776:151674 918.83243:93858 919.83709:31602,null,1104211,1120142,1131707,1149668,1126431.86939062,19157.6683820408
580,39.870,917.82538,no MS2: SL 54:0;O2|SL 18:0;O/36:0;O,[M+NH4]+,null,1.00,False,13.738,917.83142,C54H109NO6S,SL,ZCFCOQUQAMEYLD-UHFFFAOYSA-N,O=C(N(CC(O)CCCCCCCCCCCCCCC)CS(=O)(=O)O)C(O)CCCCCCCCCCCCCCCCCCCCCCCCCCCCCCCCCC,530,False,True,False,Normalized unit: Intensity; Annotation method: Msp20260116160945_NCDK_conventional_converted_dev_1,False,False,580,0,0.00,0.91,null,null,null,-1.00,-1.00,-0.190,86157.53,P Sandie 50 Serum 1_GD1_01_66550,917.82733:9278350 918.83200:6045528 919.83667:1830952,null,66539116,64076598,69763796,67381353,66940215.3897967,2347225.03497323
581,39.870,917.99377,Unknown,[M+H]+,null,1.00,False,null,null,null,null,null,null,999,False,False,False,Normalized unit: Intensity,False,False,581,0,0.00,null,null,null,null,null,null,null,1771.35,P Sandie 50 Serum 3_GD1_01_66552,917.99377:149968 918.99844:85630 920.00311:4210,null,977373,948491,1008742,988768,980843.612093746,25165.1432533903
582,39.874,918.12207,Unknown,[M+H]+,null,1.00,False,null,null,null,null,null,null,999,False,False,False,Normalized unit: Intensity,False,False,582,0,0.00,null,null,null,null,null,null,null,2207.33,P Sandie 50 Serum 4_GD1_01_66553,918.12207:152582 919.12674:89838 920.13141:4364,null,1017574,981429,1037343,1037335,1018420.22339062,26362.3870608862
583,39.874,918.55701,Unknown,[M+H]+,null,1.00,False,null,null,null,null,null,null,999,False,False,False,Normalized unit: Intensity,False,False,583,0,0.00,null,null,null,null,null,null,null,2560.63,P Sandie 50 Serum 3_GD1_01_66552,918.55701:254134 919.56167:150088 920.56634:9110,null,1604674,1523409,1713064,1649595,1622685.39012499,79734.4434351567
584,37.968,918.75287,no MS2: TG 56:9|TG 8:0_10:0_38:9,[M+NH4]+,null,1.00,False,13.240,918.75452,C59H96O6,TG,MLMJQBSUKRSQEL-UHFFFAOYSA-N,O=C(OCC(OC(=O)CCCCCCCCC)COC(=O)CCCCCCCCCC=CCC=CCC=CCC=CCC=CCC=CCC=CCC=CCC=CCC)CCCCCCC,530,False,True,False,Normalized unit: Intensity; Annotation method: Msp20260116160945_NCDK_conventional_converted_dev_1,False,False,584,0,0.00,0.99,null,null,null,-1.00,-1.00,-0.146,1546.04,P Sandie 50 Serum 2_GD1_01_66551,918.75342:173742 919.75809:120904 920.76275:40568,null,2064612,1999187,2133727,2084733,2070564.960875,55738.6153271201
585,37.019,918.79407,no MS2: SL 57:4;O|SL 21:1;O/36:3,[M+H]+,null,1.00,False,13.371,918.79431,C57H107NO5S,SL,BNMDDRHCWKITLD-UHFFFAOYSA-N,O=C(N(CC(O)C=CCCCCCCCCCCCCCCCC)CS(=O)(=O)O)CCCCCCCCCCCCCCCCCCCCC=CCC=CCC=CCCCCCCC,530,False,True,False,Normalized unit: Intensity; Annotation method: Msp20260116160945_NCDK_conventional_converted_dev_1,False,False,585,0,0.00,1.00,null,null,null,-1.00,-1.00,-0.143,579.05,P Sandie 50 Serum 4_GD1_01_66553,918.79407:94816 919.79874:26410 920.80340:6568,null,492543,482553,509972,515132,500049.983484374,15148.755584601
586,36.789,919.73492,no MS2: SE 28:4/36:8,[M+Na]+,null,1.00,False,15.388,919.73029,C64H96O2,DEGSE,YVTFVFRZPQLKDP-UHFFFAOYSA-N,O=C(OC1CC2=CC=C3C(=CCC4(C)C3CCC4C(C=CC(C)C(C)C)C)C2(C)CC1)CCCCCCCCCCC=CCC=CCC=CCC=CCC=CCC=CCC=CCC=CCC,530,False,True,False,Normalized unit: Intensity; Annotation method: Msp20260116160945_NCDK_conventional_converted_dev_1,False,False,586,0,0.00,0.88,null,null,null,-1.00,-1.00,-0.203,830.32,P Sandie 50 Serum 4_GD1_01_66553,919.73492:115980 920.73959:68192 921.74426:21466,null,834839,819399,849558,868155,842987.811828125,20811.6798778069
587,40.640,919.84161,Unknown,[M+H]+,null,1.00,False,null,null,null,null,null,null,999,False,False,False,Normalized unit: Intensity,False,False,587,0,0.00,null,null,null,null,null,null,null,30762.80,P Sandie 50 Serum 3_GD1_01_66552,919.84161:3429562 920.84628:2179636 921.85095:706732,null,19588696,18818765,20364588,20069071,19710280.2635782,674890.39347842
588,40.637,920.57343,no MS2: DGDG O-35:9|DGDG O-15:4_20:5,[M+NH4]+,null,0.75,False,8.407,920.57300,C50H78O14,EtherDGDG,JMKJTVGDFPTVHH-UHFFFAOYSA-N,O=C(OC(COCCC=CCC=CCC=CCC=CCC)COC1OC(COC2OC(CO)C(O)C(O)C2O)C(O)C(O)C1O)CCCC=CCC=CCC=CCC=CCC=CCC,530,False,True,False,Normalized unit: Intensity; Annotation method: Msp20260116160945_NCDK_conventional_converted_dev_1,False,False,588,0,0.00,1.00,null,null,null,-1.00,-1.00,-0.143,649.66,P Sandie 50 Serum 3_GD1_01_66552,920.57343:85388 921.57809:25170 922.58276:1654,null,297012,271781,289744,282651,285297.002593751,10749.9801800144
589,38.516,920.76825,no MS2: TG 56:8|TG 8:0_10:0_38:8,[M+NH4]+,null,1.00,False,13.038,920.77020,C59H98O6,TG,IGKHUCZLFYVCFZ-UHFFFAOYSA-N,O=C(OCC(OC(=O)CCCCCCCCC)COC(=O)CCCCCCCCCCCCC=CCC=CCC=CCC=CCC=CCC=CCC=CCC=CCC)CCCCCCC,530,False,True,False,Normalized unit: Intensity; Annotation method: Msp20260116160945_NCDK_conventional_converted_dev_1,False,False,589,0,0.00,1.00,null,null,null,-1.00,-1.00,-0.143,7739.99,P Sandie 50 Serum 2_GD1_01_66551,920.76978:1282972 921.77444:862946 922.77911:279146,null,5020625,4988187,5031992,5044305,5021277.54410941,24086.383452375
590,38.342,920.76831,no MS2: TG 56:8|TG 8:0_10:0_38:8,[M+NH4]+,null,1.00,False,13.038,920.77020,C59H98O6,TG,IGKHUCZLFYVCFZ-UHFFFAOYSA-N,O=C(OCC(OC(=O)CCCCCCCCC)COC(=O)CCCCCCCCCCCCC=CCC=CCC=CCC=CCC=CCC=CCC=CCC=CCC)CCCCCCC,530,False,True,False,Normalized unit: Intensity; Annotation method: Msp20260116160945_NCDK_conventional_converted_dev_1,False,False,590,0,0.00,1.00,null,null,null,-1.00,-1.00,-0.144,5997.48,P Sandie 50 Serum 1_GD1_01_66550,920.76953:680316 921.77420:489854 922.77887:174652,null,5068242,5035413,5307996,5304552,5179050.8971875,147521.892094698
591,37.137,921.75006,no MS2: SE 28:4/38:10,[M+H]+,null,1.00,False,15.155,921.74829,C66H96O2,DEGSE,DGOVTXFMEAYELT-UHFFFAOYSA-N,O=C(OC1CC2=CC=C3C(=CCC4(C)C3CCC4C(C=CC(C)C(C)C)C)C2(C)CC1)CCCCCCC=CCC=CCC=CCC=CCC=CCC=CCC=CCC=CCC=CCC=CCC,530,False,True,False,Normalized unit: Intensity; Annotation method: Msp20260116160945_NCDK_conventional_converted_dev_1,False,False,591,0,0.00,0.98,null,null,null,-1.00,-1.00,-0.152,853.12,P Sandie 50 Serum 4_GD1_01_66553,921.75006:98196 922.75473:60220 923.75940:20420,null,787875,791705,786515,799445,791384.930609376,5805.32300989626
592,38.025,921.76257,no MS2: SL 55:5;O2|SL 19:1;O/36:4;O,[M+NH4]+,null,1.00,False,13.272,921.76880,C55H101NO6S,SL,FBCFMOCCCVHUEZ-UHFFFAOYSA-N,O=C(N(CC(O)C=CCCCCCCCCCCCCCC)CS(=O)(=O)O)C(O)CCCCCCCCCCCCCCCCCCCCCC=CCC=CCC=CCC=CCC,530,False,True,False,Normalized unit: Intensity; Annotation method: Msp20260116160945_NCDK_conventional_converted_dev_1,False,False,592,0,0.00,0.89,null,null,null,-1.00,-1.00,-0.198,2432.67,P Sandie 50 Serum 3_GD1_01_66552,921.76434:318476 922.76901:208632 923.77368:61472,null,1561194,1607146,1683031,1703870,1638810.09604687,66370.710617424
593,41.532,921.85925,Unknown,[M+H]+,null,1.00,False,null,null,null,null,null,null,999,False,False,False,Normalized unit: Intensity,False,False,593,0,0.00,null,null,null,null,null,null,null,3925.78,P Sandie 50 Serum 1_GD1_01_66550,921.85925:428500 922.86392:268130 923.86859:90494,null,2502904,2458397,2514847,2501731,2494469.44246875,24768.0069043219
594,39.017,922.78473,no MS2: RIKEN P-VS1 ID-15887 from Mouse_SmallIntestine_WT_N_F1AA,[M+H]+,null,1.00,False,15.040,922.78387,null,Unknown,null,null,530,False,True,False,Normalized unit: Intensity; Annotation method: Msp20260116160945_NCDK_conventional_converted_dev_1,False,False,594,0,0.00,1.00,null,null,null,-1.00,-1.00,-0.129,2347.30,P Sandie 50 Serum 4_GD1_01_66553,922.78424:388166 923.78891:256926 924.79358:95620,null,1580638,1627062,1739983,1710020,1664425.43315625,73494.0362722462
595,38.799,922.78497,no MS2: RIKEN P-VS1 ID-15887 from Mouse_SmallIntestine_WT_N_F1AA,[M+H]+,null,1.00,False,15.040,922.78387,null,Unknown,null,null,530,False,True,False,Normalized unit: Intensity; Annotation method: Msp20260116160945_NCDK_conventional_converted_dev_1,False,False,595,0,0.00,1.00,null,null,null,-1.00,-1.00,-0.129,8309.53,P Sandie 50 Serum 4_GD1_01_66553,922.78339:1545164 923.78805:1077890 924.79272:364276,null,8052209,8111125,8170414,8277838,8152896.71517184,96263.4601718869
596,38.656,923.77997,no MS2: SL 55:4;O2|SL 19:1;O/36:3;O,[M+NH4]+,null,1.00,False,13.115,923.78442,C55H103NO6S,SL,RKMJEAHFPKCJPX-UHFFFAOYSA-N,O=C(N(CC(O)C=CCCCCCCCCCCCCCC)CS(=O)(=O)O)C(O)CCCCCCCCCCCCCCCCCCCC=CCC=CCC=CCCCCCCC,530,False,True,False,Normalized unit: Intensity; Annotation method: Msp20260116160945_NCDK_conventional_converted_dev_1,False,False,596,0,0.00,0.95,null,null,null,-1.00,-1.00,-0.165,2862.49,P Sandie 50 Serum 2_GD1_01_66551,923.78162:504990 924.78628:302156 925.79095:107550,null,2560401,2531291,2401416,2817585,2577673.2566094,174235.395184433
597,39.352,924.79852,no MS2: TG 56:6|TG 8:0_10:0_38:6,[M+NH4]+,null,1.00,False,13.927,924.80151,C59H102O6,TG,NBELXFIZZACUET-UHFFFAOYSA-N,O=C(OCC(OC(=O)CCCCCCCCC)COC(=O)CCCCCCCCCCCCCCCCCCC=CCC=CCC=CCC=CCC=CCC=CCC)CCCCCCC,530,False,True,False,Normalized unit: Intensity; Annotation method: Msp20260116160945_NCDK_conventional_converted_dev_1,False,False,597,0,0.00,1.00,null,null,null,-1.00,-1.00,-0.145,12735.27,P Sandie 50 Serum 2_GD1_01_66551,924.80060:1038564 925.80527:715952 926.80993:237840,null,15857807,15765980,16098595,16250728,15993277.6380625,221652.230340313
598,38.882,925.79431,no MS2: SL 55:3;O2|SL 19:1;O/36:2;O,[M+NH4]+,null,1.00,False,13.086,925.80011,C55H105NO6S,SL,BJQQWDMWCSIMCW-UHFFFAOYSA-N,O=C(N(CC(O)C=CCCCCCCCCCCCCCC)CS(=O)(=O)O)C(O)CCCCCCCCCCCCCCCCCCCCCCC=CCC=CCCCCCCC,530,False,True,False,Normalized unit: Intensity; Annotation method: Msp20260116160945_NCDK_conventional_converted_dev_1,False,False,598,0,0.00,0.93,null,null,null,-1.00,-1.00,-0.178,7223.98,P Sandie 50 Serum 2_GD1_01_66551,925.79657:1021484 926.80124:637946 927.80591:213784,null,4575689,4438060,4647336,4779847,4610233.07181249,142574.696252448
599,25.544,926.54834,no MS2: HBMP 46:12|HBMP 16:4_15:4_15:4,[M+NH4]+,null,1.00,False,8.039,926.55420,C52H77O11P,HBMP,QUXAYYICOHAGHQ-UHFFFAOYSA-N,O=C(OCC(OC(=O)CC=CCC=CCC=CCC=CCC)COP(=O)(O)OCC(OC(=O)CC=CCC=CCC=CCC=CCC)CO)CCC=CCC=CCC=CCC=CCC,530,False,True,False,Normalized unit: Intensity; Annotation method: Msp20260116160945_NCDK_conventional_converted_dev_1,False,False,599,0,0.00,0.84,null,null,null,-1.00,-1.00,-0.223,945.90,P Sandie 50 Serum 3_GD1_01_66552,926.54871:74886 927.55337:39416 928.55804:10890,null,611935,604699,626161,646560,622338.655718751,18445.185427806
600,39.979,926.81335,no MS2: TG 56:5|TG 8:0_10:0_38:5,[M+NH4]+,null,1.00,False,14.139,926.81708,C59H104O6,TG,PSNIIMQPZCNEHN-UHFFFAOYSA-N,O=C(OCC(OC(=O)CCCCCCCCC)COC(=O)CCCCCCCCCCCCCCCCCCCCCC=CCC=CCC=CCC=CCC=CCC)CCCCCCC,530,False,True,False,Normalized unit: Intensity; Annotation method: Msp20260116160945_NCDK_conventional_converted_dev_1,False,False,600,0,0.00,0.99,null,null,null,-1.00,-1.00,-0.147,9438.84,P Sandie 50 Serum 2_GD1_01_66551,926.81586:1244016 927.82052:806520 928.82519:280612,null,5688612,5720775,5858511,5862561,5782614.87453129,90944.1081072128
601,39.787,926.81433,no MS2: TG 56:5|TG 8:0_10:0_38:5,[M+NH4]+,null,1.00,False,14.139,926.81708,C59H104O6,TG,PSNIIMQPZCNEHN-UHFFFAOYSA-N,O=C(OCC(OC(=O)CCCCCCCCC)COC(=O)CCCCCCCCCCCCCCCCCCCCCC=CCC=CCC=CCC=CCC=CCC)CCCCCCC,530,False,True,False,Normalized unit: Intensity; Annotation method: Msp20260116160945_NCDK_conventional_converted_dev_1,False,False,601,0,0.00,0.99,null,null,null,-1.00,-1.00,-0.149,5832.98,P Sandie 50 Serum 2_GD1_01_66551,926.81567:835912 927.82034:571302 928.82501:208656,null,3834488,3845658,4008679,3988272,3919274.23468749,91945.8053852137
602,39.626,926.81506,no MS2: TG 56:5|TG 8:0_10:0_38:5,[M+NH4]+,null,1.00,False,14.139,926.81708,C59H104O6,TG,PSNIIMQPZCNEHN-UHFFFAOYSA-N,O=C(OCC(OC(=O)CCCCCCCCC)COC(=O)CCCCCCCCCCCCCCCCCCCCCC=CCC=CCC=CCC=CCC=CCC)CCCCCCC,530,False,True,False,Normalized unit: Intensity; Annotation method: Msp20260116160945_NCDK_conventional_converted_dev_1,False,False,602,0,0.00,0.99,null,null,null,-1.00,-1.00,-0.146,3378.52,P Sandie 50 Serum 2_GD1_01_66551,926.81604:490044 927.82071:347202 928.82538:130094,null,2755878,2589876,2682664,2783872,2703072.23403124,86692.8271555338
603,39.108,927.80951,no MS2: RIKEN P-VS1 ID-16007 from Mouse_Aorta_ApoEKO_N_F1DHA,[M+H]+,null,1.00,False,14.630,927.80823,null,Unknown,null,null,530,False,True,False,Normalized unit: Intensity; Annotation method: Msp20260116160945_NCDK_conventional_converted_dev_1,False,False,603,0,0.00,0.99,null,null,null,-1.00,-1.00,-0.131,1289.53,P Sandie 50 Serum 4_GD1_01_66553,927.80927:162068 928.81393:84910 929.81860:24914,null,1503490,1450455,1588574,1509931,1513112.85254687,56930.2333908587
604,39.422,927.81110,no MS2: RIKEN P-VS1 ID-16007 from Mouse_Aorta_ApoEKO_N_F1DHA,[M+H]+,null,1.00,False,14.630,927.80823,null,Unknown,null,null,530,False,True,False,Normalized unit: Intensity; Annotation method: Msp20260116160945_NCDK_conventional_converted_dev_1,False,False,604,0,0.00,0.98,null,null,null,-1.00,-1.00,-0.136,11810.06,P Sandie 50 Serum 4_GD1_01_66553,927.80988:1297864 928.81454:812398 929.81921:271234,null,8360464,8226073,8167635,8239484,8248413.97221877,80951.4246400638
605,40.257,928.83124,no MS2: TG 56:4|TG 8:0_10:0_38:4,[M+NH4]+,null,1.00,False,14.334,928.83282,C59H106O6,TG,CUJMGXOPUGXHPB-UHFFFAOYSA-N,O=C(OCC(OC(=O)CCCCCCCCC)COC(=O)CCCCCCCCCCCCCCCCCCCCCCCCC=CCC=CCC=CCC=CCC)CCCCCCC,530,False,True,False,Normalized unit: Intensity; Annotation method: Msp20260116160945_NCDK_conventional_converted_dev_1,False,False,605,0,0.00,1.00,null,null,null,-1.00,-1.00,-0.145,3306.80,P Sandie 50 Serum 2_GD1_01_66551,928.83197:425134 929.83664:287146 930.84131:110980,null,2640746,2665660,2742649,2515904,2641239.56864063,94144.4718233929
606,36.654,929.78967,no MS2: RIKEN P-VS1 ID-16061 from Mouse_Adipose_WT_N_F1,[M+H]+,null,1.00,False,13.490,929.78778,null,Unknown,null,null,530,False,True,False,Normalized unit: Intensity; Annotation method: Msp20260116160945_NCDK_conventional_converted_dev_1,False,False,606,0,0.00,0.98,null,null,null,-1.00,-1.00,-0.137,909.76,P Sandie 50 Serum 1_GD1_01_66550,929.78961:103482 930.79428:70064 931.79895:0,null,761637,812396,702385,825028,775361.405171874,55833.5798421776
607,39.631,929.82532,no MS2: SL 55:1;O2|SL 19:1;O/36:0;O,[M+NH4]+,null,1.00,False,13.362,929.83142,C55H109NO6S,SL,CWPSANVPCMEPPZ-UHFFFAOYSA-N,O=C(N(CC(O)C=CCCCCCCCCCCCCCC)CS(=O)(=O)O)C(O)CCCCCCCCCCCCCCCCCCCCCCCCCCCCCCCCCC,530,False,True,False,Normalized unit: Intensity; Annotation method: Msp20260116160945_NCDK_conventional_converted_dev_1,False,False,607,0,0.00,0.89,null,null,null,-1.00,-1.00,-0.196,2212.54,P Sandie 50 Serum 1_GD1_01_66550,929.82703:309156 930.83169:185062 931.83636:57108,null,2283335,2112881,2299317,2251897,2236857.69976561,84965.9420174757
608,40.061,929.82721,no MS2: SL 55:1;O2|SL 19:1;O/36:0;O,[M+NH4]+,null,1.00,False,13.362,929.83142,C55H109NO6S,SL,CWPSANVPCMEPPZ-UHFFFAOYSA-N,O=C(N(CC(O)C=CCCCCCCCCCCCCCC)CS(=O)(=O)O)C(O)CCCCCCCCCCCCCCCCCCCCCCCCCCCCCCCCCC,530,False,True,False,Normalized unit: Intensity; Annotation method: Msp20260116160945_NCDK_conventional_converted_dev_1,False,False,608,0,0.00,0.92,null,null,null,-1.00,-1.00,-0.185,10082.82,P Sandie 50 Serum 1_GD1_01_66550,929.82751:1101836 930.83218:711362 931.83685:227942,null,10526165,10683438,10477092,10633897,10580147.7110937,95030.7080103295
609,41.001,930.84833,no MS2: TG 56:3|TG 8:0_10:0_38:3,[M+NH4]+,null,1.00,False,14.826,930.84839,C59H108O6,TG,NOVXGRSLICIXCX-UHFFFAOYSA-N,O=C(OCC(OC(=O)CCCCCCCCC)COC(=O)CCCCCCCCCCCCCCCCCCCCCCC=CCC=CCC=CCCCCCCC)CCCCCCC,530,False,True,False,Normalized unit: Intensity; Annotation method: Msp20260116160945_NCDK_conventional_converted_dev_1,False,False,609,0,0.00,1.00,null,null,null,-1.00,-1.00,-0.143,1530.65,P Sandie 50 Serum 1_GD1_01_66550,930.84833:208438 931.85300:137424 932.85766:48782,null,1913250,1906569,1774571,1795859,1847562.11673437,72566.6557071083
610,37.019,931.80511,no MS2: DG 57:5,[M+Na]+,null,1.00,False,14.666,931.80890,C60H108O5,DG,ZUKOBQDGCPQKQN-UHFFFAOYSA-N,O=C(OCC(OC(=O)CCCCCCCCCCCCCCCCCCCCCC=CCC=CCC=CCC=CCC=CCC)CO)CCCCCCCCCCCCCCCCCC,530,False,True,False,Normalized unit: Intensity; Annotation method: Msp20260116160945_NCDK_conventional_converted_dev_1,False,False,610,0,0.00,0.93,null,null,null,-1.00,-1.00,-0.178,1367.47,P Sandie 50 Serum 3_GD1_01_66552,931.80536:179218 932.81003:116730 933.81469:0,null,797542,832537,902970,918570,862904.848921872,57440.5786640602
611,40.322,931.84039,no MS2: SL 55:0;O2|SL 19:0;O/36:0;O,[M+NH4]+,null,1.00,False,13.897,931.84698,C55H111NO6S,SL,GGYZFEAOQHKSAV-UHFFFAOYSA-N,O=C(N(CC(O)CCCCCCCCCCCCCCCC)CS(=O)(=O)O)C(O)CCCCCCCCCCCCCCCCCCCCCCCCCCCCCCCCCC,530,False,True,False,Normalized unit: Intensity; Annotation method: Msp20260116160945_NCDK_conventional_converted_dev_1,False,False,611,0,0.00,0.91,null,null,null,-1.00,-1.00,-0.187,4609.57,P Sandie 50 Serum 1_GD1_01_66550,931.84296:563284 932.84762:353822 933.85229:110118,null,3578998,3507372,3736260,3554238,3594216.81782811,99244.109640278
612,40.827,931.84387,no MS2: SL 55:0;O2|SL 19:0;O/36:0;O,[M+NH4]+,null,1.00,False,13.897,931.84698,C55H111NO6S,SL,GGYZFEAOQHKSAV-UHFFFAOYSA-N,O=C(N(CC(O)CCCCCCCCCCCCCCCC)CS(=O)(=O)O)C(O)CCCCCCCCCCCCCCCCCCCCCCCCCCCCCCCCCC,530,False,True,False,Normalized unit: Intensity; Annotation method: Msp20260116160945_NCDK_conventional_converted_dev_1,False,False,612,0,0.00,0.95,null,null,null,-1.00,-1.00,-0.170,4788.46,P Sandie 50 Serum 1_GD1_01_66550,931.84387:562354 932.84854:355254 933.85321:118808,null,4017576,5183183,5029559,5079869,4827546.93548437,543753.863318562
613,41.946,932.86511,no MS2: TG 56:2|TG 8:0_10:0_38:2,[M+NH4]+,null,1.00,False,14.958,932.86407,C59H110O6,TG,RKKOGNQHZJLVOB-UHFFFAOYSA-N,O=C(OCC(OC(=O)CCCCCCCCC)COC(=O)CCCCCCCCCCCCCCCCCCCCCCCCCC=CCC=CCCCCCCC)CCCCCCC,530,False,True,False,Normalized unit: Intensity; Annotation method: Msp20260116160945_NCDK_conventional_converted_dev_1,False,False,613,0,0.00,1.00,null,null,null,-1.00,-1.00,-0.143,535.70,P Sandie 50 Serum 1_GD1_01_66550,932.86426:65094 933.86893:40050 934.87359:15052,null,646369,655945,628583,643564,643615.409578126,11336.771040057
614,41.162,933.85950,Unknown,[M+H]+,null,1.00,False,null,null,null,null,null,null,999,False,False,False,Normalized unit: Intensity,False,False,614,0,0.00,null,null,null,null,null,null,null,851.20,P Sandie 50 Serum 1_GD1_01_66550,933.85950:104400 934.86416:61744 935.86883:18708,null,621846,609234,629933,624436,621362.121843745,8760.5199234911
615,41.741,933.86017,Unknown,[M+H]+,null,1.00,False,null,null,null,null,null,null,999,False,False,False,Normalized unit: Intensity,False,False,615,0,0.00,null,null,null,null,null,null,null,684.94,P Sandie 50 Serum 2_GD1_01_66551,933.86017:80282 934.86484:49140 935.86950:16286,null,472253,490835,441869,479852,471202.183359375,20990.326316452
616,36.715,935.72949,Unknown,[M+Na]+,null,1.00,False,null,null,null,null,null,null,999,False,False,False,Normalized unit: Intensity,False,False,616,0,0.00,null,null,null,null,null,null,null,636.08,P Sandie 50 Serum 4_GD1_01_66553,935.72949:83268 936.73416:51262 937.73883:0,null,589253,581423,579162,583167,583251.081843748,4323.8965173265
617,38.025,935.77979,no MS2: SL 56:5;O2|SL 20:1;O/36:4;O,[M+NH4]+,null,1.00,False,13.014,935.78442,C56H103NO6S,SL,PHDHFBMOFYGFMP-UHFFFAOYSA-N,O=C(N(CC(O)C=CCCCCCCCCCCCCCCC)CS(=O)(=O)O)C(O)CCCCCCCCCCCCCCCCCCCCCC=CCC=CCC=CCC=CCC,530,False,True,False,Normalized unit: Intensity; Annotation method: Msp20260116160945_NCDK_conventional_converted_dev_1,False,False,617,0,0.00,0.89,null,null,null,-1.00,-1.00,-0.198,3345.36,P Sandie 50 Serum 2_GD1_01_66551,935.77991:472548 936.78457:297840 937.78924:96178,null,2280524,2335816,2581968,2579224,2444382.97790624,158900.676418011
618,37.067,937.74573,no MS2: RIKEN P-VS1 ID-16297 from Mouse_WAT_WT_N_Ctr,[M+H]+,null,1.00,False,14.600,937.74487,null,Unknown,null,null,530,False,True,False,Normalized unit: Intensity; Annotation method: Msp20260116160945_NCDK_conventional_converted_dev_1,False,False,618,0,0.00,1.00,null,null,null,-1.00,-1.00,-0.129,707.00,P Sandie 50 Serum 4_GD1_01_66553,937.74524:65354 938.74991:0 939.75457:0,null,472530,458528,447687,465389,461033.632562501,10575.9145566318
619,38.656,937.79382,no MS2: SL 56:4;O2|SL 20:1;O/36:3;O,[M+NH4]+,null,1.00,False,13.014,937.80011,C56H105NO6S,SL,JUSBJBFGGMEXHL-UHFFFAOYSA-N,O=C(N(CC(O)C=CCCCCCCCCCCCCCCC)CS(=O)(=O)O)C(O)CCCCCCCCCCCCCCCCCCCC=CCC=CCC=CCCCCCCC,530,False,True,False,Normalized unit: Intensity; Annotation method: Msp20260116160945_NCDK_conventional_converted_dev_1,False,False,619,0,0.00,0.88,null,null,null,-1.00,-1.00,-0.200,6448.27,P Sandie 50 Serum 2_GD1_01_66551,937.79547:811442 938.80014:526974 939.80481:173118,null,3855574,3557728,4128999,4031763,3893515.75306251,250837.005395158
620,38.442,937.79486,no MS2: SL 56:4;O2|SL 20:1;O/36:3;O,[M+NH4]+,null,1.00,False,13.014,937.80011,C56H105NO6S,SL,JUSBJBFGGMEXHL-UHFFFAOYSA-N,O=C(N(CC(O)C=CCCCCCCCCCCCCCCC)CS(=O)(=O)O)C(O)CCCCCCCCCCCCCCCCCCCC=CCC=CCC=CCCCCCCC,530,False,True,False,Normalized unit: Intensity; Annotation method: Msp20260116160945_NCDK_conventional_converted_dev_1,False,False,620,0,0.00,0.93,null,null,null,-1.00,-1.00,-0.180,8497.90,P Sandie 50 Serum 1_GD1_01_66550,937.79645:885842 938.80112:573208 939.80578:189204,null,6287039,6453296,7004706,6861044,6651521.59145312,337036.071418499
621,38.886,939.80975,no MS2: RIKEN P-VS1 ID-16357 from Mouse_Plasma_ApoEKO_N_Ctr,[M+H]+,null,1.00,False,14.550,939.81110,null,Unknown,null,null,530,False,True,False,Normalized unit: Intensity; Annotation method: Msp20260116160945_NCDK_conventional_converted_dev_1,False,False,621,0,0.00,1.00,null,null,null,-1.00,-1.00,-0.129,26252.77,P Sandie 50 Serum 1_GD1_01_66550,939.81122:3564404 940.81589:2263152 941.82055:752376,null,14630463,13819684,15353135,15488139,14822855.3010312,767499.761768707
622,39.165,939.80975,no MS2: RIKEN P-VS1 ID-16357 from Mouse_Plasma_ApoEKO_N_Ctr,[M+H]+,null,1.00,False,14.550,939.81110,null,Unknown,null,null,530,False,True,False,Normalized unit: Intensity; Annotation method: Msp20260116160945_NCDK_conventional_converted_dev_1,False,False,622,0,0.00,1.00,null,null,null,-1.00,-1.00,-0.129,8428.17,P Sandie 50 Serum 2_GD1_01_66551,939.81097:1082798 940.81564:697470 941.82031:234234,null,4700631,4571780,4827185,4984582,4771044.24884374,176460.128089007
623,37.222,940.79370,no MS2: ASG 28:2;O;Hex;FA 25:1,[M+NH4]+,null,0.25,False,14.097,940.79639,C59H102O7,AHexBRS,XMDIBTSBNQYGJL-UHFFFAOYSA-N,O=C(OCC1OC(OC2CC3=CCC4C(CCC5(C)C(CCC45)C(C=CC(C)C(C)C)C)C3(C)CC2)C(O)C(O)C1O)CCCCCCCCCCCCC=CCCCCCCCCCC,530,False,True,False,Normalized unit: Intensity; Annotation method: Msp20260116160945_NCDK_conventional_converted_dev_1,False,False,623,0,0.00,0.96,null,null,null,-1.00,-1.00,-0.163,983.54,P Sandie 50 Serum 3_GD1_01_66552,940.79370:108144 941.79837:75418 942.80304:32326,null,1367103,1381201,1469234,1354048,1392896.68401563,52085.7213608674
624,39.430,941.82507,no MS2: RIKEN P-VS1 ID-16410 from Mouse_Plasma_ApoEKO_N_Ctr,[M+H]+,null,1.00,False,14.590,941.83038,null,Unknown,null,null,530,False,True,False,Normalized unit: Intensity; Annotation method: Msp20260116160945_NCDK_conventional_converted_dev_1,False,False,624,0,0.00,0.93,null,null,null,-1.00,-1.00,-0.160,50227.56,P Sandie 50 Serum 2_GD1_01_66551,941.82678:5529886 942.83145:3713240 943.83612:1170198,null,34582660,33118427,36225050,35234868,34790251.3535626,1303127.12285564
625,39.430,941.99579,Unknown,[M+H]+,null,1.00,False,null,null,null,null,null,null,999,False,False,False,Normalized unit: Intensity,False,False,625,0,0.00,null,null,null,null,null,null,null,794.97,P Sandie 50 Serum 3_GD1_01_66552,941.99579:101916 943.00046:48466 944.00512:3212,null,423708,385629,463492,452111,431234.870984376,34702.8125100492
626,39.430,942.12231,Unknown,[M+H]+,null,1.00,False,null,null,null,null,null,null,999,False,False,False,Normalized unit: Intensity,False,False,626,0,0.00,null,null,null,null,null,null,null,1350.10,P Sandie 50 Serum 4_GD1_01_66553,942.12231:111140 943.12698:38642 944.13165:1642,null,460868,421878,517370,538480,484648.954703127,53147.9735260485
627,39.430,942.56604,Unknown,[M+H]+,null,1.00,False,null,null,null,null,null,null,999,False,False,False,Normalized unit: Intensity,False,False,627,0,0.00,null,null,null,null,null,null,null,1113.47,P Sandie 50 Serum 3_GD1_01_66552,942.56604:161338 943.57071:84722 944.57538:2668,null,683636,626864,752239,743838,701644.089390627,58470.5917880012
628,37.138,943.80536,no MS2: DG 58:6,[M+Na]+,null,0.75,False,14.519,943.80890,C61H108O5,DG,JBFVKTVATQQFTI-UHFFFAOYSA-N,O=C(OCC(OC(=O)CCCCCCCCCCCCCCCCCCC=CCC=CCC=CCC=CCC=CCC=CCC)CO)CCCCCCCCCCCCCCCCCCC,530,False,True,False,Normalized unit: Intensity; Annotation method: Msp20260116160945_NCDK_conventional_converted_dev_1,False,False,628,0,0.00,0.95,null,null,null,-1.00,-1.00,-0.167,679.39,P Sandie 50 Serum 3_GD1_01_66552,943.80591:77332 944.81058:48120 945.81524:15288,null,733865,778548,717033,721878,737831.0308125,28051.1584189033
629,40.061,943.84064,no MS2: SL 56:1;O2|SL 20:1;O/36:0;O,[M+NH4]+,null,1.00,False,13.488,943.84698,C56H111NO6S,SL,UXHYRBQZQNMJJU-UHFFFAOYSA-N,O=C(N(CC(O)C=CCCCCCCCCCCCCCCC)CS(=O)(=O)O)C(O)CCCCCCCCCCCCCCCCCCCCCCCCCCCCCCCCCC,530,False,True,False,Normalized unit: Intensity; Annotation method: Msp20260116160945_NCDK_conventional_converted_dev_1,False,False,629,0,0.00,0.91,null,null,null,-1.00,-1.00,-0.190,53428.29,P Sandie 50 Serum 1_GD1_01_66550,943.84277:4952064 944.84744:3320950 945.85211:1080922,null,42789431,41371995,45432666,43919976,43378517.1744999,1721032.41449325
630,40.061,944.01166,Unknown,[M+H]+,null,1.00,False,null,null,null,null,null,null,999,False,False,False,Normalized unit: Intensity,False,False,630,0,0.00,null,null,null,null,null,null,null,746.92,P Sandie 50 Serum 4_GD1_01_66553,944.01166:77014 945.01633:20384 946.02099:2102,null,493038,451527,585298,600635,532624.593796873,71981.1508722748
631,40.061,944.13965,Unknown,[M+H]+,null,1.00,False,null,null,null,null,null,null,999,False,False,False,Normalized unit: Intensity,False,False,631,0,0.00,null,null,null,null,null,null,null,1281.72,P Sandie 50 Serum 1_GD1_01_66550,944.13965:91204 945.14432:27178 946.14898:1606,null,644480,612000,612882,614530,620973.190468748,15706.448990005
632,40.061,944.58221,Unknown,[M+H]+,null,1.00,False,null,null,null,null,null,null,999,False,False,False,Normalized unit: Intensity,False,False,632,0,0.00,null,null,null,null,null,null,null,1280.66,P Sandie 50 Serum 3_GD1_01_66552,944.58221:123606 945.58688:54796 946.59155:2352,null,923953,867058,958260,915208,916119.635828121,37616.6098603096
633,38.238,944.76862,no MS2: TG 58:10|TG 8:0_12:0_38:10,[M+NH4]+,null,1.00,False,13.277,944.77020,C61H98O6,TG,DMBYREXWUQWIIK-UHFFFAOYSA-N,O=C(OCC(OC(=O)CCCCCCCCCCC)COC(=O)CCCCCCC)CCCCCCC=CCC=CCC=CCC=CCC=CCC=CCC=CCC=CCC=CCC=CCC,530,False,True,False,Normalized unit: Intensity; Annotation method: Msp20260116160945_NCDK_conventional_converted_dev_1,False,False,633,0,0.00,1.00,null,null,null,-1.00,-1.00,-0.143,2024.36,P Sandie 50 Serum 2_GD1_01_66551,944.77026:259118 945.77493:167038 946.77960:58690,null,1635460,1615947,1648640,1660615,1640165.62221875,19136.6756655071
634,40.827,945.85919,no MS2: SL 56:0;O2|SL 20:0;O/36:0;O,[M+NH4]+,null,1.00,False,13.958,945.86267,C56H113NO6S,SL,OTFVMQGHXVTRRN-UHFFFAOYSA-N,O=C(N(CC(O)CCCCCCCCCCCCCCCCC)CS(=O)(=O)O)C(O)CCCCCCCCCCCCCCCCCCCCCCCCCCCCCCCCCC,530,False,True,False,Normalized unit: Intensity; Annotation method: Msp20260116160945_NCDK_conventional_converted_dev_1,False,False,634,0,0.00,0.93,null,null,null,-1.00,-1.00,-0.176,23836.36,P Sandie 50 Serum 1_GD1_01_66550,945.85919:2825930 946.86386:1821088 947.86853:599976,null,19763516,18735185,19252775,18713655,19116282.7896719,498292.289910486
635,38.656,946.78333,no MS2: TG 58:9|TG 8:0_12:0_38:9,[M+NH4]+,null,1.00,False,13.406,946.78583,C61H100O6,TG,SDMPBTMSQBWSTA-UHFFFAOYSA-N,O=C(OCC(OC(=O)CCCCCCCCCCC)COC(=O)CCCCCCCCCC=CCC=CCC=CCC=CCC=CCC=CCC=CCC=CCC=CCC)CCCCCCC,530,False,True,False,Normalized unit: Intensity; Annotation method: Msp20260116160945_NCDK_conventional_converted_dev_1,False,False,635,0,0.00,0.99,null,null,null,-1.00,-1.00,-0.147,3213.61,P Sandie 50 Serum 2_GD1_01_66551,946.78455:470304 947.78921:325080 948.79388:114630,null,2495482,2492353,2784332,2805319,2644371.56504687,173945.28839914
636,36.946,947.80048,no MS2: TG 57:4|TG 8:0_11:0_38:4,[M+Na]+,null,1.00,False,14.442,947.80377,C60H108O6,TG,BCEMOFYPGIXNDL-UHFFFAOYSA-N,O=C(OCC(OC(=O)CCCCCCCCCC)COC(=O)CCCCCCCCCCCCCCCCCCCCCCCCC=CCC=CCC=CCC=CCC)CCCCCCC,530,False,True,False,Normalized unit: Intensity; Annotation method: Msp20260116160945_NCDK_conventional_converted_dev_1,False,False,636,0,0.00,0.96,null,null,null,-1.00,-1.00,-0.163,628.01,P Sandie 50 Serum 2_GD1_01_66551,947.80103:77492 948.80569:47408 949.81036:15190,null,394196,402726,453032,499120,437268.479640624,48725.4237990032
637,41.741,947.87256,Unknown,[M+H]+,null,1.00,False,null,null,null,null,null,null,999,False,False,False,Normalized unit: Intensity,False,False,637,0,0.00,null,null,null,null,null,null,null,5553.34,P Sandie 50 Serum 4_GD1_01_66553,947.87256:609542 948.87723:403032 949.88189:131074,null,3799415,3737568,3892396,3895398,3831194.47006249,76689.121053526
638,39.152,948.79883,no MS2: TG 58:8|TG 8:0_12:0_38:8,[M+NH4]+,null,1.00,False,13.582,948.80151,C61H102O6,TG,WOLQUACMHISDFU-UHFFFAOYSA-N,O=C(OCC(OC(=O)CCCCCCCCCCC)COC(=O)CCCCCCCCCCCCC=CCC=CCC=CCC=CCC=CCC=CCC=CCC=CCC)CCCCCCC,530,False,True,False,Normalized unit: Intensity; Annotation method: Msp20260116160945_NCDK_conventional_converted_dev_1,False,False,638,0,0.00,1.00,null,null,null,-1.00,-1.00,-0.144,1950.82,P Sandie 50 Serum 2_GD1_01_66551,948.80096:233394 949.80563:171888 950.81030:58700,null,1850292,1845555,1868423,1916517,1870196.8795625,32414.5988961303
639,38.882,948.79913,no MS2: TG 58:8|TG 8:0_12:0_38:8,[M+NH4]+,null,1.00,False,13.582,948.80151,C61H102O6,TG,WOLQUACMHISDFU-UHFFFAOYSA-N,O=C(OCC(OC(=O)CCCCCCCCCCC)COC(=O)CCCCCCCCCCCCC=CCC=CCC=CCC=CCC=CCC=CCC=CCC=CCC)CCCCCCC,530,False,True,False,Normalized unit: Intensity; Annotation method: Msp20260116160945_NCDK_conventional_converted_dev_1,False,False,639,0,0.00,1.00,null,null,null,-1.00,-1.00,-0.143,673.53,P Sandie 50 Serum 2_GD1_01_66551,948.80127:85780 949.80594:131486 950.81061:66454,null,543894,531216,582098,595089,563074.083749999,30384.714093311
640,39.787,950.81409,no MS2: RIKEN P-VS1 ID-16631 from Mouse_Adipose_WT_N_F1DHA,[M+H]+,null,1.00,False,15.440,950.81561,null,Unknown,null,null,530,False,True,False,Normalized unit: Intensity; Annotation method: Msp20260116160945_NCDK_conventional_converted_dev_1,False,False,640,0,0.00,1.00,null,null,null,-1.00,-1.00,-0.129,717.52,P Sandie 50 Serum 1_GD1_01_66550,950.81580:107586 951.82046:72230 952.82513:27292,null,432406,443312,432838,458772,441831.89346875,12368.0207270528
641,39.382,950.81427,no MS2: RIKEN P-VS1 ID-16631 from Mouse_Adipose_WT_N_F1DHA,[M+H]+,null,1.00,False,15.440,950.81561,null,Unknown,null,null,530,False,True,False,Normalized unit: Intensity; Annotation method: Msp20260116160945_NCDK_conventional_converted_dev_1,False,False,641,0,0.00,1.00,null,null,null,-1.00,-1.00,-0.129,1355.62,P Sandie 50 Serum 1_GD1_01_66550,950.81573:186796 951.82040:258840 952.82507:138596,null,1428446,1391691,1482611,1495666,1449603.44446875,48348.4989943585
642,39.974,952.82904,no MS2: TG 58:6|TG 8:0_12:0_38:6,[M+NH4]+,null,1.00,False,14.356,952.83282,C61H106O6,TG,XAGZYHYDHZLUPF-UHFFFAOYSA-N,O=C(OCC(OC(=O)CCCCCCCCCCC)COC(=O)CCCCCCCCCCCCCCCCCCC=CCC=CCC=CCC=CCC=CCC=CCC)CCCCCCC,530,False,True,False,Normalized unit: Intensity; Annotation method: Msp20260116160945_NCDK_conventional_converted_dev_1,False,False,642,0,0.00,0.99,null,null,null,-1.00,-1.00,-0.147,1251.95,P Sandie 50 Serum 2_GD1_01_66551,952.83167:148342 953.83633:240658 954.84100:138288,null,889446,864674,940159,872753,891757.798812511,33875.7687016354
643,39.787,953.82684,no MS2: RIKEN P-VS1 ID-16694 from Mouse_Testis_WT_N_Ctr,[M+H]+,null,1.00,False,14.180,953.82617,null,Unknown,null,null,530,False,True,False,Normalized unit: Intensity; Annotation method: Msp20260116160945_NCDK_conventional_converted_dev_1,False,False,643,0,0.00,1.00,null,null,null,-1.00,-1.00,-0.130,712.19,P Sandie 50 Serum 1_GD1_01_66550,953.82684:108412 954.83151:69128 955.83618:37976,null,401508,417142,400185,415525,408590.018171873,8981.85458120516
644,40.257,955.84216,no MS2: RIKEN P-VS1 ID-16730 from Mouse_Liver_WT_N_Ctr,[M+H]+,null,1.00,False,14.420,955.84430,null,Unknown,null,null,530,False,True,False,Normalized unit: Intensity; Annotation method: Msp20260116160945_NCDK_conventional_converted_dev_1,False,False,644,0,0.00,0.99,null,null,null,-1.00,-1.00,-0.131,719.76,P Sandie 50 Serum 2_GD1_01_66551,955.84326:95712 956.84793:62084 957.85260:21654,null,621571,629721,615089,600317,616674.398984374,12440.161444985
645,37.137,957.82007,no MS2: DG 59:6,[M+Na]+,null,1.00,False,14.375,957.82452,C62H110O5,DG,QJASBOWBXAXFJO-UHFFFAOYSA-N,O=C(OCC(OC(=O)CCCCCCCCCCCCCCCCCCC=CCC=CCC=CCC=CCC=CCC=CCC)CO)CCCCCCCCCCCCCCCCCCCC,530,False,True,False,Normalized unit: Intensity; Annotation method: Msp20260116160945_NCDK_conventional_converted_dev_1,False,False,645,0,0.00,0.90,null,null,null,-1.00,-1.00,-0.191,966.83,P Sandie 50 Serum 3_GD1_01_66552,957.82019:101378 958.82486:63494 959.82953:22624,null,597019,592651,700511,675754,641483.746718751,54834.460696075
646,38.516,961.79449,no MS2: RIKEN P-VS1 ID-16863 from Mouse_Muscle_WT_CTX0_Ctr,[M+H]+,null,1.00,False,14.090,961.79272,null,Unknown,null,null,530,False,True,False,Normalized unit: Intensity; Annotation method: Msp20260116160945_NCDK_conventional_converted_dev_1,False,False,646,0,0.00,0.98,null,null,null,-1.00,-1.00,-0.136,1670.46,P Sandie 50 Serum 3_GD1_01_66552,961.79449:272636 962.79916:188732 963.80383:63954,null,993333,977857,1077426,1101442,1037514.6723125,61075.4035589442
647,38.342,961.79510,no MS2: RIKEN P-VS1 ID-16863 from Mouse_Muscle_WT_CTX0_Ctr,[M+H]+,null,1.00,False,14.090,961.79272,null,Unknown,null,null,530,False,True,False,Normalized unit: Intensity; Annotation method: Msp20260116160945_NCDK_conventional_converted_dev_1,False,False,647,0,0.00,0.97,null,null,null,-1.00,-1.00,-0.142,1268.53,P Sandie 50 Serum 3_GD1_01_66552,961.79510:167052 962.79977:113558 963.80444:34526,null,954222,942410,1102427,1027049,1006527.01976563,74082.871655649
648,38.795,963.81006,no MS2: RIKEN P-VS1 ID-16911 from Mouse_Plasma_WT_N_F1DHA,[M+H]+,null,1.00,False,14.390,963.80701,null,Unknown,null,null,530,False,True,False,Normalized unit: Intensity; Annotation method: Msp20260116160945_NCDK_conventional_converted_dev_1,False,False,648,0,0.00,0.95,null,null,null,-1.00,-1.00,-0.149,2697.32,P Sandie 50 Serum 4_GD1_01_66553,963.80994:436358 964.81460:287714 965.81927:100984,null,2088233,2013161,2181891,2157875,2110289.99126562,75963.6878052919
649,39.352,965.82507,no MS2: RIKEN P-VS1 ID-16959 from Mouse_Ear_WT_N_Ctr,[M+H]+,null,1.00,False,15.940,965.83038,null,Unknown,null,null,530,False,True,False,Normalized unit: Intensity; Annotation method: Msp20260116160945_NCDK_conventional_converted_dev_1,False,False,649,0,0.00,0.95,null,null,null,-1.00,-1.00,-0.152,4166.71,P Sandie 50 Serum 2_GD1_01_66551,965.82721:314780 966.83188:218862 967.83654:73164,null,4776277,4590796,4983782,4912725,4815895.16254687,173013.614124844
650,39.979,967.84045,no MS2: SL 58:3;O2|SL 22:1;O/36:2;O,[M+NH4]+,null,1.00,False,13.215,967.84698,C58H111NO6S,SL,FVTUOEJPIZTMJB-UHFFFAOYSA-N,O=C(N(CC(O)C=CCCCCCCCCCCCCCCCCC)CS(=O)(=O)O)C(O)CCCCCCCCCCCCCCCCCCCCCCC=CCC=CCCCCCCC,530,False,True,False,Normalized unit: Intensity; Annotation method: Msp20260116160945_NCDK_conventional_converted_dev_1,False,False,650,0,0.00,0.90,null,null,null,-1.00,-1.00,-0.194,4451.57,P Sandie 50 Serum 2_GD1_01_66551,967.84247:468264 968.84714:319084 969.85180:111022,null,2272390,2220622,2397886,2358023,2312230.13068752,80442.97851522
651,39.626,967.84076,no MS2: SL 58:3;O2|SL 22:1;O/36:2;O,[M+NH4]+,null,1.00,False,13.215,967.84698,C58H111NO6S,SL,FVTUOEJPIZTMJB-UHFFFAOYSA-N,O=C(N(CC(O)C=CCCCCCCCCCCCCCCCCC)CS(=O)(=O)O)C(O)CCCCCCCCCCCCCCCCCCCCCCC=CCC=CCCCCCCC,530,False,True,False,Normalized unit: Intensity; Annotation method: Msp20260116160945_NCDK_conventional_converted_dev_1,False,False,651,0,0.00,0.90,null,null,null,-1.00,-1.00,-0.192,1528.22,P Sandie 50 Serum 2_GD1_01_66551,967.84259:164622 968.84726:104060 969.85193:36604,null,916392,856075,917177,916330,901493.348781246,30281.3224990476
652,39.787,967.84082,no MS2: SL 58:3;O2|SL 22:1;O/36:2;O,[M+NH4]+,null,1.00,False,13.215,967.84698,C58H111NO6S,SL,FVTUOEJPIZTMJB-UHFFFAOYSA-N,O=C(N(CC(O)C=CCCCCCCCCCCCCCCCCC)CS(=O)(=O)O)C(O)CCCCCCCCCCCCCCCCCCCCCCC=CCC=CCCCCCCC,530,False,True,False,Normalized unit: Intensity; Annotation method: Msp20260116160945_NCDK_conventional_converted_dev_1,False,False,652,0,0.00,0.89,null,null,null,-1.00,-1.00,-0.200,2302.37,P Sandie 50 Serum 1_GD1_01_66550,967.84222:301356 968.84689:211148 969.85156:73968,null,1354256,1334441,1439598,1409331,1384406.48909375,48555.9105538031
653,40.257,969.85571,no MS2: RIKEN P-VS1 ID-17041 from Mouse_Spleen_WT_N_F1DHA,[M+H]+,null,1.00,False,14.940,969.85620,null,Unknown,null,null,530,False,True,False,Normalized unit: Intensity; Annotation method: Msp20260116160945_NCDK_conventional_converted_dev_1,False,False,653,0,0.00,1.00,null,null,null,-1.00,-1.00,-0.129,3326.33,P Sandie 50 Serum 4_GD1_01_66553,969.85602:373030 970.86069:250366 971.86535:84750,null,2224205,2060920,2242631,2221059,2187203.74896877,84725.0034414708
654,40.373,969.85614,no MS2: RIKEN P-VS1 ID-17041 from Mouse_Spleen_WT_N_F1DHA,[M+H]+,null,0.25,False,14.940,969.85620,null,Unknown,null,null,530,False,True,False,Normalized unit: Intensity; Annotation method: Msp20260116160945_NCDK_conventional_converted_dev_1,False,False,654,0,0.00,1.00,null,null,null,-1.00,-1.00,-0.129,2008.42,P Sandie 50 Serum 4_GD1_01_66553,969.85614:202416 970.86081:130694 971.86548:44126,null,1214328,1243389,1302752,1251041,1252877.42964062,36819.2756915632
655,41.006,971.87231,no MS2: SL 58:1;O2|SL 22:1;O/36:0;O,[M+NH4]+,null,1.00,False,14.016,971.87830,C58H115NO6S,SL,RTFCKASHDWFTBJ-UHFFFAOYSA-N,O=C(N(CC(O)C=CCCCCCCCCCCCCCCCCC)CS(=O)(=O)O)C(O)CCCCCCCCCCCCCCCCCCCCCCCCCCCCCCCCCC,530,False,True,False,Normalized unit: Intensity; Annotation method: Msp20260116160945_NCDK_conventional_converted_dev_1,False,False,655,0,0.00,0.95,null,null,null,-1.00,-1.00,-0.166,2479.41,P Sandie 50 Serum 2_GD1_01_66551,971.87531:242592 972.87997:164868 973.88464:60438,null,2626016,2566115,2678360,2687274,2639441.140375,55855.8340552087
656,41.946,973.88867,no MS2: SL 58:0;O2|SL 22:0;O/36:0;O,[M+NH4]+,null,1.00,False,14.273,973.89398,C58H117NO6S,SL,WHQHSOUGAKTNPD-UHFFFAOYSA-N,O=C(N(CC(O)CCCCCCCCCCCCCCCCCCC)CS(=O)(=O)O)C(O)CCCCCCCCCCCCCCCCCCCCCCCCCCCCCCCCCC,530,False,True,False,Normalized unit: Intensity; Annotation method: Msp20260116160945_NCDK_conventional_converted_dev_1,False,False,656,0,0.00,0.97,null,null,null,-1.00,-1.00,-0.156,1363.31,P Sandie 50 Serum 2_GD1_01_66551,973.89172:123398 974.89639:81584 975.90106:26458,null,1363650,1336136,1350926,1393636,1361087.16140625,24438.97458136
657,38.656,987.80951,Unknown,[M+H]+,null,1.00,False,null,null,null,null,null,null,999,False,False,False,Normalized unit: Intensity,False,False,657,0,0.00,null,null,null,null,null,null,null,885.25,P Sandie 50 Serum 3_GD1_01_66552,987.80951:109264 988.81418:73128 989.81884:24308,null,527499,509232,563992,544499,536305.294640626,23410.635367184
658,7.319,991.67163,no MS2: TG 62:17|TG 15:4_15:4_32:9,[M+Na]+,null,1.00,False,13.131,991.67859,C65H92O6,TG,UFOXRNXLLJBQLM-UHFFFAOYSA-N,O=C(OCC(OC(=O)CC=CCC=CCC=CCC=CCC)COC(=O)CCCC=CCC=CCC=CCC=CCC=CCC=CCC=CCC=CCC=CCC)CC=CCC=CCC=CCC=CCC,530,False,True,False,Normalized unit: Intensity; Annotation method: Msp20260116160945_NCDK_conventional_converted_dev_1,False,False,658,0,0.00,0.85,null,null,null,-1.00,-1.00,-0.218,2967.99,P Sandie 50 Serum 1_GD1_01_66550,991.67291:404842 992.67758:219642 993.68225:67746,null,1180026,1155590,1252590,1173403,1190402.56996875,42723.3351518451
659,39.530,993.93604,Unknown,[M+H]+,null,1.00,False,null,null,null,null,null,null,999,False,False,False,Normalized unit: Intensity,False,False,659,0,0.00,null,null,null,null,null,null,null,4112.48,P Sandie 50 Serum 1_GD1_01_66550,993.93604:429126 994.94070:325900 995.94537:125220,null,2535371,2526424,2563777,2592192,2554441.26178126,29781.8740465503
660,7.319,1013.65332,no MS2: RIKEN P-VS1 ID-17726 from Mouse_Muscle_WT_CTX1_Ctr,[M+H]+,null,1.00,False,6.220,1013.65289,null,Unknown,null,null,530,False,True,False,Normalized unit: Intensity; Annotation method: Msp20260116160945_NCDK_conventional_converted_dev_1,False,False,660,0,0.00,1.00,null,null,null,-1.00,-1.00,-0.129,3330.35,P Sandie 50 Serum 3_GD1_01_66552,1013.65332:385968 1014.65799:215552 1015.66266:61970,null,1459046,1453806,1483320,1445336,1460377.15248437,16304.8888293761
661,38.986,1017.93677,Unknown,[M+H]+,null,1.00,False,null,null,null,null,null,null,999,False,False,False,Normalized unit: Intensity,False,False,661,0,0.00,null,null,null,null,null,null,null,2591.59,P Sandie 50 Serum 2_GD1_01_66551,1017.93677:259884 1018.94144:210420 1019.94610:81948,null,1576975,1649382,1627492,1635086,1622233.72217188,31507.729652245
662,39.687,1019.95117,Unknown,[M+H]+,null,1.00,False,null,null,null,null,null,null,999,False,False,False,Normalized unit: Intensity,False,False,662,0,0.00,null,null,null,null,null,null,null,4258.76,P Sandie 50 Serum 2_GD1_01_66551,1019.95117:404162 1020.95584:323040 1021.96051:130604,null,2756532,2837781,2849723,2859912,2825987.26743751,47178.2724170787
663,9.309,1069.71802,Unknown,[2M+Na]+,null,1.00,False,null,null,null,null,null,null,999,False,False,False,Normalized unit: Intensity,False,False,663,0,0.00,null,null,null,null,null,null,null,1286.64,P Sandie 50 Serum 3_GD1_01_66552,1069.71802:113102 1070.72269:62294 1071.72735:20178,null,548609,554036,606437,590566,574912.036921874,28086.6478998473
664,38.577,1194.11084,Unknown,[M+H]+,null,1.00,False,null,null,null,null,null,null,999,False,False,False,Normalized unit: Intensity,False,False,664,0,0.00,null,null,null,null,null,null,null,1362.44,P Sandie 50 Serum 4_GD1_01_66553,1194.11084:139504 1195.11551:125676 1196.12018:55942,null,379556,368080,378632,384872,377784.779749998,7030.3251863968
665,38.577,1211.13721,no MS2: Cer 82:8;O4|Cer 16:1;O2/66:7;O2,[M+H-H2O]+,null,1.00,False,16.505,1211.14026,C82H149NO5,Cer_EOS,CXAORLOQAMLNHC-UHFFFAOYSA-N,O=C(OCCC=CCC=CCC=CCC=CCC=CCC=CCCCCCCCCCCCCCCCCCCC(=O)NC(CO)C(O)C=CCCCCCCCCCCC)CCCCCCCCCCCCCCCCCCCCCCCCCCC,530,False,True,False,Normalized unit: Intensity; Annotation method: Msp20260116160945_NCDK_conventional_converted_dev_1,False,False,665,0,0.00,1.00,null,null,null,-1.00,-1.00,-0.143,3015.00,P Sandie 50 Serum 2_GD1_01_66551,1211.13989:262310 1212.14456:250014 1213.14923:108242,null,886990,851379,877079,885058,875126.720734369,16402.6900716148
666,31.040,1212.03284,no MS2: RIKEN P-VS1 ID-18983 from Mouse_Adipose_WT_N_F1,[M+H]+,null,1.00,False,12.050,1212.02979,null,Unknown,null,null,530,False,True,False,Normalized unit: Intensity; Annotation method: Msp20260116160945_NCDK_conventional_converted_dev_1,False,False,666,0,0.00,0.98,null,null,null,-1.00,-1.00,-0.137,2950.84,P Sandie 50 Serum 1_GD1_01_66550,1212.03210:189224 1213.03677:156346 1214.04144:65598,null,1629798,1638920,1664505,1634237,1641864.80142187,15546.0332517481
667,39.526,1250.17554,Unknown,[M+H]+,null,1.00,False,null,null,null,null,null,null,999,False,False,False,Normalized unit: Intensity,False,False,667,0,0.00,null,null,null,null,null,null,null,19371.76,P Sandie 50 Serum 1_GD1_01_66550,1250.17554:1375808 1251.18020:1291084 1252.18487:587960,null,7236816,7138437,7304035,7166516,7211450.7803594,74308.7183415927
668,38.725,1263.17029,no MS2: RIKEN P-VS1 ID-19263 from Mouse_Testis_fads2KO_N_Ctr,[M+H]+,null,1.00,False,14.350,1263.16809,null,Unknown,null,null,530,False,True,False,Normalized unit: Intensity; Annotation method: Msp20260116160945_NCDK_conventional_converted_dev_1,False,False,668,0,0.00,1.00,null,null,null,-1.00,-1.00,-0.129,4227.66,P Sandie 50 Serum 3_GD1_01_66552,1263.16833:294352 1264.17300:295470 1265.17767:136744,null,1480912,1505784,1423445,1417183,1456830.85067188,43447.118760507
669,39.526,1267.20142,no MS2: RIKEN P-VS1 ID-19271 from Mouse_AdrenalGlands_fads2KO_N_Ctr,[M+H]+,null,1.00,False,14.700,1267.20154,null,Unknown,null,null,530,False,True,False,Normalized unit: Intensity; Annotation method: Msp20260116160945_NCDK_conventional_converted_dev_1,False,False,669,0,0.00,1.00,null,null,null,-1.00,-1.00,-0.129,67533.55,P Sandie 50 Serum 1_GD1_01_66550,1267.20142:4395888 1268.20608:4346024 1269.21075:1935098,null,22471349,21961021,22774025,22611780,22454543.6020001,351491.497685479
670,39.526,1267.39783,Unknown,[M+H]+,null,1.00,False,null,null,null,null,null,null,999,False,False,False,Normalized unit: Intensity,False,False,670,0,0.00,null,null,null,null,null,null,null,1320.81,P Sandie 50 Serum 1_GD1_01_66550,1267.39783:96040 1268.40249:75922 1269.40716:16032,null,437992,434549,371416,378096,405513.107609377,35647.6785179043
671,39.526,1267.54443,Unknown,[M+2H]2+,null,1.00,False,null,null,null,null,null,null,999,False,False,False,Normalized unit: Intensity,False,False,671,0,0.00,null,null,null,null,null,null,null,1205.19,P Sandie 50 Serum 1_GD1_01_66550,1267.54443:85844 1268.54910:79518 1269.55377:18170,null,380305,373191,351799,363103,367099.333812502,12404.1526258628
672,39.041,1277.18494,no MS2: Cer 87:10;O4|Cer 21:3;O2/66:7;O2,[M+H-H2O]+,null,0.75,False,16.522,1277.18726,C87H155NO5,Cer_EOS,ZCKITYOLSPCLES-UHFFFAOYSA-N,O=C(OCCC=CCC=CCC=CCC=CCC=CCC=CCCCCCCCCCCCCCCCCCCC(=O)NC(CO)C(O)C=CCCC=CCCC=CCCCCCCCC)CCCCCCCCCCCCCCCCCCCCCCCCCCC,530,False,True,False,Normalized unit: Intensity; Annotation method: Msp20260116160945_NCDK_conventional_converted_dev_1,False,False,672,0,0.00,1.00,null,null,null,-1.00,-1.00,-0.144,1097.40,P Sandie 50 Serum 1_GD1_01_66550,1277.18628:104598 1278.19095:107506 1279.19561:44196,null,305601,309015,284347,306856,301454.823046875,11492.0398952895
673,39.604,1293.21667,no MS2: Cer 88:9;O4|Cer 22:2;O2/66:7;O2,[M+H-H2O]+,null,1.00,False,16.498,1293.21851,C88H159NO5,Cer_EOS,LKZDSMPBAUYSDE-UHFFFAOYSA-N,O=C(OCCC=CCC=CCC=CCC=CCC=CCC=CCCCCCCCCCCCCCCCCCCC(=O)NC(CO)C(O)C=CCCC=CCCCCCCCCCCCCC)CCCCCCCCCCCCCCCCCCCCCCCCCCC,530,False,True,False,Normalized unit: Intensity; Annotation method: Msp20260116160945_NCDK_conventional_converted_dev_1,False,False,673,0,0.00,0.99,null,null,null,-1.00,-1.00,-0.148,3068.32,P Sandie 50 Serum 1_GD1_01_66550,1293.21667:262210 1294.22134:257666 1295.22601:125494,null,1115671,1153553,1069842,1123236,1115575.43132812,34604.9658644869
674,38.986,1298.17517,Unknown,[M+H]+,null,1.00,False,null,null,null,null,null,null,999,False,False,False,Normalized unit: Intensity,False,False,674,0,0.00,null,null,null,null,null,null,null,2775.89,P Sandie 50 Serum 3_GD1_01_66552,1298.17517:181346 1299.17984:174522 1300.18451:86720,null,1026126,1036895,1026687,1012429,1025534.15804688,10041.6054226234
675,39.691,1302.20618,Unknown,[M+H]+,null,1.00,False,null,null,null,null,null,null,999,False,False,False,Normalized unit: Intensity,False,False,675,0,0.00,null,null,null,null,null,null,null,4908.62,P Sandie 50 Serum 2_GD1_01_66551,1302.20618:307432 1303.21084:314784 1304.21551:149420,null,1796204,1865559,1729890,1804961,1799153.41296876,55526.2007512774
676,38.421,1311.16980,no MS2: AHexCer 77:3;O3|AHexCer (O-28:0)13:1;O2/36:2;O,[M+H-H2O]+,null,1.00,False,15.110,1311.17749,C83H157NO10,AHexCer,WDJWRWUGWLUCMJ-UHFFFAOYSA-N,O=C(OCC1OC(OCC(NC(=O)C(O)CCCCCCCCCCCCCCCCCCCCCCC=CCC=CCCCCCCC)C(O)C=CCCCCCCCC)C(O)C(O)C1O)CCCCCCCCCCCCCCCCCCCCCCCCCCC,530,False,True,False,Normalized unit: Intensity; Annotation method: Msp20260116160945_NCDK_conventional_converted_dev_1,False,False,676,0,0.00,0.87,null,null,null,-1.00,-1.00,-0.209,13934.35,P Sandie 50 Serum 2_GD1_01_66551,1311.17053:1205224 1312.17520:1201280 1313.17987:575078,null,4213307,4122348,4149243,4182298,4166798.84646873,39527.9263976334
677,38.738,1313.18384,no MS2: RIKEN P-VS1 ID-19438 from Mouse_AdrenalGlands_fads2KO_N_Ctr,[M+H]+,null,1.00,False,14.310,1313.19287,null,Unknown,null,null,530,False,True,False,Normalized unit: Intensity; Annotation method: Msp20260116160945_NCDK_conventional_converted_dev_1,False,False,677,0,0.00,0.87,null,null,null,-1.00,-1.00,-0.186,11896.93,P Sandie 50 Serum 2_GD1_01_66551,1313.18604:784368 1314.19070:804620 1315.19537:396192,null,4001254,3967537,3905815,4022003,3974152.28982812,50787.2346795045
678,38.986,1315.20288,no MS2: RIKEN P-VS1 ID-19444 from Mouse_Liver_fads2KO_N_Ctr,[M+H]+,null,1.00,False,14.430,1315.19409,null,Unknown,null,null,530,False,True,False,Normalized unit: Intensity; Annotation method: Msp20260116160945_NCDK_conventional_converted_dev_1,False,False,678,0,0.00,0.91,null,null,null,-1.00,-1.00,-0.169,157821.60,P Sandie 50 Serum 4_GD1_01_66553,1315.19983:9639466 1316.20450:9525792 1317.20916:4751150,null,54828135,55846696,53331399,53911848,54479519.5569534,1100172.43953954
679,38.986,1315.40015,Unknown,[M+H]+,null,1.00,False,null,null,null,null,null,null,999,False,False,False,Normalized unit: Intensity,False,False,679,0,0.00,null,null,null,null,null,null,null,2929.46,P Sandie 50 Serum 2_GD1_01_66551,1315.40015:174818 1316.40481:139776 1317.40948:51768,null,1005932,1032492,923231,951898,978388.277937506,49765.7923448089
680,38.986,1315.55664,Unknown,[M+2H]2+,null,1.00,False,null,null,null,null,null,null,999,False,False,False,Normalized unit: Intensity,False,False,680,0,0.00,null,null,null,null,null,null,null,2831.98,P Sandie 50 Serum 2_GD1_01_66551,1315.55664:161790 1316.56131:149674 1317.56598:87698,null,912217,920995,877829,898702,902435.89314063,18793.2065724334
681,38.421,1316.12524,Unknown,[M+H]+,null,1.00,False,null,null,null,null,null,null,999,False,False,False,Normalized unit: Intensity,False,False,681,0,0.00,null,null,null,null,null,null,null,1073.14,P Sandie 50 Serum 1_GD1_01_66550,1316.12524:79044 1317.12991:78962 1318.13458:36162,null,331454,324082,311954,309003,319123.167937499,10495.5162254517
682,39.691,1319.23132,no MS2: RIKEN P-VS1 ID-19454 from Mouse_AdrenalGlands_fads2KO_N_Ctr,[M+H]+,null,1.00,False,14.750,1319.23706,null,Unknown,null,null,530,False,True,False,Normalized unit: Intensity; Annotation method: Msp20260116160945_NCDK_conventional_converted_dev_1,False,False,682,0,0.00,0.95,null,null,null,-1.00,-1.00,-0.150,74960.55,P Sandie 50 Serum 1_GD1_01_66550,1319.23291:4875766 1320.23758:4614326 1321.24225:2344976,null,28032101,28434083,27391888,28874644,28183179.1472345,629826.322369605
683,39.696,1319.43188,Unknown,[M+H]+,null,1.00,False,null,null,null,null,null,null,999,False,False,False,Normalized unit: Intensity,False,False,683,0,0.00,null,null,null,null,null,null,null,1758.01,P Sandie 50 Serum 2_GD1_01_66551,1319.43188:116784 1320.43655:93442 1321.44122:25588,null,601894,624863,514475,543434,571166.473375003,51024.3624587228
684,39.696,1319.58386,Unknown,[M+2H]2+,null,1.00,False,null,null,null,null,null,null,999,False,False,False,Normalized unit: Intensity,False,False,684,0,0.00,null,null,null,null,null,null,null,1618.30,P Sandie 50 Serum 2_GD1_01_66551,1319.58386:92948 1320.58853:93428 1321.59320:29540,null,489951,505049,458736,483572,484326.802015628,19291.7604836597
685,40.623,1323.26538,no MS2: RIKEN P-VS1 ID-19471 from Mouse_AdrenalGlands_fads2KO_N_Ctr,[M+H]+,null,1.00,False,14.900,1323.26611,null,Unknown,null,null,530,False,True,False,Normalized unit: Intensity; Annotation method: Msp20260116160945_NCDK_conventional_converted_dev_1,False,False,685,0,0.00,1.00,null,null,null,-1.00,-1.00,-0.129,2596.74,P Sandie 50 Serum 2_GD1_01_66551,1323.26538:196342 1324.27005:187848 1325.27472:94138,null,872140,878043,837210,830556,854487.259312499,24067.3407241636
686,27.515,1342.92334,no MS2: RIKEN P-VS1 ID-19541 from Mouse_AdrenalGlands_fads2KO_N_Ctr,[2M+NH4]+,null,0.75,False,9.910,1342.92664,null,Unknown,null,null,530,False,True,False,Normalized unit: Intensity; Annotation method: Msp20260116160945_NCDK_conventional_converted_dev_1,False,False,686,0,0.00,1.00,null,null,null,-1.00,-1.00,-0.129,1159.45,P Sandie 50 Serum 2_GD1_01_66551,1342.92712:64424 1343.93179:61188 1344.93646:27318,null,357817,376253,407854,448982,397726.471359376,39931.7124533474
687,35.879,1352.14624,no MS2: TG 87:12|TG 11:0_38:2_38:10,[M+Na]+,null,1.00,False,16.534,1352.14807,C90H152O6,TG,CYOYCULGPKWXLD-UHFFFAOYSA-N,O=C(OCC(OC(=O)CCCCCCCCCCCCCCCCCCCCCCCCCC=CCC=CCCCCCCC)COC(=O)CCCCCCCCCC)CCCCCCC=CCC=CCC=CCC=CCC=CCC=CCC=CCC=CCC=CCC=CCC,530,False,True,False,Normalized unit: Intensity; Annotation method: Msp20260116160945_NCDK_conventional_converted_dev_1,False,False,687,0,0.00,1.00,null,null,null,-1.00,-1.00,-0.145,5009.94,P Sandie 50 Serum 2_GD1_01_66551,1352.14697:302544 1353.15164:296180 1354.15631:149154,null,1771923,1741593,1761727,1824220,1774865.92167187,35233.556263353
688,38.221,1359.17114,no MS2: RIKEN P-VS1 ID-19602 from Mouse_AdrenalGlands_WT_N_Ctr,[M+H]+,null,1.00,False,14.050,1359.17676,null,Unknown,null,null,530,False,True,False,Normalized unit: Intensity; Annotation method: Msp20260116160945_NCDK_conventional_converted_dev_1,False,False,688,0,0.00,0.92,null,null,null,-1.00,-1.00,-0.165,2407.06,P Sandie 50 Serum 2_GD1_01_66551,1359.17114:234612 1360.17581:236060 1361.18048:120280,null,658206,666185,636040,645007,651359.646734376,13437.7977603383
689,38.743,1363.20142,no MS2: RIKEN P-VS1 ID-19625 from Mouse_AdrenalGlands_WT_N_Ctr,[M+H]+,null,1.00,False,14.270,1363.20703,null,Unknown,null,null,530,False,True,False,Normalized unit: Intensity; Annotation method: Msp20260116160945_NCDK_conventional_converted_dev_1,False,False,689,0,0.00,0.92,null,null,null,-1.00,-1.00,-0.165,19500.58,P Sandie 50 Serum 1_GD1_01_66550,1363.20142:1520298 1364.20608:1590020 1365.21075:783694,null,6462887,6403179,6341725,6491308,6424774.83389061,66440.0499317267
690,39.226,1367.23303,no MS2: RIKEN P-VS1 ID-19644 from Mouse_AdrenalGlands_WT_N_Ctr,[M+H]+,null,1.00,False,14.520,1367.23877,null,Unknown,null,null,530,False,True,False,Normalized unit: Intensity; Annotation method: Msp20260116160945_NCDK_conventional_converted_dev_1,False,False,690,0,0.00,0.92,null,null,null,-1.00,-1.00,-0.166,1145.80,P Sandie 50 Serum 2_GD1_01_66551,1367.23303:98550 1368.23770:106080 1369.24237:53200,null,291401,297022,278172,286703,288324.123187503,7975.28451399956
691,35.888,1376.14612,Unknown,[M+H]+,null,1.00,False,null,null,null,null,null,null,999,False,False,False,Normalized unit: Intensity,False,False,691,0,0.00,null,null,null,null,null,null,null,1563.41,P Sandie 50 Serum 4_GD1_01_66553,1376.14612:94422 1377.15079:95642 1378.15545:47688,null,792345,767503,795174,807806,790706.9341875,16866.7954002555
692,35.740,1384.13464,Unknown,[M+H]+,null,1.00,False,null,null,null,null,null,null,999,False,False,False,Normalized unit: Intensity,False,False,692,0,0.00,null,null,null,null,null,null,null,1408.01,P Sandie 50 Serum 4_GD1_01_66553,1384.13464:82316 1385.13931:80980 1386.14398:37174,null,388989,378724,398825,398472,391252.187890627,9514.01233151792
693,36.010,1400.14587,Unknown,[M+H]+,null,1.00,False,null,null,null,null,null,null,999,False,False,False,Normalized unit: Intensity,False,False,693,0,0.00,null,null,null,null,null,null,null,1275.26,P Sandie 50 Serum 3_GD1_01_66552,1400.14587:83118 1401.15054:83188 1402.15521:43762,null,610672,594176,618886,621647,611345.389062499,12358.7805534264
