,,,,,,,,,,,,,,,,,,,,,,,,,,,,,,,,,,Class,1,1,1,1,NA,NA
,,,,,,,,,,,,,,,,,,,,,,,,,,,,,,,,,,File type,Sample,Sample,Sample,Sample,NA,NA
,,,,,,,,,,,,,,,,,,,,,,,,,,,,,,,,,,Injection order,1,2,3,4,NA,NA
,,,,,,,,,,,,,,,,,,,,,,,,,,,,,,,,,,Batch ID,1,1,1,1,Average,Stdev
Alignment ID,Average Rt(min),Average Mz,Metabolite name,Adduct type,Post curation result,Fill %,MS/MS assigned,Reference RT,Reference m/z,Formula,Ontology,INCHIKEY,SMILES,Annotation tag (VS1.0),RT matched,m/z matched,MS/MS matched,Comment,Manually modified for quantification,Manually modified for annotation,Isotope tracking parent ID,Isotope tracking weight number,RT similarity,m/z similarity,Simple dot product,Weighted dot product,Reverse dot product,Matched peaks count,Matched peaks percentage,Total score,S/N average,Spectrum reference file name,MS1 isotopic spectrum,MS/MS spectrum,P Sandie 50 Mix 4p4 2xdil 2_GC1_01_66546,P Sandie 50 Mix 4p4 2xdil 3_GC1_01_66547,P Sandie 50 Mix 4p4 2xdil 4_GC1_01_66548,P Sandie 50 Mix 4p4 2xdil I_GC3_01_66545,1,1
0,36.468,295.22827,Unknown,[M+H]+,null,1.00,False,null,null,null,null,null,null,999,False,False,False,Normalized unit: Intensity,False,False,0,0,0.00,null,null,null,null,null,null,null,1756.77,P Sandie 50 Mix 4p4 2xdil 3_GC1_01_66547,295.22827:105722 296.23294:20348 297.23761:2208,null,382776,401366,380317,322512,371742.765390626,34139.4064571063
1,9.104,354.40936,Unknown,[M+H]+,null,0.75,False,null,null,null,null,null,null,999,False,False,False,Normalized unit: Intensity,False,False,1,0,0.00,null,null,null,null,null,null,null,2266.13,P Sandie 50 Mix 4p4 2xdil 3_GC1_01_66547,354.40936:63938 355.41403:17464 356.41870:1870,null,415437,432484,436128,390398,418611.802375001,20859.8129127649
2,36.473,369.35098,no MS2: ST 27:1;O,[M+H-H2O]+,null,1.00,False,8.638,369.35159,C27H46O,ST,HVYWMOMLDIMFJA-UHFFFAOYSA-N,OC1CC2=CCC3C(CCC4(C)C(CCC34)C(C)CCCC(C)C)C2(C)CC1,530,False,True,False,Normalized unit: Intensity; Annotation method: Msp20260116160945_NCDK_conventional_converted_dev_1,False,False,2,0,0.00,1.00,null,null,null,-1.00,-1.00,-0.143,131.53,P Sandie 50 Mix 4p4 2xdil 2_GC1_01_66546,369.35181:121726 370.35647:39294 371.36114:5104,null,1124660,1154171,1206511,1092718,1144515.28490625,48352.4436423886
3,35.746,369.35184,no MS2: ST 27:1;O,[M+H-H2O]+,null,1.00,False,8.638,369.35159,C27H46O,ST,HVYWMOMLDIMFJA-UHFFFAOYSA-N,OC1CC2=CCC3C(CCC4(C)C(CCC34)C(C)CCCC(C)C)C2(C)CC1,530,False,True,False,Normalized unit: Intensity; Annotation method: Msp20260116160945_NCDK_conventional_converted_dev_1,False,False,3,0,0.00,1.00,null,null,null,-1.00,-1.00,-0.143,193.90,P Sandie 50 Mix 4p4 2xdil 3_GC1_01_66547,369.35184:190474 370.35650:55582 371.36117:8004,null,1550066,1593101,1592997,1328716,1516219.83414063,126634.437195101
4,37.204,369.35196,no MS2: ST 27:1;O,[M+H-H2O]+,null,1.00,False,8.638,369.35159,C27H46O,ST,HVYWMOMLDIMFJA-UHFFFAOYSA-N,OC1CC2=CCC3C(CCC4(C)C(CCC34)C(C)CCCC(C)C)C2(C)CC1,530,False,True,False,Normalized unit: Intensity; Annotation method: Msp20260116160945_NCDK_conventional_converted_dev_1,False,False,4,0,0.00,1.00,null,null,null,-1.00,-1.00,-0.144,117.52,P Sandie 50 Mix 4p4 2xdil 4_GC1_01_66548,369.35196:134620 370.35663:41024 371.36129:5456,null,736326,803069,781174,739024,764898.121437503,32699.6299562019
5,28.704,369.35275,no MS2: ST 27:1;O,[M+H-H2O]+,null,1.00,False,8.638,369.35159,C27H46O,ST,HVYWMOMLDIMFJA-UHFFFAOYSA-N,OC1CC2=CCC3C(CCC4(C)C(CCC34)C(C)CCCC(C)C)C2(C)CC1,530,False,True,False,Normalized unit: Intensity; Annotation method: Msp20260116160945_NCDK_conventional_converted_dev_1,False,False,5,0,0.00,0.99,null,null,null,-1.00,-1.00,-0.146,146.77,P Sandie 50 Mix 4p4 2xdil 2_GC1_01_66546,369.35211:118938 370.35678:38782 371.36145:5260,null,2679513,2691976,2692677,2404017,2617045.37514062,142147.796734464
6,38.231,369.35287,no MS2: ST 27:1;O,[M+H-H2O]+,null,1.00,False,8.638,369.35159,C27H46O,ST,HVYWMOMLDIMFJA-UHFFFAOYSA-N,OC1CC2=CCC3C(CCC4(C)C(CCC34)C(C)CCCC(C)C)C2(C)CC1,530,False,True,False,Normalized unit: Intensity; Annotation method: Msp20260116160945_NCDK_conventional_converted_dev_1,False,False,6,0,0.00,0.98,null,null,null,-1.00,-1.00,-0.153,806.42,P Sandie 50 Mix 4p4 2xdil 4_GC1_01_66548,369.35260:742678 370.35727:223160 371.36194:30736,null,4333849,4575776,4440124,4115641,4366347.81110938,194261.93335836
7,38.997,369.35287,no MS2: ST 27:1;O,[M+H-H2O]+,null,1.00,False,8.638,369.35159,C27H46O,ST,HVYWMOMLDIMFJA-UHFFFAOYSA-N,OC1CC2=CCC3C(CCC4(C)C(CCC34)C(C)CCCC(C)C)C2(C)CC1,530,False,True,False,Normalized unit: Intensity; Annotation method: Msp20260116160945_NCDK_conventional_converted_dev_1,False,False,7,0,0.00,0.99,null,null,null,-1.00,-1.00,-0.148,737.11,P Sandie 50 Mix 4p4 2xdil I_GC3_01_66545,369.35233:596264 370.35699:182240 371.36166:24490,null,4387607,4758572,4336491,4109066,4397933.9238125,269187.818188622
8,26.414,369.35297,no MS2: ST 27:1;O,[M+H-H2O]+,null,1.00,False,8.638,369.35159,C27H46O,ST,HVYWMOMLDIMFJA-UHFFFAOYSA-N,OC1CC2=CCC3C(CCC4(C)C(CCC34)C(C)CCCC(C)C)C2(C)CC1,530,False,True,False,Normalized unit: Intensity; Annotation method: Msp20260116160945_NCDK_conventional_converted_dev_1,False,False,8,0,0.00,0.96,null,null,null,-1.00,-1.00,-0.161,96.91,P Sandie 50 Mix 4p4 2xdil 2_GC1_01_66546,369.35297:91394 370.35763:26310 371.36230:4020,null,970633,986199,952006,884427,948316.475140625,44827.8452808995
9,39.698,369.35300,no MS2: ST 27:1;O,[M+H-H2O]+,null,1.00,False,8.638,369.35159,C27H46O,ST,HVYWMOMLDIMFJA-UHFFFAOYSA-N,OC1CC2=CCC3C(CCC4(C)C(CCC34)C(C)CCCC(C)C)C2(C)CC1,530,False,True,False,Normalized unit: Intensity; Annotation method: Msp20260116160945_NCDK_conventional_converted_dev_1,False,False,9,0,0.00,1.00,null,null,null,-1.00,-1.00,-0.144,611.24,P Sandie 50 Mix 4p4 2xdil I_GC3_01_66545,369.35196:465946 370.35663:136364 371.36129:20062,null,5199077,5516671,5208721,5098882,5255837.5433125,180841.883649978
10,3.063,454.25745,no MS2: DMPE 13:0|DMPE 5:0_8:0,[M+H]+,null,1.00,False,4.835,454.25641,C20H40NO8P,DMPE,HKWAESFLQVAVHA-UHFFFAOYSA-N,O=C(OCC(OC(=O)CCCCCCC)COP(=O)(O)OCCN(C)C)CCCC,530,False,True,False,Normalized unit: Intensity; Annotation method: Msp20260116160945_NCDK_conventional_converted_dev_1,False,False,10,0,0.00,0.98,null,null,null,-1.00,-1.00,-0.154,78330.45,P Sandie 50 Mix 4p4 2xdil 2_GC1_01_66546,454.25745:5396060 455.26211:1591352 456.26678:299100,null,21467671,21102326,21293081,20345581,21052164.8699062,494119.745862947
11,3.063,455.26071,Unknown,[M+H]+,null,1.00,False,null,null,null,null,null,null,999,False,False,False,Normalized unit: Intensity,False,False,11,0,0.00,null,null,null,null,null,null,null,24471.73,P Sandie 50 Mix 4p4 2xdil 2_GC1_01_66546,455.26071:1591352 456.26538:299100 457.27005:37620,null,6022301,5949811,6013357,5771830,5939324.80348437,116232.721534802
12,11.239,470.22650,Unknown,[M+H]+,null,1.00,False,null,null,null,null,null,null,999,False,False,False,Normalized unit: Intensity,False,False,12,0,0.00,null,null,null,null,null,null,null,388.23,P Sandie 50 Mix 4p4 2xdil 2_GC1_01_66546,470.22650:69654 471.23117:14588 472.23584:2892,null,953846,932323,935404,883626,926299.7594375,29994.5161723516
13,3.063,476.23935,no MS2: PC 12:0,[M+Na]+,null,1.00,False,3.582,476.23840,C20H40NO8P,PC,KNXKLGNRVBJSIQ-UHFFFAOYSA-N,O=C(OCC(OC(=O)CCCCCC)COP(=O)([O-])OCC[N+](C)(C)C)CCCC,530,False,True,False,Normalized unit: Intensity; Annotation method: Msp20260116160945_NCDK_conventional_converted_dev_1,False,False,13,0,0.00,0.98,null,null,null,-1.00,-1.00,-0.152,7302.61,P Sandie 50 Mix 4p4 2xdil 2_GC1_01_66546,476.23935:572410 477.24402:126128 478.24868:21268,null,2271357,2241962,2255167,2191377,2239965.73632812,34551.0421061738
14,4.572,482.28854,no MS2: DMPE 15:0|DMPE 10:0_5:0,[M+H]+,null,1.00,False,5.211,482.28769,C22H44NO8P,DMPE,KOISGDAZRNZPME-UHFFFAOYSA-N,O=C(OCC(OC(=O)CCCC)COP(=O)(O)OCCN(C)C)CCCCCCCCC,530,False,True,False,Normalized unit: Intensity; Annotation method: Msp20260116160945_NCDK_conventional_converted_dev_1,False,False,14,0,0.00,1.00,null,null,null,-1.00,-1.00,-0.143,55300.24,P Sandie 50 Mix 4p4 2xdil I_GC3_01_66545,482.28790:5782860 483.29257:1737072 484.29724:328190,null,24043243,24034291,23934095,22740999,23688156.8746719,633374.403913992
15,4.573,482.41287,Unknown,[M+H]+,null,0.75,False,null,null,null,null,null,null,999,False,False,False,Normalized unit: Intensity,False,False,15,0,0.00,null,null,null,null,null,null,null,850.87,P Sandie 50 Mix 4p4 2xdil 4_GC1_01_66548,482.41287:94406 483.41754:4910 484.42221:0,null,282876,283246,287210,264477,279452.066421875,10174.5274891987
16,4.572,482.81726,Unknown,[M+H]+,null,1.00,False,null,null,null,null,null,null,999,False,False,False,Normalized unit: Intensity,False,False,16,0,0.00,null,null,null,null,null,null,null,2573.88,P Sandie 50 Mix 4p4 2xdil 4_GC1_01_66548,482.81726:207098 483.82193:29222 484.82660:830,null,659238,626850,646788,605782,634664.514671876,23424.467055393
17,14.201,484.24237,Unknown,[M+H]+,null,1.00,False,null,null,null,null,null,null,999,False,False,False,Normalized unit: Intensity,False,False,17,0,0.00,null,null,null,null,null,null,null,1733.79,P Sandie 50 Mix 4p4 2xdil 4_GC1_01_66548,484.24237:99214 485.24704:23106 486.25171:4038,null,1505979,1564021,1577066,1303743,1487702.4053125,126472.04737226
18,7.329,496.33932,no MS2: PC O-16:0|PC O-8:0_8:0,[M+H]+,null,1.00,False,5.632,496.33981,C24H50NO7P,EtherPC,GDMHMXIBVHRZGP-UHFFFAOYSA-N,O=C(OC(COCCCCCCCC)COP(=O)([O-])OCC[N+](C)(C)C)CCCCCCC,530,False,True,False,Normalized unit: Intensity; Annotation method: Msp20260116160945_NCDK_conventional_converted_dev_1,False,False,18,0,0.00,1.00,null,null,null,-1.00,-1.00,-0.143,1556.10,P Sandie 50 Mix 4p4 2xdil 2_GC1_01_66546,496.33972:148448 497.34439:38110 498.34906:7166,null,629547,631751,612973,570459,611182.540078125,28413.3774681021
19,17.489,498.25739,no MS2: LPC 15:3,[M+Na]+,null,1.00,False,4.421,498.25909,C23H42NO7P,LPC,BWNVBKCLGXHLHO-UHFFFAOYSA-N,O=C(OCC(O)COP(=O)([O-])OCC[N+](C)(C)C)CCCCC=CCC=CCC=CCC,530,False,True,False,Normalized unit: Intensity; Annotation method: Msp20260116160945_NCDK_conventional_converted_dev_1,False,False,19,0,0.00,0.94,null,null,null,-1.00,-1.00,-0.171,1686.97,P Sandie 50 Mix 4p4 2xdil 3_GC1_01_66547,498.25739:100232 499.26205:24058 500.26672:4018,null,1726308,1798788,1851363,1635780,1753059.85429688,93496.5079070151
20,4.572,504.27026,no MS2: PC 14:0,[M+Na]+,null,1.00,False,4.315,504.26971,C22H44NO8P,PC,OIFRTCQOIDCXAI-UHFFFAOYSA-N,O=C(OCC(OC(=O)CCCCCCCC)COP(=O)([O-])OCC[N+](C)(C)C)CCCC,530,False,True,False,Normalized unit: Intensity; Annotation method: Msp20260116160945_NCDK_conventional_converted_dev_1,False,False,20,0,0.00,1.00,null,null,null,-1.00,-1.00,-0.143,6474.07,P Sandie 50 Mix 4p4 2xdil I_GC3_01_66545,504.26950:630598 505.27417:153642 506.27884:23722,null,2601976,2601649,2571436,2427879,2550734.84270313,83146.5391011125
21,5.881,510.31952,no MS2: DMPE 17:0|DMPE 12:0_5:0,[M+H]+,null,1.00,False,5.911,510.31900,C24H48NO8P,DMPE,NAWXXKZUWNAVLJ-UHFFFAOYSA-N,O=C(OCC(OC(=O)CCCC)COP(=O)(O)OCCN(C)C)CCCCCCCCCCC,530,False,True,False,Normalized unit: Intensity; Annotation method: Msp20260116160945_NCDK_conventional_converted_dev_1,False,False,21,0,0.00,1.00,null,null,null,-1.00,-1.00,-0.144,77249.28,P Sandie 50 Mix 4p4 2xdil I_GC3_01_66545,510.31934:7994590 511.32400:2797848 512.32867:522438,null,32480328,32674181,32676257,30100293,31982764.7667187,1258340.11131186
22,5.881,510.44672,Unknown,[M+H]+,null,1.00,False,null,null,null,null,null,null,999,False,False,False,Normalized unit: Intensity,False,False,22,0,0.00,null,null,null,null,null,null,null,1019.70,P Sandie 50 Mix 4p4 2xdil 3_GC1_01_66547,510.44653:135474 511.45120:16638 512.45587:1474,null,397404,401530,402503,355970,389351.992140625,22364.0273421389
23,5.881,510.54004,Unknown,[M+H]+,null,1.00,False,null,null,null,null,null,null,999,False,False,False,Normalized unit: Intensity,False,False,23,0,0.00,null,null,null,null,null,null,null,1279.77,P Sandie 50 Mix 4p4 2xdil 4_GC1_01_66548,510.54004:111742 511.54471:14424 512.54937:0,null,344252,342468,351708,307243,336417.9185625,19857.2157631776
24,5.881,510.86292,Unknown,[M+H]+,null,1.00,False,null,null,null,null,null,null,999,False,False,False,Normalized unit: Intensity,False,False,24,0,0.00,null,null,null,null,null,null,null,4943.90,P Sandie 50 Mix 4p4 2xdil 3_GC1_01_66547,510.86292:306184 511.86758:59144 512.87225:2412,null,924817,923549,908802,826967,896033.499390624,46614.6372664335
25,20.803,512.27246,no MS2: LPC 16:3,[M+Na]+,null,1.00,False,4.375,512.27478,C24H44NO7P,LPC,MXMRHTIUADTCDH-UHFFFAOYSA-N,O=C(OCC(O)COP(=O)([O-])OCC[N+](C)(C)C)CCCCCC=CCC=CCC=CCC,530,False,True,False,Normalized unit: Intensity; Annotation method: Msp20260116160945_NCDK_conventional_converted_dev_1,False,False,25,0,0.00,0.93,null,null,null,-1.00,-1.00,-0.176,1469.73,P Sandie 50 Mix 4p4 2xdil I_GC3_01_66545,512.27289:107654 513.27756:27766 514.28222:5122,null,2088023,2097240,2166463,1972026,2080937.854375,80606.7133014976
26,23.933,512.27368,no MS2: LPC 16:3,[M+Na]+,null,1.00,False,4.375,512.27478,C24H44NO7P,LPC,MXMRHTIUADTCDH-UHFFFAOYSA-N,O=C(OCC(O)COP(=O)([O-])OCC[N+](C)(C)C)CCCCCC=CCC=CCC=CCC,530,False,True,False,Normalized unit: Intensity; Annotation method: Msp20260116160945_NCDK_conventional_converted_dev_1,False,False,26,0,0.00,0.98,null,null,null,-1.00,-1.00,-0.151,1331.59,P Sandie 50 Mix 4p4 2xdil I_GC3_01_66545,512.27386:97258 513.27853:24062 514.28320:4244,null,2010479,2026653,2096777,1949383,2020822.96467188,60590.4057101337
27,5.881,532.30139,no MS2: PC 16:0,[M+Na]+,null,1.00,False,5.422,532.30103,C24H48NO8P,PC,BBSHYEVDGJSJEB-UHFFFAOYSA-N,O=C(OCC(OC(=O)CCCC)COP(=O)([O-])OCC[N+](C)(C)C)CCCCCCCCCC,530,False,True,False,Normalized unit: Intensity; Annotation method: Msp20260116160945_NCDK_conventional_converted_dev_1,False,False,27,0,0.00,1.00,null,null,null,-1.00,-1.00,-0.143,9339.38,P Sandie 50 Mix 4p4 2xdil I_GC3_01_66545,532.30103:1101162 533.30569:286118 534.31036:49686,null,4628325,4684081,4782559,4408257,4625805.778,158431.278983698
28,7.128,538.35040,no MS2: DMPE 19:0|DMPE 14:0_5:0,[M+H]+,null,1.00,False,6.318,538.35028,C26H52NO8P,DMPE,QIRNOKORVQUESQ-UHFFFAOYSA-N,O=C(OCC(OC(=O)CCCC)COP(=O)(O)OCCN(C)C)CCCCCCCCCCCCC,530,False,True,False,Normalized unit: Intensity; Annotation method: Msp20260116160945_NCDK_conventional_converted_dev_1,False,False,28,0,0.00,1.00,null,null,null,-1.00,-1.00,-0.143,81565.80,P Sandie 50 Mix 4p4 2xdil 2_GC1_01_66546,538.35040:7403928 539.35507:2527948 540.35974:481946,null,33879573,33970209,34017485,31361037,33307075.9082188,1298620.33588348
29,7.128,538.48047,no MS2: CAR 26:1,[M+H]+,null,1.00,False,8.191,538.48297,C33H63NO4,CAR,IEXHCKQROJJVJL-UHFFFAOYSA-N,O=C([O-])CC(OC(=O)CCCCCCCCCCCCCCCC=CCCCCCCCC)C[N+](C)(C)C,530,False,True,False,Normalized unit: Intensity; Annotation method: Msp20260116160945_NCDK_conventional_converted_dev_1,False,False,29,0,0.00,0.92,null,null,null,-1.00,-1.00,-0.185,1045.70,P Sandie 50 Mix 4p4 2xdil 4_GC1_01_66548,538.48071:98514 539.48538:12548 540.49005:814,null,390145,387595,390317,346916,378743.2623125,21254.676170553
30,7.128,538.57660,Unknown,[M+H]+,null,1.00,False,null,null,null,null,null,null,999,False,False,False,Normalized unit: Intensity,False,False,30,0,0.00,null,null,null,null,null,null,null,1618.44,P Sandie 50 Mix 4p4 2xdil 4_GC1_01_66548,538.57660:88850 539.58127:10734 540.58593:780,null,344650,339839,362407,317289,341046.16134375,18575.4495926818
31,7.128,538.90851,Unknown,[M+H]+,null,1.00,False,null,null,null,null,null,null,999,False,False,False,Normalized unit: Intensity,False,False,31,0,0.00,null,null,null,null,null,null,null,1959.95,P Sandie 50 Mix 4p4 2xdil 2_GC1_01_66546,538.90851:264564 539.91318:43188 540.91784:1862,null,976552,950804,958479,882477,942077.897265625,41173.721891316
32,25.761,540.30469,no MS2: LPC 18:3,[M+Na]+,null,1.00,False,5.524,540.30609,C26H48NO7P,LPC,WKQNRCYKYCKESD-UHFFFAOYSA-N,O=C(OCC(O)COP(=O)([O-])OCC[N+](C)(C)C)CCCCCCCC=CCC=CCC=CCC,530,False,True,False,Normalized unit: Intensity; Annotation method: Msp20260116160945_NCDK_conventional_converted_dev_1,False,False,32,0,0.00,0.99,null,null,null,-1.00,-1.00,-0.150,664.56,P Sandie 50 Mix 4p4 2xdil I_GC3_01_66545,540.30518:60406 541.30984:14736 542.31451:3192,null,1192638,1253126,1246649,1115180,1201898.13140625,63856.0037960755
33,27.460,540.30493,no MS2: LPC 18:3,[M+Na]+,null,0.25,False,5.524,540.30609,C26H48NO7P,LPC,WKQNRCYKYCKESD-UHFFFAOYSA-N,O=C(OCC(O)COP(=O)([O-])OCC[N+](C)(C)C)CCCCCCCC=CCC=CCC=CCC,530,False,True,False,Normalized unit: Intensity; Annotation method: Msp20260116160945_NCDK_conventional_converted_dev_1,False,False,33,0,0.00,0.98,null,null,null,-1.00,-1.00,-0.154,601.23,P Sandie 50 Mix 4p4 2xdil 4_GC1_01_66548,540.30493:56730 541.30960:15062 542.31427:2874,null,971202,1011402,1122306,936346,1010314.04610937,80714.6079563829
34,28.695,541.46216,Unknown,[M+H]+,null,1.00,False,null,null,null,null,null,null,999,False,False,False,Normalized unit: Intensity,False,False,34,0,0.00,null,null,null,null,null,null,null,472.96,P Sandie 50 Mix 4p4 2xdil 4_GC1_01_66548,541.46301:80226 542.46768:30370 543.47235:6492,null,1639216,1654421,1660111,1536057,1622451.3275,58267.4728614283
35,27.337,544.47369,no MS2: Cer 35:4;O3|Cer 13:0;O2/22:4;O,[M+H-H2O]+,null,1.00,False,8.416,544.47241,C35H63NO4,Cer_HDS,YWAXVFIDCWLHKS-UHFFFAOYSA-N,O=C(NC(CO)C(O)CCCCCCCCCC)C(O)CCCCCCCC=CCC=CCC=CCC=CCC,530,False,True,False,Normalized unit: Intensity; Annotation method: Msp20260116160945_NCDK_conventional_converted_dev_1,False,False,35,0,0.00,1.00,null,null,null,-1.00,-1.00,-0.145,577.97,P Sandie 50 Mix 4p4 2xdil I_GC3_01_66545,544.47290:58262 545.47757:22882 546.48224:5050,null,1166653,1064504,1095686,1046200,1093260.68448438,53021.7812704757
36,27.341,549.42908,no MS2: NATau 27:1;O,[M+NH4]+,null,1.00,False,8.614,549.42963,C29H57NO5S,NATau,VCHQMYYLSVDETA-UHFFFAOYSA-N,O=C(NCCS(=O)(=O)O)CC(O)CCCCCCCCCCCCC=CCCCCCCCCCC,530,False,True,False,Normalized unit: Intensity; Annotation method: Msp20260116160945_NCDK_conventional_converted_dev_1,False,False,36,0,0.00,1.00,null,null,null,-1.00,-1.00,-0.145,663.96,P Sandie 50 Mix 4p4 2xdil 4_GC1_01_66548,549.42908:82628 550.43374:32248 551.43841:7274,null,1511117,1490666,1477663,1387628,1466768.38492187,54527.7932104614
37,26.414,557.45764,no MS2: NAGlySer 26:0;O,[M+H]+,null,1.00,False,8.313,557.45239,C31H60N2O6,NAGlySer,GBJCWKUBOQEHCA-UHFFFAOYSA-N,O=C(NC(C(=O)O)CO)CNC(=O)CC(O)CCCCCCCCCCCCCCCCCCCCCCC,530,False,True,False,Normalized unit: Intensity; Annotation method: Msp20260116160945_NCDK_conventional_converted_dev_1,False,False,37,0,0.00,0.68,null,null,null,-1.00,-1.00,-0.302,677.27,P Sandie 50 Mix 4p4 2xdil I_GC3_01_66545,557.45728:86480 558.46194:35574 559.46661:6638,null,732409,748160,727728,676813,721277.503625,30904.3954333158
38,28.699,558.48883,no MS2: Cer 36:4;O3|Cer 12:0;O2/24:4;O,[M+H-H2O]+,null,1.00,False,8.063,558.48810,C36H65NO4,Cer_HDS,AYICWSMDHURIRF-UHFFFAOYSA-N,O=C(NC(CO)C(O)CCCCCCCCC)C(O)CCCCCCCCCC=CCC=CCC=CCC=CCC,530,False,True,False,Normalized unit: Intensity; Annotation method: Msp20260116160945_NCDK_conventional_converted_dev_1,False,False,38,0,0.00,1.00,null,null,null,-1.00,-1.00,-0.143,2569.73,P Sandie 50 Mix 4p4 2xdil I_GC3_01_66545,558.48810:403316 559.49277:153156 560.49743:31672,null,9240943,9340013,9297766,8475094,9088453.90415625,410916.258307272
39,7.128,560.33197,no MS2: PC 18:0,[M+Na]+,null,1.00,False,6.185,560.33228,C26H52NO8P,PC,RRUAPWUSGRCXJR-UHFFFAOYSA-N,O=C(OCC(OC(=O)CCCC)COP(=O)([O-])OCC[N+](C)(C)C)CCCCCCCCCCCC,530,False,True,False,Normalized unit: Intensity; Annotation method: Msp20260116160945_NCDK_conventional_converted_dev_1,False,False,39,0,0.00,1.00,null,null,null,-1.00,-1.00,-0.143,11738.08,P Sandie 50 Mix 4p4 2xdil 4_GC1_01_66548,560.33234:1006940 561.33700:283658 562.34167:52738,null,5488090,5377863,5513994,5141671,5380404.60325,169747.213348138
40,28.717,563.44348,no MS2: NATau 28:1;O,[M+NH4]+,null,1.00,False,8.598,563.44519,C30H59NO5S,NATau,PPAXWBIIHAURHW-UHFFFAOYSA-N,O=C(NCCS(=O)(=O)O)CC(O)CCCCCCCCCCCCCC=CCCCCCCCCCC,530,False,True,False,Normalized unit: Intensity; Annotation method: Msp20260116160945_NCDK_conventional_converted_dev_1,False,False,40,0,0.00,0.99,null,null,null,-1.00,-1.00,-0.146,2165.80,P Sandie 50 Mix 4p4 2xdil 4_GC1_01_66548,563.44452:368850 564.44919:148086 565.45385:30690,null,11672047,9955918,9732915,9803868,10291187.0812656,925261.40211674
41,8.856,566.38098,no MS2: DMPE 21:0|DMPE 16:0_5:0,[M+H]+,null,1.00,False,7.048,566.38159,C28H56NO8P,DMPE,CMFPEMGUXLZBKX-UHFFFAOYSA-N,O=C(OCC(OC(=O)CCCC)COP(=O)(O)OCCN(C)C)CCCCCCCCCCCCCCC,530,False,True,False,Normalized unit: Intensity; Annotation method: Msp20260116160945_NCDK_conventional_converted_dev_1,False,False,41,0,0.00,1.00,null,null,null,-1.00,-1.00,-0.143,37544.78,P Sandie 50 Mix 4p4 2xdil I_GC3_01_66545,566.38135:5916362 567.38602:1859666 568.39068:394538,null,38948134,39899928,39942311,36460465,38812709.5324218,1633956.14016649
42,8.856,566.51508,no MS2: CAR 28:1,[M+H]+,null,1.00,False,8.293,566.51428,C35H67NO4,CAR,CEFGXBJUHZCUJB-UHFFFAOYSA-N,O=C([O-])CC(OC(=O)CCCCCCCCCCCCCCCCCC=CCCCCCCCC)C[N+](C)(C)C,530,False,True,False,Normalized unit: Intensity; Annotation method: Msp20260116160945_NCDK_conventional_converted_dev_1,False,False,42,0,0.00,1.00,null,null,null,-1.00,-1.00,-0.143,795.05,P Sandie 50 Mix 4p4 2xdil 4_GC1_01_66548,566.51416:86508 567.51883:12106 568.52350:1076,null,425548,406217,423856,386803,410605.81840625,18117.0120150379
43,8.856,566.61310,Unknown,[M+H]+,null,1.00,False,null,null,null,null,null,null,999,False,False,False,Normalized unit: Intensity,False,False,43,0,0.00,null,null,null,null,null,null,null,1168.32,P Sandie 50 Mix 4p4 2xdil 2_GC1_01_66546,566.61310:81784 567.61777:8278 568.62243:946,null,386430,359728,381549,349082,369197.328203125,17737.1850875744
44,8.856,566.95361,Unknown,[M+H]+,null,1.00,False,null,null,null,null,null,null,999,False,False,False,Normalized unit: Intensity,False,False,44,0,0.00,null,null,null,null,null,null,null,1007.04,P Sandie 50 Mix 4p4 2xdil 4_GC1_01_66548,566.95361:188892 567.95828:31220 568.96295:1422,null,925995,899248,941991,817312,896136.335953124,55429.3094029783
45,29.992,568.33502,no MS2: LPC 20:3,[M+Na]+,null,1.00,False,5.943,568.33740,C28H52NO7P,LPC,XUDGAAFUMTTZCO-UHFFFAOYSA-N,O=C(OCC(O)COP(=O)([O-])OCC[N+](C)(C)C)CCCCCCCCCC=CCC=CCC=CCC,530,False,True,False,Normalized unit: Intensity; Annotation method: Msp20260116160945_NCDK_conventional_converted_dev_1,False,False,45,0,0.00,0.95,null,null,null,-1.00,-1.00,-0.168,392.55,P Sandie 50 Mix 4p4 2xdil 4_GC1_01_66548,568.33557:57852 569.34024:17216 570.34491:3364,null,1143238,1190550,1233305,1100177,1166817.29757813,57679.707050084
46,31.699,568.33533,no MS2: LPC 20:3,[M+Na]+,null,1.00,False,5.943,568.33740,C28H52NO7P,LPC,XUDGAAFUMTTZCO-UHFFFAOYSA-N,O=C(OCC(O)COP(=O)([O-])OCC[N+](C)(C)C)CCCCCCCCCC=CCC=CCC=CCC,530,False,True,False,Normalized unit: Intensity; Annotation method: Msp20260116160945_NCDK_conventional_converted_dev_1,False,False,46,0,0.00,0.94,null,null,null,-1.00,-1.00,-0.175,466.90,P Sandie 50 Mix 4p4 2xdil 4_GC1_01_66548,568.33533:72070 569.33999:19970 570.34466:3404,null,1535820,1600760,1643900,1501951,1570607.87484375,63783.0359823879
47,29.274,570.48743,no MS2: Cer 37:5;O3|Cer 13:0;O2/24:5;O,[M+H-H2O]+,null,1.00,False,8.331,570.48810,C37H65NO4,Cer_HDS,NDGMITMDBJPZEE-UHFFFAOYSA-N,O=C(NC(CO)C(O)CCCCCCCCCC)C(O)CCCCCCC=CCC=CCC=CCC=CCC=CCC,530,False,True,False,Normalized unit: Intensity; Annotation method: Msp20260116160945_NCDK_conventional_converted_dev_1,False,False,47,0,0.00,1.00,null,null,null,-1.00,-1.00,-0.143,561.08,P Sandie 50 Mix 4p4 2xdil 2_GC1_01_66546,570.48804:79582 571.49270:32352 572.49737:7708,null,714272,715970,722217,736803,722315.478125,10244.9026348055
48,26.414,574.48413,no MS2: Cer 36:4;O4|Cer 12:1;O3/24:3(2OH),[M+NH4]+,null,1.00,False,8.266,574.48297,C36H65NO5,Cer_AP,DBUJMPXYWFGVIW-UHFFFAOYSA-N,O=C(NC(CO)C(O)C(O)CCCC=CCCC)C(O)CCCCCCCC=CCC=CCC=CCCCCCCC,530,False,True,False,Normalized unit: Intensity; Annotation method: Msp20260116160945_NCDK_conventional_converted_dev_1,False,False,48,0,0.00,0.99,null,null,null,-1.00,-1.00,-0.147,937.98,P Sandie 50 Mix 4p4 2xdil I_GC3_01_66545,574.48370:133170 575.48837:53788 576.49304:10298,null,1197868,1183962,1159632,1065546,1151752.1299375,59603.4200086131
49,29.274,575.44312,no MS2: SL 31:2;O|SL 12:1;O/19:1,[M+NH4]+,null,1.00,False,8.252,575.44519,C31H59NO5S,SL,INGXVWVQEIEYIP-UHFFFAOYSA-N,O=C(N(CC(O)C=CCCCCCCC)CS(=O)(=O)O)CCCCCCCC=CCCCCCCCCC,530,False,True,False,Normalized unit: Intensity; Annotation method: Msp20260116160945_NCDK_conventional_converted_dev_1,False,False,49,0,0.00,0.99,null,null,null,-1.00,-1.00,-0.148,639.24,P Sandie 50 Mix 4p4 2xdil 4_GC1_01_66548,575.44440:81412 576.44906:33634 577.45373:7560,null,711531,770838,734826,790203,751849.627906251,35340.8610392215
50,39.712,577.51990,no MS2: RIKEN P-VS1 ID-5423 from Mouse_Plasma_ApoEKO_N_F1DHA,[M+H]+,null,0.25,False,13.050,577.51569,null,Unknown,null,null,530,False,True,False,Normalized unit: Intensity; Annotation method: Msp20260116160945_NCDK_conventional_converted_dev_1,False,False,50,0,0.00,0.77,null,null,null,-1.00,-1.00,-0.234,333.94,P Sandie 50 Mix 4p4 2xdil 3_GC1_01_66547,577.51990:62638 578.52457:26966 579.52923:5868,null,367016,400370,370528,347879,371448.001390626,21698.4911879812
51,24.934,578.45465,no MS2: Cer 36:6;O2|Cer 12:0;O2/24:6,[M+Na]+,null,1.00,False,8.319,578.45441,C36H61NO3,Cer_NDS,NPTLOVRRMMFDFV-UHFFFAOYSA-N,O=C(NC(CO)C(O)CCCCCCCCC)CCCCC=CCC=CCC=CCC=CCC=CCC=CCC,530,False,True,False,Normalized unit: Intensity; Annotation method: Msp20260116160945_NCDK_conventional_converted_dev_1,False,False,51,0,0.00,1.00,null,null,null,-1.00,-1.00,-0.143,484.10,P Sandie 50 Mix 4p4 2xdil 4_GC1_01_66548,578.45465:72522 579.45932:28246 580.46399:6382,null,655308,626530,649378,578053,627317.152546874,35108.2418456629
52,25.248,579.43915,no MS2: SL 30:1;O2|SL 12:1;O/18:0;O,[M+NH4]+,null,1.00,False,7.551,579.44012,C30H59NO6S,SL,RVIKRDHQZKUVIK-UHFFFAOYSA-N,O=C(N(CC(O)C=CCCCCCCC)CS(=O)(=O)O)C(O)CCCCCCCCCCCCCCCC,530,False,True,False,Normalized unit: Intensity; Annotation method: Msp20260116160945_NCDK_conventional_converted_dev_1,False,False,52,0,0.00,0.99,null,null,null,-1.00,-1.00,-0.146,248.69,P Sandie 50 Mix 4p4 2xdil 2_GC1_01_66546,579.43951:69312 580.44418:28278 581.44885:6420,null,836005,816277,821566,784307,814538.62396875,21811.1550905218
53,26.410,579.43933,no MS2: SL 30:1;O2|SL 12:1;O/18:0;O,[M+NH4]+,null,1.00,False,7.551,579.44012,C30H59NO6S,SL,RVIKRDHQZKUVIK-UHFFFAOYSA-N,O=C(N(CC(O)C=CCCCCCCC)CS(=O)(=O)O)C(O)CCCCCCCCCCCCCCCC,530,False,True,False,Normalized unit: Intensity; Annotation method: Msp20260116160945_NCDK_conventional_converted_dev_1,False,False,53,0,0.00,0.99,null,null,null,-1.00,-1.00,-0.146,798.19,P Sandie 50 Mix 4p4 2xdil 2_GC1_01_66546,579.43945:242294 580.44412:90664 581.44879:20316,null,2111396,2132743,2104676,1883180,2057998.75723437,117158.601958802
54,32.739,579.53418,no MS2: RIKEN P-VS1 ID-5453 from Mouse_Macrophage_WT_N_F1AA,[M+H]+,null,1.00,False,12.890,579.53418,null,Unknown,null,null,530,False,True,False,Normalized unit: Intensity; Annotation method: Msp20260116160945_NCDK_conventional_converted_dev_1,False,False,54,0,0.00,1.00,null,null,null,-1.00,-1.00,-0.129,12893.32,P Sandie 50 Mix 4p4 2xdil 3_GC1_01_66547,579.53418:3773430 580.53885:1464692 581.54352:304704,null,32073447,33327500,32312255,28626037,31584809.8121407,2046073.21917078
55,32.739,580.11377,Unknown,[M+H]+,null,1.00,False,null,null,null,null,null,null,999,False,False,False,Normalized unit: Intensity,False,False,55,0,0.00,null,null,null,null,null,null,null,1350.91,P Sandie 50 Mix 4p4 2xdil 3_GC1_01_66547,580.11377:89038 581.11844:10136 582.12311:444,null,558714,548480,564866,445379,529359.905906251,56393.6793245852
56,27.320,581.45453,no MS2: SL 30:0;O2|SL 12:0;O/18:0;O,[M+NH4]+,null,1.00,False,7.777,581.45581,C30H61NO6S,SL,TUJRSZOSWLKHSB-UHFFFAOYSA-N,O=C(N(CC(O)CCCCCCCCC)CS(=O)(=O)O)C(O)CCCCCCCCCCCCCCCC,530,False,True,False,Normalized unit: Intensity; Annotation method: Msp20260116160945_NCDK_conventional_converted_dev_1,False,False,56,0,0.00,0.99,null,null,null,-1.00,-1.00,-0.146,479.86,P Sandie 50 Mix 4p4 2xdil 4_GC1_01_66548,581.45514:89730 582.45981:35398 583.46447:7856,null,1578183,1556966,1559215,1404200,1524641.04123438,80856.0992540221
57,30.567,584.50281,no MS2: Cer 38:5;O3|Cer 12:0;O2/26:5;O,[M+H-H2O]+,null,1.00,False,8.606,584.50372,C38H67NO4,Cer_HDS,YKOKEEGMJPEQKO-UHFFFAOYSA-N,O=C(NC(CO)C(O)CCCCCCCCC)C(O)CCCCCCCCC=CCC=CCC=CCC=CCC=CCC,530,False,True,False,Normalized unit: Intensity; Annotation method: Msp20260116160945_NCDK_conventional_converted_dev_1,False,False,57,0,0.00,1.00,null,null,null,-1.00,-1.00,-0.143,486.79,P Sandie 50 Mix 4p4 2xdil 3_GC1_01_66547,584.50378:97070 585.50845:43928 586.51312:10538,null,1003739,1033975,1034310,1115178,1046800.61825,47785.1844390077
58,28.712,585.49866,Unknown,[M+H]+,null,1.00,False,null,null,null,null,null,null,999,False,False,False,Normalized unit: Intensity,False,False,58,0,0.00,null,null,null,null,null,null,null,1087.67,P Sandie 50 Mix 4p4 2xdil 2_GC1_01_66546,585.49866:225780 586.50332:90626 587.50799:18810,null,6099020,5692105,5282733,5469410,5635816.94639062,351228.988540098
59,8.856,588.36371,no MS2: PC 20:0,[M+Na]+,null,1.00,False,6.882,588.36359,C28H56NO8P,PC,FQFCSQCHUFDFJL-UHFFFAOYSA-N,O=C(OCC(OC(=O)CCCC)COP(=O)([O-])OCC[N+](C)(C)C)CCCCCCCCCCCCCC,530,False,True,False,Normalized unit: Intensity; Annotation method: Msp20260116160945_NCDK_conventional_converted_dev_1,False,False,59,0,0.00,1.00,null,null,null,-1.00,-1.00,-0.143,5924.85,P Sandie 50 Mix 4p4 2xdil 2_GC1_01_66546,588.36371:936558 589.36838:279024 590.37304:52794,null,6882409,6706784,6930665,6309649,6707376.93879687,282065.114660134
60,30.967,588.49860,no MS2: Cer 37:4;O4|Cer 13:1;O3/24:3(2OH),[M+H-H2O]+,null,1.00,False,8.523,588.49860,C37H67NO5,Cer_AP,GGNPIEIGNCJILT-UHFFFAOYSA-N,O=C(NC(CO)C(O)C(O)CCCC=CCCCC)C(O)CCCCCCCC=CCC=CCC=CCCCCCCC,530,False,True,False,Normalized unit: Intensity; Annotation method: Msp20260116160945_NCDK_conventional_converted_dev_1,False,False,60,0,0.00,1.00,null,null,null,-1.00,-1.00,-0.143,447.18,P Sandie 50 Mix 4p4 2xdil 4_GC1_01_66548,588.49860:71160 589.50326:28180 590.50793:6414,null,612151,594884,618969,547802,593451.686,32076.8630311647
61,26.588,588.49902,no MS2: Cer 37:4;O4|Cer 13:1;O3/24:3(2OH),[M+H-H2O]+,null,1.00,False,8.523,588.49860,C37H67NO5,Cer_AP,GGNPIEIGNCJILT-UHFFFAOYSA-N,O=C(NC(CO)C(O)C(O)CCCC=CCCCC)C(O)CCCCCCCC=CCC=CCC=CCCCCCCC,530,False,True,False,Normalized unit: Intensity; Annotation method: Msp20260116160945_NCDK_conventional_converted_dev_1,False,False,61,0,0.00,1.00,null,null,null,-1.00,-1.00,-0.144,450.09,P Sandie 50 Mix 4p4 2xdil 3_GC1_01_66547,588.49902:66826 589.50369:27098 590.50836:5780,null,693706,700206,692452,633180,679886.2266875,31322.100978579
62,30.567,589.45831,no MS2: NAGly 33:6;O2|NAGly 9:0;O(FA 24:5),[M+NH4]+,null,1.00,False,7.904,589.45752,C35H57NO5,NAGly,YKQJRUKURBWRJA-UHFFFAOYSA-N,O=C(O)CNC(=O)CCCC(OC(=O)CCCCCCCC=CCC=CCC=CCC=CCC=CCC)CCCC,530,False,True,False,Normalized unit: Intensity; Annotation method: Msp20260116160945_NCDK_conventional_converted_dev_1,False,False,62,0,0.00,0.99,null,null,null,-1.00,-1.00,-0.147,757.09,P Sandie 50 Mix 4p4 2xdil I_GC3_01_66545,589.45831:179884 590.46298:70058 591.46765:14392,null,1597058,1608666,1559404,1849832,1653740.0783125,132408.483074858
63,30.401,591.49481,no MS2: RIKEN P-VS1 ID-5627 from Mouse_AdrenalGlands_WT_N_Ctr,[M+H]+,null,1.00,False,11.480,591.49652,null,Unknown,null,null,530,False,True,False,Normalized unit: Intensity; Annotation method: Msp20260116160945_NCDK_conventional_converted_dev_1,False,False,63,0,0.00,1.00,null,null,null,-1.00,-1.00,-0.129,249.40,P Sandie 50 Mix 4p4 2xdil 4_GC1_01_66548,591.49634:68126 592.50101:25256 593.50567:5526,null,581164,570160,568135,539639,564774.6923125,17707.744192396
64,30.967,593.45325,no MS2: BA 24:1;O4;G/8:0,[M+NH4]+,null,1.00,False,7.380,593.45239,C34H57NO6,GDCAE,CXDAWZGXAOHCNC-UHFFFAOYSA-N,O=C(O)CNC(=O)CCC(C)C1CCC2C3CCC4CC(OC(=O)CCCCCCC)CCC4(C)C3CC(O)C12C,530,False,True,False,Normalized unit: Intensity; Annotation method: Msp20260116160945_NCDK_conventional_converted_dev_1,False,False,64,0,0.00,0.99,null,null,null,-1.00,-1.00,-0.148,457.03,P Sandie 50 Mix 4p4 2xdil 2_GC1_01_66546,593.45325:101470 594.45791:36078 595.46258:17446,null,906940,895257,842726,873347,879567.5595,28233.4385007264
65,26.584,593.45435,no MS2: SL 31:1;O2|SL 12:1;O/19:0;O,[M+NH4]+,null,1.00,False,7.771,593.45581,C31H61NO6S,SL,GOKYMVJWAYZSHR-UHFFFAOYSA-N,O=C(N(CC(O)C=CCCCCCCC)CS(=O)(=O)O)C(O)CCCCCCCCCCCCCCCCC,530,False,True,False,Normalized unit: Intensity; Annotation method: Msp20260116160945_NCDK_conventional_converted_dev_1,False,False,65,0,0.00,0.98,null,null,null,-1.00,-1.00,-0.150,1772.56,P Sandie 50 Mix 4p4 2xdil I_GC3_01_66545,593.45477:333112 594.45944:135830 595.46411:29958,null,4261489,4160668,4059745,3972664,4113641.47832813,124966.460063726
66,11.234,594.41272,no MS2: DMPE 23:0|DMPE 18:0_5:0,[M+H]+,null,1.00,False,7.439,594.41290,C30H60NO8P,DMPE,BIDVNWJRCAHERY-UHFFFAOYSA-N,O=C(OCC(OC(=O)CCCC)COP(=O)(O)OCCN(C)C)CCCCCCCCCCCCCCCCC,530,False,True,False,Normalized unit: Intensity; Annotation method: Msp20260116160945_NCDK_conventional_converted_dev_1,False,False,66,0,0.00,1.00,null,null,null,-1.00,-1.00,-0.143,64324.80,P Sandie 50 Mix 4p4 2xdil 4_GC1_01_66548,594.41272:6646742 595.41739:2357572 596.42206:485284,null,57602684,58598327,60252084,54252659,57676438.5544531,2530581.83190658
67,11.234,594.55048,no MS2: Cer 37:1;O4|Cer 12:1;O3/25:0(2OH),[M+H-H2O]+,null,1.00,False,9.844,594.54559,C37H73NO5,Cer_AP,RUEOUTPJRGEUDQ-UHFFFAOYSA-N,O=C(NC(CO)C(O)C(O)CCCC=CCCC)C(O)CCCCCCCCCCCCCCCCCCCCCCC,530,False,True,False,Normalized unit: Intensity; Annotation method: Msp20260116160945_NCDK_conventional_converted_dev_1,False,False,67,0,0.00,0.84,null,null,null,-1.00,-1.00,-0.224,1372.69,P Sandie 50 Mix 4p4 2xdil 4_GC1_01_66548,594.54913:102038 595.55380:13772 596.55847:1044,null,689034,658861,667605,637518,663254.453921875,21331.9789885598
68,11.234,594.65094,Unknown,[M+H]+,null,1.00,False,null,null,null,null,null,null,999,False,False,False,Normalized unit: Intensity,False,False,68,0,0.00,null,null,null,null,null,null,null,1776.14,P Sandie 50 Mix 4p4 2xdil 2_GC1_01_66546,594.65094:100980 595.65561:11760 596.66028:1312,null,655970,612724,611071,599132,619724.22553125,24910.7628861259
69,11.234,595.00098,Unknown,[M+H]+,null,1.00,False,null,null,null,null,null,null,999,False,False,False,Normalized unit: Intensity,False,False,69,0,0.00,null,null,null,null,null,null,null,1772.08,P Sandie 50 Mix 4p4 2xdil 2_GC1_01_66546,595.00098:218868 596.00564:40390 597.01031:1972,null,1483468,1439388,1410024,1341006,1418471.41290625,59817.1001308168
70,28.651,595.47131,no MS2: SL 31:0;O2|SL 12:0;O/19:0;O,[M+NH4]+,null,1.00,False,8.038,595.47137,C31H63NO6S,SL,NASMRBIRMOZDRH-UHFFFAOYSA-N,O=C(N(CC(O)CCCCCCCCC)CS(=O)(=O)O)C(O)CCCCCCCCCCCCCCCCC,530,False,True,False,Normalized unit: Intensity; Annotation method: Msp20260116160945_NCDK_conventional_converted_dev_1,False,False,70,0,0.00,1.00,null,null,null,-1.00,-1.00,-0.143,1489.50,P Sandie 50 Mix 4p4 2xdil 4_GC1_01_66548,595.47131:324544 596.47598:129570 597.48065:26176,null,10468714,9172953,9484645,8947233,9518386.2601875,670771.302753661
71,32.708,597.54462,Unknown,[M+H]+,null,1.00,False,null,null,null,null,null,null,999,False,False,False,Normalized unit: Intensity,False,False,71,0,0.00,null,null,null,null,null,null,null,5361.19,P Sandie 50 Mix 4p4 2xdil 3_GC1_01_66547,597.54462:1311418 598.54928:517044 599.55395:105216,null,10204303,10437766,10309249,9152793,10026027.7264844,589933.445745071
72,28.696,599.51514,Unknown,[M+H]+,null,0.25,False,null,null,null,null,null,null,999,False,False,False,Normalized unit: Intensity,False,False,72,0,0.00,null,null,null,null,null,null,null,149.60,P Sandie 50 Mix 4p4 2xdil 4_GC1_01_66548,599.51514:62536 600.51980:26434 601.52447:5926,null,1385170,1422168,1339694,1290762,1359448.592,56872.1751395761
73,34.793,607.56647,no MS2: RIKEN P-VS1 ID-5931 from Mouse_Macrophage_WT_N_F1AA,[M+H]+,null,1.00,False,13.200,607.56232,null,Unknown,null,null,530,False,True,False,Normalized unit: Intensity; Annotation method: Msp20260116160945_NCDK_conventional_converted_dev_1,False,False,73,0,0.00,0.89,null,null,null,-1.00,-1.00,-0.178,50952.29,P Sandie 50 Mix 4p4 2xdil 4_GC1_01_66548,607.56525:3502576 608.56991:1508822 609.57458:323844,null,29193315,29668617,28182175,27450621,28623682.1040937,997892.977105492
74,34.793,608.16028,Unknown,[M+H]+,null,1.00,False,null,null,null,null,null,null,999,False,False,False,Normalized unit: Intensity,False,False,74,0,0.00,null,null,null,null,null,null,null,1657.63,P Sandie 50 Mix 4p4 2xdil 3_GC1_01_66547,608.16028:94050 609.16495:10120 610.16961:530,null,525888,535582,493748,480027,508811.270296874,26228.228473764
75,26.323,609.44971,no MS2: DG 34:5,[M+Na]+,null,1.00,False,9.111,609.44891,C37H62O5,DG,ISLIFCNTWVJFNJ-UHFFFAOYSA-N,O=C(OCC(OC(=O)CCCCCCCCCC=CCC=CCC=CCC=CCC=CCC)CO)CCCCCCC,530,False,True,False,Normalized unit: Intensity; Annotation method: Msp20260116160945_NCDK_conventional_converted_dev_1,False,False,75,0,0.00,0.99,null,null,null,-1.00,-1.00,-0.145,270.50,P Sandie 50 Mix 4p4 2xdil 3_GC1_01_66547,609.44952:65914 610.45419:24576 611.45886:6338,null,1053003,1037192,1013228,970868,1018572.5299375,35760.5532246512
76,30.567,611.51379,Unknown,[M+H]+,null,1.00,False,null,null,null,null,null,null,999,False,False,False,Normalized unit: Intensity,False,False,76,0,0.00,null,null,null,null,null,null,null,222.98,P Sandie 50 Mix 4p4 2xdil I_GC3_01_66545,611.51379:78718 612.51846:32280 613.52313:7092,null,843201,775986,769595,876601,816345.696609375,52173.9028859814
77,27.737,612.49896,no MS2: Cer 39:6;O4|Cer 13:1;O3/26:5(2OH),[M+H-H2O]+,null,1.00,False,9.126,612.49860,C39H67NO5,Cer_AP,HPBWSLZHQNQFGH-UHFFFAOYSA-N,O=C(NC(CO)C(O)C(O)CCCC=CCCCC)C(O)CCCCCCCCC=CCC=CCC=CCC=CCC=CCC,530,False,True,False,Normalized unit: Intensity; Annotation method: Msp20260116160945_NCDK_conventional_converted_dev_1,False,False,77,0,0.00,1.00,null,null,null,-1.00,-1.00,-0.143,620.20,P Sandie 50 Mix 4p4 2xdil I_GC3_01_66545,612.49866:117616 613.50332:46784 614.50799:10214,null,1474785,1462692,1461687,1242024,1410297.10379687,112339.821192633
78,32.708,614.57227,no MS2: Cer 37:0;O4|Cer 12:0;O3/25:0(2OH),[M+H]+,null,1.00,False,9.921,614.57178,C37H75NO5,Cer_AP,NUDZJDBCWPEIMF-UHFFFAOYSA-N,O=C(NC(CO)C(O)C(O)CCCCCCCC)C(O)CCCCCCCCCCCCCCCCCCCCCCC,530,False,True,False,Normalized unit: Intensity; Annotation method: Msp20260116160945_NCDK_conventional_converted_dev_1,False,False,78,0,0.00,1.00,null,null,null,-1.00,-1.00,-0.143,91717.64,P Sandie 50 Mix 4p4 2xdil 2_GC1_01_66546,614.57159:6892496 615.57626:3154240 616.58093:652058,null,54903575,56007932,55839581,50708033,54364780.0346563,2485765.13525988
79,32.708,614.70953,Unknown,[M+H]+,null,1.00,False,null,null,null,null,null,null,999,False,False,False,Normalized unit: Intensity,False,False,79,0,0.00,null,null,null,null,null,null,null,2493.36,P Sandie 50 Mix 4p4 2xdil 3_GC1_01_66547,614.70953:125150 615.71420:35386 616.71887:0,null,812174,817352,817559,699723,786702.010843751,58039.3412018166
80,32.708,614.81226,Unknown,[M+H]+,null,1.00,False,null,null,null,null,null,null,999,False,False,False,Normalized unit: Intensity,False,False,80,0,0.00,null,null,null,null,null,null,null,1006.76,P Sandie 50 Mix 4p4 2xdil 3_GC1_01_66547,614.81226:109042 615.81692:34458 616.82159:0,null,741358,765465,763591,677388,736950.370718751,41190.1250825258
81,32.708,615.16840,Unknown,[M+H]+,null,1.00,False,null,null,null,null,null,null,999,False,False,False,Normalized unit: Intensity,False,False,81,0,0.00,null,null,null,null,null,null,null,4282.32,P Sandie 50 Mix 4p4 2xdil 3_GC1_01_66547,615.16840:236296 616.17306:69020 617.17773:3490,null,1511850,1582614,1526777,1332525,1488441.58751563,108314.563585754
82,11.234,616.39453,no MS2: PC 22:0,[M+Na]+,null,1.00,False,7.456,616.39490,C30H60NO8P,PC,ILDZIBMDHOBSCW-UHFFFAOYSA-N,O=C(OCC(OC(=O)CCCC)COP(=O)([O-])OCC[N+](C)(C)C)CCCCCCCCCCCCCCCC,530,False,True,False,Normalized unit: Intensity; Annotation method: Msp20260116160945_NCDK_conventional_converted_dev_1,False,False,82,0,0.00,1.00,null,null,null,-1.00,-1.00,-0.143,4319.73,P Sandie 50 Mix 4p4 2xdil I_GC3_01_66545,616.39496:926724 617.39963:314328 618.40429:63642,null,10328119,10141056,10446942,9523795,10109978.2230781,410571.196493475
83,27.751,617.45428,no MS2: SL 33:3;O2|SL 12:1;O/21:2;O,[M+NH4]+,null,1.00,False,8.250,617.45581,C33H61NO6S,SL,LPEJIKOUUHSBKN-UHFFFAOYSA-N,O=C(N(CC(O)C=CCCCCCCC)CS(=O)(=O)O)C(O)CCCCCCCCC=CCC=CCCCCCC,530,False,True,False,Normalized unit: Intensity; Annotation method: Msp20260116160945_NCDK_conventional_converted_dev_1,False,False,83,0,0.00,0.98,null,null,null,-1.00,-1.00,-0.151,208.93,P Sandie 50 Mix 4p4 2xdil 4_GC1_01_66548,617.45471:90470 618.45938:36654 619.46405:10734,null,1286045,1249559,1247695,1271683,1263745.64232813,18431.1738373853
84,28.660,617.52509,no MS2: VAE 21:0,[M+Na]+,null,1.00,False,14.147,617.52679,C41H70O2,VAE,ANKAJSHLVWFYHS-UHFFFAOYSA-N,O=C(OCC=C(C=CC=C(C=CC1=C(C)CCCC1(C)C)C)C)CCCCCCCCCCCCCCCCCCCC,530,False,True,False,Normalized unit: Intensity; Annotation method: Msp20260116160945_NCDK_conventional_converted_dev_1,False,False,84,0,0.00,1.00,null,null,null,-1.00,-1.00,-0.145,262.46,P Sandie 50 Mix 4p4 2xdil 4_GC1_01_66548,617.52618:112918 618.53085:45684 619.53552:8454,null,2907681,2909998,2826263,2757800,2850435.581875,73008.0339697672
85,27.633,618.50922,no MS2: Cer 38:5;O4|Cer 12:1;O3/26:4(2OH),[M+NH4]+,null,1.00,False,8.709,618.50922,C38H67NO5,Cer_AP,WSDLBQIEAOEGIA-UHFFFAOYSA-N,O=C(NC(CO)C(O)C(O)CCCC=CCCC)C(O)CCCCCCCCCCCC=CCC=CCC=CCC=CCC,530,False,True,False,Normalized unit: Intensity; Annotation method: Msp20260116160945_NCDK_conventional_converted_dev_1,False,False,85,0,0.00,1.00,null,null,null,-1.00,-1.00,-0.143,287.28,P Sandie 50 Mix 4p4 2xdil 2_GC1_01_66546,618.50922:61280 619.51388:24422 620.51855:6036,null,763315,773530,762181,726725,756437.710499999,20455.6264543889
86,27.106,619.47015,no MS2: SL 33:2;O2|SL 12:1;O/21:1;O,[M+NH4]+,null,1.00,False,8.473,619.47137,C33H63NO6S,SL,SBRPSVARNHFUFG-UHFFFAOYSA-N,O=C(N(CC(O)C=CCCCCCCC)CS(=O)(=O)O)C(O)CCCCCCCCC=CCCCCCCCCC,530,False,True,False,Normalized unit: Intensity; Annotation method: Msp20260116160945_NCDK_conventional_converted_dev_1,False,False,86,0,0.00,0.99,null,null,null,-1.00,-1.00,-0.146,450.43,P Sandie 50 Mix 4p4 2xdil 4_GC1_01_66548,619.47064:79746 620.47531:35240 621.47998:7654,null,896208,880315,890071,972721,909828.606343751,42435.7639349725
87,32.778,619.52649,no MS2: DG 34:0,[M+Na]+,null,1.00,False,12.929,619.52722,C37H72O5,DG,SSJMMYPUZPYGQU-UHFFFAOYSA-N,O=C(OCC(OC(=O)CCCCCCC)CO)CCCCCCCCCCCCCCCCCCCCCCCCC,530,False,True,False,Normalized unit: Intensity; Annotation method: Msp20260116160945_NCDK_conventional_converted_dev_1,False,False,87,0,0.00,1.00,null,null,null,-1.00,-1.00,-0.143,3652.98,P Sandie 50 Mix 4p4 2xdil 4_GC1_01_66548,619.52722:723504 620.53189:290770 621.53656:62252,null,6835189,6724317,6866165,6049248,6618729.75393749,384506.889269585
88,32.663,620.53052,no MS2: Cer 38:4;O4|Cer 12:1;O3/26:3(2OH),[M+H]+,null,0.25,False,9.237,620.52490,C38H69NO5,Cer_AP,KMKHIWYQQPZVPC-UHFFFAOYSA-N,O=C(NC(CO)C(O)C(O)CCCC=CCCC)C(O)CCCCCCCCCC=CCC=CCC=CCCCCCCC,530,False,True,False,Normalized unit: Intensity; Annotation method: Msp20260116160945_NCDK_conventional_converted_dev_1,False,False,88,0,0.00,0.66,null,null,null,-1.00,-1.00,-0.311,1567.74,P Sandie 50 Mix 4p4 2xdil I_GC3_01_66545,620.53052:265870 621.53519:60366 622.53985:9916,null,2089281,2155133,2116429,2201097,2140484.88343751,48610.2787557652
89,32.662,621.53333,Unknown,[M+H]+,null,0.50,False,null,null,null,null,null,null,999,False,False,False,Normalized unit: Intensity,False,False,89,0,0.00,null,null,null,null,null,null,null,408.42,P Sandie 50 Mix 4p4 2xdil 3_GC1_01_66547,621.53333:60686 622.53799:9068 623.54266:1092,null,459402,522803,523464,486958,498156.669265625,30958.2145221527
90,14.201,622.44507,no MS2: DMPE 25:0|DMPE 20:0_5:0,[M+H]+,null,1.00,False,7.591,622.44421,C32H64NO8P,DMPE,KMJQEIDGTJZSPO-UHFFFAOYSA-N,O=C(OCC(OC(=O)CCCC)COP(=O)(O)OCCN(C)C)CCCCCCCCCCCCCCCCCCC,530,False,True,False,Normalized unit: Intensity; Annotation method: Msp20260116160945_NCDK_conventional_converted_dev_1,False,False,90,0,0.00,0.99,null,null,null,-1.00,-1.00,-0.146,39673.88,P Sandie 50 Mix 4p4 2xdil 4_GC1_01_66548,622.44495:6463268 623.44961:2418998 624.45428:538520,null,71872254,72914507,72432021,67503265,71180511.496922,2488216.69416561
91,14.201,622.58447,Unknown,[M+H]+,null,0.50,False,null,null,null,null,null,null,999,False,False,False,Normalized unit: Intensity,False,False,91,0,0.00,null,null,null,null,null,null,null,1463.57,P Sandie 50 Mix 4p4 2xdil 3_GC1_01_66547,622.58447:102146 623.58914:14950 624.59381:892,null,856976,819636,791594,757132,806334.431968752,42346.5870816583
92,14.201,622.68835,Unknown,[M+H]+,null,1.00,False,null,null,null,null,null,null,999,False,False,False,Normalized unit: Intensity,False,False,92,0,0.00,null,null,null,null,null,null,null,1698.54,P Sandie 50 Mix 4p4 2xdil 2_GC1_01_66546,622.68835:111348 623.69302:29712 624.69769:0,null,899343,850248,833275,783631,841624.256187502,47744.9260429293
93,14.201,623.04645,Unknown,[M+H]+,null,1.00,False,null,null,null,null,null,null,999,False,False,False,Normalized unit: Intensity,False,False,93,0,0.00,null,null,null,null,null,null,null,2508.42,P Sandie 50 Mix 4p4 2xdil 2_GC1_01_66546,623.04645:209682 624.05112:53122 625.05578:2344,null,1753804,1714503,1658791,1584764,1677965.41904688,73350.2126512747
94,27.642,623.46539,no MS2: DG 35:5,[M+Na]+,null,1.00,False,9.613,623.46460,C38H64O5,DG,BQOIYYTYJIEWIF-UHFFFAOYSA-N,O=C(OCC(OC(=O)CCCCCCCCCC=CCC=CCC=CCC=CCC=CCC)CO)CCCCCCCC,530,False,True,False,Normalized unit: Intensity; Annotation method: Msp20260116160945_NCDK_conventional_converted_dev_1,False,False,94,0,0.00,1.00,null,null,null,-1.00,-1.00,-0.144,1030.75,P Sandie 50 Mix 4p4 2xdil 3_GC1_01_66547,623.46497:217520 624.46963:90066 625.47430:20774,null,2799212,2762057,2754669,2743305,2764810.734,24196.0242458801
95,26.701,625.48016,no MS2: DG 35:4,[M+Na]+,null,1.00,False,10.337,625.48022,C38H66O5,DG,XYBWGQNIADQACM-UHFFFAOYSA-N,O=C(OCC(OC(=O)CCCCCCCCCCCCC=CCC=CCC=CCC=CCC)CO)CCCCCCCC,530,False,True,False,Normalized unit: Intensity; Annotation method: Msp20260116160945_NCDK_conventional_converted_dev_1,False,False,95,0,0.00,1.00,null,null,null,-1.00,-1.00,-0.143,225.38,P Sandie 50 Mix 4p4 2xdil 2_GC1_01_66546,625.48016:74504 626.48483:31866 627.48950:6752,null,1540541,1528340,1538558,1399422,1501715.2926875,68404.7464683542
96,34.762,625.57593,Unknown,[M+H]+,null,1.00,False,null,null,null,null,null,null,999,False,False,False,Normalized unit: Intensity,False,False,96,0,0.00,null,null,null,null,null,null,null,13049.89,P Sandie 50 Mix 4p4 2xdil 4_GC1_01_66548,625.57593:938400 626.58060:392440 627.58526:89518,null,7479017,7440412,7771519,7259765,7487678.19870312,211989.958616299
97,27.981,632.52484,no MS2: Cer 39:5;O4|Cer 13:1;O3/26:4(2OH),[M+H]+,null,1.00,False,9.018,632.52490,C39H69NO5,Cer_AP,GVHMHYYBWFDZGS-UHFFFAOYSA-N,O=C(NC(CO)C(O)C(O)CCCC=CCCCC)C(O)CCCCCCCCCCCC=CCC=CCC=CCC=CCC,530,False,True,False,Normalized unit: Intensity; Annotation method: Msp20260116160945_NCDK_conventional_converted_dev_1,False,False,97,0,0.00,1.00,null,null,null,-1.00,-1.00,-0.143,510.89,P Sandie 50 Mix 4p4 2xdil 2_GC1_01_66546,632.52484:118212 633.52951:51506 634.53418:11298,null,1612954,1598179,1594801,1424767,1557675.37801563,88955.5300890504
98,25.126,634.48071,no MS2: PC O-26:1|PC O-8:0_18:1,[M+H]+,null,1.00,False,7.937,634.48059,C34H68NO7P,EtherPC,AWODWRAAWVAUGL-UHFFFAOYSA-N,O=C(OC(COCCCCCCCC)COP(=O)([O-])OCC[N+](C)(C)C)CCCCCCCC=CCCCCCCCC,530,False,True,False,Normalized unit: Intensity; Annotation method: Msp20260116160945_NCDK_conventional_converted_dev_1,False,False,98,0,0.00,1.00,null,null,null,-1.00,-1.00,-0.143,262.18,P Sandie 50 Mix 4p4 2xdil 3_GC1_01_66547,634.48071:100060 635.48538:41044 636.49005:10326,null,947447,943109,947860,655168,873395.987828125,145501.260303064
99,27.298,635.46521,no MS2: DG 36:6,[M+Na]+,null,1.00,False,9.151,635.46460,C39H64O5,DG,MIZLVTMVPBPVTL-UHFFFAOYSA-N,O=C(OCC(OC(=O)CCCCCCCCC=CCC=CCC=CCC=CCC=CCC=CCC)CO)CCCCCCC,530,False,True,False,Normalized unit: Intensity; Annotation method: Msp20260116160945_NCDK_conventional_converted_dev_1,False,False,99,0,0.00,1.00,null,null,null,-1.00,-1.00,-0.143,277.69,P Sandie 50 Mix 4p4 2xdil 2_GC1_01_66546,635.46466:80984 636.46933:33406 637.47400:14848,null,673517,674230,662171,745561,688869.871156251,38195.492591423
100,36.441,635.59747,Unknown,[M+H]+,null,0.25,False,null,null,null,null,null,null,999,False,False,False,Normalized unit: Intensity,False,False,100,0,0.00,null,null,null,null,null,null,null,609.39,P Sandie 50 Mix 4p4 2xdil 4_GC1_01_66548,635.59747:81208 636.60214:35558 637.60681:8794,null,298544,307400,303139,278256,296834.945000001,12903.003593029
101,27.977,637.48016,no MS2: RIKEN P-VS1 ID-6532 from Mouse_Feces_WT_N_Ctr,[M+H]+,null,1.00,False,9.690,637.47961,null,Unknown,null,null,530,False,True,False,Normalized unit: Intensity; Annotation method: Msp20260116160945_NCDK_conventional_converted_dev_1,False,False,101,0,0.00,1.00,null,null,null,-1.00,-1.00,-0.130,1281.26,P Sandie 50 Mix 4p4 2xdil 2_GC1_01_66546,637.48016:342056 638.48483:145088 639.48950:31698,null,5297780,5221660,5205362,4856850,5145413.0351875,196546.474132195
102,27.738,639.50958,no MS2: SE 28:4/15:1,[M+Na]+,null,0.75,False,13.605,639.51123,C43H68O2,DEGSE,YXBVSESTAZDFLB-UHFFFAOYSA-N,O=C(OC1CC2=CC=C3C(=CCC4(C)C3CCC4C(C=CC(C)C(C)C)C)C2(C)CC1)CCCCCCCC=CCCCCC,530,False,True,False,Normalized unit: Intensity; Annotation method: Msp20260116160945_NCDK_conventional_converted_dev_1,False,False,102,0,0.00,0.98,null,null,null,-1.00,-1.00,-0.152,258.36,P Sandie 50 Mix 4p4 2xdil 3_GC1_01_66547,639.51001:84438 640.51468:35910 641.51935:8892,null,775752,752213,730329,730706,747249.9078125,21579.790199004
103,38.745,640.60327,no MS2: SE 28:2/15:0,[M+NH4]+,null,1.00,False,14.512,640.60272,C43H74O2,BRSE,CYVYXFRHNWNKJU-UHFFFAOYSA-N,O=C(OC1CC2=CCC3C(CCC4(C)C(CCC34)C(C=CC(C)C(C)C)C)C2(C)CC1)CCCCCCCCCCCCCC,530,False,True,False,Normalized unit: Intensity; Annotation method: Msp20260116160945_NCDK_conventional_converted_dev_1,False,False,103,0,0.00,1.00,null,null,null,-1.00,-1.00,-0.143,410.25,P Sandie 50 Mix 4p4 2xdil 2_GC1_01_66546,640.60284:101822 641.60751:45666 642.61218:11406,null,372787,386582,359342,329815,362131.57171875,24245.3222904187
104,32.765,641.58221,no MS2: NAGly 36:1;O2|NAGly 8:0;O(FA 28:0),[M+NH4]+,null,1.00,False,11.737,641.58270,C38H73NO5,NAGly,PPSRXUPCRPPAKT-UHFFFAOYSA-N,O=C(O)CNC(=O)CCCC(OC(=O)CCCCCCCCCCCCCCCCCCCCCCCCCCC)CCC,530,False,True,False,Normalized unit: Intensity; Annotation method: Msp20260116160945_NCDK_conventional_converted_dev_1,False,False,104,0,0.00,1.00,null,null,null,-1.00,-1.00,-0.143,1126.29,P Sandie 50 Mix 4p4 2xdil 4_GC1_01_66548,641.58276:208822 642.58743:84706 643.59210:19496,null,2854306,1605854,1676180,2717795,2213533.82779687,664051.309310394
105,34.758,642.60260,no MS2: Cer 39:0;O4|Cer 12:0;O3/27:0(2OH),[M+H]+,null,1.00,False,10.890,642.60309,C39H79NO5,Cer_AP,UVJIZYHAMUHMSR-UHFFFAOYSA-N,O=C(NC(CO)C(O)C(O)CCCCCCCC)C(O)CCCCCCCCCCCCCCCCCCCCCCCCC,530,False,True,False,Normalized unit: Intensity; Annotation method: Msp20260116160945_NCDK_conventional_converted_dev_1,False,False,105,0,0.00,1.00,null,null,null,-1.00,-1.00,-0.144,35104.12,P Sandie 50 Mix 4p4 2xdil 4_GC1_01_66548,642.60260:7790136 643.60727:3592510 644.61194:800120,null,59747638,60469889,62220811,56884092,59830607.2349218,2221905.47760768
106,39.537,642.61768,no MS2: SE 28:1/15:0,[M+NH4]+,null,1.00,False,14.419,642.61841,C43H76O2,CASE,VYXJXPORGYLSCM-UHFFFAOYSA-N,O=C(OC1CC2=CCC3C(CCC4(C)C(CCC34)C(C)CCC(C)C(C)C)C2(C)CC1)CCCCCCCCCCCCCC,530,False,True,False,Normalized unit: Intensity; Annotation method: Msp20260116160945_NCDK_conventional_converted_dev_1,False,False,106,0,0.00,1.00,null,null,null,-1.00,-1.00,-0.143,470.08,P Sandie 50 Mix 4p4 2xdil 2_GC1_01_66546,642.61823:134930 643.62289:59872 644.62756:14822,null,557172,602540,558560,505190,555865.357765628,39814.1630069931
107,34.758,642.74371,Unknown,[M+2H]2+,null,1.00,False,null,null,null,null,null,null,999,False,False,False,Normalized unit: Intensity,False,False,107,0,0.00,null,null,null,null,null,null,null,1131.08,P Sandie 50 Mix 4p4 2xdil 4_GC1_01_66548,642.74371:136474 643.74838:34612 644.75305:2174,null,949959,950407,958638,867251,931563.856359374,43060.3711278666
108,34.758,642.85065,Unknown,[M+H]+,null,1.00,False,null,null,null,null,null,null,999,False,False,False,Normalized unit: Intensity,False,False,108,0,0.00,null,null,null,null,null,null,null,1065.88,P Sandie 50 Mix 4p4 2xdil 3_GC1_01_66547,642.85065:132120 643.85531:42758 644.85998:0,null,872402,883827,877047,843986,869315.457796874,17525.7835720198
109,34.758,644.21710,Unknown,[M+H]+,null,1.00,False,null,null,null,null,null,null,999,False,False,False,Normalized unit: Intensity,False,False,109,0,0.00,null,null,null,null,null,null,null,1422.89,P Sandie 50 Mix 4p4 2xdil 4_GC1_01_66548,644.21710:76160 645.22177:3658 646.22644:1318,null,456542,440132,458116,443019,449452.4028125,9193.60635613232
110,14.201,644.42688,no MS2: NAGlySer 31:8;O2|NAGlySer 15:3;O(FA 16:4),[M+NH4]+,null,1.00,False,6.732,644.42688,C36H54N2O7,NAGlySer,MUDNWOQRRAVHJM-UHFFFAOYSA-N,O=C(OC(C=CCC=CCC=CCC)CCCC(=O)NCC(=O)NC(C(=O)O)CO)CCC=CCC=CCC=CCC=CCC,530,False,True,False,Normalized unit: Intensity; Annotation method: Msp20260116160945_NCDK_conventional_converted_dev_1,False,False,110,0,0.00,1.00,null,null,null,-1.00,-1.00,-0.143,7361.28,P Sandie 50 Mix 4p4 2xdil 3_GC1_01_66547,644.42688:1110670 645.43155:376764 646.43622:77822,null,13684228,13840157,13953231,12637479,13528773.7758281,604344.279557867
111,33.159,645.55988,no MS2: SE 28:4/17:1,[M+H]+,null,0.75,False,14.333,645.56049,C45H72O2,DEGSE,PWVHPMJHUOHTEN-UHFFFAOYSA-N,O=C(OC1CC2=CC=C3C(=CCC4(C)C3CCC4C(C=CC(C)C(C)C)C)C2(C)CC1)CCCCCCCC=CCCCCCCC,530,False,True,False,Normalized unit: Intensity; Annotation method: Msp20260116160945_NCDK_conventional_converted_dev_1,False,False,111,0,0.00,1.00,null,null,null,-1.00,-1.00,-0.143,452.63,P Sandie 50 Mix 4p4 2xdil 3_GC1_01_66547,645.56049:61840 646.56515:30530 647.56982:8252,null,546282,534918,540040,489159,527599.686734375,26045.0934011994
112,35.746,645.56000,no MS2: SE 28:4/17:1,[M+H]+,null,1.00,False,14.333,645.56049,C45H72O2,DEGSE,PWVHPMJHUOHTEN-UHFFFAOYSA-N,O=C(OC1CC2=CC=C3C(=CCC4(C)C3CCC4C(C=CC(C)C(C)C)C)C2(C)CC1)CCCCCCCC=CCCCCCCC,530,False,True,False,Normalized unit: Intensity; Annotation method: Msp20260116160945_NCDK_conventional_converted_dev_1,False,False,112,0,0.00,1.00,null,null,null,-1.00,-1.00,-0.143,1061.03,P Sandie 50 Mix 4p4 2xdil 2_GC1_01_66546,645.56079:139142 646.56546:66770 647.57013:139690,null,937463,940303,950405,810328,909624.495734378,66430.3767780334
113,34.832,647.55945,no MS2: RIKEN P-VS1 ID-6769 from Mouse_Macrophage_WT_N_F1,[M+H]+,null,1.00,False,13.200,647.55670,null,Unknown,null,null,530,False,True,False,Normalized unit: Intensity; Annotation method: Msp20260116160945_NCDK_conventional_converted_dev_1,False,False,113,0,0.00,0.99,null,null,null,-1.00,-1.00,-0.135,4666.44,P Sandie 50 Mix 4p4 2xdil 4_GC1_01_66548,647.55780:669716 648.56247:287016 649.56714:60762,null,7077539,6647996,6623862,6403867,6688315.97734372,281771.856909238
114,35.750,647.57507,no MS2: SE 28:4/17:0,[M+H]+,null,1.00,False,14.344,647.57617,C45H74O2,DEGSE,SMBKRNCNALQNLI-UHFFFAOYSA-N,O=C(OC1CC2=CC=C3C(=CCC4(C)C3CCC4C(C=CC(C)C(C)C)C)C2(C)CC1)CCCCCCCCCCCCCCCC,530,False,True,False,Normalized unit: Intensity; Annotation method: Msp20260116160945_NCDK_conventional_converted_dev_1,False,False,114,0,0.00,1.00,null,null,null,-1.00,-1.00,-0.143,602.17,P Sandie 50 Mix 4p4 2xdil 3_GC1_01_66547,647.57648:144584 648.58114:63928 649.58581:15880,null,1039306,992254,1049361,925641,1001640.61353125,56450.3266783022
115,30.131,649.56696,Unknown,[M+H]+,null,1.00,False,null,null,null,null,null,null,999,False,False,False,Normalized unit: Intensity,False,False,115,0,0.00,null,null,null,null,null,null,null,462.06,P Sandie 50 Mix 4p4 2xdil 4_GC1_01_66548,649.56696:145836 650.57162:69704 651.57629:16870,null,1896440,1951741,2013913,1280713,1785701.6615625,340061.85004942
116,38.984,649.59290,no MS2: SE 28:3/17:0,[M+H]+,null,1.00,False,14.427,649.59180,C45H76O2,EGSE,VGUZMPDGGYQYST-UHFFFAOYSA-N,O=C(OC1CC2=CC=C3C(CCC4(C)C3CCC4C(C=CC(C)C(C)C)C)C2(C)CC1)CCCCCCCCCCCCCCCC,530,False,True,False,Normalized unit: Intensity; Annotation method: Msp20260116160945_NCDK_conventional_converted_dev_1,False,False,116,0,0.00,0.99,null,null,null,-1.00,-1.00,-0.149,344.29,P Sandie 50 Mix 4p4 2xdil I_GC3_01_66545,649.59283:100510 650.59750:50458 651.60217:11136,null,777382,834805,774231,745414,782958.086265625,37438.2396915618
117,36.490,649.59320,no MS2: SE 28:3/17:0,[M+H]+,null,1.00,False,14.427,649.59180,C45H76O2,EGSE,VGUZMPDGGYQYST-UHFFFAOYSA-N,O=C(OC1CC2=CC=C3C(CCC4(C)C3CCC4C(C=CC(C)C(C)C)C)C2(C)CC1)CCCCCCCCCCCCCCCC,530,False,True,False,Normalized unit: Intensity; Annotation method: Msp20260116160945_NCDK_conventional_converted_dev_1,False,False,117,0,0.00,1.00,null,null,null,-1.00,-1.00,-0.143,289.90,P Sandie 50 Mix 4p4 2xdil 4_GC1_01_66548,649.59180:95454 650.59646:48122 651.60113:10334,null,777998,767737,771181,715660,758143.9881875,28641.929712446
118,17.489,650.47552,no MS2: DMPE 27:0|DMPE 22:0_5:0,[M+H]+,null,1.00,False,8.318,650.47552,C34H68NO8P,DMPE,UEFONBQBHFDUCB-UHFFFAOYSA-N,O=C(OCC(OC(=O)CCCC)COP(=O)(O)OCCN(C)C)CCCCCCCCCCCCCCCCCCCCC,530,False,True,False,Normalized unit: Intensity; Annotation method: Msp20260116160945_NCDK_conventional_converted_dev_1,False,False,118,0,0.00,1.00,null,null,null,-1.00,-1.00,-0.143,20179.95,P Sandie 50 Mix 4p4 2xdil 2_GC1_01_66546,650.47552:6328242 651.48019:2421522 652.48486:516358,null,77357926,77996930,76778979,71911833,76011416.9648125,2777954.42079356
119,17.484,650.61816,Unknown,[M+2H]2+,null,0.25,False,null,null,null,null,null,null,999,False,False,False,Normalized unit: Intensity,False,False,119,0,0.00,null,null,null,null,null,null,null,1275.59,P Sandie 50 Mix 4p4 2xdil 2_GC1_01_66546,650.61816:99818 651.62283:14330 652.62750:1070,null,864355,864578,830641,739723,824824.142015625,58932.4590590991
120,17.485,650.72253,Unknown,[M+H]+,null,1.00,False,null,null,null,null,null,null,999,False,False,False,Normalized unit: Intensity,False,False,120,0,0.00,null,null,null,null,null,null,null,1193.78,P Sandie 50 Mix 4p4 2xdil 4_GC1_01_66548,650.72253:101476 651.72720:20222 652.73187:1180,null,910710,918013,935595,810731,893762.281578125,56330.9119198865
121,35.117,652.56720,no MS2: Cer 43:6;O3|Cer 13:0;O2/30:6;O,[M+H-H2O]+,null,0.25,False,11.304,652.56628,C43H75NO4,Cer_HDS,DMJUDTKDLVBNRJ-UHFFFAOYSA-N,O=C(NC(CO)C(O)CCCCCCCCCC)C(O)CCCCCCCCCC=CCC=CCC=CCC=CCC=CCC=CCC,530,False,True,False,Normalized unit: Intensity; Annotation method: Msp20260116160945_NCDK_conventional_converted_dev_1,False,False,121,0,0.00,0.99,null,null,null,-1.00,-1.00,-0.148,352.16,P Sandie 50 Mix 4p4 2xdil I_GC3_01_66545,652.56720:60718 653.57187:28624 654.57654:5946,null,381671,385245,361961,439951,392207.090640626,33435.1539671815
122,29.630,653.51276,no MS2: DG 37:4,[M+Na]+,null,0.75,False,11.366,653.51147,C40H70O5,DG,YJGVANUOFAPRNQ-UHFFFAOYSA-N,O=C(OCC(OC(=O)CCCCCCCCCCCCCCC=CCC=CCC=CCC=CCC)CO)CCCCCCCC,530,False,True,False,Normalized unit: Intensity; Annotation method: Msp20260116160945_NCDK_conventional_converted_dev_1,False,False,122,0,0.00,1.00,null,null,null,-1.00,-1.00,-0.145,247.14,P Sandie 50 Mix 4p4 2xdil 2_GC1_01_66546,653.51202:72584 654.51669:31024 655.52136:6944,null,1210057,1219976,1252465,929873,1153092.83171875,149911.058962724
123,32.769,655.59796,no MS2: NAGly 37:1;O2|NAGly 9:0;O(FA 28:0),[M+NH4]+,null,1.00,False,12.485,655.59839,C39H75NO5,NAGly,RTPCJAFNLXOFFU-UHFFFAOYSA-N,O=C(O)CNC(=O)CCCC(OC(=O)CCCCCCCCCCCCCCCCCCCCCCCCCCC)CCCC,530,False,True,False,Normalized unit: Intensity; Annotation method: Msp20260116160945_NCDK_conventional_converted_dev_1,False,False,123,0,0.00,1.00,null,null,null,-1.00,-1.00,-0.143,323.72,P Sandie 50 Mix 4p4 2xdil 3_GC1_01_66547,655.59833:51484 656.60300:22212 657.60766:4382,null,782324,740276,456418,717293,674077.556609373,147583.721210523
124,27.977,659.53577,no MS2: BA 24:1;O3;G/14:1,[M+NH4]+,null,1.00,False,8.544,659.53571,C40H67NO5,GLCAE,XZGJZFIVVPJEIM-UHFFFAOYSA-N,O=C(O)CNC(=O)CCC(C)C1CCC2C3CCC4CC(OC(=O)CCCCCCCC=CCCCC)CCC4(C)C3CCC12C,530,False,True,False,Normalized unit: Intensity; Annotation method: Msp20260116160945_NCDK_conventional_converted_dev_1,False,False,124,0,0.00,1.00,null,null,null,-1.00,-1.00,-0.143,672.84,P Sandie 50 Mix 4p4 2xdil 3_GC1_01_66547,659.53571:121440 660.54037:51724 661.54504:13296,null,2014516,1945777,1980382,1846867,1946885.56020313,72343.6352862191
125,28.189,663.45422,no MS2: RIKEN P-VS1 ID-7082 from Mouse_Macrophage_WT_N_F1AA,[M+H]+,null,0.25,False,9.900,663.45538,null,Unknown,null,null,530,False,True,False,Normalized unit: Intensity; Annotation method: Msp20260116160945_NCDK_conventional_converted_dev_1,False,False,125,0,0.00,0.98,null,null,null,-1.00,-1.00,-0.135,282.13,P Sandie 50 Mix 4p4 2xdil 3_GC1_01_66547,663.45422:106252 664.45889:49814 665.46356:12270,null,99624,1416798,184476,204786,476421.160374999,628570.519157121
126,27.511,663.45483,no MS2: RIKEN P-VS1 ID-7082 from Mouse_Macrophage_WT_N_F1AA,[M+H]+,null,1.00,False,9.900,663.45538,null,Unknown,null,null,530,False,True,False,Normalized unit: Intensity; Annotation method: Msp20260116160945_NCDK_conventional_converted_dev_1,False,False,126,0,0.00,1.00,null,null,null,-1.00,-1.00,-0.129,4208.59,P Sandie 50 Mix 4p4 2xdil 4_GC1_01_66548,663.45532:1174334 664.45999:522846 665.46466:130884,null,10338053,11299533,10922003,11506470,11016514.968125,512964.563686786
127,33.159,663.57056,no MS2: RIKEN P-VS1 ID-7095 from Mouse_Muscle_WT_CTX0_Ctr,[M+H]+,null,0.75,False,12.100,663.56897,null,Unknown,null,null,530,False,True,False,Normalized unit: Intensity; Annotation method: Msp20260116160945_NCDK_conventional_converted_dev_1,False,False,127,0,0.00,0.97,null,null,null,-1.00,-1.00,-0.141,317.18,P Sandie 50 Mix 4p4 2xdil 2_GC1_01_66546,663.57056:86974 664.57522:43226 665.57989:11644,null,853100,856234,847707,748293,826333.459562497,52145.8363133522
128,35.746,663.57056,no MS2: RIKEN P-VS1 ID-7095 from Mouse_Muscle_WT_CTX0_Ctr,[M+H]+,null,1.00,False,12.100,663.56897,null,Unknown,null,null,530,False,True,False,Normalized unit: Intensity; Annotation method: Msp20260116160945_NCDK_conventional_converted_dev_1,False,False,128,0,0.00,0.97,null,null,null,-1.00,-1.00,-0.141,1917.26,P Sandie 50 Mix 4p4 2xdil 4_GC1_01_66548,663.57056:589696 664.57522:284900 665.57989:69810,null,3716228,3809441,3895889,3213903,3658865.2729844,305578.623825289
129,36.460,663.57068,no MS2: RIKEN P-VS1 ID-7095 from Mouse_Muscle_WT_CTX0_Ctr,[M+H]+,null,1.00,False,12.100,663.56897,null,Unknown,null,null,530,False,True,False,Normalized unit: Intensity; Annotation method: Msp20260116160945_NCDK_conventional_converted_dev_1,False,False,129,0,0.00,0.97,null,null,null,-1.00,-1.00,-0.143,11245.10,P Sandie 50 Mix 4p4 2xdil 4_GC1_01_66548,663.57068:2740676 664.57535:1385024 665.58001:339988,null,15311342,15502240,15921405,14155834,15222705.3766563,755511.000957196
130,38.405,664.60388,no MS2: SE 28:2/17:2,[M+NH4]+,null,1.00,False,14.133,664.60272,C45H74O2,BRSE,YNGVKVHZBTYWFJ-UHFFFAOYSA-N,O=C(OC1CC2=CCC3C(CCC4(C)C(CCC34)C(C=CC(C)C(C)C)C)C2(C)CC1)CCCCCCCC=CCC=CCCCC,530,False,True,False,Normalized unit: Intensity; Annotation method: Msp20260116160945_NCDK_conventional_converted_dev_1,False,False,130,0,0.00,1.00,null,null,null,-1.00,-1.00,-0.144,2527.17,P Sandie 50 Mix 4p4 2xdil 2_GC1_01_66546,664.60315:882210 665.60782:416120 666.61248:101668,null,3927303,4292273,3801591,3463385,3871138.06257814,342349.172275191
131,36.786,665.58655,no MS2: RIKEN P-VS1 ID-7146 from Mouse_AdrenalGlands_WT_N_Ctr,[M+H]+,null,1.00,False,13.320,665.59119,null,Unknown,null,null,530,False,True,False,Normalized unit: Intensity; Annotation method: Msp20260116160945_NCDK_conventional_converted_dev_1,False,False,131,0,0.00,0.86,null,null,null,-1.00,-1.00,-0.190,1177.30,P Sandie 50 Mix 4p4 2xdil I_GC3_01_66545,665.58759:300280 666.59225:152374 667.59692:35998,null,2472178,2452968,2549485,2297835,2443116.2469375,105455.635353272
132,37.191,665.58698,no MS2: RIKEN P-VS1 ID-7146 from Mouse_AdrenalGlands_WT_N_Ctr,[M+H]+,null,1.00,False,13.320,665.59119,null,Unknown,null,null,530,False,True,False,Normalized unit: Intensity; Annotation method: Msp20260116160945_NCDK_conventional_converted_dev_1,False,False,132,0,0.00,0.90,null,null,null,-1.00,-1.00,-0.172,722.42,P Sandie 50 Mix 4p4 2xdil I_GC3_01_66545,665.58820:198472 666.59286:98700 667.59753:29290,null,1522196,1563880,1568679,1394393,1512287.0429375,81320.4091649777
133,38.989,666.61963,no MS2: SE 28:2/17:1,[M+NH4]+,null,1.00,False,14.759,666.61841,C45H76O2,BRSE,KZVQJMDFHGPLAH-UHFFFAOYSA-N,O=C(OC1CC2=CCC3C(CCC4(C)C(CCC34)C(C=CC(C)C(C)C)C)C2(C)CC1)CCCCCCCC=CCCCCCCC,530,False,True,False,Normalized unit: Intensity; Annotation method: Msp20260116160945_NCDK_conventional_converted_dev_1,False,False,133,0,0.00,0.99,null,null,null,-1.00,-1.00,-0.146,49788.46,P Sandie 50 Mix 4p4 2xdil I_GC3_01_66545,666.61920:10115410 667.62387:5803128 668.62854:1296456,null,71720866,77786561,72618096,70384401,73127480.97025,3238804.00412522
134,38.989,666.76294,Unknown,[M+2H]2+,null,1.00,False,null,null,null,null,null,null,999,False,False,False,Normalized unit: Intensity,False,False,134,0,0.00,null,null,null,null,null,null,null,1773.30,P Sandie 50 Mix 4p4 2xdil 3_GC1_01_66547,666.76294:209578 667.76761:104296 668.77227:6632,null,1285876,1398947,1246214,1217684,1287180.27028125,79585.6259721412
135,38.989,666.87225,Unknown,[M+H]+,null,1.00,False,null,null,null,null,null,null,999,False,False,False,Normalized unit: Intensity,False,False,135,0,0.00,null,null,null,null,null,null,null,1328.45,P Sandie 50 Mix 4p4 2xdil 3_GC1_01_66547,666.87225:171072 667.87692:107064 668.88159:8800,null,1081585,1173039,1097622,1040028,1098068.32498438,55561.1417731169
136,38.989,666.98901,Unknown,[M+H]+,null,1.00,False,null,null,null,null,null,null,999,False,False,False,Normalized unit: Intensity,False,False,136,0,0.00,null,null,null,null,null,null,null,618.09,P Sandie 50 Mix 4p4 2xdil 3_GC1_01_66547,666.98901:70878 667.99368:20360 668.99835:2208,null,343100,395947,341280,337501,354457.182765625,27758.2109072647
137,37.557,667.60352,no MS2: NAGly 38:2;O2|NAGly 10:0;O(FA 28:1),[M+NH4]+,null,1.00,False,11.893,667.59839,C40H75NO5,NAGly,NAZXLVPOOFRITQ-UHFFFAOYSA-N,O=C(O)CNC(=O)CCCCCC(OC(=O)CCCCCCCCCCCCCCCCCC=CCCCCCCCC)CCC,530,False,True,False,Normalized unit: Intensity; Annotation method: Msp20260116160945_NCDK_conventional_converted_dev_1,False,False,137,0,0.00,0.78,null,null,null,-1.00,-1.00,-0.255,538.78,P Sandie 50 Mix 4p4 2xdil 4_GC1_01_66548,667.60315:139834 668.60782:67572 669.61248:16616,null,853166,858383,838451,772065,830516.157781249,39870.9037499973
138,39.694,668.63562,no MS2: SE 28:2/17:0,[M+NH4]+,null,1.00,False,14.709,668.63397,C45H78O2,BRSE,JRHOHGAECXXOMB-UHFFFAOYSA-N,O=C(OC1CC2=CCC3C(CCC4(C)C(CCC34)C(C=CC(C)C(C)C)C)C2(C)CC1)CCCCCCCCCCCCCCCC,530,False,True,False,Normalized unit: Intensity; Annotation method: Msp20260116160945_NCDK_conventional_converted_dev_1,False,False,138,0,0.00,1.00,null,null,null,-1.00,-1.00,-0.143,62562.62,P Sandie 50 Mix 4p4 2xdil I_GC3_01_66545,668.63403:4262984 669.63870:2194650 670.64337:495496,null,43286554,46967582,44531407,42182539,44242020.7454688,2054816.38013641
139,39.694,668.77924,Unknown,[M+2H]2+,null,1.00,False,null,null,null,null,null,null,999,False,False,False,Normalized unit: Intensity,False,False,139,0,0.00,null,null,null,null,null,null,null,810.92,P Sandie 50 Mix 4p4 2xdil 3_GC1_01_66547,668.77924:96524 669.78390:29454 670.78857:2332,null,748263,803596,707950,734229,748509.661531251,40346.3845200694
140,39.694,668.88428,Unknown,[M+H]+,null,1.00,False,null,null,null,null,null,null,999,False,False,False,Normalized unit: Intensity,False,False,140,0,0.00,null,null,null,null,null,null,null,612.54,P Sandie 50 Mix 4p4 2xdil 3_GC1_01_66547,668.88428:85794 669.88895:30260 670.89361:1666,null,654206,728606,663627,644552,672747.834656251,38044.455961941
141,38.405,669.55927,no MS2: SE 28:4/17:0,[M+Na]+,null,1.00,False,14.344,669.55811,C45H74O2,DEGSE,SMBKRNCNALQNLI-UHFFFAOYSA-N,O=C(OC1CC2=CC=C3C(=CCC4(C)C3CCC4C(C=CC(C)C(C)C)C)C2(C)CC1)CCCCCCCCCCCCCCCC,530,False,True,False,Normalized unit: Intensity; Annotation method: Msp20260116160945_NCDK_conventional_converted_dev_1,False,False,141,0,0.00,1.00,null,null,null,-1.00,-1.00,-0.144,611.27,P Sandie 50 Mix 4p4 2xdil I_GC3_01_66545,669.55859:129748 670.56326:62758 671.56793:20398,null,700029,841469,711448,663401,729086.711578127,77674.2624498593
142,34.819,669.61499,no MS2: NAGly 38:1;O2|NAGly 10:0;O(FA 28:0),[M+NH4]+,null,1.00,False,12.373,669.61401,C40H77NO5,NAGly,JPEJTVAOJATUIU-UHFFFAOYSA-N,O=C(O)CNC(=O)CCCCCC(OC(=O)CCCCCCCCCCCCCCCCCCCCCCCCCCC)CCC,530,False,True,False,Normalized unit: Intensity; Annotation method: Msp20260116160945_NCDK_conventional_converted_dev_1,False,False,142,0,0.00,1.00,null,null,null,-1.00,-1.00,-0.144,1510.19,P Sandie 50 Mix 4p4 2xdil 4_GC1_01_66548,669.61353:192244 670.61819:90690 671.62286:21306,null,2854501,1806583,2749963,2851272,2565579.96217188,508320.372633858
143,36.438,670.63428,no MS2: Cer 41:0;O4|Cer 12:0;O3/29:0(2OH),[M+H]+,null,1.00,False,12.642,670.63440,C41H83NO5,Cer_AP,BOJNERMWPCTWPY-UHFFFAOYSA-N,O=C(NC(CO)C(O)C(O)CCCCCCCC)C(O)CCCCCCCCCCCCCCCCCCCCCCCCCCC,530,False,True,False,Normalized unit: Intensity; Annotation method: Msp20260116160945_NCDK_conventional_converted_dev_1,False,False,143,0,0.00,1.00,null,null,null,-1.00,-1.00,-0.143,1206.41,P Sandie 50 Mix 4p4 2xdil 4_GC1_01_66548,670.63428:257940 671.63895:114602 672.64361:25510,null,829480,829703,871271,796453,831726.560062504,30643.7642278728
144,38.989,671.57404,no MS2: SE 28:3/17:0,[M+Na]+,null,1.00,False,14.427,671.57379,C45H76O2,EGSE,VGUZMPDGGYQYST-UHFFFAOYSA-N,O=C(OC1CC2=CC=C3C(CCC4(C)C3CCC4C(C=CC(C)C(C)C)C)C2(C)CC1)CCCCCCCCCCCCCCCC,530,False,True,False,Normalized unit: Intensity; Annotation method: Msp20260116160945_NCDK_conventional_converted_dev_1,False,False,144,0,0.00,1.00,null,null,null,-1.00,-1.00,-0.143,3178.07,P Sandie 50 Mix 4p4 2xdil I_GC3_01_66545,671.57404:475286 672.57870:230174 673.58337:53848,null,4372147,4474980,4248925,4437106,4383289.73070313,99131.8185055569
145,38.223,671.57800,no MS2: SE 28:4/19:2,[M+H]+,null,1.00,False,14.218,671.57617,C47H74O2,DEGSE,ZJTNNWFGVBBRTO-UHFFFAOYSA-N,O=C(OC1CC2=CC=C3C(=CCC4(C)C3CCC4C(C=CC(C)C(C)C)C)C2(C)CC1)CCCCCCCC=CCC=CCCCCCC,530,False,True,False,Normalized unit: Intensity; Annotation method: Msp20260116160945_NCDK_conventional_converted_dev_1,False,False,145,0,0.00,0.99,null,null,null,-1.00,-1.00,-0.150,2902.78,P Sandie 50 Mix 4p4 2xdil 2_GC1_01_66546,671.57733:458996 672.58200:233464 673.58667:57936,null,3015022,3311742,3090749,2869421,3071733.54434376,184492.423692875
146,17.489,672.45752,no MS2: PC 26:0,[M+Na]+,null,1.00,False,8.173,672.45752,C34H68NO8P,PC,GVHACYORHXGAEG-UHFFFAOYSA-N,O=C(OCC(OC(=O)CCCC)COP(=O)([O-])OCC[N+](C)(C)C)CCCCCCCCCCCCCCCCCCCC,530,False,True,False,Normalized unit: Intensity; Annotation method: Msp20260116160945_NCDK_conventional_converted_dev_1,False,False,146,0,0.00,1.00,null,null,null,-1.00,-1.00,-0.143,5642.33,P Sandie 50 Mix 4p4 2xdil 2_GC1_01_66546,672.45752:1079840 673.46219:400536 674.46686:83224,null,14765744,14878610,15001468,13512810,14539658.1377031,691300.12162528
147,37.378,672.57202,no MS2: RIKEN P-VS1 ID-7297 from Mouse_Feces_WT_N_Ctr,[M+H]+,null,1.00,False,9.330,672.57373,null,Unknown,null,null,530,False,True,False,Normalized unit: Intensity; Annotation method: Msp20260116160945_NCDK_conventional_converted_dev_1,False,False,147,0,0.00,0.99,null,null,null,-1.00,-1.00,-0.133,447.37,P Sandie 50 Mix 4p4 2xdil I_GC3_01_66545,672.57281:90750 673.57748:44382 674.58215:11282,null,342077,359837,342969,307670,338138.373328122,21893.6796571089
148,39.668,673.58972,no MS2: VAE 25:0,[M+Na]+,null,1.00,False,14.642,673.58942,C45H78O2,VAE,HJYFPBYXTPMOIB-UHFFFAOYSA-N,O=C(OCC=C(C=CC=C(C=CC1=C(C)CCCC1(C)C)C)C)CCCCCCCCCCCCCCCCCCCCCCCC,530,False,True,False,Normalized unit: Intensity; Annotation method: Msp20260116160945_NCDK_conventional_converted_dev_1,False,False,148,0,0.00,1.00,null,null,null,-1.00,-1.00,-0.143,2229.12,P Sandie 50 Mix 4p4 2xdil I_GC3_01_66545,673.58972:339946 674.59439:161342 675.59906:39998,null,4154170,4216776,4031335,4376701,4194745.57946875,143692.322329289
149,36.427,675.59119,no MS2: DG 38:0,[M+Na]+,null,0.50,False,13.027,675.58978,C41H80O5,DG,YGGDDXLAKUKIBF-UHFFFAOYSA-N,O=C(OCC(OC(=O)CCCCCCC)CO)CCCCCCCCCCCCCCCCCCCCCCCCCCCCC,530,False,True,False,Normalized unit: Intensity; Annotation method: Msp20260116160945_NCDK_conventional_converted_dev_1,False,False,149,0,0.00,0.98,null,null,null,-1.00,-1.00,-0.153,295.81,P Sandie 50 Mix 4p4 2xdil 2_GC1_01_66546,675.59113:82384 676.59579:36690 677.60046:9398,null,312729,322272,306221,321644,315716.609281251,7685.36468378294
150,20.799,678.50665,no MS2: DMPE 29:0|DMPE 24:0_5:0,[M+H]+,null,1.00,False,8.668,678.50677,C36H72NO8P,DMPE,QPDHMTGOUFFHHI-UHFFFAOYSA-N,O=C(OCC(OC(=O)CCCC)COP(=O)(O)OCCN(C)C)CCCCCCCCCCCCCCCCCCCCCCC,530,False,True,False,Normalized unit: Intensity; Annotation method: Msp20260116160945_NCDK_conventional_converted_dev_1,False,False,150,0,0.00,1.00,null,null,null,-1.00,-1.00,-0.143,19716.24,P Sandie 50 Mix 4p4 2xdil 2_GC1_01_66546,678.50665:5733386 679.51132:2320556 680.51599:543098,null,77165313,76678715,77979431,72224543,76012000.5850782,2581359.97247874
151,20.803,678.65216,Unknown,[M+2H]2+,null,1.00,False,null,null,null,null,null,null,999,False,False,False,Normalized unit: Intensity,False,False,151,0,0.00,null,null,null,null,null,null,null,475.69,P Sandie 50 Mix 4p4 2xdil 2_GC1_01_66546,678.65216:86510 679.65683:15016 680.66150:1058,null,788397,759025,744128,697692,747310.294750001,37848.1313561377
152,20.799,678.75848,Unknown,[M+H]+,null,1.00,False,null,null,null,null,null,null,999,False,False,False,Normalized unit: Intensity,False,False,152,0,0.00,null,null,null,null,null,null,null,1376.16,P Sandie 50 Mix 4p4 2xdil 2_GC1_01_66546,678.75848:93570 679.76315:17898 680.76782:1384,null,873847,845737,857705,816726,848503.675250001,24113.8426591316
153,33.557,679.56543,no MS2: SL 37:0;O2|SL 12:0;O/25:0;O,[M+NH4]+,null,1.00,False,9.618,679.56531,C37H75NO6S,SL,HRKHLLMYVHITRH-UHFFFAOYSA-N,O=C(N(CC(O)CCCCCCCCC)CS(=O)(=O)O)C(O)CCCCCCCCCCCCCCCCCCCCCCC,530,False,True,False,Normalized unit: Intensity; Annotation method: Msp20260116160945_NCDK_conventional_converted_dev_1,False,False,153,0,0.00,1.00,null,null,null,-1.00,-1.00,-0.143,309.90,P Sandie 50 Mix 4p4 2xdil 2_GC1_01_66546,679.56543:120212 680.57010:59488 681.57477:15908,null,1760680,1771839,1768961,1642114,1735898.51489062,62701.6703724004
154,34.194,679.56598,no MS2: SL 37:0;O2|SL 12:0;O/25:0;O,[M+NH4]+,null,0.25,False,9.618,679.56531,C37H75NO6S,SL,HRKHLLMYVHITRH-UHFFFAOYSA-N,O=C(N(CC(O)CCCCCCCCC)CS(=O)(=O)O)C(O)CCCCCCCCCCCCCCCCCCCCCCC,530,False,True,False,Normalized unit: Intensity; Annotation method: Msp20260116160945_NCDK_conventional_converted_dev_1,False,False,154,0,0.00,1.00,null,null,null,-1.00,-1.00,-0.145,494.22,P Sandie 50 Mix 4p4 2xdil 3_GC1_01_66547,679.56598:159528 680.57065:75570 681.57531:20414,null,1407540,1414880,1504237,1381821,1427119.25890624,53330.0450279762
155,28.782,679.57916,Unknown,[M+H]+,null,0.75,False,null,null,null,null,null,null,999,False,False,False,Normalized unit: Intensity,False,False,155,0,0.00,null,null,null,null,null,null,null,226.54,P Sandie 50 Mix 4p4 2xdil 3_GC1_01_66547,679.57782:55580 680.58249:25184 681.58716:6922,null,762227,763498,777377,558691,715448.222437499,104729.748112041
156,27.511,680.48120,no MS2: RIKEN P-VS1 ID-7491 from Mouse_Macrophage_WT_N_F1AA,[M+H]+,null,1.00,False,9.910,680.48163,null,Unknown,null,null,530,False,True,False,Normalized unit: Intensity; Annotation method: Msp20260116160945_NCDK_conventional_converted_dev_1,False,False,156,0,0.00,1.00,null,null,null,-1.00,-1.00,-0.129,2462.19,P Sandie 50 Mix 4p4 2xdil 4_GC1_01_66548,680.48181:734020 681.48648:353326 682.49115:87132,null,7107183,7315197,7563391,7321744,7326878.61704688,186518.1847371
157,35.746,680.59875,no MS2: Cer 45:6;O3|Cer 13:0;O2/32:6;O,[M+H-H2O]+,null,1.00,False,12.094,680.59760,C45H79NO4,Cer_HDS,IMKVRXPFYIJVDT-UHFFFAOYSA-N,O=C(NC(CO)C(O)CCCCCCCCCC)C(O)CCCCCCCCCCCC=CCC=CCC=CCC=CCC=CCC=CCC,530,False,True,False,Normalized unit: Intensity; Annotation method: Msp20260116160945_NCDK_conventional_converted_dev_1,False,False,157,0,0.00,1.00,null,null,null,-1.00,-1.00,-0.144,2155.65,P Sandie 50 Mix 4p4 2xdil 4_GC1_01_66548,680.59717:708188 681.60184:358704 682.60650:87624,null,4562947,4630365,4586890,3889147,4417337.1977969,353231.098424148
158,39.381,680.63446,no MS2: SE 28:2/18:1,[M+NH4]+,null,0.25,False,14.736,680.63397,C46H78O2,BRSE,CGYFMWDHSCHCSL-UHFFFAOYSA-N,O=C(OC1CC2=CCC3C(CCC4(C)C(CCC34)C(C=CC(C)C(C)C)C)C2(C)CC1)CCCCCCCC=CCCCCCCCC,530,False,True,False,Normalized unit: Intensity; Annotation method: Msp20260116160945_NCDK_conventional_converted_dev_1,False,False,158,0,0.00,1.00,null,null,null,-1.00,-1.00,-0.144,288.21,P Sandie 50 Mix 4p4 2xdil 3_GC1_01_66547,680.63446:65794 681.63913:31944 682.64380:8286,null,412254,444623,402196,359708,404695.288921875,35030.8302262476
159,33.152,681.58099,Unknown,[M+H]+,null,1.00,False,null,null,null,null,null,null,999,False,False,False,Normalized unit: Intensity,False,False,159,0,0.00,null,null,null,null,null,null,null,562.32,P Sandie 50 Mix 4p4 2xdil 3_GC1_01_66547,681.58099:169172 682.58566:80784 683.59033:20516,null,1345423,1359703,1395717,1214193,1328758.93459375,79255.0801443702
160,37.191,682.61414,no MS2: Cer 45:5;O3|Cer 13:0;O2/32:5;O,[M+H-H2O]+,null,1.00,False,12.237,682.61328,C45H81NO4,Cer_HDS,GYCYIPZNYODISX-UHFFFAOYSA-N,O=C(NC(CO)C(O)CCCCCCCCCC)C(O)CCCCCCCCCCCCCCC=CCC=CCC=CCC=CCC=CCC,530,False,True,False,Normalized unit: Intensity; Annotation method: Msp20260116160945_NCDK_conventional_converted_dev_1,False,False,160,0,0.00,1.00,null,null,null,-1.00,-1.00,-0.143,7905.78,P Sandie 50 Mix 4p4 2xdil 4_GC1_01_66548,682.61346:1571418 683.61813:847338 684.62280:231264,null,7216208,7583559,7196228,6773232,7192306.76665629,331304.600778107
161,36.790,682.61456,no MS2: Cer 45:5;O3|Cer 13:0;O2/32:5;O,[M+H-H2O]+,null,1.00,False,12.237,682.61328,C45H81NO4,Cer_HDS,GYCYIPZNYODISX-UHFFFAOYSA-N,O=C(NC(CO)C(O)CCCCCCCCCC)C(O)CCCCCCCCCCCCCCC=CCC=CCC=CCC=CCC=CCC,530,False,True,False,Normalized unit: Intensity; Annotation method: Msp20260116160945_NCDK_conventional_converted_dev_1,False,False,161,0,0.00,1.00,null,null,null,-1.00,-1.00,-0.143,970.22,P Sandie 50 Mix 4p4 2xdil 4_GC1_01_66548,682.61316:214318 683.61783:111194 684.62249:26258,null,1141985,1117870,1112626,1008560,1095260.11053125,59197.084602992
162,34.823,683.63043,no MS2: NAGly 39:1;O2|NAGly 11:0;O(FA 28:0),[M+NH4]+,null,1.00,False,13.004,683.62970,C41H79NO5,NAGly,VLHNZSQCINXSOW-UHFFFAOYSA-N,O=C(O)CNC(=O)CCCCCC(OC(=O)CCCCCCCCCCCCCCCCCCCCCCCCCCC)CCCC,530,False,True,False,Normalized unit: Intensity; Annotation method: Msp20260116160945_NCDK_conventional_converted_dev_1,False,False,162,0,0.00,1.00,null,null,null,-1.00,-1.00,-0.144,467.81,P Sandie 50 Mix 4p4 2xdil 3_GC1_01_66547,683.63025:67612 684.63492:29548 685.63958:6800,null,886896,876104,862960,867566,873381.56103125,10527.5394388534
163,37.552,684.62970,no MS2: Cer 45:4;O3|Cer 13:0;O2/32:4;O,[M+H-H2O]+,null,1.00,False,12.951,684.62891,C45H83NO4,Cer_HDS,MMCKNJGGLAFKBU-UHFFFAOYSA-N,O=C(NC(CO)C(O)CCCCCCCCCC)C(O)CCCCCCCCCCCCCCCCCC=CCC=CCC=CCC=CCC,530,False,True,False,Normalized unit: Intensity; Annotation method: Msp20260116160945_NCDK_conventional_converted_dev_1,False,False,163,0,0.00,0.99,null,null,null,-1.00,-1.00,-0.146,5370.10,P Sandie 50 Mix 4p4 2xdil 3_GC1_01_66547,684.62970:469552 685.63437:221076 686.63904:56766,null,2489391,2604596,2509323,2357349,2490164.68160937,101820.356770174
164,27.511,685.43677,no MS2: SM 32:7;O2,[M+Na]+,null,1.00,False,6.300,685.43158,C37H63N2O6P,SM,XKTXCUCZGOGZTL-UHFFFAOYSA-N,O=C(NC(COP(=O)([O-])OCC[N+](C)(C)C)C(O)C=CCCC=CCCC)CCCC=CCC=CCC=CCC=CCC=CCC,530,False,True,False,Normalized unit: Intensity; Annotation method: Msp20260116160945_NCDK_conventional_converted_dev_1,False,False,164,0,0.00,0.80,null,null,null,-1.00,-1.00,-0.245,830.31,P Sandie 50 Mix 4p4 2xdil 2_GC1_01_66546,685.43622:215664 686.44089:94522 687.44555:22242,null,2224759,2345714,2239134,2247444,2264262.69978125,55103.4971511171
165,36.455,685.55292,no MS2: SL 39:3;O|SL 13:1;O/26:2,[M+NH4]+,null,1.00,False,9.476,685.55481,C39H73NO5S,SL,WPBKTIFSQZDBPN-UHFFFAOYSA-N,O=C(N(CC(O)C=CCCCCCCCC)CS(=O)(=O)O)CCCCCCCCCCCCCC=CCC=CCCCCCCC,530,False,True,False,Normalized unit: Intensity; Annotation method: Msp20260116160945_NCDK_conventional_converted_dev_1,False,False,165,0,0.00,1.00,null,null,null,-1.00,-1.00,-0.143,3043.48,P Sandie 50 Mix 4p4 2xdil I_GC3_01_66545,685.55487:452098 686.55954:218870 687.56421:56940,null,3775738,3977522,4009284,3844663,3901801.88128126,110216.032199768
166,37.748,686.58752,no MS2: RIKEN P-VS1 ID-7651 from Mouse_Plasma_ApoEKO_N_F1DHA,[M+H]+,null,1.00,False,13.920,686.58899,null,Unknown,null,null,530,False,True,False,Normalized unit: Intensity; Annotation method: Msp20260116160945_NCDK_conventional_converted_dev_1,False,False,166,0,0.00,0.99,null,null,null,-1.00,-1.00,-0.132,2756.93,P Sandie 50 Mix 4p4 2xdil I_GC3_01_66545,686.58813:364398 687.59280:190168 688.59747:47544,null,3322165,3597825,3322126,3029454,3317892.45651563,232088.415194835
167,35.885,687.56952,no MS2: SL 39:2;O|SL 12:1;O/27:1,[M+NH4]+,null,1.00,False,10.758,687.57037,C39H75NO5S,SL,CBWSNIPGEHXIIN-UHFFFAOYSA-N,O=C(N(CC(O)C=CCCCCCCC)CS(=O)(=O)O)CCCCCCCCCCCCCCC=CCCCCCCCCCC,530,False,True,False,Normalized unit: Intensity; Annotation method: Msp20260116160945_NCDK_conventional_converted_dev_1,False,False,167,0,0.00,1.00,null,null,null,-1.00,-1.00,-0.143,1713.51,P Sandie 50 Mix 4p4 2xdil I_GC3_01_66545,687.57013:279888 688.57480:135770 689.57946:33336,null,3223022,3299109,3235044,3129749,3221731.06364062,69826.1220987954
168,37.191,687.56976,no MS2: SL 39:2;O|SL 12:1;O/27:1,[M+NH4]+,null,1.00,False,10.758,687.57037,C39H75NO5S,SL,CBWSNIPGEHXIIN-UHFFFAOYSA-N,O=C(N(CC(O)C=CCCCCCCC)CS(=O)(=O)O)CCCCCCCCCCCCCCC=CCCCCCCCCCC,530,False,True,False,Normalized unit: Intensity; Annotation method: Msp20260116160945_NCDK_conventional_converted_dev_1,False,False,168,0,0.00,1.00,null,null,null,-1.00,-1.00,-0.143,1577.12,P Sandie 50 Mix 4p4 2xdil I_GC3_01_66545,687.57025:313712 688.57492:149616 689.57959:41888,null,1845709,1993399,1916377,1785084,1885142.23532813,89929.2413974191
169,36.786,687.57001,no MS2: SL 39:2;O|SL 12:1;O/27:1,[M+NH4]+,null,1.00,False,10.758,687.57037,C39H75NO5S,SL,CBWSNIPGEHXIIN-UHFFFAOYSA-N,O=C(N(CC(O)C=CCCCCCCC)CS(=O)(=O)O)CCCCCCCCCCCCCCC=CCCCCCCCCCC,530,False,True,False,Normalized unit: Intensity; Annotation method: Msp20260116160945_NCDK_conventional_converted_dev_1,False,False,169,0,0.00,1.00,null,null,null,-1.00,-1.00,-0.143,733.93,P Sandie 50 Mix 4p4 2xdil I_GC3_01_66545,687.57025:162550 688.57492:79930 689.57959:20616,null,1505153,1544515,1506297,1431257,1496805.49339063,47372.7379567236
170,38.549,688.60321,no MS2: SE 28:2/19:4,[M+NH4]+,null,1.00,False,13.944,688.60272,C47H74O2,BRSE,ZNKOFJNOJYEHQU-UHFFFAOYSA-N,O=C(OC1CC2=CCC3C(CCC4(C)C(CCC34)C(C=CC(C)C(C)C)C)C2(C)CC1)CCCCCC=CCC=CCC=CCC=CCC,530,False,True,False,Normalized unit: Intensity; Annotation method: Msp20260116160945_NCDK_conventional_converted_dev_1,False,False,170,0,0.00,1.00,null,null,null,-1.00,-1.00,-0.144,1461.71,P Sandie 50 Mix 4p4 2xdil I_GC3_01_66545,688.60315:240802 689.60782:125056 690.61248:98390,null,2767863,3043791,2817932,2467662,2774312.23917188,237063.510940886
171,38.218,688.60498,no MS2: SE 28:2/19:4,[M+NH4]+,null,1.00,False,13.944,688.60272,C47H74O2,BRSE,ZNKOFJNOJYEHQU-UHFFFAOYSA-N,O=C(OC1CC2=CCC3C(CCC4(C)C(CCC34)C(C=CC(C)C(C)C)C)C2(C)CC1)CCCCCC=CCC=CCC=CCC=CCC,530,False,True,False,Normalized unit: Intensity; Annotation method: Msp20260116160945_NCDK_conventional_converted_dev_1,False,False,171,0,0.00,0.97,null,null,null,-1.00,-1.00,-0.158,70075.07,P Sandie 50 Mix 4p4 2xdil 2_GC1_01_66546,688.60443:12054380 689.60910:8919524 690.61377:2156128,null,78213972,83766379,80570748,75728142,79569810.0036565,3425871.30597965
172,38.218,688.75061,Unknown,[M+2H]2+,null,1.00,False,null,null,null,null,null,null,999,False,False,False,Normalized unit: Intensity,False,False,172,0,0.00,null,null,null,null,null,null,null,2441.44,P Sandie 50 Mix 4p4 2xdil 3_GC1_01_66547,688.75061:275252 689.75528:157234 690.75995:10594,null,1401577,1519586,1436362,1360535,1429515.24070313,67573.3695492037
173,38.218,688.86285,Unknown,[M+H]+,null,1.00,False,null,null,null,null,null,null,999,False,False,False,Normalized unit: Intensity,False,False,173,0,0.00,null,null,null,null,null,null,null,1473.87,P Sandie 50 Mix 4p4 2xdil 3_GC1_01_66547,688.86285:210160 689.86752:141382 690.87219:11896,null,1176818,1260720,1202373,1141780,1195422.8485,50118.9708861042
174,38.223,688.99249,Unknown,[M+H]+,null,1.00,False,null,null,null,null,null,null,999,False,False,False,Normalized unit: Intensity,False,False,174,0,0.00,null,null,null,null,null,null,null,1056.51,P Sandie 50 Mix 4p4 2xdil 3_GC1_01_66547,688.99249:127990 689.99716:25770 691.00183:0,null,492596,566522,509384,458737,506809.641578127,45038.0677533764
175,36.542,689.58490,no MS2: RIKEN P-VS1 ID-7710 from Mouse_Plasma_ApoEKO_N_F1DHA,[M+H]+,null,1.00,False,13.650,689.58600,null,Unknown,null,null,530,False,True,False,Normalized unit: Intensity; Annotation method: Msp20260116160945_NCDK_conventional_converted_dev_1,False,False,175,0,0.00,1.00,null,null,null,-1.00,-1.00,-0.131,906.36,P Sandie 50 Mix 4p4 2xdil I_GC3_01_66545,689.58533:147518 690.58999:70122 691.59466:17456,null,989328,1004141,974229,954653,980587.791390623,21167.6334006356
176,37.557,689.58545,no MS2: RIKEN P-VS1 ID-7710 from Mouse_Plasma_ApoEKO_N_F1DHA,[M+H]+,null,1.00,False,13.650,689.58600,null,Unknown,null,null,530,False,True,False,Normalized unit: Intensity; Annotation method: Msp20260116160945_NCDK_conventional_converted_dev_1,False,False,176,0,0.00,1.00,null,null,null,-1.00,-1.00,-0.129,670.30,P Sandie 50 Mix 4p4 2xdil I_GC3_01_66545,689.58612:94604 690.59079:48668 691.59546:11626,null,763026,801360,726519,706684,749397.180359374,41768.4209682097
177,38.566,690.61792,no MS2: SE 28:2/19:3,[M+NH4]+,null,1.00,False,14.517,690.61841,C47H76O2,BRSE,YTEYFXJGUXEGQA-UHFFFAOYSA-N,O=C(OC1CC2=CCC3C(CCC4(C)C(CCC34)C(C=CC(C)C(C)C)C)C2(C)CC1)CCCCCCCCC=CCC=CCC=CCC,530,False,True,False,Normalized unit: Intensity; Annotation method: Msp20260116160945_NCDK_conventional_converted_dev_1,False,False,177,0,0.00,1.00,null,null,null,-1.00,-1.00,-0.143,838.51,P Sandie 50 Mix 4p4 2xdil 2_GC1_01_66546,690.61835:171052 691.62301:96252 692.62768:28394,null,769414,885788,818008,709227,795608.958609376,74793.212365942
178,38.753,690.61908,no MS2: SE 28:2/19:3,[M+NH4]+,null,1.00,False,14.517,690.61841,C47H76O2,BRSE,YTEYFXJGUXEGQA-UHFFFAOYSA-N,O=C(OC1CC2=CCC3C(CCC4(C)C(CCC34)C(C=CC(C)C(C)C)C)C2(C)CC1)CCCCCCCCC=CCC=CCC=CCC,530,False,True,False,Normalized unit: Intensity; Annotation method: Msp20260116160945_NCDK_conventional_converted_dev_1,False,False,178,0,0.00,1.00,null,null,null,-1.00,-1.00,-0.143,1282.55,P Sandie 50 Mix 4p4 2xdil 2_GC1_01_66546,690.61853:241246 691.62320:124066 692.62787:30470,null,1141236,1229051,1121924,991084,1120823.7358125,98257.1569054289
179,37.744,691.54315,no MS2: RIKEN P-VS1 ID-7759 from Mouse_Ear_fads2KO_N_Ctr,[M+H]+,null,1.00,False,8.140,691.54327,null,Unknown,null,null,530,False,True,False,Normalized unit: Intensity; Annotation method: Msp20260116160945_NCDK_conventional_converted_dev_1,False,False,179,0,0.00,1.00,null,null,null,-1.00,-1.00,-0.129,601.55,P Sandie 50 Mix 4p4 2xdil 4_GC1_01_66548,691.54327:98164 692.54794:49266 693.55261:15150,null,769322,928141,806112,753915,814372.594671875,78943.6247450591
180,38.410,691.61493,Unknown,[M+H]+,null,1.00,False,null,null,null,null,null,null,999,False,False,False,Normalized unit: Intensity,False,False,180,0,0.00,null,null,null,null,null,null,null,725.39,P Sandie 50 Mix 4p4 2xdil 3_GC1_01_66547,691.61493:213274 692.61960:108852 693.62426:26986,null,890744,882902,913565,804106,872829.327874996,47625.9036864566
181,38.218,693.55914,no MS2: SE 28:4/19:2,[M+Na]+,null,1.00,False,14.218,693.55811,C47H74O2,DEGSE,ZJTNNWFGVBBRTO-UHFFFAOYSA-N,O=C(OC1CC2=CC=C3C(=CCC4(C)C3CCC4C(C=CC(C)C(C)C)C)C2(C)CC1)CCCCCCCC=CCC=CCCCCCC,530,False,True,False,Normalized unit: Intensity; Annotation method: Msp20260116160945_NCDK_conventional_converted_dev_1,False,False,181,0,0.00,0.99,null,null,null,-1.00,-1.00,-0.146,2728.46,P Sandie 50 Mix 4p4 2xdil 2_GC1_01_66546,693.55884:501616 694.56351:263894 695.56817:61846,null,4574728,4977410,4652148,4660754,4716259.83695313,178346.270890688
182,39.002,693.63025,Unknown,[M+H]+,null,1.00,False,null,null,null,null,null,null,999,False,False,False,Normalized unit: Intensity,False,False,182,0,0.00,null,null,null,null,null,null,null,7361.89,P Sandie 50 Mix 4p4 2xdil I_GC3_01_66545,693.63025:422476 694.63492:222592 695.63958:53248,null,5566437,5799644,5477973,5616166,5615055.18260938,135682.697910889
183,31.381,695.56104,no MS2: DG 40:4,[M+H]+,null,1.00,False,12.801,695.55847,C43H76O5,DG,VKHXVQHJSQUHDB-UHFFFAOYSA-N,O=C(OCC(OC(=O)CCCCCCCCCCCCCCCCCCC=CCC=CCC=CCC=CCC)CO)CCCCCCC,530,False,True,False,Normalized unit: Intensity; Annotation method: Msp20260116160945_NCDK_conventional_converted_dev_1,False,False,183,0,0.00,0.97,null,null,null,-1.00,-1.00,-0.157,587.17,P Sandie 50 Mix 4p4 2xdil 2_GC1_01_66546,695.56012:106548 696.56479:50366 697.56946:15624,null,998328,1008405,1023521,862322,973143.937171873,74603.5401906366
184,39.633,695.64545,Unknown,[M+H]+,null,1.00,False,null,null,null,null,null,null,999,False,False,False,Normalized unit: Intensity,False,False,184,0,0.00,null,null,null,null,null,null,null,2973.69,P Sandie 50 Mix 4p4 2xdil 3_GC1_01_66547,695.64545:421476 696.65011:212856 697.65478:52144,null,1864163,2128582,1815230,1945869,1938461.16712499,137727.981732031
185,39.764,695.64648,Unknown,[M+H]+,null,1.00,False,null,null,null,null,null,null,999,False,False,False,Normalized unit: Intensity,False,False,185,0,0.00,null,null,null,null,null,null,null,2629.20,P Sandie 50 Mix 4p4 2xdil 3_GC1_01_66547,695.64648:343590 696.65115:170484 697.65582:43042,null,1708138,1860757,1925585,1655369,1787462.31629688,126742.439082775
186,35.111,696.59174,no MS2: Cer 45:6;O4|Cer 13:1;O3/32:5(2OH),[M+H-H2O]+,null,1.00,False,12.035,696.59253,C45H79NO5,Cer_AP,LSTVUEMPZUXCSH-UHFFFAOYSA-N,O=C(NC(CO)C(O)C(O)CCCC=CCCCC)C(O)CCCCCCCCCCCCCCC=CCC=CCC=CCC=CCC=CCC,530,False,True,False,Normalized unit: Intensity; Annotation method: Msp20260116160945_NCDK_conventional_converted_dev_1,False,False,186,0,0.00,1.00,null,null,null,-1.00,-1.00,-0.144,777.89,P Sandie 50 Mix 4p4 2xdil 3_GC1_01_66547,696.59290:186564 697.59756:89162 698.60223:84556,null,1800602,1852620,1903631,1636488,1798335.12895313,115807.055010529
187,33.562,696.59204,no MS2: Cer 45:6;O4|Cer 13:1;O3/32:5(2OH),[M+H-H2O]+,null,1.00,False,12.035,696.59253,C45H79NO5,Cer_AP,LSTVUEMPZUXCSH-UHFFFAOYSA-N,O=C(NC(CO)C(O)C(O)CCCC=CCCCC)C(O)CCCCCCCCCCCCCCC=CCC=CCC=CCC=CCC=CCC,530,False,True,False,Normalized unit: Intensity; Annotation method: Msp20260116160945_NCDK_conventional_converted_dev_1,False,False,187,0,0.00,1.00,null,null,null,-1.00,-1.00,-0.143,2569.84,P Sandie 50 Mix 4p4 2xdil I_GC3_01_66545,696.59253:397274 697.59720:196468 698.60186:51750,null,4894559,4930966,4835335,4434408,4773816.9973125,229679.123764914
188,34.206,696.59229,no MS2: Cer 45:6;O4|Cer 13:1;O3/32:5(2OH),[M+H-H2O]+,null,1.00,False,12.035,696.59253,C45H79NO5,Cer_AP,LSTVUEMPZUXCSH-UHFFFAOYSA-N,O=C(NC(CO)C(O)C(O)CCCC=CCCCC)C(O)CCCCCCCCCCCCCCC=CCC=CCC=CCC=CCC=CCC,530,False,True,False,Normalized unit: Intensity; Annotation method: Msp20260116160945_NCDK_conventional_converted_dev_1,False,False,188,0,0.00,1.00,null,null,null,-1.00,-1.00,-0.143,783.58,P Sandie 50 Mix 4p4 2xdil 2_GC1_01_66546,696.59229:246886 697.59695:118438 698.60162:34138,null,2307687,2275262,2302250,2020460,2226414.76848438,138033.385725915
189,35.106,698.60504,no MS2: RIKEN P-VS1 ID-7928 from Mouse_AdrenalGlands_fads2KO_N_Ctr,[M+H]+,null,1.00,False,13.140,698.60577,null,Unknown,null,null,530,False,True,False,Normalized unit: Intensity; Annotation method: Msp20260116160945_NCDK_conventional_converted_dev_1,False,False,189,0,0.00,1.00,null,null,null,-1.00,-1.00,-0.131,466.09,P Sandie 50 Mix 4p4 2xdil 3_GC1_01_66547,698.60645:84556 699.61111:37532 700.61578:9808,null,1029126,1020918,1038612,944603,1008314.51260938,43085.3295980904
190,33.949,698.60760,no MS2: RIKEN P-VS1 ID-7928 from Mouse_AdrenalGlands_fads2KO_N_Ctr,[M+H]+,null,1.00,False,13.140,698.60577,null,Unknown,null,null,530,False,True,False,Normalized unit: Intensity; Annotation method: Msp20260116160945_NCDK_conventional_converted_dev_1,False,False,190,0,0.00,0.98,null,null,null,-1.00,-1.00,-0.139,920.12,P Sandie 50 Mix 4p4 2xdil 2_GC1_01_66546,698.60730:165480 699.61197:78248 700.61664:20172,null,1671703,1736313,1742565,1578193,1682193.25876562,76375.8604386785
191,33.135,698.60785,no MS2: RIKEN P-VS1 ID-7928 from Mouse_AdrenalGlands_fads2KO_N_Ctr,[M+H]+,null,1.00,False,13.140,698.60577,null,Unknown,null,null,530,False,True,False,Normalized unit: Intensity; Annotation method: Msp20260116160945_NCDK_conventional_converted_dev_1,False,False,191,0,0.00,0.97,null,null,null,-1.00,-1.00,-0.141,1456.07,P Sandie 50 Mix 4p4 2xdil 2_GC1_01_66546,698.60742:241560 699.61209:119002 700.61676:28500,null,2304345,2296159,2335850,2095487,2257960.06951562,109658.741839436
192,36.729,698.60883,no MS2: Cer 45:5;O4|Cer 13:1;O3/32:4(2OH),[M+H-H2O]+,null,1.00,False,12.285,698.60822,C45H81NO5,Cer_AP,KIOIIZLWLIMLQP-UHFFFAOYSA-N,O=C(NC(CO)C(O)C(O)CCCC=CCCCC)C(O)CCCCCCCCCCCCCCCCCC=CCC=CCC=CCC=CCC,530,False,True,False,Normalized unit: Intensity; Annotation method: Msp20260116160945_NCDK_conventional_converted_dev_1,False,False,192,0,0.00,1.00,null,null,null,-1.00,-1.00,-0.144,1741.44,P Sandie 50 Mix 4p4 2xdil 2_GC1_01_66546,698.60876:404108 699.61343:192922 700.61810:50300,null,1713140,1744889,1709477,1548374,1678969.75484375,88504.1375006938
193,35.746,698.60925,no MS2: Cer 45:5;O4|Cer 13:1;O3/32:4(2OH),[M+H-H2O]+,null,1.00,False,12.285,698.60822,C45H81NO5,Cer_AP,KIOIIZLWLIMLQP-UHFFFAOYSA-N,O=C(NC(CO)C(O)C(O)CCCC=CCCCC)C(O)CCCCCCCCCCCCCCCCCC=CCC=CCC=CCC=CCC,530,False,True,False,Normalized unit: Intensity; Annotation method: Msp20260116160945_NCDK_conventional_converted_dev_1,False,False,193,0,0.00,1.00,null,null,null,-1.00,-1.00,-0.144,4144.66,P Sandie 50 Mix 4p4 2xdil 2_GC1_01_66546,698.60858:692444 699.61325:338096 700.61792:89446,null,5659038,5739716,5692039,4770861,5465413.30839064,464217.795898882
194,32.234,699.53223,no MS2: BA 24:1;O4;G/16:3,[M+NH4]+,null,1.00,False,7.339,699.53070,C42H67NO6,GDCAE,QIVHNFJHEGDBSV-UHFFFAOYSA-N,O=C(O)CNC(=O)CCC(C)C1CCC2C3CCC4CC(OC(=O)CCCCCC=CCC=CCC=CCC)CCC4(C)C3CC(O)C12C,530,False,True,False,Normalized unit: Intensity; Annotation method: Msp20260116160945_NCDK_conventional_converted_dev_1,False,False,194,0,0.00,0.99,null,null,null,-1.00,-1.00,-0.147,407.53,P Sandie 50 Mix 4p4 2xdil 2_GC1_01_66546,699.53162:96896 700.53628:47206 701.54095:30416,null,901099,882979,925154,838170,886850.564453125,36764.949612819
195,20.803,700.48834,no MS2: PC 28:0,[M+Na]+,null,1.00,False,8.322,700.48877,C36H72NO8P,PC,ZSAAJXQMYINYJW-UHFFFAOYSA-N,O=C(OCC(OC(=O)CCCC)COP(=O)([O-])OCC[N+](C)(C)C)CCCCCCCCCCCCCCCCCCCCCC,530,False,True,False,Normalized unit: Intensity; Annotation method: Msp20260116160945_NCDK_conventional_converted_dev_1,False,False,195,0,0.00,1.00,null,null,null,-1.00,-1.00,-0.143,6429.92,P Sandie 50 Mix 4p4 2xdil 4_GC1_01_66548,700.48895:1029580 701.49362:398816 702.49829:85178,null,15680959,15782870,15877648,14409356,15437708.1283594,690256.769692895
196,37.953,700.60278,no MS2: RIKEN P-VS1 ID-7984 from Mouse_Feces_WT_N_Ctr,[M+H]+,null,1.00,False,10.210,700.60413,null,Unknown,null,null,530,False,True,False,Normalized unit: Intensity; Annotation method: Msp20260116160945_NCDK_conventional_converted_dev_1,False,False,196,0,0.00,1.00,null,null,null,-1.00,-1.00,-0.130,1174.37,P Sandie 50 Mix 4p4 2xdil 2_GC1_01_66546,700.60358:291730 701.60824:156696 702.61291:40912,null,1175078,1369552,1315490,1125913,1246508.27076561,114809.296027056
197,36.834,700.62451,no MS2: Cer 45:4;O4|Cer 13:1;O3/32:3(2OH),[M+H-H2O]+,null,1.00,False,12.223,700.62378,C45H83NO5,Cer_AP,UXXLMQXJNIJJLZ-UHFFFAOYSA-N,O=C(NC(CO)C(O)C(O)CCCC=CCCCC)C(O)CCCCCCCCCCCCCCCC=CCC=CCC=CCCCCCCC,530,False,True,False,Normalized unit: Intensity; Annotation method: Msp20260116160945_NCDK_conventional_converted_dev_1,False,False,197,0,0.00,1.00,null,null,null,-1.00,-1.00,-0.144,623.28,P Sandie 50 Mix 4p4 2xdil 4_GC1_01_66548,700.62341:141096 701.62808:68370 702.63275:16892,null,511335,479381,476621,443676,477753.289078126,27645.9800106882
198,36.460,700.62512,no MS2: Cer 45:4;O4|Cer 13:1;O3/32:3(2OH),[M+H-H2O]+,null,1.00,False,12.223,700.62378,C45H83NO5,Cer_AP,UXXLMQXJNIJJLZ-UHFFFAOYSA-N,O=C(NC(CO)C(O)C(O)CCCC=CCCCC)C(O)CCCCCCCCCCCCCCCC=CCC=CCC=CCCCCCCC,530,False,True,False,Normalized unit: Intensity; Annotation method: Msp20260116160945_NCDK_conventional_converted_dev_1,False,False,198,0,0.00,1.00,null,null,null,-1.00,-1.00,-0.143,4983.84,P Sandie 50 Mix 4p4 2xdil 4_GC1_01_66548,700.62372:373200 701.62839:193702 702.63305:48138,null,2420516,2475102,2382245,2224118,2375495.35448438,107871.787538051
199,35.292,701.54718,no MS2: BA 24:1;O4;G/16:2,[M+NH4]+,null,0.25,False,7.500,701.54633,C42H69NO6,GDCAE,IPDYQZPKMAWZLM-UHFFFAOYSA-N,O=C(O)CNC(=O)CCC(C)C1CCC2C3CCC4CC(OC(=O)CCCCCCCC=CCC=CCCC)CCC4(C)C3CC(O)C12C,530,False,True,False,Normalized unit: Intensity; Annotation method: Msp20260116160945_NCDK_conventional_converted_dev_1,False,False,199,0,0.00,0.99,null,null,null,-1.00,-1.00,-0.147,996.48,P Sandie 50 Mix 4p4 2xdil 4_GC1_01_66548,701.54718:165126 702.55185:78972 703.55652:35476,null,1701395,1716898,1711128,1680354,1702443.96232812,16055.8903312811
200,34.197,701.54779,no MS2: SL 39:3;O2|SL 13:1;O/26:2;O,[M+NH4]+,null,1.00,False,9.664,701.54968,C39H73NO6S,SL,XCZPJFQTPUXKEP-UHFFFAOYSA-N,O=C(N(CC(O)C=CCCCCCCCC)CS(=O)(=O)O)C(O)CCCCCCCCCCCCC=CCC=CCCCCCCC,530,False,True,False,Normalized unit: Intensity; Annotation method: Msp20260116160945_NCDK_conventional_converted_dev_1,False,False,200,0,0.00,1.00,null,null,null,-1.00,-1.00,-0.144,1971.44,P Sandie 50 Mix 4p4 2xdil I_GC3_01_66545,701.54913:428982 702.55380:215440 703.55847:71712,null,4666937,4655129,4504653,4433013,4564932.99281248,114857.517197208
201,33.566,701.54797,no MS2: BA 24:1;O4;G/16:2,[M+NH4]+,null,1.00,False,7.500,701.54633,C42H69NO6,GDCAE,IPDYQZPKMAWZLM-UHFFFAOYSA-N,O=C(O)CNC(=O)CCC(C)C1CCC2C3CCC4CC(OC(=O)CCCCCCCC=CCC=CCCC)CCC4(C)C3CC(O)C12C,530,False,True,False,Normalized unit: Intensity; Annotation method: Msp20260116160945_NCDK_conventional_converted_dev_1,False,False,201,0,0.00,0.99,null,null,null,-1.00,-1.00,-0.147,1675.17,P Sandie 50 Mix 4p4 2xdil 2_GC1_01_66546,701.54718:282318 702.55185:133230 703.55652:48632,null,4850141,4861987,4896603,4797073,4851450.89339062,41264.8644007687
202,35.106,701.54828,no MS2: SL 39:3;O2|SL 13:1;O/26:2;O,[M+NH4]+,null,1.00,False,9.664,701.54968,C39H73NO6S,SL,XCZPJFQTPUXKEP-UHFFFAOYSA-N,O=C(N(CC(O)C=CCCCCCCCC)CS(=O)(=O)O)C(O)CCCCCCCCCCCCC=CCC=CCCCCCCC,530,False,True,False,Normalized unit: Intensity; Annotation method: Msp20260116160945_NCDK_conventional_converted_dev_1,False,False,202,0,0.00,0.99,null,null,null,-1.00,-1.00,-0.146,898.12,P Sandie 50 Mix 4p4 2xdil I_GC3_01_66545,701.54895:170130 702.55362:79164 703.55829:92056,null,2183265,2190511,2133894,2094258,2150481.76901563,45141.961570653
203,38.562,702.61914,no MS2: SE 28:2/20:4,[M+NH4]+,null,1.00,False,14.136,702.61841,C48H76O2,BRSE,PSLXJVRNKMGRNH-UHFFFAOYSA-N,O=C(OC1CC2=CCC3C(CCC4(C)C(CCC34)C(C=CC(C)C(C)C)C)C2(C)CC1)CCCCCCC=CCC=CCC=CCC=CCC,530,False,True,False,Normalized unit: Intensity; Annotation method: Msp20260116160945_NCDK_conventional_converted_dev_1,False,False,203,0,0.00,1.00,null,null,null,-1.00,-1.00,-0.144,1448.34,P Sandie 50 Mix 4p4 2xdil I_GC3_01_66545,702.61890:314608 703.62356:156504 704.62823:42250,null,1591236,1762788,1647684,1419414,1605280.55765626,143003.952034333
204,33.139,703.56287,no MS2: BA 24:1;O4;G/16:1,[M+NH4]+,null,1.00,False,7.779,703.56201,C42H71NO6,GDCAE,CJCUCDWRGAZUGG-UHFFFAOYSA-N,O=C(O)CNC(=O)CCC(C)C1CCC2C3CCC4CC(OC(=O)CCCCCCCC=CCCCCCC)CCC4(C)C3CC(O)C12C,530,False,True,False,Normalized unit: Intensity; Annotation method: Msp20260116160945_NCDK_conventional_converted_dev_1,False,False,204,0,0.00,0.99,null,null,null,-1.00,-1.00,-0.147,5801.09,P Sandie 50 Mix 4p4 2xdil 2_GC1_01_66546,703.56287:1011986 704.56753:477108 705.57220:121878,null,12050358,11809641,11927363,11026230,11703397.7577031,462019.40291339
205,33.949,703.56305,no MS2: BA 24:1;O4;G/16:1,[M+NH4]+,null,1.00,False,7.779,703.56201,C42H71NO6,GDCAE,CJCUCDWRGAZUGG-UHFFFAOYSA-N,O=C(O)CNC(=O)CCC(C)C1CCC2C3CCC4CC(OC(=O)CCCCCCCC=CCCCCCC)CCC4(C)C3CC(O)C12C,530,False,True,False,Normalized unit: Intensity; Annotation method: Msp20260116160945_NCDK_conventional_converted_dev_1,False,False,205,0,0.00,0.99,null,null,null,-1.00,-1.00,-0.147,2560.07,P Sandie 50 Mix 4p4 2xdil 2_GC1_01_66546,703.56287:472138 704.56753:223614 705.57220:76582,null,6651372,6420975,6733616,6136189,6485537.98999999,267865.96124791
206,35.742,703.56317,no MS2: SL 39:2;O2|SL 12:1;O/27:1;O,[M+NH4]+,null,1.00,False,9.495,703.56531,C39H75NO6S,SL,RIUPWCLRDKXJJK-UHFFFAOYSA-N,O=C(N(CC(O)C=CCCCCCCC)CS(=O)(=O)O)C(O)CCCCCCCCCCCCCC=CCCCCCCCCCC,530,False,True,False,Normalized unit: Intensity; Annotation method: Msp20260116160945_NCDK_conventional_converted_dev_1,False,False,206,0,0.00,1.00,null,null,null,-1.00,-1.00,-0.145,4677.61,P Sandie 50 Mix 4p4 2xdil I_GC3_01_66545,703.56592:760862 704.57059:353440 705.57525:89296,null,11866043,11713629,12049851,11237504,11716756.9044219,347817.39758874
207,36.790,704.59863,no MS2: RIKEN P-VS1 ID-8097 from Mouse_AdrenalGlands_WT_N_Ctr,[M+H]+,null,1.00,False,13.050,704.59888,null,Unknown,null,null,530,False,True,False,Normalized unit: Intensity; Annotation method: Msp20260116160945_NCDK_conventional_converted_dev_1,False,False,207,0,0.00,1.00,null,null,null,-1.00,-1.00,-0.129,978.77,P Sandie 50 Mix 4p4 2xdil 2_GC1_01_66546,704.59863:166336 705.60330:82278 706.60797:23848,null,804461,751156,752476,736420,761128.025406253,29791.1690404523
208,37.954,705.55872,no MS2: SE 28:4/20:3,[M+Na]+,null,0.25,False,14.102,705.55811,C48H74O2,DEGSE,PJEXTDPGIUWZLL-UHFFFAOYSA-N,O=C(OC1CC2=CC=C3C(=CCC4(C)C3CCC4C(C=CC(C)C(C)C)C)C2(C)CC1)CCCCCCCCCC=CCC=CCC=CCC,530,False,True,False,Normalized unit: Intensity; Annotation method: Msp20260116160945_NCDK_conventional_converted_dev_1,False,False,208,0,0.00,1.00,null,null,null,-1.00,-1.00,-0.145,348.40,P Sandie 50 Mix 4p4 2xdil 3_GC1_01_66547,705.55872:67616 706.56338:33986 707.56805:8992,null,285842,362919,616972,289589,388830.502499995,156178.704120675
209,36.442,705.58075,no MS2: RIKEN P-VS1 ID-8120 from Mouse_Aorta_ApoEKO_N_F1DHA,[M+H]+,null,1.00,False,13.980,705.58063,null,Unknown,null,null,530,False,True,False,Normalized unit: Intensity; Annotation method: Msp20260116160945_NCDK_conventional_converted_dev_1,False,False,209,0,0.00,1.00,null,null,null,-1.00,-1.00,-0.129,995.30,P Sandie 50 Mix 4p4 2xdil 2_GC1_01_66546,705.58075:147780 706.58542:68688 707.59009:0,null,1763174,1760541,1709862,1702499,1734018.662125,32303.3478284553
210,38.410,705.62976,Unknown,[M+H]+,null,1.00,False,null,null,null,null,null,null,999,False,False,False,Normalized unit: Intensity,False,False,210,0,0.00,null,null,null,null,null,null,null,547.31,P Sandie 50 Mix 4p4 2xdil 2_GC1_01_66546,705.62976:140256 706.63443:68948 707.63910:18006,null,557254,488129,558930,502056,526592.425546875,36820.972493775
211,23.933,706.53937,no MS2: RIKEN P-VS1 ID-8138 from Mouse_SmallIntestine_WT_N_F1,[M+H]+,null,1.00,False,13.050,706.54138,null,Unknown,null,null,530,False,True,False,Normalized unit: Intensity; Annotation method: Msp20260116160945_NCDK_conventional_converted_dev_1,False,False,211,0,0.00,0.97,null,null,null,-1.00,-1.00,-0.142,39658.24,P Sandie 50 Mix 4p4 2xdil I_GC3_01_66545,706.53967:5521876 707.54434:2416970 708.54901:577744,null,85981367,85188752,84675793,77915400,83440327.9008125,3722233.62033968
212,23.933,706.79694,Unknown,[M+H]+,null,1.00,False,null,null,null,null,null,null,999,False,False,False,Normalized unit: Intensity,False,False,212,0,0.00,null,null,null,null,null,null,null,1013.29,P Sandie 50 Mix 4p4 2xdil 2_GC1_01_66546,706.79694:118704 707.80160:18212 708.80627:0,null,1179387,1053433,991736,1077009,1075391.30995313,78098.3153988915
213,23.933,707.18036,Unknown,[M+H]+,null,1.00,False,null,null,null,null,null,null,999,False,False,False,Normalized unit: Intensity,False,False,213,0,0.00,null,null,null,null,null,null,null,3142.23,P Sandie 50 Mix 4p4 2xdil 2_GC1_01_66546,707.18036:188394 708.18503:48214 709.18969:2370,null,1908005,1818429,1776691,1692144,1798817.29382813,89768.9514222181
214,27.520,707.49249,Unknown,[M+H]+,null,1.00,False,null,null,null,null,null,null,999,False,False,False,Normalized unit: Intensity,False,False,214,0,0.00,null,null,null,null,null,null,null,1333.68,P Sandie 50 Mix 4p4 2xdil I_GC3_01_66545,707.49249:224412 708.49716:107030 709.50183:25656,null,2465068,2536557,2318550,2172150,2373081.52542187,161794.822107053
215,36.455,707.61053,Unknown,[M+H]+,null,1.00,False,null,null,null,null,null,null,999,False,False,False,Normalized unit: Intensity,False,False,215,0,0.00,null,null,null,null,null,null,null,1929.35,P Sandie 50 Mix 4p4 2xdil I_GC3_01_66545,707.61053:423346 708.61520:206308 709.61987:56414,null,3313522,3210918,3204928,3277442,3251702.45817189,52711.1656037206
216,38.993,707.64661,Unknown,[M+H]+,null,1.00,False,null,null,null,null,null,null,999,False,False,False,Normalized unit: Intensity,False,False,216,0,0.00,null,null,null,null,null,null,null,16954.97,P Sandie 50 Mix 4p4 2xdil 2_GC1_01_66546,707.64661:1640934 708.65127:869408 709.65594:215644,null,13028428,11244430,12673355,12646509,12398180.4753281,788614.814874535
217,35.885,709.62415,Unknown,[M+H]+,null,1.00,False,null,null,null,null,null,null,999,False,False,False,Normalized unit: Intensity,False,False,217,0,0.00,null,null,null,null,null,null,null,1119.73,P Sandie 50 Mix 4p4 2xdil 2_GC1_01_66546,709.62415:150372 710.62881:72354 711.63348:18758,null,1612435,1581396,1571618,1511769,1569304.52290625,42119.4084948344
218,37.195,709.62518,Unknown,[M+H]+,null,1.00,False,null,null,null,null,null,null,999,False,False,False,Normalized unit: Intensity,False,False,218,0,0.00,null,null,null,null,null,null,null,4801.20,P Sandie 50 Mix 4p4 2xdil 2_GC1_01_66546,709.62518:629968 710.62985:315134 711.63452:85142,null,3253779,2958137,3228771,3091168,3132963.81054689,136731.418561512
219,36.786,709.62543,Unknown,[M+H]+,null,1.00,False,null,null,null,null,null,null,999,False,False,False,Normalized unit: Intensity,False,False,219,0,0.00,null,null,null,null,null,null,null,766.33,P Sandie 50 Mix 4p4 2xdil 2_GC1_01_66546,709.62543:144822 710.63009:68688 711.63476:19458,null,1368161,1239946,1288747,1295274,1298032.05454688,52870.6159174489
220,39.655,709.66144,no MS2: RIKEN P-VS1 ID-8236 from Mouse_AdrenalGlands_WT_N_Ctr,[M+H]+,null,1.00,False,8.410,709.65637,null,Unknown,null,null,530,False,True,False,Normalized unit: Intensity; Annotation method: Msp20260116160945_NCDK_conventional_converted_dev_1,False,False,220,0,0.00,0.85,null,null,null,-1.00,-1.00,-0.197,7695.53,P Sandie 50 Mix 4p4 2xdil I_GC3_01_66545,709.66046:953392 710.66513:491868 711.66980:128050,null,4506924,4343855,4845600,4634522,4582725.1754375,211810.23711309
221,36.542,711.64056,no MS2: RIKEN P-VS1 ID-8281 from Cell_HeLa_WT_N_Ctr,[M+H]+,null,1.00,False,7.800,711.64539,null,Unknown,null,null,530,False,True,False,Normalized unit: Intensity; Annotation method: Msp20260116160945_NCDK_conventional_converted_dev_1,False,False,221,0,0.00,0.80,null,null,null,-1.00,-1.00,-0.217,587.67,P Sandie 50 Mix 4p4 2xdil I_GC3_01_66545,711.64069:124720 712.64535:0 713.65002:0,null,840943,792952,781262,793161,802079.475671874,26499.2440349212
222,37.552,711.64105,no MS2: RIKEN P-VS1 ID-8281 from Cell_HeLa_WT_N_Ctr,[M+H]+,null,1.00,False,7.800,711.64539,null,Unknown,null,null,530,False,True,False,Normalized unit: Intensity; Annotation method: Msp20260116160945_NCDK_conventional_converted_dev_1,False,False,222,0,0.00,0.86,null,null,null,-1.00,-1.00,-0.193,1104.01,P Sandie 50 Mix 4p4 2xdil I_GC3_01_66545,711.64142:246890 712.64609:121848 713.65075:29608,null,1367135,1181093,1274090,1264030,1271587.01870313,76118.3068264913
223,14.201,712.41528,no MS2: PS 29:2,[M+Na]+,null,1.00,False,7.686,712.41602,C35H64NO10P,PS,XNBOWHABBJIVIT-UHFFFAOYSA-N,O=C(OCC(OC(=O)CCCCCCCCCCCC=CCC=CCCCCCCC)COP(=O)(O)OCC(N)C(=O)O)CCCC,530,False,True,False,Normalized unit: Intensity; Annotation method: Msp20260116160945_NCDK_conventional_converted_dev_1,False,False,223,0,0.00,1.00,null,null,null,-1.00,-1.00,-0.145,817.60,P Sandie 50 Mix 4p4 2xdil 4_GC1_01_66548,712.41534:65582 713.42001:23812 714.42468:5496,null,894765,864078,869120,808267,859057.403343751,36428.7771675153
224,37.744,713.59869,no MS2: DG 41:2,[M+Na]+,null,1.00,False,13.303,713.60541,C44H82O5,DG,JNAUNSJIPWYTOU-UHFFFAOYSA-N,O=C(OCC(OC(=O)CCC=CCCC)CO)CCCCCCCCCCCCCCCCCCCCC=CCCCCCCCCCC,530,False,True,False,Normalized unit: Intensity; Annotation method: Msp20260116160945_NCDK_conventional_converted_dev_1,False,False,224,0,0.00,0.68,null,null,null,-1.00,-1.00,-0.304,839.37,P Sandie 50 Mix 4p4 2xdil 2_GC1_01_66546,713.59912:116934 714.60379:67620 715.60846:19892,null,1066554,1033906,1074076,1018262,1048199.70846875,26502.0134918615
225,32.939,714.60242,no MS2: Cer 45:6;O4|Cer 13:1;O3/32:5(2OH),[M+H]+,null,1.00,False,12.035,714.60309,C45H79NO5,Cer_AP,LSTVUEMPZUXCSH-UHFFFAOYSA-N,O=C(NC(CO)C(O)C(O)CCCC=CCCCC)C(O)CCCCCCCCCCCCCCC=CCC=CCC=CCC=CCC=CCC,530,False,True,False,Normalized unit: Intensity; Annotation method: Msp20260116160945_NCDK_conventional_converted_dev_1,False,False,225,0,0.00,1.00,null,null,null,-1.00,-1.00,-0.143,1955.08,P Sandie 50 Mix 4p4 2xdil 4_GC1_01_66548,714.60321:640190 715.60788:316970 716.61255:80302,null,4607360,4933336,4747210,4113780,4600421.4962969,350830.667707404
226,32.758,714.60272,no MS2: Cer 45:6;O4|Cer 13:1;O3/32:5(2OH),[M+H]+,null,0.25,False,12.035,714.60309,C45H79NO5,Cer_AP,LSTVUEMPZUXCSH-UHFFFAOYSA-N,O=C(NC(CO)C(O)C(O)CCCC=CCCCC)C(O)CCCCCCCCCCCCCCC=CCC=CCC=CCC=CCC=CCC,530,False,True,False,Normalized unit: Intensity; Annotation method: Msp20260116160945_NCDK_conventional_converted_dev_1,False,False,226,0,0.00,1.00,null,null,null,-1.00,-1.00,-0.144,946.52,P Sandie 50 Mix 4p4 2xdil 2_GC1_01_66546,714.60272:253882 715.60739:126200 716.61206:33784,null,1902041,1729135,1920040,1568184,1779849.91567187,165285.783302499
227,33.768,714.60272,no MS2: Cer 45:6;O4|Cer 13:1;O3/32:5(2OH),[M+NH4]+,null,0.75,False,12.035,714.60309,C45H79NO5,Cer_AP,LSTVUEMPZUXCSH-UHFFFAOYSA-N,O=C(NC(CO)C(O)C(O)CCCC=CCCCC)C(O)CCCCCCCCCCCCCCC=CCC=CCC=CCC=CCC=CCC,530,False,True,False,Normalized unit: Intensity; Annotation method: Msp20260116160945_NCDK_conventional_converted_dev_1,False,False,227,0,0.00,1.00,null,null,null,-1.00,-1.00,-0.143,364.94,P Sandie 50 Mix 4p4 2xdil 3_GC1_01_66547,714.60327:84854 715.60794:41256 716.61261:10970,null,1491772,1487717,1499634,1283899,1440755.32214062,104688.099461376
228,34.771,714.60297,no MS2: Cer 45:6;O4|Cer 13:1;O3/32:5(2OH),[M+H]+,null,1.00,False,12.035,714.60309,C45H79NO5,Cer_AP,LSTVUEMPZUXCSH-UHFFFAOYSA-N,O=C(NC(CO)C(O)C(O)CCCC=CCCCC)C(O)CCCCCCCCCCCCCCC=CCC=CCC=CCC=CCC=CCC,530,False,True,False,Normalized unit: Intensity; Annotation method: Msp20260116160945_NCDK_conventional_converted_dev_1,False,False,228,0,0.00,1.00,null,null,null,-1.00,-1.00,-0.143,452.37,P Sandie 50 Mix 4p4 2xdil 4_GC1_01_66548,714.60297:105452 715.60763:49370 716.61230:14734,null,2260132,2298089,2348309,2335669,2310549.72114063,39807.6730835275
229,33.157,714.60303,no MS2: Cer 45:6;O4|Cer 13:1;O3/32:5(2OH),[M+H]+,null,1.00,False,12.035,714.60309,C45H79NO5,Cer_AP,LSTVUEMPZUXCSH-UHFFFAOYSA-N,O=C(NC(CO)C(O)C(O)CCCC=CCCCC)C(O)CCCCCCCCCCCCCCC=CCC=CCC=CCC=CCC=CCC,530,False,True,False,Normalized unit: Intensity; Annotation method: Msp20260116160945_NCDK_conventional_converted_dev_1,False,False,229,0,0.00,1.00,null,null,null,-1.00,-1.00,-0.143,1478.78,P Sandie 50 Mix 4p4 2xdil 3_GC1_01_66547,714.60303:356698 715.60770:171952 716.61236:44802,null,3362141,3346063,3342214,2933843,3246065.37898437,208327.089466881
230,38.218,715.61499,no MS2: DG 41:1,[M+Na]+,null,1.00,False,13.389,715.62109,C44H84O5,DG,HLVNUQTWBIJFNZ-UHFFFAOYSA-N,O=C(OCC(OC(=O)CCCCCCCCCCCCCCCCCCCCC=CCCCCCCCCCC)CO)CCCCCCC,530,False,True,False,Normalized unit: Intensity; Annotation method: Msp20260116160945_NCDK_conventional_converted_dev_1,False,False,230,0,0.00,0.70,null,null,null,-1.00,-1.00,-0.293,3467.75,P Sandie 50 Mix 4p4 2xdil 3_GC1_01_66547,715.61505:710976 716.61972:372862 717.62439:95966,null,8783375,8555387,8939841,8827856,8776614.56889063,161509.51805356
231,38.906,716.63495,no MS2: SE 28:2/21:4,[M+NH4]+,null,1.00,False,14.510,716.63397,C49H78O2,BRSE,BGIDJBKNBVZBHB-UHFFFAOYSA-N,O=C(OC1CC2=CCC3C(CCC4(C)C(CCC34)C(C=CC(C)C(C)C)C)C2(C)CC1)CCCCCCCC=CCC=CCC=CCC=CCC,530,False,True,False,Normalized unit: Intensity; Annotation method: Msp20260116160945_NCDK_conventional_converted_dev_1,False,False,231,0,0.00,1.00,null,null,null,-1.00,-1.00,-0.144,1892.41,P Sandie 50 Mix 4p4 2xdil I_GC3_01_66545,716.63361:195722 717.63827:104794 718.64294:26754,null,847978,973269,880155,758833,865058.782109378,88530.312072272
232,31.385,717.54236,no MS2: DG 42:7,[M+Na]+,null,1.00,False,11.617,717.54279,C45H74O5,DG,AIRGHYYBGWIEJK-UHFFFAOYSA-N,O=C(OCC(OC(=O)CCCCCCCCCCCC=CCC=CCC=CCC=CCC=CCC=CCC=CCC)CO)CCCCCCC,530,False,True,False,Normalized unit: Intensity; Annotation method: Msp20260116160945_NCDK_conventional_converted_dev_1,False,False,232,0,0.00,1.00,null,null,null,-1.00,-1.00,-0.144,1695.62,P Sandie 50 Mix 4p4 2xdil 4_GC1_01_66548,717.54315:317302 718.54782:155286 719.55249:55418,null,4251132,4274668,4314450,3937516,4194441.3738125,173265.19156842
233,32.930,719.55774,no MS2: DG 42:6,[M+Na]+,null,1.00,False,12.889,719.55847,C45H76O5,DG,DWNBNJDZOMMNHN-UHFFFAOYSA-N,O=C(OCC(OC(=O)CCCCCCCCCCCCCCC=CCC=CCC=CCC=CCC=CCC=CCC)CO)CCCCCCC,530,False,True,False,Normalized unit: Intensity; Annotation method: Msp20260116160945_NCDK_conventional_converted_dev_1,False,False,233,0,0.00,1.00,null,null,null,-1.00,-1.00,-0.143,2792.46,P Sandie 50 Mix 4p4 2xdil 4_GC1_01_66548,719.55859:508296 720.56326:256532 721.56793:66194,null,4541685,4495018,4672821,4335291,4511203.91770314,139351.461094164
234,34.562,719.55786,no MS2: DG 42:6,[M+Na]+,null,1.00,False,12.889,719.55847,C45H76O5,DG,DWNBNJDZOMMNHN-UHFFFAOYSA-N,O=C(OCC(OC(=O)CCCCCCCCCCCCCCC=CCC=CCC=CCC=CCC=CCC=CCC)CO)CCCCCCC,530,False,True,False,Normalized unit: Intensity; Annotation method: Msp20260116160945_NCDK_conventional_converted_dev_1,False,False,234,0,0.00,1.00,null,null,null,-1.00,-1.00,-0.143,396.30,P Sandie 50 Mix 4p4 2xdil 3_GC1_01_66547,719.55853:72034 720.56320:36560 721.56787:9446,null,1249279,1280904,1271256,1300699,1275534.34879688,21367.5128461948
235,33.762,719.55804,no MS2: DG 42:6,[M+Na]+,null,1.00,False,12.889,719.55847,C45H76O5,DG,DWNBNJDZOMMNHN-UHFFFAOYSA-N,O=C(OCC(OC(=O)CCCCCCCCCCCCCCC=CCC=CCC=CCC=CCC=CCC=CCC)CO)CCCCCCC,530,False,True,False,Normalized unit: Intensity; Annotation method: Msp20260116160945_NCDK_conventional_converted_dev_1,False,False,235,0,0.00,1.00,null,null,null,-1.00,-1.00,-0.143,1386.71,P Sandie 50 Mix 4p4 2xdil 3_GC1_01_66547,719.55859:231998 720.56326:117454 721.56793:30444,null,3620428,3571992,3577065,3330073,3524889.67642187,131683.737939772
236,32.421,719.55847,no MS2: DG 42:6,[M+Na]+,null,1.00,False,12.889,719.55847,C45H76O5,DG,DWNBNJDZOMMNHN-UHFFFAOYSA-N,O=C(OCC(OC(=O)CCCCCCCCCCCCCCC=CCC=CCC=CCC=CCC=CCC=CCC)CO)CCCCCCC,530,False,True,False,Normalized unit: Intensity; Annotation method: Msp20260116160945_NCDK_conventional_converted_dev_1,False,False,236,0,0.00,1.00,null,null,null,-1.00,-1.00,-0.143,588.31,P Sandie 50 Mix 4p4 2xdil 4_GC1_01_66548,719.55847:116100 720.56314:55622 721.56781:20800,null,2119454,1386577,1404414,1252804,1540812.36004687,391649.271390855
237,27.511,721.50836,Unknown,[M+H]+,null,1.00,False,null,null,null,null,null,null,999,False,False,False,Normalized unit: Intensity,False,False,237,0,0.00,null,null,null,null,null,null,null,1019.40,P Sandie 50 Mix 4p4 2xdil I_GC3_01_66545,721.50836:183498 722.51303:93490 723.51770:23574,null,1811535,1896510,1742567,1652239,1775712.64825,103633.655496723
238,36.460,721.62622,no MS2: RIKEN P-VS1 ID-8542 from Mouse_Feces_WT_ABX_Ctr,[M+H]+,null,1.00,False,13.310,721.62720,null,Unknown,null,null,530,False,True,False,Normalized unit: Intensity; Annotation method: Msp20260116160945_NCDK_conventional_converted_dev_1,False,False,238,0,0.00,0.99,null,null,null,-1.00,-1.00,-0.133,4158.97,P Sandie 50 Mix 4p4 2xdil I_GC3_01_66545,721.62622:822996 722.63089:414188 723.63556:110276,null,6080479,7245380,5903961,5939588,6292351.89068751,639907.252525811
239,33.566,723.60266,no MS2: SE 28:4/21:1,[M+Na]+,null,1.00,False,14.882,723.60510,C49H80O2,DEGSE,HZDQZTPXFFJCPM-UHFFFAOYSA-N,O=C(OC1CC2=CC=C3C(=CCC4(C)C3CCC4C(C=CC(C)C(C)C)C)C2(C)CC1)CCCCCCCCCC=CCCCCCCCCC,530,False,True,False,Normalized unit: Intensity; Annotation method: Msp20260116160945_NCDK_conventional_converted_dev_1,False,False,239,0,0.00,0.99,null,null,null,-1.00,-1.00,-0.150,715.70,P Sandie 50 Mix 4p4 2xdil I_GC3_01_66545,723.60388:140406 724.60855:69636 725.61322:21712,null,2575592,2490984,2461835,2457863,2496568.32440625,54712.7018756589
240,34.192,723.60315,no MS2: SE 28:4/21:1,[M+Na]+,null,1.00,False,14.882,723.60510,C49H80O2,DEGSE,HZDQZTPXFFJCPM-UHFFFAOYSA-N,O=C(OC1CC2=CC=C3C(=CCC4(C)C3CCC4C(C=CC(C)C(C)C)C)C2(C)CC1)CCCCCCCCCC=CCCCCCCCCC,530,False,True,False,Normalized unit: Intensity; Annotation method: Msp20260116160945_NCDK_conventional_converted_dev_1,False,False,240,0,0.00,1.00,null,null,null,-1.00,-1.00,-0.144,867.70,P Sandie 50 Mix 4p4 2xdil I_GC3_01_66545,723.60461:230938 724.60928:113884 725.61395:33688,null,2461717,2398955,2413574,2336957,2402800.75107812,51437.2266214975
241,35.885,723.63971,Unknown,[M+H]+,null,1.00,False,null,null,null,null,null,null,999,False,False,False,Normalized unit: Intensity,False,False,241,0,0.00,null,null,null,null,null,null,null,450.79,P Sandie 50 Mix 4p4 2xdil 2_GC1_01_66546,723.63971:84260 724.64438:43008 725.64904:0,null,869214,832955,801278,793315,824190.384843749,34555.4094973118
242,37.778,723.64075,Unknown,[M+H]+,null,0.75,False,null,null,null,null,null,null,999,False,False,False,Normalized unit: Intensity,False,False,242,0,0.00,null,null,null,null,null,null,null,446.96,P Sandie 50 Mix 4p4 2xdil 4_GC1_01_66548,723.64075:101712 724.64541:54886 725.65008:14108,null,579051,571982,644873,531679,581896.419343749,46883.5040589554
243,37.195,723.64081,Unknown,[M+H]+,null,1.00,False,null,null,null,null,null,null,999,False,False,False,Normalized unit: Intensity,False,False,243,0,0.00,null,null,null,null,null,null,null,7085.81,P Sandie 50 Mix 4p4 2xdil 2_GC1_01_66546,723.64081:951054 724.64548:492174 725.65014:133338,null,4857702,4591542,4820040,4688363,4739411.47321877,122426.705503197
244,36.786,723.64093,Unknown,[M+H]+,null,1.00,False,null,null,null,null,null,null,999,False,False,False,Normalized unit: Intensity,False,False,244,0,0.00,null,null,null,null,null,null,null,2303.23,P Sandie 50 Mix 4p4 2xdil 2_GC1_01_66546,723.64093:295678 724.64560:156028 725.65027:39370,null,2399754,2276282,2306479,2338998,2330378.12521876,52867.4716844004
245,33.940,725.61853,no MS2: RIKEN P-VS1 ID-8656 from Mouse_Heart_WT_N_F1,[M+H]+,null,1.00,False,9.020,725.62079,null,Unknown,null,null,530,False,True,False,Normalized unit: Intensity; Annotation method: Msp20260116160945_NCDK_conventional_converted_dev_1,False,False,245,0,0.00,0.99,null,null,null,-1.00,-1.00,-0.135,695.48,P Sandie 50 Mix 4p4 2xdil I_GC3_01_66545,725.61957:126276 726.62424:61436 727.62890:17396,null,1513948,1443793,1407066,1446791,1452899.3358125,44526.6874663845
246,33.139,725.61859,no MS2: RIKEN P-VS1 ID-8656 from Mouse_Heart_WT_N_F1,[M+H]+,null,1.00,False,9.020,725.62079,null,Unknown,null,null,530,False,True,False,Normalized unit: Intensity; Annotation method: Msp20260116160945_NCDK_conventional_converted_dev_1,False,False,246,0,0.00,0.98,null,null,null,-1.00,-1.00,-0.137,1328.23,P Sandie 50 Mix 4p4 2xdil I_GC3_01_66545,725.61938:209084 726.62405:105016 727.62872:25980,null,2971526,2900524,2882251,2781355,2883913.90673438,78470.8477225506
247,35.746,725.61871,no MS2: RIKEN P-VS1 ID-8656 from Mouse_Heart_WT_N_F1,[M+H]+,null,1.00,False,9.020,725.62079,null,Unknown,null,null,530,False,True,False,Normalized unit: Intensity; Annotation method: Msp20260116160945_NCDK_conventional_converted_dev_1,False,False,247,0,0.00,1.00,null,null,null,-1.00,-1.00,-0.130,3433.21,P Sandie 50 Mix 4p4 2xdil 3_GC1_01_66547,725.62024:562048 726.62491:286080 727.62957:70588,null,6789498,6609934,6783397,6386676,6642376.38557813,189707.513174226
248,36.542,725.65625,Unknown,[M+H]+,null,1.00,False,null,null,null,null,null,null,999,False,False,False,Normalized unit: Intensity,False,False,248,0,0.00,null,null,null,null,null,null,null,571.37,P Sandie 50 Mix 4p4 2xdil 2_GC1_01_66546,725.65625:109148 726.66092:54810 727.66559:13504,null,646334,613067,639688,633369,633114.747140624,14374.950959589
249,37.552,725.65662,Unknown,[M+H]+,null,1.00,False,null,null,null,null,null,null,999,False,False,False,Normalized unit: Intensity,False,False,249,0,0.00,null,null,null,null,null,null,null,3005.64,P Sandie 50 Mix 4p4 2xdil 2_GC1_01_66546,725.65662:428566 726.66128:221940 727.66595:57410,null,2082450,1849548,2015094,2010515,1989401.53270312,98865.0446391901
250,37.948,727.61462,no MS2: DG 42:2,[M+Na]+,null,1.00,False,13.331,727.62109,C45H84O5,DG,XFXKIAPQYSHIGZ-UHFFFAOYSA-N,O=C(OCC(OC(=O)CCCCCCCCCCCCCCCCCCCCCC=CCC=CCCCCCCC)CO)CCCCCCC,530,False,True,False,Normalized unit: Intensity; Annotation method: Msp20260116160945_NCDK_conventional_converted_dev_1,False,False,250,0,0.00,0.69,null,null,null,-1.00,-1.00,-0.299,417.01,P Sandie 50 Mix 4p4 2xdil I_GC3_01_66545,727.61481:97728 728.61947:51954 729.62414:14370,null,471696,472510,479289,392456,453987.730953123,41162.2164640334
251,36.442,727.63690,no MS2: SE 28:3/21:0,[M+Na]+,null,1.00,False,15.237,727.63641,C49H84O2,EGSE,VKQXTSWVYRHTST-UHFFFAOYSA-N,O=C(OC1CC2=CC=C3C(CCC4(C)C3CCC4C(C=CC(C)C(C)C)C)C2(C)CC1)CCCCCCCCCCCCCCCCCCCC,530,False,True,False,Normalized unit: Intensity; Annotation method: Msp20260116160945_NCDK_conventional_converted_dev_1,False,False,251,0,0.00,1.00,null,null,null,-1.00,-1.00,-0.143,974.43,P Sandie 50 Mix 4p4 2xdil 2_GC1_01_66546,727.63623:121830 728.64090:59252 729.64557:16104,null,1198309,1143925,1174406,1173934,1172643.62070313,22273.01279688
252,23.937,728.52124,no MS2: PC 30:0,[M+Na]+,null,1.00,False,8.986,728.52008,C38H76NO8P,PC,YONWAODRNYHKSU-UHFFFAOYSA-N,O=C(OCC(OC(=O)CCCC)COP(=O)([O-])OCC[N+](C)(C)C)CCCCCCCCCCCCCCCCCCCCCCCC,530,False,True,False,Normalized unit: Intensity; Annotation method: Msp20260116160945_NCDK_conventional_converted_dev_1,False,False,252,0,0.00,1.00,null,null,null,-1.00,-1.00,-0.143,7322.88,P Sandie 50 Mix 4p4 2xdil 3_GC1_01_66547,728.52008:1052428 729.52475:437382 730.52942:99442,null,17585208,17280752,17419944,15945656,17057890.2362031,751859.653143711
253,23.937,729.52460,no MS2: SL 43:9;O|SL 15:3;O/28:6,[M+NH4]+,null,1.00,False,8.320,729.52350,C43H69NO5S,SL,FARSIYGQKNWTRE-UHFFFAOYSA-N,O=C(N(CC(O)C=CCCC=CCCC=CCC)CS(=O)(=O)O)CCCCCCCCC=CCC=CCC=CCC=CCC=CCC=CCC,530,False,True,False,Normalized unit: Intensity; Annotation method: Msp20260116160945_NCDK_conventional_converted_dev_1,False,False,253,0,0.00,1.00,null,null,null,-1.00,-1.00,-0.143,3500.19,P Sandie 50 Mix 4p4 2xdil 3_GC1_01_66547,729.52362:437382 730.52829:99442 731.53296:16868,null,7216194,7114735,7094064,6595580,7005143.27735938,278209.85970269
254,38.227,729.63055,no MS2: RIKEN P-VS1 ID-8765 from Mouse_Feces_WT_ABX_Ctr,[M+H]+,null,1.00,False,13.510,729.63177,null,Unknown,null,null,530,False,True,False,Normalized unit: Intensity; Annotation method: Msp20260116160945_NCDK_conventional_converted_dev_1,False,False,254,0,0.00,1.00,null,null,null,-1.00,-1.00,-0.130,21782.95,P Sandie 50 Mix 4p4 2xdil 3_GC1_01_66547,729.63116:2151080 730.63583:1100886 731.64050:281270,null,14562021,12304506,14814249,14179793,13965142.3439063,1137399.47636662
255,38.562,729.63055,no MS2: RIKEN P-VS1 ID-8765 from Mouse_Feces_WT_ABX_Ctr,[M+H]+,null,1.00,False,13.510,729.63177,null,Unknown,null,null,530,False,True,False,Normalized unit: Intensity; Annotation method: Msp20260116160945_NCDK_conventional_converted_dev_1,False,False,255,0,0.00,0.99,null,null,null,-1.00,-1.00,-0.135,907.63,P Sandie 50 Mix 4p4 2xdil 4_GC1_01_66548,729.63055:153944 730.63522:77508 731.63989:41628,null,1162350,1130886,1163638,1062525,1129849.76498438,47369.6010534708
256,31.155,730.59784,no MS2: RIKEN P-VS1 ID-8801 from Mouse_Adipose_WT_N_F1EPA,[M+NH4]+,null,1.00,False,12.960,730.59589,null,Unknown,null,null,530,False,True,False,Normalized unit: Intensity; Annotation method: Msp20260116160945_NCDK_conventional_converted_dev_1,False,False,256,0,0.00,0.99,null,null,null,-1.00,-1.00,-0.135,422.30,P Sandie 50 Mix 4p4 2xdil 2_GC1_01_66546,730.59711:86248 731.60177:40572 732.60644:12304,null,852966,877680,872112,764673,841857.825359375,52533.8700582711
257,30.082,730.59900,no MS2: RIKEN P-VS1 ID-8801 from Mouse_Adipose_WT_N_F1EPA,[M+H]+,null,0.75,False,12.960,730.59589,null,Unknown,null,null,530,False,True,False,Normalized unit: Intensity; Annotation method: Msp20260116160945_NCDK_conventional_converted_dev_1,False,False,257,0,0.00,0.97,null,null,null,-1.00,-1.00,-0.140,397.49,P Sandie 50 Mix 4p4 2xdil 2_GC1_01_66546,730.59753:83354 731.60220:40668 732.60687:12092,null,955637,951069,976156,808734,922899.051390626,76887.8696945308
258,26.828,734.57037,no MS2: Cer 47:10;O4|Cer 12:1;O2/35:9;O2,[M+H]+,null,1.00,False,10.699,734.57178,C47H75NO5,Cer_EOS,DVTNZKPPVAMMCS-UHFFFAOYSA-N,O=C(OCCC=CCC=CCC=CCCCCC(=O)NC(CO)C(O)C=CCCCCCCC)CCCC=CCC=CCC=CCC=CCC=CCC,530,False,True,False,Normalized unit: Intensity; Annotation method: Msp20260116160945_NCDK_conventional_converted_dev_1,False,False,258,0,0.00,1.00,null,null,null,-1.00,-1.00,-0.145,1147.94,P Sandie 50 Mix 4p4 2xdil 4_GC1_01_66548,734.57117:169130 735.57583:73038 736.58050:18938,null,2755433,2701630,2681625,2453919,2648151.88395313,133186.33049724
259,32.932,735.53296,no MS2: SL 42:7;O2|SL 12:1;O/30:6;O,[M+K]+,null,0.75,False,8.902,735.53400,C42H71NO6S,SL,SIPWOWUSEWHZCB-UHFFFAOYSA-N,O=C(N(CC(O)C=CCCCCCCC)CS(=O)(=O)O)C(O)CCCCCCCCCC=CCC=CCC=CCC=CCC=CCC=CCC,530,False,True,False,Normalized unit: Intensity; Annotation method: Msp20260116160945_NCDK_conventional_converted_dev_1,False,False,259,0,0.00,1.00,null,null,null,-1.00,-1.00,-0.143,391.77,P Sandie 50 Mix 4p4 2xdil 4_GC1_01_66548,735.53369:83002 736.53836:39334 737.54303:14240,null,676692,667566,669059,643987,664325.968406252,14135.938966816
260,31.155,735.55261,no MS2: RIKEN P-VS1 ID-8952 from Mouse_AdrenalGlands_WT_N_Ctr,[M+H]+,null,1.00,False,13.020,735.55518,null,Unknown,null,null,530,False,True,False,Normalized unit: Intensity; Annotation method: Msp20260116160945_NCDK_conventional_converted_dev_1,False,False,260,0,0.00,0.98,null,null,null,-1.00,-1.00,-0.137,778.52,P Sandie 50 Mix 4p4 2xdil 4_GC1_01_66548,735.55371:164234 736.55838:83362 737.56305:23122,null,1955722,1909337,1884455,1724920,1868608.59104687,100241.543177624
261,29.774,735.55408,no MS2: RIKEN P-VS1 ID-8952 from Mouse_AdrenalGlands_WT_N_Ctr,[M+H]+,null,1.00,False,13.020,735.55518,null,Unknown,null,null,530,False,True,False,Normalized unit: Intensity; Annotation method: Msp20260116160945_NCDK_conventional_converted_dev_1,False,False,261,0,0.00,0.99,null,null,null,-1.00,-1.00,-0.134,497.04,P Sandie 50 Mix 4p4 2xdil 4_GC1_01_66548,735.55408:159170 736.55874:78672 737.56341:31240,null,1794522,1822967,1876426,1668658,1790643.20215625,88126.5848862158
262,30.105,735.55444,no MS2: RIKEN P-VS1 ID-8952 from Mouse_AdrenalGlands_WT_N_Ctr,[M+Na]+,null,1.00,False,13.020,735.55518,null,Unknown,null,null,530,False,True,False,Normalized unit: Intensity; Annotation method: Msp20260116160945_NCDK_conventional_converted_dev_1,False,False,262,0,0.00,1.00,null,null,null,-1.00,-1.00,-0.131,490.39,P Sandie 50 Mix 4p4 2xdil 4_GC1_01_66548,735.55444:142910 736.55911:69488 737.56378:20014,null,2260855,2240975,2272810,2159722,2233590.68209375,50965.9737904589
263,29.861,737.56952,no MS2: TG 42:4|TG 8:0_8:0_26:4,[M+Na]+,null,0.50,False,13.222,737.56909,C45H78O6,TG,PLWAZRAVTWSEOQ-UHFFFAOYSA-N,O=C(OCC(OC(=O)CCCCCCC)COC(=O)CCCCCCCCCCCCC=CCC=CCC=CCC=CCC)CCCCCCC,530,False,True,False,Normalized unit: Intensity; Annotation method: Msp20260116160945_NCDK_conventional_converted_dev_1,False,False,263,0,0.00,1.00,null,null,null,-1.00,-1.00,-0.144,307.31,P Sandie 50 Mix 4p4 2xdil 4_GC1_01_66548,737.56952:84198 738.57419:39650 739.57885:0,null,703518,749634,770639,642757,716636.920703124,56672.7756366411
264,29.191,737.57074,no MS2: TG 42:4|TG 8:0_8:0_26:4,[M+Na]+,null,1.00,False,13.222,737.56909,C45H78O6,TG,PLWAZRAVTWSEOQ-UHFFFAOYSA-N,O=C(OCC(OC(=O)CCCCCCC)COC(=O)CCCCCCCCCCCCC=CCC=CCC=CCC=CCC)CCCCCCC,530,False,True,False,Normalized unit: Intensity; Annotation method: Msp20260116160945_NCDK_conventional_converted_dev_1,False,False,264,0,0.00,1.00,null,null,null,-1.00,-1.00,-0.143,368.25,P Sandie 50 Mix 4p4 2xdil 2_GC1_01_66546,737.56915:118110 738.57382:54174 739.57849:14628,null,1030911,1041575,1049468,951489,1018360.59460938,45225.0211970453
265,33.562,737.61853,no MS2: SE 28:4/22:1,[M+Na]+,null,1.00,False,14.901,737.62073,C50H82O2,DEGSE,OTEOVAABRKLKPH-UHFFFAOYSA-N,O=C(OC1CC2=CC=C3C(=CCC4(C)C3CCC4C(C=CC(C)C(C)C)C)C2(C)CC1)CCCCCCCCCCCC=CCCCCCCCC,530,False,True,False,Normalized unit: Intensity; Annotation method: Msp20260116160945_NCDK_conventional_converted_dev_1,False,False,265,0,0.00,0.99,null,null,null,-1.00,-1.00,-0.147,231.97,P Sandie 50 Mix 4p4 2xdil I_GC3_01_66545,737.61975:80584 738.62442:40908 739.62909:13740,null,1444725,1383952,1319665,1317813,1366538.96654688,60519.1848107924
266,34.197,737.61896,no MS2: SE 28:4/22:1,[M+Na]+,null,1.00,False,14.901,737.62073,C50H82O2,DEGSE,OTEOVAABRKLKPH-UHFFFAOYSA-N,O=C(OC1CC2=CC=C3C(=CCC4(C)C3CCC4C(C=CC(C)C(C)C)C)C2(C)CC1)CCCCCCCCCCCC=CCCCCCCCC,530,False,True,False,Normalized unit: Intensity; Annotation method: Msp20260116160945_NCDK_conventional_converted_dev_1,False,False,266,0,0.00,1.00,null,null,null,-1.00,-1.00,-0.144,286.05,P Sandie 50 Mix 4p4 2xdil I_GC3_01_66545,737.62024:129614 738.62491:68534 739.62957:19698,null,1407128,1332075,1220993,1249142,1302334.55759375,84285.2297190702
267,37.783,737.65613,Unknown,[M+H]+,null,1.00,False,null,null,null,null,null,null,999,False,False,False,Normalized unit: Intensity,False,False,267,0,0.00,null,null,null,null,null,null,null,404.38,P Sandie 50 Mix 4p4 2xdil 4_GC1_01_66548,737.65613:126906 738.66080:68784 739.66546:16148,null,620126,635450,735254,586126,644239.003328124,64081.6864198288
268,31.385,739.59802,no MS2: BA 24:1;O3;G/20:3,[M+NH4]+,null,1.00,False,9.539,739.59839,C46H75NO5,GLCAE,FKOWUHFBTAIKBW-UHFFFAOYSA-N,O=C(O)CNC(=O)CCC(C)C1CCC2C3CCC4CC(OC(=O)CCCCCCCCCC=CCC=CCC=CCC)CCC4(C)C3CCC12C,530,False,True,False,Normalized unit: Intensity; Annotation method: Msp20260116160945_NCDK_conventional_converted_dev_1,False,False,268,0,0.00,1.00,null,null,null,-1.00,-1.00,-0.143,588.77,P Sandie 50 Mix 4p4 2xdil 3_GC1_01_66547,739.59821:99616 740.60287:50692 741.60754:17102,null,1341583,1323505,1372100,1200353,1309385.48384375,75403.787964072
269,38.229,739.61554,no MS2: DG 43:3,[M+Na]+,null,0.50,False,13.475,739.62109,C46H84O5,DG,OPUPXPQLPVBEMM-UHFFFAOYSA-N,O=C(OCC(OC(=O)CCCCCCCCCCCCCCCCCCC=CCC=CCC=CCCCCCCC)CO)CCCCCCCC,530,False,True,False,Normalized unit: Intensity; Annotation method: Msp20260116160945_NCDK_conventional_converted_dev_1,False,False,269,0,0.00,0.79,null,null,null,-1.00,-1.00,-0.247,506.84,P Sandie 50 Mix 4p4 2xdil 3_GC1_01_66547,739.61603:71814 740.62070:38264 741.62536:10014,null,326249,328396,330966,296483,320523.236093751,16142.4723327509
270,33.152,739.63416,no MS2: SE 28:4/22:0,[M+Na]+,null,1.00,False,14.999,739.63641,C50H84O2,DEGSE,JEHJSAOHOQIHJP-UHFFFAOYSA-N,O=C(OC1CC2=CC=C3C(=CCC4(C)C3CCC4C(C=CC(C)C(C)C)C)C2(C)CC1)CCCCCCCCCCCCCCCCCCCCC,530,False,True,False,Normalized unit: Intensity; Annotation method: Msp20260116160945_NCDK_conventional_converted_dev_1,False,False,270,0,0.00,0.98,null,null,null,-1.00,-1.00,-0.151,548.81,P Sandie 50 Mix 4p4 2xdil I_GC3_01_66545,739.63507:114000 740.63974:54384 741.64441:0,null,1516800,1455913,1398323,1326609,1424411.17582813,81186.7977261965
271,35.746,739.63422,no MS2: SE 28:4/22:0,[M+Na]+,null,1.00,False,14.999,739.63641,C50H84O2,DEGSE,JEHJSAOHOQIHJP-UHFFFAOYSA-N,O=C(OC1CC2=CC=C3C(=CCC4(C)C3CCC4C(C=CC(C)C(C)C)C)C2(C)CC1)CCCCCCCCCCCCCCCCCCCCC,530,False,True,False,Normalized unit: Intensity; Annotation method: Msp20260116160945_NCDK_conventional_converted_dev_1,False,False,271,0,0.00,1.00,null,null,null,-1.00,-1.00,-0.144,3826.80,P Sandie 50 Mix 4p4 2xdil 3_GC1_01_66547,739.63586:462736 740.64053:237068 741.64520:62258,null,4378405,4238884,4304179,4050402,4242967.65785938,140461.392448967
272,36.721,739.63562,no MS2: SE 28:4/22:0,[M+Na]+,null,1.00,False,14.999,739.63641,C50H84O2,DEGSE,JEHJSAOHOQIHJP-UHFFFAOYSA-N,O=C(OC1CC2=CC=C3C(=CCC4(C)C3CCC4C(C=CC(C)C(C)C)C)C2(C)CC1)CCCCCCCCCCCCCCCCCCCCC,530,False,True,False,Normalized unit: Intensity; Annotation method: Msp20260116160945_NCDK_conventional_converted_dev_1,False,False,272,0,0.00,1.00,null,null,null,-1.00,-1.00,-0.143,1073.05,P Sandie 50 Mix 4p4 2xdil I_GC3_01_66545,739.63611:185994 740.64078:101092 741.64544:25690,null,915460,879355,916232,865588,894158.896671874,25667.358039449
273,17.489,740.44525,no MS2: PS 31:2,[M+Na]+,null,1.00,False,7.731,740.44733,C37H68NO10P,PS,PPBQPWWRDVZPRX-UHFFFAOYSA-N,O=C(OCC(OC(=O)CCCCCCCCCCCCCC=CCC=CCCCCCCC)COP(=O)(O)OCC(N)C(=O)O)CCCC,530,False,True,False,Normalized unit: Intensity; Annotation method: Msp20260116160945_NCDK_conventional_converted_dev_1,False,False,273,0,0.00,0.98,null,null,null,-1.00,-1.00,-0.155,497.73,P Sandie 50 Mix 4p4 2xdil 4_GC1_01_66548,740.44568:82762 741.45035:31366 742.45501:7010,null,1245495,1286444,1243781,1133436,1227288.990625,65602.6136902824
274,33.766,741.61401,no MS2: BA 24:1;O3;G/20:2,[M+NH4]+,null,1.00,False,9.956,741.61401,C46H77NO5,GLCAE,QTIISWVDXAIDSY-UHFFFAOYSA-N,O=C(O)CNC(=O)CCC(C)C1CCC2C3CCC4CC(OC(=O)CCCCCCCCCC=CCC=CCCCCC)CCC4(C)C3CCC12C,530,False,True,False,Normalized unit: Intensity; Annotation method: Msp20260116160945_NCDK_conventional_converted_dev_1,False,False,274,0,0.00,1.00,null,null,null,-1.00,-1.00,-0.143,356.35,P Sandie 50 Mix 4p4 2xdil 2_GC1_01_66546,741.61401:87194 742.61868:41288 743.62335:11934,null,1196583,1235787,1164716,1059322,1164102.1396875,75659.0008991632
275,32.930,741.61438,no MS2: BA 24:1;O3;G/20:2,[M+NH4]+,null,1.00,False,9.956,741.61401,C46H77NO5,GLCAE,QTIISWVDXAIDSY-UHFFFAOYSA-N,O=C(O)CNC(=O)CCC(C)C1CCC2C3CCC4CC(OC(=O)CCCCCCCCCC=CCC=CCCCCC)CCC4(C)C3CCC12C,530,False,True,False,Normalized unit: Intensity; Annotation method: Msp20260116160945_NCDK_conventional_converted_dev_1,False,False,275,0,0.00,1.00,null,null,null,-1.00,-1.00,-0.143,1015.17,P Sandie 50 Mix 4p4 2xdil I_GC3_01_66545,741.61383:200794 742.61850:104320 743.62317:25366,null,2226979,2181844,2215379,2053932,2169533.60684375,79408.3476442284
276,36.438,741.65259,no MS2: SE 28:3/22:0,[M+Na]+,null,1.00,False,15.377,741.65198,C50H86O2,EGSE,YEUGXZDTWDCHPF-UHFFFAOYSA-N,O=C(OC1CC2=CC=C3C(CCC4(C)C3CCC4C(C=CC(C)C(C)C)C)C2(C)CC1)CCCCCCCCCCCCCCCCCCCCC,530,False,True,False,Normalized unit: Intensity; Annotation method: Msp20260116160945_NCDK_conventional_converted_dev_1,False,False,276,0,0.00,1.00,null,null,null,-1.00,-1.00,-0.143,330.00,P Sandie 50 Mix 4p4 2xdil 3_GC1_01_66547,741.65198:62088 742.65665:32154 743.66131:9310,null,645137,612705,625626,637502,630242.504703126,14182.3945388769
277,38.560,743.64600,no MS2: DG 43:1,[M+Na]+,null,0.50,False,13.764,743.65240,C46H88O5,DG,NERLJLATLANMBZ-UHFFFAOYSA-N,O=C(OCC(OC(=O)CCCCCCCCCCCCCCCCCCCCCCC=CCCCCCCCCCC)CO)CCCCCCC,530,False,True,False,Normalized unit: Intensity; Annotation method: Msp20260116160945_NCDK_conventional_converted_dev_1,False,False,277,0,0.00,0.69,null,null,null,-1.00,-1.00,-0.298,452.13,P Sandie 50 Mix 4p4 2xdil 4_GC1_01_66548,743.64600:79012 744.65066:40728 745.65533:12610,null,378664,323972,375758,333131,352881.597687502,28366.1587036684
278,36.784,745.62573,no MS2: SM 37:1;O2|SM 12:1;O2/25:0,[M+H]+,null,0.50,False,10.060,745.62183,C42H85N2O6P,SM,AWIFGOBWPWIAOU-UHFFFAOYSA-N,O=C(NC(COP(=O)([O-])OCC[N+](C)(C)C)C(O)C=CCCCCCCC)CCCCCCCCCCCCCCCCCCCCCCCC,530,False,True,False,Normalized unit: Intensity; Annotation method: Msp20260116160945_NCDK_conventional_converted_dev_1,False,False,278,0,0.00,0.88,null,null,null,-1.00,-1.00,-0.205,546.52,P Sandie 50 Mix 4p4 2xdil I_GC3_01_66545,745.62567:74082 746.63034:40508 747.63501:11646,null,511529,357247,470388,498922,459521.212359376,70321.635959714
279,32.935,755.62946,no MS2: BA 24:1;O3;G/21:2,[M+NH4]+,null,1.00,False,10.648,755.62970,C47H79NO5,GLCAE,NTPZIMSSYURRBJ-UHFFFAOYSA-N,O=C(O)CNC(=O)CCC(C)C1CCC2C3CCC4CC(OC(=O)CCCCCCCCCC=CCC=CCCCCCC)CCC4(C)C3CCC12C,530,False,True,False,Normalized unit: Intensity; Annotation method: Msp20260116160945_NCDK_conventional_converted_dev_1,False,False,279,0,0.00,1.00,null,null,null,-1.00,-1.00,-0.143,462.94,P Sandie 50 Mix 4p4 2xdil 2_GC1_01_66546,755.62946:91142 756.63412:48390 757.63879:12402,null,910043,901905,868660,806868,871869.100484376,46885.7221535848
280,25.735,758.57098,no MS2: Cer 49:12;O4|Cer 12:1;O2/37:11;O2,[M+H]+,null,1.00,False,10.594,758.57178,C49H75NO5,Cer_EOS,YJXCZRFEUFCVMT-UHFFFAOYSA-N,O=C(OCCC=CCC=CCC=CCC=CCC(=O)NC(CO)C(O)C=CCCCCCCC)CCC=CCC=CCC=CCC=CCC=CCC=CCC,530,False,True,False,Normalized unit: Intensity; Annotation method: Msp20260116160945_NCDK_conventional_converted_dev_1,False,False,280,0,0.00,1.00,null,null,null,-1.00,-1.00,-0.143,52765.23,P Sandie 50 Mix 4p4 2xdil I_GC3_01_66545,758.57166:7023092 759.57632:3255366 760.58099:827004,null,104799114,103670320,101478387,98076814,102006158.793453,2960198.28203367
281,25.735,758.72449,Unknown,[M+2H]2+,null,1.00,False,null,null,null,null,null,null,999,False,False,False,Normalized unit: Intensity,False,False,281,0,0.00,null,null,null,null,null,null,null,920.46,P Sandie 50 Mix 4p4 2xdil 2_GC1_01_66546,758.72449:125838 759.72916:35792 760.73382:2086,null,1328634,1295314,1247845,1185175,1264241.93840625,62268.9790010446
282,25.735,758.83917,Unknown,[M+H]+,null,1.00,False,null,null,null,null,null,null,999,False,False,False,Normalized unit: Intensity,False,False,282,0,0.00,null,null,null,null,null,null,null,1244.38,P Sandie 50 Mix 4p4 2xdil 2_GC1_01_66546,758.83917:134614 759.84384:48276 760.84851:2284,null,1422166,1330623,1260514,1253652,1316738.978875,78419.2341068682
283,25.735,760.23840,Unknown,[M+H]+,null,1.00,False,null,null,null,null,null,null,999,False,False,False,Normalized unit: Intensity,False,False,283,0,0.00,null,null,null,null,null,null,null,1174.10,P Sandie 50 Mix 4p4 2xdil 2_GC1_01_66546,760.23840:88078 761.24307:4038 762.24774:720,null,723781,689867,653473,601648,667192.305703124,52283.7588090925
284,27.463,760.58649,no MS2: Cer 49:11;O4|Cer 12:1;O2/37:10;O2,[M+H]+,null,1.00,False,10.908,760.58752,C49H77NO5,Cer_EOS,DDLJIZBIJAEWSX-UHFFFAOYSA-N,O=C(OCCC=CCC=CCC=CCCCCC(=O)NC(CO)C(O)C=CCCCCCCC)CCC=CCC=CCC=CCC=CCC=CCC=CCC,530,False,True,False,Normalized unit: Intensity; Annotation method: Msp20260116160945_NCDK_conventional_converted_dev_1,False,False,284,0,0.00,1.00,null,null,null,-1.00,-1.00,-0.143,50390.45,P Sandie 50 Mix 4p4 2xdil 3_GC1_01_66547,760.58716:6617766 761.59183:3011036 762.59649:749966,null,92787356,92855804,93259700,86762844,91416426.1546562,3109380.5664162
285,27.468,760.74005,Unknown,[M+2H]2+,null,1.00,False,null,null,null,null,null,null,999,False,False,False,Normalized unit: Intensity,False,False,285,0,0.00,null,null,null,null,null,null,null,976.74,P Sandie 50 Mix 4p4 2xdil 2_GC1_01_66546,760.74005:116970 761.74472:33672 762.74939:2136,null,1167743,1146099,1119589,1012409,1111460.20932812,68907.5852458344
286,27.468,760.85413,Unknown,[M+H]+,null,1.00,False,null,null,null,null,null,null,999,False,False,False,Normalized unit: Intensity,False,False,286,0,0.00,null,null,null,null,null,null,null,1196.86,P Sandie 50 Mix 4p4 2xdil 2_GC1_01_66546,760.85413:122762 761.85879:39852 762.86346:1418,null,1214457,1181041,1161057,1080776,1159332.84334375,56815.5483000458
287,27.468,762.25446,Unknown,[M+H]+,null,1.00,False,null,null,null,null,null,null,999,False,False,False,Normalized unit: Intensity,False,False,287,0,0.00,null,null,null,null,null,null,null,1002.17,P Sandie 50 Mix 4p4 2xdil 2_GC1_01_66546,762.25446:74042 763.25912:3646 764.26379:712,null,578580,556023,534171,472290,535265.99634375,45731.5656865779
288,20.803,768.47699,no MS2: PS 33:2,[M+Na]+,null,1.00,False,8.410,768.47858,C39H72NO10P,PS,BAWHFKZFMISEEP-UHFFFAOYSA-N,O=C(OCC(OC(=O)CCCCCCCCCCCCCCCC=CCC=CCCCCCCC)COP(=O)(O)OCC(N)C(=O)O)CCCC,530,False,True,False,Normalized unit: Intensity; Annotation method: Msp20260116160945_NCDK_conventional_converted_dev_1,False,False,288,0,0.00,0.98,null,null,null,-1.00,-1.00,-0.151,583.31,P Sandie 50 Mix 4p4 2xdil I_GC3_01_66545,768.47717:83338 769.48184:33986 770.48651:8414,null,1469897,1557400,1618611,1336196,1495526.00023438,122503.324757705
289,17.489,770.45593,no MS2: SHexCer 34:6;O2|SHexCer 12:1;O2/22:5,[M+H]+,null,1.00,False,7.899,770.45081,C40H67NO11S,SHexCer,XRNYQZOMTCANLN-UHFFFAOYSA-N,O=C(NC(COC1OC(CO)C(O)C(OS(=O)(=O)O)C1O)C(O)C=CCCCCCCC)CCCCCC=CCC=CCC=CCC=CCC=CCC,530,False,True,False,Normalized unit: Intensity; Annotation method: Msp20260116160945_NCDK_conventional_converted_dev_1,False,False,289,0,0.00,0.81,null,null,null,-1.00,-1.00,-0.238,526.41,P Sandie 50 Mix 4p4 2xdil 3_GC1_01_66547,770.45581:60218 771.46048:22690 772.46515:5386,null,1015567,1065004,1090944,973137,1036163.11123437,52374.4188181576
290,25.735,780.55261,no MS2: NAGlySer 41:10;O2|NAGlySer 15:3;O(FA 26:6),[M+NH4]+,null,1.00,False,8.247,780.55212,C46H70N2O7,NAGlySer,QJXPKYVYSTZUAR-UHFFFAOYSA-N,O=C(OC(C=CCC=CCC=CCC)CCCC(=O)NCC(=O)NC(C(=O)O)CO)CCCCCCC=CCC=CCC=CCC=CCC=CCC=CCC,530,False,True,False,Normalized unit: Intensity; Annotation method: Msp20260116160945_NCDK_conventional_converted_dev_1,False,False,290,0,0.00,1.00,null,null,null,-1.00,-1.00,-0.143,8379.19,P Sandie 50 Mix 4p4 2xdil 3_GC1_01_66547,780.55212:1230020 781.55679:565598 782.56146:131924,null,19892194,19570894,19700935,18450341,19403590.8713281,649056.159685876
291,37.130,780.68713,no MS2: Cer 51:6;O4|Cer 13:1;O3/38:5(2OH),[M+H-H2O]+,null,1.00,False,13.196,780.68640,C51H91NO5,Cer_AP,XTWRDFHBPPLYAE-UHFFFAOYSA-N,O=C(NC(CO)C(O)C(O)CCCC=CCCCC)C(O)CCCCCCCCCCCCCCCCCCCCC=CCC=CCC=CCC=CCC=CCC,530,False,True,False,Normalized unit: Intensity; Annotation method: Msp20260116160945_NCDK_conventional_converted_dev_1,False,False,291,0,0.00,1.00,null,null,null,-1.00,-1.00,-0.143,520.85,P Sandie 50 Mix 4p4 2xdil 4_GC1_01_66548,780.68665:116640 781.69131:64296 782.69598:16980,null,421291,426370,420182,371321,409791.17134375,25787.8733868948
292,37.517,780.68744,no MS2: Cer 51:6;O4|Cer 13:1;O3/38:5(2OH),[M+H-H2O]+,null,0.75,False,13.196,780.68640,C51H91NO5,Cer_AP,XTWRDFHBPPLYAE-UHFFFAOYSA-N,O=C(NC(CO)C(O)C(O)CCCC=CCCCC)C(O)CCCCCCCCCCCCCCCCCCCCC=CCC=CCC=CCC=CCC=CCC,530,False,True,False,Normalized unit: Intensity; Annotation method: Msp20260116160945_NCDK_conventional_converted_dev_1,False,False,292,0,0.00,0.99,null,null,null,-1.00,-1.00,-0.147,411.61,P Sandie 50 Mix 4p4 2xdil 3_GC1_01_66547,780.68744:80572 781.69211:44658 782.69677:13012,null,480673,486203,469691,422706,464818.1380625,28901.227072089
293,25.735,781.55566,no MS2: RIKEN P-VS1 ID-10479 from Mouse_Plasma_WT_N_Ctr,[M+H]+,null,1.00,False,8.870,781.55432,null,Unknown,null,null,530,False,True,False,Normalized unit: Intensity; Annotation method: Msp20260116160945_NCDK_conventional_converted_dev_1,False,False,293,0,0.00,0.99,null,null,null,-1.00,-1.00,-0.135,3371.32,P Sandie 50 Mix 4p4 2xdil 3_GC1_01_66547,781.55566:565598 782.56033:131924 783.56500:23486,null,9074727,9237742,9011652,8338529,8915662.34526562,396372.79224433
294,27.459,782.56799,no MS2: NAGlySer 41:9;O2|NAGlySer 15:2;O(FA 26:6),[M+NH4]+,null,1.00,False,7.892,782.56781,C46H72N2O7,NAGlySer,JMCCZEKHWHPGJT-UHFFFAOYSA-N,O=C(OC(C=CCC=CCCC)CCCCCC(=O)NCC(=O)NC(C(=O)O)CO)CCCCCCC=CCC=CCC=CCC=CCC=CCC=CCC,530,False,True,False,Normalized unit: Intensity; Annotation method: Msp20260116160945_NCDK_conventional_converted_dev_1,False,False,294,0,0.00,1.00,null,null,null,-1.00,-1.00,-0.143,6864.30,P Sandie 50 Mix 4p4 2xdil 2_GC1_01_66546,782.56799:906642 783.57266:419168 784.57733:103388,null,14160442,14124522,14403933,13092303,13945300.1059062,582052.326419288
295,28.151,786.60193,no MS2: Cer 51:12;O4|Cer 12:1;O2/39:11;O2,[M+H]+,null,1.00,False,11.046,786.60309,C51H79NO5,Cer_EOS,MLGJHRAHIPLDHN-UHFFFAOYSA-N,O=C(OCCC=CCC=CCC=CCC=CCCCC(=O)NC(CO)C(O)C=CCCCCCCC)CCC=CCC=CCC=CCC=CCC=CCC=CCC,530,False,True,False,Normalized unit: Intensity; Annotation method: Msp20260116160945_NCDK_conventional_converted_dev_1,False,False,295,0,0.00,1.00,null,null,null,-1.00,-1.00,-0.144,758.36,P Sandie 50 Mix 4p4 2xdil 4_GC1_01_66548,786.60352:91646 787.60818:43346 788.61285:13476,null,1304667,1335546,2092465,1239972,1493162.41510937,401514.590867825
296,29.992,788.61688,no MS2: DMPE 37:1|DMPE 5:0_32:1,[M+H]+,null,1.00,False,12.658,788.61639,C44H86NO8P,DMPE,UUVHRGQBUHHGHP-UHFFFAOYSA-N,O=C(OCC(OC(=O)CCCCCCCCCCCCCCCCCCCCCC=CCCCCCCCC)COP(=O)(O)OCCN(C)C)CCCC,530,False,True,False,Normalized unit: Intensity; Annotation method: Msp20260116160945_NCDK_conventional_converted_dev_1,False,False,296,0,0.00,1.00,null,null,null,-1.00,-1.00,-0.143,49332.73,P Sandie 50 Mix 4p4 2xdil I_GC3_01_66545,788.61609:5830830 789.62076:2874488 790.62542:732170,null,91325220,92328548,91507697,84331970,89873358.8485626,3719941.90915093
297,29.992,788.88910,Unknown,[M+H]+,null,1.00,False,null,null,null,null,null,null,999,False,False,False,Normalized unit: Intensity,False,False,297,0,0.00,null,null,null,null,null,null,null,1066.58,P Sandie 50 Mix 4p4 2xdil 2_GC1_01_66546,788.88910:114398 789.89377:26442 790.89843:2058,null,1120095,1115795,1082823,972300,1072752.8416875,69007.483081418
298,29.992,789.29431,Unknown,[M+H]+,null,1.00,False,null,null,null,null,null,null,999,False,False,False,Normalized unit: Intensity,False,False,298,0,0.00,null,null,null,null,null,null,null,3275.69,P Sandie 50 Mix 4p4 2xdil 2_GC1_01_66546,789.29431:190344 790.29898:61726 791.30365:2962,null,1890582,1866169,1824083,1658482,1809829.12357813,104569.853288279
299,31.694,790.63220,no MS2: DMPE 37:0|DMPE 32:0_5:0,[M+H]+,null,1.00,False,13.404,790.63202,C44H88NO8P,DMPE,UWPCIDYITBMELO-UHFFFAOYSA-N,O=C(OCC(OC(=O)CCCC)COP(=O)(O)OCCN(C)C)CCCCCCCCCCCCCCCCCCCCCCCCCCCCCCC,530,False,True,False,Normalized unit: Intensity; Annotation method: Msp20260116160945_NCDK_conventional_converted_dev_1,False,False,299,0,0.00,1.00,null,null,null,-1.00,-1.00,-0.143,43687.64,P Sandie 50 Mix 4p4 2xdil I_GC3_01_66545,790.63190:5643574 791.63656:2873234 792.64123:740458,null,93701059,94880566,94283848,87098774,92491061.7857969,3626966.97417008
300,31.694,790.78888,Unknown,[M+2H]2+,null,1.00,False,null,null,null,null,null,null,999,False,False,False,Normalized unit: Intensity,False,False,300,0,0.00,null,null,null,null,null,null,null,879.06,P Sandie 50 Mix 4p4 2xdil 2_GC1_01_66546,790.78888:102512 791.79355:29082 792.79821:1478,null,1072413,1089222,1090913,939753,1048075.20845313,72695.7559505472
301,31.694,790.90479,Unknown,[M+H]+,null,1.00,False,null,null,null,null,null,null,999,False,False,False,Normalized unit: Intensity,False,False,301,0,0.00,null,null,null,null,null,null,null,1032.57,P Sandie 50 Mix 4p4 2xdil 2_GC1_01_66546,790.90479:115948 791.90945:36810 792.91412:0,null,1302295,1233906,1250765,1143449,1232603.97979688,66174.2431905066
302,31.699,792.31323,Unknown,[M+H]+,null,1.00,False,null,null,null,null,null,null,999,False,False,False,Normalized unit: Intensity,False,False,302,0,0.00,null,null,null,null,null,null,null,767.38,P Sandie 50 Mix 4p4 2xdil 2_GC1_01_66546,792.31323:68412 793.31790:2858 794.32257:838,null,580905,525409,523685,484446,528611.25396875,39664.1711595086
303,23.937,796.50861,no MS2: PS 35:2,[M+Na]+,null,1.00,False,8.270,796.50989,C41H76NO10P,PS,QZWAAXGKZZSICQ-UHFFFAOYSA-N,O=C(OCC(OC(=O)CCCCCCCCCCCCCCCCCC=CCC=CCCCCCCC)COP(=O)(O)OCC(N)C(=O)O)CCCC,530,False,True,False,Normalized unit: Intensity; Annotation method: Msp20260116160945_NCDK_conventional_converted_dev_1,False,False,303,0,0.00,1.00,null,null,null,-1.00,-1.00,-0.144,825.70,P Sandie 50 Mix 4p4 2xdil 2_GC1_01_66546,796.50940:121462 797.51407:50110 798.51873:12188,null,2001482,2028841,2084059,1923941,2009580.74346875,66627.6954266692
304,36.560,796.70459,no MS2: HexCer 42:0;O2|HexCer 16:0;O2/26:0,[M+H-H2O]+,null,1.00,False,13.113,796.70251,C48H95NO8,HexCer_NDS,BKSXKRUSYDJGAP-UHFFFAOYSA-N,O=C(NC(COC1OC(CO)C(O)C(O)C1O)C(O)CCCCCCCCCCCCC)CCCCCCCCCCCCCCCCCCCCCCCCC,530,False,True,False,Normalized unit: Intensity; Annotation method: Msp20260116160945_NCDK_conventional_converted_dev_1,False,False,304,0,0.00,1.00,null,null,null,-1.00,-1.00,-0.143,1231.32,P Sandie 50 Mix 4p4 2xdil 4_GC1_01_66548,796.70251:135440 797.70718:66702 798.71185:18812,null,1371194,1324553,1296313,1415430,1351872.75323437,52427.9286193579
305,20.803,798.48676,no MS2: SHexCer 36:6;O2|SHexCer 12:1;O2/24:5,[M+H]+,null,1.00,False,7.953,798.48212,C42H71NO11S,SHexCer,JEXDNMJMGOPVQG-UHFFFAOYSA-N,O=C(NC(COC1OC(CO)C(O)C(OS(=O)(=O)O)C1O)C(O)C=CCCCCCCC)CCCCCCCC=CCC=CCC=CCC=CCC=CCC,530,False,True,False,Normalized unit: Intensity; Annotation method: Msp20260116160945_NCDK_conventional_converted_dev_1,False,False,305,0,0.00,0.84,null,null,null,-1.00,-1.00,-0.220,732.04,P Sandie 50 Mix 4p4 2xdil 2_GC1_01_66546,798.48676:77694 799.49142:29118 800.49609:6942,null,1300506,1229234,1302664,1180304,1253177.21232813,59365.1271562982
306,25.735,802.60822,no MS2: RIKEN P-VS1 ID-11372 from Mouse_Feces_WT_N_Ctr,[M+H]+,null,1.00,False,3.780,802.61481,null,Unknown,null,null,530,False,True,False,Normalized unit: Intensity; Annotation method: Msp20260116160945_NCDK_conventional_converted_dev_1,False,False,306,0,0.00,0.78,null,null,null,-1.00,-1.00,-0.228,548.13,P Sandie 50 Mix 4p4 2xdil I_GC3_01_66545,802.60913:62256 803.61380:31020 804.61847:7838,null,1023749,979537,938294,943361,971235.351859375,39533.7484839301
307,29.992,810.59839,no MS2: PC 36:1,[M+Na]+,null,1.00,False,10.628,810.59833,C44H86NO8P,PC,BKACBHCGNYBKHD-UHFFFAOYSA-N,O=C(OCC(OC(=O)CCCCCCCCCCCCCCCCCCC=CCCCCCCCCCC)COP(=O)([O-])OCC[N+](C)(C)C)CCCC,530,False,True,False,Normalized unit: Intensity; Annotation method: Msp20260116160945_NCDK_conventional_converted_dev_1,False,False,307,0,0.00,1.00,null,null,null,-1.00,-1.00,-0.143,6211.62,P Sandie 50 Mix 4p4 2xdil 3_GC1_01_66547,810.59833:909934 811.60300:433584 812.60766:107730,null,14465922,15006843,14721357,13854611,14512183.3345,490911.950522462
308,31.699,812.61383,no MS2: NAGlySer 43:8;O2|NAGlySer 15:1;O(FA 28:6),[M+NH4]+,null,1.00,False,9.063,812.61469,C48H78N2O7,NAGlySer,KUZPIEVYOYJJNW-UHFFFAOYSA-N,O=C(OC(C=CCCCCC)CCCCCCC(=O)NCC(=O)NC(C(=O)O)CO)CCCCCCCCC=CCC=CCC=CCC=CCC=CCC=CCC,530,False,True,False,Normalized unit: Intensity; Annotation method: Msp20260116160945_NCDK_conventional_converted_dev_1,False,False,308,0,0.00,1.00,null,null,null,-1.00,-1.00,-0.143,7265.06,P Sandie 50 Mix 4p4 2xdil 4_GC1_01_66548,812.61475:915430 813.61941:445552 814.62408:107294,null,16148410,16353519,16703834,15367433,16143299.2128281,565799.209909939
309,33.855,818.66309,no MS2: DMPE 39:0|DMPE 34:0_5:0,[M+H]+,null,0.75,False,12.973,818.66333,C46H92NO8P,DMPE,PBFYZIOATXJMEP-UHFFFAOYSA-N,O=C(OCC(OC(=O)CCCC)COP(=O)(O)OCCN(C)C)CCCCCCCCCCCCCCCCCCCCCCCCCCCCCCCCC,530,False,True,False,Normalized unit: Intensity; Annotation method: Msp20260116160945_NCDK_conventional_converted_dev_1,False,False,309,0,0.00,1.00,null,null,null,-1.00,-1.00,-0.143,458.49,P Sandie 50 Mix 4p4 2xdil 2_GC1_01_66546,818.66309:57488 819.66775:26916 820.67242:8040,null,1242533,1233796,1222564,1169284,1217044.13117188,32872.4079396411
310,23.937,826.51868,no MS2: SHexCer 38:6;O2|SHexCer 12:1;O2/26:5,[M+H]+,null,1.00,False,7.909,826.51343,C44H75NO11S,SHexCer,PERFWAPFGBCURV-UHFFFAOYSA-N,O=C(NC(COC1OC(CO)C(O)C(OS(=O)(=O)O)C1O)C(O)C=CCCCCCCC)CCCCCCCCCC=CCC=CCC=CCC=CCC=CCC,530,False,True,False,Normalized unit: Intensity; Annotation method: Msp20260116160945_NCDK_conventional_converted_dev_1,False,False,310,0,0.00,0.82,null,null,null,-1.00,-1.00,-0.234,879.27,P Sandie 50 Mix 4p4 2xdil 3_GC1_01_66547,826.51868:84254 827.52334:36682 828.52801:8900,null,1608906,1570598,1652142,1504349,1583998.61721875,62683.3051754575
311,36.512,828.73065,no MS2: HexCer 43:0;O2|HexCer 16:0;O2/27:0,[M+H]+,null,1.00,False,13.473,828.72870,C49H97NO8,HexCer_NDS,RJBHXEYITUAPIU-UHFFFAOYSA-N,O=C(NC(COC1OC(CO)C(O)C(O)C1O)C(O)CCCCCCCCCCCCC)CCCCCCCCCCCCCCCCCCCCCCCCCC,530,False,True,False,Normalized unit: Intensity; Annotation method: Msp20260116160945_NCDK_conventional_converted_dev_1,False,False,311,0,0.00,1.00,null,null,null,-1.00,-1.00,-0.143,742.54,P Sandie 50 Mix 4p4 2xdil 4_GC1_01_66548,828.72833:90982 829.73300:48898 830.73767:12908,null,880050,885346,840527,941881,886950.938703125,41724.1629459054
312,38.305,836.71375,no MS2: Cer 54:8;O4|Cer 16:2;O3/38:6(2OH),[M+H]+,null,1.00,False,13.143,836.71271,C54H93NO5,Cer_AP,YLKQTEIHHSRAJQ-UHFFFAOYSA-N,O=C(NC(CO)C(O)C(O)CCCC=CCCC=CCCC)C(O)CCCCCCCCCCCCCCCCCC=CCC=CCC=CCC=CCC=CCC=CCC,530,False,True,False,Normalized unit: Intensity; Annotation method: Msp20260116160945_NCDK_conventional_converted_dev_1,False,False,312,0,0.00,0.99,null,null,null,-1.00,-1.00,-0.147,1074.47,P Sandie 50 Mix 4p4 2xdil 3_GC1_01_66547,836.71375:142920 837.71841:79406 838.72308:24104,null,1176932,1281324,1212537,1107019,1194452.8755,72629.871553014
313,36.878,846.83929,Unknown,[M+H]+,null,0.75,False,null,null,null,null,null,null,999,False,False,False,Normalized unit: Intensity,False,False,313,0,0.00,null,null,null,null,null,null,null,498.86,P Sandie 50 Mix 4p4 2xdil 4_GC1_01_66548,846.83929:106846 847.84396:58822 848.84863:18452,null,274561,285058,286878,251927,274605.999765624,16064.4839755768
314,25.740,848.54028,no MS2: PS 39:4,[M+Na]+,null,1.00,False,9.094,848.54120,C45H80NO10P,PS,HJBIAFFEWYOQTF-UHFFFAOYSA-N,O=C(OCC(OC(=O)CCCCCCCCCCCCCCCCCCCCC=CCC=CCC=CCC=CCC)COP(=O)(O)OCC(N)C(=O)O)CCCC,530,False,True,False,Normalized unit: Intensity; Annotation method: Msp20260116160945_NCDK_conventional_converted_dev_1,False,False,314,0,0.00,1.00,null,null,null,-1.00,-1.00,-0.143,1278.23,P Sandie 50 Mix 4p4 2xdil I_GC3_01_66545,848.54108:129894 849.54574:63482 850.55041:16280,null,2333165,2264579,2299129,2189280,2271538.24057812,61573.5121207627
315,39.158,848.77094,no MS2: TG 50:2|TG 8:0_8:0_34:2,[M+NH4]+,null,1.00,False,14.271,848.77020,C53H98O6,TG,VZLKOMBMLGTLFF-UHFFFAOYSA-N,O=C(OCC(OC(=O)CCCCCCC)COC(=O)CCCCCCCCCCCCCCCCCCCCCC=CCC=CCCCCCCC)CCCCCCC,530,False,True,False,Normalized unit: Intensity; Annotation method: Msp20260116160945_NCDK_conventional_converted_dev_1,False,False,315,0,0.00,1.00,null,null,null,-1.00,-1.00,-0.145,993.75,P Sandie 50 Mix 4p4 2xdil 3_GC1_01_66547,848.77094:146418 849.77560:80346 850.78027:22934,null,774279,876385,769156,679284,774775.864046875,80570.8978489009
316,27.455,850.55597,no MS2: PS 39:3,[M+Na]+,null,1.00,False,9.286,850.55688,C45H82NO10P,PS,GJONODZYCQRUOW-UHFFFAOYSA-N,O=C(OCC(OC(=O)CCCCCCCCCCCCCCCCCCC=CCC=CCC=CCCCCCCC)COP(=O)(O)OCC(N)C(=O)O)CCCC,530,False,True,False,Normalized unit: Intensity; Annotation method: Msp20260116160945_NCDK_conventional_converted_dev_1,False,False,316,0,0.00,1.00,null,null,null,-1.00,-1.00,-0.144,1043.81,P Sandie 50 Mix 4p4 2xdil 4_GC1_01_66548,850.55627:113038 851.56094:51996 852.56561:14502,null,2084204,1966584,2034333,1927322,2003110.940625,69831.0030252648
317,39.711,850.78827,no MS2: TG 50:1|TG 8:0_8:0_34:1,[M+NH4]+,null,1.00,False,14.765,850.78583,C53H100O6,TG,WLEHGRAGAYLVMG-UHFFFAOYSA-N,O=C(OCC(OC(=O)CCCCCCC)COC(=O)CCCCCCCCCCCCCCCCCCCCCCCC=CCCCCCCCC)CCCCCCC,530,False,True,False,Normalized unit: Intensity; Annotation method: Msp20260116160945_NCDK_conventional_converted_dev_1,False,False,317,0,0.00,0.99,null,null,null,-1.00,-1.00,-0.150,76129.88,P Sandie 50 Mix 4p4 2xdil I_GC3_01_66545,850.78723:9657226 851.79190:5847254 852.79657:1709140,null,60923183,65281441,61721781,58908259,61708666.0549064,2659834.32483135
318,39.711,850.94916,Unknown,[M+2H]2+,null,1.00,False,null,null,null,null,null,null,999,False,False,False,Normalized unit: Intensity,False,False,318,0,0.00,null,null,null,null,null,null,null,1635.07,P Sandie 50 Mix 4p4 2xdil 3_GC1_01_66547,850.94916:198416 851.95383:132156 852.95849:17000,null,1103285,1190903,1118463,1071189,1120960.00126563,50621.8666494147
319,39.711,851.07300,Unknown,[M+H]+,null,1.00,False,null,null,null,null,null,null,999,False,False,False,Normalized unit: Intensity,False,False,319,0,0.00,null,null,null,null,null,null,null,2952.16,P Sandie 50 Mix 4p4 2xdil 3_GC1_01_66547,851.07300:183932 852.07767:131488 853.08233:0,null,1074506,1129398,1055241,1006383,1066382.20328125,50862.8659051818
320,39.711,851.20178,Unknown,[M+H]+,null,1.00,False,null,null,null,null,null,null,999,False,False,False,Normalized unit: Intensity,False,False,320,0,0.00,null,null,null,null,null,null,null,898.94,P Sandie 50 Mix 4p4 2xdil 3_GC1_01_66547,851.20178:79408 852.20645:29280 853.21112:2650,null,339300,384181,333918,329465,346716.027375002,25298.2441279552
321,37.169,852.70880,no MS2: TG 51:7|TG 8:0_9:0_34:7,[M+NH4]+,null,1.00,False,13.427,852.70758,C54H90O6,TG,LOGQIRWGDKUYBC-UHFFFAOYSA-N,O=C(OCC(OC(=O)CCCCCCCC)COC(=O)CCCCCCCCCCCC=CCC=CCC=CCC=CCC=CCC=CCC=CCC)CCCCCCC,530,False,True,False,Normalized unit: Intensity; Annotation method: Msp20260116160945_NCDK_conventional_converted_dev_1,False,False,321,0,0.00,1.00,null,null,null,-1.00,-1.00,-0.143,1165.70,P Sandie 50 Mix 4p4 2xdil 4_GC1_01_66548,852.70746:176962 853.71213:105486 854.71679:31074,null,1334594,1467218,1204212,1432240,1359565.80478125,117797.422872722
322,39.725,855.74225,no MS2: TG 50:1|TG 8:0_8:0_34:1,[M+Na]+,null,1.00,False,14.765,855.74121,C53H100O6,TG,WLEHGRAGAYLVMG-UHFFFAOYSA-N,O=C(OCC(OC(=O)CCCCCCC)COC(=O)CCCCCCCCCCCCCCCCCCCCCCCC=CCCCCCCCC)CCCCCCC,530,False,True,False,Normalized unit: Intensity; Annotation method: Msp20260116160945_NCDK_conventional_converted_dev_1,False,False,322,0,0.00,0.99,null,null,null,-1.00,-1.00,-0.147,908.34,P Sandie 50 Mix 4p4 2xdil I_GC3_01_66545,855.74225:104606 856.74692:57610 857.75158:17740,null,792615,816889,762130,846070,804426.088218752,35674.620856317
323,38.324,877.74103,no MS2: SL 53:5;O|SL 17:1;O/36:4,[M+NH4]+,null,0.75,False,13.492,877.74261,C53H97NO5S,SL,KAAYIJWMEWUKGI-UHFFFAOYSA-N,O=C(N(CC(O)C=CCCCCCCCCCCCC)CS(=O)(=O)O)CCCCCCCCCCCCCCCCCCCCCCC=CCC=CCC=CCC=CCC,530,False,True,False,Normalized unit: Intensity; Annotation method: Msp20260116160945_NCDK_conventional_converted_dev_1,False,False,323,0,0.00,0.99,null,null,null,-1.00,-1.00,-0.149,612.52,P Sandie 50 Mix 4p4 2xdil 4_GC1_01_66548,877.74127:71760 878.74594:42732 879.75061:14074,null,568824,465971,563280,549187,536815.599796874,47947.4019730458
324,39.720,877.79755,no MS2: RIKEN P-VS1 ID-14438 from Mouse_Plasma_WT_N_Ctr,[M+H]+,null,1.00,False,14.550,877.79492,null,Unknown,null,null,530,False,True,False,Normalized unit: Intensity; Annotation method: Msp20260116160945_NCDK_conventional_converted_dev_1,False,False,324,0,0.00,0.96,null,null,null,-1.00,-1.00,-0.148,2665.71,P Sandie 50 Mix 4p4 2xdil I_GC3_01_66545,877.79755:273346 878.80221:170214 879.80688:49270,null,2372432,2431626,2322916,2346286,2368315.070375,46803.0274353019
325,25.740,878.55078,no MS2: RIKEN P-VS1 ID-14458 from Mouse_Plasma_ApoEKO_N_F1EPA,[M+H]+,null,1.00,False,9.360,878.55042,null,Unknown,null,null,530,False,True,False,Normalized unit: Intensity; Annotation method: Msp20260116160945_NCDK_conventional_converted_dev_1,False,False,325,0,0.00,1.00,null,null,null,-1.00,-1.00,-0.129,1160.68,P Sandie 50 Mix 4p4 2xdil 3_GC1_01_66547,878.55035:103328 879.55502:45508 880.55969:13574,null,1819972,1877433,1851248,1685591,1808560.731625,85278.5256396443
326,29.992,878.58594,no MS2: PS 41:3,[M+Na]+,null,1.00,False,10.424,878.58820,C47H86NO10P,PS,AAJLDQFUYIFGPN-UHFFFAOYSA-N,O=C(OCC(OC(=O)CCCCCCCCCCCCCCCCCCCCC=CCC=CCC=CCCCCCCC)COP(=O)(O)OCC(N)C(=O)O)CCCC,530,False,True,False,Normalized unit: Intensity; Annotation method: Msp20260116160945_NCDK_conventional_converted_dev_1,False,False,326,0,0.00,0.99,null,null,null,-1.00,-1.00,-0.148,1027.85,P Sandie 50 Mix 4p4 2xdil 4_GC1_01_66548,878.58698:139310 879.59164:70560 880.59631:19312,null,2481443,2494756,2460269,2355838,2448076.35367188,63110.7275447332
327,27.450,880.56702,no MS2: HBMP 42:7|HBMP 15:4_12:0_15:3,[M+NH4]+,null,1.00,False,8.278,880.56982,C48H79O11P,HBMP,PVXHJEQMMBOXGC-UHFFFAOYSA-N,O=C(OCC(OC(=O)CCCCC=CCC=CCC=CCC)COP(=O)(O)OCC(OC(=O)CCCCCCCCCCC)CO)CC=CCC=CCC=CCC=CCC,530,False,True,False,Normalized unit: Intensity; Annotation method: Msp20260116160945_NCDK_conventional_converted_dev_1,False,False,327,0,0.00,0.95,null,null,null,-1.00,-1.00,-0.168,1039.01,P Sandie 50 Mix 4p4 2xdil 4_GC1_01_66548,880.56702:80420 881.57168:36388 882.57635:10374,null,1384185,1337888,1490417,1266784,1369818.64867187,93783.6562033533
328,31.699,880.60150,no MS2: PS 41:2,[M+Na]+,null,1.00,False,11.243,880.60382,C47H88NO10P,PS,CLJLQZDCCUIEQV-UHFFFAOYSA-N,O=C(OCC(OC(=O)CCCCCCCCCCCCCCCCCCCCCCCC=CCC=CCCCCCCC)COP(=O)(O)OCC(N)C(=O)O)CCCC,530,False,True,False,Normalized unit: Intensity; Annotation method: Msp20260116160945_NCDK_conventional_converted_dev_1,False,False,328,0,0.00,0.99,null,null,null,-1.00,-1.00,-0.150,1476.19,P Sandie 50 Mix 4p4 2xdil 4_GC1_01_66548,880.60229:175096 881.60696:85154 882.61163:22288,null,3392667,3435105,3430832,3207778,3366595.36071875,107583.607599586
329,37.622,884.73492,no MS2: ASG 28:2;O;Hex;FA 21:1,[M+NH4]+,null,1.00,False,13.388,884.73383,C55H94O7,AHexBRS,ZMPJMXIDEKFOFZ-UHFFFAOYSA-N,O=C(OCC1OC(OC2CC3=CCC4C(CCC5(C)C(CCC45)C(C=CC(C)C(C)C)C)C3(C)CC2)C(O)C(O)C1O)CCCCCCCCCC=CCCCCCCCCC,530,False,True,False,Normalized unit: Intensity; Annotation method: Msp20260116160945_NCDK_conventional_converted_dev_1,False,False,329,0,0.00,0.99,null,null,null,-1.00,-1.00,-0.147,651.73,P Sandie 50 Mix 4p4 2xdil 3_GC1_01_66547,884.73492:107276 885.73959:62154 886.74426:20432,null,628576,688626,662007,604848,646014.490609372,36834.3623996145
330,39.165,889.79767,no MS2: SL 52:0;O2|SL 16:0;O/36:0;O,[M+NH4]+,null,0.75,False,13.492,889.80011,C52H105NO6S,SL,KUTAXGAHVKPUNJ-UHFFFAOYSA-N,O=C(N(CC(O)CCCCCCCCCCCCC)CS(=O)(=O)O)C(O)CCCCCCCCCCCCCCCCCCCCCCCCCCCCCCCCCC,530,False,True,False,Normalized unit: Intensity; Annotation method: Msp20260116160945_NCDK_conventional_converted_dev_1,False,False,330,0,0.00,0.99,null,null,null,-1.00,-1.00,-0.150,619.44,P Sandie 50 Mix 4p4 2xdil 4_GC1_01_66548,889.79858:73290 890.80325:43140 891.80792:12492,null,453711,369057,446119,411522,420101.909453125,38668.171813588
331,39.711,891.81500,no MS2: RIKEN P-VS1 ID-14892 from Mouse_Plasma_ApoEKO_N_F1DHA,[M+H]+,null,1.00,False,14.840,891.81812,null,Unknown,null,null,530,False,True,False,Normalized unit: Intensity; Annotation method: Msp20260116160945_NCDK_conventional_converted_dev_1,False,False,331,0,0.00,0.94,null,null,null,-1.00,-1.00,-0.155,24487.16,P Sandie 50 Mix 4p4 2xdil 4_GC1_01_66548,891.81500:2847674 892.81967:1658632 893.82434:491940,null,18583698,16728003,18515422,17684274,17877849.4703751,868780.540599646
332,39.714,892.53455,no MS2: RIKEN P-VS1 ID-14903 from Mouse_Lung_WT_N_F1AA,[M+H]+,null,0.25,False,9.030,892.53381,null,Unknown,null,null,530,False,True,False,Normalized unit: Intensity; Annotation method: Msp20260116160945_NCDK_conventional_converted_dev_1,False,False,332,0,0.00,1.00,null,null,null,-1.00,-1.00,-0.130,636.72,P Sandie 50 Mix 4p4 2xdil 4_GC1_01_66548,892.53455:69014 893.53921:15426 894.54388:686,null,299277,234980,300056,276637,277737.537140626,30504.044726394
333,38.310,901.78723,no MS2: SE 28:4/36:6,[M+H]+,null,1.00,False,15.536,901.77960,C64H100O2,DEGSE,BFEPEXVMLLPMSW-UHFFFAOYSA-N,O=C(OC1CC2=CC=C3C(=CCC4(C)C3CCC4C(C=CC(C)C(C)C)C)C2(C)CC1)CCCCCCCCCCCCCCCCC=CCC=CCC=CCC=CCC=CCC=CCC,530,False,True,False,Normalized unit: Intensity; Annotation method: Msp20260116160945_NCDK_conventional_converted_dev_1,False,False,333,0,0.00,0.70,null,null,null,-1.00,-1.00,-0.293,743.09,P Sandie 50 Mix 4p4 2xdil 3_GC1_01_66547,901.78723:112100 902.79190:67312 903.79657:21006,null,517968,553944,519718,469034,515166.10803125,34930.5335198703
334,39.711,901.79834,no MS2: SL 53:1;O2|SL 17:1;O/36:0;O,[M+NH4]+,null,1.00,False,13.403,901.80011,C53H105NO6S,SL,NCGZLJNHILSLNJ-UHFFFAOYSA-N,O=C(N(CC(O)C=CCCCCCCCCCCCC)CS(=O)(=O)O)C(O)CCCCCCCCCCCCCCCCCCCCCCCCCCCCCCCCCC,530,False,True,False,Normalized unit: Intensity; Annotation method: Msp20260116160945_NCDK_conventional_converted_dev_1,False,False,334,0,0.00,1.00,null,null,null,-1.00,-1.00,-0.145,1056.12,P Sandie 50 Mix 4p4 2xdil 4_GC1_01_66548,901.79926:109992 902.80392:68814 903.80859:21126,null,696408,726001,694695,646166,690817.585078127,33055.3571870097
335,40.913,904.83423,no MS2: TG 54:2|TG 8:0_8:0_38:2,[M+NH4]+,null,1.00,False,14.863,904.83282,C57H106O6,TG,CJABAEYPPMEUSO-UHFFFAOYSA-N,O=C(OCC(OC(=O)CCCCCCC)COC(=O)CCCCCCCCCCCCCCCCCCCCCCCCCC=CCC=CCCCCCCC)CCCCCCC,530,False,True,False,Normalized unit: Intensity; Annotation method: Msp20260116160945_NCDK_conventional_converted_dev_1,False,False,335,0,0.00,1.00,null,null,null,-1.00,-1.00,-0.143,80691.24,P Sandie 50 Mix 4p4 2xdil I_GC3_01_66545,904.83313:9146410 905.83780:5590600 906.84247:1769574,null,55276855,58286534,56081483,51651973,55324211.5138434,2759008.94275637
336,40.913,905.00098,Unknown,[M+H]+,null,1.00,False,null,null,null,null,null,null,999,False,False,False,Normalized unit: Intensity,False,False,336,0,0.00,null,null,null,null,null,null,null,1984.44,P Sandie 50 Mix 4p4 2xdil 3_GC1_01_66547,905.00098:168266 906.00564:95714 907.01031:6564,null,850577,891805,880332,793528,854060.271656243,43935.9137658896
337,40.913,905.12823,Unknown,[M+H]+,null,1.00,False,null,null,null,null,null,null,999,False,False,False,Normalized unit: Intensity,False,False,337,0,0.00,null,null,null,null,null,null,null,2393.13,P Sandie 50 Mix 4p4 2xdil 3_GC1_01_66547,905.12823:157626 906.13290:109992 907.13757:7322,null,857367,879004,861580,803447,850349.452687494,32641.0474206547
338,40.913,905.56024,Unknown,[M+H]+,null,1.00,False,null,null,null,null,null,null,999,False,False,False,Normalized unit: Intensity,False,False,338,0,0.00,null,null,null,null,null,null,null,2668.90,P Sandie 50 Mix 4p4 2xdil 3_GC1_01_66547,905.56024:269082 906.56491:171354 907.56958:16916,null,1350166,1432302,1391512,1269968,1360987.08307811,69328.4670937842
339,3.063,907.50671,Unknown,[M+H]+,null,1.00,False,null,null,null,null,null,null,999,False,False,False,Normalized unit: Intensity,False,False,339,0,0.00,null,null,null,null,null,null,null,2220.78,P Sandie 50 Mix 4p4 2xdil 2_GC1_01_66546,907.50671:404388 908.51138:181530 909.51605:51416,null,915911,899347,894021,815394,881168.072953124,44829.2856342599
340,29.992,908.59644,no MS2: RIKEN P-VS1 ID-15472 from Mouse_AdrenalGlands_fads2KO_N_Ctr,[M+H]+,null,1.00,False,9.170,908.60028,null,Unknown,null,null,530,False,True,False,Normalized unit: Intensity; Annotation method: Msp20260116160945_NCDK_conventional_converted_dev_1,False,False,340,0,0.00,0.96,null,null,null,-1.00,-1.00,-0.145,619.40,P Sandie 50 Mix 4p4 2xdil 4_GC1_01_66548,908.59778:78626 909.60245:41066 910.60711:10318,null,1376529,1418598,1472221,1264777,1383031.18821875,88026.9084325581
341,40.913,909.78815,no MS2: TG 54:2|TG 8:0_8:0_38:2,[M+Na]+,null,1.00,False,14.863,909.78821,C57H106O6,TG,CJABAEYPPMEUSO-UHFFFAOYSA-N,O=C(OCC(OC(=O)CCCCCCC)COC(=O)CCCCCCCCCCCCCCCCCCCCCCCCCC=CCC=CCCCCCCC)CCCCCCC,530,False,True,False,Normalized unit: Intensity; Annotation method: Msp20260116160945_NCDK_conventional_converted_dev_1,False,False,341,0,0.00,1.00,null,null,null,-1.00,-1.00,-0.143,3715.28,P Sandie 50 Mix 4p4 2xdil I_GC3_01_66545,909.78815:473914 910.79281:285080 911.79748:86994,null,2853597,3030434,2869445,2976007,2932370.73507811,85020.7149261654
342,31.699,910.61298,no MS2: HBMP 44:6|HBMP 20:5_12:0_12:1,[M+NH4]+,null,1.00,False,9.822,910.61682,C50H85O11P,HBMP,SIFLYLBKIVZJAX-UHFFFAOYSA-N,O=C(OCC(OC(=O)CCCCCCC=CCCC)COP(=O)(O)OCC(OC(=O)CCCCCCCCCCC)CO)CCCC=CCC=CCC=CCC=CCC=CCC,530,False,True,False,Normalized unit: Intensity; Annotation method: Msp20260116160945_NCDK_conventional_converted_dev_1,False,False,342,0,0.00,0.91,null,null,null,-1.00,-1.00,-0.186,656.40,P Sandie 50 Mix 4p4 2xdil 4_GC1_01_66548,910.61298:86798 911.61764:43166 912.62231:12258,null,1675009,1725878,1778972,1605735,1696398.47317188,73857.377549924
343,38.336,918.81323,no MS2: HexCer 51:2;O2|HexCer 17:0;O2/34:2,[M+H-H2O]+,null,1.00,False,13.365,918.81201,C57H109NO8,HexCer_NDS,VJOKIFYABKHGHF-UHFFFAOYSA-N,O=C(NC(COC1OC(CO)C(O)C(O)C1O)C(O)CCCCCCCCCCCCCC)CCCCCCCCCCCCCCCCCCCCCC=CCC=CCCCCCCC,530,False,True,False,Normalized unit: Intensity; Annotation method: Msp20260116160945_NCDK_conventional_converted_dev_1,False,False,343,0,0.00,0.99,null,null,null,-1.00,-1.00,-0.147,2086.63,P Sandie 50 Mix 4p4 2xdil 3_GC1_01_66547,918.81323:154424 919.81790:98428 920.82257:30100,null,1892835,2116492,1966475,1762562,1934590.88360937,147695.703723125
344,37.918,920.82892,no MS2: HexCer 51:1;O2|HexCer 16:0;O2/35:1,[M+H-H2O]+,null,1.00,False,13.389,920.82770,C57H111NO8,HexCer_NDS,QSCMJLITIQSNJA-UHFFFAOYSA-N,O=C(NC(COC1OC(CO)C(O)C(O)C1O)C(O)CCCCCCCCCCCCC)CCCCCCCCCCCCCCCCCCCCCCC=CCCCCCCCCCC,530,False,True,False,Normalized unit: Intensity; Annotation method: Msp20260116160945_NCDK_conventional_converted_dev_1,False,False,344,0,0.00,0.99,null,null,null,-1.00,-1.00,-0.147,677.57,P Sandie 50 Mix 4p4 2xdil 3_GC1_01_66547,920.82892:108276 921.83359:64194 922.83825:20818,null,500669,532104,508608,444692,496518.296546875,37039.2179267622
345,38.945,920.82935,no MS2: HexCer 51:1;O2|HexCer 16:0;O2/35:1,[M+H-H2O]+,null,1.00,False,13.389,920.82770,C57H111NO8,HexCer_NDS,QSCMJLITIQSNJA-UHFFFAOYSA-N,O=C(NC(COC1OC(CO)C(O)C(O)C1O)C(O)CCCCCCCCCCCCC)CCCCCCCCCCCCCCCCCCCCCCC=CCCCCCCCCCC,530,False,True,False,Normalized unit: Intensity; Annotation method: Msp20260116160945_NCDK_conventional_converted_dev_1,False,False,345,0,0.00,1.00,null,null,null,-1.00,-1.00,-0.144,829.09,P Sandie 50 Mix 4p4 2xdil I_GC3_01_66545,920.82837:91118 921.83304:57342 922.83770:18338,null,637987,681525,619949,594266,633431.692328126,36740.1625688241
346,3.063,929.48901,Unknown,[2M+Na]+,null,1.00,False,null,null,null,null,null,null,999,False,False,False,Normalized unit: Intensity,False,False,346,0,0.00,null,null,null,null,null,null,null,749.80,P Sandie 50 Mix 4p4 2xdil 2_GC1_01_66546,929.48901:127824 930.49368:54146 931.49835:13420,null,299675,297630,288862,253265,284858.046875,21577.6798045341
347,40.913,931.84515,no MS2: SL 55:0;O2|SL 19:0;O/36:0;O,[M+NH4]+,null,1.00,False,13.897,931.84698,C55H111NO6S,SL,GGYZFEAOQHKSAV-UHFFFAOYSA-N,O=C(N(CC(O)CCCCCCCCCCCCCCCC)CS(=O)(=O)O)C(O)CCCCCCCCCCCCCCCCCCCCCCCCCCCCCCCCCC,530,False,True,False,Normalized unit: Intensity; Annotation method: Msp20260116160945_NCDK_conventional_converted_dev_1,False,False,347,0,0.00,0.98,null,null,null,-1.00,-1.00,-0.152,9542.86,P Sandie 50 Mix 4p4 2xdil 3_GC1_01_66547,931.84515:1006094 932.84982:612466 933.85449:201582,null,6109935,6631384,6247194,5951043,6234889.31898434,290712.603643527
348,37.640,934.80835,no MS2: RIKEN P-VS1 ID-16219 from Mouse_AdrenalGlands_fads2KO_N_Ctr,[M+H]+,null,0.25,False,13.310,934.80701,null,Unknown,null,null,530,False,True,False,Normalized unit: Intensity; Annotation method: Msp20260116160945_NCDK_conventional_converted_dev_1,False,False,348,0,0.00,0.99,null,null,null,-1.00,-1.00,-0.133,522.35,P Sandie 50 Mix 4p4 2xdil 3_GC1_01_66547,934.80835:64374 935.81302:37490 936.81769:15418,null,622277,955183,627029,617112,705400.397078124,166570.875609244
349,37.831,936.82336,no MS2: AHexCer 51:0;O2|AHexCer (O-26:0)12:0;O2/13:0,[M+H-H2O]+,null,1.00,False,13.574,936.82257,C57H111NO9,AHexCer,CXADNKATNWLIQK-UHFFFAOYSA-N,O=C(OCC1OC(OCC(NC(=O)CCCCCCCCCCCC)C(O)CCCCCCCCC)C(O)C(O)C1O)CCCCCCCCCCCCCCCCCCCCCCCCC,530,False,True,False,Normalized unit: Intensity; Annotation method: Msp20260116160945_NCDK_conventional_converted_dev_1,False,False,349,0,0.00,1.00,null,null,null,-1.00,-1.00,-0.145,13332.32,P Sandie 50 Mix 4p4 2xdil 3_GC1_01_66547,936.82336:2370612 937.82803:1539602 938.83270:476178,null,6958843,7272714,6743625,6358369,6833388.0020469,384034.264411781
350,37.282,936.82379,no MS2: AHexCer 51:0;O2|AHexCer (O-26:0)12:0;O2/13:0,[M+H-H2O]+,null,1.00,False,13.574,936.82257,C57H111NO9,AHexCer,CXADNKATNWLIQK-UHFFFAOYSA-N,O=C(OCC1OC(OCC(NC(=O)CCCCCCCCCCCC)C(O)CCCCCCCCC)C(O)C(O)C1O)CCCCCCCCCCCCCCCCCCCCCCCCC,530,False,True,False,Normalized unit: Intensity; Annotation method: Msp20260116160945_NCDK_conventional_converted_dev_1,False,False,350,0,0.00,1.00,null,null,null,-1.00,-1.00,-0.143,819.06,P Sandie 50 Mix 4p4 2xdil 4_GC1_01_66548,936.82275:88082 937.82742:54350 938.83209:17898,null,581486,610523,569660,515012,569170.2749375,39979.2510725282
351,37.831,941.77869,no MS2: RIKEN P-VS1 ID-16408 from Mouse_Heart_WT_N_F1EPA,[M+H]+,null,1.00,False,14.600,941.78461,null,Unknown,null,null,530,False,True,False,Normalized unit: Intensity; Annotation method: Msp20260116160945_NCDK_conventional_converted_dev_1,False,False,351,0,0.00,0.86,null,null,null,-1.00,-1.00,-0.191,2878.21,P Sandie 50 Mix 4p4 2xdil 2_GC1_01_66546,941.77948:415254 942.78415:262870 943.78882:85256,null,1510449,1690763,1481407,1417859,1525119.63560938,117002.268973091
352,40.913,945.86029,no MS2: SL 56:0;O2|SL 20:0;O/36:0;O,[M+NH4]+,null,1.00,False,13.958,945.86267,C56H113NO6S,SL,OTFVMQGHXVTRRN-UHFFFAOYSA-N,O=C(N(CC(O)CCCCCCCCCCCCCCCCC)CS(=O)(=O)O)C(O)CCCCCCCCCCCCCCCCCCCCCCCCCCCCCCCCCC,530,False,True,False,Normalized unit: Intensity; Annotation method: Msp20260116160945_NCDK_conventional_converted_dev_1,False,False,352,0,0.00,0.97,null,null,null,-1.00,-1.00,-0.158,53168.69,P Sandie 50 Mix 4p4 2xdil 4_GC1_01_66548,945.86029:6239962 946.86496:4010968 947.86963:1275332,null,35784700,34568169,36088016,32531972,34743214.1284685,1613837.81908263
353,40.913,946.03094,Unknown,[M+H]+,null,1.00,False,null,null,null,null,null,null,999,False,False,False,Normalized unit: Intensity,False,False,353,0,0.00,null,null,null,null,null,null,null,1025.94,P Sandie 50 Mix 4p4 2xdil 2_GC1_01_66546,946.03094:111214 947.03561:47078 948.04028:3104,null,502556,450765,492261,438423,471001.233312496,31190.2682173083
354,40.913,946.15833,Unknown,[M+H]+,null,1.00,False,null,null,null,null,null,null,999,False,False,False,Normalized unit: Intensity,False,False,354,0,0.00,null,null,null,null,null,null,null,1279.31,P Sandie 50 Mix 4p4 2xdil 4_GC1_01_66548,946.15833:106502 947.16299:57900 948.16766:0,null,500700,470260,510477,458783,485055.076531246,24496.1634706425
355,40.913,946.60242,no MS2: SHexCer 47:9;O2|SHexCer 19:3;O2/28:6,[M+H]+,null,1.00,False,8.757,946.60730,C53H87NO11S,SHexCer,MWWJPOXZFSYNAA-UHFFFAOYSA-N,O=C(NC(COC1OC(CO)C(O)C(OS(=O)(=O)O)C1O)C(O)C=CCCC=CCCC=CCCCCCC)CCCCCCCCC=CCC=CCC=CCC=CCC=CCC=CCC,530,False,True,False,Normalized unit: Intensity; Annotation method: Msp20260116160945_NCDK_conventional_converted_dev_1,False,False,355,0,0.00,0.90,null,null,null,-1.00,-1.00,-0.194,1604.82,P Sandie 50 Mix 4p4 2xdil 4_GC1_01_66548,946.60291:165578 947.60757:98976 948.61224:4490,null,795143,735118,800375,709970,760151.579515619,44673.5080333297
356,37.221,952.81879,no MS2: AHexCer 51:0;O3|AHexCer (O-26:0)12:0;O2/13:0;O,[M+H-H2O]+,null,1.00,False,13.908,952.81750,C57H111NO10,AHexCer,VNYMABTVXWAABC-UHFFFAOYSA-N,O=C(OCC1OC(OCC(NC(=O)C(O)CCCCCCCCCCC)C(O)CCCCCCCCC)C(O)C(O)C1O)CCCCCCCCCCCCCCCCCCCCCCCCC,530,False,True,False,Normalized unit: Intensity; Annotation method: Msp20260116160945_NCDK_conventional_converted_dev_1,False,False,356,0,0.00,1.00,null,null,null,-1.00,-1.00,-0.143,1828.48,P Sandie 50 Mix 4p4 2xdil 4_GC1_01_66548,952.81769:237730 953.82236:149626 954.82702:49214,null,1293108,1354883,1283950,1193970,1281477.80254688,66300.9168992256
357,40.913,955.84399,no MS2: RIKEN P-VS1 ID-16730 from Mouse_Liver_WT_N_Ctr,[M+H]+,null,1.00,False,14.420,955.84430,null,Unknown,null,null,530,False,True,False,Normalized unit: Intensity; Annotation method: Msp20260116160945_NCDK_conventional_converted_dev_1,False,False,357,0,0.00,1.00,null,null,null,-1.00,-1.00,-0.129,853.10,P Sandie 50 Mix 4p4 2xdil 4_GC1_01_66548,955.84448:103694 956.84915:64376 957.85382:20748,null,526152,529240,528096,459414,510725.465843746,34231.3159390237
358,38.336,959.83997,no MS2: DG 59:5,[M+Na]+,null,1.00,False,14.483,959.84021,C62H112O5,DG,WGTVSJCUOSYERN-UHFFFAOYSA-N,O=C(OCC(OC(=O)CCCCCCCCCCCCCCCCCCCCCC=CCC=CCC=CCC=CCC=CCC)CO)CCCCCCCCCCCCCCCCCCCC,530,False,True,False,Normalized unit: Intensity; Annotation method: Msp20260116160945_NCDK_conventional_converted_dev_1,False,False,358,0,0.00,1.00,null,null,null,-1.00,-1.00,-0.143,818.87,P Sandie 50 Mix 4p4 2xdil 2_GC1_01_66546,959.84021:62568 960.84488:44182 961.84955:16966,null,634560,507755,629421,597663,592349.756703124,58709.6514425099
359,4.564,963.56830,Unknown,[2M+H]+,null,1.00,False,null,null,null,null,null,null,999,False,False,False,Normalized unit: Intensity,False,False,359,0,0.00,null,null,null,null,null,null,null,795.16,P Sandie 50 Mix 4p4 2xdil 2_GC1_01_66546,963.56830:162322 964.57297:74710 965.57763:23840,null,338486,327433,318117,279024,315764.915234376,25870.439171574
360,37.831,963.83502,no MS2: TG 58:3|TG 8:0_12:0_38:3,[M+Na]+,null,1.00,False,15.255,963.83508,C61H112O6,TG,GPJLDOHEVQBDQL-UHFFFAOYSA-N,O=C(OCC(OC(=O)CCCCCCCCCCC)COC(=O)CCCCCCCCCCCCCCCCCCCCCCC=CCC=CCC=CCCCCCCC)CCCCCCC,530,False,True,False,Normalized unit: Intensity; Annotation method: Msp20260116160945_NCDK_conventional_converted_dev_1,False,False,360,0,0.00,1.00,null,null,null,-1.00,-1.00,-0.143,2650.98,P Sandie 50 Mix 4p4 2xdil 2_GC1_01_66546,963.83502:428774 964.83969:275414 965.84436:86264,null,1504784,1407783,1454566,1421722,1447213.8863125,43100.3803890595
361,41.854,972.81702,no MS2: AHexCer 54:3;O2|AHexCer (O-28:0)12:1;O2/14:2,[M+H-H2O]+,null,1.00,False,13.865,972.82257,C60H111NO9,AHexCer,BBGLWILTMXNCLG-UHFFFAOYSA-N,O=C(OCC1OC(OCC(NC(=O)CCC=CCCCC=CCCCC)C(O)C=CCCCCCCC)C(O)C(O)C1O)CCCCCCCCCCCCCCCCCCCCCCCCCCC,530,False,True,False,Normalized unit: Intensity; Annotation method: Msp20260116160945_NCDK_conventional_converted_dev_1,False,False,361,0,0.00,0.90,null,null,null,-1.00,-1.00,-0.193,603.42,P Sandie 50 Mix 4p4 2xdil 4_GC1_01_66548,972.81812:74088 973.82278:53878 974.82745:18800,null,518410,536188,537586,470888,515767.948046874,31167.1541745453
362,37.831,977.85034,no MS2: TG 59:3|TG 8:0_13:0_38:3,[M+Na]+,null,1.00,False,15.270,977.85083,C62H114O6,TG,QJTWANKZAXBWSH-UHFFFAOYSA-N,O=C(OCC(OC(=O)CCCCCCCCCCCC)COC(=O)CCCCCCCCCCCCCCCCCCCCCCC=CCC=CCC=CCCCCCCC)CCCCCCC,530,False,True,False,Normalized unit: Intensity; Annotation method: Msp20260116160945_NCDK_conventional_converted_dev_1,False,False,362,0,0.00,1.00,null,null,null,-1.00,-1.00,-0.143,3187.53,P Sandie 50 Mix 4p4 2xdil I_GC3_01_66545,977.85040:440870 978.85507:290490 979.85974:98090,null,1731751,1593854,1674295,1618794,1654673.56143751,61406.4859050185
363,41.854,1013.84320,no MS2: SM 57:7;O2|SM 19:1;O2/38:6,[M+H]+,null,1.00,False,13.200,1013.84088,C62H113N2O6P,SM,UDJAQMPIPKTXEN-UHFFFAOYSA-N,O=C(NC(COP(=O)([O-])OCC[N+](C)(C)C)C(O)C=CCCCCCCCCCCCCCC)CCCCCCCCCCCCCCCCCCC=CCC=CCC=CCC=CCC=CCC=CCC,530,False,True,False,Normalized unit: Intensity; Annotation method: Msp20260116160945_NCDK_conventional_converted_dev_1,False,False,363,0,0.00,0.99,null,null,null,-1.00,-1.00,-0.150,969.84,P Sandie 50 Mix 4p4 2xdil I_GC3_01_66545,1013.84259:85666 1014.84726:63494 1015.85193:22408,null,706553,721956,724965,653102,701643.790421874,33351.0642183327
364,38.989,1017.93756,Unknown,[M+H]+,null,1.00,False,null,null,null,null,null,null,999,False,False,False,Normalized unit: Intensity,False,False,364,0,0.00,null,null,null,null,null,null,null,2102.27,P Sandie 50 Mix 4p4 2xdil 3_GC1_01_66547,1017.93756:237080 1018.94223:191036 1019.94690:75118,null,1218794,1413620,1219197,1182567,1258544.20826563,104800.235918799
365,5.877,1019.63098,Unknown,[2M+H]+,null,1.00,False,null,null,null,null,null,null,999,False,False,False,Normalized unit: Intensity,False,False,365,0,0.00,null,null,null,null,null,null,null,1048.74,P Sandie 50 Mix 4p4 2xdil 3_GC1_01_66547,1019.63098:170384 1020.63565:89772 1021.64032:25902,null,355726,360727,359855,302765,344768.33915625,28086.8377556208
366,39.694,1019.95404,Unknown,[M+H]+,null,1.00,False,null,null,null,null,null,null,999,False,False,False,Normalized unit: Intensity,False,False,366,0,0.00,null,null,null,null,null,null,null,5543.82,P Sandie 50 Mix 4p4 2xdil 3_GC1_01_66547,1019.95404:499374 1020.95871:391478 1021.96338:157064,null,3921428,4398272,3970312,3991072,4070270.80700001,220607.566630547
367,5.877,1041.61316,Unknown,[2M+Na]+,null,1.00,False,null,null,null,null,null,null,999,False,False,False,Normalized unit: Intensity,False,False,367,0,0.00,null,null,null,null,null,null,null,1062.60,P Sandie 50 Mix 4p4 2xdil 3_GC1_01_66547,1041.61316:134948 1042.61783:70186 1043.62249:18344,null,351573,350746,332678,316520,337879.507609375,16696.4864328115
368,35.228,1047.90796,no MS2: SM 57:1;O2,[M+Na]+,null,1.00,False,13.657,1047.91675,C62H125N2O6P,SM,FTKASZMCEKNCCN-UHFFFAOYSA-N,O=C(NC(COP(=O)([O-])OCC[N+](C)(C)C)C(O)C=CCCCCCCCCCCCCCC)CCCCCCCCCCCCCCCCCCCCCCCCCCCCCCCCCCCCC,530,False,True,False,Normalized unit: Intensity; Annotation method: Msp20260116160945_NCDK_conventional_converted_dev_1,False,False,368,0,0.00,0.81,null,null,null,-1.00,-1.00,-0.236,601.16,P Sandie 50 Mix 4p4 2xdil I_GC3_01_66545,1047.91003:67382 1048.91470:47886 1049.91937:17416,null,393623,390872,377786,366940,382305.058593748,12355.9483701538
369,28.695,1103.89771,no MS2: TG 69:10|TG 8:0_23:0_38:10,[M+Na]+,null,1.00,False,15.238,1103.89771,C72H120O6,TG,KBZOGIQOHDZDRU-UHFFFAOYSA-N,O=C(OCC(OC(=O)CCCCCCCCCCCCCCCCCCCCCC)COC(=O)CCCCCCC)CCCCCCC=CCC=CCC=CCC=CCC=CCC=CCC=CCC=CCC=CCC=CCC,530,False,True,False,Normalized unit: Intensity; Annotation method: Msp20260116160945_NCDK_conventional_converted_dev_1,False,False,369,0,0.00,1.00,null,null,null,-1.00,-1.00,-0.143,1857.92,P Sandie 50 Mix 4p4 2xdil 2_GC1_01_66546,1103.89771:168472 1104.90237:135330 1105.90704:50186,null,2809210,2737818,2760615,2466677,2693580.29654687,154170.902495211
370,28.686,1135.92383,Unknown,[M+H]+,null,1.00,False,null,null,null,null,null,null,999,False,False,False,Normalized unit: Intensity,False,False,370,0,0.00,null,null,null,null,null,null,null,2567.51,P Sandie 50 Mix 4p4 2xdil 4_GC1_01_66548,1135.92590:199772 1136.93057:158860 1137.93524:61842,null,3111561,3063254,3020914,2759361,2988772.3326875,157360.766589985
371,28.664,1167.95300,Unknown,[M+H]+,null,1.00,False,null,null,null,null,null,null,999,False,False,False,Normalized unit: Intensity,False,False,371,0,0.00,null,null,null,null,null,null,null,1072.44,P Sandie 50 Mix 4p4 2xdil 4_GC1_01_66548,1167.95300:81706 1168.95767:63960 1169.96234:25798,null,1322145,1281032,1292310,1167806,1265823.1098125,67607.5444498698
372,37.260,1203.33423,Unknown,[M+H]+,null,1.00,False,null,null,null,null,null,null,999,False,False,False,Normalized unit: Intensity,False,False,372,0,0.00,null,null,null,null,null,null,null,954.79,P Sandie 50 Mix 4p4 2xdil 4_GC1_01_66548,1203.33423:118686 1204.33890:117974 1205.34356:0,null,255198,260355,261229,253144,257481.408937502,3929.96799930357
373,32.708,1211.10852,no MS2: RIKEN P-VS1 ID-18979 from Mouse_Macrophage_WT_N_F1AA,[M+H]+,null,1.00,False,12.900,1211.11206,null,Unknown,null,null,530,False,True,False,Normalized unit: Intensity; Annotation method: Msp20260116160945_NCDK_conventional_converted_dev_1,False,False,373,0,0.00,1.00,null,null,null,-1.00,-1.00,-0.130,38838.73,P Sandie 50 Mix 4p4 2xdil 4_GC1_01_66548,1211.11096:2893634 1212.11563:2398160 1213.12030:955028,null,17803642,18085827,17470669,15569710,17232461.9655156,1136656.90605324
374,32.714,1211.94800,no MS2: SM 71:14;O3|SM 49:7;O2(FA 22:6),[M+H]+,null,0.25,False,13.932,1211.94543,C76H127N2O7P,ASM,AWRUKNQKRGFDGL-UHFFFAOYSA-N,O=C(OC(C=CCCCCCCCC)C(NC(=O)CCCCCCCCCCCCCCCCC=CCC=CCC=CCC=CCC=CCC=CCC)COP(=O)([O-])OCC[N+](C)(C)C)CCC=CCC=CCC=CCC=CCC=CCC=CCC,530,False,True,False,Normalized unit: Intensity; Annotation method: Msp20260116160945_NCDK_conventional_converted_dev_1,False,False,374,0,0.00,0.98,null,null,null,-1.00,-1.00,-0.154,651.88,P Sandie 50 Mix 4p4 2xdil 3_GC1_01_66547,1211.94800:70242 1212.95267:46784 1213.95733:2080,null,285927,295640,279705,229143,272603.64,29706.6582959394
375,32.708,1216.06604,no MS2: RIKEN P-VS1 ID-19012 from Mouse_Macrophage_WT_N_F1AA,[M+H]+,null,1.00,False,12.890,1216.06641,null,Unknown,null,null,530,False,True,False,Normalized unit: Intensity; Annotation method: Msp20260116160945_NCDK_conventional_converted_dev_1,False,False,375,0,0.00,1.00,null,null,null,-1.00,-1.00,-0.129,47117.53,P Sandie 50 Mix 4p4 2xdil 4_GC1_01_66548,1216.06604:3265688 1217.07071:2579108 1218.07538:1020200,null,34797291,33882196,35146281,33112128,34234473.9014688,918679.295983939
376,32.708,1216.90552,no MS2: AHexCer 72:15;O3|AHexCer (O-22:6)16:3;O2/34:6;O,[M+H-H2O]+,null,1.00,False,13.755,1216.91138,C78H123NO10,AHexCer,QCNVJTBWMZTUAD-UHFFFAOYSA-N,O=C(OCC1OC(OCC(NC(=O)C(O)CCCCCCCCCCCCCC=CCC=CCC=CCC=CCC=CCC=CCC)C(O)C=CCCC=CCCC=CCCC)C(O)C(O)C1O)CCC=CCC=CCC=CCC=CCC=CCC=CCC,530,False,True,False,Normalized unit: Intensity; Annotation method: Msp20260116160945_NCDK_conventional_converted_dev_1,False,False,376,0,0.00,0.94,null,null,null,-1.00,-1.00,-0.174,973.47,P Sandie 50 Mix 4p4 2xdil 4_GC1_01_66548,1216.90698:74504 1217.91165:48678 1218.91632:4276,null,663279,649477,657249,618122,647031.864359376,20084.0947917217
377,32.691,1232.03809,Unknown,[M+H]+,null,1.00,False,null,null,null,null,null,null,999,False,False,False,Normalized unit: Intensity,False,False,377,0,0.00,null,null,null,null,null,null,null,962.87,P Sandie 50 Mix 4p4 2xdil 2_GC1_01_66546,1232.03809:63742 1233.04275:54080 1234.04742:22608,null,807010,769982,781337,781924,785063.298718752,15629.3657017224
378,34.758,1267.17151,no MS2: Cer 85:10;O4|Cer 19:3;O2/66:7;O2,[M+H]+,null,1.00,False,16.452,1267.16650,C85H151NO5,Cer_EOS,WYIBOKAUWGAEDN-UHFFFAOYSA-N,O=C(OCCC=CCC=CCC=CCC=CCC=CCC=CCCCCCCCCCCCCCCCCCCC(=O)NC(CO)C(O)C=CCCC=CCCC=CCCCCCC)CCCCCCCCCCCCCCCCCCCCCCCCCCC,530,False,True,False,Normalized unit: Intensity; Annotation method: Msp20260116160945_NCDK_conventional_converted_dev_1,False,False,378,0,0.00,0.92,null,null,null,-1.00,-1.00,-0.180,41466.64,P Sandie 50 Mix 4p4 2xdil 4_GC1_01_66548,1267.17151:3082266 1268.17618:2515474 1269.18084:1119880,null,18315739,18906365,19235146,17951582,18602207.9365469,576917.51614768
379,34.758,1268.03027,Unknown,[M+H]+,null,1.00,False,null,null,null,null,null,null,999,False,False,False,Normalized unit: Intensity,False,False,379,0,0.00,null,null,null,null,null,null,null,810.42,P Sandie 50 Mix 4p4 2xdil 4_GC1_01_66548,1268.03027:75442 1269.03494:53648 1270.03961:3482,null,336829,332507,344484,314480,332074.91959375,12732.7746453051
380,34.771,1272.12781,no MS2: SM 74:5;O3|SM 46:4;O2(FA 28:0),[M+H]+,null,1.00,False,15.301,1272.13318,C79H151N2O7P,ASM,SOFNHZHFBRUQAX-UHFFFAOYSA-N,O=C(OC(C=CCCCCCCC)C(NC(=O)CCCCCCCCCCCCCCCCCCC=CCC=CCC=CCCCCCCC)COP(=O)([O-])OCC[N+](C)(C)C)CCCCCCCCCCCCCCCCCCCCCCCCCCC,530,False,True,False,Normalized unit: Intensity; Annotation method: Msp20260116160945_NCDK_conventional_converted_dev_1,False,False,380,0,0.00,0.95,null,null,null,-1.00,-1.00,-0.167,36463.57,P Sandie 50 Mix 4p4 2xdil I_GC3_01_66545,1272.12915:2586544 1273.13382:2239260 1274.13849:972878,null,27139465,27759390,26507146,27117557,27130889.3829687,511311.932324143
381,34.765,1272.98901,no MS2: TG 83:21|TG 11:1_36:10_36:10,[M+NH4]+,null,0.50,False,15.334,1272.98926,C86H126O6,TG,ZYYVUEBVQGFNHN-UHFFFAOYSA-N,O=C(OCC(OC(=O)CCCCC=CCC=CCC=CCC=CCC=CCC=CCC=CCC=CCC=CCC=CCC)COC(=O)CCCCCC=CCCC)CCCCC=CCC=CCC=CCC=CCC=CCC=CCC=CCC=CCC=CCC=CCC,530,False,True,False,Normalized unit: Intensity; Annotation method: Msp20260116160945_NCDK_conventional_converted_dev_1,False,False,381,0,0.00,1.00,null,null,null,-1.00,-1.00,-0.143,680.49,P Sandie 50 Mix 4p4 2xdil I_GC3_01_66545,1272.98901:60164 1273.99368:36370 1274.99835:2718,null,466885,452995,435584,507341,465701.289734374,30571.2658761668
382,37.586,1277.35571,Unknown,[M+H]+,null,0.75,False,null,null,null,null,null,null,999,False,False,False,Normalized unit: Intensity,False,False,382,0,0.00,null,null,null,null,null,null,null,995.53,P Sandie 50 Mix 4p4 2xdil 2_GC1_01_66546,1277.35571:118310 1278.36038:129852 1279.36505:0,null,255705,256866,258619,249457,255161.66225,3987.21845945086
383,38.989,1298.17773,Unknown,[M+H]+,null,1.00,False,null,null,null,null,null,null,999,False,False,False,Normalized unit: Intensity,False,False,383,0,0.00,null,null,null,null,null,null,null,1968.57,P Sandie 50 Mix 4p4 2xdil 3_GC1_01_66547,1298.17773:134154 1299.18240:139508 1300.18707:65062,null,672093,764690,679098,634881,687690.6296875,54878.3339614672
384,39.694,1302.20972,Unknown,[M+H]+,null,1.00,False,null,null,null,null,null,null,999,False,False,False,Normalized unit: Intensity,False,False,384,0,0.00,null,null,null,null,null,null,null,6842.52,P Sandie 50 Mix 4p4 2xdil 3_GC1_01_66547,1302.20972:420478 1303.21438:427226 1304.21905:212160,null,2896823,3228091,2844800,2886102,2963954.3426875,177514.002518367
385,38.984,1315.20313,no MS2: RIKEN P-VS1 ID-19445 from Mouse_AdrenalGlands_fads2KO_N_Ctr,[M+H]+,null,1.00,False,14.420,1315.20972,null,Unknown,null,null,530,False,True,False,Normalized unit: Intensity; Annotation method: Msp20260116160945_NCDK_conventional_converted_dev_1,False,False,385,0,0.00,0.95,null,null,null,-1.00,-1.00,-0.153,90108.87,P Sandie 50 Mix 4p4 2xdil 4_GC1_01_66548,1315.20532:5725570 1316.20999:5684128 1317.21466:2776396,null,30860740,35988237,31070299,30918971,32209561.69525,2520664.56786201
386,38.989,1315.40137,Unknown,[M+H]+,null,1.00,False,null,null,null,null,null,null,999,False,False,False,Normalized unit: Intensity,False,False,386,0,0.00,null,null,null,null,null,null,null,1916.50,P Sandie 50 Mix 4p4 2xdil 3_GC1_01_66547,1315.40137:138218 1316.40603:114290 1317.41070:40128,null,566893,675150,562296,539762,586025.27678125,60588.0759872417
387,38.989,1315.55664,Unknown,[M+2H]2+,null,1.00,False,null,null,null,null,null,null,999,False,False,False,Normalized unit: Intensity,False,False,387,0,0.00,null,null,null,null,null,null,null,1982.12,P Sandie 50 Mix 4p4 2xdil 3_GC1_01_66547,1315.55664:128470 1316.56131:124322 1317.56598:64606,null,525820,630226,531840,503475,547840.4595625,56263.2186223058
388,32.822,1316.09558,no MS2: RIKEN P-VS1 ID-19448 from Mouse_AdrenalGlands_WT_N_Ctr,[M+H]+,null,1.00,False,12.320,1316.08862,null,Unknown,null,null,530,False,True,False,Normalized unit: Intensity; Annotation method: Msp20260116160945_NCDK_conventional_converted_dev_1,False,False,388,0,0.00,0.94,null,null,null,-1.00,-1.00,-0.157,1311.45,P Sandie 50 Mix 4p4 2xdil 3_GC1_01_66547,1316.09338:79178 1317.09805:62578 1318.10272:29308,null,1093696,1136847,1171526,1013714,1103945.58476562,68059.677124386
389,38.981,1318.08557,Unknown,[M+H]+,null,0.25,False,null,null,null,null,null,null,999,False,False,False,Normalized unit: Intensity,False,False,389,0,0.00,null,null,null,null,null,null,null,897.56,P Sandie 50 Mix 4p4 2xdil 3_GC1_01_66547,1318.08557:74558 1319.09024:3544 1320.09491:0,null,241706,313735,246532,236481,259613.435109375,36313.7050534332
390,39.694,1319.23572,no MS2: RIKEN P-VS1 ID-19454 from Mouse_AdrenalGlands_fads2KO_N_Ctr,[M+H]+,null,1.00,False,14.750,1319.23706,null,Unknown,null,null,530,False,True,False,Normalized unit: Intensity; Annotation method: Msp20260116160945_NCDK_conventional_converted_dev_1,False,False,390,0,0.00,1.00,null,null,null,-1.00,-1.00,-0.130,104958.40,P Sandie 50 Mix 4p4 2xdil 4_GC1_01_66548,1319.23621:6740738 1320.24087:6631350 1321.24554:3123598,null,45417459,51785546,46053194,44711429,46991906.9600001,3242407.8864135
391,39.694,1319.43347,Unknown,[M+H]+,null,1.00,False,null,null,null,null,null,null,999,False,False,False,Normalized unit: Intensity,False,False,391,0,0.00,null,null,null,null,null,null,null,2672.60,P Sandie 50 Mix 4p4 2xdil 3_GC1_01_66547,1319.43347:153038 1320.43814:129310 1321.44281:45906,null,941889,1060570,923004,934062,964881.044765627,64261.0859322106
392,39.694,1319.58997,Unknown,[M+2H]2+,null,1.00,False,null,null,null,null,null,null,999,False,False,False,Normalized unit: Intensity,False,False,392,0,0.00,null,null,null,null,null,null,null,2404.51,P Sandie 50 Mix 4p4 2xdil 3_GC1_01_66547,1319.58997:135592 1320.59463:125124 1321.59930:62368,null,784400,911142,804048,788180,821942.502468752,60072.7760246076
393,27.505,1342.92749,no MS2: RIKEN P-VS1 ID-19541 from Mouse_AdrenalGlands_fads2KO_N_Ctr,[M+H]+,null,0.75,False,9.910,1342.92664,null,Unknown,null,null,530,False,True,False,Normalized unit: Intensity; Annotation method: Msp20260116160945_NCDK_conventional_converted_dev_1,False,False,393,0,0.00,1.00,null,null,null,-1.00,-1.00,-0.129,990.39,P Sandie 50 Mix 4p4 2xdil 3_GC1_01_66547,1342.92749:73444 1343.93216:69818 1344.93683:30700,null,338844,419878,388368,377085,381043.964046875,33457.5164979737
394,36.455,1343.16040,no MS2: TG 87:14|TG 11:0_38:4_38:10,[M+NH4]+,null,1.00,False,16.512,1343.16138,C90H148O6,TG,COAQZOPVCDDPOU-UHFFFAOYSA-N,O=C(OCC(OC(=O)CCCCCCCCCCCCCCCCCCCCCCCCC=CCC=CCC=CCC=CCC)COC(=O)CCCCCCCCCC)CCCCCCC=CCC=CCC=CCC=CCC=CCC=CCC=CCC=CCC=CCC=CCC,530,False,True,False,Normalized unit: Intensity; Annotation method: Msp20260116160945_NCDK_conventional_converted_dev_1,False,False,394,0,0.00,1.00,null,null,null,-1.00,-1.00,-0.143,9674.89,P Sandie 50 Mix 4p4 2xdil 2_GC1_01_66546,1343.16199:1026316 1344.16666:1030218 1345.17132:506488,null,3544711,3585688,3618998,3099741,3462284.49839064,243597.99700524
395,37.191,1347.19348,no MS2: TG 87:12|TG 11:0_38:2_38:10,[M+NH4]+,null,1.00,False,16.534,1347.19275,C90H152O6,TG,CYOYCULGPKWXLD-UHFFFAOYSA-N,O=C(OCC(OC(=O)CCCCCCCCCCCCCCCCCCCCCCCCCC=CCC=CCCCCCCC)COC(=O)CCCCCCCCCC)CCCCCCC=CCC=CCC=CCC=CCC=CCC=CCC=CCC=CCC=CCC=CCC,530,False,True,False,Normalized unit: Intensity; Annotation method: Msp20260116160945_NCDK_conventional_converted_dev_1,False,False,395,0,0.00,1.00,null,null,null,-1.00,-1.00,-0.143,3587.46,P Sandie 50 Mix 4p4 2xdil 4_GC1_01_66548,1347.19263:350604 1348.19729:354300 1349.20196:178770,null,1102866,1093486,1070790,959841,1056745.68123438,65991.6595270009
396,36.455,1348.11755,no MS2: TG 87:14|TG 11:0_38:4_38:10,[M+Na]+,null,1.00,False,16.512,1348.11682,C90H148O6,TG,COAQZOPVCDDPOU-UHFFFAOYSA-N,O=C(OCC(OC(=O)CCCCCCCCCCCCCCCCCCCCCCCCC=CCC=CCC=CCC=CCC)COC(=O)CCCCCCCCCC)CCCCCCC=CCC=CCC=CCC=CCC=CCC=CCC=CCC=CCC=CCC=CCC,530,False,True,False,Normalized unit: Intensity; Annotation method: Msp20260116160945_NCDK_conventional_converted_dev_1,False,False,396,0,0.00,1.00,null,null,null,-1.00,-1.00,-0.143,1409.99,P Sandie 50 Mix 4p4 2xdil 2_GC1_01_66546,1348.11743:128568 1349.12210:126034 1350.12677:67054,null,546548,545427,543646,513222,537210.868203127,16037.4128740553
397,38.218,1359.17261,no MS2: RIKEN P-VS1 ID-19602 from Mouse_AdrenalGlands_WT_N_Ctr,[M+H]+,null,1.00,False,14.050,1359.17676,null,Unknown,null,null,530,False,True,False,Normalized unit: Intensity; Annotation method: Msp20260116160945_NCDK_conventional_converted_dev_1,False,False,397,0,0.00,0.97,null,null,null,-1.00,-1.00,-0.143,32505.51,P Sandie 50 Mix 4p4 2xdil 4_GC1_01_66548,1359.17334:2321258 1360.17801:2371628 1361.18268:1231866,null,9983048,12068633,10276275,9782397,10527588.3677657,1047188.36478322
398,36.455,1363.18799,Unknown,[M+H]+,null,1.00,False,null,null,null,null,null,null,999,False,False,False,Normalized unit: Intensity,False,False,398,0,0.00,null,null,null,null,null,null,null,2297.26,P Sandie 50 Mix 4p4 2xdil 3_GC1_01_66547,1363.18799:198606 1364.19266:202012 1365.19732:100706,null,849348,855056,848095,760623,828280.390109378,45206.602468034
399,35.864,1368.14331,no MS2: SM 82:13;O3|SM 60:6;O2(FA 22:6),[M+H]+,null,1.00,False,14.696,1368.13318,C87H151N2O7P,ASM,YDCZZXGXCVLSFX-UHFFFAOYSA-N,O=C(OC(C=CCCCCCCCCCCCCCCCCC)C(NC(=O)CCCCCCCCCCCCCCCCCCCCCC=CCC=CCC=CCC=CCC=CCC)COP(=O)([O-])OCC[N+](C)(C)C)CCC=CCC=CCC=CCC=CCC=CCC=CCC,530,False,True,False,Normalized unit: Intensity; Annotation method: Msp20260116160945_NCDK_conventional_converted_dev_1,False,False,399,0,0.00,0.81,null,null,null,-1.00,-1.00,-0.236,2070.96,P Sandie 50 Mix 4p4 2xdil 4_GC1_01_66548,1368.14197:130664 1369.14664:125700 1370.15130:64328,null,1524605,1530536,1520185,1433951,1502319.24160938,45775.7941801245
400,35.733,1379.18274,no MS2: TG 87:12;O2|TG 15:0_22:5_22:6;O(FA 28:0),[M+NH4]+,null,1.00,False,16.453,1379.18250,C90H152O8,TG_EST,PSDXNPZRATWHCV-UHFFFAOYSA-N,O=C(OCC(OC(=O)CCCCCC=CCC=CCC=CCC=CCC=CCC)COC(=O)CC(OC(=O)CCCCCCCCCCCCCCCCCCCCCCCCCCC)C=CCC=CCC=CCC=CCC=CCC=CCC)CCCCCCCCCCCCCC,530,False,True,False,Normalized unit: Intensity; Annotation method: Msp20260116160945_NCDK_conventional_converted_dev_1,False,False,400,0,0.00,1.00,null,null,null,-1.00,-1.00,-0.143,9287.38,P Sandie 50 Mix 4p4 2xdil 2_GC1_01_66546,1379.18250:729756 1380.18716:729834 1381.19183:355574,null,3349519,3427232,3204331,2782876,3190989.64706251,287330.554429763
401,34.186,1380.10645,Unknown,[M+H]+,null,0.75,False,null,null,null,null,null,null,999,False,False,False,Normalized unit: Intensity,False,False,401,0,0.00,null,null,null,null,null,null,null,1036.53,P Sandie 50 Mix 4p4 2xdil 2_GC1_01_66546,1380.10645:77956 1381.11111:77894 1382.11578:45120,null,641051,541880,648848,555272,596762.791187501,55999.7964430966
402,35.733,1384.13782,Unknown,[M+H]+,null,1.00,False,null,null,null,null,null,null,999,False,False,False,Normalized unit: Intensity,False,False,402,0,0.00,null,null,null,null,null,null,null,9997.93,P Sandie 50 Mix 4p4 2xdil 3_GC1_01_66547,1384.13782:784270 1385.14249:778540 1386.14715:382250,null,5988754,6164744,5880054,5626509,5915015.20209377,225285.262071387
403,33.139,1384.13794,Unknown,[M+H]+,null,1.00,False,null,null,null,null,null,null,999,False,False,False,Normalized unit: Intensity,False,False,403,0,0.00,null,null,null,null,null,null,null,1404.33,P Sandie 50 Mix 4p4 2xdil 4_GC1_01_66548,1384.13794:116036 1385.14261:114534 1386.14727:53084,null,827987,832953,838859,745277,811269.119359375,44218.3832639647
404,38.233,1425.39172,Unknown,[M+H]+,null,0.25,False,null,null,null,null,null,null,999,False,False,False,Normalized unit: Intensity,False,False,404,0,0.00,null,null,null,null,null,null,null,1247.45,P Sandie 50 Mix 4p4 2xdil 3_GC1_01_66547,1425.39172:104908 1426.39639:120308 1427.40106:0,null,249012,270093,254837,236234,252544.079953125,14044.2344134391
