m/z	RT	isotope_state	is_isotope	is_in_source_fragment	MS2	P_RT-A1	P_RT-A2
650.4793	3.493	M+0	False	False	184.0762;0.9335|185.077;0.0665	14789906	14489765
538.3537	1.393	M+0	False	False	184.077;0.9437|185.0774;0.0563	14576981	14243514
454.2592	1.026	M+0	False	False	184.0743;0.9058|184.1424;0.0215|185.0764;0.0727	14515989	14314403
688.6067	14.038	M+0	False	False	161.1339;0.0113|233.2278;0.0077|243.21;0.0114|257.2272;0.0089|369.3558;0.7031|370.362;0.2164|371.3595;0.0411	14345854	13248268
758.5734	5.979	M+0	False	False	184.0771;0.9292|185.0771;0.0604|186.0785;0.0104	14179013	14042598
678.5106	4.409	M+0	False	False	184.0769;0.9556|185.0776;0.0444	14092257	13733633
760.5891	7.104	M+0	False	False	184.0766;0.9584|185.0766;0.0416	13973595	14033451
790.6362	10.412	M+0	False	False	184.0769;0.936|185.0776;0.0527|186.078;0.0113	13721835	13190634
642.6069	12.454	M+0	False	False	267.2693;0.0115|285.2806;0.0062|341.3114;0.5041|341.4015;0.011|342.3125;0.1376|343.3128;0.0151|607.5726;0.188|608.5778;0.1047|609.5762;0.0218	13184342	13473697
788.6207	8.668	M+0	False	False	184.0766;0.9177|184.1428;0.0201|185.0779;0.0495|186.0776;0.0127	13308089	13365306
594.4163	2.1	M+0	False	False	184.0763;0.9236|185.0766;0.065|186.0783;0.0113	13313364	13317487
622.4479	2.703	M+0	False	False	184.0772;0.9367|185.0775;0.0633	11799641	11880756
1319.2397	14.896	M+0	False	False	161.1326;0.0143|233.2262;0.0074|243.2104;0.0084|369.3534;0.7139|370.3606;0.236|371.3582;0.02	11608860	11577685
1320.2436	14.896	M+1	True	False	161.1331;0.013|175.1474;0.0056|229.195;0.0055|243.2107;0.0064|257.2273;0.0076|369.3567;0.5452|370.3604;0.356|371.3608;0.0607	11429882	11478249
689.6098	14.038	M+1	True	False	161.1334;0.0073|165.1637;0.0056|175.1499;0.0094|189.1654;0.0061|205.1941;0.006|233.2271;0.0069|243.2139;0.0104|257.2286;0.012|259.2435;0.0067|369.3552;0.3238|369.462;0.0261|370.3607;0.4569|370.4624;0.0152|371.3656;0.0928|372.3623;0.0061|672.5806;0.0088	8938761	7710730
756.5575	5.19	M+0	False	False	184.0771;0.9621|185.0775;0.0379	8923023	8345070
614.5751	11.856	M+0	False	False	313.2767;0.0645|314.2773;0.0157|341.3124;0.0753|342.3097;0.0174|579.5426;0.4908|580.5426;0.2413|580.5929;0.0169|580.6733;0.0128|581.5488;0.058|582.545;0.0075	7620351	7454747
759.5764	5.947	M+1	True	False	184.0766;0.8235|184.1431;0.014|185.0794;0.1471|186.0788;0.0153	7406320	7447666
761.5919	7.104	M+1	True	False	184.0765;0.8373|185.0776;0.1404|186.0783;0.0223	7232674	7408269
791.6391	10.412	M+1	True	False	184.0769;0.823|184.1435;0.0191|185.0796;0.1392|186.0794;0.0187	7258705	6969504
789.6234	8.668	M+1	True	False	184.0771;0.826|185.0795;0.1618|186.079;0.0121	6995907	7104222
651.482	3.493	M+1	True	False	184.0763;0.7895|185.079;0.1851|186.0774;0.0253	7028322	6689912
643.6097	12.454	M+1	True	False	341.311;0.2443|341.4114;0.0109|342.3134;0.2779|342.4239;0.0187|343.315;0.0464|607.5698;0.0082|608.5743;0.2772|608.6982;0.0249|609.5776;0.0799|609.6289;0.0067|610.573;0.0049	6393148	6732684
679.5132	4.409	M+1	True	False	184.0757;0.8185|185.0796;0.1512|186.0784;0.0303	6345703	6275674
1321.2461	14.896	M+2	True	False	671.5761;0.4198|671.6281;0.0348|672.5805;0.3881|673.5829;0.1574	6147870	6174467
668.6371	14.938	M+0	False	False	161.1333;0.0263|233.2272;0.014|243.2106;0.0135|245.2264;0.0107|369.3554;0.5836|369.4601;0.0457|370.3628;0.2708|371.3596;0.0354	5439951	5417032
539.356	1.393	M+1	True	False		5072555	4858051
595.4188	2.134	M+1	True	False	184.0758;0.7422|184.143;0.017|185.078;0.2018|186.078;0.0389	5032475	5025505
623.4501	2.703	M+1	True	False		4504894	4505476
757.5597	5.19	M+1	True	False	184.0771;0.7833|184.1435;0.018|185.0808;0.1628|186.0782;0.028|497.3482;0.0079	4184121	3877278
455.2614	1.026	M+1	True	False		3863668	3850691
354.4108	1.813	M+0	False	False	198.2216;0.0607|200.2398;0.8026|201.241;0.1368	3269124	3059904
615.5775	11.856	M+1	True	False	607.4391;1.0	3057555	3021570
669.6398	14.896	M+1	True	False	369.3542;0.2951|370.3576;0.4542|371.3594;0.2507	2685360	2709127
369.353	14.038	M+0	False	True	150.1358;0.0132|151.1506;0.0166|152.1512;0.016|161.1339;0.1295|162.1365;0.0376|163.1474;0.0214|164.1507;0.0127|175.1497;0.0469|176.1511;0.0196|179.1804;0.0202|187.1478;0.0201|189.1647;0.0192|190.169;0.0175|193.1943;0.016|201.1621;0.013|203.1791;0.0337|205.1958;0.0339|207.2126;0.0234|215.1797;0.0483|216.1819;0.0361|217.1958;0.0439|219.213;0.0313|221.2271;0.0156|229.1961;0.0266|233.2257;0.0233|235.2416;0.0177|243.2104;0.0396|244.2172;0.0129|247.243;0.0212|257.2273;0.0278|259.2426;0.0276|260.2498;0.0146|273.259;0.0388|287.2721;0.0339|313.2924;0.0305	2360364	1975322
690.6116	14.038	M+2	True	False	369.3552;0.5874|370.3581;0.2919|371.362;0.1207	2321703	2026535
174.161	0.945	M+0	False	False		1453585	2090888
907.5077	1.026	M+0	False	False	184.0759;0.4251|184.1478;0.0122|185.0767;0.0224|198.0899;0.0075|454.2607;0.383|454.3718;0.0117|455.2648;0.1111|456.2642;0.0176|468.2726;0.0094	2079878	2019077
1322.2481	14.896	M+3	True	False		1988177	2016136
762.5937	7.104	M+2	True	False		1867784	1950506
792.6409	10.412	M+2	True	False		1943847	1830736
1360.1784	14.038	M+0	False	False	303.2336;0.0244|369.36;0.416|370.3562;0.1779|371.3612;0.0189|671.5832;0.0199|672.5811;0.0274|673.5828;0.0258|688.6075;0.0674|689.608;0.092|690.6222;0.0849|693.5575;0.0455	1921870	1861093
760.578	5.947	M+2	True	False		1894397	1902787
1267.1757	12.454	M+0	False	False	341.3102;0.2711|341.4066;0.0088|342.3128;0.0641|343.3136;0.01|607.5712;0.187|607.7008;0.0087|608.5728;0.0669|608.623;0.0055|609.5774;0.0183|625.5827;0.0303|626.5848;0.0113|642.6084;0.1776|642.7552;0.013|643.6118;0.1052|643.6634;0.0074|644.6088;0.0121|645.6145;0.0027	1879986	1839673
1359.175	14.038	M+0	False	False	369.3558;0.5317|370.3596;0.1448|371.3579;0.013|671.5762;0.0153|672.5812;0.0158|688.6032;0.136|688.6569;0.0122|689.6108;0.1022|689.6626;0.0076|690.6106;0.0213	1854954	1811899
790.625	8.668	M+2	True	False		1831756	1840671
579.5367	11.766	M+0	False	False	239.2373;0.1959|240.2422;0.1591|267.272;0.3721|268.2754;0.2729	1697216	1618960
1075.6961	1.393	M+0	False	False	184.0765;0.369|184.1424;0.0129|185.0773;0.0319|186.0754;0.0046|198.0879;0.0088|538.3552;0.363|538.4908;0.0195|539.3576;0.1119|539.4098;0.0078|539.4804;0.0074|540.3589;0.0391|552.369;0.0109|721.4175;0.0072|722.4168;0.0062	1676305	1602549
652.5318	5.282	M+0	False	False	161.1333;0.0182|239.2372;0.0342|261.2201;0.033|262.2235;0.0191|374.3067;0.0205|573.4942;0.453|574.5012;0.339|575.498;0.0829	1673689	1657589
644.6116	12.454	M+2	True	False		1490485	1646660
652.4837	3.493	M+2	True	False	184.0748;0.8723|184.1436;0.0114|185.0756;0.0361|594.4163;0.0645|595.416;0.0157	1640456	1524738
1268.179	12.454	M+1	True	False		1638497	1634848
369.3529	14.938	M+0	False	True	159.1187;0.0608|161.1313;0.2492|175.1495;0.0736|187.1456;0.0602|189.1637;0.083|201.1638;0.2156|205.1963;0.0727|243.2098;0.0595|259.2409;0.0574|287.2745;0.068	1558944	1532757
680.5152	4.409	M+2	True	False	607.3913;0.1315|663.4508;0.3792|664.4594;0.4893	1500827	1468048
1019.9548	14.896	M+0	False	False	161.1325;0.0328|219.2099;0.0156|233.2261;0.0207|257.2296;0.0196|287.2743;0.0233|313.2894;0.014|369.3564;0.627|369.4578;0.0137|370.3612;0.1826|371.3574;0.0366|651.5987;0.0139	1397083	1360877
341.3062	12.454	M+0	False	True	267.2668;0.2707|285.2812;0.7293	1231484	1301318
595.5903	7.521	M+0	False	False	537.5377;0.7797|538.5389;0.2203	1201314	1299487
623.6213	9.254	M+0	False	False	282.2803;0.1655|565.569;0.8345	1241496	1177014
1272.1309	12.454	M+0	False	False	647.5608;0.5893|647.6117;0.0369|648.5641;0.2858|648.6153;0.0223|648.7056;0.0204|649.566;0.0453	1229448	1210280
1216.0684	11.856	M+0	False	False	619.5332;0.6225|619.6552;0.0159|620.5324;0.2809|620.5826;0.023|620.6714;0.014|621.5343;0.0437	1224487	1198907
1302.2111	14.896	M+0	False	False	161.1325;0.0085|175.1493;0.0068|233.2273;0.0062|243.211;0.0113|259.2424;0.0065|367.3367;0.0064|369.3575;0.6138|369.4576;0.0251|370.3596;0.1959|370.4534;0.0063|371.361;0.0326|1019.9594;0.0455|1020.967;0.0263|1021.962;0.0089	1212211	1198204
1299.9466	3.493	M+0	False	False	184.0773;0.3231|185.0778;0.0211|198.0892;0.0067|650.4881;0.3613|650.614;0.0157|651.4846;0.1809|651.536;0.0103|652.4864;0.0525|664.498;0.0167|834.5438;0.0116	1209559	1116172
1303.2148	14.896	M+1	True	False		1202345	1196931
537.5371	7.521	M+0	False	True	281.2989;0.1012|282.2831;0.5591|282.3736;0.0329|283.2892;0.1433|284.2842;0.014|299.3098;0.1149|300.3104;0.0346	1046372	1191763
565.568	9.254	M+0	False	True	281.2964;0.0534|282.2851;0.2971|282.3572;0.0098|283.2851;0.0583|284.286;0.0076|299.3098;0.0685|300.3104;0.0279|309.3258;0.0472|310.3162;0.2773|310.407;0.0105|311.3196;0.0683|327.3383;0.0585|328.3412;0.0109|547.5562;0.0047	1173028	1137810
1020.958	14.896	M+1	True	False		1135458	1134856
596.4209	2.1	M+2	True	False		1094700	1130737
1187.8212	2.1	M+0	False	False	184.0759;0.3527|184.144;0.0076|185.0734;0.0209|594.4167;0.3341|594.5452;0.0227|595.4275;0.1647|596.4216;0.0476|608.427;0.0243|609.4333;0.0117|778.4828;0.0138	1086695	1124288
758.5622	5.19	M+2	True	False		1101316	1055196
1273.1347	12.411	M+1	True	False		1096744	1074738
184.0738	1.035	M+0	False	True		1073247	1088043
1361.1815	14.038	M+1	True	False		1083005	1027577
1217.0718	11.856	M+1	True	False	619.5348;0.3674|619.6546;0.0239|620.5382;0.4602|620.6604;0.0267|620.7122;0.0075|620.794;0.0064|621.5372;0.0812|621.5876;0.0078|622.5384;0.0189	1048131	1015641
1211.113	11.856	M+0	False	False	313.2771;0.1441|313.3641;0.003|314.2785;0.0313|341.3085;0.1345|341.4074;0.0058|342.3096;0.0279|579.5396;0.2515|579.6613;0.0061|580.5473;0.1118|580.6704;0.0055|581.5457;0.0242|582.5456;0.003|597.5494;0.0187|598.5512;0.0134|614.5745;0.1264|614.625;0.0086|615.5793;0.0676|616.5806;0.0165	1041373	1010366
1076.6991	1.393	M+1	True	False		1034665	1011759
624.4523	2.703	M+2	True	False		1009782	1025094
908.5109	1.026	M+1	True	False		1023695	973188
540.3579	1.393	M+2	True	False		1007679	972096
1300.9498	3.493	M+1	True	False		963319	905919
721.5089	6.693	M+0	False	False	184.0732;1.0	873230	917980
1212.1162	11.856	M+1	True	False		905544	851922
476.2395	0.991	M+0	False	False	271.1926;0.175|272.1924;0.0221|293.1728;0.1839|294.1752;0.0408|417.1699;0.4498|418.169;0.1087|419.1695;0.0198	736628	899774
355.4139	1.813	M+1	True	False		874603	858295
1356.0091	4.409	M+0	False	False	184.0771;0.4312|185.0798;0.0405|678.5131;0.3341|678.5636;0.0225|679.5132;0.115|680.514;0.0204|692.5254;0.0364	850805	849689
1269.1822	12.454	M+2	True	False		836369	810170
370.3562	14.038	M+1	True	True		803208	692713
653.535	5.282	M+1	True	False		799032	791965
1188.8245	2.1	M+1	True	False		775397	790376
670.6427	14.896	M+2	True	False		738733	753128
616.5802	11.856	M+2	True	False		739568	750562
456.2633	1.035	M+2	True	False		727318	730332
1243.8837	2.703	M+0	False	False	184.0774;0.423|185.0729;0.0288|622.4492;0.3383|622.4992;0.0296|623.4576;0.126|624.4495;0.0198|636.4558;0.0124|637.4666;0.0219	725883	728084
580.54	11.766	M+1	True	False		727744	679079
1357.0125	4.409	M+1	True	False		709873	689409
818.6655	11.951	M+0	False	False	184.0762;0.9219|184.1484;0.0212|185.0761;0.0569	706964	681361
689.6627	14.038	M+0	False	True		692784	629736
1304.218	14.896	M+2	True	False		690559	686828
607.5679	12.454	M+0	False	True	151.1474;0.4115|267.268;0.5885	664181	685701
846.6713	8.767	M+0	False	False	184.0759;0.6131|184.1443;0.0225|185.076;0.0391|788.6263;0.1485|788.6784;0.0123|789.6324;0.1378|789.6855;0.0077|790.6262;0.0191	672462	658098
816.6245	5.899	M+0	False	False	184.0752;0.2297|758.571;0.4956|759.5764;0.2747	669151	668783
814.6088	5.168	M+0	False	False	184.0756;0.6597|184.143;0.0299|185.0783;0.0467|756.5639;0.1632|757.5616;0.0636|758.561;0.0369	654305	662314
846.6702	8.613	M+0	False	False	184.0738;0.0519|788.6197;0.4309|788.6728;0.0364|788.8114;0.0427|789.6231;0.248|789.6779;0.0237|789.7668;0.0288|789.8246;0.007|790.632;0.1043|791.6288;0.0264	653829	654089
816.6244	6.05	M+0	False	False	184.0764;0.2243|185.0773;0.0129|758.5742;0.338|758.6305;0.0488|758.7168;0.0213|759.5812;0.264|759.6366;0.012|760.5838;0.0615|761.5792;0.0171	646100	638022
759.6315	5.947	M+0	False	False		628866	635405
818.6399	7.034	M+0	False	False	184.0739;0.0489|760.5882;0.4272|760.6432;0.034|760.7594;0.0553|761.5924;0.2444|761.646;0.0217|761.7382;0.016|761.7925;0.0069|762.5982;0.1224|762.6527;0.0071|763.599;0.0161	631232	618693
818.6389	7.173	M+0	False	False	184.0761;0.6517|184.144;0.0276|185.0771;0.0403|760.5877;0.1261|760.6465;0.0092|761.5926;0.0982|762.5912;0.0295|763.5956;0.0173	630237	618693
666.4356	1.579	M+0	False	False	184.0764;0.8896|184.151;0.0546|185.078;0.0558	616808	607185
761.6466	7.104	M+0	False	False		601691	609858
596.5933	7.521	M+1	True	False		442484	608465
696.4824	2.179	M+0	False	False	184.0758;0.7871|184.1552;0.0471|185.0771;0.0443|664.4602;0.0837|665.463;0.0379	604265	602756
651.5336	3.493	M+0	False	False		603582	564808
624.6246	9.254	M+1	True	False		600261	560172
1320.3095	14.854	M+0	False	False		598231	584202
736.5616	4.496	M+0	False	False	184.0759;0.7021|184.1472;0.0211|185.0762;0.0249|678.5097;0.1603|678.5659;0.0077|679.5114;0.0684|680.5142;0.0156	594776	584971
791.6944	10.412	M+0	False	False		594749	580226
643.6608	12.454	M+0	False	True		508310	589722
370.3561	14.938	M+1	True	True		584837	580675
789.6789	8.66	M+0	False	False		583892	583540
708.5299	3.55	M+0	False	False	184.0754;0.1188|185.0763;0.0178|650.4779;0.452|650.5384;0.0439|650.617;0.0482|650.6916;0.0079|651.485;0.2439|652.4856;0.0577|653.4809;0.0097	578654	582760
736.5606	4.364	M+0	False	False	184.0754;0.7691|184.1492;0.0196|185.0768;0.0334|186.0776;0.0084|678.5122;0.0961|679.5136;0.0733	581294	584971
593.5997	11.52	M+0	False	False	282.2798;0.0078|309.3288;0.1127|310.317;0.5509|310.4092;0.0184|311.3201;0.1154|312.3182;0.0127|327.3412;0.1369|328.3414;0.0452	580917	570369
1321.3124	14.896	M+1	True	False		569935	578402
184.0737	1.393	M+0	False	True		546902	529476
1323.2506	14.896	M+0	False	False		514574	509394
679.5652	4.409	M+0	False	False		508463	494658
1274.1376	12.454	M+2	True	False		448467	430214
848.6871	10.549	M+0	False	False	184.074;0.0278|790.6442;0.5944|790.7846;0.025|791.639;0.2516|791.6959;0.0215|792.6458;0.0797	443335	435721
539.4022	1.393	M+0	False	False		440647	287371
848.6871	10.329	M+0	False	False	184.0768;0.6227|184.1495;0.0288|185.077;0.0368|790.6452;0.1446|791.6479;0.1357|792.644;0.0221|793.6474;0.0092	425854	438375
722.5119	6.693	M+1	True	False	685.4438;1.0	398711	436144
650.6163	3.493	M+0	False	False		436111	423156
675.6779	3.323	M+0	False	False	321.3146;0.0327|322.3172;0.0123|338.3473;0.6709|338.4367;0.038|339.3505;0.2139|340.3472;0.0323	358090	429799
595.468	2.1	M+0	False	False		418238	429790
1244.889	2.703	M+1	True	False		417910	428661
691.6145	14.038	M+3	True	False	325.2136;1.0	428489	354056
538.5402	7.521	M+1	True	True		370261	424292
812.6159	10.503	M+0	False	False	607.5716;0.0553|608.5712;0.0411|629.5573;0.1929|630.5567;0.0799|631.5531;0.0208|753.5468;0.3535|753.5982;0.0136|754.5502;0.1955|755.5516;0.0475	420730	404187
566.5713	9.254	M+1	True	True		419088	411754
1021.9613	14.896	M+2	True	False		408761	415568
680.4989	2.683	M+0	False	False	184.0749;0.7512|184.1435;0.0351|185.0762;0.0648|186.0805;0.0088|440.2797;0.0097|622.447;0.07|623.4503;0.0504|624.4488;0.01	410981	394134
810.6	8.74	M+0	False	False	605.5532;0.1114|606.5548;0.0174|627.5314;0.1695|627.585;0.0175|628.5359;0.106|629.542;0.0224|751.533;0.3659|751.586;0.0198|752.5346;0.1324|753.5314;0.0377	402768	380049
651.6529	11.52	M+0	False	False	593.6007;0.4492|594.6062;0.5508	397456	395724
1218.0745	11.856	M+2	True	False		393647	394620
625.5782	12.454	M+0	False	False	341.313;0.3005|342.31;0.0961|343.3104;0.0186|607.5725;0.3458|608.5728;0.1705|609.574;0.0685	372254	385735
341.3062	11.856	M+0	False	True	267.2702;0.5077|285.2792;0.4923	378587	383150
788.5452	2.772	M+0	False	False	184.0766;0.8569|184.1437;0.034|185.0789;0.037|742.508;0.027|743.505;0.0092|754.5376;0.023|755.5476;0.0129	376450	372798
734.5711	6.988	M+0	False	False	184.0755;0.9154|184.1434;0.0113|185.0782;0.0733	376116	327288
793.6433	10.412	M+3	True	False		375142	360123
782.5686	7.173	M+0	False	False	577.5244;0.114|578.5261;0.0299|599.5046;0.2675|600.5056;0.0817|723.5058;0.3086|724.5047;0.1982	372050	340567
313.2747	11.856	M+0	False	True	239.2356;0.3254|257.248;0.3429|258.2509;0.3317	369090	370052
791.6277	8.668	M+3	True	False		356769	369793
780.5531	5.9	M+0	False	False	575.4996;0.0334|576.5088;0.0337|597.4898;0.3825|598.4902;0.0674|599.4942;0.0645|721.4765;0.179|722.4871;0.1864|723.4852;0.0532	366274	366639
1260.9743	13.333	M+0	False	False	573.493;0.6627|573.6264;0.0498|573.7082;0.0183|574.4978;0.1695|575.4972;0.0668|1243.9437;0.0144|1244.9467;0.0112|1245.9579;0.0074	338938	363014
761.5805	5.947	M+3	True	False		360463	362464
454.3026	1.161	M+0	False	False		361230	336008
619.529	11.766	M+0	False	False	335.2564;1.0	359871	358422
770.5348	2.887	M+0	False	False	184.0758;0.8852|184.1482;0.0278|185.0786;0.0545|754.5372;0.0325	352195	357828
763.5962	7.104	M+3	True	False		347608	355688
651.5123	3.55	M+0	False	False		179370	352378
1370.385	11.903	M+0	False	False		147878	350742
1301.9528	3.493	M+2	True	False		350158	321887
672.4587	3.55	M+0	False	False	399.1872;0.0286|467.4134;0.1997|468.412;0.0409|489.3925;0.348|490.398;0.1182|613.3863;0.1105|614.3878;0.1268|615.3933;0.0274	338996	345122
778.5373	5.235	M+0	False	False	463.2226;0.0217|573.4908;0.0836|574.4886;0.039|595.4792;0.345|596.4752;0.1331|597.4765;0.0221|719.4696;0.221|720.4702;0.1345	344122	339702
1362.1847	14.038	M+2	True	False		342882	337649
647.56	12.411	M+0	False	True	341.3104;0.5101|364.289;0.4899	341914	328975
700.4901	4.463	M+0	False	False	413.2114;0.0411|495.4434;0.1559|496.4439;0.1118|497.4456;0.0265|517.426;0.2393|518.4284;0.1724|641.4178;0.1343|642.417;0.09|643.4228;0.0287	338765	341592
1077.7017	1.393	M+2	True	False		339753	307229
1213.1192	11.856	M+2	True	False		332609	338876
652.4673	2.187	M+0	False	False	184.0758;0.8692|184.1491;0.0288|185.0778;0.0466|594.418;0.0289|595.419;0.0159|617.1084;0.0105	338679	338801
539.3841	1.446	M+0	False	False		310044	336583
538.3998	1.493	M+0	False	False		328904	336305
680.482	6.693	M+0	False	False	551.3312;0.0194|607.3972;0.0794|608.396;0.0446|609.3937;0.0146|663.46;0.4165|663.5879;0.0314|664.467;0.304|664.5895;0.0088|665.4644;0.0674|666.463;0.0138	298873	333281
757.5932	5.235	M+0	False	False		333127	323938
972.8193	15.176	M+0	False	False	161.1329;0.0092|175.1478;0.0098|243.2142;0.0125|369.358;0.5806|369.4592;0.0216|370.3621;0.1951|371.36;0.0221|911.8051;0.0355|912.8071;0.0242|955.7972;0.0411|956.8016;0.0387|957.8032;0.0096	331668	326042
650.5286	3.584	M+0	False	True		329349	297184
614.6244	11.904	M+0	False	True		325907	315746
790.6898	10.549	M+0	False	False		325676	287152
1369.3858	11.903	M+0	False	False		137050	323435
342.3094	12.454	M+1	True	True		305377	321253
678.5611	4.496	M+0	False	True		320217	300930
668.6884	14.938	M+0	False	False		317602	307326
642.6566	12.542	M+0	False	False		312052	317468
1261.9779	13.333	M+1	True	False	573.4938;0.4948|574.4992;0.3692|575.497;0.136	290655	317024
455.2874	1.07	M+0	False	False		316593	273055
644.4276	2.683	M+0	False	False	183.1741;0.0386|385.174;0.0624|422.2647;0.0272|439.3776;0.151|440.3796;0.0736|441.3822;0.0345|461.3607;0.2167|462.3638;0.1426|585.3587;0.1593|586.3542;0.0626|587.352;0.0315	314651	290719
756.6107	5.282	M+0	False	False		313026	306276
1444.4038	12.151	M+0	False	False		141875	312248
622.4963	2.772	M+0	False	False		312219	290581
756.6107	5.143	M+0	False	False		311283	282907
688.6578	14.128	M+0	False	False		297261	310916
623.4894	2.728	M+1	True	False		308173	213467
623.4958	2.703	M+0	False	False		308173	307688
594.4644	2.187	M+0	False	False		293225	306897
760.6418	7.196	M+0	False	True		304188	306377
758.626	6.05	M+0	False	True		304178	283261
1315.2062	14.604	M+0	False	False	179.1788;0.0222|203.1786;0.0082|231.2092;0.0104|257.2274;0.0118|285.2577;0.0085|367.3412;0.5187|367.4402;0.0235|368.3434;0.1138|369.3478;0.0634|370.3533;0.0275|650.5937;0.0082|666.6251;0.0727|667.6273;0.0997|668.6256;0.0114	303327	276405
819.6688	11.951	M+1	True	False		299240	295382
788.6735	8.783	M+0	False	True		280177	298300
596.4046	1.484	M+0	False	False	184.0748;0.1844|185.077;0.0162|538.3584;0.5847|539.359;0.1722|540.3596;0.0426	296101	294738
788.6712	8.613	M+0	False	True		294780	77515
595.4471	2.179	M+0	False	False		294146	222173
759.6078	6.05	M+0	False	False		294009	170557
1316.2094	14.604	M+1	True	False	177.164;0.0094|233.2272;0.0093|285.2544;0.0092|367.3425;0.3352|368.3465;0.2547|369.3514;0.1074|370.3605;0.0437|371.3589;0.0089|666.6228;0.0605|667.6242;0.1186|668.6287;0.0137|671.5745;0.0294	291833	276003
338.3426	3.323	M+0	False	True		244313	289193
688.6585	13.948	M+0	False	False		268591	287657
560.3334	1.349	M+0	False	False	355.2882;0.2507|356.2902;0.0445|377.2703;0.2433|378.2721;0.0654|501.2634;0.2904|502.2656;0.0434|503.2578;0.0622	285473	251689
615.608	11.856	M+0	False	False		284398	275728
817.6276	5.9	M+1	True	False	184.0767;0.528|185.0771;0.0855|186.0772;0.0163|758.5667;0.019|759.5745;0.2639|760.578;0.0872	278608	283932
1371.3845	11.903	M+1	True	False		118708	283915
653.486	3.493	M+3	True	False		283293	267012
1365.1333	14.038	M+0	False	False		282721	260928
455.3066	1.026	M+0	False	False		281832	272324
1364.13	14.038	M+0	False	False	369.351;0.0147|370.3568;0.0149|371.3559;0.0155|691.6134;0.0191|693.5612;0.4677|693.6145;0.0367|693.7078;0.0568|694.5636;0.2787|694.6167;0.0241|694.6992;0.0095|695.5712;0.0541|696.5622;0.0082	278381	256081
597.547	11.766	M+0	False	False	313.275;0.1643|314.2775;0.0598|341.3055;0.1741|342.3077;0.0629|579.5443;0.3495|580.539;0.1293|581.5428;0.06	278071	257392
1189.8272	2.1	M+2	True	False		263287	276690
757.612	5.19	M+1	True	False		276394	246967
608.5709	12.454	M+1	True	True		253821	276017
761.6256	7.196	M+0	False	False		194982	273350
681.5176	4.409	M+3	True	False		271487	257979
1358.0137	4.409	M+2	True	False		270546	255451
815.6118	5.143	M+1	True	False		268670	267398
819.6431	7.173	M+1	True	False		268073	262544
645.6144	12.454	M+3	True	False		249588	265246
1443.4051	12.151	M+0	False	False	221.0854;0.0251|222.0866;0.009|223.0656;0.0061|281.0532;0.0378|282.0549;0.0155|283.0491;0.0068|295.1062;0.0185|296.1038;0.0104|297.084;0.0087|298.084;0.0059|299.0812;0.0061|341.0182;0.0186|342.0175;0.0063|355.0748;0.1339|356.0731;0.0497|357.0704;0.0333|369.1188;0.0049|371.1055;0.1092|372.1043;0.0779|373.1037;0.0381|374.1104;0.0048|415.0334;0.0053|429.0959;0.0889|430.093;0.0578|431.0881;0.0465|445.1238;0.0636|446.1216;0.0235|447.1204;0.0115|503.1108;0.0143|504.1115;0.0269|505.1104;0.0292|506.1;0.0058	122663	264906
671.5778	14.038	M+0	False	False	303.2336;0.2188|369.3556;0.6304|370.3554;0.1508	264898	226197
909.5134	1.026	M+2	True	False		264112	256064
820.4906	1.952	M+0	False	False	184.0774;0.8707|184.1447;0.0155|185.0785;0.0465|186.0769;0.0176|496.3412;0.016|766.5088;0.0142|784.5132;0.0195	263996	245194
616.3963	2.187	M+0	False	False	411.348;0.1486|412.3483;0.0326|433.3321;0.2469|434.3318;0.0645|557.3252;0.3676|558.3333;0.1399	261347	263148
174.1644	1.114	M+0	False	False		262784	27514
1296.3662	11.298	M+0	False	False		112250	261816
686.5887	13.712	M+0	False	False	233.226;0.0316|255.2109;0.1863|311.2744;0.0323|367.3446;0.509|368.34;0.1713|369.3489;0.0694	236490	261533
929.4888	1.026	M+0	False	False	271.192;0.0209|293.17;0.0407|417.1636;0.1456|418.1662;0.0225|476.243;0.6038|477.2426;0.1292|478.2484;0.0373	256469	253359
1278.3552	13.239	M+0	False	False		185224	252917
973.8227	15.176	M+1	True	False	189.1643;0.0161|369.3588;0.3974|370.3634;0.3121|371.3612;0.075|912.8046;0.0833|913.8036;0.0235|956.7926;0.0465|957.7976;0.0461	246023	243489
1445.4037	12.151	M+1	True	False	281.0548;0.0379|282.0514;0.0431|342.017;0.0287|355.0694;0.1252|356.074;0.0412|357.0678;0.0571|358.0666;0.0467|371.1033;0.1286|372.103;0.0718|373.1006;0.0369|429.088;0.0881|430.0888;0.0802|431.0913;0.0381|432.0821;0.0412|445.122;0.0562|446.1176;0.0318|447.1168;0.0472	121774	245820
1319.3013	15.033	M+0	False	False		245817	237262
1295.3675	11.298	M+0	False	False	221.086;0.0238|222.0843;0.0095|281.0513;0.0328|282.0541;0.0112|295.1023;0.011|297.081;0.0136|298.0834;0.0098|341.0217;0.0075|342.0151;0.0076|355.0731;0.0933|356.0732;0.0378|357.0672;0.0166|369.121;0.0106|371.109;0.1213|372.1038;0.0439|373.1042;0.0558|415.0354;0.0087|429.0901;0.0625|430.0909;0.0376|431.0937;0.0327|432.0916;0.0175|445.1234;0.0979|446.1244;0.0586|447.126;0.0272|448.116;0.0164|503.1126;0.0323|504.113;0.0483|505.108;0.0123|519.1424;0.0107|520.1414;0.0076|577.1266;0.0081|1260.3234;0.0068|1261.3157;0.0085	104127	244221
1352.3746	13.428	M+0	False	False		189513	240248
1204.3365	13.085	M+0	False	False		199796	239217
1277.3566	13.239	M+0	False	False	207.0337;0.0319|208.0318;0.0079|221.0864;0.084|222.0845;0.0288|281.0554;0.0696|282.0557;0.0368|283.0498;0.0155|295.106;0.051|296.1046;0.0104|297.0974;0.0095|341.0191;0.0342|355.0762;0.181|356.0755;0.0836|357.0725;0.0409|369.1208;0.0131|429.0918;0.0912|430.0904;0.041|431.089;0.0484|503.1094;0.0687|504.1095;0.0348|505.1092;0.0176	178545	236547
849.6903	10.329	M+1	True	False		231611	236497
1368.3852	11.903	M+0	False	False	207.0327;0.0046|221.0858;0.0348|222.0852;0.0047|223.0648;0.0093|224.0633;0.004|281.0538;0.0506|282.0556;0.015|295.1035;0.0243|297.0869;0.015|341.0209;0.0356|342.0224;0.0045|355.0766;0.1182|356.0711;0.0343|357.0701;0.0115|369.1222;0.0121|371.1088;0.1377|372.1044;0.0544|373.1014;0.0087|415.0396;0.0096|429.096;0.1312|430.0926;0.037|431.0901;0.0262|432.0844;0.0048|445.1278;0.0743|446.1215;0.0297|447.1204;0.0194|448.1208;0.009|503.112;0.0514|504.1086;0.0122|505.1056;0.0065|519.1398;0.0093	108647	233560
587.5498	9.254	M+0	False	False		233251	217546
425.2923	1.72	M+0	False	False	184.0768;1.0	231144	189660
690.6442	14.038	M+0	False	False		230341	175989
849.6902	10.503	M+1	True	False		230114	228139
1203.3374	13.085	M+0	False	False	207.0318;0.0265|221.0845;0.0953|222.0837;0.0362|281.0526;0.0606|282.0535;0.0351|295.1046;0.0425|296.1046;0.0248|341.017;0.0351|355.0743;0.1358|356.0718;0.087|357.0714;0.0489|370.1207;0.0406|429.0904;0.0685|430.0934;0.0798|431.0849;0.0752|503.1096;0.046|504.1096;0.023|505.1102;0.0391	203092	229063
184.0737	2.1	M+0	False	True		211602	228902
1426.3935	13.57	M+0	False	False		181972	227744
663.4552	6.693	M+0	False	True	439.2016;0.0737|495.2671;0.2698|496.2705;0.0782|551.328;0.2221|552.3335;0.1401|607.3936;0.1431|608.3943;0.073	198188	226774
559.5187	7.521	M+0	False	False		215498	226395
669.6706	14.938	M+0	False	False		225647	223904
1222.3468	9.645	M+0	False	False		90273	225476
1270.1853	12.454	M+3	True	False		225273	225094
666.62	14.554	M+0	False	True	367.3391;0.3845|368.3402;0.1747|369.3516;0.3762|370.357;0.0645	215879	222917
737.5648	4.364	M+1	True	False		221746	213446
772.5496	2.819	M+0	False	False	184.0763;0.4623|185.0774;0.0308|754.5459;0.3085|755.5462;0.1675|756.5429;0.0309	221380	204486
650.4403	1.72	M+0	False	False	184.0764;0.9563|185.0779;0.0437	221367	205714
1322.2992	14.896	M+0	False	False		221190	229884
354.4518	1.813	M+0	False	False		220824	200172
702.6198	14.226	M+0	False	False	369.3548;0.2029|370.3574;0.1213|383.3731;0.5119|384.3755;0.1249|385.3749;0.0389	217490	207206
615.6295	11.856	M+1	True	True		216911	215157
153.1389	0.982	M+0	False	False		215775	127867
1221.3483	9.645	M+0	False	False	221.0847;0.0248|222.0857;0.0168|223.0651;0.0189|281.0516;0.0641|282.0502;0.0178|295.1022;0.0196|341.0202;0.0401|355.0731;0.132|356.0701;0.0804|357.0687;0.0511|371.1043;0.0934|372.1034;0.0638|373.1019;0.0969|429.0931;0.1067|430.0943;0.0284|431.0896;0.0448|445.1172;0.0293|446.1276;0.0285|447.1218;0.0235|520.1408;0.0189	90833	215751
1351.3758	13.428	M+0	False	False		165455	214948
679.5436	4.496	M+0	False	False		214615	159397
1305.2207	14.896	M+3	True	False		211679	194715
813.6188	10.503	M+1	True	False		210946	208876
1325.1957	15.033	M+0	False	False	673.5942;0.4695|674.5981;0.3249|675.6026;0.1695|676.6092;0.036	210574	185389
1324.193	15.033	M+0	False	False	369.3519;0.0219|370.3554;0.0261|673.5948;0.4723|673.6451;0.0304|673.7392;0.0291|674.6018;0.3188|675.6039;0.1015	209219	202247
594.603	11.52	M+1	True	False		208871	203432
175.1638	0.945	M+1	True	False		142137	205091
1294.3666	11.298	M+0	False	False	207.0332;0.0115|221.0843;0.022|222.0843;0.0075|223.0604;0.0068|281.054;0.0608|282.0554;0.0253|283.0479;0.0072|295.0996;0.0065|297.0823;0.0191|341.021;0.0289|342.0206;0.0087|355.0775;0.1578|356.0724;0.0369|357.0719;0.0192|371.1065;0.1515|372.1057;0.0413|373.1016;0.0315|374.099;0.0076|415.0389;0.0095|429.0948;0.1023|430.0945;0.0363|431.0901;0.0275|445.1242;0.0771|446.1233;0.0314|447.1203;0.018|503.1101;0.0274|504.1066;0.0127|505.1022;0.0081	85233	204801
813.6204	10.329	M+0	False	False		208927	204676
697.4858	2.179	M+1	True	False		203989	194174
1129.3183	12.885	M+0	False	False	207.0347;0.0377|221.0862;0.1409|281.0526;0.0858|282.0464;0.0174|295.1042;0.0228|296.1042;0.0415|341.019;0.0313|355.0723;0.1492|356.072;0.0899|357.0704;0.0234|358.0703;0.0183|369.1214;0.0297|415.0381;0.0185|416.0389;0.0178|429.092;0.085|430.0866;0.0728|431.0849;0.0721|504.1148;0.0214|505.1062;0.0247	178029	202660
709.5331	3.584	M+1	True	False		202195	189311
643.6401	12.545	M+0	False	False		201926	199134
1202.3365	13.085	M+0	False	False	207.034;0.0189|221.0877;0.0917|222.0882;0.0237|223.0808;0.0069|266.9994;0.0113|281.0555;0.1089|282.0545;0.0217|283.0497;0.0069|295.105;0.0692|296.1074;0.0083|297.0992;0.0069|341.0186;0.0273|342.0201;0.0061|355.0768;0.1427|356.0734;0.0208|357.0716;0.0188|369.1266;0.027|370.1248;0.0073|371.119;0.0067|415.0389;0.0239|416.0375;0.0062|429.0966;0.1255|430.0928;0.0609|431.0893;0.0336|503.1097;0.0682|504.113;0.0319|505.1084;0.013|577.1356;0.0058	174944	201641
667.4389	1.579	M+1	True	False		200663	200140
693.5598	14.038	M+0	False	False	325.2132;0.6478|326.2163;0.1468|579.5406;0.2053	200330	189009
811.6035	8.74	M+1	True	False		199473	194126
1279.3549	13.239	M+1	True	False	207.0327;0.0184|221.0862;0.0568|222.089;0.0199|223.0836;0.028|281.052;0.0509|282.0514;0.0146|283.0509;0.0555|295.1072;0.0505|296.1104;0.0157|343.018;0.0253|355.0726;0.1156|356.0738;0.0801|357.0696;0.0669|358.0655;0.0174|370.1252;0.0246|371.1167;0.0279|429.0907;0.0476|430.0913;0.0333|431.0916;0.0732|432.0892;0.0565|503.1066;0.0243|504.1122;0.027|505.1108;0.0557|507.1128;0.0145	138559	199445
688.6383	14.179	M+0	False	False		198879	190115
669.6943	14.896	M+1	True	False		191847	197850
700.6044	13.854	M+0	False	False	381.3588;0.7444|382.357;0.2064|383.3585;0.0492	190813	197429
690.6669	14.038	M+1	True	True		194938	173193
1425.3951	13.57	M+0	False	False		159056	194844
1276.3556	13.239	M+0	False	False	207.0337;0.0236|221.0873;0.0933|222.0851;0.0206|266.9998;0.0077|281.0538;0.0857|282.0536;0.0303|283.048;0.0093|295.1047;0.0445|296.1041;0.0164|297.1032;0.0089|341.022;0.0272|342.0205;0.0072|355.077;0.1698|356.0751;0.05|357.0687;0.0245|369.1234;0.0175|370.1234;0.0163|371.1206;0.0068|415.0436;0.0185|429.0945;0.1092|430.0909;0.0714|431.089;0.0146|503.1098;0.0629|504.1146;0.0304|505.1056;0.0167|577.1296;0.0102|579.1374;0.0065	141149	193981
1130.3176	12.885	M+1	True	False		176071	193222
1297.3659	11.298	M+1	True	False	281.0524;0.0726|355.0722;0.1527|356.0675;0.0383|357.0694;0.0338|371.1019;0.1121|372.1062;0.0915|373.1039;0.0788|374.101;0.0463|429.0894;0.0842|430.0906;0.0438|431.0874;0.0327|445.1234;0.0424|446.1206;0.0617|447.1206;0.0347|449.1158;0.0295|503.1065;0.0447	80695	193098
652.656	11.52	M+1	True	False		192921	188686
1372.3834	11.903	M+2	True	False		79970	192610
1442.4043	12.151	M+0	False	False	221.0857;0.0383|222.0862;0.0083|281.0537;0.0692|282.0538;0.0127|295.1043;0.0215|297.08;0.0116|341.0177;0.0177|355.0748;0.119|356.0712;0.0344|357.0693;0.0192|369.1192;0.0092|371.1074;0.1924|372.1054;0.0629|373.1012;0.0103|415.0382;0.0153|429.0968;0.1463|430.0931;0.0419|431.091;0.0207|445.1255;0.0646|446.1252;0.0212|447.1187;0.0142|503.11;0.0334|504.1089;0.0157	95426	192269
477.2427	0.991	M+1	True	False		160094	191557
790.6714	10.604	M+0	False	False		195364	191212
668.6697	14.986	M+0	False	False		183834	190060
1128.3175	12.885	M+0	False	False	207.033;0.0252|221.0866;0.0895|222.0858;0.0144|223.083;0.0096|266.9982;0.0095|281.0537;0.0973|282.0536;0.0469|283.0486;0.0085|295.1059;0.0342|296.1025;0.0161|341.019;0.0304|342.0208;0.0215|343.0112;0.0074|355.0733;0.1523|356.0713;0.035|357.0698;0.0272|369.1224;0.0266|415.04;0.025|416.0374;0.0075|429.0942;0.139|430.0944;0.0585|431.0902;0.0525|489.0484;0.0068|503.1071;0.0189|504.1148;0.0233|505.1076;0.0078|577.1294;0.0091	158927	188620
654.5378	5.355	M+0	False	False		185256	188436
758.6068	6.095	M+0	False	False		187849	164879
760.6228	7.265	M+0	False	False		187394	184207
789.5484	2.793	M+1	True	False		174872	186973
1427.3933	13.57	M+1	True	False		145495	186749
1353.3744	13.428	M+1	True	False	207.0311;0.03|221.0859;0.15|222.085;0.0441|223.0818;0.0243|281.0523;0.0657|283.0494;0.0429|295.103;0.0307|297.1035;0.0245|355.0684;0.0736|356.0729;0.0599|357.0706;0.0831|371.124;0.0238|429.0918;0.0953|430.0913;0.0827|431.0897;0.08|504.1094;0.0557|505.1055;0.0338	155185	186748
1147.3291	8.356	M+0	False	False	281.0532;0.0505|298.0832;0.0292|355.0711;0.1002|356.0706;0.085|371.1024;0.1939|372.1047;0.0975|373.0993;0.0389|429.0872;0.08|430.0887;0.0404|431.0868;0.026|445.1199;0.0832|446.1236;0.0381|447.1212;0.0401|503.1075;0.0708|519.1396;0.0263	80061	186239
1325.1961	14.81	M+0	False	False		162806	186035
1324.1931	14.81	M+0	False	False		163740	185221
597.423	2.1	M+3	True	False		183099	184846
781.5563	6.05	M+0	False	False		181556	171399
1054.2991	12.636	M+0	False	False	207.0323;0.0125|221.0868;0.1072|281.0532;0.1307|282.0527;0.0286|283.0502;0.0276|295.1033;0.024|341.0187;0.0501|342.0174;0.0228|355.0758;0.1716|356.0743;0.0705|357.0737;0.0382|369.1243;0.0323|415.0378;0.0304|417.0397;0.0129|429.0933;0.0772|430.092;0.0392|431.086;0.0449|491.0548;0.0157|503.1086;0.0218|504.11;0.0175|505.1098;0.0242	134095	181191
1220.3475	9.645	M+0	False	False	221.086;0.0266|222.0868;0.011|223.0634;0.0109|266.9974;0.0109|281.0544;0.0669|282.0549;0.0224|297.0834;0.0192|341.018;0.0346|342.0177;0.0174|343.0182;0.0075|355.077;0.1458|356.0747;0.0498|357.0731;0.0222|371.1072;0.098|372.1058;0.0459|373.0978;0.0127|400.9832;0.0087|415.0347;0.0076|416.0387;0.0083|429.0949;0.1289|430.0924;0.0622|431.0922;0.0229|445.1221;0.0608|446.1233;0.042|447.1194;0.0206|503.1088;0.02|504.1088;0.016	76299	179881
783.5719	7.173	M+1	True	False		178789	176947
1446.4036	12.151	M+2	True	False		86929	177075
626.5814	12.454	M+1	True	False		166775	176272
771.5379	2.866	M+1	True	False	184.0773;0.8965|185.0769;0.1035	176250	170539
594.4462	2.234	M+0	False	False		161638	175901
625.4545	2.703	M+3	True	False		173887	175876
421.3259	4.238	M+0	False	False	210.0902;0.3619|239.2397;0.0381|269.1642;0.4906|270.1682;0.1094	171899	175282
1340.941	13.314	M+0	False	False	317.2457;0.0178|336.2643;0.0117|573.4964;0.6323|573.5467;0.0299|573.6134;0.0129|574.4996;0.2473|575.4926;0.0481	174907	174646
647.4603	11.095	M+0	False	False	347.1752;0.2503|441.2918;0.2311|442.298;0.3425|591.3933;0.1762	174479	168341
735.5744	6.988	M+1	True	False		171386	154193
779.5408	5.282	M+0	False	False		171335	166672
802.5243	1.635	M+0	False	False	184.0773;0.7532|185.0778;0.0661|785.5144;0.0713|786.5326;0.1095	161816	169769
378.2532	1.484	M+0	False	False		169742	127454
762.6284	7.104	M+0	False	False		148405	169598
369.3949	14.038	M+0	False	False		167613	137795
1205.3365	13.085	M+1	True	False	221.0844;0.0815|222.0859;0.029|223.0886;0.0142|281.0538;0.0845|282.0508;0.0496|283.0539;0.0335|295.1052;0.0422|296.1082;0.0184|297.1038;0.0156|341.0212;0.0212|343.0159;0.0143|355.073;0.1186|356.0711;0.0536|357.0721;0.0622|358.071;0.0259|371.1229;0.018|429.0915;0.0678|430.0907;0.0555|431.0884;0.0255|432.0906;0.0641|503.1092;0.0334|504.1105;0.0194|505.1085;0.0177|506.1076;0.0341	144259	167403
1146.3284	8.356	M+0	False	False	221.085;0.0256|223.0637;0.0122|224.0639;0.01|266.9997;0.007|281.0546;0.0732|282.0524;0.0098|283.0529;0.0064|295.1036;0.0141|297.0834;0.03|341.019;0.0452|342.0199;0.0128|355.075;0.1471|356.0706;0.0351|357.0691;0.0228|371.1043;0.1115|372.1056;0.0405|373.1023;0.0288|415.0378;0.0194|416.0362;0.0112|429.0948;0.1083|430.0904;0.0523|431.089;0.0205|432.086;0.0104|445.1229;0.0598|446.1212;0.0281|447.1216;0.0211|503.1102;0.0202|504.1068;0.0071|505.1045;0.0097	75994	166872
1055.2998	12.636	M+1	True	False	356.0753;1.0	137728	166856
762.6512	7.104	M+1	True	False		160748	166756
760.6128	5.939	M+0	False	False		165785	156872
1360.2411	14.038	M+0	False	False		83840	164006
541.3602	1.393	M+3	True	False		163081	148308
762.6025	7.734	M+0	False	False	184.0735;0.0284|212.1066;0.8364|213.1096;0.0946|551.505;0.0406	162746	160096
512.3103	1.161	M+0	False	False	184.075;0.3171|454.2638;0.5316|455.2621;0.0797|456.2651;0.0717	162188	153843
1350.3749	13.428	M+0	False	False	207.0328;0.0177|221.0864;0.1045|222.0871;0.0247|281.0535;0.0938|282.055;0.0149|283.0498;0.0078|295.1062;0.0494|296.1049;0.0202|341.0184;0.0226|355.0772;0.131|356.0704;0.0504|357.0723;0.0204|369.123;0.017|370.1238;0.0156|400.9844;0.0103|415.0354;0.0092|416.0384;0.0084|417.0348;0.0078|429.099;0.1623|430.0934;0.0594|431.0913;0.0178|432.0792;0.0072|503.1127;0.048|504.1134;0.0408|505.107;0.023|577.1276;0.0096|578.1296;0.0063	134438	162046
1056.2986	12.636	M+2	True	False		135308	161409
792.6993	10.412	M+1	True	False		160812	156202
760.6354	5.947	M+1	True	False		159946	160739
790.6848	8.668	M+1	True	False		157378	160404
620.5321	11.766	M+1	True	False		159957	152105
394.2661	1.484	M+0	False	False	184.0745;0.7068|185.0759;0.0507|378.252;0.1841|378.7536;0.0583	159361	135768
648.5634	12.545	M+0	False	False		158790	148995
802.5235	1.813	M+0	False	False	184.0747;1.0	158135	154675
1499.4131	13.712	M+0	False	False	207.0346;0.024|221.0866;0.1246|222.0869;0.0267|281.0522;0.0733|282.0522;0.014|283.0482;0.0097|295.1064;0.0901|296.105;0.012|341.0196;0.0187|355.0726;0.1495|356.0725;0.0711|357.0698;0.0131|369.1274;0.0411|370.1194;0.0176|415.0412;0.0167|429.0935;0.0986|430.0933;0.0487|431.0888;0.0237|503.1132;0.0666|504.111;0.0291|505.1088;0.0173|578.1258;0.0139	126396	158068
790.6724	8.66	M+2	True	True		157921	100294
1317.2121	14.604	M+2	True	False		157566	139050
1359.2334	14.038	M+0	False	False		157480	141725
1341.9436	13.286	M+1	True	False	573.4967;0.4633|574.5003;0.4323|575.5022;0.1044	135173	156631
801.554	2.981	M+0	False	False	184.0749;0.1575|219.178;0.7618|220.1776;0.0806	129477	156228
1223.3468	9.645	M+1	True	False	221.0868;0.0495|281.0536;0.0204|282.0518;0.0165|295.1048;0.0219|297.0827;0.0205|355.0713;0.0463|356.0729;0.0501|357.0704;0.0785|358.0705;0.0178|371.1056;0.0699|372.1038;0.0875|373.1025;0.0637|374.1035;0.0251|429.0889;0.0459|430.0901;0.0674|431.0907;0.0539|432.086;0.0243|445.1245;0.0582|446.1216;0.0351|447.1208;0.0695|448.1181;0.0206|503.1078;0.0244|504.1084;0.0161|506.1068;0.0169	63782	154922
1096.0476	7.521	M+0	False	False	559.5254;0.6277|559.6391;0.0133|560.5242;0.2811|561.5265;0.078	128576	154565
892.4886	1.673	M+0	False	False	184.077;0.7768|185.0771;0.1093|856.5157;0.0935|858.5054;0.0205	153527	151764
790.6596	8.704	M+0	False	False		153350	151539
792.6782	10.415	M+0	False	False		161333	153034
1275.1406	12.411	M+3	True	False		152050	149836
1267.2323	12.454	M+0	False	False		151566	148559
681.4853	6.693	M+1	True	False	439.2084;0.0241|440.206;0.0204|495.267;0.0457|496.2706;0.098|497.2792;0.0492|551.3306;0.067|552.3352;0.1881|553.3398;0.043|608.4013;0.202|609.4031;0.1214|664.4584;0.0909|665.461;0.0245|666.4677;0.0257	146338	151495
1424.3936	13.57	M+0	False	False	207.0332;0.0131|221.0857;0.1329|222.0842;0.0201|281.0534;0.0675|282.0518;0.0189|295.104;0.0687|296.1088;0.0226|341.018;0.0226|355.0734;0.1396|356.0746;0.0484|357.0696;0.0113|369.1232;0.0504|415.0369;0.0094|429.0952;0.1522|430.0876;0.0891|431.0857;0.0285|432.086;0.0088|503.109;0.0537|504.1082;0.0274|505.104;0.0148	115068	151384
907.5696	1.035	M+0	False	False		145889	149720
898.7875	13.948	M+0	False	False	245.2271;0.0284|599.5084;0.2082|600.5104;0.1364|601.525;0.3413|602.5282;0.108|603.5272;0.0715|881.7561;0.0726|882.7681;0.0335	138275	149208
1366.1363	14.038	M+1	True	False		148475	139960
874.4779	1.776	M+0	False	False	184.0769;0.8944|185.0772;0.0638|816.5436;0.0201|840.5098;0.0217	146302	147646
581.5427	11.766	M+2	True	False		146717	143437
184.0737	3.463	M+0	False	True		140682	146358
701.4935	4.496	M+1	True	False		145532	143874
670.6359	12.901	M+0	False	False	341.3071;0.1389|342.3093;0.0653|369.3394;0.2738|370.3414;0.081|635.601;0.3581|636.6032;0.0828	143860	135631
672.5813	14.038	M+1	True	False		140590	111848
186.0627	16.1	M+0	False	False	150.0369;0.4727|168.0485;0.5273	139262	18093
1152.1102	9.254	M+0	False	False	587.5538;0.636|588.5574;0.3163|589.5548;0.0477	138622	135256
673.462	3.55	M+1	True	False		135514	138584
842.5803	3.028	M+0	False	False	184.0772;0.8015|185.0775;0.0485|770.5335;0.0788|771.5336;0.0712	134001	138180
459.2756	1.579	M+0	False	False		137794	125205
900.803	14.27	M+0	False	False	339.2933;0.0301|599.501;0.0764|600.5064;0.0495|601.524;0.28|602.5232;0.1627|603.539;0.2609|604.539;0.1403	114275	137366
1131.3169	12.885	M+2	True	False	221.0857;0.0751|222.0846;0.0301|223.0815;0.0218|281.0512;0.0397|282.0546;0.0421|283.0484;0.0244|295.1049;0.0248|296.1035;0.0318|355.0714;0.0717|356.0743;0.0932|357.0727;0.0655|358.0718;0.0219|429.0922;0.11|430.0905;0.1207|431.0894;0.0867|432.0856;0.0683|504.107;0.0286|505.108;0.0235|506.109;0.0202	133267	137216
1219.0777	11.856	M+3	True	False		136452	133516
652.5333	3.493	M+1	True	False		136388	129667
716.6358	14.368	M+0	False	False	203.1799;0.0371|397.3901;0.695|398.3858;0.2254|399.3929;0.0425	136302	112755
186.0625	15.964	M+0	False	False	168.048;1.0	19483	136120
184.0736	2.703	M+0	False	True		124753	136007
1298.3648	11.298	M+2	True	False	221.0862;0.0322|281.053;0.047|282.0512;0.0383|341.0186;0.0483|342.0192;0.0343|355.0721;0.0623|356.0708;0.1244|357.0712;0.1212|358.0712;0.0461|371.1022;0.0681|372.1066;0.0291|373.1001;0.0588|374.0984;0.0573|429.0872;0.0284|430.089;0.0479|431.0867;0.0478|432.0902;0.0373|446.1204;0.0313|447.1195;0.0399	58475	134585
573.4889	4.227	M+0	False	False	184.0732;0.3654|239.238;0.3121|261.2218;0.3225	134492	133912
644.6614	12.454	M+1	True	True		124320	134440
562.411	1.72	M+0	False	False	483.3716;0.7472|484.3722;0.2528	133268	130179
821.4938	1.952	M+1	True	False	184.0771;0.9078|185.0783;0.0922	133065	122275
1428.3926	13.57	M+2	True	False		109443	131896
656.4065	2.328	M+0	False	False	184.0764;0.95|185.0772;0.05	128972	131787
269.1629	4.273	M+0	False	True	151.0169;0.7545|152.0187;0.1251|210.0896;0.1203	131648	124169
1262.9809	13.314	M+2	True	False		131325	129524
1321.928	3.493	M+0	False	False	613.3856;0.114|672.46;0.7202|673.4696;0.1658	130687	126216
687.5922	13.712	M+1	True	False		121214	130528
876.4845	1.767	M+2	True	False		130393	123236
1354.3739	13.428	M+2	True	False		106273	129791
1097.677	1.437	M+0	False	False	377.2662;0.0415|501.2589;0.1346|560.3386;0.5294|561.3421;0.2946	129443	126533
1280.354	13.239	M+2	True	False		102744	129264
930.4924	0.991	M+1	True	False		119507	128226
496.3407	1.587	M+0	False	False	184.0734;0.8832|478.3298;0.1168	103991	128033
1377.9906	4.409	M+0	False	False	641.4174;0.0863|692.5258;0.0854|700.4948;0.5096|701.4938;0.2421|702.4976;0.0766	127507	124518
653.4706	2.187	M+1	True	False		120305	126391
1329.037	14.222	M+0	False	False	184.0736;0.1926|756.555;0.3263|757.5614;0.4406|758.5592;0.0404	122209	126362
680.5625	4.409	M+1	True	False		126229	121668
425.7938	1.72	M+0	False	False		126219	106920
1321.1651	14.604	M+0	False	False		125272	117230
902.8195	14.554	M+0	False	False	601.5194;0.0277|603.5434;0.5501|604.5412;0.2459|605.5445;0.1173|606.5568;0.0329|885.7831;0.0261	105393	124154
644.6452	12.454	M+0	False	False		0	123134
1022.9641	14.896	M+3	True	False		119909	123122
1149.328	8.403	M+2	True	False	281.0516;0.0443|283.0504;0.0265|355.0704;0.0571|356.0736;0.0869|357.0699;0.0505|358.0713;0.042|371.1026;0.0912|372.1024;0.0739|373.1047;0.0842|374.1097;0.023|429.0913;0.0421|430.0892;0.0718|431.0878;0.0324|432.0893;0.0728|445.1176;0.0591|446.123;0.04|447.1202;0.0539|448.1213;0.0482	56740	122981
369.3626	13.991	M+0	False	True		0	122707
1097.0512	7.521	M+1	True	False		109275	122622
874.7877	14.222	M+0	False	False	575.5066;0.2508|576.5081;0.0534|577.5258;0.2355|578.5274;0.07|601.5258;0.2506|602.524;0.1397	103902	122197
1027.7946	13.133	M+0	False	False	281.0525;0.0941|297.0841;0.0793|355.0726;0.1205|356.0737;0.1548|357.0712;0.0627|371.1044;0.1817|429.0898;0.0923|430.0894;0.0668|445.1183;0.0843|519.1398;0.0634	66897	122191
617.5827	11.856	M+3	True	False		121926	119031
1373.3853	11.903	M+3	True	False		48754	121760
980.2805	12.363	M+0	False	False	207.0331;0.0312|221.086;0.078|222.0858;0.0217|281.0524;0.1157|282.0543;0.0279|283.05;0.0199|295.1068;0.0243|341.0194;0.1007|342.017;0.0175|343.0183;0.031|355.0706;0.1011|356.0716;0.0469|357.074;0.0162|369.1217;0.0154|415.0394;0.04|416.0383;0.0168|429.0933;0.1057|430.0906;0.0446|431.085;0.042|503.1102;0.0364|504.11;0.0349|505.1018;0.0321	96251	121519
645.4307	2.683	M+1	True	False		121213	102177
1265.8657	2.703	M+0	False	False	461.362;0.0909|585.3586;0.0674|644.432;0.5186|645.4329;0.3231	117001	120987
671.6458	14.938	M+3	True	False		120332	116938
680.4514	1.587	M+0	False	False	184.0765;0.8798|185.0749;0.0449|495.2688;0.039|607.3888;0.0362	119979	120062
1322.9317	3.493	M+1	True	False		119751	113060
762.6026	8.566	M+0	False	False	184.0766;0.9403|185.0772;0.0597	119445	114341
579.5878	11.766	M+0	False	False		119295	116139
1378.9922	4.452	M+1	True	False		118992	120325
685.4369	6.693	M+0	False	False	683.0685;1.0	103855	118592
1064.8048	13.192	M+0	False	False	355.0715;0.1943|357.0694;0.1062|371.1023;0.1794|372.1068;0.1197|373.1034;0.112|429.0906;0.13|445.1188;0.1584	55930	118423
1209.8026	2.091	M+0	False	False	557.3246;0.1489|616.4024;0.5483|617.4063;0.2527|618.401;0.05	118219	109849
894.4869	1.673	M+2	True	False	184.0778;0.855|185.0776;0.0904|838.4998;0.0546	118170	113566
990.2855	12.991	M+0	False	False	223.0629;0.0557|281.0494;0.0729|282.0566;0.0607|355.0711;0.1742|356.0718;0.084|357.0735;0.046|371.1062;0.2054|372.1084;0.0577|429.0914;0.1144|430.091;0.0756|445.118;0.0535	63754	117557
907.5577	1.07	M+0	False	False		117164	92522
652.5857	5.261	M+0	False	False		112535	116920
990.785	12.991	M+0	False	False		58170	116720
477.264	1.579	M+0	False	False		116588	102468
356.417	1.813	M+2	True	False		116577	109194
896.7726	13.665	M+0	False	False	597.4906;0.0801|598.4914;0.0478|599.5127;0.4347|600.5103;0.1884|601.5241;0.1057|879.7501;0.1037|880.7505;0.0396	104478	116144
1326.2	15.033	M+1	True	False		115997	104806
732.5551	5.712	M+0	False	False	184.0764;1.0	112238	115720
924.2712	4.924	M+0	False	False	281.0521;0.0448|297.0816;0.0246|341.019;0.0188|355.0722;0.1609|356.0712;0.0403|357.0686;0.0201|371.1036;0.23|372.1046;0.0819|373.1011;0.0291|429.0924;0.0858|430.0928;0.0478|431.0902;0.0194|445.1251;0.1044|446.1268;0.0651|503.1078;0.0268	44580	115606
1057.298	12.636	M+3	True	False	221.085;0.0859|222.0818;0.0392|282.0548;0.053|283.0487;0.039|296.105;0.0364|341.0186;0.0472|355.0705;0.1374|356.0706;0.106|357.0712;0.108|358.068;0.0889|430.0902;0.1288|431.0875;0.0958|503.1065;0.0345	87091	114748
876.8031	14.507	M+0	False	False	575.5132;0.0331|577.5224;0.3911|578.5225;0.1484|579.5309;0.1079|580.5394;0.044|603.5355;0.14|604.5396;0.1355	102470	114723
1206.3352	13.085	M+2	True	False		99364	114597
872.4406	4.858	M+0	False	False	184.0755;0.9344|185.0769;0.0656	114206	102195
1027.2949	13.133	M+0	False	False	281.0524;0.0743|295.105;0.0504|341.0197;0.0554|342.0232;0.0556|355.0722;0.2172|356.0716;0.0978|357.07;0.0562|371.1041;0.0935|372.1044;0.0454|373.1026;0.0567|429.092;0.0614|430.0872;0.0876|447.1216;0.0483	56172	114097
1320.1618	14.604	M+0	False	False		113437	107271
369.3947	14.896	M+0	False	False		112649	113186
1073.3096	7.149	M+0	False	False		45602	113121
421.326	4.511	M+0	False	False	151.0153;0.1376|210.0907;0.8624	109796	112580
1330.0403	14.222	M+1	True	False		109748	112549
1447.4024	12.151	M+3	True	False	281.0515;0.0841|298.0861;0.0633|355.0709;0.1754|356.0748;0.0806|357.0716;0.111|359.0682;0.0983|372.1001;0.0728|373.0994;0.1362|431.0864;0.0962|447.117;0.082	49670	112371
1303.2723	14.896	M+0	False	False		112035	107497
667.6235	14.554	M+1	True	True		103761	112026
872.7723	13.948	M+0	False	False	575.5058;0.2487|576.5083;0.1934|577.5096;0.1033|599.5044;0.1864|600.5092;0.1105|855.7472;0.1208|856.7429;0.0368	108853	111653
1072.309	7.149	M+0	False	False	221.0832;0.0125|223.0647;0.0194|281.0534;0.0387|282.0522;0.0128|341.0259;0.0141|355.074;0.1505|356.0734;0.0484|357.0668;0.0211|371.1038;0.1238|372.1023;0.0661|373.1018;0.029|429.0914;0.0871|430.091;0.0379|431.0887;0.0274|445.1242;0.1013|446.1227;0.0583|447.1173;0.0375|503.111;0.0465|504.1108;0.0486|519.134;0.0189	45259	111467
1153.1135	9.254	M+1	True	False		111433	109571
822.491	1.913	M+2	True	False		105065	111292
981.2807	12.363	M+1	True	False	207.0343;0.0235|221.0846;0.0807|222.0842;0.0304|223.0831;0.0193|281.0537;0.1201|282.0535;0.0723|283.0512;0.0398|295.1048;0.0384|341.0196;0.0353|355.0748;0.1045|356.0713;0.0412|415.0375;0.0253|416.0404;0.0178|417.0402;0.0187|429.0908;0.0666|430.0887;0.087|431.09;0.0459|432.0938;0.0166|503.1088;0.036|504.1092;0.0358|505.1099;0.0449	87744	111094
1216.127	11.856	M+0	False	False		110697	104964
1272.1917	12.454	M+0	False	False		115589	110406
694.5631	14.038	M+1	True	False		110158	102687
1020.0083	14.896	M+0	False	False		109125	110047
369.3764	14.938	M+0	False	False		109800	110325
953.7758	12.932	M+0	False	False		56778	109644
1028.2943	13.133	M+1	True	False		55395	109356
774.5658	3.821	M+0	False	False	184.0767;0.9557|185.0773;0.0443	109114	107222
371.3591	14.038	M+2	True	True		109107	103881
703.6234	14.226	M+1	True	False		109021	107254
802.5584	2.981	M+1	True	False	184.0732;0.1207|219.1757;0.5412|220.1786;0.3381	98020	108999
1074.3092	7.149	M+1	True	False		42295	108269
1326.1998	14.81	M+1	True	False		87210	108180
723.5147	6.693	M+2	True	False		105973	108172
1263.374	9.645	M+0	False	False		51819	107567
625.6274	9.237	M+2	True	False		106368	107565
1498.4122	13.712	M+0	False	False	207.0314;0.0125|221.0872;0.0853|222.0847;0.0147|281.0542;0.1058|282.0534;0.0127|295.1032;0.0774|296.1055;0.0277|355.074;0.1473|356.0712;0.0377|357.0693;0.0442|369.1235;0.0503|370.1235;0.0115|371.1195;0.0135|415.0352;0.0126|429.0909;0.1415|430.0924;0.0606|431.0872;0.0144|503.1136;0.0681|504.1097;0.0466|577.1284;0.0157	96518	107545
1224.3457	9.645	M+2	True	False		45604	107540
652.5643	5.261	M+0	False	False		104289	106858
269.163	1.673	M+0	False	False	210.0903;1.0	106691	104177
398.231	0.991	M+0	False	False	184.0749;1.0	98494	106625
1214.1224	11.856	M+3	True	False		106402	102772
598.55	11.766	M+1	True	False		106345	102978
1302.9574	3.463	M+3	True	False		120154	105835
1363.1881	14.038	M+3	True	False		105621	96929
1065.3043	13.192	M+0	False	False		50474	105340
1064.3043	13.192	M+0	False	False	221.085;0.0334|223.0676;0.0276|281.0516;0.0671|282.0515;0.0181|341.0168;0.0261|355.0708;0.1106|356.0703;0.0613|357.0687;0.0446|371.1055;0.207|372.1039;0.1221|373.1011;0.0318|429.0898;0.0721|430.0874;0.0461|431.0888;0.0306|445.1182;0.0777|447.1204;0.0236	46290	105036
1302.2699	14.938	M+0	False	False		104739	104242
773.553	2.819	M+1	True	False		104211	92736
684.5214	2.866	M+0	False	False	374.3066;0.1131|598.4399;0.0877|638.4808;0.5188|639.484;0.2052|652.4981;0.0752	104109	101845
899.7908	13.948	M+1	True	False		93623	103051
701.6081	13.806	M+1	True	False	256.2121;0.1127|381.3516;0.2846|382.3573;0.6027	99191	102586
720.5944	12.092	M+0	False	False	259.2412;0.0437|369.3558;0.6871|370.3571;0.2691	100566	102161
715.6155	13.947	M+0	False	False		101107	80120
953.2758	12.944	M+0	False	False	223.0616;0.0628|224.0639;0.0498|281.0526;0.0629|297.079;0.0405|355.0714;0.1715|356.0731;0.0973|371.1034;0.1566|372.1006;0.0526|373.1;0.0573|429.0887;0.1474|430.0942;0.0478|445.122;0.0535	61615	100791
974.8264	15.176	M+2	True	False		100186	95318
597.5962	7.521	M+2	True	False		97008	100052
991.2851	12.991	M+1	True	False		58851	99757
1337.3928	11.298	M+0	False	False		44458	99713
664.4588	6.693	M+1	True	True		98311	99693
421.8275	4.273	M+0	False	False		99566	89649
675.5915	12.901	M+0	False	False		99479	86049
842.4882	2.748	M+0	False	False		98466	99084
1189.3546	8.403	M+0	False	False		49014	98773
836.5216	4.191	M+0	False	False	184.0743;0.29|264.0437;0.6655|265.0442;0.0444	93165	98290
715.6166	14.128	M+0	False	False		97365	98038
784.5136	1.905	M+0	False	True	184.077;0.8981|185.0774;0.1019	97531	93563
1262.3745	9.645	M+0	False	False		46203	97431
982.2794	12.363	M+2	True	False		80523	97385
1273.1977	12.497	M+1	True	False		17298	97144
597.4076	1.484	M+1	True	False		96949	92501
588.553	9.283	M+1	True	False		95301	96529
441.2872	1.484	M+0	False	False	184.0727;0.7651|185.0763;0.1095|269.162;0.1254	96440	88668
184.0736	4.409	M+0	False	True		96173	91610
1101.8133	13.286	M+0	False	False		44468	96143
1188.3563	8.403	M+0	False	False		45231	96128
457.2656	1.035	M+3	True	False	184.0738;0.5841|186.0772;0.4159	81153	95373
925.2717	4.924	M+1	True	False	355.0704;0.0619|356.0733;0.0313|357.0708;0.0404|371.1056;0.1813|372.106;0.1647|373.0989;0.0753|429.0904;0.0451|430.0896;0.0868|431.0932;0.0772|445.1196;0.0885|446.1216;0.0309|447.1185;0.0468|890.2296;0.0415|893.2388;0.0284	36498	95310
820.6718	11.951	M+2	True	False		95268	87664
609.605	9.254	M+0	False	False	565.5718;0.7159|566.5722;0.2321|567.574;0.052	94624	88589
399.2513	1.264	M+0	False	False	199.0735;0.4417|200.0771;0.1176|299.1636;0.4407	85068	94417
596.4654	2.1	M+1	True	False		86935	93924
1021.0128	14.896	M+1	True	False		93145	93895
1361.2422	14.038	M+1	True	False		93856	92174
1217.1303	11.856	M+1	True	False		93684	90479
821.5386	1.626	M+0	False	False		93028	89678
567.5744	9.254	M+2	True	True		92877	90372
341.3465	12.454	M+0	False	False		86287	92646
901.8064	14.27	M+1	True	False	600.5078;0.0724|601.5202;0.1494|602.525;0.2107|603.5292;0.2061|604.5431;0.2659|605.5422;0.0955	78862	92556
595.6351	7.521	M+0	False	False		84468	92099
758.6117	5.19	M+2	True	False		91697	85569
1102.3135	13.286	M+0	False	False		41522	91497
269.163	4.496	M+0	False	False	210.0898;0.8753|211.0914;0.1247	91304	84348
1336.3935	11.298	M+0	False	False		44362	91276
725.5498	12.093	M+0	False	False	191.0685;0.1294|357.2024;0.2856|358.2031;0.122|599.4464;0.1276|639.4709;0.1564|679.5055;0.1789	91093	86014
342.3093	11.856	M+1	True	True		89745	91065
838.5006	1.72	M+0	False	False	184.076;0.8914|185.0769;0.0663|802.5308;0.0423	91002	80921
926.2711	4.924	M+2	True	False	355.0714;0.3918|371.0994;0.2998|373.0993;0.3084	37304	90986
954.2753	12.932	M+1	True	False		49878	90944
761.6209	12.093	M+0	False	False		90221	74645
804.5389	1.635	M+0	False	False		85687	89149
617.3995	2.055	M+0	False	False		88743	89043
850.2524	4.027	M+0	False	False	184.0741;0.0264|221.0836;0.0245|223.0667;0.0282|281.0519;0.0527|282.057;0.0259|297.086;0.0238|341.018;0.0493|342.0164;0.0334|355.0733;0.2951|356.0715;0.0653|371.1034;0.1392|372.1029;0.0345|429.0905;0.1398|430.0934;0.0363|431.0899;0.0256	37923	88408
573.4887	4.496	M+0	False	False	184.0728;1.0	88257	88007
478.2635	1.579	M+1	True	False		88124	77731
623.6672	9.254	M+0	False	False		87580	87055
624.498	2.728	M+2	True	False		87325	84882
716.4871	2.134	M+0	False	False	184.0744;0.5608|185.0782;0.0704|535.3943;0.2305|536.4031;0.0582|659.391;0.0801	87209	82223
1065.8034	13.192	M+1	True	False		41410	87131
1320.1714	14.896	M+0	False	False		0	86860
788.5452	3.054	M+0	False	False	184.0772;0.9422|185.0749;0.0311|702.4732;0.0267	86853	84742
581.5741	7.521	M+0	False	False	281.2948;0.0538|299.3065;0.1121|537.5382;0.6486|538.5392;0.1855	76736	86538
540.4008	1.402	M+1	True	False		83974	86282
560.522	7.521	M+1	True	False		85107	86166
999.291	5.988	M+0	False	False	281.0517;0.0628|355.0712;0.1326|371.1057;0.1817|372.1052;0.0543|373.1008;0.0632|429.0897;0.0892|430.0898;0.0484|431.0862;0.0533|445.1198;0.1284|446.1216;0.0463|447.1211;0.0646|503.1076;0.0389|504.113;0.0362	32813	86141
916.2664	12.789	M+0	False	False		44644	85789
1078.7047	1.393	M+3	True	False		85582	84529
1211.1732	11.856	M+0	False	False		85515	80743
341.3305	12.454	M+0	False	False		76835	85112
561.3367	1.484	M+0	False	False		84837	82595
989.7856	12.991	M+0	False	False		45950	84321
565.6119	9.254	M+0	False	False		84319	76954
537.5806	7.521	M+0	False	False		75683	83743
690.7533	14.038	M+0	False	False		83354	75866
1132.3163	12.885	M+3	True	False		73115	83347
691.6227	14.365	M+0	False	False		79924	82932
1210.8059	2.142	M+0	False	False		80365	82906
539.5434	7.521	M+2	True	True		78978	82624
1261.374	9.645	M+0	False	False		40962	82118
314.2781	11.856	M+1	True	True		82099	78836
965.298	4.924	M+0	False	False		31162	81474
666.5106	2.981	M+0	False	False	587.4688;1.0	75036	81317
803.5275	1.681	M+1	True	False		77029	81222
903.8223	14.554	M+1	True	False		67700	81193
908.5615	1.026	M+1	True	False		80925	78427
1150.327	8.356	M+3	True	False		39198	80773
1175.8329	13.475	M+0	False	False	207.0332;0.0169|221.0862;0.0213|223.0646;0.0183|281.052;0.0475|282.0515;0.0226|297.0827;0.0194|341.0199;0.0885|342.0181;0.0226|343.0162;0.0204|355.074;0.1269|356.0734;0.0735|357.0689;0.0807|371.1046;0.0843|372.105;0.0234|373.1024;0.0411|415.0393;0.0207|429.0918;0.1081|430.0872;0.0271|431.0888;0.0164|432.0878;0.019|445.122;0.0196|446.12;0.0306|447.1186;0.0165|503.1156;0.0179|505.1058;0.0166	41320	80663
1320.1343	14.896	M+0	False	False		80334	66355
717.6389	14.368	M+1	True	False		80272	76639
1264.373	9.645	M+1	True	False		33237	80154
1485.4311	12.151	M+0	False	False		38554	80124
1321.1555	14.896	M+0	False	False		0	80062
998.2906	5.988	M+0	False	False	221.0856;0.024|223.0669;0.0388|281.0535;0.1005|282.0528;0.0345|341.0205;0.1102|355.0744;0.228|356.0739;0.066|357.0684;0.0565|371.1025;0.049|372.1038;0.0626|373.099;0.0331|429.0898;0.0917|430.0896;0.0275|445.1232;0.0268|446.123;0.0232|447.1156;0.0275	32569	79648
870.4425	4.858	M+0	False	False	184.0774;0.9251|185.0761;0.0749	79601	73730
789.6694	8.845	M+0	False	False		79429	94774
1138.8232	13.381	M+0	False	False	221.0855;0.0834|223.0654;0.0503|281.0531;0.0435|355.0694;0.1199|356.07;0.0403|357.0662;0.0513|369.1247;0.0388|371.1058;0.2181|372.1029;0.135|429.092;0.1659|445.1208;0.0535	41156	79241
651.4435	1.729	M+1	True	False		78082	79221
1194.8195	4.957	M+0	False	False	563.2296;0.0799|619.2932;0.1083|731.4144;0.1718|732.4125;0.0743|785.3502;0.3153|787.472;0.0899|841.4139;0.095|844.5489;0.0654	79208	70728
1098.6809	1.437	M+1	True	False		79027	72955
977.7748	15.176	M+0	False	False	565.44;0.5406|566.4445;0.4594	79006	75525
763.6054	7.753	M+1	True	False		77650	78964
1429.3925	13.57	M+3	True	False		67729	78788
816.6148	5.235	M+0	False	False		78408	76807
578.4425	1.821	M+0	False	False	184.0752;0.8119|467.3724;0.0919|481.3868;0.0962	73566	78186
689.566	14.038	M+0	False	False		78037	45793
786.6024	7.218	M+0	False	False	184.077;1.0	77874	65115
991.6013	1.349	M+0	False	False	184.0731;0.5189|454.2553;0.2039|455.2593;0.0721|538.3501;0.2051	77795	74335
371.3594	14.938	M+2	True	True		77752	74715
843.5838	3.028	M+1	True	False		75199	77688
643.7416	12.542	M+0	False	False		59766	77681
648.4635	11.095	M+1	True	False	442.2992;1.0	77669	76125
459.7772	1.579	M+0	False	False		77663	67406
952.7761	12.932	M+0	False	False		40314	77322
792.7921	10.441	M+0	False	False		77228	76155
393.2585	1.484	M+0	False	False		76959	75224
776.234	3.24	M+0	False	False	167.0553;0.0294|281.053;0.0941|297.0834;0.047|355.0694;0.0515|371.1044;0.2228|372.1075;0.0674|374.1001;0.0401|429.0924;0.0804|430.094;0.0531|445.1207;0.0703|446.1216;0.074|503.106;0.0648|504.1104;0.0388|741.1942;0.0271|757.5531;0.0391	28721	76926
856.5129	1.767	M+0	False	False		76839	73137
877.8063	14.507	M+1	True	False		61237	76726
378.7548	1.484	M+0	False	True		76359	64293
1101.3147	13.286	M+0	False	False		41730	76319
875.7912	14.222	M+1	True	False	577.5202;0.4594|578.5272;0.2404|602.518;0.1216|603.5322;0.1786	61956	76187
1212.1777	11.856	M+1	True	False		75348	76114
1028.794	13.085	M+1	True	False		43512	75929
878.4907	1.72	M+0	False	False		75920	75658
1026.7949	13.085	M+0	False	False		44707	75544
1338.3931	11.298	M+1	True	False		34191	75508
1355.373	13.428	M+3	True	False		59717	75382
916.7668	12.789	M+0	False	False		40459	75367
820.6459	7.173	M+2	True	False		75259	74607
1139.3236	13.381	M+0	False	False		40417	75010
1322.4673	14.938	M+0	False	False		65328	74899
897.7751	13.665	M+1	True	False	599.5072;0.1446|600.5098;0.5132|601.5116;0.3422	69765	74883
394.7678	1.484	M+0	False	False		74842	67115
991.7847	12.991	M+1	True	False		43541	74627
457.3053	1.264	M+0	False	False		73399	74284
874.4775	2.046	M+0	False	False		74166	69295
1281.354	13.239	M+3	True	False		55270	73790
893.492	1.673	M+1	True	False		73465	73443
966.2987	4.924	M+1	True	False		28073	73426
1102.8135	13.286	M+1	True	False		34510	73175
367.3369	14.602	M+0	False	True	159.1171;0.3649|161.1347;0.6351	70547	73010
1299.3643	11.298	M+3	True	False		31856	72853
510.3564	1.767	M+0	False	False		72668	69162
683.631	12.454	M+0	False	False	411.3487;0.5092|439.3766;0.4908	69872	71999
710.6465	13.901	M+0	False	False	369.3593;0.7432|370.36;0.2094|371.3573;0.0474	71467	71858
906.2613	11.951	M+0	False	False	207.0344;0.0259|221.0848;0.0606|222.087;0.063|281.0517;0.0825|283.0491;0.0268|341.0194;0.1381|355.0717;0.1754|356.0729;0.0528|357.068;0.0392|415.0372;0.03|429.0913;0.2404|430.0846;0.0293|431.0928;0.036	60357	71857
1074.066	7.521	M+0	False	False	537.5432;0.7864|538.5437;0.2136	55622	71793
684.2045	7.287	M+0	False	False	207.031;0.0471|221.0844;0.0521|341.0181;0.1421|342.0174;0.0481|355.0688;0.1176|357.063;0.0401|429.0881;0.2522|430.0898;0.1897|431.0896;0.111	63162	71586
1213.3419	13.57	M+0	False	False		37096	71374
1322.4548	14.854	M+0	False	False		71214	61624
1484.432	12.151	M+0	False	False		36121	71081
790.7773	8.668	M+0	False	False		60869	70994
780.5528	5.757	M+0	False	False	597.4839;0.3626|721.4817;0.491|722.4865;0.1464	70466	66129
460.2758	1.579	M+1	True	False		69986	54822
816.6239	5.757	M+0	False	False	184.0734;0.2951|758.5712;0.5099|759.5779;0.195	69967	67329
760.7273	5.939	M+0	False	False		69768	59969
1176.3332	13.475	M+0	False	False		35932	69432
1269.2401	12.454	M+2	True	False		69174	68956
1138.3234	13.381	M+0	False	False		38025	69140
844.4868	2.772	M+2	True	False		69127	69112
184.1037	1.035	M+0	False	False		67937	69094
651.4397	3.493	M+0	False	False		69058	64723
772.5502	3.417	M+0	False	False	184.0753;1.0	53497	69026
1058.2975	12.636	M+0	False	False		53014	68939
786.6023	7.403	M+0	False	False	184.0738;1.0	68693	68646
851.2537	4.027	M+1	True	False	184.0738;0.0826|266.9976;0.0422|281.0518;0.0721|341.0195;0.0801|342.0177;0.0367|355.0754;0.1437|356.0742;0.1363|357.0671;0.08|371.1022;0.1253|372.1016;0.0781|373.097;0.0576|431.0868;0.0654	28326	68334
1139.8232	13.381	M+1	True	False		32923	68252
774.5655	3.17	M+0	False	False	184.0741;0.1497|297.0831;0.0437|371.1046;0.1097|445.1212;0.0539|446.1256;0.0331|756.5615;0.332|757.5583;0.2253|758.5583;0.0525	62196	68123
1342.9476	13.286	M+2	True	False		63509	67875
450.2923	1.484	M+0	False	False	151.016;0.0751|184.0766;0.8395|210.0896;0.0854	67846	55801
1075.3085	7.149	M+2	True	False	281.0472;0.0694|355.0716;0.1221|356.0704;0.1032|371.102;0.2509|372.1055;0.073|373.101;0.0719|374.1046;0.1365|429.0871;0.0985|431.0861;0.0745	27176	67751
1176.8326	13.475	M+1	True	False		39802	67459
850.6919	10.549	M+2	True	False		67413	67253
1190.3543	8.403	M+1	True	False		32972	67159
609.5741	12.454	M+2	True	True		57404	66958
759.5316	5.947	M+0	False	False		66896	66953
1063.8048	13.192	M+0	False	False		33233	66928
671.6392	12.901	M+1	True	False		66890	60258
875.4813	1.813	M+1	True	False		66760	66381
707.4923	6.693	M+0	False	False	663.4495;1.0	65385	66739
355.4503	1.813	M+1	True	False		66729	63545
840.5129	1.821	M+0	False	False	184.0749;0.7378|185.0758;0.0557|659.4031;0.0718|783.3977;0.081|784.5154;0.0538	64220	66689
1335.3933	11.298	M+0	False	False		31846	66613
791.5667	10.412	M+0	False	False		66471	62658
761.5145	7.082	M+0	False	False		66444	48139
1486.4308	12.151	M+1	True	False		33967	66358
1382.2193	13.993	M+0	False	False		66338	60601
185.0769	1.026	M+1	True	True		66124	63428
1334.2562	15.081	M+0	False	False		65585	57611
1212.8425	13.57	M+0	False	False		38132	65118
651.4172	3.463	M+0	False	False		0	64841
1000.2898	5.988	M+1	True	False		27761	64814
1321.0958	14.896	M+0	False	False		0	64800
761.5456	7.104	M+0	False	False		0	64758
721.557	6.693	M+0	False	False		64526	64744
917.2654	12.837	M+1	True	False		34885	64562
790.5602	3.075	M+0	False	False	184.0762;0.8967|185.0776;0.0506|733.4447;0.0526	62894	64436
1448.4014	12.151	M+0	False	False		29863	64181
891.2788	4.027	M+0	False	False	184.0748;1.0	29584	63958
873.7755	13.948	M+1	True	False		63079	63904
954.7752	12.932	M+1	True	False		37344	63896
762.7426	7.104	M+0	False	False		63280	63886
1195.8236	4.957	M+1	True	False	564.2321;0.1857|676.3558;0.1325|729.2932;0.1561|732.4238;0.2206|786.3628;0.175|841.4249;0.1301	63656	56088
1333.2533	15.033	M+0	False	False	369.3539;0.3923|370.3564;0.2552|383.3698;0.2977|384.372;0.0548	61363	63520
653.5816	5.282	M+1	True	False		63466	62615
1323.3187	14.896	M+3	True	False		63404	58726
476.2804	0.991	M+0	False	False		53230	63317
692.6174	14.038	M+0	False	False		63304	50067
852.2522	4.027	M+2	True	False		29596	63125
789.5499	8.704	M+0	False	False		63018	59921
1130.1284	9.254	M+0	False	False	565.5756;0.6255|566.575;0.2894|567.5766;0.0851	62754	59959
651.6091	14.938	M+0	False	False	363.323;1.0	62692	60689
1213.8419	13.57	M+1	True	False		35404	62555
983.2794	12.363	M+3	True	False		50580	62220
421.8279	4.496	M+0	False	False		62165	59965
456.3038	1.035	M+1	True	False		61918	62121
643.57	12.454	M+0	False	False		49235	62098
1207.3347	13.085	M+3	True	False		52278	62092
910.5177	1.035	M+3	True	False		62984	62025
664.4557	2.179	M+0	False	True	184.0755;0.8051|185.0798;0.1949	61776	60640
1066.3037	13.192	M+1	True	False		30812	61704
339.3455	3.309	M+1	True	True		61654	72952
733.558	5.71	M+1	True	False		61652	54892
816.6495	10.594	M+0	False	False	184.075;1.0	61560	60281
704.4506	1.673	M+0	False	False	184.0742;0.6911|521.3823;0.0794|614.3626;0.0639|645.3737;0.1656	61362	57277
762.5833	5.979	M+0	False	False		61291	54184
303.2325	14.038	M+0	False	True		61286	55455
1175.3339	13.475	M+0	False	False	223.0638;0.0217|281.0504;0.0687|297.086;0.0283|341.0169;0.0468|355.0728;0.2301|356.0738;0.0824|357.0701;0.0308|371.106;0.1146|372.1044;0.0674|373.0973;0.0268|374.1003;0.0182|415.0346;0.0268|429.091;0.0937|430.0901;0.0755|445.121;0.0247|503.1076;0.0435	35158	60972
801.6245	10.375	M+0	False	False		60834	58253
1322.168	14.604	M+1	True	False		60798	57133
915.767	12.789	M+0	False	False		35236	60789
729.631	14.085	M+0	False	False		60738	55114
1319.3058	15.129	M+0	False	False		60660	105641
721.5081	7.356	M+0	False	False		60528	60524
721.5979	12.093	M+1	True	False	173.1314;0.1361|369.3523;0.2017|370.3564;0.5182|371.3563;0.1439	60459	50634
792.6304	8.668	M+0	False	False		54113	60383
1381.2158	13.993	M+0	False	False		60139	54065
1374.3843	11.903	M+0	False	False		26785	60046
655.5999	11.719	M+0	False	False	467.413;1.0	58373	60026
200.0745	16.608	M+0	False	False	150.0355;1.0	59951	58223
789.7738	8.8	M+0	False	False		59590	34577
616.6258	11.856	M+2	True	True		59556	58761
907.2622	11.951	M+1	True	False	355.0729;0.3431|429.0922;0.3499|430.0889;0.307	50462	59307
574.4923	4.191	M+1	True	False		55419	59215
814.6219	10.478	M+2	True	False		58005	59174
840.5141	1.999	M+0	False	False	184.075;0.6853|783.3942;0.1273|784.3941;0.0578|784.5103;0.1296	59085	60623
761.7402	7.218	M+0	False	False		59047	48106
721.5082	5.757	M+0	False	False	184.0706;1.0	58974	58132
443.2806	1.673	M+0	False	False		58939	53620
758.223	8.876	M+0	False	False	184.0726;0.0543|281.0528;0.2896|282.0515;0.0478|295.109;0.0438|341.016;0.0524|355.0742;0.0883|415.0393;0.0835|429.0886;0.0864|503.1074;0.0697|504.1128;0.1294|505.112;0.0547	52639	58889
794.6457	10.441	M+0	False	False		58865	55347
477.7653	1.587	M+0	False	False		57815	58808
679.4468	4.421	M+0	False	False		51759	58571
802.1262	10.441	M+0	False	False		58471	58210
832.6551	8.767	M+0	False	False	184.0727;0.0491|788.6264;0.5295|788.6832;0.0382|789.6244;0.2863|790.6236;0.0969	58415	53567
877.4891	1.767	M+3	True	False		58335	57738
806.5115	3.075	M+0	False	False	184.0771;1.0	55209	58254
1384.9595	6.693	M+0	False	False		47880	58065
451.2781	1.72	M+0	False	False		57947	48285
978.7776	15.176	M+1	True	False		57813	53652
908.2605	11.951	M+2	True	False		48778	57690
1383.9559	6.693	M+0	False	False	721.514;0.6667|721.566;0.0517|722.5166;0.1785|722.5702;0.0207|723.5142;0.0825	53898	57676
1359.374	14.038	M+0	False	False		57647	54744
670.6913	14.938	M+2	True	False		57621	57339
1318.2157	14.604	M+3	True	False		57604	54541
652.6232	3.463	M+2	True	False		73310	57567
1360.3821	14.038	M+1	True	False		57372	54518
1322.1824	14.896	M+2	True	False		57357	55953
967.298	4.924	M+2	True	False		23350	57342
370.3924	14.038	M+1	True	False		57261	49287
356.1838	0.982	M+0	False	False	184.0755;1.0	57216	54327
1268.3733	12.454	M+0	False	False		56381	57214
592.4581	2.319	M+0	False	False		57077	52519
1304.2785	14.896	M+1	True	False		54806	56931
1100.8139	13.286	M+0	False	False		22775	56914
729.6309	13.947	M+0	False	False		56912	54647
680.6556	4.409	M+0	False	False		56907	53919
716.6189	13.947	M+1	True	False		56770	54188
454.2271	1.026	M+0	False	False		56769	56470
1075.0713	7.521	M+1	True	False		49372	56720
651.6179	3.584	M+0	False	False		56608	47106
1196.9388	10.412	M+0	False	False		56171	52368
184.0737	5.947	M+0	False	True		51283	56160
790.5515	2.772	M+2	True	False		56107	53209
892.2805	4.027	M+1	True	False		25363	55991
764.5988	7.104	M+0	False	False		52169	55912
757.7068	5.329	M+0	False	False		55868	9893
1103.3123	13.286	M+1	True	False		22889	55849
686.4403	6.693	M+1	True	False		52541	55756
441.7888	1.484	M+0	False	False		55701	50001
1319.3822	13.239	M+0	False	False		40972	55695
580.5847	11.766	M+1	True	False		55685	53246
699.4721	2.046	M+0	False	False		55494	48370
747.605	12.092	M+0	False	False		50130	55323
746.5709	6.375	M+0	False	False	184.0749;1.0	55267	48988
1244.1013	12.363	M+0	False	False	619.5266;0.2715|620.5364;0.1172|647.5594;0.4392|648.5666;0.1721	63964	55237
1318.3826	13.239	M+0	False	False		41858	55173
1029.2936	13.133	M+2	True	False		31269	55061
637.637	11.537	M+0	False	False	593.6022;0.7597|594.5996;0.1653|595.6083;0.075	54214	55049
821.537	1.858	M+0	False	False		55022	59524
563.4149	1.729	M+1	True	False		51637	55011
812.606	8.74	M+2	True	False		55006	54453
786.5279	1.867	M+0	False	False		52191	54982
539.3198	1.402	M+0	False	False		52411	54959
1306.225	14.854	M+0	False	False		50801	54945
369.352	12.093	M+0	False	True		54705	61078
1212.3425	13.57	M+0	False	False		37280	54649
702.8636	0.991	M+0	False	False		35095	54646
791.7903	10.594	M+0	False	False		54564	38433
1271.188	12.454	M+0	False	False		54198	54526
895.4898	1.72	M+3	True	False		54512	47878
927.2719	4.924	M+3	True	False		17714	54390
772.5495	3.228	M+0	False	False	184.0764;0.9243|185.0784;0.0301|756.5569;0.0455	49495	54361
1225.345	9.645	M+3	True	False		24734	54135
616.5847	11.52	M+0	False	False		54128	52807
623.5844	2.793	M+0	False	False		35179	54120
992.2839	12.991	M+2	True	False		29863	54055
698.4894	2.179	M+2	True	False		53933	51697
763.6064	8.539	M+1	True	False		53070	53876
999.8303	15.176	M+0	False	False		53847	44383
1250.3522	13.618	M+0	False	False		30397	53627
1339.3908	11.298	M+2	True	False		23913	53543
680.4524	1.961	M+0	False	False	184.0746;0.1665|650.4436;0.4373|651.4424;0.2301|663.4524;0.166	50470	53471
1321.032	14.896	M+0	False	False		53447	52218
680.4816	12.411	M+0	False	False	607.3914;0.2953|608.393;0.0784|663.455;0.4107|664.4555;0.2156	53412	51403
595.3814	2.1	M+0	False	False		49986	53226
663.5338	12.545	M+0	False	False	551.3307;1.0	53146	48545
818.7158	11.951	M+0	False	False		52754	49805
817.2608	3.24	M+0	False	False	184.0764;1.0	15899	52643
538.3178	1.393	M+0	False	False		52572	52114
834.6713	10.33	M+0	False	False	790.6352;0.5211|791.645;0.325|792.6402;0.1088|793.6482;0.045	52337	47784
770.4547	1.905	M+0	False	False	691.4095;1.0	52125	47962
650.4388	3.493	M+0	False	False		52042	48825
184.0737	7.127	M+0	False	True		52032	50832
685.2053	7.287	M+1	True	False		42047	51854
721.5082	4.946	M+0	False	False	678.5116;0.8263|679.5136;0.1737	51829	50682
710.5362	3.584	M+2	True	False		51694	47182
1245.1045	12.363	M+1	True	False		54199	51616
1140.3222	13.381	M+1	True	False		25176	51498
762.6246	12.093	M+1	True	False		51468	46733
1245.3628	13.085	M+0	False	False		45686	51319
1177.3317	13.475	M+1	True	False		28272	51318
1294.2248	14.854	M+0	False	False		50211	51210
777.2349	3.24	M+1	True	False		19034	50986
657.4099	2.319	M+1	True	False		50749	49388
1137.8234	13.381	M+0	False	False		24262	50628
595.3583	2.134	M+0	False	False		50562	37348
1249.8503	13.618	M+0	False	False		32367	50562
721.5074	4.731	M+0	False	False	184.0736;0.4283|678.5052;0.4132|679.5122;0.1584	50553	48106
873.4434	4.858	M+1	True	False		50552	48746
1293.2218	14.854	M+0	False	False	369.3576;0.7907|370.3556;0.173|371.3569;0.0364	49971	50493
696.4459	1.579	M+0	False	False		50475	48863
843.4916	2.772	M+1	True	False		50453	43630
457.3	1.484	M+0	False	False		50421	46902
1331.0439	14.222	M+2	True	False		49039	50397
824.5202	2.179	M+0	False	False	184.076;1.0	50384	46195
1280.3345	12.363	M+0	False	False		21826	50353
495.4642	2.96	M+0	False	False	437.4105;1.0	50176	46567
1322.0889	12.093	M+0	False	False	725.5514;0.5309|726.5564;0.3943|727.5495;0.0749	50115	46717
834.6716	10.549	M+0	False	False	790.6356;0.6624|791.6393;0.2455|792.636;0.0922	49994	49453
1483.431	12.151	M+0	False	False		23140	49882
709.5336	13.947	M+0	False	False		49841	49550
1170.3455	12.885	M+0	False	False		37828	49727
635.5025	11.951	M+0	False	False	602.7201;1.0	48942	49698
685.5243	2.866	M+1	True	False		49682	48047
800.1103	8.668	M+0	False	False		46588	49615
759.7228	6.095	M+0	False	False		49604	55598
1321.4548	15.033	M+0	False	False		58494	49591
782.5596	6.032	M+1	True	False		48921	49502
1098.0545	7.521	M+2	True	False		43666	49484
658.4056	2.319	M+2	True	False		49451	49172
696.4382	2.772	M+0	False	False		49263	47933
784.5748	7.196	M+2	True	False		44796	49248
759.4995	6.016	M+0	False	False		49044	46321
879.7568	12.684	M+0	False	False		20750	49013
879.2569	12.684	M+0	False	False	223.0637;0.0423|281.0513;0.0824|284.0458;0.0303|341.0157;0.0339|355.0726;0.1805|356.0714;0.079|357.0674;0.0514|371.1031;0.1298|372.1022;0.0749|373.1041;0.0329|375.0969;0.0305|429.0873;0.11|430.0889;0.0605|431.0936;0.0328|503.1036;0.0287	22411	48988
1274.1982	12.454	M+2	True	False		48853	43776
210.0894	4.227	M+0	False	True	151.0163;1.0	48836	46886
804.6239	7.034	M+0	False	False	184.0744;0.073|760.5895;0.443|761.5946;0.3928|762.5906;0.0912	48819	48038
1364.1914	14.038	M+0	False	False		47283	48671
1265.3724	9.645	M+2	True	False		24642	48647
702.2154	2.564	M+0	False	False	223.0642;0.0576|297.0845;0.0703|371.1036;0.2628|372.1005;0.0577|429.0885;0.205|431.0904;0.0452|445.1222;0.1834|446.1222;0.0695|447.1197;0.0485	18874	48555
607.6132	12.454	M+0	False	False		47263	48493
690.5718	14.038	M+1	True	False		48339	37068
680.4816	11.951	M+0	False	False	551.3241;0.0733|552.3329;0.1059|607.3908;0.1355|608.3938;0.0674|663.4579;0.4246|664.4628;0.1932	47378	48221
917.7656	12.778	M+1	True	False		25863	48183
726.5534	12.093	M+1	True	False		48177	41851
288.2905	15.813	M+0	False	False	270.2769;1.0	48105	45444
1411.4117	11.903	M+0	False	False		21018	48019
681.4543	1.587	M+1	True	False		47659	47983
1154.1167	9.254	M+2	True	False		47914	47721
595.6057	11.537	M+2	True	False		47720	47891
1287.361	13.712	M+0	False	False		26062	47890
802.609	6.05	M+0	False	False	184.0736;0.2813|758.5765;0.2992|759.5779;0.3395|760.583;0.08	47873	45943
721.5086	4.321	M+0	False	False	650.4298;1.0	47797	46053
716.4676	2.008	M+0	False	False		60619	47780
1272.2058	12.59	M+0	False	False		5406	47746
799.6086	8.704	M+0	False	False		47695	46753
1323.0932	12.093	M+1	True	False		47671	44185
676.5948	12.901	M+1	True	False		47582	42307
1234.1537	14.696	M+0	False	False	372.3744;0.3393|373.3749;0.1475|563.5056;0.3184|564.5044;0.1949	0	47423
721.507	4.136	M+0	False	False		47358	43840
721.5082	3.739	M+0	False	False	184.072;1.0	45701	47357
666.5105	3.205	M+0	False	False		47341	44067
1250.851	13.665	M+1	True	False		31472	47240
664.4928	3.917	M+0	False	False	184.0745;1.0	46915	47068
721.5089	12.246	M+0	False	False		47047	44248
823.4925	1.952	M+3	True	False		47013	44930
848.7718	14.222	M+0	False	False	549.4876;0.0595|550.4853;0.0666|551.5059;0.1057|552.5132;0.1334|575.5075;0.4739|576.5048;0.0833|577.5225;0.0777	43241	47005
1487.4286	12.151	M+2	True	False		25070	46994
1302.283	15.033	M+0	False	False		46973	33610
638.6096	7.955	M+0	False	False	283.2635;0.3802|284.2641;0.0894|311.2968;0.4395|312.2993;0.0909	46941	42775
161.1329	14.038	M+0	False	True		46905	43235
698.5005	1.776	M+0	False	False		42931	46893
478.7641	1.579	M+1	True	False		46754	39433
1287.8605	13.712	M+0	False	False		21568	46585
594.3783	2.134	M+0	False	False		46508	43046
1244.3646	13.085	M+0	False	False		40854	46445
668.4425	1.587	M+2	True	False		43587	46416
513.3136	1.161	M+1	True	False		46399	45027
1169.3443	12.885	M+0	False	False	483.2387;1.0	35346	46360
269.1631	2.319	M+0	False	False	210.0893;1.0	46338	46157
343.3122	12.454	M+2	True	True		42609	46325
955.274	12.932	M+2	True	False		26370	46239
850.788	14.459	M+0	False	False	551.5027;0.2474|552.5133;0.0715|577.5224;0.4991|578.5246;0.1819	40800	46233
1393.4009	13.428	M+0	False	False		40650	46185
688.5646	14.038	M+0	False	False		46127	41025
800.593	5.19	M+0	False	False	184.0739;0.2113|756.5565;0.4776|757.5613;0.2722|759.568;0.039	46109	43553
1214.3412	13.57	M+1	True	False		27138	46091
792.5164	2.866	M+0	False	False	609.4514;0.3511|733.4427;0.4827|734.448;0.1662	46064	37117
695.6464	15.08	M+0	False	False	582.5565;1.0	44455	45994
623.4078	2.728	M+0	False	False		45919	36992
610.6089	9.254	M+1	True	False		45874	37477
682.4663	2.046	M+0	False	False		45815	44340
828.5875	2.866	M+0	False	False	184.0751;0.5596|754.5352;0.0627|770.5374;0.1683|771.5416;0.2094	45744	40234
789.574	8.74	M+0	False	False		45735	27765
775.5694	3.786	M+1	True	False	184.0742;0.7058|185.077;0.2942	45321	45608
780.5438	5.261	M+1	True	False		45459	45588
524.3719	2.008	M+0	False	False	184.074;1.0	45418	45448
802.6079	5.9	M+0	False	False	184.0741;0.0424|758.5694;0.5485|759.5778;0.2871|760.5724;0.1221	44193	45412
210.0896	1.626	M+0	False	True	151.0176;1.0	45329	45138
766.7297	7.926	M+0	False	False	184.072;1.0	43090	45310
655.5997	11.999	M+0	False	False	439.3764;1.0	45264	38483
1354.3531	12.542	M+0	False	False		23247	45228
709.533	14.128	M+0	False	False	369.3522;0.8318|370.3552;0.1682	43190	45203
893.279	4.027	M+2	True	False		18318	45197
992.6046	1.349	M+1	True	False		45166	43475
653.6598	11.52	M+2	True	False		45075	44914
1320.381	13.239	M+1	True	False		33660	44969
615.7114	11.764	M+0	False	False		58780	44906
901.7279	13.708	M+0	False	False	812.7725;1.0	44857	42345
1197.4403	10.415	M+0	False	False		41406	44762
1430.3915	13.57	M+0	False	False		38043	44679
652.42	1.532	M+0	False	False	184.0747;1.0	44639	42167
818.6918	7.196	M+0	False	False		43961	44614
706.5397	5.591	M+0	False	False	184.0747;1.0	39588	44581
837.5249	4.227	M+1	True	False		44534	42004
878.5432	1.961	M+0	False	False		42620	44486
1323.9359	3.505	M+2	True	False		46893	44482
1412.4104	11.903	M+1	True	False		15958	44476
721.5091	7.882	M+0	False	False		39156	44436
596.6378	7.521	M+1	True	False		39409	44423
455.2284	1.026	M+1	True	False		44370	43981
668.5264	2.887	M+0	False	False	571.473;1.0	42935	44319
1174.8331	13.475	M+0	False	False		23606	44281
759.2238	8.876	M+1	True	False		36107	44262
624.6706	9.254	M+1	True	False		44134	40648
1263.9841	13.333	M+3	True	False		40929	44123
1206.3162	12.092	M+0	False	False		17926	44077
669.6156	12.545	M+0	False	False		43945	40909
492.2132	0.991	M+0	False	False	433.1352;1.0	31240	43891
688.4177	1.579	M+0	False	False		43785	40503
627.5846	12.454	M+2	True	False		39550	43757
1171.3445	12.885	M+1	True	False		42479	43746
1337.1888	14.604	M+0	False	False		43722	39698
721.5066	3.68	M+0	False	False	634.3612;1.0	43691	35711
792.7896	10.503	M+0	False	False		43668	52567
628.589	12.199	M+0	False	False	327.2908;0.2207|341.3066;0.2668|593.5548;0.2885|594.5578;0.2241	42241	43663
852.5245	1.532	M+0	False	False	184.0752;0.8849|816.4986;0.1151	43569	40192
678.4692	4.421	M+0	False	False		43408	43550
1279.3364	12.363	M+0	False	False		16767	43543
1133.3156	12.885	M+0	False	False		37371	43515
408.2636	1.484	M+0	False	False		43497	38524
785.5177	1.905	M+1	True	True		43410	43309
437.411	2.96	M+0	False	True	153.1378;0.1105|154.1237;0.1099|155.1259;0.1254|171.1487;0.1367|324.3266;0.2082|369.3848;0.3093	43352	38049
678.4714	1.867	M+0	False	False		41182	43351
736.5773	6.963	M+2	True	False		41029	43310
1286.8618	13.712	M+0	False	False		24033	43170
1392.4023	13.428	M+0	False	False		37170	43136
1410.4126	11.903	M+0	False	False		18487	43129
952.276	12.944	M+0	False	False		21986	43052
1191.3533	8.356	M+2	True	False		21780	43018
818.2602	3.24	M+1	True	False		14747	42932
1196.4369	10.375	M+0	False	False		42930	36634
518.325	1.255	M+0	False	False	184.0736;1.0	42914	38587
676.4563	1.913	M+0	False	False	184.0743;0.889|185.0776;0.111	36730	42910
691.6643	14.038	M+2	True	True		42860	37783
720.4462	1.217	M+0	False	False	184.0746;1.0	41658	42828
820.5344	2.226	M+0	False	False		42828	36583
408.2813	1.493	M+0	False	False		36163	42802
1338.1939	14.604	M+1	True	False		42795	41467
1249.3522	13.618	M+0	False	False		24495	42764
721.5084	8.506	M+0	False	False	291.2342;1.0	39937	42584
1151.3259	8.403	M+0	False	False		18278	42555
1320.957	14.938	M+0	False	False		42468	39996
642.5669	12.454	M+0	False	False		42082	42457
789.5486	3.054	M+1	True	False		42422	40099
672.5732	13.428	M+0	False	False	255.2113;0.2478|257.2294;0.1257|353.3199;0.4514|354.3278;0.175	33419	42395
696.531	2.179	M+0	False	False		42370	40222
834.515	1.54	M+0	False	False	184.0752;0.8605|818.516;0.1395	40523	42325
682.4881	6.693	M+2	True	False		40577	42319
1089.0427	15.583	M+0	False	False	371.3636;0.1127|372.3672;0.1715|789.7634;0.505|790.7723;0.2108	0	42288
649.5665	12.545	M+1	True	False		42263	36094
822.5045	2.187	M+0	False	False		38166	42220
1001.2894	5.988	M+2	True	False	355.0731;0.1888|356.073;0.1637|357.069;0.1428|358.0692;0.2081|372.1079;0.1449|429.089;0.1515	17852	42214
414.2811	1.587	M+0	False	False		39252	42163
1205.3172	12.092	M+0	False	False		16509	42124
1020.1272	14.896	M+0	False	False		41963	42088
691.5441	13.708	M+0	False	False		41844	37485
758.5286	5.979	M+0	False	False		41827	39207
711.6498	13.947	M+1	True	False		41737	39945
596.5524	2.1	M+0	False	False		41363	41666
806.5105	3.309	M+0	False	False	184.0753;0.9296|185.076;0.0704	41623	41454
808.5216	3.101	M+2	True	False	184.0743;0.8903|185.0784;0.1097	41601	40142
694.4668	1.867	M+0	False	False		38135	41527
1353.3547	12.542	M+0	False	False		20390	41418
426.2955	1.72	M+1	True	False		41391	33617
788.4645	1.821	M+0	False	False		37921	41385
778.2338	3.228	M+2	True	False		17325	41358
872.5062	1.626	M+0	False	False		41264	36032
680.4821	12.199	M+0	False	False	607.3888;0.0726|663.4589;0.679|664.4602;0.2484	39675	41171
818.519	1.587	M+0	False	False		40333	41157
758.7088	5.19	M+0	False	False		41107	37247
771.577	7.127	M+0	False	False		41011	35682
413.2743	1.579	M+0	False	False		40921	38647
412.3909	2.281	M+0	False	False	296.2948;0.3109|341.3548;0.6891	39401	40903
1039.923	14.038	M+0	False	False		40892	33585
386.3794	14.986	M+0	False	False	369.3522;0.8195|370.3586;0.1805	40781	37679
1251.3505	13.618	M+1	True	False		24866	40689
1235.1561	14.707	M+1	True	False	372.3704;0.3092|373.3762;0.4269|564.5116;0.2639	0	40628
370.3935	14.938	M+1	True	False		40512	39589
1320.0333	14.938	M+0	False	False		40458	37009
667.5137	2.981	M+1	True	False		39522	40366
857.516	1.813	M+1	True	False		40339	38564
1282.3527	13.239	M+0	False	False		29211	40230
1327.2056	15.081	M+2	True	False		40134	38440
1302.4073	14.896	M+0	False	False		38747	40037
1204.9053	8.66	M+0	False	False		40034	39915
708.5775	3.55	M+0	False	False		39010	40006
1076.3083	7.149	M+3	True	False		17780	39966
768.4174	4.946	M+0	False	False		39861	35903
828.5899	10.549	M+0	False	False	162.9553;0.5541|769.5186;0.4459	39814	38839
787.6056	7.38	M+1	True	False		37269	39769
846.5979	2.819	M+0	False	False	788.5423;0.5657|789.5457;0.4343	39728	39539
621.5352	11.809	M+0	False	True		39648	38760
760.5444	7.104	M+0	False	False		39366	39634
721.509	3.101	M+0	False	False		39604	38779
931.4946	1.026	M+2	True	False		39591	35787
548.5046	12.64	M+0	False	False	167.0708;0.2435|419.3515;0.2425|420.357;0.514	39537	37424
803.562	2.981	M+2	True	False		32189	39487
1095.3248	12.636	M+0	False	False		33428	39447
550.6298	9.082	M+0	False	False		39391	39417
1235.8464	4.957	M+0	False	False		39413	32351
1317.3819	13.239	M+0	False	False		30420	39376
805.5422	1.626	M+1	True	False		39348	38822
684.6342	12.454	M+1	True	False		37003	39318
1278.3345	12.363	M+0	False	False	341.0158;0.032|355.0716;0.0767|356.0709;0.0421|371.1047;0.3677|372.1018;0.1012|373.1019;0.0713|429.0894;0.0614|445.1192;0.2087|446.1242;0.0389	17368	39280
1428.373	12.731	M+0	False	False		20764	39232
718.4659	2.226	M+0	False	False		39225	37338
1162.8589	7.127	M+0	False	False		39220	37780
721.507	3.403	M+0	False	False	184.0714;1.0	39183	38039
1208.4319	10.444	M+0	False	False		37878	39165
624.5867	2.728	M+0	False	False		39111	39094
1243.3635	13.038	M+0	False	False		38454	39030
478.245	0.991	M+2	True	False		30513	39022
1356.372	13.428	M+0	False	False		32577	38962
1288.3603	13.712	M+1	True	False		20628	38907
269.1636	2.659	M+0	False	False	151.0153;1.0	35264	38868
1286.3616	13.712	M+0	False	False		18134	38835
1207.4279	10.375	M+0	False	False		38817	34730
878.758	12.731	M+0	False	False		17329	38815
1159.8359	5.988	M+0	False	False		37575	38815
1066.8029	13.192	M+2	True	False		19423	38794
1246.3632	13.085	M+1	True	False		31661	38724
1300.3639	11.251	M+0	False	False		15141	38716
722.5603	6.693	M+1	True	False		36087	38692
717.4904	2.134	M+1	True	False		38684	33084
1323.8727	13.806	M+0	False	False		21088	38632
879.4932	1.729	M+1	True	False		35065	38593
1026.2945	13.085	M+0	False	False		18875	38584
1177.8316	13.475	M+2	True	False		18597	38562
593.6444	11.52	M+0	False	False		38540	36237
393.7603	1.484	M+0	False	False		38496	35192
1370.4584	11.903	M+0	False	False		17419	38453
871.4457	4.877	M+1	True	False		37667	38441
1322.1102	14.938	M+0	False	False		38394	35312
367.3373	13.712	M+0	False	True	161.1324;1.0	34012	38362
1467.4203	13.57	M+0	False	False		34049	38327
866.5763	1.72	M+0	False	False		38240	37193
1320.0013	14.896	M+0	False	False		36614	38229
655.5408	5.308	M+3	True	False		34421	38210
834.5502	1.867	M+0	False	False		34034	38191
842.5116	7.173	M+0	False	False		38152	31749
812.6682	10.33	M+0	False	False		38125	37625
1272.3235	12.411	M+0	False	False		38077	36181
421.2899	1.673	M+0	False	False		38062	33053
654.4889	3.493	M+0	False	False		38053	35619
1355.3535	12.542	M+1	True	False		16730	38038
450.7937	1.484	M+0	False	False		37952	30166
184.0736	10.412	M+0	False	True		37930	36861
832.2418	10.791	M+0	False	False	221.0857;0.109|281.0558;0.2523|355.0723;0.4481|356.0719;0.0825|357.0678;0.1081	32110	37918
1394.4015	13.428	M+1	True	False		32490	37883
842.4731	1.961	M+0	False	False		36858	37787
854.4949	1.681	M+0	False	False		37004	37771
1022.0208	14.896	M+2	True	False		37104	37741
722.5455	4.511	M+0	False	False	184.074;0.3021|678.5067;0.3307|679.516;0.3672	36415	37702
796.5275	5.899	M+0	False	False	162.9566;0.5075|737.4508;0.2383|738.4588;0.2542	37676	31791
622.4087	2.703	M+0	False	False		36519	37657
1276.1435	12.454	M+0	False	False		35696	37626
566.6182	9.237	M+1	True	False		36833	37598
880.2572	12.731	M+1	True	False		17084	37591
793.6973	10.412	M+2	True	False		37489	34786
1204.3158	12.104	M+0	False	False		13890	37484
1140.8222	13.381	M+2	True	False		15970	37424
721.5084	8.922	M+0	False	False		37336	37337
817.653	10.594	M+1	True	False		37336	31718
1427.3737	12.731	M+0	False	False	355.0633;0.1787|371.0996;0.2105|373.0824;0.2608|445.1192;0.35	15774	37279
842.5153	1.867	M+2	True	False		36699	37267
689.4796	14.038	M+0	False	False		37242	29798
933.8656	14.854	M+0	False	False		35948	37229
1103.8136	13.286	M+2	True	False		15885	37192
826.574	8.74	M+0	False	False	162.957;0.3636|767.4989;0.3466|768.4986;0.2898	37174	35998
1194.4163	8.704	M+0	False	False		37165	40788
1261.0425	13.333	M+0	False	False		32102	37123
1362.2566	14.038	M+0	False	False		37111	35755
1374.1946	14.176	M+0	False	False		31621	37069
1320.9178	14.896	M+0	False	False		35893	37017
788.575	8.66	M+0	False	False		37008	36291
552.3826	2.422	M+0	False	False	473.3404;0.6379|474.3414;0.3621	36842	36944
810.5266	2.793	M+0	False	False	184.0725;0.5145|764.4796;0.4855	35526	36926
714.6196	14.176	M+0	False	False		35699	36921
1193.4136	8.66	M+0	False	False		36921	32502
580.398	1.858	M+0	False	False		36899	34667
772.4596	1.905	M+2	True	False		36894	35265
1320.4408	15.08	M+0	False	False		51816	36868
813.1173	10.515	M+0	False	False		31090	36857
1029.794	13.133	M+2	True	False		17554	36824
1335.2597	15.081	M+1	True	False		36818	34596
1214.8414	13.57	M+2	True	False		18613	36724
754.5351	2.226	M+0	False	False		36713	32780
781.5574	5.758	M+1	True	False		37505	36680
1117.0709	16.085	M+0	False	False	400.4024;0.0588|680.6454;0.0551|817.7892;0.3994|818.7922;0.4106|819.7841;0.0761	0	36675
184.0736	8.668	M+0	False	True		35817	36670
822.4836	3.007	M+0	False	False		36644	35752
1303.4125	14.896	M+1	True	False		35019	36643
894.7567	13.333	M+0	False	False	261.222;0.2337|597.4888;0.4304|599.4996;0.3359	32460	36627
1281.335	12.363	M+1	True	False		17692	36616
760.2225	8.876	M+2	True	False		27724	36547
695.6458	15.271	M+0	False	False		36547	34660
548.5051	12.364	M+0	False	False	167.07;0.2197|419.352;0.5225|475.417;0.2579	36533	31514
421.3263	5.03	M+0	False	False		34910	36515
582.5781	7.498	M+1	True	False		36490	36034
682.5206	4.421	M+0	False	False		35143	36476
210.089	1.905	M+0	False	False	151.0176;1.0	36468	31436
703.3656	0.991	M+0	False	False		25532	36455
1361.3807	13.901	M+0	False	False		28691	36455
401.256	1.484	M+0	False	False		36451	30512
759.4531	5.947	M+0	False	False		36785	36430
1361.3852	14.038	M+2	True	False		36389	25393
1360.0981	13.708	M+0	False	False	691.5476;0.6439|692.5448;0.2578|693.5504;0.0984	36379	31876
1444.4749	12.151	M+0	False	False		17311	36374
802.6277	10.444	M+0	False	False		32195	36364
524.3356	1.302	M+0	False	False	184.0738;1.0	36332	33829
673.5846	14.085	M+2	True	False		36321	32917
686.2037	7.287	M+2	True	False		30866	36284
1409.4114	11.903	M+0	False	False		13652	36271
1466.4199	13.57	M+0	False	False		26111	36238
900.7944	13.948	M+2	True	False		36178	36208
1383.2231	13.991	M+1	True	False		35353	36193
497.3444	1.587	M+1	True	False		33396	36144
608.4297	2.414	M+0	False	False	184.0742;1.0	36120	34597
1015.9227	14.604	M+0	False	False		36063	33484
761.6321	5.947	M+2	True	False		35806	36044
790.5904	10.412	M+0	False	False		36010	35087
1000.8338	15.175	M+1	True	False		33603	35970
1367.1478	14.32	M+0	False	False		35941	35124
796.7407	14.128	M+0	False	False	523.4696;0.6197|524.474;0.144|537.4886;0.1189|551.5072;0.1174	33855	35897
856.4671	2.234	M+0	False	False		34173	35884
915.2663	12.778	M+0	False	False		18076	35870
792.5931	10.412	M+2	True	False		35868	34370
730.635	13.947	M+1	True	False		35794	30683
794.5117	5.215	M+0	False	False	162.9549;0.2912|184.0731;0.2734|735.4318;0.4354	35606	35745
854.5313	1.813	M+0	False	False		35718	33734
574.4923	4.591	M+0	False	False		35713	32316
1216.2578	11.809	M+0	False	False		35650	35482
840.5136	7.173	M+0	False	False	184.0756;0.8225|760.5828;0.1193|782.5671;0.0582	35620	31664
845.4896	2.748	M+3	True	False		34448	35597
370.3689	2.187	M+0	False	False		35197	35545
538.5836	7.521	M+1	True	False		31136	35498
1205.4081	8.66	M+0	False	False		35452	30509
1316.2749	14.604	M+0	False	False		35445	30564
874.4405	4.858	M+2	True	False		35444	31895
762.5488	7.127	M+1	True	False		35419	38446
824.7723	14.459	M+0	False	False	551.5078;0.6194|552.5119;0.3806	29279	35381
902.8096	14.27	M+2	True	False		31500	35380
810.6518	8.74	M+0	False	False		35363	33649
904.8344	14.81	M+0	False	False		35241	35335
1096.3239	12.64	M+1	True	False		35333	40547
1373.1901	14.176	M+0	False	False		33841	35316
680.5475	2.683	M+0	False	False		35311	33408
1365.1962	14.085	M+1	True	False		35283	35180
721.5078	9.107	M+0	False	False	605.7613;1.0	35283	34760
904.8249	14.554	M+2	True	False		29272	35252
742.4436	1.673	M+0	False	False		35234	31821
761.4443	7.082	M+0	False	False		35208	32957
782.62	7.173	M+0	False	False		35130	31087
760.5338	5.947	M+1	True	False		33871	35090
796.5268	6.077	M+0	False	False	162.9558;0.451|737.4497;0.549	34798	35045
1361.1025	13.708	M+1	True	False		35026	31492
689.493	14.038	M+0	False	False		34993	31703
730.6349	14.128	M+1	True	False		34384	34948
870.5269	1.767	M+0	False	False		34938	30433
1288.1038	12.545	M+0	False	False		34925	30280
909.2602	11.951	M+3	True	False		25658	34909
1320.016	14.938	M+0	False	False		34857	37009
791.518	10.415	M+0	False	False		33092	34741
674.4649	3.584	M+2	True	False		34732	33173
1429.3718	12.731	M+1	True	False		15839	34718
968.2985	4.924	M+3	True	False		14427	34647
694.5135	3.538	M+0	False	False	184.0734;0.3906|650.4772;0.3142|651.4806;0.2953	34605	32135
791.6803	8.668	M+2	True	False		27642	34548
184.0737	5.168	M+0	False	True		33477	34522
1319.9755	14.938	M+0	False	False		34467	32535
822.5431	1.626	M+1	True	False		34452	33176
851.7909	14.507	M+1	True	False		26040	34431
422.3292	4.329	M+0	False	False		31333	34430
1315.2725	14.604	M+0	False	False		34381	0
1022.3093	12.363	M+0	False	False		23275	34375
442.2949	1.626	M+0	False	False		34359	30669
1213.182	11.856	M+2	True	False		34356	33211
775.5686	3.205	M+1	True	False		34319	33013
460.7765	1.579	M+1	True	False		34310	29348
788.5963	2.793	M+0	False	False		33303	34303
1207.3146	12.104	M+1	True	False		14334	34241
633.544	12.187	M+0	False	False		34227	34205
1322.0654	14.896	M+0	False	False		36116	34221
759.4426	5.979	M+0	False	False		34218	31237
1322.0171	14.896	M+2	True	False		34143	26049
646.617	12.454	M+0	False	False		31390	34127
880.603	10.549	M+0	False	False	812.6157;0.4285|813.6208;0.5715	34104	32040
1063.3042	13.18	M+0	False	False		15578	34102
1299.1829	14.604	M+0	False	False		34098	30148
1211.8407	13.57	M+0	False	False		17716	34038
690.4711	2.366	M+0	False	False	184.0748;1.0	33998	29752
663.4551	12.411	M+0	False	False		33994	31259
540.4818	1.402	M+0	False	False		14495	33951
721.508	9.475	M+0	False	False		33949	32473
1114.3365	7.196	M+0	False	False		12778	33861
789.4907	8.704	M+0	False	False		33770	28221
1325.2546	14.986	M+0	False	False		33721	32016
342.3375	1.72	M+0	False	False		33702	25844
992.7842	12.991	M+2	True	False		18795	33692
791.5043	10.412	M+0	False	False		33649	33635
704.6267	14.222	M+2	True	False		29786	33635
724.4878	1.587	M+0	False	False		33516	33630
654.4733	2.179	M+2	True	False		33607	32821
790.5836	8.668	M+2	True	False		33905	33596
853.2523	4.027	M+3	True	False		15761	33557
1262.0457	13.333	M+1	True	False		31847	33487
708.4966	6.693	M+1	True	False		33193	33453
1300.1626	12.885	M+0	False	False	647.5594;0.1638|648.5676;0.1896|675.5933;0.4794|676.5948;0.1672	33354	33444
1021.1318	14.896	M+1	True	False		31381	33441
780.6039	6.032	M+0	False	False		29961	33429
798.5421	7.218	M+0	False	False	162.9562;0.4019|739.4698;0.3643|740.4752;0.2338	33340	32744
546.4164	1.913	M+0	False	False		31553	33292
738.4633	2.84	M+0	False	False	666.511;0.3687|702.484;0.3476|703.4908;0.2837	30268	33284
1040.9259	14.038	M+1	True	False		33249	31403
761.4709	7.104	M+0	False	False		33893	33220
828.5894	10.329	M+0	False	False	769.5226;0.7574|770.5213;0.2426	33045	33219
858.5108	1.813	M+2	True	False		33194	32532
432.2817	1.484	M+0	False	False		33193	31132
392.3171	1.729	M+0	False	False		31568	33159
1172.3434	12.885	M+2	True	False		29301	33140
1298.1798	14.604	M+0	False	False		33137	31132
680.4756	4.409	M+2	True	False		33113	29911
791.4773	10.412	M+0	False	False		33082	31428
798.542	7.034	M+0	False	False	162.956;0.5056|739.4648;0.4944	33074	29727
760.5669	5.19	M+0	False	False		33044	30462
647.6093	12.454	M+0	False	True		33013	31453
759.4269	5.947	M+0	False	False		34418	32959
651.7014	11.52	M+0	False	False		32944	32543
800.5082	1.821	M+0	False	False		26935	32912
1488.4282	12.151	M+3	True	False		15223	32906
674.5887	13.806	M+0	False	False	355.3418;0.2836|356.34;0.099|369.3532;0.4431|370.3556;0.1744	24882	32896
878.5875	8.613	M+0	False	False	810.5948;0.4949|811.5981;0.5051	32843	24167
770.586	2.887	M+0	False	False		31580	32769
836.5291	1.579	M+0	False	False		32761	31553
1021.3071	12.363	M+0	False	False		26892	32749
722.5117	4.793	M+0	False	False		27674	32745
721.5081	2.611	M+0	False	False	416.4374;1.0	32213	32688
1118.0762	16.085	M+1	True	False		0	32684
722.5098	5.005	M+0	False	False	184.0723;1.0	32671	27599
1391.401	13.428	M+0	False	False		25110	32625
1322.036	14.854	M+1	True	False		30657	32605
1156.8121	5.19	M+0	False	False		32457	30476
451.7794	1.767	M+0	False	False		32382	26800
625.625	12.454	M+0	False	False		30181	32366
1220.0805	11.856	M+0	False	False		31122	32356
886.4225	2.819	M+0	False	False		32333	31746
955.7745	12.932	M+2	True	False		15699	32330
210.0894	4.496	M+0	False	True	151.0142;1.0	32283	31919
1217.2602	11.856	M+1	True	False		32282	31243
443.7812	1.673	M+0	False	False		32280	29080
1204.4036	8.668	M+0	False	False		29334	32254
1352.3539	12.542	M+0	False	False	281.0526;0.075|355.0709;0.3307|371.1012;0.2273|429.0894;0.1813|445.1202;0.1857	17883	32246
778.5892	5.19	M+0	False	False		32241	30239
1468.42	13.57	M+1	True	False		26380	32207
1273.3286	12.497	M+0	False	False		32206	31742
401.2734	1.484	M+0	False	False		32191	29435
721.5064	2.414	M+0	False	False		32164	33864
610.1852	6.077	M+0	False	False	355.0732;0.7808|356.0729;0.2192	23747	32146
700.6044	14.128	M+0	False	False		28337	32045
819.26	3.24	M+2	True	False		10871	32034
185.0771	1.402	M+1	True	True		28542	31989
679.3883	4.409	M+0	False	False		31946	30461
689.4184	14.038	M+0	False	False		31934	25953
1342.9291	6.693	M+0	False	False	663.4596;0.4399|664.4608;0.4846|665.4507;0.0755	30680	31866
663.4552	12.199	M+0	False	False	439.2034;0.1832|495.2626;0.2915|551.3269;0.5253	31815	28990
841.5161	1.767	M+3	True	False		31722	28430
896.4875	1.681	M+0	False	False		30983	31670
722.5097	5.564	M+0	False	False		31617	27537
381.3521	13.851	M+0	False	True		31578	29675
786.5658	3.95	M+0	False	False	754.5442;0.5933|755.5432;0.4067	29455	31566
716.4637	4.463	M+0	False	False	162.9569;0.2899|657.3896;0.4582|658.3968;0.2519	30207	31539
774.5557	2.819	M+2	True	False		31508	24656
1375.384	11.903	M+1	True	False		13156	31482
972.8826	15.176	M+0	False	False		31439	30286
564.5839	9.6	M+0	False	False	282.2784;0.332|309.3248;0.3041|310.3138;0.3639	31434	29358
678.4361	1.635	M+0	False	False		26059	31404
898.7785	13.659	M+2	True	False		31399	26449
1113.3364	7.196	M+0	False	False		12982	31398
934.8695	14.896	M+1	True	False		28707	31340
1343.1494	14.557	M+0	False	False		31314	28266
548.5057	11.999	M+0	False	False	419.3508;0.5396|475.417;0.2269|476.4076;0.2335	31288	25773
1385.963	6.693	M+1	True	False		26280	31242
175.1486	14.038	M+0	False	False		31218	26491
1162.3582	7.149	M+0	False	False		26111	31206
766.4187	4.946	M+0	False	False	687.3717;0.5083|689.3676;0.4917	31178	29567
1342.1452	14.557	M+0	False	False	671.5753;0.1103|693.5604;0.4693|694.5658;0.3778|695.578;0.0426	31126	30495
672.507	3.538	M+0	False	False		31101	29156
769.5615	6.016	M+0	False	False		31076	30753
700.5412	4.496	M+0	False	False		30964	29820
1361.8839	13.901	M+0	False	False		17120	30912
663.4547	11.951	M+0	False	False	607.3858;1.0	29536	30902
880.6032	10.285	M+0	False	False	753.5399;0.2826|812.6195;0.3698|813.6184;0.1878|814.613;0.1598	30798	29565
1059.2966	12.636	M+1	True	False		28607	30738
788.5447	2.234	M+0	False	False		30354	30724
1443.481	12.151	M+0	False	False		14887	30722
792.6239	7.01	M+0	False	False	184.075;0.4223|734.573;0.3524|735.5734;0.2253	26331	30687
833.6587	8.74	M+1	True	False		30682	29261
619.5756	11.809	M+0	False	False		30629	30563
833.2428	10.744	M+1	True	False		25363	30618
440.422	2.96	M+3	True	True		30568	30476
761.4226	7.104	M+0	False	False		33169	30483
644.4792	2.683	M+0	False	False		30460	28362
615.5366	11.856	M+0	False	False		30384	0
1244.0989	12.592	M+0	False	False	619.5308;0.2939|647.5631;0.3386|648.5664;0.3674	30357	27329
1289.1082	12.545	M+1	True	False		30353	28571
579.4462	1.821	M+1	True	False		29750	30241
1379.1487	14.226	M+0	False	False		30232	28646
722.5109	4.191	M+0	False	False		26192	30200
855.8199	14.459	M+0	False	False	556.5338;0.23|582.5532;0.4586|583.553;0.3114	18650	30186
1230.084	12.187	M+0	False	False		30163	28972
1320.8717	14.938	M+0	False	False		30111	28343
792.5576	10.415	M+1	True	False		32431	30110
816.5032	1.673	M+0	False	False		30087	28751
778.5866	5.282	M+0	False	False		30034	30239
1278.0356	11.856	M+0	False	False		28328	29995
747.5749	6.375	M+1	True	False		29994	24431
759.353	5.939	M+0	False	False		29983	27557
706.4658	1.729	M+0	False	False		25278	29970
948.8769	15.845	M+0	False	False	367.3331;0.156|368.3399;0.1389|369.3549;0.4961|370.355;0.2091	25492	29918
760.5205	5.979	M+0	False	False		29897	26565
800.6121	8.668	M+1	True	False		29662	29868
680.4879	2.008	M+0	False	False		26980	29804
652.5152	2.187	M+0	False	False		29206	29790
762.5063	7.127	M+1	True	False		29764	33799
1115.337	7.196	M+1	True	False		12288	29756
1100.3132	13.286	M+0	False	False		13014	29755
652.6129	14.896	M+1	True	False		29739	29361
1449.4	12.151	M+1	True	False		14437	29725
1340.3897	11.298	M+3	True	False		12581	29723
702.6117	13.899	M+2	True	False		29694	29451
688.4328	3.584	M+0	False	False	162.9578;0.5423|629.3589;0.4577	29659	29017
849.7754	14.176	M+1	True	False		22944	29658
648.5644	12.944	M+0	False	False		27944	29656
1232.0415	11.951	M+0	False	False		28663	29619
791.5643	3.101	M+1	True	False		29563	29323
1208.3333	13.085	M+0	False	False		26056	29544
997.1945	3.55	M+0	False	False		33492	29515
1160.3381	5.9	M+0	False	False		29272	29511
1413.4133	11.903	M+2	True	False		10909	29501
922.0111	15.857	M+0	False	False	587.6652;1.0	29488	28071
666.6408	9.691	M+0	False	False	311.2973;1.0	29473	28078
184.101	1.393	M+0	False	False		29456	29029
790.547	8.66	M+1	True	False		29455	27424
1395.3999	13.381	M+2	True	False		22259	29379
705.5599	13.804	M+0	False	False		29374	27676
902.7312	13.659	M+1	True	False		29368	28166
916.3906	5.215	M+0	False	False	184.0744;1.0	28035	29349
1347.8842	6.693	M+0	False	False	686.4386;1.0	24863	29334
1321.3814	13.239	M+2	True	False		21238	29280
791.4384	10.415	M+0	False	False		27758	29242
468.2798	1.579	M+0	False	False		29237	27585
650.7783	3.463	M+0	False	False		20812	29234
184.0822	2.1	M+0	False	True		211602	29233
1296.437	11.298	M+0	False	False		6600	29212
1343.9327	6.693	M+1	True	False		26054	29127
841.5185	1.905	M+0	False	False		29123	27593
918.265	12.789	M+2	True	False		15993	29122
1301.1654	12.885	M+1	True	False		27511	29113
836.4855	1.821	M+0	False	False		27349	29107
722.5118	7.403	M+1	True	False		29043	28711
693.6309	14.604	M+0	False	False		29034	29018
707.518	13.659	M+0	False	False		29000	28747
743.2419	2.564	M+0	False	False	184.0732;1.0	11342	28954
920.4216	7.082	M+0	False	False	184.0747;1.0	28948	27298
656.6019	11.766	M+1	True	False		28944	18463
652.4021	3.493	M+0	False	False		28866	24660
695.5665	13.991	M+2	True	False		28445	28844
947.2888	11.951	M+0	False	False		22875	28806
341.342	11.856	M+0	False	False		28294	28709
455.2178	1.035	M+1	True	False		44370	28695
680.5315	6.693	M+0	False	False		25885	28680
759.392	5.979	M+0	False	False		28674	28096
184.0821	1.493	M+0	False	False		296412	28647
1036.7965	11.951	M+0	False	False	756.5599;0.6253|757.5594;0.3747	27098	28614
790.4624	1.813	M+2	True	False		28589	26635
850.5559	7.218	M+0	False	False	782.5638;0.5706|783.5747;0.4294	28588	24992
807.5147	3.101	M+1	True	False		28573	25929
905.7587	14.27	M+0	False	False		27732	28573
748.6087	12.093	M+1	True	False		28529	27074
730.5396	4.731	M+0	False	False	184.0733;1.0	28469	27153
727.4663	2.091	M+0	False	False		28455	26724
761.3706	7.082	M+0	False	False		28438	29164
636.4245	1.635	M+0	False	False		24648	28352
1378.1451	14.222	M+0	False	False		26929	28274
456.3847	1.035	M+0	False	False		28054	28238
1265.9297	13.314	M+0	False	False		28238	26326
599.5526	11.809	M+2	True	False		26673	28235
822.5414	1.858	M+1	True	False		28216	24559
665.4618	6.693	M+2	True	True		27134	28213
789.4454	8.66	M+0	False	False		28160	15370
758.8937	5.979	M+0	False	False		28137	24313
1216.7516	4.946	M+0	False	False		28130	27231
770.0628	5.947	M+0	False	False		27365	28039
666.4834	2.683	M+0	False	False		28008	22321
1320.853	14.896	M+0	False	False		24966	28005
693.6145	14.085	M+1	True	False		27991	26732
710.5367	13.948	M+1	True	False		27832	27929
409.2708	1.484	M+1	True	False		27902	19338
878.5869	8.767	M+0	False	False	810.5985;0.6043|811.5998;0.3957	27902	26600
656.563	7.218	M+0	False	False	577.5158;1.0	27880	23810
603.5238	9.254	M+0	False	False	215.107;1.0	27829	24975
646.4339	2.683	M+2	True	False		27791	25112
593.4622	2.319	M+1	True	False		27768	23863
757.4766	5.19	M+0	False	False		27767	22623
1226.3443	9.645	M+0	False	False		12402	27711
681.4905	11.856	M+0	False	False		27702	27566
830.6013	2.819	M+0	False	False		27677	25391
1266.371	9.645	M+3	True	False		12938	27670
702.4703	2.046	M+3	True	False		27666	26967
592.3988	1.867	M+0	False	False		26121	27655
805.6273	7.196	M+0	False	False		25138	27626
844.587	3.007	M+2	True	False		27625	22353
852.5167	2.234	M+0	False	False		27041	27568
789.4135	8.668	M+0	False	False		28539	27525
538.6254	1.358	M+0	False	False		28463	27524
1196.827	4.946	M+2	True	False		27422	23538
828.5818	3.028	M+0	False	False	770.5412;0.5435|771.5413;0.2937|772.551;0.1627	26228	27367
1208.1731	11.52	M+0	False	False	615.5838;0.8662|616.5824;0.1338	27299	23599
835.6753	10.549	M+1	True	False		27235	25843
690.4918	14.038	M+1	True	False		31001	27192
1295.2294	14.854	M+1	True	False		26136	27171
894.2784	4.027	M+3	True	False		11017	27170
979.7815	15.176	M+2	True	False		27168	23475
660.4018	2.772	M+0	False	False		27129	26554
1090.0469	15.583	M+1	True	False		0	27127
313.3092	11.856	M+0	False	False		27125	26340
1288.8622	13.712	M+1	True	False		16326	27117
722.5118	12.187	M+0	False	False		27112	26732
1248.8521	13.665	M+0	False	False		14299	27082
457.8016	1.484	M+0	False	False		27067	23202
681.4853	12.411	M+1	True	False		27029	24778
616.7106	11.856	M+0	False	False		26992	21111
689.4977	4.409	M+0	False	False		26981	25669
1215.1251	11.856	M+0	False	False		24997	26958
1163.3627	7.104	M+1	True	False		28202	26916
479.2638	1.579	M+2	True	False		26911	21860
467.2732	1.626	M+0	False	False		26881	18822
462.3831	2.422	M+0	False	False	210.0897;0.4474|269.1655;0.5526	24286	26875
696.6511	15.08	M+1	True	False		22362	26863
1099.6837	1.446	M+2	True	False		25429	26860
1426.4663	13.57	M+0	False	False		20254	26849
874.7795	13.947	M+2	True	False		26848	22439
1295.436	11.298	M+0	False	False		1608	26812
1245.1025	12.592	M+1	True	False		26773	26046
1098.324	12.636	M+3	True	False		21844	26750
1251.8506	13.618	M+2	True	False		14470	26679
1445.4777	12.104	M+1	True	False		9161	26618
862.7045	1.626	M+0	False	False		26614	25666
835.6742	10.33	M+1	True	False		26576	24750
616.7214	11.856	M+0	False	False		19260	26516
427.289	1.493	M+0	False	False		24501	26438
1356.3536	12.542	M+2	True	False		11864	26405
722.4614	1.54	M+0	False	False	184.0732;0.5367|666.435;0.2712|667.4344;0.1922	24764	26334
744.5547	5.329	M+0	False	False	184.0746;1.0	26308	25931
717.5143	1.72	M+0	False	False		26269	23240
858.4676	2.226	M+2	True	False		26249	25488
1016.9276	14.554	M+1	True	False		31203	26216
465.255	1.72	M+0	False	False		26202	25064
1067.3032	13.192	M+2	True	False		11641	26184
771.4579	1.905	M+1	True	False		26176	22823
878.8084	14.507	M+2	True	False		21685	26091
665.4592	2.187	M+1	True	True		25121	26079
975.8296	15.176	M+3	True	False		26067	24951
594.7013	2.1	M+0	False	False		22973	26038
667.5139	3.228	M+1	True	False		23210	26029
1277.4241	13.239	M+0	False	False		17845	26028
670.7815	14.896	M+0	False	False		24808	25981
776.6178	9.395	M+0	False	False	184.0733;1.0	25968	21798
626.4572	2.728	M+0	False	False		25967	24062
582.5459	11.764	M+3	True	False		24340	25921
737.6586	13.854	M+0	False	False		27941	25912
381.2358	1.493	M+0	False	False		23408	25899
850.5817	1.776	M+0	False	False		25649	25893
880.7559	12.684	M+1	True	False		12559	25888
792.5086	10.412	M+1	True	False		25887	25229
710.5371	14.128	M+1	True	False		24558	25855
700.5145	1.72	M+0	False	False		25809	21144
1269.3846	12.454	M+0	False	False		17611	25796
792.5334	10.415	M+0	False	False		23621	25759
1465.4199	13.57	M+0	False	False		19234	25721
1359.249	14.176	M+0	False	False		6339	25719
838.4796	5.235	M+0	False	False		25668	24749
836.4821	5.235	M+0	False	False	184.0746;0.8669|185.0773;0.1331	25660	22368
433.2895	1.673	M+0	False	False		25649	17031
1442.4731	12.151	M+0	False	False		5677	25627
718.6415	14.368	M+2	True	False		25604	23445
928.2702	4.924	M+0	False	False		11478	25591
1088.0398	15.583	M+0	False	False		0	25519
789.4353	8.668	M+0	False	False		28073	25510
835.5178	1.579	M+1	True	False		25506	19267
638.6407	11.52	M+1	True	False		25491	25174
819.7232	11.951	M+1	True	False		27644	25489
758.4982	2.055	M+0	False	False		24026	25436
1023.9688	14.896	M+0	False	False		25434	24846
1116.0677	16.085	M+0	False	False		0	25403
399.234	0.991	M+1	True	False	184.0731;0.7278|199.0734;0.2722	21452	25353
721.5077	10.732	M+0	False	False		25343	24872
881.7589	14.507	M+0	False	False		25225	25320
834.2413	10.791	M+2	True	False		20438	25302
773.5534	3.228	M+1	True	False		24329	25265
1426.3726	12.731	M+0	False	False	355.0704;0.1678|371.1044;0.3622|429.0922;0.1015|445.1191;0.1937|446.1232;0.1748	13551	25258
767.7333	7.926	M+1	True	False		24954	25251
764.609	7.734	M+2	True	False		25247	22347
791.3682	10.412	M+0	False	False		25229	23087
653.5334	3.505	M+2	True	False		26261	25226
1320.82	14.938	M+0	False	False		25222	27299
716.508	2.179	M+0	False	False	184.0743;1.0	25181	16624
895.7597	13.363	M+1	True	False		25164	21400
1319.9066	14.896	M+0	False	False		24440	25163
810.5254	3.054	M+0	False	False		25132	20456
1222.41	9.645	M+0	False	False		7932	25081
342.3456	12.454	M+1	True	False		23165	25052
668.7752	15.081	M+0	False	False		25044	37354
914.4694	1.72	M+0	False	False		25033	22070
639.6136	7.938	M+1	True	False		19394	24986
792.516	3.028	M+0	False	False		22333	24977
1328.1924	12.901	M+0	False	False		24961	26126
1339.1987	14.554	M+2	True	False		24739	24960
794.5314	2.84	M+0	False	False		22054	24926
701.4115	6.718	M+0	False	False		24912	23345
387.2584	1.484	M+0	False	False		24868	24600
454.5096	0.991	M+0	False	False		21909	24856
1145.8188	5.19	M+0	False	False		24797	17374
815.6656	5.143	M+0	False	False		24795	23125
632.3701	2.226	M+0	False	False	162.9556;1.0	24772	19790
673.5769	13.428	M+1	True	False		19967	24732
825.524	2.226	M+1	True	False		24704	23178
1002.2901	5.988	M+3	True	False		0	24697
379.2565	1.484	M+1	True	False		24679	18802
1247.3608	13.085	M+2	True	False		20573	24655
734.4759	1.913	M+0	False	False		22503	24620
722.5105	8.44	M+0	False	False		24610	22404
948.2889	11.951	M+1	True	False		17476	24570
824.5044	1.867	M+0	False	False		22865	24567
697.6584	3.309	M+0	False	False	360.3239;1.0	24552	25697
1266.9329	13.333	M+1	True	False		22964	24546
715.5478	12.542	M+0	False	False		23037	24543
1430.3711	12.731	M+2	True	False		11863	24509
656.603	11.999	M+1	True	False		24503	18463
792.4779	10.412	M+1	True	False		24495	24365
371.245	1.484	M+0	False	False		24439	19523
1469.4183	13.57	M+2	True	False		18550	24433
1348.8897	6.693	M+1	True	False		22187	24411
1208.9331	10.375	M+0	False	False		23086	24410
834.5864	2.461	M+0	False	False	184.0743;1.0	24376	21137
654.4337	1.673	M+0	False	False		24371	22800
796.5634	6.907	M+0	False	False	184.0763;1.0	24351	22824
874.5046	1.626	M+2	True	False		24346	22169
1141.3228	13.381	M+2	True	False		10224	24343
879.5465	1.952	M+1	True	False		24337	21664
368.3397	14.602	M+1	True	True		22856	24319
596.4519	1.349	M+0	False	False		24306	23821
722.5109	7.687	M+0	False	False		24291	22961
904.4313	2.703	M+0	False	False		22917	24261
877.7278	13.901	M+0	False	False		17762	24244
756.5136	5.19	M+0	False	False		24215	21198
1156.3103	5.168	M+0	False	False		22004	24188
879.7434	14.27	M+0	False	False		23304	24174
880.8347	15.08	M+0	False	False		20862	24172
1236.851	4.972	M+1	True	False		31859	24160
1282.3334	12.363	M+2	True	False		13172	24083
810.7563	14.27	M+0	False	False		20934	24033
1319.1752	14.896	M+0	False	False		24664	23997
1386.1721	13.901	M+0	False	False		21950	23811
807.5143	3.261	M+1	True	False		23811	19494
608.4531	1.72	M+0	False	False		23791	16231
669.5294	2.887	M+1	True	False		20335	23746
452.278	1.767	M+1	True	False		23725	21065
511.3597	1.776	M+1	True	False		23209	23720
848.5401	6.077	M+0	False	False	780.5546;0.6364|781.5528;0.168|782.5597;0.1955	21839	23706
849.681	8.75	M+3	True	False		19796	23666
1321.9585	14.896	M+1	True	False		23616	22832
458.2901	1.484	M+1	True	False		23578	22849
1321.9137	14.938	M+1	True	False		23518	19717
664.5372	12.545	M+1	True	False		23518	21146
1431.3902	13.57	M+1	True	False		20592	23512
1343.9501	13.286	M+3	True	False		20477	23502
880.4922	1.72	M+2	True	False		23501	19686
598.4261	2.091	M+0	False	False		23432	23164
727.6153	13.804	M+0	False	False		23399	22196
449.2844	1.532	M+0	False	False		23387	20657
792.4559	10.412	M+0	False	False		23311	21805
878.5867	1.626	M+0	False	False		23304	14942
575.4925	7.545	M+0	False	False		23281	20451
1231.0879	12.187	M+1	True	False		23251	23062
161.1329	14.938	M+0	False	True		23249	21400
1371.1752	13.947	M+0	False	False		23249	16971
453.3161	1.579	M+0	False	False		23229	18771
852.4819	1.681	M+0	False	False		22327	23202
1157.3135	5.19	M+1	True	False		23186	20395
973.882	15.176	M+1	True	False		23175	6270
937.7992	13.659	M+0	False	False		23169	22280
614.5372	11.856	M+0	False	False		22510	23101
697.4409	2.772	M+1	True	False		23061	20382
1446.4758	12.151	M+2	True	False		6380	22973
269.1629	2.793	M+0	False	False		22594	22963
705.454	1.681	M+1	True	False		22422	22961
681.4533	1.999	M+1	True	False		22929	20043
598.4106	1.484	M+2	True	False		22838	22018
444.2807	1.681	M+1	True	False		22477	22826
243.2113	14.038	M+0	False	True		22809	20199
870.4895	1.635	M+0	False	False		20046	22788
852.4803	1.767	M+0	False	False		22762	20949
422.2789	1.532	M+0	False	False		22741	16258
1375.117	13.755	M+0	False	False		22737	22245
791.4552	10.444	M+0	False	False		28097	22728
692.6265	14.365	M+1	True	False		19879	22716
779.2316	3.24	M+3	True	False		8913	22707
741.5237	12.092	M+0	False	False		20632	22686
819.6964	7.196	M+1	True	False		23056	22661
506.5304	9.598	M+0	False	False	268.3045;1.0	19583	22640
697.4496	1.579	M+1	True	False		22623	18091
774.4645	1.858	M+0	False	False		22587	18044
1203.4005	13.038	M+0	False	False		21759	22569
649.4667	11.095	M+2	True	False		22539	20414
823.486	2.981	M+1	True	False		21011	22505
395.2695	1.484	M+1	True	False		22493	21389
724.5175	6.693	M+3	True	False		22007	22432
1131.2985	11.672	M+0	False	False	299.0835;0.2142|355.0756;0.2473|372.1026;0.5385	10890	22393
1279.0403	11.856	M+1	True	False		22391	21475
722.5107	11.661	M+0	False	False		22365	21136
801.5959	5.168	M+1	True	False		20525	22344
653.6724	5.282	M+0	False	False		22335	22300
1321.9325	14.938	M+0	False	False		12915	22299
722.5092	3.727	M+1	True	False		22294	24506
680.482	7.196	M+0	False	False	495.266;0.3512|551.3335;0.4872|607.3932;0.1616	18993	22276
1215.341	13.57	M+2	True	False		12781	22221
608.6161	12.454	M+0	False	True		22151	25545
1324.0961	12.093	M+2	True	False		22140	21544
853.5276	1.532	M+1	True	False		22127	19079
767.5462	5.19	M+0	False	False		22125	21351
722.5113	3.158	M+0	False	False		22120	20476
721.5332	13.804	M+0	False	False		22113	21980
1353.4432	13.428	M+0	False	False		6587	22100
414.7832	1.579	M+0	False	False		22092	21657
692.5478	13.665	M+1	True	False		20722	22070
1221.417	9.645	M+0	False	False		10080	22019
539.147	1.402	M+0	False	False		22330	21951
210.0894	2.319	M+0	False	False	151.0173;1.0	21937	20408
1377.1343	13.901	M+0	False	False		21760	21920
626.6305	9.254	M+3	True	False		21893	18666
722.5105	8.265	M+0	False	False		21892	20987
1116.3364	7.196	M+2	True	False		6989	21876
1178.3302	13.475	M+2	True	False		13075	21837
1297.4343	11.298	M+1	True	False		8883	21836
1304.4116	14.896	M+2	True	False		29105	21823
242.1213	15.975	M+0	False	False	150.0377;1.0	19665	21803
397.3839	14.368	M+0	False	True		21773	18735
565.5664	12.592	M+0	False	False	282.2784;0.5997|310.3103;0.4003	21765	19909
759.2844	5.979	M+0	False	False		21732	21625
1192.3534	8.403	M+3	True	False		9593	21661
1276.4273	13.239	M+0	False	False		14455	21646
722.5113	9.016	M+0	False	False		20313	21607
782.7245	13.947	M+0	False	False		21602	18160
1208.3162	12.092	M+2	True	False		10733	21596
1130.3845	12.885	M+0	False	False		18549	21581
781.0531	6.05	M+0	False	False		21565	18574
772.5805	7.104	M+1	True	False		20846	21546
684.521	3.205	M+0	False	False	560.4292;0.5371|561.4291;0.4629	21533	17162
880.5429	1.952	M+2	True	False		21484	18179
713.6001	13.712	M+0	False	False		19790	21469
846.5248	5.215	M+0	False	False	778.5386;0.6512|779.5492;0.3488	20838	21453
408.7834	1.493	M+0	False	False		19027	21438
284.3318	1.635	M+0	False	False		18338	21434
576.3074	1.493	M+0	False	False	162.9554;1.0	19088	21429
1285.8619	13.712	M+0	False	False		11869	21424
1374.1156	13.759	M+0	False	False	691.5481;0.4268|705.5612;0.5732	18769	21347
789.3785	8.668	M+0	False	False		22436	21337
1279.4235	13.239	M+2	True	False		16107	21301
1134.3149	12.837	M+1	True	False		17224	21261
803.6118	6.032	M+1	True	False		21095	21247
654.5471	6.214	M+0	False	False	575.5062;1.0	18465	21126
852.8041	14.766	M+0	False	False	551.5024;0.161|552.5081;0.1592|579.5368;0.4602|580.5434;0.2197	24495	21102
722.51	2.556	M+0	False	False		21061	18789
565.5201	14.896	M+0	False	False		19997	21042
898.4664	1.767	M+0	False	False		21032	19591
1323.1716	14.604	M+2	True	False		20994	20204
907.7748	14.557	M+0	False	False		20970	20367
257.2268	14.085	M+0	False	False		20962	8352
878.2568	12.684	M+0	False	False		11432	20945
779.0391	5.19	M+0	False	False		20943	19435
826.522	2.187	M+2	True	False		18712	20902
1378.3866	13.428	M+0	False	False		14630	20899
884.422	2.819	M+0	False	False		20887	19906
692.4512	1.626	M+0	False	False		20875	18756
444.3102	1.626	M+0	False	False		20858	19553
281.2957	1.587	M+0	False	False		17332	20843
1132.2974	11.672	M+1	True	False		8755	20778
615.5034	11.856	M+0	False	False		20719	0
1340.1647	15.033	M+0	False	False		20689	19124
786.528	2.226	M+0	False	False		20684	16383
1341.1708	15.033	M+1	True	False		20635	19027
792.5761	3.644	M+0	False	False	184.0745;1.0	19137	20625
1173.3429	12.885	M+3	True	False		17141	20616
716.4872	2.611	M+0	False	False	184.0735;1.0	19549	20604
822.756	14.176	M+0	False	False		20222	20596
756.5515	6.988	M+0	False	False		20590	26433
740.5193	1.681	M+0	False	False		19504	20564
386.2505	1.358	M+0	False	False		17454	20550
618.4007	2.142	M+2	True	False		19591	20528
1346.8983	13.267	M+0	False	False		20475	18468
887.6508	4.364	M+0	False	False	841.6434;1.0	20459	15923
722.6009	12.104	M+2	True	False		13771	20442
860.5769	1.673	M+0	False	False		20412	20299
619.5284	12.735	M+0	False	False		20390	18087
1137.3214	13.381	M+0	False	False		11912	20373
1334.103	12.454	M+0	False	False		24400	20372
1362.1049	13.708	M+2	True	False		20330	18338
1030.2947	13.133	M+3	True	False		10152	20300
689.4212	1.587	M+1	True	False		17371	20282
783.0703	7.149	M+0	False	False		18845	20273
776.5077	1.913	M+0	False	False		19850	20234
1209.1796	11.537	M+1	True	False		22173	20192
758.4394	1.358	M+0	False	False		23534	20137
1152.3223	8.403	M+1	True	False		9083	20133
870.756	13.665	M+0	False	False		16387	20132
1283.3516	13.239	M+1	True	False		14530	20131
408.7652	1.493	M+0	False	False		19078	20125
722.5109	9.111	M+1	True	False		19947	20121
699.5034	1.913	M+0	False	False		19976	20114
721.5077	1.961	M+0	False	False		18309	20112
686.637	13.712	M+0	False	False		19163	20105
652.4468	1.729	M+2	True	False		17246	20067
383.3662	14.222	M+0	False	True		5588	20064
691.5654	12.901	M+0	False	False		20025	16602
1345.8961	13.267	M+0	False	False		20002	19418
611.5841	7.521	M+0	False	False		16668	19959
740.4479	3.584	M+0	False	False	672.46;0.6049|673.4672;0.3951	19950	19184
825.7755	14.459	M+1	True	False		19062	19920
1205.4027	13.085	M+2	True	False		11465	19914
867.5805	1.72	M+1	True	False		19909	18079
1392.1612	14.368	M+0	False	False		19899	14567
949.8797	15.813	M+1	True	False		19795	17788
1471.4157	12.151	M+0	False	False		11795	19776
881.567	1.484	M+0	False	False		19769	18719
582.593	7.521	M+0	False	False		18836	19764
1129.3804	12.885	M+0	False	False		18272	19751
789.4673	1.821	M+1	True	False		19180	19747
1301.3617	11.298	M+1	True	False		8156	19718
768.4777	4.496	M+0	False	False	184.0742;0.7593|517.4184;0.2407	19702	19083
1375.1981	14.222	M+1	True	False		19101	19659
768.5193	4.039	M+0	False	False		17122	19648
578.3831	1.72	M+0	False	False		19635	17269
1130.2978	11.672	M+0	False	False	355.0708;0.5462|371.098;0.2648|429.088;0.1891	9499	19619
690.0	4.452	M+0	False	False		19596	16333
742.443	1.952	M+0	False	False		19572	18372
752.4877	1.952	M+0	False	False		19566	18440
1104.3134	13.286	M+2	True	False		8415	19562
902.6103	2.1	M+0	False	False		22480	19545
1305.3674	13.239	M+0	False	False		15307	19509
769.4199	4.957	M+1	True	False		19474	18173
792.3734	10.412	M+1	True	False		19460	19708
1077.3094	7.149	M+0	False	False		0	19429
422.329	4.558	M+1	True	False		17739	19429
621.6309	12.304	M+0	False	False		15537	19406
701.608	14.128	M+1	True	False		14348	19405
443.7817	1.858	M+0	False	False		19392	17766
714.4587	2.328	M+0	False	False		14614	19368
722.5115	11.443	M+0	False	False		18022	19347
1319.8613	14.938	M+0	False	False		19338	17654
722.5115	9.6	M+0	False	False		19316	16593
425.3327	1.72	M+0	False	False		19314	14571
948.8772	15.631	M+0	False	False	367.3372;0.6198|368.3452;0.3802	17563	19310
1357.3719	13.428	M+1	True	False		15354	19309
554.1784	1.635	M+0	False	False		6320	19266
821.6743	11.951	M+3	True	False		19219	18473
1332.0466	14.222	M+3	True	False		16603	19200
821.5374	2.226	M+1	True	False		19200	16335
1342.1476	14.038	M+0	False	False		18522	19177
797.7434	14.128	M+1	True	False		17237	19155
1323.1805	14.896	M+3	True	False		19147	12572
722.5114	11.215	M+0	False	False		19144	17136
672.6492	14.896	M+0	False	False		15809	19105
760.9066	7.082	M+0	False	False		19057	16014
1372.1798	13.948	M+1	True	False		23986	19053
838.5003	2.281	M+0	False	False		17621	19021
587.5955	9.254	M+0	False	False		19020	16519
917.5435	1.579	M+0	False	False		19012	16248
1321.8704	14.896	M+1	True	False		19012	14246
1379.3864	13.428	M+1	True	False		15253	19001
1341.1736	14.81	M+0	False	False		17477	18980
860.5773	1.867	M+0	False	False		17722	18956
370.4529	14.038	M+0	False	False		0	18938
1236.1582	14.754	M+0	False	False		0	18919
1174.3339	13.475	M+0	False	False		9651	18911
1361.2484	14.179	M+2	True	False		18909	10028
665.4958	3.941	M+1	True	False		18880	18030
1147.3937	8.403	M+0	False	False		8272	18874
1376.1273	13.899	M+0	False	False		18862	21569
610.5785	6.422	M+0	False	False	283.264;1.0	16728	18858
913.6002	2.091	M+0	False	False		18858	14058
589.5566	9.283	M+2	True	False		18432	18843
551.6333	9.052	M+1	True	False		15391	18842
612.4638	2.226	M+0	False	False		18826	16492
817.6162	5.19	M+3	True	False		18823	15941
768.0482	5.19	M+0	False	False		18817	17668
629.5919	12.187	M+1	True	False		18802	16915
664.4588	12.411	M+1	True	False		18746	15916
677.4592	1.913	M+1	True	False		15627	18740
823.5072	2.187	M+1	True	False		18220	18710
694.6341	14.602	M+1	True	False		15100	18690
791.3166	10.412	M+0	False	False		18674	16826
1393.1652	14.368	M+1	True	False		18672	15764
1470.4151	12.151	M+0	False	False		9242	18669
736.4892	1.961	M+2	True	False		19508	18657
720.4945	2.319	M+0	False	False		18641	16573
421.791	1.635	M+0	False	False		17441	18631
819.522	1.635	M+1	True	False		18346	18619
650.4909	1.72	M+0	False	False		18610	15564
496.4674	2.96	M+1	True	False		18572	17468
450.2703	1.54	M+0	False	False		15096	18534
857.469	2.226	M+1	True	False		18528	17448
687.5162	11.951	M+0	False	False		18513	18426
1342.0051	13.314	M+0	False	False		18498	13422
846.5987	3.054	M+0	False	False		18462	13855
709.5359	14.412	M+0	False	False		16809	18452
829.594	10.549	M+1	True	False		18433	18308
421.8278	5.03	M+0	False	False		22281	18432
1274.3324	12.454	M+2	True	False		18421	15697
792.4108	10.412	M+0	False	False		18335	18891
770.5639	5.979	M+1	True	False		18305	16668
863.7074	1.626	M+1	True	False		18300	16546
562.3395	1.349	M+2	True	False		18298	16889
809.5256	3.101	M+3	True	False		18290	17505
916.4673	1.729	M+0	False	False		17604	18279
531.4089	11.904	M+0	False	False		18271	14511
1427.4628	13.566	M+1	True	False		18270	22158
639.6157	9.301	M+0	False	False		18259	18081
1380.15	14.226	M+1	True	False		18249	16460
995.3325	12.746	M+0	False	False	221.0868;0.5236|222.0876;0.4764	18242	14031
1344.1544	14.554	M+1	True	False		17651	18224
873.5091	1.587	M+1	True	False		16568	18222
843.4759	1.961	M+1	True	False		16556	18215
666.6684	14.604	M+0	False	False		18199	17826
1218.2675	11.856	M+2	True	False		14840	18198
1323.3775	11.298	M+0	False	False		7699	18190
270.1662	4.191	M+1	True	True		16879	18184
542.3628	1.393	M+0	False	False		18154	18305
401.7754	1.493	M+0	False	False		14891	18150
707.5427	5.591	M+1	True	False		17740	18147
638.4514	2.187	M+0	False	False		13927	18130
813.6716	10.503	M+0	False	False		18126	17080
1037.7996	11.951	M+1	True	False		18126	15549
679.4746	1.858	M+1	True	False		18126	20407
559.5626	7.521	M+0	False	False		16790	18098
1362.376	13.899	M+1	True	False		18049	25564
481.2893	1.635	M+0	False	False		18027	18045
659.4082	2.319	M+3	True	False		18042	17056
663.502	6.693	M+0	False	False		16579	17979
727.466	1.821	M+0	False	False		16483	17974
432.7833	1.484	M+0	False	False		17973	16298
881.6067	10.549	M+1	True	False		17948	16280
1304.368	13.239	M+0	False	False		13958	17938
682.5047	2.008	M+0	False	False		17510	17929
1231.3475	13.085	M+0	False	False		15577	17835
922.4207	7.082	M+2	True	False		17817	14728
1248.3595	9.645	M+0	False	False		7126	17817
717.6216	13.947	M+2	True	False		17804	16616
1190.3765	11.998	M+0	False	False		5604	17778
768.709	13.759	M+0	False	False		15681	17776
1341.0096	13.333	M+0	False	False		13832	17764
899.7125	13.363	M+0	False	False		17746	14355
1289.3603	13.712	M+2	True	False		9119	17737
653.4231	1.532	M+1	True	False		17734	13161
680.4819	5.077	M+0	False	False		16623	17715
480.2876	1.681	M+0	False	False		17635	17705
501.223	1.867	M+0	False	False		12647	17683
611.1853	6.077	M+1	True	False		12449	17681
835.5538	1.858	M+1	True	False		17681	17116
927.814	14.317	M+0	False	False		15807	17668
184.0821	2.703	M+0	False	True		14777	17613
540.3751	1.161	M+0	False	False	155.07;1.0	17603	14457
228.106	15.927	M+0	False	False	186.0585;1.0	17593	14759
707.4932	12.305	M+0	False	False		17582	14806
840.6475	11.998	M+0	False	False		17102	17579
918.3899	5.19	M+2	True	False		17558	15056
672.6419	12.885	M+2	True	False		15426	17531
902.4317	2.683	M+0	False	False	184.0752;1.0	17520	16365
819.633	6.05	M+3	True	False		17517	15944
757.4195	5.19	M+0	False	False		17509	16083
454.2965	1.681	M+0	False	False		16093	17499
827.5777	8.767	M+1	True	False		17490	17301
918.7635	12.778	M+2	True	False		9393	17478
776.5732	3.786	M+2	True	False		16261	17473
761.2217	8.83	M+3	True	False		15511	17460
1230.3488	13.038	M+0	False	False		15618	17450
1039.3177	6.032	M+0	False	False		0	17427
1472.4162	12.151	M+1	True	False		8957	17416
489.2923	1.587	M+0	False	False		16940	17413
434.2968	1.72	M+1	True	False		17400	14731
537.5382	12.363	M+0	False	False		15018	17395
1322.38	13.239	M+3	True	False		15514	17382
708.5217	13.708	M+1	True	False		17364	13082
636.4615	3.101	M+0	False	False		17362	16242
370.3562	12.092	M+1	True	True		13096	17359
1252.3498	13.665	M+2	True	False		11639	17304
695.5728	14.368	M+0	False	False		17295	11907
871.5304	1.776	M+1	True	False		16906	17295
791.3328	10.412	M+0	False	False		17288	17213
1229.3468	13.068	M+0	False	False		17286	15465
855.5352	1.767	M+1	True	False		17285	16473
722.5105	9.441	M+1	True	False		17285	16744
1146.396	8.403	M+0	False	False		8955	17249
855.4985	1.72	M+1	True	False		17227	15315
721.5089	12.64	M+0	False	False		17177	15331
560.3813	1.532	M+0	False	False		17137	6085
879.8221	14.766	M+0	False	False		17434	17114
934.5376	1.729	M+0	False	False		16069	17093
906.7626	14.317	M+1	True	False		16007	17088
787.5698	3.974	M+1	True	False		17083	15884
932.5312	1.767	M+0	False	False		17066	16537
799.5458	7.173	M+1	True	False		17061	13780
744.4428	1.673	M+2	True	False		17057	13335
888.4315	2.84	M+2	True	False		16316	17042
1069.3512	13.008	M+0	False	False		17020	14393
856.8234	14.459	M+1	True	False		9169	17015
842.4877	3.147	M+0	False	False		17013	16424
440.2795	1.532	M+0	False	False		17011	11753
702.6692	14.176	M+0	False	False		13942	17003
561.5248	7.545	M+2	True	False		16962	16223
565.5853	9.589	M+1	True	False		16947	16747
846.4872	2.772	M+0	False	False		16942	15979
1119.0792	16.085	M+2	True	False		0	16939
787.5243	1.493	M+0	False	False		16767	16919
817.5065	1.673	M+1	True	False		16886	14081
1189.3776	12.045	M+0	False	False		5975	16881
664.4556	1.821	M+0	False	False		15927	16846
722.5094	10.017	M+0	False	False		16843	15513
680.4824	5.329	M+0	False	False		16830	15255
597.4704	2.1	M+2	True	False		16741	16817
680.4812	5.899	M+0	False	False		16817	16058
953.5222	1.579	M+0	False	False		16802	11746
842.5149	2.179	M+0	False	False		16785	17554
902.4334	2.793	M+0	False	False		15523	16759
773.4576	1.905	M+3	True	False		16735	16863
566.3842	1.681	M+0	False	False		16177	16734
1412.4331	12.636	M+0	False	False		4836	16722
1431.3676	12.731	M+0	False	False		7722	16721
1302.1688	12.901	M+2	True	False		16719	13133
1290.11	12.542	M+2	True	False		15329	16691
754.539	4.638	M+0	False	False		16685	11887
1489.4308	12.151	M+0	False	False		7572	16678
802.6332	9.207	M+0	False	False		16633	13833
598.5998	7.498	M+3	True	False		16598	16299
641.5844	11.999	M+0	False	False		16575	14230
444.2815	1.867	M+0	False	False		14957	16562
670.6188	12.542	M+1	True	False		16465	16561
1174.3411	8.356	M+0	False	False		6987	16528
700.6248	12.805	M+0	False	False		16512	15547
401.7572	1.446	M+0	False	False		15871	16504
879.59	8.767	M+1	True	False		16503	13419
1388.2103	14.317	M+0	False	False		16506	16463
757.3783	5.19	M+0	False	False		16434	14453
705.5814	12.805	M+0	False	False		16388	15032
413.7744	1.579	M+0	False	False		16373	21908
908.867	15.379	M+0	False	False		16364	15618
343.3121	11.903	M+2	True	True		13065	16350
1320.7695	14.896	M+0	False	False		17085	16341
882.763	14.507	M+1	True	False		14523	16320
443.2967	1.626	M+1	True	False		16318	14170
734.5616	5.71	M+2	True	False		16276	15755
846.2942	12.14	M+0	False	False		16271	13964
698.4356	2.772	M+2	True	False		16265	18049
721.5081	0.337	M+0	False	False	623.8551;1.0	14657	16264
1233.1464	14.707	M+0	False	False		0	16239
1396.3998	13.428	M+3	True	False		13342	16230
668.5977	14.938	M+0	False	False		16218	13941
914.3912	5.19	M+0	False	False	184.074;1.0	16206	14282
1341.3913	11.298	M+0	False	False		7227	16196
993.7485	15.176	M+0	False	False		16178	15920
1300.1858	14.604	M+1	True	False		16145	14264
618.5863	11.856	M+0	False	False		15130	16131
762.4939	1.767	M+0	False	False		16123	15104
1068.3506	12.991	M+0	False	False	221.0838;0.7158|295.1031;0.2842	15048	16007
435.3048	1.729	M+0	False	False		15252	15998
850.5086	1.54	M+0	False	False		15017	15967
956.2746	12.885	M+0	False	False		8273	15963
1175.3392	8.356	M+1	True	False		8263	15953
917.3928	5.235	M+1	True	False		15939	14379
736.5892	13.008	M+0	False	False		15938	15507
996.3322	12.735	M+1	True	False		15938	13355
917.7011	13.618	M+0	False	False		12944	15936
881.8385	15.08	M+1	True	False		11654	15933
798.4922	2.046	M+0	False	False		15932	15557
661.4688	3.463	M+0	False	False		15226	15931
994.3325	12.746	M+0	False	False		15916	14862
1249.3572	9.645	M+1	True	False		8206	15914
723.5487	4.496	M+1	True	False		15911	13862
1284.0546	11.764	M+0	False	False		14496	15898
438.4062	2.366	M+0	False	False		15877	15055
725.4917	1.587	M+1	True	False		12666	15873
687.2033	7.287	M+3	True	False		12113	15860
210.089	2.461	M+0	False	False	151.0148;1.0	15847	20408
739.467	2.866	M+1	True	False		15820	14690
950.5412	1.729	M+0	False	False		14247	15815
804.5375	2.187	M+0	False	False		12951	15801
1380.3845	13.428	M+2	True	False		12538	15776
935.7829	13.363	M+0	False	False		15759	15739
1156.3289	12.853	M+0	False	False		15728	13932
721.5081	0.107	M+0	False	False		8082	15712
888.5026	1.587	M+0	False	False		15515	15711
1329.1038	14.222	M+0	False	False		14619	15710
743.4474	1.673	M+1	True	False		15679	13498
257.2274	14.038	M+0	False	True		20962	15654
851.696	10.478	M+0	False	False		15417	15653
843.5155	7.196	M+1	True	False		17116	15649
690.6672	14.368	M+0	False	False		15641	13541
675.5921	13.806	M+1	True	False		12572	15614
664.4569	12.305	M+0	False	False		15611	13380
839.5484	1.532	M+0	False	False		15587	11253
854.2498	4.027	M+0	False	False		8270	15540
1303.3663	13.239	M+0	False	False		11025	15534
837.5319	1.532	M+1	True	False		15533	12657
755.5385	2.226	M+1	True	False		15511	12826
844.4711	1.952	M+2	True	False		15487	15153
184.101	2.1	M+0	False	False		13879	15467
949.88	15.631	M+1	True	False		12250	15453
757.3393	5.19	M+0	False	False		15445	13604
838.5265	4.227	M+2	True	False		15431	15278
1380.1031	14.128	M+0	False	False		9400	15422
842.5663	1.905	M+0	False	False		15406	14693
1211.3403	13.57	M+0	False	False		7990	15396
695.4701	1.867	M+1	True	False		14403	15391
451.296	1.532	M+1	True	False		15381	10834
853.5202	2.226	M+1	True	False		15364	12991
652.7071	11.537	M+1	True	False		7093	15361
859.5121	1.776	M+3	True	False		15177	15346
553.3857	2.414	M+1	True	False		15338	13580
817.5424	1.821	M+0	False	False		13406	15338
681.4918	2.046	M+1	True	False		15336	13332
1322.3769	11.298	M+0	False	False		7019	15334
887.4243	2.819	M+1	True	False		15328	13313
1188.3784	11.998	M+0	False	False		4944	15319
684.3837	2.226	M+0	False	False		15290	11873
797.5284	6.05	M+1	True	False		15288	17808
823.7592	14.128	M+1	True	False		12388	15237
680.4813	4.652	M+0	False	False		14619	15216
1339.2092	15.08	M+0	False	False		13911	15183
856.5524	1.813	M+0	False	False		15168	0
575.495	4.273	M+2	True	False		15140	13632
1263.0467	13.314	M+2	True	False		15087	12089
1041.3179	6.032	M+2	True	False		0	15077
895.2783	4.027	M+0	False	False		6752	15033
385.2611	1.484	M+0	False	False		15026	14601
1394.1732	14.368	M+2	True	False		15013	13574
744.4837	1.905	M+0	False	False		15010	13395
1336.1356	14.604	M+0	False	False		14997	12536
838.7868	14.604	M+0	False	False		14995	14052
763.6283	12.092	M+2	True	False		12967	14993
841.5166	7.218	M+1	True	False		14971	14884
568.5775	9.283	M+3	True	True		14672	14963
730.4878	1.673	M+0	False	False		14960	12475
185.0772	2.091	M+1	True	True		14943	8134
667.6439	9.644	M+1	True	False		14939	12062
299.3064	7.521	M+0	False	True		10777	14913
404.3301	2.414	M+0	False	False		14907	14861
868.5168	1.493	M+0	False	False		13410	14894
438.4151	2.96	M+1	True	True		14861	13412
536.1669	4.837	M+0	False	False	281.0518;0.51|282.2799;0.49	4443	14854
549.5083	12.794	M+0	False	False		14836	12621
680.4804	3.309	M+0	False	False		14797	12634
442.7958	1.673	M+0	False	False		14792	11675
1001.8385	15.176	M+2	True	False		14774	13228
910.2589	11.951	M+0	False	False		14772	17998
875.4423	4.858	M+3	True	False		14765	13722
722.5129	10.744	M+1	True	False		14727	14751
468.7813	1.579	M+0	False	False		14749	13714
469.2814	1.579	M+1	True	False		14747	11842
664.458	11.951	M+1	True	False		14549	14726
267.2696	12.454	M+0	False	True		14056	14699
731.5425	4.746	M+1	True	False		14309	14695
853.8049	14.807	M+1	True	False		14694	13807
1387.2056	14.317	M+0	False	False		15109	14655
820.2605	3.24	M+3	True	False		5832	14646
1145.3154	5.261	M+0	False	False		16465	14641
428.3153	2.635	M+0	False	False		14612	8595
531.4095	11.809	M+0	False	False		16569	14612
848.8391	10.549	M+0	False	False		14600	14813
887.6496	4.544	M+0	False	False		14597	13044
690.4338	1.587	M+0	False	False		13259	14586
547.42	1.913	M+1	True	False		10865	14585
781.6123	6.05	M+1	True	False		14572	12676
1248.3619	13.085	M+3	True	False		12872	14570
812.768	10.415	M+0	False	False		14210	14563
458.2672	1.54	M+0	False	False		14099	14562
680.4845	2.319	M+0	False	False		14558	11446
615.4642	11.856	M+0	False	False		14184	14538
695.5152	3.584	M+1	True	False		14527	12763
767.4216	4.957	M+1	True	False		14527	13870
466.7546	1.72	M+0	False	False		14520	11157
721.5904	14.368	M+0	False	False		14506	10868
1384.2264	13.993	M+2	True	False		14500	13506
548.505	11.766	M+0	False	False	419.3519;1.0	14497	13153
881.2557	12.684	M+2	True	False		7188	14488
860.4795	1.858	M+0	False	False		14485	12506
1115.0618	16.085	M+0	False	False		0	14478
728.6181	13.804	M+1	True	False		14467	12941
663.5334	13.02	M+0	False	False		14457	13857
1144.3694	13.192	M+0	False	False		11783	14448
1306.3666	13.239	M+1	True	False		12849	14437
664.4586	11.999	M+1	True	False		14407	14726
314.2892	11.856	M+0	False	False		15209	14395
900.627	4.238	M+0	False	False	827.627;1.0	13457	14393
1232.3474	13.085	M+1	True	False		12426	14392
1453.4036	13.566	M+0	False	False		14331	18711
1215.8468	13.57	M+3	True	False		5769	14317
1389.2142	14.365	M+1	True	False		14091	14300
894.5347	1.767	M+0	False	False		14264	11506
706.5644	13.806	M+1	True	False		14322	14256
762.6534	7.753	M+0	False	False		13846	14253
1267.3698	9.645	M+0	False	False		6050	14221
758.4739	5.19	M+1	True	False		14175	13804
1338.4114	12.497	M+0	False	False		0	14171
544.2265	1.114	M+0	False	False	476.2405;1.0	14152	12863
1364.1975	14.368	M+0	False	False		14149	13307
707.5746	14.226	M+0	False	False		14131	12505
458.7915	1.493	M+0	False	False		10513	14125
829.5834	3.054	M+1	True	False		14123	15244
720.591	12.497	M+0	False	False		14123	10777
789.5483	2.187	M+1	True	False		12956	14082
1099.0597	7.521	M+3	True	False		13402	14073
773.4718	1.867	M+0	False	False		15760	14072
727.5564	12.093	M+2	True	False		14061	12294
1315.3651	15.271	M+0	False	False		14059	13168
715.6142	14.699	M+0	False	False		14052	14419
1328.2142	15.271	M+0	False	False		14043	13775
1173.3365	8.356	M+0	False	False		6474	14041
615.4143	11.856	M+0	False	False		13325	14025
548.3957	1.681	M+0	False	False		10778	14014
736.4916	2.234	M+0	False	False		11875	13999
717.4685	4.496	M+1	True	False		13991	13427
702.4882	3.17	M+0	False	False		13217	13991
800.5438	2.366	M+0	False	False		13975	12655
485.2588	1.587	M+0	False	False		13485	13967
634.548	12.187	M+1	True	False		13928	12544
1447.4718	12.104	M+3	True	False		6933	13927
1116.3579	11.49	M+0	False	False		3639	13926
1473.4033	14.128	M+0	False	False		8330	13914
1233.1414	14.222	M+0	False	False		0	13906
1283.336	12.363	M+3	True	False		5515	13887
638.6526	11.52	M+0	False	False		13875	22353
801.5104	1.813	M+1	True	False		13874	13601
1155.122	9.237	M+3	True	False		13302	13870
770.4538	2.226	M+0	False	False		13870	12987
708.4931	1.776	M+0	False	False		12752	13868
938.8023	13.659	M+1	True	False		13825	13010
428.315	2.422	M+2	True	False		9887	13820
1423.1544	16.129	M+0	False	False	369.352;0.8212|370.3595;0.1788	13156	13804
540.5461	7.521	M+3	True	True		11502	13802
811.7589	14.27	M+1	True	False		11986	13800
1128.3843	12.901	M+0	False	False		13796	19118
638.4394	1.673	M+0	False	False		13787	11720
1209.3327	13.085	M+1	True	False		11231	13782
554.381	2.422	M+2	True	False		13580	13749
549.5086	12.199	M+0	False	False		13002	13735
1017.9315	14.604	M+2	True	False		13730	11958
709.5548	12.199	M+0	False	False		13729	9811
992.6468	4.18	M+0	False	False	762.9076;1.0	13710	12513
929.8311	14.557	M+0	False	False		13704	12998
915.4732	1.673	M+1	True	False		13689	11364
1040.3177	6.077	M+1	True	False		7608	13671
1369.229	15.033	M+0	False	False		0	13666
1022.1282	14.896	M+2	True	False		13657	17829
682.4565	1.587	M+2	True	False		12690	13640
1342.1741	15.033	M+2	True	False		13628	13052
908.4822	1.587	M+0	False	False		12629	13626
897.4806	1.72	M+1	True	False		13610	11147
1424.1564	16.136	M+1	True	False		13601	12697
564.4217	1.767	M+2	True	False		13594	12337
1336.263	15.033	M+2	True	False		11286	13583
1454.4044	13.57	M+1	True	False		13491	13577
1227.3426	9.645	M+1	True	False		5459	13568
791.4652	1.813	M+3	True	False		13563	12289
921.767	13.314	M+0	False	False		13558	12449
1469.416	12.151	M+0	False	False		7296	13552
1143.3715	13.18	M+0	False	False		13210	13522
764.4658	2.748	M+0	False	False		12328	13500
880.7455	14.222	M+1	True	False		11250	13475
421.3677	4.227	M+0	False	False		13467	12881
461.2772	1.579	M+2	True	False		13466	10518
1070.3503	12.961	M+1	True	False		13465	11627
1246.106	12.592	M+2	True	False		13428	11870
975.887	15.813	M+0	False	False		13410	11692
1324.3764	11.298	M+1	True	False		7097	13406
1326.2686	15.033	M+0	False	False		14563	13396
788.5368	1.867	M+2	True	False		13116	13385
612.184	6.077	M+2	True	False		10681	13373
1246.3423	12.092	M+0	False	False		5465	13372
1099.3224	12.64	M+0	False	False		13371	16366
1252.8506	13.618	M+3	True	False		7278	13370
908.7789	14.557	M+1	True	False		13366	13230
1381.1066	14.128	M+1	True	False		12709	13364
691.4751	2.328	M+1	True	False		13331	13360
900.468	1.767	M+2	True	False		13356	12342
825.5252	2.469	M+0	False	False		12529	13349
1030.7878	13.133	M+0	False	False		5836	13342
682.6528	15.08	M+0	False	False		13189	13310
803.5278	2.187	M+0	False	False		13067	13308
837.4884	1.821	M+1	True	False		12917	13292
844.4863	3.17	M+2	True	False		12535	13287
1321.378	11.298	M+0	False	False		7051	13273
694.6178	13.991	M+2	True	False		7022	13259
1210.8148	4.089	M+0	False	False		13248	11888
174.1602	1.484	M+0	False	False		13246	13459
806.5454	1.729	M+0	False	False		12214	13243
398.4001	2.84	M+0	False	False		11760	13237
702.4868	3.217	M+0	False	False		13217	12416
1352.3751	15.332	M+0	False	False		13197	11359
1248.3526	13.665	M+0	False	False		9046	13187
1247.3419	12.092	M+1	True	False		6270	13182
1141.8217	13.381	M+3	True	False		5504	13157
1411.4321	12.636	M+0	False	False		4696	13154
1328.2094	15.081	M+3	True	False		13151	14099
387.3827	14.938	M+1	True	False		13143	10514
888.6525	4.364	M+1	True	False		13127	7000
647.5089	11.098	M+0	False	False		7192	13116
1321.3618	12.363	M+0	False	False		5501	13111
851.5856	1.729	M+2	True	False		11127	13104
1239.1083	14.766	M+0	False	False		0	13097
782.035	12.045	M+0	False	False		9471	13096
778.5611	3.632	M+0	False	False		13090	10852
453.8175	1.626	M+0	False	False		13078	12904
835.2413	10.744	M+3	True	False		12187	13077
538.6644	7.521	M+0	False	False		11203	13068
1348.271	15.271	M+0	False	False		13048	10300
666.6894	9.254	M+0	False	False		13046	10867
1186.1946	11.537	M+0	False	False	593.601;1.0	12398	13045
1470.4172	13.566	M+3	True	False		13040	15824
426.797	1.72	M+1	True	False		13033	8389
686.5269	2.887	M+2	True	False		13010	13032
663.4552	7.196	M+0	False	False	551.3304;1.0	12199	13023
1155.3294	12.837	M+0	False	False		11881	12996
847.2953	12.14	M+1	True	False		12986	11776
861.5792	1.821	M+1	True	False		12770	12959
692.5231	4.972	M+0	False	False		9228	12957
1486.4551	12.789	M+0	False	False		3037	12950
680.4814	3.95	M+0	False	False	607.3937;0.3721|663.457;0.3403|664.4556;0.2876	10975	12887
908.8666	14.652	M+0	False	False		12872	11023
468.3887	1.673	M+0	False	False		12871	11294
1081.3093	12.636	M+0	False	False		9755	12869
722.5101	0.832	M+0	False	False		10524	12869
854.5159	2.234	M+2	True	False		12370	12864
768.4757	1.729	M+0	False	False		11068	12860
1114.3579	11.49	M+0	False	False		3441	12859
1317.2272	15.08	M+0	False	False		12854	12855
955.5204	1.579	M+2	True	False		12849	8753
698.417	1.821	M+0	False	False		12192	12829
1157.8164	5.235	M+1	True	False		12824	11434
1115.3599	11.49	M+1	True	False		4054	12811
427.7915	1.484	M+0	False	False		12803	11077
620.5769	11.856	M+1	True	False		12800	12769
681.5494	2.772	M+0	False	False		12782	12393
952.5403	1.681	M+2	True	False		11280	12779
1067.8035	13.18	M+3	True	False		6258	12778
480.2858	1.813	M+0	False	False		12777	10726
315.2812	11.856	M+2	True	True		12774	11284
1315.8639	15.271	M+0	False	False		12757	11863
743.6472	14.368	M+0	False	False		12735	10395
1322.36	12.363	M+1	True	False		4182	12730
878.7331	13.901	M+1	True	False		12170	12714
699.4871	2.187	M+3	True	False		12429	12687
681.5346	6.693	M+1	True	False		11781	12687
1131.3897	12.853	M+1	True	False		12686	6303
757.3565	5.215	M+0	False	False		12446	12682
687.4436	6.693	M+2	True	False		12485	12678
490.2916	1.587	M+1	True	False		11723	12652
1340.2054	14.554	M+3	True	False		9074	12625
912.4523	1.905	M+0	False	False		12603	12191
877.2628	4.027	M+0	False	False		4878	12596
378.2919	1.484	M+0	False	False		12579	10028
1450.398	12.104	M+2	True	False		8837	12574
518.4214	2.866	M+0	False	False		12573	14170
851.5595	7.218	M+1	True	False		12559	12165
1250.3582	9.645	M+2	True	False		6417	12558
1314.8651	15.271	M+0	False	False		12548	9910
637.4268	1.72	M+0	False	False		12543	12091
592.4138	2.819	M+0	False	False		12518	12465
444.8128	1.673	M+0	False	False		12491	9978
781.5338	12.046	M+0	False	False		12473	11752
1386.1834	14.176	M+0	False	False		12372	12471
882.5673	1.484	M+1	True	False		12452	10181
795.5352	2.84	M+1	True	False		12038	12446
742.5268	12.093	M+1	True	False		12437	11568
774.6014	7.882	M+0	False	False		12120	12437
831.606	2.819	M+1	True	False		12436	11053
576.4269	1.72	M+0	False	False		12423	11422
689.4354	3.538	M+1	True	False		12419	12194
718.4675	1.813	M+0	False	False		12412	11893
1389.3827	15.398	M+0	False	False		11074	12384
716.6925	14.368	M+0	False	False		12383	10382
1377.3856	13.411	M+0	False	False		12383	12305
479.764	1.54	M+2	True	False		9441	12379
712.4153	2.772	M+0	False	False		12377	11876
680.481	8.8	M+0	False	False	551.3258;0.4008|552.3294;0.2207|607.395;0.3785	12368	11595
680.6394	2.703	M+0	False	False		13139	12357
631.5556	11.49	M+0	False	False		11337	12344
581.4014	1.905	M+1	True	False		12340	10997
1369.1615	14.368	M+0	False	False		12339	12216
680.4837	8.575	M+0	False	False	607.3947;0.4587|663.4553;0.5413	11400	12312
915.8118	14.222	M+0	False	False		10375	12305
1328.2087	14.81	M+3	True	False		18046	12303
1444.6102	12.151	M+0	False	False		0	12290
609.4328	2.414	M+1	True	False		12278	10463
903.7334	13.665	M+2	True	False		11331	12261
370.2562	1.54	M+0	False	False		10842	12260
796.4533	1.626	M+0	False	False		12260	9858
1091.0488	15.583	M+2	True	False		0	12244
744.4802	2.375	M+0	False	False		11484	12244
896.5521	1.681	M+0	False	False		12173	12237
766.4154	5.235	M+0	False	False		12202	10926
738.497	1.952	M+0	False	False		12199	11129
1273.069	14.652	M+0	False	False		12199	11004
1104.8124	13.286	M+3	True	False		6724	12195
1320.3658	12.363	M+0	False	False		5129	12195
1390.1388	13.806	M+0	False	False		11511	12192
1432.3883	13.57	M+2	True	False		9600	12189
746.4968	1.813	M+0	False	False		12182	11467
282.2798	7.521	M+0	False	False		10894	12177
852.5502	1.626	M+0	False	False		12169	0
368.3402	13.712	M+1	True	True		10596	12150
677.5969	12.885	M+2	True	False		10972	12148
782.7176	7.149	M+0	False	False		13399	12140
802.4327	1.161	M+0	False	False	184.0725;0.69|417.1675;0.31	12138	11050
722.51	12.59	M+1	True	False		11329	12132
885.4244	2.793	M+1	True	False		10983	12126
1247.3579	9.645	M+0	False	False		8054	12113
839.4846	5.282	M+1	True	False		12111	11849
704.524	4.511	M+0	False	False		11659	12110
707.4702	1.729	M+1	True	False		10741	12106
953.8311	15.857	M+0	False	False		12103	9429
855.5471	1.729	M+0	False	False		0	12097
837.4858	5.235	M+1	True	False		12078	11762
426.3117	2.422	M+0	False	False		9810	12071
798.5289	2.375	M+0	False	False		10488	12069
1349.8912	6.671	M+2	True	False		12068	12437
1149.4033	8.403	M+2	True	False		5657	12066
994.7509	15.176	M+1	True	False		12053	11636
745.6269	12.187	M+0	False	False		12043	10346
722.5366	13.806	M+1	True	False		12213	12042
730.5027	2.461	M+0	False	False		12025	11280
512.3104	1.673	M+0	False	False		12010	10993
745.5599	5.308	M+1	True	False		12224	12002
1347.2666	15.269	M+0	False	False		11165	11968
1485.5011	12.151	M+0	False	False		5529	11962
918.5441	1.579	M+1	True	False		11957	9317
847.5279	5.143	M+0	False	False		11955	11095
822.5355	2.187	M+2	True	False		10733	11952
770.4167	4.899	M+2	True	False		11931	11277
758.7182	6.261	M+0	False	False		0	11921
815.6255	10.515	M+3	True	False		10580	11916
933.5349	1.776	M+1	True	False		10983	11877
1117.3331	7.196	M+0	False	False		0	11876
790.4207	2.272	M+0	False	False		11864	10080
467.776	1.626	M+0	False	False		11856	9242
842.7481	12.59	M+0	False	False		6463	11854
913.7976	13.901	M+0	False	False		11057	11853
848.2935	12.14	M+2	True	False		11838	10680
1340.1676	15.386	M+0	False	False		11120	11829
734.5101	1.913	M+0	False	False		10163	11816
793.5187	3.054	M+1	True	False		11803	11714
1153.1804	9.237	M+0	False	False		6355	11790
1332.2364	14.896	M+0	False	False		11779	9681
741.5433	13.02	M+0	False	False		11756	9279
835.5901	2.469	M+1	True	False		11243	11755
873.2678	10.744	M+0	False	False		10166	11750
1280.041	11.856	M+2	True	False		11743	9454
776.5723	3.217	M+2	True	False		11743	10449
712.6523	13.899	M+2	True	False		11740	10229
754.5394	2.793	M+0	False	True		9895	11737
757.2802	5.19	M+0	False	False		11734	11292
1233.142	14.365	M+0	False	False		0	11733
847.5265	5.329	M+0	False	False		11718	11095
871.7599	13.665	M+1	True	False		10191	11705
1341.2012	14.986	M+0	False	False		11703	10847
798.4676	1.635	M+0	False	False		8815	11690
859.4684	2.226	M+3	True	False		11690	10390
680.4816	9.501	M+0	False	False	607.3916;1.0	11132	11684
1158.3279	12.885	M+2	True	False		9087	11677
1262.4467	9.645	M+0	False	False		5049	11676
813.6083	8.74	M+3	True	False		11675	9893
702.4151	6.671	M+1	True	False		11672	10812
413.3936	2.272	M+1	True	False		11669	9691
711.5473	14.368	M+2	True	False		11664	10042
482.2916	1.626	M+1	True	False		11660	9656
704.5009	3.17	M+2	True	False		10146	11660
871.4937	1.673	M+1	True	False		11642	8877
875.4805	2.179	M+0	False	False		11639	11309
773.5506	3.538	M+0	False	False		11635	0
832.4963	1.626	M+0	False	False		11630	11235
936.7866	13.333	M+1	True	False		11251	11627
825.5084	1.673	M+0	False	False		11626	11454
655.4362	1.635	M+1	True	False		11085	11610
890.4701	1.673	M+0	False	False		11604	11150
1352.8722	15.327	M+0	False	False		10813	11601
818.4756	2.008	M+0	False	False		13854	11601
657.5663	7.196	M+1	True	False		11754	11597
910.4545	1.905	M+0	False	False		11591	11089
1378.1343	13.899	M+1	True	False		11571	12409
673.511	3.538	M+0	False	False		11561	11108
1213.31	11.856	M+0	False	False		10581	11557
663.5329	13.314	M+0	False	False		11550	9809
1342.9987	13.286	M+1	True	False		10705	11548
748.4998	1.729	M+0	False	False		11610	11542
788.5066	1.813	M+0	False	False		11530	12259
898.7878	15.129	M+0	False	False		11525	11271
714.6034	13.708	M+1	True	False		11523	11122
444.7804	1.673	M+1	True	False		11522	11591
663.4548	5.422	M+0	False	False	607.3864;1.0	11517	10956
812.5409	3.075	M+0	False	False		8203	11516
621.6045	7.709	M+0	False	False	340.8869;1.0	9269	11514
1413.4337	12.636	M+1	True	False		3915	11498
896.7718	15.222	M+0	False	False		10967	11496
853.4831	1.626	M+0	False	False		11478	11093
940.8187	13.901	M+0	False	False		7731	11475
797.5666	6.813	M+0	False	False		11461	10586
741.5236	1.681	M+1	True	False		8586	11458
1193.3522	8.356	M+0	False	False		5734	11452
668.6199	7.988	M+0	False	False		11449	10109
1429.1129	12.104	M+0	False	False		10420	11448
906.8503	15.127	M+0	False	False		10959	11438
862.4951	1.821	M+0	False	False		11075	11432
849.543	6.05	M+1	True	False		11424	10719
186.0678	14.754	M+0	False	False		89599	11388
750.4712	1.776	M+0	False	False		11162	11385
766.5008	1.905	M+0	False	False		11383	10277
1314.3664	15.271	M+0	False	False		11382	7499
1224.4144	9.645	M+2	True	False		5092	11366
467.3743	1.673	M+0	False	False		11355	10196
802.5971	5.052	M+0	False	False		11355	10481
714.4951	1.72	M+0	False	False		11347	9456
912.4493	1.767	M+0	False	False		11339	9728
1336.4657	11.298	M+0	False	False		0	11330
855.7422	14.459	M+0	False	False		9384	11302
1264.9866	13.314	M+0	False	False		11290	9719
935.5385	1.767	M+1	True	False		11289	8692
737.4807	1.767	M+0	False	False		11286	11253
852.7921	14.459	M+2	True	False		10667	11286
424.3636	1.673	M+0	False	False		11268	9119
1389.883	15.431	M+0	False	False		11267	10123
874.2703	10.791	M+1	True	False		9167	11260
452.7784	1.72	M+1	True	False		11239	9187
1452.4019	13.566	M+0	False	False		11237	14403
1174.3407	12.885	M+0	False	False		8554	11227
1248.3431	12.092	M+2	True	False		4833	11225
722.5108	0.544	M+0	False	False		7915	11216
1142.3711	13.175	M+0	False	False	221.0844;0.443|296.1078;0.1716|369.1216;0.3853	11204	10633
804.6483	11.52	M+0	False	False		11191	11009
1267.9342	13.333	M+2	True	False		10285	11173
780.2316	3.228	M+0	False	False		4956	11160
656.4552	2.319	M+0	False	False		11155	3925
638.6561	7.521	M+0	False	False		10351	11154
619.5285	13.008	M+0	False	False		11138	9665
616.4216	1.484	M+0	False	False		11131	8828
841.7494	12.59	M+0	False	False		5921	11120
702.5835	12.092	M+0	False	False		9595	11115
777.6226	9.395	M+1	True	False		11115	9619
1209.3157	12.092	M+3	True	False		5056	11114
792.5683	3.101	M+2	True	False		11104	9663
768.5504	5.282	M+0	False	False		11103	10206
415.2875	1.532	M+2	True	False		11102	8324
750.5022	1.913	M+0	False	False		10206	11060
1463.9007	15.583	M+0	False	False		9516	11048
897.5925	10.594	M+0	False	False	812.6093;1.0	11041	9045
897.7749	14.128	M+0	False	False		10069	11038
478.308	1.579	M+0	False	False		11030	8261
788.6079	7.38	M+2	True	False		11232	11019
478.2694	4.077	M+0	False	False		10997	8462
732.5004	1.626	M+2	True	False		10995	9165
904.4303	3.075	M+0	False	False		10277	10986
1351.8774	15.332	M+0	False	False		10981	9060
701.5193	1.729	M+1	True	False		8390	10976
1443.6091	12.151	M+0	False	False		0	10974
471.3034	1.673	M+0	False	False		10960	10261
919.2642	12.789	M+3	True	False		5536	10939
710.464	1.635	M+0	False	False		10555	10931
449.7857	1.484	M+0	False	False		10918	9020
697.6463	12.901	M+0	False	False		10915	9454
687.6423	13.712	M+1	True	False		6922	10907
909.8693	15.398	M+1	True	False		10140	10893
1064.3646	13.192	M+0	False	False		5797	10890
1261.4415	9.645	M+0	False	False		4605	10888
537.5364	12.542	M+0	False	False		10972	10887
458.3048	1.54	M+0	False	False		4579	10878
1395.178	14.368	M+0	False	False		10877	10370
669.5609	12.199	M+0	False	False		10857	10719
862.5913	1.635	M+0	False	False		9698	10855
738.4556	1.532	M+0	False	False		10852	10348
740.6787	13.381	M+0	False	False		10038	10849
1296.5581	11.298	M+0	False	False		2073	10849
462.2974	1.673	M+0	False	False		10835	9496
1354.0388	14.602	M+0	False	False		9412	10832
1211.8176	4.089	M+1	True	False		10826	9410
1390.3831	15.398	M+1	True	False		9681	10823
777.5136	1.913	M+1	True	False		10748	10821
790.5221	1.821	M+0	False	False		9588	10820
1274.071	14.602	M+0	False	False		10501	10816
572.4325	1.484	M+0	False	False		10813	10781
1485.4499	12.789	M+0	False	False		2894	10812
450.7714	1.579	M+0	False	False		10811	9018
906.8421	14.81	M+2	True	False		7885	10809
661.4057	2.772	M+1	True	False		10790	10106
1435.8982	14.084	M+0	False	False		0	10790
685.557	12.093	M+0	False	False		10779	9635
941.8294	14.27	M+0	False	False		10150	10774
656.6203	12.684	M+0	False	False		9012	10769
676.4561	2.187	M+0	False	False		5998	10760
857.5138	2.179	M+0	False	False		10754	9082
806.4942	1.961	M+0	False	False		10437	10739
1232.0911	12.199	M+2	True	False		12720	10718
709.5009	6.671	M+2	True	False		10714	7650
910.4802	1.532	M+0	False	False		10709	10094
694.4684	2.187	M+0	False	False		10994	10698
1324.1871	15.798	M+0	False	False		14241	10686
710.4984	2.375	M+0	False	False		10580	10680
437.8232	2.414	M+0	False	False		10679	7484
1329.3665	13.239	M+0	False	False		9922	10668
371.7464	1.493	M+0	False	False		10633	10646
604.5266	9.237	M+1	True	False		8942	10624
804.6503	11.215	M+0	False	False		10624	8839
755.4974	1.484	M+0	False	False		10581	6543
900.7161	13.381	M+1	True	False		8646	10577
1245.3421	12.104	M+0	False	False		5208	10565
655.5507	6.214	M+1	True	False		8541	10563
1355.1431	13.708	M+0	False	False		10562	10393
732.4446	1.635	M+0	False	False		9958	10558
1409.0055	13.665	M+0	False	False		7962	10539
1426.8938	15.503	M+0	False	False		9639	10533
936.5438	1.729	M+2	True	False		10347	10532
500.2373	1.579	M+0	False	False		10531	7647
1463.4018	15.61	M+0	False	False		10518	10293
445.3173	1.626	M+1	True	False		10514	9863
664.4196	1.532	M+0	False	False		10514	9459
900.8012	15.127	M+2	True	False		10090	10508
727.6362	12.805	M+0	False	False		10492	7974
785.5775	7.173	M+3	True	False		10487	8018
1343.023	13.286	M+2	True	False		10033	10481
270.1658	4.496	M+1	True	False		10481	11517
972.9821	15.176	M+0	False	False		10460	11782
903.7417	14.226	M+0	False	False		10425	8577
1307.3619	13.239	M+2	True	False		7799	10419
798.5622	6.86	M+2	True	False		10417	9924
1278.3537	15.175	M+0	False	False		8392	10417
847.6012	3.054	M+1	True	False		10396	7146
1451.404	13.57	M+0	False	False		9913	10394
864.4693	2.772	M+0	False	False		10390	8116
382.3568	13.854	M+1	True	True		8927	10389
872.4998	4.858	M+0	False	False		10369	9139
507.5345	9.6	M+1	True	False		10365	6077
783.7292	13.948	M+1	True	False		11548	10337
800.5058	2.179	M+0	False	False		10336	9669
735.4799	1.821	M+0	False	False		10587	10325
788.5812	3.054	M+0	False	False		10321	6274
1410.4308	12.636	M+0	False	False		3640	10305
680.4822	10.604	M+0	False	False	495.2679;0.2802|551.3291;0.437|607.393;0.2828	8837	10305
834.55	2.319	M+0	False	False		10302	10225
621.5327	12.258	M+0	False	False		10299	8269
752.5216	1.867	M+0	False	False		9586	10268
609.6053	8.393	M+0	False	False		10267	10183
827.5233	2.234	M+0	False	False		9716	10264
772.4527	2.226	M+2	True	False		10255	9457
811.5301	3.054	M+1	True	False		10254	9192
731.6386	14.128	M+2	True	False		9324	10250
793.5775	3.632	M+1	True	False		10240	13713
357.4205	1.813	M+3	True	False		10232	9318
723.466	1.493	M+1	True	False		10135	10228
688.4922	4.511	M+0	False	False		11690	10212
1341.1659	15.49	M+0	False	False		10193	10307
754.486	1.913	M+2	True	False		8736	10192
896.7725	15.503	M+0	False	False		9494	10184
951.5435	1.673	M+0	False	False		10179	9420
762.5006	1.635	M+0	False	False		9773	10171
480.7887	1.635	M+0	False	False		8472	10165
753.4894	1.961	M+1	True	False		10093	10161
997.3281	12.746	M+2	True	False		10155	10066
1240.1094	14.707	M+0	False	False		0	10149
710.539	14.412	M+1	True	False		9894	10146
974.8879	15.176	M+2	True	False		10134	5867
723.5149	7.356	M+2	True	False		10133	9745
741.653	12.837	M+0	False	False		9760	10125
722.5086	0.208	M+0	False	False		7583	10111
1087.0355	15.583	M+0	False	False		0	10110
409.7732	1.484	M+1	True	False		10102	9204
464.3075	1.673	M+2	True	False		10095	6227
737.504	6.718	M+0	False	False		10085	9610
663.4564	3.417	M+0	False	False		8217	10072
782.5622	5.758	M+2	True	False		10061	10072
769.52	3.986	M+0	False	False		10064	9268
382.2353	1.484	M+1	True	False		10057	7815
881.754	12.731	M+2	True	False		5364	10053
608.3896	1.255	M+0	False	False	184.0726;1.0	10050	9630
956.8243	15.922	M+0	False	False		9026	10046
741.4634	2.866	M+3	True	False		10042	8375
387.76	1.493	M+0	False	False		12680	10040
1455.4021	13.57	M+2	True	False		8160	10037
888.5575	1.767	M+0	False	False		10037	9398
1189.4238	8.356	M+0	False	False		4635	10030
716.5508	12.545	M+1	True	False		10019	9718
1356.1473	13.665	M+1	True	False		8677	10016
421.2721	1.484	M+0	False	False		10013	9781
354.3859	1.776	M+0	False	False		9888	10010
1388.8851	15.431	M+0	False	False		9974	8417
701.5465	4.511	M+1	True	False		7549	9966
693.5029	13.459	M+0	False	False		9943	9860
1176.3402	8.403	M+2	True	False		5048	9942
663.4555	7.687	M+0	False	False		9934	9078
463.3064	1.813	M+0	False	False		9923	9720
918.7047	13.659	M+1	True	False		9916	9534
708.4958	12.258	M+1	True	False		9913	8791
1426.3955	15.503	M+0	False	False		8771	9913
872.5624	1.776	M+0	False	False		8099	9909
681.4854	6.05	M+0	False	False		9894	7977
762.2193	8.845	M+0	False	False		9881	8293
685.6354	12.545	M+0	False	False		9881	9009
896.8281	13.659	M+0	False	False		9864	5766
1340.1953	14.604	M+3	True	False		9857	9811
537.5355	13.267	M+0	False	False		9855	5102
964.8714	14.604	M+0	False	False		9849	7602
1264.4407	9.645	M+2	True	False		3874	9844
899.4708	1.767	M+1	True	False		9836	9317
428.8172	2.611	M+0	False	False		8087	9836
820.7411	13.947	M+0	False	False		9828	9684
877.476	2.179	M+2	True	False		9817	0
875.2659	10.744	M+2	True	False		8223	9807
818.6556	10.594	M+2	True	False		9802	8729
864.5653	3.075	M+0	False	False		5678	9802
1058.2769	10.023	M+0	False	False		3675	9775
1153.3236	8.356	M+2	True	False		4624	9774
1284.348	13.239	M+2	True	False		5641	9766
1367.8774	13.286	M+0	False	False		8090	9758
1295.5574	11.298	M+0	False	False		2470	9749
1328.3687	13.239	M+0	False	False		10004	9743
475.2693	1.532	M+0	False	False		9741	6850
956.7696	12.932	M+0	False	False		5149	9733
489.7931	1.635	M+0	False	False		8873	9722
610.6258	7.521	M+0	False	False		8872	9720
476.276	1.54	M+1	True	False		7976	9707
648.6126	12.59	M+0	False	False		12735	9703
591.4973	9.878	M+0	False	False		9247	9701
685.5237	3.228	M+1	True	False		9639	9701
453.7956	1.858	M+0	False	False		9699	8541
802.6148	2.981	M+0	False	False		9211	9697
693.4525	1.673	M+1	True	False		9695	5530
758.4547	1.579	M+0	False	False		9691	9041
876.7181	11.951	M+0	False	False		9665	9716
757.5552	7.034	M+1	True	False		9654	11489
867.5462	7.241	M+0	False	False		7139	9653
1370.1641	13.759	M+0	False	False		7595	9647
304.2356	14.131	M+0	False	False		9637	7587
906.4661	1.626	M+0	False	False		9637	9033
990.3481	13.038	M+0	False	False		5435	9636
836.7722	14.317	M+0	False	False		8563	9629
1353.3728	15.339	M+1	True	False		8933	9627
1219.261	11.764	M+3	True	False		4962	9625
638.657	9.237	M+0	False	False		8063	9623
919.5435	1.579	M+2	True	False		9621	8442
881.4918	1.72	M+3	True	False		9615	8108
580.4472	1.858	M+2	True	False		9613	8020
428.3156	2.772	M+0	False	False		9612	8595
1484.4504	12.789	M+0	False	False		2281	9609
914.5643	1.776	M+0	False	False		8429	9605
1299.435	11.298	M+3	True	False		3258	9592
1255.349	13.085	M+1	True	False		8080	9585
723.5136	4.946	M+2	True	False		9585	7883
1325.3759	11.298	M+2	True	False		4238	9581
804.5643	2.981	M+3	True	False		9503	9577
680.4796	10.057	M+0	False	False		9575	7219
737.564	14.368	M+0	False	False		9559	8327
1381.1588	14.222	M+2	True	False		9427	9556
723.5152	4.779	M+2	True	False		9549	7813
1013.8433	15.175	M+0	False	False		8353	9536
703.6728	14.226	M+1	True	False		9526	3768
1178.8267	13.459	M+0	False	False		9524	12596
422.3307	4.877	M+0	False	False		7466	9505
849.5754	1.72	M+0	False	False		9504	8493
728.5225	4.18	M+0	False	False		9495	9052
774.6204	3.821	M+0	False	False		9491	6351
1287.9093	13.333	M+0	False	False		9321	9488
1425.8943	15.503	M+0	False	False		8637	9485
680.4813	15.081	M+0	False	False		9472	8367
369.3848	2.281	M+0	False	False		8207	9471
406.265	1.532	M+0	False	False		9470	5375
682.4298	1.579	M+0	False	False		9468	8035
670.4444	1.776	M+0	False	False		7791	9462
1390.2219	14.368	M+0	False	False		9462	7658
619.5283	13.175	M+0	False	False		9455	8325
441.4256	2.96	M+0	False	False		9452	8606
1410.0022	13.665	M+1	True	False		7550	9440
895.5774	8.8	M+0	False	False	810.6036;1.0	9433	8473
844.581	1.858	M+0	False	False		9430	8759
367.3369	15.798	M+0	False	False		9026	9429
758.4997	2.187	M+0	False	False		12350	9427
843.5693	1.905	M+1	True	False		9425	8474
898.785	15.964	M+0	False	False		8567	9425
439.2595	1.532	M+0	False	False		9423	9089
799.494	1.999	M+1	True	False		9423	7461
219.1746	2.981	M+0	False	True		8934	9422
682.4996	11.809	M+1	True	False		9130	9420
785.5171	2.187	M+0	False	False		9267	9417
846.7579	13.948	M+0	False	False		8552	9417
1218.3906	13.333	M+0	False	False		10417	9406
1365.3302	14.128	M+0	False	False		9828	9406
1218.1195	12.045	M+0	False	False		0	9404
1135.3134	12.885	M+2	True	False		8473	9398
828.6059	2.913	M+0	False	False	184.0725;0.1894|754.5382;0.1786|770.5346;0.4531|771.53;0.1789	9396	8041
976.8904	15.857	M+1	True	False		9396	9009
1462.9017	15.61	M+0	False	False		9395	9606
210.0897	2.793	M+0	False	False		8265	9383
409.2835	1.484	M+1	True	False		9379	6570
1365.2091	14.317	M+0	False	False		8797	9377
1150.3905	8.356	M+3	True	False		4091	9375
850.4982	2.366	M+0	False	False		9374	8993
836.5447	1.813	M+0	False	False		9350	8145
832.612	6.077	M+0	False	False		8417	9338
590.4434	1.961	M+0	False	False		8727	9335
875.5311	1.776	M+0	False	False		9241	9332
665.5378	12.542	M+2	True	False		8411	9328
685.4375	12.199	M+0	False	False		9328	8002
898.5642	1.776	M+0	False	False		8006	9316
1338.2076	15.127	M+0	False	False		8318	9315
611.5816	6.408	M+1	True	False		9307	7531
269.1968	4.227	M+0	False	False		9301	9137
500.2254	1.867	M+0	False	False		9914	9297
575.4953	4.511	M+2	True	False		8767	9287
732.4786	1.913	M+0	False	False		8832	9279
650.4418	2.234	M+0	False	False		7865	9271
782.5323	12.046	M+1	True	False		9268	8732
1318.229	15.08	M+1	True	False		7874	9264
888.4941	2.187	M+0	False	False		9337	9260
803.2444	3.24	M+0	False	False		3023	9256
1253.3501	13.085	M+0	False	False		6007	9249
808.7427	13.948	M+0	False	False		7719	9240
728.6347	14.176	M+0	False	False		8042	9226
701.6283	13.712	M+0	False	False		0	9220
708.445	1.579	M+0	False	False		9219	9091
926.8035	13.901	M+0	False	False		8477	9217
685.4895	6.693	M+0	False	False		8554	9215
518.3406	1.255	M+0	False	False	184.0738;1.0	9209	0
681.4846	7.265	M+0	False	False		9208	7988
823.5494	1.913	M+0	False	False		8955	9180
935.8704	14.986	M+0	False	False		9168	7193
1402.3862	13.381	M+0	False	False		7786	9163
1388.3831	15.431	M+0	False	False		9159	6960
611.6116	9.283	M+2	True	False		9070	9147
597.644	7.498	M+2	True	False		9137	6311
663.4542	3.877	M+0	False	False	184.075;1.0	8637	9119
784.5712	1.905	M+0	False	False		9118	2953
973.9851	15.176	M+1	True	False		9109	2349
772.2761	11.365	M+0	False	False		9107	8437
740.4287	1.776	M+0	False	False		7606	9106
696.6508	9.691	M+0	False	False		9096	5589
716.5539	2.008	M+0	False	False		8056	9094
890.4927	1.587	M+0	False	False		9135	9094
749.6136	12.092	M+2	True	False		7986	9081
844.6563	7.241	M+0	False	False		7725	9078
1285.3629	13.712	M+0	False	False		4515	9072
625.6774	9.254	M+2	True	False		9069	5069
1222.5309	9.645	M+0	False	False		3180	9069
1071.3488	12.961	M+2	True	False		9067	8257
548.5047	15.222	M+0	False	False		7484	9061
794.7241	13.851	M+0	False	False		9058	8452
1376.2009	14.176	M+2	True	False		8488	9055
922.7708	13.333	M+1	True	False		8684	9054
901.8662	14.27	M+0	False	False		5440	9049
537.5367	11.719	M+0	False	False		8269	9046
465.2733	1.673	M+0	False	False		9039	7416
892.442	2.319	M+0	False	False		9039	8174
776.4742	1.54	M+0	False	False		7026	9029
860.5185	1.579	M+0	False	False		9027	8421
566.5707	12.592	M+1	True	False		9025	8676
924.4755	1.54	M+0	False	False		8225	9023
894.4418	2.328	M+2	True	False		8510	9018
850.5454	1.635	M+0	False	False		9260	9015
186.0672	13.522	M+0	False	False		68898	9014
737.4937	1.961	M+0	False	False		8751	9001
866.5401	1.635	M+0	False	False		8609	9000
1233.3473	13.068	M+2	True	False		8997	7520
832.5074	1.681	M+0	False	False		10451	8994
821.2537	3.24	M+0	False	False		2567	8990
1057.2781	10.035	M+0	False	False		3785	8983
589.5302	12.794	M+0	False	False		8976	6386
905.8273	14.554	M+3	True	False		7316	8975
719.4806	2.187	M+0	False	False		5432	8952
637.4651	3.101	M+1	True	False		8951	8203
917.4716	1.681	M+3	True	False		8107	8950
903.4323	2.772	M+1	True	False		8948	6504
875.5427	1.72	M+0	False	False		8928	9215
1217.3887	13.381	M+0	False	False		7774	8928
1122.0276	16.129	M+0	False	False		0	8917
434.7992	1.72	M+0	False	False		8915	6680
684.5206	2.375	M+0	False	False		7725	8909
692.5691	12.901	M+1	True	False		8908	8625
744.6511	14.365	M+1	True	False		7011	8908
1490.4307	12.151	M+1	True	False		3630	8905
696.4896	2.772	M+0	False	False		8899	6855
1401.3866	13.428	M+0	False	False		5650	8899
618.437	1.626	M+0	False	False		8896	7739
501.725	1.867	M+0	False	False		6230	8894
858.5548	1.767	M+2	True	False		8894	8638
848.6132	3.075	M+0	False	False		8047	8890
1351.3758	15.339	M+0	False	False		8429	8890
846.5028	2.319	M+0	False	False		8888	8697
1347.9005	13.314	M+1	True	False		8887	7528
479.771	4.077	M+0	False	False		8877	8182
787.5308	2.226	M+1	True	False		8875	7864
723.5162	12.151	M+1	True	False		8690	8869
942.8326	14.273	M+1	True	False		8868	8021
448.2956	1.54	M+0	False	False		8813	8867
537.5364	12.805	M+0	False	False		8865	7170
386.3785	14.131	M+0	False	False		8860	10679
402.3592	1.681	M+0	False	False		8746	8859
900.4847	1.72	M+0	False	False		8857	0
837.5249	4.496	M+0	False	False		8853	12007
1173.326	11.631	M+0	False	False		2967	8850
770.5282	1.673	M+0	False	False		8849	8391
186.0857	16.17	M+0	False	False		8848	8558
422.8301	4.227	M+1	True	False		8846	6563
761.6766	12.093	M+0	False	False		8845	6721
935.5505	1.681	M+0	False	False		10522	8845
910.6112	10.549	M+0	False	False		8830	8524
669.4436	1.626	M+3	True	False		8827	9109
784.4099	2.934	M+0	False	False		8364	8826
788.6021	3.054	M+0	False	False		8822	5564
884.5111	1.532	M+0	False	False		8816	5454
769.7125	13.804	M+1	True	False		8807	8019
1325.0975	12.092	M+3	True	False		8063	8786
760.4796	1.635	M+0	False	False		8457	8784
1342.3883	11.298	M+1	True	False		3808	8784
1385.1736	13.806	M+0	False	False		7843	8783
889.5029	1.626	M+1	True	False		8781	8181
723.5162	5.591	M+1	True	False		8474	8781
663.4544	7.852	M+0	False	False		8055	8775
666.5078	1.767	M+0	False	False		8774	5174
486.2567	1.532	M+0	False	False		8769	7212
1251.3542	9.645	M+0	False	False		4327	8757
425.8345	1.767	M+0	False	False		8745	8538
1464.4021	15.583	M+1	True	False		8172	8744
604.4569	1.484	M+0	False	False		8743	9030
792.4622	1.767	M+0	False	False		8731	7117
1325.2712	15.269	M+0	False	False		8511	8731
1414.4343	12.636	M+2	True	False		2423	8729
1319.3627	12.363	M+0	False	False		3723	8727
694.6158	14.128	M+0	False	False		8474	8713
251.0478	11.719	M+0	False	False	152.0631;1.0	9480	8712
663.4542	8.8	M+0	False	False	607.3957;1.0	8712	6699
612.587	7.521	M+1	True	False		7822	8689
778.4846	1.54	M+2	True	False		5735	8689
821.7436	13.901	M+1	True	False		6162	8689
781.5472	5.215	M+3	True	False		8398	8687
523.1989	1.858	M+0	False	False		8684	7234
1427.3926	15.503	M+1	True	False		7828	8682
839.5033	2.234	M+1	True	False		8520	8658
381.7376	1.493	M+0	False	False		9335	8650
729.4821	1.729	M+0	False	False		7180	8639
802.555	2.319	M+2	True	False		8627	8327
1360.2539	14.273	M+0	False	False		8603	8581
481.7896	1.635	M+1	True	False		6725	8590
548.5051	14.602	M+0	False	False		8083	8580
848.5581	5.9	M+0	False	False	780.553;1.0	1221	8578
429.788	1.626	M+0	False	False		8576	8161
772.5863	6.671	M+0	False	False		8562	7735
369.3507	12.853	M+0	False	False		8559	8557
855.2507	4.027	M+1	True	False		4088	8555
808.5092	1.905	M+0	False	False		8551	7263
782.4109	2.913	M+0	False	False		8546	7449
681.4868	5.449	M+0	False	False		7311	8545
1323.3809	13.239	M+0	False	False		6484	8545
916.8189	14.222	M+1	True	False		7125	8544
925.7909	13.659	M+0	False	False		8544	7847
458.7712	1.493	M+0	False	False		7530	8543
664.5096	6.693	M+1	True	False		7904	8543
746.4593	1.72	M+0	False	False		8543	8377
943.8447	14.557	M+0	False	False		8537	7367
184.0825	2.793	M+0	False	False		6283	8534
1354.9176	12.363	M+0	False	False		8180	8529
429.3231	2.517	M+0	False	False		6746	8515
417.2944	1.905	M+0	False	False		8504	7812
1477.4043	13.57	M+1	True	False		7711	8504
499.4	1.626	M+0	False	False		8500	7800
622.6332	12.317	M+1	True	False		8492	8844
993.6496	4.321	M+0	False	False		8488	6406
317.2117	12.093	M+0	False	False		8487	7247
647.6082	12.731	M+0	False	False		8892	8485
421.3673	4.558	M+0	False	False		8407	8478
954.835	15.857	M+1	True	False		8478	7950
966.3201	8.323	M+0	False	False		2158	8474
796.5105	12.592	M+0	False	False		8472	7684
930.8341	14.507	M+1	True	False		7968	8467
777.5842	3.68	M+0	False	False		8461	6083
1145.369	13.18	M+1	True	False		8272	8461
563.5212	6.788	M+0	False	False		0	8458
798.528	2.046	M+0	False	False		8447	7619
151.0158	4.285	M+0	False	False		7197	8443
769.4822	4.496	M+1	True	False		8443	7909
792.4179	2.234	M+2	True	False		6664	8440
662.4407	1.776	M+0	False	False		7763	8435
844.5245	1.821	M+0	False	False		8415	8435
664.4708	1.821	M+0	False	False		7249	8432
917.8312	14.507	M+0	False	False		7896	8431
576.4968	7.545	M+1	True	False		8428	8209
839.7919	14.604	M+1	True	False		8428	8218
1040.3413	9.74	M+0	False	False		2782	8421
448.2788	1.54	M+0	False	False		9506	8418
866.5043	1.54	M+0	False	False		6580	8403
422.7813	1.54	M+0	False	False		9199	8399
788.5547	1.813	M+0	False	False		8397	0
392.2496	1.484	M+0	False	False		8393	0
818.5532	2.226	M+0	False	False		8390	7785
1288.9129	13.314	M+1	True	False		8388	6845
736.5218	1.905	M+2	True	False		8374	8159
680.4792	9.901	M+0	False	False		8374	9626
1408.9952	13.708	M+0	False	False		8366	0
953.2831	4.924	M+0	False	False		3802	8360
795.7249	13.806	M+1	True	False		6424	8358
884.5457	1.999	M+0	False	False		8356	6726
897.7783	14.602	M+0	False	False		6610	8347
780.5196	2.366	M+0	False	False		8334	6692
483.2359	1.858	M+0	False	False		8329	7806
1203.5184	13.068	M+0	False	False		8322	7371
663.4552	8.0	M+0	False	False		8320	7438
718.5058	2.319	M+0	False	False		8316	9327
677.5292	13.459	M+0	False	False		8314	7816
696.5784	14.368	M+1	True	False		8293	7234
1055.3663	12.686	M+0	False	False		8293	3505
418.3023	1.905	M+1	True	False		8289	5342
432.2818	0.945	M+0	False	False		9811	8286
708.516	6.646	M+0	False	False		16687	8275
845.4749	1.952	M+3	True	False		8275	8112
663.4561	4.039	M+0	False	False		7499	8267
1216.3886	13.363	M+0	False	False		8266	6641
1386.9652	6.718	M+2	True	False		8257	9655
573.5359	4.136	M+0	False	False		8255	8203
881.5439	1.952	M+3	True	False		8254	10269
563.5521	7.709	M+0	False	False		6090	8253
591.498	9.912	M+0	False	False		8250	5606
613.4658	2.226	M+1	True	False		8248	8084
897.556	1.729	M+1	True	False		8108	8247
897.4976	1.767	M+0	False	False		8244	0
620.5321	12.746	M+1	True	False		8241	7829
484.2518	1.532	M+0	False	False		8238	7144
723.5498	14.273	M+0	False	False		8237	5360
814.4796	1.673	M+0	False	False		8233	6587
441.3307	1.484	M+0	False	False		8229	7357
712.6484	12.944	M+0	False	False		7787	8226
582.3879	1.484	M+0	False	False		8225	7780
583.5821	7.521	M+2	True	False		8127	8221
186.0862	15.738	M+0	False	False		8220	7744
895.5328	1.729	M+1	True	False		6853	8219
1241.3462	15.08	M+0	False	False		7361	8216
475.2383	1.905	M+0	False	False		8211	8395
701.6272	12.789	M+1	True	False		7632	8211
722.595	14.368	M+1	True	False		8204	5797
1338.4714	11.298	M+2	True	False		3321	8202
780.5504	2.328	M+0	False	False		5796	8200
856.5787	1.776	M+0	False	False		0	8198
432.2938	1.493	M+0	False	False		0	8194
803.6375	9.207	M+1	True	False		8193	7972
1316.8623	15.271	M+1	True	False		8188	6858
1469.3972	12.731	M+0	False	False		4679	8188
1316.3664	15.271	M+1	True	False		8185	7651
896.7734	16.129	M+0	False	False		8145	8185
476.3075	0.945	M+0	False	False		1961	8179
502.223	1.821	M+1	True	False		8161	8175
800.4048	2.913	M+0	False	False		8171	7185
490.7933	1.532	M+0	False	False		8166	5727
824.4873	2.981	M+2	True	False		8111	8161
1181.3258	12.885	M+2	True	False		7974	8161
902.4318	3.054	M+0	False	False		8158	6837
737.5932	13.008	M+1	True	False		8143	8113
752.549	4.364	M+0	False	False		8143	5003
386.7526	1.484	M+0	False	False		8135	8070
605.514	11.175	M+0	False	False		8133	6399
752.4426	2.272	M+0	False	False		8131	7732
428.2964	1.626	M+0	False	False		8129	10522
828.4921	3.054	M+0	False	False		8116	2852
421.868	4.273	M+0	False	False		8115	6862
1072.3472	13.008	M+0	False	False		8106	5740
1329.2205	14.699	M+0	False	False		8104	7118
435.8074	1.729	M+1	True	False		7605	8101
707.6468	14.604	M+0	False	False		8101	6327
712.6635	12.901	M+0	False	False		8101	6301
702.4304	1.579	M+0	False	False		8099	7232
843.5172	2.187	M+1	True	False		5944	8097
901.5484	1.72	M+0	False	False		8095	5932
888.455	1.729	M+0	False	False		7577	8086
367.3371	15.631	M+0	False	True		6443	8075
690.497	4.496	M+2	True	False		8074	0
889.4337	2.819	M+3	True	False		8065	7257
899.575	1.484	M+0	False	False		8063	8610
462.8008	1.635	M+0	False	False		6272	8062
699.4722	2.234	M+0	False	False		3643	8056
770.492	1.867	M+0	False	False		6643	8053
773.2766	11.392	M+1	True	False		7889	8052
900.6259	4.638	M+0	False	False		8041	5539
469.7782	1.579	M+1	True	False		8040	6083
954.5253	1.587	M+1	True	False		7511	8040
654.5909	5.355	M+0	False	False		14555	8037
731.4922	1.681	M+1	True	False		6401	8032
703.5852	12.093	M+1	True	False		8031	6761
705.6293	14.226	M+3	True	False		8028	6961
633.3734	2.234	M+1	True	False		7498	8027
186.0861	15.845	M+0	False	False		8493	8023
875.7126	13.659	M+0	False	False		8022	7704
904.7443	14.176	M+1	True	False		6224	8021
957.8283	15.927	M+1	True	False		8018	7432
905.4349	2.793	M+3	True	False		8456	8008
832.6176	3.075	M+0	False	False		5910	8002
672.4228	1.776	M+0	False	False		9802	8000
741.4478	3.584	M+1	True	False		7999	9657
898.829	14.131	M+0	False	False		7990	0
723.5152	3.917	M+0	False	False		8986	7990
800.5484	7.196	M+2	True	False		6312	7982
852.5828	1.767	M+3	True	False		7981	7785
755.5438	4.605	M+1	True	False		6061	7978
663.4542	11.215	M+0	False	False		7968	7850
903.8805	14.554	M+0	False	False		7134	7957
860.474	2.226	M+0	False	False		7955	7833
1142.322	13.381	M+3	True	False		3008	7952
682.5409	4.029	M+0	False	False		7943	7612
958.3731	3.007	M+0	False	False		7943	7145
879.5874	1.813	M+0	False	False		7942	7704
689.595	13.708	M+3	True	False		7934	7583
606.4379	1.776	M+0	False	False		7588	7929
907.8528	15.129	M+1	True	False		7928	7397
622.5376	11.904	M+1	True	True		7924	4926
763.4972	1.776	M+1	True	False		6719	7920
522.5975	7.403	M+0	False	False		7915	7769
1292.4062	13.506	M+0	False	False		7905	7737
654.6632	11.52	M+3	True	False		7900	7724
1290.1957	14.554	M+0	False	False		6667	7896
685.4368	5.603	M+0	False	False		7895	7549
932.8659	15.175	M+0	False	False		5837	7894
685.438	3.356	M+0	False	False		7892	5524
186.0674	16.56	M+0	False	False		60755	7880
1372.177	14.128	M+0	False	False		6919	7880
1026.8635	13.085	M+0	False	False		4293	7875
661.5756	12.686	M+0	False	False		7872	6941
1278.856	15.175	M+0	False	False		7823	7852
1371.1772	14.128	M+0	False	False		6057	7837
436.3123	1.729	M+1	True	False		6795	7830
760.514	2.319	M+0	False	False		7827	4969
683.5078	2.008	M+1	True	False		8481	7824
748.579	6.386	M+2	True	False		7288	7822
858.5696	1.776	M+0	False	False		6262	7812
818.4746	2.187	M+0	False	False		5828	7805
679.648	4.638	M+0	False	False		7800	14054
1117.3597	11.49	M+1	True	False		2500	7799
663.4538	12.805	M+0	False	False		7798	7748
483.3687	1.905	M+0	False	False		7797	7329
888.6533	4.496	M+1	True	False		7795	7613
754.4452	1.999	M+0	False	False		7794	8619
878.48	2.226	M+3	True	False		7788	5647
1297.552	11.298	M+1	True	False		3221	7786
1292.9612	12.305	M+0	False	False		7784	7336
1327.3674	13.286	M+0	False	False		6492	7781
737.5782	6.988	M+3	True	False		7771	10868
858.4979	2.234	M+0	False	False		6690	7765
619.4551	1.626	M+0	False	False		7763	6776
1177.3385	8.356	M+3	True	False		3431	7758
520.3392	1.484	M+0	False	False		7757	6214
464.3802	2.414	M+2	True	False		7750	8180
731.6111	12.187	M+0	False	False		7746	5918
649.565	12.961	M+1	True	False		7740	7370
827.5241	1.635	M+0	False	False		6736	7740
738.5061	6.671	M+1	True	False		7739	5287
1014.8487	15.129	M+1	True	False		7735	6888
596.5976	12.364	M+0	False	False		7729	7436
712.4804	1.776	M+0	False	False		6037	7728
548.5044	14.317	M+0	False	False	419.3524;1.0	7046	7726
679.684	12.316	M+0	False	False		10212	7720
900.8032	15.934	M+0	False	False		6729	7720
802.633	9.515	M+0	False	False		7717	6259
600.4262	1.767	M+0	False	False		7715	7947
837.7729	14.317	M+1	True	False		7403	7715
879.8149	14.507	M+3	True	False		6881	7709
792.5303	5.005	M+0	False	False		7707	7428
1478.4031	13.57	M+2	True	False		6899	7702
800.4652	1.681	M+2	True	False		7451	7698
703.489	3.261	M+1	True	False		7697	7305
697.5564	11.903	M+0	False	False		0	7685
982.2612	8.575	M+0	False	False	371.1018;0.5058|431.0886;0.4942	3888	7675
901.6302	4.285	M+1	True	False		7337	7675
984.2557	8.539	M+2	True	False		4366	7674
745.4859	1.905	M+1	True	False		7667	6750
790.5603	2.564	M+0	False	False		7417	7667
718.5391	7.38	M+0	False	False		5644	7652
868.5829	1.72	M+2	True	False		7652	7282
269.1952	1.626	M+0	False	False		7651	6174
471.806	1.626	M+0	False	False		7638	8536
876.8651	14.604	M+0	False	False		7638	10728
1056.2775	10.023	M+0	False	False		3889	7638
623.4446	2.272	M+0	False	False		7637	6683
797.0111	12.592	M+0	False	False		7637	5880
628.3208	1.493	M+0	False	False		8306	7636
1093.9962	15.583	M+0	False	False		0	7633
872.4639	1.913	M+0	False	False		7555	7607
921.3125	12.545	M+0	False	False		7606	6027
804.2441	3.24	M+1	True	False		2370	7602
1324.27	15.386	M+0	False	False		3544	7598
383.3667	15.033	M+0	False	True		7596	5772
697.6561	15.269	M+2	True	False		5787	7593
768.5104	1.681	M+0	False	False		5810	7588
1289.1901	14.557	M+0	False	False		7588	7089
1385.1887	14.176	M+0	False	False		7368	7587
1231.7418	4.089	M+0	False	False		7585	6463
369.337	12.885	M+0	False	True		7009	7578
794.5251	5.03	M+2	True	False		5482	7577
694.7203	11.537	M+0	False	False		6320	7567
768.7367	7.91	M+2	True	False		7556	7202
664.5361	13.038	M+1	True	False		6634	7540
1277.3558	15.176	M+0	False	False		7539	5871
775.4676	1.913	M+2	True	False		7691	7531
830.5946	10.559	M+2	True	False		7331	7530
868.4757	1.626	M+0	False	False		7528	7129
796.5467	3.774	M+0	False	False		7525	6423
1190.427	8.356	M+1	True	False		3581	7520
1279.5358	13.267	M+0	False	False		7520	8354
916.3253	12.778	M+0	False	False		4202	7512
594.7321	11.537	M+0	False	False		5308	7507
862.7874	14.365	M+0	False	False		5562	7503
872.7725	15.081	M+0	False	False		7503	7902
754.4393	2.328	M+0	False	False		7277	7490
1446.6067	12.151	M+2	True	False		0	7489
482.2492	1.626	M+0	False	False		7474	5555
531.4084	12.545	M+0	False	False		7474	6749
844.5436	2.772	M+0	False	False		7471	0
709.5216	13.708	M+2	True	False		7469	6768
906.4306	2.772	M+0	False	False		7465	6388
723.5126	9.033	M+1	True	False		7461	6962
469.2589	1.635	M+0	False	False		8800	7457
1330.3701	13.239	M+1	True	False		6455	7457
456.2921	1.484	M+0	False	False		7455	6804
892.6045	1.858	M+0	False	False		7449	6083
671.6256	14.179	M+0	False	False		7447	3247
1369.1613	13.759	M+0	False	False		6398	7445
683.4913	6.671	M+3	True	False		7443	7321
795.5111	12.59	M+0	False	False		5792	7443
1325.3857	15.081	M+0	False	False		7441	7491
800.2518	8.83	M+0	False	False		5503	7438
880.8237	14.807	M+1	True	False		7438	6658
596.6086	11.52	M+3	True	False		7437	7341
377.7728	2.793	M+0	False	False		6459	7430
460.3038	1.579	M+0	False	False		7428	7526
618.4734	2.461	M+0	False	False		7427	6609
850.3061	4.039	M+0	False	False		1863	7414
908.5948	8.767	M+0	False	False	568.3313;0.6417|811.5965;0.3583	7413	6476
950.8806	15.857	M+2	True	False		7412	7373
1222.422	9.74	M+0	False	False		7932	7412
574.493	5.308	M+0	False	False		0	7408
926.4763	1.532	M+2	True	False		7405	6258
771.457	2.226	M+1	True	False		7404	7136
863.5146	5.355	M+0	False	False		6575	7402
1475.4028	13.57	M+3	True	False		5841	7402
847.4882	2.772	M+1	True	False		7397	6434
848.5299	1.681	M+0	False	False		7057	7396
992.6431	4.605	M+0	False	False		6824	7391
367.3368	14.131	M+0	False	False		7379	9031
843.4921	3.17	M+1	True	False		8291	7379
1404.3826	13.411	M+2	True	False		7377	7887
1341.1349	13.286	M+0	False	False		6047	7374
805.6519	11.49	M+1	True	False		6116	7373
1425.1619	16.136	M+2	True	False		7372	7247
460.3213	1.626	M+0	False	False		7368	6195
710.5588	12.246	M+1	True	False		7110	7359
1065.369	13.239	M+1	True	False		5693	7349
896.4586	2.272	M+0	False	False		7339	6037
939.8121	14.179	M+0	False	False		7339	4966
691.6717	14.368	M+1	True	False		7338	4750
423.2846	1.532	M+0	False	False		7325	6636
697.5556	12.636	M+0	False	False		1482	7317
1223.531	9.645	M+1	True	False		0	7314
1456.1476	15.444	M+0	False	False		6152	7306
706.5836	12.794	M+1	True	False		7296	6906
637.4693	1.635	M+0	False	False		7287	7295
817.5438	2.328	M+0	False	False		7748	7295
704.486	2.564	M+0	False	False		8513	7288
748.466	1.813	M+0	False	False		7286	7165
472.3035	1.673	M+1	True	False		7282	5580
953.8516	15.798	M+0	False	False		7010	7279
1432.3733	12.731	M+1	True	False		4194	7274
1251.8369	4.086	M+0	False	False		5644	7272
829.7265	14.459	M+0	False	False		6475	7265
909.4841	1.626	M+1	True	False		7264	6969
649.5666	13.175	M+0	False	False		7264	5820
1249.3592	13.085	M+0	False	False		4884	7258
1366.2151	14.368	M+0	False	False		7254	6962
659.423	2.319	M+3	True	False		7250	0
898.8469	14.128	M+0	False	False		6741	7245
721.5762	13.804	M+0	False	False		7237	6073
897.7313	14.51	M+0	False	False		7235	5736
664.4586	5.282	M+0	False	False		7230	0
1132.3809	12.901	M+2	True	False		7227	9558
808.5713	4.972	M+0	False	False		5338	7226
1349.2661	15.271	M+1	True	False		7225	8302
1464.8981	15.58	M+1	True	False		7217	6430
685.4369	10.101	M+0	False	False		7213	4931
745.4856	2.319	M+0	False	False		7211	7148
1488.4496	12.778	M+2	True	False		2191	7209
751.6746	15.994	M+0	False	False		7207	7271
789.6099	2.793	M+0	False	False		13864	7197
1218.1384	12.045	M+0	False	False		6960	7194
734.4784	2.366	M+2	True	False		7194	7161
717.6929	14.368	M+1	True	False		7183	6097
743.6114	12.364	M+0	False	False		7180	5918
1244.1008	12.187	M+0	False	False		7175	6733
772.5127	1.913	M+0	False	False		7024	7173
1471.4131	13.566	M+0	False	False		7172	9795
922.3102	12.545	M+1	True	False		7170	6110
697.5568	11.719	M+0	False	False		1079	7158
1302.3646	11.298	M+2	True	False		2673	7149
667.5459	12.093	M+0	False	False		7142	4334
853.7283	14.226	M+0	False	False		7142	7069
1254.348	13.068	M+0	False	False		7132	9249
567.6244	9.237	M+2	True	False		4748	7126
810.5538	3.054	M+0	False	False		7121	4545
454.7951	1.767	M+3	True	False		7120	5187
938.3953	2.319	M+0	False	False		7120	6484
805.5384	2.272	M+0	False	False		7117	6866
902.8768	14.652	M+0	False	False		7107	3931
270.1668	4.746	M+0	False	False		6382	7107
975.8334	15.431	M+0	False	False		7107	7651
752.4854	2.226	M+0	False	False		7104	7582
1028.8606	13.085	M+2	True	False		4110	7101
939.8054	13.665	M+2	True	False		6603	7092
860.523	1.821	M+0	False	False		7472	7092
715.4627	2.328	M+1	True	False		7850	7085
537.5354	13.008	M+0	False	False		7084	6766
588.5996	9.237	M+1	True	False		6782	7082
688.5187	11.951	M+1	True	False		7081	6828
955.7932	15.176	M+0	False	True		7074	6498
640.5878	6.462	M+0	False	False		5957	7069
904.494	1.579	M+0	False	False		7058	5515
1363.1075	13.708	M+3	True	False		7056	6536
577.3115	1.484	M+1	True	False		7046	6177
937.8355	16.482	M+0	False	False		7044	6948
902.8152	15.379	M+0	False	False		7042	7421
1290.409	13.522	M+0	False	False		5991	7041
965.8745	14.604	M+1	True	False		7039	6278
1322.438	15.129	M+2	True	False		7030	6913
899.7844	16.129	M+3	True	False		2964	7028
861.4797	1.813	M+1	True	False		7024	5919
952.8373	12.944	M+0	False	False		3572	7023
995.7554	15.175	M+2	True	False		6315	7022
730.5232	1.999	M+0	False	False		7018	5150
639.4534	2.226	M+1	True	False		7010	7047
708.4726	1.681	M+2	True	False		5438	7006
478.7716	4.077	M+0	False	False		7005	5002
422.2896	1.673	M+1	True	False		7001	7144
1349.2805	15.269	M+1	True	False		6064	6996
652.4144	0.945	M+0	False	False		5935	6985
722.568	4.364	M+0	False	False		6983	2566
784.4727	1.673	M+0	False	False		6979	4749
210.0981	4.227	M+0	False	False		6978	46886
327.3375	9.283	M+0	False	False		6406	6967
255.2112	13.708	M+0	False	False		6964	5754
283.1741	0.935	M+0	False	False		6963	7810
1470.4015	12.731	M+1	True	False		3392	6955
587.4694	2.564	M+0	False	False		6718	6955
874.7869	15.269	M+0	False	False		5784	6953
371.1022	13.085	M+0	False	False		2877	6949
564.5822	9.854	M+0	False	False		6946	7011
707.493	12.746	M+0	False	False		6943	5643
746.6293	12.199	M+1	True	False		6941	6749
581.621	7.498	M+0	False	False		6938	4862
499.2378	1.579	M+0	False	False		6936	6323
708.5776	14.226	M+1	True	False		6935	6676
846.5153	1.729	M+0	False	False		4668	6929
722.508	12.932	M+0	False	False		7471	6929
852.5625	1.776	M+0	False	False		5725	6924
879.54	1.767	M+0	False	False		6924	6950
1429.1134	16.211	M+0	False	False		6921	5535
775.6064	7.882	M+1	True	False		6397	6918
774.5396	2.226	M+0	False	False		6900	5075
749.5022	1.587	M+0	False	False		5548	6897
869.5193	1.532	M+1	True	False		6896	6934
762.5523	1.905	M+0	False	False		6872	6117
186.0857	15.398	M+0	False	False		6945	6870
888.5154	1.673	M+0	False	False		6869	7253
909.8707	14.648	M+1	True	False		7542	6864
900.7959	16.136	M+0	False	False		6857	5680
749.4878	1.635	M+0	False	False		6835	6854
906.5261	2.366	M+0	False	False		6849	5361
1130.4937	12.853	M+0	False	False		6849	6844
452.3057	1.626	M+0	False	False		6848	5364
1368.8803	13.286	M+0	False	False		6260	6847
918.4694	1.729	M+2	True	False		5717	6844
1179.327	12.885	M+0	False	False		6785	6842
741.6288	13.806	M+0	False	False		8765	6841
874.7886	15.398	M+0	False	False		6292	6839
665.4599	1.821	M+1	True	False		5982	6837
1144.0825	16.049	M+0	False	False		0	6836
872.7699	15.677	M+0	False	False		6642	6833
774.2747	11.365	M+2	True	False		6830	5873
685.4377	3.941	M+0	False	False		6827	6662
686.5601	12.093	M+1	True	False		6816	6217
790.6344	9.993	M+0	False	False		7331	6816
656.62	11.951	M+0	False	False		3370	6809
894.549	1.867	M+0	False	False		5796	6807
1291.4086	13.506	M+1	True	False		6800	6908
882.2509	12.731	M+0	False	False		2796	6798
725.6053	12.14	M+0	False	False		6797	2842
1317.3632	15.271	M+2	True	False		6795	5217
703.616	13.899	M+3	True	False		6791	8538
956.5237	1.635	M+0	False	False		5361	6790
882.493	1.681	M+0	False	False		4914	6789
776.5086	1.729	M+0	False	False		6491	6782
770.466	1.767	M+0	False	False		6779	7499
670.5308	2.913	M+2	True	False		6777	5676
956.3978	2.226	M+0	False	False		6774	5809
917.394	5.544	M+0	False	False		5247	6772
853.5606	1.579	M+0	False	False		6769	6868
638.605	8.12	M+0	False	False		6762	2116
1042.3392	9.74	M+2	True	False		2050	6757
470.293	1.626	M+2	True	False		6755	5873
537.5376	15.08	M+0	False	False		4940	6754
747.4998	1.813	M+1	True	False		6751	6428
723.5122	9.119	M+2	True	False		6749	6962
551.5518	8.393	M+0	False	False		6747	6638
681.4884	2.226	M+0	False	False		6746	5930
830.5041	3.054	M+2	True	False		6741	5346
815.5188	1.493	M+0	False	False		4447	6737
699.5995	12.542	M+0	False	False		0	6737
649.5179	12.199	M+0	False	False		6734	6361
151.0162	1.635	M+0	False	False		7284	6730
483.37	2.319	M+0	False	False		6725	4658
632.5573	11.52	M+1	True	False		6723	7679
1366.4258	13.665	M+0	False	False		5712	6714
848.5659	2.281	M+0	False	False		6483	6711
595.5888	5.757	M+0	False	False		6709	5585
633.6053	9.254	M+0	False	False		6699	6455
723.5105	2.422	M+2	True	False		6215	6699
856.7467	14.51	M+0	False	False		6698	5811
903.8195	15.127	M+0	False	False		4936	6695
824.5782	2.234	M+0	False	False		5333	6689
723.5196	8.506	M+2	True	False		3535	6687
998.3302	12.735	M+3	True	False		6683	4724
1293.4055	13.517	M+1	True	False		6680	7149
664.6258	8.146	M+0	False	False		5219	6676
524.1966	1.913	M+0	False	False		6214	6674
801.5462	2.375	M+1	True	False		5764	6670
685.4363	4.957	M+0	False	False		6669	6567
482.2361	1.767	M+0	False	False		6667	6436
1382.1129	14.176	M+2	True	False		6907	6662
912.5449	1.72	M+0	False	False		6659	4849
784.5487	3.727	M+0	False	False		6658	6051
911.4596	1.961	M+0	False	False		6704	6656
1237.164	14.707	M+3	True	False		0	6654
897.7722	16.136	M+1	True	False		6654	5768
757.519	13.008	M+0	False	False		6650	6110
796.5485	3.101	M+0	False	False		6645	6253
1339.4619	11.298	M+0	False	False		2684	6643
683.508	2.793	M+0	False	False		8260	6641
1462.4048	15.58	M+0	False	False		6638	6489
1358.3663	13.411	M+2	True	False		6628	9666
809.7403	13.947	M+1	True	False		6625	5130
736.5404	6.671	M+0	False	False		6621	5667
537.168	4.837	M+1	True	False		3264	6617
930.4118	2.366	M+0	False	False		6614	6205
500.7371	1.579	M+1	True	False		6605	4436
742.5397	4.699	M+0	False	False		6347	6605
479.3066	1.579	M+1	True	False		6601	5713
824.5608	2.272	M+0	False	False		6597	3575
783.534	12.592	M+0	False	False		6591	6440
667.6483	11.52	M+0	False	False		6581	5569
685.4388	4.793	M+0	False	False		7651	6580
1068.3025	13.239	M+3	True	False		4331	6579
910.5002	1.681	M+0	False	False		5604	6577
1279.3594	15.175	M+1	True	False		5531	6574
637.5063	11.904	M+2	True	False		6573	8499
890.4921	2.234	M+2	True	False		6343	6568
936.4273	1.905	M+0	False	False		6566	5813
921.7318	14.32	M+0	False	False		6566	6216
826.7795	14.459	M+2	True	False		6057	6559
978.838	15.175	M+0	False	False		5725	6555
1344.9506	13.267	M+0	False	False		6552	5780
549.5078	11.809	M+1	True	False		4369	6544
398.3871	14.368	M+1	True	True		6543	5920
707.4923	11.673	M+0	False	False		6539	5042
463.8068	1.776	M+0	False	False		6440	6531
975.8874	15.631	M+0	False	False		6941	6531
210.0896	5.329	M+0	False	False		6528	4885
954.8368	12.932	M+2	True	False		3792	6526
1427.8976	15.503	M+1	True	False		4760	6524
687.5483	14.604	M+0	False	False		6522	5202
864.8033	14.602	M+0	False	False		5532	6519
560.5687	7.545	M+1	True	False		6518	4794
799.5341	2.366	M+1	True	False		6518	5373
730.5028	2.793	M+0	False	False		6320	6514
223.0633	15.798	M+0	False	False		3996	6513
398.268	1.579	M+0	False	False		6512	7527
849.2941	12.151	M+3	True	False		5774	6498
685.4366	7.687	M+0	False	False		6496	6430
763.5974	13.008	M+0	False	False		6494	6279
270.1666	2.319	M+1	True	False		6489	6398
754.5376	5.71	M+0	False	False		6486	6153
1476.4028	13.566	M+0	False	False		6478	7561
752.5519	4.544	M+0	False	False		6477	6323
1444.5986	12.14	M+0	False	False		6475	8597
836.2409	10.744	M+0	False	False		6521	6470
991.8167	13.02	M+0	False	False		6467	8795
798.491	4.511	M+0	False	False		6271	6467
1041.3402	9.74	M+1	True	False		2786	6457
669.5614	13.712	M+0	False	False		5807	6457
686.4431	12.246	M+1	True	False		5885	6457
723.5214	11.403	M+1	True	False		2692	6457
756.553	3.17	M+0	False	True		5930	6457
779.5616	3.644	M+1	True	False		5736	6455
1013.8555	15.175	M+0	False	False		0	6452
697.6102	6.86	M+0	False	False		6449	5746
924.6292	1.72	M+0	False	False		6447	5328
1323.3201	15.129	M+0	False	False		6444	4826
835.5516	2.328	M+1	True	False		6122	6442
1065.874	13.239	M+0	False	False		4678	6438
731.5087	2.461	M+1	True	False		6437	5102
594.6036	12.104	M+0	False	False		4913	6437
1425.588	13.566	M+0	False	False		6417	7889
820.5523	2.366	M+3	True	False		6416	5423
636.4601	4.605	M+0	False	False		4934	6415
443.2794	2.226	M+0	False	False		6414	3771
1353.2261	15.271	M+0	False	False		6413	5769
827.5232	2.461	M+2	True	False		6407	6649
1102.3798	13.333	M+0	False	False		4998	6402
538.1638	4.837	M+2	True	False		2859	6401
764.5761	6.671	M+0	False	False		6401	5285
685.436	8.44	M+0	False	False		6396	6095
681.4832	4.089	M+0	False	False		6395	7855
709.4948	1.821	M+1	True	False		5473	6395
777.5171	12.542	M+0	False	False		7602	6395
1455.1434	15.327	M+0	False	False		6123	6383
844.5353	2.819	M+0	False	False		6379	4678
269.1626	6.095	M+0	False	False	210.0892;1.0	6378	5535
1390.8807	15.398	M+1	True	False		8174	6371
928.4937	5.052	M+0	False	False		6366	4696
806.554	3.075	M+0	False	False		0	6358
664.4585	5.143	M+0	False	False		6356	6246
876.8018	15.444	M+2	True	False		5337	6353
1022.012	15.08	M+0	False	False		7763	6349
858.5059	4.191	M+0	False	False		6694	6347
773.6091	2.866	M+0	False	False		6345	5409
860.7769	14.412	M+0	False	False		4130	6344
719.4709	1.776	M+1	True	False		5895	6342
1284.3325	12.363	M+0	False	False		3967	6342
720.4424	1.532	M+0	False	False		6339	7083
1397.3977	13.411	M+0	False	False		6332	8960
902.757	13.18	M+0	False	False		5852	6324
719.6452	14.368	M+3	True	False		6316	3940
1231.1305	14.176	M+0	False	False		0	6313
766.4684	1.673	M+0	False	False		6310	5544
689.5656	15.431	M+0	False	False		6306	5706
875.7813	13.947	M+3	True	False		6305	4629
1064.8716	13.219	M+0	False	False		6303	4380
882.57	2.319	M+0	False	False		6299	5257
901.4633	1.673	M+0	False	False		6288	3551
681.4838	7.938	M+0	False	False		6719	6286
865.7989	14.507	M+0	False	False		5719	6285
1018.9366	14.554	M+3	True	False		5428	6283
1180.328	12.853	M+1	True	False		6283	7652
469.3116	1.587	M+0	False	False		6478	6280
465.2911	2.366	M+0	False	False		6267	4674
1323.3604	12.363	M+2	True	False		4218	6266
915.6818	13.381	M+0	False	False		5901	6256
698.439	1.867	M+0	False	False		6910	6255
1114.0541	16.129	M+0	False	False		0	6251
1428.109	16.1	M+0	False	False		6250	5447
698.2555	9.283	M+0	False	False		5152	6248
480.2702	4.098	M+2	True	False		4873	6248
918.4278	1.867	M+0	False	False		4895	6244
764.5013	1.635	M+2	True	False		5773	6242
1279.3491	15.224	M+1	True	False		6242	5983
426.7625	2.281	M+0	False	False		6151	6241
742.655	12.853	M+1	True	False		6241	5496
464.3049	1.813	M+1	True	False		6240	5593
652.6708	9.254	M+0	False	False		6240	4385
459.8189	1.579	M+0	False	False		6239	4358
200.0829	16.345	M+0	False	False		47763	6238
1276.1934	14.81	M+0	False	False		2204	6226
918.8321	14.507	M+1	True	False		4880	6222
666.465	6.693	M+3	True	True		5685	6221
663.454	14.604	M+0	False	False		6218	5528
791.527	1.767	M+0	False	False		6215	5078
500.7249	1.858	M+0	False	False		6213	4779
548.5046	16.016	M+0	False	False		5221	6209
694.5044	13.459	M+1	True	False		6204	5735
689.565	15.61	M+0	False	False		6204	5501
906.4852	1.673	M+0	False	False		6203	3471
1120.085	16.049	M+3	True	False		0	6201
771.4164	4.899	M+3	True	False		6199	5601
591.4964	9.97	M+0	False	False		6199	6369
830.5536	2.055	M+0	False	False		4679	6194
1342.1678	15.536	M+1	True	False		6189	4804
420.2822	1.54	M+0	False	False		7046	6186
1245.1025	12.187	M+1	True	False		6186	4778
796.0099	12.545	M+0	False	False		6185	6189
877.7281	14.176	M+0	False	False		5303	6185
648.5161	11.095	M+1	True	False		6181	2937
937.5454	1.72	M+3	True	False		6181	5671
685.4361	11.365	M+0	False	False		6175	6082
755.5437	2.84	M+1	True	True		4489	6173
1352.2239	15.271	M+0	False	False		6172	5323
918.3887	5.544	M+1	True	False		5811	6169
685.4374	9.016	M+0	False	False		5689	6156
919.7642	12.789	M+3	True	False		3637	6145
685.4365	3.821	M+0	False	False		6138	5904
723.5168	3.075	M+2	True	False		6682	6131
663.4544	2.595	M+0	False	False		6128	4681
777.615	13.02	M+0	False	False		6118	5729
436.2924	1.532	M+0	False	False		6117	0
423.2654	1.532	M+0	False	False		6115	7231
847.7565	13.854	M+0	False	False		5418	6112
596.5984	12.545	M+0	False	False		6106	6047
1425.3987	15.503	M+0	False	False		6135	6106
705.5036	3.217	M+3	True	False		6104	5740
1116.0538	15.583	M+0	False	False		0	6100
961.8311	15.175	M+0	False	False		3910	6096
800.5338	1.813	M+0	False	False		6094	0
299.306	9.237	M+0	False	False		5814	6093
700.6294	13.665	M+0	False	False		5308	6088
693.55	13.708	M+2	True	False		6087	6373
657.6068	11.999	M+2	True	False		6084	5260
1355.9202	12.304	M+0	False	False		6044	6084
711.4995	2.375	M+1	True	False		3837	6069
1056.2739	10.237	M+0	False	False	355.0733;1.0	2117	6067
1323.1678	12.093	M+0	False	False		6066	5350
531.4076	5.097	M+0	False	False	501.0758;1.0	6063	0
1331.2389	14.81	M+0	False	False		11700	6062
760.4737	1.813	M+0	False	False		6059	5691
742.5469	13.008	M+1	True	False		6053	4500
384.2795	1.626	M+0	False	False		6052	6089
709.513	6.671	M+0	False	False		6052	7650
1268.3718	9.645	M+1	True	False		3829	6049
836.5814	4.285	M+0	False	False		5646	6043
895.5571	1.729	M+0	False	False		4614	6041
695.6386	14.604	M+2	True	False		6031	6191
715.4993	1.72	M+1	True	False		6031	4885
807.5567	1.72	M+0	False	False		6028	5270
883.7661	14.507	M+2	True	False		5668	6026
774.6211	3.205	M+0	False	False		6021	5968
891.4723	1.813	M+0	False	False		6015	5728
924.3362	4.972	M+0	False	False		4040	6014
475.7714	1.579	M+0	False	False		6013	4705
877.566	1.729	M+0	False	False		5691	6011
669.6216	8.0	M+1	True	False		6009	4694
944.8492	14.602	M+1	True	False		5667	5999
956.8395	15.922	M+0	False	False		0	5999
646.5589	13.428	M+0	False	False		6052	5998
689.3734	4.039	M+0	False	False		5595	5998
622.6082	7.709	M+1	True	False		5943	5996
842.6399	3.075	M+0	False	False		3996	5996
479.2683	4.544	M+0	False	False		5996	3712
912.5832	1.767	M+0	False	False		5990	4123
451.3179	1.72	M+0	False	False		5988	5053
845.5837	1.867	M+1	True	False		4629	5988
857.8278	14.459	M+2	True	False		3538	5982
874.7872	15.964	M+0	False	False		5477	5982
930.8666	16.17	M+0	False	False		5981	5657
808.5692	3.075	M+0	False	False		5802	5981
1342.134	13.286	M+1	True	False		5639	5971
678.48	15.398	M+0	False	False	663.456;1.0	5123	5970
1275.0749	14.652	M+2	True	False		5965	4629
469.7592	1.579	M+0	False	False		5961	3775
790.6093	5.71	M+0	False	False		5961	5317
1029.3599	13.133	M+0	False	False		2711	5960
863.7893	14.32	M+1	True	False		5959	4808
749.5052	1.776	M+3	True	False		6101	5959
737.4969	2.234	M+1	True	False		5714	5952
854.5709	1.776	M+2	True	False		0	5945
1027.8611	13.115	M+1	True	False		5945	3813
906.4315	2.635	M+0	False	False		5944	7213
710.5372	14.707	M+0	False	False		5752	5940
712.5512	14.368	M+3	True	False		5938	5156
852.3084	4.027	M+2	True	False		2792	5936
1343.1816	15.28	M+0	False	False		5596	5936
1252.8456	4.077	M+1	True	False		5935	4517
908.239	7.287	M+0	False	False		2358	5933
478.8115	1.587	M+0	False	False		5909	5931
896.2767	4.027	M+1	True	False		3331	5931
913.4554	1.776	M+1	True	False		5366	5926
1391.3789	15.398	M+2	True	False		4403	5926
210.0897	3.101	M+0	False	False		5925	3784
808.582	7.218	M+0	False	False		5923	6219
738.4914	2.272	M+2	True	False		5922	6048
664.4589	5.806	M+0	False	False		4918	5920
870.5637	1.767	M+0	False	False		5918	5876
855.5164	2.226	M+3	True	False		5912	5084
454.302	2.234	M+0	False	False		5003	5910
673.5898	15.222	M+0	False	False		5100	5905
1335.18	14.707	M+0	False	False		6776	5900
650.5156	4.746	M+0	False	False		5586	5899
476.7751	1.579	M+1	True	False		5898	5672
922.0366	13.381	M+0	False	False		0	5897
691.4115	1.72	M+0	False	False		5896	5477
532.4129	11.809	M+1	True	False		5660	5896
685.656	12.545	M+0	False	False		5893	4210
670.5659	12.199	M+1	True	False		5763	5891
1321.316	15.327	M+0	False	False		6421	5889
872.7713	16.173	M+0	False	False		5740	5888
1249.3411	12.092	M+3	True	False		3032	5883
678.4742	2.328	M+0	False	False		5679	5883
704.599	12.853	M+0	False	False		5881	3971
746.5544	1.905	M+0	False	False		5880	5854
1456.145	15.58	M+0	False	False		5880	5439
1149.503	8.356	M+0	False	False		1486	5878
754.4873	1.673	M+0	False	False		5877	5374
664.46	7.241	M+1	True	False		5587	5876
823.531	2.226	M+0	False	False		5872	7712
1294.1451	14.507	M+0	False	False		4679	5867
1333.2457	14.81	M+2	True	False		5686	5867
822.5	3.075	M+0	False	False		4125	5866
649.6345	9.468	M+0	False	False		5374	5861
678.5322	13.459	M+1	True	False		5861	4613
925.7995	14.176	M+0	False	False		4569	5856
928.5768	1.776	M+0	False	False		5533	5852
717.4854	12.14	M+0	False	False		5850	4937
656.6036	12.199	M+0	False	False		5847	2716
760.5174	2.046	M+0	False	False		5845	5429
862.4915	2.272	M+0	False	False		5842	5490
901.6299	4.605	M+1	True	False		3662	5842
449.296	1.532	M+1	True	False		5840	7579
784.5863	6.521	M+0	False	False		5701	5838
870.7408	13.363	M+0	False	False		5835	4741
926.8074	14.27	M+0	False	False		5557	5827
1066.3733	13.192	M+2	True	False		4419	5815
440.7809	1.532	M+0	False	False		5809	5346
1286.1445	12.686	M+0	False	False		5806	6347
770.4552	3.632	M+0	False	False		5806	3416
663.4544	2.328	M+0	False	False		5407	5794
541.5412	6.741	M+0	False	False		0	5793
1219.3882	13.363	M+1	True	False		5793	5947
1215.7672	4.086	M+0	False	False		5563	5791
873.5639	1.729	M+1	True	False		5756	5790
684.6709	12.545	M+0	False	False		5786	4240
1201.905	12.187	M+0	False	False		5785	5693
703.578	5.676	M+0	False	False		1142	5783
789.5416	1.858	M+3	True	False		5782	5707
902.4683	1.72	M+1	True	False		5777	5527
550.4108	1.767	M+0	False	False		5775	5159
983.2613	8.575	M+1	True	False		3164	5775
680.4824	0.77	M+0	False	False		4936	5774
1307.2373	15.08	M+0	False	False		5684	5765
920.4319	1.821	M+2	True	False		6045	5761
1273.3162	12.64	M+0	False	False		5746	14745
251.0467	0.333	M+0	False	False		5741	4381
777.4778	1.54	M+1	True	False		2867	5739
685.4372	3.147	M+0	False	False		5734	5524
1330.1509	12.805	M+0	False	False		5733	4611
798.4086	2.887	M+0	False	False		5089	5729
186.0868	14.754	M+0	False	False		5258	5726
1331.3695	13.239	M+2	True	False		4808	5725
538.542	12.304	M+0	False	False		5501	5722
223.0643	16.049	M+0	False	False		5436	5721
477.3078	1.635	M+0	False	False		8090	5716
888.4684	1.729	M+0	False	False		4222	5715
299.2015	12.093	M+0	False	False		5713	5057
857.5709	1.767	M+1	True	False		5711	3707
748.5088	2.281	M+0	False	False		4254	5710
1370.1672	14.365	M+1	True	False		4865	5708
723.5133	9.959	M+0	False	False		5706	5529
960.3687	3.007	M+2	True	False		5705	4772
602.4432	1.858	M+0	False	False		5703	5273
953.3361	12.901	M+0	False	False		5703	4927
948.3787	2.84	M+0	False	False		5373	5703
663.4557	14.222	M+0	False	False		5129	5696
681.4872	11.138	M+0	False	False		5696	5538
1456.1444	15.127	M+0	False	False		4912	5694
1390.1442	14.179	M+0	False	False		5693	4451
1467.3998	12.731	M+0	False	False		2912	5693
635.6	12.885	M+0	False	True		5317	5692
902.8146	16.063	M+0	False	False		5676	5148
1346.2448	15.033	M+0	False	False		5656	4208
712.6533	14.226	M+0	False	False		5655	5134
445.8194	1.635	M+1	True	False		4930	5654
1357.1457	13.665	M+2	True	False		5014	5651
537.5367	15.327	M+0	False	False		5367	5650
900.5003	1.72	M+3	True	False		5648	5540
1095.0007	15.583	M+1	True	False		0	5644
790.6217	3.075	M+0	False	False		5619	5643
1354.3702	15.332	M+2	True	False		5643	5521
976.835	15.176	M+0	False	False		5638	4504
794.5907	4.077	M+0	False	False		5637	4392
834.4694	2.046	M+0	False	False		5634	5627
1455.1386	15.544	M+0	False	False		5354	5628
700.6423	12.805	M+0	False	False		5626	2596
439.409	2.375	M+1	True	False		4869	5625
605.5746	7.521	M+0	False	False		4947	5625
898.594	10.594	M+1	True	False		5623	4041
565.5682	16.136	M+0	False	False		5623	5179
880.5974	1.767	M+1	True	False		5622	4871
757.6466	13.759	M+0	False	False		5406	5621
774.526	1.813	M+0	False	False		5612	5414
863.4998	1.767	M+0	False	False		5612	5562
445.2814	1.673	M+2	True	False		5609	6028
650.4391	4.321	M+0	False	False		5604	4280
685.4357	9.468	M+0	False	False		5317	5599
923.7718	13.363	M+2	True	False		5593	5272
864.499	1.867	M+2	True	False		5410	5586
708.5462	5.591	M+2	True	False		5441	5585
956.8015	15.127	M+1	True	True		5694	5583
564.5832	9.97	M+0	False	False		5581	5390
826.5523	1.681	M+0	False	False		5353	5579
889.5604	1.767	M+1	True	False		5577	5058
721.568	6.462	M+0	False	False		5378	5574
709.5836	14.179	M+2	True	False		5571	4909
680.6854	12.305	M+1	True	False		5564	3981
882.4828	1.72	M+0	False	False		5562	3791
762.5488	2.414	M+0	False	False		5561	3655
630.5945	12.187	M+2	True	False		5560	4648
1337.256	14.554	M+0	False	False		4933	5559
805.6524	11.207	M+1	True	False		4611	5558
896.4437	2.319	M+0	False	False		5554	4918
830.5192	1.858	M+0	False	False		5553	4413
937.7912	13.333	M+2	True	False		5294	5551
656.5423	5.329	M+2	True	False		5549	4967
889.8023	14.27	M+0	False	False		3856	5546
765.6118	7.753	M+3	True	False		4125	5545
461.7748	1.532	M+2	True	False		5544	3832
773.4561	2.226	M+3	True	False		5544	4730
586.543	9.854	M+0	False	False		5543	3826
1336.1048	12.187	M+0	False	False		5542	5480
942.5941	2.226	M+0	False	False		5536	4255
639.6588	9.254	M+1	True	False		5535	6248
1356.9306	12.304	M+0	False	False		5250	5531
669.6134	12.187	M+0	False	False		5529	4678
866.5763	3.075	M+2	True	False		5325	5528
854.8127	14.459	M+0	False	False		2542	5527
795.5304	5.03	M+3	True	False		2310	5520
1105.3108	12.636	M+0	False	False		5231	5517
1146.3658	13.192	M+2	True	False		5364	5516
688.473	1.579	M+0	False	False		5515	5351
1059.2794	10.035	M+1	True	False		3310	5514
1350.8742	15.327	M+0	False	False		4172	5512
1337.1086	12.14	M+1	True	False		5511	6683
1240.3478	15.08	M+0	False	False		6034	5508
872.7681	15.957	M+0	False	False		5503	6631
915.5649	1.867	M+0	False	False		5419	5502
745.6335	13.363	M+0	False	False		5500	3789
1471.4008	12.731	M+2	True	False		3208	5498
756.5487	6.328	M+0	False	False		5491	6028
451.7995	1.635	M+0	False	False		5103	5490
798.5256	1.821	M+0	False	False		4598	5487
857.5253	2.281	M+0	False	False		5481	5486
649.5937	14.604	M+0	False	False		5486	3945
723.5113	10.148	M+0	False	False		5486	4720
917.6635	4.511	M+0	False	False		5049	5486
1387.8845	15.398	M+0	False	False		3497	5485
537.5378	14.602	M+0	False	False		3821	5485
1252.3541	9.645	M+1	True	False		2106	5485
671.445	1.767	M+1	True	False		5483	3301
1176.3229	12.944	M+0	False	False		2921	5482
922.0309	9.924	M+0	False	False		5479	3813
1338.269	14.554	M+0	False	False		4510	5478
892.4896	2.234	M+0	False	False		4958	5476
769.4801	1.72	M+1	True	False		5472	5406
1475.4147	12.151	M+0	False	False		2389	5470
776.4696	1.867	M+2	True	False		6496	5465
651.6518	12.104	M+0	False	False		6047	5464
201.0776	16.345	M+1	True	False		6429	5455
666.5001	3.917	M+2	True	False		4668	5454
483.7352	1.858	M+0	False	False		5453	4223
681.4845	9.691	M+0	False	False		5451	5326
791.4874	1.767	M+0	False	False		5450	5206
812.3649	5.591	M+0	False	False		4842	5446
1355.0416	14.604	M+1	True	False		5445	4091
640.617	7.938	M+2	True	False		4345	5444
1242.8907	12.104	M+0	False	False		4820	5444
1265.9882	13.363	M+1	True	False		5432	5129
269.1977	4.591	M+0	False	False		5432	3971
1234.3468	13.085	M+3	True	False		4033	5423
846.4473	1.729	M+0	False	False		4172	5422
1322.3232	15.222	M+0	False	False		2872	5422
789.5101	1.821	M+1	True	False		5347	5420
1160.0059	9.877	M+0	False	False		5412	4347
697.555	5.077	M+0	False	False		0	5412
691.437	1.626	M+1	True	False		5411	7007
783.0362	12.045	M+1	True	False		5315	5403
1145.0885	16.085	M+1	True	False		0	5402
868.4708	2.819	M+0	False	False		5400	4440
825.5418	1.587	M+0	False	False		6409	5397
911.6172	10.594	M+1	True	False		5397	5261
1139.8126	12.885	M+0	False	False		3273	5396
310.3118	9.237	M+0	False	False		5189	5393
1333.0514	14.226	M+0	False	False		5393	5190
893.4471	2.319	M+1	True	False		5389	4018
1260.9642	13.566	M+0	False	False		5389	4648
327.2017	0.945	M+0	False	False		4546	5389
886.4199	3.17	M+0	False	False		6455	5389
952.8531	15.798	M+0	False	False		5975	5388
532.413	11.998	M+0	False	False		4591	5379
405.7764	1.532	M+0	False	False		5378	0
1210.3151	12.104	M+0	False	False		2764	5371
478.7717	4.039	M+0	False	False		7005	5369
875.7908	15.222	M+1	True	False		3846	5368
1313.8628	15.222	M+0	False	False		5242	5367
886.5553	1.673	M+0	False	False		5367	4847
836.4823	2.272	M+0	False	False		5363	4889
758.572	12.199	M+0	False	False		5355	5049
702.5064	3.774	M+0	False	False		5353	5593
782.3958	3.054	M+0	False	False		5353	5294
999.8998	15.176	M+0	False	False		5353	2974
911.7817	13.659	M+0	False	False		5352	4547
1290.3613	13.759	M+3	True	False		3430	5350
656.583	6.835	M+0	False	False		4663	5350
605.51	10.874	M+0	False	False		5342	3959
816.6412	6.261	M+0	False	False		2584	5342
1028.3641	13.18	M+0	False	False		4152	5341
1293.9666	12.304	M+1	True	False		5214	5340
605.4782	2.366	M+0	False	False		5335	4515
863.5927	1.635	M+3	True	False		5313	5335
728.4496	1.72	M+0	False	False		5334	4137
737.6562	14.179	M+0	False	False		5334	4410
461.313	1.532	M+1	True	False		5331	5139
791.422	2.319	M+1	True	False		5330	4749
815.5557	1.532	M+0	False	False		5328	4842
752.6788	15.934	M+0	False	False		3953	5325
684.4019	1.729	M+0	False	False		6445	5324
639.648	11.537	M+2	True	False		5680	5320
874.8526	14.365	M+0	False	False		3975	5320
476.2534	1.729	M+0	False	False		5676	5316
910.6661	13.038	M+0	False	False		5160	5313
694.6133	13.57	M+0	False	False		4673	5312
980.7849	15.176	M+3	True	False		5312	5181
1251.343	13.085	M+0	False	False		3375	5311
722.5103	14.412	M+0	False	False		5525	5311
1221.9644	7.545	M+0	False	False		5309	4820
573.5376	4.605	M+0	False	False		5057	5308
908.6358	1.776	M+0	False	False		4226	5301
738.503	1.729	M+0	False	False		0	5301
664.461	11.443	M+0	False	False		4656	5297
1202.4042	13.163	M+0	False	False		5292	3622
680.4792	16.282	M+0	False	False		4828	5292
562.4608	1.729	M+0	False	False		5757	5289
854.5871	1.767	M+0	False	False		5280	5340
1499.4103	15.702	M+0	False	False		5280	4484
725.5216	6.693	M+0	False	False		4412	5279
797.4604	1.635	M+1	True	False		6386	5277
707.5391	12.304	M+0	False	False		4442	5273
902.5506	1.72	M+1	True	False		5264	5021
243.2103	15.033	M+0	False	False		5261	4355
796.5122	12.944	M+0	False	False		3384	5261
851.5026	2.281	M+0	False	False		4352	5260
681.4982	3.632	M+0	False	False		5258	6989
664.6243	8.286	M+0	False	False		4942	5250
793.6081	8.83	M+0	False	False		5103	5246
1324.3739	13.239	M+1	True	False		4531	5246
1326.2747	15.271	M+1	True	False		5244	2713
742.4624	2.84	M+0	False	False		5219	5243
901.4769	1.776	M+3	True	False		5234	5237
1098.3009	10.023	M+0	False	False		2396	5229
647.6165	13.038	M+0	False	False		4758	5228
1279.8536	15.176	M+1	True	False		5226	5683
760.5872	12.304	M+0	False	False		4212	5223
800.4075	3.158	M+0	False	False		5223	4704
881.6176	10.639	M+0	False	False		5222	0
804.4959	2.793	M+0	False	False		4734	5221
749.4854	11.951	M+0	False	False		5219	3964
901.8026	16.136	M+1	True	False		5219	5204
1212.8232	4.086	M+2	True	False		5000	5212
475.2874	1.587	M+0	False	False		3996	5211
969.81	15.631	M+0	False	False		5008	5209
876.4424	4.946	M+0	False	False		5207	3949
763.563	5.403	M+0	False	False		4652	5206
1151.3567	8.393	M+0	False	False		5196	0
732.5464	4.746	M+2	True	False		3459	5195
751.4754	1.821	M+1	True	False		5102	5194
711.4699	1.532	M+0	False	False		5193	5142
950.802	11.951	M+0	False	False		5192	4258
886.5521	1.999	M+2	True	False		5188	5159
1341.2084	14.554	M+0	False	False		4616	5185
1250.3522	13.085	M+1	True	False		3322	5185
890.5322	1.681	M+0	False	False		4450	5183
903.8835	14.652	M+1	True	False		5183	4073
923.0159	6.375	M+0	False	False		5183	3922
713.4178	2.819	M+1	True	False		5181	4913
732.4812	2.366	M+0	False	False		5181	5588
1472.403	13.57	M+0	False	False		3679	5180
861.5304	1.579	M+0	False	False		5178	4190
723.5382	13.759	M+2	True	False		4782	5173
1171.4004	12.853	M+0	False	False		5171	0
566.5868	9.546	M+0	False	False		4627	5169
1232.7483	4.077	M+1	True	False		5168	4733
726.4988	1.673	M+0	False	False		5167	4937
591.5829	9.486	M+0	False	False		5165	4436
892.3404	4.027	M+0	False	False		2594	5162
922.7374	14.317	M+1	True	False		3804	5160
886.5356	1.587	M+0	False	False		6191	5152
876.7143	13.618	M+1	True	False		4723	5150
876.2673	10.791	M+3	True	False		4660	5149
754.6921	13.57	M+0	False	False		4834	5148
682.5008	2.366	M+0	False	False		5143	3750
713.649	12.944	M+1	True	False		3200	5140
747.6264	12.199	M+2	True	False		4839	5140
1224.34	9.878	M+0	False	False		3408	5138
482.7935	1.579	M+0	False	False		5137	4870
839.5637	1.813	M+0	False	False		5137	8898
913.5534	1.579	M+0	False	False		5137	4958
910.5229	1.767	M+0	False	False		5136	4201
537.5373	15.922	M+0	False	False		4283	5135
1324.2134	14.754	M+0	False	False		3720	5133
684.6129	12.246	M+0	False	False		2181	5132
785.5582	1.913	M+0	False	False		3987	5131
880.5552	2.226	M+0	False	False		5130	4415
1065.2963	12.684	M+0	False	False		2271	5129
938.8424	16.53	M+1	True	False		4608	5127
876.8039	16.129	M+0	False	False		4061	5124
902.8188	15.845	M+0	False	False		5953	5120
588.428	1.776	M+0	False	False		3826	5118
770.5808	3.122	M+0	False	False		4037	5117
698.6496	12.885	M+1	True	False		6329	5116
663.4548	15.319	M+0	False	False		5113	4095
635.5512	12.199	M+2	True	False		5037	5109
1429.1052	16.326	M+0	False	False		5103	4125
707.4933	7.241	M+0	False	False		4055	5101
896.7183	14.32	M+0	False	False		5097	3789
810.5252	2.226	M+0	False	False		5097	4355
465.7779	1.626	M+0	False	False		5095	3199
728.4726	2.226	M+0	False	False		5095	5386
670.6394	15.503	M+0	False	False		4034	5094
927.4799	1.532	M+3	True	False		5092	0
1322.1656	12.104	M+0	False	False		5887	5090
1118.3597	11.49	M+2	True	False		2260	5089
383.3322	12.932	M+0	False	False		6781	5082
873.7762	15.444	M+0	False	False		4567	5082
302.142	15.677	M+0	False	False		4553	5077
593.5978	12.961	M+0	False	False		5077	4784
924.806	13.659	M+0	False	False		5070	0
707.5656	13.806	M+2	True	False		4766	5068
1494.4177	12.104	M+0	False	False		3144	5067
1465.4027	15.583	M+2	True	False		5305	5063
1188.4138	8.393	M+0	False	False		5061	0
993.6479	4.591	M+1	True	False		5059	3868
468.2972	1.587	M+0	False	False		5370	5058
1345.169	15.222	M+0	False	False		3370	5052
475.416	12.364	M+0	False	False		5052	4623
797.0108	12.684	M+0	False	False		4224	5050
1264.0502	13.314	M+3	True	False		5049	4822
974.9849	15.175	M+2	True	False		1842	5048
1307.3445	12.363	M+0	False	False		2091	5045
1331.15	12.805	M+1	True	False		5043	4118
610.6108	8.356	M+1	True	False		5340	5040
1176.8213	12.944	M+0	False	False		3169	5039
678.4784	13.459	M+0	False	False		5036	4230
1200.9043	12.151	M+0	False	False		4844	5034
596.5966	12.794	M+0	False	False		5032	3991
615.4551	2.981	M+0	False	False		4485	5032
899.5699	1.776	M+1	True	False		5914	5030
692.5224	6.234	M+0	False	False		5028	5028
1205.3846	12.104	M+0	False	False		2251	5022
1243.8946	12.104	M+1	True	False		4862	5021
1381.1232	14.27	M+0	False	False		0	5019
1428.3921	15.503	M+2	True	False		5880	5019
1139.3134	12.885	M+0	False	False		3231	5017
923.014	3.272	M+0	False	False		5015	3542
1337.4712	11.271	M+1	True	False		5011	1519
864.5234	1.579	M+0	False	False		5010	4470
888.4267	3.158	M+2	True	False		5006	4410
760.5887	6.462	M+0	False	False		3939	4996
673.4242	1.821	M+1	True	False		4459	4990
251.047	0.544	M+0	False	False		4990	4389
699.4394	2.793	M+3	True	False		4071	4986
899.8342	13.899	M+0	False	False		4985	0
923.0131	4.041	M+0	False	False		4984	4924
196.0602	0.906	M+0	False	False		4978	5293
537.5375	16.173	M+0	False	False		4600	4974
683.4308	1.579	M+1	True	False		4973	6506
861.4858	2.281	M+0	False	False		3849	4973
1391.2255	14.365	M+3	True	False		3957	4973
650.4736	11.095	M+3	True	False		4972	4957
1102.8074	12.778	M+0	False	False		3178	4969
1177.3203	12.932	M+1	True	False		3116	4969
1329.067	14.415	M+0	False	False		4969	0
697.5554	5.496	M+0	False	False		0	4969
917.79	12.805	M+0	False	False		4961	6213
923.0173	2.934	M+0	False	False		2903	4958
910.6636	13.219	M+0	False	False		4956	4792
873.4651	1.905	M+1	True	False		4955	4396
186.0857	14.462	M+0	False	False		4955	4498
664.4596	3.597	M+0	False	False		4881	4953
772.6065	3.228	M+0	False	False		5615	4952
674.5934	15.129	M+0	False	False		4949	3050
1376.0679	13.659	M+0	False	False		4947	4126
850.4637	1.776	M+0	False	False		4535	4946
1325.2723	15.49	M+0	False	False		4942	5302
771.4955	1.905	M+1	True	False		4940	4425
673.6432	12.885	M+3	True	False		3381	4937
1317.862	15.222	M+2	True	False		4008	4936
573.4911	13.333	M+0	False	False		3083	4935
778.6224	9.395	M+2	True	False		4933	5028
288.3015	8.175	M+0	False	False		5670	4931
978.8199	15.271	M+0	False	False		4929	5586
1066.7921	12.684	M+0	False	False		2287	4929
900.7827	13.806	M+0	False	False		7347	4925
1399.8805	13.428	M+0	False	False		2195	4924
938.4369	1.729	M+0	False	False		4904	4923
919.7067	13.659	M+2	True	False		4922	4430
1347.1764	14.766	M+0	False	False		3504	4921
732.5144	2.375	M+0	False	False		4724	4919
895.7142	14.273	M+0	False	False		4912	4336
890.8183	14.699	M+0	False	False		4909	3864
474.2393	1.913	M+0	False	False		5351	4907
666.5653	3.028	M+0	False	False		4321	4907
790.5145	4.227	M+0	False	False		4900	2911
428.8176	2.913	M+0	False	False		4889	4787
904.829	15.271	M+0	False	False		4889	3930
574.5432	4.191	M+0	False	False		4395	4888
786.491	1.729	M+0	False	False		4465	4878
768.7352	7.982	M+0	False	False		7093	4877
565.4292	1.767	M+0	False	False		4875	3616
814.5221	2.366	M+0	False	False		4873	3972
1281.9742	12.258	M+0	False	False		4873	3873
1367.2216	14.317	M+2	True	False		3850	4871
923.0136	6.988	M+0	False	False		4871	4573
936.3967	2.328	M+0	False	False		5159	4867
917.8205	12.778	M+0	False	False		3383	4864
706.5017	3.205	M+0	False	False		4862	4163
1376.862	13.286	M+0	False	False		4567	4862
461.2884	1.673	M+0	False	False		4857	9532
1211.351	13.613	M+0	False	False		4857	15396
916.5333	1.72	M+0	False	False		4851	3795
820.5813	2.234	M+0	False	False		4937	4848
1092.9872	15.631	M+0	False	False		0	4847
664.4558	8.8	M+1	True	False		4847	4253
882.8274	14.459	M+0	False	False		4524	4846
647.5103	11.215	M+0	False	False		4846	8174
766.6943	13.428	M+0	False	False		3855	4845
890.4329	2.84	M+0	False	False		4868	4844
890.5597	1.681	M+2	True	False		4306	4843
786.6612	7.451	M+0	False	False		4842	6258
684.6307	13.665	M+0	False	False		6106	4842
211.0924	4.285	M+1	True	True		3707	4840
531.4218	11.951	M+0	False	False		4837	4264
1177.8246	12.944	M+1	True	False		2509	4837
850.8465	14.507	M+0	False	False		3906	4836
685.438	2.611	M+0	False	False		5255	4836
1115.8208	13.286	M+0	False	False		1991	4834
694.5744	14.648	M+0	False	False		0	4830
961.8979	15.444	M+0	False	False		3319	4830
773.5903	6.646	M+1	True	False		3723	4828
680.4489	2.226	M+0	False	False		4824	3017
1056.906	14.365	M+0	False	False		3442	4823
1210.3292	13.068	M+2	True	False		4823	5604
1250.8428	13.085	M+0	False	False		2278	4820
884.4218	3.158	M+0	False	False		4820	4649
1065.7922	12.684	M+0	False	False		2416	4813
1329.2149	15.28	M+1	True	False		4747	4809
954.8519	15.857	M+0	False	False		4808	2238
832.6177	3.774	M+0	False	False		4808	4555
681.5216	11.719	M+0	False	False		3409	4807
1216.7719	4.086	M+1	True	False		3922	4804
430.2882	1.587	M+0	False	False		4964	4803
725.644	12.592	M+0	False	False		4802	2567
826.4894	4.793	M+0	False	False		4063	4802
903.8177	15.456	M+0	False	False		4792	4801
607.5696	13.286	M+0	False	False		4936	4799
757.6644	14.368	M+0	False	False		4796	3605
680.4828	0.267	M+0	False	False		3157	4789
721.5535	12.794	M+0	False	False		4789	4682
893.6953	13.899	M+0	False	False		4788	5365
877.7217	11.951	M+1	True	False		5297	4787
695.7241	11.52	M+1	True	False		4785	3558
741.6851	13.381	M+1	True	False		6528	4780
666.6896	11.49	M+0	False	False		4880	4771
759.6123	6.422	M+0	False	False		0	4770
802.5232	4.779	M+0	False	False		4765	4880
716.7748	14.365	M+0	False	False		5174	4763
799.5648	6.86	M+3	True	False		4761	4387
875.5956	1.776	M+0	False	False		0	4760
1244.4366	13.068	M+0	False	False		4758	5857
1306.0914	12.199	M+0	False	False		4530	4758
732.4566	5.376	M+0	False	False		4755	5935
833.5282	1.635	M+0	False	False		4965	4755
592.5006	9.89	M+1	True	False		4714	4753
698.56	14.176	M+0	False	False		1264	4753
806.5534	2.328	M+0	False	False		4378	4753
911.4786	1.626	M+0	False	False		4747	5527
1288.347	13.18	M+0	False	False		2659	4743
865.8005	14.604	M+1	True	False		4741	6032
1138.8889	13.411	M+0	False	False		4740	7697
764.6025	13.008	M+1	True	False		4737	3471
907.4681	1.579	M+1	True	False		4736	3559
641.59	6.445	M+1	True	False		4734	4630
782.5092	2.366	M+0	False	False		4732	3300
942.3997	2.319	M+0	False	False		4730	3332
704.5975	12.187	M+0	False	False		4730	3985
752.5846	8.83	M+0	False	False		4847	4727
475.4154	12.853	M+0	False	False		4726	4702
1105.3088	13.286	M+0	False	False		3714	4723
673.444	1.626	M+0	False	False		4721	3840
838.5247	4.826	M+0	False	False		4716	2877
792.4982	1.579	M+0	False	False		4714	5006
903.8175	15.987	M+0	False	False		3290	4707
993.6055	1.532	M+0	False	False		4705	0
910.6638	12.735	M+0	False	False		4702	4047
729.6852	14.176	M+0	False	False		4576	4700
932.8827	16.5	M+0	False	False		3971	4700
549.5092	13.133	M+0	False	False		3533	4697
822.5967	2.234	M+0	False	False		4954	4693
922.4391	1.813	M+0	False	False		4688	4202
773.6644	13.712	M+0	False	False		4467	4684
538.5406	12.092	M+0	False	False		5052	4682
482.7426	1.776	M+0	False	False		4532	4680
904.7347	13.708	M+3	True	False		4680	4284
459.3118	1.72	M+0	False	False		4678	4036
767.6925	13.411	M+1	True	False		4677	4621
371.1015	16.17	M+0	False	False		4676	3248
686.4414	4.858	M+0	False	False		4676	3534
848.4456	1.858	M+0	False	False		4674	4637
1287.8495	13.239	M+0	False	False		1797	4673
770.526	3.986	M+1	True	False		4672	3598
684.5171	1.913	M+0	False	False		3841	4669
1324.9038	11.673	M+0	False	False		4668	3727
972.8757	15.379	M+0	False	False		4667	4433
736.5345	1.813	M+0	False	False		4665	3937
457.3196	1.217	M+0	False	False	184.074;1.0	0	4663
590.4265	14.459	M+0	False	False		4342	4663
745.6256	12.853	M+0	False	False		4663	4399
703.4139	6.718	M+2	True	False		4662	5263
725.6584	13.522	M+0	False	False		4221	4662
756.5564	11.951	M+0	False	True		4662	4444
879.2623	4.029	M+2	True	False		4660	7162
953.8143	16.5	M+0	False	False		4603	4659
659.4833	2.934	M+0	False	False		4472	4659
846.5499	1.905	M+0	False	False		4657	5032
1486.4425	12.794	M+1	True	False		4656	11932
1295.1473	14.557	M+1	True	False		4655	5095
672.442	1.776	M+2	True	False		5353	4651
810.5035	1.913	M+2	True	False		4551	4651
911.6652	13.428	M+0	False	False		3618	4645
834.5081	2.226	M+0	False	False		4644	4238
632.4546	1.681	M+0	False	False		5560	4642
793.534	5.052	M+1	True	False		4640	4281
1428.8883	15.536	M+2	True	False		4640	3518
1243.4259	13.068	M+0	False	False		4639	4668
683.5455	4.029	M+1	True	False		4637	4558
940.8155	14.176	M+1	True	False		3350	4637
743.5244	12.093	M+2	True	False		4636	5554
767.5344	5.052	M+0	False	False		4635	1671
723.5705	7.38	M+0	False	False		1035	4633
681.4879	10.65	M+1	True	False		5313	4633
732.6136	12.187	M+1	True	False		4629	3437
868.5089	2.226	M+0	False	False		4621	3545
600.5584	11.098	M+0	False	False		4059	4619
923.0175	18.032	M+0	False	False		3904	4618
903.5432	1.72	M+2	True	False		4616	4473
1092.051	15.583	M+3	True	False		0	4615
1055.9018	14.368	M+0	False	False		4614	4513
905.7587	14.707	M+0	False	False		3554	4610
775.4826	1.813	M+0	False	False		4608	7356
699.5828	13.428	M+0	False	False		3794	4607
1102.3063	12.789	M+0	False	False		2938	4602
1468.3949	12.735	M+1	True	False		4602	6444
1320.2997	15.503	M+0	False	False		5241	4601
710.6695	15.033	M+0	False	False		4815	4598
792.7092	13.522	M+0	False	False		3979	4597
1175.9027	13.459	M+0	False	False		4594	5657
1238.0984	14.707	M+0	False	False		0	4592
796.7398	13.901	M+0	False	False		5013	4592
899.7823	13.363	M+0	False	False		4589	3445
775.4932	1.729	M+0	False	False		3632	4584
728.6386	12.837	M+1	True	False		4432	4583
728.4844	2.234	M+0	False	False		3588	4582
991.8398	13.02	M+0	False	False		4579	0
1191.4266	8.356	M+2	True	False		2387	4576
721.5631	12.092	M+0	False	False		4291	4576
923.0145	16.818	M+0	False	False		4576	4076
686.4409	3.356	M+1	True	False		4574	3967
883.5786	1.635	M+0	False	False		4541	4573
302.1434	16.085	M+0	False	False		4037	4567
1396.1818	14.365	M+1	True	False		5690	4565
819.5534	1.858	M+2	True	False		4565	5240
792.5024	1.821	M+0	False	False		4010	4561
923.0132	0.337	M+0	False	False		4815	4561
1298.5508	11.251	M+0	False	False		2792	4560
550.628	12.592	M+0	False	False		4560	3982
804.4596	1.635	M+0	False	False		4376	4558
898.7821	13.363	M+0	False	False		4554	3990
186.0874	13.506	M+0	False	False		4553	3975
636.5932	6.57	M+0	False	False		3733	4550
590.4295	13.618	M+0	False	False		4578	4550
686.4921	6.718	M+1	True	False		4549	4481
755.4458	2.319	M+3	True	False		4546	3724
1305.3007	15.08	M+0	False	False		4813	4545
707.495	7.709	M+0	False	False		3924	4543
589.4604	0.291	M+0	False	False		3293	4540
1322.858	11.614	M+0	False	False		4539	4087
746.6259	6.375	M+0	False	False		4539	4481
615.9575	3.007	M+0	False	False		4538	5019
739.4958	1.858	M+0	False	False		4536	3574
835.4634	1.532	M+0	False	False		4533	0
1377.1346	14.176	M+0	False	False		4437	4528
1098.3118	10.023	M+0	False	False		2396	4527
1374.8602	13.267	M+0	False	False		4525	3598
923.0144	4.731	M+0	False	False		4522	4633
843.5033	3.122	M+0	False	False		3403	4521
955.8389	15.857	M+2	True	False		4519	3811
856.7273	13.286	M+0	False	False		4030	4516
678.4809	14.317	M+0	False	False		4475	4514
895.4421	2.328	M+3	True	False		3885	4512
900.717	13.712	M+0	False	False		2902	4509
974.9112	16.467	M+0	False	False		4259	4507
816.4656	1.532	M+0	False	False		4506	0
1117.0591	15.583	M+1	True	False		0	4505
575.5143	12.778	M+0	False	False		3808	4505
1359.3705	13.428	M+3	True	False		2791	4505
506.5305	9.878	M+0	False	False		4207	4503
1370.2336	15.444	M+0	False	False		0	4498
931.8689	16.17	M+1	True	False		4497	4165
478.7949	1.587	M+0	False	False		3944	4494
713.482	1.729	M+1	True	False		4415	4492
919.3926	5.355	M+0	False	False		3357	4490
495.2634	2.319	M+0	False	False		4488	3771
894.4617	2.319	M+0	False	False		4487	5642
916.6887	13.428	M+0	False	False		4258	4483
165.1108	0.935	M+0	False	False		4480	5484
1361.1628	13.665	M+0	False	False		0	4476
569.4358	12.789	M+0	False	False		3386	4476
1213.8368	13.038	M+0	False	False		2512	4468
757.5385	10.196	M+0	False	False		4466	4105
664.606	14.226	M+0	False	False		4464	4204
803.602	4.746	M+0	False	False		4364	4463
589.4626	0.544	M+0	False	False		3639	4460
820.5355	4.086	M+0	False	False		3690	4459
1360.1743	13.708	M+0	False	False		4455	3865
548.5034	10.208	M+0	False	False		4454	3329
662.578	12.686	M+1	True	False		4450	3455
288.3006	19.344	M+0	False	False		4511	4448
854.7299	14.226	M+1	True	False		4445	4435
877.8627	14.602	M+1	True	False		3449	4442
1273.1506	13.02	M+0	False	False		4441	5622
874.7846	16.17	M+2	True	False		4438	4701
839.528	4.191	M+3	True	False		3949	4436
634.4541	10.115	M+0	False	False		3538	4436
796.4737	1.913	M+0	False	False		4252	4431
970.8153	15.631	M+1	True	False		4002	4429
753.6802	13.899	M+0	False	False		4427	3073
421.8666	4.544	M+0	False	False		4427	5124
689.4952	4.779	M+0	False	False		4427	3990
904.6924	3.217	M+0	False	False		4426	2624
726.6087	12.104	M+1	True	False		3510	4424
1330.183	15.975	M+0	False	False		0	4424
1043.3356	9.693	M+0	False	False		1827	4419
862.5453	1.821	M+0	False	False		4260	4416
848.5115	2.281	M+2	True	False		4310	4415
1156.3862	11.49	M+0	False	False		1345	4414
590.4284	16.312	M+0	False	False		4790	4412
1350.2794	15.271	M+2	True	False		4410	3716
888.5561	2.328	M+0	False	False		3971	4410
892.74	13.02	M+0	False	False		4408	4131
753.4464	2.319	M+1	True	False		4407	4225
1364.4285	13.665	M+0	False	False		4106	4405
789.6064	3.075	M+1	True	False		4193	4404
548.5055	10.696	M+0	False	False		2883	4403
722.5081	15.798	M+0	False	False		4235	4403
532.3388	1.767	M+0	False	False		4397	6445
876.7999	15.654	M+0	False	False		4397	3611
1339.2036	15.222	M+0	False	False		4169	4395
568.5669	11.443	M+0	False	False		3809	4389
751.6731	14.176	M+0	False	False		4208	4389
872.8283	14.179	M+0	False	False		4388	2493
1275.9612	12.363	M+0	False	False		5739	4387
1362.8632	13.333	M+0	False	False		3964	4384
815.4886	1.673	M+1	True	False		4383	3889
876.4957	2.375	M+0	False	False		5319	4383
686.395	2.328	M+0	False	False		3838	4382
1354.2312	15.271	M+1	True	False		4378	3651
793.706	10.639	M+0	False	False		4377	4299
818.6814	12.187	M+0	False	False		4374	0
896.8434	14.459	M+0	False	False		3079	4373
781.5212	2.319	M+1	True	False		4372	4181
807.4948	1.913	M+1	True	False		5342	4372
1316.111	13.659	M+0	False	False		4372	3625
847.5032	2.272	M+1	True	False		4372	4150
698.559	11.764	M+1	True	False		0	4371
470.3143	1.635	M+1	True	False		4166	4368
548.5084	11.058	M+0	False	False		2052	4368
620.5321	13.175	M+1	True	False		4367	3242
976.8906	15.654	M+1	True	False		4366	4186
1344.01	13.286	M+2	True	False		4992	4365
1213.3348	13.085	M+0	False	False		1933	4363
944.4782	2.84	M+0	False	False		3408	4359
1353.3954	15.339	M+0	False	False		3461	4358
461.2732	1.776	M+0	False	False		3208	4353
1026.8367	13.115	M+0	False	False		4350	0
707.4946	3.17	M+1	True	False		5285	4346
591.4963	9.644	M+0	False	False		4344	4136
1261.1605	14.766	M+0	False	False		0	4343
753.052	4.329	M+0	False	False		3933	4343
916.804	12.853	M+0	False	False		4339	0
624.6284	13.038	M+0	False	False		3406	4339
697.6086	12.199	M+0	False	False		2613	4338
1368.3978	12.778	M+0	False	False		2857	4337
201.0769	8.219	M+0	False	False		4333	3203
913.8015	14.179	M+0	False	False		4332	1971
766.5388	16.1	M+0	False	False		4330	2076
894.8002	13.333	M+0	False	False		4177	4325
838.7762	14.27	M+2	True	False		3531	4324
1103.3011	12.789	M+1	True	False		2733	4323
1215.8264	13.038	M+0	False	False		2189	4322
1324.3624	12.363	M+3	True	False		1658	4322
846.5467	2.272	M+0	False	False		4318	3850
288.3005	0.367	M+0	False	False		4315	24358
870.5422	2.281	M+0	False	False		3990	4315
784.5851	6.356	M+0	False	False		2864	4309
1361.0265	12.991	M+0	False	False		4290	4301
1323.8592	11.673	M+0	False	False		4299	3762
686.5289	3.24	M+2	True	False		3147	4294
1345.9414	13.314	M+1	True	False		4293	3928
353.3215	13.428	M+0	False	False		5396	4290
698.5586	15.881	M+0	False	False		1185	4290
1151.3987	8.356	M+0	False	False		1917	4281
780.7065	13.613	M+0	False	False		4277	3138
624.6371	7.498	M+0	False	False		4276	3128
960.8962	15.442	M+0	False	False		4273	3683
586.5401	9.901	M+0	False	False		4271	3826
1369.2255	15.444	M+0	False	False		0	4270
1291.1937	14.557	M+1	True	False		4267	4092
531.4106	14.554	M+0	False	False		3247	4265
700.6248	14.222	M+0	False	False		2994	4263
719.4978	2.234	M+0	False	False		3363	4262
1307.0948	12.199	M+1	True	False		4121	4259
607.4697	9.89	M+0	False	False		2595	4256
1066.2918	12.684	M+1	True	False		2617	4256
1490.4185	12.093	M+0	False	False		4255	0
797.5487	3.774	M+1	True	False		4254	3808
841.5396	2.234	M+0	False	False		3361	4252
1233.0839	12.187	M+3	True	False		4251	3197
1378.2091	14.222	M+0	False	False		5126	4251
550.6309	8.286	M+0	False	False		3592	4249
717.9848	12.092	M+0	False	False		3834	4245
635.5026	12.735	M+0	False	False		4245	3602
480.2656	1.54	M+3	True	False		3671	4242
483.2924	1.673	M+2	True	False		4239	2776
1274.9135	12.092	M+0	False	False		3369	4239
565.5841	9.866	M+1	True	False		4238	3966
624.6234	6.122	M+0	False	False		2276	4238
680.5302	11.719	M+0	False	False		3387	4238
896.6041	1.729	M+0	False	False		3746	4234
914.5421	1.776	M+0	False	False		3399	4228
317.3249	11.998	M+0	False	False		3800	4228
849.59	1.767	M+0	False	False		4227	0
722.5086	16.085	M+0	False	False		5568	4227
1222.9669	7.521	M+1	True	False		3835	4225
282.2795	9.237	M+0	False	False		4186	4225
663.5793	12.636	M+0	False	False		2984	4224
931.8401	14.759	M+0	False	False		4223	3560
531.4086	9.889	M+0	False	False		4222	3174
685.6146	12.246	M+1	True	False		2419	4220
839.5074	4.826	M+0	False	False		4217	3078
864.6276	1.54	M+0	False	False		3265	4214
1299.4169	11.271	M+0	False	False		4214	0
816.4337	1.813	M+0	False	False		4209	3935
1089.1127	15.631	M+0	False	False		0	4206
381.3524	14.176	M+0	False	False		4460	4205
531.4108	14.317	M+0	False	False		3964	4205
915.5223	1.72	M+0	False	False		4204	4488
1287.1631	12.64	M+0	False	False		4203	0
678.4784	7.943	M+0	False	False		4202	4351
661.5376	6.86	M+0	False	False		4201	2971
1433.371	12.731	M+2	True	False		2907	4200
790.6702	8.969	M+0	False	False		4004	4198
634.4531	11.13	M+0	False	False		3826	4197
849.8117	14.176	M+0	False	False		4567	4195
793.4205	2.234	M+3	True	False		3696	4194
690.755	14.412	M+0	False	False		4472	4194
678.4783	0.813	M+0	False	False		4190	3126
1103.8024	12.789	M+1	True	False		2437	4188
797.5166	12.64	M+1	True	False		4185	4316
1354.871	15.332	M+2	True	False		4182	3342
1217.142	12.199	M+0	False	False		3941	4179
595.5902	12.686	M+0	False	False		4178	3120
1117.1405	16.085	M+0	False	False		0	4176
590.4264	8.275	M+0	False	False		4114	4176
494.2658	2.281	M+0	False	False		2780	4175
680.5626	5.564	M+0	False	False		4175	3471
466.2706	1.767	M+0	False	False		4174	4763
877.8053	15.327	M+0	False	False		3839	4173
695.6995	15.08	M+0	False	False		4065	4171
846.5968	2.281	M+0	False	False		3794	4171
927.8298	14.462	M+0	False	False		4167	0
794.6131	8.892	M+0	False	False		4165	3298
458.3472	15.765	M+0	False	False		2754	4163
731.5288	2.008	M+1	True	False		3926	4158
830.7308	14.462	M+1	True	False		4157	4107
910.8735	15.431	M+0	False	False		4157	3477
949.3788	2.819	M+1	True	False		4155	0
953.8417	12.932	M+1	True	False		4808	4151
206.1408	17.179	M+0	False	False		4138	4149
1324.8645	13.286	M+0	False	False		1824	4149
553.3888	8.892	M+0	False	False		4149	3288
786.4436	1.821	M+0	False	False		3704	4148
879.6098	1.913	M+0	False	False		4299	4147
549.5073	14.604	M+1	True	False		4145	4041
723.512	0.725	M+0	False	False		3099	4143
594.4483	2.913	M+0	False	False		4138	3267
783.4181	2.96	M+1	True	False		4137	2260
1289.3492	13.175	M+1	True	False		4137	3555
692.5226	6.422	M+0	False	False		3571	4137
1288.8477	13.18	M+0	False	False		2080	4132
764.5745	12.363	M+0	False	False		4121	4132
897.788	15.544	M+0	False	False		0	4131
872.8367	13.854	M+0	False	False		6304	4130
1347.9176	13.363	M+0	False	False		4128	3089
698.6125	6.813	M+1	True	False		4128	3284
778.6182	12.949	M+0	False	False		4126	3163
837.5807	4.227	M+0	False	False		4125	4215
569.4338	12.305	M+0	False	False		4124	2909
934.8816	15.398	M+0	False	False		3754	4121
743.5435	4.591	M+0	False	False		4120	2990
820.5294	3.904	M+0	False	False		4120	4012
923.0168	18.972	M+0	False	False		3589	4120
442.7749	1.626	M+0	False	False		4118	2496
903.7449	14.766	M+0	False	False		3752	4118
755.5393	5.712	M+1	True	False		2648	4117
1257.3435	13.068	M+0	False	False		4115	3936
699.2569	9.283	M+1	True	False		3698	4114
657.4474	1.729	M+0	False	False		3509	4113
935.882	15.456	M+0	False	False		3623	4113
923.0154	19.051	M+0	False	False		4448	4112
812.027	4.273	M+0	False	False		4110	2524
785.5525	3.727	M+1	True	False		4107	3123
903.7597	13.18	M+1	True	False		3481	4102
574.4897	5.603	M+0	False	False		4102	3287
810.738	13.804	M+0	False	False		4100	3227
706.593	5.603	M+0	False	False		4098	3916
590.4654	7.356	M+0	False	False		4098	3699
1314.9814	5.355	M+0	False	False		5076	4096
590.4259	6.602	M+0	False	False		3897	4096
461.3598	3.868	M+0	False	False		4095	4080
531.4084	16.129	M+0	False	False		3666	4095
595.5891	11.207	M+0	False	False		2900	4095
621.4856	11.13	M+0	False	False		4088	4093
802.5573	3.727	M+0	False	False		4093	3675
1115.0509	15.631	M+0	False	False		0	4092
464.2918	2.819	M+0	False	False		4089	2535
623.4417	1.952	M+0	False	False		4087	5379
725.5194	2.913	M+0	False	False		4087	3958
791.6374	10.035	M+1	True	False		3943	4087
930.3623	3.007	M+0	False	False		4086	3412
634.45	9.066	M+0	False	False		4086	3452
886.4851	2.819	M+0	False	False		4083	3500
898.7365	14.459	M+0	False	False		4701	4082
836.3851	2.328	M+0	False	False		3646	4080
1326.3636	13.239	M+0	False	False		1985	4079
685.4369	12.735	M+0	False	False		4073	3312
831.5127	1.54	M+0	False	False		3078	4073
729.5932	12.317	M+0	False	False		4072	3080
1101.8849	13.381	M+0	False	False		3375	4072
1233.7476	4.077	M+2	True	False		4072	3535
1382.1578	14.273	M+3	True	False		4070	4022
707.492	16.248	M+0	False	False		4070	2899
846.4949	3.122	M+0	False	False		3066	4069
1233.3298	12.092	M+0	False	False		2077	4068
822.5754	2.281	M+2	True	False		5492	4066
552.635	9.119	M+2	True	False		4064	4011
935.8194	16.136	M+0	False	False		4061	3224
706.5845	13.806	M+0	False	False		3559	4059
499.7393	1.579	M+0	False	False		4058	4939
914.5981	1.729	M+0	False	False		4511	4058
722.5072	15.444	M+0	False	False		4767	4055
906.4773	1.813	M+0	False	False		4052	5566
594.446	3.054	M+0	False	False		4052	4992
683.545	4.089	M+0	False	False		4052	3546
549.5226	12.305	M+0	False	False		4050	3436
663.4565	16.216	M+0	False	False		3761	4050
1435.8854	13.522	M+0	False	False		2056	4049
899.8528	14.179	M+0	False	False		4048	4438
1362.032	12.991	M+1	True	False		3986	4047
959.3694	2.96	M+1	True	False		4047	3445
930.4952	4.858	M+0	False	False		4045	3724
693.5699	12.901	M+2	True	False		4042	3387
641.6018	11.998	M+0	False	False		0	4038
761.2046	4.837	M+0	False	False		1482	4038
1124.0372	16.129	M+2	True	False		0	4038
903.4371	3.075	M+1	True	False		3071	4038
668.6484	9.645	M+2	True	False		3817	4036
552.5537	8.393	M+1	True	False		4035	4037
710.7024	14.32	M+0	False	False		4035	2983
661.6392	11.52	M+0	False	False		4032	3191
866.5774	2.328	M+0	False	False		3949	4031
664.458	7.982	M+1	True	False		4691	4029
875.7919	16.016	M+0	False	False		2948	4029
785.4117	2.96	M+1	True	False		4027	3864
850.5809	2.319	M+0	False	False		4027	3813
620.4566	1.776	M+0	False	False		3020	4023
808.566	3.158	M+0	False	False		4023	4966
422.331	5.403	M+0	False	False		3202	4022
735.5215	1.767	M+0	False	False		4018	3522
1327.2706	15.269	M+2	True	False		3486	4018
685.5922	14.179	M+0	False	False		4015	4841
937.5265	1.729	M+0	False	False		0	4014
1244.1648	12.592	M+0	False	False		4013	3593
1338.064	12.104	M+0	False	False		3098	4013
923.7493	14.554	M+0	False	False		4206	4010
1023.2846	8.539	M+0	False	False		2217	4008
670.6932	12.885	M+0	False	False		5295	4004
1244.1549	12.636	M+0	False	False		2812	4001
476.305	1.626	M+0	False	False		3998	4073
910.6628	13.566	M+0	False	False		3998	3242
874.8273	14.415	M+0	False	False		3997	5141
752.6742	14.226	M+1	True	False		3996	2013
369.3896	12.092	M+0	False	False		2781	3995
839.497	5.403	M+0	False	False		3339	3995
928.42	2.366	M+0	False	False		3993	3845
791.5182	4.238	M+1	True	False		1877	3993
638.4706	1.635	M+1	True	False		4167	3992
1456.1464	15.813	M+0	False	False		3992	3340
782.706	13.363	M+0	False	False		3991	2655
870.5372	2.319	M+0	False	False		3990	1846
894.7572	15.327	M+0	False	False		4347	3990
812.7632	14.273	M+2	True	False		3986	4420
815.7108	14.32	M+0	False	False		3985	3768
663.4547	0.844	M+0	False	False		3638	3985
870.5956	1.767	M+0	False	False		3984	3862
873.5104	4.837	M+0	False	False		3979	3983
923.0147	3.691	M+0	False	False		4154	3983
1361.2184	14.459	M+0	False	False		3130	3982
1362.2663	14.27	M+2	True	False		3942	3982
1000.8841	15.176	M+0	False	False		3981	4368
986.8323	15.269	M+0	False	False		4601	3979
836.5192	5.376	M+0	False	False		3979	3107
768.5327	6.693	M+0	False	False		3591	3975
668.6578	13.755	M+0	False	False		3974	3594
186.0863	13.806	M+0	False	False		3821	3974
901.7236	15.957	M+0	False	False		3972	3658
1327.1948	15.631	M+0	False	False		5100	3969
461.3598	19.455	M+0	False	False		3150	3968
740.4505	1.729	M+0	False	False		3272	3967
791.5577	2.611	M+1	True	False		4933	3963
740.4702	1.635	M+0	False	False		4695	3962
958.8814	15.222	M+0	False	False		3260	3962
901.9642	14.27	M+0	False	False		2237	3958
698.6654	15.269	M+0	False	False		2249	3954
879.8197	12.731	M+0	False	False		2446	3953
720.6531	12.092	M+0	False	False		3107	3952
840.7943	14.602	M+2	True	False		3021	3952
479.2764	1.673	M+0	False	False		3951	0
595.5912	9.153	M+0	False	False		3912	3950
770.5324	4.544	M+0	False	False		3949	3775
1081.3594	9.693	M+0	False	False		1797	3947
1424.9025	15.503	M+0	False	False		3155	3946
874.4429	5.355	M+0	False	False		2939	3946
950.9037	15.881	M+0	False	False		3833	3944
1488.1327	14.807	M+0	False	False		3941	3819
1097.3005	10.078	M+0	False	False		2138	3939
717.5252	11.951	M+0	False	False		3568	3938
977.8938	15.857	M+2	True	False		3938	3791
923.0215	0.555	M+0	False	False		1771	3937
538.5399	12.59	M+1	True	False		4108	3936
836.5933	2.517	M+0	False	False		3269	3934
707.4914	13.18	M+0	False	False		4037	3934
270.1651	2.913	M+0	False	False		3931	2349
513.3131	1.681	M+1	True	False		3491	3928
745.4422	1.776	M+0	False	False		3752	3923
924.7493	14.557	M+1	True	False		3923	4890
527.405	9.645	M+0	False	False		2104	3922
573.5322	8.393	M+0	False	False		3922	3245
737.5452	6.693	M+1	True	False		3307	3921
729.5285	4.098	M+0	False	False		4705	3920
1389.8593	13.286	M+0	False	False		3145	3919
638.6682	7.971	M+0	False	False		3954	3918
821.5596	2.319	M+0	False	False		3916	4400
1303.2627	15.176	M+0	False	False		3916	6166
1120.0128	16.085	M+0	False	False		0	3915
955.5403	1.54	M+0	False	False		0	3914
749.4644	1.767	M+3	True	False		3913	3891
872.5904	1.776	M+2	True	False		4035	3911
803.5572	2.319	M+3	True	False		3910	4352
1037.3539	12.746	M+0	False	False		3908	2829
838.5024	4.826	M+0	False	False		3907	2932
781.709	13.57	M+1	True	False		3519	3905
537.536	11.095	M+0	False	False		3905	3548
827.5242	4.136	M+0	False	False		3905	3426
1373.182	14.368	M+0	False	False		3902	2274
377.7736	3.986	M+0	False	False		3902	3374
844.543	1.767	M+0	False	False		3902	0
368.4244	12.14	M+0	False	False		3900	4480
916.8328	12.853	M+0	False	False		3897	2319
805.6042	1.635	M+0	False	False		3899	3896
919.4716	1.673	M+0	False	False		3896	3368
824.538	3.007	M+0	False	False		3895	3644
790.5444	1.767	M+0	False	False		3895	3470
1317.1154	13.659	M+1	True	False		3894	3517
587.469	2.819	M+0	False	False		3892	4840
707.4921	16.063	M+0	False	False		3892	3585
893.61	1.867	M+1	True	False		3768	3889
300.1445	19.649	M+0	False	False		2897	3887
797.5517	3.158	M+0	False	False		3887	3091
681.4892	0.673	M+0	False	False		2535	3886
961.7767	15.927	M+0	False	False		3884	3425
589.4618	0.62	M+0	False	False		3525	3883
1473.4073	13.57	M+1	True	False		3022	3880
809.5116	1.867	M+1	True	False		2548	3879
696.6866	14.226	M+0	False	False		3876	4068
930.3792	2.934	M+0	False	False		2703	3874
1353.1863	15.845	M+0	False	False		0	3872
874.5018	4.877	M+2	True	False		3654	3870
653.6086	12.901	M+0	False	False		3869	4601
685.5248	2.328	M+1	True	False		3699	3868
969.8037	15.845	M+0	False	False		3707	3868
898.7803	16.326	M+0	False	False		3867	5533
575.4966	4.877	M+0	False	False		5373	3865
649.5916	15.845	M+0	False	False		2622	3863
701.6241	14.226	M+1	True	False		3863	2601
777.5723	3.877	M+0	False	False		2543	3862
904.4843	1.821	M+0	False	False		3076	3862
1251.843	13.085	M+1	True	False		2142	3861
624.6234	11.998	M+0	False	False		4524	3860
822.547	2.981	M+0	False	False		3882	3860
848.7531	10.65	M+0	False	False		5691	3860
1443.4208	12.932	M+0	False	False		2913	3859
928.4618	1.813	M+0	False	False		3857	4108
593.5531	12.199	M+0	False	False		5916	3856
1346.1689	15.175	M+1	True	False		2986	3855
920.3939	3.101	M+0	False	False		3851	2883
750.6124	12.093	M+3	True	False		3849	2893
1310.3846	12.246	M+0	False	False		2480	3848
932.4173	2.366	M+2	True	False		3847	3318
707.4914	3.877	M+0	False	False		3408	3847
1391.1389	13.806	M+1	True	False		5076	3846
913.5889	1.729	M+1	True	False		4060	3845
553.392	3.37	M+0	False	False		3092	3845
462.3208	1.54	M+0	False	False		3387	3844
922.7697	13.613	M+0	False	False		3844	2961
1472.3993	12.684	M+3	True	False		2145	3844
302.1422	16.216	M+0	False	False		4287	3842
1353.1787	15.677	M+0	False	False		1010	3840
595.5904	9.878	M+0	False	False		3954	3838
1329.1799	15.987	M+0	False	False		0	3837
854.3511	3.028	M+0	False	False		2847	3832
1250.3418	12.092	M+0	False	False		1660	3825
686.4422	8.084	M+0	False	False		3825	3607
1233.0967	12.199	M+3	True	False		3145	3820
1377.8629	13.267	M+1	True	False		3818	3771
813.5468	3.075	M+1	True	False		3674	3815
634.4543	9.889	M+0	False	False		3815	3646
722.5059	17.252	M+0	False	False		3814	2886
664.5399	13.475	M+0	False	False		2688	3810
950.8011	12.592	M+0	False	False		3810	1639
1457.1472	15.442	M+1	True	False		3805	3695
828.5259	2.366	M+0	False	False		3802	3731
201.0772	19.058	M+0	False	False		3802	3402
201.0767	8.393	M+0	False	False		3801	3133
1179.3234	13.517	M+0	False	False		3801	8446
766.528	4.731	M+0	False	False		3800	2557
902.4813	1.635	M+0	False	False		0	3798
810.5581	16.326	M+0	False	False		3798	2599
590.5345	12.731	M+0	False	False		3488	3797
723.6045	12.093	M+3	True	False		3797	3344
1068.3425	13.115	M+0	False	False		3797	3883
589.4789	3.122	M+0	False	False		3187	3796
1036.3549	12.731	M+0	False	False		3618	3796
721.5637	8.393	M+0	False	False		3795	3475
637.9724	2.981	M+0	False	False		3401	3794
595.5875	3.941	M+0	False	False		3794	3797
678.4784	5.806	M+0	False	False		3094	3794
1428.1099	16.312	M+0	False	False		4918	3793
689.5633	15.927	M+0	False	False		3792	3191
590.4658	12.046	M+0	False	False		3791	3182
923.0161	0.736	M+0	False	False		4350	3791
1068.8607	12.961	M+0	False	False		3788	3472
877.6223	4.591	M+0	False	False		3783	3746
709.661	15.339	M+0	False	False		3273	3781
1351.3826	15.391	M+0	False	False		3780	5054
187.0605	16.864	M+0	False	False		3522	3779
718.5124	2.414	M+0	False	False		3778	2521
680.5367	2.934	M+0	False	False		5083	3778
913.821	15.391	M+0	False	False		3778	3551
844.5228	2.272	M+0	False	False		3774	3130
673.5899	15.654	M+0	False	False		3771	2736
1282.9801	12.246	M+1	True	False		3771	3738
914.8215	15.391	M+1	True	False		3769	2378
523.6008	7.403	M+1	True	False		3766	4016
1344.0175	13.133	M+0	False	False		2741	3765
782.7255	14.179	M+0	False	False		3765	3427
884.7627	13.57	M+0	False	False		3850	3763
1365.1277	14.699	M+0	False	False		3763	3375
993.6496	4.793	M+0	False	False		3440	3762
931.5607	1.626	M+0	False	False		3756	4315
692.4774	2.375	M+2	True	False		5694	3754
784.5292	2.375	M+0	False	False		2966	3754
939.3892	2.366	M+1	True	False		3754	3014
707.4912	4.285	M+0	False	False		3477	3752
590.4278	7.753	M+0	False	False		3613	3751
1420.802	13.314	M+0	False	False		3749	2404
984.8364	15.927	M+0	False	False		3744	2678
715.5435	12.949	M+0	False	False		3744	2723
905.8379	15.033	M+0	False	False		2625	3739
905.7592	16.085	M+0	False	False		3107	3738
1216.3386	13.566	M+0	False	False		3736	6326
201.0764	18.263	M+0	False	False		3736	3942
888.4875	2.556	M+0	False	False		3733	3444
944.8651	14.602	M+0	False	False		3473	3732
1343.386	11.298	M+2	True	False		1895	3731
186.0868	12.901	M+0	False	False		3729	3315
201.0768	0.269	M+0	False	False		3728	2593
697.5793	14.317	M+0	False	False		2941	3725
821.0348	5.712	M+0	False	False		2789	3725
943.9918	12.14	M+0	False	False		3721	2592
590.4275	10.115	M+0	False	False		3021	3720
729.6192	13.804	M+2	True	False		3719	4257
822.5332	2.981	M+0	False	False		4348	3719
726.6637	13.506	M+1	True	False		3717	2693
664.4592	9.787	M+0	False	False		3713	3669
759.5743	12.199	M+1	True	False		2912	3713
1343.1705	15.386	M+3	True	False		3655	3711
1346.1699	14.507	M+0	False	False		3691	3711
634.4526	18.053	M+0	False	False		3708	2545
657.622	12.64	M+1	True	False		3705	3778
759.6502	13.506	M+0	False	False		3703	2781
593.9442	3.007	M+0	False	False		3703	4067
1391.8785	15.386	M+2	True	False		3554	3702
1339.0639	12.104	M+1	True	False		3513	3701
722.568	7.333	M+0	False	False		2810	3700
789.621	12.046	M+0	False	False		3700	2712
1282.9792	12.046	M+0	False	False		3700	3013
1213.908	13.618	M+0	False	False		3400	3699
827.5229	3.941	M+0	False	False		3698	4669
860.4849	2.375	M+0	False	False		5021	3697
1488.5125	12.151	M+3	True	False		1423	3696
188.0634	15.765	M+0	False	False		7998	3696
437.3206	3.007	M+0	False	False		3695	2472
934.5911	1.776	M+0	False	False		3791	3694
1070.8761	13.038	M+0	False	False		2570	3694
892.4668	2.328	M+0	False	False		3266	3691
678.4768	8.23	M+0	False	False		3690	3318
1326.2733	15.391	M+2	True	False		3690	3299
761.5886	12.305	M+1	True	False		3684	3224
1161.0092	9.866	M+1	True	False		3683	3442
188.0634	15.58	M+0	False	False		3682	3015
877.7273	14.699	M+0	False	False		3681	3500
1330.1898	15.631	M+0	False	False		0	3681
680.6383	14.707	M+0	False	False		3917	3680
709.5523	12.853	M+0	False	False		3680	2779
933.7842	11.951	M+0	False	False		4174	3680
842.5705	2.281	M+0	False	False		2903	3676
590.4663	6.122	M+0	False	False		3288	3673
818.5208	3.917	M+0	False	False		3179	3672
943.9934	14.32	M+0	False	False		3672	2218
806.7242	13.712	M+0	False	False		3431	3670
634.456	3.075	M+0	False	False		4063	3670
766.5266	6.122	M+0	False	False		2762	3670
933.7862	14.652	M+0	False	False		3667	3204
822.6022	1.813	M+0	False	False		3664	3389
1340.2151	15.386	M+0	False	False		2938	3663
452.8076	1.579	M+0	False	False		3662	2571
700.624	13.085	M+0	False	False		3538	3662
757.5434	9.066	M+0	False	False		3661	1854
735.4737	2.375	M+0	False	False		3396	3660
201.0759	18.672	M+0	False	False		3659	3587
786.4125	2.866	M+0	False	False		3657	3373
1497.4185	12.104	M+3	True	False		0	3657
755.5018	11.951	M+0	False	False		3555	3657
808.583	3.028	M+0	False	False		1982	3656
803.6354	9.501	M+1	True	False		3387	3655
1457.1447	15.702	M+0	False	False		3653	2369
550.6299	9.866	M+0	False	False		3652	2667
707.4898	1.681	M+0	False	False		4528	3652
1058.277	9.97	M+0	False	False		3652	7233
420.3332	0.144	M+0	False	False		3405	3651
1074.9134	15.957	M+0	False	False		3650	3053
698.5359	3.054	M+0	False	False		3649	3331
933.8801	16.467	M+1	True	False		3217	3649
853.798	14.554	M+0	False	False		2773	3648
421.3268	6.526	M+0	False	False		3646	5147
690.5721	15.339	M+0	False	False		3359	3645
721.5619	8.922	M+0	False	False		3771	3644
1232.3278	12.104	M+0	False	False		1917	3643
1265.3794	9.787	M+0	False	False		3643	18081
226.9507	14.747	M+0	False	False		3643	2978
845.657	7.265	M+1	True	False		3642	4436
624.624	7.869	M+0	False	False		3639	3118
829.4929	3.075	M+1	True	False		3282	3634
818.5848	1.813	M+0	False	False		3633	3648
590.5578	9.283	M+3	True	False		3423	3631
906.429	3.075	M+2	True	False		3207	3629
201.076	11.661	M+0	False	False		3627	4295
686.4392	7.687	M+1	True	False		3623	3590
1176.8987	13.459	M+1	True	False		3622	6225
664.4598	9.854	M+0	False	False		3622	3517
620.6618	11.998	M+0	False	False		4948	3621
898.7308	14.507	M+1	True	False		4701	3621
746.4918	2.319	M+1	True	False		3620	2519
470.814	1.673	M+0	False	False		3617	2725
671.6461	15.339	M+0	False	False		3181	3617
712.6449	13.522	M+0	False	False		3220	3615
738.5058	2.281	M+0	False	False		2480	3614
664.456	9.207	M+0	False	False		3613	3589
766.4761	5.005	M+0	False	False		3612	2666
846.5679	1.72	M+0	False	False		3612	3528
1339.4413	11.271	M+0	False	False		3612	0
1357.1583	14.759	M+0	False	False		3612	1808
716.4594	2.461	M+0	False	False	184.0724;1.0	3612	4743
1420.8167	13.333	M+0	False	False		2130	3608
698.5558	16.129	M+0	False	False		1024	3606
651.6563	12.789	M+0	False	False		2216	3603
1344.1646	15.456	M+3	True	False		3469	3602
187.059	11.425	M+0	False	False		3599	3544
860.6107	2.96	M+0	False	False		3595	3809
687.1864	3.877	M+0	False	False		1096	3594
1377.2064	14.222	M+3	True	False		4795	3594
698.5583	14.554	M+0	False	False		1006	3594
1457.147	15.269	M+0	False	False		3276	3594
1325.3691	13.239	M+0	False	False		4024	3592
596.594	5.758	M+1	True	False		3248	3592
992.742	3.147	M+0	False	False		3591	2684
1302.3541	11.271	M+0	False	False		3591	6302
201.0776	0.438	M+0	False	False		2573	3591
1325.2535	15.583	M+0	False	False		4234	3591
327.3374	11.52	M+0	False	True		3588	4743
243.1236	16.359	M+0	False	False		3586	3772
420.3339	19.354	M+0	False	False		3585	3530
678.4816	17.419	M+0	False	False		3585	3488
1341.2367	15.175	M+0	False	False		4544	3585
722.5242	12.961	M+0	False	False		3584	2383
1487.133	14.766	M+0	False	False		3509	3582
859.5067	4.18	M+1	True	False		3582	3361
873.5729	1.626	M+0	False	False		3580	3276
659.9822	3.007	M+0	False	False		3580	4266
371.1024	15.677	M+0	False	False		2977	3578
647.5562	15.269	M+0	False	False		2776	3577
837.029	3.774	M+0	False	False		3577	3645
873.8022	14.226	M+0	False	False		3576	2700
932.8745	16.545	M+0	False	False		3576	3241
1470.3912	12.686	M+1	True	False		3576	6152
1142.0712	16.049	M+0	False	False		0	3573
461.3594	19.727	M+0	False	False		3100	3573
920.4211	2.272	M+0	False	False		3572	0
888.3168	12.14	M+0	False	False		3571	3180
478.2682	4.558	M+0	False	False		2030	3571
502.3732	12.901	M+0	False	False		3568	2395
201.0757	9.347	M+0	False	False		3564	2986
687.727	13.708	M+0	False	False		3563	0
755.6954	13.506	M+0	False	False		3563	3105
1323.2454	15.456	M+0	False	False		4125	3563
1345.0294	13.038	M+0	False	False		3207	3563
873.7782	16.085	M+0	False	False		2039	3561
950.8035	14.27	M+0	False	False		2353	3560
849.567	2.328	M+0	False	False		5274	3558
889.4968	2.281	M+0	False	False		2069	3555
1245.1672	12.592	M+1	True	False		3555	3399
1473.8954	13.57	M+0	False	False		1903	3555
444.3803	2.375	M+0	False	False		2863	3555
371.1011	16.312	M+0	False	False		2828	3554
1018.9531	14.554	M+0	False	False		1396	3553
1457.8311	13.267	M+0	False	False		3552	2727
923.0142	11.13	M+0	False	False		4345	3552
780.396	2.819	M+0	False	False		3550	4729
976.8397	15.379	M+0	False	False		3549	3086
793.7099	13.428	M+0	False	False		3077	3548
672.6344	14.176	M+1	True	False		2320	3547
722.563	12.805	M+1	True	False		3545	2594
601.4588	15.654	M+0	False	False		3543	2392
242.1227	18.613	M+0	False	False		3098	3543
550.5672	9.6	M+0	False	False		3540	3155
708.4959	12.885	M+0	False	False		2580	3539
647.4588	12.991	M+0	False	False		3565	3537
690.5696	15.738	M+0	False	False		3537	2248
910.2384	7.241	M+2	True	False		0	3535
1363.3658	13.333	M+0	False	False		2328	3532
886.4516	3.122	M+0	False	False		2691	3531
1237.0881	14.459	M+0	False	False		0	3530
688.4911	5.422	M+0	False	False		3529	2652
699.507	2.281	M+0	False	False		0	3529
1247.1063	12.59	M+3	True	False		3240	3527
1328.2317	15.386	M+0	False	False		1602	3526
372.3707	15.033	M+0	False	False		2423	3525
846.5605	2.281	M+0	False	False		2812	3523
973.865	15.339	M+0	False	False		2862	3523
850.2911	12.14	M+0	False	False		3522	3162
663.4579	0.544	M+0	False	False		3017	3522
958.8298	15.975	M+0	False	False		3133	3517
875.6951	13.459	M+0	False	False		3513	4085
1358.1624	13.806	M+0	False	False		2738	3512
891.816	14.652	M+1	True	False		3511	3952
721.5668	7.639	M+0	False	False		3510	3520
654.6406	13.618	M+0	False	False		2836	3509
720.5022	1.729	M+0	False	False		3353	3507
664.4588	13.381	M+0	False	False		3049	3506
269.1951	2.366	M+0	False	False		3504	3234
550.6282	6.602	M+0	False	False		3000	3502
367.3375	12.093	M+0	False	False		3500	3806
940.7997	13.659	M+3	True	False		3499	2312
188.062	15.934	M+2	True	False		6574	3496
452.3233	1.681	M+1	True	False		3746	3495
822.5245	5.712	M+0	False	False		2281	3489
1178.3251	12.932	M+2	True	False		2522	3489
979.8186	15.176	M+0	False	False		3484	2876
1368.2236	14.368	M+2	True	False		3483	3241
590.4269	10.931	M+0	False	False		2950	3483
575.5151	12.853	M+0	False	False		3479	3246
665.629	8.101	M+1	True	False		3099	3479
531.4068	10.639	M+0	False	False		3478	3693
816.6404	3.272	M+0	False	False		3477	3265
693.6855	14.602	M+0	False	False		3334	3475
828.5336	3.833	M+0	False	False		4865	3475
429.3222	2.819	M+1	True	False		3473	3110
879.7709	12.794	M+0	False	False		3472	0
803.5614	3.158	M+0	False	False		3470	5931
372.185	16.246	M+0	False	False		3194	3467
634.4544	0.267	M+0	False	False		2287	3467
488.2835	1.635	M+0	False	False		2888	3466
441.261	1.587	M+0	False	False		1489	3464
911.5331	1.813	M+0	False	False		3464	0
948.8862	15.536	M+0	False	False		3464	2351
707.5804	13.708	M+0	False	False		3463	3743
913.8181	14.648	M+0	False	False		4108	3463
1430.1194	16.17	M+1	True	False		3459	3444
469.3258	1.626	M+0	False	False		3458	2196
1356.899	13.333	M+0	False	False		2542	3458
284.331	0.567	M+0	False	False		2261	3458
678.4818	3.691	M+0	False	False		3647	3452
852.817	14.507	M+0	False	False		4244	3450
1238.0892	14.27	M+0	False	False		0	3449
877.7264	16.085	M+0	False	False		1897	3449
804.6402	9.254	M+2	True	False		3448	3530
708.4968	6.214	M+0	False	False		3112	3448
624.6247	8.172	M+0	False	False		3447	2555
596.6092	9.283	M+0	False	False		3392	3446
597.6022	12.258	M+0	False	False		3444	2499
669.5262	3.158	M+3	True	False		3444	3549
317.3255	11.058	M+0	False	False		2629	3443
819.5264	4.098	M+0	False	False		2291	3443
1354.1886	15.718	M+1	True	False		0	3443
1354.1884	15.964	M+0	False	False		0	3443
694.5392	8.132	M+0	False	False		3442	3278
211.0924	1.813	M+0	False	False		3440	0
685.5729	6.718	M+0	False	False		3439	3126
1436.8895	13.475	M+1	True	False		2049	3439
721.6454	6.594	M+0	False	False		3439	2151
861.779	14.459	M+1	True	False		2988	3438
647.6104	13.286	M+0	False	False		2190	3438
757.6122	5.664	M+0	False	False		3516	3437
957.874	16.136	M+0	False	False		3435	2906
983.8329	15.927	M+0	False	False		3435	3076
223.0637	15.222	M+0	False	False		3904	3434
894.7524	16.1	M+0	False	False		3431	3120
1355.2301	15.269	M+2	True	False		1731	3430
919.8386	14.554	M+2	True	False		2715	3429
686.4427	9.738	M+0	False	False		3429	3224
899.5303	1.776	M+0	False	False		3752	3426
531.4118	8.199	M+0	False	False		3039	3425
835.7509	13.901	M+0	False	False		3034	3424
297.0839	16.216	M+0	False	False		3688	3424
912.7862	13.708	M+1	True	False		3422	3344
1215.3258	13.038	M+0	False	False		2239	3422
840.6765	11.999	M+0	False	False		3421	0
550.6302	8.101	M+0	False	False		4337	3421
614.406	16.296	M+0	False	False		3420	3435
269.2443	4.191	M+0	False	False		0	3419
642.6563	13.267	M+0	False	False		3419	4031
722.5611	13.806	M+0	False	False		0	3415
1110.3812	12.961	M+0	False	False		3414	2459
903.8187	15.78	M+0	False	False		3414	4028
744.6122	12.363	M+1	True	False		4096	3412
722.5654	4.652	M+0	False	False		2628	3412
1013.8418	15.654	M+0	False	False		3412	2922
440.2933	1.813	M+0	False	False		3410	0
931.4249	2.375	M+3	True	False		2775	3408
411.2848	1.579	M+0	False	False		3407	0
823.7535	13.901	M+3	True	False		3657	3407
664.4599	8.536	M+0	False	False		3407	3646
721.5614	9.082	M+0	False	False		3236	3407
1304.207	15.49	M+0	False	False		3406	2848
317.3259	17.913	M+0	False	False		3406	2876
754.5402	3.941	M+0	False	True		3405	3392
700.2537	9.283	M+2	True	False		3314	3404
808.58	4.924	M+0	False	False		5209	3404
707.4937	15.631	M+0	False	False		3067	3403
943.9902	13.613	M+0	False	False		3403	2340
1248.8359	12.046	M+0	False	False		3402	3214
696.4442	4.285	M+0	False	False		3711	3402
682.4877	5.673	M+0	False	False		3401	2787
689.7455	14.557	M+0	False	False		3400	3519
151.0158	4.779	M+0	False	False		3398	2220
822.7482	13.854	M+0	False	False		2375	3396
902.7916	13.665	M+0	False	False		3002	3396
1231.13	14.554	M+0	False	False		0	3395
756.504	1.626	M+0	False	False		3391	3400
1146.3495	12.151	M+0	False	False		3348	3391
432.2801	17.623	M+0	False	False		3390	2615
812.0318	4.924	M+0	False	False		2956	3390
904.8696	14.507	M+0	False	False		3890	3389
368.3408	15.798	M+1	True	False		3347	3389
923.7826	15.881	M+0	False	False		3152	3388
480.5128	9.475	M+0	False	False		3387	2860
609.6044	12.258	M+0	False	False		3385	3644
925.7971	15.654	M+0	False	False		3385	3047
1345.1616	15.431	M+0	False	False		3383	3094
879.6429	1.635	M+0	False	False		2843	3379
697.654	9.691	M+1	True	False		3379	2498
461.3602	4.285	M+0	False	False		3239	3377
804.498	3.228	M+0	False	False		3247	3377
188.0627	15.431	M+0	False	False		3376	6674
461.3605	0.173	M+0	False	False		1792	3376
746.6363	13.411	M+1	True	False		3375	2403
828.0238	4.136	M+0	False	False		3374	2926
371.1045	13.381	M+0	False	False		1812	3373
670.5642	13.712	M+1	True	False		2943	3372
950.3771	2.866	M+2	True	False		3371	4601
707.49	14.747	M+0	False	False		3371	3120
865.5696	1.626	M+0	False	False		3369	3002
682.4834	11.673	M+0	False	False		3369	3186
744.5374	2.046	M+0	False	False		3369	3277
1356.1622	14.707	M+0	False	False		3304	3367
769.5434	4.027	M+0	False	False		2777	3366
1375.8664	13.267	M+1	True	False		3365	2979
549.5092	13.506	M+0	False	False		3365	2313
628.1966	16.085	M+0	False	False		3018	3362
634.4521	18.23	M+0	False	False		3362	2945
587.4679	3.075	M+0	False	False		2440	3358
842.5223	2.913	M+0	False	False		3356	3184
702.2176	15.987	M+0	False	False		2795	3356
531.4079	15.444	M+0	False	False		4241	3355
828.0274	3.877	M+0	False	False		2615	3355
857.7554	14.759	M+0	False	False		3355	5599
1384.2173	14.179	M+0	False	False		3354	3258
1075.9162	15.583	M+0	False	False		2962	3353
894.4821	2.375	M+0	False	False		2988	3352
592.5001	9.947	M+1	True	False		3351	3300
634.4532	5.664	M+0	False	False		3585	3349
698.5622	13.333	M+0	False	False		0	3349
731.5262	2.366	M+0	False	False		3349	3361
722.5229	13.085	M+0	False	False		1496	3346
702.6316	12.853	M+2	True	False		3345	2594
614.4086	13.899	M+0	False	False		3344	1642
814.3627	5.47	M+0	False	False		3343	2605
550.6276	9.777	M+0	False	False		3054	3343
955.8079	15.176	M+0	False	False		3343	1928
787.6623	7.403	M+1	True	False		3342	2982
1335.171	14.273	M+0	False	False		3342	2899
210.1199	4.227	M+0	False	False		3341	3185
904.7474	14.707	M+0	False	False		2495	3339
957.522	1.587	M+1	True	False		3489	3338
848.7578	13.806	M+1	True	False		2341	3337
550.6289	7.38	M+0	False	False		3007	3336
904.887	14.554	M+1	True	False		3178	3333
956.4402	1.579	M+0	False	False		3333	2149
1474.4072	13.57	M+2	True	False		1620	3332
1020.0001	15.176	M+0	False	False		3330	0
666.4812	2.366	M+0	False	False		3330	3835
595.5877	10.148	M+0	False	False		3328	3071
883.8328	14.412	M+1	True	False		2188	3327
593.443	4.089	M+0	False	False		3327	2005
819.5528	2.375	M+2	True	False		3937	3326
1363.8676	13.333	M+1	True	False		2395	3324
201.076	19.716	M+0	False	False		2833	3324
655.6007	12.686	M+0	False	False		3324	2636
590.465	11.661	M+0	False	False		3323	2539
304.2854	16.129	M+0	False	False		3561	3322
895.7985	13.363	M+1	True	False		3321	2680
1035.352	12.735	M+0	False	False		3321	2756
1146.0896	16.085	M+2	True	False		0	3321
201.0753	17.949	M+0	False	False		3320	4166
976.8903	15.975	M+0	False	False		5298	3319
770.5331	7.333	M+0	False	False		2221	3318
550.5122	12.14	M+0	False	False		3313	2872
284.3314	6.521	M+0	False	False		2594	3311
634.4547	6.261	M+0	False	False		3544	3311
682.4842	6.14	M+0	False	False		3309	2446
902.7294	14.459	M+0	False	False		2972	3306
1249.9975	9.301	M+0	False	False		3305	3245
1056.2887	13.759	M+0	False	False		2560	3304
922.8818	15.503	M+0	False	False		3697	3303
686.4398	8.986	M+1	True	False		3302	2428
711.6442	13.522	M+0	False	False		4185	3299
636.463	1.635	M+0	False	False		3482	3298
859.4862	2.328	M+0	False	False		3710	3295
1392.3793	15.442	M+0	False	False		3294	2242
926.8045	15.386	M+0	False	False		2141	3294
846.7567	14.176	M+0	False	False		3173	3293
768.5362	2.461	M+0	False	False		3291	5771
785.5868	6.493	M+1	True	False		3290	2780
857.7342	13.286	M+1	True	False		2515	3290
1342.1741	15.765	M+0	False	False		3628	3288
1116.1294	16.129	M+0	False	False		0	3287
934.8815	13.665	M+0	False	False		2353	3286
617.5819	12.187	M+0	False	False		3284	2801
692.5223	6.741	M+0	False	False		3048	3282
590.4638	6.988	M+0	False	False		3279	2839
766.5292	9.189	M+0	False	False		3637	3279
898.7812	13.115	M+0	False	False		3278	2693
960.8193	16.049	M+0	False	False		2141	3276
341.3183	12.837	M+0	False	False		3170	3275
802.5814	2.366	M+0	False	False		3273	3073
1344.2275	14.557	M+0	False	False		3269	3617
917.6609	4.191	M+0	False	False		2875	3268
887.4357	3.147	M+3	True	False		3265	3127
201.076	0.859	M+0	False	False		3263	3283
928.8513	14.652	M+0	False	False		3262	2165
912.4477	2.319	M+0	False	False		3262	2929
875.4974	2.319	M+0	False	False		3261	2465
1178.0326	12.636	M+0	False	False		3245	3261
304.2854	2.414	M+0	False	False		3261	3019
421.3251	6.718	M+0	False	False		3261	3366
596.5966	13.192	M+0	False	False		3046	3259
932.582	1.776	M+0	False	False		3305	3256
741.5808	12.316	M+0	False	False		3187	3256
678.4784	0.608	M+0	False	False		3361	3255
969.8252	14.604	M+0	False	False		3254	3191
876.8004	15.957	M+2	True	False		3251	4539
1498.9135	15.677	M+0	False	False		3289	3250
832.6271	3.786	M+0	False	False		4808	3247
775.2738	11.392	M+3	True	False		3197	3245
850.6964	10.732	M+0	False	False		3245	7855
650.4414	4.793	M+0	False	False		2681	3244
784.5224	3.007	M+0	False	False		3243	3385
886.4683	2.866	M+0	False	False		3242	3785
647.4595	13.192	M+0	False	False		3227	3241
847.6639	12.991	M+0	False	False		1834	3239
466.2557	2.272	M+0	False	False		3236	0
1368.9478	12.187	M+0	False	False		3236	1994
665.461	11.72	M+0	False	False		3236	3131
201.0766	8.132	M+0	False	False		3235	2843
450.3209	1.579	M+0	False	False		3234	3085
1345.2306	14.766	M+0	False	False		1724	3233
824.8309	14.462	M+0	False	False		3230	3205
575.4456	12.14	M+0	False	False		3229	2797
1426.1528	16.136	M+3	True	False		3227	2993
888.8036	14.365	M+0	False	False		3762	3226
797.5315	5.758	M+0	False	False		3653	3226
877.7968	13.901	M+0	False	False		2630	3225
678.4803	0.438	M+0	False	False		3247	3225
928.4923	4.858	M+0	False	False		3225	2939
388.2546	0.844	M+0	False	False		3017	3224
752.5052	2.281	M+0	False	False		2737	3223
985.2606	8.575	M+3	True	False		2361	3223
1329.1874	15.765	M+0	False	False		0	3222
549.5057	16.211	M+0	False	False		3221	3119
679.4807	2.319	M+1	True	False		3221	2716
284.3316	0.267	M+0	False	False		2141	3220
753.4806	2.272	M+1	True	False		3219	2357
799.6806	13.854	M+0	False	False		2850	3219
709.4979	12.257	M+2	True	False		3115	3217
637.5074	12.199	M+0	False	False		2675	3210
750.488	11.951	M+1	True	False		3207	2557
736.4664	3.272	M+0	False	False		3206	3524
664.441	1.587	M+0	False	False		4544	3203
871.713	14.459	M+0	False	False		2695	3203
1197.1954	15.456	M+0	False	False		2484	3201
1303.1003	13.459	M+0	False	False		3200	3095
269.1627	16.834	M+0	False	False		2217	3200
762.199	4.837	M+1	True	False		1254	3197
948.3914	2.934	M+0	False	False		4268	3197
738.5934	12.991	M+2	True	False		2669	3196
701.4088	5.676	M+0	False	False		3140	3196
420.3316	0.267	M+0	False	False		4540	3195
690.5704	15.129	M+0	False	False		3192	2965
304.2851	13.411	M+0	False	False		3190	2939
703.5109	3.691	M+0	False	False		3111	3188
955.7593	15.957	M+0	False	False		3188	3066
753.6722	13.115	M+0	False	False		3187	2700
961.8336	14.412	M+0	False	False		2839	3187
590.466	5.676	M+0	False	False		3535	3185
438.3271	2.517	M+0	False	False		3196	3183
786.6077	3.941	M+0	False	False		3182	3044
904.7462	16.248	M+0	False	False		3182	1614
816.4983	2.272	M+0	False	False		3181	2750
939.7673	12.093	M+0	False	False		3180	2976
284.3323	7.982	M+0	False	False		3310	3180
975.9074	15.631	M+0	False	False		0	3179
793.6118	9.645	M+0	False	False		2601	3177
705.5736	13.708	M+0	False	False		3176	3839
788.6881	3.054	M+0	False	False		3176	2576
875.8582	14.368	M+1	True	False		3176	3405
962.7764	15.957	M+1	True	False		3176	2390
797.6642	13.459	M+0	False	False		3175	3069
1340.2708	15.08	M+0	False	False		2641	3174
828.5332	2.319	M+0	False	False		3174	3731
621.4742	1.587	M+0	False	False		3383	3173
1319.2976	15.61	M+0	False	False		3173	3367
827.4922	4.591	M+0	False	False		3172	2646
708.493	2.96	M+0	False	False		3172	1844
801.5094	2.319	M+0	False	False		3172	3515
762.659	7.882	M+0	False	False		4218	3170
1090.1078	15.631	M+1	True	False		0	3168
721.5619	2.913	M+0	False	False		3168	3109
667.5639	3.007	M+1	True	False		3163	2130
948.7226	3.147	M+0	False	False		3162	2956
642.6017	16.049	M+0	False	False		3186	3161
585.5356	7.709	M+0	False	False		3438	3160
685.6202	12.686	M+0	False	False		3160	2520
870.4406	1.961	M+0	False	False		2817	3160
606.5159	11.138	M+1	True	False		3159	2567
989.9036	15.845	M+0	False	False		2612	3156
636.5554	11.951	M+0	False	False		3155	2576
655.6508	11.951	M+0	False	False		3154	1962
297.0836	15.631	M+0	False	False		1953	3152
824.5206	2.84	M+0	False	False		3375	3151
368.4262	11.175	M+0	False	False		3147	3517
825.563	2.281	M+1	True	False		3283	3146
388.2549	16.848	M+0	False	False		3146	1786
839.0187	4.826	M+0	False	False		3144	2488
420.3318	0.859	M+0	False	False		3144	2791
1330.1945	15.503	M+0	False	False		0	3144
878.7296	14.179	M+1	True	False		3141	2996
461.3604	11.472	M+0	False	False		3139	2281
284.3318	6.788	M+0	False	False		3098	3136
428.8172	3.122	M+0	False	False		1338	3136
821.0337	3.95	M+0	False	False		2976	3134
845.5098	3.181	M+0	False	False		2134	3134
922.0755	14.273	M+0	False	False		3134	2894
904.6432	4.605	M+0	False	False		3285	3133
783.4093	3.075	M+0	False	False		2726	3132
954.8177	16.482	M+1	True	False		3132	2982
958.8292	15.911	M+2	True	False		3133	3129
877.8035	16.049	M+2	True	False		2977	3128
1327.2566	15.339	M+0	False	False		3334	3126
678.4797	0.045	M+0	False	False		2404	3126
590.4286	2.281	M+0	False	False		2433	3125
461.3576	0.405	M+0	False	False		3296	3117
649.5869	12.778	M+0	False	False		3028	3117
912.6627	12.805	M+0	False	False		3117	2514
678.48	17.8	M+0	False	False		2831	3116
1175.8207	12.944	M+0	False	False		2650	3115
1320.3185	15.61	M+0	False	False		3114	2759
879.7422	15.738	M+0	False	False		3113	3027
708.492	5.403	M+0	False	False		3361	3112
722.5246	0.045	M+0	False	False		1216	3111
828.4898	4.793	M+2	True	False		3615	3110
774.6662	13.755	M+1	True	False		3108	3018
979.8405	15.176	M+1	True	False		3108	3098
661.4189	2.328	M+0	False	False		2686	3107
812.531	4.731	M+0	False	False		3106	2626
553.388	14.652	M+0	False	False		3105	1438
531.4107	7.8	M+0	False	False		3275	3104
634.454	0.803	M+0	False	False		3530	3102
849.8327	14.176	M+0	False	False		2594	3101
910.7975	14.807	M+0	False	False		3100	2863
959.9696	12.837	M+0	False	False		2585	3100
914.824	14.652	M+1	True	False		3099	2902
1356.1465	14.699	M+0	False	False		3099	0
878.8688	14.507	M+0	False	False		2332	3098
743.578	12.932	M+0	False	False		4226	3096
857.5387	2.328	M+0	False	False		4588	3096
678.4816	19.817	M+0	False	False		3096	2908
747.5186	1.776	M+0	False	False		2800	3095
674.5942	14.412	M+0	False	False		2250	3095
328.1762	15.857	M+0	False	False		3094	2387
579.5686	12.046	M+0	False	False		3092	3331
624.6209	6.561	M+0	False	False		3091	3075
1488.1359	15.224	M+0	False	False		3091	2686
825.49	2.981	M+3	True	False		3974	3090
895.8264	13.363	M+0	False	False		3090	2717
546.4008	6.602	M+0	False	False		2872	3090
788.6794	8.45	M+0	False	False		3258	3088
817.6222	6.328	M+0	False	False		3088	3477
707.4921	2.508	M+0	False	False		3085	2977
900.798	12.686	M+0	False	False		3085	1972
461.361	19.344	M+0	False	False		3547	3084
1138.8176	12.885	M+0	False	False		1667	3083
624.6218	6.963	M+0	False	False		2868	3082
686.449	15.893	M+0	False	False		3082	1929
731.6062	12.853	M+0	False	False		3082	2575
726.6458	12.64	M+1	True	False		3081	1931
780.4004	3.122	M+0	False	False		3353	3081
1057.2949	13.18	M+0	False	False		1487	3079
708.5	7.38	M+0	False	False		3063	3076
955.7603	15.702	M+0	False	False		3075	2093
531.4085	6.462	M+0	False	False		2964	3074
686.4413	3.122	M+1	True	False		2670	3074
383.3317	16.282	M+0	False	False		2134	3073
663.4721	5.376	M+0	False	False		3073	0
831.5108	3.054	M+0	False	False		3073	3284
551.6302	11.999	M+0	False	False		3071	2954
553.3872	9.901	M+0	False	False		3071	2516
807.7275	13.665	M+1	True	False		2312	3070
824.5092	3.007	M+0	False	False		3070	3050
894.7601	15.987	M+0	False	False		3158	3069
856.5161	4.136	M+0	False	False		3068	2595
550.628	10.035	M+0	False	False		2771	3066
461.3602	19.08	M+0	False	False		2932	3064
779.5426	11.021	M+0	False	False		3506	3063
808.5471	3.95	M+0	False	False		2168	3062
907.429	2.866	M+0	False	False		3062	2073
733.52	2.366	M+1	True	False		3061	2490
1205.3265	13.506	M+0	False	False		3061	2520
505.3895	3.17	M+0	False	False		1975	3059
788.6034	2.272	M+0	False	False		3056	3450
943.9947	12.991	M+0	False	False		2847	3055
810.5584	8.323	M+0	False	False		2631	3054
624.6263	11.672	M+0	False	False		3371	3053
648.6934	12.636	M+0	False	False		2310	3052
531.4056	9.207	M+0	False	False		3049	2841
480.7697	4.144	M+0	False	False		3045	3046
686.4701	3.941	M+0	False	False		3046	2929
1139.0054	16.016	M+0	False	False		0	3046
678.4818	17.644	M+0	False	False		2785	3046
1167.2611	8.356	M+0	False	False		2094	3045
788.6112	12.64	M+0	False	False		3045	3472
923.4019	3.075	M+3	True	False		2103	3044
590.4282	0.77	M+0	False	False		2773	3044
757.5393	9.691	M+0	False	False		3044	2832
807.5647	3.101	M+0	False	False		3044	2401
817.6464	3.276	M+1	True	False		2058	3043
678.4764	0.208	M+0	False	False		2746	3043
924.4053	3.37	M+0	False	False		2448	3041
895.7593	14.179	M+0	False	False		3041	2663
681.5371	11.72	M+1	True	False		3040	3286
757.5543	11.951	M+1	True	True		3040	2277
711.7056	14.27	M+1	True	False		2288	3037
1332.1548	12.805	M+2	True	False		3037	2963
648.591	12.853	M+0	False	False		3036	0
589.471	6.234	M+0	False	False		3035	5420
819.4798	2.328	M+0	False	False		2091	3035
548.5068	8.452	M+0	False	False		3034	3169
571.4303	11.425	M+0	False	False		3034	2103
722.5061	19.899	M+0	False	False		3034	2505
946.381	3.028	M+0	False	False		2950	3033
723.511	13.428	M+0	False	False		2353	3033
758.5688	7.857	M+0	False	False		3033	3317
486.3043	1.579	M+0	False	False		3032	3053
670.6159	12.187	M+1	True	False		3030	2696
994.2846	13.068	M+0	False	False		3028	4460
1338.1056	12.187	M+2	True	False		3027	3247
531.4104	8.922	M+0	False	False		2729	3027
821.5358	4.027	M+0	False	False		2205	3027
702.2168	16.136	M+0	False	False		3026	2614
832.6319	3.101	M+0	False	False		3025	3230
721.5075	16.451	M+0	False	False		3024	2500
818.7244	13.57	M+0	False	False		2725	3023
548.5591	12.636	M+0	False	False		3110	3023
902.7293	15.994	M+1	True	False		3021	2774
687.5628	12.093	M+2	True	False		3020	3684
1296.1496	14.507	M+2	True	False		2907	3019
681.4888	0.279	M+1	True	False		2479	3018
958.8798	16.17	M+1	True	False		3018	2239
531.4101	8.356	M+0	False	False		3344	3017
710.5918	14.179	M+0	False	False		3016	2873
420.3308	18.505	M+0	False	False		3016	3457
878.8151	15.081	M+0	False	False		3014	2683
894.8502	15.224	M+0	False	False		3013	2556
1283.9773	12.093	M+1	True	False		3013	1804
226.9522	16.359	M+0	False	False		3012	2972
772.4754	2.281	M+0	False	False		3087	3010
1357.9332	12.305	M+2	True	False		3010	3492
905.7577	15.28	M+0	False	False		2734	3010
797.4969	1.635	M+0	False	False		2579	3009
957.7715	12.944	M+1	True	False		1421	3008
775.6298	3.181	M+1	True	False		2873	3007
445.1226	12.885	M+0	False	False		1264	3007
791.5603	2.366	M+0	False	False		3005	2823
665.532	13.085	M+0	False	False		2182	3004
848.5179	4.321	M+0	False	False		3003	2301
1036.7767	3.122	M+0	False	False		2477	3002
564.5582	7.709	M+1	True	False		4100	3001
897.8465	14.412	M+1	True	False		2007	3001
948.3816	3.205	M+0	False	False		3001	3349
925.8071	14.32	M+0	False	False		3000	4383
901.7276	16.296	M+0	False	False		3000	2826
694.6692	14.602	M+0	False	False		2443	2999
856.3459	2.934	M+0	False	False		2561	2999
1357.1798	13.712	M+0	False	False		2736	2999
756.5562	7.265	M+0	False	False		2999	0
804.5234	7.287	M+0	False	False		0	2999
959.8755	15.224	M+1	True	False		2998	3048
1345.0283	13.175	M+0	False	False		2998	3072
771.6492	13.411	M+0	False	False		2997	2066
685.4376	13.038	M+0	False	False		2242	2997
684.6319	13.239	M+0	False	False		1975	2993
925.7867	13.428	M+0	False	False		1696	2993
796.7966	14.179	M+0	False	False		2992	2747
983.8328	15.975	M+0	False	False		3060	2991
593.596	9.052	M+0	False	False		2027	2989
840.5575	2.272	M+0	False	False		2986	2831
829.5277	3.95	M+2	True	False		2822	2984
984.9002	15.269	M+0	False	False		1296	2984
1362.219	14.459	M+1	True	False		1168	2983
1069.8605	12.944	M+1	True	False		2980	2982
187.0607	10.057	M+0	False	False		2982	2624
708.4984	5.664	M+0	False	False		2917	2981
955.7545	12.093	M+0	False	False		2981	2818
1320.426	15.332	M+0	False	False		2980	2546
1327.2196	15.654	M+0	False	False		2980	3635
650.6385	9.468	M+1	True	False		2971	2979
1059.273	9.822	M+0	False	False		1206	2979
895.7626	15.845	M+0	False	False		2467	2979
843.7431	14.602	M+0	False	False		2513	2976
458.3474	16.359	M+0	False	False		2976	2267
730.5619	2.611	M+0	False	False		2864	2975
689.5727	12.316	M+0	False	False		2674	2975
590.4296	10.023	M+0	False	False		3059	2972
699.6082	14.412	M+0	False	False		1846	2971
461.36	0.631	M+0	False	False		3452	2970
892.7398	13.566	M+0	False	False		2970	2285
681.636	14.696	M+1	True	False		2927	2969
685.6332	13.665	M+1	True	False		3565	2969
955.7588	16.136	M+0	False	False		2968	2545
550.6666	9.082	M+0	False	False		3338	2966
678.48	18.314	M+0	False	False		3300	2966
810.5836	3.075	M+2	True	False		3373	2965
187.0606	16.987	M+0	False	False		2428	2964
531.4092	10.078	M+0	False	False		2307	2963
502.3768	7.687	M+0	False	False		2962	2667
821.5353	5.673	M+0	False	False		2962	2122
955.7623	15.58	M+0	False	False		2962	2431
936.7797	13.755	M+0	False	False		2961	1858
852.5768	2.375	M+3	True	False		2800	2960
724.7176	14.507	M+0	False	False		2702	2958
909.5991	1.626	M+0	False	False		2957	2002
728.6492	12.853	M+0	False	False		2956	4583
239.1488	5.757	M+0	False	False		2955	1894
933.8852	16.451	M+1	True	False		2954	3649
698.5567	2.422	M+0	False	False		1855	2954
1353.1799	15.987	M+0	False	False		0	2953
1325.2021	15.975	M+0	False	False		4442	2952
269.164	16.634	M+0	False	False		2136	2951
480.2688	4.238	M+0	False	False		3544	2951
761.6262	7.639	M+0	False	False		2950	3444
1327.2875	15.271	M+0	False	False		2949	2208
1429.1257	16.312	M+0	False	False		4194	2949
943.9922	13.381	M+0	False	False		2601	2949
766.5302	12.686	M+0	False	False		2948	2139
834.3876	2.375	M+0	False	False		2545	2946
760.7292	7.592	M+0	False	False		2946	2723
587.5504	12.731	M+0	False	False		4036	2945
259.1014	16.016	M+0	False	False		2589	2944
571.4278	11.318	M+0	False	False		2941	1657
702.6518	13.806	M+0	False	False		2884	2940
779.54	11.13	M+0	False	False		2187	2939
956.7608	15.964	M+1	True	False		1979	2939
991.8288	13.314	M+0	False	False		2938	2534
936.886	15.398	M+2	True	False		2218	2937
546.4007	19.846	M+0	False	False		2937	2650
821.5334	4.858	M+0	False	False		2937	2789
959.9636	0.104	M+0	False	False		2937	1397
767.5547	5.496	M+0	False	False		1575	2936
679.4858	16.129	M+0	False	False		2495	2935
1348.9053	13.267	M+2	True	False		2934	2601
798.5414	3.075	M+0	False	False		2562	2934
956.7609	12.092	M+1	True	False		2413	2934
852.3781	2.281	M+0	False	False		3256	2931
421.8684	4.746	M+0	False	False		2251	2931
531.4081	6.693	M+0	False	False		2242	2931
909.5569	1.587	M+0	False	False		2520	2930
902.9709	14.652	M+0	False	False		2928	1846
1340.9362	14.459	M+0	False	False		2337	2927
1456.8261	13.267	M+0	False	False		2926	2682
795.7222	13.57	M+3	True	False		1860	2926
818.5202	4.285	M+0	False	False		1769	2926
904.8309	15.49	M+0	False	False		2926	2747
684.484	1.999	M+0	False	False		2925	4992
1345.9705	13.286	M+0	False	False		2893	2924
624.67	9.486	M+0	False	False		2924	1972
1451.167	16.211	M+0	False	False		2923	2789
663.458	16.326	M+0	False	False		2923	2563
768.6916	13.411	M+2	True	False		2921	2729
1289.8469	13.192	M+2	True	False		1863	2921
1332.2429	15.081	M+0	False	False		2921	2154
685.4383	0.509	M+0	False	False		3438	2921
766.528	3.68	M+0	False	False		2920	2538
453.2946	2.281	M+0	False	False		2773	2918
847.5178	1.673	M+0	False	False		2917	2494
595.588	3.217	M+0	False	False		2917	3641
1336.966	12.364	M+0	False	False		2916	2258
893.7522	14.365	M+0	False	False		2183	2915
911.6623	13.613	M+1	True	False		2915	2323
817.4679	11.951	M+0	False	False		2913	3535
723.5096	16.216	M+0	False	False		2510	2913
820.5319	5.71	M+0	False	False		2913	2760
575.4984	5.403	M+0	False	False		2010	2912
861.6787	13.286	M+0	False	False		2438	2912
910.8705	14.648	M+2	True	False		2526	2910
622.5747	3.147	M+0	False	False		2909	2413
915.39	5.449	M+0	False	False		2788	2909
741.5788	12.092	M+0	False	False		2712	2909
502.3747	6.482	M+0	False	False		2908	1936
659.9824	4.041	M+0	False	False		2908	1453
938.7889	13.411	M+3	True	False		2905	2500
419.3524	12.305	M+0	False	False		2904	1905
680.5373	2.635	M+0	False	False		2904	0
548.501	9.89	M+0	False	False		2793	2900
960.8232	13.314	M+0	False	False		2897	2533
502.3742	13.517	M+0	False	False		2896	2750
681.4979	0.544	M+0	False	False		2896	2620
634.452	17.882	M+0	False	False		2894	2578
923.7809	16.216	M+0	False	False		2116	2894
274.2734	12.991	M+0	False	False		2855	2893
665.4634	4.793	M+0	False	False		1707	2893
746.589	6.51	M+0	False	False		3547	2891
1077.8114	13.192	M+0	False	False		2080	2891
835.52	4.029	M+0	False	False		2891	2535
951.7947	16.17	M+0	False	False		2890	2773
793.5708	3.075	M+3	True	False		2991	2889
1272.8927	12.093	M+0	False	False		2889	2735
681.5302	6.623	M+0	False	False		2889	7321
657.5857	12.592	M+0	False	False		2887	1246
810.5595	14.51	M+0	False	False		2885	2554
996.3289	13.068	M+0	False	False		2885	2341
421.4296	4.591	M+0	False	False		2884	2435
1321.1063	12.199	M+0	False	False		2881	1647
350.254	3.054	M+0	False	False		2881	2120
870.4722	2.934	M+0	False	False		2330	2879
653.5712	5.627	M+0	False	False		2958	2878
804.4975	2.564	M+0	False	False		2774	2878
711.6696	14.222	M+0	False	False		3710	2876
757.5571	3.217	M+1	True	False		2876	2829
766.5303	4.077	M+0	False	False		2875	2442
848.5092	4.793	M+0	False	False		1962	2875
698.5608	12.837	M+0	False	False		1396	2874
621.6048	7.926	M+0	False	False		2345	2873
642.7318	12.789	M+0	False	False		2728	2872
722.5646	12.304	M+0	False	False		2504	2872
781.549	6.375	M+0	False	False		2871	3299
806.592	3.276	M+0	False	False		3525	2868
388.2539	8.403	M+0	False	False		2068	2868
681.484	0.897	M+0	False	False		2728	2868
870.7546	15.544	M+0	False	False		1746	2868
911.6643	12.364	M+0	False	False		2868	2700
860.7656	14.51	M+0	False	False		2865	2293
874.9399	14.32	M+0	False	False		2864	2365
368.4259	19.613	M+0	False	False		2550	2862
851.8475	14.51	M+1	True	False		2860	3379
879.741	16.1	M+0	False	False		2860	1578
948.9395	15.845	M+0	False	False		2722	2859
1304.4268	13.239	M+0	False	False		1998	2856
424.2914	1.626	M+3	True	False		2855	3354
1417.934	12.14	M+0	False	False		2855	1856
809.5722	3.122	M+1	True	False		2786	2853
1019.9704	15.431	M+0	False	False		2853	2779
781.4019	2.866	M+1	True	False		2851	1859
1231.1614	12.187	M+0	False	False		2851	2459
950.9167	15.845	M+0	False	False		2624	2850
1305.442	13.239	M+0	False	False		2397	2847
1430.1166	16.312	M+2	True	False		3005	2847
1066.8623	13.219	M+0	False	False		2846	3772
1317.1295	12.046	M+0	False	False		2846	2846
922.0624	16.173	M+0	False	False		2822	2846
973.8813	15.386	M+1	True	False		3311	2846
838.5644	2.281	M+0	False	False		2346	2845
300.1557	16.574	M+0	False	False		2844	12040
923.7847	15.61	M+0	False	False		2843	2816
894.4976	2.281	M+2	True	False		2251	2842
1073.3502	12.991	M+1	True	False		3060	2842
1341.2267	14.602	M+0	False	False		0	2841
922.0676	13.613	M+0	False	False		2841	2771
317.3243	19.78	M+0	False	False		2635	2840
788.63	10.005	M+0	False	False		2838	6790
752.5836	9.153	M+0	False	False		2819	2837
796.7232	13.659	M+0	False	False		2835	1931
187.0606	7.592	M+0	False	False		2834	1598
304.2852	15.503	M+0	False	False		2500	2833
745.5968	15.222	M+0	False	False		2475	2832
1466.4014	15.544	M+0	False	False		2736	2828
859.5042	2.328	M+0	False	False		2624	2828
777.6501	12.304	M+0	False	False		2659	2825
317.3239	18.965	M+0	False	False		2824	1907
615.4598	4.098	M+0	False	False		2905	2824
648.589	13.085	M+0	False	False		0	2824
678.4918	11.443	M+0	False	False		2403	2824
829.5126	4.858	M+0	False	False		2824	2771
722.5044	18.123	M+0	False	False		2822	2655
962.8943	15.845	M+0	False	False		2359	2820
368.4255	19.959	M+0	False	False		2819	2605
476.3092	18.493	M+0	False	False		2819	2211
721.5514	11.138	M+0	False	False		2819	2732
707.5886	12.805	M+2	True	False		2818	2554
608.3856	7.475	M+0	False	False		1452	2818
840.5707	2.272	M+2	True	False		2817	2856
1390.8617	13.267	M+1	True	False		2816	2910
188.0634	16.345	M+0	False	False		6091	2815
210.1114	4.238	M+0	False	False		3341	2814
679.4847	15.934	M+0	False	False		2747	2813
722.5042	17.169	M+0	False	False		2813	2410
668.6354	16.136	M+0	False	False		2812	1997
922.0738	16.345	M+0	False	False		2594	2812
975.8977	15.127	M+3	True	False		2253	2811
784.5102	3.821	M+0	False	False		2811	1755
748.646	12.104	M+0	False	False		2695	2809
864.4719	3.075	M+0	False	False		2201	2808
786.6258	3.974	M+0	False	False		2807	2949
919.716	14.222	M+0	False	False		2281	2807
388.2545	3.101	M+0	False	False		2806	1540
895.8157	13.381	M+0	False	False		2883	2805
877.726	15.583	M+0	False	False		2885	2805
902.7323	16.248	M+1	True	False		2805	2372
678.4807	16.848	M+0	False	False		2804	2298
635.4536	13.163	M+0	False	False		2803	1988
753.05	4.652	M+0	False	False		2545	2803
624.6244	11.17	M+0	False	False		2734	2802
895.7629	15.176	M+0	False	False		2802	2767
502.372	16.451	M+0	False	False		2801	3399
619.53	13.759	M+0	False	False		1595	2801
918.6657	4.238	M+1	True	False		1721	2800
593.4453	11.537	M+0	False	False		1588	2800
635.4516	1.587	M+0	False	False		2838	2800
753.551	4.238	M+0	False	False		2239	2798
866.8112	14.602	M+2	True	False		1628	2798
726.6546	13.314	M+0	False	False		2797	1783
792.6972	10.921	M+0	False	False		2797	2786
760.5836	11.443	M+0	False	False		1932	2794
1136.996	16.129	M+0	False	False		0	2793
671.5655	12.14	M+0	False	False		2793	2265
1078.3115	13.192	M+0	False	False		2283	2792
594.414	4.039	M+0	False	False		2413	2791
721.5649	9.854	M+0	False	False		2790	2539
590.4616	9.901	M+0	False	False		2789	1614
833.6214	3.101	M+1	True	False		2788	2478
779.5405	11.227	M+0	False	False		2788	2725
688.6468	15.222	M+0	False	False		2275	2787
202.0719	16.634	M+2	True	False		3652	2787
628.1946	15.718	M+0	False	False		2564	2787
717.4764	12.199	M+0	False	False		2786	3758
783.5256	2.328	M+3	True	False		1972	2786
697.5579	0.62	M+0	False	False		0	2786
616.61	12.045	M+0	False	False		3188	2785
421.339	6.122	M+0	False	False		1893	2785
717.5998	12.991	M+0	False	False		2595	2785
685.4362	0.107	M+0	False	False		1288	2784
766.5281	9.441	M+0	False	False		2784	2093
767.5369	12.14	M+0	False	False		2784	1822
838.5165	5.422	M+2	True	False		2784	1273
1179.03	12.64	M+1	True	False		2782	2127
259.1008	15.503	M+0	False	False		1995	2782
590.4632	0.397	M+0	False	False		2782	2247
680.5376	12.59	M+0	False	False		2427	2780
574.5433	4.558	M+1	True	False		2131	2778
708.5421	12.317	M+1	True	False		2778	2713
786.525	2.866	M+0	False	False		2778	3158
855.0185	3.904	M+0	False	False		2777	2446
1214.822	13.008	M+0	False	False		2776	3755
1373.3693	12.046	M+0	False	False		2776	0
666.5393	12.64	M+0	False	False		2775	2272
950.7987	13.759	M+0	False	False		2221	2775
171.1388	15.765	M+0	False	False		2402	2774
1339.2797	14.554	M+0	False	False		3375	2774
283.1757	19.5	M+0	False	False		2774	2467
791.6237	3.101	M+1	True	False		2774	2683
718.6788	14.368	M+0	False	False		2772	2406
1344.1938	15.176	M+0	False	False		2772	2173
854.5139	3.904	M+0	False	False		2772	2125
900.8037	12.991	M+0	False	False		2019	2771
872.7788	16.388	M+0	False	False		2769	2628
242.122	17.478	M+0	False	False		5508	2769
201.0764	16.129	M+0	False	False		2413	2768
641.5848	12.686	M+0	False	False		2767	1663
317.3244	9.107	M+0	False	False		2764	2455
371.3601	12.104	M+2	True	True		2451	2762
826.3949	2.422	M+0	False	False		2627	2761
1428.4478	12.735	M+0	False	False		2761	5050
684.6484	12.901	M+0	False	False		2761	2425
797.682	8.575	M+0	False	False		2740	2760
851.5164	2.281	M+0	False	False		2960	2760
200.1025	16.801	M+0	False	False		3069	2760
562.5678	8.44	M+0	False	False		2760	2475
537.5368	3.95	M+0	False	False		3454	2759
954.832	14.462	M+0	False	False		2758	2887
936.8245	16.173	M+0	False	False		2576	2757
1296.3604	12.199	M+0	False	False		1366	2756
804.6078	4.793	M+1	True	False		2743	2754
827.7148	14.176	M+0	False	False		1877	2754
689.4596	1.587	M+0	False	False		3317	2752
915.6995	13.522	M+0	False	False		1765	2752
399.2508	14.699	M+0	False	False		2752	3322
445.1204	13.239	M+0	False	False		1167	2751
1198.1941	15.503	M+1	True	False		3109	2750
628.1946	15.431	M+0	False	False		2750	2096
992.8295	13.008	M+0	False	False		2749	3500
855.517	3.917	M+1	True	False		2068	2748
665.629	8.344	M+0	False	False		2747	2382
876.5298	2.272	M+0	False	False		2746	2442
899.7568	13.333	M+0	False	False		0	2745
903.9816	14.554	M+0	False	False		2756	2745
566.5718	13.363	M+0	False	False		2745	2573
724.516	7.8	M+0	False	False		1469	2743
767.5649	12.045	M+0	False	False		1330	2743
1275.1774	14.696	M+0	False	False		0	2742
898.8478	13.712	M+0	False	False		2111	2741
1369.8805	13.333	M+0	False	False		3792	2740
669.683	15.28	M+0	False	False		1656	2738
1460.095	15.58	M+0	False	False		2737	2453
813.0366	4.605	M+0	False	False		1659	2737
432.2814	19.682	M+0	False	False		2565	2736
722.5037	17.949	M+0	False	False		2736	2351
807.5542	3.075	M+1	True	False		3089	2736
878.7269	13.806	M+0	False	False		5737	2736
1013.3088	8.286	M+0	False	False		1241	2735
803.5261	4.191	M+0	False	False		2718	2733
838.5493	2.328	M+0	False	False		3096	2733
461.3618	17.866	M+0	False	False		3050	2731
1461.1029	15.49	M+0	False	False		2731	2652
619.5905	6.462	M+0	False	False		2851	2729
1075.9191	16.049	M+0	False	False		2535	2728
900.7367	13.314	M+0	False	False		2727	5331
898.789	12.59	M+0	False	False		3256	2725
531.4096	0.321	M+0	False	False		2724	2358
856.513	3.95	M+2	True	False		3924	2722
684.5738	13.851	M+0	False	False		2721	2821
284.3331	9.424	M+0	False	False		2682	2719
766.5337	13.085	M+0	False	False		3167	2719
564.3604	3.028	M+0	False	False		1668	2716
439.3058	1.587	M+0	False	False		2946	2713
701.4112	11.318	M+0	False	False		2713	1961
794.591	2.84	M+0	False	False		2184	2712
283.1767	0.309	M+0	False	False		2710	2019
715.615	15.654	M+0	False	False		2710	1297
458.3484	13.665	M+0	False	False		2817	2709
902.8351	15.893	M+0	False	False		2709	2367
889.3163	12.14	M+1	True	False		2708	2501
239.149	4.18	M+0	False	False		2708	1597
1318.115	13.613	M+2	True	False		2706	1951
737.5038	5.851	M+0	False	False		2706	1174
742.6831	13.363	M+2	True	False		2705	2118
642.6039	15.765	M+0	False	False		3044	2705
614.5726	15.857	M+0	False	False		2703	2598
688.3758	4.029	M+0	False	False		2702	2130
538.5372	15.813	M+0	False	False		2702	2057
877.727	15.332	M+0	False	False		2700	2850
943.9951	17.508	M+0	False	False		2239	2700
836.4628	4.558	M+0	False	False		3931	2699
877.7222	15.857	M+0	False	False		2699	1946
721.6285	13.57	M+0	False	False		2574	2697
922.0698	13.02	M+0	False	False		2697	2450
461.3603	4.605	M+0	False	False		3315	2696
317.3251	19.989	M+0	False	False		2694	2451
917.7012	15.975	M+0	False	False		2440	2693
907.7733	15.536	M+0	False	False		2692	2532
579.5769	12.093	M+0	False	False		2690	3752
1371.237	16.129	M+0	False	False		0	2689
571.4308	10.023	M+0	False	False		1381	2687
621.5196	5.853	M+0	False	False		2083	2687
1012.3042	8.275	M+0	False	False		1191	2686
757.537	10.639	M+0	False	False		2686	1687
355.0714	12.944	M+0	False	False		2523	2685
790.7775	11.175	M+0	False	False		2684	2502
372.102	12.778	M+0	False	False		1335	2683
421.9365	4.238	M+0	False	False		2631	2682
843.5216	3.17	M+0	False	False		3448	2682
473.2574	1.635	M+0	False	False		2416	2681
928.3691	2.981	M+0	False	False		2724	2681
1358.1682	14.707	M+2	True	False		2969	2681
723.5135	15.677	M+0	False	False		2015	2679
818.6665	12.731	M+0	False	False		2524	2679
825.5854	2.281	M+1	True	False		2423	2678
1345.1786	15.398	M+0	False	False		2868	2677
980.7864	15.339	M+0	False	False		2801	2677
247.1683	13.038	M+0	False	False		2045	2675
688.6039	16.216	M+0	False	False		2605	2675
242.1218	18.225	M+0	False	False		2311	2674
421.3248	7.31	M+0	False	False		2674	2348
878.7352	14.766	M+0	False	False		2007	2674
739.6579	12.932	M+0	False	False		2554	2673
855.8505	14.462	M+0	False	False		2672	0
722.5421	3.181	M+0	False	False		2206	2672
898.792	12.805	M+0	False	False		2671	2174
1130.2937	10.978	M+0	False	False		1367	2671
548.539	12.684	M+0	False	False		2912	2670
929.8301	15.987	M+0	False	False		2767	2670
923.0295	11.098	M+0	False	False		2707	2667
753.5904	8.83	M+1	True	False		2150	2665
1185.3945	13.219	M+0	False	False		2665	3381
421.2239	0.604	M+0	False	False		2665	2142
767.5619	15.544	M+0	False	False		1530	2665
648.5959	11.095	M+0	False	False		2664	2235
388.2536	17.24	M+0	False	False		2662	1736
388.2548	0.344	M+0	False	False		2661	1755
659.4795	8.0	M+0	False	False		2661	1484
951.8066	14.32	M+1	True	False		2661	2146
663.4744	3.691	M+0	False	False		2506	2659
546.4018	19.598	M+0	False	False		2658	2182
1340.2383	15.269	M+0	False	False		3122	2657
566.575	13.659	M+0	False	False		2657	1964
723.6406	12.949	M+0	False	False		2656	3246
840.5158	4.899	M+0	False	False		2656	2093
728.5618	12.104	M+3	True	False		2712	2655
766.4606	4.924	M+0	False	False		2547	2655
1198.2145	15.503	M+0	False	False		2261	2655
383.3311	12.304	M+0	False	False		1909	2655
724.5156	6.309	M+0	False	False		2504	2655
421.3288	8.45	M+0	False	False		1628	2654
648.6176	13.038	M+1	True	False		2354	2654
572.3626	16.173	M+0	False	False		2170	2653
724.5206	3.122	M+3	True	False		2227	2653
959.9628	6.594	M+0	False	False		2652	1850
682.4865	7.38	M+0	False	False		2350	2651
1337.3682	14.604	M+0	False	False		2650	2533
963.9062	15.813	M+0	False	False		2649	2474
593.5994	15.386	M+0	False	False		1768	2649
869.611	13.02	M+0	False	False		2645	1916
936.3843	2.414	M+0	False	False		2644	3228
1097.319	9.993	M+0	False	False		1275	2644
652.5294	6.474	M+0	False	False		2903	2642
810.558	13.163	M+0	False	False		2642	2239
848.6872	11.13	M+0	False	False		1820	2642
872.4583	2.375	M+0	False	False		2158	2639
566.5717	11.377	M+0	False	False		2638	2656
713.6676	12.885	M+1	True	False		1921	2637
656.5821	13.02	M+0	False	False		2635	2517
242.1215	0.238	M+0	False	False		3017	2632
634.4529	19.287	M+0	False	False		2631	2807
723.5096	14.648	M+0	False	False		2541	2631
752.5848	10.078	M+0	False	False		2221	2630
821.536	4.144	M+2	True	False		2456	2628
805.0168	7.01	M+0	False	False		2294	2627
1071.8787	13.115	M+0	False	False		2625	2354
317.3258	16.326	M+0	False	False		2625	1832
754.706	13.428	M+0	False	False		1314	2623
1363.0314	12.991	M+2	True	False		2460	2623
546.401	19.44	M+0	False	False		2622	2429
596.5952	13.314	M+0	False	False		2622	1336
902.83	15.61	M+0	False	False		2621	2616
708.4961	11.207	M+0	False	False		2390	2621
614.7007	12.246	M+0	False	False		2618	1845
432.2807	0.783	M+0	False	False		2618	2376
929.8278	15.583	M+0	False	False		2383	2618
537.5357	10.779	M+0	False	False		2615	3758
679.482	13.267	M+0	False	False		2615	2549
656.5842	12.789	M+0	False	False		2124	2614
201.0774	19.855	M+0	False	False		3547	2611
666.4979	4.041	M+0	False	False		2611	2661
724.5147	8.199	M+0	False	False		2093	2611
735.6412	13.517	M+0	False	False		2610	2452
432.281	18.162	M+0	False	False		2285	2610
709.5326	15.386	M+0	False	False		2090	2610
1352.2092	14.707	M+0	False	False		2079	2609
711.6292	12.592	M+0	False	False		2608	2122
813.5272	4.924	M+0	False	False		2214	2608
1499.4331	15.702	M+0	False	False		2608	0
727.6746	13.804	M+0	False	False		2607	2403
399.2506	13.755	M+0	False	False		2607	2666
550.6288	6.474	M+0	False	False		2569	2607
593.6024	15.129	M+0	False	False		2607	2454
816.6439	3.868	M+0	False	False		2606	2295
757.5394	8.45	M+0	False	False		1649	2605
830.5148	4.144	M+0	False	False		2831	2605
959.9659	14.807	M+0	False	False		2603	2165
665.67	12.316	M+0	False	False		3504	2602
678.4964	16.173	M+0	False	False		1618	2602
822.5301	3.941	M+2	True	False		2602	2174
350.255	4.946	M+0	False	False		2601	2160
461.3607	17.378	M+0	False	False		2794	2601
897.6998	13.363	M+0	False	False		2601	1913
697.5705	6.386	M+0	False	False		0	2600
1369.391	12.746	M+1	True	False		2599	4637
839.5018	4.321	M+0	False	False		2599	2706
992.8301	12.187	M+0	False	False		2599	2460
788.6203	13.286	M+0	False	False		2288	2598
669.66	13.712	M+1	True	False		1939	2597
624.629	13.333	M+0	False	False		2484	2597
678.4794	18.436	M+0	False	False		2795	2595
682.4938	9.016	M+0	False	False		1897	2592
923.8451	13.659	M+0	False	False		2591	2590
951.883	15.813	M+3	True	False		2591	2491
186.0858	12.199	M+0	False	False		2591	2528
811.5016	4.685	M+0	False	False		2590	2103
458.3486	12.199	M+0	False	False		2568	2588
854.5833	2.375	M+0	False	False		2494	2588
722.647	12.104	M+2	True	False		2209	2587
1306.2429	15.175	M+0	False	False		0	2587
383.3324	13.759	M+0	False	False		2045	2586
573.4886	6.594	M+0	False	False		2586	2680
977.8462	15.332	M+1	True	False		2585	2166
810.56	15.544	M+0	False	False		3518	2585
768.5417	4.899	M+0	False	False		2584	2159
566.5711	16.284	M+0	False	False		2582	2445
483.2809	1.579	M+0	False	False		2580	2363
962.833	14.652	M+0	False	False		2579	2056
937.3965	2.319	M+1	True	False		2578	1879
962.7841	15.911	M+1	True	False		3176	2577
874.7257	12.837	M+0	False	False		3100	2576
813.3696	5.376	M+0	False	False		2574	2503
1103.9935	13.712	M+0	False	False		1618	2573
161.133	14.554	M+0	False	False		3492	2573
906.7625	15.49	M+0	False	False		2573	2464
923.0266	13.133	M+0	False	False		2787	2573
520.3302	8.084	M+0	False	False		2571	1551
812.0335	4.027	M+0	False	False		1307	2571
838.4958	4.029	M+0	False	False		2571	1871
461.3586	8.161	M+0	False	False		2569	2865
591.4312	16.129	M+0	False	False		2212	2567
956.7623	13.286	M+0	False	False		1627	2566
721.5613	9.935	M+0	False	False		2565	2539
421.2264	11.215	M+0	False	False		2564	1604
547.4028	15.58	M+0	False	False		2562	2604
1280.8646	12.045	M+0	False	False		2403	2561
687.4427	6.462	M+0	False	False		1815	2561
723.5982	14.365	M+2	True	False		2325	2559
818.3718	3.272	M+0	False	False		2559	2932
187.0604	0.633	M+0	False	False		2558	2253
652.6552	12.789	M+1	True	False		2660	2558
955.8125	15.975	M+0	False	False		2500	2558
338.3418	11.567	M+0	False	False		2557	3084
461.361	17.61	M+0	False	False		2653	2557
1325.2134	15.927	M+0	False	False		2556	2611
368.4264	13.522	M+0	False	False		1656	2556
959.967	14.222	M+0	False	False		3049	2556
861.7704	13.901	M+0	False	False		2249	2555
1057.7845	13.133	M+0	False	False		1657	2555
1252.3414	13.085	M+1	True	False		2104	2555
239.1488	6.408	M+0	False	False		2555	1776
966.8636	12.837	M+0	False	False		2046	2553
923.313	12.59	M+2	True	False		2344	2552
265.1759	9.254	M+0	False	False		2551	2453
941.8401	14.507	M+0	False	False		2533	2551
711.6444	14.462	M+0	False	False		2550	3275
801.409	3.158	M+1	True	False		2549	2226
870.7535	15.129	M+0	False	False		2549	2397
702.2159	15.49	M+0	False	False		2548	2104
959.9673	16.434	M+0	False	False		2454	2548
886.547	2.281	M+0	False	False		2095	2547
790.6336	15.442	M+0	False	False		2547	2013
832.507	3.101	M+1	True	False		2546	2229
872.7734	12.59	M+0	False	False		2126	2546
475.4126	13.068	M+0	False	False		2545	2295
473.3409	2.328	M+0	False	False		2381	2542
1153.0435	13.239	M+0	False	False		0	2541
549.5074	13.806	M+0	False	False		3148	2540
780.5437	11.215	M+1	True	False		2540	1942
664.4586	16.211	M+1	True	False		2539	2298
527.9051	3.122	M+0	False	False		3739	2537
799.411	3.147	M+0	False	False		2537	3432
859.2506	10.685	M+0	False	False		2537	1786
317.3232	17.61	M+0	False	False		2352	2537
702.2146	15.881	M+0	False	False		2304	2537
757.6506	12.64	M+0	False	False		2537	2331
933.7736	13.286	M+0	False	False		3149	2537
919.7139	16.063	M+0	False	False		2535	1874
888.4984	2.887	M+0	False	False		2142	2534
613.5651	9.475	M+0	False	False		2532	1747
854.476	3.228	M+0	False	False		2185	2532
1272.9078	12.104	M+0	False	False		1928	2532
708.4982	9.777	M+0	False	False		2131	2531
770.505	2.281	M+0	False	False		2393	2529
1005.5686	1.673	M+0	False	False		2529	1951
810.5606	8.031	M+0	False	False		2461	2529
1220.342	10.035	M+0	False	False		1489	2528
1132.314	13.381	M+0	False	False		1464	2528
883.7371	13.038	M+0	False	False		1735	2527
284.3324	7.616	M+0	False	False		1593	2523
461.3616	18.37	M+0	False	False		2523	2249
927.8115	15.922	M+0	False	False		2605	2523
897.6981	13.133	M+0	False	False		2344	2522
711.6848	15.129	M+0	False	False		2519	2338
872.7902	14.557	M+0	False	False		2519	2608
532.4094	4.957	M+0	False	False		2519	2366
553.3879	8.452	M+0	False	False		2519	3105
1389.1741	15.398	M+0	False	False		1933	2519
553.3906	9.107	M+0	False	False		2516	3805
943.9892	8.356	M+0	False	False		1784	2516
904.7476	15.975	M+0	False	False		2872	2514
703.6248	14.554	M+0	False	False		3207	2513
1295.547	11.318	M+0	False	False		2511	0
284.3326	8.356	M+0	False	False		2415	2511
461.3608	10.159	M+0	False	False		2511	2024
921.5372	1.673	M+0	False	False		2508	2213
987.8399	15.583	M+0	False	False		2239	2507
885.7662	13.57	M+1	True	False		2558	2506
258.1104	15.386	M+0	False	False		2186	2506
697.5582	0.736	M+0	False	False		0	2506
869.6171	12.805	M+0	False	False		2505	2338
502.3761	0.337	M+0	False	False		1871	2504
701.402	4.858	M+0	False	False		2504	2058
949.92	15.813	M+0	False	False		2502	2518
615.4568	2.328	M+0	False	False		1302	2502
690.3776	4.144	M+0	False	False		2753	2497
1354.2059	15.881	M+0	False	False		0	2497
568.5686	12.636	M+3	True	False		2699	2497
701.4114	8.132	M+0	False	False		2497	2229
945.8516	14.554	M+2	True	False		2273	2496
901.7383	15.327	M+0	False	False		2528	2494
887.4502	3.054	M+0	False	False		2493	2170
615.455	3.727	M+0	False	False		2493	2753
679.4834	12.592	M+0	False	False		2493	2345
790.6734	12.092	M+0	False	False		2539	2493
937.8573	13.665	M+0	False	False		2430	2492
721.5627	11.008	M+0	False	False		2492	2394
898.852	14.459	M+2	True	False		1907	2491
502.3751	0.725	M+0	False	False		1774	2490
678.5077	6.718	M+0	False	False		2489	2364
537.5482	7.955	M+0	False	False		2487	2242
1440.916	12.093	M+0	False	False		2487	2148
843.5187	2.913	M+1	True	False		2487	1318
960.8277	13.804	M+0	False	False		2487	1928
531.406	0.503	M+0	False	False		2485	2358
960.3698	3.272	M+0	False	False		2484	2980
710.5202	13.708	M+3	True	False		2483	2108
769.5412	6.718	M+1	True	False		2483	1536
1450.1586	16.129	M+0	False	False		2776	2482
593.4464	3.24	M+0	False	False		3117	2482
642.628	12.092	M+0	False	False		1920	2481
843.714	12.932	M+0	False	False		1919	2480
381.2985	16.284	M+0	False	False		2479	2269
551.6314	8.245	M+1	True	False		1994	2477
768.5514	4.041	M+0	False	False		2477	2636
546.4084	2.611	M+0	False	False		2870	2476
994.7847	15.176	M+0	False	False		2476	3338
878.8154	15.677	M+0	False	False		1983	2476
809.4438	1.952	M+0	False	False		2475	2135
1048.8159	13.712	M+0	False	False		1935	2475
372.1013	16.246	M+0	False	False		1834	2473
763.6028	8.83	M+0	False	False		2447	2472
1309.3702	12.199	M+0	False	False		2471	0
933.7844	14.32	M+0	False	False		2471	1984
959.9666	15.911	M+0	False	False		3094	2471
1367.4004	12.735	M+0	False	False		2470	2441
722.5071	16.848	M+0	False	False		2470	2011
707.4906	10.057	M+0	False	False		2469	3055
369.4276	12.045	M+0	False	False		2498	2465
650.4767	6.813	M+0	False	False		2465	1437
495.7642	2.366	M+0	False	False		2464	3215
898.8356	13.618	M+2	True	False		3006	2463
935.8258	13.333	M+0	False	False		2614	2461
1272.1543	13.175	M+0	False	False		2461	2510
1366.118	13.02	M+0	False	False		2460	2218
879.7451	15.881	M+0	False	False		2496	2460
458.3498	10.101	M+0	False	False		2459	1781
388.2538	19.307	M+0	False	False		1720	2458
961.8298	15.718	M+0	False	False		1711	2458
991.8296	5.806	M+0	False	False		2024	2457
679.4826	15.765	M+0	False	False		3260	2456
708.498	4.098	M+0	False	False		2029	2456
786.6472	7.568	M+0	False	False		2567	2455
566.5847	12.104	M+0	False	False		3601	2455
851.7119	13.854	M+0	False	False		3577	2453
614.4091	13.411	M+0	False	False		2453	2190
679.4836	8.275	M+1	True	False		2290	2453
701.4099	7.403	M+0	False	False		2453	2764
808.5684	2.469	M+0	False	False		1221	2452
615.4116	16.345	M+1	True	False		1723	2451
955.7548	14.557	M+0	False	False		2451	2385
807.718	13.363	M+0	False	False		2448	2049
1437.38	13.522	M+0	False	False		1740	2448
870.8058	13.665	M+0	False	False		1854	2446
698.5614	6.558	M+0	False	False		0	2446
955.7579	16.296	M+0	False	False		2444	2545
682.4894	4.638	M+2	True	False		2443	2477
758.5722	8.286	M+0	False	False		2812	2443
782.5708	12.046	M+0	False	False		2442	2691
767.5582	13.854	M+0	False	False		1742	2441
766.5324	18.041	M+0	False	False		2440	2087
753.6862	15.994	M+2	True	False		2438	2250
590.4654	6.356	M+0	False	False		1827	2438
619.529	14.707	M+0	False	False		3066	2438
802.5279	6.671	M+0	False	False		2434	1783
810.565	7.38	M+0	False	False		2468	2434
857.754	14.507	M+2	True	False		2364	2434
830.6203	2.913	M+0	False	False		2432	4055
1002.8491	15.386	M+0	False	False		1505	2432
700.587	13.459	M+1	True	False		2431	2568
983.2754	12.944	M+0	False	False		1685	2431
943.9897	18.932	M+0	False	False		1769	2430
961.3771	2.84	M+0	False	False		2089	2428
1298.3666	12.199	M+2	True	False		2371	2428
344.23	17.285	M+0	False	False		2427	1276
921.7593	13.133	M+0	False	False		1934	2426
679.4814	10.921	M+0	False	False		2426	2304
854.5867	15.987	M+0	False	False		2324	2425
820.4958	2.96	M+0	False	False		2423	2069
1058.2869	13.133	M+1	True	False		1622	2423
776.6114	7.894	M+2	True	False		2794	2420
793.6386	11.207	M+0	False	False		2158	2420
554.1781	16.282	M+0	False	False		2536	2419
589.5298	8.12	M+0	False	False		2419	1839
895.7592	16.216	M+0	False	False		2170	2419
383.3314	13.333	M+0	False	False		1912	2418
844.5473	3.356	M+0	False	False		2418	2264
745.6508	14.317	M+0	False	False		2562	2417
767.7863	7.926	M+0	False	False		2361	2416
774.7085	3.181	M+0	False	False		2474	2416
637.4705	3.95	M+0	False	False		2424	2414
760.583	9.558	M+0	False	False		2711	2414
1057.9066	14.368	M+1	True	False		2413	2279
939.8443	16.5	M+2	True	False		2061	2411
769.4731	4.946	M+3	True	False		2410	2440
977.7625	15.927	M+0	False	False		2406	2787
1342.2219	15.332	M+0	False	False		2406	2102
317.3252	18.3	M+0	False	False		2406	1730
910.45	2.319	M+0	False	False		2405	2840
317.3254	10.148	M+0	False	False		2404	1803
432.2807	9.347	M+0	False	False		2404	2239
682.4914	11.207	M+0	False	False		1995	2404
566.5731	14.415	M+0	False	False		2401	2500
454.256	3.739	M+0	False	False		1663	2400
679.4833	11.17	M+0	False	False		2380	2399
922.0743	9.691	M+0	False	False		2399	1842
663.4648	0.238	M+0	False	False		2226	2398
1416.9352	12.14	M+0	False	False		2398	2265
1371.2385	15.503	M+0	False	False		0	2398
242.1302	13.854	M+0	False	False		16061	2397
1445.0815	16.129	M+0	False	False		2151	2397
681.4898	16.246	M+0	False	False		2333	2397
695.6447	15.987	M+0	False	False		4556	2397
444.3796	3.941	M+0	False	False		2396	1952
1080.7935	3.101	M+0	False	False		2393	1905
818.5166	4.041	M+0	False	False		2392	2879
864.4617	3.054	M+0	False	False		2391	2051
502.3733	18.725	M+0	False	False		2186	2391
924.7876	15.813	M+0	False	False		2391	2368
163.0754	15.893	M+0	False	False		2390	2032
372.1019	16.016	M+0	False	False		1434	2390
239.1488	0.48	M+0	False	False		2389	2474
907.7689	15.78	M+0	False	False		2389	2663
874.0059	3.691	M+0	False	False		1556	2388
756.69	5.673	M+0	False	False		2387	2287
681.5649	5.564	M+1	True	False		2386	2052
502.3757	9.952	M+0	False	False		2168	2385
959.8936	16.451	M+0	False	False		2383	2326
975.9151	16.5	M+1	True	False		1764	2383
1311.013	12.59	M+0	False	False		3099	2382
790.6891	12.046	M+0	False	False		2382	2015
902.8351	16.033	M+0	False	False		2382	3149
912.6589	12.364	M+1	True	False		2382	2124
1304.2767	15.222	M+0	False	False		1821	2382
1330.0405	14.557	M+0	False	False		2381	2498
619.582	12.686	M+0	False	False		2380	1957
899.8066	15.332	M+0	False	False		2380	0
810.3698	5.591	M+0	False	False		2145	2380
803.0056	4.029	M+0	False	False		2379	1951
831.0242	4.227	M+0	False	False		2378	1652
962.7044	6.718	M+0	False	False		2378	2220
1237.1104	14.459	M+0	False	False		0	2378
1313.3711	15.222	M+0	False	False		2788	2378
738.6598	14.27	M+0	False	False		2168	2378
422.3706	4.227	M+1	True	False		2377	2201
228.115	15.431	M+0	False	False		2377	12106
664.4592	0.349	M+0	False	False		1694	2377
815.3704	5.376	M+2	True	False		2376	0
1347.1875	15.28	M+0	False	False		1650	2376
695.6938	15.431	M+0	False	False		2375	1805
1373.9481	12.363	M+0	False	False		2546	2375
615.453	9.107	M+0	False	False		2375	1788
904.6951	4.285	M+0	False	False		1742	2375
538.5376	16.063	M+0	False	False		2374	1490
540.5338	12.592	M+0	False	False		2373	2342
789.62	11.403	M+0	False	False		2637	2373
1232.1337	15.127	M+0	False	False		0	2372
1444.086	16.17	M+0	False	False		2369	1844
722.5677	9.738	M+0	False	False		2369	2083
792.6653	11.567	M+0	False	False		2368	2242
722.5512	11.631	M+0	False	False		2642	2368
822.5428	3.833	M+0	False	False		2594	2368
829.5124	4.144	M+0	False	False		2327	2368
596.5934	5.544	M+0	False	False		2358	2367
843.5201	3.774	M+0	False	False		2367	1979
854.5838	16.284	M+0	False	False		2367	2000
637.4817	2.913	M+0	False	False		2366	1610
388.2562	10.884	M+0	False	False		1867	2364
701.4134	9.644	M+0	False	False		2364	2005
923.779	15.222	M+0	False	False		2589	2363
792.542	2.328	M+0	False	False		2046	2362
698.5676	16.129	M+0	False	False		1078	2361
766.5302	0.279	M+0	False	False		2460	2361
959.9645	18.635	M+0	False	False		2361	1718
696.6954	15.269	M+0	False	False		1821	2360
770.5713	5.676	M+0	False	False		1871	2360
766.5336	19.613	M+0	False	False		2372	2360
186.0689	17.248	M+0	False	False		2595	2358
757.5402	8.019	M+0	False	False		2686	2358
1224.9306	14.462	M+0	False	False		2358	1825
805.0387	7.287	M+0	False	False		2270	2357
935.8484	13.286	M+0	False	False		1640	2357
1331.2264	15.129	M+0	False	False		2357	2819
476.3078	17.57	M+0	False	False		1786	2357
665.5342	13.192	M+0	False	False		2873	2355
824.3951	2.461	M+0	False	False		2354	1955
388.2534	0.21	M+0	False	False		2354	1879
461.3591	9.16	M+0	False	False		2354	3094
284.3319	3.17	M+0	False	False		3736	2353
922.3094	12.885	M+0	False	False		2405	2353
996.7533	15.175	M+3	True	False		2309	2351
767.5374	13.566	M+0	False	False		2351	2033
759.5948	6.788	M+0	False	False		1294	2350
744.5424	2.508	M+0	False	False		2349	2547
919.7151	16.282	M+0	False	False		1965	2349
794.5252	6.186	M+0	False	False		2348	2053
943.9896	16.689	M+0	False	False		2347	2005
746.6283	12.837	M+1	True	False		2011	2345
531.4774	12.794	M+0	False	False		2344	1875
789.6148	10.791	M+0	False	False		2499	2343
975.8468	14.602	M+0	False	False		1836	2342
1408.1404	14.365	M+0	False	False		2279	2340
274.2742	19.267	M+0	False	False		2204	2340
591.429	15.798	M+0	False	False		3388	2338
659.4806	5.564	M+0	False	False		2338	1947
776.2352	16.17	M+0	False	False		2337	2247
621.5212	6.561	M+0	False	False		2334	2249
636.5062	12.794	M+0	False	False		2334	1758
186.0661	0.074	M+0	False	False		10687	2333
829.5227	4.699	M+0	False	False		2301	2332
1275.1322	12.961	M+0	False	False		2332	2032
476.3056	9.189	M+0	False	False		2048	2330
933.7784	13.517	M+0	False	False		2330	1781
1448.9612	12.364	M+0	False	False		2329	2317
922.0648	9.424	M+0	False	False		2224	2329
1369.9558	12.187	M+1	True	False		2328	1510
492.2139	1.635	M+0	False	False		1420	2328
637.4676	11.413	M+0	False	False		2327	2153
695.6112	14.27	M+0	False	False		2373	2326
739.5103	6.693	M+2	True	False		2405	2326
590.4282	19.843	M+0	False	False		3177	2325
830.0226	3.904	M+2	True	False		2324	1857
608.5709	12.853	M+0	False	False		2324	2538
372.1032	12.932	M+0	False	False		1908	2321
636.5054	13.038	M+0	False	False		1593	2321
793.6614	11.021	M+0	False	False		1019	2320
388.2557	19.716	M+0	False	False		2344	2320
1460.1113	15.271	M+0	False	False		2319	1286
258.1069	15.444	M+0	False	False		9560	2319
722.5651	11.631	M+0	False	False		2084	2319
845.5057	4.086	M+0	False	False		2361	2319
923.0284	18.012	M+0	False	False		2319	3996
458.3488	16.284	M+0	False	False		2317	2216
846.4969	3.987	M+0	False	False		1816	2316
388.2544	0.532	M+0	False	False		2462	2315
663.4754	11.318	M+0	False	False		2312	1588
902.7451	15.702	M+0	False	False		2310	1557
698.6068	12.045	M+0	False	False		2004	2310
768.5675	4.039	M+0	False	False		2051	2310
933.7869	12.59	M+0	False	False		1860	2310
539.3521	3.205	M+0	False	False		2308	1965
977.811	13.286	M+0	False	False		1913	2306
458.3436	3.727	M+0	False	False		2306	2241
549.5301	12.636	M+1	True	False		1546	2305
838.3823	2.366	M+2	True	False		2305	2076
1170.8508	11.365	M+0	False	False		2303	1506
304.2831	0.239	M+0	False	False		2303	2336
388.255	19.151	M+0	False	False		2107	2303
810.3677	5.376	M+0	False	False		2303	2800
194.1187	17.541	M+0	False	False		1237	2300
328.1772	14.412	M+0	False	False		1027	2300
383.2742	1.673	M+0	False	False		2295	1482
635.4513	15.127	M+0	False	False		1791	2294
861.6752	3.24	M+0	False	False		2421	2294
383.3319	16.545	M+0	False	False		2293	1905
793.6087	10.057	M+0	False	False		2291	2012
776.2312	15.677	M+0	False	False		2316	2289
837.0288	3.356	M+0	False	False		2289	2229
854.517	3.075	M+0	False	False		1899	2288
686.4449	12.991	M+1	True	False		1997	2287
959.3737	3.261	M+0	False	False		2287	1852
721.6461	5.806	M+0	False	False		1601	2286
1347.176	14.507	M+1	True	False		2419	2286
954.8586	16.136	M+0	False	False		2285	1615
547.4042	16.211	M+0	False	False		2285	1919
1404.8684	11.472	M+0	False	False		2284	1756
564.3589	0.574	M+0	False	False		2284	2549
752.584	10.744	M+0	False	False		2247	2282
1034.9224	13.363	M+0	False	False		2281	1517
1351.4099	15.339	M+0	False	False		2708	2281
776.5143	4.793	M+0	False	False		0	2279
866.7734	12.592	M+0	False	False		2279	1761
956.3724	3.261	M+0	False	False		2276	2130
879.7462	15.28	M+0	False	False		2396	2276
553.3855	0.75	M+0	False	False		2275	1785
782.4122	3.403	M+0	False	False		2275	2142
673.4608	3.941	M+0	False	False		2274	3561
922.0458	16.946	M+0	False	False		1987	2273
623.6206	13.522	M+0	False	False		1996	2272
788.6116	15.379	M+0	False	False		2272	1507
1331.1913	15.583	M+1	True	False		0	2272
752.5862	8.323	M+0	False	False		2208	2271
807.5776	3.261	M+0	False	False		2270	2291
1370.4126	12.731	M+3	True	False		2052	2270
922.0686	7.91	M+0	False	False		2270	1849
769.739	7.91	M+3	True	False		2269	1868
912.7694	13.363	M+0	False	False		2269	1965
810.5604	9.513	M+0	False	False		2487	2267
920.8646	15.271	M+0	False	False		2266	1962
829.4976	4.731	M+0	False	False		2266	1700
566.5704	16.085	M+0	False	False		3628	2265
827.4973	4.793	M+1	True	False		1745	2264
722.564	8.195	M+0	False	False		2264	2218
900.6462	4.089	M+0	False	False	828.6306;1.0	2263	1651
330.1551	15.58	M+0	False	False		2263	1634
760.5362	2.319	M+0	False	False		2263	0
830.524	3.054	M+0	False	False		2262	2021
854.5884	3.276	M+0	False	False		1906	2262
579.535	12.991	M+0	False	False		3517	2261
1355.1785	15.583	M+0	False	False		1627	2260
786.5116	4.18	M+0	False	False		2258	0
696.6868	15.339	M+0	False	False		2772	2258
701.4105	3.821	M+0	False	False		2258	1956
615.4099	15.957	M+0	False	False		2257	2112
721.5794	12.837	M+0	False	False		2787	2257
710.6662	14.317	M+0	False	False		3185	2256
723.5127	0.198	M+1	True	False		2256	3623
1373.9329	12.187	M+0	False	False		2255	1578
839.5408	4.136	M+0	False	False		2254	2733
421.227	0.514	M+0	False	False		2254	2156
665.4632	12.64	M+0	False	False		2254	1730
689.6062	16.173	M+1	True	False		2144	2252
884.7681	14.507	M+3	True	False		1786	2251
766.5292	0.544	M+0	False	False		2024	2251
772.4212	4.972	M+0	False	False		2311	2249
621.5188	4.329	M+0	False	False		2435	2249
754.488	4.089	M+0	False	False		2249	1558
856.4915	4.638	M+0	False	False		2248	1574
960.8325	13.363	M+0	False	False		2246	2533
950.8093	15.327	M+0	False	False		3072	2241
1427.8796	12.187	M+0	False	False		2240	1764
284.3316	8.146	M+0	False	False		2820	2240
830.526	4.238	M+0	False	False		3140	2240
1315.849	14.368	M+0	False	False		2239	1143
804.5208	6.988	M+0	False	False		2239	2282
270.1659	5.496	M+0	False	False		2174	2238
922.0754	12.045	M+0	False	False		2513	2237
701.4054	11.413	M+0	False	False		2236	2097
773.6626	15.964	M+0	False	False		2028	2236
1232.2103	14.27	M+0	False	False		0	2235
768.5196	2.866	M+0	False	False		2235	1705
816.575	3.17	M+0	False	False		1931	2233
782.4516	2.866	M+0	False	False		2231	0
933.3701	2.96	M+3	True	False		2231	1683
793.609	9.854	M+0	False	False		2231	2507
715.6578	14.459	M+0	False	False		2559	2229
1345.2242	14.648	M+0	False	False		2022	2228
664.5892	12.636	M+1	True	False		2663	2227
1067.2921	12.746	M+0	False	False		2227	2313
798.5564	3.786	M+2	True	False		1615	2226
476.3091	0.175	M+0	False	False		2226	2040
993.7958	15.175	M+0	False	False		2493	2224
943.9966	10.115	M+0	False	False		2424	2224
774.6276	7.857	M+0	False	False		2223	4577
849.0096	4.285	M+0	False	False		2257	2223
923.7909	14.459	M+0	False	False		1775	2223
564.362	2.564	M+0	False	False		1414	2222
593.4435	0.696	M+0	False	False		1934	2222
759.5734	7.926	M+0	False	False		1953	2222
1347.907	12.317	M+0	False	False		2221	1780
1406.9349	12.304	M+0	False	False		1696	2221
893.7519	13.363	M+0	False	False		2221	2025
933.7737	16.248	M+0	False	False		2221	1325
941.8629	14.222	M+0	False	False		1510	2220
476.3068	0.656	M+0	False	False		2220	1882
635.4577	9.468	M+0	False	False		2342	2220
650.5976	15.845	M+1	True	False		1931	2218
797.5794	12.199	M+0	False	False		1573	2218
901.7489	14.459	M+3	True	False		1701	2216
923.8863	15.536	M+1	True	False		2216	2038
850.2499	16.033	M+0	False	False		2216	1591
614.4123	12.794	M+0	False	False		2215	2076
766.5341	19.467	M+0	False	False		1816	2215
768.5678	4.946	M+0	False	False		2215	2650
852.3535	3.028	M+0	False	False		2048	2214
1231.1234	13.712	M+0	False	False		0	2214
673.5888	15.857	M+0	False	False		2214	1739
898.7974	12.246	M+0	False	False		2213	2149
722.508	17.726	M+0	False	False		2206	2213
577.52	14.507	M+0	False	False		1495	2211
816.7122	14.32	M+1	True	False		2211	2057
758.54	9.843	M+0	False	False		2210	2461
703.2142	16.129	M+1	True	False		1701	2209
770.7202	13.759	M+2	True	False		2200	2207
388.2532	4.877	M+0	False	False		2085	2207
761.5994	8.242	M+0	False	False		2206	3580
810.5631	14.707	M+0	False	False		1884	2206
1488.1317	14.554	M+0	False	False		2047	2206
590.4718	3.122	M+1	True	False		3851	2204
590.4614	10.639	M+0	False	False		2204	2724
623.5798	3.054	M+0	False	False		2203	2666
874.8105	15.386	M+0	False	False		1548	2202
615.5758	15.58	M+0	False	False		2201	1621
959.8311	15.957	M+3	True	False		2200	1656
896.7723	12.046	M+0	False	False		2200	1868
186.0653	18.373	M+0	False	False		13761	2199
701.4088	8.265	M+0	False	False		2199	2154
509.5055	12.246	M+0	False	False		2934	2198
802.5234	6.521	M+0	False	False		3389	2198
690.5812	12.64	M+0	False	False		2196	1934
720.5492	2.319	M+0	False	False		2196	2085
1103.8218	12.789	M+0	False	False		1402	2196
664.4649	13.239	M+0	False	False		2475	2196
1462.1027	15.61	M+2	True	False		2194	1681
664.4568	15.857	M+0	False	False		2194	2023
709.6563	14.652	M+2	True	False		2194	2189
368.3487	13.613	M+0	False	False		2193	9229
736.5458	12.246	M+0	False	False		1945	2193
669.6143	13.522	M+0	False	False		1809	2193
697.552	9.845	M+0	False	False		0	2193
421.3367	9.598	M+0	False	False		2523	2192
554.3934	12.104	M+0	False	False		1704	2191
1151.0028	12.258	M+0	False	False		2190	1831
1001.8951	15.176	M+2	True	False		2189	1621
680.669	11.537	M+0	False	False		2575	2188
718.6062	13.038	M+1	True	False		1361	2187
842.5301	3.122	M+0	False	False		2206	2187
897.9332	13.618	M+0	False	False		2456	2185
587.55	6.923	M+0	False	False		2032	2185
388.2563	6.558	M+0	False	False		2699	2184
788.6046	3.261	M+0	False	False		2184	2436
1272.1968	12.949	M+0	False	False		2182	2005
810.5746	4.983	M+2	True	False		1465	2181
596.59	4.086	M+0	False	False		2206	2181
775.5008	4.136	M+0	False	False		2180	0
850.4609	2.887	M+0	False	False		2014	2180
922.0662	4.027	M+0	False	False		1801	2180
806.5044	3.974	M+0	False	False		2179	0
573.4895	12.317	M+0	False	False		2179	1840
904.6919	2.366	M+0	False	False		2179	1663
239.149	2.96	M+0	False	False		2178	3354
629.1979	16.016	M+0	False	False		1970	2178
910.668	16.085	M+0	False	False		2404	2178
917.7	16.326	M+0	False	False		2177	2128
1259.1432	14.459	M+0	False	False		0	2176
809.5212	4.041	M+0	False	False		2175	1307
680.5045	8.019	M+0	False	False		3086	2174
978.7587	15.927	M+1	True	False		2174	2055
637.4665	6.788	M+0	False	False		1755	2174
738.6609	12.991	M+0	False	False		2934	2174
760.5869	12.686	M+0	False	False		2173	2053
804.4802	2.319	M+0	False	False		2172	1586
853.0195	3.821	M+0	False	False		2172	1412
939.8245	12.246	M+0	False	False		2172	1977
978.8372	15.379	M+2	True	False		2172	2130
634.4694	15.922	M+0	False	False		2214	2171
813.0411	4.285	M+0	False	False		2114	2171
722.5654	3.276	M+0	False	False		2101	2169
796.5719	12.592	M+0	False	False		2168	1952
388.2535	18.972	M+0	False	False		1798	2167
596.5934	11.138	M+0	False	False		2167	1513
678.4788	19.287	M+0	False	False		2166	2378
708.5644	13.759	M+3	True	False		2284	2165
186.1275	16.422	M+0	False	False		2165	1839
772.6128	3.786	M+0	False	False		1321	2165
164.9206	17.039	M+0	False	False		2164	1538
895.7338	12.853	M+0	False	False		2164	1371
564.3585	17.252	M+0	False	False		2164	1427
619.5295	14.412	M+0	False	False		2145	2163
752.5206	4.746	M+0	False	False		1793	2162
1179.0441	12.59	M+0	False	False		0	2161
1184.3922	13.18	M+0	False	False		2583	2161
771.4348	4.983	M+0	False	False		3371	2159
878.7263	15.391	M+0	False	False		2159	2766
960.8924	16.482	M+1	True	False		2159	1812
538.5392	16.326	M+0	False	False		2158	1402
186.0657	19.613	M+0	False	False		13424	2156
432.28	2.469	M+0	False	False		2127	2155
809.5891	3.054	M+1	True	False		2152	2053
722.5467	9.691	M+0	False	False		2152	2067
923.7928	15.768	M+0	False	False		2152	2332
788.5424	4.144	M+0	False	False		1248	2151
1369.2244	14.365	M+3	True	False		2171	2151
476.3089	9.787	M+0	False	False		2150	2161
690.5658	15.975	M+1	True	False		2373	2150
589.5314	8.207	M+0	False	False		2148	2419
790.6317	15.175	M+0	False	False		1446	2147
388.254	9.283	M+0	False	False		2569	2146
458.349	0.074	M+0	False	False		2040	2146
635.4575	12.187	M+0	False	False		2145	2482
894.7479	13.008	M+2	True	False		2145	1920
922.0698	8.45	M+0	False	False		2083	2144
899.7083	14.648	M+0	False	False		1564	2143
869.7401	13.363	M+0	False	False		2141	1763
792.5131	3.987	M+0	False	False		1691	2141
624.623	5.496	M+0	False	False		0	2139
816.4972	4.089	M+0	False	False		2139	1906
194.1171	15.975	M+0	False	False		1464	2138
925.7597	14.554	M+2	True	False		1401	2137
194.1177	8.068	M+0	False	False		1313	2136
804.5779	3.24	M+0	False	False		2117	2135
1461.101	15.379	M+0	False	False		2135	2274
922.0517	6.474	M+0	False	False		2463	2134
353.2679	15.857	M+0	False	False		2133	2063
1233.0452	12.246	M+0	False	False		2132	2604
761.6035	8.207	M+0	False	False		2132	1679
1169.2572	8.393	M+2	True	False		2131	3891
855.5062	4.089	M+0	False	False		2130	1981
697.55	15.391	M+0	False	False		2130	7476
532.4348	12.187	M+0	False	False		2128	1739
818.7116	12.151	M+0	False	False		2427	2128
870.8286	13.665	M+0	False	False		1940	2127
572.3618	15.702	M+0	False	False		2127	1791
1353.355	14.462	M+0	False	False		2127	2243
591.4314	11.567	M+0	False	False		2126	1918
817.5019	4.077	M+1	True	False		2126	0
924.7847	16.173	M+1	True	False		1834	2126
789.6126	7.451	M+3	True	False		2124	2118
791.6408	13.239	M+0	False	False		1530	2123
596.5943	6.558	M+0	False	False		2240	2121
902.7286	13.333	M+3	True	False		2080	2121
476.419	12.363	M+1	True	False		2072	2120
833.685	12.258	M+0	False	False		2120	1361
810.5611	18.189	M+0	False	False		2120	1848
663.6584	12.59	M+0	False	False		2441	2119
922.0624	11.472	M+0	False	False		2119	2418
1423.875	13.314	M+0	False	False		2118	2479
556.3854	15.631	M+0	False	False		1842	2116
317.3252	18.558	M+0	False	False		2115	2290
1224.9326	15.444	M+0	False	False		1432	2114
673.6125	13.459	M+0	False	False		2113	2487
860.6701	7.938	M+0	False	False		1338	2113
288.3294	9.558	M+0	False	False		2197	2113
458.3496	18.746	M+0	False	False		2113	1960
767.534	4.826	M+0	False	False		2113	1564
702.5423	3.217	M+0	False	False		2112	1627
748.5992	6.386	M+0	False	False		1932	2112
845.026	3.941	M+0	False	False		2110	1866
241.0047	15.857	M+0	False	False		2109	1596
701.4132	4.238	M+0	False	False		2398	2109
684.6432	13.314	M+0	False	False		2108	2844
642.6304	12.199	M+0	False	False		2108	1531
655.6005	12.885	M+0	False	False		1934	2108
1032.869	14.554	M+0	False	False		1389	2107
437.8199	2.866	M+0	False	False		2107	2078
727.6146	12.045	M+0	False	False		1933	2107
956.861	15.927	M+0	False	False		2106	2035
1353.1637	15.58	M+0	False	False		2104	0
281.0525	16.016	M+0	False	False		1488	2104
847.5001	3.941	M+1	True	False		2103	2220
1389.172	15.175	M+0	False	False		1496	2103
549.5088	9.283	M+0	False	False		1556	2100
802.4834	2.319	M+0	False	False		2099	2038
188.0651	14.747	M+2	True	False		2098	3801
916.8419	14.365	M+0	False	False		2235	2097
1033.8711	15.798	M+0	False	False		1767	2097
1390.1854	15.922	M+0	False	False		1674	2097
258.1145	15.975	M+0	False	False		2366	2097
1331.1936	15.964	M+0	False	False		0	2093
596.5912	9.254	M+0	False	False		2091	1488
854.5876	11.584	M+0	False	False		1429	2090
769.542	4.731	M+3	True	False		2089	1853
875.5041	4.877	M+3	True	False		1720	2088
548.5562	12.901	M+0	False	False		2087	1725
421.3322	15.339	M+0	False	False		2076	2086
288.3288	9.141	M+0	False	False		2117	2085
766.719	8.161	M+0	False	False		2083	1747
186.0682	19.04	M+0	False	False		11739	2082
810.562	0.468	M+0	False	False		2263	2081
877.9569	14.554	M+0	False	False		2584	2080
1142.3988	13.239	M+0	False	False		0	2080
269.1625	10.884	M+0	False	False		1440	2080
527.4031	0.497	M+0	False	False		2067	2078
593.4488	0.185	M+0	False	False		2123	2078
699.5984	12.901	M+0	False	False		2078	1490
987.9102	15.503	M+0	False	False		2467	2076
724.5142	12.187	M+2	True	False		2076	2179
948.942	15.631	M+0	False	False		2291	2075
476.3086	18.725	M+0	False	False		2528	2073
226.9505	12.746	M+0	False	False		2071	1616
572.3606	14.652	M+0	False	False		2071	1638
767.5462	16.312	M+0	False	False		1610	2071
689.6538	15.129	M+0	False	False		2069	2419
665.4621	11.392	M+0	False	False		1739	2069
608.3854	9.237	M+0	False	False		1532	2068
1350.3708	15.386	M+0	False	False		1736	2068
728.4989	12.246	M+0	False	False		1822	2066
1353.0928	14.604	M+0	False	False		2066	2104
892.7559	13.115	M+0	False	False		2065	1991
758.5688	8.566	M+0	False	False		2064	2549
300.1549	12.944	M+0	False	False		8942	2062
327.2037	17.087	M+0	False	False		3106	2062
774.631	4.039	M+0	False	False		2152	2062
571.4325	6.646	M+0	False	False		1703	2060
593.4422	8.245	M+3	True	False		2062	2060
923.0402	16.312	M+0	False	False		2405	2058
1020.0269	15.28	M+0	False	False		1345	2058
672.5188	3.217	M+0	False	False		2056	3139
1160.0272	9.878	M+0	False	False		2281	2055
608.3839	6.422	M+0	False	False		1205	2055
845.7408	13.613	M+0	False	False		2054	1671
502.3743	0.52	M+0	False	False		1789	2053
1233.2103	14.27	M+1	True	False		0	2052
1349.302	15.332	M+0	False	False		2052	2695
202.0712	11.13	M+0	False	False		2007	2052
679.4794	9.644	M+0	False	False		2052	1661
709.588	12.246	M+0	False	False		2051	2196
922.0613	18.81	M+0	False	False		2051	1960
880.7473	15.319	M+1	True	False		2050	1587
922.0714	10.057	M+0	False	False		2050	1967
806.5502	4.144	M+0	False	False		0	2046
648.617	13.239	M+1	True	False		2092	2044
556.3869	16.129	M+0	False	False		1733	2043
588.553	9.738	M+0	False	False		2043	2138
703.2174	15.987	M+1	True	False		2038	2041
432.2806	0.185	M+0	False	False		2174	2040
614.4106	11.298	M+0	False	False		1328	2040
1281.8689	12.045	M+1	True	False		2083	2039
591.4354	13.665	M+1	True	False		1717	2039
635.4574	0.832	M+1	True	False		1511	2039
772.2724	11.021	M+0	False	False		0	2039
875.783	13.613	M+0	False	False		2039	1827
951.8068	14.604	M+0	False	False		2039	1755
895.4224	4.899	M+0	False	False		2038	2211
945.7622	12.837	M+0	False	False		1073	2038
421.331	15.58	M+0	False	False		2035	2375
881.7586	16.049	M+0	False	False		1794	2035
927.877	14.32	M+0	False	False		2034	2169
866.4921	2.328	M+0	False	False		2374	2033
1372.9373	12.246	M+0	False	False		3235	2033
327.2012	0.62	M+0	False	False		1412	2030
766.5349	0.643	M+0	False	False		2185	2028
722.4698	4.877	M+0	False	False		1723	2027
905.7685	16.173	M+0	False	False		1496	2027
922.0782	9.468	M+0	False	False		1970	2027
876.8158	16.129	M+0	False	False		1388	2025
1363.8799	13.267	M+0	False	False		2025	2357
547.4049	14.51	M+0	False	False		2025	1699
615.4576	9.546	M+0	False	False		1922	2023
901.8754	14.507	M+0	False	False		1514	2022
922.067	8.068	M+0	False	False		1844	2021
1341.2362	15.431	M+0	False	False		2017	1845
686.447	16.359	M+0	False	False		2016	1701
832.635	6.14	M+0	False	False		2015	1604
520.3351	17.982	M+0	False	False		2013	1949
1362.3729	13.363	M+0	False	False		2013	3436
788.6071	3.941	M+2	True	False		2012	1569
509.5074	12.636	M+0	False	False		2028	2010
922.058	5.564	M+0	False	False		2010	1821
565.6177	12.364	M+0	False	False		2009	1714
350.254	17.278	M+0	False	False		2378	2008
629.1938	16.246	M+0	False	False		2238	2008
344.2272	5.603	M+0	False	False		2005	2116
679.484	12.316	M+0	False	False		2624	2005
728.524	5.603	M+0	False	False		2005	1793
953.8303	14.554	M+0	False	False		1399	2005
872.4802	2.328	M+0	False	False		1892	2004
608.4739	9.854	M+1	True	False		2003	1989
895.8554	15.127	M+0	False	False		1895	2003
1290.129	12.64	M+0	False	False		2002	3613
839.0009	4.826	M+0	False	False		2001	1203
187.0601	9.107	M+0	False	False		2001	1992
502.3758	19.017	M+0	False	False		1692	2000
950.7988	16.248	M+0	False	False		2000	1451
913.6625	13.411	M+2	True	False		1999	1694
369.3942	15.503	M+0	False	False		2139	1999
678.5056	7.521	M+0	False	False		1222	1999
562.5661	8.175	M+0	False	False		2027	1998
1224.9415	14.707	M+0	False	False		0	1996
901.8799	13.618	M+0	False	False		1924	1996
671.57	12.093	M+0	False	False		1995	1860
921.7697	15.718	M+0	False	False		1489	1991
609.6064	12.885	M+0	False	False		1296	1990
854.5854	13.286	M+0	False	False		1605	1990
742.5868	12.093	M+1	True	False		1989	1347
682.4932	11.058	M+0	False	False		1423	1989
288.3258	17.49	M+0	False	False		1988	1848
914.8092	14.27	M+0	False	False		2351	1986
708.5768	13.712	M+1	True	False		2284	1986
738.5059	2.934	M+0	False	False		2695	1986
694.5497	13.659	M+3	True	False		1985	1856
820.3845	3.37	M+0	False	False		1942	1985
1345.2322	14.602	M+1	True	False		2022	1985
549.5136	10.163	M+0	False	False		1251	1984
648.4646	13.175	M+1	True	False		1984	1599
724.5146	4.779	M+3	True	False		1982	1509
582.5523	14.554	M+0	False	False		0	1981
288.3275	9.513	M+0	False	False		2197	1981
698.5575	7.938	M+0	False	False		0	1980
1075.9155	14.459	M+0	False	False		1793	1980
1102.3247	12.636	M+3	True	False		1895	1979
708.4936	15.583	M+1	True	False		2139	1979
368.4256	15.765	M+0	False	False		2076	1978
667.5716	3.228	M+0	False	False		1820	1977
784.5162	4.638	M+0	False	False		1976	1675
769.026	4.793	M+0	False	False		0	1975
808.6616	3.054	M+0	False	False		1975	1963
1359.2085	14.602	M+0	False	False		1664	1974
811.5634	12.885	M+0	False	False		2503	1973
830.4929	4.858	M+0	False	False		1973	1604
853.5229	3.147	M+0	False	False		1972	1776
844.541	3.147	M+2	True	False		1971	1840
289.305	16.016	M+0	False	False		2080	1970
554.3917	3.987	M+0	False	False		1771	1970
502.3769	18.094	M+0	False	False		1969	1925
682.4873	8.245	M+0	False	False		1706	1969
757.5514	9.993	M+0	False	False		1969	2570
816.6334	6.741	M+0	False	False		1543	1968
502.3741	19.649	M+0	False	False		1688	1968
726.6411	12.246	M+0	False	False		1546	1966
772.6162	4.027	M+0	False	False		2207	1966
905.6409	4.321	M+0	False	False		1965	2276
961.8347	13.665	M+0	False	False		1637	1965
457.3229	2.981	M+0	False	False		1373	1964
922.7651	15.768	M+0	False	False		1964	1349
547.4018	13.363	M+0	False	False		1963	1398
579.4298	19.989	M+0	False	False		1962	0
1239.1583	14.696	M+0	False	False		0	1960
330.1547	15.813	M+0	False	False		1959	1654
569.3892	16.211	M+0	False	False		1958	1263
908.7756	15.654	M+0	False	False		1958	1446
288.3281	6.835	M+0	False	False		2013	1957
678.5058	11.998	M+0	False	False		2112	1957
830.515	2.508	M+0	False	False		1957	1483
165.1128	10.968	M+0	False	False		1956	1003
444.3803	11.138	M+0	False	False		1956	1786
698.6112	12.305	M+0	False	False		1956	1889
755.542	3.917	M+1	True	True		2267	1955
344.2281	2.866	M+0	False	False		1954	0
572.3603	13.851	M+0	False	False		1954	1173
1455.8395	13.239	M+0	False	False		0	1953
922.0677	11.207	M+0	False	False		2015	1953
922.0624	16.864	M+0	False	False		2018	1953
943.762	9.598	M+0	False	False		2599	1949
573.4856	12.046	M+0	False	False		1949	1486
905.6993	3.158	M+0	False	False		1948	1916
1350.9004	15.327	M+0	False	False		2840	1946
283.1746	3.261	M+0	False	False		1945	1702
344.2297	0.405	M+0	False	False		1529	1945
550.6274	12.932	M+0	False	False		2079	1945
933.3806	2.887	M+3	True	False		1277	1943
288.3286	4.699	M+0	False	False		2036	1943
1387.9963	12.045	M+0	False	False		2139	1942
302.1417	16.646	M+0	False	False		1608	1941
772.6128	12.045	M+0	False	False		2969	1940
849.0143	4.591	M+0	False	False		1940	1521
269.2446	4.638	M+0	False	False		1939	1806
686.5884	12.14	M+0	False	False		1939	1661
758.5656	9.468	M+0	False	False		1724	1939
803.5241	3.917	M+0	False	False		2020	1939
642.6402	13.506	M+0	False	False		1938	1204
837.6712	4.227	M+0	False	False		1937	1832
984.3524	2.422	M+0	False	False		1578	1935
708.4963	2.375	M+0	False	False		2244	1935
723.6762	15.222	M+0	False	False		2703	1934
906.7563	16.211	M+2	True	False		1934	1750
773.6043	6.671	M+0	False	False		1934	1764
907.849	13.333	M+0	False	False		2282	1934
812.5008	4.098	M+0	False	False		1496	1933
810.5572	19.415	M+0	False	False		1901	1933
899.7879	12.246	M+1	True	False		1933	1453
910.6655	15.765	M+0	False	False		2052	1933
922.0692	8.876	M+0	False	False		2318	1932
709.5246	12.686	M+0	False	False		1930	1785
943.9982	17.814	M+0	False	False		1930	2091
513.3734	2.328	M+0	False	False		2157	1929
421.2234	8.344	M+0	False	False		1929	2157
689.57	12.636	M+0	False	False		2143	1926
761.6024	13.381	M+0	False	False		2364	1925
1342.2456	15.176	M+1	True	False		1924	2418
1347.9587	13.314	M+3	True	False		1924	1355
202.0721	13.085	M+0	False	False		1482	1924
904.4905	2.913	M+0	False	False		1924	2078
851.2512	16.063	M+1	True	False		1922	1564
905.4325	3.205	M+0	False	False		1922	2587
765.7506	14.557	M+0	False	False		1921	2103
925.2714	15.654	M+0	False	False		1921	1857
655.6408	13.659	M+1	True	False		1920	1683
1343.3245	14.604	M+0	False	False		1919	1662
844.7484	14.648	M+1	True	False		1639	1918
843.526	4.039	M+0	False	False		1867	1918
635.4582	11.413	M+0	False	False		1917	2206
288.3258	3.877	M+0	False	False		2054	1915
924.6793	13.57	M+0	False	False		2339	1914
473.2658	19.951	M+0	False	False		1207	1914
701.4068	9.97	M+0	False	False		1914	1924
327.2019	16.769	M+0	False	False		1880	1913
743.6562	12.789	M+2	True	False		2061	1911
1315.8657	14.459	M+0	False	False		1467	1911
300.1685	15.61	M+0	False	False		1909	1641
801.571	2.366	M+0	False	False		1909	2259
641.619	7.938	M+3	True	False		1175	1908
810.5159	4.605	M+0	False	False		1637	1908
1457.4036	15.269	M+0	False	False		1823	1908
721.641	3.941	M+0	False	False		1908	1731
922.069	17.017	M+0	False	False		1827	1908
368.4265	19.267	M+0	False	False		2197	1907
878.8129	15.379	M+0	False	False		1905	1980
659.485	6.883	M+0	False	False		1357	1903
876.707	13.333	M+0	False	False		2461	1902
1244.8954	12.045	M+0	False	False		2302	1901
1295.9702	12.305	M+3	True	False		1901	1592
665.463	5.804	M+1	True	False		1901	1859
833.7524	13.806	M+0	False	False		1330	1899
922.7532	14.32	M+0	False	False		1899	1666
652.6542	9.501	M+0	False	False		1655	1899
766.5326	17.123	M+0	False	False		1899	1933
707.5234	12.59	M+0	False	False		2538	1897
614.4116	13.18	M+0	False	False		2000	1895
729.6637	14.317	M+0	False	False		2189	1894
710.678	15.398	M+0	False	False		1689	1893
922.0737	17.866	M+0	False	False		2115	1892
551.6814	9.066	M+0	False	False		1890	1656
476.3056	4.972	M+0	False	False		3190	1889
729.646	13.712	M+0	False	False		2079	1884
444.3802	11.614	M+0	False	False		1883	1526
904.8174	13.899	M+0	False	False		1881	2786
200.1022	17.12	M+0	False	False		2129	1881
307.2646	15.339	M+0	False	False		2272	1879
1246.0901	13.02	M+0	False	False		1878	0
922.0771	6.835	M+0	False	False		1733	1878
956.7607	14.462	M+0	False	False		1878	1400
194.1176	6.963	M+0	False	False		1342	1877
664.4558	0.555	M+1	True	False		1322	1877
665.4591	6.482	M+0	False	False		1876	1888
724.5177	8.499	M+3	True	False		1876	1703
1140.0087	16.085	M+3	True	False		0	1875
959.9639	0.298	M+0	False	False		1874	1234
955.8397	14.412	M+0	False	False		1665	1873
573.6136	4.699	M+0	False	False		1783	1872
437.3212	3.217	M+0	False	False		1872	2529
520.3334	16.5	M+0	False	False		1674	1872
1217.7747	4.086	M+2	True	False		2294	1871
228.1045	0.935	M+0	False	False		1871	0
761.5909	9.395	M+0	False	False		1871	1265
957.7936	15.176	M+2	True	True		1870	2086
301.1473	9.777	M+0	False	False		1096	1868
605.4575	3.205	M+0	False	False		1868	1958
897.7776	13.068	M+0	False	False		1867	1661
839.024	4.077	M+0	False	False		1866	2134
1390.1737	15.768	M+0	False	False		1865	2332
568.5656	13.02	M+0	False	False		1865	2167
922.0709	9.052	M+0	False	False		1870	1864
549.557	12.64	M+1	True	False		1862	1852
709.6836	13.806	M+0	False	False		2045	1860
187.0606	17.833	M+0	False	False		1887	1860
283.1739	19.403	M+0	False	False		2888	1860
697.6054	14.317	M+2	True	False		1353	1859
791.6372	15.994	M+0	False	False		1859	1312
784.5414	3.007	M+0	False	False		1858	2271
388.2521	18.514	M+0	False	False		2191	1858
722.5675	9.993	M+0	False	False		1622	1858
591.4316	8.233	M+1	True	False		1598	1857
770.4876	4.837	M+0	False	False		1432	1857
1487.139	15.28	M+0	False	False		1512	1856
684.5722	13.286	M+0	False	False		1401	1855
908.9158	15.386	M+0	False	False		1842	1854
1362.0542	13.02	M+0	False	False		1853	1764
972.7719	13.038	M+0	False	False		1683	1852
608.5684	13.02	M+0	False	False		1852	1737
917.6981	13.314	M+0	False	False		1852	1932
652.4103	18.903	M+0	False	False		1851	1615
871.8172	13.665	M+0	False	False		1447	1847
1456.1869	15.129	M+0	False	False		1847	2084
757.5464	10.101	M+0	False	False		1847	4105
685.4563	7.899	M+0	False	False		1844	1933
564.361	18.534	M+0	False	False		1843	1718
897.8127	14.554	M+0	False	False		1418	1841
300.1822	16.016	M+0	False	False		1713	1839
304.2846	16.5	M+0	False	False		2235	1837
1352.4429	15.332	M+0	False	False		1836	1679
855.8205	15.08	M+0	False	False		0	1836
587.549	6.482	M+0	False	False		1835	2499
1458.8505	13.267	M+3	True	False		1834	1717
922.0809	3.941	M+0	False	False		1834	1769
937.8204	16.17	M+1	True	False		1832	1403
288.3249	17.24	M+0	False	False		1832	1759
649.5246	11.098	M+0	False	False		1982	1831
903.8339	16.063	M+1	True	False		1829	1776
422.3562	4.238	M+0	False	False		0	1828
288.3292	4.086	M+0	False	False		1982	1828
1038.3563	12.789	M+1	True	False		1713	1826
559.518	11.49	M+0	False	False		1431	1826
752.585	7.926	M+0	False	False		2085	1826
549.4148	10.101	M+0	False	False		1824	1661
678.4803	16.71	M+0	False	False		2622	1824
840.0195	4.136	M+0	False	False		1823	1271
288.3264	3.075	M+0	False	False		2137	1823
1232.1346	12.199	M+0	False	False		2131	1822
840.5129	2.913	M+0	False	False		1821	1445
845.5265	4.191	M+0	False	False		1751	1820
786.5282	6.671	M+0	False	False		1819	1644
430.365	15.654	M+0	False	False		1817	1664
327.2035	19.768	M+0	False	False		2142	1817
549.4168	9.598	M+0	False	False		1401	1816
608.3866	4.144	M+0	False	False		1670	1815
902.8563	13.665	M+0	False	False		1763	1813
200.1068	17.307	M+0	False	False		2064	1813
786.5265	7.687	M+0	False	False		1813	1641
938.8531	13.618	M+1	True	False		2026	1812
168.048	13.759	M+0	False	False		3084	1809
787.614	3.941	M+1	True	False		1809	2061
669.6707	15.442	M+0	False	False		1809	1743
1427.4628	12.686	M+0	False	False		1808	4288
683.5946	13.759	M+0	False	False		1988	1807
806.5256	6.718	M+0	False	False		1807	0
288.3269	18.162	M+0	False	False		1896	1807
547.4074	16.284	M+0	False	False		1806	1919
764.5781	12.746	M+0	False	False		1806	1581
780.5451	10.838	M+0	False	False		2316	1806
951.8077	13.411	M+0	False	False		1806	1953
689.4964	6.594	M+0	False	False		1805	1312
564.429	13.219	M+0	False	False		1804	1481
1431.1184	16.211	M+2	True	False		1803	1722
776.6321	3.774	M+2	True	False		1802	1721
549.9212	4.699	M+0	False	False		1374	1801
569.3854	9.644	M+0	False	False		1801	1161
635.4535	0.468	M+0	False	False		1825	1801
1088.9292	16.016	M+0	False	False		1454	1800
789.5416	7.734	M+3	True	False		1799	2110
302.1514	14.652	M+0	False	False		1796	2153
922.0739	19.344	M+0	False	False		1974	1795
1224.9285	15.081	M+0	False	False		1792	1661
784.4588	2.887	M+0	False	False		1924	1791
766.5337	0.185	M+0	False	False		2308	1791
843.5117	4.089	M+0	False	False		1791	1722
823.5036	3.205	M+0	False	False		1788	1710
707.51	8.403	M+0	False	False		1709	1787
901.8046	13.133	M+0	False	False		2241	1786
921.7285	16.033	M+0	False	False		1786	1807
767.5372	13.038	M+1	True	False		1907	1785
224.065	16.246	M+0	False	False		1659	1784
841.496	4.858	M+0	False	False		1783	1308
520.3316	10.696	M+0	False	False		1590	1783
845.5373	3.309	M+1	True	False		1782	1885
800.562	6.86	M+0	False	False		1781	1480
288.3252	18.599	M+0	False	False		1781	1734
969.8029	15.129	M+0	False	False		1780	1540
1458.159	15.379	M+0	False	False		1778	1646
959.7571	15.845	M+0	False	False		1665	1777
981.8177	15.881	M+0	False	False		2057	1777
767.5317	7.828	M+0	False	False		1774	1477
621.5138	8.939	M+0	False	False		1771	1621
210.1209	4.591	M+0	False	False		1771	1748
602.4654	15.654	M+1	True	False		1770	1481
723.5282	10.874	M+0	False	False		1768	2322
538.5396	9.845	M+0	False	False		1736	1767
327.2034	16.946	M+0	False	False		2182	1766
1324.3721	15.583	M+0	False	False		1720	1766
304.2848	16.434	M+0	False	False		2312	1765
767.6228	12.199	M+0	False	False		1233	1764
652.6671	12.187	M+0	False	False		1764	2342
959.9633	6.408	M+0	False	False		1764	1091
458.3487	19.257	M+0	False	False		1763	1706
784.5804	12.187	M+0	False	False		1763	1739
1454.9082	12.199	M+0	False	False		1404	1762
777.5044	4.746	M+1	True	False		1350	1759
503.3809	13.712	M+0	False	False		1155	1757
317.3258	13.854	M+0	False	False		2365	1756
768.7688	13.759	M+0	False	False		1734	1753
1367.1135	13.008	M+1	True	False		1753	2184
988.8514	15.175	M+0	False	False		2246	1752
569.572	12.199	M+0	False	False		1748	1153
991.8573	12.199	M+0	False	False		1748	1546
1002.8364	15.319	M+0	False	False		1748	2505
288.3257	19.051	M+0	False	False		1621	1748
502.3774	17.248	M+0	False	False		2167	1748
892.7995	12.991	M+0	False	False		1575	1747
969.8535	14.602	M+0	False	False		1732	1747
943.9946	8.019	M+0	False	False		1960	1747
590.4674	0.145	M+0	False	False		1746	1763
785.549	4.227	M+0	False	False		1746	1438
679.489	11.443	M+1	True	False		2546	1745
680.5322	12.805	M+0	False	False		1745	1987
1453.9116	12.093	M+0	False	False		1744	1754
1020.7759	13.038	M+0	False	False		1811	1742
1372.2408	16.129	M+1	True	False		0	1742
767.5254	2.319	M+0	False	False		1742	0
1393.0135	12.258	M+0	False	False		1738	2181
829.6928	12.59	M+0	False	False		1224	1736
911.8062	13.665	M+0	False	False		2133	1736
551.6344	6.741	M+0	False	False		1707	1736
596.5086	3.17	M+0	False	False		1826	1735
786.5982	6.693	M+0	False	False		1569	1729
803.5258	6.462	M+0	False	False		1204	1725
922.0746	19.49	M+0	False	False		1889	1722
228.1138	14.699	M+0	False	False		1721	9730
910.6615	15.379	M+0	False	False		1719	1690
778.5839	3.833	M+0	False	False		1757	1718
1075.9376	15.49	M+0	False	False		1716	2108
610.6222	9.486	M+0	False	False		1716	2115
838.5468	4.837	M+0	False	False		1809	1716
457.314	2.635	M+0	False	False		1714	1248
186.0897	11.49	M+0	False	False		1501	1714
753.6952	15.78	M+0	False	False		1713	3007
344.2275	16.608	M+0	False	False		1712	1641
300.1832	15.58	M+0	False	False		1710	1614
764.6771	13.115	M+0	False	False		1709	1951
980.0699	13.522	M+0	False	False		1022	1708
759.6294	6.623	M+0	False	False		1706	1956
650.5654	13.02	M+0	False	False		1705	1803
187.0624	17.449	M+0	False	False		2279	1705
767.5372	15.893	M+0	False	False		1704	2192
934.8075	12.199	M+0	False	False		2110	1703
1342.1703	12.949	M+0	False	False		1703	1633
288.3272	0.438	M+0	False	False		1766	1702
288.3232	18.801	M+0	False	False		1874	1701
767.5384	11.403	M+0	False	False		2140	1700
767.5596	3.028	M+0	False	False		0	1700
687.4454	7.753	M+0	False	False		1416	1699
1343.2213	15.332	M+1	True	False		1698	1652
1362.179	15.175	M+0	False	False		0	1697
953.7951	12.199	M+0	False	False		1310	1696
555.1754	16.1	M+0	False	False		1695	1475
1113.0537	16.085	M+0	False	False		0	1695
283.1754	8.068	M+0	False	False		2707	1695
848.5635	6.186	M+0	False	False	780.5504;0.776|781.5506;0.224	1695	2305
665.4606	9.424	M+0	False	False		1188	1694
970.8319	15.654	M+0	False	False		1691	0
591.4314	18.725	M+0	False	False		1920	1691
838.5154	5.757	M+0	False	False		1690	1802
922.7604	13.068	M+0	False	False		1690	1802
639.665	7.943	M+1	True	False		1689	2121
695.7058	15.61	M+0	False	False		1688	1342
715.6708	14.699	M+0	False	False		1686	1633
187.0595	6.445	M+0	False	False		1686	1850
795.7174	16.016	M+0	False	False		1823	1683
1276.1049	15.765	M+0	False	False		1214	1682
501.3226	15.654	M+0	False	False		1678	0
608.3861	19.051	M+0	False	False		1920	1676
776.6238	3.739	M+0	False	False		1888	1674
927.8294	15.536	M+0	False	False		1674	1637
708.5068	12.961	M+0	False	False		1673	2037
553.3879	0.075	M+0	False	False		1673	1292
1021.0014	15.271	M+0	False	False		1672	1994
853.0267	3.122	M+0	False	False		1911	1671
187.0607	6.883	M+0	False	False		2222	1671
520.3312	8.195	M+0	False	False		1667	2302
792.5116	4.039	M+0	False	False		1776	1666
889.5142	2.414	M+0	False	False		1665	1131
668.6206	8.184	M+0	False	False		1663	3183
679.4861	18.13	M+0	False	False		1509	1663
643.6084	15.987	M+0	False	False		1593	1661
186.1264	13.381	M+0	False	False		1298	1660
473.2686	19.307	M+0	False	False		2837	1660
847.6752	13.133	M+0	False	False		2396	1657
900.806	12.151	M+0	False	False		2103	1656
843.7089	13.085	M+0	False	False		2137	1655
1265.0005	13.659	M+0	False	False		1652	1411
808.7352	13.566	M+0	False	False		1648	1352
767.5242	8.0	M+0	False	False		1648	1570
807.5639	2.611	M+0	False	False		2314	1646
943.9971	16.973	M+0	False	False		1646	1627
458.349	18.284	M+0	False	False		1697	1645
923.7796	12.885	M+0	False	False		1625	1645
200.1482	16.5	M+0	False	False		1530	1641
758.5689	9.6	M+0	False	False		1640	1632
688.4942	6.356	M+0	False	False		1788	1639
421.337	9.822	M+0	False	False		2221	1638
532.4124	15.386	M+0	False	False		1642	1638
1348.1382	15.398	M+0	False	False		1450	1636
1225.9337	14.696	M+1	True	False		1780	1635
288.329	0.045	M+0	False	False		1617	1635
911.6631	15.431	M+0	False	False		1635	1212
924.0175	14.415	M+0	False	False		1634	1474
822.5352	5.664	M+1	True	False		1583	1634
980.064	9.546	M+0	False	False		1805	1633
1356.3267	11.537	M+0	False	False		0	1632
186.1303	14.648	M+0	False	False		1870	1632
731.4895	14.368	M+0	False	False		1630	1276
462.3592	3.101	M+0	False	False		1629	1866
704.5343	3.181	M+0	False	False		1750	1628
645.4308	3.158	M+0	False	False		1628	2389
956.7979	12.961	M+0	False	False		1628	2593
373.1836	15.911	M+0	False	False		1259	1627
215.0926	15.964	M+0	False	False		1348	1625
812.5526	4.144	M+0	False	False		1535	1625
200.1051	0.074	M+0	False	False		1521	1625
975.958	15.798	M+0	False	False		1698	1624
864.4979	4.089	M+0	False	False		1624	1921
905.8333	15.934	M+3	True	False		1725	1624
925.6777	13.659	M+0	False	False		1623	1611
717.5994	13.517	M+0	False	False		1622	1611
977.927	15.813	M+0	False	False		1619	1975
703.2125	15.61	M+0	False	False		1618	1115
593.4409	7.451	M+0	False	False		1617	1966
790.6623	12.199	M+0	False	False		3006	1617
882.7656	15.798	M+0	False	False		1082	1616
788.547	7.938	M+0	False	False		1541	1614
805.4975	3.007	M+0	False	False		1611	1376
707.4926	0.555	M+0	False	False		1143	1605
868.5059	2.934	M+0	False	False		1215	1605
955.8221	16.467	M+2	True	False		1799	1603
1074.9172	13.381	M+0	False	False		0	1602
200.1041	7.882	M+0	False	False		1509	1598
327.2026	13.459	M+0	False	False		1597	1258
789.6148	13.411	M+0	False	False		1597	1096
679.4815	4.089	M+0	False	False		1596	1746
593.9474	4.029	M+0	False	False		1595	1658
288.3249	0.238	M+0	False	False		1730	1592
689.57	12.991	M+0	False	False		1841	1591
709.5334	16.136	M+0	False	False		1591	1255
457.3079	3.739	M+0	False	False		1611	1590
872.5357	2.414	M+0	False	False		1589	1697
878.7279	16.173	M+0	False	False		1648	1589
721.6375	9.066	M+0	False	False		1588	1515
615.7028	12.187	M+0	False	False		1584	1800
1481.7444	15.332	M+0	False	False		1582	1183
473.2663	0.36	M+0	False	False		1270	1581
775.713	3.833	M+0	False	False		1745	1578
200.1011	19.32	M+0	False	False		1576	1496
687.4426	11.661	M+0	False	False		1574	1524
767.5341	6.941	M+0	False	False		1574	1170
1292.1929	14.554	M+2	True	False		1453	1573
501.2428	4.238	M+0	False	False		1434	1571
941.7869	12.092	M+0	False	False		1108	1571
244.1187	16.129	M+0	False	False		1261	1569
737.5019	12.363	M+0	False	False		1360	1569
531.4832	12.199	M+0	False	False		1563	1307
900.693	4.329	M+0	False	False	827.6276;1.0	1185	1560
940.8231	13.613	M+0	False	False		1560	3053
645.4648	3.786	M+0	False	False		1389	1558
680.5334	9.923	M+0	False	False		1197	1558
608.388	0.52	M+0	False	False		1348	1556
684.6524	11.999	M+0	False	False		1556	1105
228.1964	15.927	M+0	False	False		1555	1682
767.5009	4.946	M+0	False	False		1552	1133
186.0665	19.174	M+0	False	False		12569	1550
922.0746	18.748	M+0	False	False		1902	1549
620.5362	16.173	M+0	False	False		1338	1548
722.574	11.098	M+0	False	False		1888	1547
609.6036	13.239	M+0	False	False		1376	1547
908.7722	16.033	M+0	False	False		1542	1351
327.2022	3.917	M+0	False	False		1630	1534
950.9349	15.857	M+2	True	False		1531	1536
1463.2125	15.78	M+0	False	False		1529	1225
862.6755	13.219	M+0	False	False		1526	1489
649.6195	12.805	M+0	False	False		1521	1234
281.0531	16.282	M+0	False	False		1395	1517
186.1289	14.317	M+0	False	False		1830	1515
854.5858	9.788	M+0	False	False		1167	1515
1289.1088	13.008	M+0	False	False		1514	1362
841.5179	4.086	M+0	False	False		1096	1513
771.0344	11.425	M+0	False	False		1510	1111
894.9125	13.333	M+0	False	False		1637	1510
652.51	3.917	M+0	False	False		2392	1507
772.6501	13.363	M+1	True	False		1506	1606
194.1188	0.75	M+0	False	False		1506	1666
186.0668	0.574	M+0	False	False		1502	10506
674.6074	15.271	M+0	False	False		1501	2194
569.3874	4.086	M+0	False	False		1483	1499
300.1832	16.388	M+0	False	False		1498	1438
1416.962	12.991	M+0	False	False		1423	1497
186.1287	13.038	M+0	False	False		1415	1495
200.104	7.616	M+0	False	False		1311	1493
860.6625	8.536	M+0	False	False		1492	1074
896.8094	15.78	M+0	False	False		1491	1314
569.4336	11.17	M+0	False	False		1549	1489
837.0171	4.826	M+0	False	False		1487	1027
1059.2914	13.133	M+2	True	False		1069	1486
682.485	13.712	M+0	False	False		1404	1485
304.2971	17.589	M+0	False	False		1482	1383
1461.2242	15.544	M+0	False	False		0	1474
210.1193	2.328	M+0	False	False		1168	1474
680.5382	3.403	M+0	False	False		1474	1368
680.5394	8.876	M+0	False	False		1378	1473
200.1036	19.665	M+0	False	False		1472	1323
790.5158	4.041	M+0	False	False		1469	1570
368.4362	3.917	M+0	False	False		3293	1467
919.7241	12.932	M+0	False	False		1297	1462
928.7655	12.092	M+0	False	False		1536	1462
1234.83	11.318	M+0	False	False		1462	1327
1391.1802	15.975	M+0	False	False		1770	1462
922.1658	15.927	M+0	False	False		1462	1293
274.2742	0.52	M+0	False	False		1740	1461
1000.7118	13.192	M+0	False	False		1132	1460
1150.9346	11.999	M+0	False	False		1460	1547
959.9687	19.444	M+0	False	False		1440	1451
684.5691	2.328	M+0	False	False		1321	1450
447.3482	3.986	M+0	False	False		1448	1411
696.4395	3.276	M+0	False	False		1891	1448
867.8053	14.554	M+3	True	False		1031	1447
826.5323	2.887	M+2	True	False		0	1445
351.2574	13.659	M+0	False	False		1440	1169
939.838	15.398	M+0	False	False		1848	1436
186.1287	12.794	M+0	False	False		1436	1465
327.2008	19.028	M+0	False	False		1724	1436
608.3839	18.466	M+0	False	False		1597	1432
457.2998	7.687	M+0	False	False		1431	1342
875.9435	14.368	M+1	True	False		1429	1302
304.3038	18.748	M+0	False	False		1200	1426
752.6773	13.219	M+0	False	False		1426	1875
444.3798	11.298	M+0	False	False		1316	1424
937.8021	12.944	M+0	False	False		1195	1424
1355.2153	15.934	M+0	False	False		0	1422
959.9648	8.031	M+0	False	False		2148	1422
821.4936	3.786	M+0	False	False		1215	1420
638.6404	12.735	M+0	False	False		1416	1393
200.1055	6.386	M+0	False	False		1594	1410
272.2966	15.544	M+0	False	False		1644	1406
647.4624	9.777	M+0	False	False		1681	1405
728.5866	8.499	M+0	False	False		1393	1638
200.1023	0.405	M+0	False	False		1480	1388
628.5432	12.853	M+0	False	False		1383	1509
998.2883	16.173	M+0	False	False		1607	1383
1092.9182	15.28	M+0	False	False		1592	1374
813.6916	12.246	M+0	False	False		1372	1378
727.6593	13.175	M+0	False	False		1371	1771
869.6138	13.267	M+0	False	False		1366	1885
1340.0215	15.224	M+0	False	False		1365	1312
473.2643	9.33	M+0	False	False		1471	1354
591.4684	4.899	M+0	False	False		1345	1096
621.5193	7.828	M+0	False	False		1342	1555
200.1043	0.72	M+0	False	False		1341	1408
842.7345	13.085	M+0	False	False		1702	1340
501.3263	15.269	M+0	False	False		1862	1331
687.4468	8.134	M+0	False	False		1750	1328
352.2496	2.564	M+0	False	False		1463	1324
678.5103	8.323	M+0	False	False		1754	1324
202.0714	6.788	M+0	False	False		1264	1319
1076.912	14.415	M+1	True	False		1317	1139
919.8066	13.02	M+0	False	False		1297	2048
1275.1526	15.222	M+0	False	False		1526	1294
852.2386	15.738	M+0	False	False		1289	0
794.498	4.077	M+0	False	False		1288	1969
1464.9591	12.199	M+0	False	False		1431	1277
772.6158	11.271	M+0	False	False		1237	2153
922.1638	12.949	M+0	False	False		1182	1023
